Priest Rapids Tailrace CHN,2,G720111A7,2026-05-06 18:12:13,2026-05-09 16:31:00,Lower Ringold,1,2026-05-10 06:12:07
Priest Rapids Tailrace CHN,2,G720111A7,2026-05-06 18:12:13,2026-05-09 16:31:00,Hanford,1,2026-05-10 09:15:14
Priest Rapids Tailrace CHN,2,G720175A3,2026-05-04 18:03:52,2026-05-06 16:47:00,Lower Ringold,1,2026-05-08 07:03:51
Priest Rapids Tailrace CHN,2,G720175A3,2026-05-04 18:03:52,2026-05-06 16:47:00,Hanford,1,2026-05-10 19:07:21
Priest Rapids Tailrace CHN,2,G72031E77,2026-05-08 16:54:48,2026-05-10 16:20:00,Lower Ringold,0,
Priest Rapids Tailrace CHN,2,G72031E77,2026-05-08 16:54:48,2026-05-10 16:20:00,Hanford,0,
Priest Rapids Tailrace CHN,2,G72032D2B,2026-05-01 17:32:21,2026-05-03 16:31:00,Lower Ringold,0,
Priest Rapids Tailrace CHN,2,G72032D2B,2026-05-01 17:32:21,2026-05-03 16:31:00,Hanford,0,
Priest Rapids Tailrace CHN,1,G72053C42,2026-05-08 17:02:06,2026-05-10 16:20:00,Lower Ringold,1,2026-05-11 14:25:49
Priest Rapids Tailrace CHN,1,G72053C42,2026-05-08 17:02:06,2026-05-10 16:20:00,Hanford,1,2026-05-12 04:29:13
Priest Rapids Tailrace CHN,1,G72055084,2026-05-01 17:33:56,2026-05-03 16:31:00,Lower Ringold,1,2026-05-06 04:27:54
Priest Rapids Tailrace CHN,1,G72055084,2026-05-01 17:33:56,2026-05-03 16:31:00,Hanford,1,2026-05-06 07:32:02
Priest Rapids Tailrace CHN,1,G720551DA,2026-05-02 17:58:05,2026-05-04 16:25:00,Lower Ringold,1,2026-05-05 13:41:36
Priest Rapids Tailrace CHN,1,G720551DA,2026-05-02 17:58:05,2026-05-04 16:25:00,Hanford,0,
Priest Rapids Tailrace CHN,2,G72072D10,2026-05-03 18:20:07,2026-05-05 17:13:00,Lower Ringold,1,2026-05-06 15:15:03
Priest Rapids Tailrace CHN,2,G72072D10,2026-05-03 18:20:07,2026-05-05 17:13:00,Hanford,1,2026-05-07 04:17:31
Priest Rapids Tailrace CHN,2,G72075B35,2026-05-05 16:49:22,2026-05-07 16:28:00,Lower Ringold,1,2026-05-08 06:25:42
Priest Rapids Tailrace CHN,2,G72075B35,2026-05-05 16:49:22,2026-05-07 16:28:00,Hanford,1,2026-05-09 13:33:56
Priest Rapids Tailrace CHN,2,G7207F206,2026-05-03 18:38:21,2026-05-05 17:13:00,Lower Ringold,1,2026-05-06 04:54:01
Priest Rapids Tailrace CHN,2,G7207F206,2026-05-03 18:38:21,2026-05-05 17:13:00,Hanford,0,
Priest Rapids Tailrace CHN,3,G720877AD,2026-05-01 17:15:24,2026-05-03 16:31:00,Lower Ringold,1,2026-05-04 22:16:21
Priest Rapids Tailrace CHN,3,G720877AD,2026-05-01 17:15:24,2026-05-03 16:31:00,Hanford,1,2026-05-07 11:50:33
Priest Rapids Tailrace CHN,1,G7208BEFB,2026-05-01 17:31:37,2026-05-03 16:31:00,Lower Ringold,1,2026-05-04 04:47:09
Priest Rapids Tailrace CHN,1,G7208BEFB,2026-05-01 17:31:37,2026-05-03 16:31:00,Hanford,1,2026-05-04 08:16:27
Priest Rapids Tailrace CHN,1,G7209CBF8,2026-05-05 17:09:05,2026-05-07 16:28:00,Lower Ringold,1,2026-05-08 06:32:59
Priest Rapids Tailrace CHN,1,G7209CBF8,2026-05-05 17:09:05,2026-05-07 16:28:00,Hanford,1,2026-05-08 10:39:03
Priest Rapids Tailrace CHN,1,G720C855E,2026-05-05 16:58:11,2026-05-07 16:28:00,Lower Ringold,1,2026-05-13 17:41:32
Priest Rapids Tailrace CHN,1,G720C855E,2026-05-05 16:58:11,2026-05-07 16:28:00,Hanford,1,2026-05-14 16:47:44
Priest Rapids Tailrace CHN,1,G720CA042,2026-05-08 16:55:29,2026-05-10 16:20:00,Lower Ringold,1,2026-05-11 07:09:49
Priest Rapids Tailrace CHN,1,G720CA042,2026-05-08 16:55:29,2026-05-10 16:20:00,Hanford,1,2026-05-11 10:07:22
Priest Rapids Tailrace CHN,3,G720E4A44,2026-05-01 17:24:16,2026-05-03 16:31:00,Lower Ringold,1,2026-05-04 15:12:25
Priest Rapids Tailrace CHN,3,G720E4A44,2026-05-01 17:24:16,2026-05-03 16:31:00,Hanford,1,2026-05-04 19:45:40
Priest Rapids Tailrace CHN,3,G720EEFD4,2026-05-03 18:26:12,2026-05-05 17:13:00,Lower Ringold,1,2026-05-06 07:21:13
Priest Rapids Tailrace CHN,3,G720EEFD4,2026-05-03 18:26:12,2026-05-05 17:13:00,Hanford,1,2026-05-06 13:05:44
Priest Rapids Tailrace CHN,3,G72101AAF,2026-05-08 17:04:33,2026-05-10 16:20:00,Lower Ringold,1,2026-05-11 15:16:51
Priest Rapids Tailrace CHN,3,G72101AAF,2026-05-08 17:04:33,2026-05-10 16:20:00,Hanford,1,2026-05-11 19:50:45
Priest Rapids Tailrace CHN,1,G7210A760,2026-05-04 18:03:26,2026-05-06 16:47:00,Lower Ringold,1,2026-05-07 10:44:42
Priest Rapids Tailrace CHN,1,G7210A760,2026-05-04 18:03:26,2026-05-06 16:47:00,Hanford,1,2026-05-07 13:59:33
Priest Rapids Tailrace CHN,3,G7211A29B,2026-05-02 18:00:58,2026-05-04 16:25:00,Lower Ringold,1,2026-05-05 10:03:42
Priest Rapids Tailrace CHN,3,G7211A29B,2026-05-02 18:00:58,2026-05-04 16:25:00,Hanford,1,2026-05-05 12:48:39
Priest Rapids Tailrace CHN,3,G721205E2,2026-05-02 17:47:45,2026-05-04 16:25:00,Lower Ringold,1,2026-05-06 14:23:56
Priest Rapids Tailrace CHN,3,G721205E2,2026-05-02 17:47:45,2026-05-04 16:25:00,Hanford,1,2026-05-06 22:05:36
Priest Rapids Tailrace CHN,3,G7215C079,2026-05-04 17:57:35,2026-05-06 16:47:00,Lower Ringold,1,2026-05-07 11:00:27
Priest Rapids Tailrace CHN,3,G7215C079,2026-05-04 17:57:35,2026-05-06 16:47:00,Hanford,1,2026-05-07 15:11:42
Priest Rapids Tailrace CHN,3,G7215ECF9,2026-05-01 17:16:03,2026-05-03 16:31:00,Lower Ringold,1,2026-05-04 07:26:35
Priest Rapids Tailrace CHN,3,G7215ECF9,2026-05-01 17:16:03,2026-05-03 16:31:00,Hanford,1,2026-05-04 10:47:05
Priest Rapids Tailrace CHN,2,G72166E9C,2026-05-08 17:08:14,2026-05-10 16:20:00,Lower Ringold,0,
Priest Rapids Tailrace CHN,2,G72166E9C,2026-05-08 17:08:14,2026-05-10 16:20:00,Hanford,0,
Priest Rapids Tailrace CHN,2,G7216EB2F,2026-05-05 16:53:46,2026-05-07 16:28:00,Lower Ringold,1,2026-05-08 05:44:29
Priest Rapids Tailrace CHN,2,G7216EB2F,2026-05-05 16:53:46,2026-05-07 16:28:00,Hanford,1,2026-05-08 09:09:10
Priest Rapids Tailrace CHN,1,G72181345,2026-05-07 17:26:24,2026-05-09 16:31:00,Lower Ringold,1,2026-05-24 06:00:02
Priest Rapids Tailrace CHN,1,G72181345,2026-05-07 17:26:24,2026-05-09 16:31:00,Hanford,1,2026-05-24 09:18:59
Priest Rapids Tailrace CHN,2,G7218643E,2026-05-03 18:25:26,2026-05-05 17:13:00,Lower Ringold,1,2026-05-06 12:22:11
Priest Rapids Tailrace CHN,2,G7218643E,2026-05-03 18:25:26,2026-05-05 17:13:00,Hanford,1,2026-05-06 15:46:55
Priest Rapids Tailrace CHN,2,G7219B192,2026-05-02 17:45:56,2026-05-04 16:25:00,Lower Ringold,1,2026-05-06 03:48:22
Priest Rapids Tailrace CHN,2,G7219B192,2026-05-02 17:45:56,2026-05-04 16:25:00,Hanford,1,2026-05-06 06:55:40
Priest Rapids Tailrace CHN,2,G7219CE2B,2026-05-04 17:46:53,2026-05-06 16:47:00,Lower Ringold,1,2026-05-09 08:18:58
Priest Rapids Tailrace CHN,2,G7219CE2B,2026-05-04 17:46:53,2026-05-06 16:47:00,Hanford,1,2026-05-09 12:09:19
Priest Rapids Tailrace CHN,2,G721A8C84,2026-05-06 18:09:56,2026-05-09 16:31:00,Lower Ringold,1,2026-05-10 07:56:05
Priest Rapids Tailrace CHN,2,G721A8C84,2026-05-06 18:09:56,2026-05-09 16:31:00,Hanford,1,2026-05-10 10:44:59
Priest Rapids Tailrace CHN,3,G721BCD58,2026-05-03 18:28:52,2026-05-05 17:13:00,Lower Ringold,1,2026-05-06 06:42:05
Priest Rapids Tailrace CHN,3,G721BCD58,2026-05-03 18:28:52,2026-05-05 17:13:00,Hanford,1,2026-05-06 09:38:57
Priest Rapids Tailrace CHN,2,G721BE23A,2026-05-04 17:56:07,2026-05-06 16:47:00,Lower Ringold,1,2026-05-07 04:25:57
Priest Rapids Tailrace CHN,2,G721BE23A,2026-05-04 17:56:07,2026-05-06 16:47:00,Hanford,1,2026-05-07 08:34:06
Priest Rapids Tailrace CHN,2,G721C998C,2026-05-03 18:34:25,2026-05-05 17:13:00,Lower Ringold,1,2026-05-06 06:53:46
Priest Rapids Tailrace CHN,2,G721C998C,2026-05-03 18:34:25,2026-05-05 17:13:00,Hanford,1,2026-05-06 13:20:53
Priest Rapids Tailrace CHN,2,G721D9C77,2026-05-01 17:27:21,2026-05-03 16:31:00,Lower Ringold,1,2026-05-05 05:16:38
Priest Rapids Tailrace CHN,2,G721D9C77,2026-05-01 17:27:21,2026-05-03 16:31:00,Hanford,1,2026-05-05 08:15:10
Priest Rapids Tailrace CHN,1,G721EE2C5,2026-05-04 18:03:00,2026-05-06 16:47:00,Lower Ringold,1,2026-05-07 06:19:03
Priest Rapids Tailrace CHN,1,G721EE2C5,2026-05-04 18:03:00,2026-05-06 16:47:00,Hanford,1,2026-05-07 11:36:34
Priest Rapids Tailrace CHN,2,G72207AE7,2026-05-07 17:20:05,2026-05-09 16:31:00,Lower Ringold,1,2026-05-10 07:29:11
Priest Rapids Tailrace CHN,2,G72207AE7,2026-05-07 17:20:05,2026-05-09 16:31:00,Hanford,1,2026-05-10 10:29:13
Priest Rapids Tailrace CHN,2,G72209A0E,2026-05-06 18:09:34,2026-05-09 16:31:00,Lower Ringold,1,2026-05-10 05:22:27
Priest Rapids Tailrace CHN,2,G72209A0E,2026-05-06 18:09:34,2026-05-09 16:31:00,Hanford,1,2026-05-10 08:55:14
Priest Rapids Tailrace CHN,2,G72210C06,2026-05-03 18:33:14,2026-05-05 17:13:00,Lower Ringold,1,2026-05-09 06:34:31
Priest Rapids Tailrace CHN,2,G72210C06,2026-05-03 18:33:14,2026-05-05 17:13:00,Hanford,1,2026-05-09 10:14:16
Priest Rapids Tailrace CHN,2,G7222AA21,2026-05-07 17:28:13,2026-05-09 16:31:00,Lower Ringold,1,2026-05-10 11:45:55
Priest Rapids Tailrace CHN,2,G7222AA21,2026-05-07 17:28:13,2026-05-09 16:31:00,Hanford,1,2026-05-10 15:56:21
Priest Rapids Tailrace CHN,2,G72238665,2026-05-03 18:37:49,2026-05-05 17:13:00,Lower Ringold,1,2026-05-06 05:56:41
Priest Rapids Tailrace CHN,2,G72238665,2026-05-03 18:37:49,2026-05-05 17:13:00,Hanford,1,2026-05-06 09:13:55
Priest Rapids Tailrace CHN,2,G7225AC92,2026-05-08 16:55:52,2026-05-10 16:20:00,Lower Ringold,1,2026-05-11 15:36:57
Priest Rapids Tailrace CHN,2,G7225AC92,2026-05-08 16:55:52,2026-05-10 16:20:00,Hanford,1,2026-05-11 19:43:51
Priest Rapids Tailrace CHN,1,G7227D89A,2026-05-06 18:02:09,2026-05-09 16:31:00,Lower Ringold,0,
Priest Rapids Tailrace CHN,1,G7227D89A,2026-05-06 18:02:09,2026-05-09 16:31:00,Hanford,0,
Priest Rapids Tailrace CHN,1,G7228410F,2026-05-08 17:04:14,2026-05-10 16:20:00,Lower Ringold,0,
Priest Rapids Tailrace CHN,1,G7228410F,2026-05-08 17:04:14,2026-05-10 16:20:00,Hanford,0,
Priest Rapids Tailrace CHN,3,G7228F8A1,2026-05-04 18:07:20,2026-05-06 16:47:00,Lower Ringold,1,2026-05-07 10:25:04
Priest Rapids Tailrace CHN,3,G7228F8A1,2026-05-04 18:07:20,2026-05-06 16:47:00,Hanford,1,2026-05-07 13:08:02
Priest Rapids Tailrace CHN,3,G7229D1DA,2026-05-05 16:34:34,2026-05-07 16:28:00,Lower Ringold,1,2026-05-08 13:14:28
Priest Rapids Tailrace CHN,3,G7229D1DA,2026-05-05 16:34:34,2026-05-07 16:28:00,Hanford,1,2026-05-08 18:44:47
Priest Rapids Tailrace CHN,3,G722A5562,2026-05-05 17:13:05,2026-05-07 16:28:00,Lower Ringold,1,2026-05-08 16:36:41
Priest Rapids Tailrace CHN,3,G722A5562,2026-05-05 17:13:05,2026-05-07 16:28:00,Hanford,1,2026-05-09 07:01:03
Priest Rapids Tailrace CHN,1,G722CAAFD,2026-05-05 17:05:11,2026-05-07 16:28:00,Lower Ringold,1,2026-05-08 06:18:04
Priest Rapids Tailrace CHN,1,G722CAAFD,2026-05-05 17:05:11,2026-05-07 16:28:00,Hanford,1,2026-05-08 09:46:57
Priest Rapids Tailrace CHN,1,G722CE5FA,2026-05-08 16:53:23,2026-05-10 16:20:00,Lower Ringold,0,
Priest Rapids Tailrace CHN,1,G722CE5FA,2026-05-08 16:53:23,2026-05-10 16:20:00,Hanford,0,
Priest Rapids Tailrace CHN,1,G722DC51D,2026-05-07 17:25:37,2026-05-09 16:31:00,Lower Ringold,1,2026-05-10 12:02:50
Priest Rapids Tailrace CHN,1,G722DC51D,2026-05-07 17:25:37,2026-05-09 16:31:00,Hanford,1,2026-05-10 19:02:34
Priest Rapids Tailrace CHN,2,G722EC077,2026-05-02 17:35:07,2026-05-04 16:25:00,Lower Ringold,1,2026-05-05 04:09:43
Priest Rapids Tailrace CHN,2,G722EC077,2026-05-02 17:35:07,2026-05-04 16:25:00,Hanford,1,2026-05-05 06:51:57
Priest Rapids Tailrace CHN,2,G722F22E6,2026-05-06 18:11:46,2026-05-09 16:31:00,Lower Ringold,1,2026-05-12 04:53:44
Priest Rapids Tailrace CHN,2,G722F22E6,2026-05-06 18:11:46,2026-05-09 16:31:00,Hanford,1,2026-05-12 07:58:28
Priest Rapids Tailrace CHN,1,G722F5860,2026-05-04 17:45:10,2026-05-06 16:47:00,Lower Ringold,1,2026-05-07 09:40:21
Priest Rapids Tailrace CHN,1,G722F5860,2026-05-04 17:45:10,2026-05-06 16:47:00,Hanford,1,2026-05-07 12:24:21
Priest Rapids Tailrace CHN,1,G7230316D,2026-05-02 17:44:56,2026-05-04 16:25:00,Lower Ringold,1,2026-05-05 06:05:32
Priest Rapids Tailrace CHN,1,G7230316D,2026-05-02 17:44:56,2026-05-04 16:25:00,Hanford,1,2026-05-05 09:22:38
Priest Rapids Tailrace CHN,2,G7230A022,2026-05-01 17:32:57,2026-05-03 16:31:00,Lower Ringold,0,
Priest Rapids Tailrace CHN,2,G7230A022,2026-05-01 17:32:57,2026-05-03 16:31:00,Hanford,0,
Priest Rapids Tailrace CHN,1,G7233A6AA,2026-05-07 17:22:09,2026-05-09 16:31:00,Lower Ringold,1,2026-05-12 04:23:43
Priest Rapids Tailrace CHN,1,G7233A6AA,2026-05-07 17:22:09,2026-05-09 16:31:00,Hanford,1,2026-05-12 08:13:36
Priest Rapids Tailrace CHN,1,G7233AA09,2026-05-05 16:39:56,2026-05-07 16:28:00,Lower Ringold,1,2026-05-08 08:44:44
Priest Rapids Tailrace CHN,1,G7233AA09,2026-05-05 16:39:56,2026-05-07 16:28:00,Hanford,1,2026-05-08 12:16:11
Priest Rapids Tailrace CHN,1,G7233F72F,2026-05-07 17:17:36,2026-05-09 16:31:00,Lower Ringold,1,2026-05-10 11:26:27
Priest Rapids Tailrace CHN,1,G7233F72F,2026-05-07 17:17:36,2026-05-09 16:31:00,Hanford,1,2026-05-10 14:53:00
Priest Rapids Tailrace CHN,1,G72340354,2026-05-02 17:55:50,2026-05-04 16:25:00,Lower Ringold,1,2026-05-05 18:31:01
Priest Rapids Tailrace CHN,1,G72340354,2026-05-02 17:55:50,2026-05-04 16:25:00,Hanford,1,2026-05-05 22:40:25
Priest Rapids Tailrace CHN,2,G7234B707,2026-05-03 18:40:57,2026-05-05 17:13:00,Lower Ringold,1,2026-05-06 07:43:01
Priest Rapids Tailrace CHN,2,G7234B707,2026-05-03 18:40:57,2026-05-05 17:13:00,Hanford,1,2026-05-06 11:40:08
Priest Rapids Tailrace CHN,3,G7234CD81,2026-05-03 18:29:20,2026-05-05 17:13:00,Lower Ringold,0,
Priest Rapids Tailrace CHN,3,G7234CD81,2026-05-03 18:29:20,2026-05-05 17:13:00,Hanford,0,
Priest Rapids Tailrace CHN,3,G7234D762,2026-05-07 17:28:59,2026-05-09 16:31:00,Lower Ringold,1,2026-05-10 05:18:27
Priest Rapids Tailrace CHN,3,G7234D762,2026-05-07 17:28:59,2026-05-09 16:31:00,Hanford,1,2026-05-10 08:21:43
Priest Rapids Tailrace CHN,2,G72382D25,2026-05-01 17:34:40,2026-05-03 16:31:00,Lower Ringold,1,2026-05-06 07:59:05
Priest Rapids Tailrace CHN,2,G72382D25,2026-05-01 17:34:40,2026-05-03 16:31:00,Hanford,1,2026-05-06 12:11:02
Priest Rapids Tailrace CHN,2,G72386BBE,2026-05-01 17:35:10,2026-05-03 16:31:00,Lower Ringold,1,2026-05-04 05:59:15
Priest Rapids Tailrace CHN,2,G72386BBE,2026-05-01 17:35:10,2026-05-03 16:31:00,Hanford,1,2026-05-04 09:08:58
Priest Rapids Tailrace CHN,2,G7238D1F2,2026-05-06 18:13:04,2026-05-09 16:31:00,Lower Ringold,1,2026-05-10 12:38:16
Priest Rapids Tailrace CHN,2,G7238D1F2,2026-05-06 18:13:04,2026-05-09 16:31:00,Hanford,1,2026-05-10 16:38:06
Priest Rapids Tailrace CHN,2,G723A2694,2026-05-07 17:31:10,2026-05-09 16:31:00,Lower Ringold,0,
Priest Rapids Tailrace CHN,2,G723A2694,2026-05-07 17:31:10,2026-05-09 16:31:00,Hanford,0,
Priest Rapids Tailrace CHN,3,G723AD45C,2026-05-08 17:07:22,2026-05-10 16:20:00,Lower Ringold,1,2026-05-11 04:25:56
Priest Rapids Tailrace CHN,3,G723AD45C,2026-05-08 17:07:22,2026-05-10 16:20:00,Hanford,1,2026-05-11 13:34:14
Priest Rapids Tailrace CHN,3,G723ADA43,2026-05-04 17:59:41,2026-05-06 16:47:00,Lower Ringold,1,2026-05-12 04:08:31
Priest Rapids Tailrace CHN,3,G723ADA43,2026-05-04 17:59:41,2026-05-06 16:47:00,Hanford,1,2026-05-13 00:58:04
Priest Rapids Tailrace CHN,1,G723D8914,2026-05-08 20:00:19,2026-05-10 16:20:00,Lower Ringold,1,2026-05-11 16:32:32
Priest Rapids Tailrace CHN,1,G723D8914,2026-05-08 20:00:19,2026-05-10 16:20:00,Hanford,1,2026-05-11 20:27:27
Priest Rapids Tailrace CHN,1,G723DD053,2026-05-03 18:39:32,2026-05-05 17:13:00,Lower Ringold,1,2026-05-06 17:16:28
Priest Rapids Tailrace CHN,1,G723DD053,2026-05-03 18:39:32,2026-05-05 17:13:00,Hanford,1,2026-05-07 12:58:28
Priest Rapids Tailrace CHN,3,G723EEC1B,2026-05-05 16:51:10,2026-05-07 16:28:00,Lower Ringold,0,
Priest Rapids Tailrace CHN,3,G723EEC1B,2026-05-05 16:51:10,2026-05-07 16:28:00,Hanford,0,
Priest Rapids Tailrace CHN,2,G723F7F2C,2026-05-06 17:56:38,2026-05-09 16:31:00,Lower Ringold,1,2026-05-10 06:11:19
Priest Rapids Tailrace CHN,2,G723F7F2C,2026-05-06 17:56:38,2026-05-09 16:31:00,Hanford,1,2026-05-10 09:36:06
Priest Rapids Tailrace CHN,2,G72416C39,2026-05-02 17:43:38,2026-05-04 16:25:00,Lower Ringold,1,2026-05-05 05:13:56
Priest Rapids Tailrace CHN,2,G72416C39,2026-05-02 17:43:38,2026-05-04 16:25:00,Hanford,1,2026-05-05 07:56:12
Priest Rapids Tailrace CHN,2,G7242BBB8,2026-05-04 18:00:24,2026-05-06 16:47:00,Lower Ringold,1,2026-05-08 02:34:16
Priest Rapids Tailrace CHN,2,G7242BBB8,2026-05-04 18:00:24,2026-05-06 16:47:00,Hanford,1,2026-05-08 16:34:46
Priest Rapids Tailrace CHN,2,G7242C9FC,2026-05-05 16:57:29,2026-05-07 16:28:00,Lower Ringold,1,2026-05-08 06:27:44
Priest Rapids Tailrace CHN,2,G7242C9FC,2026-05-05 16:57:29,2026-05-07 16:28:00,Hanford,1,2026-05-08 09:17:45
Priest Rapids Tailrace CHN,2,G7242FEC1,2026-05-02 17:49:00,2026-05-04 16:25:00,Lower Ringold,0,
Priest Rapids Tailrace CHN,2,G7242FEC1,2026-05-02 17:49:00,2026-05-04 16:25:00,Hanford,0,
Priest Rapids Tailrace CHN,2,G7243242C,2026-05-05 16:54:27,2026-05-07 16:28:00,Lower Ringold,0,
Priest Rapids Tailrace CHN,2,G7243242C,2026-05-05 16:54:27,2026-05-07 16:28:00,Hanford,0,
Priest Rapids Tailrace CHN,2,G72436B2B,2026-05-04 17:59:08,2026-05-06 16:47:00,Lower Ringold,0,
Priest Rapids Tailrace CHN,2,G72436B2B,2026-05-04 17:59:08,2026-05-06 16:47:00,Hanford,0,
Priest Rapids Tailrace CHN,2,G72455520,2026-05-02 17:51:30,2026-05-04 16:25:00,Lower Ringold,1,2026-05-07 21:38:32
Priest Rapids Tailrace CHN,2,G72455520,2026-05-02 17:51:30,2026-05-04 16:25:00,Hanford,1,2026-05-10 20:13:47
Priest Rapids Tailrace CHN,2,G72470CF6,2026-05-03 18:46:53,2026-05-05 17:13:00,Lower Ringold,1,2026-05-07 03:05:18
Priest Rapids Tailrace CHN,2,G72470CF6,2026-05-03 18:46:53,2026-05-05 17:13:00,Hanford,1,2026-05-07 06:10:14
Priest Rapids Tailrace CHN,3,G72480572,2026-05-08 16:59:26,2026-05-10 16:20:00,Lower Ringold,1,2026-05-12 00:18:27
Priest Rapids Tailrace CHN,3,G72480572,2026-05-08 16:59:26,2026-05-10 16:20:00,Hanford,1,2026-05-12 18:36:46
Priest Rapids Tailrace CHN,3,G724842B7,2026-05-06 17:54:24,2026-05-09 16:31:00,Lower Ringold,1,2026-05-10 09:20:41
Priest Rapids Tailrace CHN,3,G724842B7,2026-05-06 17:54:24,2026-05-09 16:31:00,Hanford,1,2026-05-10 12:10:30
Priest Rapids Tailrace CHN,2,G7249A9BA,2026-05-02 17:52:38,2026-05-04 16:25:00,Lower Ringold,1,2026-05-05 02:48:28
Priest Rapids Tailrace CHN,2,G7249A9BA,2026-05-02 17:52:38,2026-05-04 16:25:00,Hanford,1,2026-05-05 05:48:34
Priest Rapids Tailrace CHN,2,G724AC016,2026-05-06 17:55:00,2026-05-09 16:31:00,Lower Ringold,1,2026-05-10 07:15:08
Priest Rapids Tailrace CHN,2,G724AC016,2026-05-06 17:55:00,2026-05-09 16:31:00,Hanford,1,2026-05-10 10:10:14
Priest Rapids Tailrace CHN,2,G724B3599,2026-05-03 18:35:29,2026-05-05 17:13:00,Lower Ringold,1,2026-05-06 09:30:34
Priest Rapids Tailrace CHN,2,G724B3599,2026-05-03 18:35:29,2026-05-05 17:13:00,Hanford,1,2026-05-06 12:36:55
Priest Rapids Tailrace CHN,2,G724D88FC,2026-05-03 18:27:30,2026-05-05 17:13:00,Lower Ringold,1,2026-05-06 16:00:53
Priest Rapids Tailrace CHN,2,G724D88FC,2026-05-03 18:27:30,2026-05-05 17:13:00,Hanford,1,2026-05-06 19:25:34
Priest Rapids Tailrace CHN,2,G724DCD85,2026-05-08 16:59:57,2026-05-10 16:20:00,Lower Ringold,1,2026-05-11 14:22:08
Priest Rapids Tailrace CHN,2,G724DCD85,2026-05-08 16:59:57,2026-05-10 16:20:00,Hanford,1,2026-05-12 07:04:47
Priest Rapids Tailrace CHN,2,G724E1E65,2026-05-05 16:59:45,2026-05-07 16:28:00,Lower Ringold,0,
Priest Rapids Tailrace CHN,2,G724E1E65,2026-05-05 16:59:45,2026-05-07 16:28:00,Hanford,0,
Priest Rapids Tailrace CHN,3,G724ECA53,2026-05-02 17:49:45,2026-05-04 16:25:00,Lower Ringold,0,
Priest Rapids Tailrace CHN,3,G724ECA53,2026-05-02 17:49:45,2026-05-04 16:25:00,Hanford,0,
Priest Rapids Tailrace CHN,3,G724FA5B3,2026-05-08 17:07:02,2026-05-10 16:20:00,Lower Ringold,1,2026-05-11 21:39:07
Priest Rapids Tailrace CHN,3,G724FA5B3,2026-05-08 17:07:02,2026-05-10 16:20:00,Hanford,1,2026-05-12 01:38:58
Priest Rapids Tailrace CHN,3,G724FABAC,2026-05-07 17:15:11,2026-05-09 16:31:00,Lower Ringold,0,
Priest Rapids Tailrace CHN,3,G724FABAC,2026-05-07 17:15:11,2026-05-09 16:31:00,Hanford,0,
Priest Rapids Tailrace CHN,3,G72501114,2026-05-02 17:56:35,2026-05-04 16:25:00,Lower Ringold,1,2026-05-06 12:10:01
Priest Rapids Tailrace CHN,3,G72501114,2026-05-02 17:56:35,2026-05-04 16:25:00,Hanford,1,2026-05-06 15:57:12
Priest Rapids Tailrace CHN,2,G72503CCA,2026-05-01 17:30:40,2026-05-03 16:31:00,Lower Ringold,1,2026-05-04 08:00:31
Priest Rapids Tailrace CHN,2,G72503CCA,2026-05-01 17:30:40,2026-05-03 16:31:00,Hanford,1,2026-05-04 11:11:50
Priest Rapids Tailrace CHN,2,G7250702F,2026-05-01 17:14:12,2026-05-03 16:31:00,Lower Ringold,1,2026-05-04 06:36:31
Priest Rapids Tailrace CHN,2,G7250702F,2026-05-01 17:14:12,2026-05-03 16:31:00,Hanford,1,2026-05-04 09:38:33
Priest Rapids Tailrace CHN,3,G72518642,2026-05-05 16:55:51,2026-05-07 16:28:00,Lower Ringold,0,
Priest Rapids Tailrace CHN,3,G72518642,2026-05-05 16:55:51,2026-05-07 16:28:00,Hanford,0,
Priest Rapids Tailrace CHN,3,G72522387,2026-05-06 18:08:45,2026-05-09 16:31:00,Lower Ringold,1,2026-05-10 05:40:38
Priest Rapids Tailrace CHN,3,G72522387,2026-05-06 18:08:45,2026-05-09 16:31:00,Hanford,1,2026-05-10 08:30:54
Priest Rapids Tailrace CHN,3,G7252CE93,2026-05-02 17:39:55,2026-05-04 16:25:00,Lower Ringold,1,2026-05-16 13:23:11
Priest Rapids Tailrace CHN,3,G7252CE93,2026-05-02 17:39:55,2026-05-04 16:25:00,Hanford,1,2026-05-16 18:12:43
Priest Rapids Tailrace CHN,1,G72530082,2026-04-29 16:09:34,2026-05-01 16:26:00,Lower Ringold,0,
Priest Rapids Tailrace CHN,1,G72530082,2026-04-29 16:09:34,2026-05-01 16:26:00,Hanford,0,
Priest Rapids Tailrace CHN,1,G72546AF7,2026-05-07 17:16:56,2026-05-09 16:31:00,Lower Ringold,1,2026-05-10 06:35:40
Priest Rapids Tailrace CHN,1,G72546AF7,2026-05-07 17:16:56,2026-05-09 16:31:00,Hanford,1,2026-05-10 09:50:33
Priest Rapids Tailrace CHN,1,G7254CF67,2026-05-07 17:29:55,2026-05-09 16:31:00,Lower Ringold,1,2026-05-10 05:42:04
Priest Rapids Tailrace CHN,1,G7254CF67,2026-05-07 17:29:55,2026-05-09 16:31:00,Hanford,1,2026-05-10 08:54:19
Priest Rapids Tailrace CHN,2,G7255C300,2026-05-04 17:48:50,2026-05-06 16:47:00,Lower Ringold,1,2026-05-07 09:48:30
Priest Rapids Tailrace CHN,2,G7255C300,2026-05-04 17:48:50,2026-05-06 16:47:00,Hanford,1,2026-05-07 12:58:32
Priest Rapids Tailrace CHN,2,G72565864,2026-05-04 18:02:27,2026-05-06 16:47:00,Lower Ringold,1,2026-05-07 06:01:22
Priest Rapids Tailrace CHN,2,G72565864,2026-05-04 18:02:27,2026-05-06 16:47:00,Hanford,1,2026-05-07 09:55:34
Priest Rapids Tailrace CHN,1,G725923A4,2026-05-01 17:22:25,2026-05-03 16:31:00,Lower Ringold,1,2026-05-04 05:59:16
Priest Rapids Tailrace CHN,1,G725923A4,2026-05-01 17:22:25,2026-05-03 16:31:00,Hanford,1,2026-05-04 15:52:38
Priest Rapids Tailrace CHN,1,G725AAFDE,2026-05-04 17:56:31,2026-05-06 16:47:00,Lower Ringold,0,
Priest Rapids Tailrace CHN,1,G725AAFDE,2026-05-04 17:56:31,2026-05-06 16:47:00,Hanford,0,
Priest Rapids Tailrace CHN,1,G725C77E1,2026-05-01 17:26:26,2026-05-03 16:31:00,Lower Ringold,1,2026-05-04 05:29:06
Priest Rapids Tailrace CHN,1,G725C77E1,2026-05-01 17:26:26,2026-05-03 16:31:00,Hanford,1,2026-05-04 08:48:43
Priest Rapids Tailrace CHN,1,G725CFC4D,2026-05-08 17:03:09,2026-05-10 16:20:00,Lower Ringold,1,2026-05-11 11:35:41
Priest Rapids Tailrace CHN,1,G725CFC4D,2026-05-08 17:03:09,2026-05-10 16:20:00,Hanford,1,2026-05-11 15:51:55
Priest Rapids Tailrace CHN,1,G725D30E0,2026-05-01 17:19:05,2026-05-03 16:31:00,Lower Ringold,1,2026-05-04 21:50:57
Priest Rapids Tailrace CHN,1,G725D30E0,2026-05-01 17:19:05,2026-05-03 16:31:00,Hanford,1,2026-05-05 01:34:02
Priest Rapids Tailrace CHN,1,G725D3763,2026-05-07 17:12:48,2026-05-09 16:31:00,Lower Ringold,1,2026-05-10 06:45:55
Priest Rapids Tailrace CHN,1,G725D3763,2026-05-07 17:12:48,2026-05-09 16:31:00,Hanford,1,2026-05-10 10:18:13
Priest Rapids Tailrace CHN,1,G725D6DC6,2026-05-06 17:59:41,2026-05-09 16:31:00,Lower Ringold,1,2026-05-10 05:30:01
Priest Rapids Tailrace CHN,1,G725D6DC6,2026-05-06 17:59:41,2026-05-09 16:31:00,Hanford,1,2026-05-10 08:29:21
Priest Rapids Tailrace CHN,1,G725DB553,2026-05-05 17:12:32,2026-05-07 16:28:00,Lower Ringold,1,2026-05-08 05:32:33
Priest Rapids Tailrace CHN,1,G725DB553,2026-05-05 17:12:32,2026-05-07 16:28:00,Hanford,1,2026-05-08 09:39:11
Priest Rapids Tailrace CHN,1,G725F0F8E,2026-05-08 17:02:43,2026-05-10 16:20:00,Lower Ringold,1,2026-05-11 12:56:26
Priest Rapids Tailrace CHN,1,G725F0F8E,2026-05-08 17:02:43,2026-05-10 16:20:00,Hanford,1,2026-05-11 17:06:29
Priest Rapids Tailrace CHN,3,G725F6216,2026-05-06 18:11:18,2026-05-09 16:31:00,Lower Ringold,1,2026-05-10 17:50:02
Priest Rapids Tailrace CHN,3,G725F6216,2026-05-06 18:11:18,2026-05-09 16:31:00,Hanford,1,2026-05-10 23:40:21
Priest Rapids Tailrace CHN,3,G72608E69,2026-05-04 17:50:07,2026-05-06 16:47:00,Lower Ringold,1,2026-05-07 04:51:27
Priest Rapids Tailrace CHN,3,G72608E69,2026-05-04 17:50:07,2026-05-06 16:47:00,Hanford,1,2026-05-07 08:09:00
Priest Rapids Tailrace CHN,3,G7260FAF0,2026-05-08 17:06:19,2026-05-10 16:20:00,Lower Ringold,1,2026-05-11 13:11:53
Priest Rapids Tailrace CHN,3,G7260FAF0,2026-05-08 17:06:19,2026-05-10 16:20:00,Hanford,1,2026-05-11 17:07:45
Priest Rapids Tailrace CHN,2,G72616686,2026-05-05 16:56:29,2026-05-07 16:28:00,Lower Ringold,1,2026-05-08 08:46:24
Priest Rapids Tailrace CHN,2,G72616686,2026-05-05 16:56:29,2026-05-07 16:28:00,Hanford,1,2026-05-08 13:14:47
Priest Rapids Tailrace CHN,3,G7261D9F5,2026-05-01 17:24:39,2026-05-03 16:31:00,Lower Ringold,1,2026-05-04 06:10:03
Priest Rapids Tailrace CHN,3,G7261D9F5,2026-05-01 17:24:39,2026-05-03 16:31:00,Hanford,1,2026-05-04 09:13:07
Priest Rapids Tailrace CHN,1,G72639202,2026-05-08 17:09:04,2026-05-10 16:20:00,Lower Ringold,1,2026-05-11 05:25:40
Priest Rapids Tailrace CHN,1,G72639202,2026-05-08 17:09:04,2026-05-10 16:20:00,Hanford,1,2026-05-11 08:36:03
Priest Rapids Tailrace CHN,1,G7263BFDC,2026-05-06 18:16:27,2026-05-09 16:31:00,Lower Ringold,0,
Priest Rapids Tailrace CHN,1,G7263BFDC,2026-05-06 18:16:27,2026-05-09 16:31:00,Hanford,0,
Priest Rapids Tailrace CHN,3,G726523C4,2026-05-04 17:55:44,2026-05-06 16:47:00,Lower Ringold,1,2026-05-08 03:16:19
Priest Rapids Tailrace CHN,3,G726523C4,2026-05-04 17:55:44,2026-05-06 16:47:00,Hanford,1,2026-05-08 06:34:41
Priest Rapids Tailrace CHN,3,G72685CF4,2026-05-08 16:58:05,2026-05-10 16:20:00,Lower Ringold,1,2026-05-11 06:11:26
Priest Rapids Tailrace CHN,3,G72685CF4,2026-05-08 16:58:05,2026-05-10 16:20:00,Hanford,1,2026-05-11 11:31:58
Priest Rapids Tailrace CHN,3,G72686A97,2026-05-03 18:20:39,2026-05-05 17:13:00,Lower Ringold,1,2026-05-06 07:38:07
Priest Rapids Tailrace CHN,3,G72686A97,2026-05-03 18:20:39,2026-05-05 17:13:00,Hanford,1,2026-05-06 10:26:43
Priest Rapids Tailrace CHN,3,G72687415,2026-05-05 17:02:47,2026-05-07 16:28:00,Lower Ringold,1,2026-05-10 20:59:18
Priest Rapids Tailrace CHN,3,G72687415,2026-05-05 17:02:47,2026-05-07 16:28:00,Hanford,1,2026-05-11 17:19:13
Priest Rapids Tailrace CHN,3,G726902F4,2026-05-04 18:08:13,2026-05-06 16:47:00,Lower Ringold,1,2026-05-08 01:02:28
Priest Rapids Tailrace CHN,3,G726902F4,2026-05-04 18:08:13,2026-05-06 16:47:00,Hanford,1,2026-05-09 07:04:19
Priest Rapids Tailrace CHN,3,G726B6B9C,2026-05-06 18:07:28,2026-05-09 16:31:00,Lower Ringold,1,2026-05-10 18:43:17
Priest Rapids Tailrace CHN,3,G726B6B9C,2026-05-06 18:07:28,2026-05-09 16:31:00,Hanford,1,2026-05-10 22:39:03
Priest Rapids Tailrace CHN,3,G726CB239,2026-05-03 18:47:19,2026-05-05 17:13:00,Lower Ringold,1,2026-05-06 05:47:34
Priest Rapids Tailrace CHN,3,G726CB239,2026-05-03 18:47:19,2026-05-05 17:13:00,Hanford,1,2026-05-06 08:54:23
Priest Rapids Tailrace CHN,2,G726EFDAF,2026-05-03 18:36:07,2026-05-05 17:13:00,Lower Ringold,1,2026-05-06 09:48:03
Priest Rapids Tailrace CHN,2,G726EFDAF,2026-05-03 18:36:07,2026-05-05 17:13:00,Hanford,1,2026-05-06 12:28:28
Priest Rapids Tailrace CHN,2,G726FA3AF,2026-05-07 17:18:02,2026-05-09 16:31:00,Lower Ringold,1,2026-05-10 19:09:43
Priest Rapids Tailrace CHN,2,G726FA3AF,2026-05-07 17:18:02,2026-05-09 16:31:00,Hanford,1,2026-05-11 12:58:24
Priest Rapids Tailrace CHN,2,G726FBF91,2026-05-04 17:48:22,2026-05-06 16:47:00,Lower Ringold,0,
Priest Rapids Tailrace CHN,2,G726FBF91,2026-05-04 17:48:22,2026-05-06 16:47:00,Hanford,0,
Priest Rapids Tailrace CHN,2,G726FFBB6,2026-05-02 17:46:50,2026-05-04 16:25:00,Lower Ringold,1,2026-05-05 08:26:53
Priest Rapids Tailrace CHN,2,G726FFBB6,2026-05-02 17:46:50,2026-05-04 16:25:00,Hanford,1,2026-05-05 11:14:03
Priest Rapids Tailrace CHN,2,G72710ECD,2026-05-08 16:57:31,2026-05-10 16:20:00,Lower Ringold,1,2026-05-11 18:20:05
Priest Rapids Tailrace CHN,2,G72710ECD,2026-05-08 16:57:31,2026-05-10 16:20:00,Hanford,1,2026-05-11 22:23:40
Priest Rapids Tailrace CHN,2,G72713553,2026-05-05 16:42:17,2026-05-07 16:28:00,Lower Ringold,1,2026-05-08 08:59:57
Priest Rapids Tailrace CHN,2,G72713553,2026-05-05 16:42:17,2026-05-07 16:28:00,Hanford,1,2026-05-08 11:58:03
Priest Rapids Tailrace CHN,1,G72713E73,2026-05-05 17:11:50,2026-05-07 16:28:00,Lower Ringold,1,2026-05-08 06:11:31
Priest Rapids Tailrace CHN,1,G72713E73,2026-05-05 17:11:50,2026-05-07 16:28:00,Hanford,1,2026-05-08 09:10:38
Priest Rapids Tailrace CHN,1,G72724F80,2026-05-05 16:40:04,2026-05-07 16:28:00,Lower Ringold,0,
Priest Rapids Tailrace CHN,1,G72724F80,2026-05-05 16:40:04,2026-05-07 16:28:00,Hanford,0,
Priest Rapids Tailrace CHN,3,G7274EABA,2026-05-06 18:01:33,2026-05-09 16:31:00,Lower Ringold,1,2026-05-10 05:39:53
Priest Rapids Tailrace CHN,3,G7274EABA,2026-05-06 18:01:33,2026-05-09 16:31:00,Hanford,1,2026-05-10 08:28:31
Priest Rapids Tailrace CHN,3,G7275BBFB,2026-05-07 17:12:23,2026-05-09 16:31:00,Lower Ringold,0,
Priest Rapids Tailrace CHN,3,G7275BBFB,2026-05-07 17:12:23,2026-05-09 16:31:00,Hanford,0,
Priest Rapids Tailrace CHN,3,G72766F98,2026-05-04 18:09:16,2026-05-06 16:47:00,Lower Ringold,1,2026-05-07 06:10:13
Priest Rapids Tailrace CHN,3,G72766F98,2026-05-04 18:09:16,2026-05-06 16:47:00,Hanford,1,2026-05-07 09:06:24
Priest Rapids Tailrace CHN,1,G727715DA,2026-05-05 17:05:59,2026-05-07 16:28:00,Lower Ringold,1,2026-05-08 18:36:06
Priest Rapids Tailrace CHN,1,G727715DA,2026-05-05 17:05:59,2026-05-07 16:28:00,Hanford,1,2026-05-09 09:12:15
Priest Rapids Tailrace CHN,2,G7278E915,2026-05-02 18:03:19,2026-05-04 16:25:00,Lower Ringold,1,2026-05-06 00:17:25
Priest Rapids Tailrace CHN,2,G7278E915,2026-05-02 18:03:19,2026-05-04 16:25:00,Hanford,1,2026-05-06 03:54:43
Priest Rapids Tailrace CHN,2,G727A2AAC,2026-05-01 17:25:43,2026-05-03 16:31:00,Lower Ringold,1,2026-05-04 05:32:58
Priest Rapids Tailrace CHN,2,G727A2AAC,2026-05-01 17:25:43,2026-05-03 16:31:00,Hanford,1,2026-05-04 08:51:17
Priest Rapids Tailrace CHN,2,G727A33AD,2026-05-01 17:18:24,2026-05-03 16:31:00,Lower Ringold,1,2026-05-04 07:15:35
Priest Rapids Tailrace CHN,2,G727A33AD,2026-05-01 17:18:24,2026-05-03 16:31:00,Hanford,1,2026-05-04 10:56:17
Priest Rapids Tailrace CHN,2,G727A89E1,2026-05-04 17:56:59,2026-05-06 16:47:00,Lower Ringold,1,2026-05-07 06:43:55
Priest Rapids Tailrace CHN,2,G727A89E1,2026-05-04 17:56:59,2026-05-06 16:47:00,Hanford,1,2026-05-07 15:11:58
Priest Rapids Tailrace CHN,2,G727B917A,2026-05-02 17:58:31,2026-05-04 16:25:00,Lower Ringold,1,2026-05-05 04:58:57
Priest Rapids Tailrace CHN,2,G727B917A,2026-05-02 17:58:31,2026-05-04 16:25:00,Hanford,1,2026-05-05 07:55:04
Priest Rapids Tailrace CHN,2,G727F67E8,2026-05-04 18:08:53,2026-05-06 16:47:00,Lower Ringold,1,2026-05-07 18:38:13
Priest Rapids Tailrace CHN,2,G727F67E8,2026-05-04 18:08:53,2026-05-06 16:47:00,Hanford,1,2026-05-08 00:05:59
Priest Rapids Tailrace CHN,3,G7280937C,2026-05-05 16:55:13,2026-05-07 16:28:00,Lower Ringold,0,
Priest Rapids Tailrace CHN,3,G7280937C,2026-05-05 16:55:13,2026-05-07 16:28:00,Hanford,0,
Priest Rapids Tailrace CHN,3,G7282A58E,2026-05-05 16:41:11,2026-05-07 16:28:00,Lower Ringold,1,2026-05-08 06:17:34
Priest Rapids Tailrace CHN,3,G7282A58E,2026-05-05 16:41:11,2026-05-07 16:28:00,Hanford,1,2026-05-08 09:35:56
Priest Rapids Tailrace CHN,3,G72863AE5,2026-05-04 17:47:25,2026-05-06 16:47:00,Lower Ringold,1,2026-05-07 06:44:52
Priest Rapids Tailrace CHN,3,G72863AE5,2026-05-04 17:47:25,2026-05-06 16:47:00,Hanford,1,2026-05-07 10:42:28
Priest Rapids Tailrace CHN,3,G72866DBD,2026-05-03 18:19:38,2026-05-05 17:13:00,Lower Ringold,1,2026-05-06 05:45:16
Priest Rapids Tailrace CHN,3,G72866DBD,2026-05-03 18:19:38,2026-05-05 17:13:00,Hanford,1,2026-05-06 09:04:05
Priest Rapids Tailrace CHN,3,G7286F051,2026-05-06 17:55:59,2026-05-09 16:31:00,Lower Ringold,1,2026-05-10 11:22:58
Priest Rapids Tailrace CHN,3,G7286F051,2026-05-06 17:55:59,2026-05-09 16:31:00,Hanford,1,2026-05-11 04:58:05
Priest Rapids Tailrace CHN,1,G7287CDD6,2026-05-02 17:54:25,2026-05-04 16:25:00,Lower Ringold,1,2026-05-05 05:23:39
Priest Rapids Tailrace CHN,1,G7287CDD6,2026-05-02 17:54:25,2026-05-04 16:25:00,Hanford,1,2026-05-05 11:48:18
Priest Rapids Tailrace CHN,1,G72880BD9,2026-05-06 17:53:59,2026-05-09 16:31:00,Lower Ringold,1,2026-05-10 08:04:17
Priest Rapids Tailrace CHN,1,G72880BD9,2026-05-06 17:53:59,2026-05-09 16:31:00,Hanford,1,2026-05-10 11:04:28
Priest Rapids Tailrace CHN,2,G728C05FD,2026-05-06 18:00:53,2026-05-09 16:31:00,Lower Ringold,1,2026-05-10 04:58:29
Priest Rapids Tailrace CHN,2,G728C05FD,2026-05-06 18:00:53,2026-05-09 16:31:00,Hanford,1,2026-05-10 08:13:01
Priest Rapids Tailrace CHN,2,G728C6724,2026-05-05 17:01:43,2026-05-07 16:28:00,Lower Ringold,1,2026-05-08 17:20:03
Priest Rapids Tailrace CHN,2,G728C6724,2026-05-05 17:01:43,2026-05-07 16:28:00,Hanford,1,2026-05-08 20:47:30
Priest Rapids Tailrace CHN,3,G728EB383,2026-05-06 18:10:46,2026-05-09 16:31:00,Lower Ringold,1,2026-05-11 09:05:50
Priest Rapids Tailrace CHN,3,G728EB383,2026-05-06 18:10:46,2026-05-09 16:31:00,Hanford,1,2026-05-11 11:58:53
Priest Rapids Tailrace CHN,3,G728FBFE4,2026-05-02 17:53:59,2026-05-04 16:25:00,Lower Ringold,1,2026-05-05 05:00:48
Priest Rapids Tailrace CHN,3,G728FBFE4,2026-05-02 17:53:59,2026-05-04 16:25:00,Hanford,1,2026-05-05 09:29:33
Priest Rapids Tailrace CHN,2,G7290AD31,2026-05-05 16:29:24,2026-05-07 16:28:00,Lower Ringold,1,2026-05-09 21:20:01
Priest Rapids Tailrace CHN,2,G7290AD31,2026-05-05 16:29:24,2026-05-07 16:28:00,Hanford,1,2026-05-11 18:55:13
Priest Rapids Tailrace CHN,2,G7290E1D4,2026-05-02 18:05:59,2026-05-04 16:25:00,Lower Ringold,1,2026-05-05 12:38:49
Priest Rapids Tailrace CHN,2,G7290E1D4,2026-05-02 18:05:59,2026-05-04 16:25:00,Hanford,1,2026-05-05 16:46:27
Priest Rapids Tailrace CHN,1,G7292B19E,2026-05-04 17:45:44,2026-05-06 16:47:00,Lower Ringold,1,2026-05-07 04:51:45
Priest Rapids Tailrace CHN,1,G7292B19E,2026-05-04 17:45:44,2026-05-06 16:47:00,Hanford,1,2026-05-07 08:32:11
Priest Rapids Tailrace CHN,1,G72937272,2026-05-07 17:22:47,2026-05-09 16:31:00,Lower Ringold,1,2026-05-10 05:36:48
Priest Rapids Tailrace CHN,1,G72937272,2026-05-07 17:22:47,2026-05-09 16:31:00,Hanford,1,2026-05-10 08:29:32
Priest Rapids Tailrace CHN,1,G7293B3E6,2026-05-04 18:09:44,2026-05-06 16:47:00,Lower Ringold,1,2026-05-07 12:23:03
Priest Rapids Tailrace CHN,1,G7293B3E6,2026-05-04 18:09:44,2026-05-06 16:47:00,Hanford,1,2026-05-07 17:14:45
Priest Rapids Tailrace CHN,1,G7293BCA7,2026-05-03 18:39:59,2026-05-05 17:13:00,Lower Ringold,1,2026-05-06 08:24:00
Priest Rapids Tailrace CHN,1,G7293BCA7,2026-05-03 18:39:59,2026-05-05 17:13:00,Hanford,1,2026-05-06 11:11:35
Priest Rapids Tailrace CHN,1,G72954BFA,2026-05-03 18:41:57,2026-05-05 17:13:00,Lower Ringold,0,
Priest Rapids Tailrace CHN,1,G72954BFA,2026-05-03 18:41:57,2026-05-05 17:13:00,Hanford,0,
Priest Rapids Tailrace CHN,1,G729552FB,2026-05-04 17:58:40,2026-05-06 16:47:00,Lower Ringold,1,2026-05-07 05:58:26
Priest Rapids Tailrace CHN,1,G729552FB,2026-05-04 17:58:40,2026-05-06 16:47:00,Hanford,1,2026-05-07 09:04:37
Priest Rapids Tailrace CHN,1,G729588D2,2026-05-01 17:16:54,2026-05-03 16:31:00,Lower Ringold,1,2026-05-04 08:00:36
Priest Rapids Tailrace CHN,1,G729588D2,2026-05-01 17:16:54,2026-05-03 16:31:00,Hanford,1,2026-05-04 13:01:50
Priest Rapids Tailrace CHN,1,G72971E8F,2026-05-03 18:28:26,2026-05-05 17:13:00,Lower Ringold,1,2026-05-06 10:44:34
Priest Rapids Tailrace CHN,1,G72971E8F,2026-05-03 18:28:26,2026-05-05 17:13:00,Hanford,1,2026-05-06 14:05:09
Priest Rapids Tailrace CHN,3,G7297C744,2026-05-05 17:08:32,2026-05-07 16:28:00,Lower Ringold,1,2026-05-08 10:31:19
Priest Rapids Tailrace CHN,3,G7297C744,2026-05-05 17:08:32,2026-05-07 16:28:00,Hanford,1,2026-05-08 14:21:28
Priest Rapids Tailrace CHN,1,G7299D1D8,2026-05-08 16:56:47,2026-05-10 16:20:00,Lower Ringold,0,
Priest Rapids Tailrace CHN,1,G7299D1D8,2026-05-08 16:56:47,2026-05-10 16:20:00,Hanford,0,
Priest Rapids Tailrace CHN,3,G729B66F8,2026-05-07 17:11:56,2026-05-09 16:31:00,Lower Ringold,1,2026-05-10 09:10:40
Priest Rapids Tailrace CHN,3,G729B66F8,2026-05-07 17:11:56,2026-05-09 16:31:00,Hanford,1,2026-05-10 11:51:04
Priest Rapids Tailrace CHN,1,G729DCC83,2026-05-07 17:27:08,2026-05-09 16:31:00,Lower Ringold,1,2026-05-10 16:06:18
Priest Rapids Tailrace CHN,1,G729DCC83,2026-05-07 17:27:08,2026-05-09 16:31:00,Hanford,1,2026-05-10 19:54:44
Priest Rapids Tailrace CHN,1,G729DFFDF,2026-05-03 18:30:29,2026-05-05 17:13:00,Lower Ringold,1,2026-05-06 16:07:17
Priest Rapids Tailrace CHN,1,G729DFFDF,2026-05-03 18:30:29,2026-05-05 17:13:00,Hanford,1,2026-05-06 20:25:38
Priest Rapids Tailrace CHN,1,G72A007CD,2026-05-04 18:06:46,2026-05-06 16:47:00,Lower Ringold,1,2026-05-08 08:57:38
Priest Rapids Tailrace CHN,1,G72A007CD,2026-05-04 18:06:46,2026-05-06 16:47:00,Hanford,1,2026-05-08 12:06:43
Priest Rapids Tailrace CHN,3,G72A0CC27,2026-05-01 17:21:03,2026-05-03 16:31:00,Lower Ringold,1,2026-05-04 06:39:49
Priest Rapids Tailrace CHN,3,G72A0CC27,2026-05-01 17:21:03,2026-05-03 16:31:00,Hanford,1,2026-05-04 09:52:54
Priest Rapids Tailrace CHN,3,G72A15F10,2026-05-06 18:13:50,2026-05-09 16:31:00,Lower Ringold,0,
Priest Rapids Tailrace CHN,3,G72A15F10,2026-05-06 18:13:50,2026-05-09 16:31:00,Hanford,0,
Priest Rapids Tailrace CHN,2,G72A195A4,2026-05-08 16:59:00,2026-05-10 16:20:00,Lower Ringold,1,2026-05-11 09:58:18
Priest Rapids Tailrace CHN,2,G72A195A4,2026-05-08 16:59:00,2026-05-10 16:20:00,Hanford,1,2026-05-11 15:18:35
Priest Rapids Tailrace CHN,2,G72A22D01,2026-05-02 17:41:36,2026-05-04 16:25:00,Lower Ringold,1,2026-05-05 08:49:01
Priest Rapids Tailrace CHN,2,G72A22D01,2026-05-02 17:41:36,2026-05-04 16:25:00,Hanford,1,2026-05-05 11:46:04
Priest Rapids Tailrace CHN,3,G72A48A87,2026-05-07 17:27:49,2026-05-09 16:31:00,Lower Ringold,0,
Priest Rapids Tailrace CHN,3,G72A48A87,2026-05-07 17:27:49,2026-05-09 16:31:00,Hanford,0,
Priest Rapids Tailrace CHN,3,G72A71582,2026-05-03 18:46:16,2026-05-05 17:13:00,Lower Ringold,1,2026-05-07 05:03:26
Priest Rapids Tailrace CHN,3,G72A71582,2026-05-03 18:46:16,2026-05-05 17:13:00,Hanford,1,2026-05-07 08:05:09
Priest Rapids Tailrace CHN,2,G72A85A9D,2026-05-04 17:58:20,2026-05-06 16:47:00,Lower Ringold,1,2026-05-07 09:29:31
Priest Rapids Tailrace CHN,2,G72A85A9D,2026-05-04 17:58:20,2026-05-06 16:47:00,Hanford,1,2026-05-07 17:44:52
Priest Rapids Tailrace CHN,2,G72A869C1,2026-05-06 17:55:36,2026-05-09 16:31:00,Lower Ringold,0,
Priest Rapids Tailrace CHN,2,G72A869C1,2026-05-06 17:55:36,2026-05-09 16:31:00,Hanford,0,
Priest Rapids Tailrace CHN,3,G72AA58B0,2026-05-01 17:20:38,2026-05-03 16:31:00,Lower Ringold,1,2026-05-04 07:03:39
Priest Rapids Tailrace CHN,3,G72AA58B0,2026-05-01 17:20:38,2026-05-03 16:31:00,Hanford,1,2026-05-04 09:52:58
Priest Rapids Tailrace CHN,3,G72AA8DD8,2026-05-01 17:25:16,2026-05-03 16:31:00,Lower Ringold,1,2026-05-04 11:53:37
Priest Rapids Tailrace CHN,3,G72AA8DD8,2026-05-01 17:25:16,2026-05-03 16:31:00,Hanford,1,2026-05-05 02:08:20
Priest Rapids Tailrace CHN,1,G72AD804B,2026-05-08 17:09:30,2026-05-10 16:20:00,Lower Ringold,1,2026-05-12 06:00:54
Priest Rapids Tailrace CHN,1,G72AD804B,2026-05-08 17:09:30,2026-05-10 16:20:00,Hanford,1,2026-05-12 10:19:43
Priest Rapids Tailrace CHN,1,G72AD89D7,2026-05-05 16:36:23,2026-05-07 16:28:00,Lower Ringold,1,2026-05-08 13:09:11
Priest Rapids Tailrace CHN,1,G72AD89D7,2026-05-05 16:36:23,2026-05-07 16:28:00,Hanford,0,
Priest Rapids Tailrace CHN,1,G72AD9334,2026-05-08 17:08:40,2026-05-10 16:20:00,Lower Ringold,1,2026-05-11 04:54:17
Priest Rapids Tailrace CHN,1,G72AD9334,2026-05-08 17:08:40,2026-05-10 16:20:00,Hanford,1,2026-05-11 08:16:16
Priest Rapids Tailrace CHN,3,G72AE7D97,2026-05-05 17:03:39,2026-05-07 16:28:00,Lower Ringold,1,2026-05-08 07:34:30
Priest Rapids Tailrace CHN,3,G72AE7D97,2026-05-05 17:03:39,2026-05-07 16:28:00,Hanford,1,2026-05-08 11:07:24
Priest Rapids Tailrace CHN,3,G72AE9BA3,2026-05-04 18:04:56,2026-05-06 16:47:00,Lower Ringold,0,
Priest Rapids Tailrace CHN,3,G72AE9BA3,2026-05-04 18:04:56,2026-05-06 16:47:00,Hanford,0,
Priest Rapids Tailrace CHN,3,G72AEBADE,2026-05-08 17:07:48,2026-05-10 16:20:00,Lower Ringold,1,2026-05-12 04:13:46
Priest Rapids Tailrace CHN,3,G72AEBADE,2026-05-08 17:07:48,2026-05-10 16:20:00,Hanford,1,2026-05-12 08:20:01
Priest Rapids Tailrace CHN,3,G72AF1616,2026-05-07 17:09:42,2026-05-09 16:31:00,Lower Ringold,1,2026-05-11 02:44:10
Priest Rapids Tailrace CHN,3,G72AF1616,2026-05-07 17:09:42,2026-05-09 16:31:00,Hanford,1,2026-05-11 06:18:12
Priest Rapids Tailrace CHN,1,G72B0A8CF,2026-05-07 17:13:17,2026-05-09 16:31:00,Lower Ringold,1,2026-05-10 04:38:49
Priest Rapids Tailrace CHN,1,G72B0A8CF,2026-05-07 17:13:17,2026-05-09 16:31:00,Hanford,1,2026-05-10 08:46:07
Priest Rapids Tailrace CHN,1,G72B14A5E,2026-05-03 18:18:45,2026-05-05 17:13:00,Lower Ringold,1,2026-05-06 06:08:56
Priest Rapids Tailrace CHN,1,G72B14A5E,2026-05-03 18:18:45,2026-05-05 17:13:00,Hanford,0,
Priest Rapids Tailrace CHN,1,G72B1CEB3,2026-05-04 18:01:30,2026-05-06 16:47:00,Lower Ringold,1,2026-05-08 12:35:38
Priest Rapids Tailrace CHN,1,G72B1CEB3,2026-05-04 18:01:30,2026-05-06 16:47:00,Hanford,1,2026-05-09 05:50:01
Priest Rapids Tailrace CHN,1,G72B209AF,2026-05-05 17:04:16,2026-05-07 16:28:00,Lower Ringold,1,2026-05-08 07:39:42
Priest Rapids Tailrace CHN,1,G72B209AF,2026-05-05 17:04:16,2026-05-07 16:28:00,Hanford,1,2026-05-08 11:15:53
Priest Rapids Tailrace CHN,1,G72B24397,2026-05-04 18:01:46,2026-05-06 16:47:00,Lower Ringold,1,2026-05-07 11:46:30
Priest Rapids Tailrace CHN,1,G72B24397,2026-05-04 18:01:46,2026-05-06 16:47:00,Hanford,1,2026-05-08 05:51:50
Priest Rapids Tailrace CHN,1,G72B251B6,2026-05-02 17:39:01,2026-05-04 16:25:00,Lower Ringold,1,2026-05-05 05:57:33
Priest Rapids Tailrace CHN,1,G72B251B6,2026-05-02 17:39:01,2026-05-04 16:25:00,Hanford,1,2026-05-05 09:22:15
Priest Rapids Tailrace CHN,1,G72B2576B,2026-05-06 17:51:39,2026-05-09 16:31:00,Lower Ringold,1,2026-05-10 13:52:20
Priest Rapids Tailrace CHN,1,G72B2576B,2026-05-06 17:51:39,2026-05-09 16:31:00,Hanford,1,2026-05-10 17:50:01
Priest Rapids Tailrace CHN,2,G72B43F66,2026-05-05 16:47:59,2026-05-07 16:28:00,Lower Ringold,1,2026-05-08 09:20:25
Priest Rapids Tailrace CHN,2,G72B43F66,2026-05-05 16:47:59,2026-05-07 16:28:00,Hanford,1,2026-05-08 12:45:27
Priest Rapids Tailrace CHN,2,G72B45A3C,2026-05-02 18:04:53,2026-05-04 16:25:00,Lower Ringold,1,2026-05-06 05:17:46
Priest Rapids Tailrace CHN,2,G72B45A3C,2026-05-02 18:04:53,2026-05-04 16:25:00,Hanford,1,2026-05-06 08:35:16
Priest Rapids Tailrace CHN,2,G72B4A457,2026-05-07 17:14:29,2026-05-09 16:31:00,Lower Ringold,1,2026-05-10 07:37:55
Priest Rapids Tailrace CHN,2,G72B4A457,2026-05-07 17:14:29,2026-05-09 16:31:00,Hanford,1,2026-05-10 10:19:41
Priest Rapids Tailrace CHN,1,G72B4AE29,2026-05-06 18:16:43,2026-05-09 16:31:00,Lower Ringold,1,2026-05-10 05:59:53
Priest Rapids Tailrace CHN,1,G72B4AE29,2026-05-06 18:16:43,2026-05-09 16:31:00,Hanford,1,2026-05-10 14:29:01
Priest Rapids Tailrace CHN,2,G72B4ED8D,2026-05-03 18:45:50,2026-05-05 17:13:00,Lower Ringold,1,2026-05-06 10:09:36
Priest Rapids Tailrace CHN,2,G72B4ED8D,2026-05-03 18:45:50,2026-05-05 17:13:00,Hanford,1,2026-05-06 13:04:49
Priest Rapids Tailrace CHN,2,G72B56459,2026-05-02 17:59:21,2026-05-04 16:25:00,Lower Ringold,1,2026-05-05 05:13:38
Priest Rapids Tailrace CHN,2,G72B56459,2026-05-02 17:59:21,2026-05-04 16:25:00,Hanford,1,2026-05-05 07:47:38
Priest Rapids Tailrace CHN,1,G72B623C9,2026-05-08 17:03:54,2026-05-10 16:20:00,Lower Ringold,1,2026-05-11 09:42:27
Priest Rapids Tailrace CHN,1,G72B623C9,2026-05-08 17:03:54,2026-05-10 16:20:00,Hanford,1,2026-05-11 12:52:13
Priest Rapids Tailrace CHN,1,G72B6F39E,2026-05-01 17:19:43,2026-05-03 16:31:00,Lower Ringold,1,2026-05-04 04:48:02
Priest Rapids Tailrace CHN,1,G72B6F39E,2026-05-01 17:19:43,2026-05-03 16:31:00,Hanford,1,2026-05-04 07:45:43
Priest Rapids Tailrace CHN,3,G72B9E245,2026-05-02 18:05:29,2026-05-04 16:25:00,Lower Ringold,1,2026-05-05 07:54:30
Priest Rapids Tailrace CHN,3,G72B9E245,2026-05-02 18:05:29,2026-05-04 16:25:00,Hanford,1,2026-05-05 10:39:51
Priest Rapids Tailrace CHN,3,G72BA0045,2026-04-30 16:41:37,2026-05-02 16:36:00,Lower Ringold,0,
Priest Rapids Tailrace CHN,3,G72BA0045,2026-04-30 16:41:37,2026-05-02 16:36:00,Hanford,0,
Priest Rapids Tailrace CHN,1,G72BA31A5,2026-05-07 17:18:55,2026-05-09 16:31:00,Lower Ringold,1,2026-05-10 13:11:13
Priest Rapids Tailrace CHN,1,G72BA31A5,2026-05-07 17:18:55,2026-05-09 16:31:00,Hanford,1,2026-05-10 16:21:15
Priest Rapids Tailrace CHN,3,G72BB44A6,2026-05-02 17:44:23,2026-05-04 16:25:00,Lower Ringold,1,2026-05-05 08:05:42
Priest Rapids Tailrace CHN,3,G72BB44A6,2026-05-02 17:44:23,2026-05-04 16:25:00,Hanford,1,2026-05-05 11:37:56
Priest Rapids Tailrace CHN,3,G72BB61BA,2026-05-01 17:22:49,2026-05-03 16:31:00,Lower Ringold,1,2026-05-04 16:10:42
Priest Rapids Tailrace CHN,3,G72BB61BA,2026-05-01 17:22:49,2026-05-03 16:31:00,Hanford,1,2026-05-05 00:05:19
Priest Rapids Tailrace CHN,3,G72BBB66E,2026-05-08 20:01:36,2026-05-10 16:20:00,Lower Ringold,1,2026-05-11 08:39:46
Priest Rapids Tailrace CHN,3,G72BBB66E,2026-05-08 20:01:36,2026-05-10 16:20:00,Hanford,1,2026-05-11 11:50:57
Priest Rapids Tailrace CHN,3,G72BC2AB2,2026-05-08 20:00:52,2026-05-10 16:20:00,Lower Ringold,1,2026-05-11 08:35:34
Priest Rapids Tailrace CHN,3,G72BC2AB2,2026-05-08 20:00:52,2026-05-10 16:20:00,Hanford,1,2026-05-11 11:52:39
Priest Rapids Tailrace CHN,3,G72BC41F7,2026-05-04 17:47:50,2026-05-06 16:47:00,Lower Ringold,1,2026-05-07 16:35:17
Priest Rapids Tailrace CHN,3,G72BC41F7,2026-05-04 17:47:50,2026-05-06 16:47:00,Hanford,1,2026-05-07 20:51:20
Priest Rapids Tailrace CHN,3,G72BCE785,2026-05-04 17:51:22,2026-05-06 16:47:00,Lower Ringold,1,2026-05-07 11:42:19
Priest Rapids Tailrace CHN,3,G72BCE785,2026-05-04 17:51:22,2026-05-06 16:47:00,Hanford,1,2026-05-07 15:34:24
Priest Rapids Tailrace CHN,3,G72C17E37,2026-05-01 17:14:45,2026-05-03 16:31:00,Lower Ringold,1,2026-05-04 06:22:54
Priest Rapids Tailrace CHN,3,G72C17E37,2026-05-01 17:14:45,2026-05-03 16:31:00,Hanford,1,2026-05-04 09:06:17
Priest Rapids Tailrace CHN,1,G72C21018,2026-05-01 17:18:43,2026-05-03 16:31:00,Lower Ringold,1,2026-05-04 08:27:53
Priest Rapids Tailrace CHN,1,G72C21018,2026-05-01 17:18:43,2026-05-03 16:31:00,Hanford,1,2026-05-04 11:38:17
Priest Rapids Tailrace CHN,1,G72C4D419,2026-05-04 18:04:20,2026-05-06 16:47:00,Lower Ringold,0,
Priest Rapids Tailrace CHN,1,G72C4D419,2026-05-04 18:04:20,2026-05-06 16:47:00,Hanford,0,
Priest Rapids Tailrace CHN,1,G72C633E2,2026-05-02 17:23:22,2026-05-04 16:25:00,Lower Ringold,1,2026-05-05 09:34:39
Priest Rapids Tailrace CHN,1,G72C633E2,2026-05-02 17:23:22,2026-05-04 16:25:00,Hanford,1,2026-05-05 12:23:31
Priest Rapids Tailrace CHN,1,G72C73326,2026-05-01 17:19:23,2026-05-03 16:31:00,Lower Ringold,1,2026-05-04 03:56:54
Priest Rapids Tailrace CHN,1,G72C73326,2026-05-01 17:19:23,2026-05-03 16:31:00,Hanford,1,2026-05-04 06:48:56
Priest Rapids Tailrace CHN,1,G72C76141,2026-05-02 17:57:37,2026-05-04 16:25:00,Lower Ringold,1,2026-05-10 19:30:19
Priest Rapids Tailrace CHN,1,G72C76141,2026-05-02 17:57:37,2026-05-04 16:25:00,Hanford,1,2026-05-10 23:01:24
Priest Rapids Tailrace CHN,1,G72C796B6,2026-05-06 17:56:58,2026-05-09 16:31:00,Lower Ringold,1,2026-05-10 09:39:57
Priest Rapids Tailrace CHN,1,G72C796B6,2026-05-06 17:56:58,2026-05-09 16:31:00,Hanford,1,2026-05-10 12:46:19
Priest Rapids Tailrace CHN,1,G72C7F531,2026-05-03 18:34:05,2026-05-05 17:13:00,Lower Ringold,1,2026-05-06 09:06:50
Priest Rapids Tailrace CHN,1,G72C7F531,2026-05-03 18:34:05,2026-05-05 17:13:00,Hanford,1,2026-05-06 11:58:26
Priest Rapids Tailrace CHN,1,G72C8381E,2026-05-06 18:10:18,2026-05-09 16:31:00,Lower Ringold,1,2026-05-10 05:01:13
Priest Rapids Tailrace CHN,1,G72C8381E,2026-05-06 18:10:18,2026-05-09 16:31:00,Hanford,1,2026-05-10 08:33:52
Priest Rapids Tailrace CHN,1,G72C94481,2026-05-03 18:42:41,2026-05-05 17:13:00,Lower Ringold,1,2026-05-06 15:42:12
Priest Rapids Tailrace CHN,1,G72C94481,2026-05-03 18:42:41,2026-05-05 17:13:00,Hanford,1,2026-05-06 19:24:02
Priest Rapids Tailrace CHN,3,G72C99FF6,2026-05-07 17:15:39,2026-05-09 16:31:00,Lower Ringold,1,2026-05-10 05:28:53
Priest Rapids Tailrace CHN,3,G72C99FF6,2026-05-07 17:15:39,2026-05-09 16:31:00,Hanford,1,2026-05-10 12:46:43
Priest Rapids Tailrace CHN,1,G72CAA3BE,2026-05-06 17:53:06,2026-05-09 16:31:00,Lower Ringold,1,2026-05-10 17:04:09
Priest Rapids Tailrace CHN,1,G72CAA3BE,2026-05-06 17:53:06,2026-05-09 16:31:00,Hanford,1,2026-05-10 21:57:42
Priest Rapids Tailrace CHN,1,G72CBDA1E,2026-05-07 17:30:21,2026-05-09 16:31:00,Lower Ringold,0,
Priest Rapids Tailrace CHN,1,G72CBDA1E,2026-05-07 17:30:21,2026-05-09 16:31:00,Hanford,0,
Priest Rapids Tailrace CHN,3,G72CD9C2F,2026-05-06 18:03:12,2026-05-09 16:31:00,Lower Ringold,1,2026-05-10 06:01:06
Priest Rapids Tailrace CHN,3,G72CD9C2F,2026-05-06 18:03:12,2026-05-09 16:31:00,Hanford,1,2026-05-10 09:16:13
Priest Rapids Tailrace CHN,3,G72CEB966,2026-05-04 18:01:06,2026-05-06 16:47:00,Lower Ringold,1,2026-05-07 05:24:19
Priest Rapids Tailrace CHN,3,G72CEB966,2026-05-04 18:01:06,2026-05-06 16:47:00,Hanford,1,2026-05-07 08:38:43
Priest Rapids Tailrace CHN,3,G72CECE1D,2026-05-05 17:07:41,2026-05-07 16:28:00,Lower Ringold,1,2026-05-09 05:07:31
Priest Rapids Tailrace CHN,3,G72CECE1D,2026-05-05 17:07:41,2026-05-07 16:28:00,Hanford,1,2026-05-09 08:52:36
Priest Rapids Tailrace CHN,3,G72CFAC00,2026-05-07 17:18:33,2026-05-09 16:31:00,Lower Ringold,1,2026-05-10 09:04:00
Priest Rapids Tailrace CHN,3,G72CFAC00,2026-05-07 17:18:33,2026-05-09 16:31:00,Hanford,1,2026-05-10 11:50:23
Priest Rapids Tailrace CHN,3,G72CFC324,2026-05-02 18:06:48,2026-05-04 16:25:00,Lower Ringold,1,2026-05-05 07:05:49
Priest Rapids Tailrace CHN,3,G72CFC324,2026-05-02 18:06:48,2026-05-04 16:25:00,Hanford,1,2026-05-05 16:02:50
Priest Rapids Tailrace CHN,3,G72CFDDA6,2026-05-05 16:52:29,2026-05-07 16:28:00,Lower Ringold,1,2026-05-08 05:07:43
Priest Rapids Tailrace CHN,3,G72CFDDA6,2026-05-05 16:52:29,2026-05-07 16:28:00,Hanford,1,2026-05-08 08:35:05
Priest Rapids Tailrace CHN,3,G72D21629,2026-05-05 16:50:25,2026-05-07 16:28:00,Lower Ringold,1,2026-05-09 12:14:51
Priest Rapids Tailrace CHN,3,G72D21629,2026-05-05 16:50:25,2026-05-07 16:28:00,Hanford,1,2026-05-09 16:28:55
Priest Rapids Tailrace CHN,3,G72D22CE9,2026-05-06 18:15:01,2026-05-09 16:31:00,Lower Ringold,1,2026-05-10 18:32:00
Priest Rapids Tailrace CHN,3,G72D22CE9,2026-05-06 18:15:01,2026-05-09 16:31:00,Hanford,1,2026-05-10 22:22:11
Priest Rapids Tailrace CHN,1,G72D28307,2026-05-08 16:53:53,2026-05-10 16:20:00,Lower Ringold,1,2026-05-11 17:30:56
Priest Rapids Tailrace CHN,1,G72D28307,2026-05-08 16:53:53,2026-05-10 16:20:00,Hanford,1,2026-05-11 21:32:22
Priest Rapids Tailrace CHN,1,G72D29419,2026-05-06 17:58:41,2026-05-09 16:31:00,Lower Ringold,1,2026-05-12 06:24:47
Priest Rapids Tailrace CHN,1,G72D29419,2026-05-06 17:58:41,2026-05-09 16:31:00,Hanford,1,2026-05-12 09:46:23
Priest Rapids Tailrace CHN,2,G72D2BDA6,2026-05-01 17:21:33,2026-05-03 16:31:00,Lower Ringold,1,2026-05-04 07:51:31
Priest Rapids Tailrace CHN,2,G72D2BDA6,2026-05-01 17:21:33,2026-05-03 16:31:00,Hanford,1,2026-05-04 15:54:28
Priest Rapids Tailrace CHN,1,G72D2DA40,2026-05-04 17:49:34,2026-05-06 16:47:00,Lower Ringold,1,2026-05-08 04:03:17
Priest Rapids Tailrace CHN,1,G72D2DA40,2026-05-04 17:49:34,2026-05-06 16:47:00,Hanford,1,2026-05-10 12:13:57
Priest Rapids Tailrace CHN,1,G72D35D8B,2026-05-07 17:30:45,2026-05-09 16:31:00,Lower Ringold,1,2026-05-10 05:37:01
Priest Rapids Tailrace CHN,1,G72D35D8B,2026-05-07 17:30:45,2026-05-09 16:31:00,Hanford,1,2026-05-10 08:54:00
Priest Rapids Tailrace CHN,2,G72D47165,2026-05-01 17:23:07,2026-05-03 16:31:00,Lower Ringold,1,2026-05-04 13:17:53
Priest Rapids Tailrace CHN,2,G72D47165,2026-05-01 17:23:07,2026-05-03 16:31:00,Hanford,1,2026-05-04 18:04:41
Priest Rapids Tailrace CHN,1,G72D56E7D,2026-05-07 17:20:36,2026-05-09 16:31:00,Lower Ringold,1,2026-05-10 06:29:21
Priest Rapids Tailrace CHN,1,G72D56E7D,2026-05-07 17:20:36,2026-05-09 16:31:00,Hanford,1,2026-05-10 09:37:01
Priest Rapids Tailrace CHN,1,G72D6AA83,2026-05-07 17:21:03,2026-05-09 16:31:00,Lower Ringold,1,2026-05-11 01:55:42
Priest Rapids Tailrace CHN,1,G72D6AA83,2026-05-07 17:21:03,2026-05-09 16:31:00,Hanford,1,2026-05-11 06:02:09
Priest Rapids Tailrace CHN,1,G72D7E9E3,2026-05-08 17:01:35,2026-05-10 16:20:00,Lower Ringold,0,
Priest Rapids Tailrace CHN,1,G72D7E9E3,2026-05-08 17:01:35,2026-05-10 16:20:00,Hanford,0,
Priest Rapids Tailrace CHN,1,G72D86257,2026-05-07 17:16:24,2026-05-09 16:31:00,Lower Ringold,1,2026-05-10 09:05:10
Priest Rapids Tailrace CHN,1,G72D86257,2026-05-07 17:16:24,2026-05-09 16:31:00,Hanford,1,2026-05-10 13:02:41
Priest Rapids Tailrace CHN,1,G72D92408,2026-05-03 18:35:02,2026-05-05 17:13:00,Lower Ringold,1,2026-05-06 07:19:29
Priest Rapids Tailrace CHN,1,G72D92408,2026-05-03 18:35:02,2026-05-05 17:13:00,Hanford,1,2026-05-06 10:16:20
Priest Rapids Tailrace CHN,1,G72D96B0F,2026-05-02 18:04:05,2026-05-04 16:25:00,Lower Ringold,1,2026-05-05 04:29:37
Priest Rapids Tailrace CHN,1,G72D96B0F,2026-05-02 18:04:05,2026-05-04 16:25:00,Hanford,1,2026-05-05 07:16:21
Priest Rapids Tailrace CHN,2,G72D98C65,2026-05-03 18:29:45,2026-05-05 17:13:00,Lower Ringold,0,
Priest Rapids Tailrace CHN,2,G72D98C65,2026-05-03 18:29:45,2026-05-05 17:13:00,Hanford,0,
Priest Rapids Tailrace CHN,3,G72DA4684,2026-05-02 17:50:12,2026-05-04 16:25:00,Lower Ringold,0,
Priest Rapids Tailrace CHN,3,G72DA4684,2026-05-02 17:50:12,2026-05-04 16:25:00,Hanford,0,
Priest Rapids Tailrace CHN,3,G72DB599C,2026-05-06 18:09:10,2026-05-09 16:31:00,Lower Ringold,1,2026-05-10 06:58:43
Priest Rapids Tailrace CHN,3,G72DB599C,2026-05-06 18:09:10,2026-05-09 16:31:00,Hanford,1,2026-05-10 14:00:43
Priest Rapids Tailrace CHN,3,G72DB751C,2026-05-06 18:15:38,2026-05-09 16:31:00,Lower Ringold,1,2026-05-10 06:27:50
Priest Rapids Tailrace CHN,3,G72DB751C,2026-05-06 18:15:38,2026-05-09 16:31:00,Hanford,1,2026-05-10 09:35:51
Priest Rapids Tailrace CHN,3,G72DD1A92,2026-05-05 16:58:53,2026-05-07 16:28:00,Lower Ringold,1,2026-05-09 05:23:25
Priest Rapids Tailrace CHN,3,G72DD1A92,2026-05-05 16:58:53,2026-05-07 16:28:00,Hanford,1,2026-05-09 13:18:24
Priest Rapids Tailrace CHN,2,G72DE0C87,2026-05-01 17:35:29,2026-05-03 16:31:00,Lower Ringold,1,2026-05-04 18:44:50
Priest Rapids Tailrace CHN,2,G72DE0C87,2026-05-01 17:35:29,2026-05-03 16:31:00,Hanford,1,2026-05-05 01:13:23
Priest Rapids Tailrace CHN,3,G72DEA849,2026-05-08 17:00:50,2026-05-10 16:20:00,Lower Ringold,1,2026-05-11 08:39:09
Priest Rapids Tailrace CHN,3,G72DEA849,2026-05-08 17:00:50,2026-05-10 16:20:00,Hanford,1,2026-05-11 15:37:34
Priest Rapids Tailrace CHN,3,G72DECFAF,2026-05-05 17:10:13,2026-05-07 16:28:00,Lower Ringold,1,2026-05-08 11:05:07
Priest Rapids Tailrace CHN,3,G72DECFAF,2026-05-05 17:10:13,2026-05-07 16:28:00,Hanford,1,2026-05-08 15:50:32
Priest Rapids Tailrace CHN,3,G72DF6658,2026-05-08 19:59:30,2026-05-10 16:20:00,Lower Ringold,1,2026-05-11 07:24:55
Priest Rapids Tailrace CHN,3,G72DF6658,2026-05-08 19:59:30,2026-05-10 16:20:00,Hanford,1,2026-05-11 13:26:31
Priest Rapids Tailrace CHN,3,G72DF90F1,2026-05-05 16:30:21,2026-05-07 16:28:00,Lower Ringold,1,2026-05-09 05:05:58
Priest Rapids Tailrace CHN,3,G72DF90F1,2026-05-05 16:30:21,2026-05-07 16:28:00,Hanford,1,2026-05-24 05:25:57
Priest Rapids Tailrace CHN,1,G72E073CF,2026-05-07 17:19:34,2026-05-09 16:31:00,Lower Ringold,1,2026-05-11 13:16:48
Priest Rapids Tailrace CHN,1,G72E073CF,2026-05-07 17:19:34,2026-05-09 16:31:00,Hanford,1,2026-05-11 17:14:42
Priest Rapids Tailrace CHN,1,G72E0C983,2026-05-04 17:50:40,2026-05-06 16:47:00,Lower Ringold,1,2026-05-07 06:06:34
Priest Rapids Tailrace CHN,1,G72E0C983,2026-05-04 17:50:40,2026-05-06 16:47:00,Hanford,1,2026-05-07 09:04:26
Priest Rapids Tailrace CHN,2,G72E1BE3C,2026-05-08 19:58:57,2026-05-10 16:20:00,Lower Ringold,1,2026-05-11 10:51:00
Priest Rapids Tailrace CHN,2,G72E1BE3C,2026-05-08 19:58:57,2026-05-10 16:20:00,Hanford,0,
Priest Rapids Tailrace CHN,3,G72E35105,2026-05-07 17:21:32,2026-05-09 16:31:00,Lower Ringold,1,2026-05-10 11:09:45
Priest Rapids Tailrace CHN,3,G72E35105,2026-05-07 17:21:32,2026-05-09 16:31:00,Hanford,1,2026-05-10 13:57:53
Priest Rapids Tailrace CHN,1,G72E3D60A,2026-05-08 16:52:57,2026-05-10 16:20:00,Lower Ringold,0,
Priest Rapids Tailrace CHN,1,G72E3D60A,2026-05-08 16:52:57,2026-05-10 16:20:00,Hanford,0,
Priest Rapids Tailrace CHN,3,G72E4B940,2026-05-02 17:54:55,2026-05-04 16:25:00,Lower Ringold,1,2026-05-05 05:58:19
Priest Rapids Tailrace CHN,3,G72E4B940,2026-05-02 17:54:55,2026-05-04 16:25:00,Hanford,1,2026-05-05 08:55:33
Priest Rapids Tailrace CHN,3,G72E5C25C,2026-05-07 17:25:58,2026-05-09 16:31:00,Lower Ringold,0,
Priest Rapids Tailrace CHN,3,G72E5C25C,2026-05-07 17:25:58,2026-05-09 16:31:00,Hanford,0,
Priest Rapids Tailrace CHN,2,G72E666C7,2026-05-07 17:16:00,2026-05-09 16:31:00,Lower Ringold,1,2026-05-11 03:05:44
Priest Rapids Tailrace CHN,2,G72E666C7,2026-05-07 17:16:00,2026-05-09 16:31:00,Hanford,1,2026-05-11 14:34:27
Priest Rapids Tailrace CHN,1,G72E6F00B,2026-05-03 18:43:21,2026-05-05 17:13:00,Lower Ringold,1,2026-05-06 06:15:28
Priest Rapids Tailrace CHN,1,G72E6F00B,2026-05-03 18:43:21,2026-05-05 17:13:00,Hanford,1,2026-05-06 09:17:58
Priest Rapids Tailrace CHN,1,G72E73A7B,2026-05-06 18:08:17,2026-05-09 16:31:00,Lower Ringold,1,2026-05-10 10:11:55
Priest Rapids Tailrace CHN,1,G72E73A7B,2026-05-06 18:08:17,2026-05-09 16:31:00,Hanford,1,2026-05-10 13:43:53
Priest Rapids Tailrace CHN,1,G72E773A1,2026-05-06 17:58:13,2026-05-09 16:31:00,Lower Ringold,1,2026-05-10 04:36:44
Priest Rapids Tailrace CHN,1,G72E773A1,2026-05-06 17:58:13,2026-05-09 16:31:00,Hanford,1,2026-05-10 07:53:09
Priest Rapids Tailrace CHN,3,G72E7B654,2026-05-08 19:56:35,2026-05-10 16:20:00,Lower Ringold,1,2026-05-11 10:17:28
Priest Rapids Tailrace CHN,3,G72E7B654,2026-05-08 19:56:35,2026-05-10 16:20:00,Hanford,1,2026-05-11 13:29:34
Priest Rapids Tailrace CHN,1,G72E8EA34,2026-05-02 17:53:20,2026-05-04 16:25:00,Lower Ringold,0,
Priest Rapids Tailrace CHN,1,G72E8EA34,2026-05-02 17:53:20,2026-05-04 16:25:00,Hanford,0,
Priest Rapids Tailrace CHN,2,G72E92044,2026-05-03 18:40:28,2026-05-05 17:13:00,Lower Ringold,1,2026-05-06 12:38:27
Priest Rapids Tailrace CHN,2,G72E92044,2026-05-03 18:40:28,2026-05-05 17:13:00,Hanford,1,2026-05-06 16:07:09
Priest Rapids Tailrace CHN,2,G72EA0B12,2026-05-07 17:29:23,2026-05-09 16:31:00,Lower Ringold,1,2026-05-10 06:14:44
Priest Rapids Tailrace CHN,2,G72EA0B12,2026-05-07 17:29:23,2026-05-09 16:31:00,Hanford,1,2026-05-10 09:33:22
Priest Rapids Tailrace CHN,1,G72EC0C3B,2026-05-01 17:28:21,2026-05-03 16:31:00,Lower Ringold,1,2026-05-04 21:23:19
Priest Rapids Tailrace CHN,1,G72EC0C3B,2026-05-01 17:28:21,2026-05-03 16:31:00,Hanford,1,2026-05-05 02:57:08
Priest Rapids Tailrace CHN,1,G72EC38E4,2026-05-01 17:20:10,2026-05-03 16:31:00,Lower Ringold,1,2026-05-04 08:47:50
Priest Rapids Tailrace CHN,1,G72EC38E4,2026-05-01 17:20:10,2026-05-03 16:31:00,Hanford,1,2026-05-04 12:12:15
Priest Rapids Tailrace CHN,1,G72EC5B63,2026-05-08 16:56:23,2026-05-10 16:20:00,Lower Ringold,1,2026-05-11 06:02:20
Priest Rapids Tailrace CHN,1,G72EC5B63,2026-05-08 16:56:23,2026-05-10 16:20:00,Hanford,1,2026-05-11 09:12:36
Priest Rapids Tailrace CHN,1,G72EC6BDD,2026-05-01 17:26:51,2026-05-03 16:31:00,Lower Ringold,1,2026-05-04 05:04:53
Priest Rapids Tailrace CHN,1,G72EC6BDD,2026-05-01 17:26:51,2026-05-03 16:31:00,Hanford,1,2026-05-04 08:02:43
Priest Rapids Tailrace CHN,1,G72ECB595,2026-05-02 17:40:45,2026-05-04 16:25:00,Lower Ringold,1,2026-05-05 10:39:10
Priest Rapids Tailrace CHN,1,G72ECB595,2026-05-02 17:40:45,2026-05-04 16:25:00,Hanford,1,2026-05-06 03:22:59
Priest Rapids Tailrace CHN,1,G72ED31BC,2026-05-03 18:32:46,2026-05-05 17:13:00,Lower Ringold,1,2026-05-06 05:47:31
Priest Rapids Tailrace CHN,1,G72ED31BC,2026-05-03 18:32:46,2026-05-05 17:13:00,Hanford,1,2026-05-06 08:57:50
Priest Rapids Tailrace CHN,2,G72ED43F8,2026-05-03 18:45:29,2026-05-05 17:13:00,Lower Ringold,1,2026-05-06 12:59:19
Priest Rapids Tailrace CHN,2,G72ED43F8,2026-05-03 18:45:29,2026-05-05 17:13:00,Hanford,1,2026-05-06 16:56:52
Priest Rapids Tailrace CHN,2,G72EDC715,2026-05-05 16:49:27,2026-05-07 16:28:00,Lower Ringold,0,
Priest Rapids Tailrace CHN,2,G72EDC715,2026-05-05 16:49:27,2026-05-07 16:28:00,Hanford,0,
Priest Rapids Tailrace CHN,1,G72EE23C8,2026-05-03 18:30:13,2026-05-05 17:13:00,Lower Ringold,1,2026-05-06 06:36:14
Priest Rapids Tailrace CHN,1,G72EE23C8,2026-05-03 18:30:13,2026-05-05 17:13:00,Hanford,1,2026-05-06 09:47:34
Priest Rapids Tailrace CHN,1,G72EE2A54,2026-05-03 18:38:47,2026-05-05 17:13:00,Lower Ringold,1,2026-05-07 01:17:13
Priest Rapids Tailrace CHN,1,G72EE2A54,2026-05-03 18:38:47,2026-05-05 17:13:00,Hanford,1,2026-05-07 08:26:14
Priest Rapids Tailrace CHN,2,G72EF05F2,2026-05-02 17:57:02,2026-05-04 16:25:00,Lower Ringold,1,2026-05-05 05:29:16
Priest Rapids Tailrace CHN,2,G72EF05F2,2026-05-02 17:57:02,2026-05-04 16:25:00,Hanford,1,2026-05-05 08:39:38
Priest Rapids Tailrace CHN,3,G72EFAF23,2026-05-07 17:26:44,2026-05-09 16:31:00,Lower Ringold,1,2026-05-10 06:14:59
Priest Rapids Tailrace CHN,3,G72EFAF23,2026-05-07 17:26:44,2026-05-09 16:31:00,Hanford,1,2026-05-10 09:14:36
Priest Rapids Tailrace CHN,2,G72EFB77C,2026-05-06 18:14:26,2026-05-10 16:20:00,Lower Ringold,0,
Priest Rapids Tailrace CHN,2,G72EFB77C,2026-05-06 18:14:26,2026-05-10 16:20:00,Hanford,0,
Priest Rapids Tailrace CHN,1,G72F20FE9,2026-05-01 17:29:36,2026-05-03 16:31:00,Lower Ringold,1,2026-05-04 07:17:20
Priest Rapids Tailrace CHN,1,G72F20FE9,2026-05-01 17:29:36,2026-05-03 16:31:00,Hanford,1,2026-05-04 10:15:15
Priest Rapids Tailrace CHN,1,G72F3C21A,2026-05-08 17:00:28,2026-05-10 16:20:00,Lower Ringold,1,2026-05-11 12:04:27
Priest Rapids Tailrace CHN,1,G72F3C21A,2026-05-08 17:00:28,2026-05-10 16:20:00,Hanford,1,2026-05-11 16:51:15
Priest Rapids Tailrace CHN,3,G72F46067,2026-05-01 17:18:03,2026-05-03 16:31:00,Lower Ringold,1,2026-05-04 04:55:22
Priest Rapids Tailrace CHN,3,G72F46067,2026-05-01 17:18:03,2026-05-03 16:31:00,Hanford,1,2026-05-04 07:45:31
Priest Rapids Tailrace CHN,2,G72F47246,2026-05-06 17:57:32,2026-05-09 16:31:00,Lower Ringold,1,2026-05-11 08:58:33
Priest Rapids Tailrace CHN,2,G72F47246,2026-05-06 17:57:32,2026-05-09 16:31:00,Hanford,1,2026-05-11 12:37:17
Priest Rapids Tailrace CHN,1,G72F6D619,2026-05-01 17:30:20,2026-05-03 16:31:00,Lower Ringold,1,2026-05-04 11:39:49
Priest Rapids Tailrace CHN,1,G72F6D619,2026-05-01 17:30:20,2026-05-03 16:31:00,Hanford,1,2026-05-05 18:52:51
Priest Rapids Tailrace CHN,3,G72F81AAC,2026-05-07 17:23:09,2026-05-09 16:31:00,Lower Ringold,0,
Priest Rapids Tailrace CHN,3,G72F81AAC,2026-05-07 17:23:09,2026-05-09 16:31:00,Hanford,0,
Priest Rapids Tailrace CHN,3,G72F85649,2026-05-05 16:38:44,2026-05-07 16:28:00,Lower Ringold,1,2026-05-08 08:18:48
Priest Rapids Tailrace CHN,3,G72F85649,2026-05-05 16:38:44,2026-05-07 16:28:00,Hanford,1,2026-05-08 11:21:51
Priest Rapids Tailrace CHN,3,G72F99647,2026-05-04 18:10:24,2026-05-06 16:47:00,Lower Ringold,1,2026-05-07 06:04:55
Priest Rapids Tailrace CHN,3,G72F99647,2026-05-04 18:10:24,2026-05-06 16:47:00,Hanford,1,2026-05-07 09:10:10
Priest Rapids Tailrace CHN,2,G72FA0180,2026-05-03 18:28:00,2026-05-05 17:13:00,Lower Ringold,0,
Priest Rapids Tailrace CHN,2,G72FA0180,2026-05-03 18:28:00,2026-05-05 17:13:00,Hanford,0,
Priest Rapids Tailrace CHN,3,G72FA3A1E,2026-05-06 18:00:25,2026-05-09 16:31:00,Lower Ringold,1,2026-05-10 06:01:14
Priest Rapids Tailrace CHN,3,G72FA3A1E,2026-05-06 18:00:25,2026-05-09 16:31:00,Hanford,0,
Priest Rapids Tailrace CHN,3,G72FA4904,2026-05-02 18:00:17,2026-05-04 16:25:00,Lower Ringold,1,2026-05-05 04:13:15
Priest Rapids Tailrace CHN,3,G72FA4904,2026-05-02 18:00:17,2026-05-04 16:25:00,Hanford,1,2026-05-05 06:57:52
Priest Rapids Tailrace STH,2,G720041B8,2026-05-07 18:22:52,2026-05-09 16:31:00,Lower Ringold,1,2026-05-10 14:34:03
Priest Rapids Tailrace STH,2,G720041B8,2026-05-07 18:22:52,2026-05-09 16:31:00,Hanford,1,2026-05-11 04:15:09
Priest Rapids Tailrace STH,2,G72006746,2026-05-10 17:59:11,2026-05-12 16:15:00,Lower Ringold,1,2026-05-13 03:23:41
Priest Rapids Tailrace STH,2,G72006746,2026-05-10 17:59:11,2026-05-12 16:15:00,Hanford,1,2026-05-13 07:21:46
Priest Rapids Tailrace STH,2,G72015EA0,2026-05-08 20:47:38,2026-05-10 16:20:00,Lower Ringold,1,2026-05-11 03:17:59
Priest Rapids Tailrace STH,2,G72015EA0,2026-05-08 20:47:38,2026-05-10 16:20:00,Hanford,1,2026-05-11 07:36:09
Priest Rapids Tailrace STH,2,G7201AAB5,2026-05-08 20:41:29,2026-05-10 16:20:00,Lower Ringold,0,
Priest Rapids Tailrace STH,2,G7201AAB5,2026-05-08 20:41:29,2026-05-10 16:20:00,Hanford,0,
Priest Rapids Tailrace STH,2,G7202DCC5,2026-05-10 17:53:33,2026-05-12 16:15:00,Lower Ringold,1,2026-05-13 04:02:05
Priest Rapids Tailrace STH,2,G7202DCC5,2026-05-10 17:53:33,2026-05-12 16:15:00,Hanford,1,2026-05-13 07:08:55
Priest Rapids Tailrace STH,2,G7202DD9B,2026-05-12 18:51:27,2026-05-15 17:05:00,Lower Ringold,1,2026-05-17 09:32:44
Priest Rapids Tailrace STH,2,G7202DD9B,2026-05-12 18:51:27,2026-05-15 17:05:00,Hanford,1,2026-05-17 12:28:33
Priest Rapids Tailrace STH,1,G720494EB,2026-05-07 18:15:54,2026-05-09 16:31:00,Lower Ringold,1,2026-05-10 04:19:53
Priest Rapids Tailrace STH,1,G720494EB,2026-05-07 18:15:54,2026-05-09 16:31:00,Hanford,1,2026-05-10 07:26:22
Priest Rapids Tailrace STH,2,G7206A939,2026-05-07 18:17:53,2026-05-09 16:31:00,Lower Ringold,1,2026-05-10 06:52:43
Priest Rapids Tailrace STH,2,G7206A939,2026-05-07 18:17:53,2026-05-09 16:31:00,Hanford,1,2026-05-10 10:18:12
Priest Rapids Tailrace STH,2,G7207F4DB,2026-05-06 19:19:38,2026-05-09 16:31:00,Lower Ringold,1,2026-05-10 04:30:48
Priest Rapids Tailrace STH,2,G7207F4DB,2026-05-06 19:19:38,2026-05-09 16:31:00,Hanford,1,2026-05-10 08:03:26
Priest Rapids Tailrace STH,3,G72083E77,2026-05-14 19:06:22,2026-05-16 16:35:00,Lower Ringold,1,2026-05-17 08:59:19
Priest Rapids Tailrace STH,3,G72083E77,2026-05-14 19:06:22,2026-05-16 16:35:00,Hanford,1,2026-05-17 12:01:06
Priest Rapids Tailrace STH,3,G720AC650,2026-05-10 17:52:27,2026-05-12 16:15:00,Lower Ringold,1,2026-05-13 09:56:07
Priest Rapids Tailrace STH,3,G720AC650,2026-05-10 17:52:27,2026-05-12 16:15:00,Hanford,1,2026-05-13 13:15:31
Priest Rapids Tailrace STH,3,G720AC70E,2026-05-14 19:14:01,2026-05-16 16:35:00,Lower Ringold,1,2026-05-17 04:53:59
Priest Rapids Tailrace STH,3,G720AC70E,2026-05-14 19:14:01,2026-05-16 16:35:00,Hanford,1,2026-05-17 08:23:12
Priest Rapids Tailrace STH,3,G720E0F3D,2026-05-10 17:55:36,2026-05-12 16:15:00,Lower Ringold,1,2026-05-13 05:38:37
Priest Rapids Tailrace STH,3,G720E0F3D,2026-05-10 17:55:36,2026-05-12 16:15:00,Hanford,1,2026-05-13 08:44:15
Priest Rapids Tailrace STH,3,G720E205F,2026-05-12 18:54:35,2026-05-15 17:05:00,Lower Ringold,1,2026-05-16 05:38:26
Priest Rapids Tailrace STH,3,G720E205F,2026-05-12 18:54:35,2026-05-15 17:05:00,Hanford,1,2026-05-16 08:56:23
Priest Rapids Tailrace STH,3,G720F431C,2026-05-12 19:01:00,2026-05-15 17:05:00,Lower Ringold,1,2026-05-16 04:47:48
Priest Rapids Tailrace STH,3,G720F431C,2026-05-12 19:01:00,2026-05-15 17:05:00,Hanford,1,2026-05-16 10:44:43
Priest Rapids Tailrace STH,3,G720F73A2,2026-05-06 19:07:48,2026-05-09 16:31:00,Lower Ringold,1,2026-05-10 10:55:44
Priest Rapids Tailrace STH,3,G720F73A2,2026-05-06 19:07:48,2026-05-09 16:31:00,Hanford,1,2026-05-10 19:00:05
Priest Rapids Tailrace STH,3,G72105097,2026-05-14 19:05:22,2026-05-16 16:35:00,Lower Ringold,1,2026-05-17 15:37:12
Priest Rapids Tailrace STH,3,G72105097,2026-05-14 19:05:22,2026-05-16 16:35:00,Hanford,1,2026-05-17 22:56:54
Priest Rapids Tailrace STH,1,G7210F6E5,2026-05-06 18:56:24,2026-05-09 16:31:00,Lower Ringold,1,2026-05-10 15:48:59
Priest Rapids Tailrace STH,1,G7210F6E5,2026-05-06 18:56:24,2026-05-09 16:31:00,Hanford,1,2026-05-10 18:44:34
Priest Rapids Tailrace STH,1,G72113DCB,2026-05-06 18:57:28,2026-05-09 16:31:00,Lower Ringold,0,
Priest Rapids Tailrace STH,1,G72113DCB,2026-05-06 18:57:28,2026-05-09 16:31:00,Hanford,0,
Priest Rapids Tailrace STH,3,G7211853B,2026-05-09 18:38:41,2026-05-11 16:32:00,Lower Ringold,1,2026-05-12 04:55:59
Priest Rapids Tailrace STH,3,G7211853B,2026-05-09 18:38:41,2026-05-11 16:32:00,Hanford,1,2026-05-12 07:58:40
Priest Rapids Tailrace STH,3,G72147913,2026-05-12 19:00:30,2026-05-15 17:05:00,Lower Ringold,1,2026-05-16 13:35:22
Priest Rapids Tailrace STH,3,G72147913,2026-05-12 19:00:30,2026-05-15 17:05:00,Hanford,1,2026-05-16 16:55:04
Priest Rapids Tailrace STH,3,G7214B57A,2026-05-06 18:50:47,2026-05-09 16:31:00,Lower Ringold,1,2026-05-11 07:52:07
Priest Rapids Tailrace STH,3,G7214B57A,2026-05-06 18:50:47,2026-05-09 16:31:00,Hanford,1,2026-05-11 11:34:03
Priest Rapids Tailrace STH,3,G7214E902,2026-05-14 19:14:24,2026-05-16 16:35:00,Lower Ringold,1,2026-05-17 12:33:04
Priest Rapids Tailrace STH,3,G7214E902,2026-05-14 19:14:24,2026-05-16 16:35:00,Hanford,1,2026-05-17 15:27:45
Priest Rapids Tailrace STH,3,G72163567,2026-05-09 18:45:24,2026-05-11 16:32:00,Lower Ringold,1,2026-05-12 03:07:08
Priest Rapids Tailrace STH,3,G72163567,2026-05-09 18:45:24,2026-05-11 16:32:00,Hanford,1,2026-05-12 11:12:17
Priest Rapids Tailrace STH,2,G721661DD,2026-05-10 17:45:06,2026-05-12 16:15:00,Lower Ringold,0,
Priest Rapids Tailrace STH,2,G721661DD,2026-05-10 17:45:06,2026-05-12 16:15:00,Hanford,0,
Priest Rapids Tailrace STH,2,G72170A5C,2026-05-08 20:58:42,2026-05-10 16:20:00,Lower Ringold,1,2026-05-11 02:44:44
Priest Rapids Tailrace STH,2,G72170A5C,2026-05-08 20:58:42,2026-05-10 16:20:00,Hanford,1,2026-05-11 05:59:50
Priest Rapids Tailrace STH,2,G72173C3F,2026-05-12 18:49:55,2026-05-15 17:05:00,Lower Ringold,1,2026-05-16 11:41:16
Priest Rapids Tailrace STH,2,G72173C3F,2026-05-12 18:49:55,2026-05-15 17:05:00,Hanford,1,2026-05-16 14:16:57
Priest Rapids Tailrace STH,2,G7217B52F,2026-05-10 17:47:01,2026-05-12 16:15:00,Lower Ringold,1,2026-05-13 04:57:19
Priest Rapids Tailrace STH,2,G7217B52F,2026-05-10 17:47:01,2026-05-12 16:15:00,Hanford,1,2026-05-13 07:44:47
Priest Rapids Tailrace STH,2,G72187C61,2026-05-07 18:24:29,2026-05-09 16:31:00,Lower Ringold,1,2026-05-20 18:44:50
Priest Rapids Tailrace STH,2,G72187C61,2026-05-07 18:24:29,2026-05-09 16:31:00,Hanford,0,
Priest Rapids Tailrace STH,2,G7219A68C,2026-05-06 19:11:59,2026-05-09 16:31:00,Lower Ringold,0,
Priest Rapids Tailrace STH,2,G7219A68C,2026-05-06 19:11:59,2026-05-09 16:31:00,Hanford,0,
Priest Rapids Tailrace STH,3,G721A1A48,2026-05-07 18:18:16,2026-05-09 16:31:00,Lower Ringold,1,2026-05-24 10:44:40
Priest Rapids Tailrace STH,3,G721A1A48,2026-05-07 18:18:16,2026-05-09 16:31:00,Hanford,1,2026-05-24 13:58:23
Priest Rapids Tailrace STH,2,G721AADF9,2026-05-10 17:46:35,2026-05-12 16:15:00,Lower Ringold,1,2026-05-13 08:36:00
Priest Rapids Tailrace STH,2,G721AADF9,2026-05-10 17:46:35,2026-05-12 16:15:00,Hanford,1,2026-05-13 11:16:36
Priest Rapids Tailrace STH,3,G721BD7BB,2026-05-12 18:57:39,2026-05-15 17:05:00,Lower Ringold,1,2026-05-16 12:47:46
Priest Rapids Tailrace STH,3,G721BD7BB,2026-05-12 18:57:39,2026-05-15 17:05:00,Hanford,1,2026-05-16 15:33:42
Priest Rapids Tailrace STH,1,G721C3923,2026-05-06 19:22:32,2026-05-09 16:31:00,Lower Ringold,1,2026-05-10 05:59:27
Priest Rapids Tailrace STH,1,G721C3923,2026-05-06 19:22:32,2026-05-09 16:31:00,Hanford,1,2026-05-10 09:16:32
Priest Rapids Tailrace STH,1,G721C47C4,2026-05-06 18:59:05,2026-05-09 16:31:00,Lower Ringold,1,2026-05-10 05:25:36
Priest Rapids Tailrace STH,1,G721C47C4,2026-05-06 18:59:05,2026-05-09 16:31:00,Hanford,1,2026-05-10 12:12:15
Priest Rapids Tailrace STH,2,G721D0327,2026-05-07 18:25:39,2026-05-09 16:31:00,Lower Ringold,1,2026-05-12 19:31:39
Priest Rapids Tailrace STH,2,G721D0327,2026-05-07 18:25:39,2026-05-09 16:31:00,Hanford,1,2026-05-12 22:37:52
Priest Rapids Tailrace STH,1,G721ECA24,2026-05-07 18:33:36,2026-05-09 16:31:00,Lower Ringold,1,2026-05-10 11:07:18
Priest Rapids Tailrace STH,1,G721ECA24,2026-05-07 18:33:36,2026-05-09 16:31:00,Hanford,1,2026-05-11 07:48:53
Priest Rapids Tailrace STH,3,G72200CC2,2026-05-08 20:56:10,2026-05-10 16:20:00,Lower Ringold,1,2026-05-11 07:37:45
Priest Rapids Tailrace STH,3,G72200CC2,2026-05-08 20:56:10,2026-05-10 16:20:00,Hanford,1,2026-05-11 11:02:30
Priest Rapids Tailrace STH,2,G7221059A,2026-05-10 17:46:01,2026-05-12 16:15:00,Lower Ringold,1,2026-05-15 17:14:58
Priest Rapids Tailrace STH,2,G7221059A,2026-05-10 17:46:01,2026-05-12 16:15:00,Hanford,1,2026-05-15 19:55:57
Priest Rapids Tailrace STH,3,G722244D7,2026-05-11 18:00:01,2026-05-14 16:30:00,Lower Ringold,1,2026-05-15 18:35:36
Priest Rapids Tailrace STH,3,G722244D7,2026-05-11 18:00:01,2026-05-14 16:30:00,Hanford,1,2026-05-15 22:29:46
Priest Rapids Tailrace STH,2,G72233D77,2026-05-10 18:00:58,2026-05-12 16:15:00,Lower Ringold,1,2026-05-14 11:12:22
Priest Rapids Tailrace STH,2,G72233D77,2026-05-10 18:00:58,2026-05-12 16:15:00,Hanford,1,2026-05-15 05:30:58
Priest Rapids Tailrace STH,2,G72245702,2026-05-09 18:32:10,2026-05-11 16:32:00,Lower Ringold,1,2026-05-12 05:01:12
Priest Rapids Tailrace STH,2,G72245702,2026-05-09 18:32:10,2026-05-11 16:32:00,Hanford,1,2026-05-12 08:02:29
Priest Rapids Tailrace STH,2,G72259C2C,2026-05-14 19:20:14,2026-05-16 16:35:00,Lower Ringold,1,2026-05-17 12:12:37
Priest Rapids Tailrace STH,2,G72259C2C,2026-05-14 19:20:14,2026-05-16 16:35:00,Hanford,1,2026-05-17 15:39:14
Priest Rapids Tailrace STH,1,G722793FC,2026-05-10 17:47:30,2026-05-12 16:15:00,Lower Ringold,1,2026-05-13 10:04:44
Priest Rapids Tailrace STH,1,G722793FC,2026-05-10 17:47:30,2026-05-12 16:15:00,Hanford,1,2026-05-13 13:00:57
Priest Rapids Tailrace STH,2,G7228E83C,2026-05-07 18:27:13,2026-05-09 16:31:00,Lower Ringold,0,
Priest Rapids Tailrace STH,2,G7228E83C,2026-05-07 18:27:13,2026-05-09 16:31:00,Hanford,0,
Priest Rapids Tailrace STH,1,G722CD399,2026-05-08 20:55:26,2026-05-10 16:20:00,Lower Ringold,1,2026-05-11 03:14:11
Priest Rapids Tailrace STH,1,G722CD399,2026-05-08 20:55:26,2026-05-10 16:20:00,Hanford,1,2026-05-11 06:24:24
Priest Rapids Tailrace STH,1,G722CE618,2026-05-10 17:51:25,2026-05-12 16:15:00,Lower Ringold,1,2026-05-13 07:24:42
Priest Rapids Tailrace STH,1,G722CE618,2026-05-10 17:51:25,2026-05-12 16:15:00,Hanford,1,2026-05-13 10:32:47
Priest Rapids Tailrace STH,1,G722DDEA0,2026-05-06 18:58:21,2026-05-09 16:31:00,Lower Ringold,1,2026-05-10 04:42:09
Priest Rapids Tailrace STH,1,G722DDEA0,2026-05-06 18:58:21,2026-05-09 16:31:00,Hanford,1,2026-05-10 07:30:04
Priest Rapids Tailrace STH,1,G722E1B00,2026-05-07 18:14:56,2026-05-09 16:31:00,Lower Ringold,1,2026-05-11 04:25:01
Priest Rapids Tailrace STH,1,G722E1B00,2026-05-07 18:14:56,2026-05-09 16:31:00,Hanford,1,2026-05-11 07:27:23
Priest Rapids Tailrace STH,1,G722E209E,2026-05-14 19:07:09,2026-05-16 16:35:00,Lower Ringold,1,2026-05-17 06:31:30
Priest Rapids Tailrace STH,1,G722E209E,2026-05-14 19:07:09,2026-05-16 16:35:00,Hanford,1,2026-05-17 09:29:39
Priest Rapids Tailrace STH,2,G722EC2CB,2026-05-07 18:34:26,2026-05-09 16:31:00,Lower Ringold,1,2026-05-10 04:49:10
Priest Rapids Tailrace STH,2,G722EC2CB,2026-05-07 18:34:26,2026-05-09 16:31:00,Hanford,1,2026-05-10 08:09:58
Priest Rapids Tailrace STH,1,G722F5340,2026-05-12 18:44:29,2026-05-15 17:05:00,Lower Ringold,1,2026-05-16 09:44:35
Priest Rapids Tailrace STH,1,G722F5340,2026-05-12 18:44:29,2026-05-15 17:05:00,Hanford,1,2026-05-16 12:30:35
Priest Rapids Tailrace STH,1,G72306A96,2026-05-07 18:29:36,2026-05-09 16:31:00,Lower Ringold,1,2026-05-12 13:25:40
Priest Rapids Tailrace STH,1,G72306A96,2026-05-07 18:29:36,2026-05-09 16:31:00,Hanford,1,2026-05-18 14:23:19
Priest Rapids Tailrace STH,3,G7231C083,2026-05-10 18:02:33,2026-05-12 16:15:00,Lower Ringold,1,2026-05-13 05:15:15
Priest Rapids Tailrace STH,3,G7231C083,2026-05-10 18:02:33,2026-05-12 16:15:00,Hanford,1,2026-05-13 08:00:07
Priest Rapids Tailrace STH,2,G7231FA43,2026-05-09 18:44:46,2026-05-11 16:32:00,Lower Ringold,0,
Priest Rapids Tailrace STH,2,G7231FA43,2026-05-09 18:44:46,2026-05-11 16:32:00,Hanford,0,
Priest Rapids Tailrace STH,3,G723231FC,2026-05-08 20:45:45,2026-05-10 16:20:00,Lower Ringold,1,2026-05-23 07:37:23
Priest Rapids Tailrace STH,3,G723231FC,2026-05-08 20:45:45,2026-05-10 16:20:00,Hanford,1,2026-05-23 10:49:45
Priest Rapids Tailrace STH,3,G72324898,2026-05-11 17:52:13,2026-05-14 16:30:00,Lower Ringold,0,
Priest Rapids Tailrace STH,3,G72324898,2026-05-11 17:52:13,2026-05-14 16:30:00,Hanford,0,
Priest Rapids Tailrace STH,1,G72332EE4,2026-05-08 20:48:51,2026-05-10 16:20:00,Lower Ringold,1,2026-05-12 08:55:36
Priest Rapids Tailrace STH,1,G72332EE4,2026-05-08 20:48:51,2026-05-10 16:20:00,Hanford,1,2026-05-12 12:16:48
Priest Rapids Tailrace STH,1,G72338B74,2026-05-08 20:51:39,2026-05-10 16:20:00,Lower Ringold,1,2026-05-11 05:18:09
Priest Rapids Tailrace STH,1,G72338B74,2026-05-08 20:51:39,2026-05-10 16:20:00,Hanford,1,2026-05-11 09:11:22
Priest Rapids Tailrace STH,3,G72374FE4,2026-05-06 19:15:18,2026-05-09 16:31:00,Lower Ringold,1,2026-05-10 04:09:21
Priest Rapids Tailrace STH,3,G72374FE4,2026-05-06 19:15:18,2026-05-09 16:31:00,Hanford,1,2026-05-10 07:18:54
Priest Rapids Tailrace STH,2,G7237F5A8,2026-05-14 19:21:05,2026-05-16 16:35:00,Lower Ringold,1,2026-05-17 17:57:59
Priest Rapids Tailrace STH,2,G7237F5A8,2026-05-14 19:21:05,2026-05-16 16:35:00,Hanford,1,2026-05-18 05:22:32
Priest Rapids Tailrace STH,2,G72386222,2026-05-11 17:57:22,2026-05-14 16:30:00,Lower Ringold,1,2026-05-15 05:34:21
Priest Rapids Tailrace STH,2,G72386222,2026-05-11 17:57:22,2026-05-14 16:30:00,Hanford,1,2026-05-15 08:52:14
Priest Rapids Tailrace STH,2,G7238F84D,2026-05-10 17:54:40,2026-05-12 16:15:00,Lower Ringold,1,2026-05-13 02:26:57
Priest Rapids Tailrace STH,2,G7238F84D,2026-05-10 17:54:40,2026-05-12 16:15:00,Hanford,1,2026-05-13 05:10:38
Priest Rapids Tailrace STH,2,G72394D84,2026-05-08 20:44:21,2026-05-10 16:20:00,Lower Ringold,1,2026-05-11 03:05:30
Priest Rapids Tailrace STH,2,G72394D84,2026-05-08 20:44:21,2026-05-10 16:20:00,Hanford,1,2026-05-11 06:35:49
Priest Rapids Tailrace STH,2,G7239FDB6,2026-05-10 17:57:11,2026-05-12 16:15:00,Lower Ringold,1,2026-05-13 02:05:50
Priest Rapids Tailrace STH,2,G7239FDB6,2026-05-10 17:57:11,2026-05-12 16:15:00,Hanford,1,2026-05-13 04:56:09
Priest Rapids Tailrace STH,2,G723B8C81,2026-05-11 18:02:18,2026-05-14 16:30:00,Lower Ringold,1,2026-05-15 03:10:02
Priest Rapids Tailrace STH,2,G723B8C81,2026-05-11 18:02:18,2026-05-14 16:30:00,Hanford,1,2026-05-15 06:14:00
Priest Rapids Tailrace STH,2,G723BD31B,2026-05-12 18:55:17,2026-05-15 17:05:00,Lower Ringold,0,
Priest Rapids Tailrace STH,2,G723BD31B,2026-05-12 18:55:17,2026-05-15 17:05:00,Hanford,0,
Priest Rapids Tailrace STH,2,G723BE3A5,2026-05-06 19:20:33,2026-05-09 16:31:00,Lower Ringold,1,2026-05-10 04:32:17
Priest Rapids Tailrace STH,2,G723BE3A5,2026-05-06 19:20:33,2026-05-09 16:31:00,Hanford,1,2026-05-10 08:03:04
Priest Rapids Tailrace STH,2,G723C5145,2026-05-08 20:55:49,2026-05-10 16:20:00,Lower Ringold,1,2026-05-11 05:49:56
Priest Rapids Tailrace STH,2,G723C5145,2026-05-08 20:55:49,2026-05-10 16:20:00,Hanford,1,2026-05-11 09:13:30
Priest Rapids Tailrace STH,2,G723C8691,2026-05-06 18:51:31,2026-05-09 16:31:00,Lower Ringold,1,2026-05-10 08:48:30
Priest Rapids Tailrace STH,2,G723C8691,2026-05-06 18:51:31,2026-05-09 16:31:00,Hanford,1,2026-05-10 11:44:06
Priest Rapids Tailrace STH,1,G723D1E86,2026-05-08 20:42:07,2026-05-10 16:20:00,Lower Ringold,1,2026-05-11 03:51:15
Priest Rapids Tailrace STH,1,G723D1E86,2026-05-08 20:42:07,2026-05-10 16:20:00,Hanford,1,2026-05-11 06:51:20
Priest Rapids Tailrace STH,1,G723E7D54,2026-05-08 20:43:53,2026-05-10 16:20:00,Lower Ringold,1,2026-05-14 16:40:51
Priest Rapids Tailrace STH,1,G723E7D54,2026-05-08 20:43:53,2026-05-10 16:20:00,Hanford,1,2026-05-14 20:12:14
Priest Rapids Tailrace STH,2,G723EE73B,2026-05-09 18:25:53,2026-05-11 16:32:00,Lower Ringold,1,2026-05-12 08:16:58
Priest Rapids Tailrace STH,2,G723EE73B,2026-05-09 18:25:53,2026-05-11 16:32:00,Hanford,1,2026-05-12 11:20:56
Priest Rapids Tailrace STH,2,G723F8526,2026-05-12 18:59:26,2026-05-15 17:05:00,Lower Ringold,1,2026-05-16 03:48:24
Priest Rapids Tailrace STH,2,G723F8526,2026-05-12 18:59:26,2026-05-15 17:05:00,Hanford,1,2026-05-16 06:43:38
Priest Rapids Tailrace STH,2,G723F88DB,2026-05-12 18:53:56,2026-05-15 17:05:00,Lower Ringold,1,2026-05-16 05:06:20
Priest Rapids Tailrace STH,2,G723F88DB,2026-05-12 18:53:56,2026-05-15 17:05:00,Hanford,1,2026-05-16 08:17:31
Priest Rapids Tailrace STH,2,G723FFA9F,2026-05-11 17:50:32,2026-05-14 16:30:00,Lower Ringold,1,2026-05-15 10:36:34
Priest Rapids Tailrace STH,2,G723FFA9F,2026-05-11 17:50:32,2026-05-14 16:30:00,Hanford,1,2026-05-15 13:33:31
Priest Rapids Tailrace STH,3,G724003D9,2026-05-14 19:24:36,2026-05-16 16:35:00,Lower Ringold,1,2026-05-17 16:03:08
Priest Rapids Tailrace STH,3,G724003D9,2026-05-14 19:24:36,2026-05-16 16:35:00,Hanford,1,2026-05-17 19:12:27
Priest Rapids Tailrace STH,2,G7240B536,2026-05-06 19:16:43,2026-05-09 16:31:00,Lower Ringold,1,2026-05-10 08:30:53
Priest Rapids Tailrace STH,2,G7240B536,2026-05-06 19:16:43,2026-05-09 16:31:00,Hanford,1,2026-05-10 11:26:09
Priest Rapids Tailrace STH,2,G7240D6B1,2026-05-07 18:19:40,2026-05-09 16:31:00,Lower Ringold,0,
Priest Rapids Tailrace STH,2,G7240D6B1,2026-05-07 18:19:40,2026-05-09 16:31:00,Hanford,0,
Priest Rapids Tailrace STH,2,G72414C1A,2026-05-07 18:16:12,2026-05-09 16:31:00,Lower Ringold,1,2026-05-10 07:17:31
Priest Rapids Tailrace STH,2,G72414C1A,2026-05-07 18:16:12,2026-05-09 16:31:00,Hanford,1,2026-05-10 10:36:29
Priest Rapids Tailrace STH,2,G72415298,2026-05-11 17:50:51,2026-05-14 16:30:00,Lower Ringold,1,2026-05-15 03:49:24
Priest Rapids Tailrace STH,2,G72415298,2026-05-11 17:50:51,2026-05-14 16:30:00,Hanford,1,2026-05-15 06:52:26
Priest Rapids Tailrace STH,2,G724238D6,2026-05-11 18:08:03,2026-05-14 16:30:00,Lower Ringold,0,
Priest Rapids Tailrace STH,2,G724238D6,2026-05-11 18:08:03,2026-05-14 16:30:00,Hanford,0,
Priest Rapids Tailrace STH,2,G72423988,2026-05-08 20:54:55,2026-05-10 16:20:00,Lower Ringold,1,2026-05-11 03:52:22
Priest Rapids Tailrace STH,2,G72423988,2026-05-08 20:54:55,2026-05-10 16:20:00,Hanford,1,2026-05-11 07:33:11
Priest Rapids Tailrace STH,2,G72428519,2026-05-09 18:45:50,2026-05-11 16:32:00,Lower Ringold,1,2026-05-12 05:40:14
Priest Rapids Tailrace STH,2,G72428519,2026-05-09 18:45:50,2026-05-11 16:32:00,Hanford,1,2026-05-12 09:21:15
Priest Rapids Tailrace STH,2,G72429666,2026-05-07 18:26:31,2026-05-10 16:20:00,Lower Ringold,0,
Priest Rapids Tailrace STH,2,G72429666,2026-05-07 18:26:31,2026-05-10 16:20:00,Hanford,0,
Priest Rapids Tailrace STH,2,G72446B45,2026-05-09 18:48:35,2026-05-11 16:32:00,Lower Ringold,1,2026-05-12 04:21:16
Priest Rapids Tailrace STH,2,G72446B45,2026-05-09 18:48:35,2026-05-11 16:32:00,Hanford,1,2026-05-12 07:34:36
Priest Rapids Tailrace STH,2,G7244F7F7,2026-05-11 17:53:07,2026-05-14 16:30:00,Lower Ringold,1,2026-05-15 03:02:19
Priest Rapids Tailrace STH,2,G7244F7F7,2026-05-11 17:53:07,2026-05-14 16:30:00,Hanford,1,2026-05-15 06:09:44
Priest Rapids Tailrace STH,2,G724500C4,2026-05-09 18:35:30,2026-05-11 16:32:00,Lower Ringold,0,
Priest Rapids Tailrace STH,2,G724500C4,2026-05-09 18:35:30,2026-05-11 16:32:00,Hanford,0,
Priest Rapids Tailrace STH,1,G7245DE8C,2026-05-08 20:38:54,2026-05-10 16:20:00,Lower Ringold,1,2026-05-11 08:53:05
Priest Rapids Tailrace STH,1,G7245DE8C,2026-05-08 20:38:54,2026-05-10 16:20:00,Hanford,1,2026-05-11 11:44:17
Priest Rapids Tailrace STH,1,G7245FEAF,2026-05-14 19:15:10,2026-05-16 16:35:00,Lower Ringold,0,
Priest Rapids Tailrace STH,1,G7245FEAF,2026-05-14 19:15:10,2026-05-16 16:35:00,Hanford,0,
Priest Rapids Tailrace STH,1,G724621EC,2026-05-11 17:49:54,2026-05-14 16:30:00,Lower Ringold,1,2026-05-15 05:01:51
Priest Rapids Tailrace STH,1,G724621EC,2026-05-11 17:49:54,2026-05-14 16:30:00,Hanford,1,2026-05-15 08:14:36
Priest Rapids Tailrace STH,3,G7246B341,2026-05-12 19:01:40,2026-05-15 17:05:00,Lower Ringold,1,2026-05-16 04:40:12
Priest Rapids Tailrace STH,3,G7246B341,2026-05-12 19:01:40,2026-05-15 17:05:00,Hanford,1,2026-05-16 07:31:27
Priest Rapids Tailrace STH,2,G7249C69E,2026-05-11 18:06:54,2026-05-14 16:30:00,Lower Ringold,1,2026-05-15 04:51:49
Priest Rapids Tailrace STH,2,G7249C69E,2026-05-11 18:06:54,2026-05-14 16:30:00,Hanford,1,2026-05-15 07:54:18
Priest Rapids Tailrace STH,2,G724A12FD,2026-05-08 20:39:43,2026-05-10 16:20:00,Lower Ringold,1,2026-05-11 03:56:44
Priest Rapids Tailrace STH,2,G724A12FD,2026-05-08 20:39:43,2026-05-10 16:20:00,Hanford,1,2026-05-11 07:09:27
Priest Rapids Tailrace STH,2,G724D704A,2026-05-06 18:50:07,2026-05-09 16:31:00,Lower Ringold,1,2026-05-10 06:41:25
Priest Rapids Tailrace STH,2,G724D704A,2026-05-06 18:50:07,2026-05-09 16:31:00,Hanford,1,2026-05-10 09:32:01
Priest Rapids Tailrace STH,2,G724EB817,2026-05-14 19:03:59,2026-05-16 16:35:00,Lower Ringold,0,
Priest Rapids Tailrace STH,2,G724EB817,2026-05-14 19:03:59,2026-05-16 16:35:00,Hanford,0,
Priest Rapids Tailrace STH,3,G724F8213,2026-05-06 18:58:43,2026-05-09 16:31:00,Lower Ringold,1,2026-05-16 03:07:19
Priest Rapids Tailrace STH,3,G724F8213,2026-05-06 18:58:43,2026-05-09 16:31:00,Hanford,1,2026-05-16 05:58:01
Priest Rapids Tailrace STH,3,G725166AB,2026-05-12 18:56:09,2026-05-15 17:05:00,Lower Ringold,0,
Priest Rapids Tailrace STH,3,G725166AB,2026-05-12 18:56:09,2026-05-15 17:05:00,Hanford,0,
Priest Rapids Tailrace STH,3,G725271E0,2026-05-11 17:59:25,2026-05-14 16:30:00,Lower Ringold,1,2026-05-15 05:04:32
Priest Rapids Tailrace STH,3,G725271E0,2026-05-11 17:59:25,2026-05-14 16:30:00,Hanford,1,2026-05-15 08:39:01
Priest Rapids Tailrace STH,3,G725285F5,2026-05-08 20:59:40,2026-05-10 16:20:00,Lower Ringold,1,2026-05-11 05:13:25
Priest Rapids Tailrace STH,3,G725285F5,2026-05-08 20:59:40,2026-05-10 16:20:00,Hanford,1,2026-05-11 08:37:09
Priest Rapids Tailrace STH,3,G7252A1B7,2026-05-06 18:56:59,2026-05-09 16:31:00,Lower Ringold,1,2026-05-11 12:09:51
Priest Rapids Tailrace STH,3,G7252A1B7,2026-05-06 18:56:59,2026-05-09 16:31:00,Hanford,1,2026-05-12 04:24:44
Priest Rapids Tailrace STH,3,G7252E672,2026-05-09 18:44:18,2026-05-11 16:32:00,Lower Ringold,1,2026-05-12 03:59:50
Priest Rapids Tailrace STH,3,G7252E672,2026-05-09 18:44:18,2026-05-11 16:32:00,Hanford,1,2026-05-12 07:30:08
Priest Rapids Tailrace STH,1,G72532D5C,2026-05-06 19:14:17,2026-05-09 16:31:00,Lower Ringold,1,2026-05-10 05:02:45
Priest Rapids Tailrace STH,1,G72532D5C,2026-05-06 19:14:17,2026-05-09 16:31:00,Hanford,1,2026-05-10 08:12:18
Priest Rapids Tailrace STH,3,G72579AD6,2026-05-07 18:29:13,2026-05-09 16:31:00,Lower Ringold,1,2026-05-10 09:32:07
Priest Rapids Tailrace STH,3,G72579AD6,2026-05-07 18:29:13,2026-05-09 16:31:00,Hanford,1,2026-05-11 11:02:04
Priest Rapids Tailrace STH,2,G72589FF1,2026-05-10 17:53:07,2026-05-12 16:15:00,Lower Ringold,1,2026-05-13 08:19:26
Priest Rapids Tailrace STH,2,G72589FF1,2026-05-10 17:53:07,2026-05-12 16:15:00,Hanford,1,2026-05-13 11:06:13
Priest Rapids Tailrace STH,1,G72597901,2026-05-10 17:49:42,2026-05-12 16:15:00,Lower Ringold,1,2026-06-12 21:22:59
Priest Rapids Tailrace STH,1,G72597901,2026-05-10 17:49:42,2026-05-12 16:15:00,Hanford,1,2026-06-12 23:52:27
Priest Rapids Tailrace STH,1,G725A1EB2,2026-05-10 18:00:03,2026-05-12 16:15:00,Lower Ringold,1,2026-05-13 06:02:49
Priest Rapids Tailrace STH,1,G725A1EB2,2026-05-10 18:00:03,2026-05-12 16:15:00,Hanford,1,2026-05-13 09:16:13
Priest Rapids Tailrace STH,1,G725B3888,2026-05-11 17:53:33,2026-05-14 16:30:00,Lower Ringold,1,2026-05-16 09:12:34
Priest Rapids Tailrace STH,1,G725B3888,2026-05-11 17:53:33,2026-05-14 16:30:00,Hanford,1,2026-05-16 12:20:27
Priest Rapids Tailrace STH,1,G725B5293,2026-05-07 18:31:48,2026-05-09 16:31:00,Lower Ringold,0,
Priest Rapids Tailrace STH,1,G725B5293,2026-05-07 18:31:48,2026-05-09 16:31:00,Hanford,0,
Priest Rapids Tailrace STH,1,G725D479B,2026-05-14 19:13:11,2026-05-16 16:35:00,Lower Ringold,1,2026-05-17 05:29:46
Priest Rapids Tailrace STH,1,G725D479B,2026-05-14 19:13:11,2026-05-16 16:35:00,Hanford,1,2026-05-17 08:43:02
Priest Rapids Tailrace STH,1,G725D6E24,2026-05-14 19:17:07,2026-05-16 16:35:00,Lower Ringold,1,2026-05-17 10:45:11
Priest Rapids Tailrace STH,1,G725D6E24,2026-05-14 19:17:07,2026-05-16 16:35:00,Hanford,1,2026-05-17 13:55:01
Priest Rapids Tailrace STH,1,G725E9144,2026-05-14 19:08:22,2026-05-16 16:35:00,Lower Ringold,1,2026-05-17 10:15:29
Priest Rapids Tailrace STH,1,G725E9144,2026-05-14 19:08:22,2026-05-16 16:35:00,Hanford,1,2026-05-17 13:04:41
Priest Rapids Tailrace STH,3,G725FB31F,2026-05-09 18:29:42,2026-05-11 16:32:00,Lower Ringold,1,2026-05-12 04:17:57
Priest Rapids Tailrace STH,3,G725FB31F,2026-05-09 18:29:42,2026-05-11 16:32:00,Hanford,1,2026-05-12 07:37:34
Priest Rapids Tailrace STH,3,G725FD645,2026-05-12 18:53:27,2026-05-15 17:05:00,Lower Ringold,0,
Priest Rapids Tailrace STH,3,G725FD645,2026-05-12 18:53:27,2026-05-15 17:05:00,Hanford,0,
Priest Rapids Tailrace STH,3,G725FEDDB,2026-05-12 19:04:49,2026-05-15 17:05:00,Lower Ringold,0,
Priest Rapids Tailrace STH,3,G725FEDDB,2026-05-12 19:04:49,2026-05-15 17:05:00,Hanford,0,
Priest Rapids Tailrace STH,3,G72609D16,2026-05-09 18:30:06,2026-05-11 16:32:00,Lower Ringold,1,2026-05-12 04:54:46
Priest Rapids Tailrace STH,3,G72609D16,2026-05-09 18:30:06,2026-05-11 16:32:00,Hanford,1,2026-05-12 08:23:07
Priest Rapids Tailrace STH,3,G7260B274,2026-05-07 18:17:28,2026-05-09 16:31:00,Lower Ringold,1,2026-05-10 10:45:53
Priest Rapids Tailrace STH,3,G7260B274,2026-05-07 18:17:28,2026-05-09 16:31:00,Hanford,1,2026-05-11 02:02:08
Priest Rapids Tailrace STH,2,G7261643A,2026-05-14 19:14:48,2026-05-16 16:35:00,Lower Ringold,1,2026-05-17 08:57:12
Priest Rapids Tailrace STH,2,G7261643A,2026-05-14 19:14:48,2026-05-16 16:35:00,Hanford,1,2026-05-17 12:01:33
Priest Rapids Tailrace STH,3,G7261FE55,2026-05-10 17:45:36,2026-05-12 16:15:00,Lower Ringold,0,
Priest Rapids Tailrace STH,3,G7261FE55,2026-05-10 17:45:36,2026-05-12 16:15:00,Hanford,0,
Priest Rapids Tailrace STH,3,G72622695,2026-05-10 18:02:59,2026-05-12 16:15:00,Lower Ringold,1,2026-05-13 03:30:24
Priest Rapids Tailrace STH,3,G72622695,2026-05-10 18:02:59,2026-05-12 16:15:00,Hanford,1,2026-05-13 06:24:14
Priest Rapids Tailrace STH,3,G7264CF4A,2026-05-14 19:22:49,2026-05-16 16:35:00,Lower Ringold,1,2026-05-17 05:29:13
Priest Rapids Tailrace STH,3,G7264CF4A,2026-05-14 19:22:49,2026-05-16 16:35:00,Hanford,1,2026-05-17 08:33:48
Priest Rapids Tailrace STH,1,G726598D6,2026-05-06 18:53:08,2026-05-09 16:31:00,Lower Ringold,1,2026-05-10 06:37:18
Priest Rapids Tailrace STH,1,G726598D6,2026-05-06 18:53:08,2026-05-09 16:31:00,Hanford,1,2026-05-10 09:53:09
Priest Rapids Tailrace STH,3,G72682590,2026-05-08 20:42:33,2026-05-10 16:20:00,Lower Ringold,1,2026-05-11 03:51:00
Priest Rapids Tailrace STH,3,G72682590,2026-05-08 20:42:33,2026-05-10 16:20:00,Hanford,1,2026-05-11 06:50:31
Priest Rapids Tailrace STH,2,G72694B2E,2026-05-10 17:58:47,2026-05-12 16:15:00,Lower Ringold,0,
Priest Rapids Tailrace STH,2,G72694B2E,2026-05-10 17:58:47,2026-05-12 16:15:00,Hanford,0,
Priest Rapids Tailrace STH,2,G7269CC21,2026-05-14 19:08:47,2026-05-16 16:35:00,Lower Ringold,0,
Priest Rapids Tailrace STH,2,G7269CC21,2026-05-14 19:08:47,2026-05-16 16:35:00,Hanford,0,
Priest Rapids Tailrace STH,2,G7269E1FF,2026-05-09 18:47:50,2026-05-11 16:32:00,Lower Ringold,1,2026-05-12 03:48:14
Priest Rapids Tailrace STH,2,G7269E1FF,2026-05-09 18:47:50,2026-05-11 16:32:00,Hanford,1,2026-05-12 06:48:32
Priest Rapids Tailrace STH,2,G726A66A5,2026-05-06 18:54:25,2026-05-09 16:31:00,Lower Ringold,1,2026-05-10 05:56:47
Priest Rapids Tailrace STH,2,G726A66A5,2026-05-06 18:54:25,2026-05-09 16:31:00,Hanford,1,2026-05-10 09:11:36
Priest Rapids Tailrace STH,2,G726A7259,2026-05-12 18:48:41,2026-05-15 17:05:00,Lower Ringold,1,2026-05-16 04:34:38
Priest Rapids Tailrace STH,2,G726A7259,2026-05-12 18:48:41,2026-05-15 17:05:00,Hanford,1,2026-05-16 07:33:32
Priest Rapids Tailrace STH,2,G726B0945,2026-05-09 18:49:22,2026-05-11 16:32:00,Lower Ringold,0,
Priest Rapids Tailrace STH,2,G726B0945,2026-05-09 18:49:22,2026-05-11 16:32:00,Hanford,0,
Priest Rapids Tailrace STH,2,G726B20FA,2026-05-11 17:55:08,2026-05-14 16:30:00,Lower Ringold,1,2026-05-15 09:39:50
Priest Rapids Tailrace STH,2,G726B20FA,2026-05-11 17:55:08,2026-05-14 16:30:00,Hanford,1,2026-05-15 12:34:23
Priest Rapids Tailrace STH,3,G726BAB56,2026-05-10 17:38:22,2026-05-12 16:15:00,Lower Ringold,1,2026-05-13 03:57:38
Priest Rapids Tailrace STH,3,G726BAB56,2026-05-10 17:38:22,2026-05-12 16:15:00,Hanford,1,2026-05-13 07:00:29
Priest Rapids Tailrace STH,3,G726BDFCF,2026-05-14 19:21:42,2026-05-16 16:35:00,Lower Ringold,1,2026-05-17 05:27:45
Priest Rapids Tailrace STH,3,G726BDFCF,2026-05-14 19:21:42,2026-05-16 16:35:00,Hanford,1,2026-05-17 09:19:53
Priest Rapids Tailrace STH,3,G726BE50F,2026-05-10 17:56:45,2026-05-12 16:15:00,Lower Ringold,1,2026-05-17 08:36:04
Priest Rapids Tailrace STH,3,G726BE50F,2026-05-10 17:56:45,2026-05-12 16:15:00,Hanford,1,2026-05-17 11:54:33
Priest Rapids Tailrace STH,3,G726D2E4F,2026-05-08 21:00:43,2026-05-10 16:20:00,Lower Ringold,1,2026-05-11 04:43:43
Priest Rapids Tailrace STH,3,G726D2E4F,2026-05-08 21:00:43,2026-05-10 16:20:00,Hanford,1,2026-05-11 07:55:15
Priest Rapids Tailrace STH,3,G726D35F2,2026-05-06 19:21:20,2026-05-09 16:31:00,Lower Ringold,1,2026-05-10 05:10:58
Priest Rapids Tailrace STH,3,G726D35F2,2026-05-06 19:21:20,2026-05-09 16:31:00,Hanford,1,2026-05-10 08:07:32
Priest Rapids Tailrace STH,2,G726D54C9,2026-05-11 17:49:13,2026-05-14 16:30:00,Lower Ringold,0,
Priest Rapids Tailrace STH,2,G726D54C9,2026-05-11 17:49:13,2026-05-14 16:30:00,Hanford,0,
Priest Rapids Tailrace STH,2,G726E1207,2026-05-12 19:02:46,2026-05-15 17:05:00,Lower Ringold,0,
Priest Rapids Tailrace STH,2,G726E1207,2026-05-12 19:02:46,2026-05-15 17:05:00,Hanford,0,
Priest Rapids Tailrace STH,2,G726F0D1F,2026-05-08 20:46:14,2026-05-10 16:20:00,Lower Ringold,1,2026-05-11 22:04:17
Priest Rapids Tailrace STH,2,G726F0D1F,2026-05-08 20:46:14,2026-05-10 16:20:00,Hanford,1,2026-05-12 01:03:35
Priest Rapids Tailrace STH,2,G726FB753,2026-05-11 18:05:39,2026-05-14 16:30:00,Lower Ringold,1,2026-05-15 09:25:45
Priest Rapids Tailrace STH,2,G726FB753,2026-05-11 18:05:39,2026-05-14 16:30:00,Hanford,1,2026-05-15 13:01:46
Priest Rapids Tailrace STH,2,G72705C6E,2026-05-09 18:31:12,2026-05-11 16:32:00,Lower Ringold,1,2026-05-12 03:59:30
Priest Rapids Tailrace STH,2,G72705C6E,2026-05-09 18:31:12,2026-05-11 16:32:00,Hanford,1,2026-05-12 07:28:49
Priest Rapids Tailrace STH,2,G727117CC,2026-05-09 18:41:45,2026-05-11 16:32:00,Lower Ringold,1,2026-05-12 03:47:14
Priest Rapids Tailrace STH,2,G727117CC,2026-05-09 18:41:45,2026-05-11 16:32:00,Hanford,1,2026-05-12 06:41:31
Priest Rapids Tailrace STH,1,G7272C42C,2026-05-14 19:06:49,2026-05-16 16:35:00,Lower Ringold,1,2026-05-17 07:38:55
Priest Rapids Tailrace STH,1,G7272C42C,2026-05-14 19:06:49,2026-05-16 16:35:00,Hanford,1,2026-05-17 10:50:52
Priest Rapids Tailrace STH,1,G727329FC,2026-05-11 17:58:26,2026-05-14 16:30:00,Lower Ringold,1,2026-05-15 06:10:55
Priest Rapids Tailrace STH,1,G727329FC,2026-05-11 17:58:26,2026-05-14 16:30:00,Hanford,1,2026-05-15 09:17:39
Priest Rapids Tailrace STH,1,G72737666,2026-05-06 19:11:37,2026-05-09 16:31:00,Lower Ringold,1,2026-05-10 13:32:27
Priest Rapids Tailrace STH,1,G72737666,2026-05-06 19:11:37,2026-05-09 16:31:00,Hanford,1,2026-05-10 16:21:40
Priest Rapids Tailrace STH,1,G7273FB17,2026-05-08 20:50:13,2026-05-10 16:20:00,Lower Ringold,1,2026-05-11 06:55:04
Priest Rapids Tailrace STH,1,G7273FB17,2026-05-08 20:50:13,2026-05-10 16:20:00,Hanford,1,2026-05-11 10:11:09
Priest Rapids Tailrace STH,1,G7273FF76,2026-05-12 18:45:09,2026-05-15 17:05:00,Lower Ringold,1,2026-05-16 23:17:42
Priest Rapids Tailrace STH,1,G7273FF76,2026-05-12 18:45:09,2026-05-15 17:05:00,Hanford,1,2026-05-17 02:50:32
Priest Rapids Tailrace STH,3,G727512C8,2026-05-11 18:07:39,2026-05-14 16:30:00,Lower Ringold,1,2026-05-17 10:16:27
Priest Rapids Tailrace STH,3,G727512C8,2026-05-11 18:07:39,2026-05-14 16:30:00,Hanford,1,2026-05-17 13:06:35
Priest Rapids Tailrace STH,3,G7275C023,2026-05-07 18:14:04,2026-05-09 16:31:00,Lower Ringold,1,2026-05-10 05:15:16
Priest Rapids Tailrace STH,3,G7275C023,2026-05-07 18:14:04,2026-05-09 16:31:00,Hanford,1,2026-05-10 14:13:11
Priest Rapids Tailrace STH,3,G7275E15E,2026-05-10 17:50:36,2026-05-12 16:15:00,Lower Ringold,1,2026-05-13 05:43:17
Priest Rapids Tailrace STH,3,G7275E15E,2026-05-10 17:50:36,2026-05-12 16:15:00,Hanford,1,2026-05-13 08:45:23
Priest Rapids Tailrace STH,1,G7276FF89,2026-05-11 18:08:35,2026-05-14 16:30:00,Lower Ringold,1,2026-05-15 03:48:52
Priest Rapids Tailrace STH,1,G7276FF89,2026-05-11 18:08:35,2026-05-14 16:30:00,Hanford,1,2026-05-15 06:56:21
Priest Rapids Tailrace STH,1,G727709E4,2026-05-14 19:12:23,2026-05-16 16:35:00,Lower Ringold,0,
Priest Rapids Tailrace STH,1,G727709E4,2026-05-14 19:12:23,2026-05-16 16:35:00,Hanford,0,
Priest Rapids Tailrace STH,3,G72785C18,2026-05-06 18:25:09,2026-05-09 16:31:00,Lower Ringold,0,
Priest Rapids Tailrace STH,3,G72785C18,2026-05-06 18:25:09,2026-05-09 16:31:00,Hanford,0,
Priest Rapids Tailrace STH,2,G72794761,2026-05-08 20:56:38,2026-05-10 16:20:00,Lower Ringold,1,2026-05-11 10:29:48
Priest Rapids Tailrace STH,2,G72794761,2026-05-08 20:56:38,2026-05-10 16:20:00,Hanford,0,
Priest Rapids Tailrace STH,2,G727AD4C7,2026-05-08 20:43:15,2026-05-10 16:20:00,Lower Ringold,1,2026-05-11 06:54:27
Priest Rapids Tailrace STH,2,G727AD4C7,2026-05-08 20:43:15,2026-05-10 16:20:00,Hanford,1,2026-05-11 10:49:31
Priest Rapids Tailrace STH,2,G727BFE5E,2026-05-07 18:28:17,2026-05-09 16:31:00,Lower Ringold,0,
Priest Rapids Tailrace STH,2,G727BFE5E,2026-05-07 18:28:17,2026-05-09 16:31:00,Hanford,0,
Priest Rapids Tailrace STH,2,G727F1093,2026-05-08 21:00:06,2026-05-10 16:20:00,Lower Ringold,1,2026-05-11 03:57:44
Priest Rapids Tailrace STH,2,G727F1093,2026-05-08 21:00:06,2026-05-10 16:20:00,Hanford,1,2026-05-11 06:51:56
Priest Rapids Tailrace STH,3,G7280FEE4,2026-05-12 19:05:18,2026-05-15 17:05:00,Lower Ringold,1,2026-05-16 13:27:28
Priest Rapids Tailrace STH,3,G7280FEE4,2026-05-12 19:05:18,2026-05-15 17:05:00,Hanford,1,2026-05-16 16:45:05
Priest Rapids Tailrace STH,1,G7281C1DF,2026-05-12 19:03:38,2026-05-15 17:05:00,Lower Ringold,1,2026-05-16 12:22:55
Priest Rapids Tailrace STH,1,G7281C1DF,2026-05-12 19:03:38,2026-05-15 17:05:00,Hanford,1,2026-05-17 06:17:35
Priest Rapids Tailrace STH,3,G7282822E,2026-05-12 18:52:01,2026-05-15 17:05:00,Lower Ringold,1,2026-05-16 10:32:44
Priest Rapids Tailrace STH,3,G7282822E,2026-05-12 18:52:01,2026-05-15 17:05:00,Hanford,1,2026-05-16 13:44:30
Priest Rapids Tailrace STH,3,G7282F06A,2026-05-11 17:48:35,2026-05-14 16:30:00,Lower Ringold,1,2026-05-31 05:45:35
Priest Rapids Tailrace STH,3,G7282F06A,2026-05-11 17:48:35,2026-05-14 16:30:00,Hanford,1,2026-05-31 08:37:46
Priest Rapids Tailrace STH,2,G7283C98C,2026-05-12 18:46:55,2026-05-15 17:05:00,Lower Ringold,1,2026-05-16 07:52:28
Priest Rapids Tailrace STH,2,G7283C98C,2026-05-12 18:46:55,2026-05-15 17:05:00,Hanford,1,2026-05-16 10:47:00
Priest Rapids Tailrace STH,2,G728464B0,2026-05-08 20:47:15,2026-05-10 16:20:00,Lower Ringold,0,
Priest Rapids Tailrace STH,2,G728464B0,2026-05-08 20:47:15,2026-05-10 16:20:00,Hanford,0,
Priest Rapids Tailrace STH,2,G7284660C,2026-05-08 20:38:19,2026-05-10 16:20:00,Lower Ringold,1,2026-05-11 03:59:14
Priest Rapids Tailrace STH,2,G7284660C,2026-05-08 20:38:19,2026-05-10 16:20:00,Hanford,1,2026-05-11 13:49:56
Priest Rapids Tailrace STH,3,G728787EE,2026-05-10 17:48:20,2026-05-12 16:15:00,Lower Ringold,1,2026-05-13 01:44:31
Priest Rapids Tailrace STH,3,G728787EE,2026-05-10 17:48:20,2026-05-12 16:15:00,Hanford,1,2026-05-13 04:46:35
Priest Rapids Tailrace STH,2,G72887B21,2026-05-09 18:47:06,2026-05-11 16:32:00,Lower Ringold,1,2026-05-12 06:49:44
Priest Rapids Tailrace STH,2,G72887B21,2026-05-09 18:47:06,2026-05-11 16:32:00,Hanford,1,2026-05-12 09:48:25
Priest Rapids Tailrace STH,2,G7288B957,2026-05-09 18:38:02,2026-05-11 16:32:00,Lower Ringold,1,2026-05-12 03:30:13
Priest Rapids Tailrace STH,2,G7288B957,2026-05-09 18:38:02,2026-05-11 16:32:00,Hanford,1,2026-05-12 11:19:15
Priest Rapids Tailrace STH,3,G7289E5EB,2026-05-11 17:55:46,2026-05-14 16:30:00,Lower Ringold,1,2026-05-15 08:08:53
Priest Rapids Tailrace STH,3,G7289E5EB,2026-05-11 17:55:46,2026-05-14 16:30:00,Hanford,1,2026-05-15 11:11:16
Priest Rapids Tailrace STH,3,G728A0F29,2026-05-07 18:18:50,2026-05-09 16:31:00,Lower Ringold,1,2026-05-10 03:54:28
Priest Rapids Tailrace STH,3,G728A0F29,2026-05-07 18:18:50,2026-05-09 16:31:00,Hanford,1,2026-05-10 07:46:33
Priest Rapids Tailrace STH,2,G728AE5BE,2026-05-12 18:49:29,2026-05-15 17:05:00,Lower Ringold,1,2026-05-17 04:58:10
Priest Rapids Tailrace STH,2,G728AE5BE,2026-05-12 18:49:29,2026-05-15 17:05:00,Hanford,1,2026-05-17 08:27:14
Priest Rapids Tailrace STH,1,G728B00AC,2026-05-14 19:15:35,2026-05-16 16:35:00,Lower Ringold,1,2026-05-17 15:30:40
Priest Rapids Tailrace STH,1,G728B00AC,2026-05-14 19:15:35,2026-05-16 16:35:00,Hanford,1,2026-05-17 18:21:16
Priest Rapids Tailrace STH,1,G728B0930,2026-05-09 18:28:36,2026-05-11 16:32:00,Lower Ringold,1,2026-05-12 08:54:31
Priest Rapids Tailrace STH,1,G728B0930,2026-05-09 18:28:36,2026-05-11 16:32:00,Hanford,1,2026-05-12 12:05:53
Priest Rapids Tailrace STH,2,G728B4976,2026-05-11 18:01:19,2026-05-14 16:30:00,Lower Ringold,1,2026-05-15 08:08:24
Priest Rapids Tailrace STH,2,G728B4976,2026-05-11 18:01:19,2026-05-14 16:30:00,Hanford,1,2026-05-15 11:19:13
Priest Rapids Tailrace STH,3,G728B60C9,2026-05-12 18:49:06,2026-05-15 17:05:00,Lower Ringold,1,2026-05-17 04:55:05
Priest Rapids Tailrace STH,3,G728B60C9,2026-05-12 18:49:06,2026-05-15 17:05:00,Hanford,1,2026-05-17 08:10:36
Priest Rapids Tailrace STH,3,G728EE358,2026-05-06 19:17:38,2026-05-09 16:31:00,Lower Ringold,1,2026-05-10 09:03:01
Priest Rapids Tailrace STH,3,G728EE358,2026-05-06 19:17:38,2026-05-09 16:31:00,Hanford,1,2026-05-10 12:13:22
Priest Rapids Tailrace STH,3,G728FD802,2026-05-12 18:50:24,2026-05-15 17:05:00,Lower Ringold,1,2026-05-16 10:00:21
Priest Rapids Tailrace STH,3,G728FD802,2026-05-12 18:50:24,2026-05-15 17:05:00,Hanford,1,2026-05-16 13:01:51
Priest Rapids Tailrace STH,3,G7290149F,2026-05-09 18:26:16,2026-05-11 16:32:00,Lower Ringold,1,2026-05-13 12:37:53
Priest Rapids Tailrace STH,3,G7290149F,2026-05-09 18:26:16,2026-05-11 16:32:00,Hanford,1,2026-05-14 12:25:01
Priest Rapids Tailrace STH,3,G7290451A,2026-05-07 18:33:11,2026-05-09 16:31:00,Lower Ringold,1,2026-05-10 04:36:44
Priest Rapids Tailrace STH,3,G7290451A,2026-05-07 18:33:11,2026-05-09 16:31:00,Hanford,1,2026-05-10 07:33:46
Priest Rapids Tailrace STH,2,G7290B7D2,2026-05-06 18:53:32,2026-05-09 16:31:00,Lower Ringold,0,
Priest Rapids Tailrace STH,2,G7290B7D2,2026-05-06 18:53:32,2026-05-09 16:31:00,Hanford,0,
Priest Rapids Tailrace STH,3,G729116E7,2026-05-10 17:50:10,2026-05-12 16:15:00,Lower Ringold,1,2026-05-13 06:52:37
Priest Rapids Tailrace STH,3,G729116E7,2026-05-10 17:50:10,2026-05-12 16:15:00,Hanford,1,2026-05-13 10:18:26
Priest Rapids Tailrace STH,3,G72917CFC,2026-05-14 19:05:01,2026-05-16 16:35:00,Lower Ringold,1,2026-05-17 09:22:09
Priest Rapids Tailrace STH,3,G72917CFC,2026-05-14 19:05:01,2026-05-16 16:35:00,Hanford,1,2026-05-17 12:25:26
Priest Rapids Tailrace STH,1,G7291F26F,2026-05-09 18:43:26,2026-05-11 16:32:00,Lower Ringold,0,
Priest Rapids Tailrace STH,1,G7291F26F,2026-05-09 18:43:26,2026-05-11 16:32:00,Hanford,0,
Priest Rapids Tailrace STH,1,G72922C72,2026-05-14 19:22:22,2026-05-16 16:35:00,Lower Ringold,1,2026-05-17 15:10:32
Priest Rapids Tailrace STH,1,G72922C72,2026-05-14 19:22:22,2026-05-16 16:35:00,Hanford,1,2026-05-17 18:48:15
Priest Rapids Tailrace STH,1,G72924876,2026-05-14 19:05:50,2026-05-16 16:35:00,Lower Ringold,0,
Priest Rapids Tailrace STH,1,G72924876,2026-05-14 19:05:50,2026-05-16 16:35:00,Hanford,0,
Priest Rapids Tailrace STH,1,G729258EB,2026-05-07 18:20:06,2026-05-09 16:31:00,Lower Ringold,1,2026-05-10 12:05:04
Priest Rapids Tailrace STH,1,G729258EB,2026-05-07 18:20:06,2026-05-09 16:31:00,Hanford,1,2026-05-11 05:21:40
Priest Rapids Tailrace STH,1,G72945083,2026-05-12 18:50:52,2026-05-15 17:05:00,Lower Ringold,1,2026-05-25 09:06:02
Priest Rapids Tailrace STH,1,G72945083,2026-05-12 18:50:52,2026-05-15 17:05:00,Hanford,1,2026-05-25 12:20:55
Priest Rapids Tailrace STH,1,G7294DDF2,2026-05-06 19:13:16,2026-05-09 16:31:00,Lower Ringold,1,2026-05-10 03:44:22
Priest Rapids Tailrace STH,1,G7294DDF2,2026-05-06 19:13:16,2026-05-09 16:31:00,Hanford,1,2026-05-10 06:39:05
Priest Rapids Tailrace STH,1,G72952662,2026-05-11 18:04:03,2026-05-14 16:30:00,Lower Ringold,1,2026-05-15 09:15:16
Priest Rapids Tailrace STH,1,G72952662,2026-05-11 18:04:03,2026-05-14 16:30:00,Hanford,1,2026-05-15 12:27:19
Priest Rapids Tailrace STH,1,G729620EA,2026-05-14 19:16:28,2026-05-16 16:35:00,Lower Ringold,1,2026-05-17 15:37:51
Priest Rapids Tailrace STH,1,G729620EA,2026-05-14 19:16:28,2026-05-16 16:35:00,Hanford,1,2026-05-17 18:37:34
Priest Rapids Tailrace STH,1,G72966930,2026-05-10 17:54:15,2026-05-12 16:15:00,Lower Ringold,1,2026-05-13 06:56:40
Priest Rapids Tailrace STH,1,G72966930,2026-05-10 17:54:15,2026-05-12 16:15:00,Hanford,1,2026-05-13 09:41:55
Priest Rapids Tailrace STH,1,G72972C8D,2026-05-10 17:56:11,2026-05-12 16:15:00,Lower Ringold,1,2026-05-15 00:43:10
Priest Rapids Tailrace STH,1,G72972C8D,2026-05-10 17:56:11,2026-05-12 16:15:00,Hanford,1,2026-05-15 03:33:25
Priest Rapids Tailrace STH,3,G7297ED19,2026-05-14 19:07:56,2026-05-16 16:35:00,Lower Ringold,1,2026-05-19 02:27:36
Priest Rapids Tailrace STH,3,G7297ED19,2026-05-14 19:07:56,2026-05-16 16:35:00,Hanford,1,2026-05-19 05:42:45
Priest Rapids Tailrace STH,3,G72983D56,2026-05-11 17:56:55,2026-05-14 16:30:00,Lower Ringold,1,2026-05-15 11:37:19
Priest Rapids Tailrace STH,3,G72983D56,2026-05-11 17:56:55,2026-05-14 16:30:00,Hanford,1,2026-05-16 14:21:28
Priest Rapids Tailrace STH,3,G72989B24,2026-05-11 18:00:51,2026-05-14 16:30:00,Lower Ringold,1,2026-05-15 09:22:05
Priest Rapids Tailrace STH,3,G72989B24,2026-05-11 18:00:51,2026-05-14 16:30:00,Hanford,1,2026-05-15 12:22:05
Priest Rapids Tailrace STH,3,G729B67A6,2026-05-07 18:26:01,2026-05-09 16:31:00,Lower Ringold,1,2026-05-10 21:37:47
Priest Rapids Tailrace STH,3,G729B67A6,2026-05-07 18:26:01,2026-05-09 16:31:00,Hanford,1,2026-05-11 00:18:05
Priest Rapids Tailrace STH,3,G729B6F64,2026-05-08 20:40:14,2026-05-10 16:20:00,Lower Ringold,1,2026-05-11 03:50:41
Priest Rapids Tailrace STH,3,G729B6F64,2026-05-08 20:40:14,2026-05-10 16:20:00,Hanford,0,
Priest Rapids Tailrace STH,3,G729BB2CE,2026-05-08 20:49:27,2026-05-10 16:20:00,Lower Ringold,1,2026-05-11 12:32:45
Priest Rapids Tailrace STH,3,G729BB2CE,2026-05-08 20:49:27,2026-05-10 16:20:00,Hanford,1,2026-05-11 15:58:17
Priest Rapids Tailrace STH,3,G729BBD8F,2026-05-09 18:30:29,2026-05-11 16:32:00,Lower Ringold,1,2026-05-12 17:01:58
Priest Rapids Tailrace STH,3,G729BBD8F,2026-05-09 18:30:29,2026-05-11 16:32:00,Hanford,1,2026-05-20 13:19:22
Priest Rapids Tailrace STH,1,G729C28CF,2026-05-10 17:47:56,2026-05-12 16:15:00,Lower Ringold,1,2026-05-13 03:35:37
Priest Rapids Tailrace STH,1,G729C28CF,2026-05-10 17:47:56,2026-05-12 16:15:00,Hanford,1,2026-05-13 07:03:59
Priest Rapids Tailrace STH,2,G729C5317,2026-05-12 18:47:43,2026-05-15 17:05:00,Lower Ringold,1,2026-05-16 09:19:58
Priest Rapids Tailrace STH,2,G729C5317,2026-05-12 18:47:43,2026-05-15 17:05:00,Hanford,1,2026-05-16 12:17:53
Priest Rapids Tailrace STH,2,G729D7A6C,2026-05-07 18:27:52,2026-05-09 16:31:00,Lower Ringold,1,2026-05-10 04:59:11
Priest Rapids Tailrace STH,2,G729D7A6C,2026-05-07 18:27:52,2026-05-09 16:31:00,Hanford,1,2026-05-10 08:03:35
Priest Rapids Tailrace STH,2,G729DBC7B,2026-05-07 18:16:32,2026-05-09 16:31:00,Lower Ringold,1,2026-05-10 04:57:11
Priest Rapids Tailrace STH,2,G729DBC7B,2026-05-07 18:16:32,2026-05-09 16:31:00,Hanford,1,2026-05-10 07:54:37
Priest Rapids Tailrace STH,3,G729EC7F6,2026-05-14 19:09:47,2026-05-16 16:35:00,Lower Ringold,1,2026-05-19 11:13:07
Priest Rapids Tailrace STH,3,G729EC7F6,2026-05-14 19:09:47,2026-05-16 16:35:00,Hanford,1,2026-06-12 06:24:38
Priest Rapids Tailrace STH,3,G729F0544,2026-05-09 18:36:28,2026-05-11 16:32:00,Lower Ringold,0,
Priest Rapids Tailrace STH,3,G729F0544,2026-05-09 18:36:28,2026-05-11 16:32:00,Hanford,0,
Priest Rapids Tailrace STH,3,G729F5FE1,2026-05-12 19:06:13,2026-05-15 17:05:00,Lower Ringold,0,
Priest Rapids Tailrace STH,3,G729F5FE1,2026-05-12 19:06:13,2026-05-15 17:05:00,Hanford,0,
Priest Rapids Tailrace STH,3,G729FB576,2026-05-08 20:45:13,2026-05-10 16:20:00,Lower Ringold,1,2026-05-11 12:56:28
Priest Rapids Tailrace STH,3,G729FB576,2026-05-08 20:45:13,2026-05-10 16:20:00,Hanford,1,2026-05-11 17:30:47
Priest Rapids Tailrace STH,3,G72A0F45B,2026-05-06 18:49:38,2026-05-09 16:31:00,Lower Ringold,1,2026-05-12 06:30:09
Priest Rapids Tailrace STH,3,G72A0F45B,2026-05-06 18:49:38,2026-05-09 16:31:00,Hanford,1,2026-05-12 10:02:38
Priest Rapids Tailrace STH,3,G72A1008A,2026-05-07 18:23:59,2026-05-09 16:31:00,Lower Ringold,0,
Priest Rapids Tailrace STH,3,G72A1008A,2026-05-07 18:23:59,2026-05-09 16:31:00,Hanford,0,
Priest Rapids Tailrace STH,1,G72A25B24,2026-05-10 17:39:23,2026-05-12 16:15:00,Lower Ringold,1,2026-05-18 01:07:12
Priest Rapids Tailrace STH,1,G72A25B24,2026-05-10 17:39:23,2026-05-12 16:15:00,Hanford,1,2026-05-18 05:13:45
Priest Rapids Tailrace STH,2,G72A2DAF6,2026-05-06 18:51:06,2026-05-09 16:31:00,Lower Ringold,1,2026-05-10 05:02:00
Priest Rapids Tailrace STH,2,G72A2DAF6,2026-05-06 18:51:06,2026-05-09 16:31:00,Hanford,1,2026-05-10 07:51:53
Priest Rapids Tailrace STH,2,G72A35322,2026-05-09 18:29:13,2026-05-11 16:32:00,Lower Ringold,1,2026-05-12 04:26:47
Priest Rapids Tailrace STH,2,G72A35322,2026-05-09 18:29:13,2026-05-11 16:32:00,Hanford,1,2026-05-12 07:55:01
Priest Rapids Tailrace STH,1,G72A37BC3,2026-05-12 18:56:37,2026-05-15 17:05:00,Lower Ringold,1,2026-05-16 03:51:38
Priest Rapids Tailrace STH,1,G72A37BC3,2026-05-12 18:56:37,2026-05-15 17:05:00,Hanford,1,2026-05-16 07:23:49
Priest Rapids Tailrace STH,1,G72A38AE9,2026-05-14 19:04:36,2026-05-16 16:35:00,Lower Ringold,1,2026-05-17 05:31:54
Priest Rapids Tailrace STH,1,G72A38AE9,2026-05-14 19:04:36,2026-05-16 16:35:00,Hanford,1,2026-05-17 09:09:40
Priest Rapids Tailrace STH,3,G72A41A96,2026-05-09 18:33:26,2026-05-11 16:32:00,Lower Ringold,1,2026-05-12 03:30:23
Priest Rapids Tailrace STH,3,G72A41A96,2026-05-09 18:33:26,2026-05-11 16:32:00,Hanford,1,2026-05-12 06:50:46
Priest Rapids Tailrace STH,3,G72A422EA,2026-05-09 18:25:27,2026-05-11 16:32:00,Lower Ringold,1,2026-05-12 04:06:29
Priest Rapids Tailrace STH,3,G72A422EA,2026-05-09 18:25:27,2026-05-11 16:32:00,Hanford,1,2026-05-12 14:45:41
Priest Rapids Tailrace STH,3,G72A4A946,2026-05-06 18:58:02,2026-05-09 16:31:00,Lower Ringold,1,2026-05-11 19:00:49
Priest Rapids Tailrace STH,3,G72A4A946,2026-05-06 18:58:02,2026-05-09 16:31:00,Hanford,1,2026-05-11 22:04:33
Priest Rapids Tailrace STH,3,G72A50C12,2026-05-14 19:07:32,2026-05-16 16:35:00,Lower Ringold,1,2026-05-17 04:43:53
Priest Rapids Tailrace STH,3,G72A50C12,2026-05-14 19:07:32,2026-05-16 16:35:00,Hanford,1,2026-05-17 07:47:57
Priest Rapids Tailrace STH,3,G72A52E8D,2026-05-07 18:23:21,2026-05-09 16:31:00,Lower Ringold,1,2026-05-10 04:16:18
Priest Rapids Tailrace STH,3,G72A52E8D,2026-05-07 18:23:21,2026-05-09 16:31:00,Hanford,1,2026-05-10 07:23:40
Priest Rapids Tailrace STH,3,G72A57049,2026-05-09 18:46:38,2026-05-11 16:32:00,Lower Ringold,1,2026-05-17 05:47:30
Priest Rapids Tailrace STH,3,G72A57049,2026-05-09 18:46:38,2026-05-11 16:32:00,Hanford,1,2026-05-17 08:56:52
Priest Rapids Tailrace STH,3,G72A6665C,2026-05-09 18:27:23,2026-05-11 16:32:00,Lower Ringold,1,2026-05-12 02:59:14
Priest Rapids Tailrace STH,3,G72A6665C,2026-05-09 18:27:23,2026-05-11 16:32:00,Hanford,1,2026-05-12 05:49:28
Priest Rapids Tailrace STH,3,G72A6CA50,2026-05-08 20:40:34,2026-05-10 16:20:00,Lower Ringold,0,
Priest Rapids Tailrace STH,3,G72A6CA50,2026-05-08 20:40:34,2026-05-10 16:20:00,Hanford,0,
Priest Rapids Tailrace STH,3,G72A7AD72,2026-05-10 18:01:24,2026-05-12 16:15:00,Lower Ringold,1,2026-05-13 04:07:58
Priest Rapids Tailrace STH,3,G72A7AD72,2026-05-10 18:01:24,2026-05-12 16:15:00,Hanford,1,2026-05-13 06:52:33
Priest Rapids Tailrace STH,3,G72A7D7F4,2026-05-09 18:25:07,2026-05-11 16:32:00,Lower Ringold,1,2026-05-12 09:22:04
Priest Rapids Tailrace STH,3,G72A7D7F4,2026-05-09 18:25:07,2026-05-11 16:32:00,Hanford,1,2026-05-12 12:35:44
Priest Rapids Tailrace STH,2,G72A9CB16,2026-05-06 19:16:13,2026-05-09 16:31:00,Lower Ringold,1,2026-05-10 04:14:48
Priest Rapids Tailrace STH,2,G72A9CB16,2026-05-06 19:16:13,2026-05-09 16:31:00,Hanford,1,2026-05-10 07:47:38
Priest Rapids Tailrace STH,2,G72AB27CD,2026-05-07 18:19:15,2026-05-09 16:31:00,Lower Ringold,1,2026-05-10 03:58:55
Priest Rapids Tailrace STH,2,G72AB27CD,2026-05-07 18:19:15,2026-05-09 16:31:00,Hanford,1,2026-05-10 06:54:15
Priest Rapids Tailrace STH,3,G72AEB862,2026-05-11 17:52:36,2026-05-14 16:30:00,Lower Ringold,0,
Priest Rapids Tailrace STH,3,G72AEB862,2026-05-11 17:52:36,2026-05-14 16:30:00,Hanford,0,
Priest Rapids Tailrace STH,3,G72AF14AA,2026-05-09 18:50:02,2026-05-11 16:32:00,Lower Ringold,1,2026-05-16 13:37:45
Priest Rapids Tailrace STH,3,G72AF14AA,2026-05-09 18:50:02,2026-05-11 16:32:00,Hanford,1,2026-05-16 16:39:09
Priest Rapids Tailrace STH,1,G72AF650C,2026-05-10 17:52:01,2026-05-12 16:15:00,Lower Ringold,1,2026-05-13 09:13:28
Priest Rapids Tailrace STH,1,G72AF650C,2026-05-10 17:52:01,2026-05-12 16:15:00,Hanford,1,2026-05-14 04:22:55
Priest Rapids Tailrace STH,1,G72AF969A,2026-05-12 18:57:05,2026-05-15 17:05:00,Lower Ringold,0,
Priest Rapids Tailrace STH,1,G72AF969A,2026-05-12 18:57:05,2026-05-15 17:05:00,Hanford,0,
Priest Rapids Tailrace STH,1,G72AFE923,2026-05-07 18:32:45,2026-05-09 16:31:00,Lower Ringold,1,2026-05-10 05:51:02
Priest Rapids Tailrace STH,1,G72AFE923,2026-05-07 18:32:45,2026-05-09 16:31:00,Hanford,1,2026-05-10 08:48:13
Priest Rapids Tailrace STH,1,G72B01B1F,2026-05-11 17:51:28,2026-05-14 16:30:00,Lower Ringold,1,2026-05-15 16:32:26
Priest Rapids Tailrace STH,1,G72B01B1F,2026-05-11 17:51:28,2026-05-14 16:30:00,Hanford,1,2026-05-15 20:08:09
Priest Rapids Tailrace STH,1,G72B0FEC9,2026-05-14 19:13:41,2026-05-16 16:35:00,Lower Ringold,1,2026-05-18 02:23:07
Priest Rapids Tailrace STH,1,G72B0FEC9,2026-05-14 19:13:41,2026-05-16 16:35:00,Hanford,1,2026-05-18 06:18:51
Priest Rapids Tailrace STH,1,G72B2134C,2026-05-11 17:54:44,2026-05-14 16:30:00,Lower Ringold,1,2026-05-15 07:04:50
Priest Rapids Tailrace STH,1,G72B2134C,2026-05-11 17:54:44,2026-05-14 16:30:00,Hanford,1,2026-05-15 10:00:30
Priest Rapids Tailrace STH,1,G72B23911,2026-05-14 19:03:18,2026-05-16 16:35:00,Lower Ringold,1,2026-05-18 12:52:09
Priest Rapids Tailrace STH,1,G72B23911,2026-05-14 19:03:18,2026-05-16 16:35:00,Hanford,1,2026-05-18 15:55:31
Priest Rapids Tailrace STH,1,G72B2D386,2026-05-11 18:04:47,2026-05-14 16:30:00,Lower Ringold,1,2026-05-15 05:57:00
Priest Rapids Tailrace STH,1,G72B2D386,2026-05-11 18:04:47,2026-05-14 16:30:00,Hanford,1,2026-05-15 09:53:58
Priest Rapids Tailrace STH,2,G72B56284,2026-05-10 18:01:59,2026-05-12 16:15:00,Lower Ringold,1,2026-05-13 07:44:12
Priest Rapids Tailrace STH,2,G72B56284,2026-05-10 18:01:59,2026-05-12 16:15:00,Hanford,1,2026-05-13 10:35:18
Priest Rapids Tailrace STH,2,G72B5E928,2026-05-10 17:49:17,2026-05-12 16:15:00,Lower Ringold,1,2026-05-13 02:36:04
Priest Rapids Tailrace STH,2,G72B5E928,2026-05-10 17:49:17,2026-05-12 16:15:00,Hanford,1,2026-05-13 05:11:57
Priest Rapids Tailrace STH,1,G72B61716,2026-05-14 19:17:49,2026-05-16 16:35:00,Lower Ringold,1,2026-05-17 09:39:24
Priest Rapids Tailrace STH,1,G72B61716,2026-05-14 19:17:49,2026-05-16 16:35:00,Hanford,1,2026-05-19 12:12:47
Priest Rapids Tailrace STH,3,G72B890C5,2026-05-08 20:58:13,2026-05-10 16:20:00,Lower Ringold,1,2026-05-11 14:22:38
Priest Rapids Tailrace STH,3,G72B890C5,2026-05-08 20:58:13,2026-05-10 16:20:00,Hanford,1,2026-05-11 17:35:41
Priest Rapids Tailrace STH,3,G72B8A41A,2026-05-14 19:11:28,2026-05-16 16:35:00,Lower Ringold,1,2026-05-17 08:30:10
Priest Rapids Tailrace STH,3,G72B8A41A,2026-05-14 19:11:28,2026-05-16 16:35:00,Hanford,0,
Priest Rapids Tailrace STH,3,G72B930AE,2026-05-11 17:54:22,2026-05-14 16:30:00,Lower Ringold,1,2026-05-15 09:49:43
Priest Rapids Tailrace STH,3,G72B930AE,2026-05-11 17:54:22,2026-05-14 16:30:00,Hanford,1,2026-05-15 13:15:11
Priest Rapids Tailrace STH,3,G72BB83EF,2026-05-08 20:57:42,2026-05-10 16:20:00,Lower Ringold,1,2026-05-11 02:28:58
Priest Rapids Tailrace STH,3,G72BB83EF,2026-05-08 20:57:42,2026-05-10 16:20:00,Hanford,1,2026-05-11 05:16:12
Priest Rapids Tailrace STH,3,G72BC9FBF,2026-05-12 19:00:04,2026-05-15 17:05:00,Lower Ringold,1,2026-05-16 10:14:34
Priest Rapids Tailrace STH,3,G72BC9FBF,2026-05-12 19:00:04,2026-05-15 17:05:00,Hanford,1,2026-05-16 12:53:51
Priest Rapids Tailrace STH,3,G72BCDAC6,2026-05-08 20:52:21,2026-05-10 16:20:00,Lower Ringold,1,2026-05-11 09:43:06
Priest Rapids Tailrace STH,3,G72BCDAC6,2026-05-08 20:52:21,2026-05-10 16:20:00,Hanford,1,2026-05-11 12:46:07
Priest Rapids Tailrace STH,3,G72BD2B28,2026-05-11 18:05:13,2026-05-14 16:30:00,Lower Ringold,0,
Priest Rapids Tailrace STH,3,G72BD2B28,2026-05-11 18:05:13,2026-05-14 16:30:00,Hanford,0,
Priest Rapids Tailrace STH,1,G72BEF46B,2026-05-10 17:55:10,2026-05-12 16:15:00,Lower Ringold,1,2026-05-13 06:01:29
Priest Rapids Tailrace STH,1,G72BEF46B,2026-05-10 17:55:10,2026-05-12 16:15:00,Hanford,1,2026-05-13 09:15:10
Priest Rapids Tailrace STH,1,G72BFBBA8,2026-05-09 18:43:50,2026-05-11 16:32:00,Lower Ringold,1,2026-05-30 08:27:26
Priest Rapids Tailrace STH,1,G72BFBBA8,2026-05-09 18:43:50,2026-05-11 16:32:00,Hanford,1,2026-05-30 11:07:48
Priest Rapids Tailrace STH,1,G72BFC54F,2026-05-07 18:22:26,2026-05-09 16:31:00,Lower Ringold,1,2026-05-10 05:05:11
Priest Rapids Tailrace STH,1,G72BFC54F,2026-05-07 18:22:26,2026-05-09 16:31:00,Hanford,1,2026-05-10 08:02:26
Priest Rapids Tailrace STH,1,G72C09999,2026-05-07 18:25:10,2026-05-09 16:31:00,Lower Ringold,1,2026-05-10 04:27:33
Priest Rapids Tailrace STH,1,G72C09999,2026-05-07 18:25:10,2026-05-09 16:31:00,Hanford,1,2026-05-10 07:35:54
Priest Rapids Tailrace STH,2,G72C0FF21,2026-05-09 18:42:08,2026-05-11 16:32:00,Lower Ringold,1,2026-05-12 05:55:38
Priest Rapids Tailrace STH,2,G72C0FF21,2026-05-09 18:42:08,2026-05-11 16:32:00,Hanford,0,
Priest Rapids Tailrace STH,2,G72C34E18,2026-05-06 18:55:47,2026-05-09 16:31:00,Lower Ringold,1,2026-05-10 04:56:06
Priest Rapids Tailrace STH,2,G72C34E18,2026-05-06 18:55:47,2026-05-09 16:31:00,Hanford,1,2026-05-10 07:57:03
Priest Rapids Tailrace STH,1,G72C6C8B6,2026-05-14 19:11:59,2026-05-16 16:35:00,Lower Ringold,1,2026-05-17 21:13:53
Priest Rapids Tailrace STH,1,G72C6C8B6,2026-05-14 19:11:59,2026-05-16 16:35:00,Hanford,1,2026-05-18 04:57:27
Priest Rapids Tailrace STH,1,G72C7163A,2026-05-14 19:09:13,2026-05-16 16:35:00,Lower Ringold,1,2026-05-17 04:17:59
Priest Rapids Tailrace STH,1,G72C7163A,2026-05-14 19:09:13,2026-05-16 16:35:00,Hanford,1,2026-05-17 07:21:18
Priest Rapids Tailrace STH,1,G72C71A99,2026-05-10 17:57:49,2026-05-12 16:15:00,Lower Ringold,1,2026-05-14 03:38:59
Priest Rapids Tailrace STH,1,G72C71A99,2026-05-10 17:57:49,2026-05-12 16:15:00,Hanford,1,2026-05-14 06:44:57
Priest Rapids Tailrace STH,1,G72C73BE4,2026-05-14 19:11:02,2026-05-16 16:35:00,Lower Ringold,1,2026-05-17 06:01:31
Priest Rapids Tailrace STH,1,G72C73BE4,2026-05-14 19:11:02,2026-05-16 16:35:00,Hanford,1,2026-05-17 09:14:59
Priest Rapids Tailrace STH,3,G72C9C132,2026-05-06 19:13:44,2026-05-09 16:31:00,Lower Ringold,0,
Priest Rapids Tailrace STH,3,G72C9C132,2026-05-06 19:13:44,2026-05-09 16:31:00,Hanford,0,
Priest Rapids Tailrace STH,1,G72CBBDF8,2026-05-07 18:14:28,2026-05-09 16:31:00,Lower Ringold,1,2026-05-10 04:30:13
Priest Rapids Tailrace STH,1,G72CBBDF8,2026-05-07 18:14:28,2026-05-09 16:31:00,Hanford,1,2026-05-10 07:46:29
Priest Rapids Tailrace STH,1,G72CE60AD,2026-05-12 19:04:20,2026-05-15 17:05:00,Lower Ringold,1,2026-05-16 12:34:30
Priest Rapids Tailrace STH,1,G72CE60AD,2026-05-12 19:04:20,2026-05-15 17:05:00,Hanford,1,2026-05-16 15:31:09
Priest Rapids Tailrace STH,3,G72CF7316,2026-05-07 18:17:00,2026-05-09 16:31:00,Lower Ringold,1,2026-05-10 05:15:19
Priest Rapids Tailrace STH,3,G72CF7316,2026-05-07 18:17:00,2026-05-09 16:31:00,Hanford,1,2026-05-10 08:16:01
Priest Rapids Tailrace STH,1,G72D10503,2026-05-09 18:42:36,2026-05-11 16:32:00,Lower Ringold,1,2026-05-12 04:02:33
Priest Rapids Tailrace STH,1,G72D10503,2026-05-09 18:42:36,2026-05-11 16:32:00,Hanford,1,2026-05-12 07:23:10
Priest Rapids Tailrace STH,1,G72D167DA,2026-05-06 19:12:23,2026-05-09 16:31:00,Lower Ringold,1,2026-05-10 05:02:13
Priest Rapids Tailrace STH,1,G72D167DA,2026-05-06 19:12:23,2026-05-09 16:31:00,Hanford,1,2026-05-10 08:24:58
Priest Rapids Tailrace STH,2,G72D235E8,2026-05-12 18:47:13,2026-05-15 17:05:00,Lower Ringold,1,2026-05-16 06:28:45
Priest Rapids Tailrace STH,2,G72D235E8,2026-05-12 18:47:13,2026-05-15 17:05:00,Hanford,1,2026-05-16 09:43:11
Priest Rapids Tailrace STH,1,G72D3F33B,2026-05-14 19:12:45,2026-05-16 16:35:00,Lower Ringold,0,
Priest Rapids Tailrace STH,1,G72D3F33B,2026-05-14 19:12:45,2026-05-16 16:35:00,Hanford,0,
Priest Rapids Tailrace STH,1,G72D53925,2026-05-08 20:54:28,2026-05-10 16:20:00,Lower Ringold,1,2026-05-11 02:36:23
Priest Rapids Tailrace STH,1,G72D53925,2026-05-08 20:54:28,2026-05-10 16:20:00,Hanford,1,2026-05-11 05:38:26
Priest Rapids Tailrace STH,1,G72D7706E,2026-05-06 18:52:07,2026-05-09 16:31:00,Lower Ringold,1,2026-05-10 12:54:35
Priest Rapids Tailrace STH,1,G72D7706E,2026-05-06 18:52:07,2026-05-09 16:31:00,Hanford,1,2026-05-10 15:27:34
Priest Rapids Tailrace STH,3,G72D894FE,2026-05-06 18:53:53,2026-05-09 16:31:00,Lower Ringold,1,2026-05-10 04:52:23
Priest Rapids Tailrace STH,3,G72D894FE,2026-05-06 18:53:53,2026-05-09 16:31:00,Hanford,1,2026-05-10 07:42:15
Priest Rapids Tailrace STH,1,G72D8E9FB,2026-05-09 18:27:00,2026-05-11 16:32:00,Lower Ringold,1,2026-05-14 12:29:06
Priest Rapids Tailrace STH,1,G72D8E9FB,2026-05-09 18:27:00,2026-05-11 16:32:00,Hanford,1,2026-05-14 15:57:56
Priest Rapids Tailrace STH,1,G72D91335,2026-05-11 18:02:44,2026-05-14 16:30:00,Lower Ringold,1,2026-05-15 06:40:25
Priest Rapids Tailrace STH,1,G72D91335,2026-05-11 18:02:44,2026-05-14 16:30:00,Hanford,1,2026-05-15 09:42:46
Priest Rapids Tailrace STH,1,G72D92556,2026-05-11 18:07:16,2026-05-14 16:30:00,Lower Ringold,1,2026-05-15 02:38:48
Priest Rapids Tailrace STH,1,G72D92556,2026-05-11 18:07:16,2026-05-14 16:30:00,Hanford,1,2026-05-15 06:05:10
Priest Rapids Tailrace STH,2,G72D9B2C4,2026-05-12 18:58:17,2026-05-15 17:05:00,Lower Ringold,1,2026-05-16 03:56:09
Priest Rapids Tailrace STH,2,G72D9B2C4,2026-05-12 18:58:17,2026-05-15 17:05:00,Hanford,1,2026-05-16 06:58:19
Priest Rapids Tailrace STH,3,G72DCAE05,2026-05-09 18:24:44,2026-05-11 16:32:00,Lower Ringold,1,2026-05-12 02:57:12
Priest Rapids Tailrace STH,3,G72DCAE05,2026-05-09 18:24:44,2026-05-11 16:32:00,Hanford,1,2026-05-12 05:51:19
Priest Rapids Tailrace STH,3,G72DCBFC6,2026-05-11 17:53:57,2026-05-14 16:30:00,Lower Ringold,1,2026-05-15 11:38:53
Priest Rapids Tailrace STH,3,G72DCBFC6,2026-05-11 17:53:57,2026-05-14 16:30:00,Hanford,1,2026-05-15 14:46:34
Priest Rapids Tailrace STH,2,G72DD7FC8,2026-05-12 18:44:03,2026-05-15 17:05:00,Lower Ringold,0,
Priest Rapids Tailrace STH,2,G72DD7FC8,2026-05-12 18:44:03,2026-05-15 17:05:00,Hanford,0,
Priest Rapids Tailrace STH,3,G72DEF9CC,2026-05-06 21:37:37,2026-05-09 16:31:00,Lower Ringold,1,2026-05-10 11:46:25
Priest Rapids Tailrace STH,3,G72DEF9CC,2026-05-06 21:37:37,2026-05-09 16:31:00,Hanford,1,2026-05-11 04:18:33
Priest Rapids Tailrace STH,1,G72E28AB6,2026-05-09 18:37:14,2026-05-11 16:32:00,Lower Ringold,1,2026-05-12 03:23:32
Priest Rapids Tailrace STH,1,G72E28AB6,2026-05-09 18:37:14,2026-05-11 16:32:00,Hanford,1,2026-05-12 06:26:07
Priest Rapids Tailrace STH,3,G72E37078,2026-05-11 18:03:11,2026-05-14 16:30:00,Lower Ringold,1,2026-05-15 15:22:44
Priest Rapids Tailrace STH,3,G72E37078,2026-05-11 18:03:11,2026-05-14 16:30:00,Hanford,1,2026-05-15 20:24:39
Priest Rapids Tailrace STH,3,G72E4BEC3,2026-05-06 18:52:40,2026-05-09 16:31:00,Lower Ringold,0,
Priest Rapids Tailrace STH,3,G72E4BEC3,2026-05-06 18:52:40,2026-05-09 16:31:00,Hanford,0,
Priest Rapids Tailrace STH,1,G72E650A4,2026-05-10 17:58:13,2026-05-12 16:15:00,Lower Ringold,1,2026-05-13 03:15:38
Priest Rapids Tailrace STH,1,G72E650A4,2026-05-10 17:58:13,2026-05-12 16:15:00,Hanford,1,2026-05-13 06:16:23
Priest Rapids Tailrace STH,1,G72E908A5,2026-05-08 20:48:22,2026-05-10 16:20:00,Lower Ringold,1,2026-05-12 11:44:40
Priest Rapids Tailrace STH,1,G72E908A5,2026-05-08 20:48:22,2026-05-10 16:20:00,Hanford,1,2026-05-14 06:47:52
Priest Rapids Tailrace STH,2,G72E98BCB,2026-05-12 18:58:41,2026-05-15 17:05:00,Lower Ringold,1,2026-05-16 07:38:57
Priest Rapids Tailrace STH,2,G72E98BCB,2026-05-12 18:58:41,2026-05-15 17:05:00,Hanford,1,2026-05-16 10:56:18
Priest Rapids Tailrace STH,1,G72EB9A99,2026-05-08 20:42:53,2026-05-10 16:20:00,Lower Ringold,1,2026-05-11 08:00:51
Priest Rapids Tailrace STH,1,G72EB9A99,2026-05-08 20:42:53,2026-05-10 16:20:00,Hanford,1,2026-05-11 11:21:00
Priest Rapids Tailrace STH,2,G72EDBF2F,2026-05-11 18:03:40,2026-05-14 16:30:00,Lower Ringold,1,2026-05-15 05:39:21
Priest Rapids Tailrace STH,2,G72EDBF2F,2026-05-11 18:03:40,2026-05-14 16:30:00,Hanford,1,2026-05-15 08:29:58
Priest Rapids Tailrace STH,2,G72EF5B36,2026-05-10 17:48:51,2026-05-12 16:15:00,Lower Ringold,1,2026-05-13 04:35:08
Priest Rapids Tailrace STH,2,G72EF5B36,2026-05-10 17:48:51,2026-05-12 16:15:00,Hanford,1,2026-05-13 08:06:13
Priest Rapids Tailrace STH,3,G72F0BE14,2026-05-08 20:52:44,2026-05-10 16:20:00,Lower Ringold,1,2026-05-12 00:12:53
Priest Rapids Tailrace STH,3,G72F0BE14,2026-05-08 20:52:44,2026-05-10 16:20:00,Hanford,1,2026-05-12 03:10:29
Priest Rapids Tailrace STH,1,G72F0D2D2,2026-05-07 18:13:29,2026-05-09 16:31:00,Lower Ringold,1,2026-05-10 04:47:11
Priest Rapids Tailrace STH,1,G72F0D2D2,2026-05-07 18:13:29,2026-05-09 16:31:00,Hanford,1,2026-05-10 09:12:05
Priest Rapids Tailrace STH,1,G72F2A2BB,2026-05-12 18:48:06,2026-05-15 17:05:00,Lower Ringold,1,2026-05-16 04:43:00
Priest Rapids Tailrace STH,1,G72F2A2BB,2026-05-12 18:48:06,2026-05-15 17:05:00,Hanford,1,2026-05-16 07:52:57
Priest Rapids Tailrace STH,1,G72F2BD67,2026-05-07 18:30:01,2026-05-09 16:31:00,Lower Ringold,1,2026-05-10 03:56:03
Priest Rapids Tailrace STH,1,G72F2BD67,2026-05-07 18:30:01,2026-05-09 16:31:00,Hanford,1,2026-05-10 07:00:15
Priest Rapids Tailrace STH,2,G72F42B01,2026-05-11 17:57:57,2026-05-14 16:30:00,Lower Ringold,1,2026-05-15 05:15:39
Priest Rapids Tailrace STH,2,G72F42B01,2026-05-11 17:57:57,2026-05-14 16:30:00,Hanford,1,2026-05-15 08:34:24
Priest Rapids Tailrace STH,1,G72F55E02,2026-05-06 18:54:50,2026-05-09 16:31:00,Lower Ringold,1,2026-05-10 11:35:22
Priest Rapids Tailrace STH,1,G72F55E02,2026-05-06 18:54:50,2026-05-09 16:31:00,Hanford,1,2026-05-12 05:18:44
Priest Rapids Tailrace STH,2,G72F71BEA,2026-05-07 18:32:16,2026-05-09 16:31:00,Lower Ringold,0,
Priest Rapids Tailrace STH,2,G72F71BEA,2026-05-07 18:32:16,2026-05-09 16:31:00,Hanford,0,
Priest Rapids Tailrace STH,2,G72F8E599,2026-05-09 18:28:01,2026-05-11 16:32:00,Lower Ringold,1,2026-05-13 20:23:25
Priest Rapids Tailrace STH,2,G72F8E599,2026-05-09 18:28:01,2026-05-11 16:32:00,Hanford,1,2026-05-14 01:10:00
Priest Rapids Tailrace STH,2,G72F94F8C,2026-05-09 18:41:24,2026-05-11 16:32:00,Lower Ringold,1,2026-05-18 06:17:19
Priest Rapids Tailrace STH,2,G72F94F8C,2026-05-09 18:41:24,2026-05-11 16:32:00,Hanford,1,2026-05-18 09:09:36
