tag_code,project_code,tag_group,tagger,bucket,lot,species,length,weight,fish_tag_date,tag_activate_date,tag_release_date,release_location,release_location_xlat,release_location_latitude,release_location_longitude,mort_xlat,pri,tag_AssignedRelease,survival_use,tag_status,fish_status,release_type
G72ED447B,GPUD_Survival,live_release,A,1,Lot 2,11H,144,26.200000762939453,2026-04-21,2026-04-20T23:08:25Z,2026-04-22T20:05:00Z,Rock Island Tailrace,Rock Island Tailrace - CHINOOK,47.341487,-120.090402,0,3,RC01,TRUE,Active,Alive,Helicopter
G723C491A,GPUD_Survival,live_release,A,1,Lot 2,11H,165,42.900001525878906,2026-04-21,2026-04-21T00:05:04Z,2026-04-22T20:05:00Z,Rock Island Tailrace,Rock Island Tailrace - CHINOOK,47.341487,-120.090402,0,3,RC01,TRUE,Active,Alive,Helicopter
G7234B238,GPUD_Survival,live_release,A,2,Lot 3,11W,127,18.600000381469727,2026-04-21,2026-04-21T00:05:49Z,2026-04-22T20:05:00Z,Rock Island Tailrace,Rock Island Tailrace - CHINOOK,47.341487,-120.090402,0,3,RC01,TRUE,Active,Alive,Helicopter
G728A5C10,GPUD_Survival,live_release,A,2,Lot 3,11H,138,24.5,2026-04-21,2026-04-21T00:06:41Z,2026-04-22T20:05:00Z,Rock Island Tailrace,Rock Island Tailrace - CHINOOK,47.341487,-120.090402,0,3,RC01,TRUE,Active,Alive,Helicopter
G72712C52,GPUD_Survival,live_release,A,3,Lot 1,11H,155,32.70000076293945,2026-04-21,2026-04-21T00:07:22Z,2026-04-22T20:05:00Z,Rock Island Tailrace,Rock Island Tailrace - CHINOOK,47.341487,-120.090402,0,3,RC01,TRUE,Active,Alive,Helicopter
G7232AD4E,GPUD_Survival,live_release,A,3,Lot 1,11H,155,36,2026-04-21,2026-04-21T00:08:06Z,2026-04-22T20:05:00Z,Rock Island Tailrace,Rock Island Tailrace - CHINOOK,47.341487,-120.090402,0,3,RC01,TRUE,Active,Alive,Helicopter
G721D9757,GPUD_Survival,live_release,A,4,Lot 2,11H,173,50.599998474121094,2026-04-21,2026-04-21T00:09:02Z,2026-04-22T20:05:00Z,Rock Island Tailrace,Rock Island Tailrace - CHINOOK,47.341487,-120.090402,0,3,RC01,TRUE,Active,Alive,Helicopter
G725D97CC,GPUD_Survival,live_release,A,4,Lot 1,11H,145,29.799999237060547,2026-04-21,2026-04-21T00:10:22Z,2026-04-22T20:05:00Z,Rock Island Tailrace,Rock Island Tailrace - CHINOOK,47.341487,-120.090402,0,3,RC01,TRUE,Active,Alive,Helicopter
G720AAA96,GPUD_Survival,live_release,A,5,Lot 3,11H,137,23.899999618530273,2026-04-21,2026-04-21T00:11:12Z,2026-04-22T20:05:00Z,Rock Island Tailrace,Rock Island Tailrace - CHINOOK,47.341487,-120.090402,0,3,RC01,TRUE,Active,Alive,Helicopter
G72E643DB,GPUD_Survival,live_release,A,5,Lot 1,11H,145,26,2026-04-21,2026-04-21T00:11:57Z,2026-04-22T20:05:00Z,Rock Island Tailrace,Rock Island Tailrace - CHINOOK,47.341487,-120.090402,0,3,RC01,TRUE,Active,Alive,Helicopter
G72049236,GPUD_Survival,live_release,A,6,Lot 1,11H,135,23.399999618530273,2026-04-21,2026-04-21T00:13:03Z,2026-04-22T20:05:00Z,Rock Island Tailrace,Rock Island Tailrace - CHINOOK,47.341487,-120.090402,0,3,RC01,TRUE,Active,Alive,Helicopter
G72F94271,GPUD_Survival,live_release,A,6,Lot 1,11H,112,12.600000381469727,2026-04-21,2026-04-21T00:13:38Z,2026-04-22T20:05:00Z,Rock Island Tailrace,Rock Island Tailrace - CHINOOK,47.341487,-120.090402,0,3,RC01,TRUE,Active,Alive,Helicopter
G723F9846,GPUD_Survival,live_release,A,7,Lot 2,11H,129,21,2026-04-21,2026-04-21T00:14:11Z,2026-04-22T20:05:00Z,Rock Island Tailrace,Rock Island Tailrace - CHINOOK,47.341487,-120.090402,0,3,RC01,TRUE,Active,Alive,Helicopter
G728BEA3B,GPUD_Survival,live_release,A,7,Lot 1,11H,155,32.900001525878906,2026-04-21,2026-04-21T00:14:59Z,2026-04-22T20:05:00Z,Rock Island Tailrace,Rock Island Tailrace - CHINOOK,47.341487,-120.090402,0,3,RC01,TRUE,Active,Alive,Helicopter
G72CB6052,GPUD_Survival,live_release,A,8,Lot 1,11H,170,46,2026-04-21,2026-04-21T00:15:45Z,2026-04-22T20:05:00Z,Rock Island Tailrace,Rock Island Tailrace - CHINOOK,47.341487,-120.090402,0,3,RC01,TRUE,Active,Alive,Helicopter
G72D92137,GPUD_Survival,live_release,A,8,Lot 1,11H,142,25.5,2026-04-21,2026-04-21T00:17:49Z,2026-04-22T20:05:00Z,Rock Island Tailrace,Rock Island Tailrace - CHINOOK,47.341487,-120.090402,0,3,RC01,TRUE,Active,Alive,Helicopter
G72140D8A,GPUD_Survival,live_release,A,9,Lot 2,11H,174,52.5,2026-04-21,2026-04-21T00:18:27Z,2026-04-22T20:05:00Z,Rock Island Tailrace,Rock Island Tailrace - CHINOOK,47.341487,-120.090402,0,3,RC01,TRUE,Active,Alive,Helicopter
G72014DDF,GPUD_Survival,live_release,A,9,Lot 2,11H,178,58,2026-04-21,2026-04-21T00:20:13Z,2026-04-22T20:05:00Z,Rock Island Tailrace,Rock Island Tailrace - CHINOOK,47.341487,-120.090402,0,3,RC01,TRUE,Active,Alive,Helicopter
G72CDA28E,GPUD_Survival,live_release,A,10,Lot 3,11H,144,27.700000762939453,2026-04-21,2026-04-21T00:20:34Z,2026-04-22T20:05:00Z,Rock Island Tailrace,Rock Island Tailrace - CHINOOK,47.341487,-120.090402,0,3,RC01,TRUE,Active,Alive,Helicopter
G7296A7E5,GPUD_Survival,live_release,A,11,Lot 1,11W,125,19.700000762939453,2026-04-21,2026-04-21T00:21:10Z,2026-04-22T20:05:00Z,Rock Island Tailrace,Rock Island Tailrace - CHINOOK,47.341487,-120.090402,0,3,RC01,TRUE,Active,Alive,Helicopter
G725607FE,GPUD_Survival,live_release,A,11,Lot 2,11H,132,20.799999237060547,2026-04-21,2026-04-21T00:21:58Z,2026-04-22T20:05:00Z,Rock Island Tailrace,Rock Island Tailrace - CHINOOK,47.341487,-120.090402,0,3,RC01,TRUE,Active,Alive,Helicopter
G720364F1,GPUD_Survival,live_release,A,12,Lot 2,11H,147,31.200000762939453,2026-04-21,2026-04-21T00:22:39Z,2026-04-22T20:05:00Z,Rock Island Tailrace,Rock Island Tailrace - CHINOOK,47.341487,-120.090402,0,3,RC01,TRUE,Active,Alive,Helicopter
G7206CABE,GPUD_Survival,live_release,A,12,Lot 2,11H,120,17.600000381469727,2026-04-21,2026-04-21T00:22:53Z,2026-04-22T20:05:00Z,Rock Island Tailrace,Rock Island Tailrace - CHINOOK,47.341487,-120.090402,0,3,RC01,TRUE,Active,Alive,Helicopter
G72AC7626,GPUD_Survival,live_release,A,13,Lot 3,11H,124,17.299999237060547,2026-04-21,2026-04-21T00:23:24Z,2026-04-22T20:05:00Z,Rock Island Tailrace,Rock Island Tailrace - CHINOOK,47.341487,-120.090402,0,3,RC01,TRUE,Active,Alive,Helicopter
G721CC0CB,GPUD_Survival,live_release,A,13,Lot 2,11H,124,18.799999237060547,2026-04-21,2026-04-21T00:23:52Z,2026-04-22T20:05:00Z,Rock Island Tailrace,Rock Island Tailrace - CHINOOK,47.341487,-120.090402,0,3,RC01,TRUE,Active,Alive,Helicopter
G7264F929,GPUD_Survival,live_release,A,14,Lot 3,11H,157,36.599998474121094,2026-04-21,2026-04-21T00:24:25Z,2026-04-22T20:05:00Z,Rock Island Tailrace,Rock Island Tailrace - CHINOOK,47.341487,-120.090402,0,3,RC01,TRUE,Active,Alive,Helicopter
G7278375D,GPUD_Survival,live_release,A,14,Lot 3,11H,117,14.899999618530273,2026-04-21,2026-04-21T00:25:00Z,2026-04-22T20:05:00Z,Rock Island Tailrace,Rock Island Tailrace - CHINOOK,47.341487,-120.090402,0,3,RC01,TRUE,Active,Alive,Helicopter
G725C6A81,GPUD_Survival,live_release,A,15,Lot 1,11H,147,35.5,2026-04-21,2026-04-21T00:25:29Z,2026-04-22T20:05:00Z,Rock Island Tailrace,Rock Island Tailrace - CHINOOK,47.341487,-120.090402,0,3,RC01,TRUE,Active,Alive,Helicopter
G729DAB65,GPUD_Survival,live_release,A,15,Lot 2,11H,150,31.299999237060547,2026-04-21,2026-04-21T00:25:59Z,2026-04-22T20:05:00Z,Rock Island Tailrace,Rock Island Tailrace - CHINOOK,47.341487,-120.090402,0,3,RC01,TRUE,Active,Alive,Helicopter
G72CDF255,GPUD_Survival,live_release,A,16,Lot 3,11H,132,20.100000381469727,2026-04-21,2026-04-21T00:26:35Z,2026-04-22T20:05:00Z,Rock Island Tailrace,Rock Island Tailrace - CHINOOK,47.341487,-120.090402,0,3,RC01,TRUE,Active,Alive,Helicopter
G7228456E,GPUD_Survival,live_release,A,16,Lot 1,11H,126,18.5,2026-04-21,2026-04-21T00:27:59Z,2026-04-22T20:05:00Z,Rock Island Tailrace,Rock Island Tailrace - CHINOOK,47.341487,-120.090402,0,3,RC01,TRUE,Active,Alive,Helicopter
G7207F667,GPUD_Survival,live_release,A,17,Lot 2,11H,167,43.400001525878906,2026-04-21,2026-04-21T00:28:53Z,2026-04-22T20:05:00Z,Rock Island Tailrace,Rock Island Tailrace - CHINOOK,47.341487,-120.090402,0,3,RC01,TRUE,Active,Alive,Helicopter
G725CAF74,GPUD_Survival,live_release,A,17,Lot 1,11H,124,17.200000762939453,2026-04-21,2026-04-21T00:29:11Z,2026-04-22T20:05:00Z,Rock Island Tailrace,Rock Island Tailrace - CHINOOK,47.341487,-120.090402,0,3,RC01,TRUE,Active,Alive,Helicopter
G7254F5A7,GPUD_Survival,live_release,A,18,Lot 1,11H,162,38.099998474121094,2026-04-21,2026-04-21T00:29:58Z,2026-04-22T20:05:00Z,Rock Island Tailrace,Rock Island Tailrace - CHINOOK,47.341487,-120.090402,0,3,RC01,TRUE,Active,Alive,Helicopter
G728A3BF6,GPUD_Survival,live_release,A,18,Lot 3,11H,165,48.20000076293945,2026-04-21,2026-04-21T00:30:24Z,2026-04-22T20:05:00Z,Rock Island Tailrace,Rock Island Tailrace - CHINOOK,47.341487,-120.090402,0,3,RC01,TRUE,Active,Alive,Helicopter
G728AA27B,GPUD_Survival,live_release,A,19,Lot 3,11H,150,34.20000076293945,2026-04-21,2026-04-21T00:31:02Z,2026-04-22T20:05:00Z,Rock Island Tailrace,Rock Island Tailrace - CHINOOK,47.341487,-120.090402,0,3,RC01,TRUE,Active,Alive,Helicopter
G72A258C6,GPUD_Survival,live_release,A,19,Lot 2,11H,178,60.20000076293945,2026-04-21,2026-04-21T00:31:35Z,2026-04-22T20:05:00Z,Rock Island Tailrace,Rock Island Tailrace - CHINOOK,47.341487,-120.090402,0,3,RC01,TRUE,Active,Alive,Helicopter
G728EF446,GPUD_Survival,live_release,A,20,Lot 3,11H,115,13.800000190734863,2026-04-21,2026-04-21T00:32:36Z,2026-04-22T20:05:00Z,Rock Island Tailrace,Rock Island Tailrace - CHINOOK,47.341487,-120.090402,0,3,RC01,TRUE,Active,Alive,Helicopter
G725BB804,GPUD_Survival,live_release,A,20,Lot 1,11H,135,24.899999618530273,2026-04-21,2026-04-21T00:33:07Z,2026-04-22T20:05:00Z,Rock Island Tailrace,Rock Island Tailrace - CHINOOK,47.341487,-120.090402,0,3,RC01,TRUE,Active,Alive,Helicopter
G72517FAA,GPUD_Survival,live_release,A,21,Lot 3,11H,152,34.400001525878906,2026-04-21,2026-04-21T00:33:55Z,2026-04-22T20:05:00Z,Rock Island Tailrace,Rock Island Tailrace - CHINOOK,47.341487,-120.090402,0,3,RC01,TRUE,Active,Alive,Helicopter
G72761A5F,GPUD_Survival,live_release,A,22,Lot 3,11H,137,25.899999618530273,2026-04-21,2026-04-21T00:35:12Z,2026-04-22T20:05:00Z,Rock Island Tailrace,Rock Island Tailrace - CHINOOK,47.341487,-120.090402,0,3,RC01,TRUE,Active,Alive,Helicopter
G72177EC5,GPUD_Survival,live_release,A,69,Lot 2,11H,135,20.799999237060547,2026-04-22,2026-04-21T21:22:14Z,2026-04-23T15:44:00Z,Rock Island Tailrace,Rock Island Tailrace - CHINOOK,47.341487,-120.090402,0,3,RC02,TRUE,Active,Alive,Helicopter
G72A7E197,GPUD_Survival,live_release,A,69,Lot 3,11H,123,16.899999618530273,2026-04-22,2026-04-21T21:23:37Z,2026-04-23T15:44:00Z,Rock Island Tailrace,Rock Island Tailrace - CHINOOK,47.341487,-120.090402,0,3,RC02,TRUE,Active,Alive,Helicopter
G723B4BC8,GPUD_Survival,live_release,A,70,Lot 2,11H,130,20.700000762939453,2026-04-22,2026-04-21T21:24:15Z,2026-04-23T15:44:00Z,Rock Island Tailrace,Rock Island Tailrace - CHINOOK,47.341487,-120.090402,0,3,RC02,TRUE,Active,Alive,Helicopter
G72A78930,GPUD_Survival,live_release,A,70,Lot 3,11H,148,32.400001525878906,2026-04-22,2026-04-21T21:25:01Z,2026-04-23T15:44:00Z,Rock Island Tailrace,Rock Island Tailrace - CHINOOK,47.341487,-120.090402,0,3,RC02,TRUE,Active,Alive,Helicopter
G72E46708,GPUD_Survival,live_release,A,71,Lot 1,11H,122,17.299999237060547,2026-04-22,2026-04-21T21:25:30Z,2026-04-23T15:44:00Z,Rock Island Tailrace,Rock Island Tailrace - CHINOOK,47.341487,-120.090402,0,3,RC02,TRUE,Active,Alive,Helicopter
G72D2FF5C,GPUD_Survival,live_release,A,71,Lot 1,11H,148,31.600000381469727,2026-04-22,2026-04-21T21:26:18Z,2026-04-23T15:44:00Z,Rock Island Tailrace,Rock Island Tailrace - CHINOOK,47.341487,-120.090402,0,3,RC02,TRUE,Active,Alive,Helicopter
G72B2CEE6,GPUD_Survival,live_release,A,72,Lot 1,11H,120,17.399999618530273,2026-04-22,2026-04-21T21:26:52Z,2026-04-23T15:44:00Z,Rock Island Tailrace,Rock Island Tailrace - CHINOOK,47.341487,-120.090402,0,3,RC02,TRUE,Active,Alive,Helicopter
G72BDF05F,GPUD_Survival,live_release,A,73,Lot 3,11H,145,25.299999237060547,2026-04-22,2026-04-21T21:27:27Z,2026-04-23T15:44:00Z,Rock Island Tailrace,Rock Island Tailrace - CHINOOK,47.341487,-120.090402,0,3,RC02,TRUE,Active,Alive,Helicopter
G72A6BD2B,GPUD_Survival,live_release,A,73,Lot 3,11H,155,37.5,2026-04-22,2026-04-21T21:28:20Z,2026-04-23T15:44:00Z,Rock Island Tailrace,Rock Island Tailrace - CHINOOK,47.341487,-120.090402,0,3,RC02,TRUE,Active,Alive,Helicopter
G7296FEA2,GPUD_Survival,live_release,A,74,Lot 1,11H,134,21.700000762939453,2026-04-22,2026-04-21T21:29:49Z,2026-04-23T15:44:00Z,Rock Island Tailrace,Rock Island Tailrace - CHINOOK,47.341487,-120.090402,0,3,RC02,TRUE,Active,Alive,Helicopter
G7207EC84,GPUD_Survival,live_release,A,74,Lot 2,11H,124,20.200000762939453,2026-04-22,2026-04-21T21:30:18Z,2026-04-23T15:44:00Z,Rock Island Tailrace,Rock Island Tailrace - CHINOOK,47.341487,-120.090402,0,3,RC02,TRUE,Active,Alive,Helicopter
G72B1A5F6,GPUD_Survival,live_release,A,75,Lot 1,11H,120,17.100000381469727,2026-04-22,2026-04-21T21:31:19Z,2026-04-23T15:44:00Z,Rock Island Tailrace,Rock Island Tailrace - CHINOOK,47.341487,-120.090402,0,3,RC02,TRUE,Active,Alive,Helicopter
G72C7B9D4,GPUD_Survival,live_release,A,75,Lot 1,11H,137,29,2026-04-22,2026-04-21T21:32:06Z,2026-04-23T15:44:00Z,Rock Island Tailrace,Rock Island Tailrace - CHINOOK,47.341487,-120.090402,0,3,RC02,TRUE,Active,Alive,Helicopter
G727002AA,GPUD_Survival,live_release,A,76,Lot 2,11H,135,23.700000762939453,2026-04-22,2026-04-21T21:32:56Z,2026-04-23T15:44:00Z,Rock Island Tailrace,Rock Island Tailrace - CHINOOK,47.341487,-120.090402,0,3,RC02,TRUE,Active,Alive,Helicopter
G722545E7,GPUD_Survival,live_release,A,76,Lot 2,11H,145,27.200000762939453,2026-04-22,2026-04-21T21:33:55Z,2026-04-23T15:44:00Z,Rock Island Tailrace,Rock Island Tailrace - CHINOOK,47.341487,-120.090402,0,3,RC02,TRUE,Active,Alive,Helicopter
G7258497B,GPUD_Survival,live_release,A,77,Lot 2,11H,109,11.800000190734863,2026-04-22,2026-04-21T21:34:38Z,2026-04-23T15:44:00Z,Rock Island Tailrace,Rock Island Tailrace - CHINOOK,47.341487,-120.090402,0,3,RC02,TRUE,Active,Alive,Helicopter
G72A4DE3D,GPUD_Survival,live_release,A,77,Lot 3,11H,150,32.099998474121094,2026-04-22,2026-04-21T21:35:22Z,2026-04-23T15:44:00Z,Rock Island Tailrace,Rock Island Tailrace - CHINOOK,47.341487,-120.090402,0,3,RC02,TRUE,Active,Alive,Helicopter
G7272F0F3,GPUD_Survival,live_release,A,78,Lot 1,11H,118,14.800000190734863,2026-04-22,2026-04-21T21:36:07Z,2026-04-23T15:44:00Z,Rock Island Tailrace,Rock Island Tailrace - CHINOOK,47.341487,-120.090402,0,3,RC02,TRUE,Active,Alive,Helicopter
G72161A05,GPUD_Survival,live_release,A,78,Lot 3,11H,155,37.5,2026-04-22,2026-04-21T21:36:41Z,2026-04-23T15:44:00Z,Rock Island Tailrace,Rock Island Tailrace - CHINOOK,47.341487,-120.090402,0,3,RC02,TRUE,Active,Alive,Helicopter
G7292C459,GPUD_Survival,live_release,A,79,Lot 1,11H,151,24.5,2026-04-22,2026-04-21T21:37:09Z,2026-04-23T15:44:00Z,Rock Island Tailrace,Rock Island Tailrace - CHINOOK,47.341487,-120.090402,0,3,RC02,TRUE,Active,Alive,Helicopter
G72B23C2E,GPUD_Survival,live_release,A,79,Lot 1,11H,144,24.299999237060547,2026-04-22,2026-04-21T21:37:38Z,2026-04-23T15:44:00Z,Rock Island Tailrace,Rock Island Tailrace - CHINOOK,47.341487,-120.090402,0,3,RC02,TRUE,Active,Alive,Helicopter
G7240866A,GPUD_Survival,live_release,A,80,Lot 2,11H,130,21.899999618530273,2026-04-22,2026-04-21T21:38:03Z,2026-04-23T15:44:00Z,Rock Island Tailrace,Rock Island Tailrace - CHINOOK,47.341487,-120.090402,0,3,RC02,TRUE,Active,Alive,Helicopter
G729FC873,GPUD_Survival,live_release,A,80,Lot 3,11H,151,32.400001525878906,2026-04-22,2026-04-21T21:38:42Z,2026-04-23T15:44:00Z,Rock Island Tailrace,Rock Island Tailrace - CHINOOK,47.341487,-120.090402,0,3,RC02,TRUE,Active,Alive,Helicopter
G72E5A919,GPUD_Survival,live_release,A,81,Lot 2,11W,133,22.399999618530273,2026-04-22,2026-04-21T21:39:23Z,2026-04-23T15:44:00Z,Rock Island Tailrace,Rock Island Tailrace - CHINOOK,47.341487,-120.090402,0,3,RC02,TRUE,Active,Alive,Helicopter
G7211F31E,GPUD_Survival,live_release,A,82,Lot 3,11H,108,10.600000381469727,2026-04-22,2026-04-21T21:40:30Z,2026-04-23T15:44:00Z,Rock Island Tailrace,Rock Island Tailrace - CHINOOK,47.341487,-120.090402,0,3,RC02,TRUE,Active,Alive,Helicopter
G729EAB30,GPUD_Survival,live_release,A,82,Lot 3,11H,136,23.799999237060547,2026-04-22,2026-04-21T21:41:16Z,2026-04-23T15:44:00Z,Rock Island Tailrace,Rock Island Tailrace - CHINOOK,47.341487,-120.090402,0,3,RC02,TRUE,Active,Alive,Helicopter
G729471FE,GPUD_Survival,live_release,A,83,Lot 1,11H,147,27.299999237060547,2026-04-22,2026-04-21T21:43:05Z,2026-04-23T15:44:00Z,Rock Island Tailrace,Rock Island Tailrace - CHINOOK,47.341487,-120.090402,0,3,RC02,TRUE,Active,Alive,Helicopter
G723B0212,GPUD_Survival,live_release,A,83,Lot 3,11H,154,33.79999923706055,2026-04-22,2026-04-21T21:44:26Z,2026-04-23T15:44:00Z,Rock Island Tailrace,Rock Island Tailrace - CHINOOK,47.341487,-120.090402,0,3,RC02,TRUE,Active,Alive,Helicopter
G724F7758,GPUD_Survival,live_release,A,84,Lot 3,11H,124,20.299999237060547,2026-04-22,2026-04-21T21:44:49Z,2026-04-23T15:44:00Z,Rock Island Tailrace,Rock Island Tailrace - CHINOOK,47.341487,-120.090402,0,3,RC02,TRUE,Active,Alive,Helicopter
G720502E3,GPUD_Survival,live_release,A,84,Lot 1,11H,182,59.20000076293945,2026-04-22,2026-04-21T21:45:15Z,2026-04-23T15:44:00Z,Rock Island Tailrace,Rock Island Tailrace - CHINOOK,47.341487,-120.090402,0,3,RC02,TRUE,Active,Alive,Helicopter
G724DBC23,GPUD_Survival,live_release,A,85,Lot 2,11H,119,16.299999237060547,2026-04-22,2026-04-21T21:45:39Z,2026-04-23T15:44:00Z,Rock Island Tailrace,Rock Island Tailrace - CHINOOK,47.341487,-120.090402,0,3,RC02,TRUE,Active,Alive,Helicopter
G729ADC70,GPUD_Survival,live_release,A,85,Lot 3,11H,158,38.5,2026-04-22,2026-04-21T21:46:11Z,2026-04-23T15:44:00Z,Rock Island Tailrace,Rock Island Tailrace - CHINOOK,47.341487,-120.090402,0,3,RC02,TRUE,Active,Alive,Helicopter
G72A4A5E5,GPUD_Survival,live_release,A,86,Lot 3,11H,150,36.099998474121094,2026-04-22,2026-04-21T21:47:01Z,2026-04-23T15:44:00Z,Rock Island Tailrace,Rock Island Tailrace - CHINOOK,47.341487,-120.090402,0,3,RC02,TRUE,Active,Alive,Helicopter
G72CD7387,GPUD_Survival,live_release,A,86,Lot 3,11H,119,15.300000190734863,2026-04-22,2026-04-21T21:47:45Z,2026-04-23T15:44:00Z,Rock Island Tailrace,Rock Island Tailrace - CHINOOK,47.341487,-120.090402,0,3,RC02,TRUE,Active,Alive,Helicopter
G72848038,GPUD_Survival,live_release,A,87,Lot 2,11H,158,36,2026-04-22,2026-04-21T21:48:54Z,2026-04-23T15:44:00Z,Rock Island Tailrace,Rock Island Tailrace - CHINOOK,47.341487,-120.090402,0,3,RC02,TRUE,Active,Alive,Helicopter
G72D297FB,GPUD_Survival,live_release,A,87,Lot 1,11H,148,30.100000381469727,2026-04-22,2026-04-21T21:50:04Z,2026-04-23T15:44:00Z,Rock Island Tailrace,Rock Island Tailrace - CHINOOK,47.341487,-120.090402,0,3,RC02,TRUE,Active,Alive,Helicopter
G724A4226,GPUD_Survival,live_release,A,88,Lot 2,11W,130,23.600000381469727,2026-04-22,2026-04-21T21:50:30Z,2026-04-23T15:44:00Z,Rock Island Tailrace,Rock Island Tailrace - CHINOOK,47.341487,-120.090402,0,3,RC02,TRUE,Active,Alive,Helicopter
G72CAD218,GPUD_Survival,live_release,A,67,Lot 1,11H,157,38.599998474121094,2026-04-22,2026-04-21T22:08:55Z,2026-04-23T15:44:00Z,Rock Island Tailrace,Rock Island Tailrace - CHINOOK,47.341487,-120.090402,0,3,RC02,TRUE,Active,Alive,Helicopter
G72243D19,GPUD_Survival,live_release,A,67,Lot 2,11W,112,13.100000381469727,2026-04-22,2026-04-22T00:18:39Z,2026-04-23T15:44:00Z,Rock Island Tailrace,Rock Island Tailrace - CHINOOK,47.341487,-120.090402,0,3,RC02,TRUE,Active,Alive,Helicopter
G72ED127D,GPUD_Survival,live_release,A,68,Lot 1,11W,175,59.099998474121094,2026-04-22,2026-04-22T00:19:41Z,2026-04-23T15:44:00Z,Rock Island Tailrace,Rock Island Tailrace - CHINOOK,47.341487,-120.090402,0,3,RC02,TRUE,Active,Alive,Helicopter
G72C6BFCD,GPUD_Survival,live_release,A,68,Lot 1,11H,145,27.299999237060547,2026-04-22,2026-04-22T00:20:37Z,2026-04-23T15:44:00Z,Rock Island Tailrace,Rock Island Tailrace - CHINOOK,47.341487,-120.090402,0,3,RC02,TRUE,Active,Alive,Helicopter
G729A1019,GPUD_Survival,live_release,A,67,Lot 1,11H,138,27.299999237060547,2026-04-23,2026-04-22T20:06:33Z,2026-04-24T15:37:00Z,Rock Island Tailrace,Rock Island Tailrace - CHINOOK,47.341487,-120.090402,0,3,RC03,TRUE,Active,Alive,Helicopter
G7226672D,GPUD_Survival,live_release,A,67,Lot 2,11H,150,30.600000381469727,2026-04-23,2026-04-22T20:07:48Z,2026-04-24T15:37:00Z,Rock Island Tailrace,Rock Island Tailrace - CHINOOK,47.341487,-120.090402,0,3,RC03,TRUE,Active,Alive,Helicopter
G72153A73,GPUD_Survival,live_release,A,68,Lot 3,11H,157,36.5,2026-04-23,2026-04-22T20:08:43Z,2026-04-24T15:37:00Z,Rock Island Tailrace,Rock Island Tailrace - CHINOOK,47.341487,-120.090402,0,3,RC03,TRUE,Active,Alive,Helicopter
G7287503A,GPUD_Survival,live_release,A,68,Lot 3,11H,187,62.29999923706055,2026-04-23,2026-04-22T20:09:32Z,2026-04-24T15:37:00Z,Rock Island Tailrace,Rock Island Tailrace - CHINOOK,47.341487,-120.090402,0,3,RC03,TRUE,Active,Alive,Helicopter
G728C73D8,GPUD_Survival,live_release,A,69,Lot 1,11H,135,22.399999618530273,2026-04-23,2026-04-22T20:10:43Z,2026-04-24T15:37:00Z,Rock Island Tailrace,Rock Island Tailrace - CHINOOK,47.341487,-120.090402,0,3,RC03,TRUE,Active,Alive,Helicopter
G7223BCA5,GPUD_Survival,live_release,A,69,Lot 2,11H,146,25.200000762939453,2026-04-23,2026-04-22T20:11:20Z,2026-04-24T15:37:00Z,Rock Island Tailrace,Rock Island Tailrace - CHINOOK,47.341487,-120.090402,0,3,RC03,TRUE,Active,Alive,Helicopter
G724A1CE2,GPUD_Survival,live_release,A,70,Lot 2,11H,167,42.599998474121094,2026-04-23,2026-04-22T20:12:51Z,2026-04-24T15:37:00Z,Rock Island Tailrace,Rock Island Tailrace - CHINOOK,47.341487,-120.090402,0,3,RC03,TRUE,Active,Alive,Helicopter
G72265F51,GPUD_Survival,live_release,A,70,Lot 2,11H,170,50.400001525878906,2026-04-23,2026-04-22T20:14:05Z,2026-04-24T15:37:00Z,Rock Island Tailrace,Rock Island Tailrace - CHINOOK,47.341487,-120.090402,0,3,RC03,TRUE,Active,Alive,Helicopter
G7244AD52,GPUD_Survival,live_release,A,72,Lot 2,11H,128,19.600000381469727,2026-04-23,2026-04-22T20:19:15Z,2026-04-24T15:37:00Z,Rock Island Tailrace,Rock Island Tailrace - CHINOOK,47.341487,-120.090402,0,3,RC03,TRUE,Active,Alive,Helicopter
G724273B0,GPUD_Survival,live_release,A,72,Lot 2,11H,130,23.299999237060547,2026-04-23,2026-04-22T20:19:55Z,2026-04-24T15:37:00Z,Rock Island Tailrace,Rock Island Tailrace - CHINOOK,47.341487,-120.090402,0,3,RC03,TRUE,Active,Alive,Helicopter
G721A4A93,GPUD_Survival,live_release,A,73,Lot 3,11H,164,42.70000076293945,2026-04-23,2026-04-22T20:20:28Z,2026-04-24T15:37:00Z,Rock Island Tailrace,Rock Island Tailrace - CHINOOK,47.341487,-120.090402,0,3,RC03,TRUE,Active,Alive,Helicopter
G72728788,GPUD_Survival,live_release,A,73,Lot 1,11H,143,25.799999237060547,2026-04-23,2026-04-22T20:21:17Z,2026-04-24T15:37:00Z,Rock Island Tailrace,Rock Island Tailrace - CHINOOK,47.341487,-120.090402,0,3,RC03,TRUE,Active,Alive,Helicopter
G724ADE94,GPUD_Survival,live_release,A,71,Lot 3,11H,125,19.100000381469727,2026-04-23,2026-04-22T20:22:12Z,2026-04-24T15:37:00Z,Rock Island Tailrace,Rock Island Tailrace - CHINOOK,47.341487,-120.090402,0,3,RC03,TRUE,Active,Alive,Helicopter
G725D818C,GPUD_Survival,live_release,A,71,Lot 1,11H,155,35.70000076293945,2026-04-23,2026-04-22T20:22:47Z,2026-04-24T15:37:00Z,Rock Island Tailrace,Rock Island Tailrace - CHINOOK,47.341487,-120.090402,0,3,RC03,TRUE,Active,Alive,Helicopter
G726364AB,GPUD_Survival,live_release,A,74,Lot 1,11H,145,28.200000762939453,2026-04-23,2026-04-22T20:23:09Z,2026-04-24T15:37:00Z,Rock Island Tailrace,Rock Island Tailrace - CHINOOK,47.341487,-120.090402,0,3,RC03,TRUE,Active,Alive,Helicopter
G7215092F,GPUD_Survival,live_release,A,74,Lot 3,11W,110,12.300000190734863,2026-04-23,2026-04-22T20:24:00Z,2026-04-24T15:37:00Z,Rock Island Tailrace,Rock Island Tailrace - CHINOOK,47.341487,-120.090402,0,3,RC03,TRUE,Active,Alive,Helicopter
G72052D81,GPUD_Survival,live_release,A,75,Lot 1,11H,167,47,2026-04-23,2026-04-22T20:24:29Z,2026-04-24T15:37:00Z,Rock Island Tailrace,Rock Island Tailrace - CHINOOK,47.341487,-120.090402,0,3,RC03,TRUE,Active,Alive,Helicopter
G7287D354,GPUD_Survival,live_release,A,75,Lot 2,11H,133,20.799999237060547,2026-04-23,2026-04-22T20:24:54Z,2026-04-24T15:37:00Z,Rock Island Tailrace,Rock Island Tailrace - CHINOOK,47.341487,-120.090402,0,3,RC03,TRUE,Active,Alive,Helicopter
G722F5721,GPUD_Survival,live_release,A,76,Lot 1,11H,165,39.79999923706055,2026-04-23,2026-04-22T20:25:36Z,2026-04-24T15:37:00Z,Rock Island Tailrace,Rock Island Tailrace - CHINOOK,47.341487,-120.090402,0,3,RC03,TRUE,Active,Alive,Helicopter
G724F928E,GPUD_Survival,live_release,A,85,Lot 3,11H,123,16,2026-04-23,2026-04-22T20:26:09Z,2026-04-24T15:37:00Z,Rock Island Tailrace,Rock Island Tailrace - CHINOOK,47.341487,-120.090402,0,3,RC03,TRUE,Active,Alive,Helicopter
G725C2FF8,GPUD_Survival,live_release,A,76,Lot 1,11H,119,15.199999809265137,2026-04-23,2026-04-22T20:26:12Z,2026-04-24T15:37:00Z,Rock Island Tailrace,Rock Island Tailrace - CHINOOK,47.341487,-120.090402,0,3,RC03,TRUE,Active,Alive,Helicopter
G72790346,GPUD_Survival,live_release,A,77,Lot 1,11H,158,33.599998474121094,2026-04-23,2026-04-22T20:26:52Z,2026-04-24T15:37:00Z,Rock Island Tailrace,Rock Island Tailrace - CHINOOK,47.341487,-120.090402,0,3,RC03,TRUE,Active,Alive,Helicopter
G72956C5A,GPUD_Survival,live_release,A,77,Lot 1,11H,159,36.900001525878906,2026-04-23,2026-04-22T20:27:27Z,2026-04-24T15:37:00Z,Rock Island Tailrace,Rock Island Tailrace - CHINOOK,47.341487,-120.090402,0,3,RC03,TRUE,Active,Alive,Helicopter
G722A36E5,GPUD_Survival,live_release,A,78,Lot 3,11H,155,32.599998474121094,2026-04-23,2026-04-22T20:27:50Z,2026-04-24T15:37:00Z,Rock Island Tailrace,Rock Island Tailrace - CHINOOK,47.341487,-120.090402,0,3,RC03,TRUE,Active,Alive,Helicopter
G72AE0FD3,GPUD_Survival,live_release,A,78,Lot 3,11H,170,44.70000076293945,2026-04-23,2026-04-22T20:28:41Z,2026-04-24T15:37:00Z,Rock Island Tailrace,Rock Island Tailrace - CHINOOK,47.341487,-120.090402,0,3,RC03,TRUE,Active,Alive,Helicopter
G72A93880,GPUD_Survival,live_release,A,79,Lot 2,11H,170,44,2026-04-23,2026-04-22T20:29:20Z,2026-04-24T15:37:00Z,Rock Island Tailrace,Rock Island Tailrace - CHINOOK,47.341487,-120.090402,0,3,RC03,TRUE,Active,Alive,Helicopter
G7217E957,GPUD_Survival,live_release,A,80,Lot 2,11H,117,16.100000381469727,2026-04-23,2026-04-22T20:29:47Z,2026-04-24T15:37:00Z,Rock Island Tailrace,Rock Island Tailrace - CHINOOK,47.341487,-120.090402,0,3,RC03,TRUE,Active,Alive,Helicopter
G72B8BD1B,GPUD_Survival,live_release,A,80,Lot 3,11H,110,13.199999809265137,2026-04-23,2026-04-22T20:30:59Z,2026-04-24T15:37:00Z,Rock Island Tailrace,Rock Island Tailrace - CHINOOK,47.341487,-120.090402,0,3,RC03,TRUE,Active,Alive,Helicopter
G72C0A207,GPUD_Survival,live_release,A,81,Lot 1,11H,150,30.700000762939453,2026-04-23,2026-04-22T20:31:33Z,2026-04-24T15:37:00Z,Rock Island Tailrace,Rock Island Tailrace - CHINOOK,47.341487,-120.090402,0,3,RC03,TRUE,Active,Alive,Helicopter
G728BE698,GPUD_Survival,live_release,A,81,Lot 2,11W,138,26,2026-04-23,2026-04-22T20:32:18Z,2026-04-24T15:37:00Z,Rock Island Tailrace,Rock Island Tailrace - CHINOOK,47.341487,-120.090402,0,3,RC03,TRUE,Active,Alive,Helicopter
G72A41254,GPUD_Survival,live_release,A,82,Lot 3,11H,179,57.29999923706055,2026-04-23,2026-04-22T20:32:46Z,2026-04-24T15:37:00Z,Rock Island Tailrace,Rock Island Tailrace - CHINOOK,47.341487,-120.090402,0,3,RC03,TRUE,Active,Alive,Helicopter
G727F03EC,GPUD_Survival,live_release,A,82,Lot 2,11H,125,17.700000762939453,2026-04-23,2026-04-22T20:33:44Z,2026-04-24T15:37:00Z,Rock Island Tailrace,Rock Island Tailrace - CHINOOK,47.341487,-120.090402,0,3,RC03,TRUE,Active,Alive,Helicopter
G726CFC60,GPUD_Survival,live_release,A,83,Lot 3,11H,107,10.699999809265137,2026-04-23,2026-04-22T20:34:39Z,2026-04-24T15:37:00Z,Rock Island Tailrace,Rock Island Tailrace - CHINOOK,47.341487,-120.090402,0,3,RC03,TRUE,Active,Alive,Helicopter
G72049916,GPUD_Survival,live_release,A,83,Lot 1,11H,130,18.899999618530273,2026-04-23,2026-04-22T20:35:05Z,2026-04-24T15:37:00Z,Rock Island Tailrace,Rock Island Tailrace - CHINOOK,47.341487,-120.090402,0,3,RC03,TRUE,Active,Alive,Helicopter
G72DA3FE0,GPUD_Survival,live_release,A,84,Lot 2,11H,155,32,2026-04-23,2026-04-22T20:36:07Z,2026-04-24T15:37:00Z,Rock Island Tailrace,Rock Island Tailrace - CHINOOK,47.341487,-120.090402,0,3,RC03,TRUE,Active,Alive,Helicopter
G721178B2,GPUD_Survival,live_release,A,84,Lot 3,11H,153,34.400001525878906,2026-04-23,2026-04-22T20:37:10Z,2026-04-24T15:37:00Z,Rock Island Tailrace,Rock Island Tailrace - CHINOOK,47.341487,-120.090402,0,3,RC03,TRUE,Active,Alive,Helicopter
G721E6D08,GPUD_Survival,live_release,A,85,Lot 1,11H,127,16.799999237060547,2026-04-23,2026-04-22T20:41:49Z,2026-04-24T15:37:00Z,Rock Island Tailrace,Rock Island Tailrace - CHINOOK,47.341487,-120.090402,0,3,RC03,TRUE,Active,Alive,Helicopter
G7271BA9E,GPUD_Survival,live_release,A,86,Lot 1,11H,148,28.700000762939453,2026-04-23,2026-04-22T20:42:40Z,2026-04-24T15:37:00Z,Rock Island Tailrace,Rock Island Tailrace - CHINOOK,47.341487,-120.090402,0,3,RC03,TRUE,Active,Alive,Helicopter
G722484B7,GPUD_Survival,live_release,A,86,Lot 2,11H,132,20.399999618530273,2026-04-23,2026-04-22T20:43:23Z,2026-04-24T15:37:00Z,Rock Island Tailrace,Rock Island Tailrace - CHINOOK,47.341487,-120.090402,0,3,RC03,TRUE,Active,Alive,Helicopter
G72236B71,GPUD_Survival,live_release,A,87,Lot 3,11H,139,21.899999618530273,2026-04-23,2026-04-22T20:43:44Z,2026-04-24T15:37:00Z,Rock Island Tailrace,Rock Island Tailrace - CHINOOK,47.341487,-120.090402,0,3,RC03,TRUE,Active,Alive,Helicopter
G720150BF,GPUD_Survival,live_release,A,87,Lot 2,11W,146,33.400001525878906,2026-04-23,2026-04-22T20:44:22Z,2026-04-24T15:37:00Z,Rock Island Tailrace,Rock Island Tailrace - CHINOOK,47.341487,-120.090402,0,3,RC03,TRUE,Active,Alive,Helicopter
G72BE06A3,GPUD_Survival,live_release,A,1,Lot 3,11H,117,17.299999237060547,2026-04-29,2026-04-23T20:43:49Z,2026-04-25T16:46:00Z,Rock Island Tailrace,Rock Island Tailrace - CHINOOK,47.341487,-120.090402,0,3,RC04,TRUE,Active,Alive,Helicopter
G726E6422,GPUD_Survival,live_release,A,1,Lot 2,11H,123,20.700000762939453,2026-04-29,2026-04-23T20:47:19Z,2026-04-25T16:46:00Z,Rock Island Tailrace,Rock Island Tailrace - CHINOOK,47.341487,-120.090402,0,3,RC04,TRUE,Active,Alive,Helicopter
G72AAC402,GPUD_Survival,live_release,A,2,Lot 3,11H,115,17.200000762939453,2026-04-29,2026-04-23T20:47:54Z,2026-04-25T16:46:00Z,Rock Island Tailrace,Rock Island Tailrace - CHINOOK,47.341487,-120.090402,0,3,RC04,TRUE,Active,Alive,Helicopter
G72623C76,GPUD_Survival,live_release,A,2,Lot 3,11H,160,44,2026-04-29,2026-04-23T20:48:46Z,2026-04-25T16:46:00Z,Rock Island Tailrace,Rock Island Tailrace - CHINOOK,47.341487,-120.090402,0,3,RC04,TRUE,Active,Alive,Helicopter
G72955885,GPUD_Survival,live_release,A,3,Lot 1,11H,118,17,2026-04-29,2026-04-23T20:49:24Z,2026-04-25T16:46:00Z,Rock Island Tailrace,Rock Island Tailrace - CHINOOK,47.341487,-120.090402,0,3,RC04,TRUE,Active,Alive,Helicopter
G727AECBB,GPUD_Survival,live_release,A,3,Lot 1,11W,120,18.799999237060547,2026-04-29,2026-04-23T20:50:58Z,2026-04-25T16:46:00Z,Rock Island Tailrace,Rock Island Tailrace - CHINOOK,47.341487,-120.090402,0,3,RC04,TRUE,Active,Alive,Helicopter
G722DAA39,GPUD_Survival,live_release,A,4,Lot 1,11H,111,13.100000381469727,2026-04-29,2026-04-23T20:51:49Z,2026-04-25T16:46:00Z,Rock Island Tailrace,Rock Island Tailrace - CHINOOK,47.341487,-120.090402,0,3,RC04,TRUE,Active,Alive,Helicopter
G725A0451,GPUD_Survival,live_release,A,4,Lot 1,11H,157,37.099998474121094,2026-04-29,2026-04-23T20:53:01Z,2026-04-25T16:46:00Z,Rock Island Tailrace,Rock Island Tailrace - CHINOOK,47.341487,-120.090402,0,3,RC04,TRUE,Active,Alive,Helicopter
G728C994F,GPUD_Survival,live_release,A,5,Lot 2,11H,157,34,2026-04-29,2026-04-23T20:58:14Z,2026-04-25T16:46:00Z,Rock Island Tailrace,Rock Island Tailrace - CHINOOK,47.341487,-120.090402,0,3,RC04,TRUE,Active,Alive,Helicopter
G725C16DA,GPUD_Survival,live_release,A,5,Lot 1,11H,145,27.200000762939453,2026-04-29,2026-04-23T20:58:51Z,2026-04-25T16:46:00Z,Rock Island Tailrace,Rock Island Tailrace - CHINOOK,47.341487,-120.090402,0,3,RC04,TRUE,Active,Alive,Helicopter
G72ADE511,GPUD_Survival,live_release,A,6,Lot 1,11H,125,16.299999237060547,2026-04-29,2026-04-23T20:59:43Z,2026-04-25T16:46:00Z,Rock Island Tailrace,Rock Island Tailrace - CHINOOK,47.341487,-120.090402,0,3,RC04,TRUE,Active,Alive,Helicopter
G72AA8F64,GPUD_Survival,live_release,A,6,Lot 3,11H,153,35.29999923706055,2026-04-29,2026-04-23T21:00:42Z,2026-04-25T16:46:00Z,Rock Island Tailrace,Rock Island Tailrace - CHINOOK,47.341487,-120.090402,0,3,RC04,TRUE,Active,Alive,Helicopter
G72DA7764,GPUD_Survival,live_release,A,7,Lot 2,11H,155,42.29999923706055,2026-04-29,2026-04-23T21:01:36Z,2026-04-25T16:46:00Z,Rock Island Tailrace,Rock Island Tailrace - CHINOOK,47.341487,-120.090402,0,3,RC04,TRUE,Active,Alive,Helicopter
G72F9C883,GPUD_Survival,live_release,A,7,Lot 3,11H,177,58,2026-04-29,2026-04-23T21:02:12Z,2026-04-25T16:46:00Z,Rock Island Tailrace,Rock Island Tailrace - CHINOOK,47.341487,-120.090402,0,3,RC04,TRUE,Active,Alive,Helicopter
G7243A95D,GPUD_Survival,live_release,A,8,Lot 2,11H,120,16.600000381469727,2026-04-29,2026-04-23T21:02:43Z,2026-04-25T16:46:00Z,Rock Island Tailrace,Rock Island Tailrace - CHINOOK,47.341487,-120.090402,0,3,RC04,TRUE,Active,Alive,Helicopter
G72D8EE78,GPUD_Survival,live_release,A,8,Lot 1,11H,140,26,2026-04-29,2026-04-23T21:03:16Z,2026-04-25T16:46:00Z,Rock Island Tailrace,Rock Island Tailrace - CHINOOK,47.341487,-120.090402,0,3,RC04,TRUE,Active,Alive,Helicopter
G728ED53B,GPUD_Survival,live_release,A,9,Lot 3,11H,155,36.79999923706055,2026-04-29,2026-04-23T21:05:37Z,2026-04-25T16:46:00Z,Rock Island Tailrace,Rock Island Tailrace - CHINOOK,47.341487,-120.090402,0,3,RC04,TRUE,Active,Alive,Helicopter
G72CAE01A,GPUD_Survival,live_release,A,9,Lot 1,11H,167,46.099998474121094,2026-04-29,2026-04-23T21:07:21Z,2026-04-25T16:46:00Z,Rock Island Tailrace,Rock Island Tailrace - CHINOOK,47.341487,-120.090402,0,3,RC04,TRUE,Active,Alive,Helicopter
G722536FD,GPUD_Survival,live_release,A,10,Lot 2,11H,127,19.899999618530273,2026-04-29,2026-04-23T21:08:00Z,2026-04-25T16:46:00Z,Rock Island Tailrace,Rock Island Tailrace - CHINOOK,47.341487,-120.090402,0,3,RC04,TRUE,Active,Alive,Helicopter
G7242CA1E,GPUD_Survival,live_release,A,10,Lot 2,11H,141,27.5,2026-04-29,2026-04-23T21:08:43Z,2026-04-25T16:46:00Z,Rock Island Tailrace,Rock Island Tailrace - CHINOOK,47.341487,-120.090402,0,3,RC04,TRUE,Active,Alive,Helicopter
G7271CA66,GPUD_Survival,live_release,A,11,Lot 1,11H,124,20.600000381469727,2026-04-29,2026-04-23T21:09:41Z,2026-04-25T16:46:00Z,Rock Island Tailrace,Rock Island Tailrace - CHINOOK,47.341487,-120.090402,0,3,RC04,TRUE,Active,Alive,Helicopter
G720DFE42,GPUD_Survival,live_release,A,11,Lot 3,11H,157,34.70000076293945,2026-04-29,2026-04-23T21:10:09Z,2026-04-25T16:46:00Z,Rock Island Tailrace,Rock Island Tailrace - CHINOOK,47.341487,-120.090402,0,3,RC04,TRUE,Active,Alive,Helicopter
G72904025,GPUD_Survival,live_release,A,12,Lot 3,11H,113,14.899999618530273,2026-04-29,2026-04-23T21:10:31Z,2026-04-25T16:46:00Z,Rock Island Tailrace,Rock Island Tailrace - CHINOOK,47.341487,-120.090402,0,3,RC04,TRUE,Active,Alive,Helicopter
G7217E0CB,GPUD_Survival,live_release,A,12,Lot 2,11H,127,21.700000762939453,2026-04-29,2026-04-23T21:11:14Z,2026-04-25T16:46:00Z,Rock Island Tailrace,Rock Island Tailrace - CHINOOK,47.341487,-120.090402,0,3,RC04,TRUE,Active,Alive,Helicopter
G7223A227,GPUD_Survival,live_release,A,13,Lot 2,11H,150,29.5,2026-04-29,2026-04-23T21:11:43Z,2026-04-25T16:46:00Z,Rock Island Tailrace,Rock Island Tailrace - CHINOOK,47.341487,-120.090402,0,3,RC04,TRUE,Active,Alive,Helicopter
G72D8A17F,GPUD_Survival,live_release,A,13,Lot 3,11H,127,21.399999618530273,2026-04-29,2026-04-23T21:12:43Z,2026-04-25T16:46:00Z,Rock Island Tailrace,Rock Island Tailrace - CHINOOK,47.341487,-120.090402,0,3,RC04,TRUE,Active,Alive,Helicopter
G72A3F8AD,GPUD_Survival,live_release,A,14,Lot 3,11H,117,16.700000762939453,2026-04-29,2026-04-23T21:13:11Z,2026-04-25T16:46:00Z,Rock Island Tailrace,Rock Island Tailrace - CHINOOK,47.341487,-120.090402,0,3,RC04,TRUE,Active,Alive,Helicopter
G72AC2E3F,GPUD_Survival,live_release,A,14,Lot 3,11H,165,47.20000076293945,2026-04-29,2026-04-23T21:14:05Z,2026-04-25T16:46:00Z,Rock Island Tailrace,Rock Island Tailrace - CHINOOK,47.341487,-120.090402,0,3,RC04,TRUE,Active,Alive,Helicopter
G72399511,GPUD_Survival,live_release,A,15,Lot 2,11H,163,41.70000076293945,2026-04-29,2026-04-23T21:14:47Z,2026-04-25T16:46:00Z,Rock Island Tailrace,Rock Island Tailrace - CHINOOK,47.341487,-120.090402,0,3,RC04,TRUE,Active,Alive,Helicopter
G72442C80,GPUD_Survival,live_release,A,15,Lot 2,11W,119,18.299999237060547,2026-04-29,2026-04-23T21:15:23Z,2026-04-25T16:46:00Z,Rock Island Tailrace,Rock Island Tailrace - CHINOOK,47.341487,-120.090402,0,3,RC04,TRUE,Active,Alive,Helicopter
G72457B1C,GPUD_Survival,live_release,A,16,Lot 2,11H,175,55.29999923706055,2026-04-29,2026-04-23T21:16:19Z,2026-04-25T16:46:00Z,Rock Island Tailrace,Rock Island Tailrace - CHINOOK,47.341487,-120.090402,0,3,RC04,TRUE,Active,Alive,Helicopter
G724BB3C8,GPUD_Survival,live_release,A,16,Lot 1,11H,186,62.599998474121094,2026-04-29,2026-04-23T21:16:49Z,2026-04-25T16:46:00Z,Rock Island Tailrace,Rock Island Tailrace - CHINOOK,47.341487,-120.090402,0,3,RC04,TRUE,Active,Alive,Helicopter
G72396687,GPUD_Survival,live_release,A,17,Lot 2,11H,138,24.700000762939453,2026-04-29,2026-04-23T21:17:07Z,2026-04-25T16:46:00Z,Rock Island Tailrace,Rock Island Tailrace - CHINOOK,47.341487,-120.090402,0,3,RC04,TRUE,Active,Alive,Helicopter
G729F06A6,GPUD_Survival,live_release,A,17,Lot 3,11H,141,30.399999618530273,2026-04-29,2026-04-23T21:17:33Z,2026-04-25T16:46:00Z,Rock Island Tailrace,Rock Island Tailrace - CHINOOK,47.341487,-120.090402,0,3,RC04,TRUE,Active,Alive,Helicopter
G725EFB5F,GPUD_Survival,live_release,A,18,Lot 1,11H,157,38.099998474121094,2026-04-24,2026-04-23T21:18:28Z,2026-04-25T16:46:00Z,Rock Island Tailrace,Rock Island Tailrace - CHINOOK,47.341487,-120.090402,0,3,RC04,TRUE,Active,Alive,Helicopter
G7227B502,GPUD_Survival,live_release,A,18,Lot 1,11H,130,19.100000381469727,2026-04-24,2026-04-23T21:19:20Z,2026-04-25T16:46:00Z,Rock Island Tailrace,Rock Island Tailrace - CHINOOK,47.341487,-120.090402,0,3,RC04,TRUE,Active,Alive,Helicopter
G723ABDA5,GPUD_Survival,live_release,A,19,Lot 3,11H,164,44.29999923706055,2026-04-24,2026-04-23T21:20:10Z,2026-04-25T16:46:00Z,Rock Island Tailrace,Rock Island Tailrace - CHINOOK,47.341487,-120.090402,0,3,RC04,TRUE,Active,Alive,Helicopter
G724F309D,GPUD_Survival,live_release,A,19,Lot 3,11H,146,29.600000381469727,2026-04-24,2026-04-23T21:20:38Z,2026-04-25T16:46:00Z,Rock Island Tailrace,Rock Island Tailrace - CHINOOK,47.341487,-120.090402,0,3,RC04,TRUE,Active,Alive,Helicopter
G727BE5E3,GPUD_Survival,live_release,A,20,Lot 2,11H,148,21.299999237060547,2026-04-24,2026-04-23T21:21:02Z,2026-04-25T16:46:00Z,Rock Island Tailrace,Rock Island Tailrace - CHINOOK,47.341487,-120.090402,0,3,RC04,TRUE,Active,Alive,Helicopter
G727F8E9D,GPUD_Survival,live_release,A,20,Lot 3,11H,170,47.5,2026-04-24,2026-04-23T21:21:28Z,2026-04-25T16:46:00Z,Rock Island Tailrace,Rock Island Tailrace - CHINOOK,47.341487,-120.090402,0,3,RC04,TRUE,Active,Alive,Helicopter
G722F06A4,GPUD_Survival,live_release,A,21,Lot 2,11H,171,45.5,2026-04-24,2026-04-23T21:21:53Z,2026-04-25T16:46:00Z,Rock Island Tailrace,Rock Island Tailrace - CHINOOK,47.341487,-120.090402,0,3,RC04,TRUE,Active,Alive,Helicopter
G726F19E3,GPUD_Survival,live_release,A,22,Lot 2,11H,139,26.700000762939453,2026-04-24,2026-04-23T21:27:21Z,2026-04-25T16:05:00Z,Priest Rapids Tailrace,Priest Rapids Tailrace - CHINOOK,46.632369,-119.895442,0,3,PC01,TRUE,Active,Alive,Helicopter
G726AC754,GPUD_Survival,live_release,A,22,Lot 2,11H,166,43.400001525878906,2026-04-24,2026-04-23T21:28:35Z,2026-04-25T16:05:00Z,Priest Rapids Tailrace,Priest Rapids Tailrace - CHINOOK,46.632369,-119.895442,0,3,PC01,TRUE,Active,Alive,Helicopter
G720FF950,GPUD_Survival,live_release,A,35,Lot 3,11H,150,33.599998474121094,2026-04-24,2026-04-23T21:30:00Z,2026-04-25T16:05:00Z,Priest Rapids Tailrace,Priest Rapids Tailrace - CHINOOK,46.632369,-119.895442,0,3,PC01,TRUE,Active,Alive,Helicopter
G7221BE88,GPUD_Survival,live_release,A,32,Lot 3,11H,143,27.200000762939453,2026-04-24,2026-04-23T21:30:00Z,2026-04-25T16:05:00Z,Priest Rapids Tailrace,Priest Rapids Tailrace - CHINOOK,46.632369,-119.895442,0,3,PC01,TRUE,Active,Alive,Helicopter
G723B94DE,GPUD_Survival,live_release,A,23,Lot 2,11H,138,24.899999618530273,2026-04-24,2026-04-23T21:30:00Z,2026-04-25T16:05:00Z,Priest Rapids Tailrace,Priest Rapids Tailrace - CHINOOK,46.632369,-119.895442,0,3,PC01,TRUE,Active,Alive,Helicopter
G72416719,GPUD_Survival,live_release,A,33,Lot 2,11H,108,12.800000190734863,2026-04-24,2026-04-23T21:30:00Z,2026-04-25T16:05:00Z,Priest Rapids Tailrace,Priest Rapids Tailrace - CHINOOK,46.632369,-119.895442,0,3,PC01,TRUE,Active,Alive,Helicopter
G72519E1D,GPUD_Survival,live_release,A,33,Lot 3,11H,155,37.400001525878906,2026-04-24,2026-04-23T21:30:00Z,2026-04-25T16:05:00Z,Priest Rapids Tailrace,Priest Rapids Tailrace - CHINOOK,46.632369,-119.895442,0,3,PC01,TRUE,Active,Alive,Helicopter
G7256824D,GPUD_Survival,live_release,A,34,Lot 2,11H,187,54.70000076293945,2026-04-24,2026-04-23T21:30:00Z,2026-04-25T16:05:00Z,Priest Rapids Tailrace,Priest Rapids Tailrace - CHINOOK,46.632369,-119.895442,0,3,PC01,TRUE,Active,Alive,Helicopter
G72593EC4,GPUD_Survival,live_release,A,25,Lot 1,11H,131,28.899999618530273,2026-04-24,2026-04-23T21:30:00Z,2026-04-25T16:05:00Z,Priest Rapids Tailrace,Priest Rapids Tailrace - CHINOOK,46.632369,-119.895442,0,3,PC01,TRUE,Active,Alive,Helicopter
G725943C1,GPUD_Survival,live_release,A,28,Lot 1,11H,160,40.20000076293945,2026-04-24,2026-04-23T21:30:00Z,2026-04-25T16:05:00Z,Priest Rapids Tailrace,Priest Rapids Tailrace - CHINOOK,46.632369,-119.895442,0,3,PC01,TRUE,Active,Alive,Helicopter
G725D207D,GPUD_Survival,live_release,A,36,Lot 1,11H,155,37.099998474121094,2026-04-24,2026-04-23T21:30:00Z,2026-04-25T16:05:00Z,Priest Rapids Tailrace,Priest Rapids Tailrace - CHINOOK,46.632369,-119.895442,0,3,PC01,TRUE,Active,Alive,Helicopter
G725EF2C3,GPUD_Survival,live_release,A,26,Lot 1,11H,167,44,2026-04-24,2026-04-23T21:30:00Z,2026-04-25T16:05:00Z,Priest Rapids Tailrace,Priest Rapids Tailrace - CHINOOK,46.632369,-119.895442,0,3,PC01,TRUE,Active,Alive,Helicopter
G72859CC2,GPUD_Survival,live_release,A,30,Lot 2,11H,123,20.600000381469727,2026-04-24,2026-04-23T21:30:00Z,2026-04-25T16:05:00Z,Priest Rapids Tailrace,Priest Rapids Tailrace - CHINOOK,46.632369,-119.895442,0,3,PC01,TRUE,Active,Alive,Helicopter
G7285A943,GPUD_Survival,live_release,A,28,Lot 1,11H,103,11.100000381469727,2026-04-24,2026-04-23T21:30:00Z,2026-04-25T16:05:00Z,Priest Rapids Tailrace,Priest Rapids Tailrace - CHINOOK,46.632369,-119.895442,0,3,PC01,TRUE,Active,Alive,Helicopter
G728B128D,GPUD_Survival,live_release,A,27,Lot 1,11H,124,18,2026-04-24,2026-04-23T21:30:00Z,2026-04-25T16:05:00Z,Priest Rapids Tailrace,Priest Rapids Tailrace - CHINOOK,46.632369,-119.895442,0,3,PC01,TRUE,Active,Alive,Helicopter
G72966593,GPUD_Survival,live_release,A,35,Lot 1,11H,120,19.5,2026-04-24,2026-04-23T21:30:00Z,2026-04-25T16:05:00Z,Priest Rapids Tailrace,Priest Rapids Tailrace - CHINOOK,46.632369,-119.895442,0,3,PC01,TRUE,Active,Alive,Helicopter
G72A0F286,GPUD_Survival,live_release,A,24,Lot 1,11H,127,22.399999618530273,2026-04-24,2026-04-23T21:30:00Z,2026-04-25T16:05:00Z,Priest Rapids Tailrace,Priest Rapids Tailrace - CHINOOK,46.632369,-119.895442,0,3,PC01,TRUE,Active,Alive,Helicopter
G72A1F49F,GPUD_Survival,dead_release,A,31,Lot 2,11H,123,19.299999237060547,2026-04-24,2026-04-23T21:30:00Z,2026-04-25T16:05:00Z,Priest Rapids Tailrace,Priest Rapids Tailrace - CHINOOK,46.632369,-119.895442,1,3,PC01,FALSE,Active,Euthanized,Helicopter
G72A7D9EB,GPUD_Survival,live_release,A,29,Lot 3,11H,159,39.400001525878906,2026-04-24,2026-04-23T21:30:00Z,2026-04-25T16:05:00Z,Priest Rapids Tailrace,Priest Rapids Tailrace - CHINOOK,46.632369,-119.895442,0,3,PC01,TRUE,Active,Alive,Helicopter
G72A925E0,GPUD_Survival,live_release,A,23,Lot 1,11H,118,19.200000762939453,2026-04-24,2026-04-23T21:30:00Z,2026-04-25T16:05:00Z,Priest Rapids Tailrace,Priest Rapids Tailrace - CHINOOK,46.632369,-119.895442,0,3,PC01,TRUE,Active,Alive,Helicopter
G72B26B76,GPUD_Survival,live_release,A,34,Lot 1,11H,114,16.799999237060547,2026-04-24,2026-04-23T21:30:00Z,2026-04-25T16:05:00Z,Priest Rapids Tailrace,Priest Rapids Tailrace - CHINOOK,46.632369,-119.895442,0,3,PC01,TRUE,Active,Alive,Helicopter
G72B5325F,GPUD_Survival,live_release,A,30,Lot 2,11H,138,26.100000381469727,2026-04-24,2026-04-23T21:30:00Z,2026-04-25T16:05:00Z,Priest Rapids Tailrace,Priest Rapids Tailrace - CHINOOK,46.632369,-119.895442,0,3,PC01,TRUE,Active,Alive,Helicopter
G72B7A402,GPUD_Survival,live_release,A,29,Lot 1,11H,157,38.900001525878906,2026-04-24,2026-04-23T21:30:00Z,2026-04-25T16:05:00Z,Priest Rapids Tailrace,Priest Rapids Tailrace - CHINOOK,46.632369,-119.895442,0,3,PC01,TRUE,Active,Alive,Helicopter
G72B8E7BE,GPUD_Survival,live_release,A,25,Lot 3,11H,125,21.700000762939453,2026-04-24,2026-04-23T21:30:00Z,2026-04-25T16:05:00Z,Priest Rapids Tailrace,Priest Rapids Tailrace - CHINOOK,46.632369,-119.895442,0,3,PC01,TRUE,Active,Alive,Helicopter
G72D88463,GPUD_Survival,dead_release,A,31,Lot 3,11H,140,24,2026-04-24,2026-04-23T21:30:00Z,2026-04-25T16:05:00Z,Priest Rapids Tailrace,Priest Rapids Tailrace - CHINOOK,46.632369,-119.895442,1,3,PC01,FALSE,Active,Euthanized,Helicopter
G72E62681,GPUD_Survival,live_release,A,32,Lot 1,11H,160,37.70000076293945,2026-04-24,2026-04-23T21:30:00Z,2026-04-25T16:05:00Z,Priest Rapids Tailrace,Priest Rapids Tailrace - CHINOOK,46.632369,-119.895442,0,3,PC01,TRUE,Active,Alive,Helicopter
G72EE3355,GPUD_Survival,live_release,A,27,Lot 1,11H,147,29.600000381469727,2026-04-24,2026-04-23T21:30:00Z,2026-04-25T16:05:00Z,Priest Rapids Tailrace,Priest Rapids Tailrace - CHINOOK,46.632369,-119.895442,0,3,PC01,TRUE,Active,Alive,Helicopter
G7243A4A0,GPUD_Survival,live_release,A,36,Lot 2,11W,148,29.399999618530273,2026-04-29,2026-04-23T21:30:00Z,2026-04-25T16:05:00Z,Priest Rapids Tailrace,Priest Rapids Tailrace - CHINOOK,46.632369,-119.895442,0,3,PC01,TRUE,Active,Alive,Helicopter
G7259C672,GPUD_Survival,live_release,A,39,Lot 1,11H,145,29.700000762939453,2026-04-29,2026-04-23T21:30:00Z,2026-04-25T16:05:00Z,Priest Rapids Tailrace,Priest Rapids Tailrace - CHINOOK,46.632369,-119.895442,0,3,PC01,TRUE,Active,Alive,Helicopter
G727FA722,GPUD_Survival,live_release,A,39,Lot 3,11H,170,43.400001525878906,2026-04-29,2026-04-23T21:30:00Z,2026-04-25T16:05:00Z,Priest Rapids Tailrace,Priest Rapids Tailrace - CHINOOK,46.632369,-119.895442,0,3,PC01,TRUE,Active,Alive,Helicopter
G72A492D8,GPUD_Survival,live_release,A,38,Lot 3,11H,173,51.70000076293945,2026-04-29,2026-04-23T21:30:00Z,2026-04-25T16:05:00Z,Priest Rapids Tailrace,Priest Rapids Tailrace - CHINOOK,46.632369,-119.895442,0,3,PC01,TRUE,Active,Alive,Helicopter
G72B9B51D,GPUD_Survival,live_release,A,37,Lot 3,11H,137,24.799999237060547,2026-04-29,2026-04-23T21:30:00Z,2026-04-25T16:05:00Z,Priest Rapids Tailrace,Priest Rapids Tailrace - CHINOOK,46.632369,-119.895442,0,3,PC01,TRUE,Active,Alive,Helicopter
G72C0136B,GPUD_Survival,live_release,A,37,Lot 1,11H,125,17.899999618530273,2026-04-29,2026-04-23T21:30:00Z,2026-04-25T16:05:00Z,Priest Rapids Tailrace,Priest Rapids Tailrace - CHINOOK,46.632369,-119.895442,0,3,PC01,TRUE,Active,Alive,Helicopter
G72DD374C,GPUD_Survival,live_release,A,38,Lot 3,11H,133,23.100000381469727,2026-04-29,2026-04-23T21:30:00Z,2026-04-25T16:05:00Z,Priest Rapids Tailrace,Priest Rapids Tailrace - CHINOOK,46.632369,-119.895442,0,3,PC01,TRUE,Active,Alive,Helicopter
G72A88928,GPUD_Survival,live_release,A,24,Lot 2,11H,169,46.900001525878906,2026-04-24,2026-04-23T21:32:19Z,2026-04-25T16:05:00Z,Priest Rapids Tailrace,Priest Rapids Tailrace - CHINOOK,46.632369,-119.895442,0,3,PC01,TRUE,Active,Alive,Helicopter
G72ADE9B2,GPUD_Survival,live_release,A,1,Lot 1,11H,172,44,2026-04-25,2026-04-24T19:29:34Z,2026-04-26T15:41:00Z,Rock Island Tailrace,Rock Island Tailrace - CHINOOK,47.341487,-120.090402,0,3,RC05,TRUE,Active,Alive,Helicopter
G72535107,GPUD_Survival,live_release,A,1,Lot 1,11W,128,21.700000762939453,2026-04-25,2026-04-24T19:32:44Z,2026-04-26T15:41:00Z,Rock Island Tailrace,Rock Island Tailrace - CHINOOK,47.341487,-120.090402,0,3,RC05,TRUE,Active,Alive,Helicopter
G7224CFD1,GPUD_Survival,live_release,A,2,Lot 2,11H,193,65.69999694824219,2026-04-25,2026-04-24T19:33:35Z,2026-04-26T15:41:00Z,Rock Island Tailrace,Rock Island Tailrace - CHINOOK,47.341487,-120.090402,0,3,RC05,TRUE,Active,Alive,Helicopter
G7274FDA4,GPUD_Survival,live_release,A,2,Lot 3,11H,157,39,2026-04-25,2026-04-24T19:35:27Z,2026-04-26T15:41:00Z,Rock Island Tailrace,Rock Island Tailrace - CHINOOK,47.341487,-120.090402,0,3,RC05,TRUE,Active,Alive,Helicopter
G7247734F,GPUD_Survival,live_release,A,3,Lot 3,11H,130,22.899999618530273,2026-04-25,2026-04-24T19:35:50Z,2026-04-26T15:41:00Z,Rock Island Tailrace,Rock Island Tailrace - CHINOOK,47.341487,-120.090402,0,3,RC05,TRUE,Active,Alive,Helicopter
G728D6381,GPUD_Survival,live_release,A,3,Lot 3,11H,134,22,2026-04-25,2026-04-24T19:36:49Z,2026-04-26T15:41:00Z,Rock Island Tailrace,Rock Island Tailrace - CHINOOK,47.341487,-120.090402,0,3,RC05,TRUE,Active,Alive,Helicopter
G722C0290,GPUD_Survival,live_release,A,4,Lot 2,11H,155,34.20000076293945,2026-04-25,2026-04-24T19:37:43Z,2026-04-26T15:41:00Z,Rock Island Tailrace,Rock Island Tailrace - CHINOOK,47.341487,-120.090402,0,3,RC05,TRUE,Active,Alive,Helicopter
G72439D82,GPUD_Survival,live_release,A,4,Lot 2,11H,137,26.700000762939453,2026-04-25,2026-04-24T19:38:32Z,2026-04-26T15:41:00Z,Rock Island Tailrace,Rock Island Tailrace - CHINOOK,47.341487,-120.090402,0,3,RC05,TRUE,Active,Alive,Helicopter
G721A710D,GPUD_Survival,live_release,A,5,Lot 2,11H,160,40.79999923706055,2026-04-25,2026-04-24T19:39:08Z,2026-04-26T15:41:00Z,Rock Island Tailrace,Rock Island Tailrace - CHINOOK,47.341487,-120.090402,0,3,RC05,TRUE,Active,Alive,Helicopter
G721E9363,GPUD_Survival,live_release,A,5,Lot 1,11H,163,62.70000076293945,2026-04-25,2026-04-24T19:39:58Z,2026-04-26T15:41:00Z,Rock Island Tailrace,Rock Island Tailrace - CHINOOK,47.341487,-120.090402,0,3,RC05,TRUE,Active,Alive,Helicopter
G72ACDF15,GPUD_Survival,live_release,A,6,Lot 1,11H,145,30.5,2026-04-25,2026-04-24T19:40:33Z,2026-04-26T15:41:00Z,Rock Island Tailrace,Rock Island Tailrace - CHINOOK,47.341487,-120.090402,0,3,RC05,TRUE,Active,Alive,Helicopter
G72763002,GPUD_Survival,live_release,A,6,Lot 3,11H,145,29.799999237060547,2026-04-25,2026-04-24T19:41:07Z,2026-04-26T15:41:00Z,Rock Island Tailrace,Rock Island Tailrace - CHINOOK,47.341487,-120.090402,0,3,RC05,TRUE,Active,Alive,Helicopter
G72ECA28B,GPUD_Survival,live_release,A,7,Lot 1,11H,130,24.100000381469727,2026-04-25,2026-04-24T19:41:36Z,2026-04-26T15:41:00Z,Rock Island Tailrace,Rock Island Tailrace - CHINOOK,47.341487,-120.090402,0,3,RC05,TRUE,Active,Alive,Helicopter
G7238F4EE,GPUD_Survival,live_release,A,7,Lot 2,11H,122,17.299999237060547,2026-04-25,2026-04-24T19:42:16Z,2026-04-26T15:41:00Z,Rock Island Tailrace,Rock Island Tailrace - CHINOOK,47.341487,-120.090402,0,3,RC05,TRUE,Active,Alive,Helicopter
G72196FDA,GPUD_Survival,live_release,A,8,Lot 2,11H,152,31.600000381469727,2026-04-25,2026-04-24T19:43:04Z,2026-04-26T15:41:00Z,Rock Island Tailrace,Rock Island Tailrace - CHINOOK,47.341487,-120.090402,0,3,RC05,TRUE,Active,Alive,Helicopter
G72D5B035,GPUD_Survival,live_release,A,8,Lot 1,11H,137,23.100000381469727,2026-04-25,2026-04-24T19:44:26Z,2026-04-26T15:41:00Z,Rock Island Tailrace,Rock Island Tailrace - CHINOOK,47.341487,-120.090402,0,3,RC05,TRUE,Active,Alive,Helicopter
G7285831E,GPUD_Survival,live_release,A,9,Lot 2,11H,173,53.20000076293945,2026-04-25,2026-04-24T19:45:30Z,2026-04-26T15:41:00Z,Rock Island Tailrace,Rock Island Tailrace - CHINOOK,47.341487,-120.090402,0,3,RC05,TRUE,Active,Alive,Helicopter
G72C4893F,GPUD_Survival,live_release,A,9,Lot 1,11H,167,47.79999923706055,2026-04-25,2026-04-24T19:46:20Z,2026-04-26T15:41:00Z,Rock Island Tailrace,Rock Island Tailrace - CHINOOK,47.341487,-120.090402,0,3,RC05,TRUE,Active,Alive,Helicopter
G72F217B6,GPUD_Survival,live_release,A,10,Lot 1,11H,135,23,2026-04-25,2026-04-24T19:47:22Z,2026-04-26T15:41:00Z,Rock Island Tailrace,Rock Island Tailrace - CHINOOK,47.341487,-120.090402,0,3,RC05,TRUE,Active,Alive,Helicopter
G72AF7212,GPUD_Survival,live_release,A,10,Lot 1,11H,134,20.700000762939453,2026-04-25,2026-04-24T19:48:06Z,2026-04-26T15:41:00Z,Rock Island Tailrace,Rock Island Tailrace - CHINOOK,47.341487,-120.090402,0,3,RC05,TRUE,Active,Alive,Helicopter
G7221B22B,GPUD_Survival,live_release,A,11,Lot 2,11H,115,16.799999237060547,2026-04-25,2026-04-24T19:48:57Z,2026-04-26T15:41:00Z,Rock Island Tailrace,Rock Island Tailrace - CHINOOK,47.341487,-120.090402,0,3,RC05,TRUE,Active,Alive,Helicopter
G7290A950,GPUD_Survival,live_release,A,11,Lot 2,11H,125,19,2026-04-25,2026-04-24T19:50:49Z,2026-04-26T15:41:00Z,Rock Island Tailrace,Rock Island Tailrace - CHINOOK,47.341487,-120.090402,0,3,RC05,TRUE,Active,Alive,Helicopter
G72C5AA3A,GPUD_Survival,live_release,A,12,Lot 1,11H,134,21.100000381469727,2026-04-25,2026-04-24T19:51:21Z,2026-04-26T15:41:00Z,Rock Island Tailrace,Rock Island Tailrace - CHINOOK,47.341487,-120.090402,0,3,RC05,TRUE,Active,Alive,Helicopter
G72E1D427,GPUD_Survival,live_release,A,12,Lot 2,11H,131,21.799999237060547,2026-04-25,2026-04-24T19:52:07Z,2026-04-26T15:41:00Z,Rock Island Tailrace,Rock Island Tailrace - CHINOOK,47.341487,-120.090402,0,3,RC05,TRUE,Active,Alive,Helicopter
G72176A39,GPUD_Survival,live_release,A,13,Lot 2,11H,132,21.799999237060547,2026-04-25,2026-04-24T19:52:47Z,2026-04-26T15:41:00Z,Rock Island Tailrace,Rock Island Tailrace - CHINOOK,47.341487,-120.090402,0,3,RC05,TRUE,Active,Alive,Helicopter
G72704F11,GPUD_Survival,live_release,A,13,Lot 2,11H,155,37,2026-04-25,2026-04-24T19:53:25Z,2026-04-26T15:41:00Z,Rock Island Tailrace,Rock Island Tailrace - CHINOOK,47.341487,-120.090402,0,3,RC05,TRUE,Active,Alive,Helicopter
G723B352F,GPUD_Survival,live_release,A,14,Lot 3,11H,120,19.100000381469727,2026-04-25,2026-04-24T19:53:58Z,2026-04-26T15:41:00Z,Rock Island Tailrace,Rock Island Tailrace - CHINOOK,47.341487,-120.090402,0,3,RC05,TRUE,Active,Alive,Helicopter
G7261C5CB,GPUD_Survival,live_release,A,14,Lot 3,11H,133,19.399999618530273,2026-04-25,2026-04-24T19:54:39Z,2026-04-26T15:41:00Z,Rock Island Tailrace,Rock Island Tailrace - CHINOOK,47.341487,-120.090402,0,3,RC05,TRUE,Active,Alive,Helicopter
G7281BA07,GPUD_Survival,live_release,A,15,Lot 2,11H,127,18.700000762939453,2026-04-25,2026-04-24T19:54:57Z,2026-04-26T15:41:00Z,Rock Island Tailrace,Rock Island Tailrace - CHINOOK,47.341487,-120.090402,0,3,RC05,TRUE,Active,Alive,Helicopter
G72EF83A3,GPUD_Survival,live_release,A,15,Lot 3,11W,141,29.399999618530273,2026-04-25,2026-04-24T19:55:26Z,2026-04-26T15:41:00Z,Rock Island Tailrace,Rock Island Tailrace - CHINOOK,47.341487,-120.090402,0,3,RC05,TRUE,Active,Alive,Helicopter
G723EA962,GPUD_Survival,live_release,A,16,Lot 1,11H,154,31.200000762939453,2026-04-25,2026-04-24T20:58:06Z,2026-04-26T15:41:00Z,Rock Island Tailrace,Rock Island Tailrace - CHINOOK,47.341487,-120.090402,0,3,RC05,TRUE,Active,Alive,Helicopter
G72474B33,GPUD_Survival,live_release,A,16,Lot 2,11H,123,16.100000381469727,2026-04-25,2026-04-24T20:58:32Z,2026-04-26T15:41:00Z,Rock Island Tailrace,Rock Island Tailrace - CHINOOK,47.341487,-120.090402,0,3,RC05,TRUE,Active,Alive,Helicopter
G72AC6138,GPUD_Survival,live_release,A,17,Lot 3,11H,157,37.900001525878906,2026-04-25,2026-04-24T20:59:28Z,2026-04-26T15:41:00Z,Rock Island Tailrace,Rock Island Tailrace - CHINOOK,47.341487,-120.090402,0,3,RC05,TRUE,Active,Alive,Helicopter
G72C952C1,GPUD_Survival,live_release,A,17,Lot 1,11H,157,39.29999923706055,2026-04-25,2026-04-24T21:00:32Z,2026-04-26T15:41:00Z,Rock Island Tailrace,Rock Island Tailrace - CHINOOK,47.341487,-120.090402,0,3,RC05,TRUE,Active,Alive,Helicopter
G72322E20,GPUD_Survival,live_release,A,18,Lot 3,11H,133,25.100000381469727,2026-04-25,2026-04-24T21:00:52Z,2026-04-26T15:41:00Z,Rock Island Tailrace,Rock Island Tailrace - CHINOOK,47.341487,-120.090402,0,3,RC05,TRUE,Active,Alive,Helicopter
G722565C4,GPUD_Survival,live_release,A,18,Lot 2,11H,150,30.600000381469727,2026-04-25,2026-04-24T21:01:40Z,2026-04-26T15:41:00Z,Rock Island Tailrace,Rock Island Tailrace - CHINOOK,47.341487,-120.090402,0,3,RC05,TRUE,Active,Alive,Helicopter
G7284E562,GPUD_Survival,live_release,A,19,Lot 1,11H,113,14.300000190734863,2026-04-25,2026-04-24T21:02:09Z,2026-04-26T15:41:00Z,Rock Island Tailrace,Rock Island Tailrace - CHINOOK,47.341487,-120.090402,0,3,RC05,TRUE,Active,Alive,Helicopter
G7209DF04,GPUD_Survival,live_release,A,19,Lot 1,11H,133,24.200000762939453,2026-04-25,2026-04-24T21:02:51Z,2026-04-26T15:41:00Z,Rock Island Tailrace,Rock Island Tailrace - CHINOOK,47.341487,-120.090402,0,3,RC05,TRUE,Active,Alive,Helicopter
G72D5F073,GPUD_Survival,live_release,A,20,Lot 1,11H,135,25.600000381469727,2026-04-25,2026-04-24T21:03:27Z,2026-04-26T15:41:00Z,Rock Island Tailrace,Rock Island Tailrace - CHINOOK,47.341487,-120.090402,0,3,RC05,TRUE,Active,Alive,Helicopter
G7291145B,GPUD_Survival,live_release,A,20,Lot 3,11H,160,38.599998474121094,2026-04-25,2026-04-24T21:03:58Z,2026-04-26T15:41:00Z,Rock Island Tailrace,Rock Island Tailrace - CHINOOK,47.341487,-120.090402,0,3,RC05,TRUE,Active,Alive,Helicopter
G72148839,GPUD_Survival,live_release,A,21,Lot 3,11H,185,56.599998474121094,2026-04-25,2026-04-24T21:05:16Z,2026-04-26T15:41:00Z,Rock Island Tailrace,Rock Island Tailrace - CHINOOK,47.341487,-120.090402,0,3,RC05,TRUE,Active,Alive,Helicopter
G7241D34A,GPUD_Survival,live_release,A,21,Lot 2,11H,126,21.5,2026-04-25,2026-04-24T21:06:37Z,2026-04-26T15:41:00Z,Rock Island Tailrace,Rock Island Tailrace - CHINOOK,47.341487,-120.090402,0,3,RC05,TRUE,Active,Alive,Helicopter
G72E7F80D,GPUD_Survival,live_release,A,22,Lot 1,11H,163,43,2026-04-25,2026-04-24T21:07:58Z,2026-04-26T16:25:00Z,Priest Rapids Tailrace,Priest Rapids Tailrace - CHINOOK,46.632369,-119.895442,0,3,PC02,TRUE,Active,Alive,Helicopter
G72384AC3,GPUD_Survival,live_release,A,22,Lot 2,11H,114,16.600000381469727,2026-04-25,2026-04-24T21:08:38Z,2026-04-26T16:25:00Z,Priest Rapids Tailrace,Priest Rapids Tailrace - CHINOOK,46.632369,-119.895442,0,3,PC02,TRUE,Active,Alive,Helicopter
G729257AA,GPUD_Survival,live_release,A,23,Lot 1,11H,147,30.600000381469727,2026-04-25,2026-04-24T21:09:31Z,2026-04-26T16:25:00Z,Priest Rapids Tailrace,Priest Rapids Tailrace - CHINOOK,46.632369,-119.895442,0,3,PC02,TRUE,Active,Alive,Helicopter
G72CE6931,GPUD_Survival,live_release,A,23,Lot 3,11H,113,15,2026-04-25,2026-04-24T21:11:23Z,2026-04-26T16:25:00Z,Priest Rapids Tailrace,Priest Rapids Tailrace - CHINOOK,46.632369,-119.895442,0,3,PC02,TRUE,Active,Alive,Helicopter
G72BAB6AA,GPUD_Survival,live_release,A,24,Lot 3,11H,114,14.600000381469727,2026-04-25,2026-04-24T21:12:05Z,2026-04-26T16:25:00Z,Priest Rapids Tailrace,Priest Rapids Tailrace - CHINOOK,46.632369,-119.895442,0,3,PC02,TRUE,Active,Alive,Helicopter
G72B43A59,GPUD_Survival,live_release,A,24,Lot 1,11H,165,47.400001525878906,2026-04-25,2026-04-24T21:12:38Z,2026-04-26T16:25:00Z,Priest Rapids Tailrace,Priest Rapids Tailrace - CHINOOK,46.632369,-119.895442,0,3,PC02,TRUE,Active,Alive,Helicopter
G72D321D0,GPUD_Survival,live_release,A,25,Lot 1,11H,155,31.100000381469727,2026-04-25,2026-04-24T21:13:02Z,2026-04-26T16:25:00Z,Priest Rapids Tailrace,Priest Rapids Tailrace - CHINOOK,46.632369,-119.895442,0,3,PC02,TRUE,Active,Alive,Helicopter
G72D39200,GPUD_Survival,live_release,A,25,Lot 1,11H,130,19.5,2026-04-25,2026-04-24T21:13:59Z,2026-04-26T16:25:00Z,Priest Rapids Tailrace,Priest Rapids Tailrace - CHINOOK,46.632369,-119.895442,0,3,PC02,TRUE,Active,Alive,Helicopter
G7231E723,GPUD_Survival,live_release,A,26,Lot 3,11H,138,22.299999237060547,2026-04-25,2026-04-24T21:15:50Z,2026-04-26T16:25:00Z,Priest Rapids Tailrace,Priest Rapids Tailrace - CHINOOK,46.632369,-119.895442,0,3,PC02,TRUE,Active,Alive,Helicopter
G7298DDBF,GPUD_Survival,live_release,A,26,Lot 1,11H,162,39.599998474121094,2026-04-25,2026-04-24T21:16:32Z,2026-04-26T16:25:00Z,Priest Rapids Tailrace,Priest Rapids Tailrace - CHINOOK,46.632369,-119.895442,0,3,PC02,TRUE,Active,Alive,Helicopter
G72CC4983,GPUD_Survival,live_release,A,27,Lot 1,11H,134,20.600000381469727,2026-04-25,2026-04-24T21:17:31Z,2026-04-26T16:25:00Z,Priest Rapids Tailrace,Priest Rapids Tailrace - CHINOOK,46.632369,-119.895442,0,3,PC02,TRUE,Active,Alive,Helicopter
G7276C8B4,GPUD_Survival,live_release,A,27,Lot 1,11W,134,20.299999237060547,2026-04-25,2026-04-24T21:18:13Z,2026-04-26T16:25:00Z,Priest Rapids Tailrace,Priest Rapids Tailrace - CHINOOK,46.632369,-119.895442,0,3,PC02,TRUE,Active,Alive,Helicopter
G72E5A367,GPUD_Survival,live_release,A,28,Lot 3,11H,115,15.699999809265137,2026-04-25,2026-04-24T21:18:55Z,2026-04-26T16:25:00Z,Priest Rapids Tailrace,Priest Rapids Tailrace - CHINOOK,46.632369,-119.895442,0,3,PC02,TRUE,Active,Alive,Helicopter
G724D3152,GPUD_Survival,live_release,A,28,Lot 2,11H,142,29.899999618530273,2026-04-25,2026-04-24T21:19:23Z,2026-04-26T16:25:00Z,Priest Rapids Tailrace,Priest Rapids Tailrace - CHINOOK,46.632369,-119.895442,0,3,PC02,TRUE,Active,Alive,Helicopter
G722241E8,GPUD_Survival,live_release,A,29,Lot 2,11H,135,26.600000381469727,2026-04-25,2026-04-24T21:19:46Z,2026-04-26T16:25:00Z,Priest Rapids Tailrace,Priest Rapids Tailrace - CHINOOK,46.632369,-119.895442,0,3,PC02,TRUE,Active,Alive,Helicopter
G72826F3A,GPUD_Survival,live_release,A,29,Lot 3,11H,105,13.199999809265137,2026-04-25,2026-04-24T21:20:27Z,2026-04-26T16:25:00Z,Priest Rapids Tailrace,Priest Rapids Tailrace - CHINOOK,46.632369,-119.895442,0,3,PC02,TRUE,Active,Alive,Helicopter
G722075A6,GPUD_Survival,live_release,A,30,Lot 2,11H,180,57,2026-04-25,2026-04-24T21:21:00Z,2026-04-26T16:25:00Z,Priest Rapids Tailrace,Priest Rapids Tailrace - CHINOOK,46.632369,-119.895442,0,3,PC02,TRUE,Active,Alive,Helicopter
G72962976,GPUD_Survival,live_release,A,30,Lot 1,11H,137,18.200000762939453,2026-04-25,2026-04-24T21:21:53Z,2026-04-26T16:25:00Z,Priest Rapids Tailrace,Priest Rapids Tailrace - CHINOOK,46.632369,-119.895442,0,3,PC02,TRUE,Active,Alive,Helicopter
G729177DC,GPUD_Survival,live_release,A,31,Lot 3,11H,166,41.599998474121094,2026-04-25,2026-04-24T21:22:28Z,2026-04-26T16:25:00Z,Priest Rapids Tailrace,Priest Rapids Tailrace - CHINOOK,46.632369,-119.895442,0,3,PC02,TRUE,Active,Alive,Helicopter
G722539BC,GPUD_Survival,live_release,A,31,Lot 2,11H,143,26.299999237060547,2026-04-25,2026-04-24T21:23:00Z,2026-04-26T16:25:00Z,Priest Rapids Tailrace,Priest Rapids Tailrace - CHINOOK,46.632369,-119.895442,0,3,PC02,TRUE,Active,Alive,Helicopter
G720DC821,GPUD_Survival,dead_release,A,32,Lot 3,11H,149,27.899999618530273,2026-04-25,2026-04-24T21:23:36Z,2026-04-26T16:25:00Z,Priest Rapids Tailrace,Priest Rapids Tailrace - CHINOOK,46.632369,-119.895442,1,3,PC02,FALSE,Active,Euthanized,Helicopter
G72C54670,GPUD_Survival,dead_release,A,32,Lot 3,11H,143,28.399999618530273,2026-04-25,2026-04-24T21:24:05Z,2026-04-26T16:25:00Z,Priest Rapids Tailrace,Priest Rapids Tailrace - CHINOOK,46.632369,-119.895442,1,3,PC02,FALSE,Active,Euthanized,Helicopter
G72987C4E,GPUD_Survival,live_release,A,33,Lot 3,11H,126,21.700000762939453,2026-04-25,2026-04-24T21:24:28Z,2026-04-26T16:25:00Z,Priest Rapids Tailrace,Priest Rapids Tailrace - CHINOOK,46.632369,-119.895442,0,3,PC02,TRUE,Active,Alive,Helicopter
G720A3EE6,GPUD_Survival,live_release,A,33,Lot 3,11H,135,32.29999923706055,2026-04-25,2026-04-24T21:24:59Z,2026-04-26T16:25:00Z,Priest Rapids Tailrace,Priest Rapids Tailrace - CHINOOK,46.632369,-119.895442,0,3,PC02,TRUE,Active,Alive,Helicopter
G7279C38C,GPUD_Survival,live_release,A,34,Lot 2,11H,135,26.399999618530273,2026-04-25,2026-04-24T21:25:39Z,2026-04-26T16:25:00Z,Priest Rapids Tailrace,Priest Rapids Tailrace - CHINOOK,46.632369,-119.895442,0,3,PC02,TRUE,Active,Alive,Helicopter
G72008DD1,GPUD_Survival,live_release,A,34,Lot 2,11H,138,24.799999237060547,2026-04-25,2026-04-24T21:26:02Z,2026-04-26T16:25:00Z,Priest Rapids Tailrace,Priest Rapids Tailrace - CHINOOK,46.632369,-119.895442,0,3,PC02,TRUE,Active,Alive,Helicopter
G72EB95D8,GPUD_Survival,live_release,A,35,Lot 1,11H,127,20.5,2026-04-25,2026-04-24T21:27:18Z,2026-04-26T16:25:00Z,Priest Rapids Tailrace,Priest Rapids Tailrace - CHINOOK,46.632369,-119.895442,0,3,PC02,TRUE,Active,Alive,Helicopter
G72D79365,GPUD_Survival,live_release,A,35,Lot 1,11H,135,22,2026-04-25,2026-04-24T21:31:57Z,2026-04-26T16:25:00Z,Priest Rapids Tailrace,Priest Rapids Tailrace - CHINOOK,46.632369,-119.895442,0,3,PC02,TRUE,Active,Alive,Helicopter
G72A6493E,GPUD_Survival,live_release,A,36,Lot 3,11H,140,25.299999237060547,2026-04-25,2026-04-24T21:33:17Z,2026-04-26T16:25:00Z,Priest Rapids Tailrace,Priest Rapids Tailrace - CHINOOK,46.632369,-119.895442,0,3,PC02,TRUE,Active,Alive,Helicopter
G72B4AF77,GPUD_Survival,live_release,A,36,Lot 1,11H,157,38.599998474121094,2026-04-25,2026-04-24T21:33:58Z,2026-04-26T16:25:00Z,Priest Rapids Tailrace,Priest Rapids Tailrace - CHINOOK,46.632369,-119.895442,0,3,PC02,TRUE,Active,Alive,Helicopter
G72C0837A,GPUD_Survival,live_release,A,37,Lot 1,11H,137,27.200000762939453,2026-04-25,2026-04-24T21:34:40Z,2026-04-26T16:25:00Z,Priest Rapids Tailrace,Priest Rapids Tailrace - CHINOOK,46.632369,-119.895442,0,3,PC02,TRUE,Active,Alive,Helicopter
G72E73786,GPUD_Survival,live_release,A,37,Lot 1,11H,137,20.5,2026-04-25,2026-04-24T21:36:17Z,2026-04-26T16:25:00Z,Priest Rapids Tailrace,Priest Rapids Tailrace - CHINOOK,46.632369,-119.895442,0,3,PC02,TRUE,Active,Alive,Helicopter
G7244D2EB,GPUD_Survival,live_release,A,38,Lot 2,11H,142,30.5,2026-04-25,2026-04-24T21:36:41Z,2026-04-26T16:25:00Z,Priest Rapids Tailrace,Priest Rapids Tailrace - CHINOOK,46.632369,-119.895442,0,3,PC02,TRUE,Active,Alive,Helicopter
G724F07A0,GPUD_Survival,live_release,A,38,Lot 3,11H,107,13.399999618530273,2026-04-25,2026-04-24T21:37:10Z,2026-04-26T16:25:00Z,Priest Rapids Tailrace,Priest Rapids Tailrace - CHINOOK,46.632369,-119.895442,0,3,PC02,TRUE,Active,Alive,Helicopter
G72D8FBDA,GPUD_Survival,live_release,A,39,Lot 1,11H,155,32.900001525878906,2026-04-25,2026-04-24T21:37:52Z,2026-04-26T16:25:00Z,Priest Rapids Tailrace,Priest Rapids Tailrace - CHINOOK,46.632369,-119.895442,0,3,PC02,TRUE,Active,Alive,Helicopter
G723C8112,GPUD_Survival,live_release,A,40,Lot 2,11H,118,16.299999237060547,2026-04-26,2026-04-25T17:27:07Z,2026-04-27T15:43:00Z,Rock Island Tailrace,Rock Island Tailrace - CHINOOK,47.341487,-120.090402,0,3,RC06,TRUE,Active,Alive,Helicopter
G727C565D,GPUD_Survival,live_release,A,40,Lot 2,11H,147,27.5,2026-04-26,2026-04-25T17:28:07Z,2026-04-27T15:43:00Z,Rock Island Tailrace,Rock Island Tailrace - CHINOOK,47.341487,-120.090402,0,3,RC06,TRUE,Active,Alive,Helicopter
G729CF565,GPUD_Survival,live_release,A,41,Lot 2,11H,133,20.200000762939453,2026-04-26,2026-04-25T17:30:02Z,2026-04-27T15:43:00Z,Rock Island Tailrace,Rock Island Tailrace - CHINOOK,47.341487,-120.090402,0,3,RC06,TRUE,Active,Alive,Helicopter
G7298D880,GPUD_Survival,live_release,A,41,Lot 1,11H,125,20.899999618530273,2026-04-26,2026-04-25T17:31:18Z,2026-04-27T15:43:00Z,Rock Island Tailrace,Rock Island Tailrace - CHINOOK,47.341487,-120.090402,0,3,RC06,TRUE,Active,Alive,Helicopter
G720ADA6E,GPUD_Survival,live_release,A,42,Lot 3,11W,133,22.899999618530273,2026-04-26,2026-04-25T17:32:37Z,2026-04-27T15:43:00Z,Rock Island Tailrace,Rock Island Tailrace - CHINOOK,47.341487,-120.090402,0,3,RC06,TRUE,Active,Alive,Helicopter
G726B2246,GPUD_Survival,live_release,A,42,Lot 2,11H,150,31.200000762939453,2026-04-26,2026-04-25T17:33:18Z,2026-04-27T15:43:00Z,Rock Island Tailrace,Rock Island Tailrace - CHINOOK,47.341487,-120.090402,0,3,RC06,TRUE,Active,Alive,Helicopter
G72696DD0,GPUD_Survival,live_release,A,43,Lot 2,11H,145,31,2026-04-26,2026-04-25T17:34:09Z,2026-04-27T15:43:00Z,Rock Island Tailrace,Rock Island Tailrace - CHINOOK,47.341487,-120.090402,0,3,RC06,TRUE,Active,Alive,Helicopter
G729A0707,GPUD_Survival,live_release,A,43,Lot 1,11H,119,14.199999809265137,2026-04-26,2026-04-25T17:34:41Z,2026-04-27T15:43:00Z,Rock Island Tailrace,Rock Island Tailrace - CHINOOK,47.341487,-120.090402,0,3,RC06,TRUE,Active,Alive,Helicopter
G7257B849,GPUD_Survival,live_release,A,44,Lot 3,11H,180,52.099998474121094,2026-04-26,2026-04-25T17:35:55Z,2026-04-27T15:43:00Z,Rock Island Tailrace,Rock Island Tailrace - CHINOOK,47.341487,-120.090402,0,3,RC06,TRUE,Active,Alive,Helicopter
G72708719,GPUD_Survival,live_release,A,44,Lot 2,11H,113,13.199999809265137,2026-04-26,2026-04-25T17:36:24Z,2026-04-27T15:43:00Z,Rock Island Tailrace,Rock Island Tailrace - CHINOOK,47.341487,-120.090402,0,3,RC06,TRUE,Active,Alive,Helicopter
G72399B0E,GPUD_Survival,live_release,A,45,Lot 2,11H,147,30.5,2026-04-26,2026-04-25T17:37:04Z,2026-04-27T15:43:00Z,Rock Island Tailrace,Rock Island Tailrace - CHINOOK,47.341487,-120.090402,0,3,RC06,TRUE,Active,Alive,Helicopter
G72A410E8,GPUD_Survival,live_release,A,45,Lot 3,11W,124,17.600000381469727,2026-04-26,2026-04-25T17:38:01Z,2026-04-27T15:43:00Z,Rock Island Tailrace,Rock Island Tailrace - CHINOOK,47.341487,-120.090402,0,3,RC06,TRUE,Active,Alive,Helicopter
G72260D36,GPUD_Survival,live_release,A,46,Lot 2,11H,104,10.800000190734863,2026-04-26,2026-04-25T17:39:37Z,2026-04-27T15:43:00Z,Rock Island Tailrace,Rock Island Tailrace - CHINOOK,47.341487,-120.090402,0,3,RC06,TRUE,Active,Alive,Helicopter
G72DF72A4,GPUD_Survival,live_release,A,46,Lot 3,11H,136,24.299999237060547,2026-04-26,2026-04-25T17:40:34Z,2026-04-27T15:43:00Z,Rock Island Tailrace,Rock Island Tailrace - CHINOOK,47.341487,-120.090402,0,3,RC06,TRUE,Active,Alive,Helicopter
G7220E655,GPUD_Survival,live_release,A,47,Lot 2,11H,168,48.70000076293945,2026-04-26,2026-04-25T17:41:11Z,2026-04-27T15:43:00Z,Rock Island Tailrace,Rock Island Tailrace - CHINOOK,47.341487,-120.090402,0,3,RC06,TRUE,Active,Alive,Helicopter
G72D1DF2A,GPUD_Survival,live_release,A,47,Lot 2,11H,125,19.799999237060547,2026-04-26,2026-04-25T17:45:12Z,2026-04-27T15:43:00Z,Rock Island Tailrace,Rock Island Tailrace - CHINOOK,47.341487,-120.090402,0,3,RC06,TRUE,Active,Alive,Helicopter
G72967031,GPUD_Survival,live_release,A,48,Lot 1,11H,152,37,2026-05-03,2026-04-25T17:46:01Z,2026-04-27T15:43:00Z,Rock Island Tailrace,Rock Island Tailrace - CHINOOK,47.341487,-120.090402,0,3,RC06,TRUE,Active,Alive,Helicopter
G72DA6124,GPUD_Survival,live_release,A,48,Lot 3,11H,145,28.200000762939453,2026-04-26,2026-04-25T17:46:33Z,2026-04-27T15:43:00Z,Rock Island Tailrace,Rock Island Tailrace - CHINOOK,47.341487,-120.090402,0,3,RC06,TRUE,Active,Alive,Helicopter
G72E169E8,GPUD_Survival,live_release,A,49,Lot 2,11H,134,23.399999618530273,2026-04-26,2026-04-25T17:47:39Z,2026-04-27T15:43:00Z,Rock Island Tailrace,Rock Island Tailrace - CHINOOK,47.341487,-120.090402,0,3,RC06,TRUE,Active,Alive,Helicopter
G72E9A80A,GPUD_Survival,live_release,A,49,Lot 1,11H,126,17,2026-04-26,2026-04-25T17:48:35Z,2026-04-27T15:43:00Z,Rock Island Tailrace,Rock Island Tailrace - CHINOOK,47.341487,-120.090402,0,3,RC06,TRUE,Active,Alive,Helicopter
G725A6897,GPUD_Survival,live_release,A,50,Lot 1,11H,153,28.5,2026-04-26,2026-04-25T17:49:32Z,2026-04-27T15:43:00Z,Rock Island Tailrace,Rock Island Tailrace - CHINOOK,47.341487,-120.090402,0,3,RC06,TRUE,Active,Alive,Helicopter
G7219E8D5,GPUD_Survival,live_release,A,50,Lot 2,11H,143,27.700000762939453,2026-04-26,2026-04-25T17:50:23Z,2026-04-27T15:43:00Z,Rock Island Tailrace,Rock Island Tailrace - CHINOOK,47.341487,-120.090402,0,3,RC06,TRUE,Active,Alive,Helicopter
G722FE5AF,GPUD_Survival,live_release,A,51,Lot 1,11H,105,11.5,2026-04-26,2026-04-25T17:51:19Z,2026-04-27T15:43:00Z,Rock Island Tailrace,Rock Island Tailrace - CHINOOK,47.341487,-120.090402,0,3,RC06,TRUE,Active,Alive,Helicopter
G728C90D3,GPUD_Survival,live_release,A,51,Lot 2,11H,127,18.799999237060547,2026-04-26,2026-04-25T17:52:16Z,2026-04-27T15:43:00Z,Rock Island Tailrace,Rock Island Tailrace - CHINOOK,47.341487,-120.090402,0,3,RC06,TRUE,Active,Alive,Helicopter
G72C2AE35,GPUD_Survival,live_release,A,52,Lot 1,11H,110,15.5,2026-04-26,2026-04-25T17:59:23Z,2026-04-27T15:43:00Z,Rock Island Tailrace,Rock Island Tailrace - CHINOOK,47.341487,-120.090402,0,3,RC06,TRUE,Active,Alive,Helicopter
G723635A6,GPUD_Survival,live_release,A,52,Lot 2,11W,120,16.200000762939453,2026-04-26,2026-04-25T18:02:01Z,2026-04-27T15:43:00Z,Rock Island Tailrace,Rock Island Tailrace - CHINOOK,47.341487,-120.090402,0,3,RC06,TRUE,Active,Alive,Helicopter
G72767A3A,GPUD_Survival,live_release,A,53,Lot 3,11H,176,50.79999923706055,2026-04-26,2026-04-25T18:03:09Z,2026-04-27T15:43:00Z,Rock Island Tailrace,Rock Island Tailrace - CHINOOK,47.341487,-120.090402,0,3,RC06,TRUE,Active,Alive,Helicopter
G72BBE8AA,GPUD_Survival,live_release,A,53,Lot 3,11H,145,30.600000381469727,2026-04-26,2026-04-25T18:04:58Z,2026-04-27T15:43:00Z,Rock Island Tailrace,Rock Island Tailrace - CHINOOK,47.341487,-120.090402,0,3,RC06,TRUE,Active,Alive,Helicopter
G723C4844,GPUD_Survival,live_release,A,54,Lot 2,11H,147,31.100000381469727,2026-04-26,2026-04-25T18:06:02Z,2026-04-27T15:43:00Z,Rock Island Tailrace,Rock Island Tailrace - CHINOOK,47.341487,-120.090402,0,3,RC06,TRUE,Active,Alive,Helicopter
G72786A7B,GPUD_Survival,live_release,A,54,Lot 3,11H,144,23.899999618530273,2026-04-26,2026-04-25T18:06:58Z,2026-04-27T15:43:00Z,Rock Island Tailrace,Rock Island Tailrace - CHINOOK,47.341487,-120.090402,0,3,RC06,TRUE,Active,Alive,Helicopter
G72BBADD3,GPUD_Survival,live_release,A,55,Lot 3,11H,130,22.799999237060547,2026-04-26,2026-04-25T18:07:25Z,2026-04-27T15:43:00Z,Rock Island Tailrace,Rock Island Tailrace - CHINOOK,47.341487,-120.090402,0,3,RC06,TRUE,Active,Alive,Helicopter
G7230CCE4,GPUD_Survival,live_release,A,55,Lot 2,11H,125,18,2026-04-26,2026-04-25T18:07:55Z,2026-04-27T15:43:00Z,Rock Island Tailrace,Rock Island Tailrace - CHINOOK,47.341487,-120.090402,0,3,RC06,TRUE,Active,Alive,Helicopter
G7211C57D,GPUD_Survival,live_release,A,56,Lot 3,11H,159,38.599998474121094,2026-05-04,2026-04-25T18:08:26Z,2026-04-27T15:43:00Z,Rock Island Tailrace,Rock Island Tailrace - CHINOOK,47.341487,-120.090402,0,3,RC06,TRUE,Active,Alive,Helicopter
G72C46E55,GPUD_Survival,live_release,A,56,Lot 2,11H,161,40.70000076293945,2026-05-04,2026-04-25T18:09:28Z,2026-04-27T15:43:00Z,Rock Island Tailrace,Rock Island Tailrace - CHINOOK,47.341487,-120.090402,0,3,RC06,TRUE,Active,Alive,Helicopter
G721B7E88,GPUD_Survival,live_release,A,57,Lot 3,11H,143,28.399999618530273,2026-05-04,2026-04-25T18:10:06Z,2026-04-27T15:43:00Z,Rock Island Tailrace,Rock Island Tailrace - CHINOOK,47.341487,-120.090402,0,3,RC06,TRUE,Active,Alive,Helicopter
G7245C6D3,GPUD_Survival,live_release,A,57,Lot 2,11H,126,18.5,2026-05-04,2026-04-25T18:10:43Z,2026-04-27T15:43:00Z,Rock Island Tailrace,Rock Island Tailrace - CHINOOK,47.341487,-120.090402,0,3,RC06,TRUE,Active,Alive,Helicopter
G721BA5FF,GPUD_Survival,live_release,A,58,Lot 2,11W,149,30.700000762939453,2026-05-04,2026-04-25T18:11:10Z,2026-04-27T15:43:00Z,Rock Island Tailrace,Rock Island Tailrace - CHINOOK,47.341487,-120.090402,0,3,RC06,TRUE,Active,Alive,Helicopter
G72870C42,GPUD_Survival,live_release,A,58,Lot 3,11H,138,28.700000762939453,2026-05-04,2026-04-25T18:11:47Z,2026-04-27T15:43:00Z,Rock Island Tailrace,Rock Island Tailrace - CHINOOK,47.341487,-120.090402,0,3,RC06,TRUE,Active,Alive,Helicopter
G72634BC9,GPUD_Survival,live_release,A,59,Lot 1,11H,145,26.799999237060547,2026-05-04,2026-04-25T18:12:24Z,2026-04-27T15:43:00Z,Rock Island Tailrace,Rock Island Tailrace - CHINOOK,47.341487,-120.090402,0,3,RC06,TRUE,Active,Alive,Helicopter
G7232A1ED,GPUD_Survival,live_release,A,59,Lot 1,11W,140,24.600000381469727,2026-05-04,2026-04-25T18:12:57Z,2026-04-27T15:43:00Z,Rock Island Tailrace,Rock Island Tailrace - CHINOOK,47.341487,-120.090402,0,3,RC06,TRUE,Active,Alive,Helicopter
G72268047,GPUD_Survival,live_release,A,60,Lot 1,11H,133,23.200000762939453,2026-05-04,2026-04-25T18:13:26Z,2026-04-27T15:43:00Z,Rock Island Tailrace,Rock Island Tailrace - CHINOOK,47.341487,-120.090402,0,3,RC06,TRUE,Active,Alive,Helicopter
G72253F61,GPUD_Survival,live_release,A,60,Lot 2,11H,128,19.799999237060547,2026-05-04,2026-04-25T18:14:14Z,2026-04-27T15:43:00Z,Rock Island Tailrace,Rock Island Tailrace - CHINOOK,47.341487,-120.090402,0,3,RC06,TRUE,Active,Alive,Helicopter
G726D3F8C,GPUD_Survival,live_release,A,61,Lot 3,11H,158,36.599998474121094,2026-04-26,2026-04-25T18:15:59Z,2026-04-27T16:25:00Z,Priest Rapids Tailrace,Priest Rapids Tailrace - CHINOOK,46.632369,-119.895442,0,3,PC03,TRUE,Active,Alive,Helicopter
G72159ADC,GPUD_Survival,live_release,A,61,Lot 3,11H,131,19.100000381469727,2026-04-26,2026-04-25T18:17:02Z,2026-04-27T16:25:00Z,Priest Rapids Tailrace,Priest Rapids Tailrace - CHINOOK,46.632369,-119.895442,0,3,PC03,TRUE,Active,Alive,Helicopter
G7211F77F,GPUD_Survival,live_release,A,62,Lot 3,11H,145,26.700000762939453,2026-04-26,2026-04-25T18:17:28Z,2026-04-27T16:25:00Z,Priest Rapids Tailrace,Priest Rapids Tailrace - CHINOOK,46.632369,-119.895442,0,3,PC03,TRUE,Active,Alive,Helicopter
G72EA1C0C,GPUD_Survival,live_release,A,62,Lot 2,11H,118,17.5,2026-04-26,2026-04-25T18:18:56Z,2026-04-27T16:25:00Z,Priest Rapids Tailrace,Priest Rapids Tailrace - CHINOOK,46.632369,-119.895442,0,3,PC03,TRUE,Active,Alive,Helicopter
G72DBD36E,GPUD_Survival,live_release,A,63,Lot 3,11H,151,32.400001525878906,2026-04-26,2026-04-25T18:19:35Z,2026-04-27T16:25:00Z,Priest Rapids Tailrace,Priest Rapids Tailrace - CHINOOK,46.632369,-119.895442,0,3,PC03,TRUE,Active,Alive,Helicopter
G72CFEFA4,GPUD_Survival,live_release,A,63,Lot 3,11H,150,32,2026-04-26,2026-04-25T18:20:08Z,2026-04-27T16:25:00Z,Priest Rapids Tailrace,Priest Rapids Tailrace - CHINOOK,46.632369,-119.895442,0,3,PC03,TRUE,Active,Alive,Helicopter
G72995F4B,GPUD_Survival,live_release,A,64,Lot 1,11H,140,27.600000381469727,2026-04-26,2026-04-25T18:20:43Z,2026-04-27T16:25:00Z,Priest Rapids Tailrace,Priest Rapids Tailrace - CHINOOK,46.632369,-119.895442,0,3,PC03,TRUE,Active,Alive,Helicopter
G721B5B94,GPUD_Survival,live_release,A,64,Lot 3,11H,125,20.600000381469727,2026-04-26,2026-04-25T18:21:08Z,2026-04-27T16:25:00Z,Priest Rapids Tailrace,Priest Rapids Tailrace - CHINOOK,46.632369,-119.895442,0,3,PC03,TRUE,Active,Alive,Helicopter
G725EAFE5,GPUD_Survival,live_release,A,65,Lot 1,11H,135,21.399999618530273,2026-04-26,2026-04-25T18:22:06Z,2026-04-27T16:25:00Z,Priest Rapids Tailrace,Priest Rapids Tailrace - CHINOOK,46.632369,-119.895442,0,3,PC03,TRUE,Active,Alive,Helicopter
G72178591,GPUD_Survival,live_release,A,65,Lot 2,11H,141,30.899999618530273,2026-04-26,2026-04-25T18:23:31Z,2026-04-27T16:25:00Z,Priest Rapids Tailrace,Priest Rapids Tailrace - CHINOOK,46.632369,-119.895442,0,3,PC03,TRUE,Active,Alive,Helicopter
G7271805E,GPUD_Survival,live_release,A,66,Lot 1,11H,130,23.399999618530273,2026-04-26,2026-04-25T18:24:07Z,2026-04-27T16:25:00Z,Priest Rapids Tailrace,Priest Rapids Tailrace - CHINOOK,46.632369,-119.895442,0,3,PC03,TRUE,Active,Alive,Helicopter
G727AA2E2,GPUD_Survival,live_release,A,1,Lot 2,11H,131,21.200000762939453,2026-04-26,2026-04-25T18:25:25Z,2026-04-27T16:25:00Z,Priest Rapids Tailrace,Priest Rapids Tailrace - CHINOOK,46.632369,-119.895442,0,3,PC03,TRUE,Active,Alive,Helicopter
G721C71A7,GPUD_Survival,live_release,A,4,Lot 2,11H,108,21.200000762939453,2026-04-26,2026-04-25T18:26:02Z,2026-04-27T16:25:00Z,Priest Rapids Tailrace,Priest Rapids Tailrace - CHINOOK,46.632369,-119.895442,0,3,PC03,TRUE,Active,Alive,Helicopter
G7228FCC0,GPUD_Survival,live_release,A,1,Lot 3,11H,114,15,2026-04-26,2026-04-25T18:26:56Z,2026-04-27T16:25:00Z,Priest Rapids Tailrace,Priest Rapids Tailrace - CHINOOK,46.632369,-119.895442,0,3,PC03,TRUE,Active,Alive,Helicopter
G72B9BA5C,GPUD_Survival,live_release,A,2,Lot 3,11H,109,13.600000381469727,2026-04-26,2026-04-25T18:27:51Z,2026-04-27T16:25:00Z,Priest Rapids Tailrace,Priest Rapids Tailrace - CHINOOK,46.632369,-119.895442,0,3,PC03,TRUE,Active,Alive,Helicopter
G7242E422,GPUD_Survival,live_release,A,2,Lot 2,11H,135,25.5,2026-04-26,2026-04-25T18:28:51Z,2026-04-27T16:25:00Z,Priest Rapids Tailrace,Priest Rapids Tailrace - CHINOOK,46.632369,-119.895442,0,3,PC03,TRUE,Active,Alive,Helicopter
G726D4DC8,GPUD_Survival,live_release,A,3,Lot 2,11H,133,25.799999237060547,2026-04-26,2026-04-25T18:30:11Z,2026-04-27T16:25:00Z,Priest Rapids Tailrace,Priest Rapids Tailrace - CHINOOK,46.632369,-119.895442,0,3,PC03,TRUE,Active,Alive,Helicopter
G72A5E567,GPUD_Survival,live_release,A,3,Lot 3,11H,142,25.5,2026-04-26,2026-04-25T18:30:58Z,2026-04-27T16:25:00Z,Priest Rapids Tailrace,Priest Rapids Tailrace - CHINOOK,46.632369,-119.895442,0,3,PC03,TRUE,Active,Alive,Helicopter
G728D1227,GPUD_Survival,live_release,A,4,Lot 3,11H,154,32.79999923706055,2026-04-26,2026-04-25T18:32:22Z,2026-04-27T16:25:00Z,Priest Rapids Tailrace,Priest Rapids Tailrace - CHINOOK,46.632369,-119.895442,0,3,PC03,TRUE,Active,Alive,Helicopter
G72CE13B7,GPUD_Survival,live_release,A,5,Lot 3,11H,161,36.79999923706055,2026-04-26,2026-04-25T18:33:26Z,2026-04-27T16:25:00Z,Priest Rapids Tailrace,Priest Rapids Tailrace - CHINOOK,46.632369,-119.895442,0,3,PC03,TRUE,Active,Alive,Helicopter
G72593185,GPUD_Survival,live_release,A,5,Lot 1,11H,175,50.29999923706055,2026-04-26,2026-04-25T18:34:31Z,2026-04-27T16:25:00Z,Priest Rapids Tailrace,Priest Rapids Tailrace - CHINOOK,46.632369,-119.895442,0,3,PC03,TRUE,Active,Alive,Helicopter
G72819898,GPUD_Survival,live_release,A,6,Lot 2,11H,125,18.399999618530273,2026-04-26,2026-04-25T18:35:06Z,2026-04-27T16:25:00Z,Priest Rapids Tailrace,Priest Rapids Tailrace - CHINOOK,46.632369,-119.895442,0,3,PC03,TRUE,Active,Alive,Helicopter
G728D9B37,GPUD_Survival,live_release,A,6,Lot 3,11H,172,49.599998474121094,2026-04-26,2026-04-25T18:36:06Z,2026-04-27T16:25:00Z,Priest Rapids Tailrace,Priest Rapids Tailrace - CHINOOK,46.632369,-119.895442,0,3,PC03,TRUE,Active,Alive,Helicopter
G725D7B86,GPUD_Survival,live_release,A,7,Lot 1,11H,176,50.599998474121094,2026-04-26,2026-04-25T18:36:51Z,2026-04-27T16:25:00Z,Priest Rapids Tailrace,Priest Rapids Tailrace - CHINOOK,46.632369,-119.895442,0,3,PC03,TRUE,Active,Alive,Helicopter
G72A67DE1,GPUD_Survival,live_release,A,7,Lot 3,11H,162,42,2026-04-26,2026-04-25T18:37:23Z,2026-04-27T16:25:00Z,Priest Rapids Tailrace,Priest Rapids Tailrace - CHINOOK,46.632369,-119.895442,0,3,PC03,TRUE,Active,Alive,Helicopter
G7289AFD3,GPUD_Survival,live_release,A,8,Lot 3,11H,133,24,2026-04-26,2026-04-25T18:38:07Z,2026-04-27T16:25:00Z,Priest Rapids Tailrace,Priest Rapids Tailrace - CHINOOK,46.632369,-119.895442,0,3,PC03,TRUE,Active,Alive,Helicopter
G724A87D3,GPUD_Survival,live_release,A,8,Lot 2,11H,168,46.900001525878906,2026-04-26,2026-04-25T18:39:00Z,2026-04-27T16:25:00Z,Priest Rapids Tailrace,Priest Rapids Tailrace - CHINOOK,46.632369,-119.895442,0,3,PC03,TRUE,Active,Alive,Helicopter
G72CCD992,GPUD_Survival,dead_release,A,9,Lot 1,11H,165,46.099998474121094,2026-04-26,2026-04-25T18:40:15Z,2026-04-27T16:25:00Z,Priest Rapids Tailrace,Priest Rapids Tailrace - CHINOOK,46.632369,-119.895442,1,3,PC03,FALSE,Active,Euthanized,Helicopter
G729EEB76,GPUD_Survival,dead_release,A,9,Lot 3,11H,155,31.100000381469727,2026-04-26,2026-04-25T18:40:56Z,2026-04-27T16:25:00Z,Priest Rapids Tailrace,Priest Rapids Tailrace - CHINOOK,46.632369,-119.895442,1,3,PC03,FALSE,Active,Euthanized,Helicopter
G72D2D3DC,GPUD_Survival,live_release,A,10,Lot 1,11H,155,36.599998474121094,2026-04-26,2026-04-25T18:41:44Z,2026-04-27T16:25:00Z,Priest Rapids Tailrace,Priest Rapids Tailrace - CHINOOK,46.632369,-119.895442,0,3,PC03,TRUE,Active,Alive,Helicopter
G72367EC0,GPUD_Survival,live_release,A,10,Lot 1,11H,155,43,2026-04-26,2026-04-25T18:42:28Z,2026-04-27T16:25:00Z,Priest Rapids Tailrace,Priest Rapids Tailrace - CHINOOK,46.632369,-119.895442,0,3,PC03,TRUE,Active,Alive,Helicopter
G72A3CAAF,GPUD_Survival,live_release,A,11,Lot 1,11H,154,33.400001525878906,2026-04-26,2026-04-25T18:43:18Z,2026-04-27T16:25:00Z,Priest Rapids Tailrace,Priest Rapids Tailrace - CHINOOK,46.632369,-119.895442,0,3,PC03,TRUE,Active,Alive,Helicopter
G72F35B97,GPUD_Survival,live_release,A,11,Lot 1,11H,113,16.399999618530273,2026-04-26,2026-04-25T18:44:09Z,2026-04-27T16:25:00Z,Priest Rapids Tailrace,Priest Rapids Tailrace - CHINOOK,46.632369,-119.895442,0,3,PC03,TRUE,Active,Alive,Helicopter
G725BCDC3,GPUD_Survival,live_release,A,12,Lot 1,11H,119,18.200000762939453,2026-04-26,2026-04-25T18:44:53Z,2026-04-27T16:25:00Z,Priest Rapids Tailrace,Priest Rapids Tailrace - CHINOOK,46.632369,-119.895442,0,3,PC03,TRUE,Active,Alive,Helicopter
G7208CF5D,GPUD_Survival,live_release,A,12,Lot 1,11H,165,44.099998474121094,2026-04-26,2026-04-25T18:45:24Z,2026-04-27T16:25:00Z,Priest Rapids Tailrace,Priest Rapids Tailrace - CHINOOK,46.632369,-119.895442,0,3,PC03,TRUE,Active,Alive,Helicopter
G7260BD35,GPUD_Survival,live_release,A,67,Lot 3,31H,185,64.4000015258789,2026-05-04,2026-04-25T18:48:52Z,2026-04-27T15:43:00Z,Rock Island Tailrace,Rock Island Tailrace - STEELHEAD,47.341487,-120.090402,0,3,RI01,TRUE,Active,Alive,Helicopter
G729A1CBA,GPUD_Survival,live_release,A,67,Lot 1,31H,180,50.70000076293945,2026-05-04,2026-04-25T18:49:25Z,2026-04-27T15:43:00Z,Rock Island Tailrace,Rock Island Tailrace - STEELHEAD,47.341487,-120.090402,0,3,RI01,TRUE,Active,Alive,Helicopter
G7248BE60,GPUD_Survival,live_release,A,68,Lot 3,31H,201,68.4000015258789,2026-05-04,2026-04-25T18:49:59Z,2026-04-27T15:43:00Z,Rock Island Tailrace,Rock Island Tailrace - STEELHEAD,47.341487,-120.090402,0,3,RI01,TRUE,Active,Alive,Helicopter
G729C31CE,GPUD_Survival,live_release,A,68,Lot 1,31H,189,60.70000076293945,2026-05-04,2026-04-25T19:26:06Z,2026-04-27T15:43:00Z,Rock Island Tailrace,Rock Island Tailrace - STEELHEAD,47.341487,-120.090402,0,3,RI01,TRUE,Active,Alive,Helicopter
G72804614,GPUD_Survival,live_release,A,69,Lot 3,31H,175,48.099998474121094,2026-05-04,2026-04-25T19:26:36Z,2026-04-27T15:43:00Z,Rock Island Tailrace,Rock Island Tailrace - STEELHEAD,47.341487,-120.090402,0,3,RI01,TRUE,Active,Alive,Helicopter
G72548A1E,GPUD_Survival,live_release,A,69,Lot 1,31H,171,44.5,2026-05-04,2026-04-25T19:27:43Z,2026-04-27T15:43:00Z,Rock Island Tailrace,Rock Island Tailrace - STEELHEAD,47.341487,-120.090402,0,3,RI01,TRUE,Active,Alive,Helicopter
G72F2B4FB,GPUD_Survival,live_release,A,70,Lot 1,31H,182,53.099998474121094,2026-05-04,2026-04-25T19:28:14Z,2026-04-27T15:43:00Z,Rock Island Tailrace,Rock Island Tailrace - STEELHEAD,47.341487,-120.090402,0,3,RI01,TRUE,Active,Alive,Helicopter
G72113509,GPUD_Survival,live_release,A,70,Lot 1,31H,163,44,2026-05-04,2026-04-25T19:29:01Z,2026-04-27T15:43:00Z,Rock Island Tailrace,Rock Island Tailrace - STEELHEAD,47.341487,-120.090402,0,3,RI01,TRUE,Active,Alive,Helicopter
G72F27A2E,GPUD_Survival,live_release,A,71,Lot 1,31H,183,53.70000076293945,2026-05-04,2026-04-25T19:29:34Z,2026-04-27T15:43:00Z,Rock Island Tailrace,Rock Island Tailrace - STEELHEAD,47.341487,-120.090402,0,3,RI01,TRUE,Active,Alive,Helicopter
G72B1CAD2,GPUD_Survival,live_release,A,71,Lot 1,31H,185,58.29999923706055,2026-05-04,2026-04-25T19:30:02Z,2026-04-27T15:43:00Z,Rock Island Tailrace,Rock Island Tailrace - STEELHEAD,47.341487,-120.090402,0,3,RI01,TRUE,Active,Alive,Helicopter
G72A3D9D0,GPUD_Survival,live_release,A,72,Lot 1,31H,176,74.69999694824219,2026-05-04,2026-04-25T19:30:26Z,2026-04-27T15:43:00Z,Rock Island Tailrace,Rock Island Tailrace - STEELHEAD,47.341487,-120.090402,0,3,RI01,TRUE,Active,Alive,Helicopter
G7292A43C,GPUD_Survival,live_release,A,72,Lot 1,31W,164,39.400001525878906,2026-05-04,2026-04-25T19:30:54Z,2026-04-27T15:43:00Z,Rock Island Tailrace,Rock Island Tailrace - STEELHEAD,47.341487,-120.090402,0,3,RI01,TRUE,Active,Alive,Helicopter
G7279B1C8,GPUD_Survival,live_release,A,73,Lot 2,31H,195,64,2026-05-04,2026-04-25T19:31:45Z,2026-04-27T15:43:00Z,Rock Island Tailrace,Rock Island Tailrace - STEELHEAD,47.341487,-120.090402,0,3,RI01,TRUE,Active,Alive,Helicopter
G72C73ABA,GPUD_Survival,live_release,A,73,Lot 1,31H,172,48.099998474121094,2026-05-04,2026-04-25T19:32:15Z,2026-04-27T15:43:00Z,Rock Island Tailrace,Rock Island Tailrace - STEELHEAD,47.341487,-120.090402,0,3,RI01,TRUE,Active,Alive,Helicopter
G72932989,GPUD_Survival,live_release,A,74,Lot 1,31H,174,45.79999923706055,2026-05-04,2026-04-25T19:32:40Z,2026-04-27T15:43:00Z,Rock Island Tailrace,Rock Island Tailrace - STEELHEAD,47.341487,-120.090402,0,3,RI01,TRUE,Active,Alive,Helicopter
G72E2AFAA,GPUD_Survival,live_release,A,74,Lot 3,31H,193,63.5,2026-05-04,2026-04-25T19:33:42Z,2026-04-27T15:43:00Z,Rock Island Tailrace,Rock Island Tailrace - STEELHEAD,47.341487,-120.090402,0,3,RI01,TRUE,Active,Alive,Helicopter
G72C0D69E,GPUD_Survival,live_release,A,75,Lot 1,31H,175,47.599998474121094,2026-05-04,2026-04-25T19:34:50Z,2026-04-27T15:43:00Z,Rock Island Tailrace,Rock Island Tailrace - STEELHEAD,47.341487,-120.090402,0,3,RI01,TRUE,Active,Alive,Helicopter
G723B2AF3,GPUD_Survival,live_release,A,75,Lot 2,31H,191,66,2026-05-04,2026-04-25T19:35:37Z,2026-04-27T15:43:00Z,Rock Island Tailrace,Rock Island Tailrace - STEELHEAD,47.341487,-120.090402,0,3,RI01,TRUE,Active,Alive,Helicopter
G7213DCED,GPUD_Survival,live_release,A,76,Lot 2,31H,200,68.19999694824219,2026-05-04,2026-04-25T19:36:13Z,2026-04-27T15:43:00Z,Rock Island Tailrace,Rock Island Tailrace - STEELHEAD,47.341487,-120.090402,0,3,RI01,TRUE,Active,Alive,Helicopter
G723A34B5,GPUD_Survival,live_release,A,76,Lot 2,31H,185,55.5,2026-05-04,2026-04-25T19:36:59Z,2026-04-27T15:43:00Z,Rock Island Tailrace,Rock Island Tailrace - STEELHEAD,47.341487,-120.090402,0,3,RI01,TRUE,Active,Alive,Helicopter
G72D1A1CD,GPUD_Survival,live_release,A,77,Lot 2,31H,156,30.799999237060547,2026-05-04,2026-04-25T19:37:20Z,2026-04-27T15:43:00Z,Rock Island Tailrace,Rock Island Tailrace - STEELHEAD,47.341487,-120.090402,0,3,RI01,TRUE,Active,Alive,Helicopter
G72C4A23C,GPUD_Survival,live_release,A,77,Lot 2,31H,175,52,2026-05-04,2026-04-25T19:37:56Z,2026-04-27T15:43:00Z,Rock Island Tailrace,Rock Island Tailrace - STEELHEAD,47.341487,-120.090402,0,3,RI01,TRUE,Active,Alive,Helicopter
G720D0516,GPUD_Survival,live_release,A,78,Lot 1,31H,175,49.599998474121094,2026-05-04,2026-04-25T19:38:25Z,2026-04-27T15:43:00Z,Rock Island Tailrace,Rock Island Tailrace - STEELHEAD,47.341487,-120.090402,0,3,RI01,TRUE,Active,Alive,Helicopter
G7208B826,GPUD_Survival,live_release,A,78,Lot 3,31H,180,51.099998474121094,2026-05-04,2026-04-25T19:39:15Z,2026-04-27T15:43:00Z,Rock Island Tailrace,Rock Island Tailrace - STEELHEAD,47.341487,-120.090402,0,3,RI01,TRUE,Active,Alive,Helicopter
G726F5E26,GPUD_Survival,live_release,A,79,Lot 2,31H,197,71.5,2026-05-04,2026-04-25T19:40:12Z,2026-04-27T15:43:00Z,Rock Island Tailrace,Rock Island Tailrace - STEELHEAD,47.341487,-120.090402,0,3,RI01,TRUE,Active,Alive,Helicopter
G7278BDAF,GPUD_Survival,live_release,A,79,Lot 2,31H,170,42.900001525878906,2026-05-04,2026-04-25T19:41:00Z,2026-04-27T15:43:00Z,Rock Island Tailrace,Rock Island Tailrace - STEELHEAD,47.341487,-120.090402,0,3,RI01,TRUE,Active,Alive,Helicopter
G722E3003,GPUD_Survival,live_release,A,80,Lot 1,31H,178,49.79999923706055,2026-05-04,2026-04-25T19:41:25Z,2026-04-27T15:43:00Z,Rock Island Tailrace,Rock Island Tailrace - STEELHEAD,47.341487,-120.090402,0,3,RI01,TRUE,Active,Alive,Helicopter
G72F23148,GPUD_Survival,live_release,A,80,Lot 1,31H,173,47.20000076293945,2026-05-04,2026-04-25T19:41:43Z,2026-04-27T15:43:00Z,Rock Island Tailrace,Rock Island Tailrace - STEELHEAD,47.341487,-120.090402,0,3,RI01,TRUE,Active,Alive,Helicopter
G72CC7EBE,GPUD_Survival,live_release,A,81,Lot 2,31H,183,55.29999923706055,2026-05-04,2026-04-25T19:42:06Z,2026-04-27T15:43:00Z,Rock Island Tailrace,Rock Island Tailrace - STEELHEAD,47.341487,-120.090402,0,3,RI01,TRUE,Active,Alive,Helicopter
G727B46AE,GPUD_Survival,live_release,A,81,Lot 2,31W,184,50.599998474121094,2026-05-04,2026-04-25T19:42:31Z,2026-04-27T15:43:00Z,Rock Island Tailrace,Rock Island Tailrace - STEELHEAD,47.341487,-120.090402,0,3,RI01,TRUE,Active,Alive,Helicopter
G724CB11A,GPUD_Survival,live_release,A,82,Lot 1,31H,195,64.0999984741211,2026-05-04,2026-04-25T19:43:35Z,2026-04-27T15:43:00Z,Rock Island Tailrace,Rock Island Tailrace - STEELHEAD,47.341487,-120.090402,0,3,RI01,TRUE,Active,Alive,Helicopter
G721EDBE7,GPUD_Survival,live_release,A,82,Lot 1,31H,183,54.599998474121094,2026-04-26,2026-04-25T19:44:20Z,2026-04-27T15:43:00Z,Rock Island Tailrace,Rock Island Tailrace - STEELHEAD,47.341487,-120.090402,0,3,RI01,TRUE,Active,Alive,Helicopter
G721492DA,GPUD_Survival,live_release,A,83,Lot 3,31H,182,54.79999923706055,2026-04-26,2026-04-25T19:44:59Z,2026-04-27T15:43:00Z,Rock Island Tailrace,Rock Island Tailrace - STEELHEAD,47.341487,-120.090402,0,3,RI01,TRUE,Active,Alive,Helicopter
G7257B5B4,GPUD_Survival,live_release,A,83,Lot 3,31H,165,37.5,2026-04-26,2026-04-25T19:45:59Z,2026-04-27T15:43:00Z,Rock Island Tailrace,Rock Island Tailrace - STEELHEAD,47.341487,-120.090402,0,3,RI01,TRUE,Active,Alive,Helicopter
G72EF1CF3,GPUD_Survival,live_release,A,84,Lot 2,31W,174,45.400001525878906,2026-04-26,2026-04-25T19:46:42Z,2026-04-27T15:43:00Z,Rock Island Tailrace,Rock Island Tailrace - STEELHEAD,47.341487,-120.090402,0,3,RI01,TRUE,Active,Alive,Helicopter
G72B364F3,GPUD_Survival,live_release,A,84,Lot 1,31H,192,63.099998474121094,2026-04-26,2026-04-25T19:47:39Z,2026-04-27T15:43:00Z,Rock Island Tailrace,Rock Island Tailrace - STEELHEAD,47.341487,-120.090402,0,3,RI01,TRUE,Active,Alive,Helicopter
G72DA367C,GPUD_Survival,live_release,A,85,Lot 2,31H,190,54.70000076293945,2026-04-26,2026-04-25T19:48:22Z,2026-04-27T15:43:00Z,Rock Island Tailrace,Rock Island Tailrace - STEELHEAD,47.341487,-120.090402,0,3,RI01,TRUE,Active,Alive,Helicopter
G72F5CE13,GPUD_Survival,live_release,A,85,Lot 1,31H,177,52.900001525878906,2026-04-26,2026-04-25T19:48:54Z,2026-04-27T15:43:00Z,Rock Island Tailrace,Rock Island Tailrace - STEELHEAD,47.341487,-120.090402,0,3,RI01,TRUE,Active,Alive,Helicopter
G72BEAECE,GPUD_Survival,live_release,A,86,Lot 1,31H,167,41.5,2026-04-26,2026-04-25T19:49:33Z,2026-04-27T15:43:00Z,Rock Island Tailrace,Rock Island Tailrace - STEELHEAD,47.341487,-120.090402,0,3,RI01,TRUE,Active,Alive,Helicopter
G725D26A0,GPUD_Survival,live_release,A,86,Lot 1,31H,203,69.80000305175781,2026-04-26,2026-04-25T19:50:09Z,2026-04-27T15:43:00Z,Rock Island Tailrace,Rock Island Tailrace - STEELHEAD,47.341487,-120.090402,0,3,RI01,TRUE,Active,Alive,Helicopter
G72048F56,GPUD_Survival,live_release,A,87,Lot 1,31H,180,46.79999923706055,2026-04-26,2026-04-25T19:50:44Z,2026-04-27T15:43:00Z,Rock Island Tailrace,Rock Island Tailrace - STEELHEAD,47.341487,-120.090402,0,3,RI01,TRUE,Active,Alive,Helicopter
G72AFE203,GPUD_Survival,live_release,A,1,Lot 1,11H,153,30.899999618530273,2026-04-27,2026-04-26T16:49:25Z,2026-04-28T16:26:00Z,Rock Island Tailrace,Rock Island Tailrace - CHINOOK,47.341487,-120.090402,0,3,RC07,TRUE,Active,Alive,Helicopter
G72E4A3A3,GPUD_Survival,live_release,A,1,Lot 1,11H,135,24.200000762939453,2026-04-27,2026-04-26T16:50:41Z,2026-04-28T16:26:00Z,Rock Island Tailrace,Rock Island Tailrace - CHINOOK,47.341487,-120.090402,0,3,RC07,TRUE,Active,Alive,Helicopter
G72F560A3,GPUD_Survival,live_release,A,2,Lot 1,11H,145,26.799999237060547,2026-04-27,2026-04-26T16:51:38Z,2026-04-28T16:26:00Z,Rock Island Tailrace,Rock Island Tailrace - CHINOOK,47.341487,-120.090402,0,3,RC07,TRUE,Active,Alive,Helicopter
G72A10657,GPUD_Survival,live_release,A,2,Lot 1,11H,124,19.399999618530273,2026-04-27,2026-04-26T16:52:52Z,2026-04-28T16:26:00Z,Rock Island Tailrace,Rock Island Tailrace - CHINOOK,47.341487,-120.090402,0,3,RC07,TRUE,Active,Alive,Helicopter
G72B6EC42,GPUD_Survival,live_release,A,3,Lot 1,11H,152,34.29999923706055,2026-04-27,2026-04-26T16:53:38Z,2026-04-28T16:26:00Z,Rock Island Tailrace,Rock Island Tailrace - CHINOOK,47.341487,-120.090402,0,3,RC07,TRUE,Active,Alive,Helicopter
G728FBC06,GPUD_Survival,live_release,A,3,Lot 3,11H,155,37.20000076293945,2026-04-27,2026-04-26T16:54:02Z,2026-04-28T16:26:00Z,Rock Island Tailrace,Rock Island Tailrace - CHINOOK,47.341487,-120.090402,0,3,RC07,TRUE,Active,Alive,Helicopter
G725A4394,GPUD_Survival,live_release,A,4,Lot 1,11W,128,20.700000762939453,2026-04-27,2026-04-26T16:54:23Z,2026-04-28T16:26:00Z,Rock Island Tailrace,Rock Island Tailrace - CHINOOK,47.341487,-120.090402,0,3,RC07,TRUE,Active,Alive,Helicopter
G7238A896,GPUD_Survival,live_release,A,4,Lot 3,11W,127,19.799999237060547,2026-04-27,2026-04-26T16:55:00Z,2026-04-28T16:26:00Z,Rock Island Tailrace,Rock Island Tailrace - CHINOOK,47.341487,-120.090402,0,3,RC07,TRUE,Active,Alive,Helicopter
G727A1E73,GPUD_Survival,live_release,A,5,Lot 2,11H,139,22.799999237060547,2026-04-27,2026-04-26T16:55:39Z,2026-04-28T16:26:00Z,Rock Island Tailrace,Rock Island Tailrace - CHINOOK,47.341487,-120.090402,0,3,RC07,TRUE,Active,Alive,Helicopter
G7252F50D,GPUD_Survival,live_release,A,5,Lot 3,11W,123,19.700000762939453,2026-04-27,2026-04-26T16:56:03Z,2026-04-28T16:26:00Z,Rock Island Tailrace,Rock Island Tailrace - CHINOOK,47.341487,-120.090402,0,3,RC07,TRUE,Active,Alive,Helicopter
G7275FAE3,GPUD_Survival,live_release,A,6,Lot 3,11H,163,38.79999923706055,2026-04-27,2026-04-26T16:56:53Z,2026-04-28T16:26:00Z,Rock Island Tailrace,Rock Island Tailrace - CHINOOK,47.341487,-120.090402,0,3,RC07,TRUE,Active,Alive,Helicopter
G72A57694,GPUD_Survival,live_release,A,6,Lot 3,11H,159,37.70000076293945,2026-04-27,2026-04-26T16:57:26Z,2026-04-28T16:26:00Z,Rock Island Tailrace,Rock Island Tailrace - CHINOOK,47.341487,-120.090402,0,3,RC07,TRUE,Active,Alive,Helicopter
G724CC0BC,GPUD_Survival,live_release,A,7,Lot 1,11H,138,22.799999237060547,2026-04-27,2026-04-26T16:57:56Z,2026-04-28T16:26:00Z,Rock Island Tailrace,Rock Island Tailrace - CHINOOK,47.341487,-120.090402,0,3,RC07,TRUE,Active,Alive,Helicopter
G7202DB46,GPUD_Survival,live_release,A,7,Lot 2,11H,125,19.799999237060547,2026-04-27,2026-04-26T16:58:29Z,2026-04-28T16:26:00Z,Rock Island Tailrace,Rock Island Tailrace - CHINOOK,47.341487,-120.090402,0,3,RC07,TRUE,Active,Alive,Helicopter
G72AE4948,GPUD_Survival,live_release,A,8,Lot 3,11H,172,50.599998474121094,2026-04-27,2026-04-26T16:59:03Z,2026-04-28T16:26:00Z,Rock Island Tailrace,Rock Island Tailrace - CHINOOK,47.341487,-120.090402,0,3,RC07,TRUE,Active,Alive,Helicopter
G728B1031,GPUD_Survival,dead_release,A,8,Lot 2,11H,125,20.799999237060547,2026-04-27,2026-04-26T16:59:24Z,2026-04-28T15:47:00Z,Priest Rapids Tailrace,Priest Rapids Tailrace - CHINOOK,46.632369,-119.895442,1,3,PC04,FALSE,Active,Mortality,Helicopter
G727173C8,GPUD_Survival,live_release,A,9,Lot 1,11H,129,23.200000762939453,2026-04-27,2026-04-26T17:00:03Z,2026-04-28T16:26:00Z,Rock Island Tailrace,Rock Island Tailrace - CHINOOK,47.341487,-120.090402,0,3,RC07,TRUE,Active,Alive,Helicopter
G72E339A2,GPUD_Survival,live_release,A,9,Lot 3,11H,129,22.700000762939453,2026-04-27,2026-04-26T17:00:34Z,2026-04-28T16:26:00Z,Rock Island Tailrace,Rock Island Tailrace - CHINOOK,47.341487,-120.090402,0,3,RC07,TRUE,Active,Alive,Helicopter
G724C2E4A,GPUD_Survival,live_release,A,10,Lot 1,11H,175,53.5,2026-04-27,2026-04-26T17:01:15Z,2026-04-28T16:26:00Z,Rock Island Tailrace,Rock Island Tailrace - CHINOOK,47.341487,-120.090402,0,3,RC07,TRUE,Active,Alive,Helicopter
G72F1F36B,GPUD_Survival,live_release,A,10,Lot 1,11H,155,33.900001525878906,2026-04-27,2026-04-26T17:02:23Z,2026-04-28T16:26:00Z,Rock Island Tailrace,Rock Island Tailrace - CHINOOK,47.341487,-120.090402,0,3,RC07,TRUE,Active,Alive,Helicopter
G725DBF2D,GPUD_Survival,live_release,A,17,Lot 1,11H,110,12.800000190734863,2026-04-27,2026-04-26T17:03:13Z,2026-04-28T16:26:00Z,Rock Island Tailrace,Rock Island Tailrace - CHINOOK,47.341487,-120.090402,0,3,RC07,TRUE,Active,Alive,Helicopter
G72E5AD78,GPUD_Survival,live_release,A,11,Lot 2,11H,125,25.799999237060547,2026-04-27,2026-04-26T17:03:55Z,2026-04-28T16:26:00Z,Rock Island Tailrace,Rock Island Tailrace - CHINOOK,47.341487,-120.090402,0,3,RC07,TRUE,Active,Alive,Helicopter
G7236BF54,GPUD_Survival,live_release,A,11,Lot 3,11H,170,44.099998474121094,2026-04-27,2026-04-26T17:04:33Z,2026-04-28T16:26:00Z,Rock Island Tailrace,Rock Island Tailrace - CHINOOK,47.341487,-120.090402,0,3,RC07,TRUE,Active,Alive,Helicopter
G720FB4EB,GPUD_Survival,live_release,A,12,Lot 3,11H,144,30.799999237060547,2026-04-27,2026-04-26T17:04:56Z,2026-04-28T16:26:00Z,Rock Island Tailrace,Rock Island Tailrace - CHINOOK,47.341487,-120.090402,0,3,RC07,TRUE,Active,Alive,Helicopter
G728AA4A6,GPUD_Survival,live_release,A,12,Lot 3,11H,174,50.900001525878906,2026-04-27,2026-04-26T17:05:26Z,2026-04-28T16:26:00Z,Rock Island Tailrace,Rock Island Tailrace - CHINOOK,47.341487,-120.090402,0,3,RC07,TRUE,Active,Alive,Helicopter
G722C07AF,GPUD_Survival,live_release,A,13,Lot 2,11H,130,18.700000762939453,2026-04-27,2026-04-26T17:05:54Z,2026-04-28T16:26:00Z,Rock Island Tailrace,Rock Island Tailrace - CHINOOK,47.341487,-120.090402,0,3,RC07,TRUE,Active,Alive,Helicopter
G72DB1B66,GPUD_Survival,live_release,A,13,Lot 1,11H,137,24.5,2026-04-27,2026-04-26T17:06:37Z,2026-04-28T16:26:00Z,Rock Island Tailrace,Rock Island Tailrace - CHINOOK,47.341487,-120.090402,0,3,RC07,TRUE,Active,Alive,Helicopter
G72642483,GPUD_Survival,live_release,A,14,Lot 1,11H,153,31.799999237060547,2026-04-27,2026-04-26T17:07:19Z,2026-04-28T16:26:00Z,Rock Island Tailrace,Rock Island Tailrace - CHINOOK,47.341487,-120.090402,0,3,RC07,TRUE,Active,Alive,Helicopter
G7219E528,GPUD_Survival,live_release,A,14,Lot 2,11H,156,36.900001525878906,2026-04-27,2026-04-26T17:07:50Z,2026-04-28T16:26:00Z,Rock Island Tailrace,Rock Island Tailrace - CHINOOK,47.341487,-120.090402,0,3,RC07,TRUE,Active,Alive,Helicopter
G7292DB85,GPUD_Survival,live_release,A,15,Lot 1,11H,155,32.29999923706055,2026-04-27,2026-04-26T17:08:21Z,2026-04-28T16:26:00Z,Rock Island Tailrace,Rock Island Tailrace - CHINOOK,47.341487,-120.090402,0,3,RC07,TRUE,Active,Alive,Helicopter
G72E7A6C9,GPUD_Survival,live_release,A,15,Lot 2,11H,166,42.20000076293945,2026-04-27,2026-04-26T17:09:09Z,2026-04-28T16:26:00Z,Rock Island Tailrace,Rock Island Tailrace - CHINOOK,47.341487,-120.090402,0,3,RC07,TRUE,Active,Alive,Helicopter
G72CE05F7,GPUD_Survival,live_release,A,16,Lot 3,11H,140,26.200000762939453,2026-04-27,2026-04-26T17:09:50Z,2026-04-28T16:26:00Z,Rock Island Tailrace,Rock Island Tailrace - CHINOOK,47.341487,-120.090402,0,3,RC07,TRUE,Active,Alive,Helicopter
G7283F932,GPUD_Survival,live_release,A,16,Lot 2,11H,115,13.100000381469727,2026-04-27,2026-04-26T17:10:38Z,2026-04-28T16:26:00Z,Rock Island Tailrace,Rock Island Tailrace - CHINOOK,47.341487,-120.090402,0,3,RC07,TRUE,Active,Alive,Helicopter
G72056505,GPUD_Survival,live_release,A,17,Lot 1,11H,135,23.200000762939453,2026-04-27,2026-04-26T17:11:34Z,2026-04-28T16:26:00Z,Rock Island Tailrace,Rock Island Tailrace - CHINOOK,47.341487,-120.090402,0,3,RC07,FALSE,Inactive,Alive,Helicopter
G72595D43,GPUD_Survival,live_release,A,18,Lot 1,11H,145,31.799999237060547,2026-04-27,2026-04-26T17:13:01Z,2026-04-28T16:26:00Z,Rock Island Tailrace,Rock Island Tailrace - CHINOOK,47.341487,-120.090402,0,3,RC07,TRUE,Active,Alive,Helicopter
G72DE1586,GPUD_Survival,live_release,A,18,Lot 1,11H,125,19,2026-04-27,2026-04-26T17:13:29Z,2026-04-28T16:26:00Z,Rock Island Tailrace,Rock Island Tailrace - CHINOOK,47.341487,-120.090402,0,3,RC07,TRUE,Active,Alive,Helicopter
G72E0422F,GPUD_Survival,live_release,A,19,Lot 1,11H,154,27.200000762939453,2026-04-27,2026-04-26T17:13:57Z,2026-04-28T16:26:00Z,Rock Island Tailrace,Rock Island Tailrace - CHINOOK,47.341487,-120.090402,0,3,RC07,TRUE,Active,Alive,Helicopter
G723B8DDF,GPUD_Survival,live_release,A,19,Lot 2,11H,135,22.600000381469727,2026-04-27,2026-04-26T17:14:24Z,2026-04-28T16:26:00Z,Rock Island Tailrace,Rock Island Tailrace - CHINOOK,47.341487,-120.090402,0,3,RC07,TRUE,Active,Alive,Helicopter
G728FF97F,GPUD_Survival,live_release,A,20,Lot 3,11H,120,15.600000381469727,2026-04-27,2026-04-26T17:15:08Z,2026-04-28T16:26:00Z,Rock Island Tailrace,Rock Island Tailrace - CHINOOK,47.341487,-120.090402,0,3,RC07,TRUE,Active,Alive,Helicopter
G72752749,GPUD_Survival,live_release,A,20,Lot 3,11H,129,20.700000762939453,2026-04-27,2026-04-26T17:15:53Z,2026-04-28T16:26:00Z,Rock Island Tailrace,Rock Island Tailrace - CHINOOK,47.341487,-120.090402,0,3,RC07,TRUE,Active,Alive,Helicopter
G72C09E1A,GPUD_Survival,live_release,A,21,Lot 1,11H,147,29.399999618530273,2026-04-27,2026-04-26T17:16:14Z,2026-04-28T16:26:00Z,Rock Island Tailrace,Rock Island Tailrace - CHINOOK,47.341487,-120.090402,0,3,RC07,TRUE,Active,Alive,Helicopter
G7298FF20,GPUD_Survival,live_release,A,67,Lot 1,11H,123,19.100000381469727,2026-04-27,2026-04-26T17:24:17Z,2026-04-28T15:47:00Z,Priest Rapids Tailrace,Priest Rapids Tailrace - CHINOOK,46.632369,-119.895442,0,3,PC04,TRUE,Active,Alive,Helicopter
G72470B75,GPUD_Survival,live_release,A,67,Lot 3,11H,118,15.199999809265137,2026-04-27,2026-04-26T17:24:39Z,2026-04-28T15:47:00Z,Priest Rapids Tailrace,Priest Rapids Tailrace - CHINOOK,46.632369,-119.895442,0,3,PC04,TRUE,Active,Alive,Helicopter
G72450ABA,GPUD_Survival,live_release,A,68,Lot 2,11W,127,20.600000381469727,2026-04-27,2026-04-26T17:25:06Z,2026-04-28T15:47:00Z,Priest Rapids Tailrace,Priest Rapids Tailrace - CHINOOK,46.632369,-119.895442,0,3,PC04,TRUE,Active,Alive,Helicopter
G72F3DE24,GPUD_Survival,live_release,A,68,Lot 1,11H,122,18,2026-04-27,2026-04-26T17:26:36Z,2026-04-28T15:47:00Z,Priest Rapids Tailrace,Priest Rapids Tailrace - CHINOOK,46.632369,-119.895442,0,3,PC04,TRUE,Active,Alive,Helicopter
G723A5732,GPUD_Survival,dead_release,A,69,Lot 2,11H,172,51.20000076293945,2026-04-27,2026-04-26T17:28:39Z,2026-04-28T15:47:00Z,Priest Rapids Tailrace,Priest Rapids Tailrace - CHINOOK,46.632369,-119.895442,1,3,PC04,FALSE,Active,Euthanized,Helicopter
G7294BD97,GPUD_Survival,live_release,A,70,Lot 1,11H,152,36.400001525878906,2026-04-27,2026-04-26T17:29:06Z,2026-04-28T15:47:00Z,Priest Rapids Tailrace,Priest Rapids Tailrace - CHINOOK,46.632369,-119.895442,0,3,PC04,TRUE,Active,Alive,Helicopter
G72440A7E,GPUD_Survival,live_release,A,71,Lot 2,11H,130,19.5,2026-04-27,2026-04-26T17:42:32Z,2026-04-28T15:47:00Z,Priest Rapids Tailrace,Priest Rapids Tailrace - CHINOOK,46.632369,-119.895442,0,3,PC04,TRUE,Active,Alive,Helicopter
G72574BDF,GPUD_Survival,live_release,A,71,Lot 3,11H,138,27.299999237060547,2026-04-27,2026-04-26T17:43:03Z,2026-04-28T15:47:00Z,Priest Rapids Tailrace,Priest Rapids Tailrace - CHINOOK,46.632369,-119.895442,0,3,PC04,TRUE,Active,Alive,Helicopter
G721DC8CD,GPUD_Survival,live_release,A,72,Lot 2,11H,117,19,2026-04-27,2026-04-26T17:43:39Z,2026-04-28T15:47:00Z,Priest Rapids Tailrace,Priest Rapids Tailrace - CHINOOK,46.632369,-119.895442,0,3,PC04,TRUE,Active,Alive,Helicopter
G723C960C,GPUD_Survival,live_release,A,72,Lot 2,11H,138,27,2026-04-27,2026-04-26T17:43:57Z,2026-04-28T15:47:00Z,Priest Rapids Tailrace,Priest Rapids Tailrace - CHINOOK,46.632369,-119.895442,0,3,PC04,TRUE,Active,Alive,Helicopter
G72AF0F17,GPUD_Survival,live_release,A,73,Lot 3,11W,125,19.799999237060547,2026-04-27,2026-04-26T17:44:43Z,2026-04-28T15:47:00Z,Priest Rapids Tailrace,Priest Rapids Tailrace - CHINOOK,46.632369,-119.895442,0,3,PC04,TRUE,Active,Alive,Helicopter
G7262E91E,GPUD_Survival,live_release,A,73,Lot 2,11H,173,49.79999923706055,2026-04-27,2026-04-26T17:45:10Z,2026-04-28T15:47:00Z,Priest Rapids Tailrace,Priest Rapids Tailrace - CHINOOK,46.632369,-119.895442,0,3,PC04,TRUE,Active,Alive,Helicopter
G7248A25E,GPUD_Survival,live_release,A,70,Lot 3,11H,150,30.799999237060547,2026-04-27,2026-04-26T17:45:23Z,2026-04-28T15:47:00Z,Priest Rapids Tailrace,Priest Rapids Tailrace - CHINOOK,46.632369,-119.895442,0,3,PC04,TRUE,Active,Alive,Helicopter
G72C51128,GPUD_Survival,live_release,A,69,Lot 3,11H,168,52,2026-04-27,2026-04-26T17:45:23Z,2026-04-28T15:47:00Z,Priest Rapids Tailrace,Priest Rapids Tailrace - CHINOOK,46.632369,-119.895442,0,3,PC04,TRUE,Active,Alive,Helicopter
G72028D40,GPUD_Survival,live_release,A,74,Lot 2,11H,157,35,2026-04-27,2026-04-26T17:45:31Z,2026-04-28T15:47:00Z,Priest Rapids Tailrace,Priest Rapids Tailrace - CHINOOK,46.632369,-119.895442,0,3,PC04,TRUE,Active,Alive,Helicopter
G72502A8A,GPUD_Survival,live_release,A,74,Lot 2,11H,160,36.099998474121094,2026-04-27,2026-04-26T17:45:59Z,2026-04-28T15:47:00Z,Priest Rapids Tailrace,Priest Rapids Tailrace - CHINOOK,46.632369,-119.895442,0,3,PC04,TRUE,Active,Alive,Helicopter
G721690F7,GPUD_Survival,live_release,A,75,Lot 2,11H,145,32.5,2026-04-27,2026-04-26T17:46:28Z,2026-04-28T15:47:00Z,Priest Rapids Tailrace,Priest Rapids Tailrace - CHINOOK,46.632369,-119.895442,0,3,PC04,TRUE,Active,Alive,Helicopter
G72E299C9,GPUD_Survival,live_release,A,75,Lot 1,11H,123,16.600000381469727,2026-04-27,2026-04-26T17:46:52Z,2026-04-28T15:47:00Z,Priest Rapids Tailrace,Priest Rapids Tailrace - CHINOOK,46.632369,-119.895442,0,3,PC04,TRUE,Active,Alive,Helicopter
G72B6BF7B,GPUD_Survival,live_release,A,76,Lot 1,11H,158,40.20000076293945,2026-04-27,2026-04-26T17:48:04Z,2026-04-28T15:47:00Z,Priest Rapids Tailrace,Priest Rapids Tailrace - CHINOOK,46.632369,-119.895442,0,3,PC04,TRUE,Active,Alive,Helicopter
G72B1F6CF,GPUD_Survival,live_release,A,76,Lot 1,11H,138,24.899999618530273,2026-04-27,2026-04-26T17:48:54Z,2026-04-28T15:47:00Z,Priest Rapids Tailrace,Priest Rapids Tailrace - CHINOOK,46.632369,-119.895442,0,3,PC04,TRUE,Active,Alive,Helicopter
G72B5591A,GPUD_Survival,live_release,A,77,Lot 1,11H,134,23.600000381469727,2026-04-27,2026-04-26T17:49:39Z,2026-04-28T15:47:00Z,Priest Rapids Tailrace,Priest Rapids Tailrace - CHINOOK,46.632369,-119.895442,0,3,PC04,TRUE,Active,Alive,Helicopter
G7298F061,GPUD_Survival,live_release,A,77,Lot 1,11H,124,19.5,2026-04-27,2026-04-26T17:50:00Z,2026-04-28T15:47:00Z,Priest Rapids Tailrace,Priest Rapids Tailrace - CHINOOK,46.632369,-119.895442,0,3,PC04,TRUE,Active,Alive,Helicopter
G72ABFE06,GPUD_Survival,live_release,A,78,Lot 1,11H,124,16.299999237060547,2026-04-27,2026-04-26T17:50:59Z,2026-04-28T15:47:00Z,Priest Rapids Tailrace,Priest Rapids Tailrace - CHINOOK,46.632369,-119.895442,0,3,PC04,TRUE,Active,Alive,Helicopter
G729FD172,GPUD_Survival,live_release,A,78,Lot 3,11H,162,39.79999923706055,2026-04-27,2026-04-26T17:51:22Z,2026-04-28T15:47:00Z,Priest Rapids Tailrace,Priest Rapids Tailrace - CHINOOK,46.632369,-119.895442,0,3,PC04,TRUE,Active,Alive,Helicopter
G72D332AF,GPUD_Survival,live_release,A,79,Lot 1,11H,164,41.5,2026-04-27,2026-04-26T17:51:49Z,2026-04-28T15:47:00Z,Priest Rapids Tailrace,Priest Rapids Tailrace - CHINOOK,46.632369,-119.895442,0,3,PC04,TRUE,Active,Alive,Helicopter
G722EF275,GPUD_Survival,live_release,A,79,Lot 2,11H,112,13.300000190734863,2026-04-27,2026-04-26T17:52:39Z,2026-04-28T15:47:00Z,Priest Rapids Tailrace,Priest Rapids Tailrace - CHINOOK,46.632369,-119.895442,0,3,PC04,TRUE,Active,Alive,Helicopter
G724C7C2D,GPUD_Survival,live_release,A,80,Lot 1,11H,118,15.5,2026-04-27,2026-04-26T17:53:13Z,2026-04-28T15:47:00Z,Priest Rapids Tailrace,Priest Rapids Tailrace - CHINOOK,46.632369,-119.895442,0,3,PC04,TRUE,Active,Alive,Helicopter
G725C5CE2,GPUD_Survival,live_release,A,80,Lot 1,11H,131,22.100000381469727,2026-04-27,2026-04-26T17:54:33Z,2026-04-28T15:47:00Z,Priest Rapids Tailrace,Priest Rapids Tailrace - CHINOOK,46.632369,-119.895442,0,3,PC04,TRUE,Active,Alive,Helicopter
G728192E6,GPUD_Survival,live_release,A,81,Lot 1,11H,120,14.199999809265137,2026-04-27,2026-04-26T17:55:02Z,2026-04-28T15:47:00Z,Priest Rapids Tailrace,Priest Rapids Tailrace - CHINOOK,46.632369,-119.895442,0,3,PC04,TRUE,Active,Alive,Helicopter
G720AF6EE,GPUD_Survival,live_release,A,81,Lot 3,11H,112,13.699999809265137,2026-04-27,2026-04-26T17:58:01Z,2026-04-28T15:47:00Z,Priest Rapids Tailrace,Priest Rapids Tailrace - CHINOOK,46.632369,-119.895442,0,3,PC04,TRUE,Active,Alive,Helicopter
G728837C4,GPUD_Survival,live_release,A,82,Lot 1,11H,135,25.100000381469727,2026-04-27,2026-04-26T17:58:57Z,2026-04-28T15:47:00Z,Priest Rapids Tailrace,Priest Rapids Tailrace - CHINOOK,46.632369,-119.895442,0,3,PC04,TRUE,Active,Alive,Helicopter
G72E51EA8,GPUD_Survival,live_release,A,82,Lot 3,11H,135,21.200000762939453,2026-04-27,2026-04-26T17:59:35Z,2026-04-28T15:47:00Z,Priest Rapids Tailrace,Priest Rapids Tailrace - CHINOOK,46.632369,-119.895442,0,3,PC04,TRUE,Active,Alive,Helicopter
G72A9D217,GPUD_Survival,live_release,A,83,Lot 2,11H,153,33.29999923706055,2026-04-27,2026-04-26T18:00:18Z,2026-04-28T15:47:00Z,Priest Rapids Tailrace,Priest Rapids Tailrace - CHINOOK,46.632369,-119.895442,0,3,PC04,TRUE,Active,Alive,Helicopter
G72821841,GPUD_Survival,live_release,A,83,Lot 1,11H,144,28.5,2026-04-27,2026-04-26T18:01:13Z,2026-04-28T15:47:00Z,Priest Rapids Tailrace,Priest Rapids Tailrace - CHINOOK,46.632369,-119.895442,0,3,PC04,TRUE,Active,Alive,Helicopter
G727C4A63,GPUD_Survival,live_release,A,84,Lot 2,11H,132,22.399999618530273,2026-04-27,2026-04-26T18:13:09Z,2026-04-28T15:47:00Z,Priest Rapids Tailrace,Priest Rapids Tailrace - CHINOOK,46.632369,-119.895442,0,3,PC04,TRUE,Active,Alive,Helicopter
G7273A0EC,GPUD_Survival,live_release,A,34,Lot 1,31H,200,64.9000015258789,2026-04-27,2026-04-26T18:58:25Z,2026-04-28T15:47:00Z,Rock Island Tailrace,Rock Island Tailrace - STEELHEAD,47.341487,-120.090402,0,3,RI02,TRUE,Active,Alive,Helicopter
G726EDB51,GPUD_Survival,live_release,A,34,Lot 2,31H,192,60.20000076293945,2026-04-27,2026-04-26T18:59:15Z,2026-04-28T15:47:00Z,Rock Island Tailrace,Rock Island Tailrace - STEELHEAD,47.341487,-120.090402,0,3,RI02,TRUE,Active,Alive,Helicopter
G7210D47A,GPUD_Survival,live_release,A,35,Lot 1,31H,209,81.5999984741211,2026-04-27,2026-04-26T18:59:49Z,2026-04-28T15:47:00Z,Rock Island Tailrace,Rock Island Tailrace - STEELHEAD,47.341487,-120.090402,0,3,RI02,TRUE,Active,Alive,Helicopter
G729118F8,GPUD_Survival,live_release,A,35,Lot 3,31H,209,94.4000015258789,2026-04-27,2026-04-26T19:01:13Z,2026-04-28T15:47:00Z,Rock Island Tailrace,Rock Island Tailrace - STEELHEAD,47.341487,-120.090402,0,3,RI02,TRUE,Active,Alive,Helicopter
G726F4C07,GPUD_Survival,live_release,A,36,Lot 2,31W,175,46.599998474121094,2026-04-27,2026-04-26T19:01:35Z,2026-04-28T15:47:00Z,Rock Island Tailrace,Rock Island Tailrace - STEELHEAD,47.341487,-120.090402,0,3,RI02,TRUE,Active,Alive,Helicopter
G72187320,GPUD_Survival,live_release,A,36,Lot 2,31H,180,53,2026-04-27,2026-04-26T19:02:33Z,2026-04-28T15:47:00Z,Rock Island Tailrace,Rock Island Tailrace - STEELHEAD,47.341487,-120.090402,0,3,RI02,TRUE,Active,Alive,Helicopter
G72B8CE01,GPUD_Survival,live_release,A,37,Lot 3,31H,210,79.9000015258789,2026-04-27,2026-04-26T19:02:56Z,2026-04-28T15:47:00Z,Rock Island Tailrace,Rock Island Tailrace - STEELHEAD,47.341487,-120.090402,0,3,RI02,TRUE,Active,Alive,Helicopter
G72086ACD,GPUD_Survival,live_release,A,37,Lot 3,31H,205,79.0999984741211,2026-04-27,2026-04-26T19:04:23Z,2026-04-28T15:47:00Z,Rock Island Tailrace,Rock Island Tailrace - STEELHEAD,47.341487,-120.090402,0,3,RI02,TRUE,Active,Alive,Helicopter
G72A0C238,GPUD_Survival,live_release,A,38,Lot 3,31W,180,46.5,2026-04-27,2026-04-26T19:05:03Z,2026-04-28T15:47:00Z,Rock Island Tailrace,Rock Island Tailrace - STEELHEAD,47.341487,-120.090402,0,3,RI02,TRUE,Active,Alive,Helicopter
G72D73A56,GPUD_Survival,live_release,A,38,Lot 1,31W,208,79.30000305175781,2026-04-27,2026-04-26T19:06:00Z,2026-04-28T15:47:00Z,Rock Island Tailrace,Rock Island Tailrace - STEELHEAD,47.341487,-120.090402,0,3,RI02,TRUE,Active,Alive,Helicopter
G72448FCD,GPUD_Survival,live_release,A,39,Lot 2,31H,190,58.900001525878906,2026-04-27,2026-04-26T19:06:30Z,2026-04-28T15:47:00Z,Rock Island Tailrace,Rock Island Tailrace - STEELHEAD,47.341487,-120.090402,0,3,RI02,TRUE,Active,Alive,Helicopter
G72E3A293,GPUD_Survival,live_release,A,39,Lot 1,31H,182,56.599998474121094,2026-04-27,2026-04-26T19:07:25Z,2026-04-28T15:47:00Z,Rock Island Tailrace,Rock Island Tailrace - STEELHEAD,47.341487,-120.090402,0,3,RI02,TRUE,Active,Alive,Helicopter
G723EB9FF,GPUD_Survival,live_release,A,40,Lot 1,31H,192,63.70000076293945,2026-04-27,2026-04-26T19:07:58Z,2026-04-28T15:47:00Z,Rock Island Tailrace,Rock Island Tailrace - STEELHEAD,47.341487,-120.090402,0,3,RI02,TRUE,Active,Alive,Helicopter
G727919A5,GPUD_Survival,live_release,A,40,Lot 2,31H,205,71.0999984741211,2026-04-27,2026-04-26T19:08:21Z,2026-04-28T15:47:00Z,Rock Island Tailrace,Rock Island Tailrace - STEELHEAD,47.341487,-120.090402,0,3,RI02,TRUE,Active,Alive,Helicopter
G72EED7DD,GPUD_Survival,live_release,A,41,Lot 2,31H,184,54.20000076293945,2026-04-27,2026-04-26T19:08:52Z,2026-04-28T15:47:00Z,Rock Island Tailrace,Rock Island Tailrace - STEELHEAD,47.341487,-120.090402,0,3,RI02,TRUE,Active,Alive,Helicopter
G7207A13F,GPUD_Survival,live_release,A,41,Lot 2,31H,180,50.099998474121094,2026-04-27,2026-04-26T19:09:15Z,2026-04-28T15:47:00Z,Rock Island Tailrace,Rock Island Tailrace - STEELHEAD,47.341487,-120.090402,0,3,RI02,TRUE,Active,Alive,Helicopter
G72AA59EE,GPUD_Survival,live_release,A,42,Lot 3,31H,177,50.099998474121094,2026-04-27,2026-04-26T19:10:34Z,2026-04-28T15:47:00Z,Rock Island Tailrace,Rock Island Tailrace - STEELHEAD,47.341487,-120.090402,0,3,RI02,TRUE,Active,Alive,Helicopter
G7260C6ED,GPUD_Survival,live_release,A,42,Lot 3,31W,189,62.900001525878906,2026-04-27,2026-04-26T19:11:25Z,2026-04-28T15:47:00Z,Rock Island Tailrace,Rock Island Tailrace - STEELHEAD,47.341487,-120.090402,0,3,RI02,TRUE,Active,Alive,Helicopter
G72814CAE,GPUD_Survival,live_release,A,43,Lot 2,31W,143,24.799999237060547,2026-04-27,2026-04-26T19:11:54Z,2026-04-28T15:47:00Z,Rock Island Tailrace,Rock Island Tailrace - STEELHEAD,47.341487,-120.090402,0,3,RI02,TRUE,Active,Alive,Helicopter
G7222B800,GPUD_Survival,live_release,A,43,Lot 2,31H,171,47,2026-04-27,2026-04-26T19:12:31Z,2026-04-28T15:47:00Z,Rock Island Tailrace,Rock Island Tailrace - STEELHEAD,47.341487,-120.090402,0,3,RI02,TRUE,Active,Alive,Helicopter
G72A83AF8,GPUD_Survival,live_release,A,44,Lot 2,31W,140,24.5,2026-04-27,2026-04-26T19:13:24Z,2026-04-28T15:47:00Z,Rock Island Tailrace,Rock Island Tailrace - STEELHEAD,47.341487,-120.090402,0,3,RI02,TRUE,Active,Alive,Helicopter
G72F49DEE,GPUD_Survival,live_release,A,44,Lot 2,31H,182,55.900001525878906,2026-04-27,2026-04-26T19:13:57Z,2026-04-28T15:47:00Z,Rock Island Tailrace,Rock Island Tailrace - STEELHEAD,47.341487,-120.090402,0,3,RI02,TRUE,Active,Alive,Helicopter
G72527581,GPUD_Survival,live_release,A,45,Lot 3,31W,149,28.399999618530273,2026-04-27,2026-04-26T19:14:16Z,2026-04-28T15:47:00Z,Rock Island Tailrace,Rock Island Tailrace - STEELHEAD,47.341487,-120.090402,0,3,RI02,TRUE,Active,Alive,Helicopter
G72A44B13,GPUD_Survival,live_release,A,45,Lot 3,31H,185,57.79999923706055,2026-04-27,2026-04-26T19:14:51Z,2026-04-28T15:47:00Z,Rock Island Tailrace,Rock Island Tailrace - STEELHEAD,47.341487,-120.090402,0,3,RI02,TRUE,Active,Alive,Helicopter
G72A7CFAB,GPUD_Survival,live_release,A,46,Lot 3,31H,180,48.900001525878906,2026-04-27,2026-04-26T19:15:34Z,2026-04-28T15:47:00Z,Rock Island Tailrace,Rock Island Tailrace - STEELHEAD,47.341487,-120.090402,0,3,RI02,TRUE,Active,Alive,Helicopter
G72331A3B,GPUD_Survival,live_release,A,46,Lot 1,31H,195,66.5,2026-04-27,2026-04-26T19:16:56Z,2026-04-28T15:47:00Z,Rock Island Tailrace,Rock Island Tailrace - STEELHEAD,47.341487,-120.090402,0,3,RI02,TRUE,Active,Alive,Helicopter
G72C4E804,GPUD_Survival,live_release,A,47,Lot 2,31H,187,53.599998474121094,2026-04-27,2026-04-26T19:17:31Z,2026-04-28T15:47:00Z,Rock Island Tailrace,Rock Island Tailrace - STEELHEAD,47.341487,-120.090402,0,3,RI02,TRUE,Active,Alive,Helicopter
G722029DE,GPUD_Survival,live_release,A,47,Lot 2,31H,182,53.400001525878906,2026-04-27,2026-04-26T19:18:07Z,2026-04-28T15:47:00Z,Rock Island Tailrace,Rock Island Tailrace - STEELHEAD,47.341487,-120.090402,0,3,RI02,TRUE,Active,Alive,Helicopter
G722808D5,GPUD_Survival,live_release,A,48,Lot 1,31H,179,47.29999923706055,2026-04-27,2026-04-26T19:18:32Z,2026-04-28T15:47:00Z,Rock Island Tailrace,Rock Island Tailrace - STEELHEAD,47.341487,-120.090402,0,3,RI02,TRUE,Active,Alive,Helicopter
G72B08511,GPUD_Survival,live_release,A,48,Lot 1,31H,153,30.200000762939453,2026-04-27,2026-04-26T19:19:25Z,2026-04-28T15:47:00Z,Rock Island Tailrace,Rock Island Tailrace - STEELHEAD,47.341487,-120.090402,0,3,RI02,TRUE,Active,Alive,Helicopter
G723A4B0C,GPUD_Survival,live_release,A,49,Lot 2,31W,165,39.5,2026-04-27,2026-04-26T19:19:56Z,2026-04-28T15:47:00Z,Rock Island Tailrace,Rock Island Tailrace - STEELHEAD,47.341487,-120.090402,0,3,RI02,TRUE,Active,Alive,Helicopter
G7269F162,GPUD_Survival,live_release,A,49,Lot 2,31H,187,61.70000076293945,2026-04-27,2026-04-26T19:20:28Z,2026-04-28T15:47:00Z,Rock Island Tailrace,Rock Island Tailrace - STEELHEAD,47.341487,-120.090402,0,3,RI02,TRUE,Active,Alive,Helicopter
G72BA6A5E,GPUD_Survival,live_release,A,50,Lot 3,31H,190,62.400001525878906,2026-04-27,2026-04-26T19:20:51Z,2026-04-28T15:47:00Z,Rock Island Tailrace,Rock Island Tailrace - STEELHEAD,47.341487,-120.090402,0,3,RI02,TRUE,Active,Alive,Helicopter
G724374F7,GPUD_Survival,live_release,A,50,Lot 2,31H,165,41.900001525878906,2026-04-27,2026-04-26T19:21:26Z,2026-04-28T15:47:00Z,Rock Island Tailrace,Rock Island Tailrace - STEELHEAD,47.341487,-120.090402,0,3,RI02,TRUE,Active,Alive,Helicopter
G72528ED5,GPUD_Survival,live_release,A,51,Lot 3,31H,207,73.5999984741211,2026-04-27,2026-04-26T19:22:00Z,2026-04-28T15:47:00Z,Rock Island Tailrace,Rock Island Tailrace - STEELHEAD,47.341487,-120.090402,0,3,RI02,TRUE,Active,Alive,Helicopter
G72F9FC5C,GPUD_Survival,live_release,A,51,Lot 3,31H,195,65.0999984741211,2026-04-27,2026-04-26T19:24:54Z,2026-04-28T15:47:00Z,Rock Island Tailrace,Rock Island Tailrace - STEELHEAD,47.341487,-120.090402,0,3,RI02,TRUE,Active,Alive,Helicopter
G72876E9B,GPUD_Survival,live_release,A,52,Lot 3,31W,158,35.20000076293945,2026-04-27,2026-04-26T19:25:58Z,2026-04-28T15:47:00Z,Rock Island Tailrace,Rock Island Tailrace - STEELHEAD,47.341487,-120.090402,0,3,RI02,TRUE,Active,Alive,Helicopter
G7251EC59,GPUD_Survival,live_release,A,52,Lot 3,31H,171,45.5,2026-04-27,2026-04-26T19:26:19Z,2026-04-28T15:47:00Z,Rock Island Tailrace,Rock Island Tailrace - STEELHEAD,47.341487,-120.090402,0,3,RI02,TRUE,Active,Alive,Helicopter
G727866D8,GPUD_Survival,live_release,A,53,Lot 3,31W,155,32.29999923706055,2026-04-27,2026-04-26T19:28:41Z,2026-04-28T15:47:00Z,Rock Island Tailrace,Rock Island Tailrace - STEELHEAD,47.341487,-120.090402,0,3,RI02,TRUE,Active,Alive,Helicopter
G72ECC3B0,GPUD_Survival,live_release,A,53,Lot 1,31W,173,48.599998474121094,2026-04-27,2026-04-26T19:30:09Z,2026-04-28T15:47:00Z,Rock Island Tailrace,Rock Island Tailrace - STEELHEAD,47.341487,-120.090402,0,3,RI02,TRUE,Active,Alive,Helicopter
G721B6A74,GPUD_Survival,live_release,A,54,Lot 3,31W,158,31.5,2026-04-27,2026-04-26T19:30:38Z,2026-04-28T15:47:00Z,Rock Island Tailrace,Rock Island Tailrace - STEELHEAD,47.341487,-120.090402,0,3,RI02,TRUE,Active,Alive,Helicopter
G72B9ED04,GPUD_Survival,live_release,A,1,Lot 3,11H,147,29.799999237060547,2026-04-28,2026-04-27T17:51:00Z,2026-04-29T15:28:00Z,Rock Island Tailrace,Rock Island Tailrace - CHINOOK,47.341487,-120.090402,0,3,RC08,TRUE,Active,Alive,Helicopter
G725C52FD,GPUD_Survival,live_release,A,1,Lot 1,11H,175,52.400001525878906,2026-04-28,2026-04-27T18:00:30Z,2026-04-29T15:28:00Z,Rock Island Tailrace,Rock Island Tailrace - CHINOOK,47.341487,-120.090402,0,3,RC08,TRUE,Active,Alive,Helicopter
G72DB7B03,GPUD_Survival,live_release,A,2,Lot 3,11H,144,29.799999237060547,2026-04-28,2026-04-27T18:01:13Z,2026-04-29T15:28:00Z,Rock Island Tailrace,Rock Island Tailrace - CHINOOK,47.341487,-120.090402,0,3,RC08,TRUE,Active,Alive,Helicopter
G72289539,GPUD_Survival,live_release,A,2,Lot 2,11H,160,37.099998474121094,2026-04-28,2026-04-27T18:01:41Z,2026-04-29T15:28:00Z,Rock Island Tailrace,Rock Island Tailrace - CHINOOK,47.341487,-120.090402,0,3,RC08,TRUE,Active,Alive,Helicopter
G72EF20EE,GPUD_Survival,live_release,A,3,Lot 1,11H,163,40.79999923706055,2026-04-28,2026-04-27T18:02:03Z,2026-04-29T15:28:00Z,Rock Island Tailrace,Rock Island Tailrace - CHINOOK,47.341487,-120.090402,0,3,RC08,TRUE,Active,Alive,Helicopter
G72F1FFC8,GPUD_Survival,live_release,A,3,Lot 1,11H,157,40.20000076293945,2026-04-28,2026-04-27T18:02:25Z,2026-04-29T15:28:00Z,Rock Island Tailrace,Rock Island Tailrace - CHINOOK,47.341487,-120.090402,0,3,RC08,TRUE,Active,Alive,Helicopter
G7228D57F,GPUD_Survival,live_release,A,4,Lot 3,11H,156,31.700000762939453,2026-04-28,2026-04-27T18:02:58Z,2026-04-29T15:28:00Z,Rock Island Tailrace,Rock Island Tailrace - CHINOOK,47.341487,-120.090402,0,3,RC08,TRUE,Active,Alive,Helicopter
G72A2283E,GPUD_Survival,live_release,A,4,Lot 1,11H,143,26.899999618530273,2026-04-28,2026-04-27T18:03:25Z,2026-04-29T15:28:00Z,Rock Island Tailrace,Rock Island Tailrace - CHINOOK,47.341487,-120.090402,0,3,RC08,TRUE,Active,Alive,Helicopter
G72C919A7,GPUD_Survival,live_release,A,5,Lot 1,11W,124,18.399999618530273,2026-04-28,2026-04-27T18:04:07Z,2026-04-29T15:28:00Z,Rock Island Tailrace,Rock Island Tailrace - CHINOOK,47.341487,-120.090402,0,3,RC08,TRUE,Active,Alive,Helicopter
G725094A7,GPUD_Survival,live_release,A,5,Lot 2,11H,164,42.5,2026-04-28,2026-04-27T18:04:46Z,2026-04-29T15:28:00Z,Rock Island Tailrace,Rock Island Tailrace - CHINOOK,47.341487,-120.090402,0,3,RC08,TRUE,Active,Alive,Helicopter
G72A239FD,GPUD_Survival,live_release,A,6,Lot 2,11H,126,22.700000762939453,2026-04-28,2026-04-27T18:05:25Z,2026-04-29T15:28:00Z,Rock Island Tailrace,Rock Island Tailrace - CHINOOK,47.341487,-120.090402,0,3,RC08,TRUE,Active,Alive,Helicopter
G72DA08DD,GPUD_Survival,live_release,A,6,Lot 3,11H,139,25.799999237060547,2026-04-28,2026-04-27T18:06:01Z,2026-04-29T15:28:00Z,Rock Island Tailrace,Rock Island Tailrace - CHINOOK,47.341487,-120.090402,0,3,RC08,TRUE,Active,Alive,Helicopter
G72813837,GPUD_Survival,live_release,A,7,Lot 1,11H,140,27.5,2026-04-28,2026-04-27T18:06:43Z,2026-04-29T15:28:00Z,Rock Island Tailrace,Rock Island Tailrace - CHINOOK,47.341487,-120.090402,0,3,RC08,TRUE,Active,Alive,Helicopter
G72457162,GPUD_Survival,live_release,A,7,Lot 2,11H,143,29.299999237060547,2026-04-28,2026-04-27T18:07:10Z,2026-04-29T15:28:00Z,Rock Island Tailrace,Rock Island Tailrace - CHINOOK,47.341487,-120.090402,0,3,RC08,TRUE,Active,Alive,Helicopter
G727C74C2,GPUD_Survival,live_release,A,8,Lot 1,11H,134,24.5,2026-04-28,2026-04-27T18:07:46Z,2026-04-29T15:28:00Z,Rock Island Tailrace,Rock Island Tailrace - CHINOOK,47.341487,-120.090402,0,3,RC08,TRUE,Active,Alive,Helicopter
G72E20044,GPUD_Survival,live_release,A,8,Lot 1,11H,173,54,2026-04-28,2026-04-27T18:09:15Z,2026-04-29T15:28:00Z,Rock Island Tailrace,Rock Island Tailrace - CHINOOK,47.341487,-120.090402,0,3,RC08,TRUE,Active,Alive,Helicopter
G72770078,GPUD_Survival,live_release,A,9,Lot 1,11H,150,32.400001525878906,2026-04-28,2026-04-27T18:10:02Z,2026-04-29T15:28:00Z,Rock Island Tailrace,Rock Island Tailrace - CHINOOK,47.341487,-120.090402,0,3,RC08,TRUE,Active,Alive,Helicopter
G72EC5881,GPUD_Survival,live_release,A,10,Lot 1,11H,132,22.399999618530273,2026-04-28,2026-04-27T18:10:34Z,2026-04-29T15:28:00Z,Rock Island Tailrace,Rock Island Tailrace - CHINOOK,47.341487,-120.090402,0,3,RC08,TRUE,Active,Alive,Helicopter
G720F25A4,GPUD_Survival,live_release,A,9,Lot 3,11H,160,36.79999923706055,2026-04-28,2026-04-27T18:11:06Z,2026-04-29T15:28:00Z,Rock Island Tailrace,Rock Island Tailrace - CHINOOK,47.341487,-120.090402,0,3,RC08,TRUE,Active,Alive,Helicopter
G72479044,GPUD_Survival,live_release,A,10,Lot 3,11H,153,35.400001525878906,2026-04-28,2026-04-27T18:11:44Z,2026-04-29T15:28:00Z,Rock Island Tailrace,Rock Island Tailrace - CHINOOK,47.341487,-120.090402,0,3,RC08,TRUE,Active,Alive,Helicopter
G7200F816,GPUD_Survival,live_release,A,11,Lot 2,11H,165,43.5,2026-04-28,2026-04-27T18:14:39Z,2026-04-29T15:28:00Z,Rock Island Tailrace,Rock Island Tailrace - CHINOOK,47.341487,-120.090402,0,3,RC08,TRUE,Active,Alive,Helicopter
G720EFE17,GPUD_Survival,live_release,A,11,Lot 3,11H,180,55.79999923706055,2026-04-28,2026-04-27T18:15:13Z,2026-04-29T15:28:00Z,Rock Island Tailrace,Rock Island Tailrace - CHINOOK,47.341487,-120.090402,0,3,RC08,TRUE,Active,Alive,Helicopter
G722E16FD,GPUD_Survival,live_release,A,12,Lot 1,11H,160,41.79999923706055,2026-04-28,2026-04-27T18:15:44Z,2026-04-29T15:28:00Z,Rock Island Tailrace,Rock Island Tailrace - CHINOOK,47.341487,-120.090402,0,3,RC08,TRUE,Active,Alive,Helicopter
G72597221,GPUD_Survival,live_release,A,12,Lot 1,11H,107,11.5,2026-04-28,2026-04-27T18:16:36Z,2026-04-29T15:28:00Z,Rock Island Tailrace,Rock Island Tailrace - CHINOOK,47.341487,-120.090402,0,3,RC08,TRUE,Active,Alive,Helicopter
G72807129,GPUD_Survival,live_release,A,13,Lot 3,11H,145,26.299999237060547,2026-04-28,2026-04-27T18:16:56Z,2026-04-29T15:28:00Z,Rock Island Tailrace,Rock Island Tailrace - CHINOOK,47.341487,-120.090402,0,3,RC08,TRUE,Active,Alive,Helicopter
G72294648,GPUD_Survival,live_release,A,13,Lot 3,11H,134,23.299999237060547,2026-04-28,2026-04-27T18:17:42Z,2026-04-29T15:28:00Z,Rock Island Tailrace,Rock Island Tailrace - CHINOOK,47.341487,-120.090402,0,3,RC08,TRUE,Active,Alive,Helicopter
G72779CCA,GPUD_Survival,live_release,A,14,Lot 1,11H,144,30.799999237060547,2026-04-28,2026-04-27T18:23:56Z,2026-04-29T15:28:00Z,Rock Island Tailrace,Rock Island Tailrace - CHINOOK,47.341487,-120.090402,0,3,RC08,TRUE,Active,Alive,Helicopter
G72DED8B1,GPUD_Survival,live_release,A,14,Lot 3,11H,134,20.899999618530273,2026-04-28,2026-04-27T18:25:42Z,2026-04-29T15:28:00Z,Rock Island Tailrace,Rock Island Tailrace - CHINOOK,47.341487,-120.090402,0,3,RC08,TRUE,Active,Alive,Helicopter
G72570925,GPUD_Survival,live_release,A,15,Lot 3,11H,145,29.899999618530273,2026-04-28,2026-04-27T18:26:17Z,2026-04-29T15:28:00Z,Rock Island Tailrace,Rock Island Tailrace - CHINOOK,47.341487,-120.090402,0,3,RC08,TRUE,Active,Alive,Helicopter
G72F4CBE8,GPUD_Survival,live_release,A,15,Lot 2,11H,153,31.799999237060547,2026-04-28,2026-04-27T18:26:49Z,2026-04-29T15:28:00Z,Rock Island Tailrace,Rock Island Tailrace - CHINOOK,47.341487,-120.090402,0,3,RC08,TRUE,Active,Alive,Helicopter
G72F8042E,GPUD_Survival,live_release,A,16,Lot 3,11W,135,23.700000762939453,2026-04-28,2026-04-27T18:27:37Z,2026-04-29T15:28:00Z,Rock Island Tailrace,Rock Island Tailrace - CHINOOK,47.341487,-120.090402,0,3,RC08,TRUE,Active,Alive,Helicopter
G7219C8F6,GPUD_Survival,live_release,A,16,Lot 2,11H,138,27.200000762939453,2026-04-28,2026-04-27T18:27:57Z,2026-04-29T15:28:00Z,Rock Island Tailrace,Rock Island Tailrace - CHINOOK,47.341487,-120.090402,0,3,RC08,TRUE,Active,Alive,Helicopter
G7249B738,GPUD_Survival,live_release,A,17,Lot 2,11H,167,45.20000076293945,2026-04-28,2026-04-27T18:28:17Z,2026-04-29T15:28:00Z,Rock Island Tailrace,Rock Island Tailrace - CHINOOK,47.341487,-120.090402,0,3,RC08,TRUE,Active,Alive,Helicopter
G726EB3F6,GPUD_Survival,live_release,A,17,Lot 2,11H,154,39.20000076293945,2026-04-28,2026-04-27T18:28:40Z,2026-04-29T15:28:00Z,Rock Island Tailrace,Rock Island Tailrace - CHINOOK,47.341487,-120.090402,0,3,RC08,TRUE,Active,Alive,Helicopter
G726FAA33,GPUD_Survival,live_release,A,18,Lot 2,11H,178,53.5,2026-04-28,2026-04-27T18:29:45Z,2026-04-29T15:28:00Z,Rock Island Tailrace,Rock Island Tailrace - CHINOOK,47.341487,-120.090402,0,3,RC08,TRUE,Active,Alive,Helicopter
G72B0145E,GPUD_Survival,live_release,A,18,Lot 1,11H,155,33,2026-04-28,2026-04-27T18:31:03Z,2026-04-29T15:28:00Z,Rock Island Tailrace,Rock Island Tailrace - CHINOOK,47.341487,-120.090402,0,3,RC08,TRUE,Active,Alive,Helicopter
G72E507A9,GPUD_Survival,live_release,A,19,Lot 3,11H,150,30.799999237060547,2026-04-28,2026-04-27T18:31:44Z,2026-04-29T15:28:00Z,Rock Island Tailrace,Rock Island Tailrace - CHINOOK,47.341487,-120.090402,0,3,RC08,TRUE,Active,Alive,Helicopter
G724FC0E9,GPUD_Survival,live_release,A,19,Lot 3,11H,137,22.5,2026-04-28,2026-04-27T18:32:24Z,2026-04-29T15:28:00Z,Rock Island Tailrace,Rock Island Tailrace - CHINOOK,47.341487,-120.090402,0,3,RC08,TRUE,Active,Alive,Helicopter
G720FB848,GPUD_Survival,live_release,A,20,Lot 3,11W,138,25.600000381469727,2026-04-28,2026-04-27T18:34:06Z,2026-04-29T15:28:00Z,Rock Island Tailrace,Rock Island Tailrace - CHINOOK,47.341487,-120.090402,0,3,RC08,TRUE,Active,Alive,Helicopter
G72200A1F,GPUD_Survival,live_release,A,20,Lot 3,11H,160,38.900001525878906,2026-04-28,2026-04-27T18:34:58Z,2026-04-29T15:28:00Z,Rock Island Tailrace,Rock Island Tailrace - CHINOOK,47.341487,-120.090402,0,3,RC08,TRUE,Active,Alive,Helicopter
G7259615E,GPUD_Survival,live_release,A,21,Lot 1,11H,126,18.299999237060547,2026-04-28,2026-04-27T18:35:30Z,2026-04-29T15:28:00Z,Rock Island Tailrace,Rock Island Tailrace - CHINOOK,47.341487,-120.090402,0,3,RC08,TRUE,Active,Alive,Helicopter
G727ADAD8,GPUD_Survival,live_release,A,21,Lot 2,11H,147,34.099998474121094,2026-04-28,2026-04-27T18:36:08Z,2026-04-29T15:28:00Z,Rock Island Tailrace,Rock Island Tailrace - CHINOOK,47.341487,-120.090402,0,3,RC08,TRUE,Active,Alive,Helicopter
G72853D33,GPUD_Survival,live_release,A,67,Lot 2,11H,172,50.20000076293945,2026-04-28,2026-04-27T18:42:23Z,2026-04-29T16:07:00Z,Priest Rapids Tailrace,Priest Rapids Tailrace - CHINOOK,46.632369,-119.895442,0,3,PC05,TRUE,Active,Alive,Helicopter
G72935C4E,GPUD_Survival,live_release,A,67,Lot 2,11H,137,25.399999618530273,2026-04-28,2026-04-27T18:42:55Z,2026-04-29T16:07:00Z,Priest Rapids Tailrace,Priest Rapids Tailrace - CHINOOK,46.632369,-119.895442,0,3,PC05,TRUE,Active,Alive,Helicopter
G72AB2110,GPUD_Survival,live_release,A,68,Lot 2,11H,160,39.599998474121094,2026-04-28,2026-04-27T18:43:29Z,2026-04-29T16:07:00Z,Priest Rapids Tailrace,Priest Rapids Tailrace - CHINOOK,46.632369,-119.895442,0,3,PC05,TRUE,Active,Alive,Helicopter
G72592F07,GPUD_Survival,live_release,A,68,Lot 1,11H,163,41.29999923706055,2026-04-28,2026-04-27T18:43:49Z,2026-04-29T16:07:00Z,Priest Rapids Tailrace,Priest Rapids Tailrace - CHINOOK,46.632369,-119.895442,0,3,PC05,TRUE,Active,Alive,Helicopter
G721A57F3,GPUD_Survival,live_release,A,69,Lot 2,11H,133,22.600000381469727,2026-04-28,2026-04-27T18:44:10Z,2026-04-29T16:07:00Z,Priest Rapids Tailrace,Priest Rapids Tailrace - CHINOOK,46.632369,-119.895442,0,3,PC05,TRUE,Active,Alive,Helicopter
G72412940,GPUD_Survival,live_release,A,69,Lot 2,11H,143,28.100000381469727,2026-04-28,2026-04-27T18:44:29Z,2026-04-29T16:07:00Z,Priest Rapids Tailrace,Priest Rapids Tailrace - CHINOOK,46.632369,-119.895442,0,3,PC05,TRUE,Active,Alive,Helicopter
G72CBDF21,GPUD_Survival,live_release,A,70,Lot 1,11H,133,23.5,2026-04-28,2026-04-27T18:44:56Z,2026-04-29T16:07:00Z,Priest Rapids Tailrace,Priest Rapids Tailrace - CHINOOK,46.632369,-119.895442,0,3,PC05,TRUE,Active,Alive,Helicopter
G729BBF33,GPUD_Survival,live_release,A,70,Lot 1,11H,124,19.200000762939453,2026-04-28,2026-04-27T18:45:31Z,2026-04-29T16:07:00Z,Priest Rapids Tailrace,Priest Rapids Tailrace - CHINOOK,46.632369,-119.895442,0,3,PC05,TRUE,Active,Alive,Helicopter
G72486C8B,GPUD_Survival,dead_release,A,71,Lot 3,11H,150,32.400001525878906,2026-04-28,2026-04-27T18:46:42Z,2026-04-29T16:07:00Z,Priest Rapids Tailrace,Priest Rapids Tailrace - CHINOOK,46.632369,-119.895442,1,3,PC05,FALSE,Active,Euthanized,Helicopter
G727A12D0,GPUD_Survival,dead_release,A,71,Lot 1,11H,134,20.600000381469727,2026-04-28,2026-04-27T18:47:08Z,2026-04-29T16:07:00Z,Priest Rapids Tailrace,Priest Rapids Tailrace - CHINOOK,46.632369,-119.895442,1,3,PC05,FALSE,Active,Euthanized,Helicopter
G722132A7,GPUD_Survival,live_release,A,72,Lot 2,11H,155,40.099998474121094,2026-04-28,2026-04-27T18:47:28Z,2026-04-29T16:07:00Z,Priest Rapids Tailrace,Priest Rapids Tailrace - CHINOOK,46.632369,-119.895442,0,3,PC05,TRUE,Active,Alive,Helicopter
G72F63C8E,GPUD_Survival,live_release,A,72,Lot 1,11H,135,26.700000762939453,2026-04-28,2026-04-27T18:48:19Z,2026-04-29T16:07:00Z,Priest Rapids Tailrace,Priest Rapids Tailrace - CHINOOK,46.632369,-119.895442,0,3,PC05,TRUE,Active,Alive,Helicopter
G726E47E3,GPUD_Survival,live_release,A,73,Lot 2,11H,135,22.600000381469727,2026-04-28,2026-04-27T18:49:02Z,2026-04-29T16:07:00Z,Priest Rapids Tailrace,Priest Rapids Tailrace - CHINOOK,46.632369,-119.895442,0,3,PC05,TRUE,Active,Alive,Helicopter
G72BEC356,GPUD_Survival,live_release,A,73,Lot 1,11H,124,22.200000762939453,2026-04-28,2026-04-27T18:49:43Z,2026-04-29T16:07:00Z,Priest Rapids Tailrace,Priest Rapids Tailrace - CHINOOK,46.632369,-119.895442,0,3,PC05,TRUE,Active,Alive,Helicopter
G7251871C,GPUD_Survival,live_release,A,74,Lot 3,11W,127,20,2026-04-28,2026-04-27T18:50:12Z,2026-04-29T16:07:00Z,Priest Rapids Tailrace,Priest Rapids Tailrace - CHINOOK,46.632369,-119.895442,0,3,PC05,TRUE,Active,Alive,Helicopter
G7209A35F,GPUD_Survival,live_release,A,74,Lot 1,11H,135,23.600000381469727,2026-04-28,2026-04-27T18:50:48Z,2026-04-29T16:07:00Z,Priest Rapids Tailrace,Priest Rapids Tailrace - CHINOOK,46.632369,-119.895442,0,3,PC05,TRUE,Active,Alive,Helicopter
G7299306F,GPUD_Survival,live_release,A,75,Lot 1,11H,178,55.599998474121094,2026-04-28,2026-04-27T18:51:34Z,2026-04-29T16:07:00Z,Priest Rapids Tailrace,Priest Rapids Tailrace - CHINOOK,46.632369,-119.895442,0,3,PC05,TRUE,Active,Alive,Helicopter
G72B478A3,GPUD_Survival,live_release,A,75,Lot 2,11H,155,34.29999923706055,2026-04-28,2026-04-27T18:52:53Z,2026-04-29T16:07:00Z,Priest Rapids Tailrace,Priest Rapids Tailrace - CHINOOK,46.632369,-119.895442,0,3,PC05,TRUE,Active,Alive,Helicopter
G72F521BB,GPUD_Survival,live_release,A,76,Lot 1,11H,144,25.399999618530273,2026-04-28,2026-04-27T18:53:28Z,2026-04-29T16:07:00Z,Priest Rapids Tailrace,Priest Rapids Tailrace - CHINOOK,46.632369,-119.895442,0,3,PC05,TRUE,Active,Alive,Helicopter
G7292BBE0,GPUD_Survival,live_release,A,76,Lot 1,11H,118,14.800000190734863,2026-04-28,2026-04-27T18:53:58Z,2026-04-29T16:07:00Z,Priest Rapids Tailrace,Priest Rapids Tailrace - CHINOOK,46.632369,-119.895442,0,3,PC05,TRUE,Active,Alive,Helicopter
G72802FED,GPUD_Survival,live_release,A,77,Lot 3,11H,157,31.5,2026-04-28,2026-04-27T18:54:28Z,2026-04-29T16:07:00Z,Priest Rapids Tailrace,Priest Rapids Tailrace - CHINOOK,46.632369,-119.895442,0,3,PC05,TRUE,Active,Alive,Helicopter
G72618FF3,GPUD_Survival,live_release,A,77,Lot 3,11H,141,24.100000381469727,2026-04-28,2026-04-27T18:55:10Z,2026-04-29T16:07:00Z,Priest Rapids Tailrace,Priest Rapids Tailrace - CHINOOK,46.632369,-119.895442,0,3,PC05,TRUE,Active,Alive,Helicopter
G72858A82,GPUD_Survival,live_release,A,78,Lot 1,11H,137,25.600000381469727,2026-04-28,2026-04-27T18:56:18Z,2026-04-29T16:07:00Z,Priest Rapids Tailrace,Priest Rapids Tailrace - CHINOOK,46.632369,-119.895442,0,3,PC05,TRUE,Active,Alive,Helicopter
G729A663C,GPUD_Survival,live_release,A,79,Lot 1,11H,135,24.200000762939453,2026-04-28,2026-04-27T18:56:45Z,2026-04-29T16:07:00Z,Priest Rapids Tailrace,Priest Rapids Tailrace - CHINOOK,46.632369,-119.895442,0,3,PC05,TRUE,Active,Alive,Helicopter
G724F7606,GPUD_Survival,live_release,A,79,Lot 3,11H,157,34.900001525878906,2026-04-28,2026-04-27T18:57:13Z,2026-04-29T16:07:00Z,Priest Rapids Tailrace,Priest Rapids Tailrace - CHINOOK,46.632369,-119.895442,0,3,PC05,TRUE,Active,Alive,Helicopter
G72E7E3B0,GPUD_Survival,live_release,A,80,Lot 2,11H,129,19.100000381469727,2026-04-28,2026-04-27T18:57:38Z,2026-04-29T16:07:00Z,Priest Rapids Tailrace,Priest Rapids Tailrace - CHINOOK,46.632369,-119.895442,0,3,PC05,TRUE,Active,Alive,Helicopter
G72DDEBB8,GPUD_Survival,live_release,A,80,Lot 2,11H,137,20,2026-04-28,2026-04-27T18:58:06Z,2026-04-29T16:07:00Z,Priest Rapids Tailrace,Priest Rapids Tailrace - CHINOOK,46.632369,-119.895442,0,3,PC05,TRUE,Active,Alive,Helicopter
G728887F6,GPUD_Survival,live_release,A,81,Lot 2,11H,123,15.800000190734863,2026-04-28,2026-04-27T18:58:35Z,2026-04-29T16:07:00Z,Priest Rapids Tailrace,Priest Rapids Tailrace - CHINOOK,46.632369,-119.895442,0,3,PC05,TRUE,Active,Alive,Helicopter
G72715DF4,GPUD_Survival,live_release,A,81,Lot 1,11H,129,19.899999618530273,2026-04-28,2026-04-27T18:59:18Z,2026-04-29T16:07:00Z,Priest Rapids Tailrace,Priest Rapids Tailrace - CHINOOK,46.632369,-119.895442,0,3,PC05,TRUE,Active,Alive,Helicopter
G724B34C7,GPUD_Survival,live_release,A,82,Lot 2,11H,150,33.400001525878906,2026-04-28,2026-04-27T18:59:51Z,2026-04-29T16:07:00Z,Priest Rapids Tailrace,Priest Rapids Tailrace - CHINOOK,46.632369,-119.895442,0,3,PC05,TRUE,Active,Alive,Helicopter
G7258E048,GPUD_Survival,live_release,A,82,Lot 2,11W,142,29.5,2026-04-28,2026-04-27T19:00:42Z,2026-04-29T16:07:00Z,Priest Rapids Tailrace,Priest Rapids Tailrace - CHINOOK,46.632369,-119.895442,0,3,PC05,TRUE,Active,Alive,Helicopter
G7294A62A,GPUD_Survival,live_release,A,83,Lot 1,11H,157,34.70000076293945,2026-04-28,2026-04-27T19:02:20Z,2026-04-29T16:07:00Z,Priest Rapids Tailrace,Priest Rapids Tailrace - CHINOOK,46.632369,-119.895442,0,3,PC05,TRUE,Active,Alive,Helicopter
G72E78456,GPUD_Survival,live_release,A,83,Lot 3,11H,139,22.799999237060547,2026-04-28,2026-04-27T19:02:59Z,2026-04-29T16:07:00Z,Priest Rapids Tailrace,Priest Rapids Tailrace - CHINOOK,46.632369,-119.895442,0,3,PC05,TRUE,Active,Alive,Helicopter
G724E5B1C,GPUD_Survival,live_release,A,84,Lot 2,11H,150,29.799999237060547,2026-04-28,2026-04-27T19:03:53Z,2026-04-29T16:07:00Z,Priest Rapids Tailrace,Priest Rapids Tailrace - CHINOOK,46.632369,-119.895442,0,3,PC05,TRUE,Active,Alive,Helicopter
G7227640B,GPUD_Survival,live_release,A,84,Lot 1,11H,163,43.900001525878906,2026-04-28,2026-04-27T19:04:38Z,2026-04-29T16:07:00Z,Priest Rapids Tailrace,Priest Rapids Tailrace - CHINOOK,46.632369,-119.895442,0,3,PC05,TRUE,Active,Alive,Helicopter
G72EF58D4,GPUD_Survival,live_release,A,34,Lot 1,31H,179,52.20000076293945,2026-04-28,2026-04-27T20:50:49Z,2026-04-29T15:28:00Z,Rock Island Tailrace,Rock Island Tailrace - STEELHEAD,47.341487,-120.090402,0,3,RI03,TRUE,Active,Alive,Helicopter
G725DD6D4,GPUD_Survival,live_release,A,34,Lot 1,31H,180,54.29999923706055,2026-04-28,2026-04-27T20:51:29Z,2026-04-29T15:28:00Z,Rock Island Tailrace,Rock Island Tailrace - STEELHEAD,47.341487,-120.090402,0,3,RI03,TRUE,Active,Alive,Helicopter
G7280E559,GPUD_Survival,live_release,A,35,Lot 3,31H,194,60.400001525878906,2026-04-28,2026-04-27T20:52:13Z,2026-04-29T15:28:00Z,Rock Island Tailrace,Rock Island Tailrace - STEELHEAD,47.341487,-120.090402,0,3,RI03,TRUE,Active,Alive,Helicopter
G72BC59A8,GPUD_Survival,live_release,A,35,Lot 3,31H,176,48.79999923706055,2026-04-28,2026-04-27T20:53:13Z,2026-04-29T15:28:00Z,Rock Island Tailrace,Rock Island Tailrace - STEELHEAD,47.341487,-120.090402,0,3,RI03,TRUE,Active,Alive,Helicopter
G723787EC,GPUD_Survival,live_release,A,36,Lot 2,31H,172,43.900001525878906,2026-04-28,2026-04-27T20:53:59Z,2026-04-29T15:28:00Z,Rock Island Tailrace,Rock Island Tailrace - STEELHEAD,47.341487,-120.090402,0,3,RI03,TRUE,Active,Alive,Helicopter
G72F37C37,GPUD_Survival,live_release,A,36,Lot 1,31H,183,56.79999923706055,2026-04-28,2026-04-27T20:54:32Z,2026-04-29T15:28:00Z,Rock Island Tailrace,Rock Island Tailrace - STEELHEAD,47.341487,-120.090402,0,3,RI03,TRUE,Active,Alive,Helicopter
G728D099A,GPUD_Survival,live_release,A,37,Lot 3,31H,184,54.20000076293945,2026-04-28,2026-04-27T20:55:05Z,2026-04-29T15:28:00Z,Rock Island Tailrace,Rock Island Tailrace - STEELHEAD,47.341487,-120.090402,0,3,RI03,TRUE,Active,Alive,Helicopter
G72032AA8,GPUD_Survival,live_release,A,37,Lot 2,31H,205,80.80000305175781,2026-04-28,2026-04-27T20:55:55Z,2026-04-29T15:28:00Z,Rock Island Tailrace,Rock Island Tailrace - STEELHEAD,47.341487,-120.090402,0,3,RI03,TRUE,Active,Alive,Helicopter
G72B4B4CA,GPUD_Survival,live_release,A,38,Lot 1,31H,185,50.79999923706055,2026-04-28,2026-04-27T20:56:19Z,2026-04-29T15:28:00Z,Rock Island Tailrace,Rock Island Tailrace - STEELHEAD,47.341487,-120.090402,0,3,RI03,TRUE,Active,Alive,Helicopter
G72A4A184,GPUD_Survival,live_release,A,38,Lot 3,31H,179,52.599998474121094,2026-04-28,2026-04-27T20:56:50Z,2026-04-29T15:28:00Z,Rock Island Tailrace,Rock Island Tailrace - STEELHEAD,47.341487,-120.090402,0,3,RI03,TRUE,Active,Alive,Helicopter
G723B2FCC,GPUD_Survival,live_release,A,39,Lot 2,31H,205,72.9000015258789,2026-04-28,2026-04-27T20:57:32Z,2026-04-29T15:28:00Z,Rock Island Tailrace,Rock Island Tailrace - STEELHEAD,47.341487,-120.090402,0,3,RI03,TRUE,Active,Alive,Helicopter
G729C8860,GPUD_Survival,live_release,A,39,Lot 1,31H,178,55.400001525878906,2026-04-28,2026-04-27T20:57:59Z,2026-04-29T15:28:00Z,Rock Island Tailrace,Rock Island Tailrace - STEELHEAD,47.341487,-120.090402,0,3,RI03,TRUE,Active,Alive,Helicopter
G72657961,GPUD_Survival,live_release,A,40,Lot 1,31H,175,47.599998474121094,2026-04-28,2026-04-27T21:00:02Z,2026-04-29T15:28:00Z,Rock Island Tailrace,Rock Island Tailrace - STEELHEAD,47.341487,-120.090402,0,3,RI03,TRUE,Active,Alive,Helicopter
G72A17A0C,GPUD_Survival,live_release,A,40,Lot 3,31W,205,77.5,2026-04-28,2026-04-27T21:00:27Z,2026-04-29T15:28:00Z,Rock Island Tailrace,Rock Island Tailrace - STEELHEAD,47.341487,-120.090402,0,3,RI03,TRUE,Active,Alive,Helicopter
G729E4965,GPUD_Survival,live_release,A,41,Lot 1,31H,190,63.900001525878906,2026-04-28,2026-04-27T21:00:57Z,2026-04-29T15:28:00Z,Rock Island Tailrace,Rock Island Tailrace - STEELHEAD,47.341487,-120.090402,0,3,RI03,TRUE,Active,Alive,Helicopter
G72DAFB4B,GPUD_Survival,live_release,A,41,Lot 1,31H,175,48.099998474121094,2026-04-28,2026-04-27T21:01:37Z,2026-04-29T15:28:00Z,Rock Island Tailrace,Rock Island Tailrace - STEELHEAD,47.341487,-120.090402,0,3,RI03,TRUE,Active,Alive,Helicopter
G72F02799,GPUD_Survival,live_release,A,42,Lot 2,31H,182,57.20000076293945,2026-04-28,2026-04-27T21:02:19Z,2026-04-29T15:28:00Z,Rock Island Tailrace,Rock Island Tailrace - STEELHEAD,47.341487,-120.090402,0,3,RI03,TRUE,Active,Alive,Helicopter
G72E46C28,GPUD_Survival,live_release,A,42,Lot 1,31H,187,58.400001525878906,2026-04-28,2026-04-27T21:03:08Z,2026-04-29T15:28:00Z,Rock Island Tailrace,Rock Island Tailrace - STEELHEAD,47.341487,-120.090402,0,3,RI03,TRUE,Active,Alive,Helicopter
G72A4C87D,GPUD_Survival,live_release,A,43,Lot 3,31W,200,72,2026-04-28,2026-04-27T21:03:37Z,2026-04-29T15:28:00Z,Rock Island Tailrace,Rock Island Tailrace - STEELHEAD,47.341487,-120.090402,0,3,RI03,TRUE,Active,Alive,Helicopter
G728684C8,GPUD_Survival,live_release,A,43,Lot 3,31H,186,58,2026-04-28,2026-04-27T21:04:06Z,2026-04-29T15:28:00Z,Rock Island Tailrace,Rock Island Tailrace - STEELHEAD,47.341487,-120.090402,0,3,RI03,TRUE,Active,Alive,Helicopter
G72A41974,GPUD_Survival,live_release,A,44,Lot 3,31H,168,46.599998474121094,2026-04-28,2026-04-27T21:04:30Z,2026-04-29T15:28:00Z,Rock Island Tailrace,Rock Island Tailrace - STEELHEAD,47.341487,-120.090402,0,3,RI03,TRUE,Active,Alive,Helicopter
G72A2355E,GPUD_Survival,live_release,A,44,Lot 2,31H,176,49.099998474121094,2026-04-28,2026-04-27T21:04:57Z,2026-04-29T15:28:00Z,Rock Island Tailrace,Rock Island Tailrace - STEELHEAD,47.341487,-120.090402,0,3,RI03,TRUE,Active,Alive,Helicopter
G726FE00B,GPUD_Survival,live_release,A,45,Lot 2,31H,180,54.599998474121094,2026-04-28,2026-04-27T21:05:30Z,2026-04-29T15:28:00Z,Rock Island Tailrace,Rock Island Tailrace - STEELHEAD,47.341487,-120.090402,0,3,RI03,TRUE,Active,Alive,Helicopter
G72A40414,GPUD_Survival,live_release,A,45,Lot 3,31H,187,56.79999923706055,2026-04-28,2026-04-27T21:05:54Z,2026-04-29T15:28:00Z,Rock Island Tailrace,Rock Island Tailrace - STEELHEAD,47.341487,-120.090402,0,3,RI03,TRUE,Active,Alive,Helicopter
G7271CCBB,GPUD_Survival,live_release,A,46,Lot 1,31H,200,68.19999694824219,2026-04-28,2026-04-27T21:06:20Z,2026-04-29T15:28:00Z,Rock Island Tailrace,Rock Island Tailrace - STEELHEAD,47.341487,-120.090402,0,3,RI03,TRUE,Active,Alive,Helicopter
G72E629C0,GPUD_Survival,live_release,A,46,Lot 2,31W,200,64.4000015258789,2026-04-28,2026-04-27T21:06:44Z,2026-04-29T15:28:00Z,Rock Island Tailrace,Rock Island Tailrace - STEELHEAD,47.341487,-120.090402,0,3,RI03,TRUE,Active,Alive,Helicopter
G720B5DA5,GPUD_Survival,live_release,A,47,Lot 3,31H,175,46.29999923706055,2026-04-28,2026-04-27T21:07:24Z,2026-04-29T15:28:00Z,Rock Island Tailrace,Rock Island Tailrace - STEELHEAD,47.341487,-120.090402,0,3,RI03,TRUE,Active,Alive,Helicopter
G7265F410,GPUD_Survival,live_release,A,48,Lot 1,31H,190,65.5999984741211,2026-04-28,2026-04-27T21:08:42Z,2026-04-29T15:28:00Z,Rock Island Tailrace,Rock Island Tailrace - STEELHEAD,47.341487,-120.090402,0,3,RI03,TRUE,Active,Alive,Helicopter
G7225B4CD,GPUD_Survival,live_release,A,48,Lot 2,31H,205,70.5,2026-04-28,2026-04-27T21:09:17Z,2026-04-29T15:28:00Z,Rock Island Tailrace,Rock Island Tailrace - STEELHEAD,47.341487,-120.090402,0,3,RI03,TRUE,Active,Alive,Helicopter
G721D501E,GPUD_Survival,live_release,A,49,Lot 2,31H,200,68.80000305175781,2026-04-28,2026-04-27T21:10:26Z,2026-04-29T15:28:00Z,Rock Island Tailrace,Rock Island Tailrace - STEELHEAD,47.341487,-120.090402,0,3,RI03,TRUE,Active,Alive,Helicopter
G72D7494C,GPUD_Survival,live_release,A,49,Lot 1,31H,187,55.29999923706055,2026-04-28,2026-04-27T21:11:01Z,2026-04-29T15:28:00Z,Rock Island Tailrace,Rock Island Tailrace - STEELHEAD,47.341487,-120.090402,0,3,RI03,TRUE,Active,Alive,Helicopter
G72EF2972,GPUD_Survival,live_release,A,50,Lot 1,31W,175,41.900001525878906,2026-04-28,2026-04-27T21:12:07Z,2026-04-29T15:28:00Z,Rock Island Tailrace,Rock Island Tailrace - STEELHEAD,47.341487,-120.090402,0,3,RI03,TRUE,Active,Alive,Helicopter
G720B9092,GPUD_Survival,live_release,A,50,Lot 3,31H,187,58.70000076293945,2026-04-28,2026-04-27T21:12:49Z,2026-04-29T15:28:00Z,Rock Island Tailrace,Rock Island Tailrace - STEELHEAD,47.341487,-120.090402,0,3,RI03,TRUE,Active,Alive,Helicopter
G72550E37,GPUD_Survival,live_release,A,51,Lot 3,31H,200,66.5999984741211,2026-04-28,2026-04-27T21:13:27Z,2026-04-29T15:28:00Z,Rock Island Tailrace,Rock Island Tailrace - STEELHEAD,47.341487,-120.090402,0,3,RI03,TRUE,Active,Alive,Helicopter
G728E7937,GPUD_Survival,live_release,A,51,Lot 3,31H,185,54.5,2026-04-28,2026-04-27T21:14:02Z,2026-04-29T15:28:00Z,Rock Island Tailrace,Rock Island Tailrace - STEELHEAD,47.341487,-120.090402,0,3,RI03,TRUE,Active,Alive,Helicopter
G72E22F26,GPUD_Survival,live_release,A,52,Lot 1,31H,174,46.900001525878906,2026-04-28,2026-04-27T21:14:44Z,2026-04-29T15:28:00Z,Rock Island Tailrace,Rock Island Tailrace - STEELHEAD,47.341487,-120.090402,0,3,RI03,TRUE,Active,Alive,Helicopter
G7248B41E,GPUD_Survival,live_release,A,52,Lot 3,31H,195,66.80000305175781,2026-04-28,2026-04-27T21:15:18Z,2026-04-29T15:28:00Z,Rock Island Tailrace,Rock Island Tailrace - STEELHEAD,47.341487,-120.090402,0,3,RI03,TRUE,Active,Alive,Helicopter
G72699A27,GPUD_Survival,live_release,A,53,Lot 2,31H,175,44.099998474121094,2026-04-28,2026-04-27T21:15:47Z,2026-04-29T15:28:00Z,Rock Island Tailrace,Rock Island Tailrace - STEELHEAD,47.341487,-120.090402,0,3,RI03,TRUE,Active,Alive,Helicopter
G721897A8,GPUD_Survival,live_release,A,53,Lot 2,31H,210,82.80000305175781,2026-04-28,2026-04-27T21:16:37Z,2026-04-29T15:28:00Z,Rock Island Tailrace,Rock Island Tailrace - STEELHEAD,47.341487,-120.090402,0,3,RI03,TRUE,Active,Alive,Helicopter
G72147E90,GPUD_Survival,live_release,A,54,Lot 3,31H,182,52.79999923706055,2026-04-28,2026-04-27T21:17:31Z,2026-04-29T15:28:00Z,Rock Island Tailrace,Rock Island Tailrace - STEELHEAD,47.341487,-120.090402,0,3,RI03,TRUE,Active,Alive,Helicopter
G72371F3F,GPUD_Survival,live_release,A,54,Lot 3,31H,185,52.099998474121094,2026-04-28,2026-04-27T21:20:51Z,2026-04-29T15:28:00Z,Rock Island Tailrace,Rock Island Tailrace - STEELHEAD,47.341487,-120.090402,0,3,RI03,TRUE,Active,Alive,Helicopter
G72F026C7,GPUD_Survival,live_release,B,34,Lot 2,11H,137,27.899999618530273,2026-04-29,2026-04-28T18:38:34Z,2026-04-30T15:42:00Z,Rock Island Tailrace,Rock Island Tailrace - CHINOOK,47.341487,-120.090402,0,3,RC09,TRUE,Active,Alive,Helicopter
G72F68F5E,GPUD_Survival,live_release,B,34,Lot 1,11H,127,22.100000381469727,2026-04-29,2026-04-28T18:45:08Z,2026-04-30T15:42:00Z,Rock Island Tailrace,Rock Island Tailrace - CHINOOK,47.341487,-120.090402,0,3,RC09,TRUE,Active,Alive,Helicopter
G72870762,GPUD_Survival,live_release,B,35,Lot 3,11H,170,0,2026-04-29,2026-04-28T18:45:47Z,2026-04-30T15:42:00Z,Rock Island Tailrace,Rock Island Tailrace - CHINOOK,47.341487,-120.090402,0,3,RC09,TRUE,Active,Alive,Helicopter
G728BA53C,GPUD_Survival,live_release,B,35,Lot 1,11H,154,33.70000076293945,2026-04-29,2026-04-28T18:46:23Z,2026-04-30T15:42:00Z,Rock Island Tailrace,Rock Island Tailrace - CHINOOK,47.341487,-120.090402,0,3,RC09,TRUE,Active,Alive,Helicopter
G72647F78,GPUD_Survival,live_release,B,36,Lot 1,11H,145,33,2026-04-29,2026-04-28T18:46:49Z,2026-04-30T15:42:00Z,Rock Island Tailrace,Rock Island Tailrace - CHINOOK,47.341487,-120.090402,0,3,RC09,TRUE,Active,Alive,Helicopter
G72927154,GPUD_Survival,live_release,B,36,Lot 1,11H,129,21.200000762939453,2026-04-29,2026-04-28T18:47:45Z,2026-04-30T15:42:00Z,Rock Island Tailrace,Rock Island Tailrace - CHINOOK,47.341487,-120.090402,0,3,RC09,TRUE,Active,Alive,Helicopter
G725A50EB,GPUD_Survival,live_release,B,37,Lot 1,11H,155,38.29999923706055,2026-04-29,2026-04-28T18:48:08Z,2026-04-30T15:42:00Z,Rock Island Tailrace,Rock Island Tailrace - CHINOOK,47.341487,-120.090402,0,3,RC09,TRUE,Active,Alive,Helicopter
G72091C2C,GPUD_Survival,live_release,B,37,Lot 1,11H,120,15.5,2026-04-29,2026-04-28T18:48:36Z,2026-04-30T15:42:00Z,Rock Island Tailrace,Rock Island Tailrace - CHINOOK,47.341487,-120.090402,0,3,RC09,TRUE,Active,Alive,Helicopter
G72A57428,GPUD_Survival,live_release,B,38,Lot 3,11H,154,34.599998474121094,2026-04-29,2026-04-28T18:49:03Z,2026-04-30T15:42:00Z,Rock Island Tailrace,Rock Island Tailrace - CHINOOK,47.341487,-120.090402,0,3,RC09,TRUE,Active,Alive,Helicopter
G72163106,GPUD_Survival,live_release,B,38,Lot 3,11H,149,30.100000381469727,2026-04-29,2026-04-28T18:49:22Z,2026-04-30T15:42:00Z,Rock Island Tailrace,Rock Island Tailrace - CHINOOK,47.341487,-120.090402,0,3,RC09,TRUE,Active,Alive,Helicopter
G72A60FA5,GPUD_Survival,live_release,B,39,Lot 3,11H,119,17.399999618530273,2026-04-29,2026-04-28T18:49:48Z,2026-04-30T15:42:00Z,Rock Island Tailrace,Rock Island Tailrace - CHINOOK,47.341487,-120.090402,0,3,RC09,TRUE,Active,Alive,Helicopter
G72383CE6,GPUD_Survival,live_release,B,39,Lot 2,11H,126,21,2026-04-29,2026-04-28T18:50:10Z,2026-04-30T15:42:00Z,Rock Island Tailrace,Rock Island Tailrace - CHINOOK,47.341487,-120.090402,0,3,RC09,TRUE,Active,Alive,Helicopter
G72C72CFA,GPUD_Survival,live_release,B,40,Lot 1,11H,157,34.29999923706055,2026-04-29,2026-04-28T18:50:34Z,2026-04-30T15:42:00Z,Rock Island Tailrace,Rock Island Tailrace - CHINOOK,47.341487,-120.090402,0,3,RC09,TRUE,Active,Alive,Helicopter
G72E2D790,GPUD_Survival,live_release,B,40,Lot 3,11H,168,41.099998474121094,2026-04-29,2026-04-28T18:50:57Z,2026-04-30T15:42:00Z,Rock Island Tailrace,Rock Island Tailrace - CHINOOK,47.341487,-120.090402,0,3,RC09,TRUE,Active,Alive,Helicopter
G72F173E7,GPUD_Survival,live_release,B,41,Lot 1,11H,175,52.099998474121094,2026-04-29,2026-04-28T18:51:21Z,2026-04-30T15:42:00Z,Rock Island Tailrace,Rock Island Tailrace - CHINOOK,47.341487,-120.090402,0,3,RC09,TRUE,Active,Alive,Helicopter
G72D3F945,GPUD_Survival,live_release,B,41,Lot 1,11H,155,33.20000076293945,2026-04-29,2026-04-28T18:52:33Z,2026-04-30T15:42:00Z,Rock Island Tailrace,Rock Island Tailrace - CHINOOK,47.341487,-120.090402,0,3,RC09,TRUE,Active,Alive,Helicopter
G725DBA12,GPUD_Survival,live_release,B,42,Lot 1,11H,150,32,2026-04-29,2026-04-28T18:52:57Z,2026-04-30T15:42:00Z,Rock Island Tailrace,Rock Island Tailrace - CHINOOK,47.341487,-120.090402,0,3,RC09,TRUE,Active,Alive,Helicopter
G72708378,GPUD_Survival,live_release,B,42,Lot 2,11H,135,22.299999237060547,2026-04-29,2026-04-28T18:53:36Z,2026-04-30T15:42:00Z,Rock Island Tailrace,Rock Island Tailrace - CHINOOK,47.341487,-120.090402,0,3,RC09,TRUE,Active,Alive,Helicopter
G72C14FD7,GPUD_Survival,live_release,B,43,Lot 1,11H,152,31.100000381469727,2026-04-29,2026-04-28T18:54:00Z,2026-04-30T15:42:00Z,Rock Island Tailrace,Rock Island Tailrace - CHINOOK,47.341487,-120.090402,0,3,RC09,TRUE,Active,Alive,Helicopter
G72567239,GPUD_Survival,live_release,B,43,Lot 2,11H,139,26.600000381469727,2026-04-29,2026-04-28T18:54:30Z,2026-04-30T15:42:00Z,Rock Island Tailrace,Rock Island Tailrace - CHINOOK,47.341487,-120.090402,0,3,RC09,TRUE,Active,Alive,Helicopter
G72E63BE1,GPUD_Survival,live_release,B,44,Lot 2,11H,140,23.5,2026-04-29,2026-04-28T18:55:01Z,2026-04-30T15:42:00Z,Rock Island Tailrace,Rock Island Tailrace - CHINOOK,47.341487,-120.090402,0,3,RC09,TRUE,Active,Alive,Helicopter
G72420AD4,GPUD_Survival,live_release,B,44,Lot 2,11H,161,43.70000076293945,2026-04-29,2026-04-28T18:55:23Z,2026-04-30T15:42:00Z,Rock Island Tailrace,Rock Island Tailrace - CHINOOK,47.341487,-120.090402,0,3,RC09,TRUE,Active,Alive,Helicopter
G7215C8BB,GPUD_Survival,live_release,B,45,Lot 3,11H,143,26.899999618530273,2026-04-29,2026-04-28T18:55:47Z,2026-04-30T15:42:00Z,Rock Island Tailrace,Rock Island Tailrace - CHINOOK,47.341487,-120.090402,0,3,RC09,TRUE,Active,Alive,Helicopter
G72AC62DA,GPUD_Survival,live_release,B,45,Lot 3,11H,116,15.899999618530273,2026-04-29,2026-04-28T18:56:50Z,2026-04-30T15:42:00Z,Rock Island Tailrace,Rock Island Tailrace - CHINOOK,47.341487,-120.090402,0,3,RC09,TRUE,Active,Alive,Helicopter
G720F8A4A,GPUD_Survival,live_release,B,46,Lot 3,11H,141,29.600000381469727,2026-04-29,2026-04-28T18:57:40Z,2026-04-30T15:42:00Z,Rock Island Tailrace,Rock Island Tailrace - CHINOOK,47.341487,-120.090402,0,3,RC09,TRUE,Active,Alive,Helicopter
G7298136A,GPUD_Survival,live_release,B,46,Lot 3,11H,133,22.299999237060547,2026-04-29,2026-04-28T18:58:11Z,2026-04-30T15:42:00Z,Rock Island Tailrace,Rock Island Tailrace - CHINOOK,47.341487,-120.090402,0,3,RC09,TRUE,Active,Alive,Helicopter
G726E50FD,GPUD_Survival,live_release,B,47,Lot 2,11H,117,16,2026-04-29,2026-04-28T18:59:05Z,2026-04-30T15:42:00Z,Rock Island Tailrace,Rock Island Tailrace - CHINOOK,47.341487,-120.090402,0,3,RC09,TRUE,Active,Alive,Helicopter
G72BD192A,GPUD_Survival,live_release,B,47,Lot 3,11H,169,46.79999923706055,2026-04-29,2026-04-28T19:00:09Z,2026-04-30T15:42:00Z,Rock Island Tailrace,Rock Island Tailrace - CHINOOK,47.341487,-120.090402,0,3,RC09,TRUE,Active,Alive,Helicopter
G72029A5E,GPUD_Survival,live_release,B,48,Lot 2,11H,165,43,2026-04-29,2026-04-28T19:00:37Z,2026-04-30T15:42:00Z,Rock Island Tailrace,Rock Island Tailrace - CHINOOK,47.341487,-120.090402,0,3,RC09,TRUE,Active,Alive,Helicopter
G722DA69A,GPUD_Survival,live_release,B,48,Lot 1,11H,142,25.399999618530273,2026-04-29,2026-04-28T19:01:05Z,2026-04-30T15:42:00Z,Rock Island Tailrace,Rock Island Tailrace - CHINOOK,47.341487,-120.090402,0,3,RC09,TRUE,Active,Alive,Helicopter
G72E6FCA8,GPUD_Survival,live_release,B,49,Lot 1,11H,124,21,2026-04-29,2026-04-28T19:02:24Z,2026-04-30T15:42:00Z,Rock Island Tailrace,Rock Island Tailrace - CHINOOK,47.341487,-120.090402,0,3,RC09,TRUE,Active,Alive,Helicopter
G72691949,GPUD_Survival,live_release,B,49,Lot 3,11H,113,15.699999809265137,2026-04-29,2026-04-28T19:02:54Z,2026-04-30T15:42:00Z,Rock Island Tailrace,Rock Island Tailrace - CHINOOK,47.341487,-120.090402,0,3,RC09,TRUE,Active,Alive,Helicopter
G72421508,GPUD_Survival,live_release,B,50,Lot 2,11H,129,21.799999237060547,2026-04-29,2026-04-28T19:03:19Z,2026-04-30T15:42:00Z,Rock Island Tailrace,Rock Island Tailrace - CHINOOK,47.341487,-120.090402,0,3,RC09,TRUE,Active,Alive,Helicopter
G7281E721,GPUD_Survival,live_release,B,50,Lot 2,11H,110,12.600000381469727,2026-04-29,2026-04-28T19:14:01Z,2026-04-30T15:42:00Z,Rock Island Tailrace,Rock Island Tailrace - CHINOOK,47.341487,-120.090402,0,3,RC09,TRUE,Active,Alive,Helicopter
G72813FB4,GPUD_Survival,live_release,B,51,Lot 1,11H,125,21.399999618530273,2026-04-29,2026-04-28T19:14:25Z,2026-04-30T15:42:00Z,Rock Island Tailrace,Rock Island Tailrace - CHINOOK,47.341487,-120.090402,0,3,RC09,TRUE,Active,Alive,Helicopter
G726D1FAF,GPUD_Survival,live_release,B,51,Lot 3,11H,151,36.5,2026-04-29,2026-04-28T19:14:50Z,2026-04-30T15:42:00Z,Rock Island Tailrace,Rock Island Tailrace - CHINOOK,47.341487,-120.090402,0,3,RC09,TRUE,Active,Alive,Helicopter
G72B5241F,GPUD_Survival,live_release,B,52,Lot 2,11H,145,28.600000381469727,2026-04-29,2026-04-28T19:15:13Z,2026-04-30T15:42:00Z,Rock Island Tailrace,Rock Island Tailrace - CHINOOK,47.341487,-120.090402,0,3,RC09,TRUE,Active,Alive,Helicopter
G729E9673,GPUD_Survival,live_release,B,52,Lot 3,11H,179,51.599998474121094,2026-04-29,2026-04-28T19:15:42Z,2026-04-30T15:42:00Z,Rock Island Tailrace,Rock Island Tailrace - CHINOOK,47.341487,-120.090402,0,3,RC09,TRUE,Active,Alive,Helicopter
G726B8434,GPUD_Survival,live_release,B,53,Lot 3,11H,138,25.700000762939453,2026-04-29,2026-04-28T19:16:17Z,2026-04-30T15:42:00Z,Rock Island Tailrace,Rock Island Tailrace - CHINOOK,47.341487,-120.090402,0,3,RC09,TRUE,Active,Alive,Helicopter
G72EA9C80,GPUD_Survival,live_release,B,53,Lot 3,11H,179,53.79999923706055,2026-04-29,2026-04-28T19:16:49Z,2026-04-30T15:42:00Z,Rock Island Tailrace,Rock Island Tailrace - CHINOOK,47.341487,-120.090402,0,3,RC09,TRUE,Active,Alive,Helicopter
G729766B5,GPUD_Survival,live_release,B,54,Lot 1,11H,160,40.599998474121094,2026-04-29,2026-04-28T19:17:25Z,2026-04-30T15:42:00Z,Rock Island Tailrace,Rock Island Tailrace - CHINOOK,47.341487,-120.090402,0,3,RC09,TRUE,Active,Alive,Helicopter
G72247C01,GPUD_Survival,live_release,B,54,Lot 2,11H,154,34.29999923706055,2026-04-29,2026-04-28T19:17:59Z,2026-04-30T15:42:00Z,Rock Island Tailrace,Rock Island Tailrace - CHINOOK,47.341487,-120.090402,0,3,RC09,TRUE,Active,Alive,Helicopter
G72374D58,GPUD_Survival,live_release,A,100,Lot 2,11H,131,21.799999237060547,2026-04-29,2026-04-28T19:26:03Z,2026-04-30T16:19:00Z,Priest Rapids Tailrace,Priest Rapids Tailrace - CHINOOK,46.632369,-119.895442,0,3,PC06,TRUE,Active,Alive,Helicopter
G72310CEA,GPUD_Survival,live_release,A,100,Lot 2,11H,151,31.299999237060547,2026-04-29,2026-04-28T19:26:28Z,2026-04-30T16:19:00Z,Priest Rapids Tailrace,Priest Rapids Tailrace - CHINOOK,46.632369,-119.895442,0,3,PC06,TRUE,Active,Alive,Helicopter
G726E69DF,GPUD_Survival,live_release,A,101,Lot 2,11H,166,42.599998474121094,2026-04-29,2026-04-28T19:26:55Z,2026-04-30T16:19:00Z,Priest Rapids Tailrace,Priest Rapids Tailrace - CHINOOK,46.632369,-119.895442,0,3,PC06,TRUE,Active,Alive,Helicopter
G7229A8BE,GPUD_Survival,live_release,A,101,Lot 2,11W,145,30,2026-04-29,2026-04-28T19:27:34Z,2026-04-30T16:19:00Z,Priest Rapids Tailrace,Priest Rapids Tailrace - CHINOOK,46.632369,-119.895442,0,3,PC06,TRUE,Active,Alive,Helicopter
G72E5E0C3,GPUD_Survival,live_release,A,102,Lot 3,11H,135,24.5,2026-04-29,2026-04-28T19:27:56Z,2026-04-30T16:19:00Z,Priest Rapids Tailrace,Priest Rapids Tailrace - CHINOOK,46.632369,-119.895442,0,3,PC06,TRUE,Active,Alive,Helicopter
G721C0460,GPUD_Survival,live_release,A,102,Lot 3,11H,163,41.099998474121094,2026-04-29,2026-04-28T19:28:18Z,2026-04-30T16:19:00Z,Priest Rapids Tailrace,Priest Rapids Tailrace - CHINOOK,46.632369,-119.895442,0,3,PC06,TRUE,Active,Alive,Helicopter
G720D0448,GPUD_Survival,live_release,A,103,Lot 1,11H,165,44.20000076293945,2026-04-29,2026-04-28T19:28:43Z,2026-04-30T16:19:00Z,Priest Rapids Tailrace,Priest Rapids Tailrace - CHINOOK,46.632369,-119.895442,0,3,PC06,TRUE,Active,Alive,Helicopter
G72F90917,GPUD_Survival,live_release,A,103,Lot 2,11H,155,30.299999237060547,2026-04-29,2026-04-28T19:29:17Z,2026-04-30T16:19:00Z,Priest Rapids Tailrace,Priest Rapids Tailrace - CHINOOK,46.632369,-119.895442,0,3,PC06,TRUE,Active,Alive,Helicopter
G722B2CC2,GPUD_Survival,live_release,A,104,Lot 2,11H,127,18.100000381469727,2026-04-29,2026-04-28T19:29:45Z,2026-04-30T16:19:00Z,Priest Rapids Tailrace,Priest Rapids Tailrace - CHINOOK,46.632369,-119.895442,0,3,PC06,TRUE,Active,Alive,Helicopter
G720A5FDD,GPUD_Survival,live_release,A,104,Lot 3,11H,180,53.900001525878906,2026-04-29,2026-04-28T19:30:09Z,2026-04-30T16:19:00Z,Priest Rapids Tailrace,Priest Rapids Tailrace - CHINOOK,46.632369,-119.895442,0,3,PC06,TRUE,Active,Alive,Helicopter
G723B2911,GPUD_Survival,live_release,A,105,Lot 2,11H,195,69.0999984741211,2026-04-29,2026-04-28T19:30:28Z,2026-04-30T16:19:00Z,Priest Rapids Tailrace,Priest Rapids Tailrace - CHINOOK,46.632369,-119.895442,0,3,PC06,TRUE,Active,Alive,Helicopter
G7232EEEA,GPUD_Survival,live_release,A,105,Lot 1,11H,143,29.600000381469727,2026-04-29,2026-04-28T19:31:06Z,2026-04-30T16:19:00Z,Priest Rapids Tailrace,Priest Rapids Tailrace - CHINOOK,46.632369,-119.895442,0,3,PC06,TRUE,Active,Alive,Helicopter
G72C08645,GPUD_Survival,live_release,A,106,Lot 2,11H,161,39.099998474121094,2026-04-29,2026-04-28T19:31:52Z,2026-04-30T16:19:00Z,Priest Rapids Tailrace,Priest Rapids Tailrace - CHINOOK,46.632369,-119.895442,0,3,PC06,TRUE,Active,Alive,Helicopter
G725B9484,GPUD_Survival,live_release,A,106,Lot 1,11H,152,38.099998474121094,2026-04-29,2026-04-28T19:32:19Z,2026-04-30T16:19:00Z,Priest Rapids Tailrace,Priest Rapids Tailrace - CHINOOK,46.632369,-119.895442,0,3,PC06,TRUE,Active,Alive,Helicopter
G728F418F,GPUD_Survival,dead_release,A,107,Lot 3,11H,154,34.900001525878906,2026-04-29,2026-04-28T19:32:39Z,2026-05-01T16:26:00Z,Priest Rapids Tailrace,Priest Rapids Tailrace - CHINOOK,46.632369,-119.895442,1,3,PC07,FALSE,Active,Mortality,Helicopter
G7269EB81,GPUD_Survival,dead_release,A,107,Lot 2,11H,171,47.79999923706055,2026-04-29,2026-04-28T19:33:14Z,2026-04-30T16:19:00Z,Priest Rapids Tailrace,Priest Rapids Tailrace - CHINOOK,46.632369,-119.895442,1,3,PC06,FALSE,Active,Mortality,Helicopter
G72294095,GPUD_Survival,live_release,A,108,Lot 3,11H,157,38.20000076293945,2026-04-29,2026-04-28T19:33:44Z,2026-04-30T16:19:00Z,Priest Rapids Tailrace,Priest Rapids Tailrace - CHINOOK,46.632369,-119.895442,0,3,PC06,TRUE,Active,Alive,Helicopter
G72F59AA9,GPUD_Survival,live_release,A,108,Lot 1,11H,190,69.19999694824219,2026-04-29,2026-04-28T19:34:17Z,2026-04-30T16:19:00Z,Priest Rapids Tailrace,Priest Rapids Tailrace - CHINOOK,46.632369,-119.895442,0,3,PC06,TRUE,Active,Alive,Helicopter
G72BF1446,GPUD_Survival,live_release,A,109,Lot 1,11H,135,25.899999618530273,2026-04-29,2026-04-28T19:34:38Z,2026-04-30T16:19:00Z,Priest Rapids Tailrace,Priest Rapids Tailrace - CHINOOK,46.632369,-119.895442,0,3,PC06,TRUE,Active,Alive,Helicopter
G727CCBB1,GPUD_Survival,live_release,A,109,Lot 2,11H,133,21.600000381469727,2026-04-29,2026-04-28T19:36:24Z,2026-04-30T16:19:00Z,Priest Rapids Tailrace,Priest Rapids Tailrace - CHINOOK,46.632369,-119.895442,0,3,PC06,TRUE,Active,Alive,Helicopter
G7216779D,GPUD_Survival,live_release,A,110,Lot 2,11H,136,24,2026-04-29,2026-04-28T19:36:46Z,2026-04-30T16:19:00Z,Priest Rapids Tailrace,Priest Rapids Tailrace - CHINOOK,46.632369,-119.895442,0,3,PC06,TRUE,Active,Alive,Helicopter
G725BD67E,GPUD_Survival,live_release,A,110,Lot 1,11H,165,33.70000076293945,2026-04-29,2026-04-28T19:37:22Z,2026-04-30T16:19:00Z,Priest Rapids Tailrace,Priest Rapids Tailrace - CHINOOK,46.632369,-119.895442,0,3,PC06,TRUE,Active,Alive,Helicopter
G7251F406,GPUD_Survival,live_release,A,111,Lot 3,11H,150,29.700000762939453,2026-04-29,2026-04-28T19:37:51Z,2026-04-30T16:19:00Z,Priest Rapids Tailrace,Priest Rapids Tailrace - CHINOOK,46.632369,-119.895442,0,3,PC06,TRUE,Active,Alive,Helicopter
G72A40397,GPUD_Survival,live_release,A,111,Lot 3,11H,128,22.100000381469727,2026-04-29,2026-04-28T19:38:33Z,2026-04-30T16:19:00Z,Priest Rapids Tailrace,Priest Rapids Tailrace - CHINOOK,46.632369,-119.895442,0,3,PC06,TRUE,Active,Alive,Helicopter
G726CB1DB,GPUD_Survival,live_release,A,112,Lot 3,11H,150,21.799999237060547,2026-04-29,2026-04-28T19:38:55Z,2026-04-30T16:19:00Z,Priest Rapids Tailrace,Priest Rapids Tailrace - CHINOOK,46.632369,-119.895442,0,3,PC06,TRUE,Active,Alive,Helicopter
G72179B13,GPUD_Survival,live_release,A,112,Lot 2,11H,170,45.900001525878906,2026-04-29,2026-04-28T19:39:21Z,2026-04-30T16:19:00Z,Priest Rapids Tailrace,Priest Rapids Tailrace - CHINOOK,46.632369,-119.895442,0,3,PC06,TRUE,Active,Alive,Helicopter
G7200F4B5,GPUD_Survival,live_release,A,113,Lot 2,11H,120,18.799999237060547,2026-04-29,2026-04-28T19:39:44Z,2026-04-30T16:19:00Z,Priest Rapids Tailrace,Priest Rapids Tailrace - CHINOOK,46.632369,-119.895442,0,3,PC06,TRUE,Active,Alive,Helicopter
G726FD929,GPUD_Survival,live_release,A,113,Lot 2,11H,170,44.79999923706055,2026-04-29,2026-04-28T19:40:25Z,2026-04-30T16:19:00Z,Priest Rapids Tailrace,Priest Rapids Tailrace - CHINOOK,46.632369,-119.895442,0,3,PC06,TRUE,Active,Alive,Helicopter
G72931C08,GPUD_Survival,live_release,A,114,Lot 1,11H,136,26.399999618530273,2026-04-29,2026-04-28T19:40:50Z,2026-04-30T16:19:00Z,Priest Rapids Tailrace,Priest Rapids Tailrace - CHINOOK,46.632369,-119.895442,0,3,PC06,TRUE,Active,Alive,Helicopter
G728BFC7B,GPUD_Survival,live_release,A,114,Lot 2,11H,140,27.899999618530273,2026-04-29,2026-04-28T19:41:13Z,2026-04-30T16:19:00Z,Priest Rapids Tailrace,Priest Rapids Tailrace - CHINOOK,46.632369,-119.895442,0,3,PC06,TRUE,Active,Alive,Helicopter
G72A3F38D,GPUD_Survival,live_release,A,115,Lot 3,11H,160,40.5,2026-04-29,2026-04-28T19:42:08Z,2026-04-30T16:19:00Z,Priest Rapids Tailrace,Priest Rapids Tailrace - CHINOOK,46.632369,-119.895442,0,3,PC06,TRUE,Active,Alive,Helicopter
G725B3E55,GPUD_Survival,live_release,A,115,Lot 1,11H,175,53.599998474121094,2026-04-29,2026-04-28T19:42:59Z,2026-04-30T16:19:00Z,Priest Rapids Tailrace,Priest Rapids Tailrace - CHINOOK,46.632369,-119.895442,0,3,PC06,TRUE,Active,Alive,Helicopter
G7237B5EE,GPUD_Survival,live_release,A,116,Lot 1,11H,155,37.70000076293945,2026-04-29,2026-04-28T19:43:21Z,2026-04-30T16:19:00Z,Priest Rapids Tailrace,Priest Rapids Tailrace - CHINOOK,46.632369,-119.895442,0,3,PC06,TRUE,Active,Alive,Helicopter
G72E51B97,GPUD_Survival,live_release,A,116,Lot 3,11H,155,36.70000076293945,2026-04-29,2026-04-28T19:43:42Z,2026-04-30T16:19:00Z,Priest Rapids Tailrace,Priest Rapids Tailrace - CHINOOK,46.632369,-119.895442,0,3,PC06,TRUE,Active,Alive,Helicopter
G725FC464,GPUD_Survival,live_release,A,117,Lot 3,11H,150,35.5,2026-04-29,2026-04-28T19:44:10Z,2026-04-30T16:19:00Z,Priest Rapids Tailrace,Priest Rapids Tailrace - CHINOOK,46.632369,-119.895442,0,3,PC06,TRUE,Active,Alive,Helicopter
G721ECE45,GPUD_Survival,live_release,A,1,Lot 1,31H,180,48.79999923706055,2026-04-29,2026-04-28T20:17:58Z,2026-04-30T15:42:00Z,Rock Island Tailrace,Rock Island Tailrace - STEELHEAD,47.341487,-120.090402,0,3,RI04,TRUE,Active,Alive,Helicopter
G72D69A3D,GPUD_Survival,live_release,A,1,Lot 1,31W,195,65.5999984741211,2026-04-29,2026-04-28T20:18:30Z,2026-04-30T15:42:00Z,Rock Island Tailrace,Rock Island Tailrace - STEELHEAD,47.341487,-120.090402,0,3,RI04,TRUE,Active,Alive,Helicopter
G72E719BA,GPUD_Survival,live_release,A,2,Lot 1,31H,205,76.30000305175781,2026-04-29,2026-04-28T20:18:53Z,2026-04-30T15:42:00Z,Rock Island Tailrace,Rock Island Tailrace - STEELHEAD,47.341487,-120.090402,0,3,RI04,TRUE,Active,Alive,Helicopter
G7227AEBF,GPUD_Survival,live_release,A,2,Lot 1,31H,176,49.5,2026-04-29,2026-04-28T20:19:32Z,2026-04-30T15:42:00Z,Rock Island Tailrace,Rock Island Tailrace - STEELHEAD,47.341487,-120.090402,0,3,RI04,TRUE,Active,Alive,Helicopter
G72077E29,GPUD_Survival,live_release,A,3,Lot 2,31H,170,44.599998474121094,2026-04-29,2026-04-28T20:19:54Z,2026-04-30T15:42:00Z,Rock Island Tailrace,Rock Island Tailrace - STEELHEAD,47.341487,-120.090402,0,3,RI04,TRUE,Active,Alive,Helicopter
G720E319C,GPUD_Survival,live_release,A,3,Lot 3,31H,155,31.200000762939453,2026-04-29,2026-04-28T20:20:15Z,2026-04-30T15:42:00Z,Rock Island Tailrace,Rock Island Tailrace - STEELHEAD,47.341487,-120.090402,0,3,RI04,TRUE,Active,Alive,Helicopter
G72157889,GPUD_Survival,live_release,A,4,Lot 3,31H,190,65.30000305175781,2026-04-29,2026-04-28T20:20:44Z,2026-04-30T15:42:00Z,Rock Island Tailrace,Rock Island Tailrace - STEELHEAD,47.341487,-120.090402,0,3,RI04,TRUE,Active,Alive,Helicopter
G722E8DCC,GPUD_Survival,live_release,A,4,Lot 2,31W,170,39.5,2026-04-29,2026-04-28T20:21:13Z,2026-04-30T15:42:00Z,Rock Island Tailrace,Rock Island Tailrace - STEELHEAD,47.341487,-120.090402,0,3,RI04,TRUE,Active,Alive,Helicopter
G72782F02,GPUD_Survival,live_release,A,5,Lot 3,31W,175,40.400001525878906,2026-04-29,2026-04-28T20:21:30Z,2026-04-30T15:42:00Z,Rock Island Tailrace,Rock Island Tailrace - STEELHEAD,47.341487,-120.090402,0,3,RI04,TRUE,Active,Alive,Helicopter
G728D3C1B,GPUD_Survival,live_release,A,5,Lot 3,31W,176,45.20000076293945,2026-04-29,2026-04-28T20:22:04Z,2026-04-30T15:42:00Z,Rock Island Tailrace,Rock Island Tailrace - STEELHEAD,47.341487,-120.090402,0,3,RI04,TRUE,Active,Alive,Helicopter
G72C22725,GPUD_Survival,live_release,A,7,Lot 1,31W,134,21.399999618530273,2026-04-29,2026-04-28T20:22:25Z,2026-04-30T15:42:00Z,Rock Island Tailrace,Rock Island Tailrace - STEELHEAD,47.341487,-120.090402,0,3,RI04,TRUE,Active,Alive,Helicopter
G728CB491,GPUD_Survival,live_release,A,7,Lot 2,31H,172,46.599998474121094,2026-04-29,2026-04-28T20:22:59Z,2026-04-30T15:42:00Z,Rock Island Tailrace,Rock Island Tailrace - STEELHEAD,47.341487,-120.090402,0,3,RI04,TRUE,Active,Alive,Helicopter
G7243FF5B,GPUD_Survival,live_release,A,6,Lot 2,31H,190,66.80000305175781,2026-04-29,2026-04-28T20:23:17Z,2026-04-30T15:42:00Z,Rock Island Tailrace,Rock Island Tailrace - STEELHEAD,47.341487,-120.090402,0,3,RI04,TRUE,Active,Alive,Helicopter
G72D14E65,GPUD_Survival,live_release,A,6,Lot 1,31W,187,53.400001525878906,2026-04-29,2026-04-28T20:23:47Z,2026-04-30T15:42:00Z,Rock Island Tailrace,Rock Island Tailrace - STEELHEAD,47.341487,-120.090402,0,3,RI04,TRUE,Active,Alive,Helicopter
G728DDB71,GPUD_Survival,live_release,A,8,Lot 3,31H,178,29.700000762939453,2026-04-29,2026-04-28T20:24:20Z,2026-04-30T15:42:00Z,Rock Island Tailrace,Rock Island Tailrace - STEELHEAD,47.341487,-120.090402,0,3,RI04,TRUE,Active,Alive,Helicopter
G72584825,GPUD_Survival,live_release,A,8,Lot 2,31H,157,36.20000076293945,2026-04-29,2026-04-28T20:25:01Z,2026-04-30T15:42:00Z,Rock Island Tailrace,Rock Island Tailrace - STEELHEAD,47.341487,-120.090402,0,3,RI04,TRUE,Active,Alive,Helicopter
G72E75F21,GPUD_Survival,live_release,A,9,Lot 1,31H,184,51.70000076293945,2026-04-29,2026-04-28T20:25:22Z,2026-04-30T15:42:00Z,Rock Island Tailrace,Rock Island Tailrace - STEELHEAD,47.341487,-120.090402,0,3,RI04,TRUE,Active,Alive,Helicopter
G72AF6F72,GPUD_Survival,live_release,A,9,Lot 1,31H,197,66,2026-04-29,2026-04-28T20:25:43Z,2026-04-30T15:42:00Z,Rock Island Tailrace,Rock Island Tailrace - STEELHEAD,47.341487,-120.090402,0,3,RI04,TRUE,Active,Alive,Helicopter
G725D043F,GPUD_Survival,live_release,A,10,Lot 1,31H,175,43.099998474121094,2026-04-29,2026-04-28T20:26:01Z,2026-04-30T15:42:00Z,Rock Island Tailrace,Rock Island Tailrace - STEELHEAD,47.341487,-120.090402,0,3,RI04,TRUE,Active,Alive,Helicopter
G7277F2B0,GPUD_Survival,live_release,A,10,Lot 1,31H,187,53.79999923706055,2026-04-29,2026-04-28T20:26:23Z,2026-04-30T15:42:00Z,Rock Island Tailrace,Rock Island Tailrace - STEELHEAD,47.341487,-120.090402,0,3,RI04,TRUE,Active,Alive,Helicopter
G72B55086,GPUD_Survival,live_release,A,11,Lot 2,31H,195,59.900001525878906,2026-04-29,2026-04-28T20:26:42Z,2026-04-30T15:42:00Z,Rock Island Tailrace,Rock Island Tailrace - STEELHEAD,47.341487,-120.090402,0,3,RI04,TRUE,Active,Alive,Helicopter
G7203492F,GPUD_Survival,live_release,A,11,Lot 2,31H,205,71.5,2026-04-29,2026-04-28T20:27:05Z,2026-04-30T15:42:00Z,Rock Island Tailrace,Rock Island Tailrace - STEELHEAD,47.341487,-120.090402,0,3,RI04,TRUE,Active,Alive,Helicopter
G72CE1CF6,GPUD_Survival,live_release,A,12,Lot 3,31H,172,49.5,2026-04-29,2026-04-28T20:50:07Z,2026-04-30T15:42:00Z,Rock Island Tailrace,Rock Island Tailrace - STEELHEAD,47.341487,-120.090402,0,3,RI04,TRUE,Active,Alive,Helicopter
G7269F03C,GPUD_Survival,live_release,A,12,Lot 2,31H,169,43.79999923706055,2026-04-29,2026-04-28T20:50:40Z,2026-04-30T15:42:00Z,Rock Island Tailrace,Rock Island Tailrace - STEELHEAD,47.341487,-120.090402,0,3,RI04,TRUE,Active,Alive,Helicopter
G72B2B99D,GPUD_Survival,live_release,A,13,Lot 1,31W,195,64.19999694824219,2026-04-29,2026-04-28T20:51:11Z,2026-04-30T15:42:00Z,Rock Island Tailrace,Rock Island Tailrace - STEELHEAD,47.341487,-120.090402,0,3,RI04,TRUE,Active,Alive,Helicopter
G72C14C35,GPUD_Survival,live_release,A,13,Lot 2,31H,172,43.70000076293945,2026-04-29,2026-04-28T20:51:42Z,2026-04-30T15:42:00Z,Rock Island Tailrace,Rock Island Tailrace - STEELHEAD,47.341487,-120.090402,0,3,RI04,TRUE,Active,Alive,Helicopter
G72D52445,GPUD_Survival,live_release,A,14,Lot 1,31W,175,38.79999923706055,2026-04-29,2026-04-28T20:52:33Z,2026-04-30T15:42:00Z,Rock Island Tailrace,Rock Island Tailrace - STEELHEAD,47.341487,-120.090402,0,3,RI04,TRUE,Active,Alive,Helicopter
G7252EAD1,GPUD_Survival,live_release,A,14,Lot 3,31H,187,56.5,2026-04-29,2026-04-28T20:53:25Z,2026-04-30T15:42:00Z,Rock Island Tailrace,Rock Island Tailrace - STEELHEAD,47.341487,-120.090402,0,3,RI04,TRUE,Active,Alive,Helicopter
G72410963,GPUD_Survival,live_release,A,15,Lot 2,31H,185,56.099998474121094,2026-04-29,2026-04-28T20:54:00Z,2026-04-30T15:42:00Z,Rock Island Tailrace,Rock Island Tailrace - STEELHEAD,47.341487,-120.090402,0,3,RI04,TRUE,Active,Alive,Helicopter
G7261944E,GPUD_Survival,live_release,A,15,Lot 3,31W,138,23.700000762939453,2026-04-29,2026-04-28T20:54:32Z,2026-04-30T15:42:00Z,Rock Island Tailrace,Rock Island Tailrace - STEELHEAD,47.341487,-120.090402,0,3,RI04,TRUE,Active,Alive,Helicopter
G721B2691,GPUD_Survival,live_release,A,16,Lot 3,31H,160,36,2026-04-29,2026-04-28T20:56:44Z,2026-04-30T15:42:00Z,Rock Island Tailrace,Rock Island Tailrace - STEELHEAD,47.341487,-120.090402,0,3,RI04,TRUE,Active,Alive,Helicopter
G720B2ADE,GPUD_Survival,live_release,A,16,Lot 3,31H,205,87.4000015258789,2026-04-29,2026-04-28T20:57:25Z,2026-04-30T15:42:00Z,Rock Island Tailrace,Rock Island Tailrace - STEELHEAD,47.341487,-120.090402,0,3,RI04,TRUE,Active,Alive,Helicopter
G72C46575,GPUD_Survival,live_release,A,17,Lot 2,31H,186,57.900001525878906,2026-04-29,2026-04-28T20:57:58Z,2026-04-30T15:42:00Z,Rock Island Tailrace,Rock Island Tailrace - STEELHEAD,47.341487,-120.090402,0,3,RI04,TRUE,Active,Alive,Helicopter
G72461B2C,GPUD_Survival,live_release,A,17,Lot 1,31H,185,55.70000076293945,2026-04-29,2026-04-28T20:58:32Z,2026-04-30T15:42:00Z,Rock Island Tailrace,Rock Island Tailrace - STEELHEAD,47.341487,-120.090402,0,3,RI04,TRUE,Active,Alive,Helicopter
G72325805,GPUD_Survival,live_release,A,18,Lot 2,31W,184,54.400001525878906,2026-04-29,2026-04-28T20:59:03Z,2026-04-30T15:42:00Z,Rock Island Tailrace,Rock Island Tailrace - STEELHEAD,47.341487,-120.090402,0,3,RI04,TRUE,Active,Alive,Helicopter
G72077DCB,GPUD_Survival,live_release,A,18,Lot 2,31H,157,31.799999237060547,2026-04-29,2026-04-28T20:59:30Z,2026-04-30T15:42:00Z,Rock Island Tailrace,Rock Island Tailrace - STEELHEAD,47.341487,-120.090402,0,3,RI04,TRUE,Active,Alive,Helicopter
G72AED19B,GPUD_Survival,live_release,A,19,Lot 3,31H,157,33.5,2026-04-29,2026-04-28T21:00:03Z,2026-04-30T15:42:00Z,Rock Island Tailrace,Rock Island Tailrace - STEELHEAD,47.341487,-120.090402,0,3,RI04,TRUE,Active,Alive,Helicopter
G72895765,GPUD_Survival,live_release,A,19,Lot 1,31H,185,53.29999923706055,2026-04-29,2026-04-28T21:00:33Z,2026-04-30T15:42:00Z,Rock Island Tailrace,Rock Island Tailrace - STEELHEAD,47.341487,-120.090402,0,3,RI04,TRUE,Active,Alive,Helicopter
G72894F3A,GPUD_Survival,live_release,A,20,Lot 1,31H,197,63.400001525878906,2026-04-29,2026-04-28T21:01:07Z,2026-04-30T15:42:00Z,Rock Island Tailrace,Rock Island Tailrace - STEELHEAD,47.341487,-120.090402,0,3,RI04,TRUE,Active,Alive,Helicopter
G723DAB8B,GPUD_Survival,live_release,A,20,Lot 1,31H,183,52.29999923706055,2026-04-29,2026-04-28T21:01:36Z,2026-04-30T15:42:00Z,Rock Island Tailrace,Rock Island Tailrace - STEELHEAD,47.341487,-120.090402,0,3,RI04,TRUE,Active,Alive,Helicopter
G724D58AB,GPUD_Survival,live_release,A,21,Lot 2,31H,195,69.5999984741211,2026-04-29,2026-04-28T21:02:42Z,2026-04-30T15:42:00Z,Rock Island Tailrace,Rock Island Tailrace - STEELHEAD,47.341487,-120.090402,0,3,RI04,TRUE,Active,Alive,Helicopter
G7214380B,GPUD_Survival,live_release,A,67,Lot 2,31H,187,62.20000076293945,2026-04-29,2026-04-28T22:29:55Z,2026-04-30T16:19:00Z,Priest Rapids Tailrace,Priest Rapids Tailrace - STEELHEAD,46.632369,-119.895442,0,3,PR01,TRUE,Active,Alive,Helicopter
G726B1044,GPUD_Survival,live_release,A,68,Lot 2,31H,183,52.79999923706055,2026-04-29,2026-04-28T22:30:23Z,2026-04-30T16:19:00Z,Priest Rapids Tailrace,Priest Rapids Tailrace - STEELHEAD,46.632369,-119.895442,0,3,PR01,TRUE,Active,Alive,Helicopter
G7215E9C6,GPUD_Survival,live_release,A,68,Lot 3,31H,195,68.5999984741211,2026-04-29,2026-04-28T22:30:46Z,2026-04-30T16:19:00Z,Priest Rapids Tailrace,Priest Rapids Tailrace - STEELHEAD,46.632369,-119.895442,0,3,PR01,TRUE,Active,Alive,Helicopter
G7243790A,GPUD_Survival,live_release,A,69,Lot 2,31W,160,34,2026-04-29,2026-04-28T22:31:14Z,2026-04-30T16:19:00Z,Priest Rapids Tailrace,Priest Rapids Tailrace - STEELHEAD,46.632369,-119.895442,0,3,PR01,TRUE,Active,Alive,Helicopter
G724CED62,GPUD_Survival,live_release,A,69,Lot 2,31H,180,51.70000076293945,2026-04-29,2026-04-28T22:32:35Z,2026-04-30T16:19:00Z,Priest Rapids Tailrace,Priest Rapids Tailrace - STEELHEAD,46.632369,-119.895442,0,3,PR01,TRUE,Active,Alive,Helicopter
G72989998,GPUD_Survival,live_release,A,70,Lot 3,31W,163,39.70000076293945,2026-04-29,2026-04-28T22:33:06Z,2026-04-30T16:19:00Z,Priest Rapids Tailrace,Priest Rapids Tailrace - STEELHEAD,46.632369,-119.895442,0,3,PR01,TRUE,Active,Alive,Helicopter
G72B66F2C,GPUD_Survival,live_release,A,70,Lot 1,31W,178,48.400001525878906,2026-04-29,2026-04-28T22:33:27Z,2026-04-30T16:19:00Z,Priest Rapids Tailrace,Priest Rapids Tailrace - STEELHEAD,46.632369,-119.895442,0,3,PR01,TRUE,Active,Alive,Helicopter
G72A5462A,GPUD_Survival,live_release,A,71,Lot 3,31H,192,60.70000076293945,2026-04-29,2026-04-28T22:34:48Z,2026-04-30T16:19:00Z,Priest Rapids Tailrace,Priest Rapids Tailrace - STEELHEAD,46.632369,-119.895442,0,3,PR01,TRUE,Active,Alive,Helicopter
G720D8726,GPUD_Survival,live_release,A,71,Lot 3,31H,169,41.099998474121094,2026-04-29,2026-04-28T22:36:54Z,2026-04-30T16:19:00Z,Priest Rapids Tailrace,Priest Rapids Tailrace - STEELHEAD,46.632369,-119.895442,0,3,PR01,TRUE,Active,Alive,Helicopter
G722E89AD,GPUD_Survival,live_release,A,72,Lot 1,31H,198,76.19999694824219,2026-04-29,2026-04-28T22:37:36Z,2026-04-30T16:19:00Z,Priest Rapids Tailrace,Priest Rapids Tailrace - STEELHEAD,46.632369,-119.895442,0,3,PR01,TRUE,Active,Alive,Helicopter
G72F36B29,GPUD_Survival,live_release,A,72,Lot 1,31W,159,35.099998474121094,2026-04-29,2026-04-28T22:38:06Z,2026-04-30T16:19:00Z,Priest Rapids Tailrace,Priest Rapids Tailrace - STEELHEAD,46.632369,-119.895442,0,3,PR01,TRUE,Active,Alive,Helicopter
G72B5F177,GPUD_Survival,live_release,A,73,Lot 2,31W,168,38.900001525878906,2026-04-29,2026-04-28T22:38:58Z,2026-04-30T16:19:00Z,Priest Rapids Tailrace,Priest Rapids Tailrace - STEELHEAD,46.632369,-119.895442,0,3,PR01,TRUE,Active,Alive,Helicopter
G72622CEB,GPUD_Survival,live_release,A,73,Lot 3,31W,160,36.900001525878906,2026-04-29,2026-04-28T22:39:18Z,2026-04-30T16:19:00Z,Priest Rapids Tailrace,Priest Rapids Tailrace - STEELHEAD,46.632369,-119.895442,0,3,PR01,TRUE,Active,Alive,Helicopter
G723DC272,GPUD_Survival,live_release,A,74,Lot 1,31H,144,24.100000381469727,2026-04-29,2026-04-28T22:39:43Z,2026-04-30T16:19:00Z,Priest Rapids Tailrace,Priest Rapids Tailrace - STEELHEAD,46.632369,-119.895442,0,3,PR01,TRUE,Active,Alive,Helicopter
G726A6B58,GPUD_Survival,live_release,A,74,Lot 2,31W,178,43.900001525878906,2026-04-29,2026-04-28T22:40:31Z,2026-04-30T16:19:00Z,Priest Rapids Tailrace,Priest Rapids Tailrace - STEELHEAD,46.632369,-119.895442,0,3,PR01,TRUE,Active,Alive,Helicopter
G72BD0A55,GPUD_Survival,live_release,A,67,Lot 3,31H,189,65.9000015258789,2026-04-29,2026-04-28T22:40:59Z,2026-04-30T16:19:00Z,Priest Rapids Tailrace,Priest Rapids Tailrace - STEELHEAD,46.632369,-119.895442,0,3,PR01,TRUE,Active,Alive,Helicopter
G723146D2,GPUD_Survival,live_release,A,75,Lot 3,31H,200,76.19999694824219,2026-04-29,2026-04-28T22:41:15Z,2026-04-30T16:19:00Z,Priest Rapids Tailrace,Priest Rapids Tailrace - STEELHEAD,46.632369,-119.895442,0,3,PR01,TRUE,Active,Alive,Helicopter
G72614F39,GPUD_Survival,live_release,A,75,Lot 2,31H,185,57.900001525878906,2026-04-29,2026-04-28T22:41:36Z,2026-04-30T16:19:00Z,Priest Rapids Tailrace,Priest Rapids Tailrace - STEELHEAD,46.632369,-119.895442,0,3,PR01,TRUE,Active,Alive,Helicopter
G7269E343,GPUD_Survival,live_release,A,76,Lot 2,31H,192,58.79999923706055,2026-04-29,2026-04-28T22:42:13Z,2026-04-30T16:19:00Z,Priest Rapids Tailrace,Priest Rapids Tailrace - STEELHEAD,46.632369,-119.895442,0,3,PR01,TRUE,Active,Alive,Helicopter
G72B6EFA0,GPUD_Survival,live_release,A,76,Lot 1,31H,164,40.20000076293945,2026-04-29,2026-04-28T22:42:44Z,2026-04-30T16:19:00Z,Priest Rapids Tailrace,Priest Rapids Tailrace - STEELHEAD,46.632369,-119.895442,0,3,PR01,TRUE,Active,Alive,Helicopter
G7236BB35,GPUD_Survival,live_release,A,77,Lot 3,31W,189,50.900001525878906,2026-04-29,2026-04-28T22:43:06Z,2026-04-30T16:19:00Z,Priest Rapids Tailrace,Priest Rapids Tailrace - STEELHEAD,46.632369,-119.895442,0,3,PR01,TRUE,Active,Alive,Helicopter
G724F0A5D,GPUD_Survival,live_release,A,77,Lot 3,31W,175,49.20000076293945,2026-04-29,2026-04-28T22:43:31Z,2026-04-30T16:19:00Z,Priest Rapids Tailrace,Priest Rapids Tailrace - STEELHEAD,46.632369,-119.895442,0,3,PR01,TRUE,Active,Alive,Helicopter
G725EDDA1,GPUD_Survival,live_release,A,78,Lot 1,31H,160,35.70000076293945,2026-04-29,2026-04-28T22:43:56Z,2026-04-30T16:19:00Z,Priest Rapids Tailrace,Priest Rapids Tailrace - STEELHEAD,46.632369,-119.895442,0,3,PR01,TRUE,Active,Alive,Helicopter
G72D3E57B,GPUD_Survival,live_release,A,78,Lot 1,31H,194,63.20000076293945,2026-04-29,2026-04-28T22:44:25Z,2026-04-30T16:19:00Z,Priest Rapids Tailrace,Priest Rapids Tailrace - STEELHEAD,46.632369,-119.895442,0,3,PR01,TRUE,Active,Alive,Helicopter
G72657FBC,GPUD_Survival,live_release,A,79,Lot 1,31W,189,56.099998474121094,2026-04-29,2026-04-28T22:45:08Z,2026-04-30T16:19:00Z,Priest Rapids Tailrace,Priest Rapids Tailrace - STEELHEAD,46.632369,-119.895442,0,3,PR01,TRUE,Active,Alive,Helicopter
G720C76C8,GPUD_Survival,live_release,A,79,Lot 1,31H,205,77.4000015258789,2026-04-29,2026-04-28T22:45:32Z,2026-04-30T16:19:00Z,Priest Rapids Tailrace,Priest Rapids Tailrace - STEELHEAD,46.632369,-119.895442,0,3,PR01,TRUE,Active,Alive,Helicopter
G72E3AA51,GPUD_Survival,live_release,A,80,Lot 1,31H,156,27.200000762939453,2026-04-29,2026-04-28T22:45:54Z,2026-04-30T16:19:00Z,Priest Rapids Tailrace,Priest Rapids Tailrace - STEELHEAD,46.632369,-119.895442,0,3,PR01,TRUE,Active,Alive,Helicopter
G7248B8BD,GPUD_Survival,live_release,A,80,Lot 3,31W,155,32.5,2026-04-29,2026-04-28T22:46:35Z,2026-04-30T16:19:00Z,Priest Rapids Tailrace,Priest Rapids Tailrace - STEELHEAD,46.632369,-119.895442,0,3,PR01,TRUE,Active,Alive,Helicopter
G72B5207E,GPUD_Survival,live_release,A,81,Lot 1,31H,175,48,2026-04-29,2026-04-28T22:46:57Z,2026-04-30T16:19:00Z,Priest Rapids Tailrace,Priest Rapids Tailrace - STEELHEAD,46.632369,-119.895442,0,3,PR01,TRUE,Active,Alive,Helicopter
G72D529B8,GPUD_Survival,live_release,A,81,Lot 1,31H,164,43.70000076293945,2026-04-29,2026-04-28T22:47:19Z,2026-04-30T16:19:00Z,Priest Rapids Tailrace,Priest Rapids Tailrace - STEELHEAD,46.632369,-119.895442,0,3,PR01,TRUE,Active,Alive,Helicopter
G72C257DD,GPUD_Survival,live_release,A,82,Lot 1,31H,170,44.79999923706055,2026-04-29,2026-04-28T22:48:21Z,2026-04-30T16:19:00Z,Priest Rapids Tailrace,Priest Rapids Tailrace - STEELHEAD,46.632369,-119.895442,0,3,PR01,TRUE,Active,Alive,Helicopter
G72EC0D65,GPUD_Survival,live_release,A,82,Lot 1,31H,185,55.900001525878906,2026-04-29,2026-04-28T22:48:51Z,2026-04-30T16:19:00Z,Priest Rapids Tailrace,Priest Rapids Tailrace - STEELHEAD,46.632369,-119.895442,0,3,PR01,TRUE,Active,Alive,Helicopter
G72527C1D,GPUD_Survival,live_release,A,83,Lot 3,31W,163,39.79999923706055,2026-04-29,2026-04-28T22:49:15Z,2026-04-30T16:19:00Z,Priest Rapids Tailrace,Priest Rapids Tailrace - STEELHEAD,46.632369,-119.895442,0,3,PR01,TRUE,Active,Alive,Helicopter
G7211A3C5,GPUD_Survival,live_release,A,83,Lot 3,31H,185,56.20000076293945,2026-04-29,2026-04-28T22:49:38Z,2026-04-30T16:19:00Z,Priest Rapids Tailrace,Priest Rapids Tailrace - STEELHEAD,46.632369,-119.895442,0,3,PR01,TRUE,Active,Alive,Helicopter
G72183846,GPUD_Survival,live_release,A,84,Lot 1,31H,200,72.4000015258789,2026-04-29,2026-04-28T22:50:02Z,2026-04-30T16:19:00Z,Priest Rapids Tailrace,Priest Rapids Tailrace - STEELHEAD,46.632369,-119.895442,0,3,PR01,TRUE,Active,Alive,Helicopter
G72A1F77D,GPUD_Survival,live_release,B,34,Lot 2,11H,120,17.799999237060547,2026-04-30,2026-04-29T16:00:30Z,2026-05-01T15:43:00Z,Rock Island Tailrace,Rock Island Tailrace - CHINOOK,47.341487,-120.090402,0,3,RC10,TRUE,Active,Alive,Helicopter
G725202FA,GPUD_Survival,live_release,B,34,Lot 3,11H,143,30.200000762939453,2026-04-30,2026-04-29T16:03:26Z,2026-05-01T15:43:00Z,Rock Island Tailrace,Rock Island Tailrace - CHINOOK,47.341487,-120.090402,0,3,RC10,TRUE,Active,Alive,Helicopter
G7256D296,GPUD_Survival,live_release,B,35,Lot 2,11H,118,17.700000762939453,2026-04-30,2026-04-29T16:05:19Z,2026-05-01T15:43:00Z,Rock Island Tailrace,Rock Island Tailrace - CHINOOK,47.341487,-120.090402,0,3,RC10,TRUE,Active,Alive,Helicopter
G72F5FB92,GPUD_Survival,live_release,B,35,Lot 1,11H,173,50,2026-04-30,2026-04-29T16:06:07Z,2026-05-01T15:43:00Z,Rock Island Tailrace,Rock Island Tailrace - CHINOOK,47.341487,-120.090402,0,3,RC10,TRUE,Active,Alive,Helicopter
G7287C7A8,GPUD_Survival,live_release,B,36,Lot 1,11H,135,22.799999237060547,2026-04-30,2026-04-29T16:06:37Z,2026-05-01T15:43:00Z,Rock Island Tailrace,Rock Island Tailrace - CHINOOK,47.341487,-120.090402,0,3,RC10,TRUE,Active,Alive,Helicopter
G72778316,GPUD_Survival,live_release,B,36,Lot 1,11W,173,54.20000076293945,2026-04-30,2026-04-29T16:07:11Z,2026-05-01T15:43:00Z,Rock Island Tailrace,Rock Island Tailrace - CHINOOK,47.341487,-120.090402,0,3,RC10,TRUE,Active,Alive,Helicopter
G721E60F5,GPUD_Survival,live_release,B,37,Lot 1,11H,136,22.899999618530273,2026-04-30,2026-04-29T16:07:44Z,2026-05-01T15:43:00Z,Rock Island Tailrace,Rock Island Tailrace - CHINOOK,47.341487,-120.090402,0,3,RC10,TRUE,Active,Alive,Helicopter
G72CD071E,GPUD_Survival,live_release,B,37,Lot 2,11H,125,16.899999618530273,2026-04-30,2026-04-29T16:08:28Z,2026-05-01T15:43:00Z,Rock Island Tailrace,Rock Island Tailrace - CHINOOK,47.341487,-120.090402,0,3,RC10,TRUE,Active,Alive,Helicopter
G728F0375,GPUD_Survival,live_release,B,38,Lot 3,11H,130,22.299999237060547,2026-04-30,2026-04-29T16:08:55Z,2026-05-01T15:43:00Z,Rock Island Tailrace,Rock Island Tailrace - CHINOOK,47.341487,-120.090402,0,3,RC10,TRUE,Active,Alive,Helicopter
G72530082,GPUD_Survival,dead_release,B,38,Lot 1,11H,115,17.899999618530273,2026-04-30,2026-04-29T16:09:34Z,2026-05-01T16:26:00Z,Priest Rapids Tailrace,Priest Rapids Tailrace - CHINOOK,46.632369,-119.895442,1,3,PC07,FALSE,Active,Euthanized,Helicopter
G72B58AAF,GPUD_Survival,live_release,B,39,Lot 1,11H,146,30.299999237060547,2026-04-30,2026-04-29T16:10:12Z,2026-05-01T15:43:00Z,Rock Island Tailrace,Rock Island Tailrace - CHINOOK,47.341487,-120.090402,0,3,RC10,TRUE,Active,Alive,Helicopter
G728FFFA2,GPUD_Survival,live_release,B,39,Lot 3,11H,164,40.599998474121094,2026-04-30,2026-04-29T16:10:47Z,2026-05-01T15:43:00Z,Rock Island Tailrace,Rock Island Tailrace - CHINOOK,47.341487,-120.090402,0,3,RC10,TRUE,Active,Alive,Helicopter
G72E8992E,GPUD_Survival,live_release,B,40,Lot 1,11H,129,22.5,2026-04-30,2026-04-29T16:11:33Z,2026-05-01T15:43:00Z,Rock Island Tailrace,Rock Island Tailrace - CHINOOK,47.341487,-120.090402,0,3,RC10,TRUE,Active,Alive,Helicopter
G7210324E,GPUD_Survival,live_release,B,40,Lot 3,11H,120,17.700000762939453,2026-04-30,2026-04-29T16:12:30Z,2026-05-01T15:43:00Z,Rock Island Tailrace,Rock Island Tailrace - CHINOOK,47.341487,-120.090402,0,3,RC10,TRUE,Active,Alive,Helicopter
G72446E7A,GPUD_Survival,live_release,B,41,Lot 2,11H,120,19.399999618530273,2026-04-30,2026-04-29T16:12:54Z,2026-05-01T15:43:00Z,Rock Island Tailrace,Rock Island Tailrace - CHINOOK,47.341487,-120.090402,0,3,RC10,TRUE,Active,Alive,Helicopter
G728169B2,GPUD_Survival,live_release,B,41,Lot 1,11H,140,25.600000381469727,2026-04-30,2026-04-29T16:14:20Z,2026-05-01T15:43:00Z,Rock Island Tailrace,Rock Island Tailrace - CHINOOK,47.341487,-120.090402,0,3,RC10,TRUE,Active,Alive,Helicopter
G7257DA90,GPUD_Survival,live_release,B,42,Lot 2,11H,123,16.399999618530273,2026-04-30,2026-04-29T16:14:47Z,2026-05-01T15:43:00Z,Rock Island Tailrace,Rock Island Tailrace - CHINOOK,47.341487,-120.090402,0,3,RC10,TRUE,Active,Alive,Helicopter
G729DEA7D,GPUD_Survival,live_release,B,42,Lot 1,11H,134,25.799999237060547,2026-04-30,2026-04-29T16:15:15Z,2026-05-01T15:43:00Z,Rock Island Tailrace,Rock Island Tailrace - CHINOOK,47.341487,-120.090402,0,3,RC10,TRUE,Active,Alive,Helicopter
G7233FD51,GPUD_Survival,live_release,B,43,Lot 1,11H,131,23.200000762939453,2026-04-30,2026-04-29T16:15:39Z,2026-05-01T15:43:00Z,Rock Island Tailrace,Rock Island Tailrace - CHINOOK,47.341487,-120.090402,0,3,RC10,TRUE,Active,Alive,Helicopter
G72D4745A,GPUD_Survival,live_release,B,44,Lot 1,11H,125,18.799999237060547,2026-04-30,2026-04-29T16:16:20Z,2026-05-01T15:43:00Z,Rock Island Tailrace,Rock Island Tailrace - CHINOOK,47.341487,-120.090402,0,3,RC10,TRUE,Active,Alive,Helicopter
G72C0EFBC,GPUD_Survival,live_release,B,44,Lot 2,11H,141,26.600000381469727,2026-04-30,2026-04-29T16:17:19Z,2026-05-01T15:43:00Z,Rock Island Tailrace,Rock Island Tailrace - CHINOOK,47.341487,-120.090402,0,3,RC10,TRUE,Active,Alive,Helicopter
G72E38F4D,GPUD_Survival,live_release,B,45,Lot 1,11H,118,17.100000381469727,2026-04-30,2026-04-29T16:17:49Z,2026-05-01T15:43:00Z,Rock Island Tailrace,Rock Island Tailrace - CHINOOK,47.341487,-120.090402,0,3,RC10,TRUE,Active,Alive,Helicopter
G720E8491,GPUD_Survival,live_release,B,45,Lot 3,11H,131,23.899999618530273,2026-04-30,2026-04-29T16:18:23Z,2026-05-01T15:43:00Z,Rock Island Tailrace,Rock Island Tailrace - CHINOOK,47.341487,-120.090402,0,3,RC10,TRUE,Active,Alive,Helicopter
G7247DA7C,GPUD_Survival,live_release,B,46,Lot 3,11H,135,24.700000762939453,2026-04-30,2026-04-29T16:18:51Z,2026-05-01T15:43:00Z,Rock Island Tailrace,Rock Island Tailrace - CHINOOK,47.341487,-120.090402,0,3,RC10,TRUE,Active,Alive,Helicopter
G72BBA292,GPUD_Survival,live_release,B,46,Lot 3,11H,172,49.79999923706055,2026-04-30,2026-04-29T16:19:16Z,2026-05-01T15:43:00Z,Rock Island Tailrace,Rock Island Tailrace - CHINOOK,47.341487,-120.090402,0,3,RC10,TRUE,Active,Alive,Helicopter
G72CF8BA0,GPUD_Survival,live_release,B,47,Lot 3,11H,126,18.200000762939453,2026-04-30,2026-04-29T16:19:48Z,2026-05-01T15:43:00Z,Rock Island Tailrace,Rock Island Tailrace - CHINOOK,47.341487,-120.090402,0,3,RC10,TRUE,Active,Alive,Helicopter
G721C0B21,GPUD_Survival,live_release,B,47,Lot 3,11H,115,16.899999618530273,2026-04-30,2026-04-29T16:20:20Z,2026-05-01T15:43:00Z,Rock Island Tailrace,Rock Island Tailrace - CHINOOK,47.341487,-120.090402,0,3,RC10,TRUE,Active,Alive,Helicopter
G72589872,GPUD_Survival,live_release,B,48,Lot 2,11H,124,20.200000762939453,2026-04-30,2026-04-29T16:20:50Z,2026-05-01T15:43:00Z,Rock Island Tailrace,Rock Island Tailrace - CHINOOK,47.341487,-120.090402,0,3,RC10,TRUE,Active,Alive,Helicopter
G72A4C4DE,GPUD_Survival,live_release,B,48,Lot 3,11H,114,14.899999618530273,2026-04-30,2026-04-29T16:21:33Z,2026-05-01T15:43:00Z,Rock Island Tailrace,Rock Island Tailrace - CHINOOK,47.341487,-120.090402,0,3,RC10,TRUE,Active,Alive,Helicopter
G7237BECE,GPUD_Survival,live_release,B,49,Lot 1,11W,124,19.5,2026-04-30,2026-04-29T16:22:05Z,2026-05-01T15:43:00Z,Rock Island Tailrace,Rock Island Tailrace - CHINOOK,47.341487,-120.090402,0,3,RC10,TRUE,Active,Alive,Helicopter
G72389A94,GPUD_Survival,live_release,B,49,Lot 2,11H,124,19.200000762939453,2026-04-30,2026-04-29T16:23:14Z,2026-05-01T15:43:00Z,Rock Island Tailrace,Rock Island Tailrace - CHINOOK,47.341487,-120.090402,0,3,RC10,TRUE,Active,Alive,Helicopter
G72DFDAC9,GPUD_Survival,live_release,B,50,Lot 1,11H,153,31.399999618530273,2026-04-30,2026-04-29T16:23:40Z,2026-05-01T15:43:00Z,Rock Island Tailrace,Rock Island Tailrace - CHINOOK,47.341487,-120.090402,0,3,RC10,TRUE,Active,Alive,Helicopter
G720DA364,GPUD_Survival,live_release,B,50,Lot 3,11W,158,40.70000076293945,2026-04-30,2026-04-29T16:24:26Z,2026-05-01T15:43:00Z,Rock Island Tailrace,Rock Island Tailrace - CHINOOK,47.341487,-120.090402,0,3,RC10,TRUE,Active,Alive,Helicopter
G72EC3026,GPUD_Survival,live_release,B,51,Lot 1,11H,131,20.899999618530273,2026-04-30,2026-04-29T16:25:14Z,2026-05-01T15:43:00Z,Rock Island Tailrace,Rock Island Tailrace - CHINOOK,47.341487,-120.090402,0,3,RC10,TRUE,Active,Alive,Helicopter
G72C3735B,GPUD_Survival,live_release,B,51,Lot 2,11H,164,40.20000076293945,2026-04-30,2026-04-29T16:25:53Z,2026-05-01T15:43:00Z,Rock Island Tailrace,Rock Island Tailrace - CHINOOK,47.341487,-120.090402,0,3,RC10,TRUE,Active,Alive,Helicopter
G72E20F05,GPUD_Survival,live_release,B,52,Lot 1,11H,156,35.400001525878906,2026-04-30,2026-04-29T16:26:47Z,2026-05-01T15:43:00Z,Rock Island Tailrace,Rock Island Tailrace - CHINOOK,47.341487,-120.090402,0,3,RC10,TRUE,Active,Alive,Helicopter
G72F961B0,GPUD_Survival,live_release,B,52,Lot 1,11H,144,39.400001525878906,2026-04-30,2026-04-29T16:27:33Z,2026-05-01T15:43:00Z,Rock Island Tailrace,Rock Island Tailrace - CHINOOK,47.341487,-120.090402,0,3,RC10,TRUE,Active,Alive,Helicopter
G729EE9CA,GPUD_Survival,live_release,B,53,Lot 3,11H,135,26.899999618530273,2026-04-30,2026-04-29T16:28:00Z,2026-05-01T15:43:00Z,Rock Island Tailrace,Rock Island Tailrace - CHINOOK,47.341487,-120.090402,0,3,RC10,TRUE,Active,Alive,Helicopter
G72508105,GPUD_Survival,live_release,B,53,Lot 2,11H,115,16.899999618530273,2026-04-30,2026-04-29T16:28:25Z,2026-05-01T15:43:00Z,Rock Island Tailrace,Rock Island Tailrace - CHINOOK,47.341487,-120.090402,0,3,RC10,TRUE,Active,Alive,Helicopter
G72BD562D,GPUD_Survival,live_release,B,54,Lot 3,11H,155,40.400001525878906,2026-04-30,2026-04-29T16:29:10Z,2026-05-01T15:43:00Z,Rock Island Tailrace,Rock Island Tailrace - CHINOOK,47.341487,-120.090402,0,3,RC10,TRUE,Active,Alive,Helicopter
G72E72D65,GPUD_Survival,live_release,B,54,Lot 1,11H,135,22.899999618530273,2026-04-30,2026-04-29T16:29:44Z,2026-05-01T15:43:00Z,Rock Island Tailrace,Rock Island Tailrace - CHINOOK,47.341487,-120.090402,0,3,RC10,TRUE,Active,Alive,Helicopter
G72B69A67,GPUD_Survival,live_release,B,55,Lot 1,11W,132,24.899999618530273,2026-04-30,2026-04-29T16:30:35Z,2026-05-01T15:43:00Z,Rock Island Tailrace,Rock Island Tailrace - CHINOOK,47.341487,-120.090402,0,3,RC10,TRUE,Active,Alive,Helicopter
G72E6FDF6,GPUD_Survival,live_release,A,100,Lot 1,11H,115,13.800000190734863,2026-04-30,2026-04-29T16:42:14Z,2026-05-01T16:26:00Z,Priest Rapids Tailrace,Priest Rapids Tailrace - CHINOOK,46.632369,-119.895442,0,3,PC07,TRUE,Active,Alive,Helicopter
G72BB739B,GPUD_Survival,live_release,A,100,Lot 3,11H,119,18.399999618530273,2026-04-30,2026-04-29T16:43:18Z,2026-05-01T16:26:00Z,Priest Rapids Tailrace,Priest Rapids Tailrace - CHINOOK,46.632369,-119.895442,0,3,PC07,TRUE,Active,Alive,Helicopter
G728A9E66,GPUD_Survival,live_release,A,101,Lot 3,11H,145,28.600000381469727,2026-04-30,2026-04-29T16:43:56Z,2026-05-01T16:26:00Z,Priest Rapids Tailrace,Priest Rapids Tailrace - CHINOOK,46.632369,-119.895442,0,3,PC07,TRUE,Active,Alive,Helicopter
G72E9771C,GPUD_Survival,live_release,A,101,Lot 2,11H,123,17.600000381469727,2026-04-30,2026-04-29T16:44:29Z,2026-05-01T16:26:00Z,Priest Rapids Tailrace,Priest Rapids Tailrace - CHINOOK,46.632369,-119.895442,0,3,PC07,TRUE,Active,Alive,Helicopter
G722291BF,GPUD_Survival,live_release,A,102,Lot 2,11H,165,40.29999923706055,2026-04-30,2026-04-29T16:45:22Z,2026-05-01T16:26:00Z,Priest Rapids Tailrace,Priest Rapids Tailrace - CHINOOK,46.632369,-119.895442,0,3,PC07,TRUE,Active,Alive,Helicopter
G724CAD24,GPUD_Survival,live_release,A,102,Lot 1,11H,139,26.399999618530273,2026-04-30,2026-04-29T16:46:12Z,2026-05-01T16:26:00Z,Priest Rapids Tailrace,Priest Rapids Tailrace - CHINOOK,46.632369,-119.895442,0,3,PC07,TRUE,Active,Alive,Helicopter
G721A58B2,GPUD_Survival,live_release,A,103,Lot 2,11H,145,31.299999237060547,2026-04-30,2026-04-29T16:46:45Z,2026-05-01T16:26:00Z,Priest Rapids Tailrace,Priest Rapids Tailrace - CHINOOK,46.632369,-119.895442,0,3,PC07,TRUE,Active,Alive,Helicopter
G720E125D,GPUD_Survival,live_release,A,103,Lot 3,11H,120,16.5,2026-04-30,2026-04-29T16:47:13Z,2026-05-01T16:26:00Z,Priest Rapids Tailrace,Priest Rapids Tailrace - CHINOOK,46.632369,-119.895442,0,3,PC07,TRUE,Active,Alive,Helicopter
G72685895,GPUD_Survival,live_release,A,104,Lot 3,11H,142,27.299999237060547,2026-04-30,2026-04-29T16:47:45Z,2026-05-01T16:26:00Z,Priest Rapids Tailrace,Priest Rapids Tailrace - CHINOOK,46.632369,-119.895442,0,3,PC07,TRUE,Active,Alive,Helicopter
G728B817E,GPUD_Survival,live_release,A,104,Lot 3,11W,119,15.100000381469727,2026-04-30,2026-04-29T16:48:33Z,2026-05-01T16:26:00Z,Priest Rapids Tailrace,Priest Rapids Tailrace - CHINOOK,46.632369,-119.895442,0,3,PC07,TRUE,Active,Alive,Helicopter
G72397ED8,GPUD_Survival,live_release,A,105,Lot 2,11H,175,51.599998474121094,2026-04-30,2026-04-29T16:49:23Z,2026-05-01T16:26:00Z,Priest Rapids Tailrace,Priest Rapids Tailrace - CHINOOK,46.632369,-119.895442,0,3,PC07,TRUE,Active,Alive,Helicopter
G72E0018B,GPUD_Survival,live_release,A,105,Lot 1,11W,124,18,2026-04-30,2026-04-29T16:50:35Z,2026-05-01T16:26:00Z,Priest Rapids Tailrace,Priest Rapids Tailrace - CHINOOK,46.632369,-119.895442,0,3,PC07,TRUE,Active,Alive,Helicopter
G729F593C,GPUD_Survival,live_release,A,106,Lot 3,11H,135,20.899999618530273,2026-04-30,2026-04-29T16:51:07Z,2026-05-01T16:26:00Z,Priest Rapids Tailrace,Priest Rapids Tailrace - CHINOOK,46.632369,-119.895442,0,3,PC07,TRUE,Active,Alive,Helicopter
G72BCEDFB,GPUD_Survival,live_release,A,106,Lot 3,11H,155,34.900001525878906,2026-04-30,2026-04-29T16:51:35Z,2026-05-01T16:26:00Z,Priest Rapids Tailrace,Priest Rapids Tailrace - CHINOOK,46.632369,-119.895442,0,3,PC07,TRUE,Active,Alive,Helicopter
G72BC8402,GPUD_Survival,live_release,A,107,Lot 3,11H,135,21.700000762939453,2026-04-30,2026-04-29T16:52:04Z,2026-05-01T16:26:00Z,Priest Rapids Tailrace,Priest Rapids Tailrace - CHINOOK,46.632369,-119.895442,0,3,PC07,TRUE,Active,Alive,Helicopter
G721220FE,GPUD_Survival,live_release,A,107,Lot 3,11H,145,28.100000381469727,2026-04-30,2026-04-29T16:53:05Z,2026-05-01T16:26:00Z,Priest Rapids Tailrace,Priest Rapids Tailrace - CHINOOK,46.632369,-119.895442,0,3,PC07,TRUE,Active,Alive,Helicopter
G7291F5EC,GPUD_Survival,live_release,A,108,Lot 1,11H,155,36.20000076293945,2026-04-30,2026-04-29T16:53:41Z,2026-05-01T16:26:00Z,Priest Rapids Tailrace,Priest Rapids Tailrace - CHINOOK,46.632369,-119.895442,0,3,PC07,TRUE,Active,Alive,Helicopter
G7277E5AE,GPUD_Survival,live_release,A,108,Lot 1,11H,128,19.700000762939453,2026-04-30,2026-04-29T16:54:11Z,2026-05-01T16:26:00Z,Priest Rapids Tailrace,Priest Rapids Tailrace - CHINOOK,46.632369,-119.895442,0,3,PC07,TRUE,Active,Alive,Helicopter
G72731F9F,GPUD_Survival,live_release,A,109,Lot 1,11H,163,41.099998474121094,2026-04-30,2026-04-29T16:54:36Z,2026-05-01T16:26:00Z,Priest Rapids Tailrace,Priest Rapids Tailrace - CHINOOK,46.632369,-119.895442,0,3,PC07,TRUE,Active,Alive,Helicopter
G72F3566A,GPUD_Survival,live_release,A,109,Lot 1,11H,126,20.200000762939453,2026-04-30,2026-04-29T16:55:11Z,2026-05-01T16:26:00Z,Priest Rapids Tailrace,Priest Rapids Tailrace - CHINOOK,46.632369,-119.895442,0,3,PC07,TRUE,Active,Alive,Helicopter
G7226EF63,GPUD_Survival,live_release,A,110,Lot 1,11W,146,33.79999923706055,2026-04-30,2026-04-29T16:57:26Z,2026-05-01T16:26:00Z,Priest Rapids Tailrace,Priest Rapids Tailrace - CHINOOK,46.632369,-119.895442,0,3,PC07,TRUE,Active,Alive,Helicopter
G72C9D313,GPUD_Survival,live_release,A,110,Lot 3,11H,116,15.399999618530273,2026-04-30,2026-04-29T16:57:55Z,2026-05-01T16:26:00Z,Priest Rapids Tailrace,Priest Rapids Tailrace - CHINOOK,46.632369,-119.895442,0,3,PC07,TRUE,Active,Alive,Helicopter
G72FA231F,GPUD_Survival,live_release,A,111,Lot 3,11H,135,23.700000762939453,2026-04-30,2026-04-29T16:58:30Z,2026-05-01T16:26:00Z,Priest Rapids Tailrace,Priest Rapids Tailrace - CHINOOK,46.632369,-119.895442,0,3,PC07,TRUE,Active,Alive,Helicopter
G72D3128C,GPUD_Survival,live_release,A,111,Lot 1,11H,131,22.299999237060547,2026-04-30,2026-04-29T16:59:17Z,2026-05-01T16:26:00Z,Priest Rapids Tailrace,Priest Rapids Tailrace - CHINOOK,46.632369,-119.895442,0,3,PC07,TRUE,Active,Alive,Helicopter
G726F9D0E,GPUD_Survival,live_release,A,112,Lot 2,11H,130,21.600000381469727,2026-04-30,2026-04-29T16:59:41Z,2026-05-01T16:26:00Z,Priest Rapids Tailrace,Priest Rapids Tailrace - CHINOOK,46.632369,-119.895442,0,3,PC07,TRUE,Active,Alive,Helicopter
G72C27B5D,GPUD_Survival,live_release,A,112,Lot 1,11W,120,17.399999618530273,2026-04-30,2026-04-29T17:00:06Z,2026-05-01T16:26:00Z,Priest Rapids Tailrace,Priest Rapids Tailrace - CHINOOK,46.632369,-119.895442,0,3,PC07,TRUE,Active,Alive,Helicopter
G7271DC26,GPUD_Survival,live_release,A,113,Lot 1,11H,180,54.70000076293945,2026-04-30,2026-04-29T17:00:39Z,2026-05-01T16:26:00Z,Priest Rapids Tailrace,Priest Rapids Tailrace - CHINOOK,46.632369,-119.895442,0,3,PC07,TRUE,Active,Alive,Helicopter
G723B01F0,GPUD_Survival,live_release,A,113,Lot 3,11W,180,54.70000076293945,2026-04-30,2026-04-29T17:01:05Z,2026-05-01T16:26:00Z,Priest Rapids Tailrace,Priest Rapids Tailrace - CHINOOK,46.632369,-119.895442,0,3,PC07,TRUE,Active,Alive,Helicopter
G7279ECEE,GPUD_Survival,live_release,A,114,Lot 1,11H,171,47,2026-04-30,2026-04-29T17:01:32Z,2026-05-01T16:26:00Z,Priest Rapids Tailrace,Priest Rapids Tailrace - CHINOOK,46.632369,-119.895442,0,3,PC07,TRUE,Active,Alive,Helicopter
G7294E353,GPUD_Survival,live_release,A,114,Lot 1,11H,145,27.399999618530273,2026-04-30,2026-04-29T17:02:23Z,2026-05-01T16:26:00Z,Priest Rapids Tailrace,Priest Rapids Tailrace - CHINOOK,46.632369,-119.895442,0,3,PC07,TRUE,Active,Alive,Helicopter
G721C03E3,GPUD_Survival,live_release,A,115,Lot 2,11H,127,22.399999618530273,2026-04-30,2026-04-29T17:03:10Z,2026-05-01T16:26:00Z,Priest Rapids Tailrace,Priest Rapids Tailrace - CHINOOK,46.632369,-119.895442,0,3,PC07,TRUE,Active,Alive,Helicopter
G72236A2F,GPUD_Survival,live_release,A,115,Lot 2,11H,175,50.79999923706055,2026-04-30,2026-04-29T17:03:45Z,2026-05-01T16:26:00Z,Priest Rapids Tailrace,Priest Rapids Tailrace - CHINOOK,46.632369,-119.895442,0,3,PC07,TRUE,Active,Alive,Helicopter
G72342229,GPUD_Survival,live_release,A,116,Lot 1,11H,125,20.700000762939453,2026-04-30,2026-04-29T17:04:14Z,2026-05-01T16:26:00Z,Priest Rapids Tailrace,Priest Rapids Tailrace - CHINOOK,46.632369,-119.895442,0,3,PC07,TRUE,Active,Alive,Helicopter
G72AC92AE,GPUD_Survival,live_release,A,116,Lot 3,11H,125,17,2026-04-30,2026-04-29T17:05:26Z,2026-05-01T16:26:00Z,Priest Rapids Tailrace,Priest Rapids Tailrace - CHINOOK,46.632369,-119.895442,0,3,PC07,TRUE,Active,Alive,Helicopter
G7201429E,GPUD_Survival,dead_release,A,117,Lot 2,11H,130,20.799999237060547,2026-04-30,2026-04-29T17:05:47Z,2026-05-01T16:26:00Z,Priest Rapids Tailrace,Priest Rapids Tailrace - CHINOOK,46.632369,-119.895442,1,3,PC07,FALSE,Active,Euthanized,Helicopter
G728F78AD,GPUD_Survival,live_release,A,1,Lot 2,31H,190,66.5,2026-04-30,2026-04-29T17:09:47Z,2026-05-01T15:43:00Z,Rock Island Tailrace,Rock Island Tailrace - STEELHEAD,47.341487,-120.090402,0,3,RI05,TRUE,Active,Alive,Helicopter
G72872ABC,GPUD_Survival,live_release,A,1,Lot 3,31H,200,67.69999694824219,2026-04-30,2026-04-29T17:10:11Z,2026-05-01T15:43:00Z,Rock Island Tailrace,Rock Island Tailrace - STEELHEAD,47.341487,-120.090402,0,3,RI05,TRUE,Active,Alive,Helicopter
G729D8559,GPUD_Survival,live_release,A,2,Lot 1,31W,142,24.299999237060547,2026-04-30,2026-04-29T17:10:46Z,2026-05-01T15:43:00Z,Rock Island Tailrace,Rock Island Tailrace - STEELHEAD,47.341487,-120.090402,0,3,RI05,TRUE,Active,Alive,Helicopter
G7222D21B,GPUD_Survival,live_release,A,2,Lot 2,31W,197,66.80000305175781,2026-04-30,2026-04-29T17:11:05Z,2026-05-01T15:43:00Z,Rock Island Tailrace,Rock Island Tailrace - STEELHEAD,47.341487,-120.090402,0,3,RI05,TRUE,Active,Alive,Helicopter
G72E6BF0C,GPUD_Survival,live_release,A,3,Lot 1,31H,197,57.20000076293945,2026-04-30,2026-04-29T17:11:29Z,2026-05-01T15:43:00Z,Rock Island Tailrace,Rock Island Tailrace - STEELHEAD,47.341487,-120.090402,0,3,RI05,TRUE,Active,Alive,Helicopter
G728EDE1B,GPUD_Survival,live_release,A,3,Lot 3,31H,171,45,2026-04-30,2026-04-29T17:11:49Z,2026-05-01T15:43:00Z,Rock Island Tailrace,Rock Island Tailrace - STEELHEAD,47.341487,-120.090402,0,3,RI05,TRUE,Active,Alive,Helicopter
G72B4511C,GPUD_Survival,live_release,A,4,Lot 2,31H,178,48.79999923706055,2026-04-30,2026-04-29T17:12:21Z,2026-05-01T15:43:00Z,Rock Island Tailrace,Rock Island Tailrace - STEELHEAD,47.341487,-120.090402,0,3,RI05,TRUE,Active,Alive,Helicopter
G720E92D1,GPUD_Survival,live_release,A,4,Lot 3,31H,186,58.099998474121094,2026-04-30,2026-04-29T17:12:51Z,2026-05-01T15:43:00Z,Rock Island Tailrace,Rock Island Tailrace - STEELHEAD,47.341487,-120.090402,0,3,RI05,TRUE,Active,Alive,Helicopter
G729CA5BE,GPUD_Survival,live_release,A,5,Lot 2,31H,186,56.5,2026-04-30,2026-04-29T17:13:24Z,2026-05-01T15:43:00Z,Rock Island Tailrace,Rock Island Tailrace - STEELHEAD,47.341487,-120.090402,0,3,RI05,TRUE,Active,Alive,Helicopter
G723BADFC,GPUD_Survival,live_release,A,5,Lot 2,31H,187,61.29999923706055,2026-04-30,2026-04-29T17:13:46Z,2026-05-01T15:43:00Z,Rock Island Tailrace,Rock Island Tailrace - STEELHEAD,47.341487,-120.090402,0,3,RI05,TRUE,Active,Alive,Helicopter
G724F5D05,GPUD_Survival,live_release,A,6,Lot 3,31H,175,52,2026-04-30,2026-04-29T17:14:09Z,2026-05-01T15:43:00Z,Rock Island Tailrace,Rock Island Tailrace - STEELHEAD,47.341487,-120.090402,0,3,RI05,TRUE,Active,Alive,Helicopter
G725F0191,GPUD_Survival,live_release,A,6,Lot 1,31H,205,70.0999984741211,2026-04-30,2026-04-29T17:14:47Z,2026-05-01T15:43:00Z,Rock Island Tailrace,Rock Island Tailrace - STEELHEAD,47.341487,-120.090402,0,3,RI05,TRUE,Active,Alive,Helicopter
G72114BEE,GPUD_Survival,live_release,A,7,Lot 1,31H,205,68.5,2026-04-30,2026-04-29T17:15:48Z,2026-05-01T15:43:00Z,Rock Island Tailrace,Rock Island Tailrace - STEELHEAD,47.341487,-120.090402,0,3,RI05,TRUE,Active,Alive,Helicopter
G7216A049,GPUD_Survival,live_release,A,7,Lot 2,31H,165,40.79999923706055,2026-04-30,2026-04-29T17:16:09Z,2026-05-01T15:43:00Z,Rock Island Tailrace,Rock Island Tailrace - STEELHEAD,47.341487,-120.090402,0,3,RI05,TRUE,Active,Alive,Helicopter
G720109F8,GPUD_Survival,live_release,A,8,Lot 2,31H,195,64.9000015258789,2026-04-30,2026-04-29T17:16:32Z,2026-05-01T15:43:00Z,Rock Island Tailrace,Rock Island Tailrace - STEELHEAD,47.341487,-120.090402,0,3,RI05,TRUE,Active,Alive,Helicopter
G7262040A,GPUD_Survival,live_release,A,8,Lot 3,31H,175,48.79999923706055,2026-04-30,2026-04-29T17:17:06Z,2026-05-01T15:43:00Z,Rock Island Tailrace,Rock Island Tailrace - STEELHEAD,47.341487,-120.090402,0,3,RI05,TRUE,Active,Alive,Helicopter
G72EC3178,GPUD_Survival,live_release,A,9,Lot 1,31H,172,42.79999923706055,2026-04-30,2026-04-29T17:17:32Z,2026-05-01T15:43:00Z,Rock Island Tailrace,Rock Island Tailrace - STEELHEAD,47.341487,-120.090402,0,3,RI05,TRUE,Active,Alive,Helicopter
G72C9AE16,GPUD_Survival,live_release,A,9,Lot 3,31H,184,54.20000076293945,2026-04-30,2026-04-29T17:17:52Z,2026-05-01T15:43:00Z,Rock Island Tailrace,Rock Island Tailrace - STEELHEAD,47.341487,-120.090402,0,3,RI05,TRUE,Active,Alive,Helicopter
G72D91815,GPUD_Survival,live_release,A,10,Lot 1,31W,165,40,2026-04-30,2026-04-29T17:18:26Z,2026-05-01T15:43:00Z,Rock Island Tailrace,Rock Island Tailrace - STEELHEAD,47.341487,-120.090402,0,3,RI05,TRUE,Active,Alive,Helicopter
G72E13EB0,GPUD_Survival,live_release,A,10,Lot 2,31W,165,41.70000076293945,2026-04-30,2026-04-29T17:19:08Z,2026-05-01T15:43:00Z,Rock Island Tailrace,Rock Island Tailrace - STEELHEAD,47.341487,-120.090402,0,3,RI05,TRUE,Active,Alive,Helicopter
G727125CE,GPUD_Survival,live_release,A,11,Lot 1,31H,195,70.5999984741211,2026-04-30,2026-04-29T17:19:34Z,2026-05-01T15:43:00Z,Rock Island Tailrace,Rock Island Tailrace - STEELHEAD,47.341487,-120.090402,0,3,RI05,TRUE,Active,Alive,Helicopter
G7201177A,GPUD_Survival,live_release,A,11,Lot 2,31H,202,82.5,2026-04-30,2026-04-29T17:19:54Z,2026-05-01T15:43:00Z,Rock Island Tailrace,Rock Island Tailrace - STEELHEAD,47.341487,-120.090402,0,3,RI05,TRUE,Active,Alive,Helicopter
G72E813DC,GPUD_Survival,live_release,A,12,Lot 1,31H,174,45.20000076293945,2026-04-30,2026-04-29T17:20:30Z,2026-05-01T15:43:00Z,Rock Island Tailrace,Rock Island Tailrace - STEELHEAD,47.341487,-120.090402,0,3,RI05,TRUE,Active,Alive,Helicopter
G726DB883,GPUD_Survival,live_release,A,12,Lot 2,31W,178,45.79999923706055,2026-04-30,2026-04-29T17:20:51Z,2026-05-01T15:43:00Z,Rock Island Tailrace,Rock Island Tailrace - STEELHEAD,47.341487,-120.090402,0,3,RI05,TRUE,Active,Alive,Helicopter
G7263ECE5,GPUD_Survival,live_release,A,13,Lot 1,31H,158,36.5,2026-04-30,2026-04-29T17:21:50Z,2026-05-01T15:43:00Z,Rock Island Tailrace,Rock Island Tailrace - STEELHEAD,47.341487,-120.090402,0,3,RI05,TRUE,Active,Alive,Helicopter
G7208EA41,GPUD_Survival,live_release,A,13,Lot 1,31H,180,57.099998474121094,2026-04-30,2026-04-29T17:22:11Z,2026-05-01T15:43:00Z,Rock Island Tailrace,Rock Island Tailrace - STEELHEAD,47.341487,-120.090402,0,3,RI05,TRUE,Active,Alive,Helicopter
G729B8F8D,GPUD_Survival,live_release,A,14,Lot 3,31W,165,36.099998474121094,2026-04-30,2026-04-29T17:22:37Z,2026-05-01T15:43:00Z,Rock Island Tailrace,Rock Island Tailrace - STEELHEAD,47.341487,-120.090402,0,3,RI05,TRUE,Active,Alive,Helicopter
G72DDE904,GPUD_Survival,live_release,A,14,Lot 2,31W,135,21,2026-04-30,2026-04-29T17:23:00Z,2026-05-01T15:43:00Z,Rock Island Tailrace,Rock Island Tailrace - STEELHEAD,47.341487,-120.090402,0,3,RI05,TRUE,Active,Alive,Helicopter
G72D9F501,GPUD_Survival,live_release,A,15,Lot 2,31W,209,85.0999984741211,2026-04-30,2026-04-29T17:23:24Z,2026-05-01T15:43:00Z,Rock Island Tailrace,Rock Island Tailrace - STEELHEAD,47.341487,-120.090402,0,3,RI05,TRUE,Active,Alive,Helicopter
G72EB37CB,GPUD_Survival,live_release,A,15,Lot 1,31W,181,50.79999923706055,2026-04-30,2026-04-29T17:24:23Z,2026-05-01T15:43:00Z,Rock Island Tailrace,Rock Island Tailrace - STEELHEAD,47.341487,-120.090402,0,3,RI05,TRUE,Active,Alive,Helicopter
G72D73F69,GPUD_Survival,live_release,A,16,Lot 1,31W,190,59,2026-04-30,2026-04-29T17:24:50Z,2026-05-01T15:43:00Z,Rock Island Tailrace,Rock Island Tailrace - STEELHEAD,47.341487,-120.090402,0,3,RI05,TRUE,Active,Alive,Helicopter
G722B1C7C,GPUD_Survival,live_release,A,16,Lot 2,31W,200,67.80000305175781,2026-04-30,2026-04-29T17:25:29Z,2026-05-01T15:43:00Z,Rock Island Tailrace,Rock Island Tailrace - STEELHEAD,47.341487,-120.090402,0,3,RI05,TRUE,Active,Alive,Helicopter
G724B42E2,GPUD_Survival,live_release,A,17,Lot 2,31H,165,38.29999923706055,2026-04-30,2026-04-29T17:26:07Z,2026-05-01T15:43:00Z,Rock Island Tailrace,Rock Island Tailrace - STEELHEAD,47.341487,-120.090402,0,3,RI05,TRUE,Active,Alive,Helicopter
G72D7847B,GPUD_Survival,live_release,A,18,Lot 1,31H,202,74.9000015258789,2026-04-30,2026-04-29T17:26:27Z,2026-05-01T15:43:00Z,Rock Island Tailrace,Rock Island Tailrace - STEELHEAD,47.341487,-120.090402,0,3,RI05,TRUE,Active,Alive,Helicopter
G726FB26C,GPUD_Survival,live_release,A,18,Lot 2,31W,160,34.400001525878906,2026-04-30,2026-04-29T17:26:47Z,2026-05-01T15:43:00Z,Rock Island Tailrace,Rock Island Tailrace - STEELHEAD,47.341487,-120.090402,0,3,RI05,TRUE,Active,Alive,Helicopter
G728CA9F1,GPUD_Survival,live_release,A,19,Lot 1,31H,206,73.69999694824219,2026-04-30,2026-04-29T17:27:35Z,2026-05-01T15:43:00Z,Rock Island Tailrace,Rock Island Tailrace - STEELHEAD,47.341487,-120.090402,0,3,RI05,TRUE,Active,Alive,Helicopter
G724BF06C,GPUD_Survival,live_release,A,19,Lot 1,31H,178,49.79999923706055,2026-04-30,2026-04-29T17:28:02Z,2026-05-01T15:43:00Z,Rock Island Tailrace,Rock Island Tailrace - STEELHEAD,47.341487,-120.090402,0,3,RI05,TRUE,Active,Alive,Helicopter
G7215E687,GPUD_Survival,live_release,A,20,Lot 3,31H,179,52.599998474121094,2026-04-30,2026-04-29T17:28:35Z,2026-05-01T15:43:00Z,Rock Island Tailrace,Rock Island Tailrace - STEELHEAD,47.341487,-120.090402,0,3,RI05,TRUE,Active,Alive,Helicopter
G72021593,GPUD_Survival,live_release,A,20,Lot 2,31H,195,65.4000015258789,2026-04-30,2026-04-29T17:28:57Z,2026-05-01T15:43:00Z,Rock Island Tailrace,Rock Island Tailrace - STEELHEAD,47.341487,-120.090402,0,3,RI05,TRUE,Active,Alive,Helicopter
G72D9EB83,GPUD_Survival,live_release,A,21,Lot 3,31H,163,37.599998474121094,2026-04-30,2026-04-29T17:29:42Z,2026-05-01T15:43:00Z,Rock Island Tailrace,Rock Island Tailrace - STEELHEAD,47.341487,-120.090402,0,3,RI05,TRUE,Active,Alive,Helicopter
G722D89F8,GPUD_Survival,live_release,A,21,Lot 1,31H,190,62.599998474121094,2026-04-30,2026-04-29T17:30:20Z,2026-05-01T15:43:00Z,Rock Island Tailrace,Rock Island Tailrace - STEELHEAD,47.341487,-120.090402,0,3,RI05,TRUE,Active,Alive,Helicopter
G72D024BA,GPUD_Survival,live_release,A,22,Lot 3,31H,199,67.30000305175781,2026-04-30,2026-04-29T17:30:49Z,2026-05-01T15:43:00Z,Rock Island Tailrace,Rock Island Tailrace - STEELHEAD,47.341487,-120.090402,0,3,RI05,TRUE,Active,Alive,Helicopter
G72B1C72F,GPUD_Survival,live_release,A,67,Lot 1,31H,189,53.599998474121094,2026-04-30,2026-04-29T17:36:15Z,2026-05-01T16:26:00Z,Priest Rapids Tailrace,Priest Rapids Tailrace - STEELHEAD,46.632369,-119.895442,0,3,PR02,TRUE,Active,Alive,Helicopter
G7242ACA6,GPUD_Survival,live_release,A,67,Lot 2,31H,175,44.400001525878906,2026-04-30,2026-04-29T17:36:47Z,2026-05-01T16:26:00Z,Priest Rapids Tailrace,Priest Rapids Tailrace - STEELHEAD,46.632369,-119.895442,0,3,PR02,TRUE,Active,Alive,Helicopter
G72235D12,GPUD_Survival,dead_release,A,68,Lot 3,31W,170,34.599998474121094,2026-04-30,2026-04-29T17:37:13Z,2026-05-01T16:26:00Z,Priest Rapids Tailrace,Priest Rapids Tailrace - STEELHEAD,46.632369,-119.895442,1,3,PR02,FALSE,Active,Euthanized,Helicopter
G7219F236,GPUD_Survival,dead_release,A,68,Lot 2,31H,204,78.80000305175781,2026-04-30,2026-04-29T17:37:39Z,2026-05-01T16:26:00Z,Priest Rapids Tailrace,Priest Rapids Tailrace - STEELHEAD,46.632369,-119.895442,1,3,PR02,FALSE,Active,Euthanized,Helicopter
G72C30CE2,GPUD_Survival,live_release,A,69,Lot 2,31H,163,34.599998474121094,2026-04-30,2026-04-29T17:38:09Z,2026-05-01T16:26:00Z,Priest Rapids Tailrace,Priest Rapids Tailrace - STEELHEAD,46.632369,-119.895442,0,3,PR02,TRUE,Active,Alive,Helicopter
G72AC7A85,GPUD_Survival,live_release,A,69,Lot 3,31H,166,40.29999923706055,2026-04-30,2026-04-29T17:38:29Z,2026-05-01T16:26:00Z,Priest Rapids Tailrace,Priest Rapids Tailrace - STEELHEAD,46.632369,-119.895442,0,3,PR02,TRUE,Active,Alive,Helicopter
G72A7BA6C,GPUD_Survival,live_release,A,70,Lot 3,31H,200,77.19999694824219,2026-04-30,2026-04-29T17:38:58Z,2026-05-01T16:26:00Z,Priest Rapids Tailrace,Priest Rapids Tailrace - STEELHEAD,46.632369,-119.895442,0,3,PR02,TRUE,Active,Alive,Helicopter
G726E8936,GPUD_Survival,live_release,A,70,Lot 2,31H,205,81.80000305175781,2026-04-30,2026-04-29T17:39:30Z,2026-05-01T16:26:00Z,Priest Rapids Tailrace,Priest Rapids Tailrace - STEELHEAD,46.632369,-119.895442,0,3,PR02,TRUE,Active,Alive,Helicopter
G72B04767,GPUD_Survival,live_release,A,71,Lot 1,31H,166,37.400001525878906,2026-04-30,2026-04-29T17:40:03Z,2026-05-01T16:26:00Z,Priest Rapids Tailrace,Priest Rapids Tailrace - STEELHEAD,46.632369,-119.895442,0,3,PR02,TRUE,Active,Alive,Helicopter
G729D3F15,GPUD_Survival,live_release,A,71,Lot 1,31W,197,66,2026-04-30,2026-04-29T17:40:37Z,2026-05-01T16:26:00Z,Priest Rapids Tailrace,Priest Rapids Tailrace - STEELHEAD,46.632369,-119.895442,0,3,PR02,TRUE,Active,Alive,Helicopter
G7285210D,GPUD_Survival,live_release,A,72,Lot 2,31H,205,84.30000305175781,2026-04-30,2026-04-29T17:41:05Z,2026-05-01T16:26:00Z,Priest Rapids Tailrace,Priest Rapids Tailrace - STEELHEAD,46.632369,-119.895442,0,3,PR02,TRUE,Active,Alive,Helicopter
G72193B60,GPUD_Survival,live_release,A,72,Lot 2,31H,146,25.200000762939453,2026-04-30,2026-04-29T17:41:31Z,2026-05-01T16:26:00Z,Priest Rapids Tailrace,Priest Rapids Tailrace - STEELHEAD,46.632369,-119.895442,0,3,PR02,TRUE,Active,Alive,Helicopter
G72AEF5D9,GPUD_Survival,live_release,A,73,Lot 3,31H,210,82.69999694824219,2026-04-30,2026-04-29T17:41:54Z,2026-05-01T16:26:00Z,Priest Rapids Tailrace,Priest Rapids Tailrace - STEELHEAD,46.632369,-119.895442,0,3,PR02,TRUE,Active,Alive,Helicopter
G723135C8,GPUD_Survival,live_release,A,73,Lot 2,31W,180,48.099998474121094,2026-04-30,2026-04-29T17:42:20Z,2026-05-01T16:26:00Z,Priest Rapids Tailrace,Priest Rapids Tailrace - STEELHEAD,46.632369,-119.895442,0,3,PR02,TRUE,Active,Alive,Helicopter
G72CA20D0,GPUD_Survival,live_release,A,74,Lot 3,31H,157,33.900001525878906,2026-04-30,2026-04-29T17:42:51Z,2026-05-01T16:26:00Z,Priest Rapids Tailrace,Priest Rapids Tailrace - STEELHEAD,46.632369,-119.895442,0,3,PR02,TRUE,Active,Alive,Helicopter
G7284DEFC,GPUD_Survival,live_release,A,74,Lot 1,31W,161,35.900001525878906,2026-04-30,2026-04-29T17:43:20Z,2026-05-01T16:26:00Z,Priest Rapids Tailrace,Priest Rapids Tailrace - STEELHEAD,46.632369,-119.895442,0,3,PR02,TRUE,Active,Alive,Helicopter
G7291966B,GPUD_Survival,live_release,A,75,Lot 2,31H,202,63.70000076293945,2026-04-30,2026-04-29T17:43:49Z,2026-05-01T16:26:00Z,Priest Rapids Tailrace,Priest Rapids Tailrace - STEELHEAD,46.632369,-119.895442,0,3,PR02,TRUE,Active,Alive,Helicopter
G72560CDE,GPUD_Survival,live_release,A,75,Lot 2,31H,204,77.5999984741211,2026-04-30,2026-04-29T17:44:08Z,2026-05-01T16:26:00Z,Priest Rapids Tailrace,Priest Rapids Tailrace - STEELHEAD,46.632369,-119.895442,0,3,PR02,TRUE,Active,Alive,Helicopter
G724006E6,GPUD_Survival,live_release,A,76,Lot 2,31H,185,51.20000076293945,2026-04-30,2026-04-29T17:44:33Z,2026-05-01T16:26:00Z,Priest Rapids Tailrace,Priest Rapids Tailrace - STEELHEAD,46.632369,-119.895442,0,3,PR02,TRUE,Active,Alive,Helicopter
G729B4539,GPUD_Survival,live_release,A,76,Lot 3,31H,195,63.20000076293945,2026-04-30,2026-04-29T17:45:13Z,2026-05-01T16:26:00Z,Priest Rapids Tailrace,Priest Rapids Tailrace - STEELHEAD,46.632369,-119.895442,0,3,PR02,TRUE,Active,Alive,Helicopter
G7259AD37,GPUD_Survival,live_release,A,77,Lot 1,31H,187,54.599998474121094,2026-04-30,2026-04-29T17:45:46Z,2026-05-01T16:26:00Z,Priest Rapids Tailrace,Priest Rapids Tailrace - STEELHEAD,46.632369,-119.895442,0,3,PR02,TRUE,Active,Alive,Helicopter
G729F7841,GPUD_Survival,live_release,A,77,Lot 3,31W,174,40.900001525878906,2026-04-30,2026-04-29T17:46:09Z,2026-05-01T16:26:00Z,Priest Rapids Tailrace,Priest Rapids Tailrace - STEELHEAD,46.632369,-119.895442,0,3,PR02,TRUE,Active,Alive,Helicopter
G7245EDD0,GPUD_Survival,live_release,A,78,Lot 1,31H,168,41.29999923706055,2026-04-30,2026-04-29T17:46:48Z,2026-05-01T16:26:00Z,Priest Rapids Tailrace,Priest Rapids Tailrace - STEELHEAD,46.632369,-119.895442,0,3,PR02,TRUE,Active,Alive,Helicopter
G72321FC0,GPUD_Survival,live_release,A,78,Lot 2,31H,182,59.400001525878906,2026-04-30,2026-04-29T17:47:16Z,2026-05-01T16:26:00Z,Priest Rapids Tailrace,Priest Rapids Tailrace - STEELHEAD,46.632369,-119.895442,0,3,PR02,TRUE,Active,Alive,Helicopter
G72296354,GPUD_Survival,live_release,A,79,Lot 2,31H,182,53.599998474121094,2026-04-30,2026-04-29T17:47:53Z,2026-05-01T16:26:00Z,Priest Rapids Tailrace,Priest Rapids Tailrace - STEELHEAD,46.632369,-119.895442,0,3,PR02,TRUE,Active,Alive,Helicopter
G7261C316,GPUD_Survival,live_release,A,79,Lot 3,31W,178,46.70000076293945,2026-04-30,2026-04-29T17:48:33Z,2026-05-01T16:26:00Z,Priest Rapids Tailrace,Priest Rapids Tailrace - STEELHEAD,46.632369,-119.895442,0,3,PR02,TRUE,Active,Alive,Helicopter
G72F0B534,GPUD_Survival,live_release,A,80,Lot 3,31H,185,66.69999694824219,2026-04-30,2026-04-29T17:48:56Z,2026-05-01T16:26:00Z,Priest Rapids Tailrace,Priest Rapids Tailrace - STEELHEAD,46.632369,-119.895442,0,3,PR02,TRUE,Active,Alive,Helicopter
G72182147,GPUD_Survival,live_release,A,80,Lot 1,31H,173,43.79999923706055,2026-04-30,2026-04-29T17:49:23Z,2026-05-01T16:26:00Z,Priest Rapids Tailrace,Priest Rapids Tailrace - STEELHEAD,46.632369,-119.895442,0,3,PR02,TRUE,Active,Alive,Helicopter
G722DB266,GPUD_Survival,live_release,A,81,Lot 1,31W,169,41.099998474121094,2026-04-30,2026-04-29T17:49:54Z,2026-05-01T16:26:00Z,Priest Rapids Tailrace,Priest Rapids Tailrace - STEELHEAD,46.632369,-119.895442,0,3,PR02,TRUE,Active,Alive,Helicopter
G72B860B1,GPUD_Survival,live_release,A,81,Lot 3,31H,166,40.29999923706055,2026-04-30,2026-04-29T17:50:13Z,2026-05-01T16:26:00Z,Priest Rapids Tailrace,Priest Rapids Tailrace - STEELHEAD,46.632369,-119.895442,0,3,PR02,TRUE,Active,Alive,Helicopter
G72824CFB,GPUD_Survival,live_release,A,82,Lot 2,31H,187,62.20000076293945,2026-04-30,2026-04-29T17:50:45Z,2026-05-01T16:26:00Z,Priest Rapids Tailrace,Priest Rapids Tailrace - STEELHEAD,46.632369,-119.895442,0,3,PR02,TRUE,Active,Alive,Helicopter
G726E7262,GPUD_Survival,live_release,A,82,Lot 2,31H,160,37.70000076293945,2026-04-30,2026-04-29T17:51:35Z,2026-05-01T16:26:00Z,Priest Rapids Tailrace,Priest Rapids Tailrace - STEELHEAD,46.632369,-119.895442,0,3,PR02,TRUE,Active,Alive,Helicopter
G724BCAAC,GPUD_Survival,live_release,A,83,Lot 1,31H,177,52.900001525878906,2026-04-30,2026-04-29T17:52:09Z,2026-05-01T16:26:00Z,Priest Rapids Tailrace,Priest Rapids Tailrace - STEELHEAD,46.632369,-119.895442,0,3,PR02,TRUE,Active,Alive,Helicopter
G729868B2,GPUD_Survival,live_release,A,83,Lot 3,31H,206,79.5999984741211,2026-04-30,2026-04-29T17:52:56Z,2026-05-01T16:26:00Z,Priest Rapids Tailrace,Priest Rapids Tailrace - STEELHEAD,46.632369,-119.895442,0,3,PR02,TRUE,Active,Alive,Helicopter
G722CBCBD,GPUD_Survival,live_release,A,84,Lot 1,31H,167,38.400001525878906,2026-04-30,2026-04-29T17:53:26Z,2026-05-01T16:26:00Z,Priest Rapids Tailrace,Priest Rapids Tailrace - STEELHEAD,46.632369,-119.895442,0,3,PR02,TRUE,Active,Alive,Helicopter
G724BA92B,GPUD_Survival,live_release,B,35,Lot 1,11H,140,26.600000381469727,2026-05-01,2026-04-30T16:01:08Z,2026-05-02T16:02:00Z,Rock Island Tailrace,Rock Island Tailrace - CHINOOK,47.341487,-120.090402,0,3,RC11,TRUE,Active,Alive,Helicopter
G72384D40,GPUD_Survival,live_release,B,35,Lot 2,11H,130,23.5,2026-05-01,2026-04-30T16:01:55Z,2026-05-02T16:02:00Z,Rock Island Tailrace,Rock Island Tailrace - CHINOOK,47.341487,-120.090402,0,3,RC11,TRUE,Active,Alive,Helicopter
G72510A6D,GPUD_Survival,live_release,B,36,Lot 3,11H,143,31,2026-05-01,2026-04-30T16:02:21Z,2026-05-02T16:02:00Z,Rock Island Tailrace,Rock Island Tailrace - CHINOOK,47.341487,-120.090402,0,3,RC11,TRUE,Active,Alive,Helicopter
G72E6ED6B,GPUD_Survival,live_release,B,36,Lot 1,11H,155,35.400001525878906,2026-05-01,2026-04-30T16:02:49Z,2026-05-02T16:02:00Z,Rock Island Tailrace,Rock Island Tailrace - CHINOOK,47.341487,-120.090402,0,3,RC11,TRUE,Active,Alive,Helicopter
G72E292E9,GPUD_Survival,live_release,B,37,Lot 1,11H,134,24,2026-05-01,2026-04-30T16:03:16Z,2026-05-02T16:02:00Z,Rock Island Tailrace,Rock Island Tailrace - CHINOOK,47.341487,-120.090402,0,3,RC11,TRUE,Active,Alive,Helicopter
G723EC4FA,GPUD_Survival,live_release,B,37,Lot 3,11H,120,15.800000190734863,2026-05-01,2026-04-30T16:03:45Z,2026-05-02T16:02:00Z,Rock Island Tailrace,Rock Island Tailrace - CHINOOK,47.341487,-120.090402,0,3,RC11,TRUE,Active,Alive,Helicopter
G72227A76,GPUD_Survival,live_release,B,38,Lot 2,11H,134,27.399999618530273,2026-05-01,2026-04-30T16:03:59Z,2026-05-02T16:02:00Z,Rock Island Tailrace,Rock Island Tailrace - CHINOOK,47.341487,-120.090402,0,3,RC11,TRUE,Active,Alive,Helicopter
G7233E28D,GPUD_Survival,live_release,B,38,Lot 1,11H,128,21,2026-05-01,2026-04-30T16:04:44Z,2026-05-02T16:02:00Z,Rock Island Tailrace,Rock Island Tailrace - CHINOOK,47.341487,-120.090402,0,3,RC11,TRUE,Active,Alive,Helicopter
G724A4C39,GPUD_Survival,live_release,B,39,Lot 2,11H,155,33.099998474121094,2026-05-01,2026-04-30T16:05:04Z,2026-05-02T16:02:00Z,Rock Island Tailrace,Rock Island Tailrace - CHINOOK,47.341487,-120.090402,0,3,RC11,TRUE,Active,Alive,Helicopter
G7276816E,GPUD_Survival,live_release,B,39,Lot 3,11H,154,33.79999923706055,2026-05-01,2026-04-30T16:05:28Z,2026-05-02T16:02:00Z,Rock Island Tailrace,Rock Island Tailrace - CHINOOK,47.341487,-120.090402,0,3,RC11,TRUE,Active,Alive,Helicopter
G7222544A,GPUD_Survival,live_release,B,40,Lot 2,11W,120,16.799999237060547,2026-05-01,2026-04-30T16:05:51Z,2026-05-02T16:02:00Z,Rock Island Tailrace,Rock Island Tailrace - CHINOOK,47.341487,-120.090402,0,3,RC11,TRUE,Active,Alive,Helicopter
G72258CB1,GPUD_Survival,live_release,B,40,Lot 2,11H,124,22,2026-05-01,2026-04-30T16:06:30Z,2026-05-02T16:02:00Z,Rock Island Tailrace,Rock Island Tailrace - CHINOOK,47.341487,-120.090402,0,3,RC11,TRUE,Active,Alive,Helicopter
G721CA4CF,GPUD_Survival,live_release,B,41,Lot 2,11H,127,20.100000381469727,2026-05-01,2026-04-30T16:06:56Z,2026-05-02T16:02:00Z,Rock Island Tailrace,Rock Island Tailrace - CHINOOK,47.341487,-120.090402,0,3,RC11,TRUE,Active,Alive,Helicopter
G72A6DB93,GPUD_Survival,live_release,B,42,Lot 3,11H,147,32.900001525878906,2026-05-01,2026-04-30T16:07:48Z,2026-05-02T16:02:00Z,Rock Island Tailrace,Rock Island Tailrace - CHINOOK,47.341487,-120.090402,0,3,RC11,TRUE,Active,Alive,Helicopter
G72F09A56,GPUD_Survival,live_release,B,42,Lot 3,11H,147,32.900001525878906,2026-05-01,2026-04-30T16:08:07Z,2026-05-02T16:02:00Z,Rock Island Tailrace,Rock Island Tailrace - CHINOOK,47.341487,-120.090402,0,3,RC11,TRUE,Active,Alive,Helicopter
G7262D03C,GPUD_Survival,live_release,B,42,Lot 2,11W,125,20.600000381469727,2026-05-01,2026-04-30T16:08:28Z,2026-05-02T16:02:00Z,Rock Island Tailrace,Rock Island Tailrace - CHINOOK,47.341487,-120.090402,0,3,RC11,TRUE,Active,Alive,Helicopter
G72284B71,GPUD_Survival,live_release,B,43,Lot 1,11H,125,17,2026-05-01,2026-04-30T16:08:49Z,2026-05-02T16:02:00Z,Rock Island Tailrace,Rock Island Tailrace - CHINOOK,47.341487,-120.090402,0,3,RC11,TRUE,Active,Alive,Helicopter
G728BDFBA,GPUD_Survival,live_release,B,44,Lot 1,11H,175,50.400001525878906,2026-05-01,2026-04-30T16:09:43Z,2026-05-02T16:02:00Z,Rock Island Tailrace,Rock Island Tailrace - CHINOOK,47.341487,-120.090402,0,3,RC11,TRUE,Active,Alive,Helicopter
G725507AB,GPUD_Survival,live_release,B,45,Lot 3,11H,123,18.700000762939453,2026-05-01,2026-04-30T16:10:32Z,2026-05-02T16:02:00Z,Rock Island Tailrace,Rock Island Tailrace - CHINOOK,47.341487,-120.090402,0,3,RC11,TRUE,Active,Alive,Helicopter
G7291D96C,GPUD_Survival,live_release,B,45,Lot 1,11H,118,16.5,2026-05-01,2026-04-30T16:10:57Z,2026-05-02T16:02:00Z,Rock Island Tailrace,Rock Island Tailrace - CHINOOK,47.341487,-120.090402,0,3,RC11,TRUE,Active,Alive,Helicopter
G720A2B44,GPUD_Survival,live_release,B,34,Lot 3,11H,131,22.200000762939453,2026-05-01,2026-04-30T16:11:16Z,2026-05-02T16:02:00Z,Rock Island Tailrace,Rock Island Tailrace - CHINOOK,47.341487,-120.090402,0,3,RC11,TRUE,Active,Alive,Helicopter
G72896F19,GPUD_Survival,live_release,B,34,Lot 1,11H,117,16.399999618530273,2026-05-01,2026-04-30T16:11:16Z,2026-05-02T16:02:00Z,Rock Island Tailrace,Rock Island Tailrace - CHINOOK,47.341487,-120.090402,0,3,RC11,TRUE,Active,Alive,Helicopter
G726FF22A,GPUD_Survival,live_release,B,46,Lot 2,11H,136,26.299999237060547,2026-05-01,2026-04-30T16:11:23Z,2026-05-02T16:02:00Z,Rock Island Tailrace,Rock Island Tailrace - CHINOOK,47.341487,-120.090402,0,3,RC11,TRUE,Active,Alive,Helicopter
G72622B68,GPUD_Survival,live_release,B,46,Lot 3,11H,139,26.200000762939453,2026-05-01,2026-04-30T16:11:44Z,2026-05-02T16:02:00Z,Rock Island Tailrace,Rock Island Tailrace - CHINOOK,47.341487,-120.090402,0,3,RC11,TRUE,Active,Alive,Helicopter
G72AD143B,GPUD_Survival,live_release,B,47,Lot 1,11H,135,20.600000381469727,2026-05-01,2026-04-30T16:12:10Z,2026-05-02T16:02:00Z,Rock Island Tailrace,Rock Island Tailrace - CHINOOK,47.341487,-120.090402,0,3,RC11,TRUE,Active,Alive,Helicopter
G720AF50C,GPUD_Survival,live_release,B,47,Lot 3,11H,158,35.900001525878906,2026-05-01,2026-04-30T16:12:33Z,2026-05-02T16:02:00Z,Rock Island Tailrace,Rock Island Tailrace - CHINOOK,47.341487,-120.090402,0,3,RC11,TRUE,Active,Alive,Helicopter
G729E0580,GPUD_Survival,live_release,B,48,Lot 2,11H,116,17.200000762939453,2026-05-01,2026-04-30T16:13:04Z,2026-05-02T16:02:00Z,Rock Island Tailrace,Rock Island Tailrace - CHINOOK,47.341487,-120.090402,0,3,RC11,TRUE,Active,Alive,Helicopter
G72F351E9,GPUD_Survival,live_release,B,48,Lot 1,11H,117,17.600000381469727,2026-05-01,2026-04-30T16:13:49Z,2026-05-02T16:02:00Z,Rock Island Tailrace,Rock Island Tailrace - CHINOOK,47.341487,-120.090402,0,3,RC11,TRUE,Active,Alive,Helicopter
G7234CF3D,GPUD_Survival,live_release,B,49,Lot 3,11H,150,29.399999618530273,2026-05-01,2026-04-30T16:14:18Z,2026-05-02T16:02:00Z,Rock Island Tailrace,Rock Island Tailrace - CHINOOK,47.341487,-120.090402,0,3,RC11,TRUE,Active,Alive,Helicopter
G72255B65,GPUD_Survival,live_release,B,49,Lot 2,11H,150,33.400001525878906,2026-05-01,2026-04-30T16:14:45Z,2026-05-02T16:02:00Z,Rock Island Tailrace,Rock Island Tailrace - CHINOOK,47.341487,-120.090402,0,3,RC11,TRUE,Active,Alive,Helicopter
G723D777F,GPUD_Survival,live_release,B,50,Lot 1,11H,120,16.600000381469727,2026-05-01,2026-04-30T16:15:55Z,2026-05-02T16:02:00Z,Rock Island Tailrace,Rock Island Tailrace - CHINOOK,47.341487,-120.090402,0,3,RC11,TRUE,Active,Alive,Helicopter
G726F17FC,GPUD_Survival,live_release,B,50,Lot 2,11H,165,41.400001525878906,2026-05-01,2026-04-30T16:16:17Z,2026-05-02T16:02:00Z,Rock Island Tailrace,Rock Island Tailrace - CHINOOK,47.341487,-120.090402,0,3,RC11,TRUE,Active,Alive,Helicopter
G7272589E,GPUD_Survival,live_release,B,51,Lot 1,11H,119,14.699999809265137,2026-05-01,2026-04-30T16:17:09Z,2026-05-02T16:02:00Z,Rock Island Tailrace,Rock Island Tailrace - CHINOOK,47.341487,-120.090402,0,3,RC11,TRUE,Active,Alive,Helicopter
G72352E4E,GPUD_Survival,live_release,B,51,Lot 3,11W,150,33.5,2026-05-01,2026-04-30T16:18:03Z,2026-05-02T16:02:00Z,Rock Island Tailrace,Rock Island Tailrace - CHINOOK,47.341487,-120.090402,0,3,RC11,TRUE,Active,Alive,Helicopter
G72BF0C19,GPUD_Survival,live_release,B,52,Lot 1,11H,113,15.300000190734863,2026-05-01,2026-04-30T16:18:27Z,2026-05-02T16:02:00Z,Rock Island Tailrace,Rock Island Tailrace - CHINOOK,47.341487,-120.090402,0,3,RC11,TRUE,Active,Alive,Helicopter
G72717F6B,GPUD_Survival,live_release,B,52,Lot 1,11W,125,20.100000381469727,2026-05-01,2026-04-30T16:19:00Z,2026-05-02T16:02:00Z,Rock Island Tailrace,Rock Island Tailrace - CHINOOK,47.341487,-120.090402,0,3,RC11,TRUE,Active,Alive,Helicopter
G72784178,GPUD_Survival,live_release,B,53,Lot 3,11H,120,17.200000762939453,2026-05-01,2026-04-30T16:19:20Z,2026-05-02T16:02:00Z,Rock Island Tailrace,Rock Island Tailrace - CHINOOK,47.341487,-120.090402,0,3,RC11,TRUE,Active,Alive,Helicopter
G72AB038F,GPUD_Survival,live_release,B,53,Lot 2,11H,128,19.700000762939453,2026-05-01,2026-04-30T16:19:42Z,2026-05-02T16:02:00Z,Rock Island Tailrace,Rock Island Tailrace - CHINOOK,47.341487,-120.090402,0,3,RC11,TRUE,Active,Alive,Helicopter
G72DD9060,GPUD_Survival,live_release,B,54,Lot 3,11H,129,20.200000762939453,2026-05-01,2026-04-30T16:20:19Z,2026-05-02T16:02:00Z,Rock Island Tailrace,Rock Island Tailrace - CHINOOK,47.341487,-120.090402,0,3,RC11,TRUE,Active,Alive,Helicopter
G7210522B,GPUD_Survival,live_release,B,54,Lot 3,11H,114,15.800000190734863,2026-05-01,2026-04-30T16:20:42Z,2026-05-02T16:02:00Z,Rock Island Tailrace,Rock Island Tailrace - CHINOOK,47.341487,-120.090402,0,3,RC11,TRUE,Active,Alive,Helicopter
G72F1F84B,GPUD_Survival,live_release,B,55,Lot 1,11H,115,16.100000381469727,2026-05-01,2026-04-30T16:21:51Z,2026-05-02T16:02:00Z,Rock Island Tailrace,Rock Island Tailrace - CHINOOK,47.341487,-120.090402,0,3,RC11,TRUE,Active,Alive,Helicopter
G72C8C934,GPUD_Survival,live_release,B,55,Lot 1,11H,125,20.600000381469727,2026-05-01,2026-04-30T16:22:26Z,2026-05-02T16:02:00Z,Rock Island Tailrace,Rock Island Tailrace - CHINOOK,47.341487,-120.090402,0,3,RC11,TRUE,Active,Alive,Helicopter
G72567658,GPUD_Survival,live_release,A,100,Lot 2,11H,125,19.299999237060547,2026-05-01,2026-04-30T16:35:55Z,2026-05-02T16:36:00Z,Priest Rapids Tailrace,Priest Rapids Tailrace - CHINOOK,46.632369,-119.895442,0,3,PC08,TRUE,Active,Alive,Helicopter
G724A0601,GPUD_Survival,live_release,A,100,Lot 2,11H,130,23.899999618530273,2026-05-01,2026-04-30T16:36:13Z,2026-05-02T16:36:00Z,Priest Rapids Tailrace,Priest Rapids Tailrace - CHINOOK,46.632369,-119.895442,0,3,PC08,TRUE,Active,Alive,Helicopter
G729399BB,GPUD_Survival,live_release,A,101,Lot 1,11H,152,31.700000762939453,2026-05-01,2026-04-30T16:36:34Z,2026-05-02T16:36:00Z,Priest Rapids Tailrace,Priest Rapids Tailrace - CHINOOK,46.632369,-119.895442,0,3,PC08,TRUE,Active,Alive,Helicopter
G720FD973,GPUD_Survival,live_release,A,101,Lot 3,11H,147,31.100000381469727,2026-05-01,2026-04-30T16:36:54Z,2026-05-02T16:36:00Z,Priest Rapids Tailrace,Priest Rapids Tailrace - CHINOOK,46.632369,-119.895442,0,3,PC08,TRUE,Active,Alive,Helicopter
G729BC916,GPUD_Survival,live_release,A,102,Lot 1,11H,133,20.100000381469727,2026-05-01,2026-04-30T16:37:18Z,2026-05-02T16:36:00Z,Priest Rapids Tailrace,Priest Rapids Tailrace - CHINOOK,46.632369,-119.895442,0,3,PC08,TRUE,Active,Alive,Helicopter
G7294F8EE,GPUD_Survival,live_release,A,102,Lot 1,11W,129,22.700000762939453,2026-05-01,2026-04-30T16:37:44Z,2026-05-02T16:36:00Z,Priest Rapids Tailrace,Priest Rapids Tailrace - CHINOOK,46.632369,-119.895442,0,3,PC08,TRUE,Active,Alive,Helicopter
G72301A6E,GPUD_Survival,live_release,A,103,Lot 1,11H,140,28.5,2026-05-01,2026-04-30T16:38:08Z,2026-05-02T16:36:00Z,Priest Rapids Tailrace,Priest Rapids Tailrace - CHINOOK,46.632369,-119.895442,0,3,PC08,TRUE,Active,Alive,Helicopter
G72E96781,GPUD_Survival,live_release,A,103,Lot 2,11H,115,15.300000190734863,2026-05-01,2026-04-30T16:38:41Z,2026-05-02T16:36:00Z,Priest Rapids Tailrace,Priest Rapids Tailrace - CHINOOK,46.632369,-119.895442,0,3,PC08,TRUE,Active,Alive,Helicopter
G72138716,GPUD_Survival,live_release,A,104,Lot 2,11H,156,31.299999237060547,2026-05-01,2026-04-30T16:38:59Z,2026-05-02T16:36:00Z,Priest Rapids Tailrace,Priest Rapids Tailrace - CHINOOK,46.632369,-119.895442,0,3,PC08,TRUE,Active,Alive,Helicopter
G726F4ADA,GPUD_Survival,live_release,A,104,Lot 2,11W,145,31.299999237060547,2026-05-01,2026-04-30T16:39:26Z,2026-05-02T16:36:00Z,Priest Rapids Tailrace,Priest Rapids Tailrace - CHINOOK,46.632369,-119.895442,0,3,PC08,TRUE,Active,Alive,Helicopter
G725D8D2F,GPUD_Survival,live_release,A,105,Lot 1,11H,122,15.899999618530273,2026-05-01,2026-04-30T16:39:49Z,2026-05-02T16:36:00Z,Priest Rapids Tailrace,Priest Rapids Tailrace - CHINOOK,46.632369,-119.895442,0,3,PC08,TRUE,Active,Alive,Helicopter
G72CDB1F1,GPUD_Survival,live_release,A,105,Lot 3,11H,150,30,2026-05-01,2026-04-30T16:40:19Z,2026-05-02T16:36:00Z,Priest Rapids Tailrace,Priest Rapids Tailrace - CHINOOK,46.632369,-119.895442,0,3,PC08,TRUE,Active,Alive,Helicopter
G72D230D7,GPUD_Survival,live_release,A,106,Lot 3,11H,118,14.600000381469727,2026-05-01,2026-04-30T16:40:57Z,2026-05-02T16:36:00Z,Priest Rapids Tailrace,Priest Rapids Tailrace - CHINOOK,46.632369,-119.895442,0,3,PC08,TRUE,Active,Alive,Helicopter
G72BA0045,GPUD_Survival,dead_release,B,109,Lot 3,11H,127,21.700000762939453,2026-05-01,2026-04-30T16:41:37Z,2026-05-02T16:36:00Z,Priest Rapids Tailrace,Priest Rapids Tailrace - CHINOOK,46.632369,-119.895442,1,3,PC08,FALSE,Active,Euthanized,Helicopter
G72AA2E95,GPUD_Survival,live_release,A,106,Lot 3,11H,161,39.099998474121094,2026-05-01,2026-04-30T16:42:05Z,2026-05-02T16:36:00Z,Priest Rapids Tailrace,Priest Rapids Tailrace - CHINOOK,46.632369,-119.895442,0,3,PC08,TRUE,Active,Alive,Helicopter
G7221223A,GPUD_Survival,live_release,A,107,Lot 2,11H,120,18.5,2026-05-01,2026-04-30T16:43:07Z,2026-05-02T16:36:00Z,Priest Rapids Tailrace,Priest Rapids Tailrace - CHINOOK,46.632369,-119.895442,0,3,PC08,TRUE,Active,Alive,Helicopter
G7216FFD3,GPUD_Survival,live_release,A,107,Lot 2,11H,120,18.5,2026-05-01,2026-04-30T16:43:35Z,2026-05-02T16:36:00Z,Priest Rapids Tailrace,Priest Rapids Tailrace - CHINOOK,46.632369,-119.895442,0,3,PC08,TRUE,Active,Alive,Helicopter
G72A573AB,GPUD_Survival,live_release,A,108,Lot 3,11H,143,30.100000381469727,2026-05-01,2026-04-30T16:44:03Z,2026-05-02T16:36:00Z,Priest Rapids Tailrace,Priest Rapids Tailrace - CHINOOK,46.632369,-119.895442,0,3,PC08,TRUE,Active,Alive,Helicopter
G721A7432,GPUD_Survival,live_release,A,109,Lot 2,11H,143,30.100000381469727,2026-05-01,2026-04-30T16:54:38Z,2026-05-02T16:36:00Z,Priest Rapids Tailrace,Priest Rapids Tailrace - CHINOOK,46.632369,-119.895442,0,3,PC08,TRUE,Active,Alive,Helicopter
G72A1B73B,GPUD_Survival,dead_release,A,110,Lot 3,11H,130,29.799999237060547,2026-05-01,2026-04-30T16:55:11Z,2026-05-02T16:36:00Z,Priest Rapids Tailrace,Priest Rapids Tailrace - CHINOOK,46.632369,-119.895442,1,3,PC08,FALSE,Active,Euthanized,Helicopter
G7211C11C,GPUD_Survival,live_release,A,110,Lot 3,11H,143,27.899999618530273,2026-05-01,2026-04-30T16:55:44Z,2026-05-02T16:36:00Z,Priest Rapids Tailrace,Priest Rapids Tailrace - CHINOOK,46.632369,-119.895442,0,3,PC08,TRUE,Active,Alive,Helicopter
G7219DEB6,GPUD_Survival,live_release,A,110,Lot 2,11H,138,26.200000762939453,2026-05-01,2026-04-30T16:56:27Z,2026-05-02T16:36:00Z,Priest Rapids Tailrace,Priest Rapids Tailrace - CHINOOK,46.632369,-119.895442,0,3,PC08,TRUE,Active,Alive,Helicopter
G72B62297,GPUD_Survival,live_release,A,111,Lot 1,11H,135,25.200000762939453,2026-05-01,2026-04-30T16:56:47Z,2026-05-02T16:36:00Z,Priest Rapids Tailrace,Priest Rapids Tailrace - CHINOOK,46.632369,-119.895442,0,3,PC08,TRUE,Active,Alive,Helicopter
G72C346DA,GPUD_Survival,live_release,A,111,Lot 2,11H,127,20.200000762939453,2026-05-01,2026-04-30T16:57:30Z,2026-05-02T16:36:00Z,Priest Rapids Tailrace,Priest Rapids Tailrace - CHINOOK,46.632369,-119.895442,0,3,PC08,TRUE,Active,Alive,Helicopter
G7288A894,GPUD_Survival,live_release,A,112,Lot 1,11H,145,28.100000381469727,2026-05-01,2026-04-30T16:57:52Z,2026-05-02T16:36:00Z,Priest Rapids Tailrace,Priest Rapids Tailrace - CHINOOK,46.632369,-119.895442,0,3,PC08,TRUE,Active,Alive,Helicopter
G728C7286,GPUD_Survival,live_release,A,112,Lot 2,11H,138,26.5,2026-05-01,2026-04-30T16:58:21Z,2026-05-02T16:36:00Z,Priest Rapids Tailrace,Priest Rapids Tailrace - CHINOOK,46.632369,-119.895442,0,3,PC08,TRUE,Active,Alive,Helicopter
G72A91CC2,GPUD_Survival,live_release,A,113,Lot 1,11H,125,20.899999618530273,2026-05-01,2026-04-30T16:59:05Z,2026-05-02T16:36:00Z,Priest Rapids Tailrace,Priest Rapids Tailrace - CHINOOK,46.632369,-119.895442,0,3,PC08,TRUE,Active,Alive,Helicopter
G72981FC9,GPUD_Survival,live_release,A,113,Lot 3,11H,126,19.399999618530273,2026-05-01,2026-04-30T16:59:30Z,2026-05-02T16:36:00Z,Priest Rapids Tailrace,Priest Rapids Tailrace - CHINOOK,46.632369,-119.895442,0,3,PC08,TRUE,Active,Alive,Helicopter
G72DAD88A,GPUD_Survival,live_release,A,114,Lot 2,11H,135,25.100000381469727,2026-05-01,2026-04-30T16:59:57Z,2026-05-02T16:36:00Z,Priest Rapids Tailrace,Priest Rapids Tailrace - CHINOOK,46.632369,-119.895442,0,3,PC08,TRUE,Active,Alive,Helicopter
G72264FCC,GPUD_Survival,live_release,A,114,Lot 2,11H,155,35.20000076293945,2026-05-01,2026-04-30T17:00:36Z,2026-05-02T16:36:00Z,Priest Rapids Tailrace,Priest Rapids Tailrace - CHINOOK,46.632369,-119.895442,0,3,PC08,TRUE,Active,Alive,Helicopter
G7240441C,GPUD_Survival,live_release,A,115,Lot 2,11H,120,19,2026-05-01,2026-04-30T17:01:40Z,2026-05-02T16:36:00Z,Priest Rapids Tailrace,Priest Rapids Tailrace - CHINOOK,46.632369,-119.895442,0,3,PC08,TRUE,Active,Alive,Helicopter
G72849219,GPUD_Survival,live_release,A,115,Lot 2,11H,118,16,2026-05-01,2026-04-30T17:02:03Z,2026-05-02T16:36:00Z,Priest Rapids Tailrace,Priest Rapids Tailrace - CHINOOK,46.632369,-119.895442,0,3,PC08,TRUE,Active,Alive,Helicopter
G720BDF95,GPUD_Survival,live_release,A,116,Lot 3,11H,135,22.399999618530273,2026-05-01,2026-04-30T17:03:30Z,2026-05-02T16:36:00Z,Priest Rapids Tailrace,Priest Rapids Tailrace - CHINOOK,46.632369,-119.895442,0,3,PC08,TRUE,Active,Alive,Helicopter
G72304ED4,GPUD_Survival,live_release,A,116,Lot 1,11H,115,13.699999809265137,2026-05-01,2026-04-30T17:03:57Z,2026-05-02T16:36:00Z,Priest Rapids Tailrace,Priest Rapids Tailrace - CHINOOK,46.632369,-119.895442,0,3,PC08,TRUE,Active,Alive,Helicopter
G720CA880,GPUD_Survival,live_release,A,117,Lot 1,11H,116,16.899999618530273,2026-05-01,2026-04-30T17:04:23Z,2026-05-02T16:36:00Z,Priest Rapids Tailrace,Priest Rapids Tailrace - CHINOOK,46.632369,-119.895442,0,3,PC08,TRUE,Active,Alive,Helicopter
G7294721C,GPUD_Survival,live_release,A,1,Lot 1,31H,203,72.30000305175781,2026-05-01,2026-04-30T17:23:31Z,2026-05-02T16:02:00Z,Rock Island Tailrace,Rock Island Tailrace - STEELHEAD,47.341487,-120.090402,0,3,RI06,TRUE,Active,Alive,Helicopter
G72E56B6F,GPUD_Survival,live_release,A,1,Lot 3,31H,171,43,2026-05-01,2026-04-30T17:24:15Z,2026-05-02T16:02:00Z,Rock Island Tailrace,Rock Island Tailrace - STEELHEAD,47.341487,-120.090402,0,3,RI06,TRUE,Active,Alive,Helicopter
G72B17FDF,GPUD_Survival,live_release,A,2,Lot 1,31W,173,42.20000076293945,2026-05-01,2026-04-30T17:24:43Z,2026-05-02T16:02:00Z,Rock Island Tailrace,Rock Island Tailrace - STEELHEAD,47.341487,-120.090402,0,3,RI06,TRUE,Active,Alive,Helicopter
G7229666B,GPUD_Survival,live_release,A,2,Lot 3,31H,186,56.79999923706055,2026-05-01,2026-04-30T17:25:25Z,2026-05-02T16:02:00Z,Rock Island Tailrace,Rock Island Tailrace - STEELHEAD,47.341487,-120.090402,0,3,RI06,TRUE,Active,Alive,Helicopter
G72389637,GPUD_Survival,live_release,A,3,Lot 2,31W,165,38.20000076293945,2026-05-01,2026-04-30T17:26:03Z,2026-05-02T16:02:00Z,Rock Island Tailrace,Rock Island Tailrace - STEELHEAD,47.341487,-120.090402,0,3,RI06,TRUE,Active,Alive,Helicopter
G72B970E8,GPUD_Survival,live_release,A,3,Lot 3,31H,175,51.900001525878906,2026-05-01,2026-04-30T17:26:45Z,2026-05-02T16:02:00Z,Rock Island Tailrace,Rock Island Tailrace - STEELHEAD,47.341487,-120.090402,0,3,RI06,TRUE,Active,Alive,Helicopter
G72C1A9E3,GPUD_Survival,live_release,A,4,Lot 1,31W,155,32.79999923706055,2026-05-01,2026-04-30T17:27:20Z,2026-05-02T16:02:00Z,Rock Island Tailrace,Rock Island Tailrace - STEELHEAD,47.341487,-120.090402,0,3,RI06,TRUE,Active,Alive,Helicopter
G728C579A,GPUD_Survival,live_release,A,4,Lot 2,31H,169,43,2026-05-01,2026-04-30T17:27:59Z,2026-05-02T16:02:00Z,Rock Island Tailrace,Rock Island Tailrace - STEELHEAD,47.341487,-120.090402,0,3,RI06,TRUE,Active,Alive,Helicopter
G722EAB32,GPUD_Survival,live_release,A,5,Lot 2,31H,203,78.69999694824219,2026-05-01,2026-04-30T17:30:01Z,2026-05-02T16:02:00Z,Rock Island Tailrace,Rock Island Tailrace - STEELHEAD,47.341487,-120.090402,0,3,RI06,TRUE,Active,Alive,Helicopter
G7221FAAF,GPUD_Survival,live_release,A,5,Lot 3,31H,205,79.5999984741211,2026-05-01,2026-04-30T17:30:33Z,2026-05-02T16:02:00Z,Rock Island Tailrace,Rock Island Tailrace - STEELHEAD,47.341487,-120.090402,0,3,RI06,TRUE,Active,Alive,Helicopter
G72EDC854,GPUD_Survival,live_release,A,6,Lot 2,31H,210,82.4000015258789,2026-05-01,2026-04-30T17:31:02Z,2026-05-02T16:02:00Z,Rock Island Tailrace,Rock Island Tailrace - STEELHEAD,47.341487,-120.090402,0,3,RI06,TRUE,Active,Alive,Helicopter
G72A4BF06,GPUD_Survival,live_release,A,6,Lot 3,31H,166,46.70000076293945,2026-05-01,2026-04-30T17:31:46Z,2026-05-02T16:02:00Z,Rock Island Tailrace,Rock Island Tailrace - STEELHEAD,47.341487,-120.090402,0,3,RI06,TRUE,Active,Alive,Helicopter
G72408734,GPUD_Survival,live_release,A,7,Lot 3,31W,174,45.5,2026-05-01,2026-04-30T17:32:13Z,2026-05-02T16:02:00Z,Rock Island Tailrace,Rock Island Tailrace - STEELHEAD,47.341487,-120.090402,0,3,RI06,TRUE,Active,Alive,Helicopter
G72C0E620,GPUD_Survival,live_release,A,7,Lot 2,31W,134,20.399999618530273,2026-05-01,2026-04-30T17:32:37Z,2026-05-02T16:02:00Z,Rock Island Tailrace,Rock Island Tailrace - STEELHEAD,47.341487,-120.090402,0,3,RI06,TRUE,Active,Alive,Helicopter
G72302EB1,GPUD_Survival,live_release,A,8,Lot 1,31H,165,40.70000076293945,2026-05-01,2026-04-30T17:33:13Z,2026-05-02T16:02:00Z,Rock Island Tailrace,Rock Island Tailrace - STEELHEAD,47.341487,-120.090402,0,3,RI06,TRUE,Active,Alive,Helicopter
G7201F6CD,GPUD_Survival,live_release,A,8,Lot 2,31W,173,41.599998474121094,2026-05-01,2026-04-30T17:34:15Z,2026-05-02T16:02:00Z,Rock Island Tailrace,Rock Island Tailrace - STEELHEAD,47.341487,-120.090402,0,3,RI06,TRUE,Active,Alive,Helicopter
G72E71447,GPUD_Survival,live_release,A,9,Lot 1,31H,198,67.5,2026-05-01,2026-04-30T17:34:36Z,2026-05-02T16:02:00Z,Rock Island Tailrace,Rock Island Tailrace - STEELHEAD,47.341487,-120.090402,0,3,RI06,TRUE,Active,Alive,Helicopter
G72603E5B,GPUD_Survival,live_release,A,9,Lot 3,31W,148,27.200000762939453,2026-05-01,2026-04-30T17:35:05Z,2026-05-02T16:02:00Z,Rock Island Tailrace,Rock Island Tailrace - STEELHEAD,47.341487,-120.090402,0,3,RI06,TRUE,Active,Alive,Helicopter
G7292062F,GPUD_Survival,live_release,A,10,Lot 1,31H,185,54.70000076293945,2026-05-01,2026-04-30T17:35:40Z,2026-05-02T16:02:00Z,Rock Island Tailrace,Rock Island Tailrace - STEELHEAD,47.341487,-120.090402,0,3,RI06,TRUE,Active,Alive,Helicopter
G729F559F,GPUD_Survival,live_release,A,10,Lot 3,31H,180,54.099998474121094,2026-05-01,2026-04-30T17:36:05Z,2026-05-02T16:02:00Z,Rock Island Tailrace,Rock Island Tailrace - STEELHEAD,47.341487,-120.090402,0,3,RI06,TRUE,Active,Alive,Helicopter
G72D37DA8,GPUD_Survival,live_release,A,11,Lot 1,31W,149,29.100000381469727,2026-05-01,2026-04-30T17:37:18Z,2026-05-02T16:02:00Z,Rock Island Tailrace,Rock Island Tailrace - STEELHEAD,47.341487,-120.090402,0,3,RI06,TRUE,Active,Alive,Helicopter
G720CC8E5,GPUD_Survival,live_release,A,11,Lot 1,31H,190,60,2026-05-01,2026-04-30T17:37:44Z,2026-05-02T16:02:00Z,Rock Island Tailrace,Rock Island Tailrace - STEELHEAD,47.341487,-120.090402,0,3,RI06,TRUE,Active,Alive,Helicopter
G7234538F,GPUD_Survival,live_release,A,12,Lot 1,31H,173,46.5,2026-05-01,2026-04-30T17:38:06Z,2026-05-02T16:02:00Z,Rock Island Tailrace,Rock Island Tailrace - STEELHEAD,47.341487,-120.090402,0,3,RI06,TRUE,Active,Alive,Helicopter
G7237FD6A,GPUD_Survival,live_release,A,12,Lot 2,31H,183,58.099998474121094,2026-05-01,2026-04-30T17:38:31Z,2026-05-02T16:02:00Z,Rock Island Tailrace,Rock Island Tailrace - STEELHEAD,47.341487,-120.090402,0,3,RI06,TRUE,Active,Alive,Helicopter
G72BC8CC0,GPUD_Survival,live_release,A,13,Lot 3,31W,182,47,2026-05-01,2026-04-30T17:39:01Z,2026-05-02T16:02:00Z,Rock Island Tailrace,Rock Island Tailrace - STEELHEAD,47.341487,-120.090402,0,3,RI06,TRUE,Active,Alive,Helicopter
G72DD6A6A,GPUD_Survival,live_release,A,13,Lot 3,31W,166,40.70000076293945,2026-05-01,2026-04-30T17:39:29Z,2026-05-02T16:02:00Z,Rock Island Tailrace,Rock Island Tailrace - STEELHEAD,47.341487,-120.090402,0,3,RI06,TRUE,Active,Alive,Helicopter
G724055DF,GPUD_Survival,live_release,A,14,Lot 2,31W,182,51.099998474121094,2026-05-01,2026-04-30T17:39:52Z,2026-05-02T16:02:00Z,Rock Island Tailrace,Rock Island Tailrace - STEELHEAD,47.341487,-120.090402,0,3,RI06,TRUE,Active,Alive,Helicopter
G721A18F4,GPUD_Survival,live_release,A,14,Lot 3,31W,180,53,2026-05-01,2026-04-30T17:40:25Z,2026-05-02T16:02:00Z,Rock Island Tailrace,Rock Island Tailrace - STEELHEAD,47.341487,-120.090402,0,3,RI06,TRUE,Active,Alive,Helicopter
G721E847D,GPUD_Survival,live_release,A,15,Lot 1,31H,185,56.29999923706055,2026-05-01,2026-04-30T17:41:03Z,2026-05-02T16:02:00Z,Rock Island Tailrace,Rock Island Tailrace - STEELHEAD,47.341487,-120.090402,0,3,RI06,TRUE,Active,Alive,Helicopter
G72D840C8,GPUD_Survival,live_release,A,15,Lot 1,31H,192,61.900001525878906,2026-05-01,2026-04-30T17:41:33Z,2026-05-02T16:02:00Z,Rock Island Tailrace,Rock Island Tailrace - STEELHEAD,47.341487,-120.090402,0,3,RI06,TRUE,Active,Alive,Helicopter
G7260DEB2,GPUD_Survival,live_release,A,16,Lot 3,31W,150,28.600000381469727,2026-05-01,2026-04-30T17:44:22Z,2026-05-02T16:02:00Z,Rock Island Tailrace,Rock Island Tailrace - STEELHEAD,47.341487,-120.090402,0,3,RI06,TRUE,Active,Alive,Helicopter
G721A3B35,GPUD_Survival,live_release,A,16,Lot 3,31H,181,55.70000076293945,2026-05-01,2026-04-30T17:44:43Z,2026-05-02T16:02:00Z,Rock Island Tailrace,Rock Island Tailrace - STEELHEAD,47.341487,-120.090402,0,3,RI06,TRUE,Active,Alive,Helicopter
G7219C9A8,GPUD_Survival,live_release,A,17,Lot 2,31H,208,84.80000305175781,2026-05-01,2026-04-30T17:45:10Z,2026-05-02T16:02:00Z,Rock Island Tailrace,Rock Island Tailrace - STEELHEAD,47.341487,-120.090402,0,3,RI06,TRUE,Active,Alive,Helicopter
G721C3D42,GPUD_Survival,live_release,A,17,Lot 1,31W,170,40.099998474121094,2026-05-01,2026-04-30T17:45:36Z,2026-05-02T16:02:00Z,Rock Island Tailrace,Rock Island Tailrace - STEELHEAD,47.341487,-120.090402,0,3,RI06,TRUE,Active,Alive,Helicopter
G724D8E21,GPUD_Survival,live_release,A,18,Lot 2,31H,189,60.20000076293945,2026-05-01,2026-04-30T17:46:01Z,2026-05-02T16:02:00Z,Rock Island Tailrace,Rock Island Tailrace - STEELHEAD,47.341487,-120.090402,0,3,RI06,TRUE,Active,Alive,Helicopter
G722D0A96,GPUD_Survival,live_release,A,18,Lot 1,31H,195,69.5999984741211,2026-05-01,2026-04-30T17:46:31Z,2026-05-02T16:02:00Z,Rock Island Tailrace,Rock Island Tailrace - STEELHEAD,47.341487,-120.090402,0,3,RI06,TRUE,Active,Alive,Helicopter
G7238B614,GPUD_Survival,live_release,A,19,Lot 2,31H,183,52.70000076293945,2026-05-01,2026-04-30T17:46:53Z,2026-05-02T16:02:00Z,Rock Island Tailrace,Rock Island Tailrace - STEELHEAD,47.341487,-120.090402,0,3,RI06,TRUE,Active,Alive,Helicopter
G72EF110E,GPUD_Survival,live_release,A,19,Lot 1,31H,155,35.900001525878906,2026-05-01,2026-04-30T17:47:16Z,2026-05-02T16:02:00Z,Rock Island Tailrace,Rock Island Tailrace - STEELHEAD,47.341487,-120.090402,0,3,RI06,TRUE,Active,Alive,Helicopter
G7290B9CD,GPUD_Survival,live_release,A,20,Lot 1,31H,188,63.29999923706055,2026-05-01,2026-04-30T17:47:41Z,2026-05-02T16:02:00Z,Rock Island Tailrace,Rock Island Tailrace - STEELHEAD,47.341487,-120.090402,0,3,RI06,TRUE,Active,Alive,Helicopter
G7217C1B6,GPUD_Survival,live_release,A,20,Lot 2,31H,200,79.9000015258789,2026-05-01,2026-04-30T17:48:15Z,2026-05-02T16:02:00Z,Rock Island Tailrace,Rock Island Tailrace - STEELHEAD,47.341487,-120.090402,0,3,RI06,TRUE,Active,Alive,Helicopter
G7263EDBB,GPUD_Survival,live_release,A,21,Lot 1,31W,155,34.70000076293945,2026-05-01,2026-04-30T17:48:44Z,2026-05-02T16:02:00Z,Rock Island Tailrace,Rock Island Tailrace - STEELHEAD,47.341487,-120.090402,0,3,RI06,TRUE,Active,Alive,Helicopter
G72F0BCA8,GPUD_Survival,live_release,A,21,Lot 3,31W,125,17,2026-05-01,2026-04-30T17:49:57Z,2026-05-02T16:02:00Z,Rock Island Tailrace,Rock Island Tailrace - STEELHEAD,47.341487,-120.090402,0,3,RI06,TRUE,Active,Alive,Helicopter
G72B955F4,GPUD_Survival,live_release,A,67,Lot 3,31H,192,70,2026-05-01,2026-04-30T17:57:55Z,2026-05-02T16:36:00Z,Priest Rapids Tailrace,Priest Rapids Tailrace - STEELHEAD,46.632369,-119.895442,0,3,PR03,TRUE,Active,Alive,Helicopter
G72B038DE,GPUD_Survival,live_release,A,67,Lot 1,31H,205,83.9000015258789,2026-05-01,2026-04-30T17:58:27Z,2026-05-02T16:36:00Z,Priest Rapids Tailrace,Priest Rapids Tailrace - STEELHEAD,46.632369,-119.895442,0,3,PR03,TRUE,Active,Alive,Helicopter
G7258B22F,GPUD_Survival,live_release,A,68,Lot 2,31W,154,31.399999618530273,2026-05-01,2026-04-30T17:58:48Z,2026-05-02T16:36:00Z,Priest Rapids Tailrace,Priest Rapids Tailrace - STEELHEAD,46.632369,-119.895442,0,3,PR03,TRUE,Active,Alive,Helicopter
G72DAAB90,GPUD_Survival,live_release,A,68,Lot 2,31H,201,82.9000015258789,2026-05-01,2026-04-30T17:59:17Z,2026-05-02T16:36:00Z,Priest Rapids Tailrace,Priest Rapids Tailrace - STEELHEAD,46.632369,-119.895442,0,3,PR03,TRUE,Active,Alive,Helicopter
G72D12141,GPUD_Survival,dead_release,A,69,Lot 1,31H,206,81.5,2026-05-01,2026-04-30T17:59:36Z,2026-05-02T16:36:00Z,Priest Rapids Tailrace,Priest Rapids Tailrace - STEELHEAD,46.632369,-119.895442,1,3,PR03,FALSE,Active,Euthanized,Helicopter
G72C57A6D,GPUD_Survival,dead_release,A,69,Lot 3,31H,206,74.69999694824219,2026-05-01,2026-04-30T17:59:56Z,2026-05-02T16:36:00Z,Priest Rapids Tailrace,Priest Rapids Tailrace - STEELHEAD,46.632369,-119.895442,1,3,PR03,FALSE,Active,Euthanized,Helicopter
G725EE761,GPUD_Survival,live_release,A,70,Lot 1,31H,193,65.0999984741211,2026-05-01,2026-04-30T18:00:37Z,2026-05-02T16:36:00Z,Priest Rapids Tailrace,Priest Rapids Tailrace - STEELHEAD,46.632369,-119.895442,0,3,PR03,TRUE,Active,Alive,Helicopter
G723C7284,GPUD_Survival,live_release,A,70,Lot 2,31W,176,41.599998474121094,2026-05-01,2026-04-30T18:01:04Z,2026-05-02T16:36:00Z,Priest Rapids Tailrace,Priest Rapids Tailrace - STEELHEAD,46.632369,-119.895442,0,3,PR03,TRUE,Active,Alive,Helicopter
G72B1699F,GPUD_Survival,live_release,A,71,Lot 1,31H,206,77.0999984741211,2026-05-01,2026-04-30T18:01:33Z,2026-05-02T16:36:00Z,Priest Rapids Tailrace,Priest Rapids Tailrace - STEELHEAD,46.632369,-119.895442,0,3,PR03,TRUE,Active,Alive,Helicopter
G724CBCE7,GPUD_Survival,live_release,A,71,Lot 1,31W,169,39.599998474121094,2026-05-01,2026-04-30T18:01:56Z,2026-05-02T16:36:00Z,Priest Rapids Tailrace,Priest Rapids Tailrace - STEELHEAD,46.632369,-119.895442,0,3,PR03,TRUE,Active,Alive,Helicopter
G723549A8,GPUD_Survival,live_release,A,72,Lot 2,31H,202,72.5999984741211,2026-05-01,2026-04-30T18:02:25Z,2026-05-02T16:36:00Z,Priest Rapids Tailrace,Priest Rapids Tailrace - STEELHEAD,46.632369,-119.895442,0,3,PR03,TRUE,Active,Alive,Helicopter
G72BD8865,GPUD_Survival,live_release,A,72,Lot 3,31W,151,28.200000762939453,2026-05-01,2026-04-30T18:02:46Z,2026-05-02T16:36:00Z,Priest Rapids Tailrace,Priest Rapids Tailrace - STEELHEAD,46.632369,-119.895442,0,3,PR03,TRUE,Active,Alive,Helicopter
G727B1EB7,GPUD_Survival,live_release,A,73,Lot 2,31W,173,46.20000076293945,2026-05-01,2026-04-30T18:03:09Z,2026-05-02T16:36:00Z,Priest Rapids Tailrace,Priest Rapids Tailrace - STEELHEAD,46.632369,-119.895442,0,3,PR03,TRUE,Active,Alive,Helicopter
G722B80CE,GPUD_Survival,live_release,A,73,Lot 2,31H,186,58.5,2026-05-01,2026-04-30T18:03:31Z,2026-05-02T16:36:00Z,Priest Rapids Tailrace,Priest Rapids Tailrace - STEELHEAD,46.632369,-119.895442,0,3,PR03,TRUE,Active,Alive,Helicopter
G72D0E8D3,GPUD_Survival,live_release,A,74,Lot 1,31H,196,64.30000305175781,2026-05-01,2026-04-30T18:04:02Z,2026-05-02T16:36:00Z,Priest Rapids Tailrace,Priest Rapids Tailrace - STEELHEAD,46.632369,-119.895442,0,3,PR03,TRUE,Active,Alive,Helicopter
G72F0407F,GPUD_Survival,live_release,A,74,Lot 3,31H,160,34.099998474121094,2026-05-01,2026-04-30T18:04:40Z,2026-05-02T16:36:00Z,Priest Rapids Tailrace,Priest Rapids Tailrace - STEELHEAD,46.632369,-119.895442,0,3,PR03,TRUE,Active,Alive,Helicopter
G72EC6D00,GPUD_Survival,live_release,A,75,Lot 1,31H,203,71.4000015258789,2026-05-01,2026-04-30T18:05:03Z,2026-05-02T16:36:00Z,Priest Rapids Tailrace,Priest Rapids Tailrace - STEELHEAD,46.632369,-119.895442,0,3,PR03,TRUE,Active,Alive,Helicopter
G724D89A2,GPUD_Survival,live_release,A,75,Lot 2,31H,183,53.70000076293945,2026-05-01,2026-04-30T18:05:26Z,2026-05-02T16:36:00Z,Priest Rapids Tailrace,Priest Rapids Tailrace - STEELHEAD,46.632369,-119.895442,0,3,PR03,TRUE,Active,Alive,Helicopter
G72143D34,GPUD_Survival,live_release,A,76,Lot 3,31W,171,42.099998474121094,2026-05-01,2026-04-30T18:06:12Z,2026-05-02T16:36:00Z,Priest Rapids Tailrace,Priest Rapids Tailrace - STEELHEAD,46.632369,-119.895442,0,3,PR03,TRUE,Active,Alive,Helicopter
G72308B21,GPUD_Survival,live_release,A,76,Lot 1,31H,195,71.69999694824219,2026-05-01,2026-04-30T18:06:41Z,2026-05-02T16:36:00Z,Priest Rapids Tailrace,Priest Rapids Tailrace - STEELHEAD,46.632369,-119.895442,0,3,PR03,TRUE,Active,Alive,Helicopter
G72B1A275,GPUD_Survival,live_release,A,77,Lot 1,31W,186,58.5,2026-05-01,2026-04-30T18:07:09Z,2026-05-02T16:36:00Z,Priest Rapids Tailrace,Priest Rapids Tailrace - STEELHEAD,46.632369,-119.895442,0,3,PR03,TRUE,Active,Alive,Helicopter
G72557ECF,GPUD_Survival,live_release,A,77,Lot 3,31H,170,42.900001525878906,2026-05-01,2026-04-30T18:07:32Z,2026-05-02T16:36:00Z,Priest Rapids Tailrace,Priest Rapids Tailrace - STEELHEAD,46.632369,-119.895442,0,3,PR03,TRUE,Active,Alive,Helicopter
G729932D3,GPUD_Survival,live_release,A,78,Lot 1,31W,209,78.5,2026-05-01,2026-04-30T18:08:03Z,2026-05-02T16:36:00Z,Priest Rapids Tailrace,Priest Rapids Tailrace - STEELHEAD,46.632369,-119.895442,0,3,PR03,TRUE,Active,Alive,Helicopter
G720752A9,GPUD_Survival,live_release,A,78,Lot 2,31W,176,48.29999923706055,2026-05-01,2026-04-30T18:08:29Z,2026-05-02T16:36:00Z,Priest Rapids Tailrace,Priest Rapids Tailrace - STEELHEAD,46.632369,-119.895442,0,3,PR03,TRUE,Active,Alive,Helicopter
G72D7624F,GPUD_Survival,live_release,A,79,Lot 1,31W,170,41.400001525878906,2026-05-01,2026-04-30T18:09:15Z,2026-05-02T16:36:00Z,Priest Rapids Tailrace,Priest Rapids Tailrace - STEELHEAD,46.632369,-119.895442,0,3,PR03,TRUE,Active,Alive,Helicopter
G72CF2A51,GPUD_Survival,live_release,A,79,Lot 3,31W,140,24.399999618530273,2026-05-01,2026-04-30T18:09:45Z,2026-05-02T16:36:00Z,Priest Rapids Tailrace,Priest Rapids Tailrace - STEELHEAD,46.632369,-119.895442,0,3,PR03,TRUE,Active,Alive,Helicopter
G72F2F81E,GPUD_Survival,live_release,A,80,Lot 1,31W,157,37.29999923706055,2026-05-01,2026-04-30T18:10:16Z,2026-05-02T16:36:00Z,Priest Rapids Tailrace,Priest Rapids Tailrace - STEELHEAD,46.632369,-119.895442,0,3,PR03,TRUE,Active,Alive,Helicopter
G72CE981B,GPUD_Survival,live_release,A,80,Lot 3,31H,195,68.30000305175781,2026-05-01,2026-04-30T18:10:47Z,2026-05-02T16:36:00Z,Priest Rapids Tailrace,Priest Rapids Tailrace - STEELHEAD,46.632369,-119.895442,0,3,PR03,TRUE,Active,Alive,Helicopter
G72C4F686,GPUD_Survival,live_release,A,81,Lot 2,31H,209,85.19999694824219,2026-05-01,2026-04-30T18:11:29Z,2026-05-02T16:36:00Z,Priest Rapids Tailrace,Priest Rapids Tailrace - STEELHEAD,46.632369,-119.895442,0,3,PR03,TRUE,Active,Alive,Helicopter
G72B34873,GPUD_Survival,live_release,A,81,Lot 1,31H,202,66.30000305175781,2026-05-01,2026-04-30T18:12:01Z,2026-05-02T16:36:00Z,Priest Rapids Tailrace,Priest Rapids Tailrace - STEELHEAD,46.632369,-119.895442,0,3,PR03,TRUE,Active,Alive,Helicopter
G7284506F,GPUD_Survival,live_release,A,82,Lot 1,31W,184,53.599998474121094,2026-05-01,2026-04-30T18:13:00Z,2026-05-02T16:36:00Z,Priest Rapids Tailrace,Priest Rapids Tailrace - STEELHEAD,46.632369,-119.895442,0,3,PR03,TRUE,Active,Alive,Helicopter
G720FC390,GPUD_Survival,live_release,A,82,Lot 3,31W,159,35.29999923706055,2026-05-01,2026-04-30T18:13:40Z,2026-05-02T16:36:00Z,Priest Rapids Tailrace,Priest Rapids Tailrace - STEELHEAD,46.632369,-119.895442,0,3,PR03,TRUE,Active,Alive,Helicopter
G7228C183,GPUD_Survival,live_release,A,83,Lot 3,31H,166,40.70000076293945,2026-05-01,2026-04-30T18:14:52Z,2026-05-02T16:36:00Z,Priest Rapids Tailrace,Priest Rapids Tailrace - STEELHEAD,46.632369,-119.895442,0,3,PR03,TRUE,Active,Alive,Helicopter
G724C6E0C,GPUD_Survival,live_release,A,83,Lot 1,31W,168,39.599998474121094,2026-05-01,2026-04-30T18:15:20Z,2026-05-02T16:36:00Z,Priest Rapids Tailrace,Priest Rapids Tailrace - STEELHEAD,46.632369,-119.895442,0,3,PR03,TRUE,Active,Alive,Helicopter
G72F1A68F,GPUD_Survival,live_release,A,84,Lot 1,31W,179,49.599998474121094,2026-05-01,2026-04-30T18:15:53Z,2026-05-02T16:36:00Z,Priest Rapids Tailrace,Priest Rapids Tailrace - STEELHEAD,46.632369,-119.895442,0,3,PR03,TRUE,Active,Alive,Helicopter
G720C2272,GPUD_Survival,live_release,B,1,Lot 3,11H,152,32.29999923706055,2026-05-02,2026-05-01T16:50:50Z,2026-05-03T15:52:00Z,Rock Island Tailrace,Rock Island Tailrace - CHINOOK,47.341487,-120.090402,0,3,RC12,TRUE,Active,Alive,Helicopter
G7223F882,GPUD_Survival,live_release,B,1,Lot 2,11H,105,11.699999809265137,2026-05-02,2026-05-01T16:51:07Z,2026-05-03T15:52:00Z,Rock Island Tailrace,Rock Island Tailrace - CHINOOK,47.341487,-120.090402,0,3,RC12,TRUE,Active,Alive,Helicopter
G722941CB,GPUD_Survival,live_release,B,2,Lot 3,11H,118,16.5,2026-05-02,2026-05-01T16:51:51Z,2026-05-03T15:52:00Z,Rock Island Tailrace,Rock Island Tailrace - CHINOOK,47.341487,-120.090402,0,3,RC12,TRUE,Active,Alive,Helicopter
G724D7697,GPUD_Survival,live_release,B,2,Lot 2,11H,156,37.29999923706055,2026-05-02,2026-05-01T16:52:20Z,2026-05-03T15:52:00Z,Rock Island Tailrace,Rock Island Tailrace - CHINOOK,47.341487,-120.090402,0,3,RC12,TRUE,Active,Alive,Helicopter
G72F3825C,GPUD_Survival,live_release,B,3,Lot 1,11H,120,16.700000762939453,2026-05-02,2026-05-01T16:52:57Z,2026-05-03T15:52:00Z,Rock Island Tailrace,Rock Island Tailrace - CHINOOK,47.341487,-120.090402,0,3,RC12,TRUE,Active,Alive,Helicopter
G7230A7A1,GPUD_Survival,live_release,B,3,Lot 2,11H,134,25.200000762939453,2026-05-02,2026-05-01T16:53:23Z,2026-05-03T15:52:00Z,Rock Island Tailrace,Rock Island Tailrace - CHINOOK,47.341487,-120.090402,0,3,RC12,TRUE,Active,Alive,Helicopter
G726BC52C,GPUD_Survival,live_release,B,4,Lot 3,11H,121,17.600000381469727,2026-05-02,2026-05-01T16:53:44Z,2026-05-03T15:52:00Z,Rock Island Tailrace,Rock Island Tailrace - CHINOOK,47.341487,-120.090402,0,3,RC12,TRUE,Active,Alive,Helicopter
G72BBD188,GPUD_Survival,live_release,B,4,Lot 3,11H,137,25.299999237060547,2026-05-02,2026-05-01T16:54:04Z,2026-05-03T15:52:00Z,Rock Island Tailrace,Rock Island Tailrace - CHINOOK,47.341487,-120.090402,0,3,RC12,TRUE,Active,Alive,Helicopter
G72E65B84,GPUD_Survival,live_release,B,5,Lot 1,11H,135,22.899999618530273,2026-05-02,2026-05-01T16:54:22Z,2026-05-03T15:52:00Z,Rock Island Tailrace,Rock Island Tailrace - CHINOOK,47.341487,-120.090402,0,3,RC12,TRUE,Active,Alive,Helicopter
G72B80F95,GPUD_Survival,live_release,B,5,Lot 3,11H,120,17,2026-05-02,2026-05-01T16:55:06Z,2026-05-03T15:52:00Z,Rock Island Tailrace,Rock Island Tailrace - CHINOOK,47.341487,-120.090402,0,3,RC12,TRUE,Active,Alive,Helicopter
G72CDBEB0,GPUD_Survival,live_release,B,6,Lot 3,11H,115,15.800000190734863,2026-05-02,2026-05-01T16:55:30Z,2026-05-03T15:52:00Z,Rock Island Tailrace,Rock Island Tailrace - CHINOOK,47.341487,-120.090402,0,3,RC12,TRUE,Active,Alive,Helicopter
G72A97465,GPUD_Survival,live_release,B,6,Lot 2,11H,115,15.100000381469727,2026-05-02,2026-05-01T16:56:43Z,2026-05-03T15:52:00Z,Rock Island Tailrace,Rock Island Tailrace - CHINOOK,47.341487,-120.090402,0,3,RC12,TRUE,Active,Alive,Helicopter
G72EF975F,GPUD_Survival,live_release,B,7,Lot 3,11W,125,19.600000381469727,2026-05-02,2026-05-01T16:57:10Z,2026-05-03T15:52:00Z,Rock Island Tailrace,Rock Island Tailrace - CHINOOK,47.341487,-120.090402,0,3,RC12,TRUE,Active,Alive,Helicopter
G72B7F204,GPUD_Survival,live_release,B,7,Lot 3,11W,125,19.399999618530273,2026-05-02,2026-05-01T16:57:33Z,2026-05-03T15:52:00Z,Rock Island Tailrace,Rock Island Tailrace - CHINOOK,47.341487,-120.090402,0,3,RC12,TRUE,Active,Alive,Helicopter
G72280CB4,GPUD_Survival,live_release,B,8,Lot 1,11H,129,21.100000381469727,2026-05-02,2026-05-01T16:58:01Z,2026-05-03T15:52:00Z,Rock Island Tailrace,Rock Island Tailrace - CHINOOK,47.341487,-120.090402,0,3,RC12,TRUE,Active,Alive,Helicopter
G72E68492,GPUD_Survival,live_release,B,8,Lot 1,11H,140,28.399999618530273,2026-05-02,2026-05-01T16:58:58Z,2026-05-03T15:52:00Z,Rock Island Tailrace,Rock Island Tailrace - CHINOOK,47.341487,-120.090402,0,3,RC12,TRUE,Active,Alive,Helicopter
G72B4970B,GPUD_Survival,live_release,B,9,Lot 2,11W,134,24.100000381469727,2026-05-02,2026-05-01T16:59:17Z,2026-05-03T15:52:00Z,Rock Island Tailrace,Rock Island Tailrace - CHINOOK,47.341487,-120.090402,0,3,RC12,TRUE,Active,Alive,Helicopter
G7216097A,GPUD_Survival,live_release,B,9,Lot 3,11W,134,24.100000381469727,2026-05-02,2026-05-01T16:59:39Z,2026-05-03T15:52:00Z,Rock Island Tailrace,Rock Island Tailrace - CHINOOK,47.341487,-120.090402,0,3,RC12,TRUE,Active,Alive,Helicopter
G72B3AA26,GPUD_Survival,live_release,B,10,Lot 1,11H,130,22.600000381469727,2026-05-02,2026-05-01T17:00:40Z,2026-05-03T15:52:00Z,Rock Island Tailrace,Rock Island Tailrace - CHINOOK,47.341487,-120.090402,0,3,RC12,TRUE,Active,Alive,Helicopter
G728376FF,GPUD_Survival,live_release,B,10,Lot 3,11H,170,46.29999923706055,2026-05-02,2026-05-01T17:01:06Z,2026-05-03T15:52:00Z,Rock Island Tailrace,Rock Island Tailrace - CHINOOK,47.341487,-120.090402,0,3,RC12,TRUE,Active,Alive,Helicopter
G7276BC2D,GPUD_Survival,live_release,B,11,Lot 1,11H,144,29,2026-05-02,2026-05-01T17:01:25Z,2026-05-03T15:52:00Z,Rock Island Tailrace,Rock Island Tailrace - CHINOOK,47.341487,-120.090402,0,3,RC12,TRUE,Active,Alive,Helicopter
G72890A43,GPUD_Survival,live_release,B,11,Lot 1,11H,120,17.799999237060547,2026-05-02,2026-05-01T17:01:56Z,2026-05-03T15:52:00Z,Rock Island Tailrace,Rock Island Tailrace - CHINOOK,47.341487,-120.090402,0,3,RC12,TRUE,Active,Alive,Helicopter
G72E0E162,GPUD_Survival,live_release,B,12,Lot 1,11H,123,19.299999237060547,2026-05-02,2026-05-01T17:02:36Z,2026-05-03T15:52:00Z,Rock Island Tailrace,Rock Island Tailrace - CHINOOK,47.341487,-120.090402,0,3,RC12,TRUE,Active,Alive,Helicopter
G72B7D379,GPUD_Survival,live_release,B,12,Lot 1,11H,119,18.600000381469727,2026-05-02,2026-05-01T17:03:28Z,2026-05-03T15:52:00Z,Rock Island Tailrace,Rock Island Tailrace - CHINOOK,47.341487,-120.090402,0,3,RC12,TRUE,Active,Alive,Helicopter
G72B4B937,GPUD_Survival,live_release,B,13,Lot 1,11H,124,18.899999618530273,2026-05-02,2026-05-01T17:03:48Z,2026-05-03T15:52:00Z,Rock Island Tailrace,Rock Island Tailrace - CHINOOK,47.341487,-120.090402,0,3,RC12,TRUE,Active,Alive,Helicopter
G72CF3731,GPUD_Survival,live_release,B,13,Lot 3,11H,143,28.700000762939453,2026-05-02,2026-05-01T17:04:25Z,2026-05-03T15:52:00Z,Rock Island Tailrace,Rock Island Tailrace - CHINOOK,47.341487,-120.090402,0,3,RC12,TRUE,Active,Alive,Helicopter
G72DD5AD4,GPUD_Survival,live_release,B,14,Lot 2,11H,173,52,2026-05-02,2026-05-01T17:04:44Z,2026-05-03T15:52:00Z,Rock Island Tailrace,Rock Island Tailrace - CHINOOK,47.341487,-120.090402,0,3,RC12,TRUE,Active,Alive,Helicopter
G724843E9,GPUD_Survival,live_release,B,14,Lot 3,11H,129,21,2026-05-02,2026-05-01T17:05:13Z,2026-05-03T15:52:00Z,Rock Island Tailrace,Rock Island Tailrace - CHINOOK,47.341487,-120.090402,0,3,RC12,TRUE,Active,Alive,Helicopter
G72D5A675,GPUD_Survival,live_release,B,15,Lot 1,11W,129,21.100000381469727,2026-05-02,2026-05-01T17:05:32Z,2026-05-03T15:52:00Z,Rock Island Tailrace,Rock Island Tailrace - CHINOOK,47.341487,-120.090402,0,3,RC12,TRUE,Active,Alive,Helicopter
G722CABA3,GPUD_Survival,live_release,B,15,Lot 1,11H,153,35.29999923706055,2026-05-02,2026-05-01T17:06:10Z,2026-05-03T15:52:00Z,Rock Island Tailrace,Rock Island Tailrace - CHINOOK,47.341487,-120.090402,0,3,RC12,TRUE,Active,Alive,Helicopter
G72464F96,GPUD_Survival,live_release,B,16,Lot 1,11W,120,16.899999618530273,2026-05-02,2026-05-01T17:06:54Z,2026-05-03T15:52:00Z,Rock Island Tailrace,Rock Island Tailrace - CHINOOK,47.341487,-120.090402,0,3,RC12,TRUE,Active,Alive,Helicopter
G7274B79C,GPUD_Survival,live_release,B,16,Lot 3,11W,126,17.5,2026-05-02,2026-05-01T17:07:18Z,2026-05-03T15:52:00Z,Rock Island Tailrace,Rock Island Tailrace - CHINOOK,47.341487,-120.090402,0,3,RC12,TRUE,Active,Alive,Helicopter
G72C368E6,GPUD_Survival,live_release,B,17,Lot 2,11H,115,17.600000381469727,2026-05-02,2026-05-01T17:07:49Z,2026-05-03T15:52:00Z,Rock Island Tailrace,Rock Island Tailrace - CHINOOK,47.341487,-120.090402,0,3,RC12,TRUE,Active,Alive,Helicopter
G72B7EDD8,GPUD_Survival,live_release,B,17,Lot 3,11H,123,19.200000762939453,2026-05-02,2026-05-01T17:08:18Z,2026-05-03T15:52:00Z,Rock Island Tailrace,Rock Island Tailrace - CHINOOK,47.341487,-120.090402,0,3,RC12,TRUE,Active,Alive,Helicopter
G72844EED,GPUD_Survival,live_release,B,19,Lot 2,11H,135,26.600000381469727,2026-05-02,2026-05-01T17:08:49Z,2026-05-03T15:52:00Z,Rock Island Tailrace,Rock Island Tailrace - CHINOOK,47.341487,-120.090402,0,3,RC12,TRUE,Active,Alive,Helicopter
G724ACA68,GPUD_Survival,live_release,B,19,Lot 2,11H,120,18.100000381469727,2026-05-02,2026-05-01T17:09:15Z,2026-05-03T15:52:00Z,Rock Island Tailrace,Rock Island Tailrace - CHINOOK,47.341487,-120.090402,0,3,RC12,TRUE,Active,Alive,Helicopter
G7263E7C5,GPUD_Survival,live_release,B,18,Lot 1,11H,134,24.5,2026-05-02,2026-05-01T17:09:50Z,2026-05-03T15:52:00Z,Rock Island Tailrace,Rock Island Tailrace - CHINOOK,47.341487,-120.090402,0,3,RC12,TRUE,Active,Alive,Helicopter
G726340E9,GPUD_Survival,live_release,B,18,Lot 1,11H,116,15.800000190734863,2026-05-02,2026-05-01T17:10:33Z,2026-05-03T15:52:00Z,Rock Island Tailrace,Rock Island Tailrace - CHINOOK,47.341487,-120.090402,0,3,RC12,TRUE,Active,Alive,Helicopter
G720EABF3,GPUD_Survival,live_release,B,20,Lot 3,11H,154,32.599998474121094,2026-05-02,2026-05-01T17:10:59Z,2026-05-03T15:52:00Z,Rock Island Tailrace,Rock Island Tailrace - CHINOOK,47.341487,-120.090402,0,3,RC12,TRUE,Active,Alive,Helicopter
G728078B5,GPUD_Survival,live_release,B,20,Lot 3,11H,146,28.799999237060547,2026-05-02,2026-05-01T17:12:15Z,2026-05-03T15:52:00Z,Rock Island Tailrace,Rock Island Tailrace - CHINOOK,47.341487,-120.090402,0,3,RC12,TRUE,Active,Alive,Helicopter
G72BFD82F,GPUD_Survival,live_release,B,21,Lot 1,11H,110,12.699999809265137,2026-05-02,2026-05-01T17:12:41Z,2026-05-03T15:52:00Z,Rock Island Tailrace,Rock Island Tailrace - CHINOOK,47.341487,-120.090402,0,3,RC12,TRUE,Active,Alive,Helicopter
G720A8809,GPUD_Survival,live_release,B,21,Lot 3,11H,169,45.70000076293945,2026-05-02,2026-05-01T17:13:01Z,2026-05-03T15:52:00Z,Rock Island Tailrace,Rock Island Tailrace - CHINOOK,47.341487,-120.090402,0,3,RC12,TRUE,Active,Alive,Helicopter
G7250702F,GPUD_Survival,live_release,B,67,Lot 2,11H,156,38.599998474121094,2026-05-02,2026-05-01T17:14:12Z,2026-05-03T16:31:00Z,Priest Rapids Tailrace,Priest Rapids Tailrace - CHINOOK,46.632369,-119.895442,0,3,PC09,TRUE,Active,Alive,Helicopter
G72C17E37,GPUD_Survival,live_release,B,67,Lot 3,11H,117,18,2026-05-02,2026-05-01T17:14:45Z,2026-05-03T16:31:00Z,Priest Rapids Tailrace,Priest Rapids Tailrace - CHINOOK,46.632369,-119.895442,0,3,PC09,TRUE,Active,Alive,Helicopter
G720877AD,GPUD_Survival,live_release,B,68,Lot 3,11H,110,13.5,2026-05-02,2026-05-01T17:15:24Z,2026-05-03T16:31:00Z,Priest Rapids Tailrace,Priest Rapids Tailrace - CHINOOK,46.632369,-119.895442,0,3,PC09,TRUE,Active,Alive,Helicopter
G7215ECF9,GPUD_Survival,live_release,B,68,Lot 3,11H,154,36.599998474121094,2026-05-02,2026-05-01T17:16:03Z,2026-05-03T16:31:00Z,Priest Rapids Tailrace,Priest Rapids Tailrace - CHINOOK,46.632369,-119.895442,0,3,PC09,TRUE,Active,Alive,Helicopter
G729588D2,GPUD_Survival,live_release,B,69,Lot 1,11H,121,18.399999618530273,2026-05-02,2026-05-01T17:16:54Z,2026-05-03T16:31:00Z,Priest Rapids Tailrace,Priest Rapids Tailrace - CHINOOK,46.632369,-119.895442,0,3,PC09,TRUE,Active,Alive,Helicopter
G72F46067,GPUD_Survival,live_release,B,69,Lot 3,11W,118,17.799999237060547,2026-05-02,2026-05-01T17:18:03Z,2026-05-03T16:31:00Z,Priest Rapids Tailrace,Priest Rapids Tailrace - CHINOOK,46.632369,-119.895442,0,3,PC09,TRUE,Active,Alive,Helicopter
G727A33AD,GPUD_Survival,live_release,B,70,Lot 2,11H,155,38,2026-05-02,2026-05-01T17:18:24Z,2026-05-03T16:31:00Z,Priest Rapids Tailrace,Priest Rapids Tailrace - CHINOOK,46.632369,-119.895442,0,3,PC09,TRUE,Active,Alive,Helicopter
G72C21018,GPUD_Survival,live_release,B,70,Lot 1,11H,140,27.700000762939453,2026-05-02,2026-05-01T17:18:43Z,2026-05-03T16:31:00Z,Priest Rapids Tailrace,Priest Rapids Tailrace - CHINOOK,46.632369,-119.895442,0,3,PC09,TRUE,Active,Alive,Helicopter
G725D30E0,GPUD_Survival,live_release,B,71,Lot 1,11H,123,18.600000381469727,2026-05-02,2026-05-01T17:19:05Z,2026-05-03T16:31:00Z,Priest Rapids Tailrace,Priest Rapids Tailrace - CHINOOK,46.632369,-119.895442,0,3,PC09,TRUE,Active,Alive,Helicopter
G72C73326,GPUD_Survival,live_release,B,71,Lot 1,11H,153,32.20000076293945,2026-05-02,2026-05-01T17:19:23Z,2026-05-03T16:31:00Z,Priest Rapids Tailrace,Priest Rapids Tailrace - CHINOOK,46.632369,-119.895442,0,3,PC09,TRUE,Active,Alive,Helicopter
G72B6F39E,GPUD_Survival,live_release,B,72,Lot 1,11W,118,17.200000762939453,2026-05-02,2026-05-01T17:19:43Z,2026-05-03T16:31:00Z,Priest Rapids Tailrace,Priest Rapids Tailrace - CHINOOK,46.632369,-119.895442,0,3,PC09,TRUE,Active,Alive,Helicopter
G72EC38E4,GPUD_Survival,live_release,B,72,Lot 1,11H,160,38.599998474121094,2026-05-02,2026-05-01T17:20:10Z,2026-05-03T16:31:00Z,Priest Rapids Tailrace,Priest Rapids Tailrace - CHINOOK,46.632369,-119.895442,0,3,PC09,TRUE,Active,Alive,Helicopter
G72AA58B0,GPUD_Survival,live_release,B,73,Lot 3,11H,150,31.299999237060547,2026-05-02,2026-05-01T17:20:38Z,2026-05-03T16:31:00Z,Priest Rapids Tailrace,Priest Rapids Tailrace - CHINOOK,46.632369,-119.895442,0,3,PC09,TRUE,Active,Alive,Helicopter
G72A0CC27,GPUD_Survival,live_release,B,73,Lot 3,11H,175,47.599998474121094,2026-05-02,2026-05-01T17:21:03Z,2026-05-03T16:31:00Z,Priest Rapids Tailrace,Priest Rapids Tailrace - CHINOOK,46.632369,-119.895442,0,3,PC09,TRUE,Active,Alive,Helicopter
G72D2BDA6,GPUD_Survival,live_release,B,74,Lot 2,11H,135,23.299999237060547,2026-05-02,2026-05-01T17:21:33Z,2026-05-03T16:31:00Z,Priest Rapids Tailrace,Priest Rapids Tailrace - CHINOOK,46.632369,-119.895442,0,3,PC09,TRUE,Active,Alive,Helicopter
G725923A4,GPUD_Survival,live_release,B,74,Lot 1,11H,119,17.899999618530273,2026-05-02,2026-05-01T17:22:25Z,2026-05-03T16:31:00Z,Priest Rapids Tailrace,Priest Rapids Tailrace - CHINOOK,46.632369,-119.895442,0,3,PC09,TRUE,Active,Alive,Helicopter
G72BB61BA,GPUD_Survival,live_release,B,75,Lot 3,11H,129,22.5,2026-05-02,2026-05-01T17:22:49Z,2026-05-03T16:31:00Z,Priest Rapids Tailrace,Priest Rapids Tailrace - CHINOOK,46.632369,-119.895442,0,3,PC09,TRUE,Active,Alive,Helicopter
G72D47165,GPUD_Survival,live_release,B,75,Lot 2,11H,115,17.399999618530273,2026-05-02,2026-05-01T17:23:07Z,2026-05-03T16:31:00Z,Priest Rapids Tailrace,Priest Rapids Tailrace - CHINOOK,46.632369,-119.895442,0,3,PC09,TRUE,Active,Alive,Helicopter
G720E4A44,GPUD_Survival,live_release,B,76,Lot 3,11H,165,43.70000076293945,2026-05-02,2026-05-01T17:24:16Z,2026-05-03T16:31:00Z,Priest Rapids Tailrace,Priest Rapids Tailrace - CHINOOK,46.632369,-119.895442,0,3,PC09,TRUE,Active,Alive,Helicopter
G7261D9F5,GPUD_Survival,live_release,B,76,Lot 3,11H,165,42.900001525878906,2026-05-02,2026-05-01T17:24:39Z,2026-05-03T16:31:00Z,Priest Rapids Tailrace,Priest Rapids Tailrace - CHINOOK,46.632369,-119.895442,0,3,PC09,TRUE,Active,Alive,Helicopter
G72AA8DD8,GPUD_Survival,live_release,B,77,Lot 3,11H,135,25.799999237060547,2026-05-02,2026-05-01T17:25:16Z,2026-05-03T16:31:00Z,Priest Rapids Tailrace,Priest Rapids Tailrace - CHINOOK,46.632369,-119.895442,0,3,PC09,TRUE,Active,Alive,Helicopter
G727A2AAC,GPUD_Survival,live_release,B,77,Lot 2,11H,145,25.899999618530273,2026-05-02,2026-05-01T17:25:43Z,2026-05-03T16:31:00Z,Priest Rapids Tailrace,Priest Rapids Tailrace - CHINOOK,46.632369,-119.895442,0,3,PC09,TRUE,Active,Alive,Helicopter
G725C77E1,GPUD_Survival,live_release,B,78,Lot 1,11H,142,28.399999618530273,2026-05-02,2026-05-01T17:26:26Z,2026-05-03T16:31:00Z,Priest Rapids Tailrace,Priest Rapids Tailrace - CHINOOK,46.632369,-119.895442,0,3,PC09,TRUE,Active,Alive,Helicopter
G72EC6BDD,GPUD_Survival,live_release,B,78,Lot 1,11H,126,19.799999237060547,2026-05-02,2026-05-01T17:26:51Z,2026-05-03T16:31:00Z,Priest Rapids Tailrace,Priest Rapids Tailrace - CHINOOK,46.632369,-119.895442,0,3,PC09,TRUE,Active,Alive,Helicopter
G721D9C77,GPUD_Survival,live_release,B,79,Lot 2,11H,136,24.200000762939453,2026-05-02,2026-05-01T17:27:21Z,2026-05-03T16:31:00Z,Priest Rapids Tailrace,Priest Rapids Tailrace - CHINOOK,46.632369,-119.895442,0,3,PC09,TRUE,Active,Alive,Helicopter
G72EC0C3B,GPUD_Survival,live_release,B,79,Lot 1,11H,155,37,2026-05-02,2026-05-01T17:28:21Z,2026-05-03T16:31:00Z,Priest Rapids Tailrace,Priest Rapids Tailrace - CHINOOK,46.632369,-119.895442,0,3,PC09,TRUE,Active,Alive,Helicopter
G72F20FE9,GPUD_Survival,live_release,B,80,Lot 1,11H,163,46.599998474121094,2026-05-02,2026-05-01T17:29:36Z,2026-05-03T16:31:00Z,Priest Rapids Tailrace,Priest Rapids Tailrace - CHINOOK,46.632369,-119.895442,0,3,PC09,TRUE,Active,Alive,Helicopter
G72F6D619,GPUD_Survival,live_release,B,80,Lot 1,11W,135,24.5,2026-05-02,2026-05-01T17:30:20Z,2026-05-03T16:31:00Z,Priest Rapids Tailrace,Priest Rapids Tailrace - CHINOOK,46.632369,-119.895442,0,3,PC09,TRUE,Active,Alive,Helicopter
G72503CCA,GPUD_Survival,live_release,B,81,Lot 2,11H,140,27.799999237060547,2026-05-02,2026-05-01T17:30:40Z,2026-05-03T16:31:00Z,Priest Rapids Tailrace,Priest Rapids Tailrace - CHINOOK,46.632369,-119.895442,0,3,PC09,TRUE,Active,Alive,Helicopter
G7208BEFB,GPUD_Survival,live_release,B,81,Lot 1,11H,148,30,2026-05-02,2026-05-01T17:31:37Z,2026-05-03T16:31:00Z,Priest Rapids Tailrace,Priest Rapids Tailrace - CHINOOK,46.632369,-119.895442,0,3,PC09,TRUE,Active,Alive,Helicopter
G72032D2B,GPUD_Survival,dead_release,B,82,Lot 2,11H,118,16.299999237060547,2026-05-02,2026-05-01T17:32:21Z,2026-05-03T16:31:00Z,Priest Rapids Tailrace,Priest Rapids Tailrace - CHINOOK,46.632369,-119.895442,1,3,PC09,FALSE,Active,Euthanized,Helicopter
G7230A022,GPUD_Survival,dead_release,B,82,Lot 2,11H,125,20.5,2026-05-02,2026-05-01T17:32:57Z,2026-05-03T16:31:00Z,Priest Rapids Tailrace,Priest Rapids Tailrace - CHINOOK,46.632369,-119.895442,1,3,PC09,FALSE,Active,Euthanized,Helicopter
G72055084,GPUD_Survival,live_release,B,83,Lot 1,11W,123,16.799999237060547,2026-05-02,2026-05-01T17:33:56Z,2026-05-03T16:31:00Z,Priest Rapids Tailrace,Priest Rapids Tailrace - CHINOOK,46.632369,-119.895442,0,3,PC09,TRUE,Active,Alive,Helicopter
G72382D25,GPUD_Survival,live_release,B,83,Lot 2,11W,135,24.299999237060547,2026-05-02,2026-05-01T17:34:40Z,2026-05-03T16:31:00Z,Priest Rapids Tailrace,Priest Rapids Tailrace - CHINOOK,46.632369,-119.895442,0,3,PC09,TRUE,Active,Alive,Helicopter
G72386BBE,GPUD_Survival,live_release,B,84,Lot 2,11H,164,39.400001525878906,2026-05-02,2026-05-01T17:35:10Z,2026-05-03T16:31:00Z,Priest Rapids Tailrace,Priest Rapids Tailrace - CHINOOK,46.632369,-119.895442,0,3,PC09,TRUE,Active,Alive,Helicopter
G72DE0C87,GPUD_Survival,live_release,B,84,Lot 2,11W,126,20,2026-05-02,2026-05-01T17:35:29Z,2026-05-03T16:31:00Z,Priest Rapids Tailrace,Priest Rapids Tailrace - CHINOOK,46.632369,-119.895442,0,3,PC09,TRUE,Active,Alive,Helicopter
G725D74C7,GPUD_Survival,live_release,A,34,Lot 1,31H,190,61,2026-05-02,2026-05-01T17:50:12Z,2026-05-03T15:52:00Z,Rock Island Tailrace,Rock Island Tailrace - STEELHEAD,47.341487,-120.090402,0,3,RI07,TRUE,Active,Alive,Helicopter
G7252773D,GPUD_Survival,live_release,A,34,Lot 3,31H,181,51.20000076293945,2026-05-02,2026-05-01T17:50:55Z,2026-05-03T15:52:00Z,Rock Island Tailrace,Rock Island Tailrace - STEELHEAD,47.341487,-120.090402,0,3,RI07,TRUE,Active,Alive,Helicopter
G72E4516B,GPUD_Survival,live_release,A,35,Lot 1,31H,187,16.700000762939453,2026-05-02,2026-05-01T17:51:11Z,2026-05-03T15:52:00Z,Rock Island Tailrace,Rock Island Tailrace - STEELHEAD,47.341487,-120.090402,0,3,RI07,TRUE,Active,Alive,Helicopter
G72E8C9F5,GPUD_Survival,live_release,A,35,Lot 1,31H,183,60.5,2026-05-02,2026-05-01T17:51:59Z,2026-05-03T15:52:00Z,Rock Island Tailrace,Rock Island Tailrace - STEELHEAD,47.341487,-120.090402,0,3,RI07,TRUE,Active,Alive,Helicopter
G72BD0DD6,GPUD_Survival,live_release,A,36,Lot 3,31W,155,32.20000076293945,2026-05-02,2026-05-01T17:52:59Z,2026-05-03T15:52:00Z,Rock Island Tailrace,Rock Island Tailrace - STEELHEAD,47.341487,-120.090402,0,3,RI07,TRUE,Active,Alive,Helicopter
G7205894F,GPUD_Survival,live_release,A,36,Lot 1,31H,200,74.4000015258789,2026-05-02,2026-05-01T17:53:27Z,2026-05-03T15:52:00Z,Rock Island Tailrace,Rock Island Tailrace - STEELHEAD,47.341487,-120.090402,0,3,RI07,TRUE,Active,Alive,Helicopter
G728A68CF,GPUD_Survival,live_release,A,37,Lot 3,31H,177,47.099998474121094,2026-05-02,2026-05-01T17:53:49Z,2026-05-03T15:52:00Z,Rock Island Tailrace,Rock Island Tailrace - STEELHEAD,47.341487,-120.090402,0,3,RI07,TRUE,Active,Alive,Helicopter
G7249B0BB,GPUD_Survival,live_release,A,37,Lot 1,31H,195,67.0999984741211,2026-05-02,2026-05-01T17:54:08Z,2026-05-03T15:52:00Z,Rock Island Tailrace,Rock Island Tailrace - STEELHEAD,47.341487,-120.090402,0,3,RI07,TRUE,Active,Alive,Helicopter
G7285D29B,GPUD_Survival,live_release,A,38,Lot 1,31H,180,51.099998474121094,2026-05-02,2026-05-01T17:54:26Z,2026-05-03T15:52:00Z,Rock Island Tailrace,Rock Island Tailrace - STEELHEAD,47.341487,-120.090402,0,3,RI07,TRUE,Active,Alive,Helicopter
G7239EAA8,GPUD_Survival,live_release,A,38,Lot 2,31H,180,56.599998474121094,2026-05-02,2026-05-01T17:54:52Z,2026-05-03T15:52:00Z,Rock Island Tailrace,Rock Island Tailrace - STEELHEAD,47.341487,-120.090402,0,3,RI07,TRUE,Active,Alive,Helicopter
G7254154E,GPUD_Survival,live_release,A,39,Lot 1,31H,150,27.5,2026-05-02,2026-05-01T17:55:06Z,2026-05-03T15:52:00Z,Rock Island Tailrace,Rock Island Tailrace - STEELHEAD,47.341487,-120.090402,0,3,RI07,TRUE,Active,Alive,Helicopter
G72567919,GPUD_Survival,live_release,A,39,Lot 2,31W,155,34.79999923706055,2026-05-02,2026-05-01T17:55:24Z,2026-05-03T15:52:00Z,Rock Island Tailrace,Rock Island Tailrace - STEELHEAD,47.341487,-120.090402,0,3,RI07,TRUE,Active,Alive,Helicopter
G72B2BDFC,GPUD_Survival,live_release,A,40,Lot 1,31H,133,20.299999237060547,2026-05-02,2026-05-01T17:55:53Z,2026-05-03T15:52:00Z,Rock Island Tailrace,Rock Island Tailrace - STEELHEAD,47.341487,-120.090402,0,3,RI07,TRUE,Active,Alive,Helicopter
G72589B90,GPUD_Survival,live_release,A,40,Lot 2,31W,151,29.299999237060547,2026-05-02,2026-05-01T17:56:11Z,2026-05-03T15:52:00Z,Rock Island Tailrace,Rock Island Tailrace - STEELHEAD,47.341487,-120.090402,0,3,RI07,TRUE,Active,Alive,Helicopter
G72E1A202,GPUD_Survival,live_release,A,41,Lot 2,31H,188,53.900001525878906,2026-05-02,2026-05-01T17:56:36Z,2026-05-03T15:52:00Z,Rock Island Tailrace,Rock Island Tailrace - STEELHEAD,47.341487,-120.090402,0,3,RI07,TRUE,Active,Alive,Helicopter
G72207D64,GPUD_Survival,live_release,A,41,Lot 2,31H,197,73,2026-05-02,2026-05-01T17:57:06Z,2026-05-03T15:52:00Z,Rock Island Tailrace,Rock Island Tailrace - STEELHEAD,47.341487,-120.090402,0,3,RI07,TRUE,Active,Alive,Helicopter
G72C5AE5B,GPUD_Survival,live_release,A,42,Lot 1,31H,204,80.4000015258789,2026-05-02,2026-05-01T17:58:01Z,2026-05-03T15:52:00Z,Rock Island Tailrace,Rock Island Tailrace - STEELHEAD,47.341487,-120.090402,0,3,RI07,TRUE,Active,Alive,Helicopter
G72FA3B40,GPUD_Survival,live_release,A,42,Lot 2,31H,186,56.599998474121094,2026-05-02,2026-05-01T17:58:23Z,2026-05-03T15:52:00Z,Rock Island Tailrace,Rock Island Tailrace - STEELHEAD,47.341487,-120.090402,0,3,RI07,TRUE,Active,Alive,Helicopter
G72ED6B19,GPUD_Survival,live_release,A,43,Lot 2,31H,188,57.900001525878906,2026-05-02,2026-05-01T17:58:48Z,2026-05-03T15:52:00Z,Rock Island Tailrace,Rock Island Tailrace - STEELHEAD,47.341487,-120.090402,0,3,RI07,TRUE,Active,Alive,Helicopter
G726562DC,GPUD_Survival,live_release,A,43,Lot 1,31H,197,65.30000305175781,2026-05-02,2026-05-01T17:59:16Z,2026-05-03T15:52:00Z,Rock Island Tailrace,Rock Island Tailrace - STEELHEAD,47.341487,-120.090402,0,3,RI07,TRUE,Active,Alive,Helicopter
G72420595,GPUD_Survival,live_release,A,44,Lot 2,31H,194,59.79999923706055,2026-05-02,2026-05-01T17:59:46Z,2026-05-03T15:52:00Z,Rock Island Tailrace,Rock Island Tailrace - STEELHEAD,47.341487,-120.090402,0,3,RI07,TRUE,Active,Alive,Helicopter
G729850CE,GPUD_Survival,live_release,A,44,Lot 3,31W,179,44.20000076293945,2026-05-02,2026-05-01T18:00:19Z,2026-05-03T15:52:00Z,Rock Island Tailrace,Rock Island Tailrace - STEELHEAD,47.341487,-120.090402,0,3,RI07,TRUE,Active,Alive,Helicopter
G72D6BF21,GPUD_Survival,live_release,A,45,Lot 1,31H,165,42,2026-05-02,2026-05-01T18:00:43Z,2026-05-03T15:52:00Z,Rock Island Tailrace,Rock Island Tailrace - STEELHEAD,47.341487,-120.090402,0,3,RI07,TRUE,Active,Alive,Helicopter
G72A541A9,GPUD_Survival,live_release,A,45,Lot 3,31H,185,55.900001525878906,2026-05-02,2026-05-01T18:01:20Z,2026-05-03T15:52:00Z,Rock Island Tailrace,Rock Island Tailrace - STEELHEAD,47.341487,-120.090402,0,3,RI07,TRUE,Active,Alive,Helicopter
G72387F42,GPUD_Survival,live_release,A,46,Lot 2,31H,185,55.099998474121094,2026-05-02,2026-05-01T18:02:03Z,2026-05-03T15:52:00Z,Rock Island Tailrace,Rock Island Tailrace - STEELHEAD,47.341487,-120.090402,0,3,RI07,TRUE,Active,Alive,Helicopter
G7274E5FB,GPUD_Survival,live_release,A,46,Lot 3,31H,157,31.299999237060547,2026-05-02,2026-05-01T18:02:37Z,2026-05-03T15:52:00Z,Rock Island Tailrace,Rock Island Tailrace - STEELHEAD,47.341487,-120.090402,0,3,RI07,TRUE,Active,Alive,Helicopter
G72C9D490,GPUD_Survival,live_release,A,47,Lot 3,31W,160,35.900001525878906,2026-05-02,2026-05-01T18:03:22Z,2026-05-03T15:52:00Z,Rock Island Tailrace,Rock Island Tailrace - STEELHEAD,47.341487,-120.090402,0,3,RI07,TRUE,Active,Alive,Helicopter
G72E84FA4,GPUD_Survival,live_release,A,47,Lot 1,31H,193,69.0999984741211,2026-05-02,2026-05-01T18:03:47Z,2026-05-03T15:52:00Z,Rock Island Tailrace,Rock Island Tailrace - STEELHEAD,47.341487,-120.090402,0,3,RI07,TRUE,Active,Alive,Helicopter
G72DF73FA,GPUD_Survival,live_release,A,48,Lot 3,31H,181,51.20000076293945,2026-05-02,2026-05-01T18:04:30Z,2026-05-03T15:52:00Z,Rock Island Tailrace,Rock Island Tailrace - STEELHEAD,47.341487,-120.090402,0,3,RI07,TRUE,Active,Alive,Helicopter
G72C2A515,GPUD_Survival,live_release,A,48,Lot 1,31H,170,43.400001525878906,2026-05-02,2026-05-01T18:04:58Z,2026-05-03T15:52:00Z,Rock Island Tailrace,Rock Island Tailrace - STEELHEAD,47.341487,-120.090402,0,3,RI07,TRUE,Active,Alive,Helicopter
G72D058E1,GPUD_Survival,live_release,A,49,Lot 3,31W,210,77.9000015258789,2026-05-02,2026-05-01T18:05:47Z,2026-05-03T15:52:00Z,Rock Island Tailrace,Rock Island Tailrace - STEELHEAD,47.341487,-120.090402,0,3,RI07,TRUE,Active,Alive,Helicopter
G721393EA,GPUD_Survival,live_release,A,49,Lot 2,31H,189,59.20000076293945,2026-05-02,2026-05-01T18:06:21Z,2026-05-03T15:52:00Z,Rock Island Tailrace,Rock Island Tailrace - STEELHEAD,47.341487,-120.090402,0,3,RI07,TRUE,Active,Alive,Helicopter
G723D9F54,GPUD_Survival,live_release,A,50,Lot 1,31W,200,67,2026-05-02,2026-05-01T18:07:10Z,2026-05-03T15:52:00Z,Rock Island Tailrace,Rock Island Tailrace - STEELHEAD,47.341487,-120.090402,0,3,RI07,TRUE,Active,Alive,Helicopter
G72599F35,GPUD_Survival,live_release,A,50,Lot 1,31H,181,49.20000076293945,2026-05-02,2026-05-01T18:07:31Z,2026-05-03T15:52:00Z,Rock Island Tailrace,Rock Island Tailrace - STEELHEAD,47.341487,-120.090402,0,3,RI07,TRUE,Active,Alive,Helicopter
G72E3BEAD,GPUD_Survival,live_release,A,51,Lot 1,31W,145,26.799999237060547,2026-05-02,2026-05-01T18:07:57Z,2026-05-03T15:52:00Z,Rock Island Tailrace,Rock Island Tailrace - STEELHEAD,47.341487,-120.090402,0,3,RI07,TRUE,Active,Alive,Helicopter
G720BBD4C,GPUD_Survival,live_release,A,51,Lot 3,31W,160,37.099998474121094,2026-05-02,2026-05-01T18:08:21Z,2026-05-03T15:52:00Z,Rock Island Tailrace,Rock Island Tailrace - STEELHEAD,47.341487,-120.090402,0,3,RI07,TRUE,Active,Alive,Helicopter
G724CFE1D,GPUD_Survival,live_release,A,52,Lot 2,31H,209,83.0999984741211,2026-05-02,2026-05-01T18:09:00Z,2026-05-03T15:52:00Z,Rock Island Tailrace,Rock Island Tailrace - STEELHEAD,47.341487,-120.090402,0,3,RI07,TRUE,Active,Alive,Helicopter
G7249971B,GPUD_Survival,live_release,A,52,Lot 1,31H,196,66.9000015258789,2026-05-02,2026-05-01T18:09:41Z,2026-05-03T15:52:00Z,Rock Island Tailrace,Rock Island Tailrace - STEELHEAD,47.341487,-120.090402,0,3,RI07,TRUE,Active,Alive,Helicopter
G720B1E01,GPUD_Survival,live_release,A,53,Lot 3,31H,180,64.80000305175781,2026-05-02,2026-05-01T18:10:39Z,2026-05-03T15:52:00Z,Rock Island Tailrace,Rock Island Tailrace - STEELHEAD,47.341487,-120.090402,0,3,RI07,TRUE,Active,Alive,Helicopter
G726F9831,GPUD_Survival,live_release,A,53,Lot 2,31H,209,73.5999984741211,2026-05-02,2026-05-01T18:31:21Z,2026-05-03T15:52:00Z,Rock Island Tailrace,Rock Island Tailrace - STEELHEAD,47.341487,-120.090402,0,3,RI07,TRUE,Active,Alive,Helicopter
G7215222C,GPUD_Survival,live_release,A,54,Lot 3,31H,185,55.599998474121094,2026-05-02,2026-05-01T18:31:52Z,2026-05-03T15:52:00Z,Rock Island Tailrace,Rock Island Tailrace - STEELHEAD,47.341487,-120.090402,0,3,RI07,TRUE,Active,Alive,Helicopter
G72A8AC34,GPUD_Survival,live_release,A,54,Lot 1,31H,168,45.099998474121094,2026-05-02,2026-05-01T18:32:24Z,2026-05-03T15:52:00Z,Rock Island Tailrace,Rock Island Tailrace - STEELHEAD,47.341487,-120.090402,0,3,RI07,TRUE,Active,Alive,Helicopter
G72ADE292,GPUD_Survival,live_release,A,100,Lot 1,31H,202,72.4000015258789,2026-05-02,2026-05-01T18:34:44Z,2026-05-03T16:31:00Z,Priest Rapids Tailrace,Priest Rapids Tailrace - STEELHEAD,46.632369,-119.895442,0,3,PR04,TRUE,Active,Alive,Helicopter
G72631B12,GPUD_Survival,live_release,A,100,Lot 2,31H,182,50.900001525878906,2026-05-02,2026-05-01T18:36:37Z,2026-05-03T16:31:00Z,Priest Rapids Tailrace,Priest Rapids Tailrace - STEELHEAD,46.632369,-119.895442,0,3,PR04,TRUE,Active,Alive,Helicopter
G7217FF17,GPUD_Survival,live_release,A,101,Lot 2,31H,175,46.400001525878906,2026-05-02,2026-05-01T18:37:25Z,2026-05-03T16:31:00Z,Priest Rapids Tailrace,Priest Rapids Tailrace - STEELHEAD,46.632369,-119.895442,0,3,PR04,TRUE,Active,Alive,Helicopter
G7217C76B,GPUD_Survival,live_release,A,101,Lot 2,31H,194,66,2026-05-02,2026-05-01T18:41:14Z,2026-05-03T16:31:00Z,Priest Rapids Tailrace,Priest Rapids Tailrace - STEELHEAD,46.632369,-119.895442,0,3,PR04,TRUE,Active,Alive,Helicopter
G72EC20BB,GPUD_Survival,live_release,A,102,Lot 1,31H,180,48.5,2026-05-02,2026-05-01T18:42:05Z,2026-05-03T16:31:00Z,Priest Rapids Tailrace,Priest Rapids Tailrace - STEELHEAD,46.632369,-119.895442,0,3,PR04,TRUE,Active,Alive,Helicopter
G7291EDB3,GPUD_Survival,live_release,A,102,Lot 1,31H,179,44.599998474121094,2026-05-02,2026-05-01T18:42:43Z,2026-05-03T16:31:00Z,Priest Rapids Tailrace,Priest Rapids Tailrace - STEELHEAD,46.632369,-119.895442,0,3,PR04,TRUE,Active,Alive,Helicopter
G72ADC532,GPUD_Survival,live_release,A,103,Lot 1,31H,149,31.299999237060547,2026-05-02,2026-05-01T18:44:16Z,2026-05-03T16:31:00Z,Priest Rapids Tailrace,Priest Rapids Tailrace - STEELHEAD,46.632369,-119.895442,0,3,PR04,TRUE,Active,Alive,Helicopter
G7251A583,GPUD_Survival,live_release,A,103,Lot 3,31H,180,50.70000076293945,2026-05-02,2026-05-01T18:45:00Z,2026-05-03T16:31:00Z,Priest Rapids Tailrace,Priest Rapids Tailrace - STEELHEAD,46.632369,-119.895442,0,3,PR04,TRUE,Active,Alive,Helicopter
G72C44D94,GPUD_Survival,live_release,A,104,Lot 2,31W,158,36.900001525878906,2026-05-02,2026-05-01T18:45:44Z,2026-05-03T16:31:00Z,Priest Rapids Tailrace,Priest Rapids Tailrace - STEELHEAD,46.632369,-119.895442,0,3,PR04,TRUE,Active,Alive,Helicopter
G722CC1B8,GPUD_Survival,live_release,A,104,Lot 1,31H,175,50.5,2026-05-02,2026-05-01T18:46:18Z,2026-05-03T16:31:00Z,Priest Rapids Tailrace,Priest Rapids Tailrace - STEELHEAD,46.632369,-119.895442,0,3,PR04,TRUE,Active,Alive,Helicopter
G7262E840,GPUD_Survival,live_release,A,105,Lot 2,31H,173,45.20000076293945,2026-05-02,2026-05-01T18:47:15Z,2026-05-03T16:31:00Z,Priest Rapids Tailrace,Priest Rapids Tailrace - STEELHEAD,46.632369,-119.895442,0,3,PR04,TRUE,Active,Alive,Helicopter
G722A3C9B,GPUD_Survival,live_release,A,105,Lot 2,31H,179,47.900001525878906,2026-05-02,2026-05-01T18:48:00Z,2026-05-03T16:31:00Z,Priest Rapids Tailrace,Priest Rapids Tailrace - STEELHEAD,46.632369,-119.895442,0,3,PR04,TRUE,Active,Alive,Helicopter
G72AE33CE,GPUD_Survival,live_release,A,106,Lot 3,31W,152,29.5,2026-05-02,2026-05-01T18:48:38Z,2026-05-03T16:31:00Z,Priest Rapids Tailrace,Priest Rapids Tailrace - STEELHEAD,46.632369,-119.895442,0,3,PR04,TRUE,Active,Alive,Helicopter
G72907BBB,GPUD_Survival,live_release,A,106,Lot 2,31H,180,47.70000076293945,2026-05-02,2026-05-01T18:49:48Z,2026-05-03T16:31:00Z,Priest Rapids Tailrace,Priest Rapids Tailrace - STEELHEAD,46.632369,-119.895442,0,3,PR04,TRUE,Active,Alive,Helicopter
G72852053,GPUD_Survival,live_release,A,107,Lot 1,31W,180,51.29999923706055,2026-05-02,2026-05-01T18:51:46Z,2026-05-03T16:31:00Z,Priest Rapids Tailrace,Priest Rapids Tailrace - STEELHEAD,46.632369,-119.895442,0,3,PR04,TRUE,Active,Alive,Helicopter
G72C1A540,GPUD_Survival,live_release,A,107,Lot 1,31H,175,46.5,2026-05-02,2026-05-01T18:53:08Z,2026-05-03T16:31:00Z,Priest Rapids Tailrace,Priest Rapids Tailrace - STEELHEAD,46.632369,-119.895442,0,3,PR04,TRUE,Active,Alive,Helicopter
G72867AA3,GPUD_Survival,live_release,A,108,Lot 3,31H,190,59.400001525878906,2026-05-02,2026-05-01T18:54:08Z,2026-05-03T16:31:00Z,Priest Rapids Tailrace,Priest Rapids Tailrace - STEELHEAD,46.632369,-119.895442,0,3,PR04,TRUE,Active,Alive,Helicopter
G72249115,GPUD_Survival,live_release,A,108,Lot 2,31H,185,46.400001525878906,2026-05-02,2026-05-01T18:55:20Z,2026-05-03T16:31:00Z,Priest Rapids Tailrace,Priest Rapids Tailrace - STEELHEAD,46.632369,-119.895442,0,3,PR04,TRUE,Active,Alive,Helicopter
G72F3326E,GPUD_Survival,live_release,A,109,Lot 1,31H,185,56.099998474121094,2026-05-02,2026-05-01T18:56:09Z,2026-05-03T16:31:00Z,Priest Rapids Tailrace,Priest Rapids Tailrace - STEELHEAD,46.632369,-119.895442,0,3,PR04,TRUE,Active,Alive,Helicopter
G72BFF0CE,GPUD_Survival,live_release,A,109,Lot 1,31W,158,32.79999923706055,2026-05-02,2026-05-01T18:56:53Z,2026-05-03T16:31:00Z,Priest Rapids Tailrace,Priest Rapids Tailrace - STEELHEAD,46.632369,-119.895442,0,3,PR04,TRUE,Active,Alive,Helicopter
G72A1D5E2,GPUD_Survival,live_release,A,110,Lot 3,31H,185,58.5,2026-05-02,2026-05-01T18:57:43Z,2026-05-03T16:31:00Z,Priest Rapids Tailrace,Priest Rapids Tailrace - STEELHEAD,46.632369,-119.895442,0,3,PR04,TRUE,Active,Alive,Helicopter
G72380626,GPUD_Survival,live_release,A,110,Lot 2,31H,192,63.099998474121094,2026-05-02,2026-05-01T18:59:10Z,2026-05-03T16:31:00Z,Priest Rapids Tailrace,Priest Rapids Tailrace - STEELHEAD,46.632369,-119.895442,0,3,PR04,TRUE,Active,Alive,Helicopter
G7253A9B1,GPUD_Survival,live_release,A,111,Lot 1,31W,135,18.5,2026-05-02,2026-05-01T18:59:55Z,2026-05-03T16:31:00Z,Priest Rapids Tailrace,Priest Rapids Tailrace - STEELHEAD,46.632369,-119.895442,0,3,PR04,TRUE,Active,Alive,Helicopter
G7255BCB9,GPUD_Survival,live_release,A,111,Lot 2,31W,173,44,2026-05-02,2026-05-01T19:00:44Z,2026-05-03T16:31:00Z,Priest Rapids Tailrace,Priest Rapids Tailrace - STEELHEAD,46.632369,-119.895442,0,3,PR04,TRUE,Active,Alive,Helicopter
G72AA40EF,GPUD_Survival,live_release,A,112,Lot 3,31H,195,75.4000015258789,2026-05-02,2026-05-01T19:01:31Z,2026-05-03T16:31:00Z,Priest Rapids Tailrace,Priest Rapids Tailrace - STEELHEAD,46.632369,-119.895442,0,3,PR04,TRUE,Active,Alive,Helicopter
G72E5F43F,GPUD_Survival,live_release,A,112,Lot 3,31H,170,40.29999923706055,2026-05-02,2026-05-01T19:02:37Z,2026-05-03T16:31:00Z,Priest Rapids Tailrace,Priest Rapids Tailrace - STEELHEAD,46.632369,-119.895442,0,3,PR04,TRUE,Active,Alive,Helicopter
G72383698,GPUD_Survival,live_release,A,100,Lot 2,31H,205,66.69999694824219,2026-05-03,2026-05-01T19:03:12Z,2026-05-04T16:25:00Z,Priest Rapids Tailrace,Priest Rapids Tailrace - STEELHEAD,46.632369,-119.895442,0,3,PR05,TRUE,Active,Alive,Helicopter
G72DE1205,GPUD_Survival,live_release,A,100,Lot 2,31H,195,58.900001525878906,2026-05-03,2026-05-01T19:03:59Z,2026-05-04T16:25:00Z,Priest Rapids Tailrace,Priest Rapids Tailrace - STEELHEAD,46.632369,-119.895442,0,3,PR05,TRUE,Active,Alive,Helicopter
G723AC67D,GPUD_Survival,live_release,A,101,Lot 3,31H,200,73.5999984741211,2026-05-03,2026-05-01T19:06:00Z,2026-05-04T16:25:00Z,Priest Rapids Tailrace,Priest Rapids Tailrace - STEELHEAD,46.632369,-119.895442,0,3,PR05,TRUE,Active,Alive,Helicopter
G720457C3,GPUD_Survival,live_release,A,101,Lot 1,31W,163,39.099998474121094,2026-05-03,2026-05-01T19:06:52Z,2026-05-04T16:25:00Z,Priest Rapids Tailrace,Priest Rapids Tailrace - STEELHEAD,46.632369,-119.895442,0,3,PR05,TRUE,Active,Alive,Helicopter
G7213C94F,GPUD_Survival,live_release,A,102,Lot 2,31W,194,69.5,2026-05-03,2026-05-01T19:08:14Z,2026-05-04T16:25:00Z,Priest Rapids Tailrace,Priest Rapids Tailrace - STEELHEAD,46.632369,-119.895442,0,3,PR05,TRUE,Active,Alive,Helicopter
G7239902E,GPUD_Survival,live_release,A,102,Lot 2,31W,180,47.900001525878906,2026-05-03,2026-05-01T19:08:49Z,2026-05-04T16:25:00Z,Priest Rapids Tailrace,Priest Rapids Tailrace - STEELHEAD,46.632369,-119.895442,0,3,PR05,TRUE,Active,Alive,Helicopter
G72B554E7,GPUD_Survival,live_release,A,103,Lot 2,31H,193,67,2026-05-03,2026-05-01T19:09:27Z,2026-05-04T16:25:00Z,Priest Rapids Tailrace,Priest Rapids Tailrace - STEELHEAD,46.632369,-119.895442,0,3,PR05,TRUE,Active,Alive,Helicopter
G7276F196,GPUD_Survival,live_release,A,103,Lot 1,31H,196,61.79999923706055,2026-05-03,2026-05-01T19:09:59Z,2026-05-04T16:25:00Z,Priest Rapids Tailrace,Priest Rapids Tailrace - STEELHEAD,46.632369,-119.895442,0,3,PR05,TRUE,Active,Alive,Helicopter
G720DFB7D,GPUD_Survival,live_release,A,104,Lot 3,31W,195,68.69999694824219,2026-05-03,2026-05-01T19:11:14Z,2026-05-04T16:25:00Z,Priest Rapids Tailrace,Priest Rapids Tailrace - STEELHEAD,46.632369,-119.895442,0,3,PR05,TRUE,Active,Alive,Helicopter
G723B79CA,GPUD_Survival,live_release,B,1,Lot 2,11H,125,21.600000381469727,2026-05-03,2026-05-02T16:30:36Z,2026-05-04T15:47:00Z,Rock Island Tailrace,Rock Island Tailrace - CHINOOK,47.341487,-120.090402,0,3,RC13,TRUE,Active,Alive,Helicopter
G722F8EEA,GPUD_Survival,live_release,B,1,Lot 1,11H,171,50.29999923706055,2026-05-03,2026-05-02T16:31:36Z,2026-05-04T15:47:00Z,Rock Island Tailrace,Rock Island Tailrace - CHINOOK,47.341487,-120.090402,0,3,RC13,TRUE,Active,Alive,Helicopter
G724612B0,GPUD_Survival,live_release,B,2,Lot 1,11H,128,21.600000381469727,2026-05-03,2026-05-02T16:32:21Z,2026-05-04T15:47:00Z,Rock Island Tailrace,Rock Island Tailrace - CHINOOK,47.341487,-120.090402,0,3,RC13,TRUE,Active,Alive,Helicopter
G7264CA75,GPUD_Survival,live_release,B,3,Lot 3,11H,190,66.69999694824219,2026-05-03,2026-05-02T16:33:13Z,2026-05-04T15:47:00Z,Rock Island Tailrace,Rock Island Tailrace - CHINOOK,47.341487,-120.090402,0,3,RC13,TRUE,Active,Alive,Helicopter
G72A5FABB,GPUD_Survival,live_release,B,3,Lot 3,11H,126,21.799999237060547,2026-05-03,2026-05-02T16:34:07Z,2026-05-04T15:47:00Z,Rock Island Tailrace,Rock Island Tailrace - CHINOOK,47.341487,-120.090402,0,3,RC13,TRUE,Active,Alive,Helicopter
G728CBEEF,GPUD_Survival,live_release,B,4,Lot 1,11H,128,22.5,2026-05-03,2026-05-02T16:34:59Z,2026-05-04T15:47:00Z,Rock Island Tailrace,Rock Island Tailrace - CHINOOK,47.341487,-120.090402,0,3,RC13,TRUE,Active,Alive,Helicopter
G72C58F26,GPUD_Survival,live_release,B,4,Lot 2,11H,110,14.199999809265137,2026-05-03,2026-05-02T16:35:48Z,2026-05-04T15:47:00Z,Rock Island Tailrace,Rock Island Tailrace - CHINOOK,47.341487,-120.090402,0,3,RC13,TRUE,Active,Alive,Helicopter
G723C0D3D,GPUD_Survival,live_release,B,5,Lot 2,11H,124,20.5,2026-05-03,2026-05-02T16:37:50Z,2026-05-04T15:47:00Z,Rock Island Tailrace,Rock Island Tailrace - CHINOOK,47.341487,-120.090402,0,3,RC13,TRUE,Active,Alive,Helicopter
G72E94021,GPUD_Survival,live_release,B,5,Lot 1,11H,128,21.600000381469727,2026-05-03,2026-05-02T16:38:31Z,2026-05-04T15:47:00Z,Rock Island Tailrace,Rock Island Tailrace - CHINOOK,47.341487,-120.090402,0,3,RC13,TRUE,Active,Alive,Helicopter
G72C6F328,GPUD_Survival,live_release,B,6,Lot 1,11H,104,11.600000381469727,2026-05-03,2026-05-02T16:39:30Z,2026-05-04T15:47:00Z,Rock Island Tailrace,Rock Island Tailrace - CHINOOK,47.341487,-120.090402,0,3,RC13,TRUE,Active,Alive,Helicopter
G72ED6A47,GPUD_Survival,live_release,B,6,Lot 2,11H,120,17.5,2026-05-03,2026-05-02T16:41:02Z,2026-05-04T15:47:00Z,Rock Island Tailrace,Rock Island Tailrace - CHINOOK,47.341487,-120.090402,0,3,RC13,TRUE,Active,Alive,Helicopter
G721B825F,GPUD_Survival,live_release,B,7,Lot 3,11H,120,17.899999618530273,2026-05-03,2026-05-02T16:42:05Z,2026-05-04T15:47:00Z,Rock Island Tailrace,Rock Island Tailrace - CHINOOK,47.341487,-120.090402,0,3,RC13,TRUE,Active,Alive,Helicopter
G72C26763,GPUD_Survival,live_release,B,7,Lot 1,11H,134,22.299999237060547,2026-05-03,2026-05-02T16:42:43Z,2026-05-04T15:47:00Z,Rock Island Tailrace,Rock Island Tailrace - CHINOOK,47.341487,-120.090402,0,3,RC13,TRUE,Active,Alive,Helicopter
G729B377D,GPUD_Survival,live_release,B,8,Lot 3,11H,155,36,2026-05-03,2026-05-02T16:43:29Z,2026-05-04T15:47:00Z,Rock Island Tailrace,Rock Island Tailrace - CHINOOK,47.341487,-120.090402,0,3,RC13,TRUE,Active,Alive,Helicopter
G72B30496,GPUD_Survival,live_release,B,8,Lot 1,11H,125,20.399999618530273,2026-05-03,2026-05-02T16:43:57Z,2026-05-04T15:47:00Z,Rock Island Tailrace,Rock Island Tailrace - CHINOOK,47.341487,-120.090402,0,3,RC13,TRUE,Active,Alive,Helicopter
G72C179B4,GPUD_Survival,live_release,B,9,Lot 1,11H,112,15.300000190734863,2026-05-03,2026-05-02T16:45:35Z,2026-05-04T15:47:00Z,Rock Island Tailrace,Rock Island Tailrace - CHINOOK,47.341487,-120.090402,0,3,RC13,TRUE,Active,Alive,Helicopter
G728934E2,GPUD_Survival,live_release,B,9,Lot 1,11H,139,24.5,2026-05-03,2026-05-02T16:46:14Z,2026-05-04T15:47:00Z,Rock Island Tailrace,Rock Island Tailrace - CHINOOK,47.341487,-120.090402,0,3,RC13,TRUE,Active,Alive,Helicopter
G720E7AFA,GPUD_Survival,live_release,B,10,Lot 3,11H,113,14.899999618530273,2026-05-03,2026-05-02T16:54:17Z,2026-05-04T15:47:00Z,Rock Island Tailrace,Rock Island Tailrace - CHINOOK,47.341487,-120.090402,0,3,RC13,TRUE,Active,Alive,Helicopter
G72132F7B,GPUD_Survival,live_release,B,10,Lot 1,11W,165,42.900001525878906,2026-05-03,2026-05-02T16:57:22Z,2026-05-04T15:47:00Z,Rock Island Tailrace,Rock Island Tailrace - CHINOOK,47.341487,-120.090402,0,3,RC13,TRUE,Active,Alive,Helicopter
G7293BE1B,GPUD_Survival,live_release,B,11,Lot 1,11H,138,26.700000762939453,2026-05-03,2026-05-02T16:57:59Z,2026-05-04T15:47:00Z,Rock Island Tailrace,Rock Island Tailrace - CHINOOK,47.341487,-120.090402,0,3,RC13,TRUE,Active,Alive,Helicopter
G720FA528,GPUD_Survival,live_release,B,12,Lot 3,11H,138,21.399999618530273,2026-05-03,2026-05-02T16:58:29Z,2026-05-04T15:47:00Z,Rock Island Tailrace,Rock Island Tailrace - CHINOOK,47.341487,-120.090402,0,3,RC13,TRUE,Active,Alive,Helicopter
G72FB3FE5,GPUD_Survival,live_release,B,12,Lot 2,11H,138,29.700000762939453,2026-05-03,2026-05-02T16:59:12Z,2026-05-04T15:47:00Z,Rock Island Tailrace,Rock Island Tailrace - CHINOOK,47.341487,-120.090402,0,3,RC13,TRUE,Active,Alive,Helicopter
G726AA92E,GPUD_Survival,live_release,B,13,Lot 2,11W,122,18,2026-05-03,2026-05-02T16:59:47Z,2026-05-04T15:47:00Z,Rock Island Tailrace,Rock Island Tailrace - CHINOOK,47.341487,-120.090402,0,3,RC13,TRUE,Active,Alive,Helicopter
G725BD720,GPUD_Survival,live_release,B,13,Lot 1,11H,139,25,2026-05-03,2026-05-02T17:01:27Z,2026-05-04T15:47:00Z,Rock Island Tailrace,Rock Island Tailrace - CHINOOK,47.341487,-120.090402,0,3,RC13,TRUE,Active,Alive,Helicopter
G729A0846,GPUD_Survival,live_release,B,14,Lot 1,11H,129,22.5,2026-05-03,2026-05-02T17:02:03Z,2026-05-04T15:47:00Z,Rock Island Tailrace,Rock Island Tailrace - CHINOOK,47.341487,-120.090402,0,3,RC13,TRUE,Active,Alive,Helicopter
G7218EF92,GPUD_Survival,live_release,B,14,Lot 2,11W,128,19.899999618530273,2026-05-03,2026-05-02T17:02:59Z,2026-05-04T15:47:00Z,Rock Island Tailrace,Rock Island Tailrace - CHINOOK,47.341487,-120.090402,0,3,RC13,TRUE,Active,Alive,Helicopter
G72CAE2A6,GPUD_Survival,live_release,B,15,Lot 1,11H,111,13.800000190734863,2026-05-03,2026-05-02T17:03:36Z,2026-05-04T15:47:00Z,Rock Island Tailrace,Rock Island Tailrace - CHINOOK,47.341487,-120.090402,0,3,RC13,TRUE,Active,Alive,Helicopter
G7227F8B9,GPUD_Survival,live_release,B,15,Lot 1,11H,116,16.100000381469727,2026-05-03,2026-05-02T17:04:06Z,2026-05-04T15:47:00Z,Rock Island Tailrace,Rock Island Tailrace - CHINOOK,47.341487,-120.090402,0,3,RC13,TRUE,Active,Alive,Helicopter
G72CECF43,GPUD_Survival,live_release,B,16,Lot 3,11H,120,16.700000762939453,2026-05-03,2026-05-02T17:04:35Z,2026-05-04T15:47:00Z,Rock Island Tailrace,Rock Island Tailrace - CHINOOK,47.341487,-120.090402,0,3,RC13,TRUE,Active,Alive,Helicopter
G72F176D8,GPUD_Survival,live_release,B,16,Lot 1,11H,170,52.400001525878906,2026-05-03,2026-05-02T17:05:14Z,2026-05-04T15:47:00Z,Rock Island Tailrace,Rock Island Tailrace - CHINOOK,47.341487,-120.090402,0,3,RC13,TRUE,Active,Alive,Helicopter
G72DBB0E9,GPUD_Survival,live_release,B,17,Lot 3,11H,120,20.299999237060547,2026-05-03,2026-05-02T17:06:12Z,2026-05-04T15:47:00Z,Rock Island Tailrace,Rock Island Tailrace - CHINOOK,47.341487,-120.090402,0,3,RC13,TRUE,Active,Alive,Helicopter
G72642A9C,GPUD_Survival,live_release,B,17,Lot 1,11H,115,16,2026-05-03,2026-05-02T17:06:44Z,2026-05-04T15:47:00Z,Rock Island Tailrace,Rock Island Tailrace - CHINOOK,47.341487,-120.090402,0,3,RC13,TRUE,Active,Alive,Helicopter
G72E981B5,GPUD_Survival,live_release,B,18,Lot 2,11W,116,15.5,2026-05-03,2026-05-02T17:07:29Z,2026-05-04T15:47:00Z,Rock Island Tailrace,Rock Island Tailrace - CHINOOK,47.341487,-120.090402,0,3,RC13,TRUE,Active,Alive,Helicopter
G72870A9F,GPUD_Survival,live_release,B,18,Lot 3,11H,100,11.800000190734863,2026-05-03,2026-05-02T17:08:01Z,2026-05-04T15:47:00Z,Rock Island Tailrace,Rock Island Tailrace - CHINOOK,47.341487,-120.090402,0,3,RC13,TRUE,Active,Alive,Helicopter
G727A6649,GPUD_Survival,live_release,B,19,Lot 1,11H,121,18.100000381469727,2026-05-03,2026-05-02T17:08:42Z,2026-05-04T15:47:00Z,Rock Island Tailrace,Rock Island Tailrace - CHINOOK,47.341487,-120.090402,0,3,RC13,TRUE,Active,Alive,Helicopter
G7291D773,GPUD_Survival,live_release,B,19,Lot 1,11H,120,17.700000762939453,2026-05-03,2026-05-02T17:09:07Z,2026-05-04T15:47:00Z,Rock Island Tailrace,Rock Island Tailrace - CHINOOK,47.341487,-120.090402,0,3,RC13,TRUE,Active,Alive,Helicopter
G72AC2DDD,GPUD_Survival,live_release,B,20,Lot 3,11H,135,25.299999237060547,2026-05-03,2026-05-02T17:10:04Z,2026-05-04T15:47:00Z,Rock Island Tailrace,Rock Island Tailrace - CHINOOK,47.341487,-120.090402,0,3,RC13,TRUE,Active,Alive,Helicopter
G725C57C2,GPUD_Survival,live_release,B,20,Lot 1,11H,140,25.399999618530273,2026-05-03,2026-05-02T17:10:34Z,2026-05-04T15:47:00Z,Rock Island Tailrace,Rock Island Tailrace - CHINOOK,47.341487,-120.090402,0,3,RC13,TRUE,Active,Alive,Helicopter
G72E86ED9,GPUD_Survival,live_release,B,21,Lot 1,11H,122,18.100000381469727,2026-05-03,2026-05-02T17:11:07Z,2026-05-04T15:47:00Z,Rock Island Tailrace,Rock Island Tailrace - CHINOOK,47.341487,-120.090402,0,3,RC13,TRUE,Active,Alive,Helicopter
G7221DD0F,GPUD_Survival,live_release,B,21,Lot 3,11H,132,24,2026-05-03,2026-05-02T17:11:42Z,2026-05-04T15:47:00Z,Rock Island Tailrace,Rock Island Tailrace - CHINOOK,47.341487,-120.090402,0,3,RC13,TRUE,Active,Alive,Helicopter
G72852DAE,GPUD_Survival,live_release,B,22,Lot 2,11H,140,24.899999618530273,2026-05-03,2026-05-02T17:12:43Z,2026-05-04T15:47:00Z,Rock Island Tailrace,Rock Island Tailrace - CHINOOK,47.341487,-120.090402,0,3,RC13,TRUE,Active,Alive,Helicopter
G72B56038,GPUD_Survival,live_release,B,22,Lot 1,11H,150,31.200000762939453,2026-05-03,2026-05-02T17:13:25Z,2026-05-04T15:47:00Z,Rock Island Tailrace,Rock Island Tailrace - CHINOOK,47.341487,-120.090402,0,3,RC13,TRUE,Active,Alive,Helicopter
G72C633E2,GPUD_Survival,live_release,B,67,Lot 1,11H,152,30.700000762939453,2026-05-03,2026-05-02T17:23:22Z,2026-05-04T16:25:00Z,Priest Rapids Tailrace,Priest Rapids Tailrace - CHINOOK,46.632369,-119.895442,0,3,PC10,TRUE,Active,Alive,Helicopter
G722EC077,GPUD_Survival,live_release,B,67,Lot 2,11H,162,40.5,2026-05-03,2026-05-02T17:35:07Z,2026-05-04T16:25:00Z,Priest Rapids Tailrace,Priest Rapids Tailrace - CHINOOK,46.632369,-119.895442,0,3,PC10,TRUE,Active,Alive,Helicopter
G72B251B6,GPUD_Survival,live_release,B,68,Lot 1,11H,112,14.100000381469727,2026-05-03,2026-05-02T17:39:01Z,2026-05-04T16:25:00Z,Priest Rapids Tailrace,Priest Rapids Tailrace - CHINOOK,46.632369,-119.895442,0,3,PC10,TRUE,Active,Alive,Helicopter
G7252CE93,GPUD_Survival,live_release,B,68,Lot 3,11H,112,13.899999618530273,2026-05-03,2026-05-02T17:39:55Z,2026-05-04T16:25:00Z,Priest Rapids Tailrace,Priest Rapids Tailrace - CHINOOK,46.632369,-119.895442,0,3,PC10,TRUE,Active,Alive,Helicopter
G72ECB595,GPUD_Survival,live_release,B,69,Lot 1,11H,116,17,2026-05-03,2026-05-02T17:40:45Z,2026-05-04T16:25:00Z,Priest Rapids Tailrace,Priest Rapids Tailrace - CHINOOK,46.632369,-119.895442,0,3,PC10,TRUE,Active,Alive,Helicopter
G72A22D01,GPUD_Survival,live_release,B,69,Lot 2,11H,145,26.799999237060547,2026-05-03,2026-05-02T17:41:36Z,2026-05-04T16:25:00Z,Priest Rapids Tailrace,Priest Rapids Tailrace - CHINOOK,46.632369,-119.895442,0,3,PC10,TRUE,Active,Alive,Helicopter
G72416C39,GPUD_Survival,live_release,B,70,Lot 2,11H,130,22.100000381469727,2026-05-03,2026-05-02T17:43:38Z,2026-05-04T16:25:00Z,Priest Rapids Tailrace,Priest Rapids Tailrace - CHINOOK,46.632369,-119.895442,0,3,PC10,TRUE,Active,Alive,Helicopter
G72BB44A6,GPUD_Survival,live_release,B,70,Lot 3,11H,115,15.5,2026-05-03,2026-05-02T17:44:23Z,2026-05-04T16:25:00Z,Priest Rapids Tailrace,Priest Rapids Tailrace - CHINOOK,46.632369,-119.895442,0,3,PC10,TRUE,Active,Alive,Helicopter
G7230316D,GPUD_Survival,live_release,B,71,Lot 1,11H,132,21,2026-05-03,2026-05-02T17:44:56Z,2026-05-04T16:25:00Z,Priest Rapids Tailrace,Priest Rapids Tailrace - CHINOOK,46.632369,-119.895442,0,3,PC10,TRUE,Active,Alive,Helicopter
G7219B192,GPUD_Survival,live_release,B,71,Lot 2,11H,113,12.899999618530273,2026-05-03,2026-05-02T17:45:56Z,2026-05-04T16:25:00Z,Priest Rapids Tailrace,Priest Rapids Tailrace - CHINOOK,46.632369,-119.895442,0,3,PC10,TRUE,Active,Alive,Helicopter
G726FFBB6,GPUD_Survival,live_release,B,72,Lot 2,11H,122,20.100000381469727,2026-05-03,2026-05-02T17:46:50Z,2026-05-04T16:25:00Z,Priest Rapids Tailrace,Priest Rapids Tailrace - CHINOOK,46.632369,-119.895442,0,3,PC10,TRUE,Active,Alive,Helicopter
G721205E2,GPUD_Survival,live_release,B,72,Lot 3,11H,120,18,2026-05-03,2026-05-02T17:47:45Z,2026-05-04T16:25:00Z,Priest Rapids Tailrace,Priest Rapids Tailrace - CHINOOK,46.632369,-119.895442,0,3,PC10,TRUE,Active,Alive,Helicopter
G7242FEC1,GPUD_Survival,dead_release,B,73,Lot 2,11H,132,23.399999618530273,2026-05-03,2026-05-02T17:49:00Z,2026-05-04T16:25:00Z,Priest Rapids Tailrace,Priest Rapids Tailrace - CHINOOK,46.632369,-119.895442,1,3,PC10,FALSE,Active,Euthanized,Helicopter
G724ECA53,GPUD_Survival,dead_release,B,73,Lot 3,11H,130,22.799999237060547,2026-05-03,2026-05-02T17:49:45Z,2026-05-04T16:25:00Z,Priest Rapids Tailrace,Priest Rapids Tailrace - CHINOOK,46.632369,-119.895442,1,3,PC10,FALSE,Active,Euthanized,Helicopter
G72DA4684,GPUD_Survival,live_release,B,74,Lot 3,11H,121,17.100000381469727,2026-05-03,2026-05-02T17:50:12Z,2026-05-04T16:25:00Z,Priest Rapids Tailrace,Priest Rapids Tailrace - CHINOOK,46.632369,-119.895442,0,3,PC10,TRUE,Active,Alive,Helicopter
G72455520,GPUD_Survival,live_release,B,74,Lot 2,11H,115,13.800000190734863,2026-05-03,2026-05-02T17:51:30Z,2026-05-04T16:25:00Z,Priest Rapids Tailrace,Priest Rapids Tailrace - CHINOOK,46.632369,-119.895442,0,3,PC10,TRUE,Active,Alive,Helicopter
G7249A9BA,GPUD_Survival,live_release,B,75,Lot 2,11H,123,18.100000381469727,2026-05-03,2026-05-02T17:52:38Z,2026-05-04T16:25:00Z,Priest Rapids Tailrace,Priest Rapids Tailrace - CHINOOK,46.632369,-119.895442,0,3,PC10,TRUE,Active,Alive,Helicopter
G72E8EA34,GPUD_Survival,live_release,B,75,Lot 1,11H,126,21.100000381469727,2026-05-03,2026-05-02T17:53:20Z,2026-05-04T16:25:00Z,Priest Rapids Tailrace,Priest Rapids Tailrace - CHINOOK,46.632369,-119.895442,0,3,PC10,TRUE,Active,Alive,Helicopter
G728FBFE4,GPUD_Survival,live_release,B,76,Lot 3,11H,126,19.700000762939453,2026-05-03,2026-05-02T17:53:59Z,2026-05-04T16:25:00Z,Priest Rapids Tailrace,Priest Rapids Tailrace - CHINOOK,46.632369,-119.895442,0,3,PC10,TRUE,Active,Alive,Helicopter
G7287CDD6,GPUD_Survival,live_release,B,76,Lot 1,11H,134,24.5,2026-05-03,2026-05-02T17:54:25Z,2026-05-04T16:25:00Z,Priest Rapids Tailrace,Priest Rapids Tailrace - CHINOOK,46.632369,-119.895442,0,3,PC10,TRUE,Active,Alive,Helicopter
G72E4B940,GPUD_Survival,live_release,B,77,Lot 3,11H,134,22.200000762939453,2026-05-03,2026-05-02T17:54:55Z,2026-05-04T16:25:00Z,Priest Rapids Tailrace,Priest Rapids Tailrace - CHINOOK,46.632369,-119.895442,0,3,PC10,TRUE,Active,Alive,Helicopter
G72340354,GPUD_Survival,live_release,B,77,Lot 1,11W,115,15.300000190734863,2026-05-03,2026-05-02T17:55:50Z,2026-05-04T16:25:00Z,Priest Rapids Tailrace,Priest Rapids Tailrace - CHINOOK,46.632369,-119.895442,0,3,PC10,TRUE,Active,Alive,Helicopter
G72501114,GPUD_Survival,live_release,B,78,Lot 3,11W,121,17.5,2026-05-03,2026-05-02T17:56:35Z,2026-05-04T16:25:00Z,Priest Rapids Tailrace,Priest Rapids Tailrace - CHINOOK,46.632369,-119.895442,0,3,PC10,TRUE,Active,Alive,Helicopter
G72EF05F2,GPUD_Survival,live_release,B,78,Lot 2,11H,118,17.799999237060547,2026-05-03,2026-05-02T17:57:02Z,2026-05-04T16:25:00Z,Priest Rapids Tailrace,Priest Rapids Tailrace - CHINOOK,46.632369,-119.895442,0,3,PC10,TRUE,Active,Alive,Helicopter
G72C76141,GPUD_Survival,live_release,B,79,Lot 1,11W,124,19,2026-05-03,2026-05-02T17:57:37Z,2026-05-04T16:25:00Z,Priest Rapids Tailrace,Priest Rapids Tailrace - CHINOOK,46.632369,-119.895442,0,3,PC10,TRUE,Active,Alive,Helicopter
G720551DA,GPUD_Survival,live_release,B,79,Lot 1,11H,117,16.200000762939453,2026-05-03,2026-05-02T17:58:05Z,2026-05-04T16:25:00Z,Priest Rapids Tailrace,Priest Rapids Tailrace - CHINOOK,46.632369,-119.895442,0,3,PC10,TRUE,Active,Alive,Helicopter
G727B917A,GPUD_Survival,live_release,B,80,Lot 2,11H,145,29.399999618530273,2026-05-03,2026-05-02T17:58:31Z,2026-05-04T16:25:00Z,Priest Rapids Tailrace,Priest Rapids Tailrace - CHINOOK,46.632369,-119.895442,0,3,PC10,TRUE,Active,Alive,Helicopter
G72B56459,GPUD_Survival,live_release,B,80,Lot 2,11H,134,21,2026-05-03,2026-05-02T17:59:21Z,2026-05-04T16:25:00Z,Priest Rapids Tailrace,Priest Rapids Tailrace - CHINOOK,46.632369,-119.895442,0,3,PC10,TRUE,Active,Alive,Helicopter
G72FA4904,GPUD_Survival,live_release,B,81,Lot 3,11H,170,42.79999923706055,2026-05-03,2026-05-02T18:00:17Z,2026-05-04T16:25:00Z,Priest Rapids Tailrace,Priest Rapids Tailrace - CHINOOK,46.632369,-119.895442,0,3,PC10,TRUE,Active,Alive,Helicopter
G7211A29B,GPUD_Survival,live_release,B,82,Lot 3,11H,122,25,2026-05-03,2026-05-02T18:00:58Z,2026-05-04T16:25:00Z,Priest Rapids Tailrace,Priest Rapids Tailrace - CHINOOK,46.632369,-119.895442,0,3,PC10,TRUE,Active,Alive,Helicopter
G7278E915,GPUD_Survival,live_release,B,82,Lot 2,11W,122,18.299999237060547,2026-05-03,2026-05-02T18:03:19Z,2026-05-04T16:25:00Z,Priest Rapids Tailrace,Priest Rapids Tailrace - CHINOOK,46.632369,-119.895442,0,3,PC10,TRUE,Active,Alive,Helicopter
G72D96B0F,GPUD_Survival,live_release,B,84,Lot 1,11H,155,37.5,2026-05-03,2026-05-02T18:04:05Z,2026-05-04T16:25:00Z,Priest Rapids Tailrace,Priest Rapids Tailrace - CHINOOK,46.632369,-119.895442,0,3,PC10,TRUE,Active,Alive,Helicopter
G72B45A3C,GPUD_Survival,live_release,B,84,Lot 2,11H,122,18.299999237060547,2026-05-03,2026-05-02T18:04:53Z,2026-05-04T16:25:00Z,Priest Rapids Tailrace,Priest Rapids Tailrace - CHINOOK,46.632369,-119.895442,0,3,PC10,TRUE,Active,Alive,Helicopter
G72B9E245,GPUD_Survival,live_release,B,83,Lot 3,11H,140,28.899999618530273,2026-05-03,2026-05-02T18:05:29Z,2026-05-04T16:25:00Z,Priest Rapids Tailrace,Priest Rapids Tailrace - CHINOOK,46.632369,-119.895442,0,3,PC10,TRUE,Active,Alive,Helicopter
G7290E1D4,GPUD_Survival,live_release,B,83,Lot 2,11H,132,21,2026-05-03,2026-05-02T18:05:59Z,2026-05-04T16:25:00Z,Priest Rapids Tailrace,Priest Rapids Tailrace - CHINOOK,46.632369,-119.895442,0,3,PC10,TRUE,Active,Alive,Helicopter
G72CFC324,GPUD_Survival,live_release,B,85,Lot 3,11W,132,21.5,2026-05-03,2026-05-02T18:06:48Z,2026-05-04T16:25:00Z,Priest Rapids Tailrace,Priest Rapids Tailrace - CHINOOK,46.632369,-119.895442,0,3,PC10,TRUE,Active,Alive,Helicopter
G72E32EBC,GPUD_Survival,live_release,A,34,Lot 3,31H,187,59.70000076293945,2026-05-03,2026-05-02T18:09:17Z,2026-05-04T15:47:00Z,Rock Island Tailrace,Rock Island Tailrace - STEELHEAD,47.341487,-120.090402,0,3,RI08,TRUE,Active,Alive,Helicopter
G7254232D,GPUD_Survival,live_release,A,34,Lot 1,31H,163,38.20000076293945,2026-05-03,2026-05-02T18:10:36Z,2026-05-04T15:47:00Z,Rock Island Tailrace,Rock Island Tailrace - STEELHEAD,47.341487,-120.090402,0,3,RI08,TRUE,Active,Alive,Helicopter
G726FE788,GPUD_Survival,live_release,A,35,Lot 2,31W,155,34.900001525878906,2026-05-03,2026-05-02T18:11:06Z,2026-05-04T15:47:00Z,Rock Island Tailrace,Rock Island Tailrace - STEELHEAD,47.341487,-120.090402,0,3,RI08,TRUE,Active,Alive,Helicopter
G72C7DF6C,GPUD_Survival,live_release,A,36,Lot 1,31W,186,54.29999923706055,2026-05-03,2026-05-02T18:12:08Z,2026-05-04T15:47:00Z,Rock Island Tailrace,Rock Island Tailrace - STEELHEAD,47.341487,-120.090402,0,3,RI08,TRUE,Active,Alive,Helicopter
G7219275E,GPUD_Survival,live_release,A,36,Lot 2,31W,187,56,2026-05-03,2026-05-02T18:12:58Z,2026-05-04T15:47:00Z,Rock Island Tailrace,Rock Island Tailrace - STEELHEAD,47.341487,-120.090402,0,3,RI08,TRUE,Active,Alive,Helicopter
G72C07BCC,GPUD_Survival,live_release,A,37,Lot 2,31H,165,42.900001525878906,2026-05-03,2026-05-02T18:13:48Z,2026-05-04T15:47:00Z,Rock Island Tailrace,Rock Island Tailrace - STEELHEAD,47.341487,-120.090402,0,3,RI08,TRUE,Active,Alive,Helicopter
G724E1545,GPUD_Survival,live_release,A,37,Lot 2,31W,197,61.29999923706055,2026-05-03,2026-05-02T18:14:33Z,2026-05-04T15:47:00Z,Rock Island Tailrace,Rock Island Tailrace - STEELHEAD,47.341487,-120.090402,0,3,RI08,TRUE,Active,Alive,Helicopter
G72F7B13B,GPUD_Survival,live_release,A,38,Lot 2,31W,147,25.700000762939453,2026-05-03,2026-05-02T18:15:09Z,2026-05-04T15:47:00Z,Rock Island Tailrace,Rock Island Tailrace - STEELHEAD,47.341487,-120.090402,0,3,RI08,TRUE,Active,Alive,Helicopter
G7251E1A4,GPUD_Survival,live_release,A,38,Lot 3,31W,166,37.29999923706055,2026-05-03,2026-05-02T18:15:40Z,2026-05-04T15:47:00Z,Rock Island Tailrace,Rock Island Tailrace - STEELHEAD,47.341487,-120.090402,0,3,RI08,TRUE,Active,Alive,Helicopter
G72FB2DC4,GPUD_Survival,live_release,A,39,Lot 1,31W,154,30.899999618530273,2026-05-03,2026-05-02T18:16:28Z,2026-05-04T15:47:00Z,Rock Island Tailrace,Rock Island Tailrace - STEELHEAD,47.341487,-120.090402,0,3,RI08,TRUE,Active,Alive,Helicopter
G72DB8CF4,GPUD_Survival,live_release,A,39,Lot 3,31H,156,34,2026-05-03,2026-05-02T18:17:08Z,2026-05-04T15:47:00Z,Rock Island Tailrace,Rock Island Tailrace - STEELHEAD,47.341487,-120.090402,0,3,RI08,TRUE,Active,Alive,Helicopter
G72CA9300,GPUD_Survival,live_release,A,40,Lot 1,31H,203,72.30000305175781,2026-05-03,2026-05-02T18:17:38Z,2026-05-04T15:47:00Z,Rock Island Tailrace,Rock Island Tailrace - STEELHEAD,47.341487,-120.090402,0,3,RI08,TRUE,Active,Alive,Helicopter
G72EA47F7,GPUD_Survival,live_release,A,40,Lot 3,31H,169,40.599998474121094,2026-05-03,2026-05-02T18:18:42Z,2026-05-04T15:47:00Z,Rock Island Tailrace,Rock Island Tailrace - STEELHEAD,47.341487,-120.090402,0,3,RI08,TRUE,Active,Alive,Helicopter
G72430D93,GPUD_Survival,live_release,A,41,Lot 2,31H,200,76.30000305175781,2026-05-03,2026-05-02T18:19:30Z,2026-05-04T15:47:00Z,Rock Island Tailrace,Rock Island Tailrace - STEELHEAD,47.341487,-120.090402,0,3,RI08,TRUE,Active,Alive,Helicopter
G72E4030C,GPUD_Survival,live_release,A,41,Lot 1,31W,155,29.799999237060547,2026-05-03,2026-05-02T18:19:59Z,2026-05-04T15:47:00Z,Rock Island Tailrace,Rock Island Tailrace - STEELHEAD,47.341487,-120.090402,0,3,RI08,TRUE,Active,Alive,Helicopter
G729A7A02,GPUD_Survival,live_release,A,42,Lot 1,31H,203,76.9000015258789,2026-05-03,2026-05-02T18:21:08Z,2026-05-04T15:47:00Z,Rock Island Tailrace,Rock Island Tailrace - STEELHEAD,47.341487,-120.090402,0,3,RI08,TRUE,Active,Alive,Helicopter
G7234A3FB,GPUD_Survival,live_release,A,42,Lot 3,31H,169,43.70000076293945,2026-05-03,2026-05-02T18:21:44Z,2026-05-04T15:47:00Z,Rock Island Tailrace,Rock Island Tailrace - STEELHEAD,47.341487,-120.090402,0,3,RI08,TRUE,Active,Alive,Helicopter
G728AA95B,GPUD_Survival,live_release,A,43,Lot 3,31W,135,20,2026-05-03,2026-05-02T18:22:33Z,2026-05-04T15:47:00Z,Rock Island Tailrace,Rock Island Tailrace - STEELHEAD,47.341487,-120.090402,0,3,RI08,TRUE,Active,Alive,Helicopter
G72849FE4,GPUD_Survival,live_release,A,47,Lot 1,31W,193,60.79999923706055,2026-05-03,2026-05-02T18:27:09Z,2026-05-04T15:47:00Z,Rock Island Tailrace,Rock Island Tailrace - STEELHEAD,47.341487,-120.090402,0,3,RI08,TRUE,Active,Alive,Helicopter
G720DFA23,GPUD_Survival,live_release,A,47,Lot 3,31H,169,45.20000076293945,2026-05-03,2026-05-02T18:28:17Z,2026-05-04T15:47:00Z,Rock Island Tailrace,Rock Island Tailrace - STEELHEAD,47.341487,-120.090402,0,3,RI08,TRUE,Active,Alive,Helicopter
G728BBAE0,GPUD_Survival,live_release,A,44,Lot 1,31W,180,52,2026-05-03,2026-05-02T18:28:50Z,2026-05-04T15:47:00Z,Rock Island Tailrace,Rock Island Tailrace - STEELHEAD,47.341487,-120.090402,0,3,RI08,TRUE,Active,Alive,Helicopter
G72EC7A1E,GPUD_Survival,live_release,A,44,Lot 1,31H,176,43.400001525878906,2026-05-03,2026-05-02T18:29:22Z,2026-05-04T15:47:00Z,Rock Island Tailrace,Rock Island Tailrace - STEELHEAD,47.341487,-120.090402,0,3,RI08,TRUE,Active,Alive,Helicopter
G72F6C684,GPUD_Survival,live_release,A,45,Lot 1,31H,198,64.19999694824219,2026-05-03,2026-05-02T18:29:55Z,2026-05-04T15:47:00Z,Rock Island Tailrace,Rock Island Tailrace - STEELHEAD,47.341487,-120.090402,0,3,RI08,TRUE,Active,Alive,Helicopter
G72039258,GPUD_Survival,live_release,A,45,Lot 2,31H,184,53.79999923706055,2026-05-03,2026-05-02T18:30:24Z,2026-05-04T15:47:00Z,Rock Island Tailrace,Rock Island Tailrace - STEELHEAD,47.341487,-120.090402,0,3,RI08,TRUE,Active,Alive,Helicopter
G723FEA02,GPUD_Survival,live_release,A,46,Lot 3,31H,197,67.30000305175781,2026-05-03,2026-05-02T18:30:48Z,2026-05-04T15:47:00Z,Rock Island Tailrace,Rock Island Tailrace - STEELHEAD,47.341487,-120.090402,0,3,RI08,TRUE,Active,Alive,Helicopter
G72526DDE,GPUD_Survival,live_release,A,46,Lot 3,31H,163,39.70000076293945,2026-05-03,2026-05-02T18:31:20Z,2026-05-04T15:47:00Z,Rock Island Tailrace,Rock Island Tailrace - STEELHEAD,47.341487,-120.090402,0,3,RI08,TRUE,Active,Alive,Helicopter
G72CBFDBE,GPUD_Survival,live_release,A,48,Lot 1,31H,163,37.599998474121094,2026-05-03,2026-05-02T18:31:50Z,2026-05-04T15:47:00Z,Rock Island Tailrace,Rock Island Tailrace - STEELHEAD,47.341487,-120.090402,0,3,RI08,TRUE,Active,Alive,Helicopter
G72409B0A,GPUD_Survival,live_release,A,48,Lot 2,31H,143,27.299999237060547,2026-05-03,2026-05-02T18:32:24Z,2026-05-04T15:47:00Z,Rock Island Tailrace,Rock Island Tailrace - STEELHEAD,47.341487,-120.090402,0,3,RI08,TRUE,Active,Alive,Helicopter
G72815BB0,GPUD_Survival,live_release,A,49,Lot 2,31H,187,57.5,2026-05-03,2026-05-02T18:33:07Z,2026-05-04T15:47:00Z,Rock Island Tailrace,Rock Island Tailrace - STEELHEAD,47.341487,-120.090402,0,3,RI08,TRUE,Active,Alive,Helicopter
G722011A2,GPUD_Survival,live_release,A,49,Lot 3,31H,203,69.4000015258789,2026-05-03,2026-05-02T18:34:21Z,2026-05-04T15:47:00Z,Rock Island Tailrace,Rock Island Tailrace - STEELHEAD,47.341487,-120.090402,0,3,RI08,TRUE,Active,Alive,Helicopter
G7220F015,GPUD_Survival,live_release,A,50,Lot 2,31H,191,58.20000076293945,2026-05-03,2026-05-02T18:35:29Z,2026-05-04T15:47:00Z,Rock Island Tailrace,Rock Island Tailrace - STEELHEAD,47.341487,-120.090402,0,3,RI08,TRUE,Active,Alive,Helicopter
G72422C2A,GPUD_Survival,live_release,A,50,Lot 2,31W,204,72.9000015258789,2026-05-03,2026-05-02T18:36:10Z,2026-05-04T15:47:00Z,Rock Island Tailrace,Rock Island Tailrace - STEELHEAD,47.341487,-120.090402,0,3,RI08,TRUE,Active,Alive,Helicopter
G72B22010,GPUD_Survival,live_release,A,51,Lot 1,31H,190,58.29999923706055,2026-05-03,2026-05-02T18:36:37Z,2026-05-04T15:47:00Z,Rock Island Tailrace,Rock Island Tailrace - STEELHEAD,47.341487,-120.090402,0,3,RI08,TRUE,Active,Alive,Helicopter
G72953E3D,GPUD_Survival,live_release,A,51,Lot 1,31H,209,82.5999984741211,2026-05-03,2026-05-02T18:37:09Z,2026-05-04T15:47:00Z,Rock Island Tailrace,Rock Island Tailrace - STEELHEAD,47.341487,-120.090402,0,3,RI08,TRUE,Active,Alive,Helicopter
G72F4387E,GPUD_Survival,live_release,A,52,Lot 2,31W,165,36.5,2026-05-03,2026-05-02T18:37:35Z,2026-05-04T15:47:00Z,Rock Island Tailrace,Rock Island Tailrace - STEELHEAD,47.341487,-120.090402,0,3,RI08,TRUE,Active,Alive,Helicopter
G7248F9A5,GPUD_Survival,live_release,A,52,Lot 2,31H,169,48,2026-05-03,2026-05-02T18:38:05Z,2026-05-04T15:47:00Z,Rock Island Tailrace,Rock Island Tailrace - STEELHEAD,47.341487,-120.090402,0,3,RI08,TRUE,Active,Alive,Helicopter
G72D5D7D3,GPUD_Survival,live_release,A,53,Lot 1,31H,185,53.5,2026-05-03,2026-05-02T18:38:47Z,2026-05-04T15:47:00Z,Rock Island Tailrace,Rock Island Tailrace - STEELHEAD,47.341487,-120.090402,0,3,RI08,TRUE,Active,Alive,Helicopter
G72E5FE41,GPUD_Survival,live_release,A,53,Lot 3,31H,175,48,2026-05-03,2026-05-02T18:39:17Z,2026-05-04T15:47:00Z,Rock Island Tailrace,Rock Island Tailrace - STEELHEAD,47.341487,-120.090402,0,3,RI08,TRUE,Active,Alive,Helicopter
G72E9C4CC,GPUD_Survival,live_release,A,55,Lot 2,31H,182,57.900001525878906,2026-05-03,2026-05-02T18:39:44Z,2026-05-04T15:47:00Z,Rock Island Tailrace,Rock Island Tailrace - STEELHEAD,47.341487,-120.090402,0,3,RI08,TRUE,Active,Alive,Helicopter
G72961896,GPUD_Survival,live_release,A,55,Lot 1,31W,154,29.700000762939453,2026-05-03,2026-05-02T18:40:15Z,2026-05-04T15:47:00Z,Rock Island Tailrace,Rock Island Tailrace - STEELHEAD,47.341487,-120.090402,0,3,RI08,TRUE,Active,Alive,Helicopter
G7286531C,GPUD_Survival,live_release,A,54,Lot 3,31W,175,45.099998474121094,2026-05-03,2026-05-02T18:41:11Z,2026-05-04T15:47:00Z,Rock Island Tailrace,Rock Island Tailrace - STEELHEAD,47.341487,-120.090402,0,3,RI08,TRUE,Active,Alive,Helicopter
G729BD149,GPUD_Survival,live_release,A,54,Lot 2,31H,200,74.80000305175781,2026-05-03,2026-05-02T18:41:44Z,2026-05-04T15:47:00Z,Rock Island Tailrace,Rock Island Tailrace - STEELHEAD,47.341487,-120.090402,0,3,RI08,TRUE,Active,Alive,Helicopter
G723E85E2,GPUD_Survival,live_release,A,104,Lot 1,31H,208,74.5999984741211,2026-05-03,2026-05-02T18:45:09Z,2026-05-04T16:25:00Z,Priest Rapids Tailrace,Priest Rapids Tailrace - STEELHEAD,46.632369,-119.895442,0,3,PR05,TRUE,Active,Alive,Helicopter
G72B9DB67,GPUD_Survival,live_release,A,105,Lot 3,31H,205,71.0999984741211,2026-05-03,2026-05-02T18:46:24Z,2026-05-04T16:25:00Z,Priest Rapids Tailrace,Priest Rapids Tailrace - STEELHEAD,46.632369,-119.895442,0,3,PR05,TRUE,Active,Alive,Helicopter
G72EB807A,GPUD_Survival,live_release,A,105,Lot 1,31H,180,53.79999923706055,2026-05-03,2026-05-02T18:47:00Z,2026-05-04T16:25:00Z,Priest Rapids Tailrace,Priest Rapids Tailrace - STEELHEAD,46.632369,-119.895442,0,3,PR05,TRUE,Active,Alive,Helicopter
G72CF0E13,GPUD_Survival,live_release,A,106,Lot 3,31W,177,50.20000076293945,2026-05-03,2026-05-02T18:48:04Z,2026-05-04T16:25:00Z,Priest Rapids Tailrace,Priest Rapids Tailrace - STEELHEAD,46.632369,-119.895442,0,3,PR05,TRUE,Active,Alive,Helicopter
G72E285F7,GPUD_Survival,live_release,A,106,Lot 1,31W,166,38.79999923706055,2026-05-03,2026-05-02T18:48:32Z,2026-05-04T16:25:00Z,Priest Rapids Tailrace,Priest Rapids Tailrace - STEELHEAD,46.632369,-119.895442,0,3,PR05,TRUE,Active,Alive,Helicopter
G72A0EFE6,GPUD_Survival,live_release,A,107,Lot 3,31H,168,40.900001525878906,2026-05-03,2026-05-02T18:49:02Z,2026-05-04T16:25:00Z,Priest Rapids Tailrace,Priest Rapids Tailrace - STEELHEAD,46.632369,-119.895442,0,3,PR05,TRUE,Active,Alive,Helicopter
G72152BB0,GPUD_Survival,live_release,A,107,Lot 3,31W,191,59.70000076293945,2026-05-03,2026-05-02T18:49:31Z,2026-05-04T16:25:00Z,Priest Rapids Tailrace,Priest Rapids Tailrace - STEELHEAD,46.632369,-119.895442,0,3,PR05,TRUE,Active,Alive,Helicopter
G722BB12E,GPUD_Survival,live_release,A,108,Lot 2,31W,175,45,2026-05-03,2026-05-02T18:49:56Z,2026-05-04T16:25:00Z,Priest Rapids Tailrace,Priest Rapids Tailrace - STEELHEAD,46.632369,-119.895442,0,3,PR05,TRUE,Active,Alive,Helicopter
G72F24972,GPUD_Survival,live_release,A,108,Lot 1,31H,181,50.400001525878906,2026-05-03,2026-05-02T18:50:34Z,2026-05-04T16:25:00Z,Priest Rapids Tailrace,Priest Rapids Tailrace - STEELHEAD,46.632369,-119.895442,0,3,PR05,TRUE,Active,Alive,Helicopter
G72684617,GPUD_Survival,live_release,A,109,Lot 3,31H,177,48.900001525878906,2026-05-03,2026-05-02T18:51:06Z,2026-05-04T16:25:00Z,Priest Rapids Tailrace,Priest Rapids Tailrace - STEELHEAD,46.632369,-119.895442,0,3,PR05,TRUE,Active,Alive,Helicopter
G72630933,GPUD_Survival,live_release,A,109,Lot 2,31W,183,50.20000076293945,2026-05-03,2026-05-02T18:52:44Z,2026-05-04T16:25:00Z,Priest Rapids Tailrace,Priest Rapids Tailrace - STEELHEAD,46.632369,-119.895442,0,3,PR05,TRUE,Active,Alive,Helicopter
G72E91D07,GPUD_Survival,live_release,A,110,Lot 1,31W,167,40.29999923706055,2026-05-03,2026-05-02T18:54:03Z,2026-05-04T16:25:00Z,Priest Rapids Tailrace,Priest Rapids Tailrace - STEELHEAD,46.632369,-119.895442,0,3,PR05,TRUE,Active,Alive,Helicopter
G72A4D29E,GPUD_Survival,live_release,A,110,Lot 3,31H,165,38.400001525878906,2026-05-03,2026-05-02T18:54:35Z,2026-05-04T16:25:00Z,Priest Rapids Tailrace,Priest Rapids Tailrace - STEELHEAD,46.632369,-119.895442,0,3,PR05,TRUE,Active,Alive,Helicopter
G721A2088,GPUD_Survival,live_release,A,111,Lot 3,31H,194,57.599998474121094,2026-05-03,2026-05-02T18:55:22Z,2026-05-04T16:25:00Z,Priest Rapids Tailrace,Priest Rapids Tailrace - STEELHEAD,46.632369,-119.895442,0,3,PR05,TRUE,Active,Alive,Helicopter
G722CC0E6,GPUD_Survival,live_release,A,111,Lot 1,31W,180,54.599998474121094,2026-05-03,2026-05-02T18:55:48Z,2026-05-04T16:25:00Z,Priest Rapids Tailrace,Priest Rapids Tailrace - STEELHEAD,46.632369,-119.895442,0,3,PR05,TRUE,Active,Alive,Helicopter
G722803F5,GPUD_Survival,live_release,A,112,Lot 1,31H,209,82.80000305175781,2026-05-03,2026-05-02T18:57:49Z,2026-05-04T16:25:00Z,Priest Rapids Tailrace,Priest Rapids Tailrace - STEELHEAD,46.632369,-119.895442,0,3,PR05,TRUE,Active,Alive,Helicopter
G72030C56,GPUD_Survival,live_release,A,112,Lot 2,31W,200,75,2026-05-03,2026-05-02T18:59:27Z,2026-05-04T16:25:00Z,Priest Rapids Tailrace,Priest Rapids Tailrace - STEELHEAD,46.632369,-119.895442,0,3,PR05,TRUE,Active,Alive,Helicopter
G72740C8E,GPUD_Survival,live_release,A,113,Lot 1,31W,185,54.79999923706055,2026-05-03,2026-05-02T19:00:05Z,2026-05-04T16:25:00Z,Priest Rapids Tailrace,Priest Rapids Tailrace - STEELHEAD,46.632369,-119.895442,0,3,PR05,TRUE,Active,Alive,Helicopter
G72F99226,GPUD_Survival,live_release,A,113,Lot 2,31H,203,71.69999694824219,2026-05-03,2026-05-02T19:00:37Z,2026-05-04T16:25:00Z,Priest Rapids Tailrace,Priest Rapids Tailrace - STEELHEAD,46.632369,-119.895442,0,3,PR05,TRUE,Active,Alive,Helicopter
G729ADAAD,GPUD_Survival,dead_release,A,114,Lot 3,31H,203,62.70000076293945,2026-05-03,2026-05-02T19:01:06Z,2026-05-04T16:25:00Z,Priest Rapids Tailrace,Priest Rapids Tailrace - STEELHEAD,46.632369,-119.895442,1,3,PR05,FALSE,Active,Euthanized,Helicopter
G72499C3B,GPUD_Survival,dead_release,A,114,Lot 1,31H,160,33.900001525878906,2026-05-03,2026-05-02T19:01:39Z,2026-05-04T16:25:00Z,Priest Rapids Tailrace,Priest Rapids Tailrace - STEELHEAD,46.632369,-119.895442,1,3,PR05,FALSE,Active,Euthanized,Helicopter
G726EB014,GPUD_Survival,live_release,A,115,Lot 2,31H,170,45.900001525878906,2026-05-03,2026-05-02T19:02:14Z,2026-05-04T16:25:00Z,Priest Rapids Tailrace,Priest Rapids Tailrace - STEELHEAD,46.632369,-119.895442,0,3,PR05,TRUE,Active,Alive,Helicopter
G723CC3E8,GPUD_Survival,live_release,A,115,Lot 2,31W,182,52.599998474121094,2026-05-03,2026-05-02T19:02:49Z,2026-05-04T16:25:00Z,Priest Rapids Tailrace,Priest Rapids Tailrace - STEELHEAD,46.632369,-119.895442,0,3,PR05,TRUE,Active,Alive,Helicopter
G729D7791,GPUD_Survival,live_release,A,116,Lot 1,31H,203,77.5,2026-05-03,2026-05-02T19:03:22Z,2026-05-04T16:25:00Z,Priest Rapids Tailrace,Priest Rapids Tailrace - STEELHEAD,46.632369,-119.895442,0,3,PR05,TRUE,Active,Alive,Helicopter
G7270A73A,GPUD_Survival,live_release,A,116,Lot 2,31H,175,49.400001525878906,2026-05-03,2026-05-02T19:03:51Z,2026-05-04T16:25:00Z,Priest Rapids Tailrace,Priest Rapids Tailrace - STEELHEAD,46.632369,-119.895442,0,3,PR05,TRUE,Active,Alive,Helicopter
G72B7F665,GPUD_Survival,live_release,A,117,Lot 3,31H,157,33.70000076293945,2026-05-03,2026-05-02T19:04:42Z,2026-05-04T16:25:00Z,Priest Rapids Tailrace,Priest Rapids Tailrace - STEELHEAD,46.632369,-119.895442,0,3,PR05,TRUE,Active,Alive,Helicopter
G724FF9CB,GPUD_Survival,live_release,A,100,Lot 3,31H,166,33,2026-05-04,2026-05-02T19:06:01Z,2026-05-05T17:13:00Z,Priest Rapids Tailrace,Priest Rapids Tailrace - STEELHEAD,46.632369,-119.895442,0,3,PR06,TRUE,Active,Alive,Helicopter
G72BD166B,GPUD_Survival,live_release,A,100,Lot 3,31H,185,56.70000076293945,2026-05-04,2026-05-02T19:06:39Z,2026-05-05T17:13:00Z,Priest Rapids Tailrace,Priest Rapids Tailrace - STEELHEAD,46.632369,-119.895442,0,3,PR06,TRUE,Active,Alive,Helicopter
G723B2231,GPUD_Survival,live_release,A,101,Lot 3,31W,156,32.5,2026-05-04,2026-05-02T19:07:14Z,2026-05-05T17:13:00Z,Priest Rapids Tailrace,Priest Rapids Tailrace - STEELHEAD,46.632369,-119.895442,0,3,PR06,TRUE,Active,Alive,Helicopter
G72240CF9,GPUD_Survival,live_release,A,101,Lot 2,31H,179,46.29999923706055,2026-05-04,2026-05-02T19:07:54Z,2026-05-05T17:13:00Z,Priest Rapids Tailrace,Priest Rapids Tailrace - STEELHEAD,46.632369,-119.895442,0,3,PR06,TRUE,Active,Alive,Helicopter
G72A61418,GPUD_Survival,live_release,A,102,Lot 3,31W,162,38,2026-05-04,2026-05-02T19:09:07Z,2026-05-05T17:13:00Z,Priest Rapids Tailrace,Priest Rapids Tailrace - STEELHEAD,46.632369,-119.895442,0,3,PR06,TRUE,Active,Alive,Helicopter
G72A8F88E,GPUD_Survival,live_release,A,102,Lot 2,31H,181,49.400001525878906,2026-05-04,2026-05-02T19:09:40Z,2026-05-05T17:13:00Z,Priest Rapids Tailrace,Priest Rapids Tailrace - STEELHEAD,46.632369,-119.895442,0,3,PR06,TRUE,Active,Alive,Helicopter
G72BD2E17,GPUD_Survival,live_release,A,103,Lot 3,31W,165,37.400001525878906,2026-05-04,2026-05-02T19:10:15Z,2026-05-05T17:13:00Z,Priest Rapids Tailrace,Priest Rapids Tailrace - STEELHEAD,46.632369,-119.895442,0,3,PR06,TRUE,Active,Alive,Helicopter
G72EA576A,GPUD_Survival,live_release,A,103,Lot 3,31H,180,51.599998474121094,2026-05-04,2026-05-02T19:10:59Z,2026-05-05T17:13:00Z,Priest Rapids Tailrace,Priest Rapids Tailrace - STEELHEAD,46.632369,-119.895442,0,3,PR06,TRUE,Active,Alive,Helicopter
G725A31D0,GPUD_Survival,live_release,A,104,Lot 1,31H,178,48.900001525878906,2026-05-04,2026-05-02T19:11:39Z,2026-05-05T17:13:00Z,Priest Rapids Tailrace,Priest Rapids Tailrace - STEELHEAD,46.632369,-119.895442,0,3,PR06,TRUE,Active,Alive,Helicopter
G721E8A62,GPUD_Survival,live_release,B,34,Lot 1,11H,121,19.100000381469727,2026-05-04,2026-05-03T17:35:21Z,2026-05-05T16:45:00Z,Rock Island Tailrace,Rock Island Tailrace - CHINOOK,47.341487,-120.090402,0,3,RC14,FALSE,Active,Alive,Other
G723F9FC5,GPUD_Survival,live_release,B,34,Lot 2,11H,113,14.800000190734863,2026-05-04,2026-05-03T17:42:47Z,2026-05-05T16:45:00Z,Rock Island Tailrace,Rock Island Tailrace - CHINOOK,47.341487,-120.090402,0,3,RC14,FALSE,Active,Alive,Other
G7294988B,GPUD_Survival,live_release,B,35,Lot 1,11H,159,34.20000076293945,2026-05-04,2026-05-03T17:43:51Z,2026-05-05T16:45:00Z,Rock Island Tailrace,Rock Island Tailrace - CHINOOK,47.341487,-120.090402,0,3,RC14,FALSE,Active,Alive,Other
G72C8C34A,GPUD_Survival,live_release,B,35,Lot 1,11H,143,31.799999237060547,2026-05-04,2026-05-03T17:44:30Z,2026-05-05T16:45:00Z,Rock Island Tailrace,Rock Island Tailrace - CHINOOK,47.341487,-120.090402,0,3,RC14,FALSE,Active,Alive,Other
G725AE33B,GPUD_Survival,live_release,B,36,Lot 1,11H,155,33.20000076293945,2026-05-04,2026-05-03T17:45:22Z,2026-05-05T16:45:00Z,Rock Island Tailrace,Rock Island Tailrace - CHINOOK,47.341487,-120.090402,0,3,RC14,FALSE,Active,Alive,Other
G72B30774,GPUD_Survival,live_release,B,36,Lot 1,11H,124,19.600000381469727,2026-05-04,2026-05-03T17:45:46Z,2026-05-05T16:45:00Z,Rock Island Tailrace,Rock Island Tailrace - CHINOOK,47.341487,-120.090402,0,3,RC14,FALSE,Active,Alive,Other
G72D26F4D,GPUD_Survival,live_release,B,42,Lot 3,11H,125,20.100000381469727,2026-05-04,2026-05-03T17:46:21Z,2026-05-05T16:45:00Z,Rock Island Tailrace,Rock Island Tailrace - CHINOOK,47.341487,-120.090402,0,3,RC14,FALSE,Active,Alive,Other
G72B7D646,GPUD_Survival,live_release,B,37,Lot 1,11H,135,24.700000762939453,2026-05-04,2026-05-03T17:46:53Z,2026-05-05T16:45:00Z,Rock Island Tailrace,Rock Island Tailrace - CHINOOK,47.341487,-120.090402,0,3,RC14,FALSE,Active,Alive,Other
G723E02ED,GPUD_Survival,live_release,B,37,Lot 1,11H,120,15.699999809265137,2026-05-04,2026-05-03T17:47:25Z,2026-05-05T16:45:00Z,Rock Island Tailrace,Rock Island Tailrace - CHINOOK,47.341487,-120.090402,0,3,RC14,FALSE,Active,Alive,Other
G72C008D6,GPUD_Survival,live_release,B,38,Lot 1,11H,185,42.29999923706055,2026-05-04,2026-05-03T17:48:01Z,2026-05-05T16:45:00Z,Rock Island Tailrace,Rock Island Tailrace - CHINOOK,47.341487,-120.090402,0,3,RC14,FALSE,Active,Alive,Other
G72074655,GPUD_Survival,live_release,B,38,Lot 2,11H,120,16.600000381469727,2026-05-04,2026-05-03T17:48:36Z,2026-05-05T16:45:00Z,Rock Island Tailrace,Rock Island Tailrace - CHINOOK,47.341487,-120.090402,0,3,RC14,FALSE,Active,Alive,Other
G72DEC0EE,GPUD_Survival,live_release,B,39,Lot 3,11H,134,23.200000762939453,2026-05-04,2026-05-03T17:49:20Z,2026-05-05T16:45:00Z,Rock Island Tailrace,Rock Island Tailrace - CHINOOK,47.341487,-120.090402,0,3,RC14,FALSE,Active,Alive,Other
G720DD9E2,GPUD_Survival,live_release,B,39,Lot 3,11H,123,18.5,2026-05-04,2026-05-03T17:49:49Z,2026-05-05T16:45:00Z,Rock Island Tailrace,Rock Island Tailrace - CHINOOK,47.341487,-120.090402,0,3,RC14,FALSE,Active,Alive,Other
G72DADF09,GPUD_Survival,live_release,B,40,Lot 2,11H,107,11.800000190734863,2026-05-04,2026-05-03T17:51:21Z,2026-05-05T16:45:00Z,Rock Island Tailrace,Rock Island Tailrace - CHINOOK,47.341487,-120.090402,0,3,RC14,FALSE,Active,Alive,Other
G7274AD7F,GPUD_Survival,live_release,B,40,Lot 3,11H,151,33.099998474121094,2026-05-04,2026-05-03T17:51:48Z,2026-05-05T16:45:00Z,Rock Island Tailrace,Rock Island Tailrace - CHINOOK,47.341487,-120.090402,0,3,RC14,FALSE,Active,Alive,Other
G7215C39B,GPUD_Survival,live_release,B,41,Lot 3,11H,124,17.700000762939453,2026-05-04,2026-05-03T17:53:05Z,2026-05-05T16:45:00Z,Rock Island Tailrace,Rock Island Tailrace - CHINOOK,47.341487,-120.090402,0,3,RC14,FALSE,Active,Alive,Other
G7269240A,GPUD_Survival,live_release,B,41,Lot 3,11H,133,23.799999237060547,2026-05-04,2026-05-03T17:53:37Z,2026-05-05T16:45:00Z,Rock Island Tailrace,Rock Island Tailrace - CHINOOK,47.341487,-120.090402,0,3,RC14,FALSE,Active,Alive,Other
G72194204,GPUD_Survival,live_release,B,42,Lot 2,11H,124,25.700000762939453,2026-05-04,2026-05-03T17:55:01Z,2026-05-05T16:45:00Z,Rock Island Tailrace,Rock Island Tailrace - CHINOOK,47.341487,-120.090402,0,3,RC14,FALSE,Active,Alive,Other
G72F4A1F3,GPUD_Survival,live_release,B,43,Lot 2,11H,121,18.100000381469727,2026-05-04,2026-05-03T17:55:41Z,2026-05-05T16:45:00Z,Rock Island Tailrace,Rock Island Tailrace - CHINOOK,47.341487,-120.090402,0,3,RC14,FALSE,Active,Alive,Other
G726BA128,GPUD_Survival,live_release,B,43,Lot 3,11H,165,46.5,2026-05-04,2026-05-03T17:56:16Z,2026-05-05T16:45:00Z,Rock Island Tailrace,Rock Island Tailrace - CHINOOK,47.341487,-120.090402,0,3,RC14,FALSE,Active,Alive,Other
G72F924C9,GPUD_Survival,live_release,B,44,Lot 1,11H,121,19.100000381469727,2026-05-04,2026-05-03T17:56:44Z,2026-05-05T16:45:00Z,Rock Island Tailrace,Rock Island Tailrace - CHINOOK,47.341487,-120.090402,0,3,RC14,FALSE,Active,Alive,Other
G72A5E106,GPUD_Survival,live_release,B,44,Lot 3,11H,136,26.200000762939453,2026-05-04,2026-05-03T17:57:11Z,2026-05-05T16:45:00Z,Rock Island Tailrace,Rock Island Tailrace - CHINOOK,47.341487,-120.090402,0,3,RC14,FALSE,Active,Alive,Other
G722F3BE7,GPUD_Survival,live_release,B,45,Lot 1,11H,126,21.200000762939453,2026-05-04,2026-05-03T17:57:54Z,2026-05-05T16:45:00Z,Rock Island Tailrace,Rock Island Tailrace - CHINOOK,47.341487,-120.090402,0,3,RC14,FALSE,Active,Alive,Other
G7286D6AF,GPUD_Survival,live_release,B,45,Lot 3,11H,130,21.700000762939453,2026-05-04,2026-05-03T18:00:32Z,2026-05-05T16:45:00Z,Rock Island Tailrace,Rock Island Tailrace - CHINOOK,47.341487,-120.090402,0,3,RC14,FALSE,Active,Alive,Other
G72B4DD33,GPUD_Survival,live_release,B,46,Lot 1,11H,114,14.800000190734863,2026-05-04,2026-05-03T18:02:36Z,2026-05-05T16:45:00Z,Rock Island Tailrace,Rock Island Tailrace - CHINOOK,47.341487,-120.090402,0,3,RC14,FALSE,Active,Alive,Other
G723AF79D,GPUD_Survival,live_release,B,46,Lot 3,11H,130,22.100000381469727,2026-05-04,2026-05-03T18:03:14Z,2026-05-05T16:45:00Z,Rock Island Tailrace,Rock Island Tailrace - CHINOOK,47.341487,-120.090402,0,3,RC14,FALSE,Active,Alive,Other
G72E378BA,GPUD_Survival,live_release,B,47,Lot 1,11H,131,22.299999237060547,2026-05-04,2026-05-03T18:03:29Z,2026-05-05T16:45:00Z,Rock Island Tailrace,Rock Island Tailrace - CHINOOK,47.341487,-120.090402,0,3,RC14,FALSE,Active,Alive,Other
G72159D5F,GPUD_Survival,live_release,B,47,Lot 3,11H,113,15.399999618530273,2026-05-04,2026-05-03T18:03:54Z,2026-05-05T16:45:00Z,Rock Island Tailrace,Rock Island Tailrace - CHINOOK,47.341487,-120.090402,0,3,RC14,FALSE,Active,Alive,Other
G72560542,GPUD_Survival,live_release,B,48,Lot 2,11H,120,16.899999618530273,2026-05-04,2026-05-03T18:04:27Z,2026-05-05T16:45:00Z,Rock Island Tailrace,Rock Island Tailrace - CHINOOK,47.341487,-120.090402,0,3,RC14,FALSE,Active,Alive,Other
G726B21A4,GPUD_Survival,live_release,B,48,Lot 2,11H,160,40.599998474121094,2026-05-04,2026-05-03T18:06:19Z,2026-05-05T16:45:00Z,Rock Island Tailrace,Rock Island Tailrace - CHINOOK,47.341487,-120.090402,0,3,RC14,FALSE,Active,Alive,Other
G728D4CE3,GPUD_Survival,live_release,B,49,Lot 3,11H,156,34.70000076293945,2026-05-04,2026-05-03T18:06:44Z,2026-05-05T16:45:00Z,Rock Island Tailrace,Rock Island Tailrace - CHINOOK,47.341487,-120.090402,0,3,RC14,FALSE,Active,Alive,Other
G7271D367,GPUD_Survival,live_release,B,49,Lot 1,11H,135,20,2026-05-04,2026-05-03T18:07:32Z,2026-05-05T16:45:00Z,Rock Island Tailrace,Rock Island Tailrace - CHINOOK,47.341487,-120.090402,0,3,RC14,FALSE,Active,Alive,Other
G7234FEDD,GPUD_Survival,live_release,B,50,Lot 3,11H,130,22.799999237060547,2026-05-04,2026-05-03T18:08:02Z,2026-05-05T16:45:00Z,Rock Island Tailrace,Rock Island Tailrace - CHINOOK,47.341487,-120.090402,0,3,RC14,FALSE,Active,Alive,Other
G726907CB,GPUD_Survival,live_release,B,50,Lot 3,11H,118,16.600000381469727,2026-05-04,2026-05-03T18:08:25Z,2026-05-05T16:45:00Z,Rock Island Tailrace,Rock Island Tailrace - CHINOOK,47.341487,-120.090402,0,3,RC14,FALSE,Active,Alive,Other
G7207CF45,GPUD_Survival,live_release,B,51,Lot 2,11H,148,29.299999237060547,2026-05-04,2026-05-03T18:09:02Z,2026-05-05T16:45:00Z,Rock Island Tailrace,Rock Island Tailrace - CHINOOK,47.341487,-120.090402,0,3,RC14,FALSE,Active,Alive,Other
G72841A57,GPUD_Survival,live_release,B,51,Lot 2,11H,119,16.299999237060547,2026-05-04,2026-05-03T18:09:57Z,2026-05-05T16:45:00Z,Rock Island Tailrace,Rock Island Tailrace - CHINOOK,47.341487,-120.090402,0,3,RC14,FALSE,Active,Alive,Other
G72DD7915,GPUD_Survival,live_release,B,52,Lot 3,11H,124,18.299999237060547,2026-05-04,2026-05-03T18:10:19Z,2026-05-05T16:45:00Z,Rock Island Tailrace,Rock Island Tailrace - CHINOOK,47.341487,-120.090402,0,3,RC14,FALSE,Active,Alive,Other
G729D3896,GPUD_Survival,live_release,B,52,Lot 1,11H,122,21.799999237060547,2026-05-04,2026-05-03T18:11:48Z,2026-05-05T16:45:00Z,Rock Island Tailrace,Rock Island Tailrace - CHINOOK,47.341487,-120.090402,0,3,RC14,FALSE,Active,Alive,Other
G72EE796D,GPUD_Survival,live_release,B,53,Lot 1,11H,118,17.399999618530273,2026-05-04,2026-05-03T18:12:50Z,2026-05-05T16:45:00Z,Rock Island Tailrace,Rock Island Tailrace - CHINOOK,47.341487,-120.090402,0,3,RC14,FALSE,Active,Alive,Other
G72DF0BC0,GPUD_Survival,live_release,B,53,Lot 3,11H,137,22.5,2026-05-04,2026-05-03T18:13:16Z,2026-05-05T16:45:00Z,Rock Island Tailrace,Rock Island Tailrace - CHINOOK,47.341487,-120.090402,0,3,RC14,FALSE,Active,Alive,Other
G729A0659,GPUD_Survival,live_release,B,54,Lot 1,11H,132,25.299999237060547,2026-05-04,2026-05-03T18:13:48Z,2026-05-05T16:45:00Z,Rock Island Tailrace,Rock Island Tailrace - CHINOOK,47.341487,-120.090402,0,3,RC14,FALSE,Active,Alive,Other
G722EC8B5,GPUD_Survival,live_release,B,54,Lot 2,11H,135,25.399999618530273,2026-05-04,2026-05-03T18:14:20Z,2026-05-05T16:45:00Z,Rock Island Tailrace,Rock Island Tailrace - CHINOOK,47.341487,-120.090402,0,3,RC14,FALSE,Active,Alive,Other
G72B14A5E,GPUD_Survival,live_release,B,67,Lot 1,11H,158,35.20000076293945,2026-05-04,2026-05-03T18:18:45Z,2026-05-05T17:13:00Z,Priest Rapids Tailrace,Priest Rapids Tailrace - CHINOOK,46.632369,-119.895442,0,3,PC11,TRUE,Active,Alive,Helicopter
G72866DBD,GPUD_Survival,live_release,B,67,Lot 3,11H,110,16.100000381469727,2026-05-04,2026-05-03T18:19:38Z,2026-05-05T17:13:00Z,Priest Rapids Tailrace,Priest Rapids Tailrace - CHINOOK,46.632369,-119.895442,0,3,PC11,TRUE,Active,Alive,Helicopter
G72072D10,GPUD_Survival,live_release,B,68,Lot 2,11H,176,57.70000076293945,2026-05-04,2026-05-03T18:20:07Z,2026-05-05T17:13:00Z,Priest Rapids Tailrace,Priest Rapids Tailrace - CHINOOK,46.632369,-119.895442,0,3,PC11,TRUE,Active,Alive,Helicopter
G72686A97,GPUD_Survival,live_release,B,68,Lot 3,11H,133,22.899999618530273,2026-05-04,2026-05-03T18:20:39Z,2026-05-05T17:13:00Z,Priest Rapids Tailrace,Priest Rapids Tailrace - CHINOOK,46.632369,-119.895442,0,3,PC11,TRUE,Active,Alive,Helicopter
G7218643E,GPUD_Survival,live_release,B,69,Lot 2,11H,145,29.700000762939453,2026-05-04,2026-05-03T18:25:26Z,2026-05-05T17:13:00Z,Priest Rapids Tailrace,Priest Rapids Tailrace - CHINOOK,46.632369,-119.895442,0,3,PC11,TRUE,Active,Alive,Helicopter
G720EEFD4,GPUD_Survival,live_release,B,69,Lot 3,11H,143,27.100000381469727,2026-05-04,2026-05-03T18:26:12Z,2026-05-05T17:13:00Z,Priest Rapids Tailrace,Priest Rapids Tailrace - CHINOOK,46.632369,-119.895442,0,3,PC11,TRUE,Active,Alive,Helicopter
G724D88FC,GPUD_Survival,live_release,B,70,Lot 2,11H,162,40.5,2026-05-04,2026-05-03T18:27:30Z,2026-05-05T17:13:00Z,Priest Rapids Tailrace,Priest Rapids Tailrace - CHINOOK,46.632369,-119.895442,0,3,PC11,TRUE,Active,Alive,Helicopter
G72FA0180,GPUD_Survival,live_release,B,70,Lot 2,11H,116,14.600000381469727,2026-05-04,2026-05-03T18:28:00Z,2026-05-05T17:13:00Z,Priest Rapids Tailrace,Priest Rapids Tailrace - CHINOOK,46.632369,-119.895442,0,3,PC11,TRUE,Active,Alive,Helicopter
G72971E8F,GPUD_Survival,live_release,B,71,Lot 1,11H,155,34.79999923706055,2026-05-04,2026-05-03T18:28:26Z,2026-05-05T17:13:00Z,Priest Rapids Tailrace,Priest Rapids Tailrace - CHINOOK,46.632369,-119.895442,0,3,PC11,TRUE,Active,Alive,Helicopter
G721BCD58,GPUD_Survival,live_release,B,71,Lot 3,11H,121,19,2026-05-04,2026-05-03T18:28:52Z,2026-05-05T17:13:00Z,Priest Rapids Tailrace,Priest Rapids Tailrace - CHINOOK,46.632369,-119.895442,0,3,PC11,TRUE,Active,Alive,Helicopter
G7234CD81,GPUD_Survival,dead_release,B,72,Lot 3,11H,128,20.600000381469727,2026-05-04,2026-05-03T18:29:20Z,2026-05-05T17:13:00Z,Priest Rapids Tailrace,Priest Rapids Tailrace - CHINOOK,46.632369,-119.895442,1,3,PC11,FALSE,Active,Euthanized,Helicopter
G72D98C65,GPUD_Survival,dead_release,B,72,Lot 2,11H,150,33.29999923706055,2026-05-04,2026-05-03T18:29:45Z,2026-05-05T17:13:00Z,Priest Rapids Tailrace,Priest Rapids Tailrace - CHINOOK,46.632369,-119.895442,1,3,PC11,FALSE,Active,Euthanized,Helicopter
G72EE23C8,GPUD_Survival,live_release,B,73,Lot 1,11H,115,16.100000381469727,2026-05-04,2026-05-03T18:30:13Z,2026-05-05T17:13:00Z,Priest Rapids Tailrace,Priest Rapids Tailrace - CHINOOK,46.632369,-119.895442,0,3,PC11,TRUE,Active,Alive,Helicopter
G729DFFDF,GPUD_Survival,live_release,B,73,Lot 1,11H,141,28.399999618530273,2026-05-04,2026-05-03T18:30:29Z,2026-05-05T17:13:00Z,Priest Rapids Tailrace,Priest Rapids Tailrace - CHINOOK,46.632369,-119.895442,0,3,PC11,TRUE,Active,Alive,Helicopter
G72ED31BC,GPUD_Survival,live_release,B,74,Lot 1,11H,129,19.899999618530273,2026-05-04,2026-05-03T18:32:46Z,2026-05-05T17:13:00Z,Priest Rapids Tailrace,Priest Rapids Tailrace - CHINOOK,46.632369,-119.895442,0,3,PC11,TRUE,Active,Alive,Helicopter
G72210C06,GPUD_Survival,live_release,B,74,Lot 2,11H,131,24.5,2026-05-04,2026-05-03T18:33:14Z,2026-05-05T17:13:00Z,Priest Rapids Tailrace,Priest Rapids Tailrace - CHINOOK,46.632369,-119.895442,0,3,PC11,TRUE,Active,Alive,Helicopter
G72C7F531,GPUD_Survival,live_release,B,75,Lot 1,11H,130,21.799999237060547,2026-05-04,2026-05-03T18:34:05Z,2026-05-05T17:13:00Z,Priest Rapids Tailrace,Priest Rapids Tailrace - CHINOOK,46.632369,-119.895442,0,3,PC11,TRUE,Active,Alive,Helicopter
G721C998C,GPUD_Survival,live_release,B,75,Lot 2,11W,130,20.700000762939453,2026-05-04,2026-05-03T18:34:25Z,2026-05-05T17:13:00Z,Priest Rapids Tailrace,Priest Rapids Tailrace - CHINOOK,46.632369,-119.895442,0,3,PC11,TRUE,Active,Alive,Helicopter
G72D92408,GPUD_Survival,live_release,B,76,Lot 1,11H,175,52.099998474121094,2026-05-04,2026-05-03T18:35:02Z,2026-05-05T17:13:00Z,Priest Rapids Tailrace,Priest Rapids Tailrace - CHINOOK,46.632369,-119.895442,0,3,PC11,TRUE,Active,Alive,Helicopter
G724B3599,GPUD_Survival,live_release,B,76,Lot 2,11H,181,58.70000076293945,2026-05-04,2026-05-03T18:35:29Z,2026-05-05T17:13:00Z,Priest Rapids Tailrace,Priest Rapids Tailrace - CHINOOK,46.632369,-119.895442,0,3,PC11,TRUE,Active,Alive,Helicopter
G726EFDAF,GPUD_Survival,live_release,B,77,Lot 2,11H,115,15.899999618530273,2026-05-04,2026-05-03T18:36:07Z,2026-05-05T17:13:00Z,Priest Rapids Tailrace,Priest Rapids Tailrace - CHINOOK,46.632369,-119.895442,0,3,PC11,TRUE,Active,Alive,Helicopter
G72238665,GPUD_Survival,live_release,B,77,Lot 2,11H,122,19.200000762939453,2026-05-04,2026-05-03T18:37:49Z,2026-05-05T17:13:00Z,Priest Rapids Tailrace,Priest Rapids Tailrace - CHINOOK,46.632369,-119.895442,0,3,PC11,TRUE,Active,Alive,Helicopter
G7207F206,GPUD_Survival,live_release,B,78,Lot 2,11H,118,17.299999237060547,2026-05-04,2026-05-03T18:38:21Z,2026-05-05T17:13:00Z,Priest Rapids Tailrace,Priest Rapids Tailrace - CHINOOK,46.632369,-119.895442,0,3,PC11,TRUE,Active,Alive,Helicopter
G72EE2A54,GPUD_Survival,live_release,B,78,Lot 1,11H,160,42.20000076293945,2026-05-04,2026-05-03T18:38:47Z,2026-05-05T17:13:00Z,Priest Rapids Tailrace,Priest Rapids Tailrace - CHINOOK,46.632369,-119.895442,0,3,PC11,TRUE,Active,Alive,Helicopter
G723DD053,GPUD_Survival,live_release,B,79,Lot 1,11H,130,20.5,2026-05-04,2026-05-03T18:39:32Z,2026-05-05T17:13:00Z,Priest Rapids Tailrace,Priest Rapids Tailrace - CHINOOK,46.632369,-119.895442,0,3,PC11,TRUE,Active,Alive,Helicopter
G7293BCA7,GPUD_Survival,live_release,B,79,Lot 1,11H,151,34.599998474121094,2026-05-04,2026-05-03T18:39:59Z,2026-05-05T17:13:00Z,Priest Rapids Tailrace,Priest Rapids Tailrace - CHINOOK,46.632369,-119.895442,0,3,PC11,TRUE,Active,Alive,Helicopter
G72E92044,GPUD_Survival,live_release,B,80,Lot 2,11H,155,31.600000381469727,2026-05-04,2026-05-03T18:40:28Z,2026-05-05T17:13:00Z,Priest Rapids Tailrace,Priest Rapids Tailrace - CHINOOK,46.632369,-119.895442,0,3,PC11,TRUE,Active,Alive,Helicopter
G7234B707,GPUD_Survival,live_release,B,80,Lot 2,11H,120,17.799999237060547,2026-05-04,2026-05-03T18:40:57Z,2026-05-05T17:13:00Z,Priest Rapids Tailrace,Priest Rapids Tailrace - CHINOOK,46.632369,-119.895442,0,3,PC11,TRUE,Active,Alive,Helicopter
G72954BFA,GPUD_Survival,live_release,B,81,Lot 1,11H,126,20.799999237060547,2026-05-04,2026-05-03T18:41:57Z,2026-05-05T17:13:00Z,Priest Rapids Tailrace,Priest Rapids Tailrace - CHINOOK,46.632369,-119.895442,0,3,PC11,TRUE,Active,Alive,Helicopter
G72C94481,GPUD_Survival,live_release,B,81,Lot 1,11W,140,27.399999618530273,2026-05-04,2026-05-03T18:42:41Z,2026-05-05T17:13:00Z,Priest Rapids Tailrace,Priest Rapids Tailrace - CHINOOK,46.632369,-119.895442,0,3,PC11,TRUE,Active,Alive,Helicopter
G72E6F00B,GPUD_Survival,live_release,B,82,Lot 1,11H,165,43.5,2026-05-04,2026-05-03T18:43:21Z,2026-05-05T17:13:00Z,Priest Rapids Tailrace,Priest Rapids Tailrace - CHINOOK,46.632369,-119.895442,0,3,PC11,TRUE,Active,Alive,Helicopter
G72ED43F8,GPUD_Survival,live_release,B,82,Lot 2,11H,115,16.299999237060547,2026-05-04,2026-05-03T18:45:29Z,2026-05-05T17:13:00Z,Priest Rapids Tailrace,Priest Rapids Tailrace - CHINOOK,46.632369,-119.895442,0,3,PC11,TRUE,Active,Alive,Helicopter
G72B4ED8D,GPUD_Survival,live_release,B,83,Lot 2,11H,123,18.700000762939453,2026-05-04,2026-05-03T18:45:50Z,2026-05-05T17:13:00Z,Priest Rapids Tailrace,Priest Rapids Tailrace - CHINOOK,46.632369,-119.895442,0,3,PC11,TRUE,Active,Alive,Helicopter
G72A71582,GPUD_Survival,live_release,B,83,Lot 3,11H,0,28.100000381469727,2026-05-04,2026-05-03T18:46:16Z,2026-05-05T17:13:00Z,Priest Rapids Tailrace,Priest Rapids Tailrace - CHINOOK,46.632369,-119.895442,0,3,PC11,TRUE,Active,Alive,Helicopter
G72470CF6,GPUD_Survival,live_release,B,84,Lot 2,11H,142,33.400001525878906,2026-05-04,2026-05-03T18:46:53Z,2026-05-05T17:13:00Z,Priest Rapids Tailrace,Priest Rapids Tailrace - CHINOOK,46.632369,-119.895442,0,3,PC11,TRUE,Active,Alive,Helicopter
G726CB239,GPUD_Survival,live_release,B,84,Lot 3,11H,136,25.799999237060547,2026-05-04,2026-05-03T18:47:19Z,2026-05-05T17:13:00Z,Priest Rapids Tailrace,Priest Rapids Tailrace - CHINOOK,46.632369,-119.895442,0,3,PC11,TRUE,Active,Alive,Helicopter
G72046EE1,GPUD_Survival,live_release,B,1,Lot 1,31W,172,41.900001525878906,2026-05-04,2026-05-03T18:57:53Z,2026-05-05T16:45:00Z,Rock Island Tailrace,Rock Island Tailrace - STEELHEAD,47.341487,-120.090402,0,3,RI09,FALSE,Active,Alive,Other
G7285DE38,GPUD_Survival,live_release,B,1,Lot 2,31H,164,37.5,2026-05-04,2026-05-03T18:58:25Z,2026-05-05T16:45:00Z,Rock Island Tailrace,Rock Island Tailrace - STEELHEAD,47.341487,-120.090402,0,3,RI09,FALSE,Active,Alive,Other
G7264A2D2,GPUD_Survival,live_release,B,2,Lot 3,31H,195,64.69999694824219,2026-05-04,2026-05-03T18:58:55Z,2026-05-05T16:45:00Z,Rock Island Tailrace,Rock Island Tailrace - STEELHEAD,47.341487,-120.090402,0,3,RI09,FALSE,Active,Alive,Other
G726373B5,GPUD_Survival,live_release,B,2,Lot 1,31W,164,38.20000076293945,2026-05-04,2026-05-03T18:59:20Z,2026-05-05T16:45:00Z,Rock Island Tailrace,Rock Island Tailrace - STEELHEAD,47.341487,-120.090402,0,3,RI09,FALSE,Active,Alive,Other
G7202172F,GPUD_Survival,live_release,B,3,Lot 2,31W,166,39.79999923706055,2026-05-04,2026-05-03T18:59:48Z,2026-05-05T16:45:00Z,Rock Island Tailrace,Rock Island Tailrace - STEELHEAD,47.341487,-120.090402,0,3,RI09,FALSE,Active,Alive,Other
G728268B9,GPUD_Survival,live_release,B,3,Lot 3,31H,192,63.20000076293945,2026-05-04,2026-05-03T19:00:18Z,2026-05-05T16:45:00Z,Rock Island Tailrace,Rock Island Tailrace - STEELHEAD,47.341487,-120.090402,0,3,RI09,FALSE,Active,Alive,Other
G723876DE,GPUD_Survival,live_release,B,4,Lot 2,31W,184,52.400001525878906,2026-05-04,2026-05-03T19:00:57Z,2026-05-05T16:45:00Z,Rock Island Tailrace,Rock Island Tailrace - STEELHEAD,47.341487,-120.090402,0,3,RI09,FALSE,Active,Alive,Other
G72E777C0,GPUD_Survival,live_release,B,4,Lot 1,31H,190,62.900001525878906,2026-05-04,2026-05-03T19:01:39Z,2026-05-05T16:45:00Z,Rock Island Tailrace,Rock Island Tailrace - STEELHEAD,47.341487,-120.090402,0,3,RI09,FALSE,Active,Alive,Other
G72096395,GPUD_Survival,live_release,B,5,Lot 1,31H,196,68,2026-05-04,2026-05-03T19:07:40Z,2026-05-05T16:45:00Z,Rock Island Tailrace,Rock Island Tailrace - STEELHEAD,47.341487,-120.090402,0,3,RI09,FALSE,Active,Alive,Other
G72FB3EBB,GPUD_Survival,live_release,B,5,Lot 2,31W,192,64.5,2026-05-04,2026-05-03T19:08:16Z,2026-05-05T16:45:00Z,Rock Island Tailrace,Rock Island Tailrace - STEELHEAD,47.341487,-120.090402,0,3,RI09,FALSE,Active,Alive,Other
G725BB745,GPUD_Survival,live_release,B,6,Lot 1,31H,165,40.29999923706055,2026-05-04,2026-05-03T19:08:40Z,2026-05-05T16:45:00Z,Rock Island Tailrace,Rock Island Tailrace - STEELHEAD,47.341487,-120.090402,0,3,RI09,FALSE,Active,Alive,Other
G726F25FE,GPUD_Survival,live_release,B,6,Lot 2,31H,175,49.599998474121094,2026-05-04,2026-05-03T19:09:06Z,2026-05-05T16:45:00Z,Rock Island Tailrace,Rock Island Tailrace - STEELHEAD,47.341487,-120.090402,0,3,RI09,FALSE,Active,Alive,Other
G727710E5,GPUD_Survival,live_release,B,7,Lot 1,31H,181,49.599998474121094,2026-05-04,2026-05-03T19:09:28Z,2026-05-05T16:45:00Z,Rock Island Tailrace,Rock Island Tailrace - STEELHEAD,47.341487,-120.090402,0,3,RI09,FALSE,Active,Alive,Other
G729561A7,GPUD_Survival,live_release,B,7,Lot 1,31W,166,41.29999923706055,2026-05-04,2026-05-03T19:10:03Z,2026-05-05T16:45:00Z,Rock Island Tailrace,Rock Island Tailrace - STEELHEAD,47.341487,-120.090402,0,3,RI09,FALSE,Active,Alive,Other
G72447A86,GPUD_Survival,live_release,B,8,Lot 2,31H,153,31.299999237060547,2026-05-04,2026-05-03T19:10:23Z,2026-05-05T16:45:00Z,Rock Island Tailrace,Rock Island Tailrace - STEELHEAD,47.341487,-120.090402,0,3,RI09,FALSE,Active,Alive,Other
G72AA448E,GPUD_Survival,live_release,B,8,Lot 3,31H,181,53,2026-05-04,2026-05-03T19:10:55Z,2026-05-05T16:45:00Z,Rock Island Tailrace,Rock Island Tailrace - STEELHEAD,47.341487,-120.090402,0,3,RI09,FALSE,Active,Alive,Other
G7226B498,GPUD_Survival,live_release,B,9,Lot 1,31H,183,53.70000076293945,2026-05-04,2026-05-03T19:11:37Z,2026-05-05T16:45:00Z,Rock Island Tailrace,Rock Island Tailrace - STEELHEAD,47.341487,-120.090402,0,3,RI09,FALSE,Active,Alive,Other
G72E61EFD,GPUD_Survival,live_release,B,9,Lot 2,31H,196,63.70000076293945,2026-05-04,2026-05-03T19:12:04Z,2026-05-05T16:45:00Z,Rock Island Tailrace,Rock Island Tailrace - STEELHEAD,47.341487,-120.090402,0,3,RI09,FALSE,Active,Alive,Other
G725EFD82,GPUD_Survival,live_release,B,10,Lot 1,31H,172,45.599998474121094,2026-05-04,2026-05-03T19:13:13Z,2026-05-05T16:45:00Z,Rock Island Tailrace,Rock Island Tailrace - STEELHEAD,47.341487,-120.090402,0,3,RI09,FALSE,Active,Alive,Other
G727900A4,GPUD_Survival,live_release,B,10,Lot 1,31H,170,47.79999923706055,2026-05-04,2026-05-03T19:21:30Z,2026-05-05T16:45:00Z,Rock Island Tailrace,Rock Island Tailrace - STEELHEAD,47.341487,-120.090402,0,3,RI09,FALSE,Active,Alive,Other
G7289C96B,GPUD_Survival,live_release,B,11,Lot 3,31W,160,36.79999923706055,2026-05-04,2026-05-03T19:21:56Z,2026-05-05T16:45:00Z,Rock Island Tailrace,Rock Island Tailrace - STEELHEAD,47.341487,-120.090402,0,3,RI09,FALSE,Active,Alive,Other
G724F3BBD,GPUD_Survival,live_release,B,11,Lot 3,31W,171,49.5,2026-05-04,2026-05-03T19:23:12Z,2026-05-05T16:45:00Z,Rock Island Tailrace,Rock Island Tailrace - STEELHEAD,47.341487,-120.090402,0,3,RI09,FALSE,Active,Alive,Other
G7223E81F,GPUD_Survival,live_release,B,12,Lot 2,31H,172,48.29999923706055,2026-05-04,2026-05-03T19:23:45Z,2026-05-05T16:45:00Z,Rock Island Tailrace,Rock Island Tailrace - STEELHEAD,47.341487,-120.090402,0,3,RI09,FALSE,Active,Alive,Other
G726444E6,GPUD_Survival,live_release,B,12,Lot 1,31H,168,45.599998474121094,2026-05-04,2026-05-03T19:24:07Z,2026-05-05T16:45:00Z,Rock Island Tailrace,Rock Island Tailrace - STEELHEAD,47.341487,-120.090402,0,3,RI09,FALSE,Active,Alive,Other
G72DD5677,GPUD_Survival,live_release,B,13,Lot 3,31H,184,54.599998474121094,2026-05-04,2026-05-03T19:24:41Z,2026-05-05T16:45:00Z,Rock Island Tailrace,Rock Island Tailrace - STEELHEAD,47.341487,-120.090402,0,3,RI09,FALSE,Active,Alive,Other
G72C26C43,GPUD_Survival,live_release,B,13,Lot 1,31W,143,25.799999237060547,2026-05-04,2026-05-03T19:25:22Z,2026-05-05T16:45:00Z,Rock Island Tailrace,Rock Island Tailrace - STEELHEAD,47.341487,-120.090402,0,3,RI09,FALSE,Active,Alive,Other
G721A2C2B,GPUD_Survival,live_release,B,14,Lot 3,31H,185,54.29999923706055,2026-05-04,2026-05-03T19:26:06Z,2026-05-05T16:45:00Z,Rock Island Tailrace,Rock Island Tailrace - STEELHEAD,47.341487,-120.090402,0,3,RI09,FALSE,Active,Alive,Other
G72F2CF23,GPUD_Survival,live_release,B,14,Lot 1,31H,170,45.599998474121094,2026-05-04,2026-05-03T19:26:46Z,2026-05-05T16:45:00Z,Rock Island Tailrace,Rock Island Tailrace - STEELHEAD,47.341487,-120.090402,0,3,RI09,FALSE,Active,Alive,Other
G7254C7A5,GPUD_Survival,live_release,B,15,Lot 1,31H,145,26.600000381469727,2026-05-04,2026-05-03T19:27:13Z,2026-05-05T16:45:00Z,Rock Island Tailrace,Rock Island Tailrace - STEELHEAD,47.341487,-120.090402,0,3,RI09,FALSE,Active,Alive,Other
G72630590,GPUD_Survival,live_release,B,15,Lot 2,31H,194,63.099998474121094,2026-05-04,2026-05-03T19:27:45Z,2026-05-05T16:45:00Z,Rock Island Tailrace,Rock Island Tailrace - STEELHEAD,47.341487,-120.090402,0,3,RI09,FALSE,Active,Alive,Other
G722B2400,GPUD_Survival,live_release,B,16,Lot 2,31H,195,72.5999984741211,2026-05-04,2026-05-03T19:28:10Z,2026-05-05T16:45:00Z,Rock Island Tailrace,Rock Island Tailrace - STEELHEAD,47.341487,-120.090402,0,3,RI09,FALSE,Active,Alive,Other
G728012AE,GPUD_Survival,live_release,B,16,Lot 3,31W,165,39.70000076293945,2026-05-04,2026-05-03T19:28:51Z,2026-05-05T16:45:00Z,Rock Island Tailrace,Rock Island Tailrace - STEELHEAD,47.341487,-120.090402,0,3,RI09,FALSE,Active,Alive,Other
G72A38714,GPUD_Survival,live_release,B,17,Lot 1,31H,193,65.69999694824219,2026-05-04,2026-05-03T19:29:32Z,2026-05-05T16:45:00Z,Rock Island Tailrace,Rock Island Tailrace - STEELHEAD,47.341487,-120.090402,0,3,RI09,FALSE,Active,Alive,Other
G720510C2,GPUD_Survival,live_release,B,17,Lot 1,31H,178,49.29999923706055,2026-05-04,2026-05-03T19:30:04Z,2026-05-05T16:45:00Z,Rock Island Tailrace,Rock Island Tailrace - STEELHEAD,47.341487,-120.090402,0,3,RI09,FALSE,Active,Alive,Other
G72897618,GPUD_Survival,live_release,B,18,Lot 1,31H,197,72.0999984741211,2026-05-04,2026-05-03T19:30:36Z,2026-05-05T16:45:00Z,Rock Island Tailrace,Rock Island Tailrace - STEELHEAD,47.341487,-120.090402,0,3,RI09,FALSE,Active,Alive,Other
G720D8678,GPUD_Survival,live_release,B,18,Lot 3,31H,188,59.400001525878906,2026-05-04,2026-05-03T19:31:00Z,2026-05-05T16:45:00Z,Rock Island Tailrace,Rock Island Tailrace - STEELHEAD,47.341487,-120.090402,0,3,RI09,FALSE,Active,Alive,Other
G7286F10F,GPUD_Survival,live_release,B,19,Lot 3,31W,158,34.79999923706055,2026-05-04,2026-05-03T19:32:26Z,2026-05-05T16:45:00Z,Rock Island Tailrace,Rock Island Tailrace - STEELHEAD,47.341487,-120.090402,0,3,RI09,FALSE,Active,Alive,Other
G7216467D,GPUD_Survival,live_release,B,19,Lot 2,31H,174,44.400001525878906,2026-05-04,2026-05-03T19:32:58Z,2026-05-05T16:45:00Z,Rock Island Tailrace,Rock Island Tailrace - STEELHEAD,47.341487,-120.090402,0,3,RI09,FALSE,Active,Alive,Other
G721B35EE,GPUD_Survival,live_release,B,20,Lot 3,31H,160,35.400001525878906,2026-05-04,2026-05-03T19:33:44Z,2026-05-05T16:45:00Z,Rock Island Tailrace,Rock Island Tailrace - STEELHEAD,47.341487,-120.090402,0,3,RI09,FALSE,Active,Alive,Other
G72603699,GPUD_Survival,live_release,B,20,Lot 3,31H,165,39.70000076293945,2026-05-04,2026-05-03T19:34:44Z,2026-05-05T16:45:00Z,Rock Island Tailrace,Rock Island Tailrace - STEELHEAD,47.341487,-120.090402,0,3,RI09,FALSE,Active,Alive,Other
G72AFD2BD,GPUD_Survival,live_release,B,21,Lot 1,31H,165,39.5,2026-05-04,2026-05-03T19:35:47Z,2026-05-05T16:45:00Z,Rock Island Tailrace,Rock Island Tailrace - STEELHEAD,47.341487,-120.090402,0,3,RI09,FALSE,Active,Alive,Other
G7231CE9C,GPUD_Survival,live_release,B,21,Lot 3,31W,135,24.600000381469727,2026-05-04,2026-05-03T19:36:09Z,2026-05-05T16:45:00Z,Rock Island Tailrace,Rock Island Tailrace - STEELHEAD,47.341487,-120.090402,0,3,RI09,FALSE,Active,Alive,Other
G72E37CDB,GPUD_Survival,live_release,A,104,Lot 1,31W,163,36.900001525878906,2026-05-04,2026-05-03T19:43:23Z,2026-05-05T17:13:00Z,Priest Rapids Tailrace,Priest Rapids Tailrace - STEELHEAD,46.632369,-119.895442,0,3,PR06,TRUE,Active,Alive,Helicopter
G726A8C32,GPUD_Survival,live_release,A,105,Lot 2,31H,208,79.9000015258789,2026-05-04,2026-05-03T19:43:56Z,2026-05-05T17:13:00Z,Priest Rapids Tailrace,Priest Rapids Tailrace - STEELHEAD,46.632369,-119.895442,0,3,PR06,TRUE,Active,Alive,Helicopter
G72AF0056,GPUD_Survival,live_release,A,105,Lot 3,31W,165,34.599998474121094,2026-05-04,2026-05-03T19:44:31Z,2026-05-05T17:13:00Z,Priest Rapids Tailrace,Priest Rapids Tailrace - STEELHEAD,46.632369,-119.895442,0,3,PR06,TRUE,Active,Alive,Helicopter
G7248AFA3,GPUD_Survival,live_release,A,106,Lot 3,31H,189,56,2026-05-04,2026-05-03T19:45:16Z,2026-05-05T17:13:00Z,Priest Rapids Tailrace,Priest Rapids Tailrace - STEELHEAD,46.632369,-119.895442,0,3,PR06,TRUE,Active,Alive,Helicopter
G72993D92,GPUD_Survival,live_release,A,106,Lot 1,31W,152,32.29999923706055,2026-05-04,2026-05-03T19:45:41Z,2026-05-05T17:13:00Z,Priest Rapids Tailrace,Priest Rapids Tailrace - STEELHEAD,46.632369,-119.895442,0,3,PR06,TRUE,Active,Alive,Helicopter
G7282AEAE,GPUD_Survival,live_release,A,107,Lot 3,31W,178,49.099998474121094,2026-05-04,2026-05-03T19:46:00Z,2026-05-05T17:13:00Z,Priest Rapids Tailrace,Priest Rapids Tailrace - STEELHEAD,46.632369,-119.895442,0,3,PR06,TRUE,Active,Alive,Helicopter
G72A42B76,GPUD_Survival,live_release,A,107,Lot 3,31W,161,37,2026-05-04,2026-05-03T19:46:26Z,2026-05-05T17:13:00Z,Priest Rapids Tailrace,Priest Rapids Tailrace - STEELHEAD,46.632369,-119.895442,0,3,PR06,TRUE,Active,Alive,Helicopter
G72695AED,GPUD_Survival,live_release,A,108,Lot 2,31W,136,23.600000381469727,2026-05-04,2026-05-03T19:46:59Z,2026-05-05T17:13:00Z,Priest Rapids Tailrace,Priest Rapids Tailrace - STEELHEAD,46.632369,-119.895442,0,3,PR06,TRUE,Active,Alive,Helicopter
G72D6D3E7,GPUD_Survival,live_release,A,108,Lot 1,31H,193,60.20000076293945,2026-05-04,2026-05-03T19:47:27Z,2026-05-05T17:13:00Z,Priest Rapids Tailrace,Priest Rapids Tailrace - STEELHEAD,46.632369,-119.895442,0,3,PR06,TRUE,Active,Alive,Helicopter
G72BF513F,GPUD_Survival,live_release,A,109,Lot 3,31W,179,46.400001525878906,2026-05-04,2026-05-03T19:47:56Z,2026-05-05T17:13:00Z,Priest Rapids Tailrace,Priest Rapids Tailrace - STEELHEAD,46.632369,-119.895442,0,3,PR06,TRUE,Active,Alive,Helicopter
G725786E8,GPUD_Survival,live_release,A,109,Lot 3,31H,195,62.400001525878906,2026-05-04,2026-05-03T19:48:13Z,2026-05-05T17:13:00Z,Priest Rapids Tailrace,Priest Rapids Tailrace - STEELHEAD,46.632369,-119.895442,0,3,PR06,TRUE,Active,Alive,Helicopter
G7295037E,GPUD_Survival,live_release,A,110,Lot 1,31H,176,42.900001525878906,2026-05-04,2026-05-03T19:49:05Z,2026-05-05T17:13:00Z,Priest Rapids Tailrace,Priest Rapids Tailrace - STEELHEAD,46.632369,-119.895442,0,3,PR06,TRUE,Active,Alive,Helicopter
G725F9F9F,GPUD_Survival,live_release,A,110,Lot 3,31H,200,73,2026-05-04,2026-05-03T19:49:32Z,2026-05-05T17:13:00Z,Priest Rapids Tailrace,Priest Rapids Tailrace - STEELHEAD,46.632369,-119.895442,0,3,PR06,TRUE,Active,Alive,Helicopter
G721DD5AD,GPUD_Survival,live_release,A,111,Lot 2,31H,175,48.70000076293945,2026-05-04,2026-05-03T19:50:02Z,2026-05-05T17:13:00Z,Priest Rapids Tailrace,Priest Rapids Tailrace - STEELHEAD,46.632369,-119.895442,0,3,PR06,TRUE,Active,Alive,Helicopter
G72B903F2,GPUD_Survival,live_release,A,111,Lot 3,31H,167,43.900001525878906,2026-05-04,2026-05-03T19:57:08Z,2026-05-05T17:13:00Z,Priest Rapids Tailrace,Priest Rapids Tailrace - STEELHEAD,46.632369,-119.895442,0,3,PR06,TRUE,Active,Alive,Helicopter
G72CDC568,GPUD_Survival,dead_release,A,112,Lot 3,31H,199,72.30000305175781,2026-05-04,2026-05-03T19:58:11Z,2026-05-05T17:13:00Z,Priest Rapids Tailrace,Priest Rapids Tailrace - STEELHEAD,46.632369,-119.895442,1,3,PR06,FALSE,Active,Euthanized,Helicopter
G72C3F9A9,GPUD_Survival,dead_release,A,112,Lot 1,31H,187,60.599998474121094,2026-05-04,2026-05-03T19:58:34Z,2026-05-05T17:13:00Z,Priest Rapids Tailrace,Priest Rapids Tailrace - STEELHEAD,46.632369,-119.895442,1,3,PR06,FALSE,Active,Euthanized,Helicopter
G723F504E,GPUD_Survival,live_release,A,113,Lot 2,31W,189,58.70000076293945,2026-05-04,2026-05-03T19:59:00Z,2026-05-05T17:13:00Z,Priest Rapids Tailrace,Priest Rapids Tailrace - STEELHEAD,46.632369,-119.895442,0,3,PR06,TRUE,Active,Alive,Helicopter
G72937952,GPUD_Survival,live_release,A,113,Lot 1,31H,197,67.5999984741211,2026-05-04,2026-05-03T19:59:41Z,2026-05-05T17:13:00Z,Priest Rapids Tailrace,Priest Rapids Tailrace - STEELHEAD,46.632369,-119.895442,0,3,PR06,TRUE,Active,Alive,Helicopter
G72B4F251,GPUD_Survival,live_release,A,114,Lot 2,31H,192,65.69999694824219,2026-05-04,2026-05-03T20:00:16Z,2026-05-05T17:13:00Z,Priest Rapids Tailrace,Priest Rapids Tailrace - STEELHEAD,46.632369,-119.895442,0,3,PR06,TRUE,Active,Alive,Helicopter
G72451684,GPUD_Survival,live_release,A,114,Lot 2,31H,199,73.30000305175781,2026-05-04,2026-05-03T20:00:42Z,2026-05-05T17:13:00Z,Priest Rapids Tailrace,Priest Rapids Tailrace - STEELHEAD,46.632369,-119.895442,0,3,PR06,TRUE,Active,Alive,Helicopter
G72D69E5C,GPUD_Survival,live_release,A,115,Lot 1,31W,195,63.400001525878906,2026-05-04,2026-05-03T20:01:31Z,2026-05-05T17:13:00Z,Priest Rapids Tailrace,Priest Rapids Tailrace - STEELHEAD,46.632369,-119.895442,0,3,PR06,TRUE,Active,Alive,Helicopter
G72E0296A,GPUD_Survival,live_release,A,115,Lot 1,31W,174,41.20000076293945,2026-05-04,2026-05-03T20:02:07Z,2026-05-05T17:13:00Z,Priest Rapids Tailrace,Priest Rapids Tailrace - STEELHEAD,46.632369,-119.895442,0,3,PR06,TRUE,Active,Alive,Helicopter
G722656CD,GPUD_Survival,live_release,A,116,Lot 2,31H,190,59.79999923706055,2026-05-04,2026-05-03T20:02:48Z,2026-05-05T17:13:00Z,Priest Rapids Tailrace,Priest Rapids Tailrace - STEELHEAD,46.632369,-119.895442,0,3,PR06,TRUE,Active,Alive,Helicopter
G7219E98B,GPUD_Survival,live_release,A,116,Lot 2,31W,175,47.29999923706055,2026-05-04,2026-05-03T20:03:54Z,2026-05-05T17:13:00Z,Priest Rapids Tailrace,Priest Rapids Tailrace - STEELHEAD,46.632369,-119.895442,0,3,PR06,TRUE,Active,Alive,Helicopter
G72A0BD81,GPUD_Survival,live_release,A,117,Lot 3,31H,202,79,2026-05-04,2026-05-03T20:04:34Z,2026-05-05T17:13:00Z,Priest Rapids Tailrace,Priest Rapids Tailrace - STEELHEAD,46.632369,-119.895442,0,3,PR06,TRUE,Active,Alive,Helicopter
G7250C143,GPUD_Survival,live_release,B,34,Lot 2,11H,120,19.5,2026-05-05,2026-05-04T15:51:51Z,2026-05-06T16:04:00Z,Rock Island Tailrace,Rock Island Tailrace - CHINOOK,47.341487,-120.090402,0,3,RC15,TRUE,Active,Alive,Helicopter
G72F72CD7,GPUD_Survival,live_release,B,34,Lot 3,11H,111,14.600000381469727,2026-05-05,2026-05-04T15:53:44Z,2026-05-06T16:04:00Z,Rock Island Tailrace,Rock Island Tailrace - CHINOOK,47.341487,-120.090402,0,3,RC15,TRUE,Active,Alive,Helicopter
G728ED3E6,GPUD_Survival,live_release,B,35,Lot 3,11H,120,16.200000762939453,2026-05-05,2026-05-04T15:54:23Z,2026-05-06T16:04:00Z,Rock Island Tailrace,Rock Island Tailrace - CHINOOK,47.341487,-120.090402,0,3,RC15,TRUE,Active,Alive,Helicopter
G72013C79,GPUD_Survival,live_release,B,35,Lot 2,11H,123,18.600000381469727,2026-05-05,2026-05-04T15:55:03Z,2026-05-06T16:04:00Z,Rock Island Tailrace,Rock Island Tailrace - CHINOOK,47.341487,-120.090402,0,3,RC15,TRUE,Active,Alive,Helicopter
G7203CC9C,GPUD_Survival,live_release,B,36,Lot 2,11W,120,17.200000762939453,2026-05-05,2026-05-04T15:55:32Z,2026-05-06T16:04:00Z,Rock Island Tailrace,Rock Island Tailrace - CHINOOK,47.341487,-120.090402,0,3,RC15,TRUE,Active,Alive,Helicopter
G725F3410,GPUD_Survival,live_release,B,36,Lot 3,11H,120,17.5,2026-05-05,2026-05-04T16:03:46Z,2026-05-06T16:04:00Z,Rock Island Tailrace,Rock Island Tailrace - CHINOOK,47.341487,-120.090402,0,3,RC15,TRUE,Active,Alive,Helicopter
G72E838DF,GPUD_Survival,live_release,B,37,Lot 1,11H,125,19.399999618530273,2026-05-05,2026-05-04T16:04:20Z,2026-05-06T16:04:00Z,Rock Island Tailrace,Rock Island Tailrace - CHINOOK,47.341487,-120.090402,0,3,RC15,TRUE,Active,Alive,Helicopter
G72701237,GPUD_Survival,live_release,B,37,Lot 2,11H,130,23.899999618530273,2026-05-05,2026-05-04T16:04:48Z,2026-05-06T16:04:00Z,Rock Island Tailrace,Rock Island Tailrace - CHINOOK,47.341487,-120.090402,0,3,RC15,TRUE,Active,Alive,Helicopter
G72611720,GPUD_Survival,live_release,B,38,Lot 3,11H,192,71.9000015258789,2026-05-05,2026-05-04T16:05:19Z,2026-05-06T16:04:00Z,Rock Island Tailrace,Rock Island Tailrace - CHINOOK,47.341487,-120.090402,0,3,RC15,TRUE,Active,Alive,Helicopter
G724F6DBB,GPUD_Survival,live_release,B,38,Lot 3,11H,130,21.700000762939453,2026-05-05,2026-05-04T16:05:47Z,2026-05-06T16:04:00Z,Rock Island Tailrace,Rock Island Tailrace - CHINOOK,47.341487,-120.090402,0,3,RC15,TRUE,Active,Alive,Helicopter
G72160FA7,GPUD_Survival,live_release,B,39,Lot 3,11H,134,22.600000381469727,2026-05-05,2026-05-04T16:06:18Z,2026-05-06T16:04:00Z,Rock Island Tailrace,Rock Island Tailrace - CHINOOK,47.341487,-120.090402,0,3,RC15,TRUE,Active,Alive,Helicopter
G722A5F1C,GPUD_Survival,live_release,B,39,Lot 3,11H,128,22.799999237060547,2026-05-05,2026-05-04T16:06:55Z,2026-05-06T16:04:00Z,Rock Island Tailrace,Rock Island Tailrace - CHINOOK,47.341487,-120.090402,0,3,RC15,TRUE,Active,Alive,Helicopter
G72332319,GPUD_Survival,live_release,B,40,Lot 1,11H,120,15.899999618530273,2026-05-05,2026-05-04T16:07:27Z,2026-05-06T16:04:00Z,Rock Island Tailrace,Rock Island Tailrace - CHINOOK,47.341487,-120.090402,0,3,RC15,TRUE,Active,Alive,Helicopter
G7254280D,GPUD_Survival,live_release,B,40,Lot 1,11H,183,55.5,2026-05-05,2026-05-04T16:16:33Z,2026-05-06T16:04:00Z,Rock Island Tailrace,Rock Island Tailrace - CHINOOK,47.341487,-120.090402,0,3,RC15,TRUE,Active,Alive,Helicopter
G722A13F9,GPUD_Survival,live_release,B,41,Lot 3,11H,133,19.600000381469727,2026-05-05,2026-05-04T16:17:17Z,2026-05-06T16:04:00Z,Rock Island Tailrace,Rock Island Tailrace - CHINOOK,47.341487,-120.090402,0,3,RC15,TRUE,Active,Alive,Helicopter
G720819D7,GPUD_Survival,live_release,B,41,Lot 3,11W,145,31.299999237060547,2026-05-05,2026-05-04T16:18:38Z,2026-05-06T16:04:00Z,Rock Island Tailrace,Rock Island Tailrace - CHINOOK,47.341487,-120.090402,0,3,RC15,TRUE,Active,Alive,Helicopter
G725B622D,GPUD_Survival,live_release,B,42,Lot 1,11H,126,20.100000381469727,2026-05-05,2026-05-04T16:19:47Z,2026-05-06T16:04:00Z,Rock Island Tailrace,Rock Island Tailrace - CHINOOK,47.341487,-120.090402,0,3,RC15,TRUE,Active,Alive,Helicopter
G726365F5,GPUD_Survival,live_release,B,42,Lot 1,11W,122,17.5,2026-05-05,2026-05-04T16:20:11Z,2026-05-06T16:04:00Z,Rock Island Tailrace,Rock Island Tailrace - CHINOOK,47.341487,-120.090402,0,3,RC15,TRUE,Active,Alive,Helicopter
G72D0551C,GPUD_Survival,live_release,B,43,Lot 3,11H,108,11.899999618530273,2026-05-05,2026-05-04T16:22:25Z,2026-05-06T16:04:00Z,Rock Island Tailrace,Rock Island Tailrace - CHINOOK,47.341487,-120.090402,0,3,RC15,TRUE,Active,Alive,Helicopter
G7271EE24,GPUD_Survival,live_release,B,43,Lot 1,11H,121,17.899999618530273,2026-05-05,2026-05-04T16:23:11Z,2026-05-06T16:04:00Z,Rock Island Tailrace,Rock Island Tailrace - CHINOOK,47.341487,-120.090402,0,3,RC15,TRUE,Active,Alive,Helicopter
G72523499,GPUD_Survival,live_release,B,44,Lot 3,11H,119,16.100000381469727,2026-05-05,2026-05-04T16:23:36Z,2026-05-06T16:04:00Z,Rock Island Tailrace,Rock Island Tailrace - CHINOOK,47.341487,-120.090402,0,3,RC15,TRUE,Active,Alive,Helicopter
G72270F4E,GPUD_Survival,live_release,B,44,Lot 1,11H,121,18.399999618530273,2026-05-05,2026-05-04T16:24:16Z,2026-05-06T16:04:00Z,Rock Island Tailrace,Rock Island Tailrace - CHINOOK,47.341487,-120.090402,0,3,RC15,TRUE,Active,Alive,Helicopter
G72ED239D,GPUD_Survival,live_release,B,45,Lot 2,11H,122,18.799999237060547,2026-05-05,2026-05-04T16:25:10Z,2026-05-06T16:04:00Z,Rock Island Tailrace,Rock Island Tailrace - CHINOOK,47.341487,-120.090402,0,3,RC15,TRUE,Active,Alive,Helicopter
G729C6889,GPUD_Survival,live_release,B,45,Lot 2,11H,142,31.600000381469727,2026-05-05,2026-05-04T16:25:57Z,2026-05-06T16:04:00Z,Rock Island Tailrace,Rock Island Tailrace - CHINOOK,47.341487,-120.090402,0,3,RC15,TRUE,Active,Alive,Helicopter
G72034730,GPUD_Survival,live_release,B,46,Lot 2,11H,132,23.5,2026-05-05,2026-05-04T16:26:22Z,2026-05-06T16:04:00Z,Rock Island Tailrace,Rock Island Tailrace - CHINOOK,47.341487,-120.090402,0,3,RC15,TRUE,Active,Alive,Helicopter
G720404FA,GPUD_Survival,live_release,B,46,Lot 2,11W,140,27.600000381469727,2026-05-05,2026-05-04T16:26:54Z,2026-05-06T16:04:00Z,Rock Island Tailrace,Rock Island Tailrace - CHINOOK,47.341487,-120.090402,0,3,RC15,TRUE,Active,Alive,Helicopter
G72CFF39A,GPUD_Survival,live_release,B,47,Lot 3,11H,162,40.099998474121094,2026-05-05,2026-05-04T16:27:20Z,2026-05-06T16:04:00Z,Rock Island Tailrace,Rock Island Tailrace - CHINOOK,47.341487,-120.090402,0,3,RC15,TRUE,Active,Alive,Helicopter
G721678DC,GPUD_Survival,live_release,B,47,Lot 2,11H,132,23.200000762939453,2026-05-05,2026-05-04T16:27:52Z,2026-05-06T16:04:00Z,Rock Island Tailrace,Rock Island Tailrace - CHINOOK,47.341487,-120.090402,0,3,RC15,TRUE,Active,Alive,Helicopter
G7219A56E,GPUD_Survival,live_release,B,48,Lot 2,11H,127,21.700000762939453,2026-05-05,2026-05-04T16:28:25Z,2026-05-06T16:04:00Z,Rock Island Tailrace,Rock Island Tailrace - CHINOOK,47.341487,-120.090402,0,3,RC15,TRUE,Active,Alive,Helicopter
G72D7D803,GPUD_Survival,live_release,B,48,Lot 1,11H,170,45.5,2026-05-05,2026-05-04T16:28:54Z,2026-05-06T16:04:00Z,Rock Island Tailrace,Rock Island Tailrace - CHINOOK,47.341487,-120.090402,0,3,RC15,TRUE,Active,Alive,Helicopter
G724A277C,GPUD_Survival,live_release,B,49,Lot 2,11H,159,38.099998474121094,2026-05-05,2026-05-04T16:29:27Z,2026-05-06T16:04:00Z,Rock Island Tailrace,Rock Island Tailrace - CHINOOK,47.341487,-120.090402,0,3,RC15,TRUE,Active,Alive,Helicopter
G7289892D,GPUD_Survival,live_release,B,49,Lot 1,11H,115,15.699999809265137,2026-05-05,2026-05-04T16:30:54Z,2026-05-06T16:04:00Z,Rock Island Tailrace,Rock Island Tailrace - CHINOOK,47.341487,-120.090402,0,3,RC15,TRUE,Active,Alive,Helicopter
G7249ECC3,GPUD_Survival,live_release,B,50,Lot 2,11H,155,33.70000076293945,2026-05-05,2026-05-04T16:31:18Z,2026-05-06T16:04:00Z,Rock Island Tailrace,Rock Island Tailrace - CHINOOK,47.341487,-120.090402,0,3,RC15,TRUE,Active,Alive,Helicopter
G72D7F0E2,GPUD_Survival,live_release,B,50,Lot 1,11H,149,31.299999237060547,2026-05-05,2026-05-04T16:31:49Z,2026-05-06T16:04:00Z,Rock Island Tailrace,Rock Island Tailrace - CHINOOK,47.341487,-120.090402,0,3,RC15,TRUE,Active,Alive,Helicopter
G7243B3BE,GPUD_Survival,live_release,B,51,Lot 2,11H,161,37.5,2026-05-05,2026-05-04T16:32:08Z,2026-05-06T16:04:00Z,Rock Island Tailrace,Rock Island Tailrace - CHINOOK,47.341487,-120.090402,0,3,RC15,TRUE,Active,Alive,Helicopter
G724233F6,GPUD_Survival,live_release,B,51,Lot 2,11H,137,24,2026-05-05,2026-05-04T16:32:49Z,2026-05-06T16:04:00Z,Rock Island Tailrace,Rock Island Tailrace - CHINOOK,47.341487,-120.090402,0,3,RC15,TRUE,Active,Alive,Helicopter
G726EE32D,GPUD_Survival,live_release,B,52,Lot 2,11H,130,21.799999237060547,2026-05-05,2026-05-04T17:37:45Z,2026-05-06T16:04:00Z,Rock Island Tailrace,Rock Island Tailrace - CHINOOK,47.341487,-120.090402,0,3,RC15,TRUE,Active,Alive,Helicopter
G721869C3,GPUD_Survival,live_release,B,52,Lot 2,11H,177,56.599998474121094,2026-05-05,2026-05-04T17:39:58Z,2026-05-06T16:04:00Z,Rock Island Tailrace,Rock Island Tailrace - CHINOOK,47.341487,-120.090402,0,3,RC15,TRUE,Active,Alive,Helicopter
G7220183E,GPUD_Survival,live_release,B,53,Lot 2,11H,128,20.600000381469727,2026-05-05,2026-05-04T17:40:47Z,2026-05-06T16:04:00Z,Rock Island Tailrace,Rock Island Tailrace - CHINOOK,47.341487,-120.090402,0,3,RC15,TRUE,Active,Alive,Helicopter
G72A4CAC1,GPUD_Survival,live_release,B,53,Lot 3,11H,130,24.399999618530273,2026-05-05,2026-05-04T17:41:14Z,2026-05-06T16:04:00Z,Rock Island Tailrace,Rock Island Tailrace - CHINOOK,47.341487,-120.090402,0,3,RC15,TRUE,Active,Alive,Helicopter
G72F3ABE3,GPUD_Survival,live_release,B,54,Lot 1,11H,120,16.399999618530273,2026-05-05,2026-05-04T17:41:45Z,2026-05-06T16:04:00Z,Rock Island Tailrace,Rock Island Tailrace - CHINOOK,47.341487,-120.090402,0,3,RC15,TRUE,Active,Alive,Helicopter
G72824DA5,GPUD_Survival,live_release,B,54,Lot 2,11H,153,34.20000076293945,2026-05-05,2026-05-04T17:42:20Z,2026-05-06T16:04:00Z,Rock Island Tailrace,Rock Island Tailrace - CHINOOK,47.341487,-120.090402,0,3,RC15,TRUE,Active,Alive,Helicopter
G722F5860,GPUD_Survival,live_release,B,67,Lot 1,11H,166,43,2026-05-05,2026-05-04T17:45:10Z,2026-05-06T16:47:00Z,Priest Rapids Tailrace,Priest Rapids Tailrace - CHINOOK,46.632369,-119.895442,0,3,PC12,TRUE,Active,Alive,Helicopter
G7292B19E,GPUD_Survival,live_release,B,67,Lot 1,11H,122,17.100000381469727,2026-05-05,2026-05-04T17:45:44Z,2026-05-06T16:47:00Z,Priest Rapids Tailrace,Priest Rapids Tailrace - CHINOOK,46.632369,-119.895442,0,3,PC12,TRUE,Active,Alive,Helicopter
G7219CE2B,GPUD_Survival,live_release,B,68,Lot 2,11H,118,15.600000381469727,2026-05-05,2026-05-04T17:46:53Z,2026-05-06T16:47:00Z,Priest Rapids Tailrace,Priest Rapids Tailrace - CHINOOK,46.632369,-119.895442,0,3,PC12,TRUE,Active,Alive,Helicopter
G72863AE5,GPUD_Survival,live_release,B,68,Lot 3,11H,136,30.200000762939453,2026-05-05,2026-05-04T17:47:25Z,2026-05-06T16:47:00Z,Priest Rapids Tailrace,Priest Rapids Tailrace - CHINOOK,46.632369,-119.895442,0,3,PC12,TRUE,Active,Alive,Helicopter
G72BC41F7,GPUD_Survival,live_release,B,69,Lot 3,11H,112,15.100000381469727,2026-05-05,2026-05-04T17:47:50Z,2026-05-06T16:47:00Z,Priest Rapids Tailrace,Priest Rapids Tailrace - CHINOOK,46.632369,-119.895442,0,3,PC12,TRUE,Active,Alive,Helicopter
G726FBF91,GPUD_Survival,live_release,B,69,Lot 2,11H,110,14.800000190734863,2026-05-05,2026-05-04T17:48:22Z,2026-05-06T16:47:00Z,Priest Rapids Tailrace,Priest Rapids Tailrace - CHINOOK,46.632369,-119.895442,0,3,PC12,TRUE,Active,Alive,Helicopter
G7255C300,GPUD_Survival,live_release,B,70,Lot 2,11H,160,39.20000076293945,2026-05-05,2026-05-04T17:48:50Z,2026-05-06T16:47:00Z,Priest Rapids Tailrace,Priest Rapids Tailrace - CHINOOK,46.632369,-119.895442,0,3,PC12,TRUE,Active,Alive,Helicopter
G72D2DA40,GPUD_Survival,live_release,B,70,Lot 1,11H,118,15.300000190734863,2026-05-05,2026-05-04T17:49:34Z,2026-05-06T16:47:00Z,Priest Rapids Tailrace,Priest Rapids Tailrace - CHINOOK,46.632369,-119.895442,0,3,PC12,TRUE,Active,Alive,Helicopter
G72608E69,GPUD_Survival,live_release,B,71,Lot 3,11H,150,34.79999923706055,2026-05-05,2026-05-04T17:50:07Z,2026-05-06T16:47:00Z,Priest Rapids Tailrace,Priest Rapids Tailrace - CHINOOK,46.632369,-119.895442,0,3,PC12,TRUE,Active,Alive,Helicopter
G72E0C983,GPUD_Survival,live_release,B,71,Lot 1,11H,128,24,2026-05-05,2026-05-04T17:50:40Z,2026-05-06T16:47:00Z,Priest Rapids Tailrace,Priest Rapids Tailrace - CHINOOK,46.632369,-119.895442,0,3,PC12,TRUE,Active,Alive,Helicopter
G72BCE785,GPUD_Survival,live_release,B,72,Lot 3,11H,122,18.5,2026-05-05,2026-05-04T17:51:22Z,2026-05-06T16:47:00Z,Priest Rapids Tailrace,Priest Rapids Tailrace - CHINOOK,46.632369,-119.895442,0,3,PC12,TRUE,Active,Alive,Helicopter
G726523C4,GPUD_Survival,live_release,B,72,Lot 3,11H,116,14.600000381469727,2026-05-05,2026-05-04T17:55:44Z,2026-05-06T16:47:00Z,Priest Rapids Tailrace,Priest Rapids Tailrace - CHINOOK,46.632369,-119.895442,0,3,PC12,TRUE,Active,Alive,Helicopter
G721BE23A,GPUD_Survival,live_release,B,73,Lot 2,11H,148,32.70000076293945,2026-05-05,2026-05-04T17:56:07Z,2026-05-06T16:47:00Z,Priest Rapids Tailrace,Priest Rapids Tailrace - CHINOOK,46.632369,-119.895442,0,3,PC12,TRUE,Active,Alive,Helicopter
G725AAFDE,GPUD_Survival,live_release,B,73,Lot 1,11H,118,16,2026-05-05,2026-05-04T17:56:31Z,2026-05-06T16:47:00Z,Priest Rapids Tailrace,Priest Rapids Tailrace - CHINOOK,46.632369,-119.895442,0,3,PC12,TRUE,Active,Alive,Helicopter
G727A89E1,GPUD_Survival,live_release,B,74,Lot 2,11H,162,40.900001525878906,2026-05-05,2026-05-04T17:56:59Z,2026-05-06T16:47:00Z,Priest Rapids Tailrace,Priest Rapids Tailrace - CHINOOK,46.632369,-119.895442,0,3,PC12,TRUE,Active,Alive,Helicopter
G7215C079,GPUD_Survival,live_release,B,74,Lot 3,11H,116,16.100000381469727,2026-05-05,2026-05-04T17:57:35Z,2026-05-06T16:47:00Z,Priest Rapids Tailrace,Priest Rapids Tailrace - CHINOOK,46.632369,-119.895442,0,3,PC12,TRUE,Active,Alive,Helicopter
G72A85A9D,GPUD_Survival,live_release,B,75,Lot 2,11H,162,39.70000076293945,2026-05-05,2026-05-04T17:58:20Z,2026-05-06T16:47:00Z,Priest Rapids Tailrace,Priest Rapids Tailrace - CHINOOK,46.632369,-119.895442,0,3,PC12,TRUE,Active,Alive,Helicopter
G729552FB,GPUD_Survival,live_release,B,75,Lot 1,11H,155,38.70000076293945,2026-05-05,2026-05-04T17:58:40Z,2026-05-06T16:47:00Z,Priest Rapids Tailrace,Priest Rapids Tailrace - CHINOOK,46.632369,-119.895442,0,3,PC12,TRUE,Active,Alive,Helicopter
G72436B2B,GPUD_Survival,live_release,B,76,Lot 2,11H,109,12.800000190734863,2026-05-05,2026-05-04T17:59:08Z,2026-05-06T16:47:00Z,Priest Rapids Tailrace,Priest Rapids Tailrace - CHINOOK,46.632369,-119.895442,0,3,PC12,TRUE,Active,Alive,Helicopter
G723ADA43,GPUD_Survival,live_release,B,76,Lot 3,11W,133,22.600000381469727,2026-05-05,2026-05-04T17:59:41Z,2026-05-06T16:47:00Z,Priest Rapids Tailrace,Priest Rapids Tailrace - CHINOOK,46.632369,-119.895442,0,3,PC12,TRUE,Active,Alive,Helicopter
G7242BBB8,GPUD_Survival,live_release,B,77,Lot 2,11H,123,17.399999618530273,2026-05-05,2026-05-04T18:00:24Z,2026-05-06T16:47:00Z,Priest Rapids Tailrace,Priest Rapids Tailrace - CHINOOK,46.632369,-119.895442,0,3,PC12,TRUE,Active,Alive,Helicopter
G72CEB966,GPUD_Survival,live_release,B,77,Lot 3,11H,128,20.600000381469727,2026-05-05,2026-05-04T18:01:06Z,2026-05-06T16:47:00Z,Priest Rapids Tailrace,Priest Rapids Tailrace - CHINOOK,46.632369,-119.895442,0,3,PC12,TRUE,Active,Alive,Helicopter
G72B1CEB3,GPUD_Survival,live_release,B,78,Lot 1,11H,114,14.100000381469727,2026-05-05,2026-05-04T18:01:30Z,2026-05-06T16:47:00Z,Priest Rapids Tailrace,Priest Rapids Tailrace - CHINOOK,46.632369,-119.895442,0,3,PC12,TRUE,Active,Alive,Helicopter
G72B24397,GPUD_Survival,live_release,B,78,Lot 1,11H,107,12,2026-05-05,2026-05-04T18:01:46Z,2026-05-06T16:47:00Z,Priest Rapids Tailrace,Priest Rapids Tailrace - CHINOOK,46.632369,-119.895442,0,3,PC12,TRUE,Active,Alive,Helicopter
G72565864,GPUD_Survival,live_release,B,79,Lot 2,11H,125,20,2026-05-05,2026-05-04T18:02:27Z,2026-05-06T16:47:00Z,Priest Rapids Tailrace,Priest Rapids Tailrace - CHINOOK,46.632369,-119.895442,0,3,PC12,TRUE,Active,Alive,Helicopter
G721EE2C5,GPUD_Survival,live_release,B,79,Lot 1,11H,128,20.399999618530273,2026-05-05,2026-05-04T18:03:00Z,2026-05-06T16:47:00Z,Priest Rapids Tailrace,Priest Rapids Tailrace - CHINOOK,46.632369,-119.895442,0,3,PC12,TRUE,Active,Alive,Helicopter
G7210A760,GPUD_Survival,live_release,B,80,Lot 1,11W,135,25.100000381469727,2026-05-05,2026-05-04T18:03:26Z,2026-05-06T16:47:00Z,Priest Rapids Tailrace,Priest Rapids Tailrace - CHINOOK,46.632369,-119.895442,0,3,PC12,TRUE,Active,Alive,Helicopter
G720175A3,GPUD_Survival,live_release,B,80,Lot 2,11H,124,20.399999618530273,2026-05-05,2026-05-04T18:03:52Z,2026-05-06T16:47:00Z,Priest Rapids Tailrace,Priest Rapids Tailrace - CHINOOK,46.632369,-119.895442,0,3,PC12,TRUE,Active,Alive,Helicopter
G72C4D419,GPUD_Survival,dead_release,B,81,Lot 1,11H,135,22.899999618530273,2026-05-05,2026-05-04T18:04:20Z,2026-05-06T16:47:00Z,Priest Rapids Tailrace,Priest Rapids Tailrace - CHINOOK,46.632369,-119.895442,1,3,PC12,FALSE,Active,Euthanized,Helicopter
G72AE9BA3,GPUD_Survival,dead_release,B,81,Lot 3,11H,144,32.900001525878906,2026-05-05,2026-05-04T18:04:56Z,2026-05-06T16:47:00Z,Priest Rapids Tailrace,Priest Rapids Tailrace - CHINOOK,46.632369,-119.895442,1,3,PC12,FALSE,Active,Euthanized,Helicopter
G72A007CD,GPUD_Survival,live_release,B,82,Lot 1,11H,120,15.899999618530273,2026-05-05,2026-05-04T18:06:46Z,2026-05-06T16:47:00Z,Priest Rapids Tailrace,Priest Rapids Tailrace - CHINOOK,46.632369,-119.895442,0,3,PC12,TRUE,Active,Alive,Helicopter
G7228F8A1,GPUD_Survival,live_release,B,82,Lot 3,11H,155,34.79999923706055,2026-05-05,2026-05-04T18:07:20Z,2026-05-06T16:47:00Z,Priest Rapids Tailrace,Priest Rapids Tailrace - CHINOOK,46.632369,-119.895442,0,3,PC12,TRUE,Active,Alive,Helicopter
G726902F4,GPUD_Survival,live_release,B,83,Lot 3,11H,124,19.5,2026-05-05,2026-05-04T18:08:13Z,2026-05-06T16:47:00Z,Priest Rapids Tailrace,Priest Rapids Tailrace - CHINOOK,46.632369,-119.895442,0,3,PC12,TRUE,Active,Alive,Helicopter
G727F67E8,GPUD_Survival,live_release,B,83,Lot 2,11H,122,18.700000762939453,2026-05-05,2026-05-04T18:08:53Z,2026-05-06T16:47:00Z,Priest Rapids Tailrace,Priest Rapids Tailrace - CHINOOK,46.632369,-119.895442,0,3,PC12,TRUE,Active,Alive,Helicopter
G72766F98,GPUD_Survival,live_release,B,84,Lot 3,11H,118,15.699999809265137,2026-05-05,2026-05-04T18:09:16Z,2026-05-06T16:47:00Z,Priest Rapids Tailrace,Priest Rapids Tailrace - CHINOOK,46.632369,-119.895442,0,3,PC12,TRUE,Active,Alive,Helicopter
G7293B3E6,GPUD_Survival,live_release,B,84,Lot 1,11H,144,30.700000762939453,2026-05-05,2026-05-04T18:09:44Z,2026-05-06T16:47:00Z,Priest Rapids Tailrace,Priest Rapids Tailrace - CHINOOK,46.632369,-119.895442,0,3,PC12,TRUE,Active,Alive,Helicopter
G72F99647,GPUD_Survival,live_release,B,85,Lot 3,11H,133,22.899999618530273,2026-05-05,2026-05-04T18:10:24Z,2026-05-06T16:47:00Z,Priest Rapids Tailrace,Priest Rapids Tailrace - CHINOOK,46.632369,-119.895442,0,3,PC12,TRUE,Active,Alive,Helicopter
G72958CB3,GPUD_Survival,live_release,B,1,Lot 1,31H,204,77.4000015258789,2026-05-05,2026-05-04T18:18:08Z,2026-05-06T16:04:00Z,Rock Island Tailrace,Rock Island Tailrace - STEELHEAD,47.341487,-120.090402,0,3,RI10,TRUE,Active,Alive,Helicopter
G724DC547,GPUD_Survival,live_release,B,1,Lot 2,31H,202,72.30000305175781,2026-05-05,2026-05-04T18:18:49Z,2026-05-06T16:04:00Z,Rock Island Tailrace,Rock Island Tailrace - STEELHEAD,47.341487,-120.090402,0,3,RI10,TRUE,Active,Alive,Helicopter
G72AD1E45,GPUD_Survival,live_release,B,2,Lot 1,31H,206,71.5999984741211,2026-05-05,2026-05-04T18:19:30Z,2026-05-06T16:04:00Z,Rock Island Tailrace,Rock Island Tailrace - STEELHEAD,47.341487,-120.090402,0,3,RI10,TRUE,Active,Alive,Helicopter
G727BAD67,GPUD_Survival,live_release,B,2,Lot 2,31H,190,64.80000305175781,2026-05-05,2026-05-04T18:20:26Z,2026-05-06T16:04:00Z,Rock Island Tailrace,Rock Island Tailrace - STEELHEAD,47.341487,-120.090402,0,3,RI10,TRUE,Active,Alive,Helicopter
G72F74792,GPUD_Survival,live_release,B,3,Lot 2,31H,181,52.599998474121094,2026-05-05,2026-05-04T18:20:43Z,2026-05-06T16:04:00Z,Rock Island Tailrace,Rock Island Tailrace - STEELHEAD,47.341487,-120.090402,0,3,RI10,TRUE,Active,Alive,Helicopter
G7230036F,GPUD_Survival,live_release,B,3,Lot 1,31W,140,25.5,2026-05-05,2026-05-04T18:21:04Z,2026-05-06T16:04:00Z,Rock Island Tailrace,Rock Island Tailrace - STEELHEAD,47.341487,-120.090402,0,3,RI10,TRUE,Active,Alive,Helicopter
G72D788D8,GPUD_Survival,live_release,B,4,Lot 1,31H,170,46.29999923706055,2026-05-05,2026-05-04T18:21:37Z,2026-05-06T16:04:00Z,Rock Island Tailrace,Rock Island Tailrace - STEELHEAD,47.341487,-120.090402,0,3,RI10,TRUE,Active,Alive,Helicopter
G72360446,GPUD_Survival,live_release,B,4,Lot 1,31H,163,34.599998474121094,2026-05-05,2026-05-04T18:22:00Z,2026-05-06T16:04:00Z,Rock Island Tailrace,Rock Island Tailrace - STEELHEAD,47.341487,-120.090402,0,3,RI10,TRUE,Active,Alive,Helicopter
G72790727,GPUD_Survival,live_release,B,5,Lot 1,31W,160,35.900001525878906,2026-05-05,2026-05-04T18:22:24Z,2026-05-06T16:04:00Z,Rock Island Tailrace,Rock Island Tailrace - STEELHEAD,47.341487,-120.090402,0,3,RI10,TRUE,Active,Alive,Helicopter
G72779D94,GPUD_Survival,live_release,B,5,Lot 1,31H,182,54.70000076293945,2026-05-05,2026-05-04T18:23:00Z,2026-05-06T16:04:00Z,Rock Island Tailrace,Rock Island Tailrace - STEELHEAD,47.341487,-120.090402,0,3,RI10,TRUE,Active,Alive,Helicopter
G72616CF8,GPUD_Survival,live_release,B,6,Lot 2,31H,191,63.79999923706055,2026-05-05,2026-05-04T18:23:16Z,2026-05-06T16:04:00Z,Rock Island Tailrace,Rock Island Tailrace - STEELHEAD,47.341487,-120.090402,0,3,RI10,TRUE,Active,Alive,Helicopter
G720E68DB,GPUD_Survival,live_release,B,6,Lot 3,31H,187,54.29999923706055,2026-05-05,2026-05-04T18:23:52Z,2026-05-06T16:04:00Z,Rock Island Tailrace,Rock Island Tailrace - STEELHEAD,47.341487,-120.090402,0,3,RI10,TRUE,Active,Alive,Helicopter
G72ACB6EC,GPUD_Survival,live_release,B,7,Lot 1,31H,176,49.900001525878906,2026-05-05,2026-05-04T18:24:33Z,2026-05-06T16:04:00Z,Rock Island Tailrace,Rock Island Tailrace - STEELHEAD,47.341487,-120.090402,0,3,RI10,TRUE,Active,Alive,Helicopter
G7244335C,GPUD_Survival,live_release,B,7,Lot 2,31H,195,66.30000305175781,2026-05-05,2026-05-04T18:25:00Z,2026-05-06T16:04:00Z,Rock Island Tailrace,Rock Island Tailrace - STEELHEAD,47.341487,-120.090402,0,3,RI10,TRUE,Active,Alive,Helicopter
G72EE5D2F,GPUD_Survival,live_release,B,8,Lot 1,31H,200,72.4000015258789,2026-05-05,2026-05-04T18:25:18Z,2026-05-06T16:04:00Z,Rock Island Tailrace,Rock Island Tailrace - STEELHEAD,47.341487,-120.090402,0,3,RI10,TRUE,Active,Alive,Helicopter
G723433EA,GPUD_Survival,live_release,B,8,Lot 1,31H,206,82.9000015258789,2026-05-05,2026-05-04T18:27:26Z,2026-05-06T16:04:00Z,Rock Island Tailrace,Rock Island Tailrace - STEELHEAD,47.341487,-120.090402,0,3,RI10,TRUE,Active,Alive,Helicopter
G720FBBAA,GPUD_Survival,live_release,B,9,Lot 3,31H,190,65.9000015258789,2026-05-05,2026-05-04T18:27:42Z,2026-05-06T16:04:00Z,Rock Island Tailrace,Rock Island Tailrace - STEELHEAD,47.341487,-120.090402,0,3,RI10,TRUE,Active,Alive,Helicopter
G7225B0AC,GPUD_Survival,live_release,B,9,Lot 2,31H,164,41.599998474121094,2026-05-05,2026-05-04T18:28:08Z,2026-05-06T16:04:00Z,Rock Island Tailrace,Rock Island Tailrace - STEELHEAD,47.341487,-120.090402,0,3,RI10,TRUE,Active,Alive,Helicopter
G72F78AA5,GPUD_Survival,live_release,B,10,Lot 3,31H,205,77.5999984741211,2026-05-05,2026-05-04T18:28:38Z,2026-05-06T16:04:00Z,Rock Island Tailrace,Rock Island Tailrace - STEELHEAD,47.341487,-120.090402,0,3,RI10,TRUE,Active,Alive,Helicopter
G72C22599,GPUD_Survival,live_release,B,10,Lot 1,31W,190,56,2026-05-05,2026-05-04T18:29:02Z,2026-05-06T16:04:00Z,Rock Island Tailrace,Rock Island Tailrace - STEELHEAD,47.341487,-120.090402,0,3,RI10,TRUE,Active,Alive,Helicopter
G7251B3C3,GPUD_Survival,live_release,B,11,Lot 3,31H,189,63.599998474121094,2026-05-05,2026-05-04T18:29:29Z,2026-05-06T16:04:00Z,Rock Island Tailrace,Rock Island Tailrace - STEELHEAD,47.341487,-120.090402,0,3,RI10,TRUE,Active,Alive,Helicopter
G72C89CD0,GPUD_Survival,live_release,B,11,Lot 1,31H,171,44.70000076293945,2026-05-05,2026-05-04T18:33:21Z,2026-05-06T16:04:00Z,Rock Island Tailrace,Rock Island Tailrace - STEELHEAD,47.341487,-120.090402,0,3,RI10,TRUE,Active,Alive,Helicopter
G728D02BA,GPUD_Survival,live_release,B,12,Lot 3,31H,165,43.79999923706055,2026-05-05,2026-05-04T18:34:10Z,2026-05-06T16:04:00Z,Rock Island Tailrace,Rock Island Tailrace - STEELHEAD,47.341487,-120.090402,0,3,RI10,TRUE,Active,Alive,Helicopter
G72C322DE,GPUD_Survival,live_release,B,12,Lot 2,31H,176,48.5,2026-05-05,2026-05-04T18:34:27Z,2026-05-06T16:04:00Z,Rock Island Tailrace,Rock Island Tailrace - STEELHEAD,47.341487,-120.090402,0,3,RI10,TRUE,Active,Alive,Helicopter
G724A2A81,GPUD_Survival,live_release,B,13,Lot 2,31H,180,56,2026-05-05,2026-05-04T18:35:07Z,2026-05-06T16:04:00Z,Rock Island Tailrace,Rock Island Tailrace - STEELHEAD,47.341487,-120.090402,0,3,RI10,TRUE,Active,Alive,Helicopter
G7259EFCD,GPUD_Survival,live_release,B,13,Lot 1,31H,180,57.099998474121094,2026-05-05,2026-05-04T18:36:07Z,2026-05-06T16:04:00Z,Rock Island Tailrace,Rock Island Tailrace - STEELHEAD,47.341487,-120.090402,0,3,RI10,TRUE,Active,Alive,Helicopter
G72ABD9A6,GPUD_Survival,live_release,B,14,Lot 1,31W,176,49,2026-05-05,2026-05-04T18:36:31Z,2026-05-06T16:04:00Z,Rock Island Tailrace,Rock Island Tailrace - STEELHEAD,47.341487,-120.090402,0,3,RI10,TRUE,Active,Alive,Helicopter
G722826E9,GPUD_Survival,live_release,B,14,Lot 1,31H,195,70,2026-05-05,2026-05-04T18:37:17Z,2026-05-06T16:04:00Z,Rock Island Tailrace,Rock Island Tailrace - STEELHEAD,47.341487,-120.090402,0,3,RI10,TRUE,Active,Alive,Helicopter
G7242ADF8,GPUD_Survival,live_release,B,15,Lot 2,31H,181,53.5,2026-05-05,2026-05-04T18:38:01Z,2026-05-06T16:04:00Z,Rock Island Tailrace,Rock Island Tailrace - STEELHEAD,47.341487,-120.090402,0,3,RI10,TRUE,Active,Alive,Helicopter
G72222AAD,GPUD_Survival,live_release,B,15,Lot 3,31W,175,51.599998474121094,2026-05-05,2026-05-04T18:38:26Z,2026-05-06T16:04:00Z,Rock Island Tailrace,Rock Island Tailrace - STEELHEAD,47.341487,-120.090402,0,3,RI10,TRUE,Active,Alive,Helicopter
G7265E76F,GPUD_Survival,live_release,B,16,Lot 1,31H,205,78,2026-05-05,2026-05-04T18:39:54Z,2026-05-06T16:04:00Z,Rock Island Tailrace,Rock Island Tailrace - STEELHEAD,47.341487,-120.090402,0,3,RI10,TRUE,Active,Alive,Helicopter
G7274EEDB,GPUD_Survival,live_release,B,16,Lot 3,31W,179,53.79999923706055,2026-05-05,2026-05-04T18:43:35Z,2026-05-06T16:04:00Z,Rock Island Tailrace,Rock Island Tailrace - STEELHEAD,47.341487,-120.090402,0,3,RI10,TRUE,Active,Alive,Helicopter
G72C0C180,GPUD_Survival,live_release,B,17,Lot 2,31H,160,35.5,2026-05-05,2026-05-04T18:44:03Z,2026-05-06T16:04:00Z,Rock Island Tailrace,Rock Island Tailrace - STEELHEAD,47.341487,-120.090402,0,3,RI10,TRUE,Active,Alive,Helicopter
G728F77EC,GPUD_Survival,live_release,B,17,Lot 2,31W,156,35.900001525878906,2026-05-05,2026-05-04T18:44:53Z,2026-05-06T16:04:00Z,Rock Island Tailrace,Rock Island Tailrace - STEELHEAD,47.341487,-120.090402,0,3,RI10,TRUE,Active,Alive,Helicopter
G72DCD25E,GPUD_Survival,live_release,B,18,Lot 3,31H,199,72.0999984741211,2026-05-05,2026-05-04T18:45:18Z,2026-05-06T16:04:00Z,Rock Island Tailrace,Rock Island Tailrace - STEELHEAD,47.341487,-120.090402,0,3,RI10,TRUE,Active,Alive,Helicopter
G7208BD19,GPUD_Survival,live_release,B,18,Lot 1,31H,165,41.79999923706055,2026-05-05,2026-05-04T18:45:47Z,2026-05-06T16:04:00Z,Rock Island Tailrace,Rock Island Tailrace - STEELHEAD,47.341487,-120.090402,0,3,RI10,TRUE,Active,Alive,Helicopter
G7282CC77,GPUD_Survival,live_release,B,19,Lot 3,31H,185,59.400001525878906,2026-05-05,2026-05-04T18:46:14Z,2026-05-06T16:04:00Z,Rock Island Tailrace,Rock Island Tailrace - STEELHEAD,47.341487,-120.090402,0,3,RI10,TRUE,Active,Alive,Helicopter
G726872C8,GPUD_Survival,live_release,B,19,Lot 3,31H,198,68.5,2026-05-05,2026-05-04T18:46:40Z,2026-05-06T16:04:00Z,Rock Island Tailrace,Rock Island Tailrace - STEELHEAD,47.341487,-120.090402,0,3,RI10,TRUE,Active,Alive,Helicopter
G7200F5EB,GPUD_Survival,live_release,B,22,Lot 2,31W,178,44.20000076293945,2026-05-05,2026-05-04T18:47:45Z,2026-05-06T16:04:00Z,Rock Island Tailrace,Rock Island Tailrace - STEELHEAD,47.341487,-120.090402,0,3,RI10,TRUE,Active,Alive,Helicopter
G7231DF5F,GPUD_Survival,live_release,B,20,Lot 3,31H,186,56.099998474121094,2026-05-05,2026-05-04T18:48:07Z,2026-05-06T16:04:00Z,Rock Island Tailrace,Rock Island Tailrace - STEELHEAD,47.341487,-120.090402,0,3,RI10,TRUE,Active,Alive,Helicopter
G72A8B8C8,GPUD_Survival,live_release,B,20,Lot 2,31H,178,47.900001525878906,2026-05-05,2026-05-04T18:48:50Z,2026-05-06T16:04:00Z,Rock Island Tailrace,Rock Island Tailrace - STEELHEAD,47.341487,-120.090402,0,3,RI10,TRUE,Active,Alive,Helicopter
G72F273B2,GPUD_Survival,live_release,B,21,Lot 1,31H,198,70.30000305175781,2026-05-05,2026-05-04T18:49:18Z,2026-05-06T16:04:00Z,Rock Island Tailrace,Rock Island Tailrace - STEELHEAD,47.341487,-120.090402,0,3,RI10,TRUE,Active,Alive,Helicopter
G72E91779,GPUD_Survival,live_release,A,100,Lot 2,31W,182,52.29999923706055,2026-05-05,2026-05-04T18:59:42Z,2026-05-06T16:47:00Z,Priest Rapids Tailrace,Priest Rapids Tailrace - STEELHEAD,46.632369,-119.895442,0,3,PR07,TRUE,Active,Alive,Helicopter
G72C747BF,GPUD_Survival,live_release,A,100,Lot 1,31H,195,66.19999694824219,2026-05-05,2026-05-04T19:00:10Z,2026-05-06T16:47:00Z,Priest Rapids Tailrace,Priest Rapids Tailrace - STEELHEAD,46.632369,-119.895442,0,3,PR07,TRUE,Active,Alive,Helicopter
G72085B2D,GPUD_Survival,dead_release,A,101,Lot 3,31H,195,73.0999984741211,2026-05-05,2026-05-04T19:00:38Z,2026-05-06T16:47:00Z,Priest Rapids Tailrace,Priest Rapids Tailrace - STEELHEAD,46.632369,-119.895442,1,3,PR07,FALSE,Active,Euthanized,Helicopter
G72800BAF,GPUD_Survival,dead_release,A,101,Lot 3,31H,193,60.900001525878906,2026-05-05,2026-05-04T19:02:13Z,2026-05-07T16:28:00Z,Priest Rapids Tailrace,Priest Rapids Tailrace - STEELHEAD,46.632369,-119.895442,1,3,PR08,FALSE,Active,Euthanized,Helicopter
G7292EDE6,GPUD_Survival,live_release,A,102,Lot 1,31H,204,76,2026-05-05,2026-05-04T19:02:51Z,2026-05-06T16:47:00Z,Priest Rapids Tailrace,Priest Rapids Tailrace - STEELHEAD,46.632369,-119.895442,0,3,PR07,TRUE,Active,Alive,Helicopter
G72F64ECA,GPUD_Survival,live_release,A,102,Lot 1,31W,185,54.900001525878906,2026-05-05,2026-05-04T19:03:17Z,2026-05-06T16:47:00Z,Priest Rapids Tailrace,Priest Rapids Tailrace - STEELHEAD,46.632369,-119.895442,0,3,PR07,TRUE,Active,Alive,Helicopter
G72088687,GPUD_Survival,live_release,A,103,Lot 3,31W,206,74.5,2026-05-05,2026-05-04T19:05:36Z,2026-05-06T16:47:00Z,Priest Rapids Tailrace,Priest Rapids Tailrace - STEELHEAD,46.632369,-119.895442,0,3,PR07,TRUE,Active,Alive,Helicopter
G72EEF39F,GPUD_Survival,live_release,A,103,Lot 2,31W,192,64.30000305175781,2026-05-05,2026-05-04T19:05:59Z,2026-05-06T16:47:00Z,Priest Rapids Tailrace,Priest Rapids Tailrace - STEELHEAD,46.632369,-119.895442,0,3,PR07,TRUE,Active,Alive,Helicopter
G72F7E581,GPUD_Survival,live_release,A,104,Lot 3,31H,191,63.599998474121094,2026-05-05,2026-05-04T19:06:30Z,2026-05-06T16:47:00Z,Priest Rapids Tailrace,Priest Rapids Tailrace - STEELHEAD,46.632369,-119.895442,0,3,PR07,TRUE,Active,Alive,Helicopter
G72FA075D,GPUD_Survival,live_release,A,104,Lot 3,31H,167,38,2026-05-05,2026-05-04T19:07:09Z,2026-05-06T16:47:00Z,Priest Rapids Tailrace,Priest Rapids Tailrace - STEELHEAD,46.632369,-119.895442,0,3,PR07,TRUE,Active,Alive,Helicopter
G7220BA2D,GPUD_Survival,live_release,A,105,Lot 2,31H,182,54.099998474121094,2026-05-05,2026-05-04T19:07:39Z,2026-05-06T16:47:00Z,Priest Rapids Tailrace,Priest Rapids Tailrace - STEELHEAD,46.632369,-119.895442,0,3,PR07,TRUE,Active,Alive,Helicopter
G7293ABB9,GPUD_Survival,live_release,A,105,Lot 1,31H,193,65.9000015258789,2026-05-05,2026-05-04T19:08:11Z,2026-05-06T16:47:00Z,Priest Rapids Tailrace,Priest Rapids Tailrace - STEELHEAD,46.632369,-119.895442,0,3,PR07,TRUE,Active,Alive,Helicopter
G7228E77D,GPUD_Survival,live_release,A,106,Lot 3,31H,185,56.29999923706055,2026-05-05,2026-05-04T19:08:46Z,2026-05-06T16:47:00Z,Priest Rapids Tailrace,Priest Rapids Tailrace - STEELHEAD,46.632369,-119.895442,0,3,PR07,TRUE,Active,Alive,Helicopter
G7233DE90,GPUD_Survival,live_release,A,106,Lot 1,31H,193,64,2026-05-05,2026-05-04T19:09:05Z,2026-05-06T16:47:00Z,Priest Rapids Tailrace,Priest Rapids Tailrace - STEELHEAD,46.632369,-119.895442,0,3,PR07,TRUE,Active,Alive,Helicopter
G725C1CA4,GPUD_Survival,live_release,A,107,Lot 1,31W,166,39.099998474121094,2026-05-05,2026-05-04T19:09:34Z,2026-05-06T16:47:00Z,Priest Rapids Tailrace,Priest Rapids Tailrace - STEELHEAD,46.632369,-119.895442,0,3,PR07,TRUE,Active,Alive,Helicopter
G72B26569,GPUD_Survival,live_release,A,107,Lot 1,31H,205,75.19999694824219,2026-05-05,2026-05-04T19:10:13Z,2026-05-06T16:47:00Z,Priest Rapids Tailrace,Priest Rapids Tailrace - STEELHEAD,46.632369,-119.895442,0,3,PR07,TRUE,Active,Alive,Helicopter
G729EE2EA,GPUD_Survival,live_release,A,108,Lot 3,31H,170,46.79999923706055,2026-05-05,2026-05-04T19:10:41Z,2026-05-06T16:47:00Z,Priest Rapids Tailrace,Priest Rapids Tailrace - STEELHEAD,46.632369,-119.895442,0,3,PR07,TRUE,Active,Alive,Helicopter
G726196F2,GPUD_Survival,live_release,A,108,Lot 3,31H,196,63.900001525878906,2026-05-05,2026-05-04T19:11:09Z,2026-05-06T16:47:00Z,Priest Rapids Tailrace,Priest Rapids Tailrace - STEELHEAD,46.632369,-119.895442,0,3,PR07,TRUE,Active,Alive,Helicopter
G72BBA6F3,GPUD_Survival,live_release,A,109,Lot 3,31H,192,63.599998474121094,2026-05-05,2026-05-04T19:11:45Z,2026-05-06T16:47:00Z,Priest Rapids Tailrace,Priest Rapids Tailrace - STEELHEAD,46.632369,-119.895442,0,3,PR07,TRUE,Active,Alive,Helicopter
G7288C50C,GPUD_Survival,live_release,A,109,Lot 1,31H,185,60.29999923706055,2026-05-05,2026-05-04T19:12:13Z,2026-05-06T16:47:00Z,Priest Rapids Tailrace,Priest Rapids Tailrace - STEELHEAD,46.632369,-119.895442,0,3,PR07,TRUE,Active,Alive,Helicopter
G729CE61A,GPUD_Survival,live_release,A,110,Lot 1,31H,186,57.099998474121094,2026-05-05,2026-05-04T19:15:03Z,2026-05-06T16:47:00Z,Priest Rapids Tailrace,Priest Rapids Tailrace - STEELHEAD,46.632369,-119.895442,0,3,PR07,TRUE,Active,Alive,Helicopter
G72729715,GPUD_Survival,live_release,A,110,Lot 1,31W,184,49.400001525878906,2026-05-05,2026-05-04T19:15:40Z,2026-05-06T16:47:00Z,Priest Rapids Tailrace,Priest Rapids Tailrace - STEELHEAD,46.632369,-119.895442,0,3,PR07,TRUE,Active,Alive,Helicopter
G72494273,GPUD_Survival,live_release,A,111,Lot 1,31H,200,76.19999694824219,2026-05-05,2026-05-04T19:16:19Z,2026-05-06T16:47:00Z,Priest Rapids Tailrace,Priest Rapids Tailrace - STEELHEAD,46.632369,-119.895442,0,3,PR07,FALSE,Inactive,Alive,Helicopter
G7201876B,GPUD_Survival,live_release,A,111,Lot 2,31H,195,67.5,2026-05-05,2026-05-04T19:17:13Z,2026-05-06T16:47:00Z,Priest Rapids Tailrace,Priest Rapids Tailrace - STEELHEAD,46.632369,-119.895442,0,3,PR07,TRUE,Active,Alive,Helicopter
G72588512,GPUD_Survival,live_release,A,112,Lot 2,31H,205,74.5999984741211,2026-05-05,2026-05-04T19:17:43Z,2026-05-06T16:47:00Z,Priest Rapids Tailrace,Priest Rapids Tailrace - STEELHEAD,46.632369,-119.895442,0,3,PR07,TRUE,Active,Alive,Helicopter
G72698619,GPUD_Survival,live_release,A,112,Lot 2,31H,180,51.20000076293945,2026-05-05,2026-05-04T19:18:19Z,2026-05-06T16:47:00Z,Priest Rapids Tailrace,Priest Rapids Tailrace - STEELHEAD,46.632369,-119.895442,0,3,PR07,TRUE,Active,Alive,Helicopter
G72109CFE,GPUD_Survival,live_release,A,113,Lot 3,31H,184,54.099998474121094,2026-05-05,2026-05-04T19:18:49Z,2026-05-06T16:47:00Z,Priest Rapids Tailrace,Priest Rapids Tailrace - STEELHEAD,46.632369,-119.895442,0,3,PR07,TRUE,Active,Alive,Helicopter
G72C5A57B,GPUD_Survival,live_release,A,113,Lot 2,31H,160,39.79999923706055,2026-05-05,2026-05-04T19:19:29Z,2026-05-06T16:47:00Z,Priest Rapids Tailrace,Priest Rapids Tailrace - STEELHEAD,46.632369,-119.895442,0,3,PR07,TRUE,Active,Alive,Helicopter
G724BB8E8,GPUD_Survival,live_release,A,114,Lot 1,31H,166,38.599998474121094,2026-05-05,2026-05-04T19:19:56Z,2026-05-06T16:47:00Z,Priest Rapids Tailrace,Priest Rapids Tailrace - STEELHEAD,46.632369,-119.895442,0,3,PR07,TRUE,Active,Alive,Helicopter
G72B894A4,GPUD_Survival,live_release,A,114,Lot 3,31H,179,50.70000076293945,2026-05-05,2026-05-04T19:20:40Z,2026-05-06T16:47:00Z,Priest Rapids Tailrace,Priest Rapids Tailrace - STEELHEAD,46.632369,-119.895442,0,3,PR07,TRUE,Active,Alive,Helicopter
G72879EEF,GPUD_Survival,live_release,A,115,Lot 1,31H,170,43.70000076293945,2026-05-05,2026-05-04T19:24:03Z,2026-05-06T16:47:00Z,Priest Rapids Tailrace,Priest Rapids Tailrace - STEELHEAD,46.632369,-119.895442,0,3,PR07,TRUE,Active,Alive,Helicopter
G7232CEC9,GPUD_Survival,live_release,A,115,Lot 1,31H,185,57.099998474121094,2026-05-05,2026-05-04T19:24:26Z,2026-05-06T16:47:00Z,Priest Rapids Tailrace,Priest Rapids Tailrace - STEELHEAD,46.632369,-119.895442,0,3,PR07,TRUE,Active,Alive,Helicopter
G72DB53E2,GPUD_Survival,live_release,A,116,Lot 3,31H,180,51.79999923706055,2026-05-05,2026-05-04T19:25:15Z,2026-05-06T16:47:00Z,Priest Rapids Tailrace,Priest Rapids Tailrace - STEELHEAD,46.632369,-119.895442,0,3,PR07,TRUE,Active,Alive,Helicopter
G72D12CBC,GPUD_Survival,live_release,A,116,Lot 1,31H,195,73.0999984741211,2026-05-05,2026-05-04T19:26:16Z,2026-05-06T16:47:00Z,Priest Rapids Tailrace,Priest Rapids Tailrace - STEELHEAD,46.632369,-119.895442,0,3,PR07,TRUE,Active,Alive,Helicopter
G72D9D6C0,GPUD_Survival,live_release,A,117,Lot 2,31W,174,39.400001525878906,2026-05-05,2026-05-04T19:26:38Z,2026-05-06T16:47:00Z,Priest Rapids Tailrace,Priest Rapids Tailrace - STEELHEAD,46.632369,-119.895442,0,3,PR07,TRUE,Active,Alive,Helicopter
G72F44CE7,GPUD_Survival,live_release,B,34,Lot 3,11H,125,18.100000381469727,2026-05-06,2026-05-05T15:34:51Z,2026-05-07T15:46:00Z,Rock Island Tailrace,Rock Island Tailrace - CHINOOK,47.341487,-120.090402,0,3,RC16,TRUE,Active,Alive,Helicopter
G72D6D53A,GPUD_Survival,live_release,B,34,Lot 1,11H,116,17.600000381469727,2026-05-06,2026-05-05T15:36:34Z,2026-05-07T15:46:00Z,Rock Island Tailrace,Rock Island Tailrace - CHINOOK,47.341487,-120.090402,0,3,RC16,TRUE,Active,Alive,Helicopter
G72A51A52,GPUD_Survival,live_release,B,35,Lot 3,11H,173,50.29999923706055,2026-05-06,2026-05-05T15:37:48Z,2026-05-07T15:46:00Z,Rock Island Tailrace,Rock Island Tailrace - CHINOOK,47.341487,-120.090402,0,3,RC16,TRUE,Active,Alive,Helicopter
G72E72098,GPUD_Survival,live_release,B,35,Lot 1,11H,148,33.20000076293945,2026-05-06,2026-05-05T15:39:04Z,2026-05-07T15:46:00Z,Rock Island Tailrace,Rock Island Tailrace - CHINOOK,47.341487,-120.090402,0,3,RC16,TRUE,Active,Alive,Helicopter
G72D4A7EF,GPUD_Survival,live_release,B,36,Lot 1,11H,129,22.100000381469727,2026-05-06,2026-05-05T15:39:37Z,2026-05-07T15:46:00Z,Rock Island Tailrace,Rock Island Tailrace - CHINOOK,47.341487,-120.090402,0,3,RC16,TRUE,Active,Alive,Helicopter
G720B8530,GPUD_Survival,live_release,B,36,Lot 3,11H,118,18.5,2026-05-06,2026-05-05T15:40:38Z,2026-05-07T15:46:00Z,Rock Island Tailrace,Rock Island Tailrace - CHINOOK,47.341487,-120.090402,0,3,RC16,TRUE,Active,Alive,Helicopter
G72414AC7,GPUD_Survival,live_release,B,37,Lot 2,11H,137,23.200000762939453,2026-05-06,2026-05-05T15:41:42Z,2026-05-07T15:46:00Z,Rock Island Tailrace,Rock Island Tailrace - CHINOOK,47.341487,-120.090402,0,3,RC16,TRUE,Active,Alive,Helicopter
G7273E4CB,GPUD_Survival,live_release,B,37,Lot 1,11H,112,14,2026-05-06,2026-05-05T15:42:14Z,2026-05-07T15:46:00Z,Rock Island Tailrace,Rock Island Tailrace - CHINOOK,47.341487,-120.090402,0,3,RC16,TRUE,Active,Alive,Helicopter
G72AB8A9F,GPUD_Survival,live_release,B,38,Lot 1,11H,120,18.299999237060547,2026-05-06,2026-05-05T15:42:44Z,2026-05-07T15:46:00Z,Rock Island Tailrace,Rock Island Tailrace - CHINOOK,47.341487,-120.090402,0,3,RC16,TRUE,Active,Alive,Helicopter
G727A0EEE,GPUD_Survival,live_release,B,38,Lot 1,11H,116,15.899999618530273,2026-05-06,2026-05-05T15:44:16Z,2026-05-07T15:46:00Z,Rock Island Tailrace,Rock Island Tailrace - CHINOOK,47.341487,-120.090402,0,3,RC16,TRUE,Active,Alive,Helicopter
G7240563D,GPUD_Survival,live_release,B,39,Lot 2,11H,117,16.600000381469727,2026-05-06,2026-05-05T15:44:39Z,2026-05-07T15:46:00Z,Rock Island Tailrace,Rock Island Tailrace - CHINOOK,47.341487,-120.090402,0,3,RC16,TRUE,Active,Alive,Helicopter
G7288FFCC,GPUD_Survival,live_release,B,39,Lot 1,11H,131,21,2026-05-06,2026-05-05T15:45:00Z,2026-05-07T15:46:00Z,Rock Island Tailrace,Rock Island Tailrace - CHINOOK,47.341487,-120.090402,0,3,RC16,TRUE,Active,Alive,Helicopter
G72C4642B,GPUD_Survival,live_release,B,40,Lot 2,11H,129,21.100000381469727,2026-05-06,2026-05-05T15:45:55Z,2026-05-07T15:46:00Z,Rock Island Tailrace,Rock Island Tailrace - CHINOOK,47.341487,-120.090402,0,3,RC16,TRUE,Active,Alive,Helicopter
G724D4D09,GPUD_Survival,live_release,B,40,Lot 2,11H,120,18.100000381469727,2026-05-06,2026-05-05T15:46:38Z,2026-05-07T15:46:00Z,Rock Island Tailrace,Rock Island Tailrace - CHINOOK,47.341487,-120.090402,0,3,RC16,TRUE,Active,Alive,Helicopter
G7218F693,GPUD_Survival,live_release,B,41,Lot 2,11W,148,31.700000762939453,2026-05-06,2026-05-05T15:47:15Z,2026-05-07T15:46:00Z,Rock Island Tailrace,Rock Island Tailrace - CHINOOK,47.341487,-120.090402,0,3,RC16,TRUE,Active,Alive,Helicopter
G72F5AB49,GPUD_Survival,live_release,B,41,Lot 1,11H,120,17.5,2026-05-06,2026-05-05T15:48:19Z,2026-05-07T15:46:00Z,Rock Island Tailrace,Rock Island Tailrace - CHINOOK,47.341487,-120.090402,0,3,RC16,TRUE,Active,Alive,Helicopter
G72B4C891,GPUD_Survival,live_release,B,42,Lot 1,11H,160,44.099998474121094,2026-05-06,2026-05-05T15:49:14Z,2026-05-07T15:46:00Z,Rock Island Tailrace,Rock Island Tailrace - CHINOOK,47.341487,-120.090402,0,3,RC16,TRUE,Active,Alive,Helicopter
G7251AB9C,GPUD_Survival,live_release,B,42,Lot 3,11H,167,45,2026-05-06,2026-05-05T15:49:35Z,2026-05-07T15:46:00Z,Rock Island Tailrace,Rock Island Tailrace - CHINOOK,47.341487,-120.090402,0,3,RC16,TRUE,Active,Alive,Helicopter
G72410622,GPUD_Survival,live_release,B,43,Lot 2,11H,130,22,2026-05-06,2026-05-05T15:49:59Z,2026-05-07T15:46:00Z,Rock Island Tailrace,Rock Island Tailrace - CHINOOK,47.341487,-120.090402,0,3,RC16,TRUE,Active,Alive,Helicopter
G72D668F5,GPUD_Survival,live_release,B,43,Lot 1,11H,131,22.299999237060547,2026-05-06,2026-05-05T15:50:39Z,2026-05-07T15:46:00Z,Rock Island Tailrace,Rock Island Tailrace - CHINOOK,47.341487,-120.090402,0,3,RC16,TRUE,Active,Alive,Helicopter
G724F7EC4,GPUD_Survival,live_release,B,44,Lot 3,11H,147,29.799999237060547,2026-05-06,2026-05-05T15:52:04Z,2026-05-07T15:46:00Z,Rock Island Tailrace,Rock Island Tailrace - CHINOOK,47.341487,-120.090402,0,3,RC16,TRUE,Active,Alive,Helicopter
G72E0AB5A,GPUD_Survival,live_release,B,44,Lot 2,11H,125,20.600000381469727,2026-05-06,2026-05-05T15:52:28Z,2026-05-07T15:46:00Z,Rock Island Tailrace,Rock Island Tailrace - CHINOOK,47.341487,-120.090402,0,3,RC16,TRUE,Active,Alive,Helicopter
G7283F1F0,GPUD_Survival,live_release,B,45,Lot 2,11H,167,42.099998474121094,2026-05-06,2026-05-05T15:53:10Z,2026-05-07T15:46:00Z,Rock Island Tailrace,Rock Island Tailrace - CHINOOK,47.341487,-120.090402,0,3,RC16,TRUE,Active,Alive,Helicopter
G72F8F9A7,GPUD_Survival,live_release,B,45,Lot 1,11H,121,19.899999618530273,2026-05-06,2026-05-05T15:53:47Z,2026-05-07T15:46:00Z,Rock Island Tailrace,Rock Island Tailrace - CHINOOK,47.341487,-120.090402,0,3,RC16,TRUE,Active,Alive,Helicopter
G7286E32E,GPUD_Survival,live_release,B,46,Lot 3,11H,130,23.200000762939453,2026-05-06,2026-05-05T15:54:55Z,2026-05-07T15:46:00Z,Rock Island Tailrace,Rock Island Tailrace - CHINOOK,47.341487,-120.090402,0,3,RC16,TRUE,Active,Alive,Helicopter
G721D89D5,GPUD_Survival,live_release,B,46,Lot 2,11H,131,23.600000381469727,2026-05-06,2026-05-05T15:55:54Z,2026-05-07T15:46:00Z,Rock Island Tailrace,Rock Island Tailrace - CHINOOK,47.341487,-120.090402,0,3,RC16,TRUE,Active,Alive,Helicopter
G723EB402,GPUD_Survival,live_release,B,47,Lot 1,11H,165,47.29999923706055,2026-05-06,2026-05-05T15:56:22Z,2026-05-07T15:46:00Z,Rock Island Tailrace,Rock Island Tailrace - CHINOOK,47.341487,-120.090402,0,3,RC16,TRUE,Active,Alive,Helicopter
G72651645,GPUD_Survival,live_release,B,47,Lot 3,11H,141,30.200000762939453,2026-05-06,2026-05-05T15:57:03Z,2026-05-07T15:46:00Z,Rock Island Tailrace,Rock Island Tailrace - CHINOOK,47.341487,-120.090402,0,3,RC16,TRUE,Active,Alive,Helicopter
G722FF8CF,GPUD_Survival,live_release,B,48,Lot 1,11H,129,20.700000762939453,2026-05-06,2026-05-05T15:58:32Z,2026-05-07T15:46:00Z,Rock Island Tailrace,Rock Island Tailrace - CHINOOK,47.341487,-120.090402,0,3,RC16,TRUE,Active,Alive,Helicopter
G725B0495,GPUD_Survival,live_release,B,48,Lot 1,11H,130,21.299999237060547,2026-05-06,2026-05-05T16:00:18Z,2026-05-07T15:46:00Z,Rock Island Tailrace,Rock Island Tailrace - CHINOOK,47.341487,-120.090402,0,3,RC16,TRUE,Active,Alive,Helicopter
G723F8F58,GPUD_Survival,live_release,B,49,Lot 2,11H,161,39.29999923706055,2026-05-06,2026-05-05T16:00:49Z,2026-05-07T15:46:00Z,Rock Island Tailrace,Rock Island Tailrace - CHINOOK,47.341487,-120.090402,0,3,RC16,TRUE,Active,Alive,Helicopter
G7230B580,GPUD_Survival,live_release,B,49,Lot 3,11H,159,36.599998474121094,2026-05-06,2026-05-05T16:01:24Z,2026-05-07T15:46:00Z,Rock Island Tailrace,Rock Island Tailrace - CHINOOK,47.341487,-120.090402,0,3,RC16,TRUE,Active,Alive,Helicopter
G7249C11D,GPUD_Survival,live_release,B,50,Lot 2,11W,130,20.200000762939453,2026-05-06,2026-05-05T16:02:35Z,2026-05-07T15:46:00Z,Rock Island Tailrace,Rock Island Tailrace - CHINOOK,47.341487,-120.090402,0,3,RC16,TRUE,Active,Alive,Helicopter
G72860F64,GPUD_Survival,live_release,B,50,Lot 1,11H,110,13.699999809265137,2026-05-06,2026-05-05T16:03:24Z,2026-05-07T15:46:00Z,Rock Island Tailrace,Rock Island Tailrace - CHINOOK,47.341487,-120.090402,0,3,RC16,TRUE,Active,Alive,Helicopter
G7287F4F4,GPUD_Survival,live_release,B,51,Lot 1,11H,125,20.600000381469727,2026-05-06,2026-05-05T16:04:07Z,2026-05-07T15:46:00Z,Rock Island Tailrace,Rock Island Tailrace - CHINOOK,47.341487,-120.090402,0,3,RC16,TRUE,Active,Alive,Helicopter
G7259FDEC,GPUD_Survival,live_release,B,51,Lot 1,11H,165,40.900001525878906,2026-05-06,2026-05-05T16:05:20Z,2026-05-07T15:46:00Z,Rock Island Tailrace,Rock Island Tailrace - CHINOOK,47.341487,-120.090402,0,3,RC16,TRUE,Active,Alive,Helicopter
G72DCE89E,GPUD_Survival,live_release,B,52,Lot 3,11H,115,15.899999618530273,2026-05-06,2026-05-05T16:06:17Z,2026-05-07T15:46:00Z,Rock Island Tailrace,Rock Island Tailrace - CHINOOK,47.341487,-120.090402,0,3,RC16,TRUE,Active,Alive,Helicopter
G72147D72,GPUD_Survival,live_release,B,52,Lot 3,11H,150,31.100000381469727,2026-05-06,2026-05-05T16:07:33Z,2026-05-07T15:46:00Z,Rock Island Tailrace,Rock Island Tailrace - CHINOOK,47.341487,-120.090402,0,3,RC16,TRUE,Active,Alive,Helicopter
G723F426F,GPUD_Survival,live_release,B,53,Lot 2,11H,169,47.20000076293945,2026-05-06,2026-05-05T16:07:56Z,2026-05-07T15:46:00Z,Rock Island Tailrace,Rock Island Tailrace - CHINOOK,47.341487,-120.090402,0,3,RC16,TRUE,Active,Alive,Helicopter
G72AA7A2F,GPUD_Survival,live_release,B,53,Lot 3,11H,155,35.79999923706055,2026-05-06,2026-05-05T16:11:00Z,2026-05-07T15:46:00Z,Rock Island Tailrace,Rock Island Tailrace - CHINOOK,47.341487,-120.090402,0,3,RC16,TRUE,Active,Alive,Helicopter
G7298748C,GPUD_Survival,live_release,B,54,Lot 3,11W,120,16.799999237060547,2026-05-06,2026-05-05T16:20:54Z,2026-05-07T15:46:00Z,Rock Island Tailrace,Rock Island Tailrace - CHINOOK,47.341487,-120.090402,0,3,RC16,TRUE,Active,Alive,Helicopter
G7235268C,GPUD_Survival,live_release,B,54,Lot 3,11W,132,21.899999618530273,2026-05-06,2026-05-05T16:21:38Z,2026-05-07T15:46:00Z,Rock Island Tailrace,Rock Island Tailrace - CHINOOK,47.341487,-120.090402,0,3,RC16,TRUE,Active,Alive,Helicopter
G7290AD31,GPUD_Survival,live_release,B,67,Lot 2,11H,115,15.899999618530273,2026-05-06,2026-05-05T16:29:24Z,2026-05-07T16:28:00Z,Priest Rapids Tailrace,Priest Rapids Tailrace - CHINOOK,46.632369,-119.895442,0,3,PC13,TRUE,Active,Alive,Helicopter
G72DF90F1,GPUD_Survival,live_release,B,67,Lot 3,11H,109,12.800000190734863,2026-05-06,2026-05-05T16:30:21Z,2026-05-07T16:28:00Z,Priest Rapids Tailrace,Priest Rapids Tailrace - CHINOOK,46.632369,-119.895442,0,3,PC13,TRUE,Active,Alive,Helicopter
G7229D1DA,GPUD_Survival,live_release,B,68,Lot 3,11H,135,25.700000762939453,2026-05-06,2026-05-05T16:34:34Z,2026-05-07T16:28:00Z,Priest Rapids Tailrace,Priest Rapids Tailrace - CHINOOK,46.632369,-119.895442,0,3,PC13,TRUE,Active,Alive,Helicopter
G72AD89D7,GPUD_Survival,live_release,B,68,Lot 1,11H,125,19.700000762939453,2026-05-06,2026-05-05T16:36:23Z,2026-05-07T16:28:00Z,Priest Rapids Tailrace,Priest Rapids Tailrace - CHINOOK,46.632369,-119.895442,0,3,PC13,TRUE,Active,Alive,Helicopter
G72F85649,GPUD_Survival,live_release,B,69,Lot 3,11H,173,49.099998474121094,2026-05-06,2026-05-05T16:38:44Z,2026-05-07T16:28:00Z,Priest Rapids Tailrace,Priest Rapids Tailrace - CHINOOK,46.632369,-119.895442,0,3,PC13,TRUE,Active,Alive,Helicopter
G7233AA09,GPUD_Survival,live_release,B,69,Lot 1,11H,122,19.5,2026-05-06,2026-05-05T16:39:56Z,2026-05-07T16:28:00Z,Priest Rapids Tailrace,Priest Rapids Tailrace - CHINOOK,46.632369,-119.895442,0,3,PC13,TRUE,Active,Alive,Helicopter
G72724F80,GPUD_Survival,live_release,B,70,Lot 1,11H,110,14.5,2026-05-06,2026-05-05T16:40:04Z,2026-05-07T16:28:00Z,Priest Rapids Tailrace,Priest Rapids Tailrace - CHINOOK,46.632369,-119.895442,0,3,PC13,TRUE,Active,Alive,Helicopter
G7282A58E,GPUD_Survival,live_release,B,70,Lot 3,11W,128,19.5,2026-05-06,2026-05-05T16:41:11Z,2026-05-07T16:28:00Z,Priest Rapids Tailrace,Priest Rapids Tailrace - CHINOOK,46.632369,-119.895442,0,3,PC13,TRUE,Active,Alive,Helicopter
G72713553,GPUD_Survival,live_release,B,71,Lot 2,11H,118,17.200000762939453,2026-05-06,2026-05-05T16:42:17Z,2026-05-07T16:28:00Z,Priest Rapids Tailrace,Priest Rapids Tailrace - CHINOOK,46.632369,-119.895442,0,3,PC13,TRUE,Active,Alive,Helicopter
G72B43F66,GPUD_Survival,live_release,B,72,Lot 2,11H,169,41.20000076293945,2026-05-06,2026-05-05T16:47:59Z,2026-05-07T16:28:00Z,Priest Rapids Tailrace,Priest Rapids Tailrace - CHINOOK,46.632369,-119.895442,0,3,PC13,TRUE,Active,Alive,Helicopter
G72075B35,GPUD_Survival,live_release,B,71,Lot 2,11H,129,22.5,2026-05-06,2026-05-05T16:49:22Z,2026-05-07T16:28:00Z,Priest Rapids Tailrace,Priest Rapids Tailrace - CHINOOK,46.632369,-119.895442,0,3,PC13,TRUE,Active,Alive,Helicopter
G72EDC715,GPUD_Survival,live_release,B,72,Lot 2,11H,125,17.5,2026-05-06,2026-05-05T16:49:27Z,2026-05-07T16:28:00Z,Priest Rapids Tailrace,Priest Rapids Tailrace - CHINOOK,46.632369,-119.895442,0,3,PC13,TRUE,Active,Alive,Helicopter
G72D21629,GPUD_Survival,live_release,B,73,Lot 3,11H,113,15.899999618530273,2026-05-06,2026-05-05T16:50:25Z,2026-05-07T16:28:00Z,Priest Rapids Tailrace,Priest Rapids Tailrace - CHINOOK,46.632369,-119.895442,0,3,PC13,TRUE,Active,Alive,Helicopter
G723EEC1B,GPUD_Survival,live_release,B,73,Lot 3,11H,131,21.299999237060547,2026-05-06,2026-05-05T16:51:10Z,2026-05-07T16:28:00Z,Priest Rapids Tailrace,Priest Rapids Tailrace - CHINOOK,46.632369,-119.895442,0,3,PC13,TRUE,Active,Alive,Helicopter
G72CFDDA6,GPUD_Survival,live_release,B,74,Lot 3,11H,165,41,2026-05-06,2026-05-05T16:52:29Z,2026-05-07T16:28:00Z,Priest Rapids Tailrace,Priest Rapids Tailrace - CHINOOK,46.632369,-119.895442,0,3,PC13,TRUE,Active,Alive,Helicopter
G7216EB2F,GPUD_Survival,live_release,B,74,Lot 2,11H,149,29.799999237060547,2026-05-06,2026-05-05T16:53:46Z,2026-05-07T16:28:00Z,Priest Rapids Tailrace,Priest Rapids Tailrace - CHINOOK,46.632369,-119.895442,0,3,PC13,TRUE,Active,Alive,Helicopter
G7243242C,GPUD_Survival,dead_release,B,75,Lot 2,11H,115,15.399999618530273,2026-05-06,2026-05-05T16:54:27Z,2026-05-07T16:28:00Z,Priest Rapids Tailrace,Priest Rapids Tailrace - CHINOOK,46.632369,-119.895442,1,3,PC13,FALSE,Active,Euthanized,Helicopter
G7280937C,GPUD_Survival,dead_release,B,75,Lot 3,11H,118,15.699999809265137,2026-05-06,2026-05-05T16:55:13Z,2026-05-07T16:28:00Z,Priest Rapids Tailrace,Priest Rapids Tailrace - CHINOOK,46.632369,-119.895442,1,3,PC13,FALSE,Active,Euthanized,Helicopter
G72518642,GPUD_Survival,live_release,B,76,Lot 3,11H,105,11.399999618530273,2026-05-06,2026-05-05T16:55:51Z,2026-05-07T16:28:00Z,Priest Rapids Tailrace,Priest Rapids Tailrace - CHINOOK,46.632369,-119.895442,0,3,PC13,TRUE,Active,Alive,Helicopter
G72616686,GPUD_Survival,live_release,B,76,Lot 2,11H,139,24.200000762939453,2026-05-06,2026-05-05T16:56:29Z,2026-05-07T16:28:00Z,Priest Rapids Tailrace,Priest Rapids Tailrace - CHINOOK,46.632369,-119.895442,0,3,PC13,TRUE,Active,Alive,Helicopter
G7242C9FC,GPUD_Survival,live_release,B,77,Lot 2,11H,161,45.099998474121094,2026-05-06,2026-05-05T16:57:29Z,2026-05-07T16:28:00Z,Priest Rapids Tailrace,Priest Rapids Tailrace - CHINOOK,46.632369,-119.895442,0,3,PC13,TRUE,Active,Alive,Helicopter
G720C855E,GPUD_Survival,live_release,B,77,Lot 1,11H,115,15.5,2026-05-06,2026-05-05T16:58:11Z,2026-05-07T16:28:00Z,Priest Rapids Tailrace,Priest Rapids Tailrace - CHINOOK,46.632369,-119.895442,0,3,PC13,TRUE,Active,Alive,Helicopter
G72DD1A92,GPUD_Survival,live_release,B,78,Lot 3,11H,130,22.799999237060547,2026-05-06,2026-05-05T16:58:53Z,2026-05-07T16:28:00Z,Priest Rapids Tailrace,Priest Rapids Tailrace - CHINOOK,46.632369,-119.895442,0,3,PC13,TRUE,Active,Alive,Helicopter
G724E1E65,GPUD_Survival,live_release,B,78,Lot 2,11H,123,19.399999618530273,2026-05-06,2026-05-05T16:59:45Z,2026-05-07T16:28:00Z,Priest Rapids Tailrace,Priest Rapids Tailrace - CHINOOK,46.632369,-119.895442,0,3,PC13,TRUE,Active,Alive,Helicopter
G728C6724,GPUD_Survival,live_release,B,79,Lot 2,11H,141,29.5,2026-05-06,2026-05-05T17:01:43Z,2026-05-07T16:28:00Z,Priest Rapids Tailrace,Priest Rapids Tailrace - CHINOOK,46.632369,-119.895442,0,3,PC13,TRUE,Active,Alive,Helicopter
G72687415,GPUD_Survival,live_release,B,79,Lot 3,11H,136,24.600000381469727,2026-05-06,2026-05-05T17:02:47Z,2026-05-07T16:28:00Z,Priest Rapids Tailrace,Priest Rapids Tailrace - CHINOOK,46.632369,-119.895442,0,3,PC13,TRUE,Active,Alive,Helicopter
G72AE7D97,GPUD_Survival,live_release,B,80,Lot 3,11H,121,17.5,2026-05-06,2026-05-05T17:03:39Z,2026-05-07T16:28:00Z,Priest Rapids Tailrace,Priest Rapids Tailrace - CHINOOK,46.632369,-119.895442,0,3,PC13,TRUE,Active,Alive,Helicopter
G72B209AF,GPUD_Survival,live_release,B,80,Lot 1,11H,150,33.599998474121094,2026-05-06,2026-05-05T17:04:16Z,2026-05-07T16:28:00Z,Priest Rapids Tailrace,Priest Rapids Tailrace - CHINOOK,46.632369,-119.895442,0,3,PC13,TRUE,Active,Alive,Helicopter
G722CAAFD,GPUD_Survival,live_release,B,81,Lot 1,11H,130,23.200000762939453,2026-05-06,2026-05-05T17:05:11Z,2026-05-07T16:28:00Z,Priest Rapids Tailrace,Priest Rapids Tailrace - CHINOOK,46.632369,-119.895442,0,3,PC13,TRUE,Active,Alive,Helicopter
G727715DA,GPUD_Survival,live_release,B,81,Lot 1,11H,134,22.200000762939453,2026-05-06,2026-05-05T17:05:59Z,2026-05-07T16:28:00Z,Priest Rapids Tailrace,Priest Rapids Tailrace - CHINOOK,46.632369,-119.895442,0,3,PC13,TRUE,Active,Alive,Helicopter
G72CECE1D,GPUD_Survival,live_release,B,82,Lot 3,11W,142,20,2026-05-06,2026-05-05T17:07:41Z,2026-05-07T16:28:00Z,Priest Rapids Tailrace,Priest Rapids Tailrace - CHINOOK,46.632369,-119.895442,0,3,PC13,TRUE,Active,Alive,Helicopter
G7297C744,GPUD_Survival,live_release,B,82,Lot 3,11H,124,17.600000381469727,2026-05-06,2026-05-05T17:08:32Z,2026-05-07T16:28:00Z,Priest Rapids Tailrace,Priest Rapids Tailrace - CHINOOK,46.632369,-119.895442,0,3,PC13,TRUE,Active,Alive,Helicopter
G7209CBF8,GPUD_Survival,live_release,B,83,Lot 1,11H,123,19.200000762939453,2026-05-06,2026-05-05T17:09:05Z,2026-05-07T16:28:00Z,Priest Rapids Tailrace,Priest Rapids Tailrace - CHINOOK,46.632369,-119.895442,0,3,PC13,TRUE,Active,Alive,Helicopter
G72DECFAF,GPUD_Survival,live_release,B,83,Lot 3,11H,143,28,2026-05-06,2026-05-05T17:10:13Z,2026-05-07T16:28:00Z,Priest Rapids Tailrace,Priest Rapids Tailrace - CHINOOK,46.632369,-119.895442,0,3,PC13,TRUE,Active,Alive,Helicopter
G72713E73,GPUD_Survival,live_release,B,84,Lot 1,11H,185,57,2026-05-06,2026-05-05T17:11:50Z,2026-05-07T16:28:00Z,Priest Rapids Tailrace,Priest Rapids Tailrace - CHINOOK,46.632369,-119.895442,0,3,PC13,TRUE,Active,Alive,Helicopter
G725DB553,GPUD_Survival,live_release,B,84,Lot 1,11H,171,50.900001525878906,2026-05-06,2026-05-05T17:12:32Z,2026-05-07T16:28:00Z,Priest Rapids Tailrace,Priest Rapids Tailrace - CHINOOK,46.632369,-119.895442,0,3,PC13,TRUE,Active,Alive,Helicopter
G722A5562,GPUD_Survival,live_release,B,85,Lot 3,11H,140,27.299999237060547,2026-05-06,2026-05-05T17:13:05Z,2026-05-07T16:28:00Z,Priest Rapids Tailrace,Priest Rapids Tailrace - CHINOOK,46.632369,-119.895442,0,3,PC13,TRUE,Active,Alive,Helicopter
G72AD0744,GPUD_Survival,live_release,B,1,Lot 1,31H,186,56.5,2026-05-06,2026-05-05T17:15:21Z,2026-05-07T15:46:00Z,Rock Island Tailrace,Rock Island Tailrace - STEELHEAD,47.341487,-120.090402,0,3,RI11,TRUE,Active,Alive,Helicopter
G7278CAD4,GPUD_Survival,live_release,B,1,Lot 1,31H,200,74.69999694824219,2026-05-06,2026-05-05T17:17:34Z,2026-05-07T15:46:00Z,Rock Island Tailrace,Rock Island Tailrace - STEELHEAD,47.341487,-120.090402,0,3,RI11,TRUE,Active,Alive,Helicopter
G7252A488,GPUD_Survival,live_release,B,2,Lot 3,31H,167,38.29999923706055,2026-05-06,2026-05-05T17:18:09Z,2026-05-07T15:46:00Z,Rock Island Tailrace,Rock Island Tailrace - STEELHEAD,47.341487,-120.090402,0,3,RI11,TRUE,Active,Alive,Helicopter
G72258791,GPUD_Survival,live_release,B,2,Lot 2,31H,202,81.80000305175781,2026-05-06,2026-05-05T17:19:16Z,2026-05-07T15:46:00Z,Rock Island Tailrace,Rock Island Tailrace - STEELHEAD,47.341487,-120.090402,0,3,RI11,TRUE,Active,Alive,Helicopter
G72EF5795,GPUD_Survival,live_release,B,3,Lot 2,31H,175,47.099998474121094,2026-05-06,2026-05-05T17:19:59Z,2026-05-07T15:46:00Z,Rock Island Tailrace,Rock Island Tailrace - STEELHEAD,47.341487,-120.090402,0,3,RI11,TRUE,Active,Alive,Helicopter
G72357AF4,GPUD_Survival,live_release,B,3,Lot 1,31W,156,34,2026-05-06,2026-05-05T17:20:35Z,2026-05-07T15:46:00Z,Rock Island Tailrace,Rock Island Tailrace - STEELHEAD,47.341487,-120.090402,0,3,RI11,TRUE,Active,Alive,Helicopter
G72356149,GPUD_Survival,live_release,B,4,Lot 3,31W,162,34.29999923706055,2026-05-06,2026-05-05T17:21:36Z,2026-05-07T15:46:00Z,Rock Island Tailrace,Rock Island Tailrace - STEELHEAD,47.341487,-120.090402,0,3,RI11,FALSE,Inactive,Alive,Helicopter
G72547B34,GPUD_Survival,live_release,B,4,Lot 1,31H,200,77.19999694824219,2026-05-06,2026-05-05T17:22:30Z,2026-05-07T15:46:00Z,Rock Island Tailrace,Rock Island Tailrace - STEELHEAD,47.341487,-120.090402,0,3,RI11,TRUE,Active,Alive,Helicopter
G72DA6B5A,GPUD_Survival,live_release,B,5,Lot 3,31H,185,55.79999923706055,2026-05-06,2026-05-05T17:23:05Z,2026-05-07T15:46:00Z,Rock Island Tailrace,Rock Island Tailrace - STEELHEAD,47.341487,-120.090402,0,3,RI11,TRUE,Active,Alive,Helicopter
G7289121C,GPUD_Survival,live_release,B,5,Lot 1,31H,200,71,2026-05-06,2026-05-05T17:23:34Z,2026-05-07T15:46:00Z,Rock Island Tailrace,Rock Island Tailrace - STEELHEAD,47.341487,-120.090402,0,3,RI11,TRUE,Active,Alive,Helicopter
G724A38A0,GPUD_Survival,live_release,B,6,Lot 2,31H,171,44,2026-05-06,2026-05-05T17:24:36Z,2026-05-07T15:46:00Z,Rock Island Tailrace,Rock Island Tailrace - STEELHEAD,47.341487,-120.090402,0,3,RI11,TRUE,Active,Alive,Helicopter
G72F5CB2C,GPUD_Survival,live_release,B,6,Lot 1,31H,200,67.0999984741211,2026-05-06,2026-05-05T17:25:12Z,2026-05-07T15:46:00Z,Rock Island Tailrace,Rock Island Tailrace - STEELHEAD,47.341487,-120.090402,0,3,RI11,TRUE,Active,Alive,Helicopter
G72F7EEA1,GPUD_Survival,live_release,B,7,Lot 2,31H,152,28.299999237060547,2026-05-06,2026-05-05T17:26:00Z,2026-05-07T15:46:00Z,Rock Island Tailrace,Rock Island Tailrace - STEELHEAD,47.341487,-120.090402,0,3,RI11,TRUE,Active,Alive,Helicopter
G72C557B3,GPUD_Survival,live_release,B,7,Lot 3,31H,176,48.70000076293945,2026-05-06,2026-05-05T17:27:16Z,2026-05-07T15:46:00Z,Rock Island Tailrace,Rock Island Tailrace - STEELHEAD,47.341487,-120.090402,0,3,RI11,TRUE,Active,Alive,Helicopter
G7204FA91,GPUD_Survival,live_release,B,8,Lot 1,31W,120,16.5,2026-05-06,2026-05-05T17:28:06Z,2026-05-07T15:46:00Z,Rock Island Tailrace,Rock Island Tailrace - STEELHEAD,47.341487,-120.090402,0,3,RI11,TRUE,Active,Alive,Helicopter
G729E972D,GPUD_Survival,live_release,B,8,Lot 3,31H,177,53.79999923706055,2026-05-06,2026-05-05T17:29:20Z,2026-05-07T15:46:00Z,Rock Island Tailrace,Rock Island Tailrace - STEELHEAD,47.341487,-120.090402,0,3,RI11,TRUE,Active,Alive,Helicopter
G72C41350,GPUD_Survival,live_release,B,9,Lot 1,31H,192,64.4000015258789,2026-05-06,2026-05-05T17:30:19Z,2026-05-07T15:46:00Z,Rock Island Tailrace,Rock Island Tailrace - STEELHEAD,47.341487,-120.090402,0,3,RI11,TRUE,Active,Alive,Helicopter
G72425E6E,GPUD_Survival,live_release,B,9,Lot 2,31W,194,61.099998474121094,2026-05-06,2026-05-05T17:31:43Z,2026-05-07T15:46:00Z,Rock Island Tailrace,Rock Island Tailrace - STEELHEAD,47.341487,-120.090402,0,3,RI11,TRUE,Active,Alive,Helicopter
G72E593D9,GPUD_Survival,live_release,B,10,Lot 3,31H,176,54.599998474121094,2026-05-06,2026-05-05T17:34:14Z,2026-05-07T15:46:00Z,Rock Island Tailrace,Rock Island Tailrace - STEELHEAD,47.341487,-120.090402,0,3,RI11,TRUE,Active,Alive,Helicopter
G72F1369E,GPUD_Survival,live_release,B,10,Lot 1,31W,173,43.79999923706055,2026-05-06,2026-05-05T17:34:48Z,2026-05-07T15:46:00Z,Rock Island Tailrace,Rock Island Tailrace - STEELHEAD,47.341487,-120.090402,0,3,RI11,TRUE,Active,Alive,Helicopter
G72058BF3,GPUD_Survival,live_release,B,11,Lot 1,31H,202,69.4000015258789,2026-05-06,2026-05-05T17:35:37Z,2026-05-07T15:46:00Z,Rock Island Tailrace,Rock Island Tailrace - STEELHEAD,47.341487,-120.090402,0,3,RI11,TRUE,Active,Alive,Helicopter
G72091BAF,GPUD_Survival,live_release,B,11,Lot 1,31H,184,54.400001525878906,2026-05-06,2026-05-05T17:40:27Z,2026-05-07T15:46:00Z,Rock Island Tailrace,Rock Island Tailrace - STEELHEAD,47.341487,-120.090402,0,3,RI11,TRUE,Active,Alive,Helicopter
G725CEB53,GPUD_Survival,live_release,B,12,Lot 1,31H,141,23,2026-05-06,2026-05-05T17:41:10Z,2026-05-07T15:46:00Z,Rock Island Tailrace,Rock Island Tailrace - STEELHEAD,47.341487,-120.090402,0,3,RI11,TRUE,Active,Alive,Helicopter
G7237D928,GPUD_Survival,live_release,B,12,Lot 1,31H,178,55,2026-05-06,2026-05-05T17:41:39Z,2026-05-07T15:46:00Z,Rock Island Tailrace,Rock Island Tailrace - STEELHEAD,47.341487,-120.090402,0,3,RI11,TRUE,Active,Alive,Helicopter
G72554D93,GPUD_Survival,live_release,B,13,Lot 3,31W,177,48.79999923706055,2026-05-06,2026-05-05T17:42:14Z,2026-05-07T15:46:00Z,Rock Island Tailrace,Rock Island Tailrace - STEELHEAD,47.341487,-120.090402,0,3,RI11,TRUE,Active,Alive,Helicopter
G725B7152,GPUD_Survival,live_release,B,13,Lot 1,31H,192,62.599998474121094,2026-05-06,2026-05-05T17:42:50Z,2026-05-07T15:46:00Z,Rock Island Tailrace,Rock Island Tailrace - STEELHEAD,47.341487,-120.090402,0,3,RI11,TRUE,Active,Alive,Helicopter
G72DC9C07,GPUD_Survival,live_release,B,14,Lot 3,31W,145,26.700000762939453,2026-05-06,2026-05-05T17:43:35Z,2026-05-07T15:46:00Z,Rock Island Tailrace,Rock Island Tailrace - STEELHEAD,47.341487,-120.090402,0,3,RI11,TRUE,Active,Alive,Helicopter
G72C958BF,GPUD_Survival,live_release,B,14,Lot 1,31H,185,53,2026-05-06,2026-05-05T17:45:02Z,2026-05-07T15:46:00Z,Rock Island Tailrace,Rock Island Tailrace - STEELHEAD,47.341487,-120.090402,0,3,RI11,TRUE,Active,Alive,Helicopter
G72284F10,GPUD_Survival,live_release,B,15,Lot 1,31H,191,59,2026-05-06,2026-05-05T17:47:36Z,2026-05-07T15:46:00Z,Rock Island Tailrace,Rock Island Tailrace - STEELHEAD,47.341487,-120.090402,0,3,RI11,TRUE,Active,Alive,Helicopter
G72F678A9,GPUD_Survival,live_release,B,15,Lot 1,31H,196,69,2026-05-06,2026-05-05T17:49:25Z,2026-05-07T15:46:00Z,Rock Island Tailrace,Rock Island Tailrace - STEELHEAD,47.341487,-120.090402,0,3,RI11,TRUE,Active,Alive,Helicopter
G728E42A9,GPUD_Survival,live_release,B,16,Lot 3,31W,154,31.200000762939453,2026-05-06,2026-05-05T17:50:22Z,2026-05-07T15:46:00Z,Rock Island Tailrace,Rock Island Tailrace - STEELHEAD,47.341487,-120.090402,0,3,RI11,TRUE,Active,Alive,Helicopter
G723BD83B,GPUD_Survival,live_release,B,17,Lot 2,31W,171,44.20000076293945,2026-05-06,2026-05-05T17:51:05Z,2026-05-07T15:46:00Z,Rock Island Tailrace,Rock Island Tailrace - STEELHEAD,47.341487,-120.090402,0,3,RI11,TRUE,Active,Alive,Helicopter
G72BC40A9,GPUD_Survival,live_release,B,17,Lot 3,31H,191,61.099998474121094,2026-05-06,2026-05-05T17:52:08Z,2026-05-07T15:46:00Z,Rock Island Tailrace,Rock Island Tailrace - STEELHEAD,47.341487,-120.090402,0,3,RI11,TRUE,Active,Alive,Helicopter
G72E28954,GPUD_Survival,live_release,B,18,Lot 1,31H,182,56.099998474121094,2026-05-06,2026-05-05T17:53:00Z,2026-05-07T15:46:00Z,Rock Island Tailrace,Rock Island Tailrace - STEELHEAD,47.341487,-120.090402,0,3,RI11,TRUE,Active,Alive,Helicopter
G72D9A484,GPUD_Survival,live_release,B,18,Lot 2,31H,203,76.9000015258789,2026-05-06,2026-05-05T17:53:46Z,2026-05-07T15:46:00Z,Rock Island Tailrace,Rock Island Tailrace - STEELHEAD,47.341487,-120.090402,0,3,RI11,TRUE,Active,Alive,Helicopter
G72A767C6,GPUD_Survival,live_release,B,19,Lot 3,31W,138,24.200000762939453,2026-05-06,2026-05-05T17:54:42Z,2026-05-07T15:46:00Z,Rock Island Tailrace,Rock Island Tailrace - STEELHEAD,47.341487,-120.090402,0,3,RI11,TRUE,Active,Alive,Helicopter
G72B48DE8,GPUD_Survival,live_release,B,19,Lot 2,31W,203,69.5,2026-05-06,2026-05-05T17:55:50Z,2026-05-07T15:46:00Z,Rock Island Tailrace,Rock Island Tailrace - STEELHEAD,47.341487,-120.090402,0,3,RI11,TRUE,Active,Alive,Helicopter
G7280BB9D,GPUD_Survival,live_release,B,20,Lot 3,31H,196,67.9000015258789,2026-05-06,2026-05-05T17:56:27Z,2026-05-07T15:46:00Z,Rock Island Tailrace,Rock Island Tailrace - STEELHEAD,47.341487,-120.090402,0,3,RI11,TRUE,Active,Alive,Helicopter
G721B4295,GPUD_Survival,live_release,B,20,Lot 3,31H,199,78.5,2026-05-06,2026-05-05T17:57:20Z,2026-05-07T15:46:00Z,Rock Island Tailrace,Rock Island Tailrace - STEELHEAD,47.341487,-120.090402,0,3,RI11,TRUE,Active,Alive,Helicopter
G72434F69,GPUD_Survival,live_release,B,21,Lot 2,31W,204,77.69999694824219,2026-05-06,2026-05-05T17:57:56Z,2026-05-07T15:46:00Z,Rock Island Tailrace,Rock Island Tailrace - STEELHEAD,47.341487,-120.090402,0,3,RI11,TRUE,Active,Alive,Helicopter
G72361358,GPUD_Survival,live_release,B,21,Lot 1,31H,193,63,2026-05-06,2026-05-05T17:58:40Z,2026-05-07T15:46:00Z,Rock Island Tailrace,Rock Island Tailrace - STEELHEAD,47.341487,-120.090402,0,3,RI11,TRUE,Active,Alive,Helicopter
G72CBDCC3,GPUD_Survival,dead_release,B,22,Lot 1,31H,201,71.19999694824219,2026-05-06,2026-05-05T17:59:15Z,2026-05-07T16:28:00Z,Priest Rapids Tailrace,Priest Rapids Tailrace - STEELHEAD,46.632369,-119.895442,1,3,PR08,FALSE,Inactive,Mortality,Helicopter
G72CE7C93,GPUD_Survival,live_release,A,100,Lot 3,31W,160,33.20000076293945,2026-05-06,2026-05-05T18:01:26Z,2026-05-07T16:28:00Z,Priest Rapids Tailrace,Priest Rapids Tailrace - STEELHEAD,46.632369,-119.895442,0,3,PR08,TRUE,Active,Alive,Helicopter
G720A3BD9,GPUD_Survival,live_release,A,100,Lot 3,31H,210,77.5999984741211,2026-05-06,2026-05-05T18:03:43Z,2026-05-07T16:28:00Z,Priest Rapids Tailrace,Priest Rapids Tailrace - STEELHEAD,46.632369,-119.895442,0,3,PR08,TRUE,Active,Alive,Helicopter
G729BA30D,GPUD_Survival,live_release,A,101,Lot 3,31W,175,39.5,2026-05-06,2026-05-05T18:04:19Z,2026-05-07T16:28:00Z,Priest Rapids Tailrace,Priest Rapids Tailrace - STEELHEAD,46.632369,-119.895442,0,3,PR08,TRUE,Active,Alive,Helicopter
G72C32E7D,GPUD_Survival,live_release,A,101,Lot 2,31H,186,54.5,2026-05-06,2026-05-05T18:05:33Z,2026-05-07T16:28:00Z,Priest Rapids Tailrace,Priest Rapids Tailrace - STEELHEAD,46.632369,-119.895442,0,3,PR08,TRUE,Active,Alive,Helicopter
G723F94E5,GPUD_Survival,live_release,A,102,Lot 2,31H,183,51.79999923706055,2026-05-06,2026-05-05T18:06:08Z,2026-05-07T16:28:00Z,Priest Rapids Tailrace,Priest Rapids Tailrace - STEELHEAD,46.632369,-119.895442,0,3,PR08,TRUE,Active,Alive,Helicopter
G721E0713,GPUD_Survival,live_release,A,102,Lot 3,31W,137,24,2026-05-06,2026-05-05T18:06:43Z,2026-05-07T16:28:00Z,Priest Rapids Tailrace,Priest Rapids Tailrace - STEELHEAD,46.632369,-119.895442,0,3,PR08,TRUE,Active,Alive,Helicopter
G726A0DE0,GPUD_Survival,live_release,A,103,Lot 2,31W,180,46.70000076293945,2026-05-06,2026-05-05T18:08:14Z,2026-05-07T16:28:00Z,Priest Rapids Tailrace,Priest Rapids Tailrace - STEELHEAD,46.632369,-119.895442,0,3,PR08,TRUE,Active,Alive,Helicopter
G725F8B63,GPUD_Survival,live_release,A,103,Lot 3,31H,183,47.900001525878906,2026-05-06,2026-05-05T18:08:52Z,2026-05-07T16:28:00Z,Priest Rapids Tailrace,Priest Rapids Tailrace - STEELHEAD,46.632369,-119.895442,0,3,PR08,TRUE,Active,Alive,Helicopter
G72BDAFC5,GPUD_Survival,live_release,A,104,Lot 3,31H,190,58.900001525878906,2026-05-06,2026-05-05T18:09:35Z,2026-05-07T16:28:00Z,Priest Rapids Tailrace,Priest Rapids Tailrace - STEELHEAD,46.632369,-119.895442,0,3,PR08,TRUE,Active,Alive,Helicopter
G72C15DF6,GPUD_Survival,live_release,A,104,Lot 2,31W,174,46.70000076293945,2026-05-06,2026-05-05T18:10:12Z,2026-05-07T16:28:00Z,Priest Rapids Tailrace,Priest Rapids Tailrace - STEELHEAD,46.632369,-119.895442,0,3,PR08,TRUE,Active,Alive,Helicopter
G72B418C6,GPUD_Survival,live_release,A,105,Lot 2,31H,199,67,2026-05-06,2026-05-05T18:10:55Z,2026-05-07T16:28:00Z,Priest Rapids Tailrace,Priest Rapids Tailrace - STEELHEAD,46.632369,-119.895442,0,3,PR08,TRUE,Active,Alive,Helicopter
G729C5494,GPUD_Survival,live_release,A,105,Lot 2,31H,185,57.79999923706055,2026-05-06,2026-05-05T18:11:57Z,2026-05-07T16:28:00Z,Priest Rapids Tailrace,Priest Rapids Tailrace - STEELHEAD,46.632369,-119.895442,0,3,PR08,TRUE,Active,Alive,Helicopter
G725FAD9D,GPUD_Survival,live_release,A,106,Lot 3,31H,195,63.900001525878906,2026-05-06,2026-05-05T18:12:47Z,2026-05-07T16:28:00Z,Priest Rapids Tailrace,Priest Rapids Tailrace - STEELHEAD,46.632369,-119.895442,0,3,PR08,TRUE,Active,Alive,Helicopter
G7297A0A2,GPUD_Survival,live_release,A,106,Lot 1,31H,181,55.900001525878906,2026-05-06,2026-05-05T18:13:20Z,2026-05-07T16:28:00Z,Priest Rapids Tailrace,Priest Rapids Tailrace - STEELHEAD,46.632369,-119.895442,0,3,PR08,TRUE,Active,Alive,Helicopter
G72D3E699,GPUD_Survival,live_release,A,107,Lot 1,31H,152,32.5,2026-05-06,2026-05-05T18:13:54Z,2026-05-07T16:28:00Z,Priest Rapids Tailrace,Priest Rapids Tailrace - STEELHEAD,46.632369,-119.895442,0,3,PR08,TRUE,Active,Alive,Helicopter
G72C5B604,GPUD_Survival,live_release,A,107,Lot 2,31W,193,55.70000076293945,2026-05-06,2026-05-05T18:15:42Z,2026-05-07T16:28:00Z,Priest Rapids Tailrace,Priest Rapids Tailrace - STEELHEAD,46.632369,-119.895442,0,3,PR08,TRUE,Active,Alive,Helicopter
G72991DB1,GPUD_Survival,live_release,A,108,Lot 1,31H,188,61.70000076293945,2026-05-06,2026-05-05T18:16:29Z,2026-05-07T16:28:00Z,Priest Rapids Tailrace,Priest Rapids Tailrace - STEELHEAD,46.632369,-119.895442,0,3,PR08,TRUE,Active,Alive,Helicopter
G728CBA8E,GPUD_Survival,live_release,A,108,Lot 1,31W,200,66.5999984741211,2026-05-06,2026-05-05T18:17:20Z,2026-05-07T16:28:00Z,Priest Rapids Tailrace,Priest Rapids Tailrace - STEELHEAD,46.632369,-119.895442,0,3,PR08,TRUE,Active,Alive,Helicopter
G72F14B9B,GPUD_Survival,live_release,A,109,Lot 1,31H,201,71.5999984741211,2026-05-06,2026-05-05T18:18:10Z,2026-05-07T16:28:00Z,Priest Rapids Tailrace,Priest Rapids Tailrace - STEELHEAD,46.632369,-119.895442,0,3,PR08,TRUE,Active,Alive,Helicopter
G72E344A7,GPUD_Survival,live_release,A,109,Lot 3,31H,205,70.5999984741211,2026-05-06,2026-05-05T18:19:13Z,2026-05-07T16:28:00Z,Priest Rapids Tailrace,Priest Rapids Tailrace - STEELHEAD,46.632369,-119.895442,0,3,PR08,TRUE,Active,Alive,Helicopter
G72A9A2EF,GPUD_Survival,live_release,A,110,Lot 2,31H,190,67.80000305175781,2026-05-06,2026-05-05T18:21:27Z,2026-05-07T16:28:00Z,Priest Rapids Tailrace,Priest Rapids Tailrace - STEELHEAD,46.632369,-119.895442,0,3,PR08,TRUE,Active,Alive,Helicopter
G7230D266,GPUD_Survival,live_release,A,110,Lot 2,31H,185,59.5,2026-05-06,2026-05-05T18:22:23Z,2026-05-07T16:28:00Z,Priest Rapids Tailrace,Priest Rapids Tailrace - STEELHEAD,46.632369,-119.895442,0,3,PR08,TRUE,Active,Alive,Helicopter
G726C5D91,GPUD_Survival,live_release,A,111,Lot 2,31W,155,31.899999618530273,2026-05-06,2026-05-05T18:23:14Z,2026-05-07T16:28:00Z,Priest Rapids Tailrace,Priest Rapids Tailrace - STEELHEAD,46.632369,-119.895442,0,3,PR08,TRUE,Active,Alive,Helicopter
G72490089,GPUD_Survival,live_release,A,111,Lot 2,31H,187,56.099998474121094,2026-05-06,2026-05-05T18:23:45Z,2026-05-07T16:28:00Z,Priest Rapids Tailrace,Priest Rapids Tailrace - STEELHEAD,46.632369,-119.895442,0,3,PR08,TRUE,Active,Alive,Helicopter
G7201AC68,GPUD_Survival,live_release,A,112,Lot 2,31H,190,63.400001525878906,2026-05-06,2026-05-05T18:24:27Z,2026-05-07T16:28:00Z,Priest Rapids Tailrace,Priest Rapids Tailrace - STEELHEAD,46.632369,-119.895442,0,3,PR08,TRUE,Active,Alive,Helicopter
G72AD5142,GPUD_Survival,live_release,A,112,Lot 1,31H,171,42.20000076293945,2026-05-06,2026-05-05T18:25:28Z,2026-05-07T16:28:00Z,Priest Rapids Tailrace,Priest Rapids Tailrace - STEELHEAD,46.632369,-119.895442,0,3,PR08,TRUE,Active,Alive,Helicopter
G729CD546,GPUD_Survival,live_release,A,113,Lot 2,31H,165,37.599998474121094,2026-05-06,2026-05-05T18:26:10Z,2026-05-07T16:28:00Z,Priest Rapids Tailrace,Priest Rapids Tailrace - STEELHEAD,46.632369,-119.895442,0,3,PR08,TRUE,Active,Alive,Helicopter
G72CD4AA5,GPUD_Survival,live_release,A,113,Lot 2,31H,132,19.700000762939453,2026-05-06,2026-05-05T18:26:46Z,2026-05-07T16:28:00Z,Priest Rapids Tailrace,Priest Rapids Tailrace - STEELHEAD,46.632369,-119.895442,0,3,PR08,TRUE,Active,Alive,Helicopter
G7278D456,GPUD_Survival,live_release,A,114,Lot 2,31H,170,45.099998474121094,2026-05-06,2026-05-05T18:27:40Z,2026-05-07T16:28:00Z,Priest Rapids Tailrace,Priest Rapids Tailrace - STEELHEAD,46.632369,-119.895442,0,3,PR08,TRUE,Active,Alive,Helicopter
G72E1A73D,GPUD_Survival,live_release,A,114,Lot 2,31H,175,43.099998474121094,2026-05-06,2026-05-05T18:28:17Z,2026-05-07T16:28:00Z,Priest Rapids Tailrace,Priest Rapids Tailrace - STEELHEAD,46.632369,-119.895442,0,3,PR08,TRUE,Active,Alive,Helicopter
G7271961E,GPUD_Survival,live_release,A,115,Lot 1,31W,160,36.5,2026-05-06,2026-05-05T18:29:41Z,2026-05-07T16:28:00Z,Priest Rapids Tailrace,Priest Rapids Tailrace - STEELHEAD,46.632369,-119.895442,0,3,PR08,TRUE,Active,Alive,Helicopter
G729594EC,GPUD_Survival,live_release,A,115,Lot 1,31H,205,74.5,2026-05-06,2026-05-05T18:30:54Z,2026-05-07T16:28:00Z,Priest Rapids Tailrace,Priest Rapids Tailrace - STEELHEAD,46.632369,-119.895442,0,3,PR08,TRUE,Active,Alive,Helicopter
G722D86B9,GPUD_Survival,live_release,A,116,Lot 1,31H,190,53.20000076293945,2026-05-06,2026-05-05T18:31:53Z,2026-05-07T16:28:00Z,Priest Rapids Tailrace,Priest Rapids Tailrace - STEELHEAD,46.632369,-119.895442,0,3,PR08,TRUE,Active,Alive,Helicopter
G7288854A,GPUD_Survival,live_release,A,116,Lot 2,31W,170,41.29999923706055,2026-05-06,2026-05-05T18:32:38Z,2026-05-07T16:28:00Z,Priest Rapids Tailrace,Priest Rapids Tailrace - STEELHEAD,46.632369,-119.895442,0,3,PR08,TRUE,Active,Alive,Helicopter
G72932796,GPUD_Survival,dead_release,A,117,Lot 1,31H,167,37.70000076293945,2026-05-06,2026-05-05T18:33:14Z,2026-05-07T16:28:00Z,Priest Rapids Tailrace,Priest Rapids Tailrace - STEELHEAD,46.632369,-119.895442,1,3,PR08,FALSE,Active,Euthanized,Helicopter
G72380EE4,GPUD_Survival,live_release,C,1,Lot 2,11H,126,20.5,2026-05-07,2026-05-06T16:33:42Z,2026-05-09T15:47:00Z,Rock Island Tailrace,Rock Island Tailrace - CHINOOK,47.341487,-120.090402,0,3,RC17,TRUE,Active,Alive,Helicopter
G72F4015C,GPUD_Survival,live_release,C,1,Lot 1,11H,114,16.399999618530273,2026-05-07,2026-05-06T16:34:28Z,2026-05-09T15:47:00Z,Rock Island Tailrace,Rock Island Tailrace - CHINOOK,47.341487,-120.090402,0,3,RC17,TRUE,Active,Alive,Helicopter
G72D4C536,GPUD_Survival,live_release,C,2,Lot 1,11H,119,16.399999618530273,2026-05-07,2026-05-06T16:35:23Z,2026-05-09T15:47:00Z,Rock Island Tailrace,Rock Island Tailrace - CHINOOK,47.341487,-120.090402,0,3,RC17,TRUE,Active,Alive,Helicopter
G727CA248,GPUD_Survival,live_release,C,4,Lot 2,11H,123,18,2026-05-07,2026-05-06T16:35:57Z,2026-05-09T15:47:00Z,Rock Island Tailrace,Rock Island Tailrace - CHINOOK,47.341487,-120.090402,0,3,RC17,TRUE,Active,Alive,Helicopter
G72B21673,GPUD_Survival,live_release,C,2,Lot 1,11H,117,14.899999618530273,2026-05-07,2026-05-06T16:36:30Z,2026-05-09T15:47:00Z,Rock Island Tailrace,Rock Island Tailrace - CHINOOK,47.341487,-120.090402,0,3,RC17,TRUE,Active,Alive,Helicopter
G72E7AF55,GPUD_Survival,live_release,C,3,Lot 3,11H,116,15.100000381469727,2026-05-07,2026-05-06T17:15:33Z,2026-05-09T15:47:00Z,Rock Island Tailrace,Rock Island Tailrace - CHINOOK,47.341487,-120.090402,0,3,RC17,TRUE,Active,Alive,Helicopter
G7229CA67,GPUD_Survival,live_release,C,3,Lot 2,11W,136,23.5,2026-05-07,2026-05-06T17:16:31Z,2026-05-09T15:47:00Z,Rock Island Tailrace,Rock Island Tailrace - CHINOOK,47.341487,-120.090402,0,3,RC17,TRUE,Active,Alive,Helicopter
G72C2D4B3,GPUD_Survival,live_release,C,6,Lot 1,11H,170,44.79999923706055,2026-05-07,2026-05-06T17:17:27Z,2026-05-09T15:47:00Z,Rock Island Tailrace,Rock Island Tailrace - CHINOOK,47.341487,-120.090402,0,3,RC17,TRUE,Active,Alive,Helicopter
G72478EC6,GPUD_Survival,live_release,C,4,Lot 3,11H,123,18.299999237060547,2026-05-07,2026-05-06T17:18:27Z,2026-05-09T15:47:00Z,Rock Island Tailrace,Rock Island Tailrace - CHINOOK,47.341487,-120.090402,0,3,RC17,TRUE,Active,Alive,Helicopter
G7202E75B,GPUD_Survival,live_release,C,5,Lot 2,11H,151,33.099998474121094,2026-05-07,2026-05-06T17:19:04Z,2026-05-09T15:47:00Z,Rock Island Tailrace,Rock Island Tailrace - CHINOOK,47.341487,-120.090402,0,3,RC17,TRUE,Active,Alive,Helicopter
G72EB5512,GPUD_Survival,live_release,C,5,Lot 1,11H,187,63.099998474121094,2026-05-07,2026-05-06T17:19:47Z,2026-05-09T15:47:00Z,Rock Island Tailrace,Rock Island Tailrace - CHINOOK,47.341487,-120.090402,0,3,RC17,TRUE,Active,Alive,Helicopter
G725CA9A9,GPUD_Survival,live_release,C,6,Lot 1,11H,156,38.599998474121094,2026-05-07,2026-05-06T17:20:26Z,2026-05-09T15:47:00Z,Rock Island Tailrace,Rock Island Tailrace - CHINOOK,47.341487,-120.090402,0,3,RC17,TRUE,Active,Alive,Helicopter
G72A1DD20,GPUD_Survival,live_release,C,7,Lot 3,11H,116,16.700000762939453,2026-05-07,2026-05-06T17:20:50Z,2026-05-09T15:47:00Z,Rock Island Tailrace,Rock Island Tailrace - CHINOOK,47.341487,-120.090402,0,3,RC17,TRUE,Active,Alive,Helicopter
G724B7C43,GPUD_Survival,live_release,C,7,Lot 2,11H,169,42.79999923706055,2026-05-07,2026-05-06T17:21:15Z,2026-05-09T15:47:00Z,Rock Island Tailrace,Rock Island Tailrace - CHINOOK,47.341487,-120.090402,0,3,RC17,FALSE,Inactive,Alive,Helicopter
G723D2C84,GPUD_Survival,live_release,C,8,Lot 1,11H,126,20.700000762939453,2026-05-07,2026-05-06T17:22:19Z,2026-05-09T15:47:00Z,Rock Island Tailrace,Rock Island Tailrace - CHINOOK,47.341487,-120.090402,0,3,RC17,TRUE,Active,Alive,Helicopter
G72A51E33,GPUD_Survival,live_release,C,8,Lot 1,11H,123,17.100000381469727,2026-05-07,2026-05-06T17:22:47Z,2026-05-09T15:47:00Z,Rock Island Tailrace,Rock Island Tailrace - CHINOOK,47.341487,-120.090402,0,3,RC17,TRUE,Active,Alive,Helicopter
G72692135,GPUD_Survival,live_release,C,9,Lot 3,11W,154,34.79999923706055,2026-05-07,2026-05-06T17:23:46Z,2026-05-09T15:47:00Z,Rock Island Tailrace,Rock Island Tailrace - CHINOOK,47.341487,-120.090402,0,3,RC17,TRUE,Active,Alive,Helicopter
G72175624,GPUD_Survival,live_release,C,9,Lot 2,11H,115,14.600000381469727,2026-05-07,2026-05-06T17:24:12Z,2026-05-09T15:47:00Z,Rock Island Tailrace,Rock Island Tailrace - CHINOOK,47.341487,-120.090402,0,3,RC17,TRUE,Active,Alive,Helicopter
G72F2AF46,GPUD_Survival,live_release,C,10,Lot 1,11H,153,33.599998474121094,2026-05-07,2026-05-06T17:24:41Z,2026-05-09T15:47:00Z,Rock Island Tailrace,Rock Island Tailrace - CHINOOK,47.341487,-120.090402,0,3,RC17,TRUE,Active,Alive,Helicopter
G7232D574,GPUD_Survival,live_release,C,10,Lot 1,11H,123,18.299999237060547,2026-05-07,2026-05-06T17:25:46Z,2026-05-09T15:47:00Z,Rock Island Tailrace,Rock Island Tailrace - CHINOOK,47.341487,-120.090402,0,3,RC17,TRUE,Active,Alive,Helicopter
G72654422,GPUD_Survival,live_release,C,11,Lot 1,11H,125,19,2026-05-07,2026-05-06T17:26:17Z,2026-05-09T15:47:00Z,Rock Island Tailrace,Rock Island Tailrace - CHINOOK,47.341487,-120.090402,0,3,RC17,TRUE,Active,Alive,Helicopter
G722A1E04,GPUD_Survival,live_release,C,11,Lot 3,11H,165,41.400001525878906,2026-05-07,2026-05-06T17:26:45Z,2026-05-09T15:47:00Z,Rock Island Tailrace,Rock Island Tailrace - CHINOOK,47.341487,-120.090402,0,3,RC17,TRUE,Active,Alive,Helicopter
G7279D1AD,GPUD_Survival,live_release,C,12,Lot 2,11H,119,16,2026-05-07,2026-05-06T17:28:16Z,2026-05-09T15:47:00Z,Rock Island Tailrace,Rock Island Tailrace - CHINOOK,47.341487,-120.090402,0,3,RC17,TRUE,Active,Alive,Helicopter
G72856015,GPUD_Survival,live_release,C,12,Lot 1,11W,116,13.800000190734863,2026-05-07,2026-05-06T17:28:59Z,2026-05-09T15:47:00Z,Rock Island Tailrace,Rock Island Tailrace - CHINOOK,47.341487,-120.090402,0,3,RC17,TRUE,Active,Alive,Helicopter
G72ECE6AC,GPUD_Survival,live_release,C,13,Lot 1,11H,143,25.5,2026-05-07,2026-05-06T17:29:32Z,2026-05-09T15:47:00Z,Rock Island Tailrace,Rock Island Tailrace - CHINOOK,47.341487,-120.090402,0,3,RC17,TRUE,Active,Alive,Helicopter
G7276C549,GPUD_Survival,live_release,C,13,Lot 1,11H,154,34.79999923706055,2026-05-07,2026-05-06T17:30:11Z,2026-05-09T15:47:00Z,Rock Island Tailrace,Rock Island Tailrace - CHINOOK,47.341487,-120.090402,0,3,RC17,TRUE,Active,Alive,Helicopter
G72959BAD,GPUD_Survival,live_release,C,14,Lot 1,11H,128,20.600000381469727,2026-05-07,2026-05-06T17:30:48Z,2026-05-09T15:47:00Z,Rock Island Tailrace,Rock Island Tailrace - CHINOOK,47.341487,-120.090402,0,3,RC17,TRUE,Active,Alive,Helicopter
G72132505,GPUD_Survival,live_release,C,14,Lot 1,11W,130,20.399999618530273,2026-05-07,2026-05-06T17:31:24Z,2026-05-09T15:47:00Z,Rock Island Tailrace,Rock Island Tailrace - CHINOOK,47.341487,-120.090402,0,3,RC17,TRUE,Active,Alive,Helicopter
G728FD95C,GPUD_Survival,live_release,C,15,Lot 3,11W,127,19.100000381469727,2026-05-07,2026-05-06T17:33:19Z,2026-05-09T15:47:00Z,Rock Island Tailrace,Rock Island Tailrace - CHINOOK,47.341487,-120.090402,0,3,RC17,TRUE,Active,Alive,Helicopter
G727A37CC,GPUD_Survival,live_release,C,15,Lot 2,11H,121,21.600000381469727,2026-05-07,2026-05-06T17:33:53Z,2026-05-09T15:47:00Z,Rock Island Tailrace,Rock Island Tailrace - CHINOOK,47.341487,-120.090402,0,3,RC17,TRUE,Active,Alive,Helicopter
G72C7A269,GPUD_Survival,live_release,C,16,Lot 1,11H,134,21.600000381469727,2026-05-07,2026-05-06T17:34:17Z,2026-05-09T15:47:00Z,Rock Island Tailrace,Rock Island Tailrace - CHINOOK,47.341487,-120.090402,0,3,RC17,TRUE,Active,Alive,Helicopter
G72AB1773,GPUD_Survival,live_release,C,16,Lot 1,11H,157,36.5,2026-05-07,2026-05-06T17:36:38Z,2026-05-09T15:47:00Z,Rock Island Tailrace,Rock Island Tailrace - CHINOOK,47.341487,-120.090402,0,3,RC17,TRUE,Active,Alive,Helicopter
G7236531E,GPUD_Survival,live_release,C,17,Lot 1,11H,119,17,2026-05-07,2026-05-06T17:37:00Z,2026-05-09T15:47:00Z,Rock Island Tailrace,Rock Island Tailrace - CHINOOK,47.341487,-120.090402,0,3,RC17,TRUE,Active,Alive,Helicopter
G7270C81E,GPUD_Survival,live_release,C,17,Lot 2,11H,125,19,2026-05-07,2026-05-06T17:38:00Z,2026-05-09T15:47:00Z,Rock Island Tailrace,Rock Island Tailrace - CHINOOK,47.341487,-120.090402,0,3,RC17,TRUE,Active,Alive,Helicopter
G72D8F627,GPUD_Survival,live_release,C,18,Lot 1,11H,160,36.099998474121094,2026-05-07,2026-05-06T17:38:26Z,2026-05-09T15:47:00Z,Rock Island Tailrace,Rock Island Tailrace - CHINOOK,47.341487,-120.090402,0,3,RC17,TRUE,Active,Alive,Helicopter
G728F8F5A,GPUD_Survival,live_release,C,18,Lot 2,11H,125,19.600000381469727,2026-05-07,2026-05-06T17:38:52Z,2026-05-09T15:47:00Z,Rock Island Tailrace,Rock Island Tailrace - CHINOOK,47.341487,-120.090402,0,3,RC17,TRUE,Active,Alive,Helicopter
G7241F656,GPUD_Survival,live_release,C,19,Lot 2,11H,118,16,2026-05-07,2026-05-06T17:39:34Z,2026-05-09T15:47:00Z,Rock Island Tailrace,Rock Island Tailrace - CHINOOK,47.341487,-120.090402,0,3,RC17,TRUE,Active,Alive,Helicopter
G72B4A509,GPUD_Survival,live_release,C,19,Lot 2,11H,160,38.599998474121094,2026-05-07,2026-05-06T17:40:12Z,2026-05-09T15:47:00Z,Rock Island Tailrace,Rock Island Tailrace - CHINOOK,47.341487,-120.090402,0,3,RC17,TRUE,Active,Alive,Helicopter
G725BC9A2,GPUD_Survival,live_release,C,20,Lot 1,11H,119,15.300000190734863,2026-05-07,2026-05-06T17:41:38Z,2026-05-09T15:47:00Z,Rock Island Tailrace,Rock Island Tailrace - CHINOOK,47.341487,-120.090402,0,3,RC17,TRUE,Active,Alive,Helicopter
G72C177AB,GPUD_Survival,live_release,C,20,Lot 2,11H,117,16,2026-05-07,2026-05-06T17:42:28Z,2026-05-09T15:47:00Z,Rock Island Tailrace,Rock Island Tailrace - CHINOOK,47.341487,-120.090402,0,3,RC17,TRUE,Active,Alive,Helicopter
G72CAAE43,GPUD_Survival,live_release,C,21,Lot 1,11H,141,26.799999237060547,2026-05-07,2026-05-06T17:42:56Z,2026-05-09T15:47:00Z,Rock Island Tailrace,Rock Island Tailrace - CHINOOK,47.341487,-120.090402,0,3,RC17,TRUE,Active,Alive,Helicopter
G721AD1A2,GPUD_Survival,live_release,C,21,Lot 3,11H,183,51.79999923706055,2026-05-07,2026-05-06T17:43:36Z,2026-05-09T15:47:00Z,Rock Island Tailrace,Rock Island Tailrace - CHINOOK,47.341487,-120.090402,0,3,RC17,TRUE,Active,Alive,Helicopter
G72B2576B,GPUD_Survival,live_release,B,67,Lot 1,11H,151,36.70000076293945,2026-05-07,2026-05-06T17:51:39Z,2026-05-09T16:31:00Z,Priest Rapids Tailrace,Priest Rapids Tailrace - CHINOOK,46.632369,-119.895442,0,3,PC14,TRUE,Active,Alive,Helicopter
G72CAA3BE,GPUD_Survival,live_release,B,67,Lot 1,11H,121,19.200000762939453,2026-05-07,2026-05-06T17:53:06Z,2026-05-09T16:31:00Z,Priest Rapids Tailrace,Priest Rapids Tailrace - CHINOOK,46.632369,-119.895442,0,3,PC14,TRUE,Active,Alive,Helicopter
G72880BD9,GPUD_Survival,live_release,B,68,Lot 1,11H,142,32.099998474121094,2026-05-07,2026-05-06T17:53:59Z,2026-05-09T16:31:00Z,Priest Rapids Tailrace,Priest Rapids Tailrace - CHINOOK,46.632369,-119.895442,0,3,PC14,TRUE,Active,Alive,Helicopter
G724842B7,GPUD_Survival,live_release,B,68,Lot 3,11H,116,16.200000762939453,2026-05-07,2026-05-06T17:54:24Z,2026-05-09T16:31:00Z,Priest Rapids Tailrace,Priest Rapids Tailrace - CHINOOK,46.632369,-119.895442,0,3,PC14,TRUE,Active,Alive,Helicopter
G724AC016,GPUD_Survival,live_release,B,69,Lot 2,11H,126,21.600000381469727,2026-05-07,2026-05-06T17:55:00Z,2026-05-09T16:31:00Z,Priest Rapids Tailrace,Priest Rapids Tailrace - CHINOOK,46.632369,-119.895442,0,3,PC14,TRUE,Active,Alive,Helicopter
G72A869C1,GPUD_Survival,live_release,B,69,Lot 2,11H,116,16.399999618530273,2026-05-07,2026-05-06T17:55:36Z,2026-05-09T16:31:00Z,Priest Rapids Tailrace,Priest Rapids Tailrace - CHINOOK,46.632369,-119.895442,0,3,PC14,TRUE,Active,Alive,Helicopter
G7286F051,GPUD_Survival,live_release,B,70,Lot 3,11H,120,18,2026-05-07,2026-05-06T17:55:59Z,2026-05-09T16:31:00Z,Priest Rapids Tailrace,Priest Rapids Tailrace - CHINOOK,46.632369,-119.895442,0,3,PC14,TRUE,Active,Alive,Helicopter
G723F7F2C,GPUD_Survival,live_release,B,70,Lot 2,11H,131,26.399999618530273,2026-05-07,2026-05-06T17:56:38Z,2026-05-09T16:31:00Z,Priest Rapids Tailrace,Priest Rapids Tailrace - CHINOOK,46.632369,-119.895442,0,3,PC14,TRUE,Active,Alive,Helicopter
G72C796B6,GPUD_Survival,live_release,B,71,Lot 1,11H,119,16.899999618530273,2026-05-07,2026-05-06T17:56:58Z,2026-05-09T16:31:00Z,Priest Rapids Tailrace,Priest Rapids Tailrace - CHINOOK,46.632369,-119.895442,0,3,PC14,TRUE,Active,Alive,Helicopter
G72F47246,GPUD_Survival,live_release,B,71,Lot 2,11H,146,32.599998474121094,2026-05-07,2026-05-06T17:57:32Z,2026-05-09T16:31:00Z,Priest Rapids Tailrace,Priest Rapids Tailrace - CHINOOK,46.632369,-119.895442,0,3,PC14,TRUE,Active,Alive,Helicopter
G72E773A1,GPUD_Survival,live_release,B,72,Lot 1,11H,130,21,2026-05-07,2026-05-06T17:58:13Z,2026-05-09T16:31:00Z,Priest Rapids Tailrace,Priest Rapids Tailrace - CHINOOK,46.632369,-119.895442,0,3,PC14,TRUE,Active,Alive,Helicopter
G72D29419,GPUD_Survival,live_release,B,72,Lot 1,11H,119,17,2026-05-07,2026-05-06T17:58:41Z,2026-05-09T16:31:00Z,Priest Rapids Tailrace,Priest Rapids Tailrace - CHINOOK,46.632369,-119.895442,0,3,PC14,TRUE,Active,Alive,Helicopter
G725D6DC6,GPUD_Survival,live_release,B,73,Lot 1,11H,165,41.5,2026-05-07,2026-05-06T17:59:41Z,2026-05-09T16:31:00Z,Priest Rapids Tailrace,Priest Rapids Tailrace - CHINOOK,46.632369,-119.895442,0,3,PC14,TRUE,Active,Alive,Helicopter
G72FA3A1E,GPUD_Survival,live_release,B,73,Lot 3,11H,130,19.899999618530273,2026-05-07,2026-05-06T18:00:25Z,2026-05-09T16:31:00Z,Priest Rapids Tailrace,Priest Rapids Tailrace - CHINOOK,46.632369,-119.895442,0,3,PC14,TRUE,Active,Alive,Helicopter
G728C05FD,GPUD_Survival,live_release,B,74,Lot 2,11H,160,39.099998474121094,2026-05-07,2026-05-06T18:00:53Z,2026-05-09T16:31:00Z,Priest Rapids Tailrace,Priest Rapids Tailrace - CHINOOK,46.632369,-119.895442,0,3,PC14,TRUE,Active,Alive,Helicopter
G7274EABA,GPUD_Survival,live_release,B,74,Lot 3,11H,142,29,2026-05-07,2026-05-06T18:01:33Z,2026-05-09T16:31:00Z,Priest Rapids Tailrace,Priest Rapids Tailrace - CHINOOK,46.632369,-119.895442,0,3,PC14,TRUE,Active,Alive,Helicopter
G7227D89A,GPUD_Survival,live_release,B,75,Lot 1,11H,126,18.299999237060547,2026-05-07,2026-05-06T18:02:09Z,2026-05-09T16:31:00Z,Priest Rapids Tailrace,Priest Rapids Tailrace - CHINOOK,46.632369,-119.895442,0,3,PC14,TRUE,Active,Alive,Helicopter
G72CD9C2F,GPUD_Survival,live_release,B,75,Lot 3,11H,125,21,2026-05-07,2026-05-06T18:03:12Z,2026-05-09T16:31:00Z,Priest Rapids Tailrace,Priest Rapids Tailrace - CHINOOK,46.632369,-119.895442,0,3,PC14,TRUE,Active,Alive,Helicopter
G726B6B9C,GPUD_Survival,live_release,B,76,Lot 3,11H,130,21.5,2026-05-07,2026-05-06T18:07:28Z,2026-05-09T16:31:00Z,Priest Rapids Tailrace,Priest Rapids Tailrace - CHINOOK,46.632369,-119.895442,0,3,PC14,TRUE,Active,Alive,Helicopter
G72E73A7B,GPUD_Survival,live_release,B,76,Lot 1,11H,130,21.700000762939453,2026-05-07,2026-05-06T18:08:17Z,2026-05-09T16:31:00Z,Priest Rapids Tailrace,Priest Rapids Tailrace - CHINOOK,46.632369,-119.895442,0,3,PC14,TRUE,Active,Alive,Helicopter
G72522387,GPUD_Survival,live_release,B,77,Lot 3,11H,129,22.600000381469727,2026-05-07,2026-05-06T18:08:45Z,2026-05-09T16:31:00Z,Priest Rapids Tailrace,Priest Rapids Tailrace - CHINOOK,46.632369,-119.895442,0,3,PC14,TRUE,Active,Alive,Helicopter
G72DB599C,GPUD_Survival,live_release,B,77,Lot 3,11H,117,16.899999618530273,2026-05-07,2026-05-06T18:09:10Z,2026-05-09T16:31:00Z,Priest Rapids Tailrace,Priest Rapids Tailrace - CHINOOK,46.632369,-119.895442,0,3,PC14,TRUE,Active,Alive,Helicopter
G72209A0E,GPUD_Survival,live_release,B,78,Lot 2,11H,155,40.70000076293945,2026-05-07,2026-05-06T18:09:34Z,2026-05-09T16:31:00Z,Priest Rapids Tailrace,Priest Rapids Tailrace - CHINOOK,46.632369,-119.895442,0,3,PC14,TRUE,Active,Alive,Helicopter
G721A8C84,GPUD_Survival,live_release,B,78,Lot 2,11H,130,22.700000762939453,2026-05-07,2026-05-06T18:09:56Z,2026-05-09T16:31:00Z,Priest Rapids Tailrace,Priest Rapids Tailrace - CHINOOK,46.632369,-119.895442,0,3,PC14,TRUE,Active,Alive,Helicopter
G72C8381E,GPUD_Survival,live_release,B,79,Lot 1,11H,128,18.899999618530273,2026-05-07,2026-05-06T18:10:18Z,2026-05-09T16:31:00Z,Priest Rapids Tailrace,Priest Rapids Tailrace - CHINOOK,46.632369,-119.895442,0,3,PC14,TRUE,Active,Alive,Helicopter
G728EB383,GPUD_Survival,live_release,B,79,Lot 3,11H,125,19.600000381469727,2026-05-07,2026-05-06T18:10:46Z,2026-05-09T16:31:00Z,Priest Rapids Tailrace,Priest Rapids Tailrace - CHINOOK,46.632369,-119.895442,0,3,PC14,TRUE,Active,Alive,Helicopter
G725F6216,GPUD_Survival,live_release,B,80,Lot 3,11H,114,15.899999618530273,2026-05-07,2026-05-06T18:11:18Z,2026-05-09T16:31:00Z,Priest Rapids Tailrace,Priest Rapids Tailrace - CHINOOK,46.632369,-119.895442,0,3,PC14,TRUE,Active,Alive,Helicopter
G722F22E6,GPUD_Survival,live_release,B,80,Lot 2,11H,115,15.399999618530273,2026-05-07,2026-05-06T18:11:46Z,2026-05-09T16:31:00Z,Priest Rapids Tailrace,Priest Rapids Tailrace - CHINOOK,46.632369,-119.895442,0,3,PC14,TRUE,Active,Alive,Helicopter
G720111A7,GPUD_Survival,live_release,B,81,Lot 2,11H,134,25.200000762939453,2026-05-07,2026-05-06T18:12:13Z,2026-05-09T16:31:00Z,Priest Rapids Tailrace,Priest Rapids Tailrace - CHINOOK,46.632369,-119.895442,0,3,PC14,TRUE,Active,Alive,Helicopter
G7238D1F2,GPUD_Survival,live_release,B,81,Lot 2,11H,115,16.100000381469727,2026-05-07,2026-05-06T18:13:04Z,2026-05-09T16:31:00Z,Priest Rapids Tailrace,Priest Rapids Tailrace - CHINOOK,46.632369,-119.895442,0,3,PC14,TRUE,Active,Alive,Helicopter
G72A15F10,GPUD_Survival,dead_release,B,82,Lot 3,11H,182,57.599998474121094,2026-05-07,2026-05-06T18:13:50Z,2026-05-09T16:31:00Z,Priest Rapids Tailrace,Priest Rapids Tailrace - CHINOOK,46.632369,-119.895442,1,3,PC14,FALSE,Active,Euthanized,Helicopter
G72EFB77C,GPUD_Survival,dead_release,B,82,Lot 2,11H,111,15,2026-05-07,2026-05-06T18:14:26Z,2026-05-10T16:20:00Z,Priest Rapids Tailrace,Priest Rapids Tailrace - CHINOOK,46.632369,-119.895442,1,3,PC16,FALSE,Active,Euthanized,Helicopter
G72D22CE9,GPUD_Survival,live_release,B,83,Lot 3,11H,113,15.5,2026-05-07,2026-05-06T18:15:01Z,2026-05-09T16:31:00Z,Priest Rapids Tailrace,Priest Rapids Tailrace - CHINOOK,46.632369,-119.895442,0,3,PC14,TRUE,Active,Alive,Helicopter
G72DB751C,GPUD_Survival,live_release,B,83,Lot 3,11H,129,22.399999618530273,2026-05-07,2026-05-06T18:15:38Z,2026-05-09T16:31:00Z,Priest Rapids Tailrace,Priest Rapids Tailrace - CHINOOK,46.632369,-119.895442,0,3,PC14,TRUE,Active,Alive,Helicopter
G7263BFDC,GPUD_Survival,live_release,B,84,Lot 1,11H,140,26.5,2026-05-07,2026-05-06T18:16:27Z,2026-05-09T16:31:00Z,Priest Rapids Tailrace,Priest Rapids Tailrace - CHINOOK,46.632369,-119.895442,0,3,PC14,TRUE,Active,Alive,Helicopter
G72B4AE29,GPUD_Survival,live_release,B,84,Lot 1,11H,140,26.200000762939453,2026-05-07,2026-05-06T18:16:43Z,2026-05-09T16:31:00Z,Priest Rapids Tailrace,Priest Rapids Tailrace - CHINOOK,46.632369,-119.895442,0,3,PC14,TRUE,Active,Alive,Helicopter
G7231C4E2,GPUD_Survival,live_release,B,34,Lot 3,31H,178,48.599998474121094,2026-05-07,2026-05-06T18:18:55Z,2026-05-09T15:47:00Z,Rock Island Tailrace,Rock Island Tailrace - STEELHEAD,47.341487,-120.090402,0,3,RI12,FALSE,Active,Tarmac,Helicopter
G72C8C214,GPUD_Survival,live_release,B,34,Lot 1,31H,172,44.79999923706055,2026-05-07,2026-05-06T18:19:28Z,2026-05-09T15:47:00Z,Rock Island Tailrace,Rock Island Tailrace - STEELHEAD,47.341487,-120.090402,0,3,RI12,TRUE,Active,Alive,Helicopter
G72F9A8E6,GPUD_Survival,live_release,B,35,Lot 2,31W,171,40.20000076293945,2026-05-07,2026-05-06T18:19:56Z,2026-05-09T15:47:00Z,Rock Island Tailrace,Rock Island Tailrace - STEELHEAD,47.341487,-120.090402,0,3,RI12,TRUE,Active,Alive,Helicopter
G7258FD28,GPUD_Survival,live_release,B,35,Lot 2,31H,195,68.80000305175781,2026-05-07,2026-05-06T18:20:37Z,2026-05-09T15:47:00Z,Rock Island Tailrace,Rock Island Tailrace - STEELHEAD,47.341487,-120.090402,0,3,RI12,FALSE,Active,Tarmac,Helicopter
G7241EE09,GPUD_Survival,live_release,B,36,Lot 2,31H,180,60.900001525878906,2026-05-07,2026-05-06T18:21:08Z,2026-05-09T15:47:00Z,Rock Island Tailrace,Rock Island Tailrace - STEELHEAD,47.341487,-120.090402,0,3,RI12,TRUE,Active,Alive,Helicopter
G72F29C1A,GPUD_Survival,live_release,B,36,Lot 1,31H,171,42.29999923706055,2026-05-07,2026-05-06T18:21:28Z,2026-05-09T15:47:00Z,Rock Island Tailrace,Rock Island Tailrace - STEELHEAD,47.341487,-120.090402,0,3,RI12,TRUE,Active,Alive,Helicopter
G729731ED,GPUD_Survival,live_release,B,37,Lot 1,31H,169,43.79999923706055,2026-05-07,2026-05-06T18:22:12Z,2026-05-09T15:47:00Z,Rock Island Tailrace,Rock Island Tailrace - STEELHEAD,47.341487,-120.090402,0,3,RI12,TRUE,Active,Alive,Helicopter
G72A4AEC5,GPUD_Survival,live_release,B,37,Lot 3,31H,200,75.5,2026-05-07,2026-05-06T18:22:35Z,2026-05-09T15:47:00Z,Rock Island Tailrace,Rock Island Tailrace - STEELHEAD,47.341487,-120.090402,0,3,RI12,FALSE,Active,Tarmac,Helicopter
G721D3D86,GPUD_Survival,live_release,B,38,Lot 2,31H,152,30.5,2026-05-07,2026-05-06T18:23:37Z,2026-05-09T15:47:00Z,Rock Island Tailrace,Rock Island Tailrace - STEELHEAD,47.341487,-120.090402,0,3,RI12,TRUE,Active,Alive,Helicopter
G727AF919,GPUD_Survival,live_release,B,38,Lot 2,31H,176,48.900001525878906,2026-05-07,2026-05-06T18:24:06Z,2026-05-09T15:47:00Z,Rock Island Tailrace,Rock Island Tailrace - STEELHEAD,47.341487,-120.090402,0,3,RI12,TRUE,Active,Alive,Helicopter
G7295AC90,GPUD_Survival,live_release,B,39,Lot 1,31W,162,38.70000076293945,2026-05-07,2026-05-06T18:24:36Z,2026-05-09T15:47:00Z,Rock Island Tailrace,Rock Island Tailrace - STEELHEAD,47.341487,-120.090402,0,3,RI12,TRUE,Active,Alive,Helicopter
G72785C18,GPUD_Survival,dead_release,B,39,Lot 3,31H,192,62.400001525878906,2026-05-07,2026-05-06T18:25:09Z,2026-05-09T16:31:00Z,Priest Rapids Tailrace,Priest Rapids Tailrace - STEELHEAD,46.632369,-119.895442,1,3,PR09,FALSE,Active,Euthanized,Helicopter
G72A7C769,GPUD_Survival,live_release,B,40,Lot 3,31H,170,44.5,2026-05-07,2026-05-06T18:25:30Z,2026-05-09T15:47:00Z,Rock Island Tailrace,Rock Island Tailrace - STEELHEAD,47.341487,-120.090402,0,3,RI12,TRUE,Active,Alive,Helicopter
G72401864,GPUD_Survival,live_release,B,40,Lot 2,31W,165,39.400001525878906,2026-05-07,2026-05-06T18:25:59Z,2026-05-09T15:47:00Z,Rock Island Tailrace,Rock Island Tailrace - STEELHEAD,47.341487,-120.090402,0,3,RI12,TRUE,Active,Alive,Helicopter
G72AB2DB3,GPUD_Survival,live_release,B,41,Lot 1,31W,136,25.5,2026-05-07,2026-05-06T18:26:24Z,2026-05-09T15:47:00Z,Rock Island Tailrace,Rock Island Tailrace - STEELHEAD,47.341487,-120.090402,0,3,RI12,TRUE,Active,Alive,Helicopter
G7257C8B1,GPUD_Survival,live_release,B,41,Lot 3,31H,166,46.400001525878906,2026-05-07,2026-05-06T18:27:14Z,2026-05-09T15:47:00Z,Rock Island Tailrace,Rock Island Tailrace - STEELHEAD,47.341487,-120.090402,0,3,RI12,TRUE,Active,Alive,Helicopter
G7283599D,GPUD_Survival,live_release,B,42,Lot 3,31H,178,53.5,2026-05-07,2026-05-06T18:31:26Z,2026-05-09T15:47:00Z,Rock Island Tailrace,Rock Island Tailrace - STEELHEAD,47.341487,-120.090402,0,3,RI12,TRUE,Active,Alive,Helicopter
G72D80912,GPUD_Survival,live_release,B,42,Lot 1,31W,160,38.099998474121094,2026-05-07,2026-05-06T18:31:55Z,2026-05-09T15:47:00Z,Rock Island Tailrace,Rock Island Tailrace - STEELHEAD,47.341487,-120.090402,0,3,RI12,TRUE,Active,Alive,Helicopter
G723BDD04,GPUD_Survival,live_release,B,43,Lot 2,31H,187,64.9000015258789,2026-05-07,2026-05-06T18:32:35Z,2026-05-09T15:47:00Z,Rock Island Tailrace,Rock Island Tailrace - STEELHEAD,47.341487,-120.090402,0,3,RI12,TRUE,Active,Alive,Helicopter
G7244C276,GPUD_Survival,live_release,B,43,Lot 2,31H,187,58.900001525878906,2026-05-07,2026-05-06T18:33:12Z,2026-05-09T15:47:00Z,Rock Island Tailrace,Rock Island Tailrace - STEELHEAD,47.341487,-120.090402,0,3,RI12,TRUE,Active,Alive,Helicopter
G721D37F8,GPUD_Survival,live_release,B,44,Lot 2,31H,201,74.30000305175781,2026-05-07,2026-05-06T18:33:44Z,2026-05-09T15:47:00Z,Rock Island Tailrace,Rock Island Tailrace - STEELHEAD,47.341487,-120.090402,0,3,RI12,TRUE,Active,Alive,Helicopter
G72AA3149,GPUD_Survival,live_release,B,44,Lot 3,31H,163,39.29999923706055,2026-05-07,2026-05-06T18:34:30Z,2026-05-09T15:47:00Z,Rock Island Tailrace,Rock Island Tailrace - STEELHEAD,47.341487,-120.090402,0,3,RI12,TRUE,Active,Alive,Helicopter
G725F60AA,GPUD_Survival,live_release,B,45,Lot 3,31H,164,39.79999923706055,2026-05-07,2026-05-06T18:34:56Z,2026-05-09T15:47:00Z,Rock Island Tailrace,Rock Island Tailrace - STEELHEAD,47.341487,-120.090402,0,3,RI12,TRUE,Active,Alive,Helicopter
G7222226F,GPUD_Survival,live_release,B,48,Lot 3,31W,138,24.100000381469727,2026-05-07,2026-05-06T18:35:29Z,2026-05-09T15:47:00Z,Rock Island Tailrace,Rock Island Tailrace - STEELHEAD,47.341487,-120.090402,0,3,RI12,TRUE,Active,Alive,Helicopter
G72EFEF65,GPUD_Survival,live_release,B,45,Lot 2,31H,163,41.79999923706055,2026-05-07,2026-05-06T18:36:15Z,2026-05-09T15:47:00Z,Rock Island Tailrace,Rock Island Tailrace - STEELHEAD,47.341487,-120.090402,0,3,RI12,TRUE,Active,Alive,Helicopter
G7252213B,GPUD_Survival,live_release,B,46,Lot 3,31H,162,39.099998474121094,2026-05-07,2026-05-06T18:36:36Z,2026-05-09T15:47:00Z,Rock Island Tailrace,Rock Island Tailrace - STEELHEAD,47.341487,-120.090402,0,3,RI12,TRUE,Active,Alive,Helicopter
G7209A660,GPUD_Survival,live_release,B,46,Lot 1,31H,169,44.099998474121094,2026-05-07,2026-05-06T18:37:04Z,2026-05-09T15:47:00Z,Rock Island Tailrace,Rock Island Tailrace - STEELHEAD,47.341487,-120.090402,0,3,RI12,FALSE,Active,Tarmac,Helicopter
G72BD5BD0,GPUD_Survival,live_release,B,47,Lot 3,31H,196,65,2026-05-07,2026-05-06T18:37:38Z,2026-05-09T15:47:00Z,Rock Island Tailrace,Rock Island Tailrace - STEELHEAD,47.341487,-120.090402,0,3,RI12,TRUE,Active,Alive,Helicopter
G72613AFE,GPUD_Survival,live_release,B,47,Lot 2,31W,171,39.79999923706055,2026-05-07,2026-05-06T18:38:03Z,2026-05-09T15:47:00Z,Rock Island Tailrace,Rock Island Tailrace - STEELHEAD,47.341487,-120.090402,0,3,RI12,TRUE,Active,Alive,Helicopter
G72A2F594,GPUD_Survival,live_release,B,48,Lot 2,31H,207,81.30000305175781,2026-05-07,2026-05-06T18:38:31Z,2026-05-09T15:47:00Z,Rock Island Tailrace,Rock Island Tailrace - STEELHEAD,47.341487,-120.090402,0,3,RI12,TRUE,Active,Alive,Helicopter
G727CFDD2,GPUD_Survival,live_release,B,49,Lot 2,31H,197,66.19999694824219,2026-05-07,2026-05-06T18:39:00Z,2026-05-09T15:47:00Z,Rock Island Tailrace,Rock Island Tailrace - STEELHEAD,47.341487,-120.090402,0,3,RI12,FALSE,Active,Tarmac,Helicopter
G729D73F0,GPUD_Survival,live_release,B,49,Lot 1,31H,192,57.20000076293945,2026-05-07,2026-05-06T18:39:46Z,2026-05-09T15:47:00Z,Rock Island Tailrace,Rock Island Tailrace - STEELHEAD,47.341487,-120.090402,0,3,RI12,TRUE,Active,Alive,Helicopter
G72F0858A,GPUD_Survival,live_release,B,50,Lot 3,31W,162,38.79999923706055,2026-05-07,2026-05-06T18:40:50Z,2026-05-09T15:47:00Z,Rock Island Tailrace,Rock Island Tailrace - STEELHEAD,47.341487,-120.090402,0,3,RI12,TRUE,Active,Alive,Helicopter
G72F1D936,GPUD_Survival,live_release,B,50,Lot 1,31W,153,32,2026-05-07,2026-05-06T18:41:17Z,2026-05-09T15:47:00Z,Rock Island Tailrace,Rock Island Tailrace - STEELHEAD,47.341487,-120.090402,0,3,RI12,TRUE,Active,Alive,Helicopter
G72899172,GPUD_Survival,live_release,B,51,Lot 1,31W,171,49.099998474121094,2026-05-07,2026-05-06T18:42:03Z,2026-05-09T15:47:00Z,Rock Island Tailrace,Rock Island Tailrace - STEELHEAD,47.341487,-120.090402,0,3,RI12,FALSE,Active,Tarmac,Helicopter
G72BD4B4D,GPUD_Survival,live_release,B,51,Lot 3,31H,177,49,2026-05-07,2026-05-06T18:42:36Z,2026-05-09T15:47:00Z,Rock Island Tailrace,Rock Island Tailrace - STEELHEAD,47.341487,-120.090402,0,3,RI12,TRUE,Active,Alive,Helicopter
G724945F0,GPUD_Survival,live_release,B,52,Lot 1,31H,195,66.80000305175781,2026-05-07,2026-05-06T18:43:02Z,2026-05-09T15:47:00Z,Rock Island Tailrace,Rock Island Tailrace - STEELHEAD,47.341487,-120.090402,0,3,RI12,FALSE,Active,Tarmac,Helicopter
G72FA32DC,GPUD_Survival,live_release,B,52,Lot 3,31H,180,49.20000076293945,2026-05-07,2026-05-06T18:43:35Z,2026-05-09T15:47:00Z,Rock Island Tailrace,Rock Island Tailrace - STEELHEAD,47.341487,-120.090402,0,3,RI12,FALSE,Active,Tarmac,Helicopter
G72C6FD37,GPUD_Survival,live_release,B,53,Lot 1,31W,137,22,2026-05-07,2026-05-06T18:44:22Z,2026-05-09T15:47:00Z,Rock Island Tailrace,Rock Island Tailrace - STEELHEAD,47.341487,-120.090402,0,3,RI12,TRUE,Active,Alive,Helicopter
G72EFFEA6,GPUD_Survival,live_release,B,53,Lot 3,31W,156,35.79999923706055,2026-05-07,2026-05-06T18:44:36Z,2026-05-09T15:47:00Z,Rock Island Tailrace,Rock Island Tailrace - STEELHEAD,47.341487,-120.090402,0,3,RI12,FALSE,Active,Tarmac,Helicopter
G72E55772,GPUD_Survival,live_release,B,54,Lot 3,31H,166,37.599998474121094,2026-05-07,2026-05-06T18:45:09Z,2026-05-09T15:47:00Z,Rock Island Tailrace,Rock Island Tailrace - STEELHEAD,47.341487,-120.090402,0,3,RI12,TRUE,Active,Alive,Helicopter
G72D8BFFD,GPUD_Survival,live_release,B,54,Lot 3,31H,200,72.5,2026-05-07,2026-05-06T18:46:01Z,2026-05-09T15:47:00Z,Rock Island Tailrace,Rock Island Tailrace - STEELHEAD,47.341487,-120.090402,0,3,RI12,TRUE,Active,Alive,Helicopter
G72A0F45B,GPUD_Survival,live_release,B,100,Lot 3,31H,170,45.20000076293945,2026-05-07,2026-05-06T18:49:38Z,2026-05-09T16:31:00Z,Priest Rapids Tailrace,Priest Rapids Tailrace - STEELHEAD,46.632369,-119.895442,0,3,PR09,TRUE,Active,Alive,Helicopter
G724D704A,GPUD_Survival,live_release,B,100,Lot 2,31H,199,70.5,2026-05-07,2026-05-06T18:50:07Z,2026-05-09T16:31:00Z,Priest Rapids Tailrace,Priest Rapids Tailrace - STEELHEAD,46.632369,-119.895442,0,3,PR09,TRUE,Active,Alive,Helicopter
G7214B57A,GPUD_Survival,live_release,B,101,Lot 3,31H,185,52.20000076293945,2026-05-07,2026-05-06T18:50:47Z,2026-05-09T16:31:00Z,Priest Rapids Tailrace,Priest Rapids Tailrace - STEELHEAD,46.632369,-119.895442,0,3,PR09,TRUE,Active,Alive,Helicopter
G72A2DAF6,GPUD_Survival,live_release,B,101,Lot 2,31H,165,42.70000076293945,2026-05-07,2026-05-06T18:51:06Z,2026-05-09T16:31:00Z,Priest Rapids Tailrace,Priest Rapids Tailrace - STEELHEAD,46.632369,-119.895442,0,3,PR09,TRUE,Active,Alive,Helicopter
G723C8691,GPUD_Survival,live_release,B,102,Lot 2,31W,145,30.799999237060547,2026-05-07,2026-05-06T18:51:31Z,2026-05-09T16:31:00Z,Priest Rapids Tailrace,Priest Rapids Tailrace - STEELHEAD,46.632369,-119.895442,0,3,PR09,TRUE,Active,Alive,Helicopter
G72D7706E,GPUD_Survival,live_release,B,102,Lot 1,31W,160,38.29999923706055,2026-05-07,2026-05-06T18:52:07Z,2026-05-09T16:31:00Z,Priest Rapids Tailrace,Priest Rapids Tailrace - STEELHEAD,46.632369,-119.895442,0,3,PR09,TRUE,Active,Alive,Helicopter
G72E4BEC3,GPUD_Survival,dead_release,B,103,Lot 3,31H,189,63.400001525878906,2026-05-07,2026-05-06T18:52:40Z,2026-05-09T16:31:00Z,Priest Rapids Tailrace,Priest Rapids Tailrace - STEELHEAD,46.632369,-119.895442,1,3,PR09,FALSE,Active,Euthanized,Helicopter
G726598D6,GPUD_Survival,live_release,B,103,Lot 1,31H,192,59.5,2026-05-07,2026-05-06T18:53:08Z,2026-05-09T16:31:00Z,Priest Rapids Tailrace,Priest Rapids Tailrace - STEELHEAD,46.632369,-119.895442,0,3,PR09,TRUE,Active,Alive,Helicopter
G7290B7D2,GPUD_Survival,live_release,B,104,Lot 2,31W,159,33.900001525878906,2026-05-07,2026-05-06T18:53:32Z,2026-05-09T16:31:00Z,Priest Rapids Tailrace,Priest Rapids Tailrace - STEELHEAD,46.632369,-119.895442,0,3,PR09,TRUE,Active,Alive,Helicopter
G72D894FE,GPUD_Survival,live_release,B,104,Lot 3,31H,189,58.5,2026-05-07,2026-05-06T18:53:53Z,2026-05-09T16:31:00Z,Priest Rapids Tailrace,Priest Rapids Tailrace - STEELHEAD,46.632369,-119.895442,0,3,PR09,TRUE,Active,Alive,Helicopter
G726A66A5,GPUD_Survival,live_release,B,105,Lot 2,31H,189,63.20000076293945,2026-05-07,2026-05-06T18:54:25Z,2026-05-09T16:31:00Z,Priest Rapids Tailrace,Priest Rapids Tailrace - STEELHEAD,46.632369,-119.895442,0,3,PR09,TRUE,Active,Alive,Helicopter
G72F55E02,GPUD_Survival,live_release,B,105,Lot 1,31H,197,67.4000015258789,2026-05-07,2026-05-06T18:54:50Z,2026-05-09T16:31:00Z,Priest Rapids Tailrace,Priest Rapids Tailrace - STEELHEAD,46.632369,-119.895442,0,3,PR09,TRUE,Active,Alive,Helicopter
G72C34E18,GPUD_Survival,live_release,B,106,Lot 2,31H,201,69.80000305175781,2026-05-07,2026-05-06T18:55:47Z,2026-05-09T16:31:00Z,Priest Rapids Tailrace,Priest Rapids Tailrace - STEELHEAD,46.632369,-119.895442,0,3,PR09,TRUE,Active,Alive,Helicopter
G7210F6E5,GPUD_Survival,live_release,B,106,Lot 1,31W,172,44.29999923706055,2026-05-07,2026-05-06T18:56:24Z,2026-05-09T16:31:00Z,Priest Rapids Tailrace,Priest Rapids Tailrace - STEELHEAD,46.632369,-119.895442,0,3,PR09,TRUE,Active,Alive,Helicopter
G7252A1B7,GPUD_Survival,live_release,B,107,Lot 3,31H,190,68.4000015258789,2026-05-07,2026-05-06T18:56:59Z,2026-05-09T16:31:00Z,Priest Rapids Tailrace,Priest Rapids Tailrace - STEELHEAD,46.632369,-119.895442,0,3,PR09,TRUE,Active,Alive,Helicopter
G72113DCB,GPUD_Survival,live_release,B,107,Lot 1,31H,165,40.20000076293945,2026-05-07,2026-05-06T18:57:28Z,2026-05-09T16:31:00Z,Priest Rapids Tailrace,Priest Rapids Tailrace - STEELHEAD,46.632369,-119.895442,0,3,PR09,TRUE,Active,Alive,Helicopter
G72A4A946,GPUD_Survival,live_release,B,108,Lot 3,31H,191,62.5,2026-05-07,2026-05-06T18:58:02Z,2026-05-09T16:31:00Z,Priest Rapids Tailrace,Priest Rapids Tailrace - STEELHEAD,46.632369,-119.895442,0,3,PR09,TRUE,Active,Alive,Helicopter
G722DDEA0,GPUD_Survival,live_release,B,108,Lot 1,31W,145,26.299999237060547,2026-05-07,2026-05-06T18:58:21Z,2026-05-09T16:31:00Z,Priest Rapids Tailrace,Priest Rapids Tailrace - STEELHEAD,46.632369,-119.895442,0,3,PR09,TRUE,Active,Alive,Helicopter
G724F8213,GPUD_Survival,live_release,B,109,Lot 3,31W,165,39.70000076293945,2026-05-07,2026-05-06T18:58:43Z,2026-05-09T16:31:00Z,Priest Rapids Tailrace,Priest Rapids Tailrace - STEELHEAD,46.632369,-119.895442,0,3,PR09,TRUE,Active,Alive,Helicopter
G721C47C4,GPUD_Survival,live_release,B,109,Lot 1,31H,165,40.599998474121094,2026-05-07,2026-05-06T18:59:05Z,2026-05-09T16:31:00Z,Priest Rapids Tailrace,Priest Rapids Tailrace - STEELHEAD,46.632369,-119.895442,0,3,PR09,TRUE,Active,Alive,Helicopter
G720F73A2,GPUD_Survival,live_release,B,110,Lot 3,31H,192,62.400001525878906,2026-05-07,2026-05-06T19:07:48Z,2026-05-09T16:31:00Z,Priest Rapids Tailrace,Priest Rapids Tailrace - STEELHEAD,46.632369,-119.895442,0,3,PR09,TRUE,Active,Alive,Helicopter
G72737666,GPUD_Survival,live_release,B,110,Lot 1,31H,192,64.9000015258789,2026-05-07,2026-05-06T19:11:37Z,2026-05-09T16:31:00Z,Priest Rapids Tailrace,Priest Rapids Tailrace - STEELHEAD,46.632369,-119.895442,0,3,PR09,TRUE,Active,Alive,Helicopter
G7219A68C,GPUD_Survival,live_release,B,111,Lot 2,31H,187,60.900001525878906,2026-05-07,2026-05-06T19:11:59Z,2026-05-09T16:31:00Z,Priest Rapids Tailrace,Priest Rapids Tailrace - STEELHEAD,46.632369,-119.895442,0,3,PR09,TRUE,Active,Alive,Helicopter
G72D167DA,GPUD_Survival,live_release,B,111,Lot 1,31H,162,36,2026-05-07,2026-05-06T19:12:23Z,2026-05-09T16:31:00Z,Priest Rapids Tailrace,Priest Rapids Tailrace - STEELHEAD,46.632369,-119.895442,0,3,PR09,TRUE,Active,Alive,Helicopter
G7294DDF2,GPUD_Survival,live_release,B,112,Lot 1,31H,189,57.79999923706055,2026-05-07,2026-05-06T19:13:16Z,2026-05-09T16:31:00Z,Priest Rapids Tailrace,Priest Rapids Tailrace - STEELHEAD,46.632369,-119.895442,0,3,PR09,TRUE,Active,Alive,Helicopter
G72C9C132,GPUD_Survival,live_release,B,112,Lot 3,31H,130,20.200000762939453,2026-05-07,2026-05-06T19:13:44Z,2026-05-09T16:31:00Z,Priest Rapids Tailrace,Priest Rapids Tailrace - STEELHEAD,46.632369,-119.895442,0,3,PR09,TRUE,Active,Alive,Helicopter
G72532D5C,GPUD_Survival,live_release,B,113,Lot 1,31H,201,73.4000015258789,2026-05-07,2026-05-06T19:14:17Z,2026-05-09T16:31:00Z,Priest Rapids Tailrace,Priest Rapids Tailrace - STEELHEAD,46.632369,-119.895442,0,3,PR09,TRUE,Active,Alive,Helicopter
G72374FE4,GPUD_Survival,live_release,B,113,Lot 3,31H,170,44.29999923706055,2026-05-07,2026-05-06T19:15:18Z,2026-05-09T16:31:00Z,Priest Rapids Tailrace,Priest Rapids Tailrace - STEELHEAD,46.632369,-119.895442,0,3,PR09,TRUE,Active,Alive,Helicopter
G72A9CB16,GPUD_Survival,live_release,B,114,Lot 2,31H,165,38.900001525878906,2026-05-07,2026-05-06T19:16:13Z,2026-05-09T16:31:00Z,Priest Rapids Tailrace,Priest Rapids Tailrace - STEELHEAD,46.632369,-119.895442,0,3,PR09,TRUE,Active,Alive,Helicopter
G7240B536,GPUD_Survival,live_release,B,114,Lot 2,31H,186,55.70000076293945,2026-05-07,2026-05-06T19:16:43Z,2026-05-09T16:31:00Z,Priest Rapids Tailrace,Priest Rapids Tailrace - STEELHEAD,46.632369,-119.895442,0,3,PR09,TRUE,Active,Alive,Helicopter
G728EE358,GPUD_Survival,live_release,B,115,Lot 3,31W,164,34.79999923706055,2026-05-07,2026-05-06T19:17:38Z,2026-05-09T16:31:00Z,Priest Rapids Tailrace,Priest Rapids Tailrace - STEELHEAD,46.632369,-119.895442,0,3,PR09,TRUE,Active,Alive,Helicopter
G7207F4DB,GPUD_Survival,live_release,B,115,Lot 2,31H,193,63.29999923706055,2026-05-07,2026-05-06T19:19:38Z,2026-05-09T16:31:00Z,Priest Rapids Tailrace,Priest Rapids Tailrace - STEELHEAD,46.632369,-119.895442,0,3,PR09,TRUE,Active,Alive,Helicopter
G723BE3A5,GPUD_Survival,live_release,B,116,Lot 2,31H,185,60.599998474121094,2026-05-07,2026-05-06T19:20:33Z,2026-05-09T16:31:00Z,Priest Rapids Tailrace,Priest Rapids Tailrace - STEELHEAD,46.632369,-119.895442,0,3,PR09,TRUE,Active,Alive,Helicopter
G726D35F2,GPUD_Survival,live_release,B,116,Lot 3,31W,184,60,2026-05-07,2026-05-06T19:21:20Z,2026-05-09T16:31:00Z,Priest Rapids Tailrace,Priest Rapids Tailrace - STEELHEAD,46.632369,-119.895442,0,3,PR09,TRUE,Active,Alive,Helicopter
G721C3923,GPUD_Survival,live_release,B,117,Lot 1,31W,182,51.900001525878906,2026-05-07,2026-05-06T19:22:32Z,2026-05-09T16:31:00Z,Priest Rapids Tailrace,Priest Rapids Tailrace - STEELHEAD,46.632369,-119.895442,0,3,PR09,TRUE,Active,Alive,Helicopter
G72DEF9CC,GPUD_Survival,live_release,B,117,Lot 3,31H,183,54.20000076293945,2026-05-07,2026-05-06T21:37:37Z,2026-05-09T16:31:00Z,Priest Rapids Tailrace,Priest Rapids Tailrace - STEELHEAD,46.632369,-119.895442,0,3,PR09,TRUE,Active,Alive,Helicopter
G72D4F4D6,GPUD_Survival,live_release,C,1,Lot 1,11H,129,21.5,2026-05-08,2026-05-07T16:12:14Z,2026-05-09T15:47:00Z,Rock Island Tailrace,Rock Island Tailrace - CHINOOK,47.341487,-120.090402,0,3,RC18,TRUE,Active,Alive,Helicopter
G721028AD,GPUD_Survival,live_release,C,1,Lot 3,11W,136,21.700000762939453,2026-05-08,2026-05-07T16:13:07Z,2026-05-09T15:47:00Z,Rock Island Tailrace,Rock Island Tailrace - CHINOOK,47.341487,-120.090402,0,3,RC18,TRUE,Active,Alive,Helicopter
G72E3739A,GPUD_Survival,live_release,C,2,Lot 2,11H,126,19.299999237060547,2026-05-08,2026-05-07T16:13:49Z,2026-05-09T15:47:00Z,Rock Island Tailrace,Rock Island Tailrace - CHINOOK,47.341487,-120.090402,0,3,RC18,TRUE,Active,Alive,Helicopter
G725087D8,GPUD_Survival,live_release,C,2,Lot 2,11H,113,13.399999618530273,2026-05-08,2026-05-07T16:14:07Z,2026-05-09T15:47:00Z,Rock Island Tailrace,Rock Island Tailrace - CHINOOK,47.341487,-120.090402,0,3,RC18,TRUE,Active,Alive,Helicopter
G72857D75,GPUD_Survival,live_release,C,3,Lot 2,11H,117,21.299999237060547,2026-05-08,2026-05-07T16:14:34Z,2026-05-09T15:47:00Z,Rock Island Tailrace,Rock Island Tailrace - CHINOOK,47.341487,-120.090402,0,3,RC18,TRUE,Active,Alive,Helicopter
G7247F8E3,GPUD_Survival,live_release,C,3,Lot 2,11H,127,19.899999618530273,2026-05-08,2026-05-07T16:15:15Z,2026-05-09T15:47:00Z,Rock Island Tailrace,Rock Island Tailrace - CHINOOK,47.341487,-120.090402,0,3,RC18,TRUE,Active,Alive,Helicopter
G7251C81B,GPUD_Survival,live_release,C,4,Lot 3,11H,126,19.399999618530273,2026-05-08,2026-05-07T16:15:49Z,2026-05-09T15:47:00Z,Rock Island Tailrace,Rock Island Tailrace - CHINOOK,47.341487,-120.090402,0,3,RC18,TRUE,Active,Alive,Helicopter
G725CB597,GPUD_Survival,live_release,C,5,Lot 1,11H,117,15.800000190734863,2026-05-08,2026-05-07T16:16:21Z,2026-05-09T15:47:00Z,Rock Island Tailrace,Rock Island Tailrace - CHINOOK,47.341487,-120.090402,0,3,RC18,TRUE,Active,Alive,Helicopter
G72D3C558,GPUD_Survival,live_release,C,5,Lot 1,11H,118,15.899999618530273,2026-05-08,2026-05-07T16:17:12Z,2026-05-09T15:47:00Z,Rock Island Tailrace,Rock Island Tailrace - CHINOOK,47.341487,-120.090402,0,3,RC18,TRUE,Active,Alive,Helicopter
G72E514D6,GPUD_Survival,live_release,C,6,Lot 2,11H,119,17.799999237060547,2026-05-08,2026-05-07T16:17:59Z,2026-05-09T15:47:00Z,Rock Island Tailrace,Rock Island Tailrace - CHINOOK,47.341487,-120.090402,0,3,RC18,TRUE,Active,Alive,Helicopter
G72B83E75,GPUD_Survival,live_release,C,6,Lot 3,11W,129,21.600000381469727,2026-05-08,2026-05-07T16:18:32Z,2026-05-09T15:47:00Z,Rock Island Tailrace,Rock Island Tailrace - CHINOOK,47.341487,-120.090402,0,3,RC18,TRUE,Active,Alive,Helicopter
G72CE6EB2,GPUD_Survival,live_release,C,7,Lot 3,11H,132,20.600000381469727,2026-05-08,2026-05-07T16:19:11Z,2026-05-09T15:47:00Z,Rock Island Tailrace,Rock Island Tailrace - CHINOOK,47.341487,-120.090402,0,3,RC18,TRUE,Active,Alive,Helicopter
G7276FED7,GPUD_Survival,live_release,C,7,Lot 1,11H,136,24.100000381469727,2026-05-08,2026-05-07T16:19:42Z,2026-05-09T15:47:00Z,Rock Island Tailrace,Rock Island Tailrace - CHINOOK,47.341487,-120.090402,0,3,RC18,TRUE,Active,Alive,Helicopter
G72DCE9C0,GPUD_Survival,live_release,C,8,Lot 2,11W,124,17.299999237060547,2026-05-08,2026-05-07T16:20:02Z,2026-05-09T15:47:00Z,Rock Island Tailrace,Rock Island Tailrace - CHINOOK,47.341487,-120.090402,0,3,RC18,TRUE,Active,Alive,Helicopter
G72CA6FD7,GPUD_Survival,live_release,C,8,Lot 2,11H,139,23.200000762939453,2026-05-08,2026-05-07T16:20:25Z,2026-05-09T15:47:00Z,Rock Island Tailrace,Rock Island Tailrace - CHINOOK,47.341487,-120.090402,0,3,RC18,TRUE,Active,Alive,Helicopter
G72A89E36,GPUD_Survival,live_release,C,9,Lot 2,11H,117,16.5,2026-05-08,2026-05-07T16:20:48Z,2026-05-09T15:47:00Z,Rock Island Tailrace,Rock Island Tailrace - CHINOOK,47.341487,-120.090402,0,3,RC18,TRUE,Active,Alive,Helicopter
G72119905,GPUD_Survival,live_release,C,9,Lot 3,11H,121,17.100000381469727,2026-05-08,2026-05-07T16:22:05Z,2026-05-09T15:47:00Z,Rock Island Tailrace,Rock Island Tailrace - CHINOOK,47.341487,-120.090402,0,3,RC18,TRUE,Active,Alive,Helicopter
G72B00D5F,GPUD_Survival,live_release,C,10,Lot 1,11H,136,22.399999618530273,2026-05-08,2026-05-07T16:22:38Z,2026-05-09T15:47:00Z,Rock Island Tailrace,Rock Island Tailrace - CHINOOK,47.341487,-120.090402,0,3,RC18,TRUE,Active,Alive,Helicopter
G72CA44D4,GPUD_Survival,live_release,C,10,Lot 3,11H,118,17,2026-05-08,2026-05-07T16:23:07Z,2026-05-09T15:47:00Z,Rock Island Tailrace,Rock Island Tailrace - CHINOOK,47.341487,-120.090402,0,3,RC18,TRUE,Active,Alive,Helicopter
G72307A0B,GPUD_Survival,live_release,C,11,Lot 1,11H,117,14.800000190734863,2026-05-08,2026-05-07T16:23:31Z,2026-05-09T15:47:00Z,Rock Island Tailrace,Rock Island Tailrace - CHINOOK,47.341487,-120.090402,0,3,RC18,TRUE,Active,Alive,Helicopter
G72619293,GPUD_Survival,live_release,C,11,Lot 3,11H,133,22.200000762939453,2026-05-08,2026-05-07T16:24:41Z,2026-05-09T15:47:00Z,Rock Island Tailrace,Rock Island Tailrace - CHINOOK,47.341487,-120.090402,0,3,RC18,TRUE,Active,Alive,Helicopter
G7209D7C6,GPUD_Survival,live_release,C,12,Lot 1,11H,153,29.799999237060547,2026-05-08,2026-05-07T16:25:21Z,2026-05-09T15:47:00Z,Rock Island Tailrace,Rock Island Tailrace - CHINOOK,47.341487,-120.090402,0,3,RC18,TRUE,Active,Alive,Helicopter
G724D0D4F,GPUD_Survival,live_release,C,12,Lot 2,11H,130,24.399999618530273,2026-05-08,2026-05-07T16:25:43Z,2026-05-09T15:47:00Z,Rock Island Tailrace,Rock Island Tailrace - CHINOOK,47.341487,-120.090402,0,3,RC18,TRUE,Active,Alive,Helicopter
G72DB8568,GPUD_Survival,live_release,C,13,Lot 3,11H,114,14.100000381469727,2026-05-08,2026-05-07T16:26:07Z,2026-05-09T15:47:00Z,Rock Island Tailrace,Rock Island Tailrace - CHINOOK,47.341487,-120.090402,0,3,RC18,TRUE,Active,Alive,Helicopter
G72ADFC10,GPUD_Survival,live_release,C,13,Lot 1,11W,113,12.699999809265137,2026-05-08,2026-05-07T16:26:36Z,2026-05-09T15:47:00Z,Rock Island Tailrace,Rock Island Tailrace - CHINOOK,47.341487,-120.090402,0,3,RC18,TRUE,Active,Alive,Helicopter
G723FC89D,GPUD_Survival,live_release,C,14,Lot 2,11H,130,20.799999237060547,2026-05-08,2026-05-07T16:27:04Z,2026-05-09T15:47:00Z,Rock Island Tailrace,Rock Island Tailrace - CHINOOK,47.341487,-120.090402,0,3,RC18,TRUE,Active,Alive,Helicopter
G72A71660,GPUD_Survival,live_release,C,14,Lot 3,11H,144,29.600000381469727,2026-05-08,2026-05-07T16:27:29Z,2026-05-09T15:47:00Z,Rock Island Tailrace,Rock Island Tailrace - CHINOOK,47.341487,-120.090402,0,3,RC18,TRUE,Active,Alive,Helicopter
G72EF3B53,GPUD_Survival,live_release,C,15,Lot 1,11H,185,58.29999923706055,2026-05-08,2026-05-07T16:27:52Z,2026-05-09T15:47:00Z,Rock Island Tailrace,Rock Island Tailrace - CHINOOK,47.341487,-120.090402,0,3,RC18,TRUE,Active,Alive,Helicopter
G72230B14,GPUD_Survival,live_release,C,15,Lot 2,11H,210,17.200000762939453,2026-05-08,2026-05-07T16:28:23Z,2026-05-09T15:47:00Z,Rock Island Tailrace,Rock Island Tailrace - CHINOOK,47.341487,-120.090402,0,3,RC18,TRUE,Active,Alive,Helicopter
G7295287D,GPUD_Survival,live_release,C,16,Lot 1,11H,144,26.700000762939453,2026-05-08,2026-05-07T16:28:52Z,2026-05-09T15:47:00Z,Rock Island Tailrace,Rock Island Tailrace - CHINOOK,47.341487,-120.090402,0,3,RC18,TRUE,Active,Alive,Helicopter
G7259B68A,GPUD_Survival,live_release,C,16,Lot 1,11H,136,26.5,2026-05-08,2026-05-07T16:29:58Z,2026-05-09T15:47:00Z,Rock Island Tailrace,Rock Island Tailrace - CHINOOK,47.341487,-120.090402,0,3,RC18,TRUE,Active,Alive,Helicopter
G721BABE0,GPUD_Survival,live_release,C,17,Lot 3,11H,116,14.5,2026-05-08,2026-05-07T16:30:59Z,2026-05-09T15:47:00Z,Rock Island Tailrace,Rock Island Tailrace - CHINOOK,47.341487,-120.090402,0,3,RC18,TRUE,Active,Alive,Helicopter
G726076DF,GPUD_Survival,live_release,C,17,Lot 3,11H,148,28.299999237060547,2026-05-08,2026-05-07T16:32:07Z,2026-05-09T15:47:00Z,Rock Island Tailrace,Rock Island Tailrace - CHINOOK,47.341487,-120.090402,0,3,RC18,TRUE,Active,Alive,Helicopter
G72E732B9,GPUD_Survival,live_release,C,0,Lot 1,11H,144,29.899999618530273,2026-05-08,2026-05-07T16:33:00Z,2026-05-09T15:47:00Z,Rock Island Tailrace,Rock Island Tailrace - CHINOOK,47.341487,-120.090402,0,3,RC18,TRUE,Active,Alive,Helicopter
G72BA874A,GPUD_Survival,live_release,C,0,Lot 3,11H,114,13.199999809265137,2026-05-08,2026-05-07T16:38:17Z,2026-05-09T15:47:00Z,Rock Island Tailrace,Rock Island Tailrace - CHINOOK,47.341487,-120.090402,0,3,RC18,TRUE,Active,Alive,Helicopter
G72E4F226,GPUD_Survival,live_release,C,0,Lot 2,11W,120,17.399999618530273,2026-05-08,2026-05-07T16:39:06Z,2026-05-09T15:47:00Z,Rock Island Tailrace,Rock Island Tailrace - CHINOOK,47.341487,-120.090402,0,3,RC18,TRUE,Active,Alive,Helicopter
G72932B35,GPUD_Survival,live_release,C,0,Lot 1,11H,137,18.700000762939453,2026-05-08,2026-05-07T16:39:47Z,2026-05-09T15:47:00Z,Rock Island Tailrace,Rock Island Tailrace - CHINOOK,47.341487,-120.090402,0,3,RC18,TRUE,Active,Alive,Helicopter
G72643B5F,GPUD_Survival,live_release,C,0,Lot 1,11W,129,21.399999618530273,2026-05-08,2026-05-07T16:40:14Z,2026-05-09T15:47:00Z,Rock Island Tailrace,Rock Island Tailrace - CHINOOK,47.341487,-120.090402,0,3,RC18,TRUE,Active,Alive,Helicopter
G72282E2B,GPUD_Survival,live_release,C,0,Lot 1,11H,145,28.600000381469727,2026-05-08,2026-05-07T16:40:52Z,2026-05-09T15:47:00Z,Rock Island Tailrace,Rock Island Tailrace - CHINOOK,47.341487,-120.090402,0,3,RC18,TRUE,Active,Alive,Helicopter
G728305E5,GPUD_Survival,live_release,C,0,Lot 3,11H,133,22,2026-05-08,2026-05-07T16:41:17Z,2026-05-09T15:47:00Z,Rock Island Tailrace,Rock Island Tailrace - CHINOOK,47.341487,-120.090402,0,3,RC18,TRUE,Active,Alive,Helicopter
G7236EAB0,GPUD_Survival,live_release,C,0,Lot 3,11H,123,18.200000762939453,2026-05-08,2026-05-07T16:41:45Z,2026-05-09T15:47:00Z,Rock Island Tailrace,Rock Island Tailrace - CHINOOK,47.341487,-120.090402,0,3,RC18,TRUE,Active,Alive,Helicopter
G727B69CC,GPUD_Survival,live_release,C,0,Lot 2,11W,125,18.799999237060547,2026-05-08,2026-05-07T17:08:00Z,2026-05-09T15:47:00Z,Rock Island Tailrace,Rock Island Tailrace - CHINOOK,47.341487,-120.090402,0,3,RC18,TRUE,Active,Alive,Helicopter
G72AF1616,GPUD_Survival,live_release,B,67,Lot 3,11W,121,18.700000762939453,2026-05-08,2026-05-07T17:09:42Z,2026-05-09T16:31:00Z,Priest Rapids Tailrace,Priest Rapids Tailrace - CHINOOK,46.632369,-119.895442,0,3,PC15,TRUE,Active,Alive,Helicopter
G729B66F8,GPUD_Survival,live_release,B,67,Lot 3,11H,120,18.200000762939453,2026-05-08,2026-05-07T17:11:56Z,2026-05-09T16:31:00Z,Priest Rapids Tailrace,Priest Rapids Tailrace - CHINOOK,46.632369,-119.895442,0,3,PC15,TRUE,Active,Alive,Helicopter
G7275BBFB,GPUD_Survival,live_release,B,68,Lot 3,11H,120,17.899999618530273,2026-05-08,2026-05-07T17:12:23Z,2026-05-09T16:31:00Z,Priest Rapids Tailrace,Priest Rapids Tailrace - CHINOOK,46.632369,-119.895442,0,3,PC15,TRUE,Active,Alive,Helicopter
G725D3763,GPUD_Survival,live_release,B,68,Lot 1,11H,134,20.399999618530273,2026-05-08,2026-05-07T17:12:48Z,2026-05-09T16:31:00Z,Priest Rapids Tailrace,Priest Rapids Tailrace - CHINOOK,46.632369,-119.895442,0,3,PC15,TRUE,Active,Alive,Helicopter
G72B0A8CF,GPUD_Survival,live_release,B,69,Lot 1,11H,148,30.200000762939453,2026-05-08,2026-05-07T17:13:17Z,2026-05-09T16:31:00Z,Priest Rapids Tailrace,Priest Rapids Tailrace - CHINOOK,46.632369,-119.895442,0,3,PC15,TRUE,Active,Alive,Helicopter
G72B4A457,GPUD_Survival,live_release,B,69,Lot 2,11H,171,47.29999923706055,2026-05-08,2026-05-07T17:14:29Z,2026-05-09T16:31:00Z,Priest Rapids Tailrace,Priest Rapids Tailrace - CHINOOK,46.632369,-119.895442,0,3,PC15,TRUE,Active,Alive,Helicopter
G724FABAC,GPUD_Survival,live_release,B,70,Lot 3,11H,123,18.700000762939453,2026-05-08,2026-05-07T17:15:11Z,2026-05-09T16:31:00Z,Priest Rapids Tailrace,Priest Rapids Tailrace - CHINOOK,46.632369,-119.895442,0,3,PC15,TRUE,Active,Alive,Helicopter
G72C99FF6,GPUD_Survival,live_release,B,70,Lot 3,11H,128,20.700000762939453,2026-05-08,2026-05-07T17:15:39Z,2026-05-09T16:31:00Z,Priest Rapids Tailrace,Priest Rapids Tailrace - CHINOOK,46.632369,-119.895442,0,3,PC15,TRUE,Active,Alive,Helicopter
G72E666C7,GPUD_Survival,live_release,B,71,Lot 2,11H,111,13.5,2026-05-08,2026-05-07T17:16:00Z,2026-05-09T16:31:00Z,Priest Rapids Tailrace,Priest Rapids Tailrace - CHINOOK,46.632369,-119.895442,0,3,PC15,TRUE,Active,Alive,Helicopter
G72D86257,GPUD_Survival,live_release,B,71,Lot 1,11H,134,26.100000381469727,2026-05-08,2026-05-07T17:16:24Z,2026-05-09T16:31:00Z,Priest Rapids Tailrace,Priest Rapids Tailrace - CHINOOK,46.632369,-119.895442,0,3,PC15,TRUE,Active,Alive,Helicopter
G72546AF7,GPUD_Survival,live_release,B,72,Lot 1,11W,115,15.399999618530273,2026-05-08,2026-05-07T17:16:56Z,2026-05-09T16:31:00Z,Priest Rapids Tailrace,Priest Rapids Tailrace - CHINOOK,46.632369,-119.895442,0,3,PC15,TRUE,Active,Alive,Helicopter
G7233F72F,GPUD_Survival,live_release,B,72,Lot 1,11H,116,18.399999618530273,2026-05-08,2026-05-07T17:17:36Z,2026-05-09T16:31:00Z,Priest Rapids Tailrace,Priest Rapids Tailrace - CHINOOK,46.632369,-119.895442,0,3,PC15,TRUE,Active,Alive,Helicopter
G726FA3AF,GPUD_Survival,live_release,B,73,Lot 2,11H,119,17.200000762939453,2026-05-08,2026-05-07T17:18:02Z,2026-05-09T16:31:00Z,Priest Rapids Tailrace,Priest Rapids Tailrace - CHINOOK,46.632369,-119.895442,0,3,PC15,TRUE,Active,Alive,Helicopter
G72CFAC00,GPUD_Survival,live_release,B,73,Lot 3,11H,155,36.5,2026-05-08,2026-05-07T17:18:33Z,2026-05-09T16:31:00Z,Priest Rapids Tailrace,Priest Rapids Tailrace - CHINOOK,46.632369,-119.895442,0,3,PC15,TRUE,Active,Alive,Helicopter
G72BA31A5,GPUD_Survival,live_release,B,74,Lot 1,11H,138,28.5,2026-05-08,2026-05-07T17:18:55Z,2026-05-09T16:31:00Z,Priest Rapids Tailrace,Priest Rapids Tailrace - CHINOOK,46.632369,-119.895442,0,3,PC15,TRUE,Active,Alive,Helicopter
G72E073CF,GPUD_Survival,live_release,B,74,Lot 1,11H,115,15.199999809265137,2026-05-08,2026-05-07T17:19:34Z,2026-05-09T16:31:00Z,Priest Rapids Tailrace,Priest Rapids Tailrace - CHINOOK,46.632369,-119.895442,0,3,PC15,TRUE,Active,Alive,Helicopter
G72207AE7,GPUD_Survival,live_release,B,75,Lot 2,11H,143,28.899999618530273,2026-05-08,2026-05-07T17:20:05Z,2026-05-09T16:31:00Z,Priest Rapids Tailrace,Priest Rapids Tailrace - CHINOOK,46.632369,-119.895442,0,3,PC15,TRUE,Active,Alive,Helicopter
G72D56E7D,GPUD_Survival,live_release,B,75,Lot 1,11H,126,19.5,2026-05-08,2026-05-07T17:20:36Z,2026-05-09T16:31:00Z,Priest Rapids Tailrace,Priest Rapids Tailrace - CHINOOK,46.632369,-119.895442,0,3,PC15,TRUE,Active,Alive,Helicopter
G72D6AA83,GPUD_Survival,live_release,B,76,Lot 1,11H,115,15.300000190734863,2026-05-08,2026-05-07T17:21:03Z,2026-05-09T16:31:00Z,Priest Rapids Tailrace,Priest Rapids Tailrace - CHINOOK,46.632369,-119.895442,0,3,PC15,TRUE,Active,Alive,Helicopter
G72E35105,GPUD_Survival,live_release,B,76,Lot 3,11H,120,18.799999237060547,2026-05-08,2026-05-07T17:21:32Z,2026-05-09T16:31:00Z,Priest Rapids Tailrace,Priest Rapids Tailrace - CHINOOK,46.632369,-119.895442,0,3,PC15,TRUE,Active,Alive,Helicopter
G7233A6AA,GPUD_Survival,live_release,B,77,Lot 1,11H,109,14.199999809265137,2026-05-08,2026-05-07T17:22:09Z,2026-05-09T16:31:00Z,Priest Rapids Tailrace,Priest Rapids Tailrace - CHINOOK,46.632369,-119.895442,0,3,PC15,TRUE,Active,Alive,Helicopter
G72937272,GPUD_Survival,live_release,B,77,Lot 1,11H,119,17.399999618530273,2026-05-08,2026-05-07T17:22:47Z,2026-05-09T16:31:00Z,Priest Rapids Tailrace,Priest Rapids Tailrace - CHINOOK,46.632369,-119.895442,0,3,PC15,TRUE,Active,Alive,Helicopter
G72F81AAC,GPUD_Survival,live_release,B,78,Lot 3,11H,114,15,2026-05-08,2026-05-07T17:23:09Z,2026-05-09T16:31:00Z,Priest Rapids Tailrace,Priest Rapids Tailrace - CHINOOK,46.632369,-119.895442,0,3,PC15,TRUE,Active,Alive,Helicopter
G722DC51D,GPUD_Survival,live_release,B,78,Lot 1,11H,119,15.199999809265137,2026-05-08,2026-05-07T17:25:37Z,2026-05-09T16:31:00Z,Priest Rapids Tailrace,Priest Rapids Tailrace - CHINOOK,46.632369,-119.895442,0,3,PC15,TRUE,Active,Alive,Helicopter
G72E5C25C,GPUD_Survival,dead_release,B,79,Lot 3,11H,129,22.399999618530273,2026-05-08,2026-05-07T17:25:58Z,2026-05-09T16:31:00Z,Priest Rapids Tailrace,Priest Rapids Tailrace - CHINOOK,46.632369,-119.895442,1,3,PC15,FALSE,Active,Euthanized,Helicopter
G72181345,GPUD_Survival,live_release,B,80,Lot 1,11H,104,14.800000190734863,2026-05-08,2026-05-07T17:26:24Z,2026-05-09T16:31:00Z,Priest Rapids Tailrace,Priest Rapids Tailrace - CHINOOK,46.632369,-119.895442,0,3,PC15,TRUE,Active,Alive,Helicopter
G72EFAF23,GPUD_Survival,live_release,B,80,Lot 3,11H,116,15.100000381469727,2026-05-08,2026-05-07T17:26:44Z,2026-05-09T16:31:00Z,Priest Rapids Tailrace,Priest Rapids Tailrace - CHINOOK,46.632369,-119.895442,0,3,PC15,TRUE,Active,Alive,Helicopter
G729DCC83,GPUD_Survival,live_release,B,81,Lot 1,11H,140,28.399999618530273,2026-05-08,2026-05-07T17:27:08Z,2026-05-09T16:31:00Z,Priest Rapids Tailrace,Priest Rapids Tailrace - CHINOOK,46.632369,-119.895442,0,3,PC15,TRUE,Active,Alive,Helicopter
G72A48A87,GPUD_Survival,live_release,B,81,Lot 3,11H,144,30,2026-05-08,2026-05-07T17:27:49Z,2026-05-09T16:31:00Z,Priest Rapids Tailrace,Priest Rapids Tailrace - CHINOOK,46.632369,-119.895442,0,3,PC15,TRUE,Active,Alive,Helicopter
G7222AA21,GPUD_Survival,live_release,B,82,Lot 2,11H,132,24,2026-05-08,2026-05-07T17:28:13Z,2026-05-09T16:31:00Z,Priest Rapids Tailrace,Priest Rapids Tailrace - CHINOOK,46.632369,-119.895442,0,3,PC15,TRUE,Active,Alive,Helicopter
G7234D762,GPUD_Survival,live_release,B,82,Lot 3,11H,130,22.700000762939453,2026-05-08,2026-05-07T17:28:59Z,2026-05-09T16:31:00Z,Priest Rapids Tailrace,Priest Rapids Tailrace - CHINOOK,46.632369,-119.895442,0,3,PC15,TRUE,Active,Alive,Helicopter
G72EA0B12,GPUD_Survival,live_release,B,83,Lot 2,11H,120,18,2026-05-08,2026-05-07T17:29:23Z,2026-05-09T16:31:00Z,Priest Rapids Tailrace,Priest Rapids Tailrace - CHINOOK,46.632369,-119.895442,0,3,PC15,TRUE,Active,Alive,Helicopter
G7254CF67,GPUD_Survival,live_release,B,83,Lot 1,11H,160,41.400001525878906,2026-05-08,2026-05-07T17:29:55Z,2026-05-09T16:31:00Z,Priest Rapids Tailrace,Priest Rapids Tailrace - CHINOOK,46.632369,-119.895442,0,3,PC15,TRUE,Active,Alive,Helicopter
G72CBDA1E,GPUD_Survival,live_release,B,84,Lot 1,11H,160,39.20000076293945,2026-05-08,2026-05-07T17:30:21Z,2026-05-09T16:31:00Z,Priest Rapids Tailrace,Priest Rapids Tailrace - CHINOOK,46.632369,-119.895442,0,3,PC15,TRUE,Active,Alive,Helicopter
G72D35D8B,GPUD_Survival,live_release,B,84,Lot 1,11H,126,20.299999237060547,2026-05-08,2026-05-07T17:30:45Z,2026-05-09T16:31:00Z,Priest Rapids Tailrace,Priest Rapids Tailrace - CHINOOK,46.632369,-119.895442,0,3,PC15,TRUE,Active,Alive,Helicopter
G723A2694,GPUD_Survival,dead_release,B,85,Lot 2,11H,154,35.599998474121094,2026-05-08,2026-05-07T17:31:10Z,2026-05-09T16:31:00Z,Priest Rapids Tailrace,Priest Rapids Tailrace - CHINOOK,46.632369,-119.895442,1,3,PC15,FALSE,Active,Euthanized,Helicopter
G721DCB2F,GPUD_Survival,live_release,B,34,Lot 2,31H,119,64.5,2026-05-08,2026-05-07T17:40:30Z,2026-05-09T15:47:00Z,Rock Island Tailrace,Rock Island Tailrace - STEELHEAD,47.341487,-120.090402,0,3,RI13,TRUE,Active,Alive,Helicopter
G7254E2B9,GPUD_Survival,live_release,B,34,Lot 1,31H,192,69.4000015258789,2026-05-08,2026-05-07T17:41:16Z,2026-05-09T15:47:00Z,Rock Island Tailrace,Rock Island Tailrace - STEELHEAD,47.341487,-120.090402,0,3,RI13,TRUE,Active,Alive,Helicopter
G72572378,GPUD_Survival,live_release,B,35,Lot 3,31H,182,50.70000076293945,2026-05-08,2026-05-07T17:41:54Z,2026-05-09T15:47:00Z,Rock Island Tailrace,Rock Island Tailrace - STEELHEAD,47.341487,-120.090402,0,3,RI13,TRUE,Active,Alive,Helicopter
G720D96E5,GPUD_Survival,live_release,B,35,Lot 3,31H,191,61.79999923706055,2026-05-08,2026-05-07T17:42:35Z,2026-05-09T15:47:00Z,Rock Island Tailrace,Rock Island Tailrace - STEELHEAD,47.341487,-120.090402,0,3,RI13,TRUE,Active,Alive,Helicopter
G72037532,GPUD_Survival,live_release,B,36,Lot 2,31H,187,57,2026-05-08,2026-05-07T17:42:57Z,2026-05-09T15:47:00Z,Rock Island Tailrace,Rock Island Tailrace - STEELHEAD,47.341487,-120.090402,0,3,RI13,TRUE,Active,Alive,Helicopter
G72711E50,GPUD_Survival,live_release,B,36,Lot 2,31W,162,39.20000076293945,2026-05-08,2026-05-07T17:43:20Z,2026-05-09T15:47:00Z,Rock Island Tailrace,Rock Island Tailrace - STEELHEAD,47.341487,-120.090402,0,3,RI13,TRUE,Active,Alive,Helicopter
G72534F85,GPUD_Survival,live_release,B,37,Lot 1,31H,190,66.19999694824219,2026-05-08,2026-05-07T17:43:48Z,2026-05-09T15:47:00Z,Rock Island Tailrace,Rock Island Tailrace - STEELHEAD,47.341487,-120.090402,0,3,RI13,TRUE,Active,Alive,Helicopter
G72D298BA,GPUD_Survival,live_release,B,37,Lot 1,31W,183,65.30000305175781,2026-05-08,2026-05-07T17:44:09Z,2026-05-09T15:47:00Z,Rock Island Tailrace,Rock Island Tailrace - STEELHEAD,47.341487,-120.090402,0,3,RI13,TRUE,Active,Alive,Helicopter
G72D6A961,GPUD_Survival,live_release,B,38,Lot 1,31H,193,65.69999694824219,2026-05-08,2026-05-07T17:44:35Z,2026-05-09T15:47:00Z,Rock Island Tailrace,Rock Island Tailrace - STEELHEAD,47.341487,-120.090402,0,3,RI13,TRUE,Active,Alive,Helicopter
G721559F4,GPUD_Survival,live_release,B,38,Lot 3,31H,165,46,2026-05-08,2026-05-07T17:45:09Z,2026-05-09T15:47:00Z,Rock Island Tailrace,Rock Island Tailrace - STEELHEAD,47.341487,-120.090402,0,3,RI13,TRUE,Active,Alive,Helicopter
G72C01D74,GPUD_Survival,live_release,B,39,Lot 1,31W,176,49.29999923706055,2026-05-08,2026-05-07T17:45:34Z,2026-05-09T15:47:00Z,Rock Island Tailrace,Rock Island Tailrace - STEELHEAD,47.341487,-120.090402,0,3,RI13,TRUE,Active,Alive,Helicopter
G724A409A,GPUD_Survival,live_release,B,39,Lot 2,31H,169,42.79999923706055,2026-05-08,2026-05-07T17:45:59Z,2026-05-09T15:47:00Z,Rock Island Tailrace,Rock Island Tailrace - STEELHEAD,47.341487,-120.090402,0,3,RI13,TRUE,Active,Alive,Helicopter
G72911E25,GPUD_Survival,live_release,B,40,Lot 3,31W,140,23.799999237060547,2026-05-08,2026-05-07T17:46:36Z,2026-05-09T15:47:00Z,Rock Island Tailrace,Rock Island Tailrace - STEELHEAD,47.341487,-120.090402,0,3,RI13,TRUE,Active,Alive,Helicopter
G727835E1,GPUD_Survival,live_release,B,40,Lot 3,31H,188,62.70000076293945,2026-05-08,2026-05-07T17:47:00Z,2026-05-09T15:47:00Z,Rock Island Tailrace,Rock Island Tailrace - STEELHEAD,47.341487,-120.090402,0,3,RI13,TRUE,Active,Alive,Helicopter
G7224DE12,GPUD_Survival,live_release,B,41,Lot 2,31H,175,50.29999923706055,2026-05-08,2026-05-07T17:47:24Z,2026-05-09T15:47:00Z,Rock Island Tailrace,Rock Island Tailrace - STEELHEAD,47.341487,-120.090402,0,3,RI13,TRUE,Active,Alive,Helicopter
G72AB2693,GPUD_Survival,live_release,B,41,Lot 1,31H,200,70,2026-05-08,2026-05-07T17:48:12Z,2026-05-09T15:47:00Z,Rock Island Tailrace,Rock Island Tailrace - STEELHEAD,47.341487,-120.090402,0,3,RI13,TRUE,Active,Alive,Helicopter
G72A90C5F,GPUD_Survival,live_release,B,42,Lot 2,31W,168,42.20000076293945,2026-05-08,2026-05-07T17:48:36Z,2026-05-09T15:47:00Z,Rock Island Tailrace,Rock Island Tailrace - STEELHEAD,47.341487,-120.090402,0,3,RI13,TRUE,Active,Alive,Helicopter
G72C4E27A,GPUD_Survival,live_release,B,42,Lot 2,31W,176,43.099998474121094,2026-05-08,2026-05-07T17:48:58Z,2026-05-09T15:47:00Z,Rock Island Tailrace,Rock Island Tailrace - STEELHEAD,47.341487,-120.090402,0,3,RI13,TRUE,Active,Alive,Helicopter
G72136D81,GPUD_Survival,live_release,B,43,Lot 2,31H,189,60.20000076293945,2026-05-08,2026-05-07T17:49:23Z,2026-05-09T15:47:00Z,Rock Island Tailrace,Rock Island Tailrace - STEELHEAD,47.341487,-120.090402,0,3,RI13,TRUE,Active,Alive,Helicopter
G72C57472,GPUD_Survival,live_release,B,49,Lot 3,31W,169,45.20000076293945,2026-05-08,2026-05-07T17:49:50Z,2026-05-09T15:47:00Z,Rock Island Tailrace,Rock Island Tailrace - STEELHEAD,47.341487,-120.090402,0,3,RI13,TRUE,Active,Alive,Helicopter
G72A3191A,GPUD_Survival,live_release,B,44,Lot 2,31W,198,67.5,2026-05-08,2026-05-07T17:50:10Z,2026-05-09T15:47:00Z,Rock Island Tailrace,Rock Island Tailrace - STEELHEAD,47.341487,-120.090402,0,3,RI13,TRUE,Active,Alive,Helicopter
G72B9D119,GPUD_Survival,live_release,B,45,Lot 3,31W,176,49.099998474121094,2026-05-08,2026-05-07T17:50:43Z,2026-05-09T15:47:00Z,Rock Island Tailrace,Rock Island Tailrace - STEELHEAD,47.341487,-120.090402,0,3,RI13,TRUE,Active,Alive,Helicopter
G72E01B68,GPUD_Survival,live_release,B,45,Lot 1,31W,151,30.600000381469727,2026-05-08,2026-05-07T17:51:14Z,2026-05-09T15:47:00Z,Rock Island Tailrace,Rock Island Tailrace - STEELHEAD,47.341487,-120.090402,0,3,RI13,TRUE,Active,Alive,Helicopter
G72784DDB,GPUD_Survival,live_release,B,46,Lot 3,31H,163,37.29999923706055,2026-05-08,2026-05-07T17:51:51Z,2026-05-09T15:47:00Z,Rock Island Tailrace,Rock Island Tailrace - STEELHEAD,47.341487,-120.090402,0,3,RI13,TRUE,Active,Alive,Helicopter
G72864D9E,GPUD_Survival,live_release,B,46,Lot 3,31W,144,28.200000762939453,2026-05-08,2026-05-07T17:52:26Z,2026-05-09T15:47:00Z,Rock Island Tailrace,Rock Island Tailrace - STEELHEAD,47.341487,-120.090402,0,3,RI13,TRUE,Active,Alive,Helicopter
G7254670A,GPUD_Survival,live_release,B,47,Lot 1,31W,177,49.599998474121094,2026-05-08,2026-05-07T17:52:51Z,2026-05-09T15:47:00Z,Rock Island Tailrace,Rock Island Tailrace - STEELHEAD,47.341487,-120.090402,0,3,RI13,TRUE,Active,Alive,Helicopter
G72E31DE0,GPUD_Survival,live_release,B,47,Lot 2,31W,164,36.70000076293945,2026-05-08,2026-05-07T17:55:23Z,2026-05-09T15:47:00Z,Rock Island Tailrace,Rock Island Tailrace - STEELHEAD,47.341487,-120.090402,0,3,RI13,TRUE,Active,Alive,Helicopter
G7258EB68,GPUD_Survival,live_release,B,48,Lot 2,31H,192,62.79999923706055,2026-05-08,2026-05-07T17:55:49Z,2026-05-09T15:47:00Z,Rock Island Tailrace,Rock Island Tailrace - STEELHEAD,47.341487,-120.090402,0,3,RI13,TRUE,Active,Alive,Helicopter
G7209F559,GPUD_Survival,live_release,B,48,Lot 1,31H,170,46.29999923706055,2026-05-08,2026-05-07T17:56:39Z,2026-05-09T15:47:00Z,Rock Island Tailrace,Rock Island Tailrace - STEELHEAD,47.341487,-120.090402,0,3,RI13,TRUE,Active,Alive,Helicopter
G72F0BB2B,GPUD_Survival,live_release,B,49,Lot 2,31H,176,50.70000076293945,2026-05-08,2026-05-07T17:57:02Z,2026-05-09T15:47:00Z,Rock Island Tailrace,Rock Island Tailrace - STEELHEAD,47.341487,-120.090402,0,3,RI13,TRUE,Active,Alive,Helicopter
G723CF928,GPUD_Survival,live_release,B,50,Lot 1,31H,202,69.0999984741211,2026-05-08,2026-05-07T18:03:01Z,2026-05-09T15:47:00Z,Rock Island Tailrace,Rock Island Tailrace - STEELHEAD,47.341487,-120.090402,0,3,RI13,TRUE,Active,Alive,Helicopter
G72E4C024,GPUD_Survival,live_release,B,50,Lot 3,31H,183,57.79999923706055,2026-05-08,2026-05-07T18:03:26Z,2026-05-09T15:47:00Z,Rock Island Tailrace,Rock Island Tailrace - STEELHEAD,47.341487,-120.090402,0,3,RI13,TRUE,Active,Alive,Helicopter
G7243D8FB,GPUD_Survival,live_release,B,51,Lot 2,31H,205,70.5999984741211,2026-05-08,2026-05-07T18:03:53Z,2026-05-09T15:47:00Z,Rock Island Tailrace,Rock Island Tailrace - STEELHEAD,47.341487,-120.090402,0,3,RI13,TRUE,Active,Alive,Helicopter
G7293668E,GPUD_Survival,live_release,B,51,Lot 2,31W,198,75.19999694824219,2026-05-08,2026-05-07T18:04:19Z,2026-05-09T15:47:00Z,Rock Island Tailrace,Rock Island Tailrace - STEELHEAD,47.341487,-120.090402,0,3,RI13,TRUE,Active,Alive,Helicopter
G7236C1B3,GPUD_Survival,live_release,B,52,Lot 3,31H,145,28.899999618530273,2026-05-08,2026-05-07T18:04:48Z,2026-05-09T15:47:00Z,Rock Island Tailrace,Rock Island Tailrace - STEELHEAD,47.341487,-120.090402,0,3,RI13,TRUE,Active,Alive,Helicopter
G724BE833,GPUD_Survival,live_release,B,52,Lot 1,31H,186,56.70000076293945,2026-05-08,2026-05-07T18:05:52Z,2026-05-09T15:47:00Z,Rock Island Tailrace,Rock Island Tailrace - STEELHEAD,47.341487,-120.090402,0,3,RI13,TRUE,Active,Alive,Helicopter
G727706A5,GPUD_Survival,live_release,B,53,Lot 1,31H,186,58,2026-05-08,2026-05-07T18:06:22Z,2026-05-09T15:47:00Z,Rock Island Tailrace,Rock Island Tailrace - STEELHEAD,47.341487,-120.090402,0,3,RI13,TRUE,Active,Alive,Helicopter
G72838437,GPUD_Survival,live_release,B,53,Lot 3,31H,179,43,2026-05-08,2026-05-07T18:06:48Z,2026-05-09T15:47:00Z,Rock Island Tailrace,Rock Island Tailrace - STEELHEAD,47.341487,-120.090402,0,3,RI13,TRUE,Active,Alive,Helicopter
G725D2A03,GPUD_Survival,live_release,B,54,Lot 1,31W,162,37.5,2026-05-08,2026-05-07T18:07:13Z,2026-05-09T15:47:00Z,Rock Island Tailrace,Rock Island Tailrace - STEELHEAD,47.341487,-120.090402,0,3,RI13,TRUE,Active,Alive,Helicopter
G725FF0BB,GPUD_Survival,live_release,B,54,Lot 3,31H,189,58.70000076293945,2026-05-08,2026-05-07T18:07:39Z,2026-05-09T15:47:00Z,Rock Island Tailrace,Rock Island Tailrace - STEELHEAD,47.341487,-120.090402,0,3,RI13,TRUE,Active,Alive,Helicopter
G72C8D16B,GPUD_Survival,live_release,B,55,Lot 1,31W,179,45.599998474121094,2026-05-08,2026-05-07T18:08:11Z,2026-05-09T15:47:00Z,Rock Island Tailrace,Rock Island Tailrace - STEELHEAD,47.341487,-120.090402,0,3,RI13,TRUE,Active,Alive,Helicopter
G72421B17,GPUD_Survival,live_release,B,55,Lot 2,31H,200,72.5999984741211,2026-05-08,2026-05-07T18:08:49Z,2026-05-09T15:47:00Z,Rock Island Tailrace,Rock Island Tailrace - STEELHEAD,47.341487,-120.090402,0,3,RI13,TRUE,Active,Alive,Helicopter
G72F0D2D2,GPUD_Survival,live_release,B,100,Lot 1,31H,176,48.29999923706055,2026-05-08,2026-05-07T18:13:29Z,2026-05-09T16:31:00Z,Priest Rapids Tailrace,Priest Rapids Tailrace - STEELHEAD,46.632369,-119.895442,0,3,PR10,TRUE,Active,Alive,Helicopter
G7275C023,GPUD_Survival,live_release,B,100,Lot 3,31H,167,41.29999923706055,2026-05-08,2026-05-07T18:14:04Z,2026-05-09T16:31:00Z,Priest Rapids Tailrace,Priest Rapids Tailrace - STEELHEAD,46.632369,-119.895442,0,3,PR10,TRUE,Active,Alive,Helicopter
G72CBBDF8,GPUD_Survival,live_release,B,101,Lot 1,31W,152,32.79999923706055,2026-05-08,2026-05-07T18:14:28Z,2026-05-09T16:31:00Z,Priest Rapids Tailrace,Priest Rapids Tailrace - STEELHEAD,46.632369,-119.895442,0,3,PR10,TRUE,Active,Alive,Helicopter
G722E1B00,GPUD_Survival,live_release,B,101,Lot 1,31H,163,38.20000076293945,2026-05-08,2026-05-07T18:14:56Z,2026-05-09T16:31:00Z,Priest Rapids Tailrace,Priest Rapids Tailrace - STEELHEAD,46.632369,-119.895442,0,3,PR10,TRUE,Active,Alive,Helicopter
G720494EB,GPUD_Survival,live_release,B,102,Lot 1,31H,187,61.400001525878906,2026-05-08,2026-05-07T18:15:54Z,2026-05-09T16:31:00Z,Priest Rapids Tailrace,Priest Rapids Tailrace - STEELHEAD,46.632369,-119.895442,0,3,PR10,TRUE,Active,Alive,Helicopter
G72414C1A,GPUD_Survival,live_release,B,102,Lot 2,31W,182,56.599998474121094,2026-05-08,2026-05-07T18:16:12Z,2026-05-09T16:31:00Z,Priest Rapids Tailrace,Priest Rapids Tailrace - STEELHEAD,46.632369,-119.895442,0,3,PR10,TRUE,Active,Alive,Helicopter
G729DBC7B,GPUD_Survival,live_release,B,103,Lot 2,31H,185,55.70000076293945,2026-05-08,2026-05-07T18:16:32Z,2026-05-09T16:31:00Z,Priest Rapids Tailrace,Priest Rapids Tailrace - STEELHEAD,46.632369,-119.895442,0,3,PR10,TRUE,Active,Alive,Helicopter
G72CF7316,GPUD_Survival,live_release,B,103,Lot 3,31H,187,57.29999923706055,2026-05-08,2026-05-07T18:17:00Z,2026-05-09T16:31:00Z,Priest Rapids Tailrace,Priest Rapids Tailrace - STEELHEAD,46.632369,-119.895442,0,3,PR10,TRUE,Active,Alive,Helicopter
G7260B274,GPUD_Survival,live_release,B,104,Lot 3,31H,205,71.19999694824219,2026-05-08,2026-05-07T18:17:28Z,2026-05-09T16:31:00Z,Priest Rapids Tailrace,Priest Rapids Tailrace - STEELHEAD,46.632369,-119.895442,0,3,PR10,TRUE,Active,Alive,Helicopter
G7206A939,GPUD_Survival,live_release,B,104,Lot 2,31W,163,41.20000076293945,2026-05-08,2026-05-07T18:17:53Z,2026-05-09T16:31:00Z,Priest Rapids Tailrace,Priest Rapids Tailrace - STEELHEAD,46.632369,-119.895442,0,3,PR10,TRUE,Active,Alive,Helicopter
G721A1A48,GPUD_Survival,live_release,B,105,Lot 3,31H,201,73.80000305175781,2026-05-08,2026-05-07T18:18:16Z,2026-05-09T16:31:00Z,Priest Rapids Tailrace,Priest Rapids Tailrace - STEELHEAD,46.632369,-119.895442,0,3,PR10,TRUE,Active,Alive,Helicopter
G728A0F29,GPUD_Survival,live_release,B,105,Lot 3,31W,191,60.70000076293945,2026-05-08,2026-05-07T18:18:50Z,2026-05-09T16:31:00Z,Priest Rapids Tailrace,Priest Rapids Tailrace - STEELHEAD,46.632369,-119.895442,0,3,PR10,TRUE,Active,Alive,Helicopter
G72AB27CD,GPUD_Survival,live_release,B,106,Lot 2,31H,175,45.400001525878906,2026-05-08,2026-05-07T18:19:15Z,2026-05-09T16:31:00Z,Priest Rapids Tailrace,Priest Rapids Tailrace - STEELHEAD,46.632369,-119.895442,0,3,PR10,TRUE,Active,Alive,Helicopter
G7240D6B1,GPUD_Survival,live_release,B,106,Lot 2,31W,162,38.70000076293945,2026-05-08,2026-05-07T18:19:40Z,2026-05-09T16:31:00Z,Priest Rapids Tailrace,Priest Rapids Tailrace - STEELHEAD,46.632369,-119.895442,0,3,PR10,TRUE,Active,Alive,Helicopter
G729258EB,GPUD_Survival,live_release,B,107,Lot 1,31H,174,45.5,2026-05-08,2026-05-07T18:20:06Z,2026-05-09T16:31:00Z,Priest Rapids Tailrace,Priest Rapids Tailrace - STEELHEAD,46.632369,-119.895442,0,3,PR10,TRUE,Active,Alive,Helicopter
G72BFC54F,GPUD_Survival,live_release,B,107,Lot 1,31H,178,49.900001525878906,2026-05-08,2026-05-07T18:22:26Z,2026-05-09T16:31:00Z,Priest Rapids Tailrace,Priest Rapids Tailrace - STEELHEAD,46.632369,-119.895442,0,3,PR10,TRUE,Active,Alive,Helicopter
G720041B8,GPUD_Survival,live_release,B,108,Lot 2,31W,176,50.5,2026-05-08,2026-05-07T18:22:52Z,2026-05-09T16:31:00Z,Priest Rapids Tailrace,Priest Rapids Tailrace - STEELHEAD,46.632369,-119.895442,0,3,PR10,TRUE,Active,Alive,Helicopter
G72A52E8D,GPUD_Survival,live_release,B,108,Lot 3,31W,196,71.69999694824219,2026-05-08,2026-05-07T18:23:21Z,2026-05-09T16:31:00Z,Priest Rapids Tailrace,Priest Rapids Tailrace - STEELHEAD,46.632369,-119.895442,0,3,PR10,TRUE,Active,Alive,Helicopter
G72A1008A,GPUD_Survival,live_release,B,109,Lot 3,31W,180,49.70000076293945,2026-05-08,2026-05-07T18:23:59Z,2026-05-09T16:31:00Z,Priest Rapids Tailrace,Priest Rapids Tailrace - STEELHEAD,46.632369,-119.895442,0,3,PR10,TRUE,Active,Alive,Helicopter
G72187C61,GPUD_Survival,live_release,B,109,Lot 2,31W,190,56.900001525878906,2026-05-08,2026-05-07T18:24:29Z,2026-05-09T16:31:00Z,Priest Rapids Tailrace,Priest Rapids Tailrace - STEELHEAD,46.632369,-119.895442,0,3,PR10,TRUE,Active,Alive,Helicopter
G72C09999,GPUD_Survival,live_release,B,110,Lot 1,31W,171,43,2026-05-08,2026-05-07T18:25:10Z,2026-05-09T16:31:00Z,Priest Rapids Tailrace,Priest Rapids Tailrace - STEELHEAD,46.632369,-119.895442,0,3,PR10,TRUE,Active,Alive,Helicopter
G721D0327,GPUD_Survival,live_release,B,110,Lot 2,31H,174,42.70000076293945,2026-05-08,2026-05-07T18:25:39Z,2026-05-09T16:31:00Z,Priest Rapids Tailrace,Priest Rapids Tailrace - STEELHEAD,46.632369,-119.895442,0,3,PR10,TRUE,Active,Alive,Helicopter
G729B67A6,GPUD_Survival,live_release,B,0,Lot 3,31H,200,67.4000015258789,2026-05-08,2026-05-07T18:26:01Z,2026-05-09T16:31:00Z,Priest Rapids Tailrace,Priest Rapids Tailrace - STEELHEAD,46.632369,-119.895442,0,3,PR10,TRUE,Active,Alive,Helicopter
G72429666,GPUD_Survival,live_release,B,117,Lot 2,31H,172,48.79999923706055,2026-05-08,2026-05-07T18:26:31Z,2026-05-10T16:20:00Z,Priest Rapids Tailrace,Priest Rapids Tailrace - STEELHEAD,46.632369,-119.895442,0,3,PR11,FALSE,Inactive,Alive,Helicopter
G7228E83C,GPUD_Survival,live_release,B,0,Lot 2,31H,169,42.70000076293945,2026-05-08,2026-05-07T18:27:13Z,2026-05-09T16:31:00Z,Priest Rapids Tailrace,Priest Rapids Tailrace - STEELHEAD,46.632369,-119.895442,0,3,PR10,TRUE,Active,Alive,Helicopter
G729D7A6C,GPUD_Survival,live_release,B,112,Lot 2,31W,200,70.30000305175781,2026-05-08,2026-05-07T18:27:52Z,2026-05-09T16:31:00Z,Priest Rapids Tailrace,Priest Rapids Tailrace - STEELHEAD,46.632369,-119.895442,0,3,PR10,TRUE,Active,Alive,Helicopter
G727BFE5E,GPUD_Survival,live_release,B,0,Lot 2,31H,197,66.4000015258789,2026-05-08,2026-05-07T18:28:17Z,2026-05-09T16:31:00Z,Priest Rapids Tailrace,Priest Rapids Tailrace - STEELHEAD,46.632369,-119.895442,0,3,PR10,TRUE,Active,Alive,Helicopter
G72579AD6,GPUD_Survival,live_release,B,113,Lot 3,31H,195,68.5999984741211,2026-05-08,2026-05-07T18:29:13Z,2026-05-09T16:31:00Z,Priest Rapids Tailrace,Priest Rapids Tailrace - STEELHEAD,46.632369,-119.895442,0,3,PR10,TRUE,Active,Alive,Helicopter
G72306A96,GPUD_Survival,live_release,B,0,Lot 1,31H,151,29.899999618530273,2026-05-08,2026-05-07T18:29:36Z,2026-05-09T16:31:00Z,Priest Rapids Tailrace,Priest Rapids Tailrace - STEELHEAD,46.632369,-119.895442,0,3,PR10,TRUE,Active,Alive,Helicopter
G72F2BD67,GPUD_Survival,live_release,B,117,Lot 1,31H,189,57,2026-05-08,2026-05-07T18:30:01Z,2026-05-09T16:31:00Z,Priest Rapids Tailrace,Priest Rapids Tailrace - STEELHEAD,46.632369,-119.895442,0,3,PR10,TRUE,Active,Alive,Helicopter
G725B5293,GPUD_Survival,dead_release,B,114,Lot 1,31H,209,77.9000015258789,2026-05-08,2026-05-07T18:31:48Z,2026-05-09T16:31:00Z,Priest Rapids Tailrace,Priest Rapids Tailrace - STEELHEAD,46.632369,-119.895442,1,3,PR10,FALSE,Active,Euthanized,Helicopter
G72F71BEA,GPUD_Survival,dead_release,B,114,Lot 2,31H,188,59.29999923706055,2026-05-08,2026-05-07T18:32:16Z,2026-05-09T16:31:00Z,Priest Rapids Tailrace,Priest Rapids Tailrace - STEELHEAD,46.632369,-119.895442,1,3,PR10,FALSE,Active,Euthanized,Helicopter
G72AFE923,GPUD_Survival,live_release,B,115,Lot 1,31H,163,38.599998474121094,2026-05-08,2026-05-07T18:32:45Z,2026-05-09T16:31:00Z,Priest Rapids Tailrace,Priest Rapids Tailrace - STEELHEAD,46.632369,-119.895442,0,3,PR10,TRUE,Active,Alive,Helicopter
G7290451A,GPUD_Survival,live_release,B,115,Lot 3,31W,195,60.29999923706055,2026-05-08,2026-05-07T18:33:11Z,2026-05-09T16:31:00Z,Priest Rapids Tailrace,Priest Rapids Tailrace - STEELHEAD,46.632369,-119.895442,0,3,PR10,TRUE,Active,Alive,Helicopter
G721ECA24,GPUD_Survival,live_release,B,116,Lot 1,31H,194,62,2026-05-08,2026-05-07T18:33:36Z,2026-05-09T16:31:00Z,Priest Rapids Tailrace,Priest Rapids Tailrace - STEELHEAD,46.632369,-119.895442,0,3,PR10,TRUE,Active,Alive,Helicopter
G722EC2CB,GPUD_Survival,live_release,B,116,Lot 2,31W,170,40.900001525878906,2026-05-08,2026-05-07T18:34:26Z,2026-05-09T16:31:00Z,Priest Rapids Tailrace,Priest Rapids Tailrace - STEELHEAD,46.632369,-119.895442,0,3,PR10,TRUE,Active,Alive,Helicopter
G72E9E4EF,GPUD_Survival,live_release,C,34,Lot 1,11H,123,17.5,2026-05-09,2026-05-08T16:21:17Z,2026-05-10T15:37:00Z,Rock Island Tailrace,Rock Island Tailrace - CHINOOK,47.341487,-120.090402,0,3,RC19,TRUE,Active,Alive,Helicopter
G724BE5CE,GPUD_Survival,live_release,C,34,Lot 1,11H,136,24.600000381469727,2026-05-09,2026-05-08T16:21:48Z,2026-05-10T15:37:00Z,Rock Island Tailrace,Rock Island Tailrace - CHINOOK,47.341487,-120.090402,0,3,RC19,TRUE,Active,Alive,Helicopter
G72C01FC8,GPUD_Survival,live_release,C,35,Lot 1,11H,153,28.899999618530273,2026-05-09,2026-05-08T16:22:10Z,2026-05-10T15:37:00Z,Rock Island Tailrace,Rock Island Tailrace - CHINOOK,47.341487,-120.090402,0,3,RC19,TRUE,Active,Alive,Helicopter
G7202E186,GPUD_Survival,live_release,C,35,Lot 2,11H,126,18.700000762939453,2026-05-09,2026-05-08T16:22:42Z,2026-05-10T15:37:00Z,Rock Island Tailrace,Rock Island Tailrace - CHINOOK,47.341487,-120.090402,0,3,RC19,TRUE,Active,Alive,Helicopter
G72E36FA4,GPUD_Survival,live_release,C,36,Lot 2,11H,129,22.399999618530273,2026-05-09,2026-05-08T16:23:15Z,2026-05-10T15:37:00Z,Rock Island Tailrace,Rock Island Tailrace - CHINOOK,47.341487,-120.090402,0,3,RC19,TRUE,Active,Alive,Helicopter
G7283D70E,GPUD_Survival,live_release,C,36,Lot 1,11H,129,22.899999618530273,2026-05-09,2026-05-08T16:23:40Z,2026-05-10T15:37:00Z,Rock Island Tailrace,Rock Island Tailrace - CHINOOK,47.341487,-120.090402,0,3,RC19,TRUE,Active,Alive,Helicopter
G72645F5B,GPUD_Survival,live_release,C,37,Lot 1,11H,140,22.5,2026-05-09,2026-05-08T16:24:08Z,2026-05-10T15:37:00Z,Rock Island Tailrace,Rock Island Tailrace - CHINOOK,47.341487,-120.090402,0,3,RC19,TRUE,Active,Alive,Helicopter
G72D39B9C,GPUD_Survival,live_release,C,37,Lot 1,11H,168,42.29999923706055,2026-05-09,2026-05-08T16:24:30Z,2026-05-10T15:37:00Z,Rock Island Tailrace,Rock Island Tailrace - CHINOOK,47.341487,-120.090402,0,3,RC19,TRUE,Active,Alive,Helicopter
G72516A08,GPUD_Survival,live_release,C,38,Lot 3,11H,129,18.5,2026-05-09,2026-05-08T16:24:53Z,2026-05-10T15:37:00Z,Rock Island Tailrace,Rock Island Tailrace - CHINOOK,47.341487,-120.090402,0,3,RC19,TRUE,Active,Alive,Helicopter
G723AAD38,GPUD_Survival,live_release,C,38,Lot 2,11W,157,36.099998474121094,2026-05-09,2026-05-08T16:25:26Z,2026-05-10T15:37:00Z,Rock Island Tailrace,Rock Island Tailrace - CHINOOK,47.341487,-120.090402,0,3,RC19,TRUE,Active,Alive,Helicopter
G724A76F9,GPUD_Survival,live_release,C,39,Lot 2,11W,163,38.5,2026-05-09,2026-05-08T16:26:01Z,2026-05-10T15:37:00Z,Rock Island Tailrace,Rock Island Tailrace - CHINOOK,47.341487,-120.090402,0,3,RC19,TRUE,Active,Alive,Helicopter
G728C5147,GPUD_Survival,live_release,C,39,Lot 1,11W,134,21.200000762939453,2026-05-09,2026-05-08T16:26:30Z,2026-05-10T15:37:00Z,Rock Island Tailrace,Rock Island Tailrace - CHINOOK,47.341487,-120.090402,0,3,RC19,TRUE,Active,Alive,Helicopter
G723ACADE,GPUD_Survival,live_release,C,40,Lot 3,11H,159,41.70000076293945,2026-05-09,2026-05-08T16:27:13Z,2026-05-10T15:37:00Z,Rock Island Tailrace,Rock Island Tailrace - CHINOOK,47.341487,-120.090402,0,3,RC19,TRUE,Active,Alive,Helicopter
G72AA0C0A,GPUD_Survival,live_release,C,40,Lot 3,11H,154,33.400001525878906,2026-05-09,2026-05-08T16:27:38Z,2026-05-10T15:37:00Z,Rock Island Tailrace,Rock Island Tailrace - CHINOOK,47.341487,-120.090402,0,3,RC19,TRUE,Active,Alive,Helicopter
G72E8DC57,GPUD_Survival,live_release,C,41,Lot 1,11H,130,21.799999237060547,2026-05-09,2026-05-08T16:28:05Z,2026-05-10T15:37:00Z,Rock Island Tailrace,Rock Island Tailrace - CHINOOK,47.341487,-120.090402,0,3,RC19,TRUE,Active,Alive,Helicopter
G722FE4F1,GPUD_Survival,live_release,C,41,Lot 1,11W,154,33.20000076293945,2026-05-09,2026-05-08T16:29:14Z,2026-05-10T15:37:00Z,Rock Island Tailrace,Rock Island Tailrace - CHINOOK,47.341487,-120.090402,0,3,RC19,TRUE,Active,Alive,Helicopter
G72C9C2D0,GPUD_Survival,live_release,C,42,Lot 3,11H,131,18.899999618530273,2026-05-09,2026-05-08T16:29:41Z,2026-05-10T15:37:00Z,Rock Island Tailrace,Rock Island Tailrace - CHINOOK,47.341487,-120.090402,0,3,RC19,TRUE,Active,Alive,Helicopter
G72A88876,GPUD_Survival,live_release,C,42,Lot 1,11H,144,28.799999237060547,2026-05-09,2026-05-08T16:30:22Z,2026-05-10T15:37:00Z,Rock Island Tailrace,Rock Island Tailrace - CHINOOK,47.341487,-120.090402,0,3,RC19,TRUE,Active,Alive,Helicopter
G72857BA8,GPUD_Survival,live_release,C,43,Lot 1,11H,136,23.700000762939453,2026-05-09,2026-05-08T16:30:56Z,2026-05-10T15:37:00Z,Rock Island Tailrace,Rock Island Tailrace - CHINOOK,47.341487,-120.090402,0,3,RC19,TRUE,Active,Alive,Helicopter
G72DE2466,GPUD_Survival,live_release,C,43,Lot 2,11W,161,41,2026-05-09,2026-05-08T16:31:33Z,2026-05-10T15:37:00Z,Rock Island Tailrace,Rock Island Tailrace - CHINOOK,47.341487,-120.090402,0,3,RC19,TRUE,Active,Alive,Helicopter
G723758FA,GPUD_Survival,live_release,C,44,Lot 2,11H,151,34.29999923706055,2026-05-09,2026-05-08T16:32:00Z,2026-05-10T15:37:00Z,Rock Island Tailrace,Rock Island Tailrace - CHINOOK,47.341487,-120.090402,0,3,RC19,TRUE,Active,Alive,Helicopter
G72C8F795,GPUD_Survival,live_release,C,44,Lot 1,11H,128,18.399999618530273,2026-05-09,2026-05-08T16:32:27Z,2026-05-10T15:37:00Z,Rock Island Tailrace,Rock Island Tailrace - CHINOOK,47.341487,-120.090402,0,3,RC19,TRUE,Active,Alive,Helicopter
G72DA8C30,GPUD_Survival,live_release,C,45,Lot 1,11H,114,14.5,2026-05-09,2026-05-08T16:33:05Z,2026-05-10T15:37:00Z,Rock Island Tailrace,Rock Island Tailrace - CHINOOK,47.341487,-120.090402,0,3,RC19,TRUE,Active,Alive,Helicopter
G728B5A09,GPUD_Survival,live_release,C,45,Lot 2,11H,141,23.600000381469727,2026-05-09,2026-05-08T16:34:31Z,2026-05-10T15:37:00Z,Rock Island Tailrace,Rock Island Tailrace - CHINOOK,47.341487,-120.090402,0,3,RC19,TRUE,Active,Alive,Helicopter
G72939DDA,GPUD_Survival,live_release,C,47,Lot 1,11H,150,31.100000381469727,2026-05-09,2026-05-08T16:34:57Z,2026-05-10T15:37:00Z,Rock Island Tailrace,Rock Island Tailrace - CHINOOK,47.341487,-120.090402,0,3,RC19,TRUE,Active,Alive,Helicopter
G72C7BB68,GPUD_Survival,live_release,C,46,Lot 1,11H,145,23.600000381469727,2026-05-09,2026-05-08T16:35:39Z,2026-05-10T15:37:00Z,Rock Island Tailrace,Rock Island Tailrace - CHINOOK,47.341487,-120.090402,0,3,RC19,TRUE,Active,Alive,Helicopter
G72718B7E,GPUD_Survival,live_release,C,47,Lot 1,11H,123,18,2026-05-09,2026-05-08T16:36:09Z,2026-05-10T15:37:00Z,Rock Island Tailrace,Rock Island Tailrace - CHINOOK,47.341487,-120.090402,0,3,RC19,TRUE,Active,Alive,Helicopter
G728A11AB,GPUD_Survival,live_release,C,48,Lot 3,11H,153,33.099998474121094,2026-05-09,2026-05-08T16:36:42Z,2026-05-10T15:37:00Z,Rock Island Tailrace,Rock Island Tailrace - CHINOOK,47.341487,-120.090402,0,3,RC19,TRUE,Active,Alive,Helicopter
G729583F2,GPUD_Survival,live_release,C,48,Lot 1,11H,170,46.900001525878906,2026-05-09,2026-05-08T16:38:36Z,2026-05-10T15:37:00Z,Rock Island Tailrace,Rock Island Tailrace - CHINOOK,47.341487,-120.090402,0,3,RC19,TRUE,Active,Alive,Helicopter
G725C0BBA,GPUD_Survival,live_release,C,49,Lot 1,11H,120,17.899999618530273,2026-05-09,2026-05-08T16:39:05Z,2026-05-10T15:37:00Z,Rock Island Tailrace,Rock Island Tailrace - CHINOOK,47.341487,-120.090402,0,3,RC19,TRUE,Active,Alive,Helicopter
G72B1B3B6,GPUD_Survival,live_release,C,49,Lot 1,11H,143,25.299999237060547,2026-05-09,2026-05-08T16:40:57Z,2026-05-10T15:37:00Z,Rock Island Tailrace,Rock Island Tailrace - CHINOOK,47.341487,-120.090402,0,3,RC19,TRUE,Active,Alive,Helicopter
G7236BE0A,GPUD_Survival,live_release,C,50,Lot 2,11H,123,15,2026-05-09,2026-05-08T16:41:46Z,2026-05-10T15:37:00Z,Rock Island Tailrace,Rock Island Tailrace - CHINOOK,47.341487,-120.090402,0,3,RC19,TRUE,Active,Alive,Helicopter
G72154628,GPUD_Survival,live_release,C,50,Lot 3,11H,162,37.70000076293945,2026-05-09,2026-05-08T16:42:12Z,2026-05-10T15:37:00Z,Rock Island Tailrace,Rock Island Tailrace - CHINOOK,47.341487,-120.090402,0,3,RC19,TRUE,Active,Alive,Helicopter
G72DC7572,GPUD_Survival,live_release,C,51,Lot 2,11H,134,23.399999618530273,2026-05-09,2026-05-08T16:42:49Z,2026-05-10T15:37:00Z,Rock Island Tailrace,Rock Island Tailrace - CHINOOK,47.341487,-120.090402,0,3,RC19,TRUE,Active,Alive,Helicopter
G726EDE6E,GPUD_Survival,live_release,C,51,Lot 2,11H,172,46.099998474121094,2026-05-09,2026-05-08T16:43:33Z,2026-05-10T15:37:00Z,Rock Island Tailrace,Rock Island Tailrace - CHINOOK,47.341487,-120.090402,0,3,RC19,TRUE,Active,Alive,Helicopter
G7234E7DC,GPUD_Survival,live_release,C,52,Lot 2,11W,143,24.200000762939453,2026-05-09,2026-05-08T16:44:08Z,2026-05-10T15:37:00Z,Rock Island Tailrace,Rock Island Tailrace - CHINOOK,47.341487,-120.090402,0,3,RC19,TRUE,Active,Alive,Helicopter
G720E4F7B,GPUD_Survival,live_release,C,52,Lot 3,11H,154,36.79999923706055,2026-05-09,2026-05-08T16:46:48Z,2026-05-10T15:37:00Z,Rock Island Tailrace,Rock Island Tailrace - CHINOOK,47.341487,-120.090402,0,3,RC19,TRUE,Active,Alive,Helicopter
G7233EC92,GPUD_Survival,live_release,C,53,Lot 1,11H,123,16.799999237060547,2026-05-09,2026-05-08T16:47:17Z,2026-05-10T15:37:00Z,Rock Island Tailrace,Rock Island Tailrace - CHINOOK,47.341487,-120.090402,0,3,RC19,TRUE,Active,Alive,Helicopter
G721347DC,GPUD_Survival,live_release,C,53,Lot 2,11W,134,23.700000762939453,2026-05-09,2026-05-08T16:48:01Z,2026-05-10T15:37:00Z,Rock Island Tailrace,Rock Island Tailrace - CHINOOK,47.341487,-120.090402,0,3,RC19,TRUE,Active,Alive,Helicopter
G72CEB838,GPUD_Survival,live_release,C,54,Lot 3,11H,149,30.799999237060547,2026-05-09,2026-05-08T16:48:37Z,2026-05-10T15:37:00Z,Rock Island Tailrace,Rock Island Tailrace - CHINOOK,47.341487,-120.090402,0,3,RC19,TRUE,Active,Alive,Helicopter
G72E2B7F5,GPUD_Survival,live_release,C,54,Lot 3,11H,123,18.399999618530273,2026-05-09,2026-05-08T16:49:07Z,2026-05-10T15:37:00Z,Rock Island Tailrace,Rock Island Tailrace - CHINOOK,47.341487,-120.090402,0,3,RC19,TRUE,Active,Alive,Helicopter
G72AC0B23,GPUD_Survival,live_release,C,55,Lot 1,11H,140,26.899999618530273,2026-05-09,2026-05-08T16:49:44Z,2026-05-10T15:37:00Z,Rock Island Tailrace,Rock Island Tailrace - CHINOOK,47.341487,-120.090402,0,3,RC19,TRUE,Active,Alive,Helicopter
G72E3D60A,GPUD_Survival,dead_release,B,67,Lot 1,11H,122,17.399999618530273,2026-05-09,2026-05-08T16:52:57Z,2026-05-10T16:20:00Z,Priest Rapids Tailrace,Priest Rapids Tailrace - CHINOOK,46.632369,-119.895442,1,3,PC16,FALSE,Active,Euthanized,Helicopter
G722CE5FA,GPUD_Survival,dead_release,B,67,Lot 1,11H,167,47.29999923706055,2026-05-09,2026-05-08T16:53:23Z,2026-05-10T16:20:00Z,Priest Rapids Tailrace,Priest Rapids Tailrace - CHINOOK,46.632369,-119.895442,1,3,PC16,FALSE,Active,Euthanized,Helicopter
G72D28307,GPUD_Survival,live_release,B,68,Lot 1,11H,130,23,2026-05-09,2026-05-08T16:53:53Z,2026-05-10T16:20:00Z,Priest Rapids Tailrace,Priest Rapids Tailrace - CHINOOK,46.632369,-119.895442,0,3,PC16,TRUE,Active,Alive,Helicopter
G72031E77,GPUD_Survival,live_release,B,69,Lot 2,11H,130,18.899999618530273,2026-05-09,2026-05-08T16:54:48Z,2026-05-10T16:20:00Z,Priest Rapids Tailrace,Priest Rapids Tailrace - CHINOOK,46.632369,-119.895442,0,3,PC16,TRUE,Active,Alive,Helicopter
G720CA042,GPUD_Survival,live_release,B,68,Lot 1,11H,150,33.900001525878906,2026-05-09,2026-05-08T16:55:29Z,2026-05-10T16:20:00Z,Priest Rapids Tailrace,Priest Rapids Tailrace - CHINOOK,46.632369,-119.895442,0,3,PC16,TRUE,Active,Alive,Helicopter
G7225AC92,GPUD_Survival,live_release,B,69,Lot 2,11H,150,33.900001525878906,2026-05-09,2026-05-08T16:55:52Z,2026-05-10T16:20:00Z,Priest Rapids Tailrace,Priest Rapids Tailrace - CHINOOK,46.632369,-119.895442,0,3,PC16,TRUE,Active,Alive,Helicopter
G72EC5B63,GPUD_Survival,live_release,B,70,Lot 1,11H,115,15.5,2026-05-09,2026-05-08T16:56:23Z,2026-05-10T16:20:00Z,Priest Rapids Tailrace,Priest Rapids Tailrace - CHINOOK,46.632369,-119.895442,0,3,PC16,TRUE,Active,Alive,Helicopter
G7299D1D8,GPUD_Survival,live_release,B,70,Lot 1,11H,135,22.100000381469727,2026-05-09,2026-05-08T16:56:47Z,2026-05-10T16:20:00Z,Priest Rapids Tailrace,Priest Rapids Tailrace - CHINOOK,46.632369,-119.895442,0,3,PC16,TRUE,Active,Alive,Helicopter
G72710ECD,GPUD_Survival,live_release,B,71,Lot 2,11H,131,22.600000381469727,2026-05-09,2026-05-08T16:57:31Z,2026-05-10T16:20:00Z,Priest Rapids Tailrace,Priest Rapids Tailrace - CHINOOK,46.632369,-119.895442,0,3,PC16,TRUE,Active,Alive,Helicopter
G72685CF4,GPUD_Survival,live_release,B,71,Lot 3,11H,141,27.399999618530273,2026-05-09,2026-05-08T16:58:05Z,2026-05-10T16:20:00Z,Priest Rapids Tailrace,Priest Rapids Tailrace - CHINOOK,46.632369,-119.895442,0,3,PC16,TRUE,Active,Alive,Helicopter
G72A195A4,GPUD_Survival,live_release,B,72,Lot 2,11H,154,33.099998474121094,2026-05-09,2026-05-08T16:59:00Z,2026-05-10T16:20:00Z,Priest Rapids Tailrace,Priest Rapids Tailrace - CHINOOK,46.632369,-119.895442,0,3,PC16,TRUE,Active,Alive,Helicopter
G72480572,GPUD_Survival,live_release,B,72,Lot 3,11H,122,18.5,2026-05-09,2026-05-08T16:59:26Z,2026-05-10T16:20:00Z,Priest Rapids Tailrace,Priest Rapids Tailrace - CHINOOK,46.632369,-119.895442,0,3,PC16,TRUE,Active,Alive,Helicopter
G724DCD85,GPUD_Survival,live_release,B,73,Lot 2,11H,155,38.29999923706055,2026-05-09,2026-05-08T16:59:57Z,2026-05-10T16:20:00Z,Priest Rapids Tailrace,Priest Rapids Tailrace - CHINOOK,46.632369,-119.895442,0,3,PC16,TRUE,Active,Alive,Helicopter
G72F3C21A,GPUD_Survival,live_release,B,73,Lot 1,11H,129,20.5,2026-05-09,2026-05-08T17:00:28Z,2026-05-10T16:20:00Z,Priest Rapids Tailrace,Priest Rapids Tailrace - CHINOOK,46.632369,-119.895442,0,3,PC16,TRUE,Active,Alive,Helicopter
G72DEA849,GPUD_Survival,live_release,B,74,Lot 3,11H,131,24.700000762939453,2026-05-09,2026-05-08T17:00:50Z,2026-05-10T16:20:00Z,Priest Rapids Tailrace,Priest Rapids Tailrace - CHINOOK,46.632369,-119.895442,0,3,PC16,TRUE,Active,Alive,Helicopter
G72D7E9E3,GPUD_Survival,live_release,B,74,Lot 1,11H,120,16.200000762939453,2026-05-09,2026-05-08T17:01:35Z,2026-05-10T16:20:00Z,Priest Rapids Tailrace,Priest Rapids Tailrace - CHINOOK,46.632369,-119.895442,0,3,PC16,TRUE,Active,Alive,Helicopter
G72053C42,GPUD_Survival,live_release,B,75,Lot 1,11H,128,22,2026-05-09,2026-05-08T17:02:06Z,2026-05-10T16:20:00Z,Priest Rapids Tailrace,Priest Rapids Tailrace - CHINOOK,46.632369,-119.895442,0,3,PC16,TRUE,Active,Alive,Helicopter
G725F0F8E,GPUD_Survival,live_release,B,75,Lot 1,11H,140,28.700000762939453,2026-05-09,2026-05-08T17:02:43Z,2026-05-10T16:20:00Z,Priest Rapids Tailrace,Priest Rapids Tailrace - CHINOOK,46.632369,-119.895442,0,3,PC16,TRUE,Active,Alive,Helicopter
G725CFC4D,GPUD_Survival,live_release,B,76,Lot 1,11H,150,31.600000381469727,2026-05-09,2026-05-08T17:03:09Z,2026-05-10T16:20:00Z,Priest Rapids Tailrace,Priest Rapids Tailrace - CHINOOK,46.632369,-119.895442,0,3,PC16,TRUE,Active,Alive,Helicopter
G72B623C9,GPUD_Survival,live_release,B,76,Lot 1,11H,142,27.200000762939453,2026-05-09,2026-05-08T17:03:54Z,2026-05-10T16:20:00Z,Priest Rapids Tailrace,Priest Rapids Tailrace - CHINOOK,46.632369,-119.895442,0,3,PC16,TRUE,Active,Alive,Helicopter
G7228410F,GPUD_Survival,live_release,B,77,Lot 1,11H,118,16.899999618530273,2026-05-09,2026-05-08T17:04:14Z,2026-05-10T16:20:00Z,Priest Rapids Tailrace,Priest Rapids Tailrace - CHINOOK,46.632369,-119.895442,0,3,PC16,TRUE,Active,Alive,Helicopter
G72101AAF,GPUD_Survival,live_release,B,77,Lot 3,11H,170,45.099998474121094,2026-05-09,2026-05-08T17:04:33Z,2026-05-10T16:20:00Z,Priest Rapids Tailrace,Priest Rapids Tailrace - CHINOOK,46.632369,-119.895442,0,3,PC16,TRUE,Active,Alive,Helicopter
G7260FAF0,GPUD_Survival,live_release,B,78,Lot 3,11H,125,18.799999237060547,2026-05-09,2026-05-08T17:06:19Z,2026-05-10T16:20:00Z,Priest Rapids Tailrace,Priest Rapids Tailrace - CHINOOK,46.632369,-119.895442,0,3,PC16,TRUE,Active,Alive,Helicopter
G724FA5B3,GPUD_Survival,live_release,B,78,Lot 3,11W,127,19.399999618530273,2026-05-09,2026-05-08T17:07:02Z,2026-05-10T16:20:00Z,Priest Rapids Tailrace,Priest Rapids Tailrace - CHINOOK,46.632369,-119.895442,0,3,PC16,TRUE,Active,Alive,Helicopter
G723AD45C,GPUD_Survival,live_release,B,79,Lot 3,11H,140,23.200000762939453,2026-05-09,2026-05-08T17:07:22Z,2026-05-10T16:20:00Z,Priest Rapids Tailrace,Priest Rapids Tailrace - CHINOOK,46.632369,-119.895442,0,3,PC16,TRUE,Active,Alive,Helicopter
G72AEBADE,GPUD_Survival,live_release,B,79,Lot 3,11H,109,13.699999809265137,2026-05-09,2026-05-08T17:07:48Z,2026-05-10T16:20:00Z,Priest Rapids Tailrace,Priest Rapids Tailrace - CHINOOK,46.632369,-119.895442,0,3,PC16,TRUE,Active,Alive,Helicopter
G72166E9C,GPUD_Survival,live_release,B,80,Lot 2,11H,150,29.899999618530273,2026-05-09,2026-05-08T17:08:14Z,2026-05-10T16:20:00Z,Priest Rapids Tailrace,Priest Rapids Tailrace - CHINOOK,46.632369,-119.895442,0,3,PC16,TRUE,Active,Alive,Helicopter
G72AD9334,GPUD_Survival,live_release,B,80,Lot 1,11H,171,50.5,2026-05-09,2026-05-08T17:08:40Z,2026-05-10T16:20:00Z,Priest Rapids Tailrace,Priest Rapids Tailrace - CHINOOK,46.632369,-119.895442,0,3,PC16,TRUE,Active,Alive,Helicopter
G72639202,GPUD_Survival,live_release,B,81,Lot 1,11H,160,41.5,2026-05-09,2026-05-08T17:09:04Z,2026-05-10T16:20:00Z,Priest Rapids Tailrace,Priest Rapids Tailrace - CHINOOK,46.632369,-119.895442,0,3,PC16,TRUE,Active,Alive,Helicopter
G72AD804B,GPUD_Survival,live_release,B,81,Lot 1,11H,118,15.5,2026-05-09,2026-05-08T17:09:30Z,2026-05-10T16:20:00Z,Priest Rapids Tailrace,Priest Rapids Tailrace - CHINOOK,46.632369,-119.895442,0,3,PC16,TRUE,Active,Alive,Helicopter
G72E7B654,GPUD_Survival,live_release,B,82,Lot 3,11H,161,39.900001525878906,2026-05-09,2026-05-08T19:56:35Z,2026-05-10T16:20:00Z,Priest Rapids Tailrace,Priest Rapids Tailrace - CHINOOK,46.632369,-119.895442,0,3,PC16,TRUE,Active,Alive,Helicopter
G72E1BE3C,GPUD_Survival,live_release,B,82,Lot 2,11H,125,19.100000381469727,2026-05-09,2026-05-08T19:58:57Z,2026-05-10T16:20:00Z,Priest Rapids Tailrace,Priest Rapids Tailrace - CHINOOK,46.632369,-119.895442,0,3,PC16,TRUE,Active,Alive,Helicopter
G72DF6658,GPUD_Survival,live_release,B,83,Lot 3,11H,142,26.600000381469727,2026-05-09,2026-05-08T19:59:30Z,2026-05-10T16:20:00Z,Priest Rapids Tailrace,Priest Rapids Tailrace - CHINOOK,46.632369,-119.895442,0,3,PC16,TRUE,Active,Alive,Helicopter
G723D8914,GPUD_Survival,live_release,B,83,Lot 1,11H,127,20.899999618530273,2026-05-09,2026-05-08T20:00:19Z,2026-05-10T16:20:00Z,Priest Rapids Tailrace,Priest Rapids Tailrace - CHINOOK,46.632369,-119.895442,0,3,PC16,TRUE,Active,Alive,Helicopter
G72BC2AB2,GPUD_Survival,live_release,B,84,Lot 3,11H,147,32.20000076293945,2026-05-09,2026-05-08T20:00:52Z,2026-05-10T16:20:00Z,Priest Rapids Tailrace,Priest Rapids Tailrace - CHINOOK,46.632369,-119.895442,0,3,PC16,TRUE,Active,Alive,Helicopter
G72BBB66E,GPUD_Survival,live_release,B,84,Lot 3,11H,133,25.200000762939453,2026-05-09,2026-05-08T20:01:36Z,2026-05-10T16:20:00Z,Priest Rapids Tailrace,Priest Rapids Tailrace - CHINOOK,46.632369,-119.895442,0,3,PC16,TRUE,Active,Alive,Helicopter
G723C5524,GPUD_Survival,live_release,B,1,Lot 2,31H,197,68.5,2026-05-09,2026-05-08T20:08:26Z,2026-05-10T15:37:00Z,Rock Island Tailrace,Rock Island Tailrace - STEELHEAD,47.341487,-120.090402,0,3,RI14,TRUE,Active,Alive,Helicopter
G728C263C,GPUD_Survival,live_release,B,1,Lot 2,31H,176,46.900001525878906,2026-05-09,2026-05-08T20:08:58Z,2026-05-10T15:37:00Z,Rock Island Tailrace,Rock Island Tailrace - STEELHEAD,47.341487,-120.090402,0,3,RI14,TRUE,Active,Alive,Helicopter
G72239B05,GPUD_Survival,live_release,B,2,Lot 2,31H,165,41,2026-05-09,2026-05-08T20:09:43Z,2026-05-10T15:37:00Z,Rock Island Tailrace,Rock Island Tailrace - STEELHEAD,47.341487,-120.090402,0,3,RI14,TRUE,Active,Alive,Helicopter
G72C8A610,GPUD_Survival,live_release,B,2,Lot 1,31H,204,75.69999694824219,2026-05-09,2026-05-08T20:10:08Z,2026-05-10T15:37:00Z,Rock Island Tailrace,Rock Island Tailrace - STEELHEAD,47.341487,-120.090402,0,3,RI14,TRUE,Active,Alive,Helicopter
G72F19BCC,GPUD_Survival,live_release,B,3,Lot 1,31H,171,44.599998474121094,2026-05-09,2026-05-08T20:10:35Z,2026-05-10T15:37:00Z,Rock Island Tailrace,Rock Island Tailrace - STEELHEAD,47.341487,-120.090402,0,3,RI14,TRUE,Active,Alive,Helicopter
G72BCBAA3,GPUD_Survival,live_release,B,3,Lot 3,31H,200,71.5999984741211,2026-05-09,2026-05-08T20:11:09Z,2026-05-10T15:37:00Z,Rock Island Tailrace,Rock Island Tailrace - STEELHEAD,47.341487,-120.090402,0,3,RI14,TRUE,Active,Alive,Helicopter
G7256E856,GPUD_Survival,live_release,B,4,Lot 2,31W,156,34,2026-05-09,2026-05-08T20:12:04Z,2026-05-10T15:37:00Z,Rock Island Tailrace,Rock Island Tailrace - STEELHEAD,47.341487,-120.090402,0,3,RI14,TRUE,Active,Alive,Helicopter
G724B0E07,GPUD_Survival,live_release,B,4,Lot 2,31W,208,81.9000015258789,2026-05-09,2026-05-08T20:12:29Z,2026-05-10T15:37:00Z,Rock Island Tailrace,Rock Island Tailrace - STEELHEAD,47.341487,-120.090402,0,3,RI14,TRUE,Active,Alive,Helicopter
G72DF58F9,GPUD_Survival,live_release,B,5,Lot 3,31H,169,40.70000076293945,2026-05-09,2026-05-08T20:13:04Z,2026-05-10T15:37:00Z,Rock Island Tailrace,Rock Island Tailrace - STEELHEAD,47.341487,-120.090402,0,3,RI14,TRUE,Active,Alive,Helicopter
G72DCE102,GPUD_Survival,live_release,B,5,Lot 3,31H,192,65.5999984741211,2026-05-09,2026-05-08T20:13:37Z,2026-05-10T15:37:00Z,Rock Island Tailrace,Rock Island Tailrace - STEELHEAD,47.341487,-120.090402,0,3,RI14,TRUE,Active,Alive,Helicopter
G72230A4A,GPUD_Survival,live_release,B,6,Lot 2,31H,156,33.5,2026-05-09,2026-05-08T20:14:13Z,2026-05-10T15:37:00Z,Rock Island Tailrace,Rock Island Tailrace - STEELHEAD,47.341487,-120.090402,0,3,RI14,TRUE,Active,Alive,Helicopter
G72E7E56D,GPUD_Survival,live_release,B,6,Lot 3,31W,154,34.099998474121094,2026-05-09,2026-05-08T20:14:47Z,2026-05-10T15:37:00Z,Rock Island Tailrace,Rock Island Tailrace - STEELHEAD,47.341487,-120.090402,0,3,RI14,TRUE,Active,Alive,Helicopter
G723B33F2,GPUD_Survival,live_release,B,7,Lot 3,31H,200,17.700000762939453,2026-05-09,2026-05-08T20:15:35Z,2026-05-10T15:37:00Z,Rock Island Tailrace,Rock Island Tailrace - STEELHEAD,47.341487,-120.090402,0,3,RI14,TRUE,Active,Alive,Helicopter
G72F65695,GPUD_Survival,live_release,B,7,Lot 1,31H,187,61.900001525878906,2026-05-09,2026-05-08T20:16:05Z,2026-05-10T15:37:00Z,Rock Island Tailrace,Rock Island Tailrace - STEELHEAD,47.341487,-120.090402,0,3,RI14,TRUE,Active,Alive,Helicopter
G72B8E45C,GPUD_Survival,live_release,B,8,Lot 3,31H,154,31.299999237060547,2026-05-09,2026-05-08T20:16:36Z,2026-05-10T15:37:00Z,Rock Island Tailrace,Rock Island Tailrace - STEELHEAD,47.341487,-120.090402,0,3,RI14,TRUE,Active,Alive,Helicopter
G72337C83,GPUD_Survival,live_release,B,8,Lot 1,31H,185,59.79999923706055,2026-05-09,2026-05-08T20:17:25Z,2026-05-10T15:37:00Z,Rock Island Tailrace,Rock Island Tailrace - STEELHEAD,47.341487,-120.090402,0,3,RI14,TRUE,Active,Alive,Helicopter
G72C99588,GPUD_Survival,live_release,B,9,Lot 3,31H,193,62.900001525878906,2026-05-09,2026-05-08T20:18:28Z,2026-05-10T15:37:00Z,Rock Island Tailrace,Rock Island Tailrace - STEELHEAD,47.341487,-120.090402,0,3,RI14,TRUE,Active,Alive,Helicopter
G72260329,GPUD_Survival,live_release,B,9,Lot 2,31H,180,51.70000076293945,2026-05-09,2026-05-08T20:19:07Z,2026-05-10T15:37:00Z,Rock Island Tailrace,Rock Island Tailrace - STEELHEAD,47.341487,-120.090402,0,3,RI14,TRUE,Active,Alive,Helicopter
G72AB6156,GPUD_Survival,live_release,B,10,Lot 1,31H,203,70.4000015258789,2026-05-09,2026-05-08T20:19:57Z,2026-05-10T15:37:00Z,Rock Island Tailrace,Rock Island Tailrace - STEELHEAD,47.341487,-120.090402,0,3,RI14,TRUE,Active,Alive,Helicopter
G72D90E55,GPUD_Survival,live_release,B,10,Lot 1,31H,200,68.0999984741211,2026-05-09,2026-05-08T20:20:47Z,2026-05-10T15:37:00Z,Rock Island Tailrace,Rock Island Tailrace - STEELHEAD,47.341487,-120.090402,0,3,RI14,TRUE,Active,Alive,Helicopter
G7222C505,GPUD_Survival,live_release,B,11,Lot 2,31W,171,49,2026-05-09,2026-05-08T20:21:12Z,2026-05-10T15:37:00Z,Rock Island Tailrace,Rock Island Tailrace - STEELHEAD,47.341487,-120.090402,0,3,RI14,TRUE,Active,Alive,Helicopter
G72379493,GPUD_Survival,live_release,B,11,Lot 2,31H,182,56.70000076293945,2026-05-09,2026-05-08T20:21:57Z,2026-05-10T15:37:00Z,Rock Island Tailrace,Rock Island Tailrace - STEELHEAD,47.341487,-120.090402,0,3,RI14,TRUE,Active,Alive,Helicopter
G72F26610,GPUD_Survival,live_release,B,12,Lot 1,31H,151,27.799999237060547,2026-05-09,2026-05-08T20:22:44Z,2026-05-10T15:37:00Z,Rock Island Tailrace,Rock Island Tailrace - STEELHEAD,47.341487,-120.090402,0,3,RI14,TRUE,Active,Alive,Helicopter
G72086730,GPUD_Survival,live_release,B,12,Lot 3,31H,191,53.79999923706055,2026-05-09,2026-05-08T20:23:32Z,2026-05-10T15:37:00Z,Rock Island Tailrace,Rock Island Tailrace - STEELHEAD,47.341487,-120.090402,0,3,RI14,TRUE,Active,Alive,Helicopter
G72DC01EB,GPUD_Survival,live_release,B,13,Lot 2,31W,140,24.700000762939453,2026-05-09,2026-05-08T20:24:01Z,2026-05-10T15:37:00Z,Rock Island Tailrace,Rock Island Tailrace - STEELHEAD,47.341487,-120.090402,0,3,RI14,TRUE,Active,Alive,Helicopter
G72F8602A,GPUD_Survival,live_release,B,13,Lot 3,31H,160,34.099998474121094,2026-05-09,2026-05-08T20:24:48Z,2026-05-10T15:37:00Z,Rock Island Tailrace,Rock Island Tailrace - STEELHEAD,47.341487,-120.090402,0,3,RI14,TRUE,Active,Alive,Helicopter
G72823EBF,GPUD_Survival,live_release,B,14,Lot 2,31W,176,44.900001525878906,2026-05-09,2026-05-08T20:25:14Z,2026-05-10T15:37:00Z,Rock Island Tailrace,Rock Island Tailrace - STEELHEAD,47.341487,-120.090402,0,3,RI14,TRUE,Active,Alive,Helicopter
G72CBF7C0,GPUD_Survival,live_release,B,14,Lot 1,31H,175,45.70000076293945,2026-05-09,2026-05-08T20:25:49Z,2026-05-10T15:37:00Z,Rock Island Tailrace,Rock Island Tailrace - STEELHEAD,47.341487,-120.090402,0,3,RI14,TRUE,Active,Alive,Helicopter
G72571024,GPUD_Survival,live_release,B,15,Lot 3,31W,175,52,2026-05-09,2026-05-08T20:26:33Z,2026-05-10T15:37:00Z,Rock Island Tailrace,Rock Island Tailrace - STEELHEAD,47.341487,-120.090402,0,3,RI14,TRUE,Active,Alive,Helicopter
G7292096E,GPUD_Survival,live_release,B,15,Lot 1,31H,185,58.29999923706055,2026-05-09,2026-05-08T20:26:57Z,2026-05-10T15:37:00Z,Rock Island Tailrace,Rock Island Tailrace - STEELHEAD,47.341487,-120.090402,0,3,RI14,TRUE,Active,Alive,Helicopter
G720853EF,GPUD_Survival,live_release,B,16,Lot 3,31W,165,39.099998474121094,2026-05-09,2026-05-08T20:27:29Z,2026-05-10T15:37:00Z,Rock Island Tailrace,Rock Island Tailrace - STEELHEAD,47.341487,-120.090402,0,3,RI14,TRUE,Active,Alive,Helicopter
G72CFE827,GPUD_Survival,live_release,B,16,Lot 3,31H,180,47.5,2026-05-09,2026-05-08T20:27:50Z,2026-05-10T15:37:00Z,Rock Island Tailrace,Rock Island Tailrace - STEELHEAD,47.341487,-120.090402,0,3,RI14,TRUE,Active,Alive,Helicopter
G72DC59F2,GPUD_Survival,live_release,B,17,Lot 3,31H,176,54.79999923706055,2026-05-09,2026-05-08T20:28:19Z,2026-05-10T15:37:00Z,Rock Island Tailrace,Rock Island Tailrace - STEELHEAD,47.341487,-120.090402,0,3,RI14,TRUE,Active,Alive,Helicopter
G72710F93,GPUD_Survival,live_release,B,17,Lot 2,31W,155,34.29999923706055,2026-05-09,2026-05-08T20:28:42Z,2026-05-10T15:37:00Z,Rock Island Tailrace,Rock Island Tailrace - STEELHEAD,47.341487,-120.090402,0,3,RI14,TRUE,Active,Alive,Helicopter
G721A6613,GPUD_Survival,live_release,B,18,Lot 2,31H,157,34.900001525878906,2026-05-09,2026-05-08T20:29:15Z,2026-05-10T15:37:00Z,Rock Island Tailrace,Rock Island Tailrace - STEELHEAD,47.341487,-120.090402,0,3,RI14,TRUE,Active,Alive,Helicopter
G72BAA256,GPUD_Survival,live_release,B,18,Lot 3,31H,142,25.5,2026-05-09,2026-05-08T20:29:46Z,2026-05-10T15:37:00Z,Rock Island Tailrace,Rock Island Tailrace - STEELHEAD,47.341487,-120.090402,0,3,RI14,TRUE,Active,Alive,Helicopter
G7249B927,GPUD_Survival,live_release,B,19,Lot 2,31H,165,43.79999923706055,2026-05-09,2026-05-08T20:30:13Z,2026-05-10T15:37:00Z,Rock Island Tailrace,Rock Island Tailrace - STEELHEAD,47.341487,-120.090402,0,3,RI14,TRUE,Active,Alive,Helicopter
G726F747B,GPUD_Survival,live_release,B,19,Lot 2,31W,166,43,2026-05-09,2026-05-08T20:30:44Z,2026-05-10T15:37:00Z,Rock Island Tailrace,Rock Island Tailrace - STEELHEAD,47.341487,-120.090402,0,3,RI14,TRUE,Active,Alive,Helicopter
G72858BDC,GPUD_Survival,live_release,B,20,Lot 1,31H,179,47.79999923706055,2026-05-09,2026-05-08T20:31:15Z,2026-05-10T15:37:00Z,Rock Island Tailrace,Rock Island Tailrace - STEELHEAD,47.341487,-120.090402,0,3,RI14,TRUE,Active,Alive,Helicopter
G723A7850,GPUD_Survival,live_release,B,20,Lot 2,31W,196,69.4000015258789,2026-05-09,2026-05-08T20:33:17Z,2026-05-10T15:37:00Z,Rock Island Tailrace,Rock Island Tailrace - STEELHEAD,47.341487,-120.090402,0,3,RI14,TRUE,Active,Alive,Helicopter
G72CE080A,GPUD_Survival,live_release,B,21,Lot 3,31H,177,53,2026-05-09,2026-05-08T20:33:50Z,2026-05-10T15:37:00Z,Rock Island Tailrace,Rock Island Tailrace - STEELHEAD,47.341487,-120.090402,0,3,RI14,TRUE,Active,Alive,Helicopter
G7216545C,GPUD_Survival,live_release,B,21,Lot 2,31H,191,62.099998474121094,2026-05-09,2026-05-08T20:34:16Z,2026-05-10T15:37:00Z,Rock Island Tailrace,Rock Island Tailrace - STEELHEAD,47.341487,-120.090402,0,3,RI14,TRUE,Active,Alive,Helicopter
G7284660C,GPUD_Survival,live_release,B,100,Lot 2,31H,175,46.29999923706055,2026-05-09,2026-05-08T20:38:19Z,2026-05-10T16:20:00Z,Priest Rapids Tailrace,Priest Rapids Tailrace - STEELHEAD,46.632369,-119.895442,0,3,PR11,TRUE,Active,Alive,Helicopter
G7245DE8C,GPUD_Survival,live_release,B,100,Lot 1,31W,159,37.5,2026-05-09,2026-05-08T20:38:54Z,2026-05-10T16:20:00Z,Priest Rapids Tailrace,Priest Rapids Tailrace - STEELHEAD,46.632369,-119.895442,0,3,PR11,TRUE,Active,Alive,Helicopter
G724A12FD,GPUD_Survival,live_release,B,101,Lot 2,31H,174,49.099998474121094,2026-05-09,2026-05-08T20:39:43Z,2026-05-10T16:20:00Z,Priest Rapids Tailrace,Priest Rapids Tailrace - STEELHEAD,46.632369,-119.895442,0,3,PR11,TRUE,Active,Alive,Helicopter
G729B6F64,GPUD_Survival,live_release,B,101,Lot 3,31H,186,57.20000076293945,2026-05-09,2026-05-08T20:40:14Z,2026-05-10T16:20:00Z,Priest Rapids Tailrace,Priest Rapids Tailrace - STEELHEAD,46.632369,-119.895442,0,3,PR11,TRUE,Active,Alive,Helicopter
G72A6CA50,GPUD_Survival,dead_release,B,102,Lot 3,31H,182,56.099998474121094,2026-05-09,2026-05-08T20:40:34Z,2026-05-10T16:20:00Z,Priest Rapids Tailrace,Priest Rapids Tailrace - STEELHEAD,46.632369,-119.895442,1,3,PR11,FALSE,Active,Euthanized,Helicopter
G7201AAB5,GPUD_Survival,dead_release,B,102,Lot 2,31H,161,37.900001525878906,2026-05-09,2026-05-08T20:41:29Z,2026-05-10T16:20:00Z,Priest Rapids Tailrace,Priest Rapids Tailrace - STEELHEAD,46.632369,-119.895442,1,3,PR11,FALSE,Active,Euthanized,Helicopter
G723D1E86,GPUD_Survival,live_release,B,103,Lot 1,31H,182,52.79999923706055,2026-05-09,2026-05-08T20:42:07Z,2026-05-10T16:20:00Z,Priest Rapids Tailrace,Priest Rapids Tailrace - STEELHEAD,46.632369,-119.895442,0,3,PR11,TRUE,Active,Alive,Helicopter
G72682590,GPUD_Survival,live_release,B,103,Lot 3,31H,202,74.5,2026-05-09,2026-05-08T20:42:33Z,2026-05-10T16:20:00Z,Priest Rapids Tailrace,Priest Rapids Tailrace - STEELHEAD,46.632369,-119.895442,0,3,PR11,TRUE,Active,Alive,Helicopter
G72EB9A99,GPUD_Survival,live_release,B,104,Lot 1,31H,175,49.599998474121094,2026-05-09,2026-05-08T20:42:53Z,2026-05-10T16:20:00Z,Priest Rapids Tailrace,Priest Rapids Tailrace - STEELHEAD,46.632369,-119.895442,0,3,PR11,TRUE,Active,Alive,Helicopter
G727AD4C7,GPUD_Survival,live_release,B,104,Lot 2,31H,174,46.400001525878906,2026-05-09,2026-05-08T20:43:15Z,2026-05-10T16:20:00Z,Priest Rapids Tailrace,Priest Rapids Tailrace - STEELHEAD,46.632369,-119.895442,0,3,PR11,TRUE,Active,Alive,Helicopter
G723E7D54,GPUD_Survival,live_release,B,105,Lot 1,31H,196,65.30000305175781,2026-05-09,2026-05-08T20:43:53Z,2026-05-10T16:20:00Z,Priest Rapids Tailrace,Priest Rapids Tailrace - STEELHEAD,46.632369,-119.895442,0,3,PR11,TRUE,Active,Alive,Helicopter
G72394D84,GPUD_Survival,live_release,B,105,Lot 2,31W,172,43.79999923706055,2026-05-09,2026-05-08T20:44:21Z,2026-05-10T16:20:00Z,Priest Rapids Tailrace,Priest Rapids Tailrace - STEELHEAD,46.632369,-119.895442,0,3,PR11,TRUE,Active,Alive,Helicopter
G729FB576,GPUD_Survival,live_release,B,106,Lot 3,31H,196,63.5,2026-05-09,2026-05-08T20:45:13Z,2026-05-10T16:20:00Z,Priest Rapids Tailrace,Priest Rapids Tailrace - STEELHEAD,46.632369,-119.895442,0,3,PR11,TRUE,Active,Alive,Helicopter
G723231FC,GPUD_Survival,live_release,B,106,Lot 3,31H,170,44.29999923706055,2026-05-09,2026-05-08T20:45:45Z,2026-05-10T16:20:00Z,Priest Rapids Tailrace,Priest Rapids Tailrace - STEELHEAD,46.632369,-119.895442,0,3,PR11,TRUE,Active,Alive,Helicopter
G726F0D1F,GPUD_Survival,live_release,B,107,Lot 2,31H,181,53,2026-05-09,2026-05-08T20:46:14Z,2026-05-10T16:20:00Z,Priest Rapids Tailrace,Priest Rapids Tailrace - STEELHEAD,46.632369,-119.895442,0,3,PR11,TRUE,Active,Alive,Helicopter
G728464B0,GPUD_Survival,live_release,B,107,Lot 2,31W,143,29.799999237060547,2026-05-09,2026-05-08T20:47:15Z,2026-05-10T16:20:00Z,Priest Rapids Tailrace,Priest Rapids Tailrace - STEELHEAD,46.632369,-119.895442,0,3,PR11,TRUE,Active,Alive,Helicopter
G72015EA0,GPUD_Survival,live_release,B,108,Lot 2,31H,200,68,2026-05-09,2026-05-08T20:47:38Z,2026-05-10T16:20:00Z,Priest Rapids Tailrace,Priest Rapids Tailrace - STEELHEAD,46.632369,-119.895442,0,3,PR11,TRUE,Active,Alive,Helicopter
G72E908A5,GPUD_Survival,live_release,B,108,Lot 1,31H,175,45.5,2026-05-09,2026-05-08T20:48:22Z,2026-05-10T16:20:00Z,Priest Rapids Tailrace,Priest Rapids Tailrace - STEELHEAD,46.632369,-119.895442,0,3,PR11,TRUE,Active,Alive,Helicopter
G72332EE4,GPUD_Survival,live_release,B,109,Lot 1,31H,196,72.30000305175781,2026-05-09,2026-05-08T20:48:51Z,2026-05-10T16:20:00Z,Priest Rapids Tailrace,Priest Rapids Tailrace - STEELHEAD,46.632369,-119.895442,0,3,PR11,TRUE,Active,Alive,Helicopter
G729BB2CE,GPUD_Survival,live_release,B,109,Lot 3,31W,155,36,2026-05-09,2026-05-08T20:49:27Z,2026-05-10T16:20:00Z,Priest Rapids Tailrace,Priest Rapids Tailrace - STEELHEAD,46.632369,-119.895442,0,3,PR11,TRUE,Active,Alive,Helicopter
G7273FB17,GPUD_Survival,live_release,B,110,Lot 1,31H,186,57.20000076293945,2026-05-09,2026-05-08T20:50:13Z,2026-05-10T16:20:00Z,Priest Rapids Tailrace,Priest Rapids Tailrace - STEELHEAD,46.632369,-119.895442,0,3,PR11,TRUE,Active,Alive,Helicopter
G72338B74,GPUD_Survival,live_release,B,110,Lot 1,31W,178,49.599998474121094,2026-05-09,2026-05-08T20:51:39Z,2026-05-10T16:20:00Z,Priest Rapids Tailrace,Priest Rapids Tailrace - STEELHEAD,46.632369,-119.895442,0,3,PR11,TRUE,Active,Alive,Helicopter
G72BCDAC6,GPUD_Survival,live_release,B,111,Lot 3,31H,162,37.20000076293945,2026-05-09,2026-05-08T20:52:21Z,2026-05-10T16:20:00Z,Priest Rapids Tailrace,Priest Rapids Tailrace - STEELHEAD,46.632369,-119.895442,0,3,PR11,TRUE,Active,Alive,Helicopter
G72F0BE14,GPUD_Survival,live_release,B,111,Lot 3,31H,208,81.4000015258789,2026-05-09,2026-05-08T20:52:44Z,2026-05-10T16:20:00Z,Priest Rapids Tailrace,Priest Rapids Tailrace - STEELHEAD,46.632369,-119.895442,0,3,PR11,TRUE,Active,Alive,Helicopter
G72D53925,GPUD_Survival,live_release,B,112,Lot 1,31H,190,60.79999923706055,2026-05-09,2026-05-08T20:54:28Z,2026-05-10T16:20:00Z,Priest Rapids Tailrace,Priest Rapids Tailrace - STEELHEAD,46.632369,-119.895442,0,3,PR11,TRUE,Active,Alive,Helicopter
G72423988,GPUD_Survival,live_release,B,112,Lot 2,31W,166,41.79999923706055,2026-05-09,2026-05-08T20:54:55Z,2026-05-10T16:20:00Z,Priest Rapids Tailrace,Priest Rapids Tailrace - STEELHEAD,46.632369,-119.895442,0,3,PR11,TRUE,Active,Alive,Helicopter
G722CD399,GPUD_Survival,live_release,B,113,Lot 1,31H,186,54.29999923706055,2026-05-09,2026-05-08T20:55:26Z,2026-05-10T16:20:00Z,Priest Rapids Tailrace,Priest Rapids Tailrace - STEELHEAD,46.632369,-119.895442,0,3,PR11,TRUE,Active,Alive,Helicopter
G723C5145,GPUD_Survival,live_release,B,113,Lot 2,31H,181,53.29999923706055,2026-05-09,2026-05-08T20:55:49Z,2026-05-10T16:20:00Z,Priest Rapids Tailrace,Priest Rapids Tailrace - STEELHEAD,46.632369,-119.895442,0,3,PR11,TRUE,Active,Alive,Helicopter
G72200CC2,GPUD_Survival,live_release,B,114,Lot 3,31H,190,65.0999984741211,2026-05-09,2026-05-08T20:56:10Z,2026-05-10T16:20:00Z,Priest Rapids Tailrace,Priest Rapids Tailrace - STEELHEAD,46.632369,-119.895442,0,3,PR11,TRUE,Active,Alive,Helicopter
G72794761,GPUD_Survival,live_release,B,114,Lot 2,31H,156,32.70000076293945,2026-05-09,2026-05-08T20:56:38Z,2026-05-10T16:20:00Z,Priest Rapids Tailrace,Priest Rapids Tailrace - STEELHEAD,46.632369,-119.895442,0,3,PR11,TRUE,Active,Alive,Helicopter
G72BB83EF,GPUD_Survival,live_release,B,115,Lot 3,31W,182,57.70000076293945,2026-05-09,2026-05-08T20:57:42Z,2026-05-10T16:20:00Z,Priest Rapids Tailrace,Priest Rapids Tailrace - STEELHEAD,46.632369,-119.895442,0,3,PR11,TRUE,Active,Alive,Helicopter
G72B890C5,GPUD_Survival,live_release,B,117,Lot 3,31H,181,54.5,2026-05-09,2026-05-08T20:58:13Z,2026-05-10T16:20:00Z,Priest Rapids Tailrace,Priest Rapids Tailrace - STEELHEAD,46.632369,-119.895442,0,3,PR11,TRUE,Active,Alive,Helicopter
G72170A5C,GPUD_Survival,live_release,B,115,Lot 2,31H,176,43.79999923706055,2026-05-09,2026-05-08T20:58:42Z,2026-05-10T16:20:00Z,Priest Rapids Tailrace,Priest Rapids Tailrace - STEELHEAD,46.632369,-119.895442,0,3,PR11,TRUE,Active,Alive,Helicopter
G725285F5,GPUD_Survival,live_release,B,116,Lot 3,31H,192,65.4000015258789,2026-05-09,2026-05-08T20:59:40Z,2026-05-10T16:20:00Z,Priest Rapids Tailrace,Priest Rapids Tailrace - STEELHEAD,46.632369,-119.895442,0,3,PR11,TRUE,Active,Alive,Helicopter
G727F1093,GPUD_Survival,live_release,B,116,Lot 2,31W,190,63,2026-05-09,2026-05-08T21:00:06Z,2026-05-10T16:20:00Z,Priest Rapids Tailrace,Priest Rapids Tailrace - STEELHEAD,46.632369,-119.895442,0,3,PR11,TRUE,Active,Alive,Helicopter
G726D2E4F,GPUD_Survival,live_release,B,117,Lot 3,31W,182,52.79999923706055,2026-05-09,2026-05-08T21:00:43Z,2026-05-10T16:20:00Z,Priest Rapids Tailrace,Priest Rapids Tailrace - STEELHEAD,46.632369,-119.895442,0,3,PR11,TRUE,Active,Alive,Helicopter
G7272BEAA,GPUD_Survival,live_release,C,1,Lot 1,11H,130,20.299999237060547,2026-05-10,2026-05-09T16:12:53Z,2026-05-11T15:52:00Z,Rock Island Tailrace,Rock Island Tailrace - CHINOOK,47.341487,-120.090402,0,3,RC20,TRUE,Active,Alive,Helicopter
G72486176,GPUD_Survival,live_release,C,1,Lot 3,11H,149,31.600000381469727,2026-05-10,2026-05-09T16:13:26Z,2026-05-11T15:52:00Z,Rock Island Tailrace,Rock Island Tailrace - CHINOOK,47.341487,-120.090402,0,3,RC20,TRUE,Active,Alive,Helicopter
G7270CF9D,GPUD_Survival,live_release,C,2,Lot 2,11H,135,25.5,2026-05-10,2026-05-09T16:14:13Z,2026-05-11T15:52:00Z,Rock Island Tailrace,Rock Island Tailrace - CHINOOK,47.341487,-120.090402,0,3,RC20,TRUE,Active,Alive,Helicopter
G72F335ED,GPUD_Survival,live_release,C,2,Lot 1,11H,135,21.399999618530273,2026-05-10,2026-05-09T16:14:34Z,2026-05-11T15:52:00Z,Rock Island Tailrace,Rock Island Tailrace - CHINOOK,47.341487,-120.090402,0,3,RC20,TRUE,Active,Alive,Helicopter
G72CC70A1,GPUD_Survival,live_release,C,3,Lot 1,11H,143,27.700000762939453,2026-05-10,2026-05-09T16:15:05Z,2026-05-11T15:52:00Z,Rock Island Tailrace,Rock Island Tailrace - CHINOOK,47.341487,-120.090402,0,3,RC20,TRUE,Active,Alive,Helicopter
G72E8C556,GPUD_Survival,live_release,C,3,Lot 1,11H,139,26.399999618530273,2026-05-10,2026-05-09T16:15:25Z,2026-05-11T15:52:00Z,Rock Island Tailrace,Rock Island Tailrace - CHINOOK,47.341487,-120.090402,0,3,RC20,TRUE,Active,Alive,Helicopter
G720F6EC2,GPUD_Survival,live_release,C,4,Lot 3,11H,145,28.299999237060547,2026-05-10,2026-05-09T16:15:51Z,2026-05-11T15:52:00Z,Rock Island Tailrace,Rock Island Tailrace - CHINOOK,47.341487,-120.090402,0,3,RC20,TRUE,Active,Alive,Helicopter
G72AB74F4,GPUD_Survival,live_release,C,4,Lot 1,11H,121,18.299999237060547,2026-05-10,2026-05-09T16:16:27Z,2026-05-11T15:52:00Z,Rock Island Tailrace,Rock Island Tailrace - CHINOOK,47.341487,-120.090402,0,3,RC20,TRUE,Active,Alive,Helicopter
G726B3067,GPUD_Survival,live_release,C,5,Lot 2,11H,190,62.099998474121094,2026-05-10,2026-05-09T16:17:21Z,2026-05-11T15:52:00Z,Rock Island Tailrace,Rock Island Tailrace - CHINOOK,47.341487,-120.090402,0,3,RC20,TRUE,Active,Alive,Helicopter
G7251BC82,GPUD_Survival,live_release,C,5,Lot 3,11H,133,22.100000381469727,2026-05-10,2026-05-09T16:18:02Z,2026-05-11T15:52:00Z,Rock Island Tailrace,Rock Island Tailrace - CHINOOK,47.341487,-120.090402,0,3,RC20,TRUE,Active,Alive,Helicopter
G72DA1082,GPUD_Survival,live_release,C,6,Lot 3,11W,139,23.200000762939453,2026-05-10,2026-05-09T16:18:26Z,2026-05-11T15:52:00Z,Rock Island Tailrace,Rock Island Tailrace - CHINOOK,47.341487,-120.090402,0,3,RC20,TRUE,Active,Alive,Helicopter
G724DE05B,GPUD_Survival,live_release,C,6,Lot 2,11H,149,32.70000076293945,2026-05-10,2026-05-09T16:19:24Z,2026-05-11T15:52:00Z,Rock Island Tailrace,Rock Island Tailrace - CHINOOK,47.341487,-120.090402,0,3,RC20,TRUE,Active,Alive,Helicopter
G72E36259,GPUD_Survival,live_release,C,7,Lot 3,11H,123,18.299999237060547,2026-05-10,2026-05-09T16:20:02Z,2026-05-11T15:52:00Z,Rock Island Tailrace,Rock Island Tailrace - CHINOOK,47.341487,-120.090402,0,3,RC20,TRUE,Active,Alive,Helicopter
G72D95091,GPUD_Survival,live_release,C,7,Lot 1,11H,153,31.399999618530273,2026-05-10,2026-05-09T16:20:41Z,2026-05-11T15:52:00Z,Rock Island Tailrace,Rock Island Tailrace - CHINOOK,47.341487,-120.090402,0,3,RC20,TRUE,Active,Alive,Helicopter
G725E67ED,GPUD_Survival,live_release,C,8,Lot 1,11H,154,38.5,2026-05-10,2026-05-09T16:21:15Z,2026-05-11T15:52:00Z,Rock Island Tailrace,Rock Island Tailrace - CHINOOK,47.341487,-120.090402,0,3,RC20,TRUE,Active,Alive,Helicopter
G72CE64CC,GPUD_Survival,live_release,C,8,Lot 3,11H,146,28,2026-05-10,2026-05-09T16:33:54Z,2026-05-11T15:52:00Z,Rock Island Tailrace,Rock Island Tailrace - CHINOOK,47.341487,-120.090402,0,3,RC20,TRUE,Active,Alive,Helicopter
G72149407,GPUD_Survival,live_release,C,9,Lot 3,11H,164,41.599998474121094,2026-05-10,2026-05-09T16:34:56Z,2026-05-11T15:52:00Z,Rock Island Tailrace,Rock Island Tailrace - CHINOOK,47.341487,-120.090402,0,3,RC20,TRUE,Active,Alive,Helicopter
G72BC7149,GPUD_Survival,live_release,C,10,Lot 3,11H,124,19.600000381469727,2026-05-10,2026-05-09T16:35:26Z,2026-05-11T15:52:00Z,Rock Island Tailrace,Rock Island Tailrace - CHINOOK,47.341487,-120.090402,0,3,RC20,TRUE,Active,Alive,Helicopter
G722F3F86,GPUD_Survival,live_release,C,10,Lot 1,11H,133,22.5,2026-05-10,2026-05-09T16:35:56Z,2026-05-11T15:52:00Z,Rock Island Tailrace,Rock Island Tailrace - CHINOOK,47.341487,-120.090402,0,3,RC20,TRUE,Active,Alive,Helicopter
G728E4989,GPUD_Survival,live_release,C,11,Lot 3,11H,121,17.899999618530273,2026-05-10,2026-05-09T16:36:23Z,2026-05-11T15:52:00Z,Rock Island Tailrace,Rock Island Tailrace - CHINOOK,47.341487,-120.090402,0,3,RC20,TRUE,Active,Alive,Helicopter
G72568490,GPUD_Survival,live_release,C,11,Lot 2,11W,155,34.29999923706055,2026-05-10,2026-05-09T16:36:45Z,2026-05-11T15:52:00Z,Rock Island Tailrace,Rock Island Tailrace - CHINOOK,47.341487,-120.090402,0,3,RC20,TRUE,Active,Alive,Helicopter
G7289FE56,GPUD_Survival,live_release,C,12,Lot 3,11H,140,24.200000762939453,2026-05-10,2026-05-09T16:37:23Z,2026-05-11T15:52:00Z,Rock Island Tailrace,Rock Island Tailrace - CHINOOK,47.341487,-120.090402,0,3,RC20,TRUE,Active,Alive,Helicopter
G72D4BEEE,GPUD_Survival,live_release,C,12,Lot 1,11H,173,49.599998474121094,2026-05-10,2026-05-09T16:37:46Z,2026-05-11T15:52:00Z,Rock Island Tailrace,Rock Island Tailrace - CHINOOK,47.341487,-120.090402,0,3,RC20,TRUE,Active,Alive,Helicopter
G72408D4A,GPUD_Survival,live_release,C,13,Lot 3,11H,145,31,2026-05-10,2026-05-09T16:38:10Z,2026-05-11T15:52:00Z,Rock Island Tailrace,Rock Island Tailrace - CHINOOK,47.341487,-120.090402,0,3,RC20,TRUE,Active,Alive,Helicopter
G72594442,GPUD_Survival,live_release,C,13,Lot 1,11H,119,16.399999618530273,2026-05-10,2026-05-09T16:38:33Z,2026-05-11T15:52:00Z,Rock Island Tailrace,Rock Island Tailrace - CHINOOK,47.341487,-120.090402,0,3,RC20,TRUE,Active,Alive,Helicopter
G72C9ACAA,GPUD_Survival,live_release,C,14,Lot 3,11H,155,33.599998474121094,2026-05-10,2026-05-09T16:39:03Z,2026-05-11T15:52:00Z,Rock Island Tailrace,Rock Island Tailrace - CHINOOK,47.341487,-120.090402,0,3,RC20,TRUE,Active,Alive,Helicopter
G723B7DAB,GPUD_Survival,live_release,C,14,Lot 2,11H,156,36.20000076293945,2026-05-10,2026-05-09T16:39:29Z,2026-05-11T15:52:00Z,Rock Island Tailrace,Rock Island Tailrace - CHINOOK,47.341487,-120.090402,0,3,RC20,TRUE,Active,Alive,Helicopter
G726210F6,GPUD_Survival,live_release,C,15,Lot 3,11H,128,20.799999237060547,2026-05-10,2026-05-09T16:40:04Z,2026-05-11T15:52:00Z,Rock Island Tailrace,Rock Island Tailrace - CHINOOK,47.341487,-120.090402,0,3,RC20,TRUE,Active,Alive,Helicopter
G72174A1A,GPUD_Survival,live_release,C,15,Lot 2,11W,125,18.799999237060547,2026-05-10,2026-05-09T16:40:29Z,2026-05-11T15:52:00Z,Rock Island Tailrace,Rock Island Tailrace - CHINOOK,47.341487,-120.090402,0,3,RC20,TRUE,Active,Alive,Helicopter
G725528C9,GPUD_Survival,live_release,C,16,Lot 3,11H,179,52.70000076293945,2026-05-10,2026-05-09T16:41:09Z,2026-05-11T15:52:00Z,Rock Island Tailrace,Rock Island Tailrace - CHINOOK,47.341487,-120.090402,0,3,RC20,TRUE,Active,Alive,Helicopter
G72D3284C,GPUD_Survival,live_release,C,16,Lot 1,11H,150,30.5,2026-05-10,2026-05-09T16:44:08Z,2026-05-11T15:52:00Z,Rock Island Tailrace,Rock Island Tailrace - CHINOOK,47.341487,-120.090402,0,3,RC20,TRUE,Active,Alive,Helicopter
G721C66B9,GPUD_Survival,live_release,C,17,Lot 2,11H,140,26.899999618530273,2026-05-10,2026-05-09T16:44:29Z,2026-05-11T15:52:00Z,Rock Island Tailrace,Rock Island Tailrace - CHINOOK,47.341487,-120.090402,0,3,RC20,TRUE,Active,Alive,Helicopter
G72DB9F8B,GPUD_Survival,live_release,C,17,Lot 3,11W,154,35,2026-05-10,2026-05-09T16:44:56Z,2026-05-11T15:52:00Z,Rock Island Tailrace,Rock Island Tailrace - CHINOOK,47.341487,-120.090402,0,3,RC20,TRUE,Active,Alive,Helicopter
G724DC7FB,GPUD_Survival,live_release,C,18,Lot 2,11H,135,24,2026-05-10,2026-05-09T16:45:27Z,2026-05-11T15:52:00Z,Rock Island Tailrace,Rock Island Tailrace - CHINOOK,47.341487,-120.090402,0,3,RC20,TRUE,Active,Alive,Helicopter
G72905B98,GPUD_Survival,live_release,C,18,Lot 2,11H,143,24.700000762939453,2026-05-10,2026-05-09T16:46:25Z,2026-05-11T15:52:00Z,Rock Island Tailrace,Rock Island Tailrace - CHINOOK,47.341487,-120.090402,0,3,RC20,TRUE,Active,Alive,Helicopter
G72D18B90,GPUD_Survival,live_release,C,19,Lot 1,11H,126,19.100000381469727,2026-05-10,2026-05-09T16:47:14Z,2026-05-11T15:52:00Z,Rock Island Tailrace,Rock Island Tailrace - CHINOOK,47.341487,-120.090402,0,3,RC20,TRUE,Active,Alive,Helicopter
G7235CD45,GPUD_Survival,live_release,C,19,Lot 1,11H,155,32.099998474121094,2026-05-10,2026-05-09T16:47:54Z,2026-05-11T15:52:00Z,Rock Island Tailrace,Rock Island Tailrace - CHINOOK,47.341487,-120.090402,0,3,RC20,TRUE,Active,Alive,Helicopter
G72C02A49,GPUD_Survival,live_release,C,20,Lot 1,11H,144,29.200000762939453,2026-05-10,2026-05-09T16:48:19Z,2026-05-11T15:52:00Z,Rock Island Tailrace,Rock Island Tailrace - CHINOOK,47.341487,-120.090402,0,3,RC20,TRUE,Active,Alive,Helicopter
G72EA3651,GPUD_Survival,live_release,C,20,Lot 3,11H,156,32.5,2026-05-10,2026-05-09T16:48:41Z,2026-05-11T15:52:00Z,Rock Island Tailrace,Rock Island Tailrace - CHINOOK,47.341487,-120.090402,0,3,RC20,TRUE,Active,Alive,Helicopter
G72EA252E,GPUD_Survival,live_release,C,21,Lot 3,11H,136,22.100000381469727,2026-05-10,2026-05-09T16:49:07Z,2026-05-11T15:52:00Z,Rock Island Tailrace,Rock Island Tailrace - CHINOOK,47.341487,-120.090402,0,3,RC20,TRUE,Active,Alive,Helicopter
G720D08EB,GPUD_Survival,live_release,C,21,Lot 1,11H,175,46.20000076293945,2026-05-10,2026-05-09T16:49:36Z,2026-05-11T15:52:00Z,Rock Island Tailrace,Rock Island Tailrace - CHINOOK,47.341487,-120.090402,0,3,RC20,TRUE,Active,Alive,Helicopter
G7242B4F9,GPUD_Survival,live_release,C,22,Lot 2,11H,118,14.5,2026-05-10,2026-05-09T16:50:04Z,2026-05-11T15:52:00Z,Rock Island Tailrace,Rock Island Tailrace - CHINOOK,47.341487,-120.090402,0,3,RC20,TRUE,Active,Alive,Helicopter
G72B325EB,GPUD_Survival,live_release,C,67,Lot 1,11H,133,21.899999618530273,2026-05-10,2026-05-09T16:58:35Z,2026-05-11T16:32:00Z,Priest Rapids Tailrace,Priest Rapids Tailrace - CHINOOK,46.632369,-119.895442,0,3,PC17,TRUE,Active,Alive,Helicopter
G72F3A740,GPUD_Survival,live_release,C,67,Lot 1,11W,128,19.600000381469727,2026-05-10,2026-05-09T16:59:21Z,2026-05-11T16:32:00Z,Priest Rapids Tailrace,Priest Rapids Tailrace - CHINOOK,46.632369,-119.895442,0,3,PC17,TRUE,Active,Alive,Helicopter
G720247F4,GPUD_Survival,live_release,C,68,Lot 2,11H,125,19,2026-05-10,2026-05-09T16:59:43Z,2026-05-11T16:32:00Z,Priest Rapids Tailrace,Priest Rapids Tailrace - CHINOOK,46.632369,-119.895442,0,3,PC17,TRUE,Active,Alive,Helicopter
G723A566C,GPUD_Survival,live_release,C,68,Lot 2,11H,143,27.600000381469727,2026-05-10,2026-05-09T17:00:17Z,2026-05-11T16:32:00Z,Priest Rapids Tailrace,Priest Rapids Tailrace - CHINOOK,46.632369,-119.895442,0,3,PC17,TRUE,Active,Alive,Helicopter
G72F137C0,GPUD_Survival,live_release,C,69,Lot 1,11H,125,18.799999237060547,2026-05-10,2026-05-09T17:01:33Z,2026-05-11T16:32:00Z,Priest Rapids Tailrace,Priest Rapids Tailrace - CHINOOK,46.632369,-119.895442,0,3,PC17,TRUE,Active,Alive,Helicopter
G72A5A79D,GPUD_Survival,live_release,C,69,Lot 3,11H,159,40.400001525878906,2026-05-10,2026-05-09T17:02:15Z,2026-05-11T16:32:00Z,Priest Rapids Tailrace,Priest Rapids Tailrace - CHINOOK,46.632369,-119.895442,0,3,PC17,TRUE,Active,Alive,Helicopter
G72B01A41,GPUD_Survival,live_release,C,70,Lot 1,11H,123,18.200000762939453,2026-05-10,2026-05-09T17:02:41Z,2026-05-11T16:32:00Z,Priest Rapids Tailrace,Priest Rapids Tailrace - CHINOOK,46.632369,-119.895442,0,3,PC17,TRUE,Active,Alive,Helicopter
G72DDEE87,GPUD_Survival,live_release,C,70,Lot 1,11H,168,46.20000076293945,2026-05-10,2026-05-09T17:03:16Z,2026-05-11T16:32:00Z,Priest Rapids Tailrace,Priest Rapids Tailrace - CHINOOK,46.632369,-119.895442,0,3,PC17,TRUE,Active,Alive,Helicopter
G72FB3938,GPUD_Survival,live_release,C,71,Lot 1,11H,103,11.5,2026-05-10,2026-05-09T17:04:15Z,2026-05-11T16:32:00Z,Priest Rapids Tailrace,Priest Rapids Tailrace - CHINOOK,46.632369,-119.895442,0,3,PC17,TRUE,Active,Alive,Helicopter
G72F90D76,GPUD_Survival,live_release,C,71,Lot 2,11H,128,18.899999618530273,2026-05-10,2026-05-09T17:05:28Z,2026-05-11T16:32:00Z,Priest Rapids Tailrace,Priest Rapids Tailrace - CHINOOK,46.632369,-119.895442,0,3,PC17,TRUE,Active,Alive,Helicopter
G728603C7,GPUD_Survival,live_release,C,72,Lot 1,11H,133,20.100000381469727,2026-05-10,2026-05-09T17:06:13Z,2026-05-11T16:32:00Z,Priest Rapids Tailrace,Priest Rapids Tailrace - CHINOOK,46.632369,-119.895442,0,3,PC17,TRUE,Active,Alive,Helicopter
G726ACAA9,GPUD_Survival,live_release,C,72,Lot 2,11H,127,20.799999237060547,2026-05-10,2026-05-09T17:06:42Z,2026-05-11T16:32:00Z,Priest Rapids Tailrace,Priest Rapids Tailrace - CHINOOK,46.632369,-119.895442,0,3,PC17,TRUE,Active,Alive,Helicopter
G72451107,GPUD_Survival,live_release,C,73,Lot 2,11H,136,22.700000762939453,2026-05-10,2026-05-09T17:07:31Z,2026-05-11T16:32:00Z,Priest Rapids Tailrace,Priest Rapids Tailrace - CHINOOK,46.632369,-119.895442,0,3,PC17,TRUE,Active,Alive,Helicopter
G725B2BF7,GPUD_Survival,live_release,C,73,Lot 1,11H,125,19.600000381469727,2026-05-10,2026-05-09T17:08:08Z,2026-05-11T16:32:00Z,Priest Rapids Tailrace,Priest Rapids Tailrace - CHINOOK,46.632369,-119.895442,0,3,PC17,TRUE,Active,Alive,Helicopter
G7226FB9F,GPUD_Survival,live_release,C,74,Lot 1,11H,150,32.099998474121094,2026-05-10,2026-05-09T17:09:45Z,2026-05-11T16:32:00Z,Priest Rapids Tailrace,Priest Rapids Tailrace - CHINOOK,46.632369,-119.895442,0,3,PC17,TRUE,Active,Alive,Helicopter
G725228A7,GPUD_Survival,live_release,C,74,Lot 3,11H,125,18.899999618530273,2026-05-10,2026-05-09T17:10:21Z,2026-05-11T16:32:00Z,Priest Rapids Tailrace,Priest Rapids Tailrace - CHINOOK,46.632369,-119.895442,0,3,PC17,TRUE,Active,Alive,Helicopter
G721826C4,GPUD_Survival,live_release,C,75,Lot 1,11H,132,22.799999237060547,2026-05-10,2026-05-09T17:11:49Z,2026-05-11T16:32:00Z,Priest Rapids Tailrace,Priest Rapids Tailrace - CHINOOK,46.632369,-119.895442,0,3,PC17,TRUE,Active,Alive,Helicopter
G7244BE2D,GPUD_Survival,live_release,C,75,Lot 2,11H,146,29.799999237060547,2026-05-10,2026-05-09T17:15:41Z,2026-05-11T16:32:00Z,Priest Rapids Tailrace,Priest Rapids Tailrace - CHINOOK,46.632369,-119.895442,0,3,PC17,TRUE,Active,Alive,Helicopter
G72968887,GPUD_Survival,live_release,C,76,Lot 1,11H,119,15.699999809265137,2026-05-10,2026-05-09T17:16:37Z,2026-05-11T16:32:00Z,Priest Rapids Tailrace,Priest Rapids Tailrace - CHINOOK,46.632369,-119.895442,0,3,PC17,TRUE,Active,Alive,Helicopter
G72D3034F,GPUD_Survival,live_release,C,76,Lot 1,11H,137,22.799999237060547,2026-05-10,2026-05-09T17:17:06Z,2026-05-11T16:32:00Z,Priest Rapids Tailrace,Priest Rapids Tailrace - CHINOOK,46.632369,-119.895442,0,3,PC17,TRUE,Active,Alive,Helicopter
G729BE0A9,GPUD_Survival,live_release,C,77,Lot 1,11H,127,21.200000762939453,2026-05-10,2026-05-09T17:17:53Z,2026-05-11T16:32:00Z,Priest Rapids Tailrace,Priest Rapids Tailrace - CHINOOK,46.632369,-119.895442,0,3,PC17,TRUE,Active,Alive,Helicopter
G72E8A8CE,GPUD_Survival,live_release,C,77,Lot 2,11W,157,36.599998474121094,2026-05-10,2026-05-09T17:18:28Z,2026-05-11T16:32:00Z,Priest Rapids Tailrace,Priest Rapids Tailrace - CHINOOK,46.632369,-119.895442,0,3,PC17,TRUE,Active,Alive,Helicopter
G72929FA2,GPUD_Survival,live_release,C,78,Lot 1,11H,120,17.200000762939453,2026-05-10,2026-05-09T17:25:01Z,2026-05-11T16:32:00Z,Priest Rapids Tailrace,Priest Rapids Tailrace - CHINOOK,46.632369,-119.895442,0,3,PC17,TRUE,Active,Alive,Helicopter
G723D93F7,GPUD_Survival,live_release,C,78,Lot 1,11H,145,25.700000762939453,2026-05-10,2026-05-09T17:25:45Z,2026-05-11T16:32:00Z,Priest Rapids Tailrace,Priest Rapids Tailrace - CHINOOK,46.632369,-119.895442,0,3,PC17,TRUE,Active,Alive,Helicopter
G72318EDA,GPUD_Survival,live_release,C,79,Lot 3,11H,116,14.300000190734863,2026-05-10,2026-05-09T17:26:39Z,2026-05-11T16:32:00Z,Priest Rapids Tailrace,Priest Rapids Tailrace - CHINOOK,46.632369,-119.895442,0,3,PC17,TRUE,Active,Alive,Helicopter
G7269AD1A,GPUD_Survival,live_release,C,79,Lot 2,11H,128,20.700000762939453,2026-05-10,2026-05-09T17:27:08Z,2026-05-11T16:32:00Z,Priest Rapids Tailrace,Priest Rapids Tailrace - CHINOOK,46.632369,-119.895442,0,3,PC17,TRUE,Active,Alive,Helicopter
G72E26DDC,GPUD_Survival,live_release,C,80,Lot 1,11H,189,62.400001525878906,2026-05-10,2026-05-09T17:27:46Z,2026-05-11T16:32:00Z,Priest Rapids Tailrace,Priest Rapids Tailrace - CHINOOK,46.632369,-119.895442,0,3,PC17,TRUE,Active,Alive,Helicopter
G727314BF,GPUD_Survival,dead_release,C,81,Lot 1,11H,161,42.20000076293945,2026-05-10,2026-05-09T17:28:23Z,2026-05-11T16:32:00Z,Priest Rapids Tailrace,Priest Rapids Tailrace - CHINOOK,46.632369,-119.895442,1,3,PC17,FALSE,Active,Euthanized,Helicopter
G72707BCE,GPUD_Survival,dead_release,C,81,Lot 2,11H,153,33.29999923706055,2026-05-10,2026-05-09T17:33:47Z,2026-05-11T16:32:00Z,Priest Rapids Tailrace,Priest Rapids Tailrace - CHINOOK,46.632369,-119.895442,1,3,PC17,FALSE,Active,Euthanized,Helicopter
G7239F696,GPUD_Survival,live_release,C,82,Lot 2,11H,125,17,2026-05-10,2026-05-09T17:34:26Z,2026-05-11T16:32:00Z,Priest Rapids Tailrace,Priest Rapids Tailrace - CHINOOK,46.632369,-119.895442,0,3,PC17,TRUE,Active,Alive,Helicopter
G7252509D,GPUD_Survival,live_release,C,82,Lot 3,11H,120,17.100000381469727,2026-05-10,2026-05-09T17:38:46Z,2026-05-11T16:32:00Z,Priest Rapids Tailrace,Priest Rapids Tailrace - CHINOOK,46.632369,-119.895442,0,3,PC17,TRUE,Active,Alive,Helicopter
G72C00988,GPUD_Survival,live_release,C,83,Lot 1,11H,160,37.70000076293945,2026-05-10,2026-05-09T17:39:36Z,2026-05-11T16:32:00Z,Priest Rapids Tailrace,Priest Rapids Tailrace - CHINOOK,46.632369,-119.895442,0,3,PC17,TRUE,Active,Alive,Helicopter
G724EDB90,GPUD_Survival,live_release,C,83,Lot 3,11H,153,34.5,2026-05-10,2026-05-09T17:40:03Z,2026-05-11T16:32:00Z,Priest Rapids Tailrace,Priest Rapids Tailrace - CHINOOK,46.632369,-119.895442,0,3,PC17,TRUE,Active,Alive,Helicopter
G725C5E5E,GPUD_Survival,live_release,C,84,Lot 1,11H,156,37.400001525878906,2026-05-10,2026-05-09T17:40:32Z,2026-05-11T16:32:00Z,Priest Rapids Tailrace,Priest Rapids Tailrace - CHINOOK,46.632369,-119.895442,0,3,PC17,TRUE,Active,Alive,Helicopter
G72DEC82C,GPUD_Survival,live_release,C,84,Lot 3,11H,118,16,2026-05-10,2026-05-09T17:40:59Z,2026-05-11T16:32:00Z,Priest Rapids Tailrace,Priest Rapids Tailrace - CHINOOK,46.632369,-119.895442,0,3,PC17,TRUE,Active,Alive,Helicopter
G7203FD7C,GPUD_Survival,live_release,B,34,Lot 2,31W,171,41,2026-05-10,2026-05-09T17:46:13Z,2026-05-11T15:52:00Z,Rock Island Tailrace,Rock Island Tailrace - STEELHEAD,47.341487,-120.090402,0,3,RI15,TRUE,Active,Alive,Helicopter
G720753F7,GPUD_Survival,live_release,B,34,Lot 2,31H,196,70.19999694824219,2026-05-10,2026-05-09T17:46:35Z,2026-05-11T15:52:00Z,Rock Island Tailrace,Rock Island Tailrace - STEELHEAD,47.341487,-120.090402,0,3,RI15,TRUE,Active,Alive,Helicopter
G724DC126,GPUD_Survival,live_release,B,35,Lot 2,31H,160,38.20000076293945,2026-05-10,2026-05-09T17:47:00Z,2026-05-11T15:52:00Z,Rock Island Tailrace,Rock Island Tailrace - STEELHEAD,47.341487,-120.090402,0,3,RI15,TRUE,Active,Alive,Helicopter
G72AA7430,GPUD_Survival,live_release,B,35,Lot 3,31W,165,38.29999923706055,2026-05-10,2026-05-09T17:47:35Z,2026-05-11T15:52:00Z,Rock Island Tailrace,Rock Island Tailrace - STEELHEAD,47.341487,-120.090402,0,3,RI15,TRUE,Active,Alive,Helicopter
G72E11AF2,GPUD_Survival,live_release,B,36,Lot 1,31W,151,32.29999923706055,2026-05-10,2026-05-09T17:48:02Z,2026-05-11T15:52:00Z,Rock Island Tailrace,Rock Island Tailrace - STEELHEAD,47.341487,-120.090402,0,3,RI15,TRUE,Active,Alive,Helicopter
G727ADD5B,GPUD_Survival,live_release,B,36,Lot 2,31H,189,59.29999923706055,2026-05-10,2026-05-09T17:48:31Z,2026-05-11T15:52:00Z,Rock Island Tailrace,Rock Island Tailrace - STEELHEAD,47.341487,-120.090402,0,3,RI15,TRUE,Active,Alive,Helicopter
G72D0812A,GPUD_Survival,live_release,B,37,Lot 1,31H,194,66.19999694824219,2026-05-10,2026-05-09T17:49:05Z,2026-05-11T15:52:00Z,Rock Island Tailrace,Rock Island Tailrace - STEELHEAD,47.341487,-120.090402,0,3,RI15,TRUE,Active,Alive,Helicopter
G724EA9D4,GPUD_Survival,live_release,B,38,Lot 2,31H,210,82.5999984741211,2026-05-10,2026-05-09T17:49:49Z,2026-05-11T15:52:00Z,Rock Island Tailrace,Rock Island Tailrace - STEELHEAD,47.341487,-120.090402,0,3,RI15,TRUE,Active,Alive,Helicopter
G728E7AD5,GPUD_Survival,live_release,B,38,Lot 3,31W,164,38,2026-05-10,2026-05-09T17:50:14Z,2026-05-11T15:52:00Z,Rock Island Tailrace,Rock Island Tailrace - STEELHEAD,47.341487,-120.090402,0,3,RI15,TRUE,Active,Alive,Helicopter
G7253D949,GPUD_Survival,live_release,B,39,Lot 1,31H,150,29.700000762939453,2026-05-10,2026-05-09T17:50:36Z,2026-05-11T15:52:00Z,Rock Island Tailrace,Rock Island Tailrace - STEELHEAD,47.341487,-120.090402,0,3,RI15,TRUE,Active,Alive,Helicopter
G725A9C82,GPUD_Survival,live_release,B,39,Lot 1,31H,197,69.0999984741211,2026-05-10,2026-05-09T17:51:00Z,2026-05-11T15:52:00Z,Rock Island Tailrace,Rock Island Tailrace - STEELHEAD,47.341487,-120.090402,0,3,RI15,TRUE,Active,Alive,Helicopter
G729CE0C7,GPUD_Survival,live_release,B,40,Lot 2,31H,163,40.20000076293945,2026-05-10,2026-05-09T17:51:50Z,2026-05-11T15:52:00Z,Rock Island Tailrace,Rock Island Tailrace - STEELHEAD,47.341487,-120.090402,0,3,RI15,TRUE,Active,Alive,Helicopter
G72924928,GPUD_Survival,live_release,B,40,Lot 1,31W,171,43.900001525878906,2026-05-10,2026-05-09T17:52:28Z,2026-05-11T15:52:00Z,Rock Island Tailrace,Rock Island Tailrace - STEELHEAD,47.341487,-120.090402,0,3,RI15,TRUE,Active,Alive,Helicopter
G72DE67C2,GPUD_Survival,live_release,B,41,Lot 1,31H,167,40.70000076293945,2026-05-10,2026-05-09T17:52:50Z,2026-05-11T15:52:00Z,Rock Island Tailrace,Rock Island Tailrace - STEELHEAD,47.341487,-120.090402,0,3,RI15,TRUE,Active,Alive,Helicopter
G7228C600,GPUD_Survival,live_release,B,42,Lot 3,31W,180,51.70000076293945,2026-05-10,2026-05-09T17:53:18Z,2026-05-11T15:52:00Z,Rock Island Tailrace,Rock Island Tailrace - STEELHEAD,47.341487,-120.090402,0,3,RI15,TRUE,Active,Alive,Helicopter
G725907E6,GPUD_Survival,live_release,B,42,Lot 2,31H,192,58.900001525878906,2026-05-10,2026-05-09T17:54:06Z,2026-05-11T15:52:00Z,Rock Island Tailrace,Rock Island Tailrace - STEELHEAD,47.341487,-120.090402,0,3,RI15,TRUE,Active,Alive,Helicopter
G720A5641,GPUD_Survival,live_release,B,43,Lot 3,31H,199,64.19999694824219,2026-05-10,2026-05-09T17:55:48Z,2026-05-11T15:52:00Z,Rock Island Tailrace,Rock Island Tailrace - STEELHEAD,47.341487,-120.090402,0,3,RI15,TRUE,Active,Alive,Helicopter
G72C4D39A,GPUD_Survival,live_release,B,43,Lot 1,31H,182,56.29999923706055,2026-05-10,2026-05-09T17:56:12Z,2026-05-11T15:52:00Z,Rock Island Tailrace,Rock Island Tailrace - STEELHEAD,47.341487,-120.090402,0,3,RI15,TRUE,Active,Alive,Helicopter
G72CD24DF,GPUD_Survival,live_release,B,44,Lot 1,31H,157,32.900001525878906,2026-05-10,2026-05-09T17:56:41Z,2026-05-11T15:52:00Z,Rock Island Tailrace,Rock Island Tailrace - STEELHEAD,47.341487,-120.090402,0,3,RI15,TRUE,Active,Alive,Helicopter
G7238C50E,GPUD_Survival,live_release,B,44,Lot 2,31W,151,29.5,2026-05-10,2026-05-09T17:57:08Z,2026-05-11T15:52:00Z,Rock Island Tailrace,Rock Island Tailrace - STEELHEAD,47.341487,-120.090402,0,3,RI15,TRUE,Active,Alive,Helicopter
G7228EFBF,GPUD_Survival,live_release,B,45,Lot 2,31H,180,54.29999923706055,2026-05-10,2026-05-09T17:57:33Z,2026-05-11T15:52:00Z,Rock Island Tailrace,Rock Island Tailrace - STEELHEAD,47.341487,-120.090402,0,3,RI15,TRUE,Active,Alive,Helicopter
G72583F5E,GPUD_Survival,live_release,B,45,Lot 2,31H,176,50.70000076293945,2026-05-10,2026-05-09T17:57:57Z,2026-05-11T15:52:00Z,Rock Island Tailrace,Rock Island Tailrace - STEELHEAD,47.341487,-120.090402,0,3,RI15,TRUE,Active,Alive,Helicopter
G723AD9A1,GPUD_Survival,live_release,B,46,Lot 2,31H,180,51.900001525878906,2026-05-10,2026-05-09T17:58:23Z,2026-05-11T15:52:00Z,Rock Island Tailrace,Rock Island Tailrace - STEELHEAD,47.341487,-120.090402,0,3,RI15,TRUE,Active,Alive,Helicopter
G72A74B46,GPUD_Survival,live_release,B,46,Lot 3,31H,184,56.599998474121094,2026-05-10,2026-05-09T17:58:45Z,2026-05-11T15:52:00Z,Rock Island Tailrace,Rock Island Tailrace - STEELHEAD,47.341487,-120.090402,0,3,RI15,TRUE,Active,Alive,Helicopter
G72963A09,GPUD_Survival,live_release,B,47,Lot 1,31W,166,41.400001525878906,2026-05-10,2026-05-09T18:07:46Z,2026-05-11T15:52:00Z,Rock Island Tailrace,Rock Island Tailrace - STEELHEAD,47.341487,-120.090402,0,3,RI15,TRUE,Active,Alive,Helicopter
G7298EFBD,GPUD_Survival,live_release,B,47,Lot 1,31H,197,68.80000305175781,2026-05-10,2026-05-09T18:08:38Z,2026-05-11T15:52:00Z,Rock Island Tailrace,Rock Island Tailrace - STEELHEAD,47.341487,-120.090402,0,3,RI15,TRUE,Active,Alive,Helicopter
G7281A826,GPUD_Survival,live_release,B,48,Lot 1,31H,165,39.70000076293945,2026-05-10,2026-05-09T18:09:04Z,2026-05-11T15:52:00Z,Rock Island Tailrace,Rock Island Tailrace - STEELHEAD,47.341487,-120.090402,0,3,RI15,TRUE,Active,Alive,Helicopter
G720FA98B,GPUD_Survival,live_release,B,48,Lot 3,31H,201,73.5999984741211,2026-05-10,2026-05-09T18:09:27Z,2026-05-11T15:52:00Z,Rock Island Tailrace,Rock Island Tailrace - STEELHEAD,47.341487,-120.090402,0,3,RI15,TRUE,Active,Alive,Helicopter
G72E3BACC,GPUD_Survival,live_release,B,50,Lot 1,31W,160,33.099998474121094,2026-05-10,2026-05-09T18:10:17Z,2026-05-11T15:52:00Z,Rock Island Tailrace,Rock Island Tailrace - STEELHEAD,47.341487,-120.090402,0,3,RI15,TRUE,Active,Alive,Helicopter
G72F32E50,GPUD_Survival,live_release,B,50,Lot 1,31W,159,58.099998474121094,2026-05-10,2026-05-09T18:10:44Z,2026-05-11T15:52:00Z,Rock Island Tailrace,Rock Island Tailrace - STEELHEAD,47.341487,-120.090402,0,3,RI15,TRUE,Active,Alive,Helicopter
G722D65B2,GPUD_Survival,live_release,B,49,Lot 1,31H,156,32.29999923706055,2026-05-10,2026-05-09T18:11:23Z,2026-05-11T15:52:00Z,Rock Island Tailrace,Rock Island Tailrace - STEELHEAD,47.341487,-120.090402,0,3,RI15,TRUE,Active,Alive,Helicopter
G720B8DF2,GPUD_Survival,live_release,B,49,Lot 3,31W,170,43.900001525878906,2026-05-10,2026-05-09T18:12:31Z,2026-05-11T15:52:00Z,Rock Island Tailrace,Rock Island Tailrace - STEELHEAD,47.341487,-120.090402,0,3,RI15,TRUE,Active,Alive,Helicopter
G7227C279,GPUD_Survival,live_release,B,52,Lot 1,31H,172,44.099998474121094,2026-05-10,2026-05-09T18:12:54Z,2026-05-11T15:52:00Z,Rock Island Tailrace,Rock Island Tailrace - STEELHEAD,47.341487,-120.090402,0,3,RI15,TRUE,Active,Alive,Helicopter
G720BFBD7,GPUD_Survival,live_release,B,52,Lot 3,31W,167,42.900001525878906,2026-05-10,2026-05-09T18:13:18Z,2026-05-11T15:52:00Z,Rock Island Tailrace,Rock Island Tailrace - STEELHEAD,47.341487,-120.090402,0,3,RI15,TRUE,Active,Alive,Helicopter
G7296D222,GPUD_Survival,live_release,B,51,Lot 1,31W,165,40.900001525878906,2026-05-10,2026-05-09T18:13:43Z,2026-05-11T15:52:00Z,Rock Island Tailrace,Rock Island Tailrace - STEELHEAD,47.341487,-120.090402,0,3,RI15,TRUE,Active,Alive,Helicopter
G72C49160,GPUD_Survival,live_release,B,51,Lot 2,31W,184,58.29999923706055,2026-05-10,2026-05-09T18:14:07Z,2026-05-11T15:52:00Z,Rock Island Tailrace,Rock Island Tailrace - STEELHEAD,47.341487,-120.090402,0,3,RI15,TRUE,Active,Alive,Helicopter
G728A8639,GPUD_Survival,live_release,B,53,Lot 3,31H,140,25.600000381469727,2026-05-10,2026-05-09T18:14:35Z,2026-05-11T15:52:00Z,Rock Island Tailrace,Rock Island Tailrace - STEELHEAD,47.341487,-120.090402,0,3,RI15,TRUE,Active,Alive,Helicopter
G72F933D7,GPUD_Survival,live_release,B,53,Lot 1,31W,150,31,2026-05-10,2026-05-09T18:15:04Z,2026-05-11T15:52:00Z,Rock Island Tailrace,Rock Island Tailrace - STEELHEAD,47.341487,-120.090402,0,3,RI15,TRUE,Active,Alive,Helicopter
G72534C67,GPUD_Survival,live_release,B,54,Lot 1,31H,156,35.5,2026-05-10,2026-05-09T18:15:31Z,2026-05-11T15:52:00Z,Rock Island Tailrace,Rock Island Tailrace - STEELHEAD,47.341487,-120.090402,0,3,RI15,TRUE,Active,Alive,Helicopter
G72EFD1C4,GPUD_Survival,live_release,B,54,Lot 3,31W,140,24.5,2026-05-10,2026-05-09T18:16:03Z,2026-05-11T15:52:00Z,Rock Island Tailrace,Rock Island Tailrace - STEELHEAD,47.341487,-120.090402,0,3,RI15,TRUE,Active,Alive,Helicopter
G7257B1D5,GPUD_Survival,live_release,B,55,Lot 3,31H,170,41.5,2026-05-10,2026-05-09T18:16:56Z,2026-05-11T15:52:00Z,Rock Island Tailrace,Rock Island Tailrace - STEELHEAD,47.341487,-120.090402,0,3,RI15,TRUE,Active,Alive,Helicopter
G72CC9116,GPUD_Survival,live_release,B,55,Lot 2,31H,154,30.200000762939453,2026-05-10,2026-05-09T18:17:36Z,2026-05-11T15:52:00Z,Rock Island Tailrace,Rock Island Tailrace - STEELHEAD,47.341487,-120.090402,0,3,RI15,TRUE,Active,Alive,Helicopter
G72DCAE05,GPUD_Survival,live_release,B,100,Lot 3,31H,193,67.4000015258789,2026-05-10,2026-05-09T18:24:44Z,2026-05-11T16:32:00Z,Priest Rapids Tailrace,Priest Rapids Tailrace - STEELHEAD,46.632369,-119.895442,0,3,PR12,TRUE,Active,Alive,Helicopter
G72A7D7F4,GPUD_Survival,live_release,B,100,Lot 3,31H,191,61.79999923706055,2026-05-10,2026-05-09T18:25:07Z,2026-05-11T16:32:00Z,Priest Rapids Tailrace,Priest Rapids Tailrace - STEELHEAD,46.632369,-119.895442,0,3,PR12,TRUE,Active,Alive,Helicopter
G72A422EA,GPUD_Survival,live_release,B,101,Lot 3,31H,180,48.79999923706055,2026-05-10,2026-05-09T18:25:27Z,2026-05-11T16:32:00Z,Priest Rapids Tailrace,Priest Rapids Tailrace - STEELHEAD,46.632369,-119.895442,0,3,PR12,TRUE,Active,Alive,Helicopter
G723EE73B,GPUD_Survival,live_release,B,101,Lot 2,31W,201,69.4000015258789,2026-05-10,2026-05-09T18:25:53Z,2026-05-11T16:32:00Z,Priest Rapids Tailrace,Priest Rapids Tailrace - STEELHEAD,46.632369,-119.895442,0,3,PR12,TRUE,Active,Alive,Helicopter
G7290149F,GPUD_Survival,live_release,B,102,Lot 3,31W,149,30.299999237060547,2026-05-10,2026-05-09T18:26:16Z,2026-05-11T16:32:00Z,Priest Rapids Tailrace,Priest Rapids Tailrace - STEELHEAD,46.632369,-119.895442,0,3,PR12,TRUE,Active,Alive,Helicopter
G72D8E9FB,GPUD_Survival,live_release,B,102,Lot 1,31H,210,83.69999694824219,2026-05-10,2026-05-09T18:27:00Z,2026-05-11T16:32:00Z,Priest Rapids Tailrace,Priest Rapids Tailrace - STEELHEAD,46.632369,-119.895442,0,3,PR12,TRUE,Active,Alive,Helicopter
G72A6665C,GPUD_Survival,live_release,B,103,Lot 3,31W,190,61.400001525878906,2026-05-10,2026-05-09T18:27:23Z,2026-05-11T16:32:00Z,Priest Rapids Tailrace,Priest Rapids Tailrace - STEELHEAD,46.632369,-119.895442,0,3,PR12,TRUE,Active,Alive,Helicopter
G72F8E599,GPUD_Survival,live_release,B,103,Lot 2,31H,180,54.79999923706055,2026-05-10,2026-05-09T18:28:01Z,2026-05-11T16:32:00Z,Priest Rapids Tailrace,Priest Rapids Tailrace - STEELHEAD,46.632369,-119.895442,0,3,PR12,TRUE,Active,Alive,Helicopter
G728B0930,GPUD_Survival,live_release,B,107,Lot 1,31H,185,56.900001525878906,2026-05-10,2026-05-09T18:28:36Z,2026-05-11T16:32:00Z,Priest Rapids Tailrace,Priest Rapids Tailrace - STEELHEAD,46.632369,-119.895442,0,3,PR12,TRUE,Active,Alive,Helicopter
G72A35322,GPUD_Survival,live_release,B,104,Lot 2,31H,201,78.5999984741211,2026-05-10,2026-05-09T18:29:13Z,2026-05-11T16:32:00Z,Priest Rapids Tailrace,Priest Rapids Tailrace - STEELHEAD,46.632369,-119.895442,0,3,PR12,TRUE,Active,Alive,Helicopter
G725FB31F,GPUD_Survival,live_release,B,104,Lot 3,31H,204,78.5,2026-05-10,2026-05-09T18:29:42Z,2026-05-11T16:32:00Z,Priest Rapids Tailrace,Priest Rapids Tailrace - STEELHEAD,46.632369,-119.895442,0,3,PR12,TRUE,Active,Alive,Helicopter
G72609D16,GPUD_Survival,live_release,B,105,Lot 3,31W,186,57.599998474121094,2026-05-10,2026-05-09T18:30:06Z,2026-05-11T16:32:00Z,Priest Rapids Tailrace,Priest Rapids Tailrace - STEELHEAD,46.632369,-119.895442,0,3,PR12,TRUE,Active,Alive,Helicopter
G729BBD8F,GPUD_Survival,live_release,B,105,Lot 3,31W,163,38.099998474121094,2026-05-10,2026-05-09T18:30:29Z,2026-05-11T16:32:00Z,Priest Rapids Tailrace,Priest Rapids Tailrace - STEELHEAD,46.632369,-119.895442,0,3,PR12,TRUE,Active,Alive,Helicopter
G72705C6E,GPUD_Survival,live_release,B,106,Lot 2,31H,132,23.799999237060547,2026-05-10,2026-05-09T18:31:12Z,2026-05-11T16:32:00Z,Priest Rapids Tailrace,Priest Rapids Tailrace - STEELHEAD,46.632369,-119.895442,0,3,PR12,TRUE,Active,Alive,Helicopter
G72245702,GPUD_Survival,live_release,B,106,Lot 2,31H,196,70.5999984741211,2026-05-10,2026-05-09T18:32:10Z,2026-05-11T16:32:00Z,Priest Rapids Tailrace,Priest Rapids Tailrace - STEELHEAD,46.632369,-119.895442,0,3,PR12,TRUE,Active,Alive,Helicopter
G72A41A96,GPUD_Survival,live_release,B,107,Lot 3,31H,183,49.5,2026-05-10,2026-05-09T18:33:26Z,2026-05-11T16:32:00Z,Priest Rapids Tailrace,Priest Rapids Tailrace - STEELHEAD,46.632369,-119.895442,0,3,PR12,TRUE,Active,Alive,Helicopter
G724500C4,GPUD_Survival,dead_release,B,108,Lot 2,31H,148,28.399999618530273,2026-05-10,2026-05-09T18:35:30Z,2026-05-11T16:32:00Z,Priest Rapids Tailrace,Priest Rapids Tailrace - STEELHEAD,46.632369,-119.895442,1,3,PR12,FALSE,Active,Euthanized,Helicopter
G729F0544,GPUD_Survival,dead_release,B,108,Lot 3,31H,181,47.900001525878906,2026-05-10,2026-05-09T18:36:28Z,2026-05-11T16:32:00Z,Priest Rapids Tailrace,Priest Rapids Tailrace - STEELHEAD,46.632369,-119.895442,1,3,PR12,FALSE,Active,Euthanized,Helicopter
G72E28AB6,GPUD_Survival,live_release,B,109,Lot 1,31W,196,64.80000305175781,2026-05-10,2026-05-09T18:37:14Z,2026-05-11T16:32:00Z,Priest Rapids Tailrace,Priest Rapids Tailrace - STEELHEAD,46.632369,-119.895442,0,3,PR12,TRUE,Active,Alive,Helicopter
G7288B957,GPUD_Survival,live_release,B,109,Lot 2,31H,177,47.79999923706055,2026-05-10,2026-05-09T18:38:02Z,2026-05-11T16:32:00Z,Priest Rapids Tailrace,Priest Rapids Tailrace - STEELHEAD,46.632369,-119.895442,0,3,PR12,TRUE,Active,Alive,Helicopter
G7211853B,GPUD_Survival,live_release,B,110,Lot 3,31H,145,25.399999618530273,2026-05-10,2026-05-09T18:38:41Z,2026-05-11T16:32:00Z,Priest Rapids Tailrace,Priest Rapids Tailrace - STEELHEAD,46.632369,-119.895442,0,3,PR12,TRUE,Active,Alive,Helicopter
G72F94F8C,GPUD_Survival,live_release,B,110,Lot 2,31H,191,55.20000076293945,2026-05-10,2026-05-09T18:41:24Z,2026-05-11T16:32:00Z,Priest Rapids Tailrace,Priest Rapids Tailrace - STEELHEAD,46.632369,-119.895442,0,3,PR12,TRUE,Active,Alive,Helicopter
G727117CC,GPUD_Survival,live_release,B,111,Lot 2,31H,210,77.19999694824219,2026-05-10,2026-05-09T18:41:45Z,2026-05-11T16:32:00Z,Priest Rapids Tailrace,Priest Rapids Tailrace - STEELHEAD,46.632369,-119.895442,0,3,PR12,TRUE,Active,Alive,Helicopter
G72C0FF21,GPUD_Survival,live_release,B,111,Lot 2,31H,172,44,2026-05-10,2026-05-09T18:42:08Z,2026-05-11T16:32:00Z,Priest Rapids Tailrace,Priest Rapids Tailrace - STEELHEAD,46.632369,-119.895442,0,3,PR12,TRUE,Active,Alive,Helicopter
G72D10503,GPUD_Survival,live_release,B,112,Lot 1,31W,205,74.80000305175781,2026-05-10,2026-05-09T18:42:36Z,2026-05-11T16:32:00Z,Priest Rapids Tailrace,Priest Rapids Tailrace - STEELHEAD,46.632369,-119.895442,0,3,PR12,TRUE,Active,Alive,Helicopter
G7291F26F,GPUD_Survival,live_release,B,113,Lot 1,31W,160,37.20000076293945,2026-05-10,2026-05-09T18:43:26Z,2026-05-11T16:32:00Z,Priest Rapids Tailrace,Priest Rapids Tailrace - STEELHEAD,46.632369,-119.895442,0,3,PR12,TRUE,Active,Alive,Helicopter
G72BFBBA8,GPUD_Survival,live_release,B,113,Lot 1,31W,140,25.100000381469727,2026-05-10,2026-05-09T18:43:50Z,2026-05-11T16:32:00Z,Priest Rapids Tailrace,Priest Rapids Tailrace - STEELHEAD,46.632369,-119.895442,0,3,PR12,TRUE,Active,Alive,Helicopter
G7252E672,GPUD_Survival,live_release,B,114,Lot 3,31W,152,32.400001525878906,2026-05-10,2026-05-09T18:44:18Z,2026-05-11T16:32:00Z,Priest Rapids Tailrace,Priest Rapids Tailrace - STEELHEAD,46.632369,-119.895442,0,3,PR12,TRUE,Active,Alive,Helicopter
G7231FA43,GPUD_Survival,live_release,B,114,Lot 2,31H,160,35.29999923706055,2026-05-10,2026-05-09T18:44:46Z,2026-05-11T16:32:00Z,Priest Rapids Tailrace,Priest Rapids Tailrace - STEELHEAD,46.632369,-119.895442,0,3,PR12,TRUE,Active,Alive,Helicopter
G72163567,GPUD_Survival,live_release,B,115,Lot 3,31H,147,27.100000381469727,2026-05-10,2026-05-09T18:45:24Z,2026-05-11T16:32:00Z,Priest Rapids Tailrace,Priest Rapids Tailrace - STEELHEAD,46.632369,-119.895442,0,3,PR12,TRUE,Active,Alive,Helicopter
G72428519,GPUD_Survival,live_release,B,115,Lot 2,31W,160,37.70000076293945,2026-05-10,2026-05-09T18:45:50Z,2026-05-11T16:32:00Z,Priest Rapids Tailrace,Priest Rapids Tailrace - STEELHEAD,46.632369,-119.895442,0,3,PR12,TRUE,Active,Alive,Helicopter
G72A57049,GPUD_Survival,live_release,B,116,Lot 3,31W,169,37.79999923706055,2026-05-10,2026-05-09T18:46:38Z,2026-05-11T16:32:00Z,Priest Rapids Tailrace,Priest Rapids Tailrace - STEELHEAD,46.632369,-119.895442,0,3,PR12,TRUE,Active,Alive,Helicopter
G72887B21,GPUD_Survival,live_release,B,116,Lot 2,31H,204,59.70000076293945,2026-05-10,2026-05-09T18:47:06Z,2026-05-11T16:32:00Z,Priest Rapids Tailrace,Priest Rapids Tailrace - STEELHEAD,46.632369,-119.895442,0,3,PR12,TRUE,Active,Alive,Helicopter
G7269E1FF,GPUD_Survival,live_release,B,117,Lot 2,31H,175,42.20000076293945,2026-05-10,2026-05-09T18:47:50Z,2026-05-11T16:32:00Z,Priest Rapids Tailrace,Priest Rapids Tailrace - STEELHEAD,46.632369,-119.895442,0,3,PR12,TRUE,Active,Alive,Helicopter
G72446B45,GPUD_Survival,live_release,B,117,Lot 2,31W,177,49.79999923706055,2026-05-10,2026-05-09T18:48:35Z,2026-05-11T16:32:00Z,Priest Rapids Tailrace,Priest Rapids Tailrace - STEELHEAD,46.632369,-119.895442,0,3,PR12,TRUE,Active,Alive,Helicopter
G726B0945,GPUD_Survival,live_release,B,118,Lot 2,31W,166,40,2026-05-10,2026-05-09T18:49:22Z,2026-05-11T16:32:00Z,Priest Rapids Tailrace,Priest Rapids Tailrace - STEELHEAD,46.632369,-119.895442,0,3,PR12,TRUE,Active,Alive,Helicopter
G72AF14AA,GPUD_Survival,live_release,B,0,Lot 3,31H,147,27.600000381469727,2026-05-10,2026-05-09T18:50:02Z,2026-05-11T16:32:00Z,Priest Rapids Tailrace,Priest Rapids Tailrace - STEELHEAD,46.632369,-119.895442,0,3,PR12,TRUE,Active,Alive,Helicopter
G729B4CA5,GPUD_Survival,live_release,C,1,Lot 3,11H,135,20.600000381469727,2026-05-11,2026-05-10T15:30:08Z,2026-05-12T15:36:00Z,Rock Island Tailrace,Rock Island Tailrace - CHINOOK,47.341487,-120.090402,0,3,RC21,TRUE,Active,Alive,Helicopter
G72005D86,GPUD_Survival,live_release,C,1,Lot 2,11W,139,23.299999237060547,2026-05-11,2026-05-10T15:30:57Z,2026-05-12T15:36:00Z,Rock Island Tailrace,Rock Island Tailrace - CHINOOK,47.341487,-120.090402,0,3,RC21,TRUE,Active,Alive,Helicopter
G72A4EBBC,GPUD_Survival,live_release,C,2,Lot 3,11H,115,14,2026-05-11,2026-05-10T15:31:37Z,2026-05-12T15:36:00Z,Rock Island Tailrace,Rock Island Tailrace - CHINOOK,47.341487,-120.090402,0,3,RC21,TRUE,Active,Alive,Helicopter
G7281EFE3,GPUD_Survival,live_release,C,2,Lot 2,11H,134,21.700000762939453,2026-05-11,2026-05-10T15:32:15Z,2026-05-12T15:36:00Z,Rock Island Tailrace,Rock Island Tailrace - CHINOOK,47.341487,-120.090402,0,3,RC21,TRUE,Active,Alive,Helicopter
G72FB2167,GPUD_Survival,live_release,C,3,Lot 1,11H,125,20.899999618530273,2026-05-11,2026-05-10T15:32:38Z,2026-05-12T15:36:00Z,Rock Island Tailrace,Rock Island Tailrace - CHINOOK,47.341487,-120.090402,0,3,RC21,TRUE,Active,Alive,Helicopter
G7205363C,GPUD_Survival,live_release,C,3,Lot 1,11H,126,18.5,2026-05-11,2026-05-10T15:32:59Z,2026-05-12T15:36:00Z,Rock Island Tailrace,Rock Island Tailrace - CHINOOK,47.341487,-120.090402,0,3,RC21,TRUE,Active,Alive,Helicopter
G72119644,GPUD_Survival,live_release,C,4,Lot 3,11H,149,30.600000381469727,2026-05-11,2026-05-10T15:33:23Z,2026-05-12T15:36:00Z,Rock Island Tailrace,Rock Island Tailrace - CHINOOK,47.341487,-120.090402,0,3,RC21,TRUE,Active,Alive,Helicopter
G72360027,GPUD_Survival,live_release,C,4,Lot 1,11W,145,26.700000762939453,2026-05-11,2026-05-10T15:34:32Z,2026-05-12T15:36:00Z,Rock Island Tailrace,Rock Island Tailrace - CHINOOK,47.341487,-120.090402,0,3,RC21,TRUE,Active,Alive,Helicopter
G72E2A309,GPUD_Survival,live_release,C,5,Lot 2,11H,165,36.099998474121094,2026-05-11,2026-05-10T15:35:23Z,2026-05-12T15:36:00Z,Rock Island Tailrace,Rock Island Tailrace - CHINOOK,47.341487,-120.090402,0,3,RC21,TRUE,Active,Alive,Helicopter
G72059A30,GPUD_Survival,live_release,C,5,Lot 2,11H,124,17,2026-05-11,2026-05-10T15:35:44Z,2026-05-12T15:36:00Z,Rock Island Tailrace,Rock Island Tailrace - CHINOOK,47.341487,-120.090402,0,3,RC21,TRUE,Active,Alive,Helicopter
G7288EA6E,GPUD_Survival,live_release,C,6,Lot 1,11H,139,23.799999237060547,2026-05-11,2026-05-10T15:36:05Z,2026-05-12T15:36:00Z,Rock Island Tailrace,Rock Island Tailrace - CHINOOK,47.341487,-120.090402,0,3,RC21,TRUE,Active,Alive,Helicopter
G722C4A14,GPUD_Survival,live_release,C,6,Lot 2,11H,139,25.200000762939453,2026-05-11,2026-05-10T15:36:38Z,2026-05-12T15:36:00Z,Rock Island Tailrace,Rock Island Tailrace - CHINOOK,47.341487,-120.090402,0,3,RC21,TRUE,Active,Alive,Helicopter
G723998EC,GPUD_Survival,live_release,C,7,Lot 2,11H,125,18.899999618530273,2026-05-11,2026-05-10T15:37:08Z,2026-05-12T15:36:00Z,Rock Island Tailrace,Rock Island Tailrace - CHINOOK,47.341487,-120.090402,0,3,RC21,TRUE,Active,Alive,Helicopter
G72A94878,GPUD_Survival,live_release,C,7,Lot 2,11W,150,33.70000076293945,2026-05-11,2026-05-10T15:37:56Z,2026-05-12T15:36:00Z,Rock Island Tailrace,Rock Island Tailrace - CHINOOK,47.341487,-120.090402,0,3,RC21,TRUE,Active,Alive,Helicopter
G72B1709E,GPUD_Survival,live_release,C,8,Lot 1,11H,135,23,2026-05-11,2026-05-10T15:38:34Z,2026-05-12T15:36:00Z,Rock Island Tailrace,Rock Island Tailrace - CHINOOK,47.341487,-120.090402,0,3,RC21,TRUE,Active,Alive,Helicopter
G72E24F43,GPUD_Survival,live_release,C,8,Lot 1,11H,125,17.399999618530273,2026-05-11,2026-05-10T15:39:04Z,2026-05-12T15:36:00Z,Rock Island Tailrace,Rock Island Tailrace - CHINOOK,47.341487,-120.090402,0,3,RC21,TRUE,Active,Alive,Helicopter
G72197A78,GPUD_Survival,live_release,C,9,Lot 2,11H,127,19,2026-05-11,2026-05-10T15:40:32Z,2026-05-12T15:36:00Z,Rock Island Tailrace,Rock Island Tailrace - CHINOOK,47.341487,-120.090402,0,3,RC21,TRUE,Active,Alive,Helicopter
G7240C62C,GPUD_Survival,live_release,C,9,Lot 3,11H,130,20.700000762939453,2026-05-11,2026-05-10T15:40:55Z,2026-05-12T15:36:00Z,Rock Island Tailrace,Rock Island Tailrace - CHINOOK,47.341487,-120.090402,0,3,RC21,TRUE,Active,Alive,Helicopter
G729A0366,GPUD_Survival,live_release,C,10,Lot 1,11H,145,28.200000762939453,2026-05-11,2026-05-10T15:41:21Z,2026-05-12T15:36:00Z,Rock Island Tailrace,Rock Island Tailrace - CHINOOK,47.341487,-120.090402,0,3,RC21,TRUE,Active,Alive,Helicopter
G72B7B0FE,GPUD_Survival,live_release,C,10,Lot 1,11W,151,31.399999618530273,2026-05-11,2026-05-10T15:41:56Z,2026-05-12T15:36:00Z,Rock Island Tailrace,Rock Island Tailrace - CHINOOK,47.341487,-120.090402,0,3,RC21,TRUE,Active,Alive,Helicopter
G72A8439C,GPUD_Survival,live_release,C,11,Lot 2,11H,135,22.299999237060547,2026-05-11,2026-05-10T15:42:21Z,2026-05-12T15:36:00Z,Rock Island Tailrace,Rock Island Tailrace - CHINOOK,47.341487,-120.090402,0,3,RC21,TRUE,Active,Alive,Helicopter
G725FB961,GPUD_Survival,live_release,C,11,Lot 3,11H,135,22.600000381469727,2026-05-11,2026-05-10T15:42:51Z,2026-05-12T15:36:00Z,Rock Island Tailrace,Rock Island Tailrace - CHINOOK,47.341487,-120.090402,0,3,RC21,TRUE,Active,Alive,Helicopter
G720AB397,GPUD_Survival,live_release,C,12,Lot 3,11H,137,22.799999237060547,2026-05-11,2026-05-10T15:43:25Z,2026-05-12T15:36:00Z,Rock Island Tailrace,Rock Island Tailrace - CHINOOK,47.341487,-120.090402,0,3,RC21,TRUE,Active,Alive,Helicopter
G72790C07,GPUD_Survival,live_release,C,12,Lot 2,11H,132,22,2026-05-11,2026-05-10T15:44:19Z,2026-05-12T15:36:00Z,Rock Island Tailrace,Rock Island Tailrace - CHINOOK,47.341487,-120.090402,0,3,RC21,TRUE,Active,Alive,Helicopter
G72C084F9,GPUD_Survival,live_release,C,13,Lot 1,11H,125,17.899999618530273,2026-05-11,2026-05-10T15:44:38Z,2026-05-12T15:36:00Z,Rock Island Tailrace,Rock Island Tailrace - CHINOOK,47.341487,-120.090402,0,3,RC21,TRUE,Active,Alive,Helicopter
G723F1B28,GPUD_Survival,live_release,C,15,Lot 2,11H,113,14.199999809265137,2026-05-11,2026-05-10T15:44:59Z,2026-05-12T15:36:00Z,Rock Island Tailrace,Rock Island Tailrace - CHINOOK,47.341487,-120.090402,0,3,RC21,TRUE,Active,Alive,Helicopter
G7201737E,GPUD_Survival,live_release,C,13,Lot 2,11H,140,24.399999618530273,2026-05-11,2026-05-10T15:45:23Z,2026-05-12T15:36:00Z,Rock Island Tailrace,Rock Island Tailrace - CHINOOK,47.341487,-120.090402,0,3,RC21,TRUE,Active,Alive,Helicopter
G72D7F5DD,GPUD_Survival,live_release,C,14,Lot 1,11H,136,25.799999237060547,2026-05-11,2026-05-10T15:45:51Z,2026-05-12T15:36:00Z,Rock Island Tailrace,Rock Island Tailrace - CHINOOK,47.341487,-120.090402,0,3,RC21,TRUE,Active,Alive,Helicopter
G72973ACD,GPUD_Survival,live_release,C,14,Lot 1,11H,129,19.399999618530273,2026-05-11,2026-05-10T15:46:17Z,2026-05-12T15:36:00Z,Rock Island Tailrace,Rock Island Tailrace - CHINOOK,47.341487,-120.090402,0,3,RC21,TRUE,Active,Alive,Helicopter
G720996DE,GPUD_Survival,live_release,C,15,Lot 1,11H,130,22,2026-05-11,2026-05-10T15:46:37Z,2026-05-12T15:36:00Z,Rock Island Tailrace,Rock Island Tailrace - CHINOOK,47.341487,-120.090402,0,3,RC21,TRUE,Active,Alive,Helicopter
G726B8A2B,GPUD_Survival,live_release,C,16,Lot 3,11H,140,17.299999237060547,2026-05-11,2026-05-10T15:47:05Z,2026-05-12T15:36:00Z,Rock Island Tailrace,Rock Island Tailrace - CHINOOK,47.341487,-120.090402,0,3,RC21,TRUE,Active,Alive,Helicopter
G7294EFF0,GPUD_Survival,live_release,C,16,Lot 1,11H,125,16.299999237060547,2026-05-11,2026-05-10T15:48:25Z,2026-05-12T15:36:00Z,Rock Island Tailrace,Rock Island Tailrace - CHINOOK,47.341487,-120.090402,0,3,RC21,TRUE,Active,Alive,Helicopter
G7209D3A7,GPUD_Survival,live_release,C,17,Lot 1,11H,153,30.399999618530273,2026-05-11,2026-05-10T15:48:50Z,2026-05-12T15:36:00Z,Rock Island Tailrace,Rock Island Tailrace - CHINOOK,47.341487,-120.090402,0,3,RC21,TRUE,Active,Alive,Helicopter
G729917CF,GPUD_Survival,live_release,C,17,Lot 1,11H,126,19.899999618530273,2026-05-11,2026-05-10T15:49:47Z,2026-05-12T15:36:00Z,Rock Island Tailrace,Rock Island Tailrace - CHINOOK,47.341487,-120.090402,0,3,RC21,TRUE,Active,Alive,Helicopter
G72D7F761,GPUD_Survival,live_release,C,18,Lot 1,11H,130,21.899999618530273,2026-05-11,2026-05-10T15:50:10Z,2026-05-12T15:36:00Z,Rock Island Tailrace,Rock Island Tailrace - CHINOOK,47.341487,-120.090402,0,3,RC21,TRUE,Active,Alive,Helicopter
G72A2FC08,GPUD_Survival,live_release,C,18,Lot 2,11H,132,21.5,2026-05-11,2026-05-10T15:50:35Z,2026-05-12T15:36:00Z,Rock Island Tailrace,Rock Island Tailrace - CHINOOK,47.341487,-120.090402,0,3,RC21,TRUE,Active,Alive,Helicopter
G72E07291,GPUD_Survival,live_release,C,19,Lot 1,11H,118,16.100000381469727,2026-05-11,2026-05-10T15:51:02Z,2026-05-12T15:36:00Z,Rock Island Tailrace,Rock Island Tailrace - CHINOOK,47.341487,-120.090402,0,3,RC21,TRUE,Active,Alive,Helicopter
G7239DB48,GPUD_Survival,live_release,C,19,Lot 2,11H,120,16.399999618530273,2026-05-11,2026-05-10T15:52:06Z,2026-05-12T15:36:00Z,Rock Island Tailrace,Rock Island Tailrace - CHINOOK,47.341487,-120.090402,0,3,RC21,TRUE,Active,Alive,Helicopter
G72B0103F,GPUD_Survival,live_release,C,20,Lot 1,11H,152,33.20000076293945,2026-05-11,2026-05-10T15:52:59Z,2026-05-12T15:36:00Z,Rock Island Tailrace,Rock Island Tailrace - CHINOOK,47.341487,-120.090402,0,3,RC21,TRUE,Active,Alive,Helicopter
G726024B8,GPUD_Survival,live_release,C,20,Lot 3,11H,143,26.5,2026-05-11,2026-05-10T16:25:41Z,2026-05-12T15:36:00Z,Rock Island Tailrace,Rock Island Tailrace - CHINOOK,47.341487,-120.090402,0,3,RC21,TRUE,Active,Alive,Helicopter
G7218B008,GPUD_Survival,live_release,C,21,Lot 2,11H,143,31.899999618530273,2026-05-11,2026-05-10T16:27:15Z,2026-05-12T15:36:00Z,Rock Island Tailrace,Rock Island Tailrace - CHINOOK,47.341487,-120.090402,0,3,RC21,TRUE,Active,Alive,Helicopter
G725BB198,GPUD_Survival,live_release,C,67,Lot 1,11H,164,38.79999923706055,2026-05-11,2026-05-10T16:29:20Z,2026-05-12T16:15:00Z,Priest Rapids Tailrace,Priest Rapids Tailrace - CHINOOK,46.632369,-119.895442,0,3,PC18,TRUE,Active,Alive,Helicopter
G72963F36,GPUD_Survival,live_release,C,67,Lot 1,11H,130,21.399999618530273,2026-05-11,2026-05-10T16:29:53Z,2026-05-12T16:15:00Z,Priest Rapids Tailrace,Priest Rapids Tailrace - CHINOOK,46.632369,-119.895442,0,3,PC18,TRUE,Active,Alive,Helicopter
G72288E84,GPUD_Survival,live_release,C,68,Lot 3,11H,120,17.5,2026-05-11,2026-05-10T16:30:07Z,2026-05-12T16:15:00Z,Priest Rapids Tailrace,Priest Rapids Tailrace - CHINOOK,46.632369,-119.895442,0,3,PC18,TRUE,Active,Alive,Helicopter
G72202A3C,GPUD_Survival,live_release,C,68,Lot 3,11H,130,19.899999618530273,2026-05-11,2026-05-10T16:30:26Z,2026-05-12T16:15:00Z,Priest Rapids Tailrace,Priest Rapids Tailrace - CHINOOK,46.632369,-119.895442,0,3,PC18,TRUE,Active,Alive,Helicopter
G72E4DAC7,GPUD_Survival,live_release,C,69,Lot 3,11W,150,36.79999923706055,2026-05-11,2026-05-10T16:30:49Z,2026-05-12T16:15:00Z,Priest Rapids Tailrace,Priest Rapids Tailrace - CHINOOK,46.632369,-119.895442,0,3,PC18,TRUE,Active,Alive,Helicopter
G7252E34D,GPUD_Survival,live_release,C,69,Lot 3,11H,140,25.100000381469727,2026-05-11,2026-05-10T16:31:18Z,2026-05-12T16:15:00Z,Priest Rapids Tailrace,Priest Rapids Tailrace - CHINOOK,46.632369,-119.895442,0,3,PC18,TRUE,Active,Alive,Helicopter
G7260DD50,GPUD_Survival,live_release,C,70,Lot 3,11H,133,21.200000762939453,2026-05-11,2026-05-10T16:31:45Z,2026-05-12T16:15:00Z,Priest Rapids Tailrace,Priest Rapids Tailrace - CHINOOK,46.632369,-119.895442,0,3,PC18,TRUE,Active,Alive,Helicopter
G72DA8D6E,GPUD_Survival,live_release,C,70,Lot 2,11H,135,25,2026-05-11,2026-05-10T16:32:18Z,2026-05-12T16:15:00Z,Priest Rapids Tailrace,Priest Rapids Tailrace - CHINOOK,46.632369,-119.895442,0,3,PC18,TRUE,Active,Alive,Helicopter
G72CBEC7D,GPUD_Survival,live_release,C,71,Lot 1,11H,135,24.200000762939453,2026-05-11,2026-05-10T16:33:12Z,2026-05-12T16:15:00Z,Priest Rapids Tailrace,Priest Rapids Tailrace - CHINOOK,46.632369,-119.895442,0,3,PC18,TRUE,Active,Alive,Helicopter
G721BF524,GPUD_Survival,live_release,C,71,Lot 3,11H,145,29.799999237060547,2026-05-11,2026-05-10T16:33:50Z,2026-05-12T16:15:00Z,Priest Rapids Tailrace,Priest Rapids Tailrace - CHINOOK,46.632369,-119.895442,0,3,PC18,TRUE,Active,Alive,Helicopter
G72BE1301,GPUD_Survival,live_release,C,72,Lot 3,11H,135,22,2026-05-11,2026-05-10T16:34:22Z,2026-05-12T16:15:00Z,Priest Rapids Tailrace,Priest Rapids Tailrace - CHINOOK,46.632369,-119.895442,0,3,PC18,TRUE,Active,Alive,Helicopter
G720D158B,GPUD_Survival,live_release,C,72,Lot 1,11H,149,32.099998474121094,2026-05-11,2026-05-10T16:34:49Z,2026-05-12T16:15:00Z,Priest Rapids Tailrace,Priest Rapids Tailrace - CHINOOK,46.632369,-119.895442,0,3,PC18,TRUE,Active,Alive,Helicopter
G7223AE84,GPUD_Survival,live_release,C,73,Lot 2,11H,155,35.599998474121094,2026-05-11,2026-05-10T16:35:09Z,2026-05-12T16:15:00Z,Priest Rapids Tailrace,Priest Rapids Tailrace - CHINOOK,46.632369,-119.895442,0,3,PC18,TRUE,Active,Alive,Helicopter
G726DC205,GPUD_Survival,live_release,C,73,Lot 2,11H,140,26.399999618530273,2026-05-11,2026-05-10T16:35:43Z,2026-05-12T16:15:00Z,Priest Rapids Tailrace,Priest Rapids Tailrace - CHINOOK,46.632369,-119.895442,0,3,PC18,TRUE,Active,Alive,Helicopter
G7214D441,GPUD_Survival,live_release,C,74,Lot 3,11H,122,18,2026-05-11,2026-05-10T16:36:31Z,2026-05-12T16:15:00Z,Priest Rapids Tailrace,Priest Rapids Tailrace - CHINOOK,46.632369,-119.895442,0,3,PC18,TRUE,Active,Alive,Helicopter
G72EEBF7A,GPUD_Survival,live_release,C,74,Lot 3,11H,156,36.20000076293945,2026-05-11,2026-05-10T16:37:09Z,2026-05-12T16:15:00Z,Priest Rapids Tailrace,Priest Rapids Tailrace - CHINOOK,46.632369,-119.895442,0,3,PC18,TRUE,Active,Alive,Helicopter
G72DCB23B,GPUD_Survival,live_release,C,75,Lot 3,11H,123,15.199999809265137,2026-05-11,2026-05-10T16:37:38Z,2026-05-12T16:15:00Z,Priest Rapids Tailrace,Priest Rapids Tailrace - CHINOOK,46.632369,-119.895442,0,3,PC18,TRUE,Active,Alive,Helicopter
G72E35E44,GPUD_Survival,live_release,C,75,Lot 3,11H,150,30.700000762939453,2026-05-11,2026-05-10T16:38:04Z,2026-05-12T16:15:00Z,Priest Rapids Tailrace,Priest Rapids Tailrace - CHINOOK,46.632369,-119.895442,0,3,PC18,TRUE,Active,Alive,Helicopter
G7215D485,GPUD_Survival,live_release,C,76,Lot 3,11H,130,19.5,2026-05-11,2026-05-10T16:38:35Z,2026-05-12T16:15:00Z,Priest Rapids Tailrace,Priest Rapids Tailrace - CHINOOK,46.632369,-119.895442,0,3,PC18,TRUE,Active,Alive,Helicopter
G72EC115B,GPUD_Survival,live_release,C,76,Lot 1,11H,136,23.899999618530273,2026-05-11,2026-05-10T16:39:04Z,2026-05-12T16:15:00Z,Priest Rapids Tailrace,Priest Rapids Tailrace - CHINOOK,46.632369,-119.895442,0,3,PC18,TRUE,Active,Alive,Helicopter
G724B5D3E,GPUD_Survival,live_release,C,77,Lot 2,11H,145,30.200000762939453,2026-05-11,2026-05-10T16:39:35Z,2026-05-12T16:15:00Z,Priest Rapids Tailrace,Priest Rapids Tailrace - CHINOOK,46.632369,-119.895442,0,3,PC18,TRUE,Active,Alive,Helicopter
G7205ED4B,GPUD_Survival,live_release,C,77,Lot 2,11H,163,38.900001525878906,2026-05-11,2026-05-10T16:39:53Z,2026-05-12T16:15:00Z,Priest Rapids Tailrace,Priest Rapids Tailrace - CHINOOK,46.632369,-119.895442,0,3,PC18,TRUE,Active,Alive,Helicopter
G727588A7,GPUD_Survival,live_release,C,78,Lot 3,11H,140,25.799999237060547,2026-05-11,2026-05-10T16:40:30Z,2026-05-12T16:15:00Z,Priest Rapids Tailrace,Priest Rapids Tailrace - CHINOOK,46.632369,-119.895442,0,3,PC18,TRUE,Active,Alive,Helicopter
G72F32F0E,GPUD_Survival,live_release,C,78,Lot 1,11H,150,32.29999923706055,2026-05-11,2026-05-10T16:40:54Z,2026-05-12T16:15:00Z,Priest Rapids Tailrace,Priest Rapids Tailrace - CHINOOK,46.632369,-119.895442,0,3,PC18,TRUE,Active,Alive,Helicopter
G7225B593,GPUD_Survival,live_release,C,79,Lot 2,11H,135,21.399999618530273,2026-05-11,2026-05-10T16:41:15Z,2026-05-12T16:15:00Z,Priest Rapids Tailrace,Priest Rapids Tailrace - CHINOOK,46.632369,-119.895442,0,3,PC18,TRUE,Active,Alive,Helicopter
G7238F233,GPUD_Survival,live_release,C,79,Lot 2,11H,145,25.100000381469727,2026-05-11,2026-05-10T16:41:47Z,2026-05-12T16:15:00Z,Priest Rapids Tailrace,Priest Rapids Tailrace - CHINOOK,46.632369,-119.895442,0,3,PC18,TRUE,Active,Alive,Helicopter
G72128430,GPUD_Survival,live_release,C,80,Lot 1,11H,134,23.700000762939453,2026-05-11,2026-05-10T16:42:21Z,2026-05-12T16:15:00Z,Priest Rapids Tailrace,Priest Rapids Tailrace - CHINOOK,46.632369,-119.895442,0,3,PC18,TRUE,Active,Alive,Helicopter
G72CB08F5,GPUD_Survival,live_release,C,80,Lot 1,11H,143,20,2026-05-11,2026-05-10T16:43:00Z,2026-05-12T16:15:00Z,Priest Rapids Tailrace,Priest Rapids Tailrace - CHINOOK,46.632369,-119.895442,0,3,PC18,TRUE,Active,Alive,Helicopter
G72F37908,GPUD_Survival,live_release,C,81,Lot 1,11H,129,19.5,2026-05-11,2026-05-10T16:43:22Z,2026-05-12T16:15:00Z,Priest Rapids Tailrace,Priest Rapids Tailrace - CHINOOK,46.632369,-119.895442,0,3,PC18,TRUE,Active,Alive,Helicopter
G722497C8,GPUD_Survival,live_release,C,81,Lot 2,11H,145,28.899999618530273,2026-05-11,2026-05-10T16:43:40Z,2026-05-12T16:15:00Z,Priest Rapids Tailrace,Priest Rapids Tailrace - CHINOOK,46.632369,-119.895442,0,3,PC18,TRUE,Active,Alive,Helicopter
G720A2405,GPUD_Survival,live_release,C,82,Lot 3,11H,142,26.100000381469727,2026-05-11,2026-05-10T16:44:42Z,2026-05-12T16:15:00Z,Priest Rapids Tailrace,Priest Rapids Tailrace - CHINOOK,46.632369,-119.895442,0,3,PC18,TRUE,Active,Alive,Helicopter
G72B0CCCB,GPUD_Survival,live_release,C,82,Lot 1,11H,120,17.299999237060547,2026-05-11,2026-05-10T16:45:48Z,2026-05-12T16:15:00Z,Priest Rapids Tailrace,Priest Rapids Tailrace - CHINOOK,46.632369,-119.895442,0,3,PC18,TRUE,Active,Alive,Helicopter
G726E46BD,GPUD_Survival,dead_release,C,83,Lot 2,11H,130,22,2026-05-11,2026-05-10T16:46:51Z,2026-05-12T16:15:00Z,Priest Rapids Tailrace,Priest Rapids Tailrace - CHINOOK,46.632369,-119.895442,1,3,PC18,FALSE,Active,Euthanized,Helicopter
G72349345,GPUD_Survival,dead_release,C,83,Lot 1,11H,143,30.100000381469727,2026-05-11,2026-05-10T16:47:34Z,2026-05-12T16:15:00Z,Priest Rapids Tailrace,Priest Rapids Tailrace - CHINOOK,46.632369,-119.895442,1,3,PC18,FALSE,Active,Euthanized,Helicopter
G7254F645,GPUD_Survival,live_release,C,84,Lot 1,11H,107,12.5,2026-05-11,2026-05-10T16:48:27Z,2026-05-12T16:15:00Z,Priest Rapids Tailrace,Priest Rapids Tailrace - CHINOOK,46.632369,-119.895442,0,3,PC18,TRUE,Active,Alive,Helicopter
G7293F57D,GPUD_Survival,live_release,B,34,Lot 1,31W,165,40.70000076293945,2026-05-11,2026-05-10T17:08:22Z,2026-05-12T15:36:00Z,Rock Island Tailrace,Rock Island Tailrace - STEELHEAD,47.341487,-120.090402,0,3,RI16,TRUE,Active,Alive,Helicopter
G72197785,GPUD_Survival,live_release,B,36,Lot 2,31W,164,42.20000076293945,2026-05-11,2026-05-10T17:09:21Z,2026-05-12T15:36:00Z,Rock Island Tailrace,Rock Island Tailrace - STEELHEAD,47.341487,-120.090402,0,3,RI16,TRUE,Active,Alive,Helicopter
G72CC4E00,GPUD_Survival,live_release,B,34,Lot 1,31W,166,39.20000076293945,2026-05-11,2026-05-10T17:10:10Z,2026-05-12T15:36:00Z,Rock Island Tailrace,Rock Island Tailrace - STEELHEAD,47.341487,-120.090402,0,3,RI16,TRUE,Active,Alive,Helicopter
G720BCB69,GPUD_Survival,live_release,B,35,Lot 3,31H,205,78.5999984741211,2026-05-11,2026-05-10T17:10:40Z,2026-05-12T15:36:00Z,Rock Island Tailrace,Rock Island Tailrace - STEELHEAD,47.341487,-120.090402,0,3,RI16,TRUE,Active,Alive,Helicopter
G72CCF44C,GPUD_Survival,live_release,B,35,Lot 2,31W,158,39.400001525878906,2026-05-11,2026-05-10T17:11:23Z,2026-05-12T15:36:00Z,Rock Island Tailrace,Rock Island Tailrace - STEELHEAD,47.341487,-120.090402,0,3,RI16,TRUE,Active,Alive,Helicopter
G7217CD15,GPUD_Survival,live_release,B,36,Lot 2,31W,194,68.80000305175781,2026-05-11,2026-05-10T17:11:57Z,2026-05-12T15:36:00Z,Rock Island Tailrace,Rock Island Tailrace - STEELHEAD,47.341487,-120.090402,0,3,RI16,TRUE,Active,Alive,Helicopter
G72FA4645,GPUD_Survival,live_release,B,37,Lot 3,31W,138,24.600000381469727,2026-05-11,2026-05-10T17:15:37Z,2026-05-12T15:36:00Z,Rock Island Tailrace,Rock Island Tailrace - STEELHEAD,47.341487,-120.090402,0,3,RI16,TRUE,Active,Alive,Helicopter
G7282F8A8,GPUD_Survival,live_release,B,37,Lot 3,31H,179,59.900001525878906,2026-05-11,2026-05-10T17:16:13Z,2026-05-12T15:36:00Z,Rock Island Tailrace,Rock Island Tailrace - STEELHEAD,47.341487,-120.090402,0,3,RI16,TRUE,Active,Alive,Helicopter
G72862539,GPUD_Survival,live_release,B,38,Lot 2,31W,188,60.599998474121094,2026-05-11,2026-05-10T17:17:08Z,2026-05-12T15:36:00Z,Rock Island Tailrace,Rock Island Tailrace - STEELHEAD,47.341487,-120.090402,0,3,RI16,TRUE,Active,Alive,Helicopter
G7272505C,GPUD_Survival,live_release,B,38,Lot 1,31W,165,42.29999923706055,2026-05-11,2026-05-10T17:17:33Z,2026-05-12T15:36:00Z,Rock Island Tailrace,Rock Island Tailrace - STEELHEAD,47.341487,-120.090402,0,3,RI16,TRUE,Active,Alive,Helicopter
G7256361E,GPUD_Survival,live_release,B,39,Lot 2,31W,202,78.9000015258789,2026-05-11,2026-05-10T17:17:58Z,2026-05-12T15:36:00Z,Rock Island Tailrace,Rock Island Tailrace - STEELHEAD,47.341487,-120.090402,0,3,RI16,TRUE,Active,Alive,Helicopter
G728B6AB7,GPUD_Survival,live_release,B,39,Lot 3,31W,146,29.200000762939453,2026-05-11,2026-05-10T17:18:31Z,2026-05-12T15:36:00Z,Rock Island Tailrace,Rock Island Tailrace - STEELHEAD,47.341487,-120.090402,0,3,RI16,TRUE,Active,Alive,Helicopter
G722DE99D,GPUD_Survival,live_release,B,40,Lot 1,31W,157,36.70000076293945,2026-05-11,2026-05-10T17:19:05Z,2026-05-12T15:36:00Z,Rock Island Tailrace,Rock Island Tailrace - STEELHEAD,47.341487,-120.090402,0,3,RI16,TRUE,Active,Alive,Helicopter
G720C9240,GPUD_Survival,live_release,B,40,Lot 1,31W,168,45.099998474121094,2026-05-11,2026-05-10T17:19:37Z,2026-05-12T15:36:00Z,Rock Island Tailrace,Rock Island Tailrace - STEELHEAD,47.341487,-120.090402,0,3,RI16,TRUE,Active,Alive,Helicopter
G72BE205D,GPUD_Survival,live_release,B,41,Lot 3,31H,135,20.600000381469727,2026-05-11,2026-05-10T17:20:06Z,2026-05-12T15:36:00Z,Rock Island Tailrace,Rock Island Tailrace - STEELHEAD,47.341487,-120.090402,0,3,RI16,TRUE,Active,Alive,Helicopter
G723CF4D5,GPUD_Survival,live_release,B,41,Lot 1,31H,179,50.5,2026-05-11,2026-05-10T17:21:00Z,2026-05-12T15:36:00Z,Rock Island Tailrace,Rock Island Tailrace - STEELHEAD,47.341487,-120.090402,0,3,RI16,TRUE,Active,Alive,Helicopter
G722EA14C,GPUD_Survival,live_release,B,42,Lot 2,31W,150,37.900001525878906,2026-05-11,2026-05-10T17:21:28Z,2026-05-12T15:36:00Z,Rock Island Tailrace,Rock Island Tailrace - STEELHEAD,47.341487,-120.090402,0,3,RI16,TRUE,Active,Alive,Helicopter
G72C07C4F,GPUD_Survival,live_release,B,42,Lot 2,31W,146,30.299999237060547,2026-05-11,2026-05-10T17:22:17Z,2026-05-12T15:36:00Z,Rock Island Tailrace,Rock Island Tailrace - STEELHEAD,47.341487,-120.090402,0,3,RI16,TRUE,Active,Alive,Helicopter
G7237D4D5,GPUD_Survival,live_release,B,43,Lot 1,31H,199,67.9000015258789,2026-05-11,2026-05-10T17:22:46Z,2026-05-12T15:36:00Z,Rock Island Tailrace,Rock Island Tailrace - STEELHEAD,47.341487,-120.090402,0,3,RI16,TRUE,Active,Alive,Helicopter
G7299EB18,GPUD_Survival,live_release,B,43,Lot 1,31H,160,34.5,2026-05-11,2026-05-10T17:23:19Z,2026-05-12T15:36:00Z,Rock Island Tailrace,Rock Island Tailrace - STEELHEAD,47.341487,-120.090402,0,3,RI16,TRUE,Active,Alive,Helicopter
G72640C62,GPUD_Survival,live_release,B,44,Lot 1,31W,157,32.900001525878906,2026-05-11,2026-05-10T17:24:03Z,2026-05-12T15:36:00Z,Rock Island Tailrace,Rock Island Tailrace - STEELHEAD,47.341487,-120.090402,0,3,RI16,TRUE,Active,Alive,Helicopter
G726B6583,GPUD_Survival,live_release,B,44,Lot 3,31H,165,38.20000076293945,2026-05-11,2026-05-10T17:24:34Z,2026-05-12T15:36:00Z,Rock Island Tailrace,Rock Island Tailrace - STEELHEAD,47.341487,-120.090402,0,3,RI16,TRUE,Active,Alive,Helicopter
G72E549F0,GPUD_Survival,live_release,B,45,Lot 3,31H,180,50.099998474121094,2026-05-11,2026-05-10T17:25:09Z,2026-05-12T15:36:00Z,Rock Island Tailrace,Rock Island Tailrace - STEELHEAD,47.341487,-120.090402,0,3,RI16,TRUE,Active,Alive,Helicopter
G72ED02E0,GPUD_Survival,live_release,B,45,Lot 1,31W,135,20.299999237060547,2026-05-11,2026-05-10T17:25:38Z,2026-05-12T15:36:00Z,Rock Island Tailrace,Rock Island Tailrace - STEELHEAD,47.341487,-120.090402,0,3,RI16,TRUE,Active,Alive,Helicopter
G727C005B,GPUD_Survival,live_release,B,46,Lot 2,31H,153,33,2026-05-11,2026-05-10T17:26:04Z,2026-05-12T15:36:00Z,Rock Island Tailrace,Rock Island Tailrace - STEELHEAD,47.341487,-120.090402,0,3,RI16,TRUE,Active,Alive,Helicopter
G72A77264,GPUD_Survival,live_release,B,47,Lot 3,31H,145,27.700000762939453,2026-05-11,2026-05-10T17:26:30Z,2026-05-12T15:36:00Z,Rock Island Tailrace,Rock Island Tailrace - STEELHEAD,47.341487,-120.090402,0,3,RI16,TRUE,Active,Alive,Helicopter
G721AF75C,GPUD_Survival,live_release,B,47,Lot 3,31H,197,67.4000015258789,2026-05-11,2026-05-10T17:26:58Z,2026-05-12T15:36:00Z,Rock Island Tailrace,Rock Island Tailrace - STEELHEAD,47.341487,-120.090402,0,3,RI16,TRUE,Active,Alive,Helicopter
G723EF444,GPUD_Survival,live_release,B,48,Lot 2,31H,185,57.599998474121094,2026-05-11,2026-05-10T17:27:31Z,2026-05-12T15:36:00Z,Rock Island Tailrace,Rock Island Tailrace - STEELHEAD,47.341487,-120.090402,0,3,RI16,TRUE,Active,Alive,Helicopter
G72A25F45,GPUD_Survival,live_release,B,48,Lot 2,31H,196,71.4000015258789,2026-05-11,2026-05-10T17:28:10Z,2026-05-12T15:36:00Z,Rock Island Tailrace,Rock Island Tailrace - STEELHEAD,47.341487,-120.090402,0,3,RI16,TRUE,Active,Alive,Helicopter
G72A12596,GPUD_Survival,live_release,B,49,Lot 3,31H,195,64.0999984741211,2026-05-11,2026-05-10T17:28:43Z,2026-05-12T15:36:00Z,Rock Island Tailrace,Rock Island Tailrace - STEELHEAD,47.341487,-120.090402,0,3,RI16,TRUE,Active,Alive,Helicopter
G72F774CE,GPUD_Survival,live_release,B,49,Lot 3,31W,154,31.799999237060547,2026-05-11,2026-05-10T17:29:16Z,2026-05-12T15:36:00Z,Rock Island Tailrace,Rock Island Tailrace - STEELHEAD,47.341487,-120.090402,0,3,RI16,TRUE,Active,Alive,Helicopter
G72CA9A9C,GPUD_Survival,live_release,B,50,Lot 1,31W,168,40.5,2026-05-11,2026-05-10T17:29:52Z,2026-05-12T15:36:00Z,Rock Island Tailrace,Rock Island Tailrace - STEELHEAD,47.341487,-120.090402,0,3,RI16,TRUE,Active,Alive,Helicopter
G72948AAA,GPUD_Survival,live_release,B,50,Lot 1,31H,175,49,2026-05-11,2026-05-10T17:30:43Z,2026-05-12T15:36:00Z,Rock Island Tailrace,Rock Island Tailrace - STEELHEAD,47.341487,-120.090402,0,3,RI16,TRUE,Active,Alive,Helicopter
G72922752,GPUD_Survival,live_release,B,51,Lot 1,31H,165,37.29999923706055,2026-05-11,2026-05-10T17:31:27Z,2026-05-12T15:36:00Z,Rock Island Tailrace,Rock Island Tailrace - STEELHEAD,47.341487,-120.090402,0,3,RI16,TRUE,Active,Alive,Helicopter
G7277FB2C,GPUD_Survival,live_release,B,51,Lot 1,31W,160,38.599998474121094,2026-05-11,2026-05-10T17:32:26Z,2026-05-12T15:36:00Z,Rock Island Tailrace,Rock Island Tailrace - STEELHEAD,47.341487,-120.090402,0,3,RI16,TRUE,Active,Alive,Helicopter
G72CE470D,GPUD_Survival,live_release,B,52,Lot 3,31H,183,57.5,2026-05-11,2026-05-10T17:32:53Z,2026-05-12T15:36:00Z,Rock Island Tailrace,Rock Island Tailrace - STEELHEAD,47.341487,-120.090402,0,3,RI16,TRUE,Active,Alive,Helicopter
G72A79E2E,GPUD_Survival,live_release,B,52,Lot 3,31W,180,53.099998474121094,2026-05-11,2026-05-10T17:33:28Z,2026-05-12T15:36:00Z,Rock Island Tailrace,Rock Island Tailrace - STEELHEAD,47.341487,-120.090402,0,3,RI16,TRUE,Active,Alive,Helicopter
G72A16C4C,GPUD_Survival,live_release,B,53,Lot 1,31H,157,33,2026-05-11,2026-05-10T17:34:25Z,2026-05-12T15:36:00Z,Rock Island Tailrace,Rock Island Tailrace - STEELHEAD,47.341487,-120.090402,0,3,RI16,TRUE,Active,Alive,Helicopter
G720FDA91,GPUD_Survival,live_release,B,53,Lot 3,31H,185,58.20000076293945,2026-05-11,2026-05-10T17:34:53Z,2026-05-12T15:36:00Z,Rock Island Tailrace,Rock Island Tailrace - STEELHEAD,47.341487,-120.090402,0,3,RI16,TRUE,Active,Alive,Helicopter
G72CFF547,GPUD_Survival,live_release,B,54,Lot 3,31W,182,58,2026-05-11,2026-05-10T17:35:24Z,2026-05-12T15:36:00Z,Rock Island Tailrace,Rock Island Tailrace - STEELHEAD,47.341487,-120.090402,0,3,RI16,TRUE,Active,Alive,Helicopter
G722533C2,GPUD_Survival,live_release,B,54,Lot 2,31H,176,49.29999923706055,2026-05-11,2026-05-10T17:35:49Z,2026-05-12T15:36:00Z,Rock Island Tailrace,Rock Island Tailrace - STEELHEAD,47.341487,-120.090402,0,3,RI16,TRUE,Active,Alive,Helicopter
G727C85E8,GPUD_Survival,live_release,B,55,Lot 1,31W,160,36.900001525878906,2026-05-11,2026-05-10T17:36:24Z,2026-05-12T15:36:00Z,Rock Island Tailrace,Rock Island Tailrace - STEELHEAD,47.341487,-120.090402,0,3,RI16,TRUE,Active,Alive,Helicopter
G726BAB56,GPUD_Survival,live_release,B,100,Lot 3,31H,191,60.900001525878906,2026-05-11,2026-05-10T17:38:22Z,2026-05-12T16:15:00Z,Priest Rapids Tailrace,Priest Rapids Tailrace - STEELHEAD,46.632369,-119.895442,0,3,PR13,TRUE,Active,Alive,Helicopter
G72A25B24,GPUD_Survival,live_release,B,100,Lot 1,31W,186,60.099998474121094,2026-05-11,2026-05-10T17:39:23Z,2026-05-12T16:15:00Z,Priest Rapids Tailrace,Priest Rapids Tailrace - STEELHEAD,46.632369,-119.895442,0,3,PR13,TRUE,Active,Alive,Helicopter
G721661DD,GPUD_Survival,dead_release,B,101,Lot 2,31H,186,55.20000076293945,2026-05-11,2026-05-10T17:45:06Z,2026-05-12T16:15:00Z,Priest Rapids Tailrace,Priest Rapids Tailrace - STEELHEAD,46.632369,-119.895442,1,3,PR13,FALSE,Active,Euthanized,Helicopter
G7261FE55,GPUD_Survival,dead_release,B,101,Lot 3,31H,185,49.70000076293945,2026-05-11,2026-05-10T17:45:36Z,2026-05-12T16:15:00Z,Priest Rapids Tailrace,Priest Rapids Tailrace - STEELHEAD,46.632369,-119.895442,1,3,PR13,FALSE,Active,Euthanized,Helicopter
G7221059A,GPUD_Survival,live_release,B,102,Lot 2,31H,165,37.900001525878906,2026-05-11,2026-05-10T17:46:01Z,2026-05-12T16:15:00Z,Priest Rapids Tailrace,Priest Rapids Tailrace - STEELHEAD,46.632369,-119.895442,0,3,PR13,TRUE,Active,Alive,Helicopter
G721AADF9,GPUD_Survival,live_release,B,102,Lot 2,31W,176,53.5,2026-05-11,2026-05-10T17:46:35Z,2026-05-12T16:15:00Z,Priest Rapids Tailrace,Priest Rapids Tailrace - STEELHEAD,46.632369,-119.895442,0,3,PR13,TRUE,Active,Alive,Helicopter
G7217B52F,GPUD_Survival,live_release,B,103,Lot 2,31H,185,56.099998474121094,2026-05-11,2026-05-10T17:47:01Z,2026-05-12T16:15:00Z,Priest Rapids Tailrace,Priest Rapids Tailrace - STEELHEAD,46.632369,-119.895442,0,3,PR13,TRUE,Active,Alive,Helicopter
G722793FC,GPUD_Survival,live_release,B,103,Lot 1,31W,150,29.5,2026-05-11,2026-05-10T17:47:30Z,2026-05-12T16:15:00Z,Priest Rapids Tailrace,Priest Rapids Tailrace - STEELHEAD,46.632369,-119.895442,0,3,PR13,TRUE,Active,Alive,Helicopter
G729C28CF,GPUD_Survival,live_release,B,104,Lot 1,31H,186,59,2026-05-11,2026-05-10T17:47:56Z,2026-05-12T16:15:00Z,Priest Rapids Tailrace,Priest Rapids Tailrace - STEELHEAD,46.632369,-119.895442,0,3,PR13,TRUE,Active,Alive,Helicopter
G728787EE,GPUD_Survival,live_release,B,104,Lot 3,31H,205,74,2026-05-11,2026-05-10T17:48:20Z,2026-05-12T16:15:00Z,Priest Rapids Tailrace,Priest Rapids Tailrace - STEELHEAD,46.632369,-119.895442,0,3,PR13,TRUE,Active,Alive,Helicopter
G72EF5B36,GPUD_Survival,live_release,B,105,Lot 2,31H,170,44.70000076293945,2026-05-11,2026-05-10T17:48:51Z,2026-05-12T16:15:00Z,Priest Rapids Tailrace,Priest Rapids Tailrace - STEELHEAD,46.632369,-119.895442,0,3,PR13,TRUE,Active,Alive,Helicopter
G72B5E928,GPUD_Survival,live_release,B,105,Lot 2,31H,185,55.29999923706055,2026-05-11,2026-05-10T17:49:17Z,2026-05-12T16:15:00Z,Priest Rapids Tailrace,Priest Rapids Tailrace - STEELHEAD,46.632369,-119.895442,0,3,PR13,TRUE,Active,Alive,Helicopter
G72597901,GPUD_Survival,live_release,B,106,Lot 1,31W,162,39.79999923706055,2026-05-11,2026-05-10T17:49:42Z,2026-05-12T16:15:00Z,Priest Rapids Tailrace,Priest Rapids Tailrace - STEELHEAD,46.632369,-119.895442,0,3,PR13,TRUE,Active,Alive,Helicopter
G729116E7,GPUD_Survival,live_release,B,106,Lot 3,31W,145,26.700000762939453,2026-05-11,2026-05-10T17:50:10Z,2026-05-12T16:15:00Z,Priest Rapids Tailrace,Priest Rapids Tailrace - STEELHEAD,46.632369,-119.895442,0,3,PR13,TRUE,Active,Alive,Helicopter
G7275E15E,GPUD_Survival,live_release,B,107,Lot 3,31W,204,68.9000015258789,2026-05-11,2026-05-10T17:50:36Z,2026-05-12T16:15:00Z,Priest Rapids Tailrace,Priest Rapids Tailrace - STEELHEAD,46.632369,-119.895442,0,3,PR13,TRUE,Active,Alive,Helicopter
G722CE618,GPUD_Survival,live_release,B,107,Lot 1,31H,161,36.70000076293945,2026-05-11,2026-05-10T17:51:25Z,2026-05-12T16:15:00Z,Priest Rapids Tailrace,Priest Rapids Tailrace - STEELHEAD,46.632369,-119.895442,0,3,PR13,TRUE,Active,Alive,Helicopter
G72AF650C,GPUD_Survival,live_release,B,108,Lot 1,31W,155,35.29999923706055,2026-05-11,2026-05-10T17:52:01Z,2026-05-12T16:15:00Z,Priest Rapids Tailrace,Priest Rapids Tailrace - STEELHEAD,46.632369,-119.895442,0,3,PR13,TRUE,Active,Alive,Helicopter
G720AC650,GPUD_Survival,live_release,B,108,Lot 3,31W,165,40.5,2026-05-11,2026-05-10T17:52:27Z,2026-05-12T16:15:00Z,Priest Rapids Tailrace,Priest Rapids Tailrace - STEELHEAD,46.632369,-119.895442,0,3,PR13,TRUE,Active,Alive,Helicopter
G72589FF1,GPUD_Survival,live_release,B,109,Lot 2,31W,151,29.600000381469727,2026-05-11,2026-05-10T17:53:07Z,2026-05-12T16:15:00Z,Priest Rapids Tailrace,Priest Rapids Tailrace - STEELHEAD,46.632369,-119.895442,0,3,PR13,TRUE,Active,Alive,Helicopter
G7202DCC5,GPUD_Survival,live_release,B,109,Lot 2,31W,201,64.4000015258789,2026-05-11,2026-05-10T17:53:33Z,2026-05-12T16:15:00Z,Priest Rapids Tailrace,Priest Rapids Tailrace - STEELHEAD,46.632369,-119.895442,0,3,PR13,TRUE,Active,Alive,Helicopter
G72966930,GPUD_Survival,live_release,B,110,Lot 1,31W,180,51.79999923706055,2026-05-11,2026-05-10T17:54:15Z,2026-05-12T16:15:00Z,Priest Rapids Tailrace,Priest Rapids Tailrace - STEELHEAD,46.632369,-119.895442,0,3,PR13,TRUE,Active,Alive,Helicopter
G7238F84D,GPUD_Survival,live_release,B,110,Lot 2,31H,184,53,2026-05-11,2026-05-10T17:54:40Z,2026-05-12T16:15:00Z,Priest Rapids Tailrace,Priest Rapids Tailrace - STEELHEAD,46.632369,-119.895442,0,3,PR13,TRUE,Active,Alive,Helicopter
G72BEF46B,GPUD_Survival,live_release,B,111,Lot 1,31W,152,32.5,2026-05-11,2026-05-10T17:55:10Z,2026-05-12T16:15:00Z,Priest Rapids Tailrace,Priest Rapids Tailrace - STEELHEAD,46.632369,-119.895442,0,3,PR13,TRUE,Active,Alive,Helicopter
G720E0F3D,GPUD_Survival,live_release,B,111,Lot 3,31H,196,68,2026-05-11,2026-05-10T17:55:36Z,2026-05-12T16:15:00Z,Priest Rapids Tailrace,Priest Rapids Tailrace - STEELHEAD,46.632369,-119.895442,0,3,PR13,TRUE,Active,Alive,Helicopter
G72972C8D,GPUD_Survival,live_release,B,112,Lot 1,31H,181,54.79999923706055,2026-05-11,2026-05-10T17:56:11Z,2026-05-12T16:15:00Z,Priest Rapids Tailrace,Priest Rapids Tailrace - STEELHEAD,46.632369,-119.895442,0,3,PR13,TRUE,Active,Alive,Helicopter
G726BE50F,GPUD_Survival,live_release,B,112,Lot 3,31H,175,44.70000076293945,2026-05-11,2026-05-10T17:56:45Z,2026-05-12T16:15:00Z,Priest Rapids Tailrace,Priest Rapids Tailrace - STEELHEAD,46.632369,-119.895442,0,3,PR13,TRUE,Active,Alive,Helicopter
G7239FDB6,GPUD_Survival,live_release,B,113,Lot 2,31H,155,29.899999618530273,2026-05-11,2026-05-10T17:57:11Z,2026-05-12T16:15:00Z,Priest Rapids Tailrace,Priest Rapids Tailrace - STEELHEAD,46.632369,-119.895442,0,3,PR13,TRUE,Active,Alive,Helicopter
G72C71A99,GPUD_Survival,live_release,B,113,Lot 1,31H,170,43.70000076293945,2026-05-11,2026-05-10T17:57:49Z,2026-05-12T16:15:00Z,Priest Rapids Tailrace,Priest Rapids Tailrace - STEELHEAD,46.632369,-119.895442,0,3,PR13,TRUE,Active,Alive,Helicopter
G72E650A4,GPUD_Survival,live_release,B,114,Lot 1,31H,168,41.79999923706055,2026-05-11,2026-05-10T17:58:13Z,2026-05-12T16:15:00Z,Priest Rapids Tailrace,Priest Rapids Tailrace - STEELHEAD,46.632369,-119.895442,0,3,PR13,TRUE,Active,Alive,Helicopter
G72694B2E,GPUD_Survival,live_release,B,114,Lot 2,31H,210,78.0999984741211,2026-05-11,2026-05-10T17:58:47Z,2026-05-12T16:15:00Z,Priest Rapids Tailrace,Priest Rapids Tailrace - STEELHEAD,46.632369,-119.895442,0,3,PR13,TRUE,Active,Alive,Helicopter
G72006746,GPUD_Survival,live_release,B,115,Lot 2,31W,170,41.599998474121094,2026-05-11,2026-05-10T17:59:11Z,2026-05-12T16:15:00Z,Priest Rapids Tailrace,Priest Rapids Tailrace - STEELHEAD,46.632369,-119.895442,0,3,PR13,TRUE,Active,Alive,Helicopter
G725A1EB2,GPUD_Survival,live_release,B,115,Lot 1,31W,195,63.900001525878906,2026-05-11,2026-05-10T18:00:03Z,2026-05-12T16:15:00Z,Priest Rapids Tailrace,Priest Rapids Tailrace - STEELHEAD,46.632369,-119.895442,0,3,PR13,TRUE,Active,Alive,Helicopter
G72233D77,GPUD_Survival,live_release,B,116,Lot 2,31H,196,63,2026-05-11,2026-05-10T18:00:58Z,2026-05-12T16:15:00Z,Priest Rapids Tailrace,Priest Rapids Tailrace - STEELHEAD,46.632369,-119.895442,0,3,PR13,TRUE,Active,Alive,Helicopter
G72A7AD72,GPUD_Survival,live_release,B,116,Lot 3,31H,189,57.70000076293945,2026-05-11,2026-05-10T18:01:24Z,2026-05-12T16:15:00Z,Priest Rapids Tailrace,Priest Rapids Tailrace - STEELHEAD,46.632369,-119.895442,0,3,PR13,TRUE,Active,Alive,Helicopter
G72B56284,GPUD_Survival,live_release,B,117,Lot 2,31W,166,43.70000076293945,2026-05-11,2026-05-10T18:01:59Z,2026-05-12T16:15:00Z,Priest Rapids Tailrace,Priest Rapids Tailrace - STEELHEAD,46.632369,-119.895442,0,3,PR13,TRUE,Active,Alive,Helicopter
G7231C083,GPUD_Survival,live_release,B,117,Lot 3,31H,166,42.099998474121094,2026-05-11,2026-05-10T18:02:33Z,2026-05-12T16:15:00Z,Priest Rapids Tailrace,Priest Rapids Tailrace - STEELHEAD,46.632369,-119.895442,0,3,PR13,TRUE,Active,Alive,Helicopter
G72622695,GPUD_Survival,live_release,B,118,Lot 3,31W,157,37,2026-05-11,2026-05-10T18:02:59Z,2026-05-12T16:15:00Z,Priest Rapids Tailrace,Priest Rapids Tailrace - STEELHEAD,46.632369,-119.895442,0,3,PR13,TRUE,Active,Alive,Helicopter
G7208E45E,GPUD_Survival,live_release,C,1,Lot 1,11W,141,26.5,2026-05-12,2026-05-11T16:11:12Z,2026-05-14T15:44:00Z,Rock Island Tailrace,Rock Island Tailrace - CHINOOK,47.341487,-120.090402,0,3,RC22,TRUE,Active,Alive,Helicopter
G72634255,GPUD_Survival,live_release,C,1,Lot 1,11H,133,21.600000381469727,2026-05-12,2026-05-11T16:11:43Z,2026-05-14T15:44:00Z,Rock Island Tailrace,Rock Island Tailrace - CHINOOK,47.341487,-120.090402,0,3,RC22,TRUE,Active,Alive,Helicopter
G7234A6C4,GPUD_Survival,live_release,C,2,Lot 3,11H,139,25.799999237060547,2026-05-12,2026-05-11T16:12:09Z,2026-05-14T15:44:00Z,Rock Island Tailrace,Rock Island Tailrace - CHINOOK,47.341487,-120.090402,0,3,RC22,TRUE,Active,Alive,Helicopter
G72B4CA2D,GPUD_Survival,live_release,C,2,Lot 2,11W,149,32.70000076293945,2026-05-12,2026-05-11T16:12:34Z,2026-05-14T15:44:00Z,Rock Island Tailrace,Rock Island Tailrace - CHINOOK,47.341487,-120.090402,0,3,RC22,TRUE,Active,Alive,Helicopter
G725F1890,GPUD_Survival,live_release,C,3,Lot 1,11H,158,37.900001525878906,2026-05-12,2026-05-11T16:13:02Z,2026-05-14T15:44:00Z,Rock Island Tailrace,Rock Island Tailrace - CHINOOK,47.341487,-120.090402,0,3,RC22,TRUE,Active,Alive,Helicopter
G72DF3B7E,GPUD_Survival,live_release,C,3,Lot 3,11H,123,19.600000381469727,2026-05-12,2026-05-11T16:13:23Z,2026-05-14T15:44:00Z,Rock Island Tailrace,Rock Island Tailrace - CHINOOK,47.341487,-120.090402,0,3,RC22,TRUE,Active,Alive,Helicopter
G72C158C9,GPUD_Survival,live_release,C,4,Lot 2,11H,123,18.100000381469727,2026-05-12,2026-05-11T16:13:51Z,2026-05-14T15:44:00Z,Rock Island Tailrace,Rock Island Tailrace - CHINOOK,47.341487,-120.090402,0,3,RC22,TRUE,Active,Alive,Helicopter
G728A2115,GPUD_Survival,live_release,C,4,Lot 3,11H,164,43.599998474121094,2026-05-12,2026-05-11T16:14:16Z,2026-05-14T15:44:00Z,Rock Island Tailrace,Rock Island Tailrace - CHINOOK,47.341487,-120.090402,0,3,RC22,TRUE,Active,Alive,Helicopter
G72A84D83,GPUD_Survival,live_release,C,5,Lot 2,11H,138,25.299999237060547,2026-05-12,2026-05-11T16:14:45Z,2026-05-14T15:44:00Z,Rock Island Tailrace,Rock Island Tailrace - CHINOOK,47.341487,-120.090402,0,3,RC22,TRUE,Active,Alive,Helicopter
G72793DE7,GPUD_Survival,live_release,C,5,Lot 1,11W,131,20.600000381469727,2026-05-12,2026-05-11T16:15:07Z,2026-05-14T15:44:00Z,Rock Island Tailrace,Rock Island Tailrace - CHINOOK,47.341487,-120.090402,0,3,RC22,TRUE,Active,Alive,Helicopter
G7272C04D,GPUD_Survival,live_release,C,6,Lot 1,11H,130,20.200000762939453,2026-05-12,2026-05-11T16:15:31Z,2026-05-14T15:44:00Z,Rock Island Tailrace,Rock Island Tailrace - CHINOOK,47.341487,-120.090402,0,3,RC22,TRUE,Active,Alive,Helicopter
G72B3A9C4,GPUD_Survival,live_release,C,6,Lot 1,11H,162,38.29999923706055,2026-05-12,2026-05-11T16:15:54Z,2026-05-14T15:44:00Z,Rock Island Tailrace,Rock Island Tailrace - CHINOOK,47.341487,-120.090402,0,3,RC22,TRUE,Active,Alive,Helicopter
G7276ECF6,GPUD_Survival,live_release,C,7,Lot 1,11H,133,23.799999237060547,2026-05-12,2026-05-11T16:17:00Z,2026-05-14T15:44:00Z,Rock Island Tailrace,Rock Island Tailrace - CHINOOK,47.341487,-120.090402,0,3,RC22,TRUE,Active,Alive,Helicopter
G726A1FC1,GPUD_Survival,live_release,C,7,Lot 2,11H,128,20.100000381469727,2026-05-12,2026-05-11T16:17:25Z,2026-05-14T15:44:00Z,Rock Island Tailrace,Rock Island Tailrace - CHINOOK,47.341487,-120.090402,0,3,RC22,TRUE,Active,Alive,Helicopter
G72DBC3F3,GPUD_Survival,live_release,C,8,Lot 3,11H,145,29.899999618530273,2026-05-12,2026-05-11T16:17:45Z,2026-05-14T15:44:00Z,Rock Island Tailrace,Rock Island Tailrace - CHINOOK,47.341487,-120.090402,0,3,RC22,TRUE,Active,Alive,Helicopter
G729A9FD4,GPUD_Survival,live_release,C,8,Lot 3,11H,140,25,2026-05-12,2026-05-11T16:18:11Z,2026-05-14T15:44:00Z,Rock Island Tailrace,Rock Island Tailrace - CHINOOK,47.341487,-120.090402,0,3,RC22,TRUE,Active,Alive,Helicopter
G72F492AF,GPUD_Survival,live_release,C,9,Lot 3,11H,160,40.20000076293945,2026-05-12,2026-05-11T16:19:26Z,2026-05-14T15:44:00Z,Rock Island Tailrace,Rock Island Tailrace - CHINOOK,47.341487,-120.090402,0,3,RC22,TRUE,Active,Alive,Helicopter
G725A7ED7,GPUD_Survival,live_release,C,9,Lot 1,11H,138,23.600000381469727,2026-05-12,2026-05-11T16:19:50Z,2026-05-14T15:44:00Z,Rock Island Tailrace,Rock Island Tailrace - CHINOOK,47.341487,-120.090402,0,3,RC22,TRUE,Active,Alive,Helicopter
G721014B0,GPUD_Survival,live_release,C,10,Lot 3,11H,155,33.400001525878906,2026-05-12,2026-05-11T16:20:21Z,2026-05-14T15:44:00Z,Rock Island Tailrace,Rock Island Tailrace - CHINOOK,47.341487,-120.090402,0,3,RC22,TRUE,Active,Alive,Helicopter
G72F1AB72,GPUD_Survival,live_release,C,10,Lot 1,11H,145,30.100000381469727,2026-05-12,2026-05-11T16:20:47Z,2026-05-14T15:44:00Z,Rock Island Tailrace,Rock Island Tailrace - CHINOOK,47.341487,-120.090402,0,3,RC22,TRUE,Active,Alive,Helicopter
G7225351F,GPUD_Survival,live_release,C,11,Lot 2,11H,131,21.700000762939453,2026-05-12,2026-05-11T16:21:24Z,2026-05-14T15:44:00Z,Rock Island Tailrace,Rock Island Tailrace - CHINOOK,47.341487,-120.090402,0,3,RC22,TRUE,Active,Alive,Helicopter
G724350B5,GPUD_Survival,live_release,C,11,Lot 2,11H,134,22.100000381469727,2026-05-12,2026-05-11T16:22:13Z,2026-05-14T15:44:00Z,Rock Island Tailrace,Rock Island Tailrace - CHINOOK,47.341487,-120.090402,0,3,RC22,TRUE,Active,Alive,Helicopter
G729A20A7,GPUD_Survival,live_release,C,12,Lot 1,11H,175,47.5,2026-05-12,2026-05-11T16:22:39Z,2026-05-14T15:44:00Z,Rock Island Tailrace,Rock Island Tailrace - CHINOOK,47.341487,-120.090402,0,3,RC22,TRUE,Active,Alive,Helicopter
G72B5D3E8,GPUD_Survival,live_release,C,12,Lot 1,11H,145,27.700000762939453,2026-05-12,2026-05-11T16:23:07Z,2026-05-14T15:44:00Z,Rock Island Tailrace,Rock Island Tailrace - CHINOOK,47.341487,-120.090402,0,3,RC22,TRUE,Active,Alive,Helicopter
G72D8EB47,GPUD_Survival,live_release,C,13,Lot 1,11W,135,22.200000762939453,2026-05-12,2026-05-11T16:24:02Z,2026-05-14T15:44:00Z,Rock Island Tailrace,Rock Island Tailrace - CHINOOK,47.341487,-120.090402,0,3,RC22,TRUE,Active,Alive,Helicopter
G72A874A1,GPUD_Survival,live_release,C,13,Lot 2,11W,156,35.400001525878906,2026-05-12,2026-05-11T16:24:23Z,2026-05-14T15:44:00Z,Rock Island Tailrace,Rock Island Tailrace - CHINOOK,47.341487,-120.090402,0,3,RC22,TRUE,Active,Alive,Helicopter
G72737FFA,GPUD_Survival,live_release,C,14,Lot 1,11H,154,38.400001525878906,2026-05-12,2026-05-11T16:25:19Z,2026-05-14T15:44:00Z,Rock Island Tailrace,Rock Island Tailrace - CHINOOK,47.341487,-120.090402,0,3,RC22,TRUE,Active,Alive,Helicopter
G726DA601,GPUD_Survival,live_release,C,14,Lot 2,11H,163,45.5,2026-05-12,2026-05-11T16:25:50Z,2026-05-14T15:44:00Z,Rock Island Tailrace,Rock Island Tailrace - CHINOOK,47.341487,-120.090402,0,3,RC22,TRUE,Active,Alive,Helicopter
G72981C2B,GPUD_Survival,live_release,C,15,Lot 3,11H,126,19.700000762939453,2026-05-12,2026-05-11T16:29:22Z,2026-05-14T15:44:00Z,Rock Island Tailrace,Rock Island Tailrace - CHINOOK,47.341487,-120.090402,0,3,RC22,TRUE,Active,Alive,Helicopter
G72BFA2A9,GPUD_Survival,live_release,C,15,Lot 1,11H,134,21.5,2026-05-12,2026-05-11T16:29:59Z,2026-05-14T15:44:00Z,Rock Island Tailrace,Rock Island Tailrace - CHINOOK,47.341487,-120.090402,0,3,RC22,TRUE,Active,Alive,Helicopter
G724311AD,GPUD_Survival,live_release,C,16,Lot 2,11H,135,24.200000762939453,2026-05-12,2026-05-11T16:30:43Z,2026-05-14T15:44:00Z,Rock Island Tailrace,Rock Island Tailrace - CHINOOK,47.341487,-120.090402,0,3,RC22,TRUE,Active,Alive,Helicopter
G72251A7D,GPUD_Survival,live_release,C,16,Lot 2,11H,145,30.5,2026-05-12,2026-05-11T16:32:02Z,2026-05-14T15:44:00Z,Rock Island Tailrace,Rock Island Tailrace - CHINOOK,47.341487,-120.090402,0,3,RC22,TRUE,Active,Alive,Helicopter
G7279DBD3,GPUD_Survival,live_release,C,17,Lot 1,11H,134,22.399999618530273,2026-05-12,2026-05-11T16:32:25Z,2026-05-14T15:44:00Z,Rock Island Tailrace,Rock Island Tailrace - CHINOOK,47.341487,-120.090402,0,3,RC22,TRUE,Active,Alive,Helicopter
G726389BF,GPUD_Survival,live_release,C,17,Lot 1,11H,143,25.899999618530273,2026-05-12,2026-05-11T16:32:58Z,2026-05-14T15:44:00Z,Rock Island Tailrace,Rock Island Tailrace - CHINOOK,47.341487,-120.090402,0,3,RC22,TRUE,Active,Alive,Helicopter
G728B3E0D,GPUD_Survival,live_release,C,18,Lot 1,11H,138,25.600000381469727,2026-05-12,2026-05-11T16:33:36Z,2026-05-14T15:44:00Z,Rock Island Tailrace,Rock Island Tailrace - CHINOOK,47.341487,-120.090402,0,3,RC22,TRUE,Active,Alive,Helicopter
G72AD0ED8,GPUD_Survival,live_release,C,18,Lot 1,11H,125,22.5,2026-05-12,2026-05-11T16:34:18Z,2026-05-14T15:44:00Z,Rock Island Tailrace,Rock Island Tailrace - CHINOOK,47.341487,-120.090402,0,3,RC22,TRUE,Active,Alive,Helicopter
G725CE9EF,GPUD_Survival,live_release,C,19,Lot 1,11H,155,37.099998474121094,2026-05-12,2026-05-11T16:34:57Z,2026-05-14T15:44:00Z,Rock Island Tailrace,Rock Island Tailrace - CHINOOK,47.341487,-120.090402,0,3,RC22,TRUE,Active,Alive,Helicopter
G7279D62E,GPUD_Survival,live_release,C,19,Lot 2,11H,133,22.399999618530273,2026-05-12,2026-05-11T16:35:23Z,2026-05-14T15:44:00Z,Rock Island Tailrace,Rock Island Tailrace - CHINOOK,47.341487,-120.090402,0,3,RC22,TRUE,Active,Alive,Helicopter
G724961B2,GPUD_Survival,live_release,C,20,Lot 1,11W,150,35,2026-05-12,2026-05-11T16:35:48Z,2026-05-14T15:44:00Z,Rock Island Tailrace,Rock Island Tailrace - CHINOOK,47.341487,-120.090402,0,3,RC22,TRUE,Active,Alive,Helicopter
G72DB0339,GPUD_Survival,live_release,C,20,Lot 1,11H,135,24.700000762939453,2026-05-12,2026-05-11T16:36:39Z,2026-05-14T15:44:00Z,Rock Island Tailrace,Rock Island Tailrace - CHINOOK,47.341487,-120.090402,0,3,RC22,TRUE,Active,Alive,Helicopter
G7299A120,GPUD_Survival,live_release,C,21,Lot 1,11H,133,22.399999618530273,2026-05-12,2026-05-11T16:37:02Z,2026-05-14T15:44:00Z,Rock Island Tailrace,Rock Island Tailrace - CHINOOK,47.341487,-120.090402,0,3,RC22,TRUE,Active,Alive,Helicopter
G72057C04,GPUD_Survival,live_release,C,67,Lot 1,11H,116,15.800000190734863,2026-05-12,2026-05-11T16:49:30Z,2026-05-14T16:30:00Z,Priest Rapids Tailrace,Priest Rapids Tailrace - CHINOOK,46.632369,-119.895442,0,3,PC19,TRUE,Active,Alive,Helicopter
G72EE2DD7,GPUD_Survival,live_release,C,67,Lot 1,11W,140,25.100000381469727,2026-05-12,2026-05-11T16:50:10Z,2026-05-14T16:30:00Z,Priest Rapids Tailrace,Priest Rapids Tailrace - CHINOOK,46.632369,-119.895442,0,3,PC19,TRUE,Active,Alive,Helicopter
G727A304F,GPUD_Survival,live_release,C,68,Lot 1,11H,144,24,2026-05-12,2026-05-11T16:50:35Z,2026-05-14T16:30:00Z,Priest Rapids Tailrace,Priest Rapids Tailrace - CHINOOK,46.632369,-119.895442,0,3,PC19,TRUE,Active,Alive,Helicopter
G724D2712,GPUD_Survival,live_release,C,68,Lot 2,11H,153,33.70000076293945,2026-05-12,2026-05-11T16:50:58Z,2026-05-14T16:30:00Z,Priest Rapids Tailrace,Priest Rapids Tailrace - CHINOOK,46.632369,-119.895442,0,3,PC19,TRUE,Active,Alive,Helicopter
G72C53DA8,GPUD_Survival,live_release,C,69,Lot 3,11H,135,23.5,2026-05-12,2026-05-11T16:51:27Z,2026-05-14T16:30:00Z,Priest Rapids Tailrace,Priest Rapids Tailrace - CHINOOK,46.632369,-119.895442,0,3,PC19,TRUE,Active,Alive,Helicopter
G721B863E,GPUD_Survival,live_release,C,69,Lot 2,11H,150,29.5,2026-05-12,2026-05-11T16:52:23Z,2026-05-14T16:30:00Z,Priest Rapids Tailrace,Priest Rapids Tailrace - CHINOOK,46.632369,-119.895442,0,3,PC19,TRUE,Active,Alive,Helicopter
G724F4404,GPUD_Survival,live_release,C,70,Lot 3,11H,145,29.200000762939453,2026-05-12,2026-05-11T16:52:47Z,2026-05-14T16:30:00Z,Priest Rapids Tailrace,Priest Rapids Tailrace - CHINOOK,46.632369,-119.895442,0,3,PC19,TRUE,Active,Alive,Helicopter
G72EB56F0,GPUD_Survival,live_release,C,70,Lot 1,11H,145,30.200000762939453,2026-05-12,2026-05-11T16:53:20Z,2026-05-14T16:30:00Z,Priest Rapids Tailrace,Priest Rapids Tailrace - CHINOOK,46.632369,-119.895442,0,3,PC19,TRUE,Active,Alive,Helicopter
G7208A127,GPUD_Survival,live_release,C,71,Lot 3,11W,149,31.600000381469727,2026-05-12,2026-05-11T16:53:44Z,2026-05-14T16:30:00Z,Priest Rapids Tailrace,Priest Rapids Tailrace - CHINOOK,46.632369,-119.895442,0,3,PC19,TRUE,Active,Alive,Helicopter
G72BE906F,GPUD_Survival,live_release,C,71,Lot 1,11H,105,11.399999618530273,2026-05-12,2026-05-11T16:54:07Z,2026-05-14T16:30:00Z,Priest Rapids Tailrace,Priest Rapids Tailrace - CHINOOK,46.632369,-119.895442,0,3,PC19,TRUE,Active,Alive,Helicopter
G729160C2,GPUD_Survival,live_release,C,72,Lot 3,11W,155,35.29999923706055,2026-05-12,2026-05-11T16:54:28Z,2026-05-14T16:30:00Z,Priest Rapids Tailrace,Priest Rapids Tailrace - CHINOOK,46.632369,-119.895442,0,3,PC19,TRUE,Active,Alive,Helicopter
G72A8A90B,GPUD_Survival,live_release,C,72,Lot 1,11H,151,35.5,2026-05-12,2026-05-11T16:55:42Z,2026-05-14T16:30:00Z,Priest Rapids Tailrace,Priest Rapids Tailrace - CHINOOK,46.632369,-119.895442,0,3,PC19,TRUE,Active,Alive,Helicopter
G72425B51,GPUD_Survival,live_release,C,73,Lot 2,11H,169,39.5,2026-05-12,2026-05-11T16:56:05Z,2026-05-14T16:30:00Z,Priest Rapids Tailrace,Priest Rapids Tailrace - CHINOOK,46.632369,-119.895442,0,3,PC19,TRUE,Active,Alive,Helicopter
G72D739B4,GPUD_Survival,live_release,C,74,Lot 1,11H,145,30.5,2026-05-12,2026-05-11T16:56:31Z,2026-05-14T16:30:00Z,Priest Rapids Tailrace,Priest Rapids Tailrace - CHINOOK,46.632369,-119.895442,0,3,PC19,TRUE,Active,Alive,Helicopter
G72D3EF05,GPUD_Survival,live_release,C,74,Lot 1,11H,145,29,2026-05-12,2026-05-11T16:56:57Z,2026-05-14T16:30:00Z,Priest Rapids Tailrace,Priest Rapids Tailrace - CHINOOK,46.632369,-119.895442,0,3,PC19,TRUE,Active,Alive,Helicopter
G7224AFB4,GPUD_Survival,live_release,C,74,Lot 2,11H,145,29,2026-05-12,2026-05-11T16:57:48Z,2026-05-14T16:30:00Z,Priest Rapids Tailrace,Priest Rapids Tailrace - CHINOOK,46.632369,-119.895442,0,3,PC19,TRUE,Active,Alive,Helicopter
G7204B935,GPUD_Survival,live_release,C,75,Lot 1,11H,128,18,2026-05-12,2026-05-11T16:58:27Z,2026-05-14T16:30:00Z,Priest Rapids Tailrace,Priest Rapids Tailrace - CHINOOK,46.632369,-119.895442,0,3,PC19,TRUE,Active,Alive,Helicopter
G7220C1F5,GPUD_Survival,live_release,C,75,Lot 2,11H,159,36.20000076293945,2026-05-12,2026-05-11T16:58:51Z,2026-05-14T16:30:00Z,Priest Rapids Tailrace,Priest Rapids Tailrace - CHINOOK,46.632369,-119.895442,0,3,PC19,TRUE,Active,Alive,Helicopter
G7247D002,GPUD_Survival,live_release,C,76,Lot 3,11H,153,33.099998474121094,2026-05-12,2026-05-11T16:59:19Z,2026-05-14T16:30:00Z,Priest Rapids Tailrace,Priest Rapids Tailrace - CHINOOK,46.632369,-119.895442,0,3,PC19,TRUE,Active,Alive,Helicopter
G72E69F2F,GPUD_Survival,live_release,C,76,Lot 2,11H,136,23.299999237060547,2026-05-12,2026-05-11T16:59:46Z,2026-05-14T16:30:00Z,Priest Rapids Tailrace,Priest Rapids Tailrace - CHINOOK,46.632369,-119.895442,0,3,PC19,TRUE,Active,Alive,Helicopter
G72993B4F,GPUD_Survival,live_release,C,77,Lot 1,11H,135,25.799999237060547,2026-05-12,2026-05-11T17:00:22Z,2026-05-14T16:30:00Z,Priest Rapids Tailrace,Priest Rapids Tailrace - CHINOOK,46.632369,-119.895442,0,3,PC19,TRUE,Active,Alive,Helicopter
G7210D01B,GPUD_Survival,live_release,C,77,Lot 1,11H,129,20.200000762939453,2026-05-12,2026-05-11T17:00:48Z,2026-05-14T16:30:00Z,Priest Rapids Tailrace,Priest Rapids Tailrace - CHINOOK,46.632369,-119.895442,0,3,PC19,TRUE,Active,Alive,Helicopter
G7252AEF6,GPUD_Survival,live_release,C,78,Lot 3,11W,153,32.79999923706055,2026-05-12,2026-05-11T17:01:12Z,2026-05-14T16:30:00Z,Priest Rapids Tailrace,Priest Rapids Tailrace - CHINOOK,46.632369,-119.895442,0,3,PC19,TRUE,Active,Alive,Helicopter
G7240A094,GPUD_Survival,live_release,C,78,Lot 2,11H,144,29.200000762939453,2026-05-12,2026-05-11T17:01:39Z,2026-05-14T16:30:00Z,Priest Rapids Tailrace,Priest Rapids Tailrace - CHINOOK,46.632369,-119.895442,0,3,PC19,TRUE,Active,Alive,Helicopter
G72EB72B2,GPUD_Survival,dead_release,C,79,Lot 1,11H,153,35.70000076293945,2026-05-12,2026-05-11T17:02:22Z,2026-05-14T16:30:00Z,Priest Rapids Tailrace,Priest Rapids Tailrace - CHINOOK,46.632369,-119.895442,1,3,PC19,FALSE,Active,Euthanized,Helicopter
G72B4FEF2,GPUD_Survival,dead_release,C,79,Lot 2,11H,135,18.600000381469727,2026-05-12,2026-05-11T17:02:48Z,2026-05-14T16:30:00Z,Priest Rapids Tailrace,Priest Rapids Tailrace - CHINOOK,46.632369,-119.895442,1,3,PC19,FALSE,Active,Euthanized,Helicopter
G72BAFDCC,GPUD_Survival,live_release,C,80,Lot 3,11H,145,30.200000762939453,2026-05-12,2026-05-11T17:03:28Z,2026-05-14T16:30:00Z,Priest Rapids Tailrace,Priest Rapids Tailrace - CHINOOK,46.632369,-119.895442,0,3,PC19,TRUE,Active,Alive,Helicopter
G72138FD4,GPUD_Survival,live_release,C,80,Lot 2,11H,129,19.5,2026-05-12,2026-05-11T17:03:52Z,2026-05-14T16:30:00Z,Priest Rapids Tailrace,Priest Rapids Tailrace - CHINOOK,46.632369,-119.895442,0,3,PC19,TRUE,Active,Alive,Helicopter
G72843535,GPUD_Survival,live_release,C,81,Lot 2,11H,158,33.70000076293945,2026-05-12,2026-05-11T17:04:17Z,2026-05-14T16:30:00Z,Priest Rapids Tailrace,Priest Rapids Tailrace - CHINOOK,46.632369,-119.895442,0,3,PC19,TRUE,Active,Alive,Helicopter
G7262A4A5,GPUD_Survival,live_release,C,81,Lot 3,11H,143,26.899999618530273,2026-05-12,2026-05-11T17:04:48Z,2026-05-14T16:30:00Z,Priest Rapids Tailrace,Priest Rapids Tailrace - CHINOOK,46.632369,-119.895442,0,3,PC19,TRUE,Active,Alive,Helicopter
G72612522,GPUD_Survival,live_release,C,82,Lot 2,11H,148,34,2026-05-12,2026-05-11T17:05:20Z,2026-05-14T16:30:00Z,Priest Rapids Tailrace,Priest Rapids Tailrace - CHINOOK,46.632369,-119.895442,0,3,PC19,TRUE,Active,Alive,Helicopter
G723D1C3A,GPUD_Survival,live_release,C,82,Lot 1,11H,145,29.600000381469727,2026-05-12,2026-05-11T17:06:29Z,2026-05-14T16:30:00Z,Priest Rapids Tailrace,Priest Rapids Tailrace - CHINOOK,46.632369,-119.895442,0,3,PC19,TRUE,Active,Alive,Helicopter
G72986411,GPUD_Survival,live_release,C,83,Lot 3,11H,146,31,2026-05-12,2026-05-11T17:06:52Z,2026-05-14T16:30:00Z,Priest Rapids Tailrace,Priest Rapids Tailrace - CHINOOK,46.632369,-119.895442,0,3,PC19,TRUE,Active,Alive,Helicopter
G724B3EB9,GPUD_Survival,live_release,C,83,Lot 2,11H,143,28.5,2026-05-12,2026-05-11T17:07:25Z,2026-05-14T16:30:00Z,Priest Rapids Tailrace,Priest Rapids Tailrace - CHINOOK,46.632369,-119.895442,0,3,PC19,TRUE,Active,Alive,Helicopter
G7269DF5E,GPUD_Survival,live_release,C,84,Lot 2,11H,145,31.5,2026-05-12,2026-05-11T17:08:24Z,2026-05-14T16:30:00Z,Priest Rapids Tailrace,Priest Rapids Tailrace - CHINOOK,46.632369,-119.895442,0,3,PC19,TRUE,Active,Alive,Helicopter
G72ED71FA,GPUD_Survival,live_release,C,39,Lot 2,31W,156,31.799999237060547,2026-05-12,2026-05-11T17:15:21Z,2026-05-14T15:44:00Z,Rock Island Tailrace,Rock Island Tailrace - STEELHEAD,47.341487,-120.090402,0,3,RI17,TRUE,Active,Alive,Helicopter
G72D82FEC,GPUD_Survival,live_release,C,34,Lot 1,31W,173,45.099998474121094,2026-05-12,2026-05-11T17:15:48Z,2026-05-14T15:44:00Z,Rock Island Tailrace,Rock Island Tailrace - STEELHEAD,47.341487,-120.090402,0,3,RI17,TRUE,Active,Alive,Helicopter
G728CB832,GPUD_Survival,live_release,C,35,Lot 1,31W,160,34.5,2026-05-12,2026-05-11T17:16:29Z,2026-05-14T15:44:00Z,Rock Island Tailrace,Rock Island Tailrace - STEELHEAD,47.341487,-120.090402,0,3,RI17,TRUE,Active,Alive,Helicopter
G72D1F88A,GPUD_Survival,live_release,C,35,Lot 3,31W,185,58,2026-05-12,2026-05-11T17:16:54Z,2026-05-14T15:44:00Z,Rock Island Tailrace,Rock Island Tailrace - STEELHEAD,47.341487,-120.090402,0,3,RI17,TRUE,Active,Alive,Helicopter
G72BCE6DB,GPUD_Survival,live_release,C,36,Lot 3,31W,156,34,2026-05-12,2026-05-11T17:17:12Z,2026-05-14T15:44:00Z,Rock Island Tailrace,Rock Island Tailrace - STEELHEAD,47.341487,-120.090402,0,3,RI17,TRUE,Active,Alive,Helicopter
G72EF7B15,GPUD_Survival,live_release,C,36,Lot 3,31H,171,42.5,2026-05-12,2026-05-11T17:18:00Z,2026-05-14T15:44:00Z,Rock Island Tailrace,Rock Island Tailrace - STEELHEAD,47.341487,-120.090402,0,3,RI17,TRUE,Active,Alive,Helicopter
G7215E05A,GPUD_Survival,live_release,C,37,Lot 3,31W,143,35.20000076293945,2026-05-12,2026-05-11T17:18:15Z,2026-05-14T15:44:00Z,Rock Island Tailrace,Rock Island Tailrace - STEELHEAD,47.341487,-120.090402,0,3,RI17,TRUE,Active,Alive,Helicopter
G72D75F0C,GPUD_Survival,live_release,C,37,Lot 1,31H,175,43.29999923706055,2026-05-12,2026-05-11T17:18:39Z,2026-05-14T15:44:00Z,Rock Island Tailrace,Rock Island Tailrace - STEELHEAD,47.341487,-120.090402,0,3,RI17,TRUE,Active,Alive,Helicopter
G7284E89F,GPUD_Survival,live_release,C,38,Lot 1,31W,194,36.79999923706055,2026-05-12,2026-05-11T17:19:16Z,2026-05-14T15:44:00Z,Rock Island Tailrace,Rock Island Tailrace - STEELHEAD,47.341487,-120.090402,0,3,RI17,TRUE,Active,Alive,Helicopter
G720A8277,GPUD_Survival,live_release,C,38,Lot 3,31W,155,28,2026-05-12,2026-05-11T17:19:45Z,2026-05-14T15:44:00Z,Rock Island Tailrace,Rock Island Tailrace - STEELHEAD,47.341487,-120.090402,0,3,RI17,TRUE,Active,Alive,Helicopter
G72DDA603,GPUD_Survival,live_release,C,39,Lot 3,31H,186,53.20000076293945,2026-05-12,2026-05-11T17:20:06Z,2026-05-14T15:44:00Z,Rock Island Tailrace,Rock Island Tailrace - STEELHEAD,47.341487,-120.090402,0,3,RI17,TRUE,Active,Alive,Helicopter
G72CFEC46,GPUD_Survival,live_release,C,39,Lot 3,31H,185,57.79999923706055,2026-05-12,2026-05-11T17:20:34Z,2026-05-14T15:44:00Z,Rock Island Tailrace,Rock Island Tailrace - STEELHEAD,47.341487,-120.090402,0,3,RI17,TRUE,Active,Alive,Helicopter
G72AE3F6D,GPUD_Survival,live_release,C,40,Lot 3,31H,195,63.599998474121094,2026-05-12,2026-05-11T17:20:55Z,2026-05-14T15:44:00Z,Rock Island Tailrace,Rock Island Tailrace - STEELHEAD,47.341487,-120.090402,0,3,RI17,TRUE,Active,Alive,Helicopter
G72AAC55C,GPUD_Survival,live_release,C,40,Lot 3,31W,124,44.79999923706055,2026-05-12,2026-05-11T17:21:20Z,2026-05-14T15:44:00Z,Rock Island Tailrace,Rock Island Tailrace - STEELHEAD,47.341487,-120.090402,0,3,RI17,TRUE,Active,Alive,Helicopter
G7211B878,GPUD_Survival,live_release,C,41,Lot 3,31W,193,64.69999694824219,2026-05-12,2026-05-11T17:21:40Z,2026-05-14T15:44:00Z,Rock Island Tailrace,Rock Island Tailrace - STEELHEAD,47.341487,-120.090402,0,3,RI17,TRUE,Active,Alive,Helicopter
G7252A634,GPUD_Survival,dead_release,C,41,Lot 3,31H,194,53.099998474121094,2026-05-12,2026-05-11T17:23:19Z,2026-05-14T16:30:00Z,Priest Rapids Tailrace,Priest Rapids Tailrace - STEELHEAD,46.632369,-119.895442,1,3,PR14,FALSE,Active,Mortality,Helicopter
G72ADDBB0,GPUD_Survival,live_release,C,42,Lot 1,31W,167,42.900001525878906,2026-05-12,2026-05-11T17:23:43Z,2026-05-14T15:44:00Z,Rock Island Tailrace,Rock Island Tailrace - STEELHEAD,47.341487,-120.090402,0,3,RI17,TRUE,Active,Alive,Helicopter
G72382605,GPUD_Survival,live_release,C,42,Lot 2,31H,193,60.900001525878906,2026-05-12,2026-05-11T17:24:08Z,2026-05-14T15:44:00Z,Rock Island Tailrace,Rock Island Tailrace - STEELHEAD,47.341487,-120.090402,0,3,RI17,TRUE,Active,Alive,Helicopter
G724D222D,GPUD_Survival,live_release,C,43,Lot 2,31W,160,36.900001525878906,2026-05-12,2026-05-11T17:24:26Z,2026-05-14T15:44:00Z,Rock Island Tailrace,Rock Island Tailrace - STEELHEAD,47.341487,-120.090402,0,3,RI17,TRUE,Active,Alive,Helicopter
G7274B3FD,GPUD_Survival,live_release,C,43,Lot 3,31W,135,21.299999237060547,2026-05-12,2026-05-11T17:24:55Z,2026-05-14T15:44:00Z,Rock Island Tailrace,Rock Island Tailrace - STEELHEAD,47.341487,-120.090402,0,3,RI17,TRUE,Active,Alive,Helicopter
G7216F1CC,GPUD_Survival,live_release,C,44,Lot 2,31H,160,34.29999923706055,2026-05-12,2026-05-11T17:25:18Z,2026-05-14T15:44:00Z,Rock Island Tailrace,Rock Island Tailrace - STEELHEAD,47.341487,-120.090402,0,3,RI17,TRUE,Active,Alive,Helicopter
G7276B4EF,GPUD_Survival,dead_release,C,44,Lot 1,31H,171,21.100000381469727,2026-05-12,2026-05-11T17:25:42Z,2026-05-14T16:30:00Z,Priest Rapids Tailrace,Priest Rapids Tailrace - STEELHEAD,46.632369,-119.895442,1,3,PR14,FALSE,Active,Mortality,Helicopter
G728C53FB,GPUD_Survival,live_release,C,45,Lot 2,31H,174,45.099998474121094,2026-05-12,2026-05-11T17:26:19Z,2026-05-14T15:44:00Z,Rock Island Tailrace,Rock Island Tailrace - STEELHEAD,47.341487,-120.090402,0,3,RI17,TRUE,Active,Alive,Helicopter
G729470A0,GPUD_Survival,live_release,C,45,Lot 1,31W,160,39.29999923706055,2026-05-12,2026-05-11T17:27:10Z,2026-05-14T15:44:00Z,Rock Island Tailrace,Rock Island Tailrace - STEELHEAD,47.341487,-120.090402,0,3,RI17,TRUE,Active,Alive,Helicopter
G72B795E2,GPUD_Survival,live_release,C,46,Lot 1,31H,181,51.400001525878906,2026-05-12,2026-05-11T17:27:38Z,2026-05-14T15:44:00Z,Rock Island Tailrace,Rock Island Tailrace - STEELHEAD,47.341487,-120.090402,0,3,RI17,TRUE,Active,Alive,Helicopter
G7216CDD1,GPUD_Survival,live_release,C,46,Lot 2,31W,158,33.5,2026-05-12,2026-05-11T17:28:01Z,2026-05-14T15:44:00Z,Rock Island Tailrace,Rock Island Tailrace - STEELHEAD,47.341487,-120.090402,0,3,RI17,TRUE,Active,Alive,Helicopter
G72E64F78,GPUD_Survival,live_release,C,47,Lot 1,31W,181,54.900001525878906,2026-05-12,2026-05-11T17:28:25Z,2026-05-14T15:44:00Z,Rock Island Tailrace,Rock Island Tailrace - STEELHEAD,47.341487,-120.090402,0,3,RI17,TRUE,Active,Alive,Helicopter
G72A9BC6D,GPUD_Survival,live_release,C,47,Lot 2,31W,176,44.70000076293945,2026-05-12,2026-05-11T17:28:52Z,2026-05-14T15:44:00Z,Rock Island Tailrace,Rock Island Tailrace - STEELHEAD,47.341487,-120.090402,0,3,RI17,TRUE,Active,Alive,Helicopter
G72A427D5,GPUD_Survival,live_release,C,48,Lot 3,31W,137,23.799999237060547,2026-05-12,2026-05-11T17:29:20Z,2026-05-14T15:44:00Z,Rock Island Tailrace,Rock Island Tailrace - STEELHEAD,47.341487,-120.090402,0,3,RI17,TRUE,Active,Alive,Helicopter
G72A6FE8F,GPUD_Survival,live_release,C,48,Lot 3,31W,165,40.400001525878906,2026-05-12,2026-05-11T17:29:46Z,2026-05-14T15:44:00Z,Rock Island Tailrace,Rock Island Tailrace - STEELHEAD,47.341487,-120.090402,0,3,RI17,TRUE,Active,Alive,Helicopter
G72018BC8,GPUD_Survival,live_release,C,49,Lot 2,31W,180,50.400001525878906,2026-05-12,2026-05-11T17:30:20Z,2026-05-14T15:44:00Z,Rock Island Tailrace,Rock Island Tailrace - STEELHEAD,47.341487,-120.090402,0,3,RI17,TRUE,Active,Alive,Helicopter
G72211038,GPUD_Survival,live_release,C,49,Lot 2,31W,169,44.20000076293945,2026-05-12,2026-05-11T17:33:00Z,2026-05-14T15:44:00Z,Rock Island Tailrace,Rock Island Tailrace - STEELHEAD,47.341487,-120.090402,0,3,RI17,TRUE,Active,Alive,Helicopter
G7298BF66,GPUD_Survival,live_release,C,50,Lot 3,31W,155,31.399999618530273,2026-05-12,2026-05-11T17:33:16Z,2026-05-14T15:44:00Z,Rock Island Tailrace,Rock Island Tailrace - STEELHEAD,47.341487,-120.090402,0,3,RI17,TRUE,Active,Alive,Helicopter
G72BD4CCE,GPUD_Survival,live_release,C,50,Lot 3,31W,189,53.29999923706055,2026-05-12,2026-05-11T17:33:39Z,2026-05-14T15:44:00Z,Rock Island Tailrace,Rock Island Tailrace - STEELHEAD,47.341487,-120.090402,0,3,RI17,TRUE,Active,Alive,Helicopter
G7206B3DA,GPUD_Survival,live_release,C,51,Lot 2,31W,175,47,2026-05-12,2026-05-11T17:34:08Z,2026-05-14T15:44:00Z,Rock Island Tailrace,Rock Island Tailrace - STEELHEAD,47.341487,-120.090402,0,3,RI17,TRUE,Active,Alive,Helicopter
G728D34D9,GPUD_Survival,live_release,C,51,Lot 3,31W,143,26.899999618530273,2026-05-12,2026-05-11T17:34:54Z,2026-05-14T15:44:00Z,Rock Island Tailrace,Rock Island Tailrace - STEELHEAD,47.341487,-120.090402,0,3,RI17,TRUE,Active,Alive,Helicopter
G72D13FC3,GPUD_Survival,live_release,C,52,Lot 1,31H,184,53.900001525878906,2026-05-12,2026-05-11T17:35:34Z,2026-05-14T15:44:00Z,Rock Island Tailrace,Rock Island Tailrace - STEELHEAD,47.341487,-120.090402,0,3,RI17,TRUE,Active,Alive,Helicopter
G72EF598A,GPUD_Survival,live_release,C,52,Lot 1,31W,154,30.899999618530273,2026-05-12,2026-05-11T17:38:08Z,2026-05-14T15:44:00Z,Rock Island Tailrace,Rock Island Tailrace - STEELHEAD,47.341487,-120.090402,0,3,RI17,TRUE,Active,Alive,Helicopter
G723F2FF7,GPUD_Survival,live_release,C,53,Lot 2,31H,145,24,2026-05-12,2026-05-11T17:39:12Z,2026-05-14T15:44:00Z,Rock Island Tailrace,Rock Island Tailrace - STEELHEAD,47.341487,-120.090402,0,3,RI17,TRUE,Active,Alive,Helicopter
G724BBE35,GPUD_Survival,live_release,C,53,Lot 1,31H,182,39.5,2026-05-12,2026-05-11T17:39:57Z,2026-05-14T15:44:00Z,Rock Island Tailrace,Rock Island Tailrace - STEELHEAD,47.341487,-120.090402,0,3,RI17,TRUE,Active,Alive,Helicopter
G728737DC,GPUD_Survival,live_release,C,54,Lot 3,31H,159,34.70000076293945,2026-05-12,2026-05-11T17:40:32Z,2026-05-14T15:44:00Z,Rock Island Tailrace,Rock Island Tailrace - STEELHEAD,47.341487,-120.090402,0,3,RI17,TRUE,Active,Alive,Helicopter
G72FB359B,GPUD_Survival,live_release,C,54,Lot 1,31W,144,27.399999618530273,2026-05-12,2026-05-11T17:41:25Z,2026-05-14T15:44:00Z,Rock Island Tailrace,Rock Island Tailrace - STEELHEAD,47.341487,-120.090402,0,3,RI17,TRUE,Active,Alive,Helicopter
G7282F06A,GPUD_Survival,live_release,B,100,Lot 3,31W,170,43.900001525878906,2026-05-12,2026-05-11T17:48:35Z,2026-05-14T16:30:00Z,Priest Rapids Tailrace,Priest Rapids Tailrace - STEELHEAD,46.632369,-119.895442,0,3,PR14,TRUE,Active,Alive,Helicopter
G726D54C9,GPUD_Survival,live_release,B,100,Lot 2,31W,150,28,2026-05-12,2026-05-11T17:49:13Z,2026-05-14T16:30:00Z,Priest Rapids Tailrace,Priest Rapids Tailrace - STEELHEAD,46.632369,-119.895442,0,3,PR14,TRUE,Active,Alive,Helicopter
G724621EC,GPUD_Survival,live_release,B,101,Lot 1,31W,160,40.900001525878906,2026-05-12,2026-05-11T17:49:54Z,2026-05-14T16:30:00Z,Priest Rapids Tailrace,Priest Rapids Tailrace - STEELHEAD,46.632369,-119.895442,0,3,PR14,TRUE,Active,Alive,Helicopter
G723FFA9F,GPUD_Survival,live_release,B,101,Lot 2,31W,198,69.4000015258789,2026-05-12,2026-05-11T17:50:32Z,2026-05-14T16:30:00Z,Priest Rapids Tailrace,Priest Rapids Tailrace - STEELHEAD,46.632369,-119.895442,0,3,PR14,TRUE,Active,Alive,Helicopter
G72415298,GPUD_Survival,live_release,B,102,Lot 2,31H,192,63.29999923706055,2026-05-12,2026-05-11T17:50:51Z,2026-05-14T16:30:00Z,Priest Rapids Tailrace,Priest Rapids Tailrace - STEELHEAD,46.632369,-119.895442,0,3,PR14,TRUE,Active,Alive,Helicopter
G72B01B1F,GPUD_Survival,live_release,B,102,Lot 1,31H,178,45.099998474121094,2026-05-12,2026-05-11T17:51:28Z,2026-05-14T16:30:00Z,Priest Rapids Tailrace,Priest Rapids Tailrace - STEELHEAD,46.632369,-119.895442,0,3,PR14,TRUE,Active,Alive,Helicopter
G72324898,GPUD_Survival,live_release,B,103,Lot 3,31H,182,52.900001525878906,2026-05-12,2026-05-11T17:52:13Z,2026-05-14T16:30:00Z,Priest Rapids Tailrace,Priest Rapids Tailrace - STEELHEAD,46.632369,-119.895442,0,3,PR14,TRUE,Active,Alive,Helicopter
G72AEB862,GPUD_Survival,live_release,B,103,Lot 3,31W,166,41.099998474121094,2026-05-12,2026-05-11T17:52:36Z,2026-05-14T16:30:00Z,Priest Rapids Tailrace,Priest Rapids Tailrace - STEELHEAD,46.632369,-119.895442,0,3,PR14,TRUE,Active,Alive,Helicopter
G7244F7F7,GPUD_Survival,live_release,B,104,Lot 2,31H,167,39.099998474121094,2026-05-12,2026-05-11T17:53:07Z,2026-05-14T16:30:00Z,Priest Rapids Tailrace,Priest Rapids Tailrace - STEELHEAD,46.632369,-119.895442,0,3,PR14,TRUE,Active,Alive,Helicopter
G725B3888,GPUD_Survival,live_release,B,104,Lot 1,31H,201,75.69999694824219,2026-05-12,2026-05-11T17:53:33Z,2026-05-14T16:30:00Z,Priest Rapids Tailrace,Priest Rapids Tailrace - STEELHEAD,46.632369,-119.895442,0,3,PR14,TRUE,Active,Alive,Helicopter
G72DCBFC6,GPUD_Survival,live_release,B,105,Lot 3,31H,160,37.400001525878906,2026-05-12,2026-05-11T17:53:57Z,2026-05-14T16:30:00Z,Priest Rapids Tailrace,Priest Rapids Tailrace - STEELHEAD,46.632369,-119.895442,0,3,PR14,TRUE,Active,Alive,Helicopter
G72B930AE,GPUD_Survival,live_release,B,105,Lot 3,31H,182,48.20000076293945,2026-05-12,2026-05-11T17:54:22Z,2026-05-14T16:30:00Z,Priest Rapids Tailrace,Priest Rapids Tailrace - STEELHEAD,46.632369,-119.895442,0,3,PR14,TRUE,Active,Alive,Helicopter
G72B2134C,GPUD_Survival,live_release,B,106,Lot 1,31H,150,27.399999618530273,2026-05-12,2026-05-11T17:54:44Z,2026-05-14T16:30:00Z,Priest Rapids Tailrace,Priest Rapids Tailrace - STEELHEAD,46.632369,-119.895442,0,3,PR14,TRUE,Active,Alive,Helicopter
G726B20FA,GPUD_Survival,live_release,B,106,Lot 2,31W,152,30.899999618530273,2026-05-12,2026-05-11T17:55:08Z,2026-05-14T16:30:00Z,Priest Rapids Tailrace,Priest Rapids Tailrace - STEELHEAD,46.632369,-119.895442,0,3,PR14,TRUE,Active,Alive,Helicopter
G7289E5EB,GPUD_Survival,live_release,B,107,Lot 3,31W,144,27.399999618530273,2026-05-12,2026-05-11T17:55:46Z,2026-05-14T16:30:00Z,Priest Rapids Tailrace,Priest Rapids Tailrace - STEELHEAD,46.632369,-119.895442,0,3,PR14,TRUE,Active,Alive,Helicopter
G72983D56,GPUD_Survival,live_release,B,107,Lot 3,31H,176,47.900001525878906,2026-05-12,2026-05-11T17:56:55Z,2026-05-14T16:30:00Z,Priest Rapids Tailrace,Priest Rapids Tailrace - STEELHEAD,46.632369,-119.895442,0,3,PR14,TRUE,Active,Alive,Helicopter
G72386222,GPUD_Survival,live_release,B,108,Lot 2,31W,162,38.099998474121094,2026-05-12,2026-05-11T17:57:22Z,2026-05-14T16:30:00Z,Priest Rapids Tailrace,Priest Rapids Tailrace - STEELHEAD,46.632369,-119.895442,0,3,PR14,TRUE,Active,Alive,Helicopter
G72F42B01,GPUD_Survival,live_release,B,108,Lot 2,31W,171,46.29999923706055,2026-05-12,2026-05-11T17:57:57Z,2026-05-14T16:30:00Z,Priest Rapids Tailrace,Priest Rapids Tailrace - STEELHEAD,46.632369,-119.895442,0,3,PR14,TRUE,Active,Alive,Helicopter
G727329FC,GPUD_Survival,live_release,B,109,Lot 1,31W,153,29.899999618530273,2026-05-12,2026-05-11T17:58:26Z,2026-05-14T16:30:00Z,Priest Rapids Tailrace,Priest Rapids Tailrace - STEELHEAD,46.632369,-119.895442,0,3,PR14,TRUE,Active,Alive,Helicopter
G725271E0,GPUD_Survival,live_release,B,109,Lot 3,31W,150,29.299999237060547,2026-05-12,2026-05-11T17:59:25Z,2026-05-14T16:30:00Z,Priest Rapids Tailrace,Priest Rapids Tailrace - STEELHEAD,46.632369,-119.895442,0,3,PR14,TRUE,Active,Alive,Helicopter
G722244D7,GPUD_Survival,live_release,B,110,Lot 3,31H,169,41.900001525878906,2026-05-12,2026-05-11T18:00:01Z,2026-05-14T16:30:00Z,Priest Rapids Tailrace,Priest Rapids Tailrace - STEELHEAD,46.632369,-119.895442,0,3,PR14,TRUE,Active,Alive,Helicopter
G72989B24,GPUD_Survival,live_release,B,110,Lot 3,31W,145,30.5,2026-05-12,2026-05-11T18:00:51Z,2026-05-14T16:30:00Z,Priest Rapids Tailrace,Priest Rapids Tailrace - STEELHEAD,46.632369,-119.895442,0,3,PR14,TRUE,Active,Alive,Helicopter
G728B4976,GPUD_Survival,live_release,B,111,Lot 2,31W,173,41.400001525878906,2026-05-12,2026-05-11T18:01:19Z,2026-05-14T16:30:00Z,Priest Rapids Tailrace,Priest Rapids Tailrace - STEELHEAD,46.632369,-119.895442,0,3,PR14,TRUE,Active,Alive,Helicopter
G723B8C81,GPUD_Survival,live_release,B,111,Lot 2,31W,165,40,2026-05-12,2026-05-11T18:02:18Z,2026-05-14T16:30:00Z,Priest Rapids Tailrace,Priest Rapids Tailrace - STEELHEAD,46.632369,-119.895442,0,3,PR14,TRUE,Active,Alive,Helicopter
G72D91335,GPUD_Survival,live_release,B,112,Lot 1,31W,182,48.20000076293945,2026-05-12,2026-05-11T18:02:44Z,2026-05-14T16:30:00Z,Priest Rapids Tailrace,Priest Rapids Tailrace - STEELHEAD,46.632369,-119.895442,0,3,PR14,TRUE,Active,Alive,Helicopter
G72E37078,GPUD_Survival,live_release,B,112,Lot 3,31W,155,31.600000381469727,2026-05-12,2026-05-11T18:03:11Z,2026-05-14T16:30:00Z,Priest Rapids Tailrace,Priest Rapids Tailrace - STEELHEAD,46.632369,-119.895442,0,3,PR14,TRUE,Active,Alive,Helicopter
G72EDBF2F,GPUD_Survival,live_release,B,113,Lot 2,31W,195,59.5,2026-05-12,2026-05-11T18:03:40Z,2026-05-14T16:30:00Z,Priest Rapids Tailrace,Priest Rapids Tailrace - STEELHEAD,46.632369,-119.895442,0,3,PR14,TRUE,Active,Alive,Helicopter
G72952662,GPUD_Survival,live_release,B,113,Lot 1,31W,177,50.79999923706055,2026-05-12,2026-05-11T18:04:03Z,2026-05-14T16:30:00Z,Priest Rapids Tailrace,Priest Rapids Tailrace - STEELHEAD,46.632369,-119.895442,0,3,PR14,TRUE,Active,Alive,Helicopter
G72B2D386,GPUD_Survival,live_release,B,114,Lot 1,31W,155,34.599998474121094,2026-05-12,2026-05-11T18:04:47Z,2026-05-14T16:30:00Z,Priest Rapids Tailrace,Priest Rapids Tailrace - STEELHEAD,46.632369,-119.895442,0,3,PR14,TRUE,Active,Alive,Helicopter
G72BD2B28,GPUD_Survival,live_release,B,114,Lot 3,31W,209,78.5,2026-05-12,2026-05-11T18:05:13Z,2026-05-14T16:30:00Z,Priest Rapids Tailrace,Priest Rapids Tailrace - STEELHEAD,46.632369,-119.895442,0,3,PR14,TRUE,Active,Alive,Helicopter
G726FB753,GPUD_Survival,live_release,B,115,Lot 2,31W,181,51.20000076293945,2026-05-12,2026-05-11T18:05:39Z,2026-05-14T16:30:00Z,Priest Rapids Tailrace,Priest Rapids Tailrace - STEELHEAD,46.632369,-119.895442,0,3,PR14,TRUE,Active,Alive,Helicopter
G7249C69E,GPUD_Survival,live_release,B,115,Lot 2,31W,141,25.600000381469727,2026-05-12,2026-05-11T18:06:54Z,2026-05-14T16:30:00Z,Priest Rapids Tailrace,Priest Rapids Tailrace - STEELHEAD,46.632369,-119.895442,0,3,PR14,TRUE,Active,Alive,Helicopter
G72D92556,GPUD_Survival,live_release,B,116,Lot 1,31H,151,30.399999618530273,2026-05-12,2026-05-11T18:07:16Z,2026-05-14T16:30:00Z,Priest Rapids Tailrace,Priest Rapids Tailrace - STEELHEAD,46.632369,-119.895442,0,3,PR14,TRUE,Active,Alive,Helicopter
G727512C8,GPUD_Survival,live_release,B,116,Lot 3,31W,142,22.899999618530273,2026-05-12,2026-05-11T18:07:39Z,2026-05-14T16:30:00Z,Priest Rapids Tailrace,Priest Rapids Tailrace - STEELHEAD,46.632369,-119.895442,0,3,PR14,TRUE,Active,Alive,Helicopter
G724238D6,GPUD_Survival,live_release,B,117,Lot 2,31W,175,44.20000076293945,2026-05-12,2026-05-11T18:08:03Z,2026-05-14T16:30:00Z,Priest Rapids Tailrace,Priest Rapids Tailrace - STEELHEAD,46.632369,-119.895442,0,3,PR14,TRUE,Active,Alive,Helicopter
G7276FF89,GPUD_Survival,live_release,B,117,Lot 1,31W,143,26.100000381469727,2026-05-12,2026-05-11T18:08:35Z,2026-05-14T16:30:00Z,Priest Rapids Tailrace,Priest Rapids Tailrace - STEELHEAD,46.632369,-119.895442,0,3,PR14,TRUE,Active,Alive,Helicopter
G7259DDCF,GPUD_Survival,live_release,C,1,Lot 1,11H,140,27.799999237060547,2026-05-14,2026-05-12T16:10:34Z,2026-05-15T16:06:00Z,Rock Island Tailrace,Rock Island Tailrace - CHINOOK,47.341487,-120.090402,0,3,RC23,TRUE,Active,Alive,Helicopter
G72388CD4,GPUD_Survival,live_release,C,1,Lot 2,11H,145,30.200000762939453,2026-05-14,2026-05-12T16:11:05Z,2026-05-15T16:06:00Z,Rock Island Tailrace,Rock Island Tailrace - CHINOOK,47.341487,-120.090402,0,3,RC23,TRUE,Active,Alive,Helicopter
G72084D6D,GPUD_Survival,live_release,C,2,Lot 3,11H,139,24.299999237060547,2026-05-14,2026-05-12T16:11:30Z,2026-05-15T16:06:00Z,Rock Island Tailrace,Rock Island Tailrace - CHINOOK,47.341487,-120.090402,0,3,RC23,TRUE,Active,Alive,Helicopter
G724FC975,GPUD_Survival,live_release,C,2,Lot 3,11H,145,23.399999618530273,2026-05-14,2026-05-12T16:12:01Z,2026-05-15T16:06:00Z,Rock Island Tailrace,Rock Island Tailrace - CHINOOK,47.341487,-120.090402,0,3,RC23,TRUE,Active,Alive,Helicopter
G725C2205,GPUD_Survival,live_release,C,3,Lot 1,11H,149,31.700000762939453,2026-05-14,2026-05-12T16:12:24Z,2026-05-15T16:06:00Z,Rock Island Tailrace,Rock Island Tailrace - CHINOOK,47.341487,-120.090402,0,3,RC23,TRUE,Active,Alive,Helicopter
G72B19B57,GPUD_Survival,live_release,C,3,Lot 1,11H,144,28.100000381469727,2026-05-14,2026-05-12T16:13:10Z,2026-05-15T16:06:00Z,Rock Island Tailrace,Rock Island Tailrace - CHINOOK,47.341487,-120.090402,0,3,RC23,TRUE,Active,Alive,Helicopter
G727C591C,GPUD_Survival,live_release,C,4,Lot 2,11H,164,40.70000076293945,2026-05-14,2026-05-12T16:14:41Z,2026-05-15T16:06:00Z,Rock Island Tailrace,Rock Island Tailrace - CHINOOK,47.341487,-120.090402,0,3,RC23,TRUE,Active,Alive,Helicopter
G726C21CA,GPUD_Survival,live_release,C,4,Lot 2,11H,145,28.899999618530273,2026-05-14,2026-05-12T16:15:28Z,2026-05-15T16:06:00Z,Rock Island Tailrace,Rock Island Tailrace - CHINOOK,47.341487,-120.090402,0,3,RC23,TRUE,Active,Alive,Helicopter
G728E6509,GPUD_Survival,live_release,C,5,Lot 3,11H,159,28.899999618530273,2026-05-14,2026-05-12T16:16:48Z,2026-05-15T16:06:00Z,Rock Island Tailrace,Rock Island Tailrace - CHINOOK,47.341487,-120.090402,0,3,RC23,TRUE,Active,Alive,Helicopter
G7239159D,GPUD_Survival,live_release,C,5,Lot 2,11W,108,14.800000190734863,2026-05-14,2026-05-12T16:17:24Z,2026-05-15T16:06:00Z,Rock Island Tailrace,Rock Island Tailrace - CHINOOK,47.341487,-120.090402,0,3,RC23,TRUE,Active,Alive,Helicopter
G728AD03F,GPUD_Survival,live_release,C,6,Lot 3,11H,132,21.399999618530273,2026-05-14,2026-05-12T16:18:00Z,2026-05-15T16:06:00Z,Rock Island Tailrace,Rock Island Tailrace - CHINOOK,47.341487,-120.090402,0,3,RC23,TRUE,Active,Alive,Helicopter
G72E7C393,GPUD_Survival,live_release,C,6,Lot 2,11H,141,26.100000381469727,2026-05-14,2026-05-12T16:18:17Z,2026-05-15T16:06:00Z,Rock Island Tailrace,Rock Island Tailrace - CHINOOK,47.341487,-120.090402,0,3,RC23,TRUE,Active,Alive,Helicopter
G72D268CE,GPUD_Survival,live_release,C,7,Lot 2,11H,135,25.200000762939453,2026-05-14,2026-05-12T16:18:40Z,2026-05-15T16:06:00Z,Rock Island Tailrace,Rock Island Tailrace - CHINOOK,47.341487,-120.090402,0,3,RC23,TRUE,Active,Alive,Helicopter
G72F79427,GPUD_Survival,live_release,C,7,Lot 3,11H,153,34.099998474121094,2026-05-14,2026-05-12T16:19:01Z,2026-05-15T16:06:00Z,Rock Island Tailrace,Rock Island Tailrace - CHINOOK,47.341487,-120.090402,0,3,RC23,TRUE,Active,Alive,Helicopter
G72D712B7,GPUD_Survival,live_release,C,8,Lot 1,11H,134,22,2026-05-14,2026-05-12T16:20:33Z,2026-05-15T16:06:00Z,Rock Island Tailrace,Rock Island Tailrace - CHINOOK,47.341487,-120.090402,0,3,RC23,TRUE,Active,Alive,Helicopter
G72819104,GPUD_Survival,live_release,C,8,Lot 1,11W,130,18.899999618530273,2026-05-14,2026-05-12T16:21:10Z,2026-05-15T16:06:00Z,Rock Island Tailrace,Rock Island Tailrace - CHINOOK,47.341487,-120.090402,0,3,RC23,TRUE,Active,Alive,Helicopter
G722D6D70,GPUD_Survival,live_release,C,9,Lot 1,11H,140,27.399999618530273,2026-05-14,2026-05-12T16:21:37Z,2026-05-15T16:06:00Z,Rock Island Tailrace,Rock Island Tailrace - CHINOOK,47.341487,-120.090402,0,3,RC23,TRUE,Active,Alive,Helicopter
G72B8E3DF,GPUD_Survival,live_release,C,9,Lot 3,11H,159,37.400001525878906,2026-05-14,2026-05-12T16:22:05Z,2026-05-15T16:06:00Z,Rock Island Tailrace,Rock Island Tailrace - CHINOOK,47.341487,-120.090402,0,3,RC23,TRUE,Active,Alive,Helicopter
G72906CA5,GPUD_Survival,live_release,C,10,Lot 2,11H,146,28.5,2026-05-14,2026-05-12T16:22:32Z,2026-05-15T16:06:00Z,Rock Island Tailrace,Rock Island Tailrace - CHINOOK,47.341487,-120.090402,0,3,RC23,TRUE,Active,Alive,Helicopter
G72296874,GPUD_Survival,live_release,C,10,Lot 2,11H,155,35.599998474121094,2026-05-14,2026-05-12T16:22:57Z,2026-05-15T16:06:00Z,Rock Island Tailrace,Rock Island Tailrace - CHINOOK,47.341487,-120.090402,0,3,RC23,TRUE,Active,Alive,Helicopter
G722762D6,GPUD_Survival,live_release,C,11,Lot 1,11H,130,20.399999618530273,2026-05-14,2026-05-12T16:23:27Z,2026-05-15T16:06:00Z,Rock Island Tailrace,Rock Island Tailrace - CHINOOK,47.341487,-120.090402,0,3,RC23,TRUE,Active,Alive,Helicopter
G726EDD8C,GPUD_Survival,live_release,C,11,Lot 2,11H,136,24,2026-05-14,2026-05-12T16:23:43Z,2026-05-15T16:06:00Z,Rock Island Tailrace,Rock Island Tailrace - CHINOOK,47.341487,-120.090402,0,3,RC23,TRUE,Active,Alive,Helicopter
G721A60CE,GPUD_Survival,live_release,C,12,Lot 2,11H,135,23.200000762939453,2026-05-14,2026-05-12T16:24:05Z,2026-05-15T16:06:00Z,Rock Island Tailrace,Rock Island Tailrace - CHINOOK,47.341487,-120.090402,0,3,RC23,TRUE,Active,Alive,Helicopter
G72BEDA57,GPUD_Survival,live_release,C,12,Lot 1,11H,151,34.79999923706055,2026-05-14,2026-05-12T16:24:34Z,2026-05-15T16:06:00Z,Rock Island Tailrace,Rock Island Tailrace - CHINOOK,47.341487,-120.090402,0,3,RC23,TRUE,Active,Alive,Helicopter
G72D2A95A,GPUD_Survival,live_release,C,13,Lot 2,11H,159,37.70000076293945,2026-05-14,2026-05-12T16:25:06Z,2026-05-15T16:06:00Z,Rock Island Tailrace,Rock Island Tailrace - CHINOOK,47.341487,-120.090402,0,3,RC23,TRUE,Active,Alive,Helicopter
G72482B4E,GPUD_Survival,live_release,C,13,Lot 3,11H,142,25.100000381469727,2026-05-14,2026-05-12T16:25:30Z,2026-05-15T16:06:00Z,Rock Island Tailrace,Rock Island Tailrace - CHINOOK,47.341487,-120.090402,0,3,RC23,TRUE,Active,Alive,Helicopter
G720FF192,GPUD_Survival,live_release,C,14,Lot 3,11H,145,30.100000381469727,2026-05-14,2026-05-12T16:25:51Z,2026-05-15T16:06:00Z,Rock Island Tailrace,Rock Island Tailrace - CHINOOK,47.341487,-120.090402,0,3,RC23,TRUE,Active,Alive,Helicopter
G7208F67F,GPUD_Survival,live_release,C,14,Lot 1,11H,149,32.900001525878906,2026-05-14,2026-05-12T16:26:21Z,2026-05-15T16:06:00Z,Rock Island Tailrace,Rock Island Tailrace - CHINOOK,47.341487,-120.090402,0,3,RC23,TRUE,Active,Alive,Helicopter
G729DAA3B,GPUD_Survival,live_release,C,15,Lot 1,11H,145,24.700000762939453,2026-05-14,2026-05-12T16:26:45Z,2026-05-15T16:06:00Z,Rock Island Tailrace,Rock Island Tailrace - CHINOOK,47.341487,-120.090402,0,3,RC23,TRUE,Active,Alive,Helicopter
G720926EC,GPUD_Survival,live_release,C,15,Lot 1,11H,160,34.5,2026-05-14,2026-05-12T16:27:09Z,2026-05-15T16:06:00Z,Rock Island Tailrace,Rock Island Tailrace - CHINOOK,47.341487,-120.090402,0,3,RC23,TRUE,Active,Alive,Helicopter
G72C1805C,GPUD_Survival,live_release,C,16,Lot 3,11H,150,31,2026-05-14,2026-05-12T16:27:55Z,2026-05-15T16:06:00Z,Rock Island Tailrace,Rock Island Tailrace - CHINOOK,47.341487,-120.090402,0,3,RC23,TRUE,Active,Alive,Helicopter
G72372802,GPUD_Survival,live_release,C,16,Lot 3,11H,121,16.200000762939453,2026-05-14,2026-05-12T16:28:18Z,2026-05-15T16:06:00Z,Rock Island Tailrace,Rock Island Tailrace - CHINOOK,47.341487,-120.090402,0,3,RC23,TRUE,Active,Alive,Helicopter
G720F816A,GPUD_Survival,live_release,C,17,Lot 3,11H,135,25.700000762939453,2026-05-14,2026-05-12T16:28:43Z,2026-05-15T16:06:00Z,Rock Island Tailrace,Rock Island Tailrace - CHINOOK,47.341487,-120.090402,0,3,RC23,TRUE,Active,Alive,Helicopter
G72E0F343,GPUD_Survival,live_release,C,17,Lot 1,11H,165,38.599998474121094,2026-05-14,2026-05-12T16:29:27Z,2026-05-15T16:06:00Z,Rock Island Tailrace,Rock Island Tailrace - CHINOOK,47.341487,-120.090402,0,3,RC23,TRUE,Active,Alive,Helicopter
G723401E8,GPUD_Survival,live_release,C,18,Lot 1,11H,145,27.200000762939453,2026-05-14,2026-05-12T16:30:18Z,2026-05-15T16:06:00Z,Rock Island Tailrace,Rock Island Tailrace - CHINOOK,47.341487,-120.090402,0,3,RC23,TRUE,Active,Alive,Helicopter
G72F731B7,GPUD_Survival,live_release,C,18,Lot 3,11H,145,27.899999618530273,2026-05-14,2026-05-12T16:30:42Z,2026-05-15T16:06:00Z,Rock Island Tailrace,Rock Island Tailrace - CHINOOK,47.341487,-120.090402,0,3,RC23,TRUE,Active,Alive,Helicopter
G7268A29F,GPUD_Survival,live_release,C,19,Lot 3,11H,139,24.200000762939453,2026-05-14,2026-05-12T16:31:07Z,2026-05-15T16:06:00Z,Rock Island Tailrace,Rock Island Tailrace - CHINOOK,47.341487,-120.090402,0,3,RC23,TRUE,Active,Alive,Helicopter
G725C7A1C,GPUD_Survival,live_release,C,19,Lot 1,11H,126,19.5,2026-05-14,2026-05-12T16:31:31Z,2026-05-15T16:06:00Z,Rock Island Tailrace,Rock Island Tailrace - CHINOOK,47.341487,-120.090402,0,3,RC23,TRUE,Active,Alive,Helicopter
G72F65048,GPUD_Survival,live_release,C,20,Lot 1,11W,136,24,2026-05-14,2026-05-12T16:32:04Z,2026-05-15T16:06:00Z,Rock Island Tailrace,Rock Island Tailrace - CHINOOK,47.341487,-120.090402,0,3,RC23,TRUE,Active,Alive,Helicopter
G72A03BD0,GPUD_Survival,live_release,C,20,Lot 1,11H,160,40.29999923706055,2026-05-14,2026-05-12T16:32:39Z,2026-05-15T16:06:00Z,Rock Island Tailrace,Rock Island Tailrace - CHINOOK,47.341487,-120.090402,0,3,RC23,TRUE,Active,Alive,Helicopter
G720EEC36,GPUD_Survival,live_release,C,21,Lot 3,11H,136,23.100000381469727,2026-05-14,2026-05-12T16:33:00Z,2026-05-15T16:06:00Z,Rock Island Tailrace,Rock Island Tailrace - CHINOOK,47.341487,-120.090402,0,3,RC23,TRUE,Active,Alive,Helicopter
G721BD038,GPUD_Survival,live_release,C,67,Lot 3,11H,141,26.899999618530273,2026-05-14,2026-05-12T16:37:50Z,2026-05-15T17:05:00Z,Priest Rapids Tailrace,Priest Rapids Tailrace - CHINOOK,46.632369,-119.895442,0,3,PC20,TRUE,Active,Alive,Helicopter
G7290B430,GPUD_Survival,live_release,C,67,Lot 2,11H,120,15.899999618530273,2026-05-14,2026-05-12T16:38:19Z,2026-05-15T17:05:00Z,Priest Rapids Tailrace,Priest Rapids Tailrace - CHINOOK,46.632369,-119.895442,0,3,PC20,TRUE,Active,Alive,Helicopter
G72A1A025,GPUD_Survival,live_release,C,68,Lot 1,11H,156,37.400001525878906,2026-05-14,2026-05-12T16:39:08Z,2026-05-15T17:05:00Z,Priest Rapids Tailrace,Priest Rapids Tailrace - CHINOOK,46.632369,-119.895442,0,3,PC20,TRUE,Active,Alive,Helicopter
G72B8CB3E,GPUD_Survival,live_release,C,68,Lot 3,11H,139,24.100000381469727,2026-05-14,2026-05-12T16:39:36Z,2026-05-15T17:05:00Z,Priest Rapids Tailrace,Priest Rapids Tailrace - CHINOOK,46.632369,-119.895442,0,3,PC20,TRUE,Active,Alive,Helicopter
G72EFE8E6,GPUD_Survival,live_release,C,69,Lot 3,11H,149,32.29999923706055,2026-05-14,2026-05-12T16:40:17Z,2026-05-15T17:05:00Z,Priest Rapids Tailrace,Priest Rapids Tailrace - CHINOOK,46.632369,-119.895442,0,3,PC20,TRUE,Active,Alive,Helicopter
G727BC31D,GPUD_Survival,live_release,C,74,Lot 1,11H,135,24,2026-05-14,2026-05-12T16:40:49Z,2026-05-15T17:05:00Z,Priest Rapids Tailrace,Priest Rapids Tailrace - CHINOOK,46.632369,-119.895442,0,3,PC20,TRUE,Active,Alive,Helicopter
G729DA3A7,GPUD_Survival,live_release,C,69,Lot 2,11H,146,31.100000381469727,2026-05-14,2026-05-12T16:41:14Z,2026-05-15T17:05:00Z,Priest Rapids Tailrace,Priest Rapids Tailrace - CHINOOK,46.632369,-119.895442,0,3,PC20,TRUE,Active,Alive,Helicopter
G7286D8B0,GPUD_Survival,live_release,C,70,Lot 3,11H,138,25.5,2026-05-14,2026-05-12T16:41:40Z,2026-05-15T17:05:00Z,Priest Rapids Tailrace,Priest Rapids Tailrace - CHINOOK,46.632369,-119.895442,0,3,PC20,TRUE,Active,Alive,Helicopter
G72B67312,GPUD_Survival,live_release,C,70,Lot 1,11H,165,40.79999923706055,2026-05-14,2026-05-12T16:44:24Z,2026-05-15T17:05:00Z,Priest Rapids Tailrace,Priest Rapids Tailrace - CHINOOK,46.632369,-119.895442,0,3,PC20,TRUE,Active,Alive,Helicopter
G727A7E16,GPUD_Survival,live_release,C,71,Lot 2,11H,139,25,2026-05-14,2026-05-12T16:45:20Z,2026-05-15T17:05:00Z,Priest Rapids Tailrace,Priest Rapids Tailrace - CHINOOK,46.632369,-119.895442,0,3,PC20,TRUE,Active,Alive,Helicopter
G7208E03F,GPUD_Survival,live_release,C,71,Lot 1,11H,150,34.29999923706055,2026-05-14,2026-05-12T16:45:46Z,2026-05-15T17:05:00Z,Priest Rapids Tailrace,Priest Rapids Tailrace - CHINOOK,46.632369,-119.895442,0,3,PC20,TRUE,Active,Alive,Helicopter
G7247DDFF,GPUD_Survival,live_release,C,72,Lot 2,11H,146,31.700000762939453,2026-05-14,2026-05-12T16:46:14Z,2026-05-15T17:05:00Z,Priest Rapids Tailrace,Priest Rapids Tailrace - CHINOOK,46.632369,-119.895442,0,3,PC20,TRUE,Active,Alive,Helicopter
G724B6542,GPUD_Survival,live_release,C,72,Lot 2,11H,145,29.799999237060547,2026-05-14,2026-05-12T16:46:49Z,2026-05-15T17:05:00Z,Priest Rapids Tailrace,Priest Rapids Tailrace - CHINOOK,46.632369,-119.895442,0,3,PC20,TRUE,Active,Alive,Helicopter
G72951E1E,GPUD_Survival,live_release,C,73,Lot 1,11H,143,28.600000381469727,2026-05-14,2026-05-12T16:47:32Z,2026-05-15T17:05:00Z,Priest Rapids Tailrace,Priest Rapids Tailrace - CHINOOK,46.632369,-119.895442,0,3,PC20,TRUE,Active,Alive,Helicopter
G7299BBC3,GPUD_Survival,live_release,C,73,Lot 1,11H,137,24,2026-05-14,2026-05-12T16:47:55Z,2026-05-15T17:05:00Z,Priest Rapids Tailrace,Priest Rapids Tailrace - CHINOOK,46.632369,-119.895442,0,3,PC20,TRUE,Active,Alive,Helicopter
G72A4F3E3,GPUD_Survival,live_release,C,74,Lot 3,11H,145,27.799999237060547,2026-05-14,2026-05-12T16:49:51Z,2026-05-15T17:05:00Z,Priest Rapids Tailrace,Priest Rapids Tailrace - CHINOOK,46.632369,-119.895442,0,3,PC20,TRUE,Active,Alive,Helicopter
G72A96225,GPUD_Survival,live_release,C,75,Lot 2,11H,136,22,2026-05-14,2026-05-12T16:50:14Z,2026-05-15T17:05:00Z,Priest Rapids Tailrace,Priest Rapids Tailrace - CHINOOK,46.632369,-119.895442,0,3,PC20,TRUE,Active,Alive,Helicopter
G72AF97C4,GPUD_Survival,live_release,C,75,Lot 1,11H,125,19.5,2026-05-14,2026-05-12T16:50:40Z,2026-05-15T17:05:00Z,Priest Rapids Tailrace,Priest Rapids Tailrace - CHINOOK,46.632369,-119.895442,0,3,PC20,TRUE,Active,Alive,Helicopter
G724652F6,GPUD_Survival,live_release,C,76,Lot 1,11H,136,22.100000381469727,2026-05-14,2026-05-12T16:51:03Z,2026-05-15T17:05:00Z,Priest Rapids Tailrace,Priest Rapids Tailrace - CHINOOK,46.632369,-119.895442,0,3,PC20,TRUE,Active,Alive,Helicopter
G7252C08C,GPUD_Survival,live_release,C,76,Lot 3,11H,134,21.899999618530273,2026-05-14,2026-05-12T16:51:43Z,2026-05-15T17:05:00Z,Priest Rapids Tailrace,Priest Rapids Tailrace - CHINOOK,46.632369,-119.895442,0,3,PC20,TRUE,Active,Alive,Helicopter
G72F90708,GPUD_Survival,live_release,C,77,Lot 2,11H,143,25.100000381469727,2026-05-14,2026-05-12T16:52:05Z,2026-05-15T17:05:00Z,Priest Rapids Tailrace,Priest Rapids Tailrace - CHINOOK,46.632369,-119.895442,0,3,PC20,TRUE,Active,Alive,Helicopter
G72B9FF25,GPUD_Survival,live_release,C,77,Lot 3,11H,151,30.299999237060547,2026-05-14,2026-05-12T16:52:33Z,2026-05-15T17:05:00Z,Priest Rapids Tailrace,Priest Rapids Tailrace - CHINOOK,46.632369,-119.895442,0,3,PC20,TRUE,Active,Alive,Helicopter
G72846AAF,GPUD_Survival,live_release,C,78,Lot 1,11H,139,24.700000762939453,2026-05-14,2026-05-12T16:52:57Z,2026-05-15T17:05:00Z,Priest Rapids Tailrace,Priest Rapids Tailrace - CHINOOK,46.632369,-119.895442,0,3,PC20,TRUE,Active,Alive,Helicopter
G72499AE6,GPUD_Survival,live_release,C,83,Lot 1,11H,145,31.399999618530273,2026-05-14,2026-05-12T16:53:48Z,2026-05-15T17:05:00Z,Priest Rapids Tailrace,Priest Rapids Tailrace - CHINOOK,46.632369,-119.895442,0,3,PC20,TRUE,Active,Alive,Helicopter
G72104CA9,GPUD_Survival,live_release,C,78,Lot 3,11H,109,12.699999809265137,2026-05-14,2026-05-12T16:54:15Z,2026-05-15T17:05:00Z,Priest Rapids Tailrace,Priest Rapids Tailrace - CHINOOK,46.632369,-119.895442,0,3,PC20,TRUE,Active,Alive,Helicopter
G7235955C,GPUD_Survival,live_release,C,79,Lot 1,11H,129,20.200000762939453,2026-05-14,2026-05-12T16:54:31Z,2026-05-15T17:05:00Z,Priest Rapids Tailrace,Priest Rapids Tailrace - CHINOOK,46.632369,-119.895442,0,3,PC20,TRUE,Active,Alive,Helicopter
G722EBAF1,GPUD_Survival,live_release,C,79,Lot 2,11H,149,30.700000762939453,2026-05-14,2026-05-12T16:54:56Z,2026-05-15T17:05:00Z,Priest Rapids Tailrace,Priest Rapids Tailrace - CHINOOK,46.632369,-119.895442,0,3,PC20,TRUE,Active,Alive,Helicopter
G7207857D,GPUD_Survival,dead_release,C,80,Lot 2,11H,165,39.5,2026-05-14,2026-05-12T16:55:28Z,2026-05-15T17:05:00Z,Priest Rapids Tailrace,Priest Rapids Tailrace - CHINOOK,46.632369,-119.895442,1,3,PC20,FALSE,Active,Euthanized,Helicopter
G72613FC1,GPUD_Survival,dead_release,C,80,Lot 2,11H,133,21.899999618530273,2026-05-14,2026-05-12T17:16:05Z,2026-05-15T17:05:00Z,Priest Rapids Tailrace,Priest Rapids Tailrace - CHINOOK,46.632369,-119.895442,1,3,PC20,FALSE,Active,Euthanized,Helicopter
G721DF92D,GPUD_Survival,live_release,C,81,Lot 3,11H,145,29.600000381469727,2026-05-14,2026-05-12T17:17:33Z,2026-05-15T17:05:00Z,Priest Rapids Tailrace,Priest Rapids Tailrace - CHINOOK,46.632369,-119.895442,0,3,PC20,TRUE,Active,Alive,Helicopter
G72372743,GPUD_Survival,live_release,C,81,Lot 3,11H,165,42.900001525878906,2026-05-14,2026-05-12T17:18:14Z,2026-05-15T17:05:00Z,Priest Rapids Tailrace,Priest Rapids Tailrace - CHINOOK,46.632369,-119.895442,0,3,PC20,TRUE,Active,Alive,Helicopter
G7269792C,GPUD_Survival,live_release,C,82,Lot 2,11H,137,25.399999618530273,2026-05-14,2026-05-12T17:19:49Z,2026-05-15T17:05:00Z,Priest Rapids Tailrace,Priest Rapids Tailrace - CHINOOK,46.632369,-119.895442,0,3,PC20,TRUE,Active,Alive,Helicopter
G72038079,GPUD_Survival,live_release,C,82,Lot 2,11H,165,44.099998474121094,2026-05-14,2026-05-12T17:20:30Z,2026-05-15T17:05:00Z,Priest Rapids Tailrace,Priest Rapids Tailrace - CHINOOK,46.632369,-119.895442,0,3,PC20,TRUE,Active,Alive,Helicopter
G729CD39B,GPUD_Survival,live_release,C,83,Lot 2,11H,144,29.700000762939453,2026-05-14,2026-05-12T17:21:42Z,2026-05-15T17:05:00Z,Priest Rapids Tailrace,Priest Rapids Tailrace - CHINOOK,46.632369,-119.895442,0,3,PC20,TRUE,Active,Alive,Helicopter
G7285C926,GPUD_Survival,live_release,C,84,Lot 2,11H,137,25.700000762939453,2026-05-14,2026-05-12T17:22:27Z,2026-05-15T17:05:00Z,Priest Rapids Tailrace,Priest Rapids Tailrace - CHINOOK,46.632369,-119.895442,0,3,PC20,TRUE,Active,Alive,Helicopter
G72DA7A99,GPUD_Survival,live_release,C,34,Lot 2,31H,206,73.5,2026-05-14,2026-05-12T17:41:48Z,2026-05-15T16:06:00Z,Rock Island Tailrace,Rock Island Tailrace - STEELHEAD,47.341487,-120.090402,0,3,RI18,TRUE,Active,Alive,Helicopter
G72DC2FD7,GPUD_Survival,live_release,C,34,Lot 2,31W,169,42.70000076293945,2026-05-14,2026-05-12T17:42:45Z,2026-05-15T16:06:00Z,Rock Island Tailrace,Rock Island Tailrace - STEELHEAD,47.341487,-120.090402,0,3,RI18,TRUE,Active,Alive,Helicopter
G72B6FA02,GPUD_Survival,live_release,C,35,Lot 1,31W,157,35.900001525878906,2026-05-14,2026-05-12T17:43:25Z,2026-05-15T16:06:00Z,Rock Island Tailrace,Rock Island Tailrace - STEELHEAD,47.341487,-120.090402,0,3,RI18,TRUE,Active,Alive,Helicopter
G72E6243D,GPUD_Survival,live_release,C,35,Lot 2,31W,159,35.70000076293945,2026-05-14,2026-05-12T17:43:58Z,2026-05-15T16:06:00Z,Rock Island Tailrace,Rock Island Tailrace - STEELHEAD,47.341487,-120.090402,0,3,RI18,TRUE,Active,Alive,Helicopter
G72A6BEC9,GPUD_Survival,live_release,C,36,Lot 3,31W,167,39.20000076293945,2026-05-14,2026-05-12T17:45:44Z,2026-05-15T16:06:00Z,Rock Island Tailrace,Rock Island Tailrace - STEELHEAD,47.341487,-120.090402,0,3,RI18,TRUE,Active,Alive,Helicopter
G72F2F940,GPUD_Survival,live_release,C,36,Lot 1,31H,189,58.70000076293945,2026-05-14,2026-05-12T17:46:17Z,2026-05-15T16:06:00Z,Rock Island Tailrace,Rock Island Tailrace - STEELHEAD,47.341487,-120.090402,0,3,RI18,TRUE,Active,Alive,Helicopter
G725A34EF,GPUD_Survival,live_release,C,37,Lot 1,31H,170,45.900001525878906,2026-05-14,2026-05-12T17:46:56Z,2026-05-15T16:06:00Z,Rock Island Tailrace,Rock Island Tailrace - STEELHEAD,47.341487,-120.090402,0,3,RI18,TRUE,Active,Alive,Helicopter
G726CE89C,GPUD_Survival,live_release,C,37,Lot 3,31W,148,28.100000381469727,2026-05-14,2026-05-12T17:47:37Z,2026-05-15T16:06:00Z,Rock Island Tailrace,Rock Island Tailrace - STEELHEAD,47.341487,-120.090402,0,3,RI18,TRUE,Active,Alive,Helicopter
G72F15E39,GPUD_Survival,live_release,C,38,Lot 1,31H,141,25,2026-05-14,2026-05-12T17:48:05Z,2026-05-15T16:06:00Z,Rock Island Tailrace,Rock Island Tailrace - STEELHEAD,47.341487,-120.090402,0,3,RI18,TRUE,Active,Alive,Helicopter
G72C354FB,GPUD_Survival,live_release,C,38,Lot 1,31W,167,43.900001525878906,2026-05-14,2026-05-12T17:48:29Z,2026-05-15T16:06:00Z,Rock Island Tailrace,Rock Island Tailrace - STEELHEAD,47.341487,-120.090402,0,3,RI18,TRUE,Active,Alive,Helicopter
G72BFA015,GPUD_Survival,live_release,C,39,Lot 1,31W,201,68.30000305175781,2026-05-14,2026-05-12T17:48:54Z,2026-05-15T16:06:00Z,Rock Island Tailrace,Rock Island Tailrace - STEELHEAD,47.341487,-120.090402,0,3,RI18,TRUE,Active,Alive,Helicopter
G72A82F5A,GPUD_Survival,live_release,C,39,Lot 1,31H,166,42.29999923706055,2026-05-14,2026-05-12T17:49:27Z,2026-05-15T16:06:00Z,Rock Island Tailrace,Rock Island Tailrace - STEELHEAD,47.341487,-120.090402,0,3,RI18,TRUE,Active,Alive,Helicopter
G7254D1E5,GPUD_Survival,live_release,C,40,Lot 1,31W,167,41.70000076293945,2026-05-14,2026-05-12T17:50:04Z,2026-05-15T16:06:00Z,Rock Island Tailrace,Rock Island Tailrace - STEELHEAD,47.341487,-120.090402,0,3,RI18,TRUE,Active,Alive,Helicopter
G72D0BD37,GPUD_Survival,live_release,C,40,Lot 1,31W,194,62.29999923706055,2026-05-14,2026-05-12T17:51:07Z,2026-05-15T16:06:00Z,Rock Island Tailrace,Rock Island Tailrace - STEELHEAD,47.341487,-120.090402,0,3,RI18,TRUE,Active,Alive,Helicopter
G72F4CD35,GPUD_Survival,live_release,C,41,Lot 3,31W,179,50.900001525878906,2026-05-14,2026-05-12T17:51:36Z,2026-05-15T16:06:00Z,Rock Island Tailrace,Rock Island Tailrace - STEELHEAD,47.341487,-120.090402,0,3,RI18,TRUE,Active,Alive,Helicopter
G72F1E3F6,GPUD_Survival,live_release,C,41,Lot 1,31W,204,75.69999694824219,2026-05-14,2026-05-12T17:52:37Z,2026-05-15T16:06:00Z,Rock Island Tailrace,Rock Island Tailrace - STEELHEAD,47.341487,-120.090402,0,3,RI18,TRUE,Active,Alive,Helicopter
G72400E24,GPUD_Survival,live_release,C,42,Lot 3,31W,167,40,2026-05-14,2026-05-12T17:53:15Z,2026-05-15T16:06:00Z,Rock Island Tailrace,Rock Island Tailrace - STEELHEAD,47.341487,-120.090402,0,3,RI18,TRUE,Active,Alive,Helicopter
G720C4728,GPUD_Survival,live_release,C,42,Lot 1,31W,184,54.20000076293945,2026-05-14,2026-05-12T17:55:20Z,2026-05-15T16:06:00Z,Rock Island Tailrace,Rock Island Tailrace - STEELHEAD,47.341487,-120.090402,0,3,RI18,TRUE,Active,Alive,Helicopter
G72977EEA,GPUD_Survival,live_release,C,43,Lot 1,31W,153,31.399999618530273,2026-05-14,2026-05-12T17:55:51Z,2026-05-15T16:06:00Z,Rock Island Tailrace,Rock Island Tailrace - STEELHEAD,47.341487,-120.090402,0,3,RI18,TRUE,Active,Alive,Helicopter
G72978AFF,GPUD_Survival,live_release,C,43,Lot 1,31H,172,39.599998474121094,2026-05-14,2026-05-12T17:56:24Z,2026-05-15T16:06:00Z,Rock Island Tailrace,Rock Island Tailrace - STEELHEAD,47.341487,-120.090402,0,3,RI18,TRUE,Active,Alive,Helicopter
G725FB241,GPUD_Survival,live_release,C,44,Lot 3,31H,178,50.400001525878906,2026-05-14,2026-05-12T17:57:51Z,2026-05-15T16:06:00Z,Rock Island Tailrace,Rock Island Tailrace - STEELHEAD,47.341487,-120.090402,0,3,RI18,TRUE,Active,Alive,Helicopter
G726B60BC,GPUD_Survival,live_release,C,44,Lot 3,31W,173,46.70000076293945,2026-05-14,2026-05-12T17:58:25Z,2026-05-15T16:06:00Z,Rock Island Tailrace,Rock Island Tailrace - STEELHEAD,47.341487,-120.090402,0,3,RI18,TRUE,Active,Alive,Helicopter
G721A0728,GPUD_Survival,live_release,C,45,Lot 3,31H,172,42.20000076293945,2026-05-14,2026-05-12T17:58:52Z,2026-05-15T16:06:00Z,Rock Island Tailrace,Rock Island Tailrace - STEELHEAD,47.341487,-120.090402,0,3,RI18,TRUE,Active,Alive,Helicopter
G7287227E,GPUD_Survival,live_release,C,45,Lot 3,31H,143,25.299999237060547,2026-05-14,2026-05-12T17:59:13Z,2026-05-15T16:06:00Z,Rock Island Tailrace,Rock Island Tailrace - STEELHEAD,47.341487,-120.090402,0,3,RI18,TRUE,Active,Alive,Helicopter
G72EC04F9,GPUD_Survival,live_release,C,46,Lot 1,31W,159,35.29999923706055,2026-05-14,2026-05-12T17:59:47Z,2026-05-15T16:06:00Z,Rock Island Tailrace,Rock Island Tailrace - STEELHEAD,47.341487,-120.090402,0,3,RI18,TRUE,Active,Alive,Helicopter
G7282FF2B,GPUD_Survival,live_release,C,46,Lot 3,31W,143,25.799999237060547,2026-05-14,2026-05-12T18:00:38Z,2026-05-15T16:06:00Z,Rock Island Tailrace,Rock Island Tailrace - STEELHEAD,47.341487,-120.090402,0,3,RI18,TRUE,Active,Alive,Helicopter
G72828850,GPUD_Survival,live_release,C,47,Lot 3,31W,172,45.79999923706055,2026-05-14,2026-05-12T18:01:15Z,2026-05-15T16:06:00Z,Rock Island Tailrace,Rock Island Tailrace - STEELHEAD,47.341487,-120.090402,0,3,RI18,TRUE,Active,Alive,Helicopter
G72D18D4D,GPUD_Survival,live_release,C,47,Lot 2,31H,201,69.4000015258789,2026-05-14,2026-05-12T18:01:37Z,2026-05-15T16:06:00Z,Rock Island Tailrace,Rock Island Tailrace - STEELHEAD,47.341487,-120.090402,0,3,RI18,TRUE,Active,Alive,Helicopter
G72EA7ED5,GPUD_Survival,live_release,C,48,Lot 2,31H,151,28.700000762939453,2026-05-14,2026-05-12T18:02:08Z,2026-05-15T16:06:00Z,Rock Island Tailrace,Rock Island Tailrace - STEELHEAD,47.341487,-120.090402,0,3,RI18,TRUE,Active,Alive,Helicopter
G72889A96,GPUD_Survival,live_release,C,48,Lot 2,31H,160,34.79999923706055,2026-05-14,2026-05-12T18:02:31Z,2026-05-15T16:06:00Z,Rock Island Tailrace,Rock Island Tailrace - STEELHEAD,47.341487,-120.090402,0,3,RI18,TRUE,Active,Alive,Helicopter
G7270DE5E,GPUD_Survival,live_release,C,49,Lot 2,31W,154,33.599998474121094,2026-05-14,2026-05-12T18:03:58Z,2026-05-15T16:06:00Z,Rock Island Tailrace,Rock Island Tailrace - STEELHEAD,47.341487,-120.090402,0,3,RI18,TRUE,Active,Alive,Helicopter
G720A8F8A,GPUD_Survival,live_release,C,49,Lot 3,31H,190,60.29999923706055,2026-05-14,2026-05-12T18:04:42Z,2026-05-15T16:06:00Z,Rock Island Tailrace,Rock Island Tailrace - STEELHEAD,47.341487,-120.090402,0,3,RI18,TRUE,Active,Alive,Helicopter
G7245EE32,GPUD_Survival,live_release,C,50,Lot 1,31W,156,35.29999923706055,2026-05-14,2026-05-12T18:05:03Z,2026-05-15T16:06:00Z,Rock Island Tailrace,Rock Island Tailrace - STEELHEAD,47.341487,-120.090402,0,3,RI18,TRUE,Active,Alive,Helicopter
G725949BF,GPUD_Survival,live_release,C,50,Lot 1,31W,168,35.599998474121094,2026-05-14,2026-05-12T18:05:43Z,2026-05-15T16:06:00Z,Rock Island Tailrace,Rock Island Tailrace - STEELHEAD,47.341487,-120.090402,0,3,RI18,TRUE,Active,Alive,Helicopter
G72B509C1,GPUD_Survival,live_release,C,51,Lot 1,31W,200,73.30000305175781,2026-05-14,2026-05-12T18:06:16Z,2026-05-15T16:06:00Z,Rock Island Tailrace,Rock Island Tailrace - STEELHEAD,47.341487,-120.090402,0,3,RI18,TRUE,Active,Alive,Helicopter
G7235849F,GPUD_Survival,live_release,C,51,Lot 1,31H,191,67.9000015258789,2026-05-14,2026-05-12T18:07:14Z,2026-05-15T16:06:00Z,Rock Island Tailrace,Rock Island Tailrace - STEELHEAD,47.341487,-120.090402,0,3,RI18,TRUE,Active,Alive,Helicopter
G72DAC756,GPUD_Survival,live_release,C,52,Lot 2,31W,146,24.700000762939453,2026-05-14,2026-05-12T18:07:37Z,2026-05-15T16:06:00Z,Rock Island Tailrace,Rock Island Tailrace - STEELHEAD,47.341487,-120.090402,0,3,RI18,TRUE,Active,Alive,Helicopter
G7297AFE3,GPUD_Survival,live_release,C,52,Lot 1,31W,137,25.200000762939453,2026-05-14,2026-05-12T18:08:51Z,2026-05-15T16:06:00Z,Rock Island Tailrace,Rock Island Tailrace - STEELHEAD,47.341487,-120.090402,0,3,RI18,TRUE,Active,Alive,Helicopter
G72BE3802,GPUD_Survival,live_release,C,53,Lot 1,31W,174,43,2026-05-14,2026-05-12T18:24:26Z,2026-05-15T16:06:00Z,Rock Island Tailrace,Rock Island Tailrace - STEELHEAD,47.341487,-120.090402,0,3,RI18,TRUE,Active,Alive,Helicopter
G72638C80,GPUD_Survival,live_release,C,53,Lot 1,31H,170,41,2026-05-14,2026-05-12T18:24:52Z,2026-05-15T16:06:00Z,Rock Island Tailrace,Rock Island Tailrace - STEELHEAD,47.341487,-120.090402,0,3,RI18,TRUE,Active,Alive,Helicopter
G72D7ED82,GPUD_Survival,live_release,C,54,Lot 1,31W,146,29,2026-05-14,2026-05-12T18:25:25Z,2026-05-15T16:06:00Z,Rock Island Tailrace,Rock Island Tailrace - STEELHEAD,47.341487,-120.090402,0,3,RI18,TRUE,Active,Alive,Helicopter
G72E98EF4,GPUD_Survival,live_release,C,54,Lot 2,31W,129,19.899999618530273,2026-05-14,2026-05-12T18:26:13Z,2026-05-15T16:06:00Z,Rock Island Tailrace,Rock Island Tailrace - STEELHEAD,47.341487,-120.090402,0,3,RI18,TRUE,Active,Alive,Helicopter
G72DD7FC8,GPUD_Survival,live_release,B,107,Lot 2,31H,181,59,2026-05-14,2026-05-12T18:44:03Z,2026-05-15T17:05:00Z,Priest Rapids Tailrace,Priest Rapids Tailrace - STEELHEAD,46.632369,-119.895442,0,3,PR15,TRUE,Active,Alive,Helicopter
G722F5340,GPUD_Survival,live_release,B,100,Lot 1,31H,178,46.400001525878906,2026-05-14,2026-05-12T18:44:29Z,2026-05-15T17:05:00Z,Priest Rapids Tailrace,Priest Rapids Tailrace - STEELHEAD,46.632369,-119.895442,0,3,PR15,TRUE,Active,Alive,Helicopter
G7273FF76,GPUD_Survival,live_release,B,100,Lot 1,31W,160,39,2026-05-14,2026-05-12T18:45:09Z,2026-05-15T17:05:00Z,Priest Rapids Tailrace,Priest Rapids Tailrace - STEELHEAD,46.632369,-119.895442,0,3,PR15,TRUE,Active,Alive,Helicopter
G7283C98C,GPUD_Survival,live_release,B,101,Lot 2,31H,176,43.70000076293945,2026-05-14,2026-05-12T18:46:55Z,2026-05-15T17:05:00Z,Priest Rapids Tailrace,Priest Rapids Tailrace - STEELHEAD,46.632369,-119.895442,0,3,PR15,TRUE,Active,Alive,Helicopter
G72D235E8,GPUD_Survival,live_release,B,101,Lot 2,31W,175,47,2026-05-14,2026-05-12T18:47:13Z,2026-05-15T17:05:00Z,Priest Rapids Tailrace,Priest Rapids Tailrace - STEELHEAD,46.632369,-119.895442,0,3,PR15,TRUE,Active,Alive,Helicopter
G729C5317,GPUD_Survival,live_release,B,102,Lot 2,31W,165,41,2026-05-14,2026-05-12T18:47:43Z,2026-05-15T17:05:00Z,Priest Rapids Tailrace,Priest Rapids Tailrace - STEELHEAD,46.632369,-119.895442,0,3,PR15,TRUE,Active,Alive,Helicopter
G72F2A2BB,GPUD_Survival,live_release,B,102,Lot 1,31H,206,80.69999694824219,2026-05-14,2026-05-12T18:48:06Z,2026-05-15T17:05:00Z,Priest Rapids Tailrace,Priest Rapids Tailrace - STEELHEAD,46.632369,-119.895442,0,3,PR15,TRUE,Active,Alive,Helicopter
G726A7259,GPUD_Survival,live_release,B,103,Lot 2,31W,173,51.70000076293945,2026-05-14,2026-05-12T18:48:41Z,2026-05-15T17:05:00Z,Priest Rapids Tailrace,Priest Rapids Tailrace - STEELHEAD,46.632369,-119.895442,0,3,PR15,TRUE,Active,Alive,Helicopter
G728B60C9,GPUD_Survival,live_release,B,103,Lot 3,31H,191,61.599998474121094,2026-05-14,2026-05-12T18:49:06Z,2026-05-15T17:05:00Z,Priest Rapids Tailrace,Priest Rapids Tailrace - STEELHEAD,46.632369,-119.895442,0,3,PR15,TRUE,Active,Alive,Helicopter
G728AE5BE,GPUD_Survival,live_release,B,104,Lot 2,31W,162,33,2026-05-14,2026-05-12T18:49:29Z,2026-05-15T17:05:00Z,Priest Rapids Tailrace,Priest Rapids Tailrace - STEELHEAD,46.632369,-119.895442,0,3,PR15,TRUE,Active,Alive,Helicopter
G72173C3F,GPUD_Survival,live_release,B,104,Lot 2,31W,150,32,2026-05-14,2026-05-12T18:49:55Z,2026-05-15T17:05:00Z,Priest Rapids Tailrace,Priest Rapids Tailrace - STEELHEAD,46.632369,-119.895442,0,3,PR15,TRUE,Active,Alive,Helicopter
G728FD802,GPUD_Survival,live_release,B,105,Lot 3,31H,150,29.600000381469727,2026-05-14,2026-05-12T18:50:24Z,2026-05-15T17:05:00Z,Priest Rapids Tailrace,Priest Rapids Tailrace - STEELHEAD,46.632369,-119.895442,0,3,PR15,TRUE,Active,Alive,Helicopter
G72945083,GPUD_Survival,live_release,B,105,Lot 1,31W,174,44.70000076293945,2026-05-14,2026-05-12T18:50:52Z,2026-05-15T17:05:00Z,Priest Rapids Tailrace,Priest Rapids Tailrace - STEELHEAD,46.632369,-119.895442,0,3,PR15,TRUE,Active,Alive,Helicopter
G7202DD9B,GPUD_Survival,live_release,B,106,Lot 2,31H,194,62.599998474121094,2026-05-14,2026-05-12T18:51:27Z,2026-05-15T17:05:00Z,Priest Rapids Tailrace,Priest Rapids Tailrace - STEELHEAD,46.632369,-119.895442,0,3,PR15,TRUE,Active,Alive,Helicopter
G7282822E,GPUD_Survival,live_release,B,106,Lot 3,31W,172,44,2026-05-14,2026-05-12T18:52:01Z,2026-05-15T17:05:00Z,Priest Rapids Tailrace,Priest Rapids Tailrace - STEELHEAD,46.632369,-119.895442,0,3,PR15,TRUE,Active,Alive,Helicopter
G725FD645,GPUD_Survival,live_release,B,107,Lot 3,31W,156,34.70000076293945,2026-05-14,2026-05-12T18:53:27Z,2026-05-15T17:05:00Z,Priest Rapids Tailrace,Priest Rapids Tailrace - STEELHEAD,46.632369,-119.895442,0,3,PR15,TRUE,Active,Alive,Helicopter
G723F88DB,GPUD_Survival,live_release,B,108,Lot 2,31W,166,38.400001525878906,2026-05-14,2026-05-12T18:53:56Z,2026-05-15T17:05:00Z,Priest Rapids Tailrace,Priest Rapids Tailrace - STEELHEAD,46.632369,-119.895442,0,3,PR15,TRUE,Active,Alive,Helicopter
G720E205F,GPUD_Survival,live_release,B,108,Lot 3,31W,163,40.099998474121094,2026-05-14,2026-05-12T18:54:35Z,2026-05-15T17:05:00Z,Priest Rapids Tailrace,Priest Rapids Tailrace - STEELHEAD,46.632369,-119.895442,0,3,PR15,TRUE,Active,Alive,Helicopter
G723BD31B,GPUD_Survival,dead_release,B,109,Lot 2,31H,172,47.5,2026-05-14,2026-05-12T18:55:17Z,2026-05-15T17:05:00Z,Priest Rapids Tailrace,Priest Rapids Tailrace - STEELHEAD,46.632369,-119.895442,1,3,PR15,FALSE,Active,Euthanized,Helicopter
G725166AB,GPUD_Survival,dead_release,B,109,Lot 3,31H,166,47.099998474121094,2026-05-14,2026-05-12T18:56:09Z,2026-05-15T17:05:00Z,Priest Rapids Tailrace,Priest Rapids Tailrace - STEELHEAD,46.632369,-119.895442,1,3,PR15,FALSE,Active,Euthanized,Helicopter
G72A37BC3,GPUD_Survival,live_release,B,110,Lot 1,31W,156,36.900001525878906,2026-05-14,2026-05-12T18:56:37Z,2026-05-15T17:05:00Z,Priest Rapids Tailrace,Priest Rapids Tailrace - STEELHEAD,46.632369,-119.895442,0,3,PR15,TRUE,Active,Alive,Helicopter
G72AF969A,GPUD_Survival,live_release,B,110,Lot 1,31H,172,41.900001525878906,2026-05-14,2026-05-12T18:57:05Z,2026-05-15T17:05:00Z,Priest Rapids Tailrace,Priest Rapids Tailrace - STEELHEAD,46.632369,-119.895442,0,3,PR15,TRUE,Active,Alive,Helicopter
G721BD7BB,GPUD_Survival,live_release,B,111,Lot 3,31W,206,75.69999694824219,2026-05-14,2026-05-12T18:57:39Z,2026-05-15T17:05:00Z,Priest Rapids Tailrace,Priest Rapids Tailrace - STEELHEAD,46.632369,-119.895442,0,3,PR15,TRUE,Active,Alive,Helicopter
G72D9B2C4,GPUD_Survival,live_release,B,111,Lot 2,31W,170,43.900001525878906,2026-05-14,2026-05-12T18:58:17Z,2026-05-15T17:05:00Z,Priest Rapids Tailrace,Priest Rapids Tailrace - STEELHEAD,46.632369,-119.895442,0,3,PR15,TRUE,Active,Alive,Helicopter
G72E98BCB,GPUD_Survival,live_release,B,112,Lot 2,31W,137,24.399999618530273,2026-05-14,2026-05-12T18:58:41Z,2026-05-15T17:05:00Z,Priest Rapids Tailrace,Priest Rapids Tailrace - STEELHEAD,46.632369,-119.895442,0,3,PR15,TRUE,Active,Alive,Helicopter
G723F8526,GPUD_Survival,live_release,B,112,Lot 2,31W,195,74.5999984741211,2026-05-14,2026-05-12T18:59:26Z,2026-05-15T17:05:00Z,Priest Rapids Tailrace,Priest Rapids Tailrace - STEELHEAD,46.632369,-119.895442,0,3,PR15,TRUE,Active,Alive,Helicopter
G72BC9FBF,GPUD_Survival,live_release,B,113,Lot 3,31W,175,55.20000076293945,2026-05-14,2026-05-12T19:00:04Z,2026-05-15T17:05:00Z,Priest Rapids Tailrace,Priest Rapids Tailrace - STEELHEAD,46.632369,-119.895442,0,3,PR15,TRUE,Active,Alive,Helicopter
G72147913,GPUD_Survival,live_release,B,113,Lot 3,31H,157,28.600000381469727,2026-05-14,2026-05-12T19:00:30Z,2026-05-15T17:05:00Z,Priest Rapids Tailrace,Priest Rapids Tailrace - STEELHEAD,46.632369,-119.895442,0,3,PR15,TRUE,Active,Alive,Helicopter
G720F431C,GPUD_Survival,live_release,B,114,Lot 3,31W,167,37.79999923706055,2026-05-14,2026-05-12T19:01:00Z,2026-05-15T17:05:00Z,Priest Rapids Tailrace,Priest Rapids Tailrace - STEELHEAD,46.632369,-119.895442,0,3,PR15,TRUE,Active,Alive,Helicopter
G7246B341,GPUD_Survival,live_release,B,114,Lot 3,31H,200,73.30000305175781,2026-05-14,2026-05-12T19:01:40Z,2026-05-15T17:05:00Z,Priest Rapids Tailrace,Priest Rapids Tailrace - STEELHEAD,46.632369,-119.895442,0,3,PR15,TRUE,Active,Alive,Helicopter
G726E1207,GPUD_Survival,live_release,B,115,Lot 2,31W,189,56.599998474121094,2026-05-14,2026-05-12T19:02:46Z,2026-05-15T17:05:00Z,Priest Rapids Tailrace,Priest Rapids Tailrace - STEELHEAD,46.632369,-119.895442,0,3,PR15,TRUE,Active,Alive,Helicopter
G7281C1DF,GPUD_Survival,live_release,B,115,Lot 1,31W,150,27.899999618530273,2026-05-14,2026-05-12T19:03:38Z,2026-05-15T17:05:00Z,Priest Rapids Tailrace,Priest Rapids Tailrace - STEELHEAD,46.632369,-119.895442,0,3,PR15,TRUE,Active,Alive,Helicopter
G72CE60AD,GPUD_Survival,live_release,B,116,Lot 1,31W,164,36.70000076293945,2026-05-14,2026-05-12T19:04:20Z,2026-05-15T17:05:00Z,Priest Rapids Tailrace,Priest Rapids Tailrace - STEELHEAD,46.632369,-119.895442,0,3,PR15,TRUE,Active,Alive,Helicopter
G725FEDDB,GPUD_Survival,live_release,B,116,Lot 3,31W,192,65,2026-05-14,2026-05-12T19:04:49Z,2026-05-15T17:05:00Z,Priest Rapids Tailrace,Priest Rapids Tailrace - STEELHEAD,46.632369,-119.895442,0,3,PR15,TRUE,Active,Alive,Helicopter
G7280FEE4,GPUD_Survival,live_release,B,117,Lot 3,31W,170,44.79999923706055,2026-05-14,2026-05-12T19:05:18Z,2026-05-15T17:05:00Z,Priest Rapids Tailrace,Priest Rapids Tailrace - STEELHEAD,46.632369,-119.895442,0,3,PR15,TRUE,Active,Alive,Helicopter
G729F5FE1,GPUD_Survival,live_release,B,117,Lot 3,31H,145,26.5,2026-05-14,2026-05-12T19:06:13Z,2026-05-15T17:05:00Z,Priest Rapids Tailrace,Priest Rapids Tailrace - STEELHEAD,46.632369,-119.895442,0,3,PR15,TRUE,Active,Alive,Helicopter
G721810A7,GPUD_Survival,live_release,C,1,Lot 2,11H,146,27.799999237060547,2026-05-15,2026-05-14T16:20:40Z,2026-05-16T15:36:00Z,Rock Island Tailrace,Rock Island Tailrace - CHINOOK,47.341487,-120.090402,0,3,RC24,TRUE,Active,Alive,Helicopter
G72A81C06,GPUD_Survival,live_release,C,1,Lot 2,11H,130,20.600000381469727,2026-05-15,2026-05-14T16:24:35Z,2026-05-16T15:36:00Z,Rock Island Tailrace,Rock Island Tailrace - CHINOOK,47.341487,-120.090402,0,3,RC24,TRUE,Active,Alive,Helicopter
G72628A99,GPUD_Survival,live_release,C,2,Lot 3,11H,138,24.100000381469727,2026-05-15,2026-05-14T16:25:03Z,2026-05-16T15:36:00Z,Rock Island Tailrace,Rock Island Tailrace - CHINOOK,47.341487,-120.090402,0,3,RC24,TRUE,Active,Alive,Helicopter
G7258425B,GPUD_Survival,live_release,C,2,Lot 2,11H,162,38.900001525878906,2026-05-15,2026-05-14T16:25:45Z,2026-05-16T15:36:00Z,Rock Island Tailrace,Rock Island Tailrace - CHINOOK,47.341487,-120.090402,0,3,RC24,TRUE,Active,Alive,Helicopter
G728EF179,GPUD_Survival,live_release,C,3,Lot 3,11H,143,25.5,2026-05-15,2026-05-14T16:26:16Z,2026-05-16T15:36:00Z,Rock Island Tailrace,Rock Island Tailrace - CHINOOK,47.341487,-120.090402,0,3,RC24,TRUE,Active,Alive,Helicopter
G722160C0,GPUD_Survival,live_release,C,3,Lot 2,11H,134,23,2026-05-15,2026-05-14T16:26:35Z,2026-05-16T15:36:00Z,Rock Island Tailrace,Rock Island Tailrace - CHINOOK,47.341487,-120.090402,0,3,RC24,TRUE,Active,Alive,Helicopter
G729C945E,GPUD_Survival,live_release,C,4,Lot 2,11H,163,43.5,2026-05-15,2026-05-14T16:26:57Z,2026-05-16T15:36:00Z,Rock Island Tailrace,Rock Island Tailrace - CHINOOK,47.341487,-120.090402,0,3,RC24,TRUE,Active,Alive,Helicopter
G72E45454,GPUD_Survival,live_release,C,4,Lot 1,11H,149,26.700000762939453,2026-05-15,2026-05-14T16:27:25Z,2026-05-16T15:36:00Z,Rock Island Tailrace,Rock Island Tailrace - CHINOOK,47.341487,-120.090402,0,3,RC24,TRUE,Active,Alive,Helicopter
G72503D94,GPUD_Survival,live_release,C,5,Lot 2,11H,134,20.299999237060547,2026-05-15,2026-05-14T16:27:46Z,2026-05-16T15:36:00Z,Rock Island Tailrace,Rock Island Tailrace - CHINOOK,47.341487,-120.090402,0,3,RC24,TRUE,Active,Alive,Helicopter
G726E8677,GPUD_Survival,live_release,C,5,Lot 2,11H,133,20.799999237060547,2026-05-15,2026-05-14T16:28:06Z,2026-05-16T15:36:00Z,Rock Island Tailrace,Rock Island Tailrace - CHINOOK,47.341487,-120.090402,0,3,RC24,TRUE,Active,Alive,Helicopter
G722F6E03,GPUD_Survival,live_release,C,6,Lot 1,11H,133,21.899999618530273,2026-05-15,2026-05-14T16:28:27Z,2026-05-16T15:36:00Z,Rock Island Tailrace,Rock Island Tailrace - CHINOOK,47.341487,-120.090402,0,3,RC24,TRUE,Active,Alive,Helicopter
G72494191,GPUD_Survival,live_release,C,6,Lot 2,11H,146,29.5,2026-05-15,2026-05-14T16:29:00Z,2026-05-16T15:36:00Z,Rock Island Tailrace,Rock Island Tailrace - CHINOOK,47.341487,-120.090402,0,3,RC24,TRUE,Active,Alive,Helicopter
G72B3DB80,GPUD_Survival,live_release,C,7,Lot 1,11H,141,26.100000381469727,2026-05-15,2026-05-14T16:29:27Z,2026-05-16T15:36:00Z,Rock Island Tailrace,Rock Island Tailrace - CHINOOK,47.341487,-120.090402,0,3,RC24,TRUE,Active,Alive,Helicopter
G72089744,GPUD_Survival,live_release,C,7,Lot 3,11H,140,27.5,2026-05-15,2026-05-14T16:29:53Z,2026-05-16T15:36:00Z,Rock Island Tailrace,Rock Island Tailrace - CHINOOK,47.341487,-120.090402,0,3,RC24,TRUE,Active,Alive,Helicopter
G720B0841,GPUD_Survival,live_release,C,8,Lot 3,11H,136,23.200000762939453,2026-05-15,2026-05-14T16:30:42Z,2026-05-16T15:36:00Z,Rock Island Tailrace,Rock Island Tailrace - CHINOOK,47.341487,-120.090402,0,3,RC24,TRUE,Active,Alive,Helicopter
G7269B6A7,GPUD_Survival,live_release,C,8,Lot 2,11H,150,32.099998474121094,2026-05-15,2026-05-14T16:32:07Z,2026-05-16T15:36:00Z,Rock Island Tailrace,Rock Island Tailrace - CHINOOK,47.341487,-120.090402,0,3,RC24,TRUE,Active,Alive,Helicopter
G72AA2709,GPUD_Survival,live_release,C,9,Lot 3,11W,121,17.100000381469727,2026-05-15,2026-05-14T16:32:37Z,2026-05-16T15:36:00Z,Rock Island Tailrace,Rock Island Tailrace - CHINOOK,47.341487,-120.090402,0,3,RC24,TRUE,Active,Alive,Helicopter
G72B11D06,GPUD_Survival,live_release,C,9,Lot 1,11H,135,24,2026-05-15,2026-05-14T16:33:15Z,2026-05-16T15:36:00Z,Rock Island Tailrace,Rock Island Tailrace - CHINOOK,47.341487,-120.090402,0,3,RC24,TRUE,Active,Alive,Helicopter
G7212ACD1,GPUD_Survival,live_release,C,10,Lot 1,11H,157,36.29999923706055,2026-05-15,2026-05-14T16:33:59Z,2026-05-16T15:36:00Z,Rock Island Tailrace,Rock Island Tailrace - CHINOOK,47.341487,-120.090402,0,3,RC24,TRUE,Active,Alive,Helicopter
G72D4061E,GPUD_Survival,live_release,C,10,Lot 1,11H,152,32.400001525878906,2026-05-15,2026-05-14T16:34:24Z,2026-05-16T15:36:00Z,Rock Island Tailrace,Rock Island Tailrace - CHINOOK,47.341487,-120.090402,0,3,RC24,TRUE,Active,Alive,Helicopter
G72EA07B1,GPUD_Survival,live_release,C,11,Lot 1,11H,145,29.299999237060547,2026-05-15,2026-05-14T16:35:15Z,2026-05-16T15:36:00Z,Rock Island Tailrace,Rock Island Tailrace - CHINOOK,47.341487,-120.090402,0,3,RC24,TRUE,Active,Alive,Helicopter
G72CEBEE5,GPUD_Survival,live_release,C,11,Lot 3,11W,140,24.299999237060547,2026-05-15,2026-05-14T16:35:57Z,2026-05-16T15:36:00Z,Rock Island Tailrace,Rock Island Tailrace - CHINOOK,47.341487,-120.090402,0,3,RC24,TRUE,Active,Alive,Helicopter
G7288A2EA,GPUD_Survival,live_release,C,12,Lot 2,11H,154,30.100000381469727,2026-05-15,2026-05-14T16:36:35Z,2026-05-16T15:36:00Z,Rock Island Tailrace,Rock Island Tailrace - CHINOOK,47.341487,-120.090402,0,3,RC24,TRUE,Active,Alive,Helicopter
G7226354A,GPUD_Survival,live_release,C,12,Lot 2,11H,134,25.100000381469727,2026-05-15,2026-05-14T16:37:00Z,2026-05-16T15:36:00Z,Rock Island Tailrace,Rock Island Tailrace - CHINOOK,47.341487,-120.090402,0,3,RC24,TRUE,Active,Alive,Helicopter
G7201E84F,GPUD_Survival,live_release,C,13,Lot 2,11H,148,26.399999618530273,2026-05-15,2026-05-14T16:37:48Z,2026-05-16T15:36:00Z,Rock Island Tailrace,Rock Island Tailrace - CHINOOK,47.341487,-120.090402,0,3,RC24,TRUE,Active,Alive,Helicopter
G72B4A9AA,GPUD_Survival,live_release,C,13,Lot 2,11H,121,18.299999237060547,2026-05-15,2026-05-14T16:38:23Z,2026-05-16T15:36:00Z,Rock Island Tailrace,Rock Island Tailrace - CHINOOK,47.341487,-120.090402,0,3,RC24,TRUE,Active,Alive,Helicopter
G7210861D,GPUD_Survival,live_release,C,14,Lot 3,11H,141,26.399999618530273,2026-05-15,2026-05-14T16:39:02Z,2026-05-16T15:36:00Z,Rock Island Tailrace,Rock Island Tailrace - CHINOOK,47.341487,-120.090402,0,3,RC24,TRUE,Active,Alive,Helicopter
G72D4DD69,GPUD_Survival,live_release,C,14,Lot 1,11H,156,36.29999923706055,2026-05-15,2026-05-14T16:39:31Z,2026-05-16T15:36:00Z,Rock Island Tailrace,Rock Island Tailrace - CHINOOK,47.341487,-120.090402,0,3,RC24,TRUE,Active,Alive,Helicopter
G72B6B505,GPUD_Survival,live_release,C,15,Lot 1,11H,145,27.600000381469727,2026-05-15,2026-05-14T16:40:25Z,2026-05-16T15:36:00Z,Rock Island Tailrace,Rock Island Tailrace - CHINOOK,47.341487,-120.090402,0,3,RC24,TRUE,Active,Alive,Helicopter
G724E3107,GPUD_Survival,live_release,C,15,Lot 2,11H,155,33.20000076293945,2026-05-15,2026-05-14T16:41:07Z,2026-05-16T15:36:00Z,Rock Island Tailrace,Rock Island Tailrace - CHINOOK,47.341487,-120.090402,0,3,RC24,TRUE,Active,Alive,Helicopter
G7294B40B,GPUD_Survival,live_release,C,16,Lot 1,11H,155,33,2026-05-15,2026-05-14T16:41:36Z,2026-05-16T15:36:00Z,Rock Island Tailrace,Rock Island Tailrace - CHINOOK,47.341487,-120.090402,0,3,RC24,TRUE,Active,Alive,Helicopter
G72A03C53,GPUD_Survival,live_release,C,16,Lot 1,11H,169,41.400001525878906,2026-05-15,2026-05-14T17:15:16Z,2026-05-16T15:36:00Z,Rock Island Tailrace,Rock Island Tailrace - CHINOOK,47.341487,-120.090402,0,3,RC24,TRUE,Active,Alive,Helicopter
G72381B46,GPUD_Survival,live_release,C,17,Lot 2,11H,135,22.899999618530273,2026-05-15,2026-05-14T17:15:49Z,2026-05-16T15:36:00Z,Rock Island Tailrace,Rock Island Tailrace - CHINOOK,47.341487,-120.090402,0,3,RC24,TRUE,Active,Alive,Helicopter
G722BC655,GPUD_Survival,live_release,C,17,Lot 2,11H,151,34,2026-05-15,2026-05-14T17:16:20Z,2026-05-16T15:36:00Z,Rock Island Tailrace,Rock Island Tailrace - CHINOOK,47.341487,-120.090402,0,3,RC24,TRUE,Active,Alive,Helicopter
G7288435D,GPUD_Survival,live_release,C,18,Lot 2,11H,155,34.900001525878906,2026-05-15,2026-05-14T17:16:49Z,2026-05-16T15:36:00Z,Rock Island Tailrace,Rock Island Tailrace - CHINOOK,47.341487,-120.090402,0,3,RC24,TRUE,Active,Alive,Helicopter
G72714717,GPUD_Survival,live_release,C,21,Lot 2,11H,168,43.400001525878906,2026-05-15,2026-05-14T17:17:36Z,2026-05-16T15:36:00Z,Rock Island Tailrace,Rock Island Tailrace - CHINOOK,47.341487,-120.090402,0,3,RC24,TRUE,Active,Alive,Helicopter
G725E638C,GPUD_Survival,live_release,C,18,Lot 1,11H,149,26.100000381469727,2026-05-15,2026-05-14T17:18:13Z,2026-05-16T15:36:00Z,Rock Island Tailrace,Rock Island Tailrace - CHINOOK,47.341487,-120.090402,0,3,RC24,TRUE,Active,Alive,Helicopter
G72521339,GPUD_Survival,live_release,C,19,Lot 3,11H,134,23.5,2026-05-15,2026-05-14T17:18:45Z,2026-05-16T15:36:00Z,Rock Island Tailrace,Rock Island Tailrace - CHINOOK,47.341487,-120.090402,0,3,RC24,TRUE,Active,Alive,Helicopter
G726EAD74,GPUD_Survival,live_release,C,19,Lot 2,11H,146,29.700000762939453,2026-05-15,2026-05-14T17:19:33Z,2026-05-16T15:36:00Z,Rock Island Tailrace,Rock Island Tailrace - CHINOOK,47.341487,-120.090402,0,3,RC24,TRUE,Active,Alive,Helicopter
G72DA1701,GPUD_Survival,live_release,C,20,Lot 3,11H,155,38.20000076293945,2026-05-15,2026-05-14T17:20:28Z,2026-05-16T15:36:00Z,Rock Island Tailrace,Rock Island Tailrace - CHINOOK,47.341487,-120.090402,0,3,RC24,TRUE,Active,Alive,Helicopter
G72D24510,GPUD_Survival,live_release,C,20,Lot 3,11W,151,30.5,2026-05-15,2026-05-14T17:21:29Z,2026-05-16T15:36:00Z,Rock Island Tailrace,Rock Island Tailrace - CHINOOK,47.341487,-120.090402,0,3,RC24,TRUE,Active,Alive,Helicopter
G720EA26F,GPUD_Survival,live_release,C,67,Lot 3,11H,151,31.200000762939453,2026-05-15,2026-05-14T17:25:16Z,2026-05-16T16:35:00Z,Priest Rapids Tailrace,Priest Rapids Tailrace - CHINOOK,46.632369,-119.895442,0,3,PC21,TRUE,Active,Alive,Helicopter
G72EF52AA,GPUD_Survival,live_release,C,67,Lot 2,11H,143,26.5,2026-05-15,2026-05-14T17:25:56Z,2026-05-16T16:35:00Z,Priest Rapids Tailrace,Priest Rapids Tailrace - CHINOOK,46.632369,-119.895442,0,3,PC21,TRUE,Active,Alive,Helicopter
G72A98CD3,GPUD_Survival,dead_release,C,68,Lot 2,11H,135,22.799999237060547,2026-05-15,2026-05-14T17:26:42Z,2026-05-16T16:35:00Z,Priest Rapids Tailrace,Priest Rapids Tailrace - CHINOOK,46.632369,-119.895442,1,3,PC21,FALSE,Active,Euthanized,Helicopter
G725171B5,GPUD_Survival,dead_release,C,68,Lot 3,11H,135,23.200000762939453,2026-05-15,2026-05-14T17:28:06Z,2026-05-16T16:35:00Z,Priest Rapids Tailrace,Priest Rapids Tailrace - CHINOOK,46.632369,-119.895442,1,3,PC21,FALSE,Active,Euthanized,Helicopter
G723DFB50,GPUD_Survival,live_release,C,69,Lot 1,11H,155,35.29999923706055,2026-05-15,2026-05-14T17:28:56Z,2026-05-16T16:35:00Z,Priest Rapids Tailrace,Priest Rapids Tailrace - CHINOOK,46.632369,-119.895442,0,3,PC21,TRUE,Active,Alive,Helicopter
G72269C79,GPUD_Survival,live_release,C,69,Lot 1,11H,149,30.700000762939453,2026-05-15,2026-05-14T17:29:20Z,2026-05-16T16:35:00Z,Priest Rapids Tailrace,Priest Rapids Tailrace - CHINOOK,46.632369,-119.895442,0,3,PC21,TRUE,Active,Alive,Helicopter
G726C5E73,GPUD_Survival,live_release,C,70,Lot 2,11H,149,31.899999618530273,2026-05-15,2026-05-14T17:29:46Z,2026-05-16T16:35:00Z,Priest Rapids Tailrace,Priest Rapids Tailrace - CHINOOK,46.632369,-119.895442,0,3,PC21,TRUE,Active,Alive,Helicopter
G725B91BB,GPUD_Survival,live_release,C,70,Lot 1,11H,143,29.700000762939453,2026-05-15,2026-05-14T17:30:15Z,2026-05-16T16:35:00Z,Priest Rapids Tailrace,Priest Rapids Tailrace - CHINOOK,46.632369,-119.895442,0,3,PC21,TRUE,Active,Alive,Helicopter
G7225FBCA,GPUD_Survival,live_release,C,71,Lot 2,11H,145,30.700000762939453,2026-05-15,2026-05-14T17:31:02Z,2026-05-16T16:35:00Z,Priest Rapids Tailrace,Priest Rapids Tailrace - CHINOOK,46.632369,-119.895442,0,3,PC21,TRUE,Active,Alive,Helicopter
G72D816CE,GPUD_Survival,live_release,C,71,Lot 1,11H,147,33.5,2026-05-15,2026-05-14T17:31:27Z,2026-05-16T16:35:00Z,Priest Rapids Tailrace,Priest Rapids Tailrace - CHINOOK,46.632369,-119.895442,0,3,PC21,TRUE,Active,Alive,Helicopter
G723D5BFF,GPUD_Survival,live_release,C,72,Lot 1,11H,158,40.099998474121094,2026-05-15,2026-05-14T17:32:13Z,2026-05-16T16:35:00Z,Priest Rapids Tailrace,Priest Rapids Tailrace - CHINOOK,46.632369,-119.895442,0,3,PC21,TRUE,Active,Alive,Helicopter
G7207AD9C,GPUD_Survival,live_release,C,72,Lot 2,11W,125,20,2026-05-15,2026-05-14T17:32:39Z,2026-05-16T16:35:00Z,Priest Rapids Tailrace,Priest Rapids Tailrace - CHINOOK,46.632369,-119.895442,0,3,PC21,TRUE,Active,Alive,Helicopter
G72BDBB39,GPUD_Survival,live_release,C,73,Lot 3,11H,145,28.299999237060547,2026-05-15,2026-05-14T17:33:05Z,2026-05-16T16:35:00Z,Priest Rapids Tailrace,Priest Rapids Tailrace - CHINOOK,46.632369,-119.895442,0,3,PC21,TRUE,Active,Alive,Helicopter
G72D24E30,GPUD_Survival,live_release,C,73,Lot 2,11W,150,32.29999923706055,2026-05-15,2026-05-14T17:33:50Z,2026-05-16T16:35:00Z,Priest Rapids Tailrace,Priest Rapids Tailrace - CHINOOK,46.632369,-119.895442,0,3,PC21,TRUE,Active,Alive,Helicopter
G723ECE84,GPUD_Survival,live_release,C,74,Lot 3,11H,155,34.599998474121094,2026-05-15,2026-05-14T17:34:15Z,2026-05-16T16:35:00Z,Priest Rapids Tailrace,Priest Rapids Tailrace - CHINOOK,46.632369,-119.895442,0,3,PC21,TRUE,Active,Alive,Helicopter
G72103C51,GPUD_Survival,live_release,C,74,Lot 3,11H,151,30.299999237060547,2026-05-15,2026-05-14T17:35:20Z,2026-05-16T16:35:00Z,Priest Rapids Tailrace,Priest Rapids Tailrace - CHINOOK,46.632369,-119.895442,0,3,PC21,TRUE,Active,Alive,Helicopter
G7248E679,GPUD_Survival,live_release,C,75,Lot 2,11H,155,34.900001525878906,2026-05-15,2026-05-14T17:35:45Z,2026-05-16T16:35:00Z,Priest Rapids Tailrace,Priest Rapids Tailrace - CHINOOK,46.632369,-119.895442,0,3,PC21,TRUE,Active,Alive,Helicopter
G7277A60A,GPUD_Survival,live_release,C,75,Lot 1,11H,150,34.20000076293945,2026-05-15,2026-05-14T17:36:32Z,2026-05-16T16:35:00Z,Priest Rapids Tailrace,Priest Rapids Tailrace - CHINOOK,46.632369,-119.895442,0,3,PC21,TRUE,Active,Alive,Helicopter
G726F56E4,GPUD_Survival,live_release,C,76,Lot 2,11H,124,19.600000381469727,2026-05-15,2026-05-14T17:36:57Z,2026-05-16T16:35:00Z,Priest Rapids Tailrace,Priest Rapids Tailrace - CHINOOK,46.632369,-119.895442,0,3,PC21,TRUE,Active,Alive,Helicopter
G72D3BBBF,GPUD_Survival,live_release,C,76,Lot 1,11H,127,20.5,2026-05-15,2026-05-14T17:37:28Z,2026-05-16T16:35:00Z,Priest Rapids Tailrace,Priest Rapids Tailrace - CHINOOK,46.632369,-119.895442,0,3,PC21,TRUE,Active,Alive,Helicopter
G72400DC6,GPUD_Survival,live_release,C,77,Lot 2,11H,133,24.700000762939453,2026-05-15,2026-05-14T17:37:55Z,2026-05-16T16:35:00Z,Priest Rapids Tailrace,Priest Rapids Tailrace - CHINOOK,46.632369,-119.895442,0,3,PC21,TRUE,Active,Alive,Helicopter
G728D2299,GPUD_Survival,live_release,C,77,Lot 3,11W,120,17.600000381469727,2026-05-15,2026-05-14T17:38:30Z,2026-05-16T16:35:00Z,Priest Rapids Tailrace,Priest Rapids Tailrace - CHINOOK,46.632369,-119.895442,0,3,PC21,TRUE,Active,Alive,Helicopter
G722D3056,GPUD_Survival,live_release,C,78,Lot 1,11H,144,29.100000381469727,2026-05-15,2026-05-14T17:39:00Z,2026-05-16T16:35:00Z,Priest Rapids Tailrace,Priest Rapids Tailrace - CHINOOK,46.632369,-119.895442,0,3,PC21,TRUE,Active,Alive,Helicopter
G72F4C32A,GPUD_Survival,live_release,C,78,Lot 3,11H,134,22,2026-05-15,2026-05-14T17:39:30Z,2026-05-16T16:35:00Z,Priest Rapids Tailrace,Priest Rapids Tailrace - CHINOOK,46.632369,-119.895442,0,3,PC21,TRUE,Active,Alive,Helicopter
G728FF301,GPUD_Survival,live_release,C,79,Lot 3,11H,126,18.899999618530273,2026-05-15,2026-05-14T17:39:54Z,2026-05-16T16:35:00Z,Priest Rapids Tailrace,Priest Rapids Tailrace - CHINOOK,46.632369,-119.895442,0,3,PC21,TRUE,Active,Alive,Helicopter
G7207470B,GPUD_Survival,live_release,C,79,Lot 2,11H,130,21.799999237060547,2026-05-15,2026-05-14T17:40:18Z,2026-05-16T16:35:00Z,Priest Rapids Tailrace,Priest Rapids Tailrace - CHINOOK,46.632369,-119.895442,0,3,PC21,TRUE,Active,Alive,Helicopter
G7264C788,GPUD_Survival,live_release,C,80,Lot 3,11H,123,21.100000381469727,2026-05-15,2026-05-14T17:40:56Z,2026-05-16T16:35:00Z,Priest Rapids Tailrace,Priest Rapids Tailrace - CHINOOK,46.632369,-119.895442,0,3,PC21,TRUE,Active,Alive,Helicopter
G72D76831,GPUD_Survival,live_release,C,80,Lot 1,11H,141,29,2026-05-15,2026-05-14T17:41:29Z,2026-05-16T16:35:00Z,Priest Rapids Tailrace,Priest Rapids Tailrace - CHINOOK,46.632369,-119.895442,0,3,PC21,TRUE,Active,Alive,Helicopter
G7254BBFE,GPUD_Survival,live_release,C,81,Lot 1,11H,139,25.799999237060547,2026-05-15,2026-05-14T17:42:05Z,2026-05-16T16:35:00Z,Priest Rapids Tailrace,Priest Rapids Tailrace - CHINOOK,46.632369,-119.895442,0,3,PC21,TRUE,Active,Alive,Helicopter
G72A86CFE,GPUD_Survival,dead_release,C,81,Lot 2,11H,153,35.5,2026-05-15,2026-05-14T17:42:46Z,2026-05-16T16:35:00Z,Priest Rapids Tailrace,Priest Rapids Tailrace - CHINOOK,46.632369,-119.895442,1,3,PC21,FALSE,Active,Mortality,Helicopter
G720C05D2,GPUD_Survival,live_release,C,82,Lot 3,11H,136,26.5,2026-05-15,2026-05-14T17:43:34Z,2026-05-16T16:35:00Z,Priest Rapids Tailrace,Priest Rapids Tailrace - CHINOOK,46.632369,-119.895442,0,3,PC21,TRUE,Active,Alive,Helicopter
G72656CC3,GPUD_Survival,live_release,C,82,Lot 1,11H,141,26.899999618530273,2026-05-15,2026-05-14T17:44:21Z,2026-05-16T16:35:00Z,Priest Rapids Tailrace,Priest Rapids Tailrace - CHINOOK,46.632369,-119.895442,0,3,PC21,TRUE,Active,Alive,Helicopter
G72109F1C,GPUD_Survival,live_release,C,83,Lot 3,11H,145,31.200000762939453,2026-05-15,2026-05-14T17:44:57Z,2026-05-16T16:35:00Z,Priest Rapids Tailrace,Priest Rapids Tailrace - CHINOOK,46.632369,-119.895442,0,3,PC21,TRUE,Active,Alive,Helicopter
G72B32BF4,GPUD_Survival,live_release,C,83,Lot 1,11H,148,33.20000076293945,2026-05-15,2026-05-14T17:45:33Z,2026-05-16T16:35:00Z,Priest Rapids Tailrace,Priest Rapids Tailrace - CHINOOK,46.632369,-119.895442,0,3,PC21,TRUE,Active,Alive,Helicopter
G720F073B,GPUD_Survival,live_release,C,84,Lot 3,11H,155,37.29999923706055,2026-05-15,2026-05-14T17:46:03Z,2026-05-16T16:35:00Z,Priest Rapids Tailrace,Priest Rapids Tailrace - CHINOOK,46.632369,-119.895442,0,3,PC21,TRUE,Active,Alive,Helicopter
G72F7AD05,GPUD_Survival,live_release,C,34,Lot 3,31W,204,70.69999694824219,2026-05-15,2026-05-14T17:56:14Z,2026-05-16T15:36:00Z,Rock Island Tailrace,Rock Island Tailrace - STEELHEAD,47.341487,-120.090402,0,3,RI19,TRUE,Active,Alive,Helicopter
G722B874D,GPUD_Survival,live_release,C,34,Lot 2,31W,160,34.5,2026-05-15,2026-05-14T17:56:44Z,2026-05-16T15:36:00Z,Rock Island Tailrace,Rock Island Tailrace - STEELHEAD,47.341487,-120.090402,0,3,RI19,TRUE,Active,Alive,Helicopter
G72CDD328,GPUD_Survival,live_release,C,35,Lot 3,31W,190,60,2026-05-15,2026-05-14T17:57:13Z,2026-05-16T15:36:00Z,Rock Island Tailrace,Rock Island Tailrace - STEELHEAD,47.341487,-120.090402,0,3,RI19,TRUE,Active,Alive,Helicopter
G72A2A12E,GPUD_Survival,live_release,C,35,Lot 2,31H,190,62.20000076293945,2026-05-15,2026-05-14T17:57:49Z,2026-05-16T15:36:00Z,Rock Island Tailrace,Rock Island Tailrace - STEELHEAD,47.341487,-120.090402,0,3,RI19,TRUE,Active,Alive,Helicopter
G7284E3BF,GPUD_Survival,live_release,C,36,Lot 1,31H,174,42.70000076293945,2026-05-15,2026-05-14T17:59:07Z,2026-05-16T15:36:00Z,Rock Island Tailrace,Rock Island Tailrace - STEELHEAD,47.341487,-120.090402,0,3,RI19,TRUE,Active,Alive,Helicopter
G72475FCF,GPUD_Survival,live_release,C,36,Lot 3,31H,171,44.20000076293945,2026-05-15,2026-05-14T17:59:40Z,2026-05-16T15:36:00Z,Rock Island Tailrace,Rock Island Tailrace - STEELHEAD,47.341487,-120.090402,0,3,RI19,TRUE,Active,Alive,Helicopter
G729EC2C9,GPUD_Survival,live_release,C,37,Lot 3,31W,159,34,2026-05-15,2026-05-14T18:00:13Z,2026-05-16T15:36:00Z,Rock Island Tailrace,Rock Island Tailrace - STEELHEAD,47.341487,-120.090402,0,3,RI19,TRUE,Active,Alive,Helicopter
G725C898A,GPUD_Survival,live_release,C,37,Lot 1,31H,206,82.69999694824219,2026-05-15,2026-05-14T18:00:52Z,2026-05-16T15:36:00Z,Rock Island Tailrace,Rock Island Tailrace - STEELHEAD,47.341487,-120.090402,0,3,RI19,TRUE,Active,Alive,Helicopter
G721DE290,GPUD_Survival,live_release,C,38,Lot 2,31W,115,27.5,2026-05-15,2026-05-14T18:01:16Z,2026-05-16T15:36:00Z,Rock Island Tailrace,Rock Island Tailrace - STEELHEAD,47.341487,-120.090402,0,3,RI19,TRUE,Active,Alive,Helicopter
G72215D83,GPUD_Survival,live_release,C,38,Lot 2,31W,198,79.19999694824219,2026-05-15,2026-05-14T18:02:08Z,2026-05-16T15:36:00Z,Rock Island Tailrace,Rock Island Tailrace - STEELHEAD,47.341487,-120.090402,0,3,RI19,TRUE,Active,Alive,Helicopter
G729B5646,GPUD_Survival,live_release,C,39,Lot 3,31H,148,26.799999237060547,2026-05-15,2026-05-14T18:02:42Z,2026-05-16T15:36:00Z,Rock Island Tailrace,Rock Island Tailrace - STEELHEAD,47.341487,-120.090402,0,3,RI19,TRUE,Active,Alive,Helicopter
G728FAA46,GPUD_Survival,live_release,C,39,Lot 3,31H,203,73.5999984741211,2026-05-15,2026-05-14T18:30:52Z,2026-05-16T15:36:00Z,Rock Island Tailrace,Rock Island Tailrace - STEELHEAD,47.341487,-120.090402,0,3,RI19,TRUE,Active,Alive,Helicopter
G7211F240,GPUD_Survival,live_release,C,40,Lot 3,31W,191,60.599998474121094,2026-05-15,2026-05-14T18:31:47Z,2026-05-16T15:36:00Z,Rock Island Tailrace,Rock Island Tailrace - STEELHEAD,47.341487,-120.090402,0,3,RI19,TRUE,Active,Alive,Helicopter
G72D3352C,GPUD_Survival,live_release,C,40,Lot 1,31W,179,53.70000076293945,2026-05-15,2026-05-14T18:32:13Z,2026-05-16T15:36:00Z,Rock Island Tailrace,Rock Island Tailrace - STEELHEAD,47.341487,-120.090402,0,3,RI19,TRUE,Active,Alive,Helicopter
G72647506,GPUD_Survival,live_release,C,41,Lot 1,31H,196,59.400001525878906,2026-05-15,2026-05-14T18:32:37Z,2026-05-16T15:36:00Z,Rock Island Tailrace,Rock Island Tailrace - STEELHEAD,47.341487,-120.090402,0,3,RI19,TRUE,Active,Alive,Helicopter
G72BC798B,GPUD_Survival,live_release,C,41,Lot 3,31H,203,69.9000015258789,2026-05-15,2026-05-14T18:33:16Z,2026-05-16T15:36:00Z,Rock Island Tailrace,Rock Island Tailrace - STEELHEAD,47.341487,-120.090402,0,3,RI19,TRUE,Active,Alive,Helicopter
G725A3D73,GPUD_Survival,live_release,C,42,Lot 1,31H,183,51.79999923706055,2026-05-15,2026-05-14T18:34:24Z,2026-05-16T15:36:00Z,Rock Island Tailrace,Rock Island Tailrace - STEELHEAD,47.341487,-120.090402,0,3,RI19,TRUE,Active,Alive,Helicopter
G722F7702,GPUD_Survival,live_release,C,42,Lot 1,31W,159,38.900001525878906,2026-05-15,2026-05-14T18:34:53Z,2026-05-16T15:36:00Z,Rock Island Tailrace,Rock Island Tailrace - STEELHEAD,47.341487,-120.090402,0,3,RI19,TRUE,Active,Alive,Helicopter
G72452FA6,GPUD_Survival,live_release,C,43,Lot 2,31H,209,84.80000305175781,2026-05-15,2026-05-14T18:35:57Z,2026-05-16T15:36:00Z,Rock Island Tailrace,Rock Island Tailrace - STEELHEAD,47.341487,-120.090402,0,3,RI19,TRUE,Active,Alive,Helicopter
G720ECD4B,GPUD_Survival,live_release,C,43,Lot 3,31W,168,41.5,2026-05-15,2026-05-14T18:36:30Z,2026-05-16T15:36:00Z,Rock Island Tailrace,Rock Island Tailrace - STEELHEAD,47.341487,-120.090402,0,3,RI19,TRUE,Active,Alive,Helicopter
G7206F41F,GPUD_Survival,live_release,C,44,Lot 2,31H,173,44.900001525878906,2026-05-15,2026-05-14T18:36:53Z,2026-05-16T15:36:00Z,Rock Island Tailrace,Rock Island Tailrace - STEELHEAD,47.341487,-120.090402,0,3,RI19,TRUE,Active,Alive,Helicopter
G72B777B7,GPUD_Survival,live_release,C,44,Lot 1,31H,201,70.69999694824219,2026-05-15,2026-05-14T18:37:27Z,2026-05-16T15:36:00Z,Rock Island Tailrace,Rock Island Tailrace - STEELHEAD,47.341487,-120.090402,0,3,RI19,TRUE,Active,Alive,Helicopter
G721A45D2,GPUD_Survival,live_release,C,47,Lot 3,31H,181,51.29999923706055,2026-05-15,2026-05-14T18:37:48Z,2026-05-16T15:36:00Z,Rock Island Tailrace,Rock Island Tailrace - STEELHEAD,47.341487,-120.090402,0,3,RI19,TRUE,Active,Alive,Helicopter
G72AFEB9F,GPUD_Survival,live_release,C,47,Lot 1,31W,156,33.900001525878906,2026-05-15,2026-05-14T18:38:14Z,2026-05-16T15:36:00Z,Rock Island Tailrace,Rock Island Tailrace - STEELHEAD,47.341487,-120.090402,0,3,RI19,TRUE,Active,Alive,Helicopter
G72575D9F,GPUD_Survival,live_release,C,45,Lot 3,31H,186,56.099998474121094,2026-05-15,2026-05-14T18:38:48Z,2026-05-16T15:36:00Z,Rock Island Tailrace,Rock Island Tailrace - STEELHEAD,47.341487,-120.090402,0,3,RI19,TRUE,Active,Alive,Helicopter
G729DE6DE,GPUD_Survival,live_release,C,45,Lot 2,31W,175,44.20000076293945,2026-05-15,2026-05-14T18:39:11Z,2026-05-16T15:36:00Z,Rock Island Tailrace,Rock Island Tailrace - STEELHEAD,47.341487,-120.090402,0,3,RI19,TRUE,Active,Alive,Helicopter
G72B81F08,GPUD_Survival,live_release,C,46,Lot 3,31W,191,63.5,2026-05-15,2026-05-14T18:39:36Z,2026-05-16T15:36:00Z,Rock Island Tailrace,Rock Island Tailrace - STEELHEAD,47.341487,-120.090402,0,3,RI19,TRUE,Active,Alive,Helicopter
G7276F615,GPUD_Survival,live_release,C,46,Lot 1,31W,173,45.20000076293945,2026-05-15,2026-05-14T18:40:02Z,2026-05-16T15:36:00Z,Rock Island Tailrace,Rock Island Tailrace - STEELHEAD,47.341487,-120.090402,0,3,RI19,TRUE,Active,Alive,Helicopter
G72D151B9,GPUD_Survival,live_release,C,48,Lot 1,31H,164,37.70000076293945,2026-05-15,2026-05-14T18:40:22Z,2026-05-16T15:36:00Z,Rock Island Tailrace,Rock Island Tailrace - STEELHEAD,47.341487,-120.090402,0,3,RI19,TRUE,Active,Alive,Helicopter
G729F9555,GPUD_Survival,live_release,C,48,Lot 3,31W,164,36.5,2026-05-15,2026-05-14T18:40:46Z,2026-05-16T15:36:00Z,Rock Island Tailrace,Rock Island Tailrace - STEELHEAD,47.341487,-120.090402,0,3,RI19,TRUE,Active,Alive,Helicopter
G7219C7B7,GPUD_Survival,live_release,C,49,Lot 2,31H,188,61,2026-05-15,2026-05-14T18:46:52Z,2026-05-16T15:36:00Z,Rock Island Tailrace,Rock Island Tailrace - STEELHEAD,47.341487,-120.090402,0,3,RI19,TRUE,Active,Alive,Helicopter
G72333559,GPUD_Survival,live_release,C,49,Lot 1,31H,169,39.70000076293945,2026-05-15,2026-05-14T18:47:22Z,2026-05-16T15:36:00Z,Rock Island Tailrace,Rock Island Tailrace - STEELHEAD,47.341487,-120.090402,0,3,RI19,TRUE,Active,Alive,Helicopter
G72748343,GPUD_Survival,live_release,C,50,Lot 3,31W,167,46.099998474121094,2026-05-15,2026-05-14T18:48:28Z,2026-05-16T15:36:00Z,Rock Island Tailrace,Rock Island Tailrace - STEELHEAD,47.341487,-120.090402,0,3,RI19,TRUE,Active,Alive,Helicopter
G72BD5491,GPUD_Survival,live_release,C,50,Lot 3,31W,154,32.29999923706055,2026-05-15,2026-05-14T18:49:00Z,2026-05-16T15:36:00Z,Rock Island Tailrace,Rock Island Tailrace - STEELHEAD,47.341487,-120.090402,0,3,RI19,TRUE,Active,Alive,Helicopter
G7220CC08,GPUD_Survival,live_release,C,51,Lot 2,31W,204,71,2026-05-15,2026-05-14T18:49:19Z,2026-05-16T15:36:00Z,Rock Island Tailrace,Rock Island Tailrace - STEELHEAD,47.341487,-120.090402,0,3,RI19,TRUE,Active,Alive,Helicopter
G72ED397E,GPUD_Survival,live_release,C,51,Lot 2,31W,161,38.29999923706055,2026-05-15,2026-05-14T18:49:46Z,2026-05-16T15:36:00Z,Rock Island Tailrace,Rock Island Tailrace - STEELHEAD,47.341487,-120.090402,0,3,RI19,TRUE,Active,Alive,Helicopter
G72D8272E,GPUD_Survival,live_release,C,52,Lot 1,31W,185,50.70000076293945,2026-05-15,2026-05-14T18:50:08Z,2026-05-16T15:36:00Z,Rock Island Tailrace,Rock Island Tailrace - STEELHEAD,47.341487,-120.090402,0,3,RI19,TRUE,Active,Alive,Helicopter
G72B0B372,GPUD_Survival,live_release,C,52,Lot 1,31W,146,33.70000076293945,2026-05-15,2026-05-14T18:50:54Z,2026-05-16T15:36:00Z,Rock Island Tailrace,Rock Island Tailrace - STEELHEAD,47.341487,-120.090402,0,3,RI19,TRUE,Active,Alive,Helicopter
G72706D8E,GPUD_Survival,live_release,C,53,Lot 2,31W,188,51.400001525878906,2026-05-15,2026-05-14T18:51:18Z,2026-05-16T15:36:00Z,Rock Island Tailrace,Rock Island Tailrace - STEELHEAD,47.341487,-120.090402,0,3,RI19,TRUE,Active,Alive,Helicopter
G7270E622,GPUD_Survival,live_release,C,53,Lot 2,31H,201,75.19999694824219,2026-05-15,2026-05-14T18:51:45Z,2026-05-16T15:36:00Z,Rock Island Tailrace,Rock Island Tailrace - STEELHEAD,47.341487,-120.090402,0,3,RI19,TRUE,Active,Alive,Helicopter
G72B4329B,GPUD_Survival,live_release,C,54,Lot 2,31W,175,46.70000076293945,2026-05-15,2026-05-14T18:52:14Z,2026-05-16T15:36:00Z,Rock Island Tailrace,Rock Island Tailrace - STEELHEAD,47.341487,-120.090402,0,3,RI19,TRUE,Active,Alive,Helicopter
G72B858CD,GPUD_Survival,live_release,C,54,Lot 3,31W,150,32,2026-05-15,2026-05-14T18:52:57Z,2026-05-16T15:36:00Z,Rock Island Tailrace,Rock Island Tailrace - STEELHEAD,47.341487,-120.090402,0,3,RI19,TRUE,Active,Alive,Helicopter
G72B23911,GPUD_Survival,live_release,B,100,Lot 1,31H,179,46.79999923706055,2026-05-15,2026-05-14T19:03:18Z,2026-05-16T16:35:00Z,Priest Rapids Tailrace,Priest Rapids Tailrace - STEELHEAD,46.632369,-119.895442,0,3,PR16,TRUE,Active,Alive,Helicopter
G724EB817,GPUD_Survival,live_release,B,100,Lot 2,31H,191,63.20000076293945,2026-05-15,2026-05-14T19:03:59Z,2026-05-16T16:35:00Z,Priest Rapids Tailrace,Priest Rapids Tailrace - STEELHEAD,46.632369,-119.895442,0,3,PR16,TRUE,Active,Alive,Helicopter
G72A38AE9,GPUD_Survival,live_release,B,101,Lot 1,31W,189,57,2026-05-15,2026-05-14T19:04:36Z,2026-05-16T16:35:00Z,Priest Rapids Tailrace,Priest Rapids Tailrace - STEELHEAD,46.632369,-119.895442,0,3,PR16,TRUE,Active,Alive,Helicopter
G72917CFC,GPUD_Survival,live_release,B,101,Lot 3,31W,145,28.700000762939453,2026-05-15,2026-05-14T19:05:01Z,2026-05-16T16:35:00Z,Priest Rapids Tailrace,Priest Rapids Tailrace - STEELHEAD,46.632369,-119.895442,0,3,PR16,TRUE,Active,Alive,Helicopter
G72105097,GPUD_Survival,live_release,B,102,Lot 3,31W,179,49.400001525878906,2026-05-15,2026-05-14T19:05:22Z,2026-05-16T16:35:00Z,Priest Rapids Tailrace,Priest Rapids Tailrace - STEELHEAD,46.632369,-119.895442,0,3,PR16,TRUE,Active,Alive,Helicopter
G72924876,GPUD_Survival,live_release,B,102,Lot 1,31W,202,75.30000305175781,2026-05-15,2026-05-14T19:05:50Z,2026-05-16T16:35:00Z,Priest Rapids Tailrace,Priest Rapids Tailrace - STEELHEAD,46.632369,-119.895442,0,3,PR16,TRUE,Active,Alive,Helicopter
G72083E77,GPUD_Survival,live_release,B,103,Lot 3,31W,166,39.400001525878906,2026-05-15,2026-05-14T19:06:22Z,2026-05-16T16:35:00Z,Priest Rapids Tailrace,Priest Rapids Tailrace - STEELHEAD,46.632369,-119.895442,0,3,PR16,TRUE,Active,Alive,Helicopter
G7272C42C,GPUD_Survival,live_release,B,103,Lot 1,31H,164,36.29999923706055,2026-05-15,2026-05-14T19:06:49Z,2026-05-16T16:35:00Z,Priest Rapids Tailrace,Priest Rapids Tailrace - STEELHEAD,46.632369,-119.895442,0,3,PR16,TRUE,Active,Alive,Helicopter
G722E209E,GPUD_Survival,live_release,B,104,Lot 1,31H,205,76,2026-05-15,2026-05-14T19:07:09Z,2026-05-16T16:35:00Z,Priest Rapids Tailrace,Priest Rapids Tailrace - STEELHEAD,46.632369,-119.895442,0,3,PR16,TRUE,Active,Alive,Helicopter
G72A50C12,GPUD_Survival,live_release,B,104,Lot 3,31W,165,40.29999923706055,2026-05-15,2026-05-14T19:07:32Z,2026-05-16T16:35:00Z,Priest Rapids Tailrace,Priest Rapids Tailrace - STEELHEAD,46.632369,-119.895442,0,3,PR16,TRUE,Active,Alive,Helicopter
G7297ED19,GPUD_Survival,live_release,B,105,Lot 3,31W,170,47,2026-05-15,2026-05-14T19:07:56Z,2026-05-16T16:35:00Z,Priest Rapids Tailrace,Priest Rapids Tailrace - STEELHEAD,46.632369,-119.895442,0,3,PR16,TRUE,Active,Alive,Helicopter
G725E9144,GPUD_Survival,live_release,B,105,Lot 1,31W,166,44.900001525878906,2026-05-15,2026-05-14T19:08:22Z,2026-05-16T16:35:00Z,Priest Rapids Tailrace,Priest Rapids Tailrace - STEELHEAD,46.632369,-119.895442,0,3,PR16,TRUE,Active,Alive,Helicopter
G7269CC21,GPUD_Survival,live_release,B,106,Lot 2,31W,161,36.400001525878906,2026-05-15,2026-05-14T19:08:47Z,2026-05-16T16:35:00Z,Priest Rapids Tailrace,Priest Rapids Tailrace - STEELHEAD,46.632369,-119.895442,0,3,PR16,TRUE,Active,Alive,Helicopter
G72C7163A,GPUD_Survival,live_release,B,106,Lot 1,31W,186,63.900001525878906,2026-05-15,2026-05-14T19:09:13Z,2026-05-16T16:35:00Z,Priest Rapids Tailrace,Priest Rapids Tailrace - STEELHEAD,46.632369,-119.895442,0,3,PR16,TRUE,Active,Alive,Helicopter
G729EC7F6,GPUD_Survival,live_release,B,107,Lot 3,31W,140,22.600000381469727,2026-05-15,2026-05-14T19:09:47Z,2026-05-16T16:35:00Z,Priest Rapids Tailrace,Priest Rapids Tailrace - STEELHEAD,46.632369,-119.895442,0,3,PR16,TRUE,Active,Alive,Helicopter
G72C73BE4,GPUD_Survival,live_release,B,107,Lot 1,31W,160,37.400001525878906,2026-05-15,2026-05-14T19:11:02Z,2026-05-16T16:35:00Z,Priest Rapids Tailrace,Priest Rapids Tailrace - STEELHEAD,46.632369,-119.895442,0,3,PR16,TRUE,Active,Alive,Helicopter
G72B8A41A,GPUD_Survival,live_release,B,108,Lot 3,31W,146,27.399999618530273,2026-05-15,2026-05-14T19:11:28Z,2026-05-16T16:35:00Z,Priest Rapids Tailrace,Priest Rapids Tailrace - STEELHEAD,46.632369,-119.895442,0,3,PR16,TRUE,Active,Alive,Helicopter
G72C6C8B6,GPUD_Survival,live_release,B,108,Lot 1,31H,155,30.600000381469727,2026-05-15,2026-05-14T19:11:59Z,2026-05-16T16:35:00Z,Priest Rapids Tailrace,Priest Rapids Tailrace - STEELHEAD,46.632369,-119.895442,0,3,PR16,TRUE,Active,Alive,Helicopter
G727709E4,GPUD_Survival,dead_release,B,109,Lot 1,31H,198,75.19999694824219,2026-05-15,2026-05-14T19:12:23Z,2026-05-16T16:35:00Z,Priest Rapids Tailrace,Priest Rapids Tailrace - STEELHEAD,46.632369,-119.895442,1,3,PR16,FALSE,Active,Euthanized,Helicopter
G72D3F33B,GPUD_Survival,dead_release,B,109,Lot 1,31H,178,51.29999923706055,2026-05-15,2026-05-14T19:12:45Z,2026-05-16T16:35:00Z,Priest Rapids Tailrace,Priest Rapids Tailrace - STEELHEAD,46.632369,-119.895442,1,3,PR16,FALSE,Active,Euthanized,Helicopter
G725D479B,GPUD_Survival,live_release,B,110,Lot 1,31W,143,27.799999237060547,2026-05-15,2026-05-14T19:13:11Z,2026-05-16T16:35:00Z,Priest Rapids Tailrace,Priest Rapids Tailrace - STEELHEAD,46.632369,-119.895442,0,3,PR16,TRUE,Active,Alive,Helicopter
G72B0FEC9,GPUD_Survival,live_release,B,110,Lot 1,31H,191,63.099998474121094,2026-05-15,2026-05-14T19:13:41Z,2026-05-16T16:35:00Z,Priest Rapids Tailrace,Priest Rapids Tailrace - STEELHEAD,46.632369,-119.895442,0,3,PR16,TRUE,Active,Alive,Helicopter
G720AC70E,GPUD_Survival,live_release,B,111,Lot 3,31H,186,54.400001525878906,2026-05-15,2026-05-14T19:14:01Z,2026-05-16T16:35:00Z,Priest Rapids Tailrace,Priest Rapids Tailrace - STEELHEAD,46.632369,-119.895442,0,3,PR16,TRUE,Active,Alive,Helicopter
G7214E902,GPUD_Survival,live_release,B,111,Lot 3,31W,175,48.70000076293945,2026-05-15,2026-05-14T19:14:24Z,2026-05-16T16:35:00Z,Priest Rapids Tailrace,Priest Rapids Tailrace - STEELHEAD,46.632369,-119.895442,0,3,PR16,TRUE,Active,Alive,Helicopter
G7261643A,GPUD_Survival,live_release,B,112,Lot 2,31W,178,49.70000076293945,2026-05-15,2026-05-14T19:14:48Z,2026-05-16T16:35:00Z,Priest Rapids Tailrace,Priest Rapids Tailrace - STEELHEAD,46.632369,-119.895442,0,3,PR16,TRUE,Active,Alive,Helicopter
G7245FEAF,GPUD_Survival,live_release,B,112,Lot 1,31W,165,38.599998474121094,2026-05-15,2026-05-14T19:15:10Z,2026-05-16T16:35:00Z,Priest Rapids Tailrace,Priest Rapids Tailrace - STEELHEAD,46.632369,-119.895442,0,3,PR16,TRUE,Active,Alive,Helicopter
G728B00AC,GPUD_Survival,live_release,B,113,Lot 1,31W,154,33.900001525878906,2026-05-15,2026-05-14T19:15:35Z,2026-05-16T16:35:00Z,Priest Rapids Tailrace,Priest Rapids Tailrace - STEELHEAD,46.632369,-119.895442,0,3,PR16,TRUE,Active,Alive,Helicopter
G729620EA,GPUD_Survival,live_release,B,113,Lot 1,31H,160,34.20000076293945,2026-05-15,2026-05-14T19:16:28Z,2026-05-16T16:35:00Z,Priest Rapids Tailrace,Priest Rapids Tailrace - STEELHEAD,46.632369,-119.895442,0,3,PR16,TRUE,Active,Alive,Helicopter
G725D6E24,GPUD_Survival,live_release,B,114,Lot 1,31W,171,44.29999923706055,2026-05-15,2026-05-14T19:17:07Z,2026-05-16T16:35:00Z,Priest Rapids Tailrace,Priest Rapids Tailrace - STEELHEAD,46.632369,-119.895442,0,3,PR16,TRUE,Active,Alive,Helicopter
G72B61716,GPUD_Survival,live_release,B,114,Lot 1,31W,170,42.70000076293945,2026-05-15,2026-05-14T19:17:49Z,2026-05-16T16:35:00Z,Priest Rapids Tailrace,Priest Rapids Tailrace - STEELHEAD,46.632369,-119.895442,0,3,PR16,TRUE,Active,Alive,Helicopter
G72259C2C,GPUD_Survival,live_release,B,115,Lot 2,31W,170,40.5,2026-05-15,2026-05-14T19:20:14Z,2026-05-16T16:35:00Z,Priest Rapids Tailrace,Priest Rapids Tailrace - STEELHEAD,46.632369,-119.895442,0,3,PR16,TRUE,Active,Alive,Helicopter
G7237F5A8,GPUD_Survival,live_release,B,115,Lot 2,31W,140,24.600000381469727,2026-05-15,2026-05-14T19:21:05Z,2026-05-16T16:35:00Z,Priest Rapids Tailrace,Priest Rapids Tailrace - STEELHEAD,46.632369,-119.895442,0,3,PR16,TRUE,Active,Alive,Helicopter
G726BDFCF,GPUD_Survival,live_release,B,116,Lot 3,31W,185,50.099998474121094,2026-05-15,2026-05-14T19:21:42Z,2026-05-16T16:35:00Z,Priest Rapids Tailrace,Priest Rapids Tailrace - STEELHEAD,46.632369,-119.895442,0,3,PR16,TRUE,Active,Alive,Helicopter
G72922C72,GPUD_Survival,live_release,B,116,Lot 1,31H,198,57.400001525878906,2026-05-15,2026-05-14T19:22:22Z,2026-05-16T16:35:00Z,Priest Rapids Tailrace,Priest Rapids Tailrace - STEELHEAD,46.632369,-119.895442,0,3,PR16,TRUE,Active,Alive,Helicopter
G7264CF4A,GPUD_Survival,live_release,B,117,Lot 3,31W,147,29.799999237060547,2026-05-15,2026-05-14T19:22:49Z,2026-05-16T16:35:00Z,Priest Rapids Tailrace,Priest Rapids Tailrace - STEELHEAD,46.632369,-119.895442,0,3,PR16,TRUE,Active,Alive,Helicopter
G724003D9,GPUD_Survival,live_release,B,117,Lot 3,31H,148,24.600000381469727,2026-05-15,2026-05-14T19:24:36Z,2026-05-16T16:35:00Z,Priest Rapids Tailrace,Priest Rapids Tailrace - STEELHEAD,46.632369,-119.895442,0,3,PR16,TRUE,Active,Alive,Helicopter
G72416226,GPUD_Survival,live_release,C,67,Lot 2,11H,142,25.600000381469727,2026-05-16,2026-05-15T16:02:55Z,2026-05-17T16:25:00Z,Priest Rapids Tailrace,Priest Rapids Tailrace - CHINOOK,46.632369,-119.895442,0,3,PC22,TRUE,Active,Alive,Helicopter
G7225D74A,GPUD_Survival,live_release,C,67,Lot 2,11H,135,23.899999618530273,2026-05-16,2026-05-15T16:03:32Z,2026-05-17T16:25:00Z,Priest Rapids Tailrace,Priest Rapids Tailrace - CHINOOK,46.632369,-119.895442,0,3,PC22,TRUE,Active,Alive,Helicopter
G7244EA97,GPUD_Survival,live_release,C,68,Lot 2,11H,143,26.899999618530273,2026-05-16,2026-05-15T16:04:20Z,2026-05-17T16:25:00Z,Priest Rapids Tailrace,Priest Rapids Tailrace - CHINOOK,46.632369,-119.895442,0,3,PC22,TRUE,Active,Alive,Helicopter
G72776E02,GPUD_Survival,live_release,C,68,Lot 1,11H,165,40.79999923706055,2026-05-16,2026-05-15T16:04:53Z,2026-05-17T16:25:00Z,Priest Rapids Tailrace,Priest Rapids Tailrace - CHINOOK,46.632369,-119.895442,0,3,PC22,TRUE,Active,Alive,Helicopter
G72BEB573,GPUD_Survival,live_release,C,69,Lot 1,11H,140,26.299999237060547,2026-05-16,2026-05-15T16:05:46Z,2026-05-17T16:25:00Z,Priest Rapids Tailrace,Priest Rapids Tailrace - CHINOOK,46.632369,-119.895442,0,3,PC22,TRUE,Active,Alive,Helicopter
G72392F5D,GPUD_Survival,live_release,C,69,Lot 2,11H,129,27,2026-05-16,2026-05-15T16:06:36Z,2026-05-17T16:25:00Z,Priest Rapids Tailrace,Priest Rapids Tailrace - CHINOOK,46.632369,-119.895442,0,3,PC22,TRUE,Active,Alive,Helicopter
G72E16CD7,GPUD_Survival,live_release,C,70,Lot 2,11H,121,17.100000381469727,2026-05-16,2026-05-15T16:07:09Z,2026-05-17T16:25:00Z,Priest Rapids Tailrace,Priest Rapids Tailrace - CHINOOK,46.632369,-119.895442,0,3,PC22,TRUE,Active,Alive,Helicopter
G729CE5F8,GPUD_Survival,live_release,C,70,Lot 1,11H,155,36.29999923706055,2026-05-16,2026-05-15T16:08:12Z,2026-05-17T16:25:00Z,Priest Rapids Tailrace,Priest Rapids Tailrace - CHINOOK,46.632369,-119.895442,0,3,PC22,TRUE,Active,Alive,Helicopter
G72D8B0BC,GPUD_Survival,live_release,C,71,Lot 2,11H,160,30.700000762939453,2026-05-16,2026-05-15T16:11:34Z,2026-05-17T16:25:00Z,Priest Rapids Tailrace,Priest Rapids Tailrace - CHINOOK,46.632369,-119.895442,0,3,PC22,TRUE,Active,Alive,Helicopter
G720E5C04,GPUD_Survival,live_release,C,71,Lot 3,11H,138,25.5,2026-05-16,2026-05-15T16:12:03Z,2026-05-17T16:25:00Z,Priest Rapids Tailrace,Priest Rapids Tailrace - CHINOOK,46.632369,-119.895442,0,3,PC22,TRUE,Active,Alive,Helicopter
G7261C495,GPUD_Survival,live_release,C,72,Lot 3,11H,116,15.300000190734863,2026-05-16,2026-05-15T16:12:42Z,2026-05-17T16:25:00Z,Priest Rapids Tailrace,Priest Rapids Tailrace - CHINOOK,46.632369,-119.895442,0,3,PC22,TRUE,Active,Alive,Helicopter
G72E2D8D1,GPUD_Survival,live_release,C,72,Lot 3,11H,159,39,2026-05-16,2026-05-15T16:13:41Z,2026-05-17T16:25:00Z,Priest Rapids Tailrace,Priest Rapids Tailrace - CHINOOK,46.632369,-119.895442,0,3,PC22,TRUE,Active,Alive,Helicopter
G7210C4E7,GPUD_Survival,dead_release,C,73,Lot 3,11H,139,26.399999618530273,2026-05-16,2026-05-15T16:14:20Z,2026-05-17T16:25:00Z,Priest Rapids Tailrace,Priest Rapids Tailrace - CHINOOK,46.632369,-119.895442,1,3,PC22,FALSE,Active,Euthanized,Helicopter
G72DE26DA,GPUD_Survival,dead_release,C,73,Lot 2,11H,128,19.299999237060547,2026-05-16,2026-05-15T16:14:47Z,2026-05-17T16:25:00Z,Priest Rapids Tailrace,Priest Rapids Tailrace - CHINOOK,46.632369,-119.895442,1,3,PC22,FALSE,Active,Euthanized,Helicopter
G72214821,GPUD_Survival,live_release,C,74,Lot 2,11H,144,29,2026-05-16,2026-05-15T16:15:21Z,2026-05-17T16:25:00Z,Priest Rapids Tailrace,Priest Rapids Tailrace - CHINOOK,46.632369,-119.895442,0,3,PC22,TRUE,Active,Alive,Helicopter
G72DA6E65,GPUD_Survival,live_release,C,74,Lot 2,11H,153,35.70000076293945,2026-05-16,2026-05-15T16:17:38Z,2026-05-17T16:25:00Z,Priest Rapids Tailrace,Priest Rapids Tailrace - CHINOOK,46.632369,-119.895442,0,3,PC22,TRUE,Active,Alive,Helicopter
G72747608,GPUD_Survival,live_release,C,75,Lot 3,11H,159,41.29999923706055,2026-05-16,2026-05-15T16:18:09Z,2026-05-17T16:25:00Z,Priest Rapids Tailrace,Priest Rapids Tailrace - CHINOOK,46.632369,-119.895442,0,3,PC22,TRUE,Active,Alive,Helicopter
G72B2C83B,GPUD_Survival,live_release,C,76,Lot 1,11H,137,24.100000381469727,2026-05-16,2026-05-15T16:18:49Z,2026-05-17T16:25:00Z,Priest Rapids Tailrace,Priest Rapids Tailrace - CHINOOK,46.632369,-119.895442,0,3,PC22,TRUE,Active,Alive,Helicopter
G72AA41B1,GPUD_Survival,live_release,C,76,Lot 3,11H,137,24.100000381469727,2026-05-16,2026-05-15T16:19:16Z,2026-05-17T16:25:00Z,Priest Rapids Tailrace,Priest Rapids Tailrace - CHINOOK,46.632369,-119.895442,0,3,PC22,TRUE,Active,Alive,Helicopter
G72F52979,GPUD_Survival,live_release,C,76,Lot 1,11H,126,21.5,2026-05-16,2026-05-15T16:19:52Z,2026-05-17T16:25:00Z,Priest Rapids Tailrace,Priest Rapids Tailrace - CHINOOK,46.632369,-119.895442,0,3,PC22,TRUE,Active,Alive,Helicopter
G722B84AF,GPUD_Survival,live_release,C,77,Lot 2,11H,144,30.200000762939453,2026-05-16,2026-05-15T16:20:30Z,2026-05-17T16:25:00Z,Priest Rapids Tailrace,Priest Rapids Tailrace - CHINOOK,46.632369,-119.895442,0,3,PC22,TRUE,Active,Alive,Helicopter
G7236FCF0,GPUD_Survival,live_release,C,77,Lot 3,11W,167,46,2026-05-16,2026-05-15T16:20:59Z,2026-05-17T16:25:00Z,Priest Rapids Tailrace,Priest Rapids Tailrace - CHINOOK,46.632369,-119.895442,0,3,PC22,TRUE,Active,Alive,Helicopter
G7227CF84,GPUD_Survival,live_release,C,78,Lot 1,11H,144,30.700000762939453,2026-05-16,2026-05-15T16:21:33Z,2026-05-17T16:25:00Z,Priest Rapids Tailrace,Priest Rapids Tailrace - CHINOOK,46.632369,-119.895442,0,3,PC22,TRUE,Active,Alive,Helicopter
G7281FDC2,GPUD_Survival,live_release,C,79,Lot 2,11H,123,18.5,2026-05-16,2026-05-15T16:22:09Z,2026-05-17T16:25:00Z,Priest Rapids Tailrace,Priest Rapids Tailrace - CHINOOK,46.632369,-119.895442,0,3,PC22,TRUE,Active,Alive,Helicopter
G72E77881,GPUD_Survival,live_release,C,79,Lot 1,11H,140,23.5,2026-05-16,2026-05-15T16:22:51Z,2026-05-17T16:25:00Z,Priest Rapids Tailrace,Priest Rapids Tailrace - CHINOOK,46.632369,-119.895442,0,3,PC22,TRUE,Active,Alive,Helicopter
G72F6220C,GPUD_Survival,live_release,C,80,Lot 1,11H,135,24.600000381469727,2026-05-16,2026-05-15T16:23:09Z,2026-05-17T16:25:00Z,Priest Rapids Tailrace,Priest Rapids Tailrace - CHINOOK,46.632369,-119.895442,0,3,PC22,TRUE,Active,Alive,Helicopter
G729B2402,GPUD_Survival,live_release,C,80,Lot 3,11H,143,27.100000381469727,2026-05-16,2026-05-15T16:23:31Z,2026-05-17T16:25:00Z,Priest Rapids Tailrace,Priest Rapids Tailrace - CHINOOK,46.632369,-119.895442,0,3,PC22,TRUE,Active,Alive,Helicopter
G72ACF8B5,GPUD_Survival,live_release,C,81,Lot 1,11H,143,25,2026-05-16,2026-05-15T16:24:08Z,2026-05-17T16:25:00Z,Priest Rapids Tailrace,Priest Rapids Tailrace - CHINOOK,46.632369,-119.895442,0,3,PC22,TRUE,Active,Alive,Helicopter
G72F5EE30,GPUD_Survival,live_release,C,82,Lot 1,11H,143,28,2026-05-16,2026-05-15T16:24:38Z,2026-05-17T16:25:00Z,Priest Rapids Tailrace,Priest Rapids Tailrace - CHINOOK,46.632369,-119.895442,0,3,PC22,TRUE,Active,Alive,Helicopter
G721AAA7A,GPUD_Survival,live_release,C,82,Lot 2,11H,153,31.200000762939453,2026-05-16,2026-05-15T16:25:02Z,2026-05-17T16:25:00Z,Priest Rapids Tailrace,Priest Rapids Tailrace - CHINOOK,46.632369,-119.895442,0,3,PC22,TRUE,Active,Alive,Helicopter
G728DD893,GPUD_Survival,live_release,C,83,Lot 3,11H,159,36.099998474121094,2026-05-16,2026-05-15T16:26:08Z,2026-05-17T16:25:00Z,Priest Rapids Tailrace,Priest Rapids Tailrace - CHINOOK,46.632369,-119.895442,0,3,PC22,TRUE,Active,Alive,Helicopter
G72F43B9C,GPUD_Survival,live_release,C,83,Lot 3,11H,145,29.399999618530273,2026-05-16,2026-05-15T16:26:42Z,2026-05-17T16:25:00Z,Priest Rapids Tailrace,Priest Rapids Tailrace - CHINOOK,46.632369,-119.895442,0,3,PC22,TRUE,Active,Alive,Helicopter
G728F1E15,GPUD_Survival,live_release,C,84,Lot 3,11H,130,19.299999237060547,2026-05-16,2026-05-15T16:27:06Z,2026-05-17T16:25:00Z,Priest Rapids Tailrace,Priest Rapids Tailrace - CHINOOK,46.632369,-119.895442,0,3,PC22,TRUE,Active,Alive,Helicopter
G72967C92,GPUD_Survival,live_release,C,84,Lot 1,11H,139,25.799999237060547,2026-05-16,2026-05-15T16:27:53Z,2026-05-17T16:25:00Z,Priest Rapids Tailrace,Priest Rapids Tailrace - CHINOOK,46.632369,-119.895442,0,3,PC22,TRUE,Active,Alive,Helicopter
G720A43E3,GPUD_Survival,live_release,C,85,Lot 3,11H,146,33,2026-05-16,2026-05-15T16:28:32Z,2026-05-17T16:25:00Z,Priest Rapids Tailrace,Priest Rapids Tailrace - CHINOOK,46.632369,-119.895442,0,3,PC22,TRUE,Active,Alive,Helicopter
G72997C8A,GPUD_Survival,live_release,C,34,Lot 1,31H,200,70.69999694824219,2026-05-16,2026-05-15T16:39:23Z,2026-05-17T15:43:00Z,Rock Island Tailrace,Rock Island Tailrace - STEELHEAD,47.341487,-120.090402,0,3,RI20,TRUE,Active,Alive,Helicopter
G727F5F94,GPUD_Survival,live_release,C,34,Lot 2,31H,173,45.400001525878906,2026-05-16,2026-05-15T16:40:01Z,2026-05-17T15:43:00Z,Rock Island Tailrace,Rock Island Tailrace - STEELHEAD,47.341487,-120.090402,0,3,RI20,TRUE,Active,Alive,Helicopter
G72C7BCEB,GPUD_Survival,live_release,C,35,Lot 1,31W,160,34.70000076293945,2026-05-16,2026-05-15T16:40:36Z,2026-05-17T15:43:00Z,Rock Island Tailrace,Rock Island Tailrace - STEELHEAD,47.341487,-120.090402,0,3,RI20,TRUE,Active,Alive,Helicopter
G72F2674E,GPUD_Survival,live_release,C,35,Lot 1,31H,168,42.29999923706055,2026-05-16,2026-05-15T16:42:02Z,2026-05-17T15:43:00Z,Rock Island Tailrace,Rock Island Tailrace - STEELHEAD,47.341487,-120.090402,0,3,RI20,TRUE,Active,Alive,Helicopter
G728FC43C,GPUD_Survival,live_release,C,36,Lot 3,31W,185,50.29999923706055,2026-05-16,2026-05-15T16:42:23Z,2026-05-17T15:43:00Z,Rock Island Tailrace,Rock Island Tailrace - STEELHEAD,47.341487,-120.090402,0,3,RI20,TRUE,Active,Alive,Helicopter
G72CA096F,GPUD_Survival,live_release,C,36,Lot 3,31W,175,45,2026-05-16,2026-05-15T16:42:41Z,2026-05-17T15:43:00Z,Rock Island Tailrace,Rock Island Tailrace - STEELHEAD,47.341487,-120.090402,0,3,RI20,TRUE,Active,Alive,Helicopter
G7225AA4F,GPUD_Survival,live_release,C,37,Lot 2,31W,146,28,2026-05-16,2026-05-15T16:42:59Z,2026-05-17T15:43:00Z,Rock Island Tailrace,Rock Island Tailrace - STEELHEAD,47.341487,-120.090402,0,3,RI20,TRUE,Active,Alive,Helicopter
G726E2786,GPUD_Survival,live_release,C,37,Lot 2,31W,178,49.400001525878906,2026-05-16,2026-05-15T16:43:26Z,2026-05-17T15:43:00Z,Rock Island Tailrace,Rock Island Tailrace - STEELHEAD,47.341487,-120.090402,0,3,RI20,TRUE,Active,Alive,Helicopter
G725909F9,GPUD_Survival,live_release,C,38,Lot 1,31H,184,52.900001525878906,2026-05-16,2026-05-15T16:44:01Z,2026-05-17T15:43:00Z,Rock Island Tailrace,Rock Island Tailrace - STEELHEAD,47.341487,-120.090402,0,3,RI20,TRUE,Active,Alive,Helicopter
G727ACE24,GPUD_Survival,live_release,C,38,Lot 1,31W,165,42.599998474121094,2026-05-16,2026-05-15T16:44:37Z,2026-05-17T15:43:00Z,Rock Island Tailrace,Rock Island Tailrace - STEELHEAD,47.341487,-120.090402,0,3,RI20,TRUE,Active,Alive,Helicopter
G7268E9F9,GPUD_Survival,live_release,C,39,Lot 3,31W,169,44.099998474121094,2026-05-16,2026-05-15T16:44:52Z,2026-05-17T15:43:00Z,Rock Island Tailrace,Rock Island Tailrace - STEELHEAD,47.341487,-120.090402,0,3,RI20,TRUE,Active,Alive,Helicopter
G72CBB2B9,GPUD_Survival,live_release,C,39,Lot 1,31H,201,67.9000015258789,2026-05-16,2026-05-15T16:49:04Z,2026-05-17T15:43:00Z,Rock Island Tailrace,Rock Island Tailrace - STEELHEAD,47.341487,-120.090402,0,3,RI20,TRUE,Active,Alive,Helicopter
G72D0F84E,GPUD_Survival,live_release,C,40,Lot 1,31W,201,70.9000015258789,2026-05-16,2026-05-15T16:49:29Z,2026-05-17T15:43:00Z,Rock Island Tailrace,Rock Island Tailrace - STEELHEAD,47.341487,-120.090402,0,3,RI20,TRUE,Active,Alive,Helicopter
G7288EDED,GPUD_Survival,live_release,C,40,Lot 1,31W,171,44.20000076293945,2026-05-16,2026-05-15T16:50:08Z,2026-05-17T15:43:00Z,Rock Island Tailrace,Rock Island Tailrace - STEELHEAD,47.341487,-120.090402,0,3,RI20,TRUE,Active,Alive,Helicopter
G72298F1E,GPUD_Survival,live_release,C,41,Lot 3,31W,136,25.100000381469727,2026-05-16,2026-05-15T16:55:00Z,2026-05-17T15:43:00Z,Rock Island Tailrace,Rock Island Tailrace - STEELHEAD,47.341487,-120.090402,0,3,RI20,TRUE,Active,Alive,Helicopter
G7210C844,GPUD_Survival,live_release,C,41,Lot 3,31W,175,48.599998474121094,2026-05-16,2026-05-15T16:55:35Z,2026-05-17T15:43:00Z,Rock Island Tailrace,Rock Island Tailrace - STEELHEAD,47.341487,-120.090402,0,3,RI20,TRUE,Active,Alive,Helicopter
G721ACB41,GPUD_Survival,live_release,C,42,Lot 2,31H,179,56.20000076293945,2026-05-16,2026-05-15T16:57:19Z,2026-05-17T15:43:00Z,Rock Island Tailrace,Rock Island Tailrace - STEELHEAD,47.341487,-120.090402,0,3,RI20,TRUE,Active,Alive,Helicopter
G72097D17,GPUD_Survival,live_release,C,42,Lot 1,31W,195,66,2026-05-16,2026-05-15T16:57:46Z,2026-05-17T15:43:00Z,Rock Island Tailrace,Rock Island Tailrace - STEELHEAD,47.341487,-120.090402,0,3,RI20,TRUE,Active,Alive,Helicopter
G72DC0EAA,GPUD_Survival,live_release,C,43,Lot 3,31H,196,70.69999694824219,2026-05-16,2026-05-15T16:58:52Z,2026-05-17T15:43:00Z,Rock Island Tailrace,Rock Island Tailrace - STEELHEAD,47.341487,-120.090402,0,3,RI20,TRUE,Active,Alive,Helicopter
G7202C1A5,GPUD_Survival,live_release,C,43,Lot 2,31H,158,37.5,2026-05-16,2026-05-15T16:59:35Z,2026-05-17T15:43:00Z,Rock Island Tailrace,Rock Island Tailrace - STEELHEAD,47.341487,-120.090402,0,3,RI20,TRUE,Active,Alive,Helicopter
G72F7C1C3,GPUD_Survival,live_release,C,44,Lot 2,31W,192,57.29999923706055,2026-05-16,2026-05-15T16:59:58Z,2026-05-17T15:43:00Z,Rock Island Tailrace,Rock Island Tailrace - STEELHEAD,47.341487,-120.090402,0,3,RI20,TRUE,Active,Alive,Helicopter
G72A59D5D,GPUD_Survival,live_release,C,44,Lot 3,31W,185,56.099998474121094,2026-05-16,2026-05-15T17:00:38Z,2026-05-17T15:43:00Z,Rock Island Tailrace,Rock Island Tailrace - STEELHEAD,47.341487,-120.090402,0,3,RI20,TRUE,Active,Alive,Helicopter
G72EC36FB,GPUD_Survival,live_release,C,45,Lot 1,31W,166,41.79999923706055,2026-05-16,2026-05-15T17:01:01Z,2026-05-17T15:43:00Z,Rock Island Tailrace,Rock Island Tailrace - STEELHEAD,47.341487,-120.090402,0,3,RI20,TRUE,Active,Alive,Helicopter
G72CA0770,GPUD_Survival,live_release,C,45,Lot 3,31H,145,25.5,2026-05-16,2026-05-15T17:01:22Z,2026-05-17T15:43:00Z,Rock Island Tailrace,Rock Island Tailrace - STEELHEAD,47.341487,-120.090402,0,3,RI20,TRUE,Active,Alive,Helicopter
G72458048,GPUD_Survival,live_release,C,46,Lot 2,31W,161,37.5,2026-05-16,2026-05-15T17:02:23Z,2026-05-17T15:43:00Z,Rock Island Tailrace,Rock Island Tailrace - STEELHEAD,47.341487,-120.090402,0,3,RI20,TRUE,Active,Alive,Helicopter
G72B80336,GPUD_Survival,live_release,C,46,Lot 3,31W,180,58.29999923706055,2026-05-16,2026-05-15T17:03:01Z,2026-05-17T15:43:00Z,Rock Island Tailrace,Rock Island Tailrace - STEELHEAD,47.341487,-120.090402,0,3,RI20,TRUE,Active,Alive,Helicopter
G72533B1C,GPUD_Survival,live_release,C,47,Lot 1,31H,167,38.70000076293945,2026-05-16,2026-05-15T17:04:16Z,2026-05-17T15:43:00Z,Rock Island Tailrace,Rock Island Tailrace - STEELHEAD,47.341487,-120.090402,0,3,RI20,TRUE,Active,Alive,Helicopter
G72C5B81B,GPUD_Survival,live_release,C,47,Lot 1,31H,159,34.70000076293945,2026-05-16,2026-05-15T17:04:52Z,2026-05-17T15:43:00Z,Rock Island Tailrace,Rock Island Tailrace - STEELHEAD,47.341487,-120.090402,0,3,RI20,TRUE,Active,Alive,Helicopter
G7264A130,GPUD_Survival,live_release,C,48,Lot 3,31H,176,51.79999923706055,2026-05-16,2026-05-15T17:05:34Z,2026-05-17T15:43:00Z,Rock Island Tailrace,Rock Island Tailrace - STEELHEAD,47.341487,-120.090402,0,3,RI20,TRUE,Active,Alive,Helicopter
G72D60E4D,GPUD_Survival,live_release,C,48,Lot 1,31H,186,59.900001525878906,2026-05-16,2026-05-15T17:06:11Z,2026-05-17T15:43:00Z,Rock Island Tailrace,Rock Island Tailrace - STEELHEAD,47.341487,-120.090402,0,3,RI20,TRUE,Active,Alive,Helicopter
G72CF1BB1,GPUD_Survival,live_release,C,49,Lot 3,31W,193,60.79999923706055,2026-05-16,2026-05-15T17:07:49Z,2026-05-17T15:43:00Z,Rock Island Tailrace,Rock Island Tailrace - STEELHEAD,47.341487,-120.090402,0,3,RI20,TRUE,Active,Alive,Helicopter
G72B3841A,GPUD_Survival,live_release,C,49,Lot 1,31W,136,23.200000762939453,2026-05-16,2026-05-15T17:08:10Z,2026-05-17T15:43:00Z,Rock Island Tailrace,Rock Island Tailrace - STEELHEAD,47.341487,-120.090402,0,3,RI20,TRUE,Active,Alive,Helicopter
G72E34BE6,GPUD_Survival,live_release,C,50,Lot 3,31W,181,52.099998474121094,2026-05-16,2026-05-15T17:08:35Z,2026-05-17T15:43:00Z,Rock Island Tailrace,Rock Island Tailrace - STEELHEAD,47.341487,-120.090402,0,3,RI20,TRUE,Active,Alive,Helicopter
G72DD9B40,GPUD_Survival,live_release,C,50,Lot 3,31W,182,52.900001525878906,2026-05-16,2026-05-15T17:09:21Z,2026-05-17T15:43:00Z,Rock Island Tailrace,Rock Island Tailrace - STEELHEAD,47.341487,-120.090402,0,3,RI20,TRUE,Active,Alive,Helicopter
G72CCF7AE,GPUD_Survival,live_release,C,51,Lot 1,31H,174,45.099998474121094,2026-05-16,2026-05-15T17:09:54Z,2026-05-17T15:43:00Z,Rock Island Tailrace,Rock Island Tailrace - STEELHEAD,47.341487,-120.090402,0,3,RI20,TRUE,Active,Alive,Helicopter
G72771D18,GPUD_Survival,live_release,C,51,Lot 1,31H,191,65.0999984741211,2026-05-16,2026-05-15T17:10:29Z,2026-05-17T15:43:00Z,Rock Island Tailrace,Rock Island Tailrace - STEELHEAD,47.341487,-120.090402,0,3,RI20,TRUE,Active,Alive,Helicopter
G72EF9940,GPUD_Survival,live_release,C,52,Lot 3,31W,170,44.099998474121094,2026-05-16,2026-05-15T17:11:07Z,2026-05-17T15:43:00Z,Rock Island Tailrace,Rock Island Tailrace - STEELHEAD,47.341487,-120.090402,0,3,RI20,TRUE,Active,Alive,Helicopter
G72E18C3E,GPUD_Survival,live_release,C,52,Lot 2,31H,170,42,2026-05-16,2026-05-15T17:12:00Z,2026-05-17T15:43:00Z,Rock Island Tailrace,Rock Island Tailrace - STEELHEAD,47.341487,-120.090402,0,3,RI20,TRUE,Active,Alive,Helicopter
G72393C22,GPUD_Survival,live_release,C,53,Lot 2,31W,160,38.20000076293945,2026-05-16,2026-05-15T17:12:24Z,2026-05-17T15:43:00Z,Rock Island Tailrace,Rock Island Tailrace - STEELHEAD,47.341487,-120.090402,0,3,RI20,TRUE,Active,Alive,Helicopter
G7221619E,GPUD_Survival,live_release,C,53,Lot 2,31H,191,65.0999984741211,2026-05-16,2026-05-15T17:12:54Z,2026-05-17T15:43:00Z,Rock Island Tailrace,Rock Island Tailrace - STEELHEAD,47.341487,-120.090402,0,3,RI20,TRUE,Active,Alive,Helicopter
G72531141,GPUD_Survival,live_release,C,54,Lot 1,31W,169,45.79999923706055,2026-05-16,2026-05-15T17:13:20Z,2026-05-17T15:43:00Z,Rock Island Tailrace,Rock Island Tailrace - STEELHEAD,47.341487,-120.090402,0,3,RI20,TRUE,Active,Alive,Helicopter
G72B1EAF1,GPUD_Survival,live_release,C,54,Lot 1,31W,179,50.70000076293945,2026-05-16,2026-05-15T17:13:51Z,2026-05-17T15:43:00Z,Rock Island Tailrace,Rock Island Tailrace - STEELHEAD,47.341487,-120.090402,0,3,RI20,TRUE,Active,Alive,Helicopter
G7227E0E6,GPUD_Survival,live_release,C,100,Lot 1,31H,195,60.79999923706055,2026-05-16,2026-05-15T17:16:13Z,2026-05-17T16:25:00Z,Priest Rapids Tailrace,Priest Rapids Tailrace - STEELHEAD,46.632369,-119.895442,0,3,PR17,TRUE,Active,Alive,Helicopter
G72C93527,GPUD_Survival,live_release,C,100,Lot 1,31H,166,38.5,2026-05-16,2026-05-15T17:16:40Z,2026-05-17T16:25:00Z,Priest Rapids Tailrace,Priest Rapids Tailrace - STEELHEAD,46.632369,-119.895442,0,3,PR17,TRUE,Active,Alive,Helicopter
G726F343D,GPUD_Survival,live_release,C,101,Lot 2,31W,170,49.20000076293945,2026-05-16,2026-05-15T17:17:03Z,2026-05-17T16:25:00Z,Priest Rapids Tailrace,Priest Rapids Tailrace - STEELHEAD,46.632369,-119.895442,0,3,PR17,TRUE,Active,Alive,Helicopter
G729F7C20,GPUD_Survival,live_release,C,101,Lot 3,31W,160,32,2026-05-16,2026-05-15T17:17:43Z,2026-05-17T16:25:00Z,Priest Rapids Tailrace,Priest Rapids Tailrace - STEELHEAD,46.632369,-119.895442,0,3,PR17,TRUE,Active,Alive,Helicopter
G72C8D3D7,GPUD_Survival,live_release,C,102,Lot 1,31H,195,65.5999984741211,2026-05-16,2026-05-15T17:18:25Z,2026-05-17T16:25:00Z,Priest Rapids Tailrace,Priest Rapids Tailrace - STEELHEAD,46.632369,-119.895442,0,3,PR17,TRUE,Active,Alive,Helicopter
G72C0EBDD,GPUD_Survival,live_release,C,102,Lot 1,31W,185,64.19999694824219,2026-05-16,2026-05-15T17:19:08Z,2026-05-17T16:25:00Z,Priest Rapids Tailrace,Priest Rapids Tailrace - STEELHEAD,46.632369,-119.895442,0,3,PR17,TRUE,Active,Alive,Helicopter
G723D28E5,GPUD_Survival,live_release,C,103,Lot 1,31W,140,22.600000381469727,2026-05-16,2026-05-15T17:19:47Z,2026-05-17T16:25:00Z,Priest Rapids Tailrace,Priest Rapids Tailrace - STEELHEAD,46.632369,-119.895442,0,3,PR17,TRUE,Active,Alive,Helicopter
G7201E650,GPUD_Survival,live_release,C,103,Lot 2,31W,168,42.5,2026-05-16,2026-05-15T17:20:15Z,2026-05-17T16:25:00Z,Priest Rapids Tailrace,Priest Rapids Tailrace - STEELHEAD,46.632369,-119.895442,0,3,PR17,TRUE,Active,Alive,Helicopter
G721C3AC1,GPUD_Survival,live_release,C,104,Lot 1,31H,191,61,2026-05-16,2026-05-15T17:20:50Z,2026-05-17T16:25:00Z,Priest Rapids Tailrace,Priest Rapids Tailrace - STEELHEAD,46.632369,-119.895442,0,3,PR17,TRUE,Active,Alive,Helicopter
G7269AFA6,GPUD_Survival,live_release,C,104,Lot 2,31H,200,70.0999984741211,2026-05-16,2026-05-15T17:21:22Z,2026-05-17T16:25:00Z,Priest Rapids Tailrace,Priest Rapids Tailrace - STEELHEAD,46.632369,-119.895442,0,3,PR17,TRUE,Active,Alive,Helicopter
G723AA327,GPUD_Survival,live_release,C,105,Lot 2,31H,171,39.099998474121094,2026-05-16,2026-05-15T17:21:58Z,2026-05-17T16:25:00Z,Priest Rapids Tailrace,Priest Rapids Tailrace - STEELHEAD,46.632369,-119.895442,0,3,PR17,TRUE,Active,Alive,Helicopter
G725EEC41,GPUD_Survival,live_release,C,105,Lot 1,31W,154,31.700000762939453,2026-05-16,2026-05-15T17:22:33Z,2026-05-17T16:25:00Z,Priest Rapids Tailrace,Priest Rapids Tailrace - STEELHEAD,46.632369,-119.895442,0,3,PR17,TRUE,Active,Alive,Helicopter
G7295C68B,GPUD_Survival,live_release,C,106,Lot 3,31H,175,48.70000076293945,2026-05-16,2026-05-15T17:23:04Z,2026-05-17T16:25:00Z,Priest Rapids Tailrace,Priest Rapids Tailrace - STEELHEAD,46.632369,-119.895442,0,3,PR17,TRUE,Active,Alive,Helicopter
G724F2A7E,GPUD_Survival,live_release,C,106,Lot 3,31W,181,51.400001525878906,2026-05-16,2026-05-15T17:23:33Z,2026-05-17T16:25:00Z,Priest Rapids Tailrace,Priest Rapids Tailrace - STEELHEAD,46.632369,-119.895442,0,3,PR17,TRUE,Active,Alive,Helicopter
G72CC397B,GPUD_Survival,dead_release,C,107,Lot 1,31H,200,64.4000015258789,2026-05-16,2026-05-15T17:24:01Z,2026-05-17T16:25:00Z,Priest Rapids Tailrace,Priest Rapids Tailrace - STEELHEAD,46.632369,-119.895442,1,3,PR17,FALSE,Active,Euthanized,Helicopter
G726F6087,GPUD_Survival,dead_release,C,107,Lot 2,31H,154,26.700000762939453,2026-05-16,2026-05-15T17:24:25Z,2026-05-17T16:25:00Z,Priest Rapids Tailrace,Priest Rapids Tailrace - STEELHEAD,46.632369,-119.895442,1,3,PR17,FALSE,Active,Euthanized,Helicopter
G727C904A,GPUD_Survival,live_release,C,108,Lot 2,31W,185,49.70000076293945,2026-05-16,2026-05-15T17:25:33Z,2026-05-17T16:25:00Z,Priest Rapids Tailrace,Priest Rapids Tailrace - STEELHEAD,46.632369,-119.895442,0,3,PR17,TRUE,Active,Alive,Helicopter
G729DCA5E,GPUD_Survival,live_release,C,108,Lot 2,31W,184,52.5,2026-05-16,2026-05-15T17:26:12Z,2026-05-17T16:25:00Z,Priest Rapids Tailrace,Priest Rapids Tailrace - STEELHEAD,46.632369,-119.895442,0,3,PR17,TRUE,Active,Alive,Helicopter
G729C4CCB,GPUD_Survival,live_release,C,109,Lot 2,31W,136,23.700000762939453,2026-05-16,2026-05-15T17:26:55Z,2026-05-17T16:25:00Z,Priest Rapids Tailrace,Priest Rapids Tailrace - STEELHEAD,46.632369,-119.895442,0,3,PR17,TRUE,Active,Alive,Helicopter
G7233FEB3,GPUD_Survival,live_release,C,109,Lot 1,31W,179,53,2026-05-16,2026-05-15T17:27:18Z,2026-05-17T16:25:00Z,Priest Rapids Tailrace,Priest Rapids Tailrace - STEELHEAD,46.632369,-119.895442,0,3,PR17,TRUE,Active,Alive,Helicopter
G724E6AFC,GPUD_Survival,live_release,C,110,Lot 2,31W,155,34.400001525878906,2026-05-16,2026-05-15T17:27:46Z,2026-05-17T16:25:00Z,Priest Rapids Tailrace,Priest Rapids Tailrace - STEELHEAD,46.632369,-119.895442,0,3,PR17,TRUE,Active,Alive,Helicopter
G72F742AD,GPUD_Survival,live_release,C,110,Lot 3,31H,190,65,2026-05-16,2026-05-15T17:28:09Z,2026-05-17T16:25:00Z,Priest Rapids Tailrace,Priest Rapids Tailrace - STEELHEAD,46.632369,-119.895442,0,3,PR17,TRUE,Active,Alive,Helicopter
G72BCF379,GPUD_Survival,live_release,C,0,Lot 3,31W,178,48.29999923706055,2026-05-16,2026-05-15T17:28:32Z,2026-05-17T16:25:00Z,Priest Rapids Tailrace,Priest Rapids Tailrace - STEELHEAD,46.632369,-119.895442,0,3,PR17,TRUE,Active,Alive,Helicopter
G7275C9BF,GPUD_Survival,live_release,C,0,Lot 3,31H,160,35.70000076293945,2026-05-16,2026-05-15T17:28:57Z,2026-05-17T16:25:00Z,Priest Rapids Tailrace,Priest Rapids Tailrace - STEELHEAD,46.632369,-119.895442,0,3,PR17,TRUE,Active,Alive,Helicopter
G72319A26,GPUD_Survival,live_release,C,112,Lot 3,31W,160,36.79999923706055,2026-05-16,2026-05-15T17:29:17Z,2026-05-17T16:25:00Z,Priest Rapids Tailrace,Priest Rapids Tailrace - STEELHEAD,46.632369,-119.895442,0,3,PR17,TRUE,Active,Alive,Helicopter
G72E34AB8,GPUD_Survival,live_release,C,112,Lot 3,31W,170,39,2026-05-16,2026-05-15T17:29:40Z,2026-05-17T16:25:00Z,Priest Rapids Tailrace,Priest Rapids Tailrace - STEELHEAD,46.632369,-119.895442,0,3,PR17,TRUE,Active,Alive,Helicopter
G72D9895A,GPUD_Survival,live_release,C,113,Lot 1,31H,160,34,2026-05-16,2026-05-15T17:30:14Z,2026-05-17T16:25:00Z,Priest Rapids Tailrace,Priest Rapids Tailrace - STEELHEAD,46.632369,-119.895442,0,3,PR17,TRUE,Active,Alive,Helicopter
G72D77551,GPUD_Survival,live_release,C,113,Lot 1,31H,194,61.20000076293945,2026-05-16,2026-05-15T17:31:02Z,2026-05-17T16:25:00Z,Priest Rapids Tailrace,Priest Rapids Tailrace - STEELHEAD,46.632369,-119.895442,0,3,PR17,TRUE,Active,Alive,Helicopter
G721A8518,GPUD_Survival,live_release,C,114,Lot 2,31W,165,41.29999923706055,2026-05-16,2026-05-15T17:32:16Z,2026-05-17T16:25:00Z,Priest Rapids Tailrace,Priest Rapids Tailrace - STEELHEAD,46.632369,-119.895442,0,3,PR17,TRUE,Active,Alive,Helicopter
G72D36AB6,GPUD_Survival,live_release,C,114,Lot 1,31H,178,48.599998474121094,2026-05-16,2026-05-15T17:32:42Z,2026-05-17T16:25:00Z,Priest Rapids Tailrace,Priest Rapids Tailrace - STEELHEAD,46.632369,-119.895442,0,3,PR17,TRUE,Active,Alive,Helicopter
G721D5F5F,GPUD_Survival,live_release,C,115,Lot 2,31W,185,53.70000076293945,2026-05-16,2026-05-15T17:34:14Z,2026-05-17T16:25:00Z,Priest Rapids Tailrace,Priest Rapids Tailrace - STEELHEAD,46.632369,-119.895442,0,3,PR17,TRUE,Active,Alive,Helicopter
G7236DB50,GPUD_Survival,live_release,C,116,Lot 3,31H,166,45.79999923706055,2026-05-16,2026-05-15T17:34:43Z,2026-05-17T16:25:00Z,Priest Rapids Tailrace,Priest Rapids Tailrace - STEELHEAD,46.632369,-119.895442,0,3,PR17,TRUE,Active,Alive,Helicopter
G72025EF5,GPUD_Survival,live_release,C,115,Lot 2,31W,187,50.79999923706055,2026-05-16,2026-05-15T17:35:08Z,2026-05-17T16:25:00Z,Priest Rapids Tailrace,Priest Rapids Tailrace - STEELHEAD,46.632369,-119.895442,0,3,PR17,TRUE,Active,Alive,Helicopter
G72C02456,GPUD_Survival,live_release,C,116,Lot 1,31W,181,53.29999923706055,2026-05-16,2026-05-15T17:35:38Z,2026-05-17T16:25:00Z,Priest Rapids Tailrace,Priest Rapids Tailrace - STEELHEAD,46.632369,-119.895442,0,3,PR17,TRUE,Active,Alive,Helicopter
G725C4C7F,GPUD_Survival,live_release,C,0,Lot 1,31H,0,0,2026-05-16,2026-05-15T17:39:07Z,2026-05-17T16:25:00Z,Priest Rapids Tailrace,Priest Rapids Tailrace - STEELHEAD,46.632369,-119.895442,0,3,PR17,FALSE,Inactive,Alive,Helicopter
G7223B158,GPUD_Survival,live_release,C,67,Lot 2,11H,135,23,2026-05-17,2026-05-16T15:16:53Z,2026-05-18T17:15:00Z,Priest Rapids Tailrace,Priest Rapids Tailrace - CHINOOK,46.632369,-119.895442,0,3,PC23,TRUE,Active,Alive,Helicopter
G72D26533,GPUD_Survival,live_release,C,67,Lot 3,11H,160,34.29999923706055,2026-05-17,2026-05-16T15:17:45Z,2026-05-18T17:15:00Z,Priest Rapids Tailrace,Priest Rapids Tailrace - CHINOOK,46.632369,-119.895442,0,3,PC23,TRUE,Active,Alive,Helicopter
G7220C676,GPUD_Survival,live_release,C,68,Lot 2,11H,140,26.799999237060547,2026-05-17,2026-05-16T15:18:17Z,2026-05-18T17:15:00Z,Priest Rapids Tailrace,Priest Rapids Tailrace - CHINOOK,46.632369,-119.895442,0,3,PC23,TRUE,Active,Alive,Helicopter
G72D0E6CC,GPUD_Survival,live_release,C,68,Lot 1,11W,140,25.799999237060547,2026-05-17,2026-05-16T15:18:57Z,2026-05-18T17:15:00Z,Priest Rapids Tailrace,Priest Rapids Tailrace - CHINOOK,46.632369,-119.895442,0,3,PC23,TRUE,Active,Alive,Helicopter
G724A17C2,GPUD_Survival,live_release,C,69,Lot 2,11H,135,22.399999618530273,2026-05-17,2026-05-16T15:19:19Z,2026-05-18T17:15:00Z,Priest Rapids Tailrace,Priest Rapids Tailrace - CHINOOK,46.632369,-119.895442,0,3,PC23,TRUE,Active,Alive,Helicopter
G72188735,GPUD_Survival,live_release,C,69,Lot 2,11H,129,20.600000381469727,2026-05-17,2026-05-16T15:19:48Z,2026-05-18T17:15:00Z,Priest Rapids Tailrace,Priest Rapids Tailrace - CHINOOK,46.632369,-119.895442,0,3,PC23,TRUE,Active,Alive,Helicopter
G72AE0E8D,GPUD_Survival,live_release,C,70,Lot 3,11H,145,30,2026-05-17,2026-05-16T15:20:13Z,2026-05-18T17:15:00Z,Priest Rapids Tailrace,Priest Rapids Tailrace - CHINOOK,46.632369,-119.895442,0,3,PC23,TRUE,Active,Alive,Helicopter
G72A450AE,GPUD_Survival,live_release,C,70,Lot 3,11H,165,35.79999923706055,2026-05-17,2026-05-16T15:20:43Z,2026-05-18T17:15:00Z,Priest Rapids Tailrace,Priest Rapids Tailrace - CHINOOK,46.632369,-119.895442,0,3,PC23,TRUE,Active,Alive,Helicopter
G72C50EF4,GPUD_Survival,live_release,C,71,Lot 3,11H,183,32.400001525878906,2026-05-17,2026-05-16T15:21:25Z,2026-05-18T17:15:00Z,Priest Rapids Tailrace,Priest Rapids Tailrace - CHINOOK,46.632369,-119.895442,0,3,PC23,TRUE,Active,Alive,Helicopter
G720647CF,GPUD_Survival,live_release,C,71,Lot 2,11H,159,39.900001525878906,2026-05-17,2026-05-16T15:21:49Z,2026-05-18T17:15:00Z,Priest Rapids Tailrace,Priest Rapids Tailrace - CHINOOK,46.632369,-119.895442,0,3,PC23,TRUE,Active,Alive,Helicopter
G72997448,GPUD_Survival,live_release,C,72,Lot 1,11H,144,27,2026-05-17,2026-05-16T15:22:12Z,2026-05-18T17:15:00Z,Priest Rapids Tailrace,Priest Rapids Tailrace - CHINOOK,46.632369,-119.895442,0,3,PC23,TRUE,Active,Alive,Helicopter
G722A9AE9,GPUD_Survival,live_release,C,72,Lot 1,11H,139,25.399999618530273,2026-05-17,2026-05-16T15:22:45Z,2026-05-18T17:15:00Z,Priest Rapids Tailrace,Priest Rapids Tailrace - CHINOOK,46.632369,-119.895442,0,3,PC23,TRUE,Active,Alive,Helicopter
G72326CDA,GPUD_Survival,live_release,C,73,Lot 3,11H,142,28.399999618530273,2026-05-17,2026-05-16T15:23:12Z,2026-05-18T17:15:00Z,Priest Rapids Tailrace,Priest Rapids Tailrace - CHINOOK,46.632369,-119.895442,0,3,PC23,TRUE,Active,Alive,Helicopter
G72CA664B,GPUD_Survival,live_release,C,73,Lot 2,11H,145,28.799999237060547,2026-05-17,2026-05-16T15:23:38Z,2026-05-18T17:15:00Z,Priest Rapids Tailrace,Priest Rapids Tailrace - CHINOOK,46.632369,-119.895442,0,3,PC23,TRUE,Active,Alive,Helicopter
G72C8EBAB,GPUD_Survival,live_release,C,74,Lot 1,11H,145,26,2026-05-17,2026-05-16T15:24:03Z,2026-05-18T17:15:00Z,Priest Rapids Tailrace,Priest Rapids Tailrace - CHINOOK,46.632369,-119.895442,0,3,PC23,TRUE,Active,Alive,Helicopter
G72A7C308,GPUD_Survival,live_release,C,74,Lot 3,11H,136,21.600000381469727,2026-05-17,2026-05-16T15:24:31Z,2026-05-18T17:15:00Z,Priest Rapids Tailrace,Priest Rapids Tailrace - CHINOOK,46.632369,-119.895442,0,3,PC23,TRUE,Active,Alive,Helicopter
G724FB011,GPUD_Survival,live_release,C,75,Lot 3,11H,155,34.400001525878906,2026-05-17,2026-05-16T15:25:39Z,2026-05-18T17:15:00Z,Priest Rapids Tailrace,Priest Rapids Tailrace - CHINOOK,46.632369,-119.895442,0,3,PC23,TRUE,Active,Alive,Helicopter
G7236F68E,GPUD_Survival,live_release,C,75,Lot 3,11H,155,34.29999923706055,2026-05-17,2026-05-16T15:26:13Z,2026-05-18T17:15:00Z,Priest Rapids Tailrace,Priest Rapids Tailrace - CHINOOK,46.632369,-119.895442,0,3,PC23,TRUE,Active,Alive,Helicopter
G7284C8BC,GPUD_Survival,live_release,C,76,Lot 1,11H,130,21.299999237060547,2026-05-17,2026-05-16T15:26:39Z,2026-05-18T17:15:00Z,Priest Rapids Tailrace,Priest Rapids Tailrace - CHINOOK,46.632369,-119.895442,0,3,PC23,TRUE,Active,Alive,Helicopter
G728DAFE8,GPUD_Survival,live_release,C,76,Lot 3,11H,130,18.600000381469727,2026-05-17,2026-05-16T15:27:05Z,2026-05-18T17:15:00Z,Priest Rapids Tailrace,Priest Rapids Tailrace - CHINOOK,46.632369,-119.895442,0,3,PC23,TRUE,Active,Alive,Helicopter
G727BC83D,GPUD_Survival,live_release,C,77,Lot 2,11H,113,15.800000190734863,2026-05-17,2026-05-16T15:27:58Z,2026-05-18T17:15:00Z,Priest Rapids Tailrace,Priest Rapids Tailrace - CHINOOK,46.632369,-119.895442,0,3,PC23,TRUE,Active,Alive,Helicopter
G72C5280A,GPUD_Survival,live_release,C,77,Lot 3,11H,146,30.100000381469727,2026-05-17,2026-05-16T15:28:36Z,2026-05-18T17:15:00Z,Priest Rapids Tailrace,Priest Rapids Tailrace - CHINOOK,46.632369,-119.895442,0,3,PC23,TRUE,Active,Alive,Helicopter
G72C7403C,GPUD_Survival,live_release,C,78,Lot 1,11H,189,60,2026-05-17,2026-05-16T15:28:56Z,2026-05-18T17:15:00Z,Priest Rapids Tailrace,Priest Rapids Tailrace - CHINOOK,46.632369,-119.895442,0,3,PC23,TRUE,Active,Alive,Helicopter
G728AEE9E,GPUD_Survival,live_release,C,78,Lot 1,11H,154,32.79999923706055,2026-05-17,2026-05-16T15:29:32Z,2026-05-18T17:15:00Z,Priest Rapids Tailrace,Priest Rapids Tailrace - CHINOOK,46.632369,-119.895442,0,3,PC23,TRUE,Active,Alive,Helicopter
G72D2444E,GPUD_Survival,dead_release,C,79,Lot 3,11H,123,17,2026-05-17,2026-05-16T15:30:08Z,2026-05-18T17:15:00Z,Priest Rapids Tailrace,Priest Rapids Tailrace - CHINOOK,46.632369,-119.895442,1,3,PC23,FALSE,Active,Euthanized,Helicopter
G72874724,GPUD_Survival,dead_release,C,79,Lot 3,11H,131,20,2026-05-17,2026-05-16T15:30:35Z,2026-05-18T17:15:00Z,Priest Rapids Tailrace,Priest Rapids Tailrace - CHINOOK,46.632369,-119.895442,1,3,PC23,FALSE,Active,Euthanized,Helicopter
G7260CA4E,GPUD_Survival,live_release,C,80,Lot 3,11W,156,36.900001525878906,2026-05-17,2026-05-16T15:31:27Z,2026-05-18T17:15:00Z,Priest Rapids Tailrace,Priest Rapids Tailrace - CHINOOK,46.632369,-119.895442,0,3,PC23,TRUE,Active,Alive,Helicopter
G724E2278,GPUD_Survival,live_release,C,80,Lot 2,11H,150,33.599998474121094,2026-05-17,2026-05-16T15:32:36Z,2026-05-18T17:15:00Z,Priest Rapids Tailrace,Priest Rapids Tailrace - CHINOOK,46.632369,-119.895442,0,3,PC23,TRUE,Active,Alive,Helicopter
G72693A88,GPUD_Survival,live_release,C,81,Lot 2,11H,135,22.299999237060547,2026-05-17,2026-05-16T15:32:56Z,2026-05-18T17:15:00Z,Priest Rapids Tailrace,Priest Rapids Tailrace - CHINOOK,46.632369,-119.895442,0,3,PC23,TRUE,Active,Alive,Helicopter
G729CF9C6,GPUD_Survival,live_release,C,81,Lot 2,11H,153,38.099998474121094,2026-05-17,2026-05-16T15:33:20Z,2026-05-18T17:15:00Z,Priest Rapids Tailrace,Priest Rapids Tailrace - CHINOOK,46.632369,-119.895442,0,3,PC23,TRUE,Active,Alive,Helicopter
G7268909D,GPUD_Survival,live_release,C,82,Lot 3,11H,155,31.799999237060547,2026-05-17,2026-05-16T15:33:51Z,2026-05-18T17:15:00Z,Priest Rapids Tailrace,Priest Rapids Tailrace - CHINOOK,46.632369,-119.895442,0,3,PC23,TRUE,Active,Alive,Helicopter
G724B1658,GPUD_Survival,live_release,C,82,Lot 2,11H,138,24.799999237060547,2026-05-17,2026-05-16T15:45:15Z,2026-05-18T17:15:00Z,Priest Rapids Tailrace,Priest Rapids Tailrace - CHINOOK,46.632369,-119.895442,0,3,PC23,TRUE,Active,Alive,Helicopter
G728FA7BB,GPUD_Survival,live_release,C,83,Lot 2,11H,156,33.29999923706055,2026-05-17,2026-05-16T15:45:58Z,2026-05-18T17:15:00Z,Priest Rapids Tailrace,Priest Rapids Tailrace - CHINOOK,46.632369,-119.895442,0,3,PC23,TRUE,Active,Alive,Helicopter
G72B41B24,GPUD_Survival,live_release,C,83,Lot 2,11H,140,25.799999237060547,2026-05-17,2026-05-16T15:46:26Z,2026-05-18T17:15:00Z,Priest Rapids Tailrace,Priest Rapids Tailrace - CHINOOK,46.632369,-119.895442,0,3,PC23,TRUE,Active,Alive,Helicopter
G72D2BA25,GPUD_Survival,live_release,C,84,Lot 1,11H,157,32.79999923706055,2026-05-17,2026-05-16T15:47:02Z,2026-05-18T17:15:00Z,Priest Rapids Tailrace,Priest Rapids Tailrace - CHINOOK,46.632369,-119.895442,0,3,PC23,TRUE,Active,Alive,Helicopter
G72B6CABC,GPUD_Survival,live_release,C,34,Lot 1,31H,160,31.600000381469727,2026-05-17,2026-05-16T15:55:08Z,2026-05-18T16:01:00Z,Rock Island Tailrace,Rock Island Tailrace - STEELHEAD,47.341487,-120.090402,0,3,RI21,FALSE,Active,Alive,Other
G7223582D,GPUD_Survival,live_release,C,34,Lot 2,31H,185,55.29999923706055,2026-05-17,2026-05-16T15:55:32Z,2026-05-18T16:01:00Z,Rock Island Tailrace,Rock Island Tailrace - STEELHEAD,47.341487,-120.090402,0,3,RI21,FALSE,Active,Alive,Other
G7299C01B,GPUD_Survival,live_release,C,35,Lot 1,31W,156,32.900001525878906,2026-05-17,2026-05-16T15:55:59Z,2026-05-18T16:01:00Z,Rock Island Tailrace,Rock Island Tailrace - STEELHEAD,47.341487,-120.090402,0,3,RI21,FALSE,Active,Alive,Other
G72B045DB,GPUD_Survival,live_release,C,35,Lot 1,31H,201,72.80000305175781,2026-05-17,2026-05-16T15:56:41Z,2026-05-18T16:01:00Z,Rock Island Tailrace,Rock Island Tailrace - STEELHEAD,47.341487,-120.090402,0,3,RI21,FALSE,Active,Alive,Other
G72EA84DF,GPUD_Survival,live_release,C,36,Lot 3,31H,202,64.0999984741211,2026-05-17,2026-05-16T15:57:03Z,2026-05-18T16:01:00Z,Rock Island Tailrace,Rock Island Tailrace - STEELHEAD,47.341487,-120.090402,0,3,RI21,FALSE,Active,Alive,Other
G72545456,GPUD_Survival,live_release,C,36,Lot 1,31W,155,35.70000076293945,2026-05-17,2026-05-16T15:57:37Z,2026-05-18T16:01:00Z,Rock Island Tailrace,Rock Island Tailrace - STEELHEAD,47.341487,-120.090402,0,3,RI21,FALSE,Active,Alive,Other
G72AC69FA,GPUD_Survival,live_release,C,37,Lot 3,31H,170,41.20000076293945,2026-05-17,2026-05-16T15:58:01Z,2026-05-18T16:01:00Z,Rock Island Tailrace,Rock Island Tailrace - STEELHEAD,47.341487,-120.090402,0,3,RI21,FALSE,Active,Alive,Other
G729A40C2,GPUD_Survival,live_release,C,37,Lot 1,31W,182,47.70000076293945,2026-05-17,2026-05-16T15:58:39Z,2026-05-18T16:01:00Z,Rock Island Tailrace,Rock Island Tailrace - STEELHEAD,47.341487,-120.090402,0,3,RI21,FALSE,Active,Alive,Other
G72954AA4,GPUD_Survival,live_release,C,38,Lot 1,31H,168,38.5,2026-05-17,2026-05-16T15:59:08Z,2026-05-18T16:01:00Z,Rock Island Tailrace,Rock Island Tailrace - STEELHEAD,47.341487,-120.090402,0,3,RI21,FALSE,Active,Alive,Other
G72F59815,GPUD_Survival,live_release,C,38,Lot 1,31W,159,40.900001525878906,2026-05-17,2026-05-16T15:59:41Z,2026-05-18T16:01:00Z,Rock Island Tailrace,Rock Island Tailrace - STEELHEAD,47.341487,-120.090402,0,3,RI21,FALSE,Active,Alive,Other
G7272B929,GPUD_Survival,live_release,C,39,Lot 1,31W,162,40.400001525878906,2026-05-17,2026-05-16T16:00:08Z,2026-05-18T16:01:00Z,Rock Island Tailrace,Rock Island Tailrace - STEELHEAD,47.341487,-120.090402,0,3,RI21,FALSE,Active,Alive,Other
G72404D80,GPUD_Survival,live_release,C,39,Lot 1,31W,153,28.600000381469727,2026-05-17,2026-05-16T16:00:33Z,2026-05-18T16:01:00Z,Rock Island Tailrace,Rock Island Tailrace - STEELHEAD,47.341487,-120.090402,0,3,RI21,FALSE,Active,Alive,Other
G729A0C27,GPUD_Survival,live_release,C,40,Lot 1,31H,184,56.20000076293945,2026-05-17,2026-05-16T16:01:11Z,2026-05-18T16:01:00Z,Rock Island Tailrace,Rock Island Tailrace - STEELHEAD,47.341487,-120.090402,0,3,RI21,FALSE,Active,Alive,Other
G72EB41EE,GPUD_Survival,live_release,C,43,Lot 1,31H,156,33.900001525878906,2026-05-17,2026-05-16T16:01:32Z,2026-05-18T16:01:00Z,Rock Island Tailrace,Rock Island Tailrace - STEELHEAD,47.341487,-120.090402,0,3,RI21,FALSE,Active,Alive,Other
G726EBB34,GPUD_Survival,live_release,C,40,Lot 2,31H,198,71.5999984741211,2026-05-17,2026-05-16T16:02:09Z,2026-05-18T16:01:00Z,Rock Island Tailrace,Rock Island Tailrace - STEELHEAD,47.341487,-120.090402,0,3,RI21,FALSE,Active,Alive,Other
G72B998C3,GPUD_Survival,live_release,C,41,Lot 3,31H,154,31.5,2026-05-17,2026-05-16T16:03:36Z,2026-05-18T16:01:00Z,Rock Island Tailrace,Rock Island Tailrace - STEELHEAD,47.341487,-120.090402,0,3,RI21,FALSE,Active,Alive,Other
G72BC0FAE,GPUD_Survival,live_release,C,41,Lot 3,31W,179,48.79999923706055,2026-05-17,2026-05-16T16:04:00Z,2026-05-18T16:01:00Z,Rock Island Tailrace,Rock Island Tailrace - STEELHEAD,47.341487,-120.090402,0,3,RI21,FALSE,Active,Alive,Other
G7223CA80,GPUD_Survival,live_release,C,42,Lot 2,31H,169,42.099998474121094,2026-05-17,2026-05-16T16:04:23Z,2026-05-18T16:01:00Z,Rock Island Tailrace,Rock Island Tailrace - STEELHEAD,47.341487,-120.090402,0,3,RI21,FALSE,Active,Alive,Other
G7213C811,GPUD_Survival,live_release,C,42,Lot 2,31W,163,44.70000076293945,2026-05-17,2026-05-16T16:04:44Z,2026-05-18T16:01:00Z,Rock Island Tailrace,Rock Island Tailrace - STEELHEAD,47.341487,-120.090402,0,3,RI21,FALSE,Active,Alive,Other
G72CA9EFD,GPUD_Survival,live_release,C,43,Lot 1,31H,166,37,2026-05-17,2026-05-16T16:05:07Z,2026-05-18T16:01:00Z,Rock Island Tailrace,Rock Island Tailrace - STEELHEAD,47.341487,-120.090402,0,3,RI21,FALSE,Active,Alive,Other
G72881386,GPUD_Survival,live_release,C,44,Lot 2,31W,186,60.79999923706055,2026-05-17,2026-05-16T16:05:28Z,2026-05-18T16:01:00Z,Rock Island Tailrace,Rock Island Tailrace - STEELHEAD,47.341487,-120.090402,0,3,RI21,FALSE,Active,Alive,Other
G72DC346A,GPUD_Survival,live_release,C,44,Lot 2,31W,155,34.099998474121094,2026-05-17,2026-05-16T16:06:09Z,2026-05-18T16:01:00Z,Rock Island Tailrace,Rock Island Tailrace - STEELHEAD,47.341487,-120.090402,0,3,RI21,FALSE,Active,Alive,Other
G722F92D4,GPUD_Survival,live_release,C,45,Lot 1,31H,168,42.79999923706055,2026-05-17,2026-05-16T16:06:44Z,2026-05-18T16:01:00Z,Rock Island Tailrace,Rock Island Tailrace - STEELHEAD,47.341487,-120.090402,0,3,RI21,FALSE,Active,Alive,Other
G72D0C6EF,GPUD_Survival,live_release,C,45,Lot 1,31W,170,43.400001525878906,2026-05-17,2026-05-16T16:07:08Z,2026-05-18T16:01:00Z,Rock Island Tailrace,Rock Island Tailrace - STEELHEAD,47.341487,-120.090402,0,3,RI21,FALSE,Active,Alive,Other
G7206D680,GPUD_Survival,live_release,C,46,Lot 2,31W,146,29.5,2026-05-17,2026-05-16T16:07:32Z,2026-05-18T16:01:00Z,Rock Island Tailrace,Rock Island Tailrace - STEELHEAD,47.341487,-120.090402,0,3,RI21,FALSE,Active,Alive,Other
G720F8288,GPUD_Survival,live_release,C,46,Lot 3,31W,154,31.799999237060547,2026-05-17,2026-05-16T16:07:54Z,2026-05-18T16:01:00Z,Rock Island Tailrace,Rock Island Tailrace - STEELHEAD,47.341487,-120.090402,0,3,RI21,FALSE,Active,Alive,Other
G72F1A56D,GPUD_Survival,live_release,C,47,Lot 1,31W,160,30.399999618530273,2026-05-17,2026-05-16T16:08:22Z,2026-05-18T16:01:00Z,Rock Island Tailrace,Rock Island Tailrace - STEELHEAD,47.341487,-120.090402,0,3,RI21,FALSE,Active,Alive,Other
G729BD476,GPUD_Survival,live_release,C,34,Lot 2,31W,186,58.900001525878906,2026-05-18,2026-05-16T16:08:48Z,2026-05-19T16:20:00Z,Rock Island Tailrace,Rock Island Tailrace - STEELHEAD,47.341487,-120.090402,0,3,RI22,TRUE,Active,Alive,Helicopter
G720A5AE2,GPUD_Survival,live_release,C,34,Lot 3,31H,203,71.4000015258789,2026-05-18,2026-05-16T16:09:14Z,2026-05-19T16:20:00Z,Rock Island Tailrace,Rock Island Tailrace - STEELHEAD,47.341487,-120.090402,0,3,RI22,TRUE,Active,Alive,Helicopter
G72A25004,GPUD_Survival,live_release,C,35,Lot 2,31H,204,72,2026-05-18,2026-05-16T16:09:43Z,2026-05-19T16:20:00Z,Rock Island Tailrace,Rock Island Tailrace - STEELHEAD,47.341487,-120.090402,0,3,RI22,TRUE,Active,Alive,Helicopter
G728858E0,GPUD_Survival,live_release,C,35,Lot 2,31W,185,54.5,2026-05-18,2026-05-16T16:11:05Z,2026-05-19T16:20:00Z,Rock Island Tailrace,Rock Island Tailrace - STEELHEAD,47.341487,-120.090402,0,3,RI22,TRUE,Active,Alive,Helicopter
G726ADA34,GPUD_Survival,live_release,C,36,Lot 2,31W,173,49.20000076293945,2026-05-18,2026-05-16T16:11:30Z,2026-05-19T16:20:00Z,Rock Island Tailrace,Rock Island Tailrace - STEELHEAD,47.341487,-120.090402,0,3,RI22,TRUE,Active,Alive,Helicopter
G7212D916,GPUD_Survival,live_release,C,36,Lot 1,31W,173,47.20000076293945,2026-05-18,2026-05-16T16:12:16Z,2026-05-19T16:20:00Z,Rock Island Tailrace,Rock Island Tailrace - STEELHEAD,47.341487,-120.090402,0,3,RI22,TRUE,Active,Alive,Helicopter
G72AD3E66,GPUD_Survival,live_release,C,37,Lot 1,31H,197,68.19999694824219,2026-05-18,2026-05-16T16:12:40Z,2026-05-19T16:20:00Z,Rock Island Tailrace,Rock Island Tailrace - STEELHEAD,47.341487,-120.090402,0,3,RI22,TRUE,Active,Alive,Helicopter
G72484155,GPUD_Survival,live_release,C,37,Lot 3,31W,165,42.70000076293945,2026-05-18,2026-05-16T16:13:19Z,2026-05-19T16:20:00Z,Rock Island Tailrace,Rock Island Tailrace - STEELHEAD,47.341487,-120.090402,0,3,RI22,TRUE,Active,Alive,Helicopter
G72763463,GPUD_Survival,live_release,C,38,Lot 3,31W,189,58.900001525878906,2026-05-18,2026-05-16T16:13:45Z,2026-05-19T16:20:00Z,Rock Island Tailrace,Rock Island Tailrace - STEELHEAD,47.341487,-120.090402,0,3,RI22,TRUE,Active,Alive,Helicopter
G725915C7,GPUD_Survival,live_release,C,38,Lot 1,31W,188,61.099998474121094,2026-05-18,2026-05-16T16:14:11Z,2026-05-19T16:20:00Z,Rock Island Tailrace,Rock Island Tailrace - STEELHEAD,47.341487,-120.090402,0,3,RI22,TRUE,Active,Alive,Helicopter
G727957FC,GPUD_Survival,live_release,C,39,Lot 2,31W,163,38.20000076293945,2026-05-18,2026-05-16T16:14:42Z,2026-05-19T16:20:00Z,Rock Island Tailrace,Rock Island Tailrace - STEELHEAD,47.341487,-120.090402,0,3,RI22,TRUE,Active,Alive,Helicopter
G728818A6,GPUD_Survival,live_release,C,39,Lot 2,31W,162,33.70000076293945,2026-05-18,2026-05-16T16:15:15Z,2026-05-19T16:20:00Z,Rock Island Tailrace,Rock Island Tailrace - STEELHEAD,47.341487,-120.090402,0,3,RI22,TRUE,Active,Alive,Helicopter
G72806828,GPUD_Survival,live_release,C,40,Lot 3,31W,173,46.900001525878906,2026-05-18,2026-05-16T16:15:55Z,2026-05-19T16:20:00Z,Rock Island Tailrace,Rock Island Tailrace - STEELHEAD,47.341487,-120.090402,0,3,RI22,TRUE,Active,Alive,Helicopter
G72865FBF,GPUD_Survival,live_release,C,40,Lot 3,31W,186,57.5,2026-05-18,2026-05-16T16:16:38Z,2026-05-19T16:20:00Z,Rock Island Tailrace,Rock Island Tailrace - STEELHEAD,47.341487,-120.090402,0,3,RI22,TRUE,Active,Alive,Helicopter
G727C7720,GPUD_Survival,live_release,C,100,Lot 2,31W,144,24.299999237060547,2026-05-17,2026-05-16T16:27:51Z,2026-05-18T17:15:00Z,Priest Rapids Tailrace,Priest Rapids Tailrace - STEELHEAD,46.632369,-119.895442,0,3,PR18,TRUE,Active,Alive,Helicopter
G72F78BFB,GPUD_Survival,live_release,C,100,Lot 2,31H,171,37,2026-05-17,2026-05-16T16:28:18Z,2026-05-18T17:15:00Z,Priest Rapids Tailrace,Priest Rapids Tailrace - STEELHEAD,46.632369,-119.895442,0,3,PR18,TRUE,Active,Alive,Helicopter
G7216107B,GPUD_Survival,live_release,C,101,Lot 3,31H,186,58.70000076293945,2026-05-17,2026-05-16T16:28:36Z,2026-05-18T17:15:00Z,Priest Rapids Tailrace,Priest Rapids Tailrace - STEELHEAD,46.632369,-119.895442,0,3,PR18,TRUE,Active,Alive,Helicopter
G7235698B,GPUD_Survival,live_release,C,101,Lot 3,31W,161,37.5,2026-05-17,2026-05-16T16:29:01Z,2026-05-18T17:15:00Z,Priest Rapids Tailrace,Priest Rapids Tailrace - STEELHEAD,46.632369,-119.895442,0,3,PR18,TRUE,Active,Alive,Helicopter
G72556690,GPUD_Survival,live_release,C,102,Lot 3,31W,202,82.4000015258789,2026-05-17,2026-05-16T16:29:20Z,2026-05-18T17:15:00Z,Priest Rapids Tailrace,Priest Rapids Tailrace - STEELHEAD,46.632369,-119.895442,0,3,PR18,TRUE,Active,Alive,Helicopter
G72055C27,GPUD_Survival,live_release,C,102,Lot 1,31W,156,36.70000076293945,2026-05-17,2026-05-16T16:29:58Z,2026-05-18T17:15:00Z,Priest Rapids Tailrace,Priest Rapids Tailrace - STEELHEAD,46.632369,-119.895442,0,3,PR18,TRUE,Active,Alive,Helicopter
G7289159F,GPUD_Survival,live_release,C,103,Lot 1,31W,198,65.5999984741211,2026-05-17,2026-05-16T16:30:31Z,2026-05-18T17:15:00Z,Priest Rapids Tailrace,Priest Rapids Tailrace - STEELHEAD,46.632369,-119.895442,0,3,PR18,TRUE,Active,Alive,Helicopter
G72D7C43D,GPUD_Survival,live_release,C,103,Lot 1,31W,153,28.5,2026-05-17,2026-05-16T16:30:54Z,2026-05-18T17:15:00Z,Priest Rapids Tailrace,Priest Rapids Tailrace - STEELHEAD,46.632369,-119.895442,0,3,PR18,TRUE,Active,Alive,Helicopter
G72F5CF4D,GPUD_Survival,live_release,C,104,Lot 1,31H,176,48,2026-05-17,2026-05-16T16:31:16Z,2026-05-18T17:15:00Z,Priest Rapids Tailrace,Priest Rapids Tailrace - STEELHEAD,46.632369,-119.895442,0,3,PR18,TRUE,Active,Alive,Helicopter
G72730043,GPUD_Survival,live_release,C,104,Lot 1,31W,175,48.400001525878906,2026-05-17,2026-05-16T16:31:37Z,2026-05-18T17:15:00Z,Priest Rapids Tailrace,Priest Rapids Tailrace - STEELHEAD,46.632369,-119.895442,0,3,PR18,TRUE,Active,Alive,Helicopter
G726542FF,GPUD_Survival,live_release,C,105,Lot 1,31W,163,38.900001525878906,2026-05-17,2026-05-16T16:32:14Z,2026-05-18T17:15:00Z,Priest Rapids Tailrace,Priest Rapids Tailrace - STEELHEAD,46.632369,-119.895442,0,3,PR18,TRUE,Active,Alive,Helicopter
G7263829F,GPUD_Survival,live_release,C,105,Lot 1,31W,153,40,2026-05-17,2026-05-16T16:32:47Z,2026-05-18T17:15:00Z,Priest Rapids Tailrace,Priest Rapids Tailrace - STEELHEAD,46.632369,-119.895442,0,3,PR18,TRUE,Active,Alive,Helicopter
G72BA2E79,GPUD_Survival,live_release,C,106,Lot 1,31W,174,49.79999923706055,2026-05-17,2026-05-16T16:33:07Z,2026-05-18T17:15:00Z,Priest Rapids Tailrace,Priest Rapids Tailrace - STEELHEAD,46.632369,-119.895442,0,3,PR18,TRUE,Active,Alive,Helicopter
G72130E06,GPUD_Survival,live_release,C,106,Lot 1,31H,163,39.5,2026-05-17,2026-05-16T16:33:28Z,2026-05-18T17:15:00Z,Priest Rapids Tailrace,Priest Rapids Tailrace - STEELHEAD,46.632369,-119.895442,0,3,PR18,TRUE,Active,Alive,Helicopter
G72ED4525,GPUD_Survival,live_release,C,107,Lot 1,31W,163,43.099998474121094,2026-05-17,2026-05-16T16:33:48Z,2026-05-18T17:15:00Z,Priest Rapids Tailrace,Priest Rapids Tailrace - STEELHEAD,46.632369,-119.895442,0,3,PR18,TRUE,Active,Alive,Helicopter
G723F60F0,GPUD_Survival,live_release,C,107,Lot 2,31W,166,45.400001525878906,2026-05-17,2026-05-16T16:35:17Z,2026-05-18T17:15:00Z,Priest Rapids Tailrace,Priest Rapids Tailrace - STEELHEAD,46.632369,-119.895442,0,3,PR18,TRUE,Active,Alive,Helicopter
G72D06E82,GPUD_Survival,live_release,C,108,Lot 1,31W,163,40.400001525878906,2026-05-17,2026-05-16T16:35:48Z,2026-05-18T17:15:00Z,Priest Rapids Tailrace,Priest Rapids Tailrace - STEELHEAD,46.632369,-119.895442,0,3,PR18,TRUE,Active,Alive,Helicopter
G72269266,GPUD_Survival,live_release,C,108,Lot 1,31W,157,37.599998474121094,2026-05-17,2026-05-16T16:36:11Z,2026-05-18T17:15:00Z,Priest Rapids Tailrace,Priest Rapids Tailrace - STEELHEAD,46.632369,-119.895442,0,3,PR18,TRUE,Active,Alive,Helicopter
G72764838,GPUD_Survival,live_release,C,109,Lot 3,31W,150,32.900001525878906,2026-05-17,2026-05-16T16:36:35Z,2026-05-18T17:15:00Z,Priest Rapids Tailrace,Priest Rapids Tailrace - STEELHEAD,46.632369,-119.895442,0,3,PR18,TRUE,Active,Alive,Helicopter
G728DC74F,GPUD_Survival,live_release,C,109,Lot 3,31W,170,49.099998474121094,2026-05-17,2026-05-16T16:37:00Z,2026-05-18T17:15:00Z,Priest Rapids Tailrace,Priest Rapids Tailrace - STEELHEAD,46.632369,-119.895442,0,3,PR18,TRUE,Active,Alive,Helicopter
G720650D1,GPUD_Survival,live_release,C,110,Lot 2,31W,149,34.79999923706055,2026-05-17,2026-05-16T16:37:20Z,2026-05-18T17:15:00Z,Priest Rapids Tailrace,Priest Rapids Tailrace - STEELHEAD,46.632369,-119.895442,0,3,PR18,TRUE,Active,Alive,Helicopter
G726D332F,GPUD_Survival,live_release,C,110,Lot 3,31W,175,56.400001525878906,2026-05-17,2026-05-16T16:37:37Z,2026-05-18T17:15:00Z,Priest Rapids Tailrace,Priest Rapids Tailrace - STEELHEAD,46.632369,-119.895442,0,3,PR18,TRUE,Active,Alive,Helicopter
G72899B0C,GPUD_Survival,live_release,C,111,Lot 3,31W,145,31.299999237060547,2026-05-17,2026-05-16T16:38:00Z,2026-05-18T17:15:00Z,Priest Rapids Tailrace,Priest Rapids Tailrace - STEELHEAD,46.632369,-119.895442,0,3,PR18,TRUE,Active,Alive,Helicopter
G72239444,GPUD_Survival,live_release,C,100,Lot 2,31H,183,53.5,2026-05-18,2026-05-16T16:38:21Z,2026-05-19T15:26:00Z,Priest Rapids Tailrace,Priest Rapids Tailrace - STEELHEAD,46.632369,-119.895442,0,3,PR19,TRUE,Active,Alive,Helicopter
G72B54DE6,GPUD_Survival,live_release,C,100,Lot 1,31H,146,28.399999618530273,2026-05-18,2026-05-16T16:38:47Z,2026-05-19T15:26:00Z,Priest Rapids Tailrace,Priest Rapids Tailrace - STEELHEAD,46.632369,-119.895442,0,3,PR19,TRUE,Active,Alive,Helicopter
G72A0D8DB,GPUD_Survival,live_release,C,101,Lot 3,31W,190,56.20000076293945,2026-05-18,2026-05-16T16:39:07Z,2026-05-19T15:26:00Z,Priest Rapids Tailrace,Priest Rapids Tailrace - STEELHEAD,46.632369,-119.895442,0,3,PR19,TRUE,Active,Alive,Helicopter
G72838108,GPUD_Survival,live_release,C,101,Lot 3,31W,159,36.29999923706055,2026-05-18,2026-05-16T16:39:33Z,2026-05-19T15:26:00Z,Priest Rapids Tailrace,Priest Rapids Tailrace - STEELHEAD,46.632369,-119.895442,0,3,PR19,TRUE,Active,Alive,Helicopter
G72191402,GPUD_Survival,live_release,C,102,Lot 2,31W,151,31.700000762939453,2026-05-18,2026-05-16T16:40:05Z,2026-05-19T15:26:00Z,Priest Rapids Tailrace,Priest Rapids Tailrace - STEELHEAD,46.632369,-119.895442,0,3,PR19,TRUE,Active,Alive,Helicopter
G72C7E22F,GPUD_Survival,live_release,C,102,Lot 1,31W,147,27.5,2026-05-18,2026-05-16T16:40:52Z,2026-05-19T15:26:00Z,Priest Rapids Tailrace,Priest Rapids Tailrace - STEELHEAD,46.632369,-119.895442,0,3,PR19,TRUE,Active,Alive,Helicopter
G722576BB,GPUD_Survival,live_release,C,103,Lot 2,31W,200,65.4000015258789,2026-05-18,2026-05-16T16:41:18Z,2026-05-19T15:26:00Z,Priest Rapids Tailrace,Priest Rapids Tailrace - STEELHEAD,46.632369,-119.895442,0,3,PR19,TRUE,Active,Alive,Helicopter
G72BDC480,GPUD_Survival,live_release,C,103,Lot 3,31W,176,49.099998474121094,2026-05-18,2026-05-16T16:41:52Z,2026-05-19T15:26:00Z,Priest Rapids Tailrace,Priest Rapids Tailrace - STEELHEAD,46.632369,-119.895442,0,3,PR19,TRUE,Active,Alive,Helicopter
G729C192F,GPUD_Survival,live_release,C,104,Lot 2,31W,200,73.4000015258789,2026-05-18,2026-05-16T16:43:34Z,2026-05-19T15:26:00Z,Priest Rapids Tailrace,Priest Rapids Tailrace - STEELHEAD,46.632369,-119.895442,0,3,PR19,TRUE,Active,Alive,Helicopter
G72E150CA,GPUD_Survival,live_release,C,104,Lot 2,31W,115,13.800000190734863,2026-05-18,2026-05-16T16:44:05Z,2026-05-19T15:26:00Z,Priest Rapids Tailrace,Priest Rapids Tailrace - STEELHEAD,46.632369,-119.895442,0,3,PR19,TRUE,Active,Alive,Helicopter
G72F1D595,GPUD_Survival,live_release,C,105,Lot 1,31W,174,45.599998474121094,2026-05-18,2026-05-16T16:44:40Z,2026-05-19T15:26:00Z,Priest Rapids Tailrace,Priest Rapids Tailrace - STEELHEAD,46.632369,-119.895442,0,3,PR19,TRUE,Active,Alive,Helicopter
G72109A23,GPUD_Survival,live_release,C,106,Lot 3,31H,187,43,2026-05-18,2026-05-16T16:45:41Z,2026-05-19T15:26:00Z,Priest Rapids Tailrace,Priest Rapids Tailrace - STEELHEAD,46.632369,-119.895442,0,3,PR19,TRUE,Active,Alive,Helicopter
G725D7725,GPUD_Survival,live_release,C,41,Lot 1,31W,171,45.29999923706055,2026-05-18,2026-05-17T19:39:01Z,2026-05-19T16:20:00Z,Rock Island Tailrace,Rock Island Tailrace - STEELHEAD,47.341487,-120.090402,0,3,RI22,TRUE,Active,Alive,Helicopter
G72DD2A2C,GPUD_Survival,live_release,C,41,Lot 2,31W,165,43.5,2026-05-18,2026-05-17T19:39:45Z,2026-05-19T16:20:00Z,Rock Island Tailrace,Rock Island Tailrace - STEELHEAD,47.341487,-120.090402,0,3,RI22,TRUE,Active,Alive,Helicopter
G72BDEF83,GPUD_Survival,live_release,C,42,Lot 3,31W,180,51.5,2026-05-18,2026-05-17T19:40:45Z,2026-05-19T16:20:00Z,Rock Island Tailrace,Rock Island Tailrace - STEELHEAD,47.341487,-120.090402,0,3,RI22,TRUE,Active,Alive,Helicopter
G72F430BC,GPUD_Survival,live_release,C,42,Lot 3,31W,161,38.29999923706055,2026-05-18,2026-05-17T19:41:29Z,2026-05-19T16:20:00Z,Rock Island Tailrace,Rock Island Tailrace - STEELHEAD,47.341487,-120.090402,0,3,RI22,TRUE,Active,Alive,Helicopter
G72E7D5D3,GPUD_Survival,live_release,C,43,Lot 2,31W,170,48,2026-05-18,2026-05-17T19:43:09Z,2026-05-19T16:20:00Z,Rock Island Tailrace,Rock Island Tailrace - STEELHEAD,47.341487,-120.090402,0,3,RI22,TRUE,Active,Alive,Helicopter
G72BB0AFF,GPUD_Survival,live_release,C,106,Lot 3,31W,175,44,2026-05-18,2026-05-17T19:45:32Z,2026-05-19T15:26:00Z,Priest Rapids Tailrace,Priest Rapids Tailrace - STEELHEAD,46.632369,-119.895442,0,3,PR19,TRUE,Active,Alive,Helicopter
G7241E148,GPUD_Survival,live_release,C,107,Lot 2,31W,175,44,2026-05-18,2026-05-17T19:46:27Z,2026-05-19T15:26:00Z,Priest Rapids Tailrace,Priest Rapids Tailrace - STEELHEAD,46.632369,-119.895442,0,3,PR19,TRUE,Active,Alive,Helicopter
G7257555D,GPUD_Survival,live_release,C,34,Lot 3,31W,146,27.399999618530273,2026-05-19,2026-05-17T19:47:06Z,2026-05-20T15:35:00Z,Rock Island Tailrace,Rock Island Tailrace - STEELHEAD,47.341487,-120.090402,0,3,RI23,TRUE,Active,Alive,Helicopter
G72DD6475,GPUD_Survival,live_release,C,34,Lot 3,31W,165,56.20000076293945,2026-05-19,2026-05-17T19:48:07Z,2026-05-20T15:35:00Z,Rock Island Tailrace,Rock Island Tailrace - STEELHEAD,47.341487,-120.090402,0,3,RI23,TRUE,Active,Alive,Helicopter
G7211A027,GPUD_Survival,live_release,C,67,Lot 3,11H,125,20.399999618530273,2026-05-18,2026-05-17T19:50:36Z,2026-05-19T15:26:00Z,Priest Rapids Tailrace,Priest Rapids Tailrace - CHINOOK,46.632369,-119.895442,0,3,PC24,TRUE,Active,Alive,Helicopter
G7259A276,GPUD_Survival,live_release,C,67,Lot 1,11H,143,24.700000762939453,2026-05-18,2026-05-17T19:51:14Z,2026-05-19T15:26:00Z,Priest Rapids Tailrace,Priest Rapids Tailrace - CHINOOK,46.632369,-119.895442,0,3,PC24,TRUE,Active,Alive,Helicopter
G72145C0F,GPUD_Survival,live_release,C,68,Lot 3,11H,149,32.599998474121094,2026-05-18,2026-05-17T19:54:35Z,2026-05-19T15:26:00Z,Priest Rapids Tailrace,Priest Rapids Tailrace - CHINOOK,46.632369,-119.895442,0,3,PC24,TRUE,Active,Alive,Helicopter
G7220257D,GPUD_Survival,live_release,C,68,Lot 3,11H,149,32.599998474121094,2026-05-18,2026-05-17T19:55:07Z,2026-05-19T15:26:00Z,Priest Rapids Tailrace,Priest Rapids Tailrace - CHINOOK,46.632369,-119.895442,0,3,PC24,TRUE,Active,Alive,Helicopter
G72D5C5F2,GPUD_Survival,dead_release,C,69,Lot 1,11H,154,34.900001525878906,2026-05-18,2026-05-17T19:55:46Z,2026-05-19T15:26:00Z,Priest Rapids Tailrace,Priest Rapids Tailrace - CHINOOK,46.632369,-119.895442,1,3,PC24,FALSE,Active,Euthanized,Helicopter
G72148626,GPUD_Survival,dead_release,C,69,Lot 3,11H,105,12.100000381469727,2026-05-18,2026-05-17T19:56:54Z,2026-05-19T15:26:00Z,Priest Rapids Tailrace,Priest Rapids Tailrace - CHINOOK,46.632369,-119.895442,1,3,PC24,FALSE,Active,Euthanized,Helicopter
G72CEBC59,GPUD_Survival,live_release,C,70,Lot 3,11H,174,47.400001525878906,2026-05-18,2026-05-17T19:58:11Z,2026-05-19T15:26:00Z,Priest Rapids Tailrace,Priest Rapids Tailrace - CHINOOK,46.632369,-119.895442,0,3,PC24,TRUE,Active,Alive,Helicopter
G72A55E75,GPUD_Survival,live_release,C,70,Lot 3,11H,146,31.899999618530273,2026-05-18,2026-05-17T19:58:43Z,2026-05-19T15:26:00Z,Priest Rapids Tailrace,Priest Rapids Tailrace - CHINOOK,46.632369,-119.895442,0,3,PC24,TRUE,Active,Alive,Helicopter
G72217680,GPUD_Survival,live_release,C,71,Lot 2,11H,146,30.700000762939453,2026-05-18,2026-05-17T19:59:13Z,2026-05-19T15:26:00Z,Priest Rapids Tailrace,Priest Rapids Tailrace - CHINOOK,46.632369,-119.895442,0,3,PC24,TRUE,Active,Alive,Helicopter
G7205CBB5,GPUD_Survival,live_release,C,71,Lot 2,11H,154,33.400001525878906,2026-05-18,2026-05-17T19:59:38Z,2026-05-19T15:26:00Z,Priest Rapids Tailrace,Priest Rapids Tailrace - CHINOOK,46.632369,-119.895442,0,3,PC24,TRUE,Active,Alive,Helicopter
G724A60B9,GPUD_Survival,live_release,C,72,Lot 2,11H,143,26.899999618530273,2026-05-18,2026-05-17T20:00:13Z,2026-05-19T15:26:00Z,Priest Rapids Tailrace,Priest Rapids Tailrace - CHINOOK,46.632369,-119.895442,0,3,PC24,TRUE,Active,Alive,Helicopter
G72EA0032,GPUD_Survival,live_release,C,72,Lot 2,11H,155,33.70000076293945,2026-05-18,2026-05-17T20:00:50Z,2026-05-19T15:26:00Z,Priest Rapids Tailrace,Priest Rapids Tailrace - CHINOOK,46.632369,-119.895442,0,3,PC24,TRUE,Active,Alive,Helicopter
G7269B545,GPUD_Survival,live_release,C,73,Lot 2,11H,156,34.70000076293945,2026-05-18,2026-05-17T20:01:20Z,2026-05-19T15:26:00Z,Priest Rapids Tailrace,Priest Rapids Tailrace - CHINOOK,46.632369,-119.895442,0,3,PC24,TRUE,Active,Alive,Helicopter
G72BAF28D,GPUD_Survival,live_release,C,73,Lot 3,11H,159,38.70000076293945,2026-05-18,2026-05-17T20:02:34Z,2026-05-19T15:26:00Z,Priest Rapids Tailrace,Priest Rapids Tailrace - CHINOOK,46.632369,-119.895442,0,3,PC24,TRUE,Active,Alive,Helicopter
G72D80AF0,GPUD_Survival,live_release,C,74,Lot 1,11H,161,36.599998474121094,2026-05-18,2026-05-17T20:03:33Z,2026-05-19T15:26:00Z,Priest Rapids Tailrace,Priest Rapids Tailrace - CHINOOK,46.632369,-119.895442,0,3,PC24,TRUE,Active,Alive,Helicopter
G72F613EC,GPUD_Survival,live_release,C,74,Lot 1,11H,145,29.600000381469727,2026-05-18,2026-05-17T20:04:28Z,2026-05-19T15:26:00Z,Priest Rapids Tailrace,Priest Rapids Tailrace - CHINOOK,46.632369,-119.895442,0,3,PC24,TRUE,Active,Alive,Helicopter
G7259A5F5,GPUD_Survival,live_release,C,75,Lot 1,11H,148,31.5,2026-05-18,2026-05-17T20:05:06Z,2026-05-19T15:26:00Z,Priest Rapids Tailrace,Priest Rapids Tailrace - CHINOOK,46.632369,-119.895442,0,3,PC24,TRUE,Active,Alive,Helicopter
G725DF296,GPUD_Survival,live_release,C,75,Lot 1,11H,159,39.70000076293945,2026-05-18,2026-05-17T20:05:45Z,2026-05-19T15:26:00Z,Priest Rapids Tailrace,Priest Rapids Tailrace - CHINOOK,46.632369,-119.895442,0,3,PC24,TRUE,Active,Alive,Helicopter
G72DC1294,GPUD_Survival,live_release,C,76,Lot 3,11H,140,28,2026-05-18,2026-05-17T20:06:19Z,2026-05-19T15:26:00Z,Priest Rapids Tailrace,Priest Rapids Tailrace - CHINOOK,46.632369,-119.895442,0,3,PC24,TRUE,Active,Alive,Helicopter
G72D5655D,GPUD_Survival,live_release,C,76,Lot 1,11H,175,47.70000076293945,2026-05-18,2026-05-17T20:06:59Z,2026-05-19T15:26:00Z,Priest Rapids Tailrace,Priest Rapids Tailrace - CHINOOK,46.632369,-119.895442,0,3,PC24,TRUE,Active,Alive,Helicopter
G72B8744D,GPUD_Survival,live_release,C,77,Lot 3,11H,157,33.29999923706055,2026-05-18,2026-05-17T20:08:16Z,2026-05-19T15:26:00Z,Priest Rapids Tailrace,Priest Rapids Tailrace - CHINOOK,46.632369,-119.895442,0,3,PC24,TRUE,Active,Alive,Helicopter
G7244109D,GPUD_Survival,live_release,C,77,Lot 2,11H,145,26.600000381469727,2026-05-18,2026-05-17T20:14:20Z,2026-05-19T15:26:00Z,Priest Rapids Tailrace,Priest Rapids Tailrace - CHINOOK,46.632369,-119.895442,0,3,PC24,TRUE,Active,Alive,Helicopter
G72536764,GPUD_Survival,live_release,C,78,Lot 1,11H,140,25.399999618530273,2026-05-18,2026-05-17T20:16:49Z,2026-05-19T15:26:00Z,Priest Rapids Tailrace,Priest Rapids Tailrace - CHINOOK,46.632369,-119.895442,0,3,PC24,TRUE,Active,Alive,Helicopter
G729D0828,GPUD_Survival,live_release,C,78,Lot 1,11H,170,44.20000076293945,2026-05-18,2026-05-17T20:17:52Z,2026-05-19T15:26:00Z,Priest Rapids Tailrace,Priest Rapids Tailrace - CHINOOK,46.632369,-119.895442,0,3,PC24,TRUE,Active,Alive,Helicopter
G721BDB18,GPUD_Survival,live_release,C,79,Lot 2,11H,155,34.900001525878906,2026-05-18,2026-05-17T20:18:54Z,2026-05-19T15:26:00Z,Priest Rapids Tailrace,Priest Rapids Tailrace - CHINOOK,46.632369,-119.895442,0,3,PC24,TRUE,Active,Alive,Helicopter
G72EB57AE,GPUD_Survival,live_release,C,79,Lot 1,11H,144,28.899999618530273,2026-05-18,2026-05-17T20:19:46Z,2026-05-19T15:26:00Z,Priest Rapids Tailrace,Priest Rapids Tailrace - CHINOOK,46.632369,-119.895442,0,3,PC24,TRUE,Active,Alive,Helicopter
G72558EBB,GPUD_Survival,live_release,C,80,Lot 3,11H,129,19.100000381469727,2026-05-18,2026-05-17T20:20:54Z,2026-05-19T15:26:00Z,Priest Rapids Tailrace,Priest Rapids Tailrace - CHINOOK,46.632369,-119.895442,0,3,PC24,TRUE,Active,Alive,Helicopter
G72E43F11,GPUD_Survival,live_release,C,80,Lot 1,11H,140,26.700000762939453,2026-05-18,2026-05-17T20:21:48Z,2026-05-19T15:26:00Z,Priest Rapids Tailrace,Priest Rapids Tailrace - CHINOOK,46.632369,-119.895442,0,3,PC24,TRUE,Active,Alive,Helicopter
G72001E22,GPUD_Survival,live_release,C,81,Lot 2,11H,119,15.100000381469727,2026-05-18,2026-05-17T20:23:19Z,2026-05-19T15:26:00Z,Priest Rapids Tailrace,Priest Rapids Tailrace - CHINOOK,46.632369,-119.895442,0,3,PC24,TRUE,Active,Alive,Helicopter
G72007DA5,GPUD_Survival,live_release,C,81,Lot 2,11H,150,32.599998474121094,2026-05-18,2026-05-17T20:24:24Z,2026-05-19T15:26:00Z,Priest Rapids Tailrace,Priest Rapids Tailrace - CHINOOK,46.632369,-119.895442,0,3,PC24,TRUE,Active,Alive,Helicopter
G72007685,GPUD_Survival,live_release,C,82,Lot 2,11H,131,20.799999237060547,2026-05-18,2026-05-17T20:25:19Z,2026-05-19T15:26:00Z,Priest Rapids Tailrace,Priest Rapids Tailrace - CHINOOK,46.632369,-119.895442,0,3,PC24,TRUE,Active,Alive,Helicopter
G7203FBA1,GPUD_Survival,live_release,C,35,Lot 2,31W,171,46,2026-05-19,2026-05-18T19:34:19Z,2026-05-20T15:35:00Z,Rock Island Tailrace,Rock Island Tailrace - STEELHEAD,47.341487,-120.090402,0,3,RI23,TRUE,Active,Alive,Helicopter
G72B89746,GPUD_Survival,live_release,C,35,Lot 3,31H,201,74.5,2026-05-19,2026-05-18T19:37:54Z,2026-05-20T15:35:00Z,Rock Island Tailrace,Rock Island Tailrace - STEELHEAD,47.341487,-120.090402,0,3,RI23,TRUE,Active,Alive,Helicopter
G72D3F0D9,GPUD_Survival,live_release,C,36,Lot 1,31W,183,52.79999923706055,2026-05-19,2026-05-18T19:38:26Z,2026-05-20T15:35:00Z,Rock Island Tailrace,Rock Island Tailrace - STEELHEAD,47.341487,-120.090402,0,3,RI23,TRUE,Active,Alive,Helicopter
G72C35C39,GPUD_Survival,live_release,C,36,Lot 1,31H,181,51.099998474121094,2026-05-19,2026-05-18T19:39:04Z,2026-05-20T15:35:00Z,Rock Island Tailrace,Rock Island Tailrace - STEELHEAD,47.341487,-120.090402,0,3,RI23,TRUE,Active,Alive,Helicopter
G7218C312,GPUD_Survival,live_release,C,37,Lot 2,31W,174,45.900001525878906,2026-05-19,2026-05-18T19:39:48Z,2026-05-20T15:35:00Z,Rock Island Tailrace,Rock Island Tailrace - STEELHEAD,47.341487,-120.090402,0,3,RI23,TRUE,Active,Alive,Helicopter
G721D745C,GPUD_Survival,live_release,C,37,Lot 2,31W,165,41.20000076293945,2026-05-19,2026-05-18T19:41:39Z,2026-05-20T15:35:00Z,Rock Island Tailrace,Rock Island Tailrace - STEELHEAD,47.341487,-120.090402,0,3,RI23,TRUE,Active,Alive,Helicopter
G72D2AF87,GPUD_Survival,live_release,C,38,Lot 1,31W,149,32.20000076293945,2026-05-19,2026-05-18T19:42:17Z,2026-05-20T15:35:00Z,Rock Island Tailrace,Rock Island Tailrace - STEELHEAD,47.341487,-120.090402,0,3,RI23,TRUE,Active,Alive,Helicopter
G7282CD29,GPUD_Survival,live_release,C,38,Lot 3,31W,155,32.599998474121094,2026-05-19,2026-05-18T19:43:59Z,2026-05-20T15:35:00Z,Rock Island Tailrace,Rock Island Tailrace - STEELHEAD,47.341487,-120.090402,0,3,RI23,TRUE,Active,Alive,Helicopter
G725F89DF,GPUD_Survival,live_release,C,39,Lot 3,31W,188,58.599998474121094,2026-05-19,2026-05-18T19:44:58Z,2026-05-20T15:35:00Z,Rock Island Tailrace,Rock Island Tailrace - STEELHEAD,47.341487,-120.090402,0,3,RI23,TRUE,Active,Alive,Helicopter
G723CF1EA,GPUD_Survival,live_release,C,39,Lot 1,31W,175,44.099998474121094,2026-05-19,2026-05-18T19:46:46Z,2026-05-20T15:35:00Z,Rock Island Tailrace,Rock Island Tailrace - STEELHEAD,47.341487,-120.090402,0,3,RI23,TRUE,Active,Alive,Helicopter
G727F27AE,GPUD_Survival,live_release,C,40,Lot 2,31W,183,56.70000076293945,2026-05-19,2026-05-18T19:47:18Z,2026-05-20T15:35:00Z,Rock Island Tailrace,Rock Island Tailrace - STEELHEAD,47.341487,-120.090402,0,3,RI23,TRUE,Active,Alive,Helicopter
G7224FB0E,GPUD_Survival,live_release,C,34,Lot 2,31H,173,42.900001525878906,2026-05-20,2026-05-18T19:47:43Z,2026-05-21T15:49:00Z,Rock Island Tailrace,Rock Island Tailrace - STEELHEAD,47.341487,-120.090402,0,3,RI24,TRUE,Active,Alive,Helicopter
G728550AB,GPUD_Survival,live_release,C,100,Lot 2,31W,170,45.20000076293945,2026-05-19,2026-05-18T19:49:17Z,2026-05-20T16:19:00Z,Priest Rapids Tailrace,Priest Rapids Tailrace - STEELHEAD,46.632369,-119.895442,0,3,PR20,TRUE,Active,Alive,Helicopter
G728907BE,GPUD_Survival,live_release,C,100,Lot 1,31W,199,67.19999694824219,2026-05-19,2026-05-18T19:49:43Z,2026-05-20T16:19:00Z,Priest Rapids Tailrace,Priest Rapids Tailrace - STEELHEAD,46.632369,-119.895442,0,3,PR20,TRUE,Active,Alive,Helicopter
G72840FF5,GPUD_Survival,live_release,C,101,Lot 1,31H,173,47.5,2026-05-19,2026-05-18T19:50:12Z,2026-05-20T16:19:00Z,Priest Rapids Tailrace,Priest Rapids Tailrace - STEELHEAD,46.632369,-119.895442,0,3,PR20,TRUE,Active,Alive,Helicopter
G7213F06D,GPUD_Survival,live_release,C,101,Lot 2,31W,163,35.70000076293945,2026-05-19,2026-05-18T19:50:42Z,2026-05-20T16:19:00Z,Priest Rapids Tailrace,Priest Rapids Tailrace - STEELHEAD,46.632369,-119.895442,0,3,PR20,TRUE,Active,Alive,Helicopter
G723DEC4E,GPUD_Survival,live_release,C,102,Lot 1,31W,186,55,2026-05-19,2026-05-18T19:51:15Z,2026-05-20T16:19:00Z,Priest Rapids Tailrace,Priest Rapids Tailrace - STEELHEAD,46.632369,-119.895442,0,3,PR20,TRUE,Active,Alive,Helicopter
G7218E750,GPUD_Survival,live_release,C,102,Lot 2,31W,205,72.0999984741211,2026-05-19,2026-05-18T19:51:44Z,2026-05-20T16:19:00Z,Priest Rapids Tailrace,Priest Rapids Tailrace - STEELHEAD,46.632369,-119.895442,0,3,PR20,TRUE,Active,Alive,Helicopter
G721CB28F,GPUD_Survival,live_release,C,103,Lot 2,31H,173,47.70000076293945,2026-05-19,2026-05-18T19:52:09Z,2026-05-20T16:19:00Z,Priest Rapids Tailrace,Priest Rapids Tailrace - STEELHEAD,46.632369,-119.895442,0,3,PR20,TRUE,Active,Alive,Helicopter
G723F8019,GPUD_Survival,live_release,C,103,Lot 2,31H,179,51.599998474121094,2026-05-19,2026-05-18T19:52:33Z,2026-05-20T16:19:00Z,Priest Rapids Tailrace,Priest Rapids Tailrace - STEELHEAD,46.632369,-119.895442,0,3,PR20,TRUE,Active,Alive,Helicopter
G72B876F1,GPUD_Survival,live_release,C,104,Lot 3,31W,155,29.700000762939453,2026-05-19,2026-05-18T19:52:58Z,2026-05-20T16:19:00Z,Priest Rapids Tailrace,Priest Rapids Tailrace - STEELHEAD,46.632369,-119.895442,0,3,PR20,TRUE,Active,Alive,Helicopter
G7292CDC5,GPUD_Survival,live_release,C,104,Lot 1,31W,151,28.5,2026-05-19,2026-05-18T19:53:21Z,2026-05-20T16:19:00Z,Priest Rapids Tailrace,Priest Rapids Tailrace - STEELHEAD,46.632369,-119.895442,0,3,PR20,TRUE,Active,Alive,Helicopter
G728F6C51,GPUD_Survival,live_release,C,34,Lot 1,31W,196,61.29999923706055,2026-05-20,2026-05-18T19:53:43Z,2026-05-21T15:49:00Z,Rock Island Tailrace,Rock Island Tailrace - STEELHEAD,47.341487,-120.090402,0,3,RI24,TRUE,Active,Alive,Helicopter
G72A2D70B,GPUD_Survival,live_release,C,35,Lot 1,31H,155,33.79999923706055,2026-05-20,2026-05-19T19:16:06Z,2026-05-21T15:49:00Z,Rock Island Tailrace,Rock Island Tailrace - STEELHEAD,47.341487,-120.090402,0,3,RI24,TRUE,Active,Alive,Helicopter
G723DAD56,GPUD_Survival,live_release,C,35,Lot 1,31W,176,47.599998474121094,2026-05-20,2026-05-19T19:16:46Z,2026-05-21T15:49:00Z,Rock Island Tailrace,Rock Island Tailrace - STEELHEAD,47.341487,-120.090402,0,3,RI24,TRUE,Active,Alive,Helicopter
G72A79450,GPUD_Survival,live_release,C,36,Lot 3,31W,166,41.599998474121094,2026-05-20,2026-05-19T19:17:57Z,2026-05-21T15:49:00Z,Rock Island Tailrace,Rock Island Tailrace - STEELHEAD,47.341487,-120.090402,0,3,RI24,TRUE,Active,Alive,Helicopter
G72607B22,GPUD_Survival,live_release,C,36,Lot 3,31W,197,64.4000015258789,2026-05-20,2026-05-19T19:20:20Z,2026-05-21T15:49:00Z,Rock Island Tailrace,Rock Island Tailrace - STEELHEAD,47.341487,-120.090402,0,3,RI24,TRUE,Active,Alive,Helicopter
G72636328,GPUD_Survival,live_release,C,37,Lot 1,31H,190,62.20000076293945,2026-05-20,2026-05-19T19:20:44Z,2026-05-21T15:49:00Z,Rock Island Tailrace,Rock Island Tailrace - STEELHEAD,47.341487,-120.090402,0,3,RI24,TRUE,Active,Alive,Helicopter
G72724EDE,GPUD_Survival,live_release,C,37,Lot 1,31H,193,59.900001525878906,2026-05-20,2026-05-19T19:21:29Z,2026-05-21T15:49:00Z,Rock Island Tailrace,Rock Island Tailrace - STEELHEAD,47.341487,-120.090402,0,3,RI24,TRUE,Active,Alive,Helicopter
G72E08107,GPUD_Survival,live_release,C,38,Lot 1,31H,189,54.29999923706055,2026-05-20,2026-05-19T19:22:38Z,2026-05-21T15:49:00Z,Rock Island Tailrace,Rock Island Tailrace - STEELHEAD,47.341487,-120.090402,0,3,RI24,TRUE,Active,Alive,Helicopter
G726B87D6,GPUD_Survival,live_release,C,38,Lot 3,31H,173,41.900001525878906,2026-05-20,2026-05-19T19:23:24Z,2026-05-21T15:49:00Z,Rock Island Tailrace,Rock Island Tailrace - STEELHEAD,47.341487,-120.090402,0,3,RI24,TRUE,Active,Alive,Helicopter
G72A3B6F4,GPUD_Survival,live_release,C,39,Lot 1,31W,187,58.599998474121094,2026-05-20,2026-05-19T19:23:49Z,2026-05-21T15:49:00Z,Rock Island Tailrace,Rock Island Tailrace - STEELHEAD,47.341487,-120.090402,0,3,RI24,TRUE,Active,Alive,Helicopter
G7208EE20,GPUD_Survival,live_release,C,39,Lot 1,31H,169,42.5,2026-05-20,2026-05-19T19:24:15Z,2026-05-21T15:49:00Z,Rock Island Tailrace,Rock Island Tailrace - STEELHEAD,47.341487,-120.090402,0,3,RI24,TRUE,Active,Alive,Helicopter
G720B3E22,GPUD_Survival,live_release,C,40,Lot 3,31W,196,60.70000076293945,2026-05-20,2026-05-19T19:25:46Z,2026-05-21T15:49:00Z,Rock Island Tailrace,Rock Island Tailrace - STEELHEAD,47.341487,-120.090402,0,3,RI24,TRUE,Active,Alive,Helicopter
G72E9DC93,GPUD_Survival,live_release,C,100,Lot 2,31W,180,50.29999923706055,2026-05-20,2026-05-19T19:27:11Z,2026-05-21T16:17:00Z,Priest Rapids Tailrace,Priest Rapids Tailrace - STEELHEAD,46.632369,-119.895442,0,3,PR21,TRUE,Active,Alive,Helicopter
G726DEBBA,GPUD_Survival,live_release,C,100,Lot 2,31W,166,39.70000076293945,2026-05-20,2026-05-19T19:27:38Z,2026-05-21T16:17:00Z,Priest Rapids Tailrace,Priest Rapids Tailrace - STEELHEAD,46.632369,-119.895442,0,3,PR21,TRUE,Active,Alive,Helicopter
G723FE41D,GPUD_Survival,live_release,C,101,Lot 3,31W,175,47.5,2026-05-20,2026-05-19T19:28:56Z,2026-05-21T16:17:00Z,Priest Rapids Tailrace,Priest Rapids Tailrace - STEELHEAD,46.632369,-119.895442,0,3,PR21,TRUE,Active,Alive,Helicopter
G7283FC0D,GPUD_Survival,live_release,C,101,Lot 2,31H,157,35.29999923706055,2026-05-20,2026-05-19T19:29:23Z,2026-05-21T16:17:00Z,Priest Rapids Tailrace,Priest Rapids Tailrace - STEELHEAD,46.632369,-119.895442,0,3,PR21,TRUE,Active,Alive,Helicopter
G722446C1,GPUD_Survival,live_release,C,102,Lot 2,31H,166,38.599998474121094,2026-05-20,2026-05-19T19:29:59Z,2026-05-21T16:17:00Z,Priest Rapids Tailrace,Priest Rapids Tailrace - STEELHEAD,46.632369,-119.895442,0,3,PR21,TRUE,Active,Alive,Helicopter
G72E2CD73,GPUD_Survival,live_release,C,102,Lot 2,31H,160,35.29999923706055,2026-05-20,2026-05-19T19:30:25Z,2026-05-21T16:17:00Z,Priest Rapids Tailrace,Priest Rapids Tailrace - STEELHEAD,46.632369,-119.895442,0,3,PR21,TRUE,Active,Alive,Helicopter
G724D7CE9,GPUD_Survival,live_release,C,103,Lot 2,31W,189,53.20000076293945,2026-05-20,2026-05-19T19:31:01Z,2026-05-21T16:17:00Z,Priest Rapids Tailrace,Priest Rapids Tailrace - STEELHEAD,46.632369,-119.895442,0,3,PR21,TRUE,Active,Alive,Helicopter
G72307397,GPUD_Survival,live_release,C,103,Lot 1,31W,155,32.79999923706055,2026-05-20,2026-05-19T19:31:23Z,2026-05-21T16:17:00Z,Priest Rapids Tailrace,Priest Rapids Tailrace - STEELHEAD,46.632369,-119.895442,0,3,PR21,TRUE,Active,Alive,Helicopter
G729EB08D,GPUD_Survival,live_release,C,104,Lot 3,31H,141,26,2026-05-20,2026-05-19T19:31:56Z,2026-05-21T16:17:00Z,Priest Rapids Tailrace,Priest Rapids Tailrace - STEELHEAD,46.632369,-119.895442,0,3,PR21,TRUE,Active,Alive,Helicopter
G72A13C97,GPUD_Survival,live_release,C,100,Lot 3,31H,160,35.900001525878906,2026-05-21,2026-05-19T19:32:29Z,2026-05-22T16:26:00Z,Priest Rapids Tailrace,Priest Rapids Tailrace - STEELHEAD,46.632369,-119.895442,0,3,PR22,TRUE,Active,Alive,Helicopter
G72F8B07D,GPUD_Survival,live_release,C,100,Lot 1,31H,205,70.0999984741211,2026-05-21,2026-05-20T18:41:12Z,2026-05-22T16:26:00Z,Priest Rapids Tailrace,Priest Rapids Tailrace - STEELHEAD,46.632369,-119.895442,0,3,PR22,TRUE,Active,Alive,Helicopter
G728465EE,GPUD_Survival,live_release,C,101,Lot 2,31W,167,38,2026-05-21,2026-05-20T18:42:53Z,2026-05-22T16:26:00Z,Priest Rapids Tailrace,Priest Rapids Tailrace - STEELHEAD,46.632369,-119.895442,0,3,PR22,TRUE,Active,Alive,Helicopter
G7275F901,GPUD_Survival,live_release,C,101,Lot 3,31W,181,46.79999923706055,2026-05-21,2026-05-20T18:43:40Z,2026-05-22T16:26:00Z,Priest Rapids Tailrace,Priest Rapids Tailrace - STEELHEAD,46.632369,-119.895442,0,3,PR22,TRUE,Active,Alive,Helicopter
G72228A02,GPUD_Survival,live_release,C,102,Lot 2,31W,167,39,2026-05-21,2026-05-20T18:44:12Z,2026-05-22T16:26:00Z,Priest Rapids Tailrace,Priest Rapids Tailrace - STEELHEAD,46.632369,-119.895442,0,3,PR22,TRUE,Active,Alive,Helicopter
G72FA3F21,GPUD_Survival,live_release,C,102,Lot 2,31H,182,51.900001525878906,2026-05-21,2026-05-20T18:44:42Z,2026-05-22T16:26:00Z,Priest Rapids Tailrace,Priest Rapids Tailrace - STEELHEAD,46.632369,-119.895442,0,3,PR22,TRUE,Active,Alive,Helicopter
G72B95809,GPUD_Survival,live_release,C,103,Lot 3,31W,171,42.29999923706055,2026-05-21,2026-05-20T18:46:11Z,2026-05-22T16:26:00Z,Priest Rapids Tailrace,Priest Rapids Tailrace - STEELHEAD,46.632369,-119.895442,0,3,PR22,TRUE,Active,Alive,Helicopter
G72C75B81,GPUD_Survival,live_release,C,103,Lot 1,31W,176,52.400001525878906,2026-05-21,2026-05-20T18:46:45Z,2026-05-22T16:26:00Z,Priest Rapids Tailrace,Priest Rapids Tailrace - STEELHEAD,46.632369,-119.895442,0,3,PR22,TRUE,Active,Alive,Helicopter
G72CD4339,GPUD_Survival,live_release,C,104,Lot 1,31W,206,75.9000015258789,2026-05-21,2026-05-20T18:47:16Z,2026-05-22T16:26:00Z,Priest Rapids Tailrace,Priest Rapids Tailrace - STEELHEAD,46.632369,-119.895442,0,3,PR22,TRUE,Active,Alive,Helicopter
G72A8BCA9,GPUD_Survival,live_release,C,104,Lot 2,31H,193,60.599998474121094,2026-05-21,2026-05-20T18:47:54Z,2026-05-22T16:26:00Z,Priest Rapids Tailrace,Priest Rapids Tailrace - STEELHEAD,46.632369,-119.895442,0,3,PR22,TRUE,Active,Alive,Helicopter
G72907907,GPUD_Survival,live_release,C,105,Lot 2,31W,183,54.20000076293945,2026-05-21,2026-05-20T18:48:22Z,2026-05-22T16:26:00Z,Priest Rapids Tailrace,Priest Rapids Tailrace - STEELHEAD,46.632369,-119.895442,0,3,PR22,TRUE,Active,Alive,Helicopter
G724979ED,GPUD_Survival,live_release,C,105,Lot 1,31W,203,76.5999984741211,2026-05-21,2026-05-20T18:49:04Z,2026-05-22T16:26:00Z,Priest Rapids Tailrace,Priest Rapids Tailrace - STEELHEAD,46.632369,-119.895442,0,3,PR22,TRUE,Active,Alive,Helicopter
G72DA68B8,GPUD_Survival,live_release,C,106,Lot 3,31H,166,39.099998474121094,2026-05-21,2026-05-20T18:49:46Z,2026-05-22T16:26:00Z,Priest Rapids Tailrace,Priest Rapids Tailrace - STEELHEAD,46.632369,-119.895442,0,3,PR22,TRUE,Active,Alive,Helicopter
G72C23287,GPUD_Survival,live_release,C,106,Lot 1,31W,159,33.20000076293945,2026-05-21,2026-05-20T18:50:12Z,2026-05-22T16:26:00Z,Priest Rapids Tailrace,Priest Rapids Tailrace - STEELHEAD,46.632369,-119.895442,0,3,PR22,TRUE,Active,Alive,Helicopter
G720C61D6,GPUD_Survival,live_release,C,107,Lot 1,31W,175,48.29999923706055,2026-05-21,2026-05-20T18:50:46Z,2026-05-22T16:26:00Z,Priest Rapids Tailrace,Priest Rapids Tailrace - STEELHEAD,46.632369,-119.895442,0,3,PR22,TRUE,Active,Alive,Helicopter
G72A69D08,GPUD_Survival,live_release,C,107,Lot 3,31W,177,52.5,2026-05-21,2026-05-20T18:51:43Z,2026-05-22T16:26:00Z,Priest Rapids Tailrace,Priest Rapids Tailrace - STEELHEAD,46.632369,-119.895442,0,3,PR22,TRUE,Active,Alive,Helicopter
G7239DE77,GPUD_Survival,live_release,C,108,Lot 2,31W,164,37,2026-05-21,2026-05-20T18:53:32Z,2026-05-22T16:26:00Z,Priest Rapids Tailrace,Priest Rapids Tailrace - STEELHEAD,46.632369,-119.895442,0,3,PR22,TRUE,Active,Alive,Helicopter
G72E0919A,GPUD_Survival,live_release,C,108,Lot 1,31W,149,29.399999618530273,2026-05-21,2026-05-20T18:54:05Z,2026-05-22T16:26:00Z,Priest Rapids Tailrace,Priest Rapids Tailrace - STEELHEAD,46.632369,-119.895442,0,3,PR22,TRUE,Active,Alive,Helicopter
G72385B00,GPUD_Survival,live_release,C,109,Lot 2,31H,173,43.29999923706055,2026-05-21,2026-05-20T18:54:51Z,2026-05-22T16:26:00Z,Priest Rapids Tailrace,Priest Rapids Tailrace - STEELHEAD,46.632369,-119.895442,0,3,PR22,TRUE,Active,Alive,Helicopter
G72E09619,GPUD_Survival,live_release,C,109,Lot 1,31H,192,54.79999923706055,2026-05-21,2026-05-20T18:55:30Z,2026-05-22T16:26:00Z,Priest Rapids Tailrace,Priest Rapids Tailrace - STEELHEAD,46.632369,-119.895442,0,3,PR22,TRUE,Active,Alive,Helicopter
G7268853F,GPUD_Survival,live_release,C,110,Lot 3,31W,176,50.400001525878906,2026-05-21,2026-05-20T18:56:04Z,2026-05-22T16:26:00Z,Priest Rapids Tailrace,Priest Rapids Tailrace - STEELHEAD,46.632369,-119.895442,0,3,PR22,TRUE,Active,Alive,Helicopter
G72CAA7DF,GPUD_Survival,live_release,C,110,Lot 1,31W,203,78.30000305175781,2026-05-21,2026-05-20T18:57:47Z,2026-05-22T16:26:00Z,Priest Rapids Tailrace,Priest Rapids Tailrace - STEELHEAD,46.632369,-119.895442,0,3,PR22,TRUE,Active,Alive,Helicopter
G72D72209,GPUD_Survival,live_release,C,111,Lot 1,31W,165,45,2026-05-21,2026-05-20T18:58:41Z,2026-05-22T16:26:00Z,Priest Rapids Tailrace,Priest Rapids Tailrace - STEELHEAD,46.632369,-119.895442,0,3,PR22,TRUE,Active,Alive,Helicopter
G729AEB4D,GPUD_Survival,live_release,C,111,Lot 3,31W,150,28.399999618530273,2026-05-21,2026-05-20T18:59:30Z,2026-05-22T16:26:00Z,Priest Rapids Tailrace,Priest Rapids Tailrace - STEELHEAD,46.632369,-119.895442,0,3,PR22,TRUE,Active,Alive,Helicopter
G725CCDAD,GPUD_Survival,live_release,C,112,Lot 1,31W,184,62.599998474121094,2026-05-21,2026-05-20T19:00:07Z,2026-05-22T16:26:00Z,Priest Rapids Tailrace,Priest Rapids Tailrace - STEELHEAD,46.632369,-119.895442,0,3,PR22,TRUE,Active,Alive,Helicopter
G72A11CB4,GPUD_Survival,live_release,C,112,Lot 1,31H,190,51.099998474121094,2026-05-21,2026-05-20T19:00:45Z,2026-05-22T16:26:00Z,Priest Rapids Tailrace,Priest Rapids Tailrace - STEELHEAD,46.632369,-119.895442,0,3,PR22,TRUE,Active,Alive,Helicopter
G72BADB32,GPUD_Survival,dead_release,C,113,Lot 3,31H,183,51.5,2026-05-21,2026-05-20T19:01:18Z,2026-05-22T16:26:00Z,Priest Rapids Tailrace,Priest Rapids Tailrace - STEELHEAD,46.632369,-119.895442,1,3,PR22,FALSE,Active,Euthanized,Helicopter
G721E4AA8,GPUD_Survival,dead_release,C,113,Lot 3,31W,203,69.5,2026-05-21,2026-05-20T19:01:53Z,2026-05-22T16:26:00Z,Priest Rapids Tailrace,Priest Rapids Tailrace - STEELHEAD,46.632369,-119.895442,1,3,PR22,FALSE,Active,Euthanized,Helicopter
G7271C146,GPUD_Survival,live_release,C,114,Lot 1,31H,208,81.30000305175781,2026-05-21,2026-05-20T19:02:28Z,2026-05-22T16:26:00Z,Priest Rapids Tailrace,Priest Rapids Tailrace - STEELHEAD,46.632369,-119.895442,0,3,PR22,TRUE,Active,Alive,Helicopter
G728B4828,GPUD_Survival,live_release,C,114,Lot 1,31W,167,39.099998474121094,2026-05-21,2026-05-20T19:03:00Z,2026-05-22T16:26:00Z,Priest Rapids Tailrace,Priest Rapids Tailrace - STEELHEAD,46.632369,-119.895442,0,3,PR22,TRUE,Active,Alive,Helicopter
G72AF2397,GPUD_Survival,live_release,C,115,Lot 3,31W,173,45.79999923706055,2026-05-21,2026-05-20T19:03:49Z,2026-05-22T16:26:00Z,Priest Rapids Tailrace,Priest Rapids Tailrace - STEELHEAD,46.632369,-119.895442,0,3,PR22,TRUE,Active,Alive,Helicopter
G72312B4A,GPUD_Survival,live_release,C,115,Lot 3,31W,154,32.099998474121094,2026-05-21,2026-05-20T19:04:29Z,2026-05-22T16:26:00Z,Priest Rapids Tailrace,Priest Rapids Tailrace - STEELHEAD,46.632369,-119.895442,0,3,PR22,TRUE,Active,Alive,Helicopter
G72BFB84A,GPUD_Survival,live_release,C,116,Lot 1,31W,173,42,2026-05-21,2026-05-20T19:05:03Z,2026-05-22T16:26:00Z,Priest Rapids Tailrace,Priest Rapids Tailrace - STEELHEAD,46.632369,-119.895442,0,3,PR22,TRUE,Active,Alive,Helicopter
G72F381BE,GPUD_Survival,live_release,C,116,Lot 1,31W,200,79.9000015258789,2026-05-21,2026-05-20T19:05:55Z,2026-05-22T16:26:00Z,Priest Rapids Tailrace,Priest Rapids Tailrace - STEELHEAD,46.632369,-119.895442,0,3,PR22,TRUE,Active,Alive,Helicopter
G72A8DF2E,GPUD_Survival,live_release,C,117,Lot 2,31W,160,35.70000076293945,2026-05-21,2026-05-20T19:06:37Z,2026-05-22T16:26:00Z,Priest Rapids Tailrace,Priest Rapids Tailrace - STEELHEAD,46.632369,-119.895442,0,3,PR22,TRUE,Active,Alive,Helicopter
G725629C2,GPUD_Survival,live_release,C,100,Lot 2,31W,161,35.900001525878906,2026-05-22,2026-05-21T19:20:02Z,2026-05-23T17:10:00Z,Priest Rapids Tailrace,Priest Rapids Tailrace - STEELHEAD,46.632369,-119.895442,0,3,PR23,TRUE,Active,Alive,Helicopter
G724BD2F3,GPUD_Survival,live_release,C,100,Lot 1,31W,206,76.5999984741211,2026-05-22,2026-05-21T19:22:03Z,2026-05-23T17:10:00Z,Priest Rapids Tailrace,Priest Rapids Tailrace - STEELHEAD,46.632369,-119.895442,0,3,PR23,TRUE,Active,Alive,Helicopter
G728A4DD3,GPUD_Survival,live_release,C,101,Lot 3,31H,162,38.599998474121094,2026-05-22,2026-05-21T19:23:43Z,2026-05-23T17:10:00Z,Priest Rapids Tailrace,Priest Rapids Tailrace - STEELHEAD,46.632369,-119.895442,0,3,PR23,TRUE,Active,Alive,Helicopter
G726B8E4A,GPUD_Survival,live_release,C,101,Lot 3,31W,200,70.69999694824219,2026-05-22,2026-05-21T19:24:59Z,2026-05-23T17:10:00Z,Priest Rapids Tailrace,Priest Rapids Tailrace - STEELHEAD,46.632369,-119.895442,0,3,PR23,TRUE,Active,Alive,Helicopter
G725E488F,GPUD_Survival,live_release,C,102,Lot 1,31W,165,38,2026-05-22,2026-05-21T19:25:39Z,2026-05-23T17:10:00Z,Priest Rapids Tailrace,Priest Rapids Tailrace - STEELHEAD,46.632369,-119.895442,0,3,PR23,TRUE,Active,Alive,Helicopter
G72E611BC,GPUD_Survival,live_release,C,102,Lot 1,31H,149,27.399999618530273,2026-05-22,2026-05-21T19:27:28Z,2026-05-23T17:10:00Z,Priest Rapids Tailrace,Priest Rapids Tailrace - STEELHEAD,46.632369,-119.895442,0,3,PR23,TRUE,Active,Alive,Helicopter
G72ADB837,GPUD_Survival,live_release,C,103,Lot 1,31H,185,55,2026-05-22,2026-05-21T19:28:19Z,2026-05-23T17:10:00Z,Priest Rapids Tailrace,Priest Rapids Tailrace - STEELHEAD,46.632369,-119.895442,0,3,PR23,TRUE,Active,Alive,Helicopter
G72BE4459,GPUD_Survival,live_release,C,104,Lot 1,31W,161,31.399999618530273,2026-05-22,2026-05-21T19:29:43Z,2026-05-23T17:10:00Z,Priest Rapids Tailrace,Priest Rapids Tailrace - STEELHEAD,46.632369,-119.895442,0,3,PR23,TRUE,Active,Alive,Helicopter
G72EA6E48,GPUD_Survival,live_release,C,104,Lot 2,31W,186,56.20000076293945,2026-05-22,2026-05-21T19:30:59Z,2026-05-23T17:10:00Z,Priest Rapids Tailrace,Priest Rapids Tailrace - STEELHEAD,46.632369,-119.895442,0,3,PR23,TRUE,Active,Alive,Helicopter
G72843F4B,GPUD_Survival,live_release,C,105,Lot 2,31H,153,31.799999237060547,2026-05-22,2026-05-21T19:32:32Z,2026-05-23T17:10:00Z,Priest Rapids Tailrace,Priest Rapids Tailrace - STEELHEAD,46.632369,-119.895442,0,3,PR23,TRUE,Active,Alive,Helicopter
G72F754ED,GPUD_Survival,live_release,C,105,Lot 3,31H,206,75.5,2026-05-22,2026-05-21T19:33:20Z,2026-05-23T17:10:00Z,Priest Rapids Tailrace,Priest Rapids Tailrace - STEELHEAD,46.632369,-119.895442,0,3,PR23,TRUE,Active,Alive,Helicopter
G7222EF58,GPUD_Survival,live_release,C,106,Lot 2,31W,175,42,2026-05-22,2026-05-21T19:34:23Z,2026-05-23T17:10:00Z,Priest Rapids Tailrace,Priest Rapids Tailrace - STEELHEAD,46.632369,-119.895442,0,3,PR23,TRUE,Active,Alive,Helicopter
G72412F9D,GPUD_Survival,live_release,C,106,Lot 2,31H,160,35.29999923706055,2026-05-22,2026-05-21T19:35:42Z,2026-05-23T17:10:00Z,Priest Rapids Tailrace,Priest Rapids Tailrace - STEELHEAD,46.632369,-119.895442,0,3,PR23,TRUE,Active,Alive,Helicopter
G72161399,GPUD_Survival,live_release,C,107,Lot 3,31W,180,49.599998474121094,2026-05-22,2026-05-21T19:36:55Z,2026-05-23T17:10:00Z,Priest Rapids Tailrace,Priest Rapids Tailrace - STEELHEAD,46.632369,-119.895442,0,3,PR23,TRUE,Active,Alive,Helicopter
G72E320A3,GPUD_Survival,live_release,C,107,Lot 3,31W,159,28.700000762939453,2026-05-22,2026-05-21T19:37:45Z,2026-05-23T17:10:00Z,Priest Rapids Tailrace,Priest Rapids Tailrace - STEELHEAD,46.632369,-119.895442,0,3,PR23,TRUE,Active,Alive,Helicopter
G72E412CF,GPUD_Survival,live_release,C,108,Lot 1,31W,163,39,2026-05-22,2026-05-21T19:39:19Z,2026-05-23T17:10:00Z,Priest Rapids Tailrace,Priest Rapids Tailrace - STEELHEAD,46.632369,-119.895442,0,3,PR23,TRUE,Active,Alive,Helicopter
G72DD1FAD,GPUD_Survival,live_release,C,108,Lot 3,31W,163,38.79999923706055,2026-05-22,2026-05-21T19:40:19Z,2026-05-23T17:10:00Z,Priest Rapids Tailrace,Priest Rapids Tailrace - STEELHEAD,46.632369,-119.895442,0,3,PR23,TRUE,Active,Alive,Helicopter
G7288E010,GPUD_Survival,live_release,C,109,Lot 1,31W,145,26.899999618530273,2026-05-22,2026-05-21T19:41:18Z,2026-05-23T17:10:00Z,Priest Rapids Tailrace,Priest Rapids Tailrace - STEELHEAD,46.632369,-119.895442,0,3,PR23,TRUE,Active,Alive,Helicopter
G72435ACB,GPUD_Survival,live_release,C,109,Lot 2,31W,183,55,2026-05-22,2026-05-21T19:42:19Z,2026-05-23T17:10:00Z,Priest Rapids Tailrace,Priest Rapids Tailrace - STEELHEAD,46.632369,-119.895442,0,3,PR23,TRUE,Active,Alive,Helicopter
G726B9D35,GPUD_Survival,live_release,C,110,Lot 3,31W,180,49.29999923706055,2026-05-22,2026-05-21T19:43:18Z,2026-05-23T17:10:00Z,Priest Rapids Tailrace,Priest Rapids Tailrace - STEELHEAD,46.632369,-119.895442,0,3,PR23,TRUE,Active,Alive,Helicopter
G726A8AEF,GPUD_Survival,live_release,C,110,Lot 2,31W,140,25.100000381469727,2026-05-22,2026-05-21T19:44:15Z,2026-05-23T17:10:00Z,Priest Rapids Tailrace,Priest Rapids Tailrace - STEELHEAD,46.632369,-119.895442,0,3,PR23,TRUE,Active,Alive,Helicopter
G72522F24,GPUD_Survival,live_release,C,111,Lot 3,31W,177,39,2026-05-22,2026-05-21T19:45:04Z,2026-05-23T17:10:00Z,Priest Rapids Tailrace,Priest Rapids Tailrace - STEELHEAD,46.632369,-119.895442,0,3,PR23,TRUE,Active,Alive,Helicopter
G723F292A,GPUD_Survival,live_release,C,111,Lot 2,31W,140,24.299999237060547,2026-05-22,2026-05-21T19:46:12Z,2026-05-23T17:10:00Z,Priest Rapids Tailrace,Priest Rapids Tailrace - STEELHEAD,46.632369,-119.895442,0,3,PR23,TRUE,Active,Alive,Helicopter
G7272AC8B,GPUD_Survival,dead_release,C,112,Lot 1,31W,167,41.29999923706055,2026-05-22,2026-05-21T19:46:58Z,2026-05-23T17:10:00Z,Priest Rapids Tailrace,Priest Rapids Tailrace - STEELHEAD,46.632369,-119.895442,1,3,PR23,FALSE,Active,Euthanized,Helicopter
G729F3746,GPUD_Survival,live_release,C,112,Lot 3,31W,174,47.70000076293945,2026-05-22,2026-05-21T19:47:55Z,2026-05-23T17:10:00Z,Priest Rapids Tailrace,Priest Rapids Tailrace - STEELHEAD,46.632369,-119.895442,0,3,PR23,TRUE,Active,Alive,Helicopter
G7222F1DA,GPUD_Survival,live_release,C,113,Lot 2,31W,164,37.900001525878906,2026-05-22,2026-05-21T19:48:53Z,2026-05-23T17:10:00Z,Priest Rapids Tailrace,Priest Rapids Tailrace - STEELHEAD,46.632369,-119.895442,0,3,PR23,TRUE,Active,Alive,Helicopter
G7244E82B,GPUD_Survival,live_release,C,113,Lot 2,31H,178,53.5,2026-05-22,2026-05-21T19:49:34Z,2026-05-23T17:10:00Z,Priest Rapids Tailrace,Priest Rapids Tailrace - STEELHEAD,46.632369,-119.895442,0,3,PR23,TRUE,Active,Alive,Helicopter
G72A2AF31,GPUD_Survival,live_release,C,114,Lot 1,31W,170,42.900001525878906,2026-05-22,2026-05-21T19:50:10Z,2026-05-23T17:10:00Z,Priest Rapids Tailrace,Priest Rapids Tailrace - STEELHEAD,46.632369,-119.895442,0,3,PR23,TRUE,Active,Alive,Helicopter
G72092DCC,GPUD_Survival,live_release,C,114,Lot 1,31W,187,50,2026-05-22,2026-05-21T19:50:53Z,2026-05-23T17:10:00Z,Priest Rapids Tailrace,Priest Rapids Tailrace - STEELHEAD,46.632369,-119.895442,0,3,PR23,TRUE,Active,Alive,Helicopter
G728984D0,GPUD_Survival,live_release,C,115,Lot 1,31W,190,58.400001525878906,2026-05-22,2026-05-21T19:51:33Z,2026-05-23T17:10:00Z,Priest Rapids Tailrace,Priest Rapids Tailrace - STEELHEAD,46.632369,-119.895442,0,3,PR23,TRUE,Active,Alive,Helicopter
G72F1A3B0,GPUD_Survival,live_release,C,115,Lot 1,31H,140,24,2026-05-22,2026-05-21T19:52:51Z,2026-05-23T17:10:00Z,Priest Rapids Tailrace,Priest Rapids Tailrace - STEELHEAD,46.632369,-119.895442,0,3,PR23,TRUE,Active,Alive,Helicopter
G723FA45B,GPUD_Survival,live_release,C,100,Lot 2,31W,190,58.20000076293945,2026-05-23,2026-05-21T19:53:25Z,2026-05-24T16:18:00Z,Priest Rapids Tailrace,Priest Rapids Tailrace - STEELHEAD,46.632369,-119.895442,0,3,PR24,TRUE,Active,Alive,Helicopter
G72683F73,GPUD_Survival,live_release,C,100,Lot 3,31H,196,60.900001525878906,2026-05-23,2026-05-21T19:54:06Z,2026-05-24T16:18:00Z,Priest Rapids Tailrace,Priest Rapids Tailrace - STEELHEAD,46.632369,-119.895442,0,3,PR24,TRUE,Active,Alive,Helicopter
G72B77C97,GPUD_Survival,live_release,C,101,Lot 1,31W,173,41.79999923706055,2026-05-23,2026-05-21T19:54:42Z,2026-05-24T16:18:00Z,Priest Rapids Tailrace,Priest Rapids Tailrace - STEELHEAD,46.632369,-119.895442,0,3,PR24,TRUE,Active,Alive,Helicopter
G72190BDE,GPUD_Survival,live_release,C,101,Lot 2,31W,156,34,2026-05-23,2026-05-21T19:55:21Z,2026-05-24T16:18:00Z,Priest Rapids Tailrace,Priest Rapids Tailrace - STEELHEAD,46.632369,-119.895442,0,3,PR24,TRUE,Active,Alive,Helicopter
G72E758A2,GPUD_Survival,live_release,C,102,Lot 1,31W,157,36,2026-05-23,2026-05-22T20:19:59Z,2026-05-24T16:18:00Z,Priest Rapids Tailrace,Priest Rapids Tailrace - STEELHEAD,46.632369,-119.895442,0,3,PR24,TRUE,Active,Alive,Helicopter
G7272DAAE,GPUD_Survival,live_release,C,102,Lot 1,31W,178,40.900001525878906,2026-05-23,2026-05-22T20:20:48Z,2026-05-24T16:18:00Z,Priest Rapids Tailrace,Priest Rapids Tailrace - STEELHEAD,46.632369,-119.895442,0,3,PR24,TRUE,Active,Alive,Helicopter
G72CC4CBC,GPUD_Survival,live_release,C,103,Lot 1,31H,174,44.20000076293945,2026-05-23,2026-05-22T20:21:39Z,2026-05-24T16:18:00Z,Priest Rapids Tailrace,Priest Rapids Tailrace - STEELHEAD,46.632369,-119.895442,0,3,PR24,TRUE,Active,Alive,Helicopter
G72D3EA3A,GPUD_Survival,live_release,C,103,Lot 1,31W,189,59.20000076293945,2026-05-23,2026-05-22T20:22:44Z,2026-05-24T16:18:00Z,Priest Rapids Tailrace,Priest Rapids Tailrace - STEELHEAD,46.632369,-119.895442,0,3,PR24,TRUE,Active,Alive,Helicopter
G728ED465,GPUD_Survival,dead_release,C,104,Lot 3,31H,164,40.400001525878906,2026-05-23,2026-05-22T20:23:29Z,2026-05-24T16:18:00Z,Priest Rapids Tailrace,Priest Rapids Tailrace - STEELHEAD,46.632369,-119.895442,1,3,PR24,FALSE,Active,Euthanized,Helicopter
G729C47EB,GPUD_Survival,live_release,C,104,Lot 1,31W,166,40.099998474121094,2026-05-23,2026-05-22T20:24:11Z,2026-05-24T16:18:00Z,Priest Rapids Tailrace,Priest Rapids Tailrace - STEELHEAD,46.632369,-119.895442,0,3,PR24,TRUE,Active,Alive,Helicopter
G72BD867A,GPUD_Survival,live_release,C,105,Lot 3,31W,178,47,2026-05-23,2026-05-22T20:25:33Z,2026-05-24T16:18:00Z,Priest Rapids Tailrace,Priest Rapids Tailrace - STEELHEAD,46.632369,-119.895442,0,3,PR24,TRUE,Active,Alive,Helicopter
G7285380C,GPUD_Survival,live_release,C,105,Lot 1,31H,159,33,2026-05-23,2026-05-22T20:26:15Z,2026-05-24T16:18:00Z,Priest Rapids Tailrace,Priest Rapids Tailrace - STEELHEAD,46.632369,-119.895442,0,3,PR24,TRUE,Active,Alive,Helicopter
G728F588E,GPUD_Survival,live_release,C,106,Lot 3,31H,180,48.29999923706055,2026-05-23,2026-05-22T20:26:59Z,2026-05-24T16:18:00Z,Priest Rapids Tailrace,Priest Rapids Tailrace - STEELHEAD,46.632369,-119.895442,0,3,PR24,TRUE,Active,Alive,Helicopter
G72E819A2,GPUD_Survival,live_release,C,106,Lot 1,31H,187,56.20000076293945,2026-05-23,2026-05-22T20:27:54Z,2026-05-24T16:18:00Z,Priest Rapids Tailrace,Priest Rapids Tailrace - STEELHEAD,46.632369,-119.895442,0,3,PR24,TRUE,Active,Alive,Helicopter
G72581503,GPUD_Survival,live_release,C,107,Lot 2,31W,177,49.79999923706055,2026-05-23,2026-05-22T20:28:55Z,2026-05-24T16:18:00Z,Priest Rapids Tailrace,Priest Rapids Tailrace - STEELHEAD,46.632369,-119.895442,0,3,PR24,TRUE,Active,Alive,Helicopter
G72081115,GPUD_Survival,live_release,C,107,Lot 2,31W,161,36.70000076293945,2026-05-23,2026-05-22T20:32:03Z,2026-05-24T16:18:00Z,Priest Rapids Tailrace,Priest Rapids Tailrace - STEELHEAD,46.632369,-119.895442,0,3,PR24,TRUE,Active,Alive,Helicopter
G72CFD43A,GPUD_Survival,live_release,C,108,Lot 3,31W,153,31.899999618530273,2026-05-23,2026-05-22T20:33:22Z,2026-05-24T16:18:00Z,Priest Rapids Tailrace,Priest Rapids Tailrace - STEELHEAD,46.632369,-119.895442,0,3,PR24,TRUE,Active,Alive,Helicopter
G72DEFA2E,GPUD_Survival,live_release,C,108,Lot 3,31W,184,47.599998474121094,2026-05-23,2026-05-22T20:36:32Z,2026-05-24T16:18:00Z,Priest Rapids Tailrace,Priest Rapids Tailrace - STEELHEAD,46.632369,-119.895442,0,3,PR24,TRUE,Active,Alive,Helicopter
G72967F70,GPUD_Survival,live_release,C,109,Lot 1,31W,187,59,2026-05-23,2026-05-22T20:37:54Z,2026-05-24T16:18:00Z,Priest Rapids Tailrace,Priest Rapids Tailrace - STEELHEAD,46.632369,-119.895442,0,3,PR24,TRUE,Active,Alive,Helicopter
G725A4D8B,GPUD_Survival,live_release,C,109,Lot 1,31H,164,36.5,2026-05-23,2026-05-22T20:39:07Z,2026-05-24T16:18:00Z,Priest Rapids Tailrace,Priest Rapids Tailrace - STEELHEAD,46.632369,-119.895442,0,3,PR24,TRUE,Active,Alive,Helicopter
G7243C59B,GPUD_Survival,live_release,C,110,Lot 2,31H,193,61.400001525878906,2026-05-23,2026-05-22T20:42:56Z,2026-05-24T16:18:00Z,Priest Rapids Tailrace,Priest Rapids Tailrace - STEELHEAD,46.632369,-119.895442,0,3,PR24,TRUE,Active,Alive,Helicopter
G728FECDD,GPUD_Survival,live_release,C,110,Lot 3,31H,168,42.400001525878906,2026-05-23,2026-05-22T20:43:55Z,2026-05-24T16:18:00Z,Priest Rapids Tailrace,Priest Rapids Tailrace - STEELHEAD,46.632369,-119.895442,0,3,PR24,TRUE,Active,Alive,Helicopter
G72876C27,GPUD_Survival,live_release,C,0,Lot 3,31H,195,62.20000076293945,2026-05-23,2026-05-22T20:44:40Z,2026-05-24T16:18:00Z,Priest Rapids Tailrace,Priest Rapids Tailrace - STEELHEAD,46.632369,-119.895442,0,3,PR24,FALSE,Inactive,Alive,Helicopter
G72191D9E,GPUD_Survival,live_release,C,0,Lot 2,31H,0,0,2026-05-23,2026-05-22T20:45:18Z,2026-05-24T16:18:00Z,Priest Rapids Tailrace,Priest Rapids Tailrace - STEELHEAD,46.632369,-119.895442,0,3,PR24,FALSE,Inactive,Alive,Helicopter
G722EE896,GPUD_Survival,live_release,C,0,Lot 2,31H,0,0,2026-05-23,2026-05-22T20:45:51Z,2026-05-24T16:18:00Z,Priest Rapids Tailrace,Priest Rapids Tailrace - STEELHEAD,46.632369,-119.895442,0,3,PR24,FALSE,Inactive,Alive,Helicopter
