Priest Rapids Tailrace CHN,2,G720111A7,2026-05-06 18:12:13,2026-05-09 16:31:00,Crescent Bar,0,
Priest Rapids Tailrace CHN,2,G720111A7,2026-05-06 18:12:13,2026-05-09 16:31:00,Sunland,0,
Priest Rapids Tailrace CHN,2,G720111A7,2026-05-06 18:12:13,2026-05-09 16:31:00,Wanapum BRZ,0,
Priest Rapids Tailrace CHN,2,G720111A7,2026-05-06 18:12:13,2026-05-09 16:31:00,Mattawa,0,
Priest Rapids Tailrace CHN,2,G720111A7,2026-05-06 18:12:13,2026-05-09 16:31:00,Priest BRZ,0,
Priest Rapids Tailrace CHN,2,G720111A7,2026-05-06 18:12:13,2026-05-09 16:31:00,Lower Ringold,1,2026-05-10 06:12:07
Priest Rapids Tailrace CHN,2,G720111A7,2026-05-06 18:12:13,2026-05-09 16:31:00,Hanford,1,2026-05-10 09:15:14
Priest Rapids Tailrace CHN,2,G720175A3,2026-05-04 18:03:52,2026-05-06 16:47:00,Crescent Bar,0,
Priest Rapids Tailrace CHN,2,G720175A3,2026-05-04 18:03:52,2026-05-06 16:47:00,Sunland,0,
Priest Rapids Tailrace CHN,2,G720175A3,2026-05-04 18:03:52,2026-05-06 16:47:00,Wanapum BRZ,0,
Priest Rapids Tailrace CHN,2,G720175A3,2026-05-04 18:03:52,2026-05-06 16:47:00,Mattawa,0,
Priest Rapids Tailrace CHN,2,G720175A3,2026-05-04 18:03:52,2026-05-06 16:47:00,Priest BRZ,0,
Priest Rapids Tailrace CHN,2,G720175A3,2026-05-04 18:03:52,2026-05-06 16:47:00,Lower Ringold,1,2026-05-08 07:03:51
Priest Rapids Tailrace CHN,2,G720175A3,2026-05-04 18:03:52,2026-05-06 16:47:00,Hanford,1,2026-05-10 19:07:21
Priest Rapids Tailrace CHN,2,G72031E77,2026-05-08 16:54:48,2026-05-10 16:20:00,Crescent Bar,0,
Priest Rapids Tailrace CHN,2,G72031E77,2026-05-08 16:54:48,2026-05-10 16:20:00,Sunland,0,
Priest Rapids Tailrace CHN,2,G72031E77,2026-05-08 16:54:48,2026-05-10 16:20:00,Wanapum BRZ,0,
Priest Rapids Tailrace CHN,2,G72031E77,2026-05-08 16:54:48,2026-05-10 16:20:00,Mattawa,0,
Priest Rapids Tailrace CHN,2,G72031E77,2026-05-08 16:54:48,2026-05-10 16:20:00,Priest BRZ,0,
Priest Rapids Tailrace CHN,2,G72031E77,2026-05-08 16:54:48,2026-05-10 16:20:00,Lower Ringold,0,
Priest Rapids Tailrace CHN,2,G72031E77,2026-05-08 16:54:48,2026-05-10 16:20:00,Hanford,0,
Priest Rapids Tailrace CHN,2,G72032D2B,2026-05-01 17:32:21,2026-05-03 16:31:00,Crescent Bar,0,
Priest Rapids Tailrace CHN,2,G72032D2B,2026-05-01 17:32:21,2026-05-03 16:31:00,Sunland,0,
Priest Rapids Tailrace CHN,2,G72032D2B,2026-05-01 17:32:21,2026-05-03 16:31:00,Wanapum BRZ,0,
Priest Rapids Tailrace CHN,2,G72032D2B,2026-05-01 17:32:21,2026-05-03 16:31:00,Mattawa,0,
Priest Rapids Tailrace CHN,2,G72032D2B,2026-05-01 17:32:21,2026-05-03 16:31:00,Priest BRZ,0,
Priest Rapids Tailrace CHN,2,G72032D2B,2026-05-01 17:32:21,2026-05-03 16:31:00,Lower Ringold,0,
Priest Rapids Tailrace CHN,2,G72032D2B,2026-05-01 17:32:21,2026-05-03 16:31:00,Hanford,0,
Priest Rapids Tailrace CHN,1,G72053C42,2026-05-08 17:02:06,2026-05-10 16:20:00,Crescent Bar,0,
Priest Rapids Tailrace CHN,1,G72053C42,2026-05-08 17:02:06,2026-05-10 16:20:00,Sunland,0,
Priest Rapids Tailrace CHN,1,G72053C42,2026-05-08 17:02:06,2026-05-10 16:20:00,Wanapum BRZ,0,
Priest Rapids Tailrace CHN,1,G72053C42,2026-05-08 17:02:06,2026-05-10 16:20:00,Mattawa,0,
Priest Rapids Tailrace CHN,1,G72053C42,2026-05-08 17:02:06,2026-05-10 16:20:00,Priest BRZ,0,
Priest Rapids Tailrace CHN,1,G72053C42,2026-05-08 17:02:06,2026-05-10 16:20:00,Lower Ringold,1,2026-05-11 14:25:49
Priest Rapids Tailrace CHN,1,G72053C42,2026-05-08 17:02:06,2026-05-10 16:20:00,Hanford,1,2026-05-12 04:29:13
Priest Rapids Tailrace CHN,1,G72055084,2026-05-01 17:33:56,2026-05-03 16:31:00,Crescent Bar,0,
Priest Rapids Tailrace CHN,1,G72055084,2026-05-01 17:33:56,2026-05-03 16:31:00,Sunland,0,
Priest Rapids Tailrace CHN,1,G72055084,2026-05-01 17:33:56,2026-05-03 16:31:00,Wanapum BRZ,0,
Priest Rapids Tailrace CHN,1,G72055084,2026-05-01 17:33:56,2026-05-03 16:31:00,Mattawa,0,
Priest Rapids Tailrace CHN,1,G72055084,2026-05-01 17:33:56,2026-05-03 16:31:00,Priest BRZ,0,
Priest Rapids Tailrace CHN,1,G72055084,2026-05-01 17:33:56,2026-05-03 16:31:00,Lower Ringold,1,2026-05-06 04:27:54
Priest Rapids Tailrace CHN,1,G72055084,2026-05-01 17:33:56,2026-05-03 16:31:00,Hanford,1,2026-05-06 07:32:02
Priest Rapids Tailrace CHN,1,G720551DA,2026-05-02 17:58:05,2026-05-04 16:25:00,Crescent Bar,0,
Priest Rapids Tailrace CHN,1,G720551DA,2026-05-02 17:58:05,2026-05-04 16:25:00,Sunland,0,
Priest Rapids Tailrace CHN,1,G720551DA,2026-05-02 17:58:05,2026-05-04 16:25:00,Wanapum BRZ,0,
Priest Rapids Tailrace CHN,1,G720551DA,2026-05-02 17:58:05,2026-05-04 16:25:00,Mattawa,0,
Priest Rapids Tailrace CHN,1,G720551DA,2026-05-02 17:58:05,2026-05-04 16:25:00,Priest BRZ,0,
Priest Rapids Tailrace CHN,1,G720551DA,2026-05-02 17:58:05,2026-05-04 16:25:00,Lower Ringold,1,2026-05-05 13:41:36
Priest Rapids Tailrace CHN,1,G720551DA,2026-05-02 17:58:05,2026-05-04 16:25:00,Hanford,0,
Priest Rapids Tailrace CHN,2,G72072D10,2026-05-03 18:20:07,2026-05-05 17:13:00,Crescent Bar,0,
Priest Rapids Tailrace CHN,2,G72072D10,2026-05-03 18:20:07,2026-05-05 17:13:00,Sunland,0,
Priest Rapids Tailrace CHN,2,G72072D10,2026-05-03 18:20:07,2026-05-05 17:13:00,Wanapum BRZ,0,
Priest Rapids Tailrace CHN,2,G72072D10,2026-05-03 18:20:07,2026-05-05 17:13:00,Mattawa,0,
Priest Rapids Tailrace CHN,2,G72072D10,2026-05-03 18:20:07,2026-05-05 17:13:00,Priest BRZ,0,
Priest Rapids Tailrace CHN,2,G72072D10,2026-05-03 18:20:07,2026-05-05 17:13:00,Lower Ringold,1,2026-05-06 15:15:03
Priest Rapids Tailrace CHN,2,G72072D10,2026-05-03 18:20:07,2026-05-05 17:13:00,Hanford,1,2026-05-07 04:17:31
Priest Rapids Tailrace CHN,2,G72075B35,2026-05-05 16:49:22,2026-05-07 16:28:00,Crescent Bar,0,
Priest Rapids Tailrace CHN,2,G72075B35,2026-05-05 16:49:22,2026-05-07 16:28:00,Sunland,0,
Priest Rapids Tailrace CHN,2,G72075B35,2026-05-05 16:49:22,2026-05-07 16:28:00,Wanapum BRZ,0,
Priest Rapids Tailrace CHN,2,G72075B35,2026-05-05 16:49:22,2026-05-07 16:28:00,Mattawa,0,
Priest Rapids Tailrace CHN,2,G72075B35,2026-05-05 16:49:22,2026-05-07 16:28:00,Priest BRZ,0,
Priest Rapids Tailrace CHN,2,G72075B35,2026-05-05 16:49:22,2026-05-07 16:28:00,Lower Ringold,1,2026-05-08 06:25:42
Priest Rapids Tailrace CHN,2,G72075B35,2026-05-05 16:49:22,2026-05-07 16:28:00,Hanford,1,2026-05-09 13:33:56
Priest Rapids Tailrace CHN,2,G7207F206,2026-05-03 18:38:21,2026-05-05 17:13:00,Crescent Bar,0,
Priest Rapids Tailrace CHN,2,G7207F206,2026-05-03 18:38:21,2026-05-05 17:13:00,Sunland,0,
Priest Rapids Tailrace CHN,2,G7207F206,2026-05-03 18:38:21,2026-05-05 17:13:00,Wanapum BRZ,0,
Priest Rapids Tailrace CHN,2,G7207F206,2026-05-03 18:38:21,2026-05-05 17:13:00,Mattawa,0,
Priest Rapids Tailrace CHN,2,G7207F206,2026-05-03 18:38:21,2026-05-05 17:13:00,Priest BRZ,0,
Priest Rapids Tailrace CHN,2,G7207F206,2026-05-03 18:38:21,2026-05-05 17:13:00,Lower Ringold,1,2026-05-06 04:54:01
Priest Rapids Tailrace CHN,2,G7207F206,2026-05-03 18:38:21,2026-05-05 17:13:00,Hanford,0,
Priest Rapids Tailrace CHN,3,G720877AD,2026-05-01 17:15:24,2026-05-03 16:31:00,Crescent Bar,0,
Priest Rapids Tailrace CHN,3,G720877AD,2026-05-01 17:15:24,2026-05-03 16:31:00,Sunland,0,
Priest Rapids Tailrace CHN,3,G720877AD,2026-05-01 17:15:24,2026-05-03 16:31:00,Wanapum BRZ,0,
Priest Rapids Tailrace CHN,3,G720877AD,2026-05-01 17:15:24,2026-05-03 16:31:00,Mattawa,0,
Priest Rapids Tailrace CHN,3,G720877AD,2026-05-01 17:15:24,2026-05-03 16:31:00,Priest BRZ,0,
Priest Rapids Tailrace CHN,3,G720877AD,2026-05-01 17:15:24,2026-05-03 16:31:00,Lower Ringold,1,2026-05-04 22:16:21
Priest Rapids Tailrace CHN,3,G720877AD,2026-05-01 17:15:24,2026-05-03 16:31:00,Hanford,1,2026-05-07 11:50:33
Priest Rapids Tailrace CHN,1,G7208BEFB,2026-05-01 17:31:37,2026-05-03 16:31:00,Crescent Bar,0,
Priest Rapids Tailrace CHN,1,G7208BEFB,2026-05-01 17:31:37,2026-05-03 16:31:00,Sunland,0,
Priest Rapids Tailrace CHN,1,G7208BEFB,2026-05-01 17:31:37,2026-05-03 16:31:00,Wanapum BRZ,0,
Priest Rapids Tailrace CHN,1,G7208BEFB,2026-05-01 17:31:37,2026-05-03 16:31:00,Mattawa,0,
Priest Rapids Tailrace CHN,1,G7208BEFB,2026-05-01 17:31:37,2026-05-03 16:31:00,Priest BRZ,0,
Priest Rapids Tailrace CHN,1,G7208BEFB,2026-05-01 17:31:37,2026-05-03 16:31:00,Lower Ringold,1,2026-05-04 04:47:09
Priest Rapids Tailrace CHN,1,G7208BEFB,2026-05-01 17:31:37,2026-05-03 16:31:00,Hanford,1,2026-05-04 08:16:27
Priest Rapids Tailrace CHN,1,G7209CBF8,2026-05-05 17:09:05,2026-05-07 16:28:00,Crescent Bar,0,
Priest Rapids Tailrace CHN,1,G7209CBF8,2026-05-05 17:09:05,2026-05-07 16:28:00,Sunland,0,
Priest Rapids Tailrace CHN,1,G7209CBF8,2026-05-05 17:09:05,2026-05-07 16:28:00,Wanapum BRZ,0,
Priest Rapids Tailrace CHN,1,G7209CBF8,2026-05-05 17:09:05,2026-05-07 16:28:00,Mattawa,0,
Priest Rapids Tailrace CHN,1,G7209CBF8,2026-05-05 17:09:05,2026-05-07 16:28:00,Priest BRZ,0,
Priest Rapids Tailrace CHN,1,G7209CBF8,2026-05-05 17:09:05,2026-05-07 16:28:00,Lower Ringold,1,2026-05-08 06:32:59
Priest Rapids Tailrace CHN,1,G7209CBF8,2026-05-05 17:09:05,2026-05-07 16:28:00,Hanford,1,2026-05-08 10:39:03
Priest Rapids Tailrace CHN,1,G720C855E,2026-05-05 16:58:11,2026-05-07 16:28:00,Crescent Bar,0,
Priest Rapids Tailrace CHN,1,G720C855E,2026-05-05 16:58:11,2026-05-07 16:28:00,Sunland,0,
Priest Rapids Tailrace CHN,1,G720C855E,2026-05-05 16:58:11,2026-05-07 16:28:00,Wanapum BRZ,0,
Priest Rapids Tailrace CHN,1,G720C855E,2026-05-05 16:58:11,2026-05-07 16:28:00,Mattawa,0,
Priest Rapids Tailrace CHN,1,G720C855E,2026-05-05 16:58:11,2026-05-07 16:28:00,Priest BRZ,0,
Priest Rapids Tailrace CHN,1,G720C855E,2026-05-05 16:58:11,2026-05-07 16:28:00,Lower Ringold,1,2026-05-13 17:41:32
Priest Rapids Tailrace CHN,1,G720C855E,2026-05-05 16:58:11,2026-05-07 16:28:00,Hanford,1,2026-05-14 16:47:44
Priest Rapids Tailrace CHN,1,G720CA042,2026-05-08 16:55:29,2026-05-10 16:20:00,Crescent Bar,0,
Priest Rapids Tailrace CHN,1,G720CA042,2026-05-08 16:55:29,2026-05-10 16:20:00,Sunland,0,
Priest Rapids Tailrace CHN,1,G720CA042,2026-05-08 16:55:29,2026-05-10 16:20:00,Wanapum BRZ,0,
Priest Rapids Tailrace CHN,1,G720CA042,2026-05-08 16:55:29,2026-05-10 16:20:00,Mattawa,0,
Priest Rapids Tailrace CHN,1,G720CA042,2026-05-08 16:55:29,2026-05-10 16:20:00,Priest BRZ,0,
Priest Rapids Tailrace CHN,1,G720CA042,2026-05-08 16:55:29,2026-05-10 16:20:00,Lower Ringold,1,2026-05-11 07:09:49
Priest Rapids Tailrace CHN,1,G720CA042,2026-05-08 16:55:29,2026-05-10 16:20:00,Hanford,1,2026-05-11 10:07:22
Priest Rapids Tailrace CHN,3,G720E4A44,2026-05-01 17:24:16,2026-05-03 16:31:00,Crescent Bar,0,
Priest Rapids Tailrace CHN,3,G720E4A44,2026-05-01 17:24:16,2026-05-03 16:31:00,Sunland,0,
Priest Rapids Tailrace CHN,3,G720E4A44,2026-05-01 17:24:16,2026-05-03 16:31:00,Wanapum BRZ,0,
Priest Rapids Tailrace CHN,3,G720E4A44,2026-05-01 17:24:16,2026-05-03 16:31:00,Mattawa,0,
Priest Rapids Tailrace CHN,3,G720E4A44,2026-05-01 17:24:16,2026-05-03 16:31:00,Priest BRZ,0,
Priest Rapids Tailrace CHN,3,G720E4A44,2026-05-01 17:24:16,2026-05-03 16:31:00,Lower Ringold,1,2026-05-04 15:12:25
Priest Rapids Tailrace CHN,3,G720E4A44,2026-05-01 17:24:16,2026-05-03 16:31:00,Hanford,1,2026-05-04 19:45:40
Priest Rapids Tailrace CHN,3,G720EEFD4,2026-05-03 18:26:12,2026-05-05 17:13:00,Crescent Bar,0,
Priest Rapids Tailrace CHN,3,G720EEFD4,2026-05-03 18:26:12,2026-05-05 17:13:00,Sunland,0,
Priest Rapids Tailrace CHN,3,G720EEFD4,2026-05-03 18:26:12,2026-05-05 17:13:00,Wanapum BRZ,0,
Priest Rapids Tailrace CHN,3,G720EEFD4,2026-05-03 18:26:12,2026-05-05 17:13:00,Mattawa,0,
Priest Rapids Tailrace CHN,3,G720EEFD4,2026-05-03 18:26:12,2026-05-05 17:13:00,Priest BRZ,0,
Priest Rapids Tailrace CHN,3,G720EEFD4,2026-05-03 18:26:12,2026-05-05 17:13:00,Lower Ringold,1,2026-05-06 07:21:13
Priest Rapids Tailrace CHN,3,G720EEFD4,2026-05-03 18:26:12,2026-05-05 17:13:00,Hanford,1,2026-05-06 13:05:44
Priest Rapids Tailrace CHN,3,G72101AAF,2026-05-08 17:04:33,2026-05-10 16:20:00,Crescent Bar,0,
Priest Rapids Tailrace CHN,3,G72101AAF,2026-05-08 17:04:33,2026-05-10 16:20:00,Sunland,0,
Priest Rapids Tailrace CHN,3,G72101AAF,2026-05-08 17:04:33,2026-05-10 16:20:00,Wanapum BRZ,0,
Priest Rapids Tailrace CHN,3,G72101AAF,2026-05-08 17:04:33,2026-05-10 16:20:00,Mattawa,0,
Priest Rapids Tailrace CHN,3,G72101AAF,2026-05-08 17:04:33,2026-05-10 16:20:00,Priest BRZ,0,
Priest Rapids Tailrace CHN,3,G72101AAF,2026-05-08 17:04:33,2026-05-10 16:20:00,Lower Ringold,1,2026-05-11 15:16:51
Priest Rapids Tailrace CHN,3,G72101AAF,2026-05-08 17:04:33,2026-05-10 16:20:00,Hanford,1,2026-05-11 19:50:45
Priest Rapids Tailrace CHN,1,G7210A760,2026-05-04 18:03:26,2026-05-06 16:47:00,Crescent Bar,0,
Priest Rapids Tailrace CHN,1,G7210A760,2026-05-04 18:03:26,2026-05-06 16:47:00,Sunland,0,
Priest Rapids Tailrace CHN,1,G7210A760,2026-05-04 18:03:26,2026-05-06 16:47:00,Wanapum BRZ,0,
Priest Rapids Tailrace CHN,1,G7210A760,2026-05-04 18:03:26,2026-05-06 16:47:00,Mattawa,0,
Priest Rapids Tailrace CHN,1,G7210A760,2026-05-04 18:03:26,2026-05-06 16:47:00,Priest BRZ,0,
Priest Rapids Tailrace CHN,1,G7210A760,2026-05-04 18:03:26,2026-05-06 16:47:00,Lower Ringold,1,2026-05-07 10:44:42
Priest Rapids Tailrace CHN,1,G7210A760,2026-05-04 18:03:26,2026-05-06 16:47:00,Hanford,1,2026-05-07 13:59:33
Priest Rapids Tailrace CHN,3,G7211A29B,2026-05-02 18:00:58,2026-05-04 16:25:00,Crescent Bar,0,
Priest Rapids Tailrace CHN,3,G7211A29B,2026-05-02 18:00:58,2026-05-04 16:25:00,Sunland,0,
Priest Rapids Tailrace CHN,3,G7211A29B,2026-05-02 18:00:58,2026-05-04 16:25:00,Wanapum BRZ,0,
Priest Rapids Tailrace CHN,3,G7211A29B,2026-05-02 18:00:58,2026-05-04 16:25:00,Mattawa,0,
Priest Rapids Tailrace CHN,3,G7211A29B,2026-05-02 18:00:58,2026-05-04 16:25:00,Priest BRZ,0,
Priest Rapids Tailrace CHN,3,G7211A29B,2026-05-02 18:00:58,2026-05-04 16:25:00,Lower Ringold,1,2026-05-05 10:03:42
Priest Rapids Tailrace CHN,3,G7211A29B,2026-05-02 18:00:58,2026-05-04 16:25:00,Hanford,1,2026-05-05 12:48:39
Priest Rapids Tailrace CHN,3,G721205E2,2026-05-02 17:47:45,2026-05-04 16:25:00,Crescent Bar,0,
Priest Rapids Tailrace CHN,3,G721205E2,2026-05-02 17:47:45,2026-05-04 16:25:00,Sunland,0,
Priest Rapids Tailrace CHN,3,G721205E2,2026-05-02 17:47:45,2026-05-04 16:25:00,Wanapum BRZ,0,
Priest Rapids Tailrace CHN,3,G721205E2,2026-05-02 17:47:45,2026-05-04 16:25:00,Mattawa,0,
Priest Rapids Tailrace CHN,3,G721205E2,2026-05-02 17:47:45,2026-05-04 16:25:00,Priest BRZ,0,
Priest Rapids Tailrace CHN,3,G721205E2,2026-05-02 17:47:45,2026-05-04 16:25:00,Lower Ringold,1,2026-05-06 14:23:56
Priest Rapids Tailrace CHN,3,G721205E2,2026-05-02 17:47:45,2026-05-04 16:25:00,Hanford,1,2026-05-06 22:05:36
Priest Rapids Tailrace CHN,3,G7215C079,2026-05-04 17:57:35,2026-05-06 16:47:00,Crescent Bar,0,
Priest Rapids Tailrace CHN,3,G7215C079,2026-05-04 17:57:35,2026-05-06 16:47:00,Sunland,0,
Priest Rapids Tailrace CHN,3,G7215C079,2026-05-04 17:57:35,2026-05-06 16:47:00,Wanapum BRZ,0,
Priest Rapids Tailrace CHN,3,G7215C079,2026-05-04 17:57:35,2026-05-06 16:47:00,Mattawa,0,
Priest Rapids Tailrace CHN,3,G7215C079,2026-05-04 17:57:35,2026-05-06 16:47:00,Priest BRZ,0,
Priest Rapids Tailrace CHN,3,G7215C079,2026-05-04 17:57:35,2026-05-06 16:47:00,Lower Ringold,1,2026-05-07 11:00:27
Priest Rapids Tailrace CHN,3,G7215C079,2026-05-04 17:57:35,2026-05-06 16:47:00,Hanford,1,2026-05-07 15:11:42
Priest Rapids Tailrace CHN,3,G7215ECF9,2026-05-01 17:16:03,2026-05-03 16:31:00,Crescent Bar,0,
Priest Rapids Tailrace CHN,3,G7215ECF9,2026-05-01 17:16:03,2026-05-03 16:31:00,Sunland,0,
Priest Rapids Tailrace CHN,3,G7215ECF9,2026-05-01 17:16:03,2026-05-03 16:31:00,Wanapum BRZ,0,
Priest Rapids Tailrace CHN,3,G7215ECF9,2026-05-01 17:16:03,2026-05-03 16:31:00,Mattawa,0,
Priest Rapids Tailrace CHN,3,G7215ECF9,2026-05-01 17:16:03,2026-05-03 16:31:00,Priest BRZ,0,
Priest Rapids Tailrace CHN,3,G7215ECF9,2026-05-01 17:16:03,2026-05-03 16:31:00,Lower Ringold,1,2026-05-04 07:26:35
Priest Rapids Tailrace CHN,3,G7215ECF9,2026-05-01 17:16:03,2026-05-03 16:31:00,Hanford,1,2026-05-04 10:47:05
Priest Rapids Tailrace CHN,2,G72166E9C,2026-05-08 17:08:14,2026-05-10 16:20:00,Crescent Bar,0,
Priest Rapids Tailrace CHN,2,G72166E9C,2026-05-08 17:08:14,2026-05-10 16:20:00,Sunland,0,
Priest Rapids Tailrace CHN,2,G72166E9C,2026-05-08 17:08:14,2026-05-10 16:20:00,Wanapum BRZ,0,
Priest Rapids Tailrace CHN,2,G72166E9C,2026-05-08 17:08:14,2026-05-10 16:20:00,Mattawa,0,
Priest Rapids Tailrace CHN,2,G72166E9C,2026-05-08 17:08:14,2026-05-10 16:20:00,Priest BRZ,0,
Priest Rapids Tailrace CHN,2,G72166E9C,2026-05-08 17:08:14,2026-05-10 16:20:00,Lower Ringold,0,
Priest Rapids Tailrace CHN,2,G72166E9C,2026-05-08 17:08:14,2026-05-10 16:20:00,Hanford,0,
Priest Rapids Tailrace CHN,2,G7216EB2F,2026-05-05 16:53:46,2026-05-07 16:28:00,Crescent Bar,0,
Priest Rapids Tailrace CHN,2,G7216EB2F,2026-05-05 16:53:46,2026-05-07 16:28:00,Sunland,0,
Priest Rapids Tailrace CHN,2,G7216EB2F,2026-05-05 16:53:46,2026-05-07 16:28:00,Wanapum BRZ,0,
Priest Rapids Tailrace CHN,2,G7216EB2F,2026-05-05 16:53:46,2026-05-07 16:28:00,Mattawa,0,
Priest Rapids Tailrace CHN,2,G7216EB2F,2026-05-05 16:53:46,2026-05-07 16:28:00,Priest BRZ,0,
Priest Rapids Tailrace CHN,2,G7216EB2F,2026-05-05 16:53:46,2026-05-07 16:28:00,Lower Ringold,1,2026-05-08 05:44:29
Priest Rapids Tailrace CHN,2,G7216EB2F,2026-05-05 16:53:46,2026-05-07 16:28:00,Hanford,1,2026-05-08 09:09:10
Priest Rapids Tailrace CHN,1,G72181345,2026-05-07 17:26:24,2026-05-09 16:31:00,Crescent Bar,0,
Priest Rapids Tailrace CHN,1,G72181345,2026-05-07 17:26:24,2026-05-09 16:31:00,Sunland,0,
Priest Rapids Tailrace CHN,1,G72181345,2026-05-07 17:26:24,2026-05-09 16:31:00,Wanapum BRZ,0,
Priest Rapids Tailrace CHN,1,G72181345,2026-05-07 17:26:24,2026-05-09 16:31:00,Mattawa,0,
Priest Rapids Tailrace CHN,1,G72181345,2026-05-07 17:26:24,2026-05-09 16:31:00,Priest BRZ,0,
Priest Rapids Tailrace CHN,1,G72181345,2026-05-07 17:26:24,2026-05-09 16:31:00,Lower Ringold,1,2026-05-24 06:00:02
Priest Rapids Tailrace CHN,1,G72181345,2026-05-07 17:26:24,2026-05-09 16:31:00,Hanford,1,2026-05-24 09:18:59
Priest Rapids Tailrace CHN,2,G7218643E,2026-05-03 18:25:26,2026-05-05 17:13:00,Crescent Bar,0,
Priest Rapids Tailrace CHN,2,G7218643E,2026-05-03 18:25:26,2026-05-05 17:13:00,Sunland,0,
Priest Rapids Tailrace CHN,2,G7218643E,2026-05-03 18:25:26,2026-05-05 17:13:00,Wanapum BRZ,0,
Priest Rapids Tailrace CHN,2,G7218643E,2026-05-03 18:25:26,2026-05-05 17:13:00,Mattawa,0,
Priest Rapids Tailrace CHN,2,G7218643E,2026-05-03 18:25:26,2026-05-05 17:13:00,Priest BRZ,0,
Priest Rapids Tailrace CHN,2,G7218643E,2026-05-03 18:25:26,2026-05-05 17:13:00,Lower Ringold,1,2026-05-06 12:22:11
Priest Rapids Tailrace CHN,2,G7218643E,2026-05-03 18:25:26,2026-05-05 17:13:00,Hanford,1,2026-05-06 15:46:55
Priest Rapids Tailrace CHN,2,G7219B192,2026-05-02 17:45:56,2026-05-04 16:25:00,Crescent Bar,0,
Priest Rapids Tailrace CHN,2,G7219B192,2026-05-02 17:45:56,2026-05-04 16:25:00,Sunland,0,
Priest Rapids Tailrace CHN,2,G7219B192,2026-05-02 17:45:56,2026-05-04 16:25:00,Wanapum BRZ,0,
Priest Rapids Tailrace CHN,2,G7219B192,2026-05-02 17:45:56,2026-05-04 16:25:00,Mattawa,0,
Priest Rapids Tailrace CHN,2,G7219B192,2026-05-02 17:45:56,2026-05-04 16:25:00,Priest BRZ,0,
Priest Rapids Tailrace CHN,2,G7219B192,2026-05-02 17:45:56,2026-05-04 16:25:00,Lower Ringold,1,2026-05-06 03:48:22
Priest Rapids Tailrace CHN,2,G7219B192,2026-05-02 17:45:56,2026-05-04 16:25:00,Hanford,1,2026-05-06 06:55:40
Priest Rapids Tailrace CHN,2,G7219CE2B,2026-05-04 17:46:53,2026-05-06 16:47:00,Crescent Bar,0,
Priest Rapids Tailrace CHN,2,G7219CE2B,2026-05-04 17:46:53,2026-05-06 16:47:00,Sunland,0,
Priest Rapids Tailrace CHN,2,G7219CE2B,2026-05-04 17:46:53,2026-05-06 16:47:00,Wanapum BRZ,0,
Priest Rapids Tailrace CHN,2,G7219CE2B,2026-05-04 17:46:53,2026-05-06 16:47:00,Mattawa,0,
Priest Rapids Tailrace CHN,2,G7219CE2B,2026-05-04 17:46:53,2026-05-06 16:47:00,Priest BRZ,0,
Priest Rapids Tailrace CHN,2,G7219CE2B,2026-05-04 17:46:53,2026-05-06 16:47:00,Lower Ringold,1,2026-05-09 08:18:58
Priest Rapids Tailrace CHN,2,G7219CE2B,2026-05-04 17:46:53,2026-05-06 16:47:00,Hanford,1,2026-05-09 12:09:19
Priest Rapids Tailrace CHN,2,G721A8C84,2026-05-06 18:09:56,2026-05-09 16:31:00,Crescent Bar,0,
Priest Rapids Tailrace CHN,2,G721A8C84,2026-05-06 18:09:56,2026-05-09 16:31:00,Sunland,0,
Priest Rapids Tailrace CHN,2,G721A8C84,2026-05-06 18:09:56,2026-05-09 16:31:00,Wanapum BRZ,0,
Priest Rapids Tailrace CHN,2,G721A8C84,2026-05-06 18:09:56,2026-05-09 16:31:00,Mattawa,0,
Priest Rapids Tailrace CHN,2,G721A8C84,2026-05-06 18:09:56,2026-05-09 16:31:00,Priest BRZ,0,
Priest Rapids Tailrace CHN,2,G721A8C84,2026-05-06 18:09:56,2026-05-09 16:31:00,Lower Ringold,1,2026-05-10 07:56:05
Priest Rapids Tailrace CHN,2,G721A8C84,2026-05-06 18:09:56,2026-05-09 16:31:00,Hanford,1,2026-05-10 10:44:59
Priest Rapids Tailrace CHN,3,G721BCD58,2026-05-03 18:28:52,2026-05-05 17:13:00,Crescent Bar,0,
Priest Rapids Tailrace CHN,3,G721BCD58,2026-05-03 18:28:52,2026-05-05 17:13:00,Sunland,0,
Priest Rapids Tailrace CHN,3,G721BCD58,2026-05-03 18:28:52,2026-05-05 17:13:00,Wanapum BRZ,0,
Priest Rapids Tailrace CHN,3,G721BCD58,2026-05-03 18:28:52,2026-05-05 17:13:00,Mattawa,0,
Priest Rapids Tailrace CHN,3,G721BCD58,2026-05-03 18:28:52,2026-05-05 17:13:00,Priest BRZ,0,
Priest Rapids Tailrace CHN,3,G721BCD58,2026-05-03 18:28:52,2026-05-05 17:13:00,Lower Ringold,1,2026-05-06 06:42:05
Priest Rapids Tailrace CHN,3,G721BCD58,2026-05-03 18:28:52,2026-05-05 17:13:00,Hanford,1,2026-05-06 09:38:57
Priest Rapids Tailrace CHN,2,G721BE23A,2026-05-04 17:56:07,2026-05-06 16:47:00,Crescent Bar,0,
Priest Rapids Tailrace CHN,2,G721BE23A,2026-05-04 17:56:07,2026-05-06 16:47:00,Sunland,0,
Priest Rapids Tailrace CHN,2,G721BE23A,2026-05-04 17:56:07,2026-05-06 16:47:00,Wanapum BRZ,0,
Priest Rapids Tailrace CHN,2,G721BE23A,2026-05-04 17:56:07,2026-05-06 16:47:00,Mattawa,0,
Priest Rapids Tailrace CHN,2,G721BE23A,2026-05-04 17:56:07,2026-05-06 16:47:00,Priest BRZ,0,
Priest Rapids Tailrace CHN,2,G721BE23A,2026-05-04 17:56:07,2026-05-06 16:47:00,Lower Ringold,1,2026-05-07 04:25:57
Priest Rapids Tailrace CHN,2,G721BE23A,2026-05-04 17:56:07,2026-05-06 16:47:00,Hanford,1,2026-05-07 08:34:06
Priest Rapids Tailrace CHN,2,G721C998C,2026-05-03 18:34:25,2026-05-05 17:13:00,Crescent Bar,0,
Priest Rapids Tailrace CHN,2,G721C998C,2026-05-03 18:34:25,2026-05-05 17:13:00,Sunland,0,
Priest Rapids Tailrace CHN,2,G721C998C,2026-05-03 18:34:25,2026-05-05 17:13:00,Wanapum BRZ,0,
Priest Rapids Tailrace CHN,2,G721C998C,2026-05-03 18:34:25,2026-05-05 17:13:00,Mattawa,0,
Priest Rapids Tailrace CHN,2,G721C998C,2026-05-03 18:34:25,2026-05-05 17:13:00,Priest BRZ,0,
Priest Rapids Tailrace CHN,2,G721C998C,2026-05-03 18:34:25,2026-05-05 17:13:00,Lower Ringold,1,2026-05-06 06:53:46
Priest Rapids Tailrace CHN,2,G721C998C,2026-05-03 18:34:25,2026-05-05 17:13:00,Hanford,1,2026-05-06 13:20:53
Priest Rapids Tailrace CHN,2,G721D9C77,2026-05-01 17:27:21,2026-05-03 16:31:00,Crescent Bar,0,
Priest Rapids Tailrace CHN,2,G721D9C77,2026-05-01 17:27:21,2026-05-03 16:31:00,Sunland,0,
Priest Rapids Tailrace CHN,2,G721D9C77,2026-05-01 17:27:21,2026-05-03 16:31:00,Wanapum BRZ,0,
Priest Rapids Tailrace CHN,2,G721D9C77,2026-05-01 17:27:21,2026-05-03 16:31:00,Mattawa,0,
Priest Rapids Tailrace CHN,2,G721D9C77,2026-05-01 17:27:21,2026-05-03 16:31:00,Priest BRZ,0,
Priest Rapids Tailrace CHN,2,G721D9C77,2026-05-01 17:27:21,2026-05-03 16:31:00,Lower Ringold,1,2026-05-05 05:16:38
Priest Rapids Tailrace CHN,2,G721D9C77,2026-05-01 17:27:21,2026-05-03 16:31:00,Hanford,1,2026-05-05 08:15:10
Priest Rapids Tailrace CHN,1,G721EE2C5,2026-05-04 18:03:00,2026-05-06 16:47:00,Crescent Bar,0,
Priest Rapids Tailrace CHN,1,G721EE2C5,2026-05-04 18:03:00,2026-05-06 16:47:00,Sunland,0,
Priest Rapids Tailrace CHN,1,G721EE2C5,2026-05-04 18:03:00,2026-05-06 16:47:00,Wanapum BRZ,0,
Priest Rapids Tailrace CHN,1,G721EE2C5,2026-05-04 18:03:00,2026-05-06 16:47:00,Mattawa,0,
Priest Rapids Tailrace CHN,1,G721EE2C5,2026-05-04 18:03:00,2026-05-06 16:47:00,Priest BRZ,0,
Priest Rapids Tailrace CHN,1,G721EE2C5,2026-05-04 18:03:00,2026-05-06 16:47:00,Lower Ringold,1,2026-05-07 06:19:03
Priest Rapids Tailrace CHN,1,G721EE2C5,2026-05-04 18:03:00,2026-05-06 16:47:00,Hanford,1,2026-05-07 11:36:34
Priest Rapids Tailrace CHN,2,G72207AE7,2026-05-07 17:20:05,2026-05-09 16:31:00,Crescent Bar,0,
Priest Rapids Tailrace CHN,2,G72207AE7,2026-05-07 17:20:05,2026-05-09 16:31:00,Sunland,0,
Priest Rapids Tailrace CHN,2,G72207AE7,2026-05-07 17:20:05,2026-05-09 16:31:00,Wanapum BRZ,0,
Priest Rapids Tailrace CHN,2,G72207AE7,2026-05-07 17:20:05,2026-05-09 16:31:00,Mattawa,0,
Priest Rapids Tailrace CHN,2,G72207AE7,2026-05-07 17:20:05,2026-05-09 16:31:00,Priest BRZ,0,
Priest Rapids Tailrace CHN,2,G72207AE7,2026-05-07 17:20:05,2026-05-09 16:31:00,Lower Ringold,1,2026-05-10 07:29:11
Priest Rapids Tailrace CHN,2,G72207AE7,2026-05-07 17:20:05,2026-05-09 16:31:00,Hanford,1,2026-05-10 10:29:13
Priest Rapids Tailrace CHN,2,G72209A0E,2026-05-06 18:09:34,2026-05-09 16:31:00,Crescent Bar,0,
Priest Rapids Tailrace CHN,2,G72209A0E,2026-05-06 18:09:34,2026-05-09 16:31:00,Sunland,0,
Priest Rapids Tailrace CHN,2,G72209A0E,2026-05-06 18:09:34,2026-05-09 16:31:00,Wanapum BRZ,0,
Priest Rapids Tailrace CHN,2,G72209A0E,2026-05-06 18:09:34,2026-05-09 16:31:00,Mattawa,0,
Priest Rapids Tailrace CHN,2,G72209A0E,2026-05-06 18:09:34,2026-05-09 16:31:00,Priest BRZ,0,
Priest Rapids Tailrace CHN,2,G72209A0E,2026-05-06 18:09:34,2026-05-09 16:31:00,Lower Ringold,1,2026-05-10 05:22:27
Priest Rapids Tailrace CHN,2,G72209A0E,2026-05-06 18:09:34,2026-05-09 16:31:00,Hanford,1,2026-05-10 08:55:14
Priest Rapids Tailrace CHN,2,G72210C06,2026-05-03 18:33:14,2026-05-05 17:13:00,Crescent Bar,0,
Priest Rapids Tailrace CHN,2,G72210C06,2026-05-03 18:33:14,2026-05-05 17:13:00,Sunland,0,
Priest Rapids Tailrace CHN,2,G72210C06,2026-05-03 18:33:14,2026-05-05 17:13:00,Wanapum BRZ,0,
Priest Rapids Tailrace CHN,2,G72210C06,2026-05-03 18:33:14,2026-05-05 17:13:00,Mattawa,0,
Priest Rapids Tailrace CHN,2,G72210C06,2026-05-03 18:33:14,2026-05-05 17:13:00,Priest BRZ,0,
Priest Rapids Tailrace CHN,2,G72210C06,2026-05-03 18:33:14,2026-05-05 17:13:00,Lower Ringold,1,2026-05-09 06:34:31
Priest Rapids Tailrace CHN,2,G72210C06,2026-05-03 18:33:14,2026-05-05 17:13:00,Hanford,1,2026-05-09 10:14:16
Priest Rapids Tailrace CHN,2,G7222AA21,2026-05-07 17:28:13,2026-05-09 16:31:00,Crescent Bar,0,
Priest Rapids Tailrace CHN,2,G7222AA21,2026-05-07 17:28:13,2026-05-09 16:31:00,Sunland,0,
Priest Rapids Tailrace CHN,2,G7222AA21,2026-05-07 17:28:13,2026-05-09 16:31:00,Wanapum BRZ,0,
Priest Rapids Tailrace CHN,2,G7222AA21,2026-05-07 17:28:13,2026-05-09 16:31:00,Mattawa,0,
Priest Rapids Tailrace CHN,2,G7222AA21,2026-05-07 17:28:13,2026-05-09 16:31:00,Priest BRZ,0,
Priest Rapids Tailrace CHN,2,G7222AA21,2026-05-07 17:28:13,2026-05-09 16:31:00,Lower Ringold,1,2026-05-10 11:45:55
Priest Rapids Tailrace CHN,2,G7222AA21,2026-05-07 17:28:13,2026-05-09 16:31:00,Hanford,1,2026-05-10 15:56:21
Priest Rapids Tailrace CHN,2,G72238665,2026-05-03 18:37:49,2026-05-05 17:13:00,Crescent Bar,0,
Priest Rapids Tailrace CHN,2,G72238665,2026-05-03 18:37:49,2026-05-05 17:13:00,Sunland,0,
Priest Rapids Tailrace CHN,2,G72238665,2026-05-03 18:37:49,2026-05-05 17:13:00,Wanapum BRZ,0,
Priest Rapids Tailrace CHN,2,G72238665,2026-05-03 18:37:49,2026-05-05 17:13:00,Mattawa,0,
Priest Rapids Tailrace CHN,2,G72238665,2026-05-03 18:37:49,2026-05-05 17:13:00,Priest BRZ,0,
Priest Rapids Tailrace CHN,2,G72238665,2026-05-03 18:37:49,2026-05-05 17:13:00,Lower Ringold,1,2026-05-06 05:56:41
Priest Rapids Tailrace CHN,2,G72238665,2026-05-03 18:37:49,2026-05-05 17:13:00,Hanford,1,2026-05-06 09:13:55
Priest Rapids Tailrace CHN,2,G7225AC92,2026-05-08 16:55:52,2026-05-10 16:20:00,Crescent Bar,0,
Priest Rapids Tailrace CHN,2,G7225AC92,2026-05-08 16:55:52,2026-05-10 16:20:00,Sunland,0,
Priest Rapids Tailrace CHN,2,G7225AC92,2026-05-08 16:55:52,2026-05-10 16:20:00,Wanapum BRZ,0,
Priest Rapids Tailrace CHN,2,G7225AC92,2026-05-08 16:55:52,2026-05-10 16:20:00,Mattawa,0,
Priest Rapids Tailrace CHN,2,G7225AC92,2026-05-08 16:55:52,2026-05-10 16:20:00,Priest BRZ,0,
Priest Rapids Tailrace CHN,2,G7225AC92,2026-05-08 16:55:52,2026-05-10 16:20:00,Lower Ringold,1,2026-05-11 15:36:57
Priest Rapids Tailrace CHN,2,G7225AC92,2026-05-08 16:55:52,2026-05-10 16:20:00,Hanford,1,2026-05-11 19:43:51
Priest Rapids Tailrace CHN,1,G7227D89A,2026-05-06 18:02:09,2026-05-09 16:31:00,Crescent Bar,0,
Priest Rapids Tailrace CHN,1,G7227D89A,2026-05-06 18:02:09,2026-05-09 16:31:00,Sunland,0,
Priest Rapids Tailrace CHN,1,G7227D89A,2026-05-06 18:02:09,2026-05-09 16:31:00,Wanapum BRZ,0,
Priest Rapids Tailrace CHN,1,G7227D89A,2026-05-06 18:02:09,2026-05-09 16:31:00,Mattawa,0,
Priest Rapids Tailrace CHN,1,G7227D89A,2026-05-06 18:02:09,2026-05-09 16:31:00,Priest BRZ,0,
Priest Rapids Tailrace CHN,1,G7227D89A,2026-05-06 18:02:09,2026-05-09 16:31:00,Lower Ringold,0,
Priest Rapids Tailrace CHN,1,G7227D89A,2026-05-06 18:02:09,2026-05-09 16:31:00,Hanford,0,
Priest Rapids Tailrace CHN,1,G7228410F,2026-05-08 17:04:14,2026-05-10 16:20:00,Crescent Bar,0,
Priest Rapids Tailrace CHN,1,G7228410F,2026-05-08 17:04:14,2026-05-10 16:20:00,Sunland,0,
Priest Rapids Tailrace CHN,1,G7228410F,2026-05-08 17:04:14,2026-05-10 16:20:00,Wanapum BRZ,0,
Priest Rapids Tailrace CHN,1,G7228410F,2026-05-08 17:04:14,2026-05-10 16:20:00,Mattawa,0,
Priest Rapids Tailrace CHN,1,G7228410F,2026-05-08 17:04:14,2026-05-10 16:20:00,Priest BRZ,0,
Priest Rapids Tailrace CHN,1,G7228410F,2026-05-08 17:04:14,2026-05-10 16:20:00,Lower Ringold,0,
Priest Rapids Tailrace CHN,1,G7228410F,2026-05-08 17:04:14,2026-05-10 16:20:00,Hanford,0,
Priest Rapids Tailrace CHN,3,G7228F8A1,2026-05-04 18:07:20,2026-05-06 16:47:00,Crescent Bar,0,
Priest Rapids Tailrace CHN,3,G7228F8A1,2026-05-04 18:07:20,2026-05-06 16:47:00,Sunland,0,
Priest Rapids Tailrace CHN,3,G7228F8A1,2026-05-04 18:07:20,2026-05-06 16:47:00,Wanapum BRZ,0,
Priest Rapids Tailrace CHN,3,G7228F8A1,2026-05-04 18:07:20,2026-05-06 16:47:00,Mattawa,0,
Priest Rapids Tailrace CHN,3,G7228F8A1,2026-05-04 18:07:20,2026-05-06 16:47:00,Priest BRZ,0,
Priest Rapids Tailrace CHN,3,G7228F8A1,2026-05-04 18:07:20,2026-05-06 16:47:00,Lower Ringold,1,2026-05-07 10:25:04
Priest Rapids Tailrace CHN,3,G7228F8A1,2026-05-04 18:07:20,2026-05-06 16:47:00,Hanford,1,2026-05-07 13:08:02
Priest Rapids Tailrace CHN,3,G7229D1DA,2026-05-05 16:34:34,2026-05-07 16:28:00,Crescent Bar,0,
Priest Rapids Tailrace CHN,3,G7229D1DA,2026-05-05 16:34:34,2026-05-07 16:28:00,Sunland,0,
Priest Rapids Tailrace CHN,3,G7229D1DA,2026-05-05 16:34:34,2026-05-07 16:28:00,Wanapum BRZ,0,
Priest Rapids Tailrace CHN,3,G7229D1DA,2026-05-05 16:34:34,2026-05-07 16:28:00,Mattawa,0,
Priest Rapids Tailrace CHN,3,G7229D1DA,2026-05-05 16:34:34,2026-05-07 16:28:00,Priest BRZ,0,
Priest Rapids Tailrace CHN,3,G7229D1DA,2026-05-05 16:34:34,2026-05-07 16:28:00,Lower Ringold,1,2026-05-08 13:14:28
Priest Rapids Tailrace CHN,3,G7229D1DA,2026-05-05 16:34:34,2026-05-07 16:28:00,Hanford,1,2026-05-08 18:44:47
Priest Rapids Tailrace CHN,3,G722A5562,2026-05-05 17:13:05,2026-05-07 16:28:00,Crescent Bar,0,
Priest Rapids Tailrace CHN,3,G722A5562,2026-05-05 17:13:05,2026-05-07 16:28:00,Sunland,0,
Priest Rapids Tailrace CHN,3,G722A5562,2026-05-05 17:13:05,2026-05-07 16:28:00,Wanapum BRZ,0,
Priest Rapids Tailrace CHN,3,G722A5562,2026-05-05 17:13:05,2026-05-07 16:28:00,Mattawa,0,
Priest Rapids Tailrace CHN,3,G722A5562,2026-05-05 17:13:05,2026-05-07 16:28:00,Priest BRZ,0,
Priest Rapids Tailrace CHN,3,G722A5562,2026-05-05 17:13:05,2026-05-07 16:28:00,Lower Ringold,1,2026-05-08 16:36:41
Priest Rapids Tailrace CHN,3,G722A5562,2026-05-05 17:13:05,2026-05-07 16:28:00,Hanford,1,2026-05-09 07:01:03
Priest Rapids Tailrace CHN,1,G722CAAFD,2026-05-05 17:05:11,2026-05-07 16:28:00,Crescent Bar,0,
Priest Rapids Tailrace CHN,1,G722CAAFD,2026-05-05 17:05:11,2026-05-07 16:28:00,Sunland,0,
Priest Rapids Tailrace CHN,1,G722CAAFD,2026-05-05 17:05:11,2026-05-07 16:28:00,Wanapum BRZ,0,
Priest Rapids Tailrace CHN,1,G722CAAFD,2026-05-05 17:05:11,2026-05-07 16:28:00,Mattawa,0,
Priest Rapids Tailrace CHN,1,G722CAAFD,2026-05-05 17:05:11,2026-05-07 16:28:00,Priest BRZ,0,
Priest Rapids Tailrace CHN,1,G722CAAFD,2026-05-05 17:05:11,2026-05-07 16:28:00,Lower Ringold,1,2026-05-08 06:18:04
Priest Rapids Tailrace CHN,1,G722CAAFD,2026-05-05 17:05:11,2026-05-07 16:28:00,Hanford,1,2026-05-08 09:46:57
Priest Rapids Tailrace CHN,1,G722CE5FA,2026-05-08 16:53:23,2026-05-10 16:20:00,Crescent Bar,0,
Priest Rapids Tailrace CHN,1,G722CE5FA,2026-05-08 16:53:23,2026-05-10 16:20:00,Sunland,0,
Priest Rapids Tailrace CHN,1,G722CE5FA,2026-05-08 16:53:23,2026-05-10 16:20:00,Wanapum BRZ,0,
Priest Rapids Tailrace CHN,1,G722CE5FA,2026-05-08 16:53:23,2026-05-10 16:20:00,Mattawa,0,
Priest Rapids Tailrace CHN,1,G722CE5FA,2026-05-08 16:53:23,2026-05-10 16:20:00,Priest BRZ,0,
Priest Rapids Tailrace CHN,1,G722CE5FA,2026-05-08 16:53:23,2026-05-10 16:20:00,Lower Ringold,0,
Priest Rapids Tailrace CHN,1,G722CE5FA,2026-05-08 16:53:23,2026-05-10 16:20:00,Hanford,0,
Priest Rapids Tailrace CHN,1,G722DC51D,2026-05-07 17:25:37,2026-05-09 16:31:00,Crescent Bar,0,
Priest Rapids Tailrace CHN,1,G722DC51D,2026-05-07 17:25:37,2026-05-09 16:31:00,Sunland,0,
Priest Rapids Tailrace CHN,1,G722DC51D,2026-05-07 17:25:37,2026-05-09 16:31:00,Wanapum BRZ,0,
Priest Rapids Tailrace CHN,1,G722DC51D,2026-05-07 17:25:37,2026-05-09 16:31:00,Mattawa,0,
Priest Rapids Tailrace CHN,1,G722DC51D,2026-05-07 17:25:37,2026-05-09 16:31:00,Priest BRZ,0,
Priest Rapids Tailrace CHN,1,G722DC51D,2026-05-07 17:25:37,2026-05-09 16:31:00,Lower Ringold,1,2026-05-10 12:02:50
Priest Rapids Tailrace CHN,1,G722DC51D,2026-05-07 17:25:37,2026-05-09 16:31:00,Hanford,1,2026-05-10 19:02:34
Priest Rapids Tailrace CHN,2,G722EC077,2026-05-02 17:35:07,2026-05-04 16:25:00,Crescent Bar,0,
Priest Rapids Tailrace CHN,2,G722EC077,2026-05-02 17:35:07,2026-05-04 16:25:00,Sunland,0,
Priest Rapids Tailrace CHN,2,G722EC077,2026-05-02 17:35:07,2026-05-04 16:25:00,Wanapum BRZ,0,
Priest Rapids Tailrace CHN,2,G722EC077,2026-05-02 17:35:07,2026-05-04 16:25:00,Mattawa,0,
Priest Rapids Tailrace CHN,2,G722EC077,2026-05-02 17:35:07,2026-05-04 16:25:00,Priest BRZ,0,
Priest Rapids Tailrace CHN,2,G722EC077,2026-05-02 17:35:07,2026-05-04 16:25:00,Lower Ringold,1,2026-05-05 04:09:43
Priest Rapids Tailrace CHN,2,G722EC077,2026-05-02 17:35:07,2026-05-04 16:25:00,Hanford,1,2026-05-05 06:51:57
Priest Rapids Tailrace CHN,2,G722F22E6,2026-05-06 18:11:46,2026-05-09 16:31:00,Crescent Bar,0,
Priest Rapids Tailrace CHN,2,G722F22E6,2026-05-06 18:11:46,2026-05-09 16:31:00,Sunland,0,
Priest Rapids Tailrace CHN,2,G722F22E6,2026-05-06 18:11:46,2026-05-09 16:31:00,Wanapum BRZ,0,
Priest Rapids Tailrace CHN,2,G722F22E6,2026-05-06 18:11:46,2026-05-09 16:31:00,Mattawa,0,
Priest Rapids Tailrace CHN,2,G722F22E6,2026-05-06 18:11:46,2026-05-09 16:31:00,Priest BRZ,0,
Priest Rapids Tailrace CHN,2,G722F22E6,2026-05-06 18:11:46,2026-05-09 16:31:00,Lower Ringold,1,2026-05-12 04:53:44
Priest Rapids Tailrace CHN,2,G722F22E6,2026-05-06 18:11:46,2026-05-09 16:31:00,Hanford,1,2026-05-12 07:58:28
Priest Rapids Tailrace CHN,1,G722F5860,2026-05-04 17:45:10,2026-05-06 16:47:00,Crescent Bar,0,
Priest Rapids Tailrace CHN,1,G722F5860,2026-05-04 17:45:10,2026-05-06 16:47:00,Sunland,0,
Priest Rapids Tailrace CHN,1,G722F5860,2026-05-04 17:45:10,2026-05-06 16:47:00,Wanapum BRZ,0,
Priest Rapids Tailrace CHN,1,G722F5860,2026-05-04 17:45:10,2026-05-06 16:47:00,Mattawa,0,
Priest Rapids Tailrace CHN,1,G722F5860,2026-05-04 17:45:10,2026-05-06 16:47:00,Priest BRZ,0,
Priest Rapids Tailrace CHN,1,G722F5860,2026-05-04 17:45:10,2026-05-06 16:47:00,Lower Ringold,1,2026-05-07 09:40:21
Priest Rapids Tailrace CHN,1,G722F5860,2026-05-04 17:45:10,2026-05-06 16:47:00,Hanford,1,2026-05-07 12:24:21
Priest Rapids Tailrace CHN,1,G7230316D,2026-05-02 17:44:56,2026-05-04 16:25:00,Crescent Bar,0,
Priest Rapids Tailrace CHN,1,G7230316D,2026-05-02 17:44:56,2026-05-04 16:25:00,Sunland,0,
Priest Rapids Tailrace CHN,1,G7230316D,2026-05-02 17:44:56,2026-05-04 16:25:00,Wanapum BRZ,0,
Priest Rapids Tailrace CHN,1,G7230316D,2026-05-02 17:44:56,2026-05-04 16:25:00,Mattawa,0,
Priest Rapids Tailrace CHN,1,G7230316D,2026-05-02 17:44:56,2026-05-04 16:25:00,Priest BRZ,0,
Priest Rapids Tailrace CHN,1,G7230316D,2026-05-02 17:44:56,2026-05-04 16:25:00,Lower Ringold,1,2026-05-05 06:05:32
Priest Rapids Tailrace CHN,1,G7230316D,2026-05-02 17:44:56,2026-05-04 16:25:00,Hanford,1,2026-05-05 09:22:38
Priest Rapids Tailrace CHN,2,G7230A022,2026-05-01 17:32:57,2026-05-03 16:31:00,Crescent Bar,0,
Priest Rapids Tailrace CHN,2,G7230A022,2026-05-01 17:32:57,2026-05-03 16:31:00,Sunland,0,
Priest Rapids Tailrace CHN,2,G7230A022,2026-05-01 17:32:57,2026-05-03 16:31:00,Wanapum BRZ,0,
Priest Rapids Tailrace CHN,2,G7230A022,2026-05-01 17:32:57,2026-05-03 16:31:00,Mattawa,0,
Priest Rapids Tailrace CHN,2,G7230A022,2026-05-01 17:32:57,2026-05-03 16:31:00,Priest BRZ,0,
Priest Rapids Tailrace CHN,2,G7230A022,2026-05-01 17:32:57,2026-05-03 16:31:00,Lower Ringold,0,
Priest Rapids Tailrace CHN,2,G7230A022,2026-05-01 17:32:57,2026-05-03 16:31:00,Hanford,0,
Priest Rapids Tailrace CHN,1,G7233A6AA,2026-05-07 17:22:09,2026-05-09 16:31:00,Crescent Bar,0,
Priest Rapids Tailrace CHN,1,G7233A6AA,2026-05-07 17:22:09,2026-05-09 16:31:00,Sunland,0,
Priest Rapids Tailrace CHN,1,G7233A6AA,2026-05-07 17:22:09,2026-05-09 16:31:00,Wanapum BRZ,0,
Priest Rapids Tailrace CHN,1,G7233A6AA,2026-05-07 17:22:09,2026-05-09 16:31:00,Mattawa,0,
Priest Rapids Tailrace CHN,1,G7233A6AA,2026-05-07 17:22:09,2026-05-09 16:31:00,Priest BRZ,0,
Priest Rapids Tailrace CHN,1,G7233A6AA,2026-05-07 17:22:09,2026-05-09 16:31:00,Lower Ringold,1,2026-05-12 04:23:43
Priest Rapids Tailrace CHN,1,G7233A6AA,2026-05-07 17:22:09,2026-05-09 16:31:00,Hanford,1,2026-05-12 08:13:36
Priest Rapids Tailrace CHN,1,G7233AA09,2026-05-05 16:39:56,2026-05-07 16:28:00,Crescent Bar,0,
Priest Rapids Tailrace CHN,1,G7233AA09,2026-05-05 16:39:56,2026-05-07 16:28:00,Sunland,0,
Priest Rapids Tailrace CHN,1,G7233AA09,2026-05-05 16:39:56,2026-05-07 16:28:00,Wanapum BRZ,0,
Priest Rapids Tailrace CHN,1,G7233AA09,2026-05-05 16:39:56,2026-05-07 16:28:00,Mattawa,0,
Priest Rapids Tailrace CHN,1,G7233AA09,2026-05-05 16:39:56,2026-05-07 16:28:00,Priest BRZ,0,
Priest Rapids Tailrace CHN,1,G7233AA09,2026-05-05 16:39:56,2026-05-07 16:28:00,Lower Ringold,1,2026-05-08 08:44:44
Priest Rapids Tailrace CHN,1,G7233AA09,2026-05-05 16:39:56,2026-05-07 16:28:00,Hanford,1,2026-05-08 12:16:11
Priest Rapids Tailrace CHN,1,G7233F72F,2026-05-07 17:17:36,2026-05-09 16:31:00,Crescent Bar,0,
Priest Rapids Tailrace CHN,1,G7233F72F,2026-05-07 17:17:36,2026-05-09 16:31:00,Sunland,0,
Priest Rapids Tailrace CHN,1,G7233F72F,2026-05-07 17:17:36,2026-05-09 16:31:00,Wanapum BRZ,0,
Priest Rapids Tailrace CHN,1,G7233F72F,2026-05-07 17:17:36,2026-05-09 16:31:00,Mattawa,0,
Priest Rapids Tailrace CHN,1,G7233F72F,2026-05-07 17:17:36,2026-05-09 16:31:00,Priest BRZ,0,
Priest Rapids Tailrace CHN,1,G7233F72F,2026-05-07 17:17:36,2026-05-09 16:31:00,Lower Ringold,1,2026-05-10 11:26:27
Priest Rapids Tailrace CHN,1,G7233F72F,2026-05-07 17:17:36,2026-05-09 16:31:00,Hanford,1,2026-05-10 14:53:00
Priest Rapids Tailrace CHN,1,G72340354,2026-05-02 17:55:50,2026-05-04 16:25:00,Crescent Bar,0,
Priest Rapids Tailrace CHN,1,G72340354,2026-05-02 17:55:50,2026-05-04 16:25:00,Sunland,0,
Priest Rapids Tailrace CHN,1,G72340354,2026-05-02 17:55:50,2026-05-04 16:25:00,Wanapum BRZ,0,
Priest Rapids Tailrace CHN,1,G72340354,2026-05-02 17:55:50,2026-05-04 16:25:00,Mattawa,0,
Priest Rapids Tailrace CHN,1,G72340354,2026-05-02 17:55:50,2026-05-04 16:25:00,Priest BRZ,0,
Priest Rapids Tailrace CHN,1,G72340354,2026-05-02 17:55:50,2026-05-04 16:25:00,Lower Ringold,1,2026-05-05 18:31:01
Priest Rapids Tailrace CHN,1,G72340354,2026-05-02 17:55:50,2026-05-04 16:25:00,Hanford,1,2026-05-05 22:40:25
Priest Rapids Tailrace CHN,2,G7234B707,2026-05-03 18:40:57,2026-05-05 17:13:00,Crescent Bar,0,
Priest Rapids Tailrace CHN,2,G7234B707,2026-05-03 18:40:57,2026-05-05 17:13:00,Sunland,0,
Priest Rapids Tailrace CHN,2,G7234B707,2026-05-03 18:40:57,2026-05-05 17:13:00,Wanapum BRZ,0,
Priest Rapids Tailrace CHN,2,G7234B707,2026-05-03 18:40:57,2026-05-05 17:13:00,Mattawa,0,
Priest Rapids Tailrace CHN,2,G7234B707,2026-05-03 18:40:57,2026-05-05 17:13:00,Priest BRZ,0,
Priest Rapids Tailrace CHN,2,G7234B707,2026-05-03 18:40:57,2026-05-05 17:13:00,Lower Ringold,1,2026-05-06 07:43:01
Priest Rapids Tailrace CHN,2,G7234B707,2026-05-03 18:40:57,2026-05-05 17:13:00,Hanford,1,2026-05-06 11:40:08
Priest Rapids Tailrace CHN,3,G7234CD81,2026-05-03 18:29:20,2026-05-05 17:13:00,Crescent Bar,0,
Priest Rapids Tailrace CHN,3,G7234CD81,2026-05-03 18:29:20,2026-05-05 17:13:00,Sunland,0,
Priest Rapids Tailrace CHN,3,G7234CD81,2026-05-03 18:29:20,2026-05-05 17:13:00,Wanapum BRZ,0,
Priest Rapids Tailrace CHN,3,G7234CD81,2026-05-03 18:29:20,2026-05-05 17:13:00,Mattawa,0,
Priest Rapids Tailrace CHN,3,G7234CD81,2026-05-03 18:29:20,2026-05-05 17:13:00,Priest BRZ,0,
Priest Rapids Tailrace CHN,3,G7234CD81,2026-05-03 18:29:20,2026-05-05 17:13:00,Lower Ringold,0,
Priest Rapids Tailrace CHN,3,G7234CD81,2026-05-03 18:29:20,2026-05-05 17:13:00,Hanford,0,
Priest Rapids Tailrace CHN,3,G7234D762,2026-05-07 17:28:59,2026-05-09 16:31:00,Crescent Bar,0,
Priest Rapids Tailrace CHN,3,G7234D762,2026-05-07 17:28:59,2026-05-09 16:31:00,Sunland,0,
Priest Rapids Tailrace CHN,3,G7234D762,2026-05-07 17:28:59,2026-05-09 16:31:00,Wanapum BRZ,0,
Priest Rapids Tailrace CHN,3,G7234D762,2026-05-07 17:28:59,2026-05-09 16:31:00,Mattawa,0,
Priest Rapids Tailrace CHN,3,G7234D762,2026-05-07 17:28:59,2026-05-09 16:31:00,Priest BRZ,0,
Priest Rapids Tailrace CHN,3,G7234D762,2026-05-07 17:28:59,2026-05-09 16:31:00,Lower Ringold,1,2026-05-10 05:18:27
Priest Rapids Tailrace CHN,3,G7234D762,2026-05-07 17:28:59,2026-05-09 16:31:00,Hanford,1,2026-05-10 08:21:43
Priest Rapids Tailrace CHN,2,G72382D25,2026-05-01 17:34:40,2026-05-03 16:31:00,Crescent Bar,0,
Priest Rapids Tailrace CHN,2,G72382D25,2026-05-01 17:34:40,2026-05-03 16:31:00,Sunland,0,
Priest Rapids Tailrace CHN,2,G72382D25,2026-05-01 17:34:40,2026-05-03 16:31:00,Wanapum BRZ,0,
Priest Rapids Tailrace CHN,2,G72382D25,2026-05-01 17:34:40,2026-05-03 16:31:00,Mattawa,0,
Priest Rapids Tailrace CHN,2,G72382D25,2026-05-01 17:34:40,2026-05-03 16:31:00,Priest BRZ,0,
Priest Rapids Tailrace CHN,2,G72382D25,2026-05-01 17:34:40,2026-05-03 16:31:00,Lower Ringold,1,2026-05-06 07:59:05
Priest Rapids Tailrace CHN,2,G72382D25,2026-05-01 17:34:40,2026-05-03 16:31:00,Hanford,1,2026-05-06 12:11:02
Priest Rapids Tailrace CHN,2,G72386BBE,2026-05-01 17:35:10,2026-05-03 16:31:00,Crescent Bar,0,
Priest Rapids Tailrace CHN,2,G72386BBE,2026-05-01 17:35:10,2026-05-03 16:31:00,Sunland,0,
Priest Rapids Tailrace CHN,2,G72386BBE,2026-05-01 17:35:10,2026-05-03 16:31:00,Wanapum BRZ,0,
Priest Rapids Tailrace CHN,2,G72386BBE,2026-05-01 17:35:10,2026-05-03 16:31:00,Mattawa,0,
Priest Rapids Tailrace CHN,2,G72386BBE,2026-05-01 17:35:10,2026-05-03 16:31:00,Priest BRZ,0,
Priest Rapids Tailrace CHN,2,G72386BBE,2026-05-01 17:35:10,2026-05-03 16:31:00,Lower Ringold,1,2026-05-04 05:59:15
Priest Rapids Tailrace CHN,2,G72386BBE,2026-05-01 17:35:10,2026-05-03 16:31:00,Hanford,1,2026-05-04 09:08:58
Priest Rapids Tailrace CHN,2,G7238D1F2,2026-05-06 18:13:04,2026-05-09 16:31:00,Crescent Bar,0,
Priest Rapids Tailrace CHN,2,G7238D1F2,2026-05-06 18:13:04,2026-05-09 16:31:00,Sunland,0,
Priest Rapids Tailrace CHN,2,G7238D1F2,2026-05-06 18:13:04,2026-05-09 16:31:00,Wanapum BRZ,0,
Priest Rapids Tailrace CHN,2,G7238D1F2,2026-05-06 18:13:04,2026-05-09 16:31:00,Mattawa,0,
Priest Rapids Tailrace CHN,2,G7238D1F2,2026-05-06 18:13:04,2026-05-09 16:31:00,Priest BRZ,0,
Priest Rapids Tailrace CHN,2,G7238D1F2,2026-05-06 18:13:04,2026-05-09 16:31:00,Lower Ringold,1,2026-05-10 12:38:16
Priest Rapids Tailrace CHN,2,G7238D1F2,2026-05-06 18:13:04,2026-05-09 16:31:00,Hanford,1,2026-05-10 16:38:06
Priest Rapids Tailrace CHN,2,G723A2694,2026-05-07 17:31:10,2026-05-09 16:31:00,Crescent Bar,0,
Priest Rapids Tailrace CHN,2,G723A2694,2026-05-07 17:31:10,2026-05-09 16:31:00,Sunland,0,
Priest Rapids Tailrace CHN,2,G723A2694,2026-05-07 17:31:10,2026-05-09 16:31:00,Wanapum BRZ,0,
Priest Rapids Tailrace CHN,2,G723A2694,2026-05-07 17:31:10,2026-05-09 16:31:00,Mattawa,0,
Priest Rapids Tailrace CHN,2,G723A2694,2026-05-07 17:31:10,2026-05-09 16:31:00,Priest BRZ,0,
Priest Rapids Tailrace CHN,2,G723A2694,2026-05-07 17:31:10,2026-05-09 16:31:00,Lower Ringold,0,
Priest Rapids Tailrace CHN,2,G723A2694,2026-05-07 17:31:10,2026-05-09 16:31:00,Hanford,0,
Priest Rapids Tailrace CHN,3,G723AD45C,2026-05-08 17:07:22,2026-05-10 16:20:00,Crescent Bar,0,
Priest Rapids Tailrace CHN,3,G723AD45C,2026-05-08 17:07:22,2026-05-10 16:20:00,Sunland,0,
Priest Rapids Tailrace CHN,3,G723AD45C,2026-05-08 17:07:22,2026-05-10 16:20:00,Wanapum BRZ,0,
Priest Rapids Tailrace CHN,3,G723AD45C,2026-05-08 17:07:22,2026-05-10 16:20:00,Mattawa,0,
Priest Rapids Tailrace CHN,3,G723AD45C,2026-05-08 17:07:22,2026-05-10 16:20:00,Priest BRZ,0,
Priest Rapids Tailrace CHN,3,G723AD45C,2026-05-08 17:07:22,2026-05-10 16:20:00,Lower Ringold,1,2026-05-11 04:25:56
Priest Rapids Tailrace CHN,3,G723AD45C,2026-05-08 17:07:22,2026-05-10 16:20:00,Hanford,1,2026-05-11 13:34:14
Priest Rapids Tailrace CHN,3,G723ADA43,2026-05-04 17:59:41,2026-05-06 16:47:00,Crescent Bar,0,
Priest Rapids Tailrace CHN,3,G723ADA43,2026-05-04 17:59:41,2026-05-06 16:47:00,Sunland,0,
Priest Rapids Tailrace CHN,3,G723ADA43,2026-05-04 17:59:41,2026-05-06 16:47:00,Wanapum BRZ,0,
Priest Rapids Tailrace CHN,3,G723ADA43,2026-05-04 17:59:41,2026-05-06 16:47:00,Mattawa,0,
Priest Rapids Tailrace CHN,3,G723ADA43,2026-05-04 17:59:41,2026-05-06 16:47:00,Priest BRZ,0,
Priest Rapids Tailrace CHN,3,G723ADA43,2026-05-04 17:59:41,2026-05-06 16:47:00,Lower Ringold,1,2026-05-12 04:08:31
Priest Rapids Tailrace CHN,3,G723ADA43,2026-05-04 17:59:41,2026-05-06 16:47:00,Hanford,1,2026-05-13 00:58:04
Priest Rapids Tailrace CHN,1,G723D8914,2026-05-08 20:00:19,2026-05-10 16:20:00,Crescent Bar,0,
Priest Rapids Tailrace CHN,1,G723D8914,2026-05-08 20:00:19,2026-05-10 16:20:00,Sunland,0,
Priest Rapids Tailrace CHN,1,G723D8914,2026-05-08 20:00:19,2026-05-10 16:20:00,Wanapum BRZ,0,
Priest Rapids Tailrace CHN,1,G723D8914,2026-05-08 20:00:19,2026-05-10 16:20:00,Mattawa,0,
Priest Rapids Tailrace CHN,1,G723D8914,2026-05-08 20:00:19,2026-05-10 16:20:00,Priest BRZ,0,
Priest Rapids Tailrace CHN,1,G723D8914,2026-05-08 20:00:19,2026-05-10 16:20:00,Lower Ringold,1,2026-05-11 16:32:32
Priest Rapids Tailrace CHN,1,G723D8914,2026-05-08 20:00:19,2026-05-10 16:20:00,Hanford,1,2026-05-11 20:27:27
Priest Rapids Tailrace CHN,1,G723DD053,2026-05-03 18:39:32,2026-05-05 17:13:00,Crescent Bar,0,
Priest Rapids Tailrace CHN,1,G723DD053,2026-05-03 18:39:32,2026-05-05 17:13:00,Sunland,0,
Priest Rapids Tailrace CHN,1,G723DD053,2026-05-03 18:39:32,2026-05-05 17:13:00,Wanapum BRZ,0,
Priest Rapids Tailrace CHN,1,G723DD053,2026-05-03 18:39:32,2026-05-05 17:13:00,Mattawa,0,
Priest Rapids Tailrace CHN,1,G723DD053,2026-05-03 18:39:32,2026-05-05 17:13:00,Priest BRZ,0,
Priest Rapids Tailrace CHN,1,G723DD053,2026-05-03 18:39:32,2026-05-05 17:13:00,Lower Ringold,1,2026-05-06 17:16:28
Priest Rapids Tailrace CHN,1,G723DD053,2026-05-03 18:39:32,2026-05-05 17:13:00,Hanford,1,2026-05-07 12:58:28
Priest Rapids Tailrace CHN,3,G723EEC1B,2026-05-05 16:51:10,2026-05-07 16:28:00,Crescent Bar,0,
Priest Rapids Tailrace CHN,3,G723EEC1B,2026-05-05 16:51:10,2026-05-07 16:28:00,Sunland,0,
Priest Rapids Tailrace CHN,3,G723EEC1B,2026-05-05 16:51:10,2026-05-07 16:28:00,Wanapum BRZ,0,
Priest Rapids Tailrace CHN,3,G723EEC1B,2026-05-05 16:51:10,2026-05-07 16:28:00,Mattawa,0,
Priest Rapids Tailrace CHN,3,G723EEC1B,2026-05-05 16:51:10,2026-05-07 16:28:00,Priest BRZ,0,
Priest Rapids Tailrace CHN,3,G723EEC1B,2026-05-05 16:51:10,2026-05-07 16:28:00,Lower Ringold,0,
Priest Rapids Tailrace CHN,3,G723EEC1B,2026-05-05 16:51:10,2026-05-07 16:28:00,Hanford,0,
Priest Rapids Tailrace CHN,2,G723F7F2C,2026-05-06 17:56:38,2026-05-09 16:31:00,Crescent Bar,0,
Priest Rapids Tailrace CHN,2,G723F7F2C,2026-05-06 17:56:38,2026-05-09 16:31:00,Sunland,0,
Priest Rapids Tailrace CHN,2,G723F7F2C,2026-05-06 17:56:38,2026-05-09 16:31:00,Wanapum BRZ,0,
Priest Rapids Tailrace CHN,2,G723F7F2C,2026-05-06 17:56:38,2026-05-09 16:31:00,Mattawa,0,
Priest Rapids Tailrace CHN,2,G723F7F2C,2026-05-06 17:56:38,2026-05-09 16:31:00,Priest BRZ,0,
Priest Rapids Tailrace CHN,2,G723F7F2C,2026-05-06 17:56:38,2026-05-09 16:31:00,Lower Ringold,1,2026-05-10 06:11:19
Priest Rapids Tailrace CHN,2,G723F7F2C,2026-05-06 17:56:38,2026-05-09 16:31:00,Hanford,1,2026-05-10 09:36:06
Priest Rapids Tailrace CHN,2,G72416C39,2026-05-02 17:43:38,2026-05-04 16:25:00,Crescent Bar,0,
Priest Rapids Tailrace CHN,2,G72416C39,2026-05-02 17:43:38,2026-05-04 16:25:00,Sunland,0,
Priest Rapids Tailrace CHN,2,G72416C39,2026-05-02 17:43:38,2026-05-04 16:25:00,Wanapum BRZ,0,
Priest Rapids Tailrace CHN,2,G72416C39,2026-05-02 17:43:38,2026-05-04 16:25:00,Mattawa,0,
Priest Rapids Tailrace CHN,2,G72416C39,2026-05-02 17:43:38,2026-05-04 16:25:00,Priest BRZ,0,
Priest Rapids Tailrace CHN,2,G72416C39,2026-05-02 17:43:38,2026-05-04 16:25:00,Lower Ringold,1,2026-05-05 05:13:56
Priest Rapids Tailrace CHN,2,G72416C39,2026-05-02 17:43:38,2026-05-04 16:25:00,Hanford,1,2026-05-05 07:56:12
Priest Rapids Tailrace CHN,2,G7242BBB8,2026-05-04 18:00:24,2026-05-06 16:47:00,Crescent Bar,0,
Priest Rapids Tailrace CHN,2,G7242BBB8,2026-05-04 18:00:24,2026-05-06 16:47:00,Sunland,0,
Priest Rapids Tailrace CHN,2,G7242BBB8,2026-05-04 18:00:24,2026-05-06 16:47:00,Wanapum BRZ,0,
Priest Rapids Tailrace CHN,2,G7242BBB8,2026-05-04 18:00:24,2026-05-06 16:47:00,Mattawa,0,
Priest Rapids Tailrace CHN,2,G7242BBB8,2026-05-04 18:00:24,2026-05-06 16:47:00,Priest BRZ,0,
Priest Rapids Tailrace CHN,2,G7242BBB8,2026-05-04 18:00:24,2026-05-06 16:47:00,Lower Ringold,1,2026-05-08 02:34:16
Priest Rapids Tailrace CHN,2,G7242BBB8,2026-05-04 18:00:24,2026-05-06 16:47:00,Hanford,1,2026-05-08 16:34:46
Priest Rapids Tailrace CHN,2,G7242C9FC,2026-05-05 16:57:29,2026-05-07 16:28:00,Crescent Bar,0,
Priest Rapids Tailrace CHN,2,G7242C9FC,2026-05-05 16:57:29,2026-05-07 16:28:00,Sunland,0,
Priest Rapids Tailrace CHN,2,G7242C9FC,2026-05-05 16:57:29,2026-05-07 16:28:00,Wanapum BRZ,0,
Priest Rapids Tailrace CHN,2,G7242C9FC,2026-05-05 16:57:29,2026-05-07 16:28:00,Mattawa,0,
Priest Rapids Tailrace CHN,2,G7242C9FC,2026-05-05 16:57:29,2026-05-07 16:28:00,Priest BRZ,0,
Priest Rapids Tailrace CHN,2,G7242C9FC,2026-05-05 16:57:29,2026-05-07 16:28:00,Lower Ringold,1,2026-05-08 06:27:44
Priest Rapids Tailrace CHN,2,G7242C9FC,2026-05-05 16:57:29,2026-05-07 16:28:00,Hanford,1,2026-05-08 09:17:45
Priest Rapids Tailrace CHN,2,G7242FEC1,2026-05-02 17:49:00,2026-05-04 16:25:00,Crescent Bar,0,
Priest Rapids Tailrace CHN,2,G7242FEC1,2026-05-02 17:49:00,2026-05-04 16:25:00,Sunland,0,
Priest Rapids Tailrace CHN,2,G7242FEC1,2026-05-02 17:49:00,2026-05-04 16:25:00,Wanapum BRZ,0,
Priest Rapids Tailrace CHN,2,G7242FEC1,2026-05-02 17:49:00,2026-05-04 16:25:00,Mattawa,0,
Priest Rapids Tailrace CHN,2,G7242FEC1,2026-05-02 17:49:00,2026-05-04 16:25:00,Priest BRZ,0,
Priest Rapids Tailrace CHN,2,G7242FEC1,2026-05-02 17:49:00,2026-05-04 16:25:00,Lower Ringold,0,
Priest Rapids Tailrace CHN,2,G7242FEC1,2026-05-02 17:49:00,2026-05-04 16:25:00,Hanford,0,
Priest Rapids Tailrace CHN,2,G7243242C,2026-05-05 16:54:27,2026-05-07 16:28:00,Crescent Bar,0,
Priest Rapids Tailrace CHN,2,G7243242C,2026-05-05 16:54:27,2026-05-07 16:28:00,Sunland,0,
Priest Rapids Tailrace CHN,2,G7243242C,2026-05-05 16:54:27,2026-05-07 16:28:00,Wanapum BRZ,0,
Priest Rapids Tailrace CHN,2,G7243242C,2026-05-05 16:54:27,2026-05-07 16:28:00,Mattawa,0,
Priest Rapids Tailrace CHN,2,G7243242C,2026-05-05 16:54:27,2026-05-07 16:28:00,Priest BRZ,0,
Priest Rapids Tailrace CHN,2,G7243242C,2026-05-05 16:54:27,2026-05-07 16:28:00,Lower Ringold,0,
Priest Rapids Tailrace CHN,2,G7243242C,2026-05-05 16:54:27,2026-05-07 16:28:00,Hanford,0,
Priest Rapids Tailrace CHN,2,G72436B2B,2026-05-04 17:59:08,2026-05-06 16:47:00,Crescent Bar,0,
Priest Rapids Tailrace CHN,2,G72436B2B,2026-05-04 17:59:08,2026-05-06 16:47:00,Sunland,0,
Priest Rapids Tailrace CHN,2,G72436B2B,2026-05-04 17:59:08,2026-05-06 16:47:00,Wanapum BRZ,0,
Priest Rapids Tailrace CHN,2,G72436B2B,2026-05-04 17:59:08,2026-05-06 16:47:00,Mattawa,0,
Priest Rapids Tailrace CHN,2,G72436B2B,2026-05-04 17:59:08,2026-05-06 16:47:00,Priest BRZ,0,
Priest Rapids Tailrace CHN,2,G72436B2B,2026-05-04 17:59:08,2026-05-06 16:47:00,Lower Ringold,0,
Priest Rapids Tailrace CHN,2,G72436B2B,2026-05-04 17:59:08,2026-05-06 16:47:00,Hanford,0,
Priest Rapids Tailrace CHN,2,G72455520,2026-05-02 17:51:30,2026-05-04 16:25:00,Crescent Bar,0,
Priest Rapids Tailrace CHN,2,G72455520,2026-05-02 17:51:30,2026-05-04 16:25:00,Sunland,0,
Priest Rapids Tailrace CHN,2,G72455520,2026-05-02 17:51:30,2026-05-04 16:25:00,Wanapum BRZ,0,
Priest Rapids Tailrace CHN,2,G72455520,2026-05-02 17:51:30,2026-05-04 16:25:00,Mattawa,0,
Priest Rapids Tailrace CHN,2,G72455520,2026-05-02 17:51:30,2026-05-04 16:25:00,Priest BRZ,0,
Priest Rapids Tailrace CHN,2,G72455520,2026-05-02 17:51:30,2026-05-04 16:25:00,Lower Ringold,1,2026-05-07 21:38:32
Priest Rapids Tailrace CHN,2,G72455520,2026-05-02 17:51:30,2026-05-04 16:25:00,Hanford,1,2026-05-10 20:13:47
Priest Rapids Tailrace CHN,2,G72470CF6,2026-05-03 18:46:53,2026-05-05 17:13:00,Crescent Bar,0,
Priest Rapids Tailrace CHN,2,G72470CF6,2026-05-03 18:46:53,2026-05-05 17:13:00,Sunland,0,
Priest Rapids Tailrace CHN,2,G72470CF6,2026-05-03 18:46:53,2026-05-05 17:13:00,Wanapum BRZ,0,
Priest Rapids Tailrace CHN,2,G72470CF6,2026-05-03 18:46:53,2026-05-05 17:13:00,Mattawa,0,
Priest Rapids Tailrace CHN,2,G72470CF6,2026-05-03 18:46:53,2026-05-05 17:13:00,Priest BRZ,0,
Priest Rapids Tailrace CHN,2,G72470CF6,2026-05-03 18:46:53,2026-05-05 17:13:00,Lower Ringold,1,2026-05-07 03:05:18
Priest Rapids Tailrace CHN,2,G72470CF6,2026-05-03 18:46:53,2026-05-05 17:13:00,Hanford,1,2026-05-07 06:10:14
Priest Rapids Tailrace CHN,3,G72480572,2026-05-08 16:59:26,2026-05-10 16:20:00,Crescent Bar,0,
Priest Rapids Tailrace CHN,3,G72480572,2026-05-08 16:59:26,2026-05-10 16:20:00,Sunland,0,
Priest Rapids Tailrace CHN,3,G72480572,2026-05-08 16:59:26,2026-05-10 16:20:00,Wanapum BRZ,0,
Priest Rapids Tailrace CHN,3,G72480572,2026-05-08 16:59:26,2026-05-10 16:20:00,Mattawa,0,
Priest Rapids Tailrace CHN,3,G72480572,2026-05-08 16:59:26,2026-05-10 16:20:00,Priest BRZ,0,
Priest Rapids Tailrace CHN,3,G72480572,2026-05-08 16:59:26,2026-05-10 16:20:00,Lower Ringold,1,2026-05-12 00:18:27
Priest Rapids Tailrace CHN,3,G72480572,2026-05-08 16:59:26,2026-05-10 16:20:00,Hanford,1,2026-05-12 18:36:46
Priest Rapids Tailrace CHN,3,G724842B7,2026-05-06 17:54:24,2026-05-09 16:31:00,Crescent Bar,0,
Priest Rapids Tailrace CHN,3,G724842B7,2026-05-06 17:54:24,2026-05-09 16:31:00,Sunland,0,
Priest Rapids Tailrace CHN,3,G724842B7,2026-05-06 17:54:24,2026-05-09 16:31:00,Wanapum BRZ,0,
Priest Rapids Tailrace CHN,3,G724842B7,2026-05-06 17:54:24,2026-05-09 16:31:00,Mattawa,0,
Priest Rapids Tailrace CHN,3,G724842B7,2026-05-06 17:54:24,2026-05-09 16:31:00,Priest BRZ,0,
Priest Rapids Tailrace CHN,3,G724842B7,2026-05-06 17:54:24,2026-05-09 16:31:00,Lower Ringold,1,2026-05-10 09:20:41
Priest Rapids Tailrace CHN,3,G724842B7,2026-05-06 17:54:24,2026-05-09 16:31:00,Hanford,1,2026-05-10 12:10:30
Priest Rapids Tailrace CHN,2,G7249A9BA,2026-05-02 17:52:38,2026-05-04 16:25:00,Crescent Bar,0,
Priest Rapids Tailrace CHN,2,G7249A9BA,2026-05-02 17:52:38,2026-05-04 16:25:00,Sunland,0,
Priest Rapids Tailrace CHN,2,G7249A9BA,2026-05-02 17:52:38,2026-05-04 16:25:00,Wanapum BRZ,0,
Priest Rapids Tailrace CHN,2,G7249A9BA,2026-05-02 17:52:38,2026-05-04 16:25:00,Mattawa,0,
Priest Rapids Tailrace CHN,2,G7249A9BA,2026-05-02 17:52:38,2026-05-04 16:25:00,Priest BRZ,0,
Priest Rapids Tailrace CHN,2,G7249A9BA,2026-05-02 17:52:38,2026-05-04 16:25:00,Lower Ringold,1,2026-05-05 02:48:28
Priest Rapids Tailrace CHN,2,G7249A9BA,2026-05-02 17:52:38,2026-05-04 16:25:00,Hanford,1,2026-05-05 05:48:34
Priest Rapids Tailrace CHN,2,G724AC016,2026-05-06 17:55:00,2026-05-09 16:31:00,Crescent Bar,0,
Priest Rapids Tailrace CHN,2,G724AC016,2026-05-06 17:55:00,2026-05-09 16:31:00,Sunland,0,
Priest Rapids Tailrace CHN,2,G724AC016,2026-05-06 17:55:00,2026-05-09 16:31:00,Wanapum BRZ,0,
Priest Rapids Tailrace CHN,2,G724AC016,2026-05-06 17:55:00,2026-05-09 16:31:00,Mattawa,0,
Priest Rapids Tailrace CHN,2,G724AC016,2026-05-06 17:55:00,2026-05-09 16:31:00,Priest BRZ,0,
Priest Rapids Tailrace CHN,2,G724AC016,2026-05-06 17:55:00,2026-05-09 16:31:00,Lower Ringold,1,2026-05-10 07:15:08
Priest Rapids Tailrace CHN,2,G724AC016,2026-05-06 17:55:00,2026-05-09 16:31:00,Hanford,1,2026-05-10 10:10:14
Priest Rapids Tailrace CHN,2,G724B3599,2026-05-03 18:35:29,2026-05-05 17:13:00,Crescent Bar,0,
Priest Rapids Tailrace CHN,2,G724B3599,2026-05-03 18:35:29,2026-05-05 17:13:00,Sunland,0,
Priest Rapids Tailrace CHN,2,G724B3599,2026-05-03 18:35:29,2026-05-05 17:13:00,Wanapum BRZ,0,
Priest Rapids Tailrace CHN,2,G724B3599,2026-05-03 18:35:29,2026-05-05 17:13:00,Mattawa,0,
Priest Rapids Tailrace CHN,2,G724B3599,2026-05-03 18:35:29,2026-05-05 17:13:00,Priest BRZ,0,
Priest Rapids Tailrace CHN,2,G724B3599,2026-05-03 18:35:29,2026-05-05 17:13:00,Lower Ringold,1,2026-05-06 09:30:34
Priest Rapids Tailrace CHN,2,G724B3599,2026-05-03 18:35:29,2026-05-05 17:13:00,Hanford,1,2026-05-06 12:36:55
Priest Rapids Tailrace CHN,2,G724D88FC,2026-05-03 18:27:30,2026-05-05 17:13:00,Crescent Bar,0,
Priest Rapids Tailrace CHN,2,G724D88FC,2026-05-03 18:27:30,2026-05-05 17:13:00,Sunland,0,
Priest Rapids Tailrace CHN,2,G724D88FC,2026-05-03 18:27:30,2026-05-05 17:13:00,Wanapum BRZ,0,
Priest Rapids Tailrace CHN,2,G724D88FC,2026-05-03 18:27:30,2026-05-05 17:13:00,Mattawa,0,
Priest Rapids Tailrace CHN,2,G724D88FC,2026-05-03 18:27:30,2026-05-05 17:13:00,Priest BRZ,0,
Priest Rapids Tailrace CHN,2,G724D88FC,2026-05-03 18:27:30,2026-05-05 17:13:00,Lower Ringold,1,2026-05-06 16:00:53
Priest Rapids Tailrace CHN,2,G724D88FC,2026-05-03 18:27:30,2026-05-05 17:13:00,Hanford,1,2026-05-06 19:25:34
Priest Rapids Tailrace CHN,2,G724DCD85,2026-05-08 16:59:57,2026-05-10 16:20:00,Crescent Bar,0,
Priest Rapids Tailrace CHN,2,G724DCD85,2026-05-08 16:59:57,2026-05-10 16:20:00,Sunland,0,
Priest Rapids Tailrace CHN,2,G724DCD85,2026-05-08 16:59:57,2026-05-10 16:20:00,Wanapum BRZ,0,
Priest Rapids Tailrace CHN,2,G724DCD85,2026-05-08 16:59:57,2026-05-10 16:20:00,Mattawa,0,
Priest Rapids Tailrace CHN,2,G724DCD85,2026-05-08 16:59:57,2026-05-10 16:20:00,Priest BRZ,0,
Priest Rapids Tailrace CHN,2,G724DCD85,2026-05-08 16:59:57,2026-05-10 16:20:00,Lower Ringold,1,2026-05-11 14:22:08
Priest Rapids Tailrace CHN,2,G724DCD85,2026-05-08 16:59:57,2026-05-10 16:20:00,Hanford,1,2026-05-12 07:04:47
Priest Rapids Tailrace CHN,2,G724E1E65,2026-05-05 16:59:45,2026-05-07 16:28:00,Crescent Bar,0,
Priest Rapids Tailrace CHN,2,G724E1E65,2026-05-05 16:59:45,2026-05-07 16:28:00,Sunland,0,
Priest Rapids Tailrace CHN,2,G724E1E65,2026-05-05 16:59:45,2026-05-07 16:28:00,Wanapum BRZ,0,
Priest Rapids Tailrace CHN,2,G724E1E65,2026-05-05 16:59:45,2026-05-07 16:28:00,Mattawa,0,
Priest Rapids Tailrace CHN,2,G724E1E65,2026-05-05 16:59:45,2026-05-07 16:28:00,Priest BRZ,0,
Priest Rapids Tailrace CHN,2,G724E1E65,2026-05-05 16:59:45,2026-05-07 16:28:00,Lower Ringold,0,
Priest Rapids Tailrace CHN,2,G724E1E65,2026-05-05 16:59:45,2026-05-07 16:28:00,Hanford,0,
Priest Rapids Tailrace CHN,3,G724ECA53,2026-05-02 17:49:45,2026-05-04 16:25:00,Crescent Bar,0,
Priest Rapids Tailrace CHN,3,G724ECA53,2026-05-02 17:49:45,2026-05-04 16:25:00,Sunland,0,
Priest Rapids Tailrace CHN,3,G724ECA53,2026-05-02 17:49:45,2026-05-04 16:25:00,Wanapum BRZ,0,
Priest Rapids Tailrace CHN,3,G724ECA53,2026-05-02 17:49:45,2026-05-04 16:25:00,Mattawa,0,
Priest Rapids Tailrace CHN,3,G724ECA53,2026-05-02 17:49:45,2026-05-04 16:25:00,Priest BRZ,0,
Priest Rapids Tailrace CHN,3,G724ECA53,2026-05-02 17:49:45,2026-05-04 16:25:00,Lower Ringold,0,
Priest Rapids Tailrace CHN,3,G724ECA53,2026-05-02 17:49:45,2026-05-04 16:25:00,Hanford,0,
Priest Rapids Tailrace CHN,3,G724FA5B3,2026-05-08 17:07:02,2026-05-10 16:20:00,Crescent Bar,0,
Priest Rapids Tailrace CHN,3,G724FA5B3,2026-05-08 17:07:02,2026-05-10 16:20:00,Sunland,0,
Priest Rapids Tailrace CHN,3,G724FA5B3,2026-05-08 17:07:02,2026-05-10 16:20:00,Wanapum BRZ,0,
Priest Rapids Tailrace CHN,3,G724FA5B3,2026-05-08 17:07:02,2026-05-10 16:20:00,Mattawa,0,
Priest Rapids Tailrace CHN,3,G724FA5B3,2026-05-08 17:07:02,2026-05-10 16:20:00,Priest BRZ,0,
Priest Rapids Tailrace CHN,3,G724FA5B3,2026-05-08 17:07:02,2026-05-10 16:20:00,Lower Ringold,1,2026-05-11 21:39:07
Priest Rapids Tailrace CHN,3,G724FA5B3,2026-05-08 17:07:02,2026-05-10 16:20:00,Hanford,1,2026-05-12 01:38:58
Priest Rapids Tailrace CHN,3,G724FABAC,2026-05-07 17:15:11,2026-05-09 16:31:00,Crescent Bar,0,
Priest Rapids Tailrace CHN,3,G724FABAC,2026-05-07 17:15:11,2026-05-09 16:31:00,Sunland,0,
Priest Rapids Tailrace CHN,3,G724FABAC,2026-05-07 17:15:11,2026-05-09 16:31:00,Wanapum BRZ,0,
Priest Rapids Tailrace CHN,3,G724FABAC,2026-05-07 17:15:11,2026-05-09 16:31:00,Mattawa,0,
Priest Rapids Tailrace CHN,3,G724FABAC,2026-05-07 17:15:11,2026-05-09 16:31:00,Priest BRZ,0,
Priest Rapids Tailrace CHN,3,G724FABAC,2026-05-07 17:15:11,2026-05-09 16:31:00,Lower Ringold,0,
Priest Rapids Tailrace CHN,3,G724FABAC,2026-05-07 17:15:11,2026-05-09 16:31:00,Hanford,0,
Priest Rapids Tailrace CHN,3,G72501114,2026-05-02 17:56:35,2026-05-04 16:25:00,Crescent Bar,0,
Priest Rapids Tailrace CHN,3,G72501114,2026-05-02 17:56:35,2026-05-04 16:25:00,Sunland,0,
Priest Rapids Tailrace CHN,3,G72501114,2026-05-02 17:56:35,2026-05-04 16:25:00,Wanapum BRZ,0,
Priest Rapids Tailrace CHN,3,G72501114,2026-05-02 17:56:35,2026-05-04 16:25:00,Mattawa,0,
Priest Rapids Tailrace CHN,3,G72501114,2026-05-02 17:56:35,2026-05-04 16:25:00,Priest BRZ,0,
Priest Rapids Tailrace CHN,3,G72501114,2026-05-02 17:56:35,2026-05-04 16:25:00,Lower Ringold,1,2026-05-06 12:10:01
Priest Rapids Tailrace CHN,3,G72501114,2026-05-02 17:56:35,2026-05-04 16:25:00,Hanford,1,2026-05-06 15:57:12
Priest Rapids Tailrace CHN,2,G72503CCA,2026-05-01 17:30:40,2026-05-03 16:31:00,Crescent Bar,0,
Priest Rapids Tailrace CHN,2,G72503CCA,2026-05-01 17:30:40,2026-05-03 16:31:00,Sunland,0,
Priest Rapids Tailrace CHN,2,G72503CCA,2026-05-01 17:30:40,2026-05-03 16:31:00,Wanapum BRZ,0,
Priest Rapids Tailrace CHN,2,G72503CCA,2026-05-01 17:30:40,2026-05-03 16:31:00,Mattawa,0,
Priest Rapids Tailrace CHN,2,G72503CCA,2026-05-01 17:30:40,2026-05-03 16:31:00,Priest BRZ,0,
Priest Rapids Tailrace CHN,2,G72503CCA,2026-05-01 17:30:40,2026-05-03 16:31:00,Lower Ringold,1,2026-05-04 08:00:31
Priest Rapids Tailrace CHN,2,G72503CCA,2026-05-01 17:30:40,2026-05-03 16:31:00,Hanford,1,2026-05-04 11:11:50
Priest Rapids Tailrace CHN,2,G7250702F,2026-05-01 17:14:12,2026-05-03 16:31:00,Crescent Bar,0,
Priest Rapids Tailrace CHN,2,G7250702F,2026-05-01 17:14:12,2026-05-03 16:31:00,Sunland,0,
Priest Rapids Tailrace CHN,2,G7250702F,2026-05-01 17:14:12,2026-05-03 16:31:00,Wanapum BRZ,0,
Priest Rapids Tailrace CHN,2,G7250702F,2026-05-01 17:14:12,2026-05-03 16:31:00,Mattawa,0,
Priest Rapids Tailrace CHN,2,G7250702F,2026-05-01 17:14:12,2026-05-03 16:31:00,Priest BRZ,0,
Priest Rapids Tailrace CHN,2,G7250702F,2026-05-01 17:14:12,2026-05-03 16:31:00,Lower Ringold,1,2026-05-04 06:36:31
Priest Rapids Tailrace CHN,2,G7250702F,2026-05-01 17:14:12,2026-05-03 16:31:00,Hanford,1,2026-05-04 09:38:33
Priest Rapids Tailrace CHN,3,G72518642,2026-05-05 16:55:51,2026-05-07 16:28:00,Crescent Bar,0,
Priest Rapids Tailrace CHN,3,G72518642,2026-05-05 16:55:51,2026-05-07 16:28:00,Sunland,0,
Priest Rapids Tailrace CHN,3,G72518642,2026-05-05 16:55:51,2026-05-07 16:28:00,Wanapum BRZ,0,
Priest Rapids Tailrace CHN,3,G72518642,2026-05-05 16:55:51,2026-05-07 16:28:00,Mattawa,0,
Priest Rapids Tailrace CHN,3,G72518642,2026-05-05 16:55:51,2026-05-07 16:28:00,Priest BRZ,0,
Priest Rapids Tailrace CHN,3,G72518642,2026-05-05 16:55:51,2026-05-07 16:28:00,Lower Ringold,0,
Priest Rapids Tailrace CHN,3,G72518642,2026-05-05 16:55:51,2026-05-07 16:28:00,Hanford,0,
Priest Rapids Tailrace CHN,3,G72522387,2026-05-06 18:08:45,2026-05-09 16:31:00,Crescent Bar,0,
Priest Rapids Tailrace CHN,3,G72522387,2026-05-06 18:08:45,2026-05-09 16:31:00,Sunland,0,
Priest Rapids Tailrace CHN,3,G72522387,2026-05-06 18:08:45,2026-05-09 16:31:00,Wanapum BRZ,0,
Priest Rapids Tailrace CHN,3,G72522387,2026-05-06 18:08:45,2026-05-09 16:31:00,Mattawa,0,
Priest Rapids Tailrace CHN,3,G72522387,2026-05-06 18:08:45,2026-05-09 16:31:00,Priest BRZ,0,
Priest Rapids Tailrace CHN,3,G72522387,2026-05-06 18:08:45,2026-05-09 16:31:00,Lower Ringold,1,2026-05-10 05:40:38
Priest Rapids Tailrace CHN,3,G72522387,2026-05-06 18:08:45,2026-05-09 16:31:00,Hanford,1,2026-05-10 08:30:54
Priest Rapids Tailrace CHN,3,G7252CE93,2026-05-02 17:39:55,2026-05-04 16:25:00,Crescent Bar,0,
Priest Rapids Tailrace CHN,3,G7252CE93,2026-05-02 17:39:55,2026-05-04 16:25:00,Sunland,0,
Priest Rapids Tailrace CHN,3,G7252CE93,2026-05-02 17:39:55,2026-05-04 16:25:00,Wanapum BRZ,0,
Priest Rapids Tailrace CHN,3,G7252CE93,2026-05-02 17:39:55,2026-05-04 16:25:00,Mattawa,0,
Priest Rapids Tailrace CHN,3,G7252CE93,2026-05-02 17:39:55,2026-05-04 16:25:00,Priest BRZ,0,
Priest Rapids Tailrace CHN,3,G7252CE93,2026-05-02 17:39:55,2026-05-04 16:25:00,Lower Ringold,1,2026-05-16 13:23:11
Priest Rapids Tailrace CHN,3,G7252CE93,2026-05-02 17:39:55,2026-05-04 16:25:00,Hanford,1,2026-05-16 18:12:43
Priest Rapids Tailrace CHN,1,G72530082,2026-04-29 16:09:34,2026-05-01 16:26:00,Crescent Bar,0,
Priest Rapids Tailrace CHN,1,G72530082,2026-04-29 16:09:34,2026-05-01 16:26:00,Sunland,0,
Priest Rapids Tailrace CHN,1,G72530082,2026-04-29 16:09:34,2026-05-01 16:26:00,Wanapum BRZ,0,
Priest Rapids Tailrace CHN,1,G72530082,2026-04-29 16:09:34,2026-05-01 16:26:00,Mattawa,0,
Priest Rapids Tailrace CHN,1,G72530082,2026-04-29 16:09:34,2026-05-01 16:26:00,Priest BRZ,0,
Priest Rapids Tailrace CHN,1,G72530082,2026-04-29 16:09:34,2026-05-01 16:26:00,Lower Ringold,0,
Priest Rapids Tailrace CHN,1,G72530082,2026-04-29 16:09:34,2026-05-01 16:26:00,Hanford,0,
Priest Rapids Tailrace CHN,1,G72546AF7,2026-05-07 17:16:56,2026-05-09 16:31:00,Crescent Bar,0,
Priest Rapids Tailrace CHN,1,G72546AF7,2026-05-07 17:16:56,2026-05-09 16:31:00,Sunland,0,
Priest Rapids Tailrace CHN,1,G72546AF7,2026-05-07 17:16:56,2026-05-09 16:31:00,Wanapum BRZ,0,
Priest Rapids Tailrace CHN,1,G72546AF7,2026-05-07 17:16:56,2026-05-09 16:31:00,Mattawa,0,
Priest Rapids Tailrace CHN,1,G72546AF7,2026-05-07 17:16:56,2026-05-09 16:31:00,Priest BRZ,0,
Priest Rapids Tailrace CHN,1,G72546AF7,2026-05-07 17:16:56,2026-05-09 16:31:00,Lower Ringold,1,2026-05-10 06:35:40
Priest Rapids Tailrace CHN,1,G72546AF7,2026-05-07 17:16:56,2026-05-09 16:31:00,Hanford,1,2026-05-10 09:50:33
Priest Rapids Tailrace CHN,1,G7254CF67,2026-05-07 17:29:55,2026-05-09 16:31:00,Crescent Bar,0,
Priest Rapids Tailrace CHN,1,G7254CF67,2026-05-07 17:29:55,2026-05-09 16:31:00,Sunland,0,
Priest Rapids Tailrace CHN,1,G7254CF67,2026-05-07 17:29:55,2026-05-09 16:31:00,Wanapum BRZ,0,
Priest Rapids Tailrace CHN,1,G7254CF67,2026-05-07 17:29:55,2026-05-09 16:31:00,Mattawa,0,
Priest Rapids Tailrace CHN,1,G7254CF67,2026-05-07 17:29:55,2026-05-09 16:31:00,Priest BRZ,0,
Priest Rapids Tailrace CHN,1,G7254CF67,2026-05-07 17:29:55,2026-05-09 16:31:00,Lower Ringold,1,2026-05-10 05:42:04
Priest Rapids Tailrace CHN,1,G7254CF67,2026-05-07 17:29:55,2026-05-09 16:31:00,Hanford,1,2026-05-10 08:54:19
Priest Rapids Tailrace CHN,2,G7255C300,2026-05-04 17:48:50,2026-05-06 16:47:00,Crescent Bar,0,
Priest Rapids Tailrace CHN,2,G7255C300,2026-05-04 17:48:50,2026-05-06 16:47:00,Sunland,0,
Priest Rapids Tailrace CHN,2,G7255C300,2026-05-04 17:48:50,2026-05-06 16:47:00,Wanapum BRZ,0,
Priest Rapids Tailrace CHN,2,G7255C300,2026-05-04 17:48:50,2026-05-06 16:47:00,Mattawa,0,
Priest Rapids Tailrace CHN,2,G7255C300,2026-05-04 17:48:50,2026-05-06 16:47:00,Priest BRZ,0,
Priest Rapids Tailrace CHN,2,G7255C300,2026-05-04 17:48:50,2026-05-06 16:47:00,Lower Ringold,1,2026-05-07 09:48:30
Priest Rapids Tailrace CHN,2,G7255C300,2026-05-04 17:48:50,2026-05-06 16:47:00,Hanford,1,2026-05-07 12:58:32
Priest Rapids Tailrace CHN,2,G72565864,2026-05-04 18:02:27,2026-05-06 16:47:00,Crescent Bar,0,
Priest Rapids Tailrace CHN,2,G72565864,2026-05-04 18:02:27,2026-05-06 16:47:00,Sunland,0,
Priest Rapids Tailrace CHN,2,G72565864,2026-05-04 18:02:27,2026-05-06 16:47:00,Wanapum BRZ,0,
Priest Rapids Tailrace CHN,2,G72565864,2026-05-04 18:02:27,2026-05-06 16:47:00,Mattawa,0,
Priest Rapids Tailrace CHN,2,G72565864,2026-05-04 18:02:27,2026-05-06 16:47:00,Priest BRZ,0,
Priest Rapids Tailrace CHN,2,G72565864,2026-05-04 18:02:27,2026-05-06 16:47:00,Lower Ringold,1,2026-05-07 06:01:22
Priest Rapids Tailrace CHN,2,G72565864,2026-05-04 18:02:27,2026-05-06 16:47:00,Hanford,1,2026-05-07 09:55:34
Priest Rapids Tailrace CHN,1,G725923A4,2026-05-01 17:22:25,2026-05-03 16:31:00,Crescent Bar,0,
Priest Rapids Tailrace CHN,1,G725923A4,2026-05-01 17:22:25,2026-05-03 16:31:00,Sunland,0,
Priest Rapids Tailrace CHN,1,G725923A4,2026-05-01 17:22:25,2026-05-03 16:31:00,Wanapum BRZ,0,
Priest Rapids Tailrace CHN,1,G725923A4,2026-05-01 17:22:25,2026-05-03 16:31:00,Mattawa,0,
Priest Rapids Tailrace CHN,1,G725923A4,2026-05-01 17:22:25,2026-05-03 16:31:00,Priest BRZ,0,
Priest Rapids Tailrace CHN,1,G725923A4,2026-05-01 17:22:25,2026-05-03 16:31:00,Lower Ringold,1,2026-05-04 05:59:16
Priest Rapids Tailrace CHN,1,G725923A4,2026-05-01 17:22:25,2026-05-03 16:31:00,Hanford,1,2026-05-04 15:52:38
Priest Rapids Tailrace CHN,1,G725AAFDE,2026-05-04 17:56:31,2026-05-06 16:47:00,Crescent Bar,0,
Priest Rapids Tailrace CHN,1,G725AAFDE,2026-05-04 17:56:31,2026-05-06 16:47:00,Sunland,0,
Priest Rapids Tailrace CHN,1,G725AAFDE,2026-05-04 17:56:31,2026-05-06 16:47:00,Wanapum BRZ,0,
Priest Rapids Tailrace CHN,1,G725AAFDE,2026-05-04 17:56:31,2026-05-06 16:47:00,Mattawa,0,
Priest Rapids Tailrace CHN,1,G725AAFDE,2026-05-04 17:56:31,2026-05-06 16:47:00,Priest BRZ,0,
Priest Rapids Tailrace CHN,1,G725AAFDE,2026-05-04 17:56:31,2026-05-06 16:47:00,Lower Ringold,0,
Priest Rapids Tailrace CHN,1,G725AAFDE,2026-05-04 17:56:31,2026-05-06 16:47:00,Hanford,0,
Priest Rapids Tailrace CHN,1,G725C77E1,2026-05-01 17:26:26,2026-05-03 16:31:00,Crescent Bar,0,
Priest Rapids Tailrace CHN,1,G725C77E1,2026-05-01 17:26:26,2026-05-03 16:31:00,Sunland,0,
Priest Rapids Tailrace CHN,1,G725C77E1,2026-05-01 17:26:26,2026-05-03 16:31:00,Wanapum BRZ,0,
Priest Rapids Tailrace CHN,1,G725C77E1,2026-05-01 17:26:26,2026-05-03 16:31:00,Mattawa,0,
Priest Rapids Tailrace CHN,1,G725C77E1,2026-05-01 17:26:26,2026-05-03 16:31:00,Priest BRZ,0,
Priest Rapids Tailrace CHN,1,G725C77E1,2026-05-01 17:26:26,2026-05-03 16:31:00,Lower Ringold,1,2026-05-04 05:29:06
Priest Rapids Tailrace CHN,1,G725C77E1,2026-05-01 17:26:26,2026-05-03 16:31:00,Hanford,1,2026-05-04 08:48:43
Priest Rapids Tailrace CHN,1,G725CFC4D,2026-05-08 17:03:09,2026-05-10 16:20:00,Crescent Bar,0,
Priest Rapids Tailrace CHN,1,G725CFC4D,2026-05-08 17:03:09,2026-05-10 16:20:00,Sunland,0,
Priest Rapids Tailrace CHN,1,G725CFC4D,2026-05-08 17:03:09,2026-05-10 16:20:00,Wanapum BRZ,0,
Priest Rapids Tailrace CHN,1,G725CFC4D,2026-05-08 17:03:09,2026-05-10 16:20:00,Mattawa,0,
Priest Rapids Tailrace CHN,1,G725CFC4D,2026-05-08 17:03:09,2026-05-10 16:20:00,Priest BRZ,0,
Priest Rapids Tailrace CHN,1,G725CFC4D,2026-05-08 17:03:09,2026-05-10 16:20:00,Lower Ringold,1,2026-05-11 11:35:41
Priest Rapids Tailrace CHN,1,G725CFC4D,2026-05-08 17:03:09,2026-05-10 16:20:00,Hanford,1,2026-05-11 15:51:55
Priest Rapids Tailrace CHN,1,G725D30E0,2026-05-01 17:19:05,2026-05-03 16:31:00,Crescent Bar,0,
Priest Rapids Tailrace CHN,1,G725D30E0,2026-05-01 17:19:05,2026-05-03 16:31:00,Sunland,0,
Priest Rapids Tailrace CHN,1,G725D30E0,2026-05-01 17:19:05,2026-05-03 16:31:00,Wanapum BRZ,0,
Priest Rapids Tailrace CHN,1,G725D30E0,2026-05-01 17:19:05,2026-05-03 16:31:00,Mattawa,0,
Priest Rapids Tailrace CHN,1,G725D30E0,2026-05-01 17:19:05,2026-05-03 16:31:00,Priest BRZ,0,
Priest Rapids Tailrace CHN,1,G725D30E0,2026-05-01 17:19:05,2026-05-03 16:31:00,Lower Ringold,1,2026-05-04 21:50:57
Priest Rapids Tailrace CHN,1,G725D30E0,2026-05-01 17:19:05,2026-05-03 16:31:00,Hanford,1,2026-05-05 01:34:02
Priest Rapids Tailrace CHN,1,G725D3763,2026-05-07 17:12:48,2026-05-09 16:31:00,Crescent Bar,0,
Priest Rapids Tailrace CHN,1,G725D3763,2026-05-07 17:12:48,2026-05-09 16:31:00,Sunland,0,
Priest Rapids Tailrace CHN,1,G725D3763,2026-05-07 17:12:48,2026-05-09 16:31:00,Wanapum BRZ,0,
Priest Rapids Tailrace CHN,1,G725D3763,2026-05-07 17:12:48,2026-05-09 16:31:00,Mattawa,0,
Priest Rapids Tailrace CHN,1,G725D3763,2026-05-07 17:12:48,2026-05-09 16:31:00,Priest BRZ,0,
Priest Rapids Tailrace CHN,1,G725D3763,2026-05-07 17:12:48,2026-05-09 16:31:00,Lower Ringold,1,2026-05-10 06:45:55
Priest Rapids Tailrace CHN,1,G725D3763,2026-05-07 17:12:48,2026-05-09 16:31:00,Hanford,1,2026-05-10 10:18:13
Priest Rapids Tailrace CHN,1,G725D6DC6,2026-05-06 17:59:41,2026-05-09 16:31:00,Crescent Bar,0,
Priest Rapids Tailrace CHN,1,G725D6DC6,2026-05-06 17:59:41,2026-05-09 16:31:00,Sunland,0,
Priest Rapids Tailrace CHN,1,G725D6DC6,2026-05-06 17:59:41,2026-05-09 16:31:00,Wanapum BRZ,0,
Priest Rapids Tailrace CHN,1,G725D6DC6,2026-05-06 17:59:41,2026-05-09 16:31:00,Mattawa,0,
Priest Rapids Tailrace CHN,1,G725D6DC6,2026-05-06 17:59:41,2026-05-09 16:31:00,Priest BRZ,0,
Priest Rapids Tailrace CHN,1,G725D6DC6,2026-05-06 17:59:41,2026-05-09 16:31:00,Lower Ringold,1,2026-05-10 05:30:01
Priest Rapids Tailrace CHN,1,G725D6DC6,2026-05-06 17:59:41,2026-05-09 16:31:00,Hanford,1,2026-05-10 08:29:21
Priest Rapids Tailrace CHN,1,G725DB553,2026-05-05 17:12:32,2026-05-07 16:28:00,Crescent Bar,0,
Priest Rapids Tailrace CHN,1,G725DB553,2026-05-05 17:12:32,2026-05-07 16:28:00,Sunland,0,
Priest Rapids Tailrace CHN,1,G725DB553,2026-05-05 17:12:32,2026-05-07 16:28:00,Wanapum BRZ,0,
Priest Rapids Tailrace CHN,1,G725DB553,2026-05-05 17:12:32,2026-05-07 16:28:00,Mattawa,0,
Priest Rapids Tailrace CHN,1,G725DB553,2026-05-05 17:12:32,2026-05-07 16:28:00,Priest BRZ,0,
Priest Rapids Tailrace CHN,1,G725DB553,2026-05-05 17:12:32,2026-05-07 16:28:00,Lower Ringold,1,2026-05-08 05:32:33
Priest Rapids Tailrace CHN,1,G725DB553,2026-05-05 17:12:32,2026-05-07 16:28:00,Hanford,1,2026-05-08 09:39:11
Priest Rapids Tailrace CHN,1,G725F0F8E,2026-05-08 17:02:43,2026-05-10 16:20:00,Crescent Bar,0,
Priest Rapids Tailrace CHN,1,G725F0F8E,2026-05-08 17:02:43,2026-05-10 16:20:00,Sunland,0,
Priest Rapids Tailrace CHN,1,G725F0F8E,2026-05-08 17:02:43,2026-05-10 16:20:00,Wanapum BRZ,0,
Priest Rapids Tailrace CHN,1,G725F0F8E,2026-05-08 17:02:43,2026-05-10 16:20:00,Mattawa,0,
Priest Rapids Tailrace CHN,1,G725F0F8E,2026-05-08 17:02:43,2026-05-10 16:20:00,Priest BRZ,0,
Priest Rapids Tailrace CHN,1,G725F0F8E,2026-05-08 17:02:43,2026-05-10 16:20:00,Lower Ringold,1,2026-05-11 12:56:26
Priest Rapids Tailrace CHN,1,G725F0F8E,2026-05-08 17:02:43,2026-05-10 16:20:00,Hanford,1,2026-05-11 17:06:29
Priest Rapids Tailrace CHN,3,G725F6216,2026-05-06 18:11:18,2026-05-09 16:31:00,Crescent Bar,0,
Priest Rapids Tailrace CHN,3,G725F6216,2026-05-06 18:11:18,2026-05-09 16:31:00,Sunland,0,
Priest Rapids Tailrace CHN,3,G725F6216,2026-05-06 18:11:18,2026-05-09 16:31:00,Wanapum BRZ,0,
Priest Rapids Tailrace CHN,3,G725F6216,2026-05-06 18:11:18,2026-05-09 16:31:00,Mattawa,0,
Priest Rapids Tailrace CHN,3,G725F6216,2026-05-06 18:11:18,2026-05-09 16:31:00,Priest BRZ,0,
Priest Rapids Tailrace CHN,3,G725F6216,2026-05-06 18:11:18,2026-05-09 16:31:00,Lower Ringold,1,2026-05-10 17:50:02
Priest Rapids Tailrace CHN,3,G725F6216,2026-05-06 18:11:18,2026-05-09 16:31:00,Hanford,1,2026-05-10 23:40:21
Priest Rapids Tailrace CHN,3,G72608E69,2026-05-04 17:50:07,2026-05-06 16:47:00,Crescent Bar,0,
Priest Rapids Tailrace CHN,3,G72608E69,2026-05-04 17:50:07,2026-05-06 16:47:00,Sunland,0,
Priest Rapids Tailrace CHN,3,G72608E69,2026-05-04 17:50:07,2026-05-06 16:47:00,Wanapum BRZ,0,
Priest Rapids Tailrace CHN,3,G72608E69,2026-05-04 17:50:07,2026-05-06 16:47:00,Mattawa,0,
Priest Rapids Tailrace CHN,3,G72608E69,2026-05-04 17:50:07,2026-05-06 16:47:00,Priest BRZ,0,
Priest Rapids Tailrace CHN,3,G72608E69,2026-05-04 17:50:07,2026-05-06 16:47:00,Lower Ringold,1,2026-05-07 04:51:27
Priest Rapids Tailrace CHN,3,G72608E69,2026-05-04 17:50:07,2026-05-06 16:47:00,Hanford,1,2026-05-07 08:09:00
Priest Rapids Tailrace CHN,3,G7260FAF0,2026-05-08 17:06:19,2026-05-10 16:20:00,Crescent Bar,0,
Priest Rapids Tailrace CHN,3,G7260FAF0,2026-05-08 17:06:19,2026-05-10 16:20:00,Sunland,0,
Priest Rapids Tailrace CHN,3,G7260FAF0,2026-05-08 17:06:19,2026-05-10 16:20:00,Wanapum BRZ,0,
Priest Rapids Tailrace CHN,3,G7260FAF0,2026-05-08 17:06:19,2026-05-10 16:20:00,Mattawa,0,
Priest Rapids Tailrace CHN,3,G7260FAF0,2026-05-08 17:06:19,2026-05-10 16:20:00,Priest BRZ,0,
Priest Rapids Tailrace CHN,3,G7260FAF0,2026-05-08 17:06:19,2026-05-10 16:20:00,Lower Ringold,1,2026-05-11 13:11:53
Priest Rapids Tailrace CHN,3,G7260FAF0,2026-05-08 17:06:19,2026-05-10 16:20:00,Hanford,1,2026-05-11 17:07:45
Priest Rapids Tailrace CHN,2,G72616686,2026-05-05 16:56:29,2026-05-07 16:28:00,Crescent Bar,0,
Priest Rapids Tailrace CHN,2,G72616686,2026-05-05 16:56:29,2026-05-07 16:28:00,Sunland,0,
Priest Rapids Tailrace CHN,2,G72616686,2026-05-05 16:56:29,2026-05-07 16:28:00,Wanapum BRZ,0,
Priest Rapids Tailrace CHN,2,G72616686,2026-05-05 16:56:29,2026-05-07 16:28:00,Mattawa,0,
Priest Rapids Tailrace CHN,2,G72616686,2026-05-05 16:56:29,2026-05-07 16:28:00,Priest BRZ,0,
Priest Rapids Tailrace CHN,2,G72616686,2026-05-05 16:56:29,2026-05-07 16:28:00,Lower Ringold,1,2026-05-08 08:46:24
Priest Rapids Tailrace CHN,2,G72616686,2026-05-05 16:56:29,2026-05-07 16:28:00,Hanford,1,2026-05-08 13:14:47
Priest Rapids Tailrace CHN,3,G7261D9F5,2026-05-01 17:24:39,2026-05-03 16:31:00,Crescent Bar,0,
Priest Rapids Tailrace CHN,3,G7261D9F5,2026-05-01 17:24:39,2026-05-03 16:31:00,Sunland,0,
Priest Rapids Tailrace CHN,3,G7261D9F5,2026-05-01 17:24:39,2026-05-03 16:31:00,Wanapum BRZ,0,
Priest Rapids Tailrace CHN,3,G7261D9F5,2026-05-01 17:24:39,2026-05-03 16:31:00,Mattawa,0,
Priest Rapids Tailrace CHN,3,G7261D9F5,2026-05-01 17:24:39,2026-05-03 16:31:00,Priest BRZ,0,
Priest Rapids Tailrace CHN,3,G7261D9F5,2026-05-01 17:24:39,2026-05-03 16:31:00,Lower Ringold,1,2026-05-04 06:10:03
Priest Rapids Tailrace CHN,3,G7261D9F5,2026-05-01 17:24:39,2026-05-03 16:31:00,Hanford,1,2026-05-04 09:13:07
Priest Rapids Tailrace CHN,1,G72639202,2026-05-08 17:09:04,2026-05-10 16:20:00,Crescent Bar,0,
Priest Rapids Tailrace CHN,1,G72639202,2026-05-08 17:09:04,2026-05-10 16:20:00,Sunland,0,
Priest Rapids Tailrace CHN,1,G72639202,2026-05-08 17:09:04,2026-05-10 16:20:00,Wanapum BRZ,0,
Priest Rapids Tailrace CHN,1,G72639202,2026-05-08 17:09:04,2026-05-10 16:20:00,Mattawa,0,
Priest Rapids Tailrace CHN,1,G72639202,2026-05-08 17:09:04,2026-05-10 16:20:00,Priest BRZ,0,
Priest Rapids Tailrace CHN,1,G72639202,2026-05-08 17:09:04,2026-05-10 16:20:00,Lower Ringold,1,2026-05-11 05:25:40
Priest Rapids Tailrace CHN,1,G72639202,2026-05-08 17:09:04,2026-05-10 16:20:00,Hanford,1,2026-05-11 08:36:03
Priest Rapids Tailrace CHN,1,G7263BFDC,2026-05-06 18:16:27,2026-05-09 16:31:00,Crescent Bar,0,
Priest Rapids Tailrace CHN,1,G7263BFDC,2026-05-06 18:16:27,2026-05-09 16:31:00,Sunland,0,
Priest Rapids Tailrace CHN,1,G7263BFDC,2026-05-06 18:16:27,2026-05-09 16:31:00,Wanapum BRZ,0,
Priest Rapids Tailrace CHN,1,G7263BFDC,2026-05-06 18:16:27,2026-05-09 16:31:00,Mattawa,0,
Priest Rapids Tailrace CHN,1,G7263BFDC,2026-05-06 18:16:27,2026-05-09 16:31:00,Priest BRZ,0,
Priest Rapids Tailrace CHN,1,G7263BFDC,2026-05-06 18:16:27,2026-05-09 16:31:00,Lower Ringold,0,
Priest Rapids Tailrace CHN,1,G7263BFDC,2026-05-06 18:16:27,2026-05-09 16:31:00,Hanford,0,
Priest Rapids Tailrace CHN,3,G726523C4,2026-05-04 17:55:44,2026-05-06 16:47:00,Crescent Bar,0,
Priest Rapids Tailrace CHN,3,G726523C4,2026-05-04 17:55:44,2026-05-06 16:47:00,Sunland,0,
Priest Rapids Tailrace CHN,3,G726523C4,2026-05-04 17:55:44,2026-05-06 16:47:00,Wanapum BRZ,0,
Priest Rapids Tailrace CHN,3,G726523C4,2026-05-04 17:55:44,2026-05-06 16:47:00,Mattawa,0,
Priest Rapids Tailrace CHN,3,G726523C4,2026-05-04 17:55:44,2026-05-06 16:47:00,Priest BRZ,0,
Priest Rapids Tailrace CHN,3,G726523C4,2026-05-04 17:55:44,2026-05-06 16:47:00,Lower Ringold,1,2026-05-08 03:16:19
Priest Rapids Tailrace CHN,3,G726523C4,2026-05-04 17:55:44,2026-05-06 16:47:00,Hanford,1,2026-05-08 06:34:41
Priest Rapids Tailrace CHN,3,G72685CF4,2026-05-08 16:58:05,2026-05-10 16:20:00,Crescent Bar,0,
Priest Rapids Tailrace CHN,3,G72685CF4,2026-05-08 16:58:05,2026-05-10 16:20:00,Sunland,0,
Priest Rapids Tailrace CHN,3,G72685CF4,2026-05-08 16:58:05,2026-05-10 16:20:00,Wanapum BRZ,0,
Priest Rapids Tailrace CHN,3,G72685CF4,2026-05-08 16:58:05,2026-05-10 16:20:00,Mattawa,0,
Priest Rapids Tailrace CHN,3,G72685CF4,2026-05-08 16:58:05,2026-05-10 16:20:00,Priest BRZ,0,
Priest Rapids Tailrace CHN,3,G72685CF4,2026-05-08 16:58:05,2026-05-10 16:20:00,Lower Ringold,1,2026-05-11 06:11:26
Priest Rapids Tailrace CHN,3,G72685CF4,2026-05-08 16:58:05,2026-05-10 16:20:00,Hanford,1,2026-05-11 11:31:58
Priest Rapids Tailrace CHN,3,G72686A97,2026-05-03 18:20:39,2026-05-05 17:13:00,Crescent Bar,0,
Priest Rapids Tailrace CHN,3,G72686A97,2026-05-03 18:20:39,2026-05-05 17:13:00,Sunland,0,
Priest Rapids Tailrace CHN,3,G72686A97,2026-05-03 18:20:39,2026-05-05 17:13:00,Wanapum BRZ,0,
Priest Rapids Tailrace CHN,3,G72686A97,2026-05-03 18:20:39,2026-05-05 17:13:00,Mattawa,0,
Priest Rapids Tailrace CHN,3,G72686A97,2026-05-03 18:20:39,2026-05-05 17:13:00,Priest BRZ,0,
Priest Rapids Tailrace CHN,3,G72686A97,2026-05-03 18:20:39,2026-05-05 17:13:00,Lower Ringold,1,2026-05-06 07:38:07
Priest Rapids Tailrace CHN,3,G72686A97,2026-05-03 18:20:39,2026-05-05 17:13:00,Hanford,1,2026-05-06 10:26:43
Priest Rapids Tailrace CHN,3,G72687415,2026-05-05 17:02:47,2026-05-07 16:28:00,Crescent Bar,0,
Priest Rapids Tailrace CHN,3,G72687415,2026-05-05 17:02:47,2026-05-07 16:28:00,Sunland,0,
Priest Rapids Tailrace CHN,3,G72687415,2026-05-05 17:02:47,2026-05-07 16:28:00,Wanapum BRZ,0,
Priest Rapids Tailrace CHN,3,G72687415,2026-05-05 17:02:47,2026-05-07 16:28:00,Mattawa,0,
Priest Rapids Tailrace CHN,3,G72687415,2026-05-05 17:02:47,2026-05-07 16:28:00,Priest BRZ,0,
Priest Rapids Tailrace CHN,3,G72687415,2026-05-05 17:02:47,2026-05-07 16:28:00,Lower Ringold,1,2026-05-10 20:59:18
Priest Rapids Tailrace CHN,3,G72687415,2026-05-05 17:02:47,2026-05-07 16:28:00,Hanford,1,2026-05-11 17:19:13
Priest Rapids Tailrace CHN,3,G726902F4,2026-05-04 18:08:13,2026-05-06 16:47:00,Crescent Bar,0,
Priest Rapids Tailrace CHN,3,G726902F4,2026-05-04 18:08:13,2026-05-06 16:47:00,Sunland,0,
Priest Rapids Tailrace CHN,3,G726902F4,2026-05-04 18:08:13,2026-05-06 16:47:00,Wanapum BRZ,0,
Priest Rapids Tailrace CHN,3,G726902F4,2026-05-04 18:08:13,2026-05-06 16:47:00,Mattawa,0,
Priest Rapids Tailrace CHN,3,G726902F4,2026-05-04 18:08:13,2026-05-06 16:47:00,Priest BRZ,0,
Priest Rapids Tailrace CHN,3,G726902F4,2026-05-04 18:08:13,2026-05-06 16:47:00,Lower Ringold,1,2026-05-08 01:02:28
Priest Rapids Tailrace CHN,3,G726902F4,2026-05-04 18:08:13,2026-05-06 16:47:00,Hanford,1,2026-05-09 07:04:19
Priest Rapids Tailrace CHN,3,G726B6B9C,2026-05-06 18:07:28,2026-05-09 16:31:00,Crescent Bar,0,
Priest Rapids Tailrace CHN,3,G726B6B9C,2026-05-06 18:07:28,2026-05-09 16:31:00,Sunland,0,
Priest Rapids Tailrace CHN,3,G726B6B9C,2026-05-06 18:07:28,2026-05-09 16:31:00,Wanapum BRZ,0,
Priest Rapids Tailrace CHN,3,G726B6B9C,2026-05-06 18:07:28,2026-05-09 16:31:00,Mattawa,0,
Priest Rapids Tailrace CHN,3,G726B6B9C,2026-05-06 18:07:28,2026-05-09 16:31:00,Priest BRZ,0,
Priest Rapids Tailrace CHN,3,G726B6B9C,2026-05-06 18:07:28,2026-05-09 16:31:00,Lower Ringold,1,2026-05-10 18:43:17
Priest Rapids Tailrace CHN,3,G726B6B9C,2026-05-06 18:07:28,2026-05-09 16:31:00,Hanford,1,2026-05-10 22:39:03
Priest Rapids Tailrace CHN,3,G726CB239,2026-05-03 18:47:19,2026-05-05 17:13:00,Crescent Bar,0,
Priest Rapids Tailrace CHN,3,G726CB239,2026-05-03 18:47:19,2026-05-05 17:13:00,Sunland,0,
Priest Rapids Tailrace CHN,3,G726CB239,2026-05-03 18:47:19,2026-05-05 17:13:00,Wanapum BRZ,0,
Priest Rapids Tailrace CHN,3,G726CB239,2026-05-03 18:47:19,2026-05-05 17:13:00,Mattawa,0,
Priest Rapids Tailrace CHN,3,G726CB239,2026-05-03 18:47:19,2026-05-05 17:13:00,Priest BRZ,0,
Priest Rapids Tailrace CHN,3,G726CB239,2026-05-03 18:47:19,2026-05-05 17:13:00,Lower Ringold,1,2026-05-06 05:47:34
Priest Rapids Tailrace CHN,3,G726CB239,2026-05-03 18:47:19,2026-05-05 17:13:00,Hanford,1,2026-05-06 08:54:23
Priest Rapids Tailrace CHN,2,G726EFDAF,2026-05-03 18:36:07,2026-05-05 17:13:00,Crescent Bar,0,
Priest Rapids Tailrace CHN,2,G726EFDAF,2026-05-03 18:36:07,2026-05-05 17:13:00,Sunland,0,
Priest Rapids Tailrace CHN,2,G726EFDAF,2026-05-03 18:36:07,2026-05-05 17:13:00,Wanapum BRZ,0,
Priest Rapids Tailrace CHN,2,G726EFDAF,2026-05-03 18:36:07,2026-05-05 17:13:00,Mattawa,0,
Priest Rapids Tailrace CHN,2,G726EFDAF,2026-05-03 18:36:07,2026-05-05 17:13:00,Priest BRZ,0,
Priest Rapids Tailrace CHN,2,G726EFDAF,2026-05-03 18:36:07,2026-05-05 17:13:00,Lower Ringold,1,2026-05-06 09:48:03
Priest Rapids Tailrace CHN,2,G726EFDAF,2026-05-03 18:36:07,2026-05-05 17:13:00,Hanford,1,2026-05-06 12:28:28
Priest Rapids Tailrace CHN,2,G726FA3AF,2026-05-07 17:18:02,2026-05-09 16:31:00,Crescent Bar,0,
Priest Rapids Tailrace CHN,2,G726FA3AF,2026-05-07 17:18:02,2026-05-09 16:31:00,Sunland,0,
Priest Rapids Tailrace CHN,2,G726FA3AF,2026-05-07 17:18:02,2026-05-09 16:31:00,Wanapum BRZ,0,
Priest Rapids Tailrace CHN,2,G726FA3AF,2026-05-07 17:18:02,2026-05-09 16:31:00,Mattawa,0,
Priest Rapids Tailrace CHN,2,G726FA3AF,2026-05-07 17:18:02,2026-05-09 16:31:00,Priest BRZ,0,
Priest Rapids Tailrace CHN,2,G726FA3AF,2026-05-07 17:18:02,2026-05-09 16:31:00,Lower Ringold,1,2026-05-10 19:09:43
Priest Rapids Tailrace CHN,2,G726FA3AF,2026-05-07 17:18:02,2026-05-09 16:31:00,Hanford,1,2026-05-11 12:58:24
Priest Rapids Tailrace CHN,2,G726FBF91,2026-05-04 17:48:22,2026-05-06 16:47:00,Crescent Bar,0,
Priest Rapids Tailrace CHN,2,G726FBF91,2026-05-04 17:48:22,2026-05-06 16:47:00,Sunland,0,
Priest Rapids Tailrace CHN,2,G726FBF91,2026-05-04 17:48:22,2026-05-06 16:47:00,Wanapum BRZ,0,
Priest Rapids Tailrace CHN,2,G726FBF91,2026-05-04 17:48:22,2026-05-06 16:47:00,Mattawa,0,
Priest Rapids Tailrace CHN,2,G726FBF91,2026-05-04 17:48:22,2026-05-06 16:47:00,Priest BRZ,0,
Priest Rapids Tailrace CHN,2,G726FBF91,2026-05-04 17:48:22,2026-05-06 16:47:00,Lower Ringold,0,
Priest Rapids Tailrace CHN,2,G726FBF91,2026-05-04 17:48:22,2026-05-06 16:47:00,Hanford,0,
Priest Rapids Tailrace CHN,2,G726FFBB6,2026-05-02 17:46:50,2026-05-04 16:25:00,Crescent Bar,0,
Priest Rapids Tailrace CHN,2,G726FFBB6,2026-05-02 17:46:50,2026-05-04 16:25:00,Sunland,0,
Priest Rapids Tailrace CHN,2,G726FFBB6,2026-05-02 17:46:50,2026-05-04 16:25:00,Wanapum BRZ,0,
Priest Rapids Tailrace CHN,2,G726FFBB6,2026-05-02 17:46:50,2026-05-04 16:25:00,Mattawa,0,
Priest Rapids Tailrace CHN,2,G726FFBB6,2026-05-02 17:46:50,2026-05-04 16:25:00,Priest BRZ,0,
Priest Rapids Tailrace CHN,2,G726FFBB6,2026-05-02 17:46:50,2026-05-04 16:25:00,Lower Ringold,1,2026-05-05 08:26:53
Priest Rapids Tailrace CHN,2,G726FFBB6,2026-05-02 17:46:50,2026-05-04 16:25:00,Hanford,1,2026-05-05 11:14:03
Priest Rapids Tailrace CHN,2,G72710ECD,2026-05-08 16:57:31,2026-05-10 16:20:00,Crescent Bar,0,
Priest Rapids Tailrace CHN,2,G72710ECD,2026-05-08 16:57:31,2026-05-10 16:20:00,Sunland,0,
Priest Rapids Tailrace CHN,2,G72710ECD,2026-05-08 16:57:31,2026-05-10 16:20:00,Wanapum BRZ,0,
Priest Rapids Tailrace CHN,2,G72710ECD,2026-05-08 16:57:31,2026-05-10 16:20:00,Mattawa,0,
Priest Rapids Tailrace CHN,2,G72710ECD,2026-05-08 16:57:31,2026-05-10 16:20:00,Priest BRZ,0,
Priest Rapids Tailrace CHN,2,G72710ECD,2026-05-08 16:57:31,2026-05-10 16:20:00,Lower Ringold,1,2026-05-11 18:20:05
Priest Rapids Tailrace CHN,2,G72710ECD,2026-05-08 16:57:31,2026-05-10 16:20:00,Hanford,1,2026-05-11 22:23:40
Priest Rapids Tailrace CHN,2,G72713553,2026-05-05 16:42:17,2026-05-07 16:28:00,Crescent Bar,0,
Priest Rapids Tailrace CHN,2,G72713553,2026-05-05 16:42:17,2026-05-07 16:28:00,Sunland,0,
Priest Rapids Tailrace CHN,2,G72713553,2026-05-05 16:42:17,2026-05-07 16:28:00,Wanapum BRZ,0,
Priest Rapids Tailrace CHN,2,G72713553,2026-05-05 16:42:17,2026-05-07 16:28:00,Mattawa,0,
Priest Rapids Tailrace CHN,2,G72713553,2026-05-05 16:42:17,2026-05-07 16:28:00,Priest BRZ,0,
Priest Rapids Tailrace CHN,2,G72713553,2026-05-05 16:42:17,2026-05-07 16:28:00,Lower Ringold,1,2026-05-08 08:59:57
Priest Rapids Tailrace CHN,2,G72713553,2026-05-05 16:42:17,2026-05-07 16:28:00,Hanford,1,2026-05-08 11:58:03
Priest Rapids Tailrace CHN,1,G72713E73,2026-05-05 17:11:50,2026-05-07 16:28:00,Crescent Bar,0,
Priest Rapids Tailrace CHN,1,G72713E73,2026-05-05 17:11:50,2026-05-07 16:28:00,Sunland,0,
Priest Rapids Tailrace CHN,1,G72713E73,2026-05-05 17:11:50,2026-05-07 16:28:00,Wanapum BRZ,0,
Priest Rapids Tailrace CHN,1,G72713E73,2026-05-05 17:11:50,2026-05-07 16:28:00,Mattawa,0,
Priest Rapids Tailrace CHN,1,G72713E73,2026-05-05 17:11:50,2026-05-07 16:28:00,Priest BRZ,0,
Priest Rapids Tailrace CHN,1,G72713E73,2026-05-05 17:11:50,2026-05-07 16:28:00,Lower Ringold,1,2026-05-08 06:11:31
Priest Rapids Tailrace CHN,1,G72713E73,2026-05-05 17:11:50,2026-05-07 16:28:00,Hanford,1,2026-05-08 09:10:38
Priest Rapids Tailrace CHN,1,G72724F80,2026-05-05 16:40:04,2026-05-07 16:28:00,Crescent Bar,0,
Priest Rapids Tailrace CHN,1,G72724F80,2026-05-05 16:40:04,2026-05-07 16:28:00,Sunland,0,
Priest Rapids Tailrace CHN,1,G72724F80,2026-05-05 16:40:04,2026-05-07 16:28:00,Wanapum BRZ,0,
Priest Rapids Tailrace CHN,1,G72724F80,2026-05-05 16:40:04,2026-05-07 16:28:00,Mattawa,0,
Priest Rapids Tailrace CHN,1,G72724F80,2026-05-05 16:40:04,2026-05-07 16:28:00,Priest BRZ,0,
Priest Rapids Tailrace CHN,1,G72724F80,2026-05-05 16:40:04,2026-05-07 16:28:00,Lower Ringold,0,
Priest Rapids Tailrace CHN,1,G72724F80,2026-05-05 16:40:04,2026-05-07 16:28:00,Hanford,0,
Priest Rapids Tailrace CHN,3,G7274EABA,2026-05-06 18:01:33,2026-05-09 16:31:00,Crescent Bar,0,
Priest Rapids Tailrace CHN,3,G7274EABA,2026-05-06 18:01:33,2026-05-09 16:31:00,Sunland,0,
Priest Rapids Tailrace CHN,3,G7274EABA,2026-05-06 18:01:33,2026-05-09 16:31:00,Wanapum BRZ,0,
Priest Rapids Tailrace CHN,3,G7274EABA,2026-05-06 18:01:33,2026-05-09 16:31:00,Mattawa,0,
Priest Rapids Tailrace CHN,3,G7274EABA,2026-05-06 18:01:33,2026-05-09 16:31:00,Priest BRZ,0,
Priest Rapids Tailrace CHN,3,G7274EABA,2026-05-06 18:01:33,2026-05-09 16:31:00,Lower Ringold,1,2026-05-10 05:39:53
Priest Rapids Tailrace CHN,3,G7274EABA,2026-05-06 18:01:33,2026-05-09 16:31:00,Hanford,1,2026-05-10 08:28:31
Priest Rapids Tailrace CHN,3,G7275BBFB,2026-05-07 17:12:23,2026-05-09 16:31:00,Crescent Bar,0,
Priest Rapids Tailrace CHN,3,G7275BBFB,2026-05-07 17:12:23,2026-05-09 16:31:00,Sunland,0,
Priest Rapids Tailrace CHN,3,G7275BBFB,2026-05-07 17:12:23,2026-05-09 16:31:00,Wanapum BRZ,0,
Priest Rapids Tailrace CHN,3,G7275BBFB,2026-05-07 17:12:23,2026-05-09 16:31:00,Mattawa,0,
Priest Rapids Tailrace CHN,3,G7275BBFB,2026-05-07 17:12:23,2026-05-09 16:31:00,Priest BRZ,0,
Priest Rapids Tailrace CHN,3,G7275BBFB,2026-05-07 17:12:23,2026-05-09 16:31:00,Lower Ringold,0,
Priest Rapids Tailrace CHN,3,G7275BBFB,2026-05-07 17:12:23,2026-05-09 16:31:00,Hanford,0,
Priest Rapids Tailrace CHN,3,G72766F98,2026-05-04 18:09:16,2026-05-06 16:47:00,Crescent Bar,0,
Priest Rapids Tailrace CHN,3,G72766F98,2026-05-04 18:09:16,2026-05-06 16:47:00,Sunland,0,
Priest Rapids Tailrace CHN,3,G72766F98,2026-05-04 18:09:16,2026-05-06 16:47:00,Wanapum BRZ,0,
Priest Rapids Tailrace CHN,3,G72766F98,2026-05-04 18:09:16,2026-05-06 16:47:00,Mattawa,0,
Priest Rapids Tailrace CHN,3,G72766F98,2026-05-04 18:09:16,2026-05-06 16:47:00,Priest BRZ,0,
Priest Rapids Tailrace CHN,3,G72766F98,2026-05-04 18:09:16,2026-05-06 16:47:00,Lower Ringold,1,2026-05-07 06:10:13
Priest Rapids Tailrace CHN,3,G72766F98,2026-05-04 18:09:16,2026-05-06 16:47:00,Hanford,1,2026-05-07 09:06:24
Priest Rapids Tailrace CHN,1,G727715DA,2026-05-05 17:05:59,2026-05-07 16:28:00,Crescent Bar,0,
Priest Rapids Tailrace CHN,1,G727715DA,2026-05-05 17:05:59,2026-05-07 16:28:00,Sunland,0,
Priest Rapids Tailrace CHN,1,G727715DA,2026-05-05 17:05:59,2026-05-07 16:28:00,Wanapum BRZ,0,
Priest Rapids Tailrace CHN,1,G727715DA,2026-05-05 17:05:59,2026-05-07 16:28:00,Mattawa,0,
Priest Rapids Tailrace CHN,1,G727715DA,2026-05-05 17:05:59,2026-05-07 16:28:00,Priest BRZ,0,
Priest Rapids Tailrace CHN,1,G727715DA,2026-05-05 17:05:59,2026-05-07 16:28:00,Lower Ringold,1,2026-05-08 18:36:06
Priest Rapids Tailrace CHN,1,G727715DA,2026-05-05 17:05:59,2026-05-07 16:28:00,Hanford,1,2026-05-09 09:12:15
Priest Rapids Tailrace CHN,2,G7278E915,2026-05-02 18:03:19,2026-05-04 16:25:00,Crescent Bar,0,
Priest Rapids Tailrace CHN,2,G7278E915,2026-05-02 18:03:19,2026-05-04 16:25:00,Sunland,0,
Priest Rapids Tailrace CHN,2,G7278E915,2026-05-02 18:03:19,2026-05-04 16:25:00,Wanapum BRZ,0,
Priest Rapids Tailrace CHN,2,G7278E915,2026-05-02 18:03:19,2026-05-04 16:25:00,Mattawa,0,
Priest Rapids Tailrace CHN,2,G7278E915,2026-05-02 18:03:19,2026-05-04 16:25:00,Priest BRZ,0,
Priest Rapids Tailrace CHN,2,G7278E915,2026-05-02 18:03:19,2026-05-04 16:25:00,Lower Ringold,1,2026-05-06 00:17:25
Priest Rapids Tailrace CHN,2,G7278E915,2026-05-02 18:03:19,2026-05-04 16:25:00,Hanford,1,2026-05-06 03:54:43
Priest Rapids Tailrace CHN,2,G727A2AAC,2026-05-01 17:25:43,2026-05-03 16:31:00,Crescent Bar,0,
Priest Rapids Tailrace CHN,2,G727A2AAC,2026-05-01 17:25:43,2026-05-03 16:31:00,Sunland,0,
Priest Rapids Tailrace CHN,2,G727A2AAC,2026-05-01 17:25:43,2026-05-03 16:31:00,Wanapum BRZ,0,
Priest Rapids Tailrace CHN,2,G727A2AAC,2026-05-01 17:25:43,2026-05-03 16:31:00,Mattawa,0,
Priest Rapids Tailrace CHN,2,G727A2AAC,2026-05-01 17:25:43,2026-05-03 16:31:00,Priest BRZ,0,
Priest Rapids Tailrace CHN,2,G727A2AAC,2026-05-01 17:25:43,2026-05-03 16:31:00,Lower Ringold,1,2026-05-04 05:32:58
Priest Rapids Tailrace CHN,2,G727A2AAC,2026-05-01 17:25:43,2026-05-03 16:31:00,Hanford,1,2026-05-04 08:51:17
Priest Rapids Tailrace CHN,2,G727A33AD,2026-05-01 17:18:24,2026-05-03 16:31:00,Crescent Bar,0,
Priest Rapids Tailrace CHN,2,G727A33AD,2026-05-01 17:18:24,2026-05-03 16:31:00,Sunland,0,
Priest Rapids Tailrace CHN,2,G727A33AD,2026-05-01 17:18:24,2026-05-03 16:31:00,Wanapum BRZ,0,
Priest Rapids Tailrace CHN,2,G727A33AD,2026-05-01 17:18:24,2026-05-03 16:31:00,Mattawa,0,
Priest Rapids Tailrace CHN,2,G727A33AD,2026-05-01 17:18:24,2026-05-03 16:31:00,Priest BRZ,0,
Priest Rapids Tailrace CHN,2,G727A33AD,2026-05-01 17:18:24,2026-05-03 16:31:00,Lower Ringold,1,2026-05-04 07:15:35
Priest Rapids Tailrace CHN,2,G727A33AD,2026-05-01 17:18:24,2026-05-03 16:31:00,Hanford,1,2026-05-04 10:56:17
Priest Rapids Tailrace CHN,2,G727A89E1,2026-05-04 17:56:59,2026-05-06 16:47:00,Crescent Bar,0,
Priest Rapids Tailrace CHN,2,G727A89E1,2026-05-04 17:56:59,2026-05-06 16:47:00,Sunland,0,
Priest Rapids Tailrace CHN,2,G727A89E1,2026-05-04 17:56:59,2026-05-06 16:47:00,Wanapum BRZ,0,
Priest Rapids Tailrace CHN,2,G727A89E1,2026-05-04 17:56:59,2026-05-06 16:47:00,Mattawa,0,
Priest Rapids Tailrace CHN,2,G727A89E1,2026-05-04 17:56:59,2026-05-06 16:47:00,Priest BRZ,0,
Priest Rapids Tailrace CHN,2,G727A89E1,2026-05-04 17:56:59,2026-05-06 16:47:00,Lower Ringold,1,2026-05-07 06:43:55
Priest Rapids Tailrace CHN,2,G727A89E1,2026-05-04 17:56:59,2026-05-06 16:47:00,Hanford,1,2026-05-07 15:11:58
Priest Rapids Tailrace CHN,2,G727B917A,2026-05-02 17:58:31,2026-05-04 16:25:00,Crescent Bar,0,
Priest Rapids Tailrace CHN,2,G727B917A,2026-05-02 17:58:31,2026-05-04 16:25:00,Sunland,0,
Priest Rapids Tailrace CHN,2,G727B917A,2026-05-02 17:58:31,2026-05-04 16:25:00,Wanapum BRZ,0,
Priest Rapids Tailrace CHN,2,G727B917A,2026-05-02 17:58:31,2026-05-04 16:25:00,Mattawa,0,
Priest Rapids Tailrace CHN,2,G727B917A,2026-05-02 17:58:31,2026-05-04 16:25:00,Priest BRZ,0,
Priest Rapids Tailrace CHN,2,G727B917A,2026-05-02 17:58:31,2026-05-04 16:25:00,Lower Ringold,1,2026-05-05 04:58:57
Priest Rapids Tailrace CHN,2,G727B917A,2026-05-02 17:58:31,2026-05-04 16:25:00,Hanford,1,2026-05-05 07:55:04
Priest Rapids Tailrace CHN,2,G727F67E8,2026-05-04 18:08:53,2026-05-06 16:47:00,Crescent Bar,0,
Priest Rapids Tailrace CHN,2,G727F67E8,2026-05-04 18:08:53,2026-05-06 16:47:00,Sunland,0,
Priest Rapids Tailrace CHN,2,G727F67E8,2026-05-04 18:08:53,2026-05-06 16:47:00,Wanapum BRZ,0,
Priest Rapids Tailrace CHN,2,G727F67E8,2026-05-04 18:08:53,2026-05-06 16:47:00,Mattawa,0,
Priest Rapids Tailrace CHN,2,G727F67E8,2026-05-04 18:08:53,2026-05-06 16:47:00,Priest BRZ,0,
Priest Rapids Tailrace CHN,2,G727F67E8,2026-05-04 18:08:53,2026-05-06 16:47:00,Lower Ringold,1,2026-05-07 18:38:13
Priest Rapids Tailrace CHN,2,G727F67E8,2026-05-04 18:08:53,2026-05-06 16:47:00,Hanford,1,2026-05-08 00:05:59
Priest Rapids Tailrace CHN,3,G7280937C,2026-05-05 16:55:13,2026-05-07 16:28:00,Crescent Bar,0,
Priest Rapids Tailrace CHN,3,G7280937C,2026-05-05 16:55:13,2026-05-07 16:28:00,Sunland,0,
Priest Rapids Tailrace CHN,3,G7280937C,2026-05-05 16:55:13,2026-05-07 16:28:00,Wanapum BRZ,0,
Priest Rapids Tailrace CHN,3,G7280937C,2026-05-05 16:55:13,2026-05-07 16:28:00,Mattawa,0,
Priest Rapids Tailrace CHN,3,G7280937C,2026-05-05 16:55:13,2026-05-07 16:28:00,Priest BRZ,0,
Priest Rapids Tailrace CHN,3,G7280937C,2026-05-05 16:55:13,2026-05-07 16:28:00,Lower Ringold,0,
Priest Rapids Tailrace CHN,3,G7280937C,2026-05-05 16:55:13,2026-05-07 16:28:00,Hanford,0,
Priest Rapids Tailrace CHN,3,G7282A58E,2026-05-05 16:41:11,2026-05-07 16:28:00,Crescent Bar,0,
Priest Rapids Tailrace CHN,3,G7282A58E,2026-05-05 16:41:11,2026-05-07 16:28:00,Sunland,0,
Priest Rapids Tailrace CHN,3,G7282A58E,2026-05-05 16:41:11,2026-05-07 16:28:00,Wanapum BRZ,0,
Priest Rapids Tailrace CHN,3,G7282A58E,2026-05-05 16:41:11,2026-05-07 16:28:00,Mattawa,0,
Priest Rapids Tailrace CHN,3,G7282A58E,2026-05-05 16:41:11,2026-05-07 16:28:00,Priest BRZ,0,
Priest Rapids Tailrace CHN,3,G7282A58E,2026-05-05 16:41:11,2026-05-07 16:28:00,Lower Ringold,1,2026-05-08 06:17:34
Priest Rapids Tailrace CHN,3,G7282A58E,2026-05-05 16:41:11,2026-05-07 16:28:00,Hanford,1,2026-05-08 09:35:56
Priest Rapids Tailrace CHN,3,G72863AE5,2026-05-04 17:47:25,2026-05-06 16:47:00,Crescent Bar,0,
Priest Rapids Tailrace CHN,3,G72863AE5,2026-05-04 17:47:25,2026-05-06 16:47:00,Sunland,0,
Priest Rapids Tailrace CHN,3,G72863AE5,2026-05-04 17:47:25,2026-05-06 16:47:00,Wanapum BRZ,0,
Priest Rapids Tailrace CHN,3,G72863AE5,2026-05-04 17:47:25,2026-05-06 16:47:00,Mattawa,0,
Priest Rapids Tailrace CHN,3,G72863AE5,2026-05-04 17:47:25,2026-05-06 16:47:00,Priest BRZ,0,
Priest Rapids Tailrace CHN,3,G72863AE5,2026-05-04 17:47:25,2026-05-06 16:47:00,Lower Ringold,1,2026-05-07 06:44:52
Priest Rapids Tailrace CHN,3,G72863AE5,2026-05-04 17:47:25,2026-05-06 16:47:00,Hanford,1,2026-05-07 10:42:28
Priest Rapids Tailrace CHN,3,G72866DBD,2026-05-03 18:19:38,2026-05-05 17:13:00,Crescent Bar,0,
Priest Rapids Tailrace CHN,3,G72866DBD,2026-05-03 18:19:38,2026-05-05 17:13:00,Sunland,0,
Priest Rapids Tailrace CHN,3,G72866DBD,2026-05-03 18:19:38,2026-05-05 17:13:00,Wanapum BRZ,0,
Priest Rapids Tailrace CHN,3,G72866DBD,2026-05-03 18:19:38,2026-05-05 17:13:00,Mattawa,0,
Priest Rapids Tailrace CHN,3,G72866DBD,2026-05-03 18:19:38,2026-05-05 17:13:00,Priest BRZ,0,
Priest Rapids Tailrace CHN,3,G72866DBD,2026-05-03 18:19:38,2026-05-05 17:13:00,Lower Ringold,1,2026-05-06 05:45:16
Priest Rapids Tailrace CHN,3,G72866DBD,2026-05-03 18:19:38,2026-05-05 17:13:00,Hanford,1,2026-05-06 09:04:05
Priest Rapids Tailrace CHN,3,G7286F051,2026-05-06 17:55:59,2026-05-09 16:31:00,Crescent Bar,0,
Priest Rapids Tailrace CHN,3,G7286F051,2026-05-06 17:55:59,2026-05-09 16:31:00,Sunland,0,
Priest Rapids Tailrace CHN,3,G7286F051,2026-05-06 17:55:59,2026-05-09 16:31:00,Wanapum BRZ,0,
Priest Rapids Tailrace CHN,3,G7286F051,2026-05-06 17:55:59,2026-05-09 16:31:00,Mattawa,0,
Priest Rapids Tailrace CHN,3,G7286F051,2026-05-06 17:55:59,2026-05-09 16:31:00,Priest BRZ,0,
Priest Rapids Tailrace CHN,3,G7286F051,2026-05-06 17:55:59,2026-05-09 16:31:00,Lower Ringold,1,2026-05-10 11:22:58
Priest Rapids Tailrace CHN,3,G7286F051,2026-05-06 17:55:59,2026-05-09 16:31:00,Hanford,1,2026-05-11 04:58:05
Priest Rapids Tailrace CHN,1,G7287CDD6,2026-05-02 17:54:25,2026-05-04 16:25:00,Crescent Bar,0,
Priest Rapids Tailrace CHN,1,G7287CDD6,2026-05-02 17:54:25,2026-05-04 16:25:00,Sunland,0,
Priest Rapids Tailrace CHN,1,G7287CDD6,2026-05-02 17:54:25,2026-05-04 16:25:00,Wanapum BRZ,0,
Priest Rapids Tailrace CHN,1,G7287CDD6,2026-05-02 17:54:25,2026-05-04 16:25:00,Mattawa,0,
Priest Rapids Tailrace CHN,1,G7287CDD6,2026-05-02 17:54:25,2026-05-04 16:25:00,Priest BRZ,0,
Priest Rapids Tailrace CHN,1,G7287CDD6,2026-05-02 17:54:25,2026-05-04 16:25:00,Lower Ringold,1,2026-05-05 05:23:39
Priest Rapids Tailrace CHN,1,G7287CDD6,2026-05-02 17:54:25,2026-05-04 16:25:00,Hanford,1,2026-05-05 11:48:18
Priest Rapids Tailrace CHN,1,G72880BD9,2026-05-06 17:53:59,2026-05-09 16:31:00,Crescent Bar,0,
Priest Rapids Tailrace CHN,1,G72880BD9,2026-05-06 17:53:59,2026-05-09 16:31:00,Sunland,0,
Priest Rapids Tailrace CHN,1,G72880BD9,2026-05-06 17:53:59,2026-05-09 16:31:00,Wanapum BRZ,0,
Priest Rapids Tailrace CHN,1,G72880BD9,2026-05-06 17:53:59,2026-05-09 16:31:00,Mattawa,0,
Priest Rapids Tailrace CHN,1,G72880BD9,2026-05-06 17:53:59,2026-05-09 16:31:00,Priest BRZ,0,
Priest Rapids Tailrace CHN,1,G72880BD9,2026-05-06 17:53:59,2026-05-09 16:31:00,Lower Ringold,1,2026-05-10 08:04:17
Priest Rapids Tailrace CHN,1,G72880BD9,2026-05-06 17:53:59,2026-05-09 16:31:00,Hanford,1,2026-05-10 11:04:28
Priest Rapids Tailrace CHN,2,G728C05FD,2026-05-06 18:00:53,2026-05-09 16:31:00,Crescent Bar,0,
Priest Rapids Tailrace CHN,2,G728C05FD,2026-05-06 18:00:53,2026-05-09 16:31:00,Sunland,0,
Priest Rapids Tailrace CHN,2,G728C05FD,2026-05-06 18:00:53,2026-05-09 16:31:00,Wanapum BRZ,0,
Priest Rapids Tailrace CHN,2,G728C05FD,2026-05-06 18:00:53,2026-05-09 16:31:00,Mattawa,0,
Priest Rapids Tailrace CHN,2,G728C05FD,2026-05-06 18:00:53,2026-05-09 16:31:00,Priest BRZ,0,
Priest Rapids Tailrace CHN,2,G728C05FD,2026-05-06 18:00:53,2026-05-09 16:31:00,Lower Ringold,1,2026-05-10 04:58:29
Priest Rapids Tailrace CHN,2,G728C05FD,2026-05-06 18:00:53,2026-05-09 16:31:00,Hanford,1,2026-05-10 08:13:01
Priest Rapids Tailrace CHN,2,G728C6724,2026-05-05 17:01:43,2026-05-07 16:28:00,Crescent Bar,0,
Priest Rapids Tailrace CHN,2,G728C6724,2026-05-05 17:01:43,2026-05-07 16:28:00,Sunland,0,
Priest Rapids Tailrace CHN,2,G728C6724,2026-05-05 17:01:43,2026-05-07 16:28:00,Wanapum BRZ,0,
Priest Rapids Tailrace CHN,2,G728C6724,2026-05-05 17:01:43,2026-05-07 16:28:00,Mattawa,0,
Priest Rapids Tailrace CHN,2,G728C6724,2026-05-05 17:01:43,2026-05-07 16:28:00,Priest BRZ,0,
Priest Rapids Tailrace CHN,2,G728C6724,2026-05-05 17:01:43,2026-05-07 16:28:00,Lower Ringold,1,2026-05-08 17:20:03
Priest Rapids Tailrace CHN,2,G728C6724,2026-05-05 17:01:43,2026-05-07 16:28:00,Hanford,1,2026-05-08 20:47:30
Priest Rapids Tailrace CHN,3,G728EB383,2026-05-06 18:10:46,2026-05-09 16:31:00,Crescent Bar,0,
Priest Rapids Tailrace CHN,3,G728EB383,2026-05-06 18:10:46,2026-05-09 16:31:00,Sunland,0,
Priest Rapids Tailrace CHN,3,G728EB383,2026-05-06 18:10:46,2026-05-09 16:31:00,Wanapum BRZ,0,
Priest Rapids Tailrace CHN,3,G728EB383,2026-05-06 18:10:46,2026-05-09 16:31:00,Mattawa,0,
Priest Rapids Tailrace CHN,3,G728EB383,2026-05-06 18:10:46,2026-05-09 16:31:00,Priest BRZ,0,
Priest Rapids Tailrace CHN,3,G728EB383,2026-05-06 18:10:46,2026-05-09 16:31:00,Lower Ringold,1,2026-05-11 09:05:50
Priest Rapids Tailrace CHN,3,G728EB383,2026-05-06 18:10:46,2026-05-09 16:31:00,Hanford,1,2026-05-11 11:58:53
Priest Rapids Tailrace CHN,3,G728FBFE4,2026-05-02 17:53:59,2026-05-04 16:25:00,Crescent Bar,0,
Priest Rapids Tailrace CHN,3,G728FBFE4,2026-05-02 17:53:59,2026-05-04 16:25:00,Sunland,0,
Priest Rapids Tailrace CHN,3,G728FBFE4,2026-05-02 17:53:59,2026-05-04 16:25:00,Wanapum BRZ,0,
Priest Rapids Tailrace CHN,3,G728FBFE4,2026-05-02 17:53:59,2026-05-04 16:25:00,Mattawa,0,
Priest Rapids Tailrace CHN,3,G728FBFE4,2026-05-02 17:53:59,2026-05-04 16:25:00,Priest BRZ,0,
Priest Rapids Tailrace CHN,3,G728FBFE4,2026-05-02 17:53:59,2026-05-04 16:25:00,Lower Ringold,1,2026-05-05 05:00:48
Priest Rapids Tailrace CHN,3,G728FBFE4,2026-05-02 17:53:59,2026-05-04 16:25:00,Hanford,1,2026-05-05 09:29:33
Priest Rapids Tailrace CHN,2,G7290AD31,2026-05-05 16:29:24,2026-05-07 16:28:00,Crescent Bar,0,
Priest Rapids Tailrace CHN,2,G7290AD31,2026-05-05 16:29:24,2026-05-07 16:28:00,Sunland,0,
Priest Rapids Tailrace CHN,2,G7290AD31,2026-05-05 16:29:24,2026-05-07 16:28:00,Wanapum BRZ,0,
Priest Rapids Tailrace CHN,2,G7290AD31,2026-05-05 16:29:24,2026-05-07 16:28:00,Mattawa,0,
Priest Rapids Tailrace CHN,2,G7290AD31,2026-05-05 16:29:24,2026-05-07 16:28:00,Priest BRZ,0,
Priest Rapids Tailrace CHN,2,G7290AD31,2026-05-05 16:29:24,2026-05-07 16:28:00,Lower Ringold,1,2026-05-09 21:20:01
Priest Rapids Tailrace CHN,2,G7290AD31,2026-05-05 16:29:24,2026-05-07 16:28:00,Hanford,1,2026-05-11 18:55:13
Priest Rapids Tailrace CHN,2,G7290E1D4,2026-05-02 18:05:59,2026-05-04 16:25:00,Crescent Bar,0,
Priest Rapids Tailrace CHN,2,G7290E1D4,2026-05-02 18:05:59,2026-05-04 16:25:00,Sunland,0,
Priest Rapids Tailrace CHN,2,G7290E1D4,2026-05-02 18:05:59,2026-05-04 16:25:00,Wanapum BRZ,0,
Priest Rapids Tailrace CHN,2,G7290E1D4,2026-05-02 18:05:59,2026-05-04 16:25:00,Mattawa,0,
Priest Rapids Tailrace CHN,2,G7290E1D4,2026-05-02 18:05:59,2026-05-04 16:25:00,Priest BRZ,0,
Priest Rapids Tailrace CHN,2,G7290E1D4,2026-05-02 18:05:59,2026-05-04 16:25:00,Lower Ringold,1,2026-05-05 12:38:49
Priest Rapids Tailrace CHN,2,G7290E1D4,2026-05-02 18:05:59,2026-05-04 16:25:00,Hanford,1,2026-05-05 16:46:27
Priest Rapids Tailrace CHN,1,G7292B19E,2026-05-04 17:45:44,2026-05-06 16:47:00,Crescent Bar,0,
Priest Rapids Tailrace CHN,1,G7292B19E,2026-05-04 17:45:44,2026-05-06 16:47:00,Sunland,0,
Priest Rapids Tailrace CHN,1,G7292B19E,2026-05-04 17:45:44,2026-05-06 16:47:00,Wanapum BRZ,0,
Priest Rapids Tailrace CHN,1,G7292B19E,2026-05-04 17:45:44,2026-05-06 16:47:00,Mattawa,0,
Priest Rapids Tailrace CHN,1,G7292B19E,2026-05-04 17:45:44,2026-05-06 16:47:00,Priest BRZ,0,
Priest Rapids Tailrace CHN,1,G7292B19E,2026-05-04 17:45:44,2026-05-06 16:47:00,Lower Ringold,1,2026-05-07 04:51:45
Priest Rapids Tailrace CHN,1,G7292B19E,2026-05-04 17:45:44,2026-05-06 16:47:00,Hanford,1,2026-05-07 08:32:11
Priest Rapids Tailrace CHN,1,G72937272,2026-05-07 17:22:47,2026-05-09 16:31:00,Crescent Bar,0,
Priest Rapids Tailrace CHN,1,G72937272,2026-05-07 17:22:47,2026-05-09 16:31:00,Sunland,0,
Priest Rapids Tailrace CHN,1,G72937272,2026-05-07 17:22:47,2026-05-09 16:31:00,Wanapum BRZ,0,
Priest Rapids Tailrace CHN,1,G72937272,2026-05-07 17:22:47,2026-05-09 16:31:00,Mattawa,0,
Priest Rapids Tailrace CHN,1,G72937272,2026-05-07 17:22:47,2026-05-09 16:31:00,Priest BRZ,0,
Priest Rapids Tailrace CHN,1,G72937272,2026-05-07 17:22:47,2026-05-09 16:31:00,Lower Ringold,1,2026-05-10 05:36:48
Priest Rapids Tailrace CHN,1,G72937272,2026-05-07 17:22:47,2026-05-09 16:31:00,Hanford,1,2026-05-10 08:29:32
Priest Rapids Tailrace CHN,1,G7293B3E6,2026-05-04 18:09:44,2026-05-06 16:47:00,Crescent Bar,0,
Priest Rapids Tailrace CHN,1,G7293B3E6,2026-05-04 18:09:44,2026-05-06 16:47:00,Sunland,0,
Priest Rapids Tailrace CHN,1,G7293B3E6,2026-05-04 18:09:44,2026-05-06 16:47:00,Wanapum BRZ,0,
Priest Rapids Tailrace CHN,1,G7293B3E6,2026-05-04 18:09:44,2026-05-06 16:47:00,Mattawa,0,
Priest Rapids Tailrace CHN,1,G7293B3E6,2026-05-04 18:09:44,2026-05-06 16:47:00,Priest BRZ,0,
Priest Rapids Tailrace CHN,1,G7293B3E6,2026-05-04 18:09:44,2026-05-06 16:47:00,Lower Ringold,1,2026-05-07 12:23:03
Priest Rapids Tailrace CHN,1,G7293B3E6,2026-05-04 18:09:44,2026-05-06 16:47:00,Hanford,1,2026-05-07 17:14:45
Priest Rapids Tailrace CHN,1,G7293BCA7,2026-05-03 18:39:59,2026-05-05 17:13:00,Crescent Bar,0,
Priest Rapids Tailrace CHN,1,G7293BCA7,2026-05-03 18:39:59,2026-05-05 17:13:00,Sunland,0,
Priest Rapids Tailrace CHN,1,G7293BCA7,2026-05-03 18:39:59,2026-05-05 17:13:00,Wanapum BRZ,0,
Priest Rapids Tailrace CHN,1,G7293BCA7,2026-05-03 18:39:59,2026-05-05 17:13:00,Mattawa,0,
Priest Rapids Tailrace CHN,1,G7293BCA7,2026-05-03 18:39:59,2026-05-05 17:13:00,Priest BRZ,0,
Priest Rapids Tailrace CHN,1,G7293BCA7,2026-05-03 18:39:59,2026-05-05 17:13:00,Lower Ringold,1,2026-05-06 08:24:00
Priest Rapids Tailrace CHN,1,G7293BCA7,2026-05-03 18:39:59,2026-05-05 17:13:00,Hanford,1,2026-05-06 11:11:35
Priest Rapids Tailrace CHN,1,G72954BFA,2026-05-03 18:41:57,2026-05-05 17:13:00,Crescent Bar,0,
Priest Rapids Tailrace CHN,1,G72954BFA,2026-05-03 18:41:57,2026-05-05 17:13:00,Sunland,0,
Priest Rapids Tailrace CHN,1,G72954BFA,2026-05-03 18:41:57,2026-05-05 17:13:00,Wanapum BRZ,0,
Priest Rapids Tailrace CHN,1,G72954BFA,2026-05-03 18:41:57,2026-05-05 17:13:00,Mattawa,0,
Priest Rapids Tailrace CHN,1,G72954BFA,2026-05-03 18:41:57,2026-05-05 17:13:00,Priest BRZ,0,
Priest Rapids Tailrace CHN,1,G72954BFA,2026-05-03 18:41:57,2026-05-05 17:13:00,Lower Ringold,0,
Priest Rapids Tailrace CHN,1,G72954BFA,2026-05-03 18:41:57,2026-05-05 17:13:00,Hanford,0,
Priest Rapids Tailrace CHN,1,G729552FB,2026-05-04 17:58:40,2026-05-06 16:47:00,Crescent Bar,0,
Priest Rapids Tailrace CHN,1,G729552FB,2026-05-04 17:58:40,2026-05-06 16:47:00,Sunland,0,
Priest Rapids Tailrace CHN,1,G729552FB,2026-05-04 17:58:40,2026-05-06 16:47:00,Wanapum BRZ,0,
Priest Rapids Tailrace CHN,1,G729552FB,2026-05-04 17:58:40,2026-05-06 16:47:00,Mattawa,0,
Priest Rapids Tailrace CHN,1,G729552FB,2026-05-04 17:58:40,2026-05-06 16:47:00,Priest BRZ,0,
Priest Rapids Tailrace CHN,1,G729552FB,2026-05-04 17:58:40,2026-05-06 16:47:00,Lower Ringold,1,2026-05-07 05:58:26
Priest Rapids Tailrace CHN,1,G729552FB,2026-05-04 17:58:40,2026-05-06 16:47:00,Hanford,1,2026-05-07 09:04:37
Priest Rapids Tailrace CHN,1,G729588D2,2026-05-01 17:16:54,2026-05-03 16:31:00,Crescent Bar,0,
Priest Rapids Tailrace CHN,1,G729588D2,2026-05-01 17:16:54,2026-05-03 16:31:00,Sunland,0,
Priest Rapids Tailrace CHN,1,G729588D2,2026-05-01 17:16:54,2026-05-03 16:31:00,Wanapum BRZ,0,
Priest Rapids Tailrace CHN,1,G729588D2,2026-05-01 17:16:54,2026-05-03 16:31:00,Mattawa,0,
Priest Rapids Tailrace CHN,1,G729588D2,2026-05-01 17:16:54,2026-05-03 16:31:00,Priest BRZ,0,
Priest Rapids Tailrace CHN,1,G729588D2,2026-05-01 17:16:54,2026-05-03 16:31:00,Lower Ringold,1,2026-05-04 08:00:36
Priest Rapids Tailrace CHN,1,G729588D2,2026-05-01 17:16:54,2026-05-03 16:31:00,Hanford,1,2026-05-04 13:01:50
Priest Rapids Tailrace CHN,1,G72971E8F,2026-05-03 18:28:26,2026-05-05 17:13:00,Crescent Bar,0,
Priest Rapids Tailrace CHN,1,G72971E8F,2026-05-03 18:28:26,2026-05-05 17:13:00,Sunland,0,
Priest Rapids Tailrace CHN,1,G72971E8F,2026-05-03 18:28:26,2026-05-05 17:13:00,Wanapum BRZ,0,
Priest Rapids Tailrace CHN,1,G72971E8F,2026-05-03 18:28:26,2026-05-05 17:13:00,Mattawa,0,
Priest Rapids Tailrace CHN,1,G72971E8F,2026-05-03 18:28:26,2026-05-05 17:13:00,Priest BRZ,0,
Priest Rapids Tailrace CHN,1,G72971E8F,2026-05-03 18:28:26,2026-05-05 17:13:00,Lower Ringold,1,2026-05-06 10:44:34
Priest Rapids Tailrace CHN,1,G72971E8F,2026-05-03 18:28:26,2026-05-05 17:13:00,Hanford,1,2026-05-06 14:05:09
Priest Rapids Tailrace CHN,3,G7297C744,2026-05-05 17:08:32,2026-05-07 16:28:00,Crescent Bar,0,
Priest Rapids Tailrace CHN,3,G7297C744,2026-05-05 17:08:32,2026-05-07 16:28:00,Sunland,0,
Priest Rapids Tailrace CHN,3,G7297C744,2026-05-05 17:08:32,2026-05-07 16:28:00,Wanapum BRZ,0,
Priest Rapids Tailrace CHN,3,G7297C744,2026-05-05 17:08:32,2026-05-07 16:28:00,Mattawa,0,
Priest Rapids Tailrace CHN,3,G7297C744,2026-05-05 17:08:32,2026-05-07 16:28:00,Priest BRZ,0,
Priest Rapids Tailrace CHN,3,G7297C744,2026-05-05 17:08:32,2026-05-07 16:28:00,Lower Ringold,1,2026-05-08 10:31:19
Priest Rapids Tailrace CHN,3,G7297C744,2026-05-05 17:08:32,2026-05-07 16:28:00,Hanford,1,2026-05-08 14:21:28
Priest Rapids Tailrace CHN,1,G7299D1D8,2026-05-08 16:56:47,2026-05-10 16:20:00,Crescent Bar,0,
Priest Rapids Tailrace CHN,1,G7299D1D8,2026-05-08 16:56:47,2026-05-10 16:20:00,Sunland,0,
Priest Rapids Tailrace CHN,1,G7299D1D8,2026-05-08 16:56:47,2026-05-10 16:20:00,Wanapum BRZ,0,
Priest Rapids Tailrace CHN,1,G7299D1D8,2026-05-08 16:56:47,2026-05-10 16:20:00,Mattawa,0,
Priest Rapids Tailrace CHN,1,G7299D1D8,2026-05-08 16:56:47,2026-05-10 16:20:00,Priest BRZ,0,
Priest Rapids Tailrace CHN,1,G7299D1D8,2026-05-08 16:56:47,2026-05-10 16:20:00,Lower Ringold,0,
Priest Rapids Tailrace CHN,1,G7299D1D8,2026-05-08 16:56:47,2026-05-10 16:20:00,Hanford,0,
Priest Rapids Tailrace CHN,3,G729B66F8,2026-05-07 17:11:56,2026-05-09 16:31:00,Crescent Bar,0,
Priest Rapids Tailrace CHN,3,G729B66F8,2026-05-07 17:11:56,2026-05-09 16:31:00,Sunland,0,
Priest Rapids Tailrace CHN,3,G729B66F8,2026-05-07 17:11:56,2026-05-09 16:31:00,Wanapum BRZ,0,
Priest Rapids Tailrace CHN,3,G729B66F8,2026-05-07 17:11:56,2026-05-09 16:31:00,Mattawa,0,
Priest Rapids Tailrace CHN,3,G729B66F8,2026-05-07 17:11:56,2026-05-09 16:31:00,Priest BRZ,0,
Priest Rapids Tailrace CHN,3,G729B66F8,2026-05-07 17:11:56,2026-05-09 16:31:00,Lower Ringold,1,2026-05-10 09:10:40
Priest Rapids Tailrace CHN,3,G729B66F8,2026-05-07 17:11:56,2026-05-09 16:31:00,Hanford,1,2026-05-10 11:51:04
Priest Rapids Tailrace CHN,1,G729DCC83,2026-05-07 17:27:08,2026-05-09 16:31:00,Crescent Bar,0,
Priest Rapids Tailrace CHN,1,G729DCC83,2026-05-07 17:27:08,2026-05-09 16:31:00,Sunland,0,
Priest Rapids Tailrace CHN,1,G729DCC83,2026-05-07 17:27:08,2026-05-09 16:31:00,Wanapum BRZ,0,
Priest Rapids Tailrace CHN,1,G729DCC83,2026-05-07 17:27:08,2026-05-09 16:31:00,Mattawa,0,
Priest Rapids Tailrace CHN,1,G729DCC83,2026-05-07 17:27:08,2026-05-09 16:31:00,Priest BRZ,0,
Priest Rapids Tailrace CHN,1,G729DCC83,2026-05-07 17:27:08,2026-05-09 16:31:00,Lower Ringold,1,2026-05-10 16:06:18
Priest Rapids Tailrace CHN,1,G729DCC83,2026-05-07 17:27:08,2026-05-09 16:31:00,Hanford,1,2026-05-10 19:54:44
Priest Rapids Tailrace CHN,1,G729DFFDF,2026-05-03 18:30:29,2026-05-05 17:13:00,Crescent Bar,0,
Priest Rapids Tailrace CHN,1,G729DFFDF,2026-05-03 18:30:29,2026-05-05 17:13:00,Sunland,0,
Priest Rapids Tailrace CHN,1,G729DFFDF,2026-05-03 18:30:29,2026-05-05 17:13:00,Wanapum BRZ,0,
Priest Rapids Tailrace CHN,1,G729DFFDF,2026-05-03 18:30:29,2026-05-05 17:13:00,Mattawa,0,
Priest Rapids Tailrace CHN,1,G729DFFDF,2026-05-03 18:30:29,2026-05-05 17:13:00,Priest BRZ,0,
Priest Rapids Tailrace CHN,1,G729DFFDF,2026-05-03 18:30:29,2026-05-05 17:13:00,Lower Ringold,1,2026-05-06 16:07:17
Priest Rapids Tailrace CHN,1,G729DFFDF,2026-05-03 18:30:29,2026-05-05 17:13:00,Hanford,1,2026-05-06 20:25:38
Priest Rapids Tailrace CHN,1,G72A007CD,2026-05-04 18:06:46,2026-05-06 16:47:00,Crescent Bar,0,
Priest Rapids Tailrace CHN,1,G72A007CD,2026-05-04 18:06:46,2026-05-06 16:47:00,Sunland,0,
Priest Rapids Tailrace CHN,1,G72A007CD,2026-05-04 18:06:46,2026-05-06 16:47:00,Wanapum BRZ,0,
Priest Rapids Tailrace CHN,1,G72A007CD,2026-05-04 18:06:46,2026-05-06 16:47:00,Mattawa,0,
Priest Rapids Tailrace CHN,1,G72A007CD,2026-05-04 18:06:46,2026-05-06 16:47:00,Priest BRZ,0,
Priest Rapids Tailrace CHN,1,G72A007CD,2026-05-04 18:06:46,2026-05-06 16:47:00,Lower Ringold,1,2026-05-08 08:57:38
Priest Rapids Tailrace CHN,1,G72A007CD,2026-05-04 18:06:46,2026-05-06 16:47:00,Hanford,1,2026-05-08 12:06:43
Priest Rapids Tailrace CHN,3,G72A0CC27,2026-05-01 17:21:03,2026-05-03 16:31:00,Crescent Bar,0,
Priest Rapids Tailrace CHN,3,G72A0CC27,2026-05-01 17:21:03,2026-05-03 16:31:00,Sunland,0,
Priest Rapids Tailrace CHN,3,G72A0CC27,2026-05-01 17:21:03,2026-05-03 16:31:00,Wanapum BRZ,0,
Priest Rapids Tailrace CHN,3,G72A0CC27,2026-05-01 17:21:03,2026-05-03 16:31:00,Mattawa,0,
Priest Rapids Tailrace CHN,3,G72A0CC27,2026-05-01 17:21:03,2026-05-03 16:31:00,Priest BRZ,0,
Priest Rapids Tailrace CHN,3,G72A0CC27,2026-05-01 17:21:03,2026-05-03 16:31:00,Lower Ringold,1,2026-05-04 06:39:49
Priest Rapids Tailrace CHN,3,G72A0CC27,2026-05-01 17:21:03,2026-05-03 16:31:00,Hanford,1,2026-05-04 09:52:54
Priest Rapids Tailrace CHN,3,G72A15F10,2026-05-06 18:13:50,2026-05-09 16:31:00,Crescent Bar,0,
Priest Rapids Tailrace CHN,3,G72A15F10,2026-05-06 18:13:50,2026-05-09 16:31:00,Sunland,0,
Priest Rapids Tailrace CHN,3,G72A15F10,2026-05-06 18:13:50,2026-05-09 16:31:00,Wanapum BRZ,0,
Priest Rapids Tailrace CHN,3,G72A15F10,2026-05-06 18:13:50,2026-05-09 16:31:00,Mattawa,0,
Priest Rapids Tailrace CHN,3,G72A15F10,2026-05-06 18:13:50,2026-05-09 16:31:00,Priest BRZ,0,
Priest Rapids Tailrace CHN,3,G72A15F10,2026-05-06 18:13:50,2026-05-09 16:31:00,Lower Ringold,0,
Priest Rapids Tailrace CHN,3,G72A15F10,2026-05-06 18:13:50,2026-05-09 16:31:00,Hanford,0,
Priest Rapids Tailrace CHN,2,G72A195A4,2026-05-08 16:59:00,2026-05-10 16:20:00,Crescent Bar,0,
Priest Rapids Tailrace CHN,2,G72A195A4,2026-05-08 16:59:00,2026-05-10 16:20:00,Sunland,0,
Priest Rapids Tailrace CHN,2,G72A195A4,2026-05-08 16:59:00,2026-05-10 16:20:00,Wanapum BRZ,0,
Priest Rapids Tailrace CHN,2,G72A195A4,2026-05-08 16:59:00,2026-05-10 16:20:00,Mattawa,0,
Priest Rapids Tailrace CHN,2,G72A195A4,2026-05-08 16:59:00,2026-05-10 16:20:00,Priest BRZ,0,
Priest Rapids Tailrace CHN,2,G72A195A4,2026-05-08 16:59:00,2026-05-10 16:20:00,Lower Ringold,1,2026-05-11 09:58:18
Priest Rapids Tailrace CHN,2,G72A195A4,2026-05-08 16:59:00,2026-05-10 16:20:00,Hanford,1,2026-05-11 15:18:35
Priest Rapids Tailrace CHN,2,G72A22D01,2026-05-02 17:41:36,2026-05-04 16:25:00,Crescent Bar,0,
Priest Rapids Tailrace CHN,2,G72A22D01,2026-05-02 17:41:36,2026-05-04 16:25:00,Sunland,0,
Priest Rapids Tailrace CHN,2,G72A22D01,2026-05-02 17:41:36,2026-05-04 16:25:00,Wanapum BRZ,0,
Priest Rapids Tailrace CHN,2,G72A22D01,2026-05-02 17:41:36,2026-05-04 16:25:00,Mattawa,0,
Priest Rapids Tailrace CHN,2,G72A22D01,2026-05-02 17:41:36,2026-05-04 16:25:00,Priest BRZ,0,
Priest Rapids Tailrace CHN,2,G72A22D01,2026-05-02 17:41:36,2026-05-04 16:25:00,Lower Ringold,1,2026-05-05 08:49:01
Priest Rapids Tailrace CHN,2,G72A22D01,2026-05-02 17:41:36,2026-05-04 16:25:00,Hanford,1,2026-05-05 11:46:04
Priest Rapids Tailrace CHN,3,G72A48A87,2026-05-07 17:27:49,2026-05-09 16:31:00,Crescent Bar,0,
Priest Rapids Tailrace CHN,3,G72A48A87,2026-05-07 17:27:49,2026-05-09 16:31:00,Sunland,0,
Priest Rapids Tailrace CHN,3,G72A48A87,2026-05-07 17:27:49,2026-05-09 16:31:00,Wanapum BRZ,0,
Priest Rapids Tailrace CHN,3,G72A48A87,2026-05-07 17:27:49,2026-05-09 16:31:00,Mattawa,0,
Priest Rapids Tailrace CHN,3,G72A48A87,2026-05-07 17:27:49,2026-05-09 16:31:00,Priest BRZ,0,
Priest Rapids Tailrace CHN,3,G72A48A87,2026-05-07 17:27:49,2026-05-09 16:31:00,Lower Ringold,0,
Priest Rapids Tailrace CHN,3,G72A48A87,2026-05-07 17:27:49,2026-05-09 16:31:00,Hanford,0,
Priest Rapids Tailrace CHN,3,G72A71582,2026-05-03 18:46:16,2026-05-05 17:13:00,Crescent Bar,0,
Priest Rapids Tailrace CHN,3,G72A71582,2026-05-03 18:46:16,2026-05-05 17:13:00,Sunland,0,
Priest Rapids Tailrace CHN,3,G72A71582,2026-05-03 18:46:16,2026-05-05 17:13:00,Wanapum BRZ,0,
Priest Rapids Tailrace CHN,3,G72A71582,2026-05-03 18:46:16,2026-05-05 17:13:00,Mattawa,0,
Priest Rapids Tailrace CHN,3,G72A71582,2026-05-03 18:46:16,2026-05-05 17:13:00,Priest BRZ,0,
Priest Rapids Tailrace CHN,3,G72A71582,2026-05-03 18:46:16,2026-05-05 17:13:00,Lower Ringold,1,2026-05-07 05:03:26
Priest Rapids Tailrace CHN,3,G72A71582,2026-05-03 18:46:16,2026-05-05 17:13:00,Hanford,1,2026-05-07 08:05:09
Priest Rapids Tailrace CHN,2,G72A85A9D,2026-05-04 17:58:20,2026-05-06 16:47:00,Crescent Bar,0,
Priest Rapids Tailrace CHN,2,G72A85A9D,2026-05-04 17:58:20,2026-05-06 16:47:00,Sunland,0,
Priest Rapids Tailrace CHN,2,G72A85A9D,2026-05-04 17:58:20,2026-05-06 16:47:00,Wanapum BRZ,0,
Priest Rapids Tailrace CHN,2,G72A85A9D,2026-05-04 17:58:20,2026-05-06 16:47:00,Mattawa,0,
Priest Rapids Tailrace CHN,2,G72A85A9D,2026-05-04 17:58:20,2026-05-06 16:47:00,Priest BRZ,0,
Priest Rapids Tailrace CHN,2,G72A85A9D,2026-05-04 17:58:20,2026-05-06 16:47:00,Lower Ringold,1,2026-05-07 09:29:31
Priest Rapids Tailrace CHN,2,G72A85A9D,2026-05-04 17:58:20,2026-05-06 16:47:00,Hanford,1,2026-05-07 17:44:52
Priest Rapids Tailrace CHN,2,G72A869C1,2026-05-06 17:55:36,2026-05-09 16:31:00,Crescent Bar,0,
Priest Rapids Tailrace CHN,2,G72A869C1,2026-05-06 17:55:36,2026-05-09 16:31:00,Sunland,0,
Priest Rapids Tailrace CHN,2,G72A869C1,2026-05-06 17:55:36,2026-05-09 16:31:00,Wanapum BRZ,0,
Priest Rapids Tailrace CHN,2,G72A869C1,2026-05-06 17:55:36,2026-05-09 16:31:00,Mattawa,0,
Priest Rapids Tailrace CHN,2,G72A869C1,2026-05-06 17:55:36,2026-05-09 16:31:00,Priest BRZ,0,
Priest Rapids Tailrace CHN,2,G72A869C1,2026-05-06 17:55:36,2026-05-09 16:31:00,Lower Ringold,0,
Priest Rapids Tailrace CHN,2,G72A869C1,2026-05-06 17:55:36,2026-05-09 16:31:00,Hanford,0,
Priest Rapids Tailrace CHN,3,G72AA58B0,2026-05-01 17:20:38,2026-05-03 16:31:00,Crescent Bar,0,
Priest Rapids Tailrace CHN,3,G72AA58B0,2026-05-01 17:20:38,2026-05-03 16:31:00,Sunland,0,
Priest Rapids Tailrace CHN,3,G72AA58B0,2026-05-01 17:20:38,2026-05-03 16:31:00,Wanapum BRZ,0,
Priest Rapids Tailrace CHN,3,G72AA58B0,2026-05-01 17:20:38,2026-05-03 16:31:00,Mattawa,0,
Priest Rapids Tailrace CHN,3,G72AA58B0,2026-05-01 17:20:38,2026-05-03 16:31:00,Priest BRZ,0,
Priest Rapids Tailrace CHN,3,G72AA58B0,2026-05-01 17:20:38,2026-05-03 16:31:00,Lower Ringold,1,2026-05-04 07:03:39
Priest Rapids Tailrace CHN,3,G72AA58B0,2026-05-01 17:20:38,2026-05-03 16:31:00,Hanford,1,2026-05-04 09:52:58
Priest Rapids Tailrace CHN,3,G72AA8DD8,2026-05-01 17:25:16,2026-05-03 16:31:00,Crescent Bar,0,
Priest Rapids Tailrace CHN,3,G72AA8DD8,2026-05-01 17:25:16,2026-05-03 16:31:00,Sunland,0,
Priest Rapids Tailrace CHN,3,G72AA8DD8,2026-05-01 17:25:16,2026-05-03 16:31:00,Wanapum BRZ,0,
Priest Rapids Tailrace CHN,3,G72AA8DD8,2026-05-01 17:25:16,2026-05-03 16:31:00,Mattawa,0,
Priest Rapids Tailrace CHN,3,G72AA8DD8,2026-05-01 17:25:16,2026-05-03 16:31:00,Priest BRZ,0,
Priest Rapids Tailrace CHN,3,G72AA8DD8,2026-05-01 17:25:16,2026-05-03 16:31:00,Lower Ringold,1,2026-05-04 11:53:37
Priest Rapids Tailrace CHN,3,G72AA8DD8,2026-05-01 17:25:16,2026-05-03 16:31:00,Hanford,1,2026-05-05 02:08:20
Priest Rapids Tailrace CHN,1,G72AD804B,2026-05-08 17:09:30,2026-05-10 16:20:00,Crescent Bar,0,
Priest Rapids Tailrace CHN,1,G72AD804B,2026-05-08 17:09:30,2026-05-10 16:20:00,Sunland,0,
Priest Rapids Tailrace CHN,1,G72AD804B,2026-05-08 17:09:30,2026-05-10 16:20:00,Wanapum BRZ,0,
Priest Rapids Tailrace CHN,1,G72AD804B,2026-05-08 17:09:30,2026-05-10 16:20:00,Mattawa,0,
Priest Rapids Tailrace CHN,1,G72AD804B,2026-05-08 17:09:30,2026-05-10 16:20:00,Priest BRZ,0,
Priest Rapids Tailrace CHN,1,G72AD804B,2026-05-08 17:09:30,2026-05-10 16:20:00,Lower Ringold,1,2026-05-12 06:00:54
Priest Rapids Tailrace CHN,1,G72AD804B,2026-05-08 17:09:30,2026-05-10 16:20:00,Hanford,1,2026-05-12 10:19:43
Priest Rapids Tailrace CHN,1,G72AD89D7,2026-05-05 16:36:23,2026-05-07 16:28:00,Crescent Bar,0,
Priest Rapids Tailrace CHN,1,G72AD89D7,2026-05-05 16:36:23,2026-05-07 16:28:00,Sunland,0,
Priest Rapids Tailrace CHN,1,G72AD89D7,2026-05-05 16:36:23,2026-05-07 16:28:00,Wanapum BRZ,0,
Priest Rapids Tailrace CHN,1,G72AD89D7,2026-05-05 16:36:23,2026-05-07 16:28:00,Mattawa,0,
Priest Rapids Tailrace CHN,1,G72AD89D7,2026-05-05 16:36:23,2026-05-07 16:28:00,Priest BRZ,0,
Priest Rapids Tailrace CHN,1,G72AD89D7,2026-05-05 16:36:23,2026-05-07 16:28:00,Lower Ringold,1,2026-05-08 13:09:11
Priest Rapids Tailrace CHN,1,G72AD89D7,2026-05-05 16:36:23,2026-05-07 16:28:00,Hanford,0,
Priest Rapids Tailrace CHN,1,G72AD9334,2026-05-08 17:08:40,2026-05-10 16:20:00,Crescent Bar,0,
Priest Rapids Tailrace CHN,1,G72AD9334,2026-05-08 17:08:40,2026-05-10 16:20:00,Sunland,0,
Priest Rapids Tailrace CHN,1,G72AD9334,2026-05-08 17:08:40,2026-05-10 16:20:00,Wanapum BRZ,0,
Priest Rapids Tailrace CHN,1,G72AD9334,2026-05-08 17:08:40,2026-05-10 16:20:00,Mattawa,0,
Priest Rapids Tailrace CHN,1,G72AD9334,2026-05-08 17:08:40,2026-05-10 16:20:00,Priest BRZ,0,
Priest Rapids Tailrace CHN,1,G72AD9334,2026-05-08 17:08:40,2026-05-10 16:20:00,Lower Ringold,1,2026-05-11 04:54:17
Priest Rapids Tailrace CHN,1,G72AD9334,2026-05-08 17:08:40,2026-05-10 16:20:00,Hanford,1,2026-05-11 08:16:16
Priest Rapids Tailrace CHN,3,G72AE7D97,2026-05-05 17:03:39,2026-05-07 16:28:00,Crescent Bar,0,
Priest Rapids Tailrace CHN,3,G72AE7D97,2026-05-05 17:03:39,2026-05-07 16:28:00,Sunland,0,
Priest Rapids Tailrace CHN,3,G72AE7D97,2026-05-05 17:03:39,2026-05-07 16:28:00,Wanapum BRZ,0,
Priest Rapids Tailrace CHN,3,G72AE7D97,2026-05-05 17:03:39,2026-05-07 16:28:00,Mattawa,0,
Priest Rapids Tailrace CHN,3,G72AE7D97,2026-05-05 17:03:39,2026-05-07 16:28:00,Priest BRZ,0,
Priest Rapids Tailrace CHN,3,G72AE7D97,2026-05-05 17:03:39,2026-05-07 16:28:00,Lower Ringold,1,2026-05-08 07:34:30
Priest Rapids Tailrace CHN,3,G72AE7D97,2026-05-05 17:03:39,2026-05-07 16:28:00,Hanford,1,2026-05-08 11:07:24
Priest Rapids Tailrace CHN,3,G72AE9BA3,2026-05-04 18:04:56,2026-05-06 16:47:00,Crescent Bar,0,
Priest Rapids Tailrace CHN,3,G72AE9BA3,2026-05-04 18:04:56,2026-05-06 16:47:00,Sunland,0,
Priest Rapids Tailrace CHN,3,G72AE9BA3,2026-05-04 18:04:56,2026-05-06 16:47:00,Wanapum BRZ,0,
Priest Rapids Tailrace CHN,3,G72AE9BA3,2026-05-04 18:04:56,2026-05-06 16:47:00,Mattawa,0,
Priest Rapids Tailrace CHN,3,G72AE9BA3,2026-05-04 18:04:56,2026-05-06 16:47:00,Priest BRZ,0,
Priest Rapids Tailrace CHN,3,G72AE9BA3,2026-05-04 18:04:56,2026-05-06 16:47:00,Lower Ringold,0,
Priest Rapids Tailrace CHN,3,G72AE9BA3,2026-05-04 18:04:56,2026-05-06 16:47:00,Hanford,0,
Priest Rapids Tailrace CHN,3,G72AEBADE,2026-05-08 17:07:48,2026-05-10 16:20:00,Crescent Bar,0,
Priest Rapids Tailrace CHN,3,G72AEBADE,2026-05-08 17:07:48,2026-05-10 16:20:00,Sunland,0,
Priest Rapids Tailrace CHN,3,G72AEBADE,2026-05-08 17:07:48,2026-05-10 16:20:00,Wanapum BRZ,0,
Priest Rapids Tailrace CHN,3,G72AEBADE,2026-05-08 17:07:48,2026-05-10 16:20:00,Mattawa,0,
Priest Rapids Tailrace CHN,3,G72AEBADE,2026-05-08 17:07:48,2026-05-10 16:20:00,Priest BRZ,0,
Priest Rapids Tailrace CHN,3,G72AEBADE,2026-05-08 17:07:48,2026-05-10 16:20:00,Lower Ringold,1,2026-05-12 04:13:46
Priest Rapids Tailrace CHN,3,G72AEBADE,2026-05-08 17:07:48,2026-05-10 16:20:00,Hanford,1,2026-05-12 08:20:01
Priest Rapids Tailrace CHN,3,G72AF1616,2026-05-07 17:09:42,2026-05-09 16:31:00,Crescent Bar,0,
Priest Rapids Tailrace CHN,3,G72AF1616,2026-05-07 17:09:42,2026-05-09 16:31:00,Sunland,0,
Priest Rapids Tailrace CHN,3,G72AF1616,2026-05-07 17:09:42,2026-05-09 16:31:00,Wanapum BRZ,0,
Priest Rapids Tailrace CHN,3,G72AF1616,2026-05-07 17:09:42,2026-05-09 16:31:00,Mattawa,0,
Priest Rapids Tailrace CHN,3,G72AF1616,2026-05-07 17:09:42,2026-05-09 16:31:00,Priest BRZ,0,
Priest Rapids Tailrace CHN,3,G72AF1616,2026-05-07 17:09:42,2026-05-09 16:31:00,Lower Ringold,1,2026-05-11 02:44:10
Priest Rapids Tailrace CHN,3,G72AF1616,2026-05-07 17:09:42,2026-05-09 16:31:00,Hanford,1,2026-05-11 06:18:12
Priest Rapids Tailrace CHN,1,G72B0A8CF,2026-05-07 17:13:17,2026-05-09 16:31:00,Crescent Bar,0,
Priest Rapids Tailrace CHN,1,G72B0A8CF,2026-05-07 17:13:17,2026-05-09 16:31:00,Sunland,0,
Priest Rapids Tailrace CHN,1,G72B0A8CF,2026-05-07 17:13:17,2026-05-09 16:31:00,Wanapum BRZ,0,
Priest Rapids Tailrace CHN,1,G72B0A8CF,2026-05-07 17:13:17,2026-05-09 16:31:00,Mattawa,0,
Priest Rapids Tailrace CHN,1,G72B0A8CF,2026-05-07 17:13:17,2026-05-09 16:31:00,Priest BRZ,0,
Priest Rapids Tailrace CHN,1,G72B0A8CF,2026-05-07 17:13:17,2026-05-09 16:31:00,Lower Ringold,1,2026-05-10 04:38:49
Priest Rapids Tailrace CHN,1,G72B0A8CF,2026-05-07 17:13:17,2026-05-09 16:31:00,Hanford,1,2026-05-10 08:46:07
Priest Rapids Tailrace CHN,1,G72B14A5E,2026-05-03 18:18:45,2026-05-05 17:13:00,Crescent Bar,0,
Priest Rapids Tailrace CHN,1,G72B14A5E,2026-05-03 18:18:45,2026-05-05 17:13:00,Sunland,0,
Priest Rapids Tailrace CHN,1,G72B14A5E,2026-05-03 18:18:45,2026-05-05 17:13:00,Wanapum BRZ,0,
Priest Rapids Tailrace CHN,1,G72B14A5E,2026-05-03 18:18:45,2026-05-05 17:13:00,Mattawa,0,
Priest Rapids Tailrace CHN,1,G72B14A5E,2026-05-03 18:18:45,2026-05-05 17:13:00,Priest BRZ,0,
Priest Rapids Tailrace CHN,1,G72B14A5E,2026-05-03 18:18:45,2026-05-05 17:13:00,Lower Ringold,1,2026-05-06 06:08:56
Priest Rapids Tailrace CHN,1,G72B14A5E,2026-05-03 18:18:45,2026-05-05 17:13:00,Hanford,0,
Priest Rapids Tailrace CHN,1,G72B1CEB3,2026-05-04 18:01:30,2026-05-06 16:47:00,Crescent Bar,0,
Priest Rapids Tailrace CHN,1,G72B1CEB3,2026-05-04 18:01:30,2026-05-06 16:47:00,Sunland,0,
Priest Rapids Tailrace CHN,1,G72B1CEB3,2026-05-04 18:01:30,2026-05-06 16:47:00,Wanapum BRZ,0,
Priest Rapids Tailrace CHN,1,G72B1CEB3,2026-05-04 18:01:30,2026-05-06 16:47:00,Mattawa,0,
Priest Rapids Tailrace CHN,1,G72B1CEB3,2026-05-04 18:01:30,2026-05-06 16:47:00,Priest BRZ,0,
Priest Rapids Tailrace CHN,1,G72B1CEB3,2026-05-04 18:01:30,2026-05-06 16:47:00,Lower Ringold,1,2026-05-08 12:35:38
Priest Rapids Tailrace CHN,1,G72B1CEB3,2026-05-04 18:01:30,2026-05-06 16:47:00,Hanford,1,2026-05-09 05:50:01
Priest Rapids Tailrace CHN,1,G72B209AF,2026-05-05 17:04:16,2026-05-07 16:28:00,Crescent Bar,0,
Priest Rapids Tailrace CHN,1,G72B209AF,2026-05-05 17:04:16,2026-05-07 16:28:00,Sunland,0,
Priest Rapids Tailrace CHN,1,G72B209AF,2026-05-05 17:04:16,2026-05-07 16:28:00,Wanapum BRZ,0,
Priest Rapids Tailrace CHN,1,G72B209AF,2026-05-05 17:04:16,2026-05-07 16:28:00,Mattawa,0,
Priest Rapids Tailrace CHN,1,G72B209AF,2026-05-05 17:04:16,2026-05-07 16:28:00,Priest BRZ,0,
Priest Rapids Tailrace CHN,1,G72B209AF,2026-05-05 17:04:16,2026-05-07 16:28:00,Lower Ringold,1,2026-05-08 07:39:42
Priest Rapids Tailrace CHN,1,G72B209AF,2026-05-05 17:04:16,2026-05-07 16:28:00,Hanford,1,2026-05-08 11:15:53
Priest Rapids Tailrace CHN,1,G72B24397,2026-05-04 18:01:46,2026-05-06 16:47:00,Crescent Bar,0,
Priest Rapids Tailrace CHN,1,G72B24397,2026-05-04 18:01:46,2026-05-06 16:47:00,Sunland,0,
Priest Rapids Tailrace CHN,1,G72B24397,2026-05-04 18:01:46,2026-05-06 16:47:00,Wanapum BRZ,0,
Priest Rapids Tailrace CHN,1,G72B24397,2026-05-04 18:01:46,2026-05-06 16:47:00,Mattawa,0,
Priest Rapids Tailrace CHN,1,G72B24397,2026-05-04 18:01:46,2026-05-06 16:47:00,Priest BRZ,0,
Priest Rapids Tailrace CHN,1,G72B24397,2026-05-04 18:01:46,2026-05-06 16:47:00,Lower Ringold,1,2026-05-07 11:46:30
Priest Rapids Tailrace CHN,1,G72B24397,2026-05-04 18:01:46,2026-05-06 16:47:00,Hanford,1,2026-05-08 05:51:50
Priest Rapids Tailrace CHN,1,G72B251B6,2026-05-02 17:39:01,2026-05-04 16:25:00,Crescent Bar,0,
Priest Rapids Tailrace CHN,1,G72B251B6,2026-05-02 17:39:01,2026-05-04 16:25:00,Sunland,0,
Priest Rapids Tailrace CHN,1,G72B251B6,2026-05-02 17:39:01,2026-05-04 16:25:00,Wanapum BRZ,0,
Priest Rapids Tailrace CHN,1,G72B251B6,2026-05-02 17:39:01,2026-05-04 16:25:00,Mattawa,0,
Priest Rapids Tailrace CHN,1,G72B251B6,2026-05-02 17:39:01,2026-05-04 16:25:00,Priest BRZ,0,
Priest Rapids Tailrace CHN,1,G72B251B6,2026-05-02 17:39:01,2026-05-04 16:25:00,Lower Ringold,1,2026-05-05 05:57:33
Priest Rapids Tailrace CHN,1,G72B251B6,2026-05-02 17:39:01,2026-05-04 16:25:00,Hanford,1,2026-05-05 09:22:15
Priest Rapids Tailrace CHN,1,G72B2576B,2026-05-06 17:51:39,2026-05-09 16:31:00,Crescent Bar,0,
Priest Rapids Tailrace CHN,1,G72B2576B,2026-05-06 17:51:39,2026-05-09 16:31:00,Sunland,0,
Priest Rapids Tailrace CHN,1,G72B2576B,2026-05-06 17:51:39,2026-05-09 16:31:00,Wanapum BRZ,0,
Priest Rapids Tailrace CHN,1,G72B2576B,2026-05-06 17:51:39,2026-05-09 16:31:00,Mattawa,0,
Priest Rapids Tailrace CHN,1,G72B2576B,2026-05-06 17:51:39,2026-05-09 16:31:00,Priest BRZ,0,
Priest Rapids Tailrace CHN,1,G72B2576B,2026-05-06 17:51:39,2026-05-09 16:31:00,Lower Ringold,1,2026-05-10 13:52:20
Priest Rapids Tailrace CHN,1,G72B2576B,2026-05-06 17:51:39,2026-05-09 16:31:00,Hanford,1,2026-05-10 17:50:01
Priest Rapids Tailrace CHN,2,G72B43F66,2026-05-05 16:47:59,2026-05-07 16:28:00,Crescent Bar,0,
Priest Rapids Tailrace CHN,2,G72B43F66,2026-05-05 16:47:59,2026-05-07 16:28:00,Sunland,0,
Priest Rapids Tailrace CHN,2,G72B43F66,2026-05-05 16:47:59,2026-05-07 16:28:00,Wanapum BRZ,0,
Priest Rapids Tailrace CHN,2,G72B43F66,2026-05-05 16:47:59,2026-05-07 16:28:00,Mattawa,0,
Priest Rapids Tailrace CHN,2,G72B43F66,2026-05-05 16:47:59,2026-05-07 16:28:00,Priest BRZ,0,
Priest Rapids Tailrace CHN,2,G72B43F66,2026-05-05 16:47:59,2026-05-07 16:28:00,Lower Ringold,1,2026-05-08 09:20:25
Priest Rapids Tailrace CHN,2,G72B43F66,2026-05-05 16:47:59,2026-05-07 16:28:00,Hanford,1,2026-05-08 12:45:27
Priest Rapids Tailrace CHN,2,G72B45A3C,2026-05-02 18:04:53,2026-05-04 16:25:00,Crescent Bar,0,
Priest Rapids Tailrace CHN,2,G72B45A3C,2026-05-02 18:04:53,2026-05-04 16:25:00,Sunland,0,
Priest Rapids Tailrace CHN,2,G72B45A3C,2026-05-02 18:04:53,2026-05-04 16:25:00,Wanapum BRZ,0,
Priest Rapids Tailrace CHN,2,G72B45A3C,2026-05-02 18:04:53,2026-05-04 16:25:00,Mattawa,0,
Priest Rapids Tailrace CHN,2,G72B45A3C,2026-05-02 18:04:53,2026-05-04 16:25:00,Priest BRZ,0,
Priest Rapids Tailrace CHN,2,G72B45A3C,2026-05-02 18:04:53,2026-05-04 16:25:00,Lower Ringold,1,2026-05-06 05:17:46
Priest Rapids Tailrace CHN,2,G72B45A3C,2026-05-02 18:04:53,2026-05-04 16:25:00,Hanford,1,2026-05-06 08:35:16
Priest Rapids Tailrace CHN,2,G72B4A457,2026-05-07 17:14:29,2026-05-09 16:31:00,Crescent Bar,0,
Priest Rapids Tailrace CHN,2,G72B4A457,2026-05-07 17:14:29,2026-05-09 16:31:00,Sunland,0,
Priest Rapids Tailrace CHN,2,G72B4A457,2026-05-07 17:14:29,2026-05-09 16:31:00,Wanapum BRZ,0,
Priest Rapids Tailrace CHN,2,G72B4A457,2026-05-07 17:14:29,2026-05-09 16:31:00,Mattawa,0,
Priest Rapids Tailrace CHN,2,G72B4A457,2026-05-07 17:14:29,2026-05-09 16:31:00,Priest BRZ,0,
Priest Rapids Tailrace CHN,2,G72B4A457,2026-05-07 17:14:29,2026-05-09 16:31:00,Lower Ringold,1,2026-05-10 07:37:55
Priest Rapids Tailrace CHN,2,G72B4A457,2026-05-07 17:14:29,2026-05-09 16:31:00,Hanford,1,2026-05-10 10:19:41
Priest Rapids Tailrace CHN,1,G72B4AE29,2026-05-06 18:16:43,2026-05-09 16:31:00,Crescent Bar,0,
Priest Rapids Tailrace CHN,1,G72B4AE29,2026-05-06 18:16:43,2026-05-09 16:31:00,Sunland,0,
Priest Rapids Tailrace CHN,1,G72B4AE29,2026-05-06 18:16:43,2026-05-09 16:31:00,Wanapum BRZ,0,
Priest Rapids Tailrace CHN,1,G72B4AE29,2026-05-06 18:16:43,2026-05-09 16:31:00,Mattawa,0,
Priest Rapids Tailrace CHN,1,G72B4AE29,2026-05-06 18:16:43,2026-05-09 16:31:00,Priest BRZ,0,
Priest Rapids Tailrace CHN,1,G72B4AE29,2026-05-06 18:16:43,2026-05-09 16:31:00,Lower Ringold,1,2026-05-10 05:59:53
Priest Rapids Tailrace CHN,1,G72B4AE29,2026-05-06 18:16:43,2026-05-09 16:31:00,Hanford,1,2026-05-10 14:29:01
Priest Rapids Tailrace CHN,2,G72B4ED8D,2026-05-03 18:45:50,2026-05-05 17:13:00,Crescent Bar,0,
Priest Rapids Tailrace CHN,2,G72B4ED8D,2026-05-03 18:45:50,2026-05-05 17:13:00,Sunland,0,
Priest Rapids Tailrace CHN,2,G72B4ED8D,2026-05-03 18:45:50,2026-05-05 17:13:00,Wanapum BRZ,0,
Priest Rapids Tailrace CHN,2,G72B4ED8D,2026-05-03 18:45:50,2026-05-05 17:13:00,Mattawa,0,
Priest Rapids Tailrace CHN,2,G72B4ED8D,2026-05-03 18:45:50,2026-05-05 17:13:00,Priest BRZ,0,
Priest Rapids Tailrace CHN,2,G72B4ED8D,2026-05-03 18:45:50,2026-05-05 17:13:00,Lower Ringold,1,2026-05-06 10:09:36
Priest Rapids Tailrace CHN,2,G72B4ED8D,2026-05-03 18:45:50,2026-05-05 17:13:00,Hanford,1,2026-05-06 13:04:49
Priest Rapids Tailrace CHN,2,G72B56459,2026-05-02 17:59:21,2026-05-04 16:25:00,Crescent Bar,0,
Priest Rapids Tailrace CHN,2,G72B56459,2026-05-02 17:59:21,2026-05-04 16:25:00,Sunland,0,
Priest Rapids Tailrace CHN,2,G72B56459,2026-05-02 17:59:21,2026-05-04 16:25:00,Wanapum BRZ,0,
Priest Rapids Tailrace CHN,2,G72B56459,2026-05-02 17:59:21,2026-05-04 16:25:00,Mattawa,0,
Priest Rapids Tailrace CHN,2,G72B56459,2026-05-02 17:59:21,2026-05-04 16:25:00,Priest BRZ,0,
Priest Rapids Tailrace CHN,2,G72B56459,2026-05-02 17:59:21,2026-05-04 16:25:00,Lower Ringold,1,2026-05-05 05:13:38
Priest Rapids Tailrace CHN,2,G72B56459,2026-05-02 17:59:21,2026-05-04 16:25:00,Hanford,1,2026-05-05 07:47:38
Priest Rapids Tailrace CHN,1,G72B623C9,2026-05-08 17:03:54,2026-05-10 16:20:00,Crescent Bar,0,
Priest Rapids Tailrace CHN,1,G72B623C9,2026-05-08 17:03:54,2026-05-10 16:20:00,Sunland,0,
Priest Rapids Tailrace CHN,1,G72B623C9,2026-05-08 17:03:54,2026-05-10 16:20:00,Wanapum BRZ,0,
Priest Rapids Tailrace CHN,1,G72B623C9,2026-05-08 17:03:54,2026-05-10 16:20:00,Mattawa,0,
Priest Rapids Tailrace CHN,1,G72B623C9,2026-05-08 17:03:54,2026-05-10 16:20:00,Priest BRZ,0,
Priest Rapids Tailrace CHN,1,G72B623C9,2026-05-08 17:03:54,2026-05-10 16:20:00,Lower Ringold,1,2026-05-11 09:42:27
Priest Rapids Tailrace CHN,1,G72B623C9,2026-05-08 17:03:54,2026-05-10 16:20:00,Hanford,1,2026-05-11 12:52:13
Priest Rapids Tailrace CHN,1,G72B6F39E,2026-05-01 17:19:43,2026-05-03 16:31:00,Crescent Bar,0,
Priest Rapids Tailrace CHN,1,G72B6F39E,2026-05-01 17:19:43,2026-05-03 16:31:00,Sunland,0,
Priest Rapids Tailrace CHN,1,G72B6F39E,2026-05-01 17:19:43,2026-05-03 16:31:00,Wanapum BRZ,0,
Priest Rapids Tailrace CHN,1,G72B6F39E,2026-05-01 17:19:43,2026-05-03 16:31:00,Mattawa,0,
Priest Rapids Tailrace CHN,1,G72B6F39E,2026-05-01 17:19:43,2026-05-03 16:31:00,Priest BRZ,0,
Priest Rapids Tailrace CHN,1,G72B6F39E,2026-05-01 17:19:43,2026-05-03 16:31:00,Lower Ringold,1,2026-05-04 04:48:02
Priest Rapids Tailrace CHN,1,G72B6F39E,2026-05-01 17:19:43,2026-05-03 16:31:00,Hanford,1,2026-05-04 07:45:43
Priest Rapids Tailrace CHN,3,G72B9E245,2026-05-02 18:05:29,2026-05-04 16:25:00,Crescent Bar,0,
Priest Rapids Tailrace CHN,3,G72B9E245,2026-05-02 18:05:29,2026-05-04 16:25:00,Sunland,0,
Priest Rapids Tailrace CHN,3,G72B9E245,2026-05-02 18:05:29,2026-05-04 16:25:00,Wanapum BRZ,0,
Priest Rapids Tailrace CHN,3,G72B9E245,2026-05-02 18:05:29,2026-05-04 16:25:00,Mattawa,0,
Priest Rapids Tailrace CHN,3,G72B9E245,2026-05-02 18:05:29,2026-05-04 16:25:00,Priest BRZ,0,
Priest Rapids Tailrace CHN,3,G72B9E245,2026-05-02 18:05:29,2026-05-04 16:25:00,Lower Ringold,1,2026-05-05 07:54:30
Priest Rapids Tailrace CHN,3,G72B9E245,2026-05-02 18:05:29,2026-05-04 16:25:00,Hanford,1,2026-05-05 10:39:51
Priest Rapids Tailrace CHN,3,G72BA0045,2026-04-30 16:41:37,2026-05-02 16:36:00,Crescent Bar,0,
Priest Rapids Tailrace CHN,3,G72BA0045,2026-04-30 16:41:37,2026-05-02 16:36:00,Sunland,0,
Priest Rapids Tailrace CHN,3,G72BA0045,2026-04-30 16:41:37,2026-05-02 16:36:00,Wanapum BRZ,0,
Priest Rapids Tailrace CHN,3,G72BA0045,2026-04-30 16:41:37,2026-05-02 16:36:00,Mattawa,0,
Priest Rapids Tailrace CHN,3,G72BA0045,2026-04-30 16:41:37,2026-05-02 16:36:00,Priest BRZ,0,
Priest Rapids Tailrace CHN,3,G72BA0045,2026-04-30 16:41:37,2026-05-02 16:36:00,Lower Ringold,0,
Priest Rapids Tailrace CHN,3,G72BA0045,2026-04-30 16:41:37,2026-05-02 16:36:00,Hanford,0,
Priest Rapids Tailrace CHN,1,G72BA31A5,2026-05-07 17:18:55,2026-05-09 16:31:00,Crescent Bar,0,
Priest Rapids Tailrace CHN,1,G72BA31A5,2026-05-07 17:18:55,2026-05-09 16:31:00,Sunland,0,
Priest Rapids Tailrace CHN,1,G72BA31A5,2026-05-07 17:18:55,2026-05-09 16:31:00,Wanapum BRZ,0,
Priest Rapids Tailrace CHN,1,G72BA31A5,2026-05-07 17:18:55,2026-05-09 16:31:00,Mattawa,0,
Priest Rapids Tailrace CHN,1,G72BA31A5,2026-05-07 17:18:55,2026-05-09 16:31:00,Priest BRZ,0,
Priest Rapids Tailrace CHN,1,G72BA31A5,2026-05-07 17:18:55,2026-05-09 16:31:00,Lower Ringold,1,2026-05-10 13:11:13
Priest Rapids Tailrace CHN,1,G72BA31A5,2026-05-07 17:18:55,2026-05-09 16:31:00,Hanford,1,2026-05-10 16:21:15
Priest Rapids Tailrace CHN,3,G72BB44A6,2026-05-02 17:44:23,2026-05-04 16:25:00,Crescent Bar,0,
Priest Rapids Tailrace CHN,3,G72BB44A6,2026-05-02 17:44:23,2026-05-04 16:25:00,Sunland,0,
Priest Rapids Tailrace CHN,3,G72BB44A6,2026-05-02 17:44:23,2026-05-04 16:25:00,Wanapum BRZ,0,
Priest Rapids Tailrace CHN,3,G72BB44A6,2026-05-02 17:44:23,2026-05-04 16:25:00,Mattawa,0,
Priest Rapids Tailrace CHN,3,G72BB44A6,2026-05-02 17:44:23,2026-05-04 16:25:00,Priest BRZ,0,
Priest Rapids Tailrace CHN,3,G72BB44A6,2026-05-02 17:44:23,2026-05-04 16:25:00,Lower Ringold,1,2026-05-05 08:05:42
Priest Rapids Tailrace CHN,3,G72BB44A6,2026-05-02 17:44:23,2026-05-04 16:25:00,Hanford,1,2026-05-05 11:37:56
Priest Rapids Tailrace CHN,3,G72BB61BA,2026-05-01 17:22:49,2026-05-03 16:31:00,Crescent Bar,0,
Priest Rapids Tailrace CHN,3,G72BB61BA,2026-05-01 17:22:49,2026-05-03 16:31:00,Sunland,0,
Priest Rapids Tailrace CHN,3,G72BB61BA,2026-05-01 17:22:49,2026-05-03 16:31:00,Wanapum BRZ,0,
Priest Rapids Tailrace CHN,3,G72BB61BA,2026-05-01 17:22:49,2026-05-03 16:31:00,Mattawa,0,
Priest Rapids Tailrace CHN,3,G72BB61BA,2026-05-01 17:22:49,2026-05-03 16:31:00,Priest BRZ,0,
Priest Rapids Tailrace CHN,3,G72BB61BA,2026-05-01 17:22:49,2026-05-03 16:31:00,Lower Ringold,1,2026-05-04 16:10:42
Priest Rapids Tailrace CHN,3,G72BB61BA,2026-05-01 17:22:49,2026-05-03 16:31:00,Hanford,1,2026-05-05 00:05:19
Priest Rapids Tailrace CHN,3,G72BBB66E,2026-05-08 20:01:36,2026-05-10 16:20:00,Crescent Bar,0,
Priest Rapids Tailrace CHN,3,G72BBB66E,2026-05-08 20:01:36,2026-05-10 16:20:00,Sunland,0,
Priest Rapids Tailrace CHN,3,G72BBB66E,2026-05-08 20:01:36,2026-05-10 16:20:00,Wanapum BRZ,0,
Priest Rapids Tailrace CHN,3,G72BBB66E,2026-05-08 20:01:36,2026-05-10 16:20:00,Mattawa,0,
Priest Rapids Tailrace CHN,3,G72BBB66E,2026-05-08 20:01:36,2026-05-10 16:20:00,Priest BRZ,0,
Priest Rapids Tailrace CHN,3,G72BBB66E,2026-05-08 20:01:36,2026-05-10 16:20:00,Lower Ringold,1,2026-05-11 08:39:46
Priest Rapids Tailrace CHN,3,G72BBB66E,2026-05-08 20:01:36,2026-05-10 16:20:00,Hanford,1,2026-05-11 11:50:57
Priest Rapids Tailrace CHN,3,G72BC2AB2,2026-05-08 20:00:52,2026-05-10 16:20:00,Crescent Bar,0,
Priest Rapids Tailrace CHN,3,G72BC2AB2,2026-05-08 20:00:52,2026-05-10 16:20:00,Sunland,0,
Priest Rapids Tailrace CHN,3,G72BC2AB2,2026-05-08 20:00:52,2026-05-10 16:20:00,Wanapum BRZ,0,
Priest Rapids Tailrace CHN,3,G72BC2AB2,2026-05-08 20:00:52,2026-05-10 16:20:00,Mattawa,0,
Priest Rapids Tailrace CHN,3,G72BC2AB2,2026-05-08 20:00:52,2026-05-10 16:20:00,Priest BRZ,0,
Priest Rapids Tailrace CHN,3,G72BC2AB2,2026-05-08 20:00:52,2026-05-10 16:20:00,Lower Ringold,1,2026-05-11 08:35:34
Priest Rapids Tailrace CHN,3,G72BC2AB2,2026-05-08 20:00:52,2026-05-10 16:20:00,Hanford,1,2026-05-11 11:52:39
Priest Rapids Tailrace CHN,3,G72BC41F7,2026-05-04 17:47:50,2026-05-06 16:47:00,Crescent Bar,0,
Priest Rapids Tailrace CHN,3,G72BC41F7,2026-05-04 17:47:50,2026-05-06 16:47:00,Sunland,0,
Priest Rapids Tailrace CHN,3,G72BC41F7,2026-05-04 17:47:50,2026-05-06 16:47:00,Wanapum BRZ,0,
Priest Rapids Tailrace CHN,3,G72BC41F7,2026-05-04 17:47:50,2026-05-06 16:47:00,Mattawa,0,
Priest Rapids Tailrace CHN,3,G72BC41F7,2026-05-04 17:47:50,2026-05-06 16:47:00,Priest BRZ,0,
Priest Rapids Tailrace CHN,3,G72BC41F7,2026-05-04 17:47:50,2026-05-06 16:47:00,Lower Ringold,1,2026-05-07 16:35:17
Priest Rapids Tailrace CHN,3,G72BC41F7,2026-05-04 17:47:50,2026-05-06 16:47:00,Hanford,1,2026-05-07 20:51:20
Priest Rapids Tailrace CHN,3,G72BCE785,2026-05-04 17:51:22,2026-05-06 16:47:00,Crescent Bar,0,
Priest Rapids Tailrace CHN,3,G72BCE785,2026-05-04 17:51:22,2026-05-06 16:47:00,Sunland,0,
Priest Rapids Tailrace CHN,3,G72BCE785,2026-05-04 17:51:22,2026-05-06 16:47:00,Wanapum BRZ,0,
Priest Rapids Tailrace CHN,3,G72BCE785,2026-05-04 17:51:22,2026-05-06 16:47:00,Mattawa,0,
Priest Rapids Tailrace CHN,3,G72BCE785,2026-05-04 17:51:22,2026-05-06 16:47:00,Priest BRZ,0,
Priest Rapids Tailrace CHN,3,G72BCE785,2026-05-04 17:51:22,2026-05-06 16:47:00,Lower Ringold,1,2026-05-07 11:42:19
Priest Rapids Tailrace CHN,3,G72BCE785,2026-05-04 17:51:22,2026-05-06 16:47:00,Hanford,1,2026-05-07 15:34:24
Priest Rapids Tailrace CHN,3,G72C17E37,2026-05-01 17:14:45,2026-05-03 16:31:00,Crescent Bar,0,
Priest Rapids Tailrace CHN,3,G72C17E37,2026-05-01 17:14:45,2026-05-03 16:31:00,Sunland,0,
Priest Rapids Tailrace CHN,3,G72C17E37,2026-05-01 17:14:45,2026-05-03 16:31:00,Wanapum BRZ,0,
Priest Rapids Tailrace CHN,3,G72C17E37,2026-05-01 17:14:45,2026-05-03 16:31:00,Mattawa,0,
Priest Rapids Tailrace CHN,3,G72C17E37,2026-05-01 17:14:45,2026-05-03 16:31:00,Priest BRZ,0,
Priest Rapids Tailrace CHN,3,G72C17E37,2026-05-01 17:14:45,2026-05-03 16:31:00,Lower Ringold,1,2026-05-04 06:22:54
Priest Rapids Tailrace CHN,3,G72C17E37,2026-05-01 17:14:45,2026-05-03 16:31:00,Hanford,1,2026-05-04 09:06:17
Priest Rapids Tailrace CHN,1,G72C21018,2026-05-01 17:18:43,2026-05-03 16:31:00,Crescent Bar,0,
Priest Rapids Tailrace CHN,1,G72C21018,2026-05-01 17:18:43,2026-05-03 16:31:00,Sunland,0,
Priest Rapids Tailrace CHN,1,G72C21018,2026-05-01 17:18:43,2026-05-03 16:31:00,Wanapum BRZ,0,
Priest Rapids Tailrace CHN,1,G72C21018,2026-05-01 17:18:43,2026-05-03 16:31:00,Mattawa,0,
Priest Rapids Tailrace CHN,1,G72C21018,2026-05-01 17:18:43,2026-05-03 16:31:00,Priest BRZ,0,
Priest Rapids Tailrace CHN,1,G72C21018,2026-05-01 17:18:43,2026-05-03 16:31:00,Lower Ringold,1,2026-05-04 08:27:53
Priest Rapids Tailrace CHN,1,G72C21018,2026-05-01 17:18:43,2026-05-03 16:31:00,Hanford,1,2026-05-04 11:38:17
Priest Rapids Tailrace CHN,1,G72C4D419,2026-05-04 18:04:20,2026-05-06 16:47:00,Crescent Bar,0,
Priest Rapids Tailrace CHN,1,G72C4D419,2026-05-04 18:04:20,2026-05-06 16:47:00,Sunland,0,
Priest Rapids Tailrace CHN,1,G72C4D419,2026-05-04 18:04:20,2026-05-06 16:47:00,Wanapum BRZ,0,
Priest Rapids Tailrace CHN,1,G72C4D419,2026-05-04 18:04:20,2026-05-06 16:47:00,Mattawa,0,
Priest Rapids Tailrace CHN,1,G72C4D419,2026-05-04 18:04:20,2026-05-06 16:47:00,Priest BRZ,0,
Priest Rapids Tailrace CHN,1,G72C4D419,2026-05-04 18:04:20,2026-05-06 16:47:00,Lower Ringold,0,
Priest Rapids Tailrace CHN,1,G72C4D419,2026-05-04 18:04:20,2026-05-06 16:47:00,Hanford,0,
Priest Rapids Tailrace CHN,1,G72C633E2,2026-05-02 17:23:22,2026-05-04 16:25:00,Crescent Bar,0,
Priest Rapids Tailrace CHN,1,G72C633E2,2026-05-02 17:23:22,2026-05-04 16:25:00,Sunland,0,
Priest Rapids Tailrace CHN,1,G72C633E2,2026-05-02 17:23:22,2026-05-04 16:25:00,Wanapum BRZ,0,
Priest Rapids Tailrace CHN,1,G72C633E2,2026-05-02 17:23:22,2026-05-04 16:25:00,Mattawa,0,
Priest Rapids Tailrace CHN,1,G72C633E2,2026-05-02 17:23:22,2026-05-04 16:25:00,Priest BRZ,0,
Priest Rapids Tailrace CHN,1,G72C633E2,2026-05-02 17:23:22,2026-05-04 16:25:00,Lower Ringold,1,2026-05-05 09:34:39
Priest Rapids Tailrace CHN,1,G72C633E2,2026-05-02 17:23:22,2026-05-04 16:25:00,Hanford,1,2026-05-05 12:23:31
Priest Rapids Tailrace CHN,1,G72C73326,2026-05-01 17:19:23,2026-05-03 16:31:00,Crescent Bar,0,
Priest Rapids Tailrace CHN,1,G72C73326,2026-05-01 17:19:23,2026-05-03 16:31:00,Sunland,0,
Priest Rapids Tailrace CHN,1,G72C73326,2026-05-01 17:19:23,2026-05-03 16:31:00,Wanapum BRZ,0,
Priest Rapids Tailrace CHN,1,G72C73326,2026-05-01 17:19:23,2026-05-03 16:31:00,Mattawa,0,
Priest Rapids Tailrace CHN,1,G72C73326,2026-05-01 17:19:23,2026-05-03 16:31:00,Priest BRZ,0,
Priest Rapids Tailrace CHN,1,G72C73326,2026-05-01 17:19:23,2026-05-03 16:31:00,Lower Ringold,1,2026-05-04 03:56:54
Priest Rapids Tailrace CHN,1,G72C73326,2026-05-01 17:19:23,2026-05-03 16:31:00,Hanford,1,2026-05-04 06:48:56
Priest Rapids Tailrace CHN,1,G72C76141,2026-05-02 17:57:37,2026-05-04 16:25:00,Crescent Bar,0,
Priest Rapids Tailrace CHN,1,G72C76141,2026-05-02 17:57:37,2026-05-04 16:25:00,Sunland,0,
Priest Rapids Tailrace CHN,1,G72C76141,2026-05-02 17:57:37,2026-05-04 16:25:00,Wanapum BRZ,0,
Priest Rapids Tailrace CHN,1,G72C76141,2026-05-02 17:57:37,2026-05-04 16:25:00,Mattawa,0,
Priest Rapids Tailrace CHN,1,G72C76141,2026-05-02 17:57:37,2026-05-04 16:25:00,Priest BRZ,0,
Priest Rapids Tailrace CHN,1,G72C76141,2026-05-02 17:57:37,2026-05-04 16:25:00,Lower Ringold,1,2026-05-10 19:30:19
Priest Rapids Tailrace CHN,1,G72C76141,2026-05-02 17:57:37,2026-05-04 16:25:00,Hanford,1,2026-05-10 23:01:24
Priest Rapids Tailrace CHN,1,G72C796B6,2026-05-06 17:56:58,2026-05-09 16:31:00,Crescent Bar,0,
Priest Rapids Tailrace CHN,1,G72C796B6,2026-05-06 17:56:58,2026-05-09 16:31:00,Sunland,0,
Priest Rapids Tailrace CHN,1,G72C796B6,2026-05-06 17:56:58,2026-05-09 16:31:00,Wanapum BRZ,0,
Priest Rapids Tailrace CHN,1,G72C796B6,2026-05-06 17:56:58,2026-05-09 16:31:00,Mattawa,0,
Priest Rapids Tailrace CHN,1,G72C796B6,2026-05-06 17:56:58,2026-05-09 16:31:00,Priest BRZ,0,
Priest Rapids Tailrace CHN,1,G72C796B6,2026-05-06 17:56:58,2026-05-09 16:31:00,Lower Ringold,1,2026-05-10 09:39:57
Priest Rapids Tailrace CHN,1,G72C796B6,2026-05-06 17:56:58,2026-05-09 16:31:00,Hanford,1,2026-05-10 12:46:19
Priest Rapids Tailrace CHN,1,G72C7F531,2026-05-03 18:34:05,2026-05-05 17:13:00,Crescent Bar,0,
Priest Rapids Tailrace CHN,1,G72C7F531,2026-05-03 18:34:05,2026-05-05 17:13:00,Sunland,0,
Priest Rapids Tailrace CHN,1,G72C7F531,2026-05-03 18:34:05,2026-05-05 17:13:00,Wanapum BRZ,0,
Priest Rapids Tailrace CHN,1,G72C7F531,2026-05-03 18:34:05,2026-05-05 17:13:00,Mattawa,0,
Priest Rapids Tailrace CHN,1,G72C7F531,2026-05-03 18:34:05,2026-05-05 17:13:00,Priest BRZ,0,
Priest Rapids Tailrace CHN,1,G72C7F531,2026-05-03 18:34:05,2026-05-05 17:13:00,Lower Ringold,1,2026-05-06 09:06:50
Priest Rapids Tailrace CHN,1,G72C7F531,2026-05-03 18:34:05,2026-05-05 17:13:00,Hanford,1,2026-05-06 11:58:26
Priest Rapids Tailrace CHN,1,G72C8381E,2026-05-06 18:10:18,2026-05-09 16:31:00,Crescent Bar,0,
Priest Rapids Tailrace CHN,1,G72C8381E,2026-05-06 18:10:18,2026-05-09 16:31:00,Sunland,0,
Priest Rapids Tailrace CHN,1,G72C8381E,2026-05-06 18:10:18,2026-05-09 16:31:00,Wanapum BRZ,0,
Priest Rapids Tailrace CHN,1,G72C8381E,2026-05-06 18:10:18,2026-05-09 16:31:00,Mattawa,0,
Priest Rapids Tailrace CHN,1,G72C8381E,2026-05-06 18:10:18,2026-05-09 16:31:00,Priest BRZ,0,
Priest Rapids Tailrace CHN,1,G72C8381E,2026-05-06 18:10:18,2026-05-09 16:31:00,Lower Ringold,1,2026-05-10 05:01:13
Priest Rapids Tailrace CHN,1,G72C8381E,2026-05-06 18:10:18,2026-05-09 16:31:00,Hanford,1,2026-05-10 08:33:52
Priest Rapids Tailrace CHN,1,G72C94481,2026-05-03 18:42:41,2026-05-05 17:13:00,Crescent Bar,0,
Priest Rapids Tailrace CHN,1,G72C94481,2026-05-03 18:42:41,2026-05-05 17:13:00,Sunland,0,
Priest Rapids Tailrace CHN,1,G72C94481,2026-05-03 18:42:41,2026-05-05 17:13:00,Wanapum BRZ,0,
Priest Rapids Tailrace CHN,1,G72C94481,2026-05-03 18:42:41,2026-05-05 17:13:00,Mattawa,0,
Priest Rapids Tailrace CHN,1,G72C94481,2026-05-03 18:42:41,2026-05-05 17:13:00,Priest BRZ,0,
Priest Rapids Tailrace CHN,1,G72C94481,2026-05-03 18:42:41,2026-05-05 17:13:00,Lower Ringold,1,2026-05-06 15:42:12
Priest Rapids Tailrace CHN,1,G72C94481,2026-05-03 18:42:41,2026-05-05 17:13:00,Hanford,1,2026-05-06 19:24:02
Priest Rapids Tailrace CHN,3,G72C99FF6,2026-05-07 17:15:39,2026-05-09 16:31:00,Crescent Bar,0,
Priest Rapids Tailrace CHN,3,G72C99FF6,2026-05-07 17:15:39,2026-05-09 16:31:00,Sunland,0,
Priest Rapids Tailrace CHN,3,G72C99FF6,2026-05-07 17:15:39,2026-05-09 16:31:00,Wanapum BRZ,0,
Priest Rapids Tailrace CHN,3,G72C99FF6,2026-05-07 17:15:39,2026-05-09 16:31:00,Mattawa,0,
Priest Rapids Tailrace CHN,3,G72C99FF6,2026-05-07 17:15:39,2026-05-09 16:31:00,Priest BRZ,0,
Priest Rapids Tailrace CHN,3,G72C99FF6,2026-05-07 17:15:39,2026-05-09 16:31:00,Lower Ringold,1,2026-05-10 05:28:53
Priest Rapids Tailrace CHN,3,G72C99FF6,2026-05-07 17:15:39,2026-05-09 16:31:00,Hanford,1,2026-05-10 12:46:43
Priest Rapids Tailrace CHN,1,G72CAA3BE,2026-05-06 17:53:06,2026-05-09 16:31:00,Crescent Bar,0,
Priest Rapids Tailrace CHN,1,G72CAA3BE,2026-05-06 17:53:06,2026-05-09 16:31:00,Sunland,0,
Priest Rapids Tailrace CHN,1,G72CAA3BE,2026-05-06 17:53:06,2026-05-09 16:31:00,Wanapum BRZ,0,
Priest Rapids Tailrace CHN,1,G72CAA3BE,2026-05-06 17:53:06,2026-05-09 16:31:00,Mattawa,0,
Priest Rapids Tailrace CHN,1,G72CAA3BE,2026-05-06 17:53:06,2026-05-09 16:31:00,Priest BRZ,0,
Priest Rapids Tailrace CHN,1,G72CAA3BE,2026-05-06 17:53:06,2026-05-09 16:31:00,Lower Ringold,1,2026-05-10 17:04:09
Priest Rapids Tailrace CHN,1,G72CAA3BE,2026-05-06 17:53:06,2026-05-09 16:31:00,Hanford,1,2026-05-10 21:57:42
Priest Rapids Tailrace CHN,1,G72CBDA1E,2026-05-07 17:30:21,2026-05-09 16:31:00,Crescent Bar,0,
Priest Rapids Tailrace CHN,1,G72CBDA1E,2026-05-07 17:30:21,2026-05-09 16:31:00,Sunland,0,
Priest Rapids Tailrace CHN,1,G72CBDA1E,2026-05-07 17:30:21,2026-05-09 16:31:00,Wanapum BRZ,0,
Priest Rapids Tailrace CHN,1,G72CBDA1E,2026-05-07 17:30:21,2026-05-09 16:31:00,Mattawa,0,
Priest Rapids Tailrace CHN,1,G72CBDA1E,2026-05-07 17:30:21,2026-05-09 16:31:00,Priest BRZ,0,
Priest Rapids Tailrace CHN,1,G72CBDA1E,2026-05-07 17:30:21,2026-05-09 16:31:00,Lower Ringold,0,
Priest Rapids Tailrace CHN,1,G72CBDA1E,2026-05-07 17:30:21,2026-05-09 16:31:00,Hanford,0,
Priest Rapids Tailrace CHN,3,G72CD9C2F,2026-05-06 18:03:12,2026-05-09 16:31:00,Crescent Bar,0,
Priest Rapids Tailrace CHN,3,G72CD9C2F,2026-05-06 18:03:12,2026-05-09 16:31:00,Sunland,0,
Priest Rapids Tailrace CHN,3,G72CD9C2F,2026-05-06 18:03:12,2026-05-09 16:31:00,Wanapum BRZ,0,
Priest Rapids Tailrace CHN,3,G72CD9C2F,2026-05-06 18:03:12,2026-05-09 16:31:00,Mattawa,0,
Priest Rapids Tailrace CHN,3,G72CD9C2F,2026-05-06 18:03:12,2026-05-09 16:31:00,Priest BRZ,0,
Priest Rapids Tailrace CHN,3,G72CD9C2F,2026-05-06 18:03:12,2026-05-09 16:31:00,Lower Ringold,1,2026-05-10 06:01:06
Priest Rapids Tailrace CHN,3,G72CD9C2F,2026-05-06 18:03:12,2026-05-09 16:31:00,Hanford,1,2026-05-10 09:16:13
Priest Rapids Tailrace CHN,3,G72CEB966,2026-05-04 18:01:06,2026-05-06 16:47:00,Crescent Bar,0,
Priest Rapids Tailrace CHN,3,G72CEB966,2026-05-04 18:01:06,2026-05-06 16:47:00,Sunland,0,
Priest Rapids Tailrace CHN,3,G72CEB966,2026-05-04 18:01:06,2026-05-06 16:47:00,Wanapum BRZ,0,
Priest Rapids Tailrace CHN,3,G72CEB966,2026-05-04 18:01:06,2026-05-06 16:47:00,Mattawa,0,
Priest Rapids Tailrace CHN,3,G72CEB966,2026-05-04 18:01:06,2026-05-06 16:47:00,Priest BRZ,0,
Priest Rapids Tailrace CHN,3,G72CEB966,2026-05-04 18:01:06,2026-05-06 16:47:00,Lower Ringold,1,2026-05-07 05:24:19
Priest Rapids Tailrace CHN,3,G72CEB966,2026-05-04 18:01:06,2026-05-06 16:47:00,Hanford,1,2026-05-07 08:38:43
Priest Rapids Tailrace CHN,3,G72CECE1D,2026-05-05 17:07:41,2026-05-07 16:28:00,Crescent Bar,0,
Priest Rapids Tailrace CHN,3,G72CECE1D,2026-05-05 17:07:41,2026-05-07 16:28:00,Sunland,0,
Priest Rapids Tailrace CHN,3,G72CECE1D,2026-05-05 17:07:41,2026-05-07 16:28:00,Wanapum BRZ,0,
Priest Rapids Tailrace CHN,3,G72CECE1D,2026-05-05 17:07:41,2026-05-07 16:28:00,Mattawa,0,
Priest Rapids Tailrace CHN,3,G72CECE1D,2026-05-05 17:07:41,2026-05-07 16:28:00,Priest BRZ,0,
Priest Rapids Tailrace CHN,3,G72CECE1D,2026-05-05 17:07:41,2026-05-07 16:28:00,Lower Ringold,1,2026-05-09 05:07:31
Priest Rapids Tailrace CHN,3,G72CECE1D,2026-05-05 17:07:41,2026-05-07 16:28:00,Hanford,1,2026-05-09 08:52:36
Priest Rapids Tailrace CHN,3,G72CFAC00,2026-05-07 17:18:33,2026-05-09 16:31:00,Crescent Bar,0,
Priest Rapids Tailrace CHN,3,G72CFAC00,2026-05-07 17:18:33,2026-05-09 16:31:00,Sunland,0,
Priest Rapids Tailrace CHN,3,G72CFAC00,2026-05-07 17:18:33,2026-05-09 16:31:00,Wanapum BRZ,0,
Priest Rapids Tailrace CHN,3,G72CFAC00,2026-05-07 17:18:33,2026-05-09 16:31:00,Mattawa,0,
Priest Rapids Tailrace CHN,3,G72CFAC00,2026-05-07 17:18:33,2026-05-09 16:31:00,Priest BRZ,0,
Priest Rapids Tailrace CHN,3,G72CFAC00,2026-05-07 17:18:33,2026-05-09 16:31:00,Lower Ringold,1,2026-05-10 09:04:00
Priest Rapids Tailrace CHN,3,G72CFAC00,2026-05-07 17:18:33,2026-05-09 16:31:00,Hanford,1,2026-05-10 11:50:23
Priest Rapids Tailrace CHN,3,G72CFC324,2026-05-02 18:06:48,2026-05-04 16:25:00,Crescent Bar,0,
Priest Rapids Tailrace CHN,3,G72CFC324,2026-05-02 18:06:48,2026-05-04 16:25:00,Sunland,0,
Priest Rapids Tailrace CHN,3,G72CFC324,2026-05-02 18:06:48,2026-05-04 16:25:00,Wanapum BRZ,0,
Priest Rapids Tailrace CHN,3,G72CFC324,2026-05-02 18:06:48,2026-05-04 16:25:00,Mattawa,0,
Priest Rapids Tailrace CHN,3,G72CFC324,2026-05-02 18:06:48,2026-05-04 16:25:00,Priest BRZ,0,
Priest Rapids Tailrace CHN,3,G72CFC324,2026-05-02 18:06:48,2026-05-04 16:25:00,Lower Ringold,1,2026-05-05 07:05:49
Priest Rapids Tailrace CHN,3,G72CFC324,2026-05-02 18:06:48,2026-05-04 16:25:00,Hanford,1,2026-05-05 16:02:50
Priest Rapids Tailrace CHN,3,G72CFDDA6,2026-05-05 16:52:29,2026-05-07 16:28:00,Crescent Bar,0,
Priest Rapids Tailrace CHN,3,G72CFDDA6,2026-05-05 16:52:29,2026-05-07 16:28:00,Sunland,0,
Priest Rapids Tailrace CHN,3,G72CFDDA6,2026-05-05 16:52:29,2026-05-07 16:28:00,Wanapum BRZ,0,
Priest Rapids Tailrace CHN,3,G72CFDDA6,2026-05-05 16:52:29,2026-05-07 16:28:00,Mattawa,0,
Priest Rapids Tailrace CHN,3,G72CFDDA6,2026-05-05 16:52:29,2026-05-07 16:28:00,Priest BRZ,0,
Priest Rapids Tailrace CHN,3,G72CFDDA6,2026-05-05 16:52:29,2026-05-07 16:28:00,Lower Ringold,1,2026-05-08 05:07:43
Priest Rapids Tailrace CHN,3,G72CFDDA6,2026-05-05 16:52:29,2026-05-07 16:28:00,Hanford,1,2026-05-08 08:35:05
Priest Rapids Tailrace CHN,3,G72D21629,2026-05-05 16:50:25,2026-05-07 16:28:00,Crescent Bar,0,
Priest Rapids Tailrace CHN,3,G72D21629,2026-05-05 16:50:25,2026-05-07 16:28:00,Sunland,0,
Priest Rapids Tailrace CHN,3,G72D21629,2026-05-05 16:50:25,2026-05-07 16:28:00,Wanapum BRZ,0,
Priest Rapids Tailrace CHN,3,G72D21629,2026-05-05 16:50:25,2026-05-07 16:28:00,Mattawa,0,
Priest Rapids Tailrace CHN,3,G72D21629,2026-05-05 16:50:25,2026-05-07 16:28:00,Priest BRZ,0,
Priest Rapids Tailrace CHN,3,G72D21629,2026-05-05 16:50:25,2026-05-07 16:28:00,Lower Ringold,1,2026-05-09 12:14:51
Priest Rapids Tailrace CHN,3,G72D21629,2026-05-05 16:50:25,2026-05-07 16:28:00,Hanford,1,2026-05-09 16:28:55
Priest Rapids Tailrace CHN,3,G72D22CE9,2026-05-06 18:15:01,2026-05-09 16:31:00,Crescent Bar,0,
Priest Rapids Tailrace CHN,3,G72D22CE9,2026-05-06 18:15:01,2026-05-09 16:31:00,Sunland,0,
Priest Rapids Tailrace CHN,3,G72D22CE9,2026-05-06 18:15:01,2026-05-09 16:31:00,Wanapum BRZ,0,
Priest Rapids Tailrace CHN,3,G72D22CE9,2026-05-06 18:15:01,2026-05-09 16:31:00,Mattawa,0,
Priest Rapids Tailrace CHN,3,G72D22CE9,2026-05-06 18:15:01,2026-05-09 16:31:00,Priest BRZ,0,
Priest Rapids Tailrace CHN,3,G72D22CE9,2026-05-06 18:15:01,2026-05-09 16:31:00,Lower Ringold,1,2026-05-10 18:32:00
Priest Rapids Tailrace CHN,3,G72D22CE9,2026-05-06 18:15:01,2026-05-09 16:31:00,Hanford,1,2026-05-10 22:22:11
Priest Rapids Tailrace CHN,1,G72D28307,2026-05-08 16:53:53,2026-05-10 16:20:00,Crescent Bar,0,
Priest Rapids Tailrace CHN,1,G72D28307,2026-05-08 16:53:53,2026-05-10 16:20:00,Sunland,0,
Priest Rapids Tailrace CHN,1,G72D28307,2026-05-08 16:53:53,2026-05-10 16:20:00,Wanapum BRZ,0,
Priest Rapids Tailrace CHN,1,G72D28307,2026-05-08 16:53:53,2026-05-10 16:20:00,Mattawa,0,
Priest Rapids Tailrace CHN,1,G72D28307,2026-05-08 16:53:53,2026-05-10 16:20:00,Priest BRZ,0,
Priest Rapids Tailrace CHN,1,G72D28307,2026-05-08 16:53:53,2026-05-10 16:20:00,Lower Ringold,1,2026-05-11 17:30:56
Priest Rapids Tailrace CHN,1,G72D28307,2026-05-08 16:53:53,2026-05-10 16:20:00,Hanford,1,2026-05-11 21:32:22
Priest Rapids Tailrace CHN,1,G72D29419,2026-05-06 17:58:41,2026-05-09 16:31:00,Crescent Bar,0,
Priest Rapids Tailrace CHN,1,G72D29419,2026-05-06 17:58:41,2026-05-09 16:31:00,Sunland,0,
Priest Rapids Tailrace CHN,1,G72D29419,2026-05-06 17:58:41,2026-05-09 16:31:00,Wanapum BRZ,0,
Priest Rapids Tailrace CHN,1,G72D29419,2026-05-06 17:58:41,2026-05-09 16:31:00,Mattawa,0,
Priest Rapids Tailrace CHN,1,G72D29419,2026-05-06 17:58:41,2026-05-09 16:31:00,Priest BRZ,0,
Priest Rapids Tailrace CHN,1,G72D29419,2026-05-06 17:58:41,2026-05-09 16:31:00,Lower Ringold,1,2026-05-12 06:24:47
Priest Rapids Tailrace CHN,1,G72D29419,2026-05-06 17:58:41,2026-05-09 16:31:00,Hanford,1,2026-05-12 09:46:23
Priest Rapids Tailrace CHN,2,G72D2BDA6,2026-05-01 17:21:33,2026-05-03 16:31:00,Crescent Bar,0,
Priest Rapids Tailrace CHN,2,G72D2BDA6,2026-05-01 17:21:33,2026-05-03 16:31:00,Sunland,0,
Priest Rapids Tailrace CHN,2,G72D2BDA6,2026-05-01 17:21:33,2026-05-03 16:31:00,Wanapum BRZ,0,
Priest Rapids Tailrace CHN,2,G72D2BDA6,2026-05-01 17:21:33,2026-05-03 16:31:00,Mattawa,0,
Priest Rapids Tailrace CHN,2,G72D2BDA6,2026-05-01 17:21:33,2026-05-03 16:31:00,Priest BRZ,0,
Priest Rapids Tailrace CHN,2,G72D2BDA6,2026-05-01 17:21:33,2026-05-03 16:31:00,Lower Ringold,1,2026-05-04 07:51:31
Priest Rapids Tailrace CHN,2,G72D2BDA6,2026-05-01 17:21:33,2026-05-03 16:31:00,Hanford,1,2026-05-04 15:54:28
Priest Rapids Tailrace CHN,1,G72D2DA40,2026-05-04 17:49:34,2026-05-06 16:47:00,Crescent Bar,0,
Priest Rapids Tailrace CHN,1,G72D2DA40,2026-05-04 17:49:34,2026-05-06 16:47:00,Sunland,0,
Priest Rapids Tailrace CHN,1,G72D2DA40,2026-05-04 17:49:34,2026-05-06 16:47:00,Wanapum BRZ,0,
Priest Rapids Tailrace CHN,1,G72D2DA40,2026-05-04 17:49:34,2026-05-06 16:47:00,Mattawa,0,
Priest Rapids Tailrace CHN,1,G72D2DA40,2026-05-04 17:49:34,2026-05-06 16:47:00,Priest BRZ,0,
Priest Rapids Tailrace CHN,1,G72D2DA40,2026-05-04 17:49:34,2026-05-06 16:47:00,Lower Ringold,1,2026-05-08 04:03:17
Priest Rapids Tailrace CHN,1,G72D2DA40,2026-05-04 17:49:34,2026-05-06 16:47:00,Hanford,1,2026-05-10 12:13:57
Priest Rapids Tailrace CHN,1,G72D35D8B,2026-05-07 17:30:45,2026-05-09 16:31:00,Crescent Bar,0,
Priest Rapids Tailrace CHN,1,G72D35D8B,2026-05-07 17:30:45,2026-05-09 16:31:00,Sunland,0,
Priest Rapids Tailrace CHN,1,G72D35D8B,2026-05-07 17:30:45,2026-05-09 16:31:00,Wanapum BRZ,0,
Priest Rapids Tailrace CHN,1,G72D35D8B,2026-05-07 17:30:45,2026-05-09 16:31:00,Mattawa,0,
Priest Rapids Tailrace CHN,1,G72D35D8B,2026-05-07 17:30:45,2026-05-09 16:31:00,Priest BRZ,0,
Priest Rapids Tailrace CHN,1,G72D35D8B,2026-05-07 17:30:45,2026-05-09 16:31:00,Lower Ringold,1,2026-05-10 05:37:01
Priest Rapids Tailrace CHN,1,G72D35D8B,2026-05-07 17:30:45,2026-05-09 16:31:00,Hanford,1,2026-05-10 08:54:00
Priest Rapids Tailrace CHN,2,G72D47165,2026-05-01 17:23:07,2026-05-03 16:31:00,Crescent Bar,0,
Priest Rapids Tailrace CHN,2,G72D47165,2026-05-01 17:23:07,2026-05-03 16:31:00,Sunland,0,
Priest Rapids Tailrace CHN,2,G72D47165,2026-05-01 17:23:07,2026-05-03 16:31:00,Wanapum BRZ,0,
Priest Rapids Tailrace CHN,2,G72D47165,2026-05-01 17:23:07,2026-05-03 16:31:00,Mattawa,0,
Priest Rapids Tailrace CHN,2,G72D47165,2026-05-01 17:23:07,2026-05-03 16:31:00,Priest BRZ,0,
Priest Rapids Tailrace CHN,2,G72D47165,2026-05-01 17:23:07,2026-05-03 16:31:00,Lower Ringold,1,2026-05-04 13:17:53
Priest Rapids Tailrace CHN,2,G72D47165,2026-05-01 17:23:07,2026-05-03 16:31:00,Hanford,1,2026-05-04 18:04:41
Priest Rapids Tailrace CHN,1,G72D56E7D,2026-05-07 17:20:36,2026-05-09 16:31:00,Crescent Bar,0,
Priest Rapids Tailrace CHN,1,G72D56E7D,2026-05-07 17:20:36,2026-05-09 16:31:00,Sunland,0,
Priest Rapids Tailrace CHN,1,G72D56E7D,2026-05-07 17:20:36,2026-05-09 16:31:00,Wanapum BRZ,0,
Priest Rapids Tailrace CHN,1,G72D56E7D,2026-05-07 17:20:36,2026-05-09 16:31:00,Mattawa,0,
Priest Rapids Tailrace CHN,1,G72D56E7D,2026-05-07 17:20:36,2026-05-09 16:31:00,Priest BRZ,0,
Priest Rapids Tailrace CHN,1,G72D56E7D,2026-05-07 17:20:36,2026-05-09 16:31:00,Lower Ringold,1,2026-05-10 06:29:21
Priest Rapids Tailrace CHN,1,G72D56E7D,2026-05-07 17:20:36,2026-05-09 16:31:00,Hanford,1,2026-05-10 09:37:01
Priest Rapids Tailrace CHN,1,G72D6AA83,2026-05-07 17:21:03,2026-05-09 16:31:00,Crescent Bar,0,
Priest Rapids Tailrace CHN,1,G72D6AA83,2026-05-07 17:21:03,2026-05-09 16:31:00,Sunland,0,
Priest Rapids Tailrace CHN,1,G72D6AA83,2026-05-07 17:21:03,2026-05-09 16:31:00,Wanapum BRZ,0,
Priest Rapids Tailrace CHN,1,G72D6AA83,2026-05-07 17:21:03,2026-05-09 16:31:00,Mattawa,0,
Priest Rapids Tailrace CHN,1,G72D6AA83,2026-05-07 17:21:03,2026-05-09 16:31:00,Priest BRZ,0,
Priest Rapids Tailrace CHN,1,G72D6AA83,2026-05-07 17:21:03,2026-05-09 16:31:00,Lower Ringold,1,2026-05-11 01:55:42
Priest Rapids Tailrace CHN,1,G72D6AA83,2026-05-07 17:21:03,2026-05-09 16:31:00,Hanford,1,2026-05-11 06:02:09
Priest Rapids Tailrace CHN,1,G72D7E9E3,2026-05-08 17:01:35,2026-05-10 16:20:00,Crescent Bar,0,
Priest Rapids Tailrace CHN,1,G72D7E9E3,2026-05-08 17:01:35,2026-05-10 16:20:00,Sunland,0,
Priest Rapids Tailrace CHN,1,G72D7E9E3,2026-05-08 17:01:35,2026-05-10 16:20:00,Wanapum BRZ,0,
Priest Rapids Tailrace CHN,1,G72D7E9E3,2026-05-08 17:01:35,2026-05-10 16:20:00,Mattawa,0,
Priest Rapids Tailrace CHN,1,G72D7E9E3,2026-05-08 17:01:35,2026-05-10 16:20:00,Priest BRZ,0,
Priest Rapids Tailrace CHN,1,G72D7E9E3,2026-05-08 17:01:35,2026-05-10 16:20:00,Lower Ringold,0,
Priest Rapids Tailrace CHN,1,G72D7E9E3,2026-05-08 17:01:35,2026-05-10 16:20:00,Hanford,0,
Priest Rapids Tailrace CHN,1,G72D86257,2026-05-07 17:16:24,2026-05-09 16:31:00,Crescent Bar,0,
Priest Rapids Tailrace CHN,1,G72D86257,2026-05-07 17:16:24,2026-05-09 16:31:00,Sunland,0,
Priest Rapids Tailrace CHN,1,G72D86257,2026-05-07 17:16:24,2026-05-09 16:31:00,Wanapum BRZ,0,
Priest Rapids Tailrace CHN,1,G72D86257,2026-05-07 17:16:24,2026-05-09 16:31:00,Mattawa,0,
Priest Rapids Tailrace CHN,1,G72D86257,2026-05-07 17:16:24,2026-05-09 16:31:00,Priest BRZ,0,
Priest Rapids Tailrace CHN,1,G72D86257,2026-05-07 17:16:24,2026-05-09 16:31:00,Lower Ringold,1,2026-05-10 09:05:10
Priest Rapids Tailrace CHN,1,G72D86257,2026-05-07 17:16:24,2026-05-09 16:31:00,Hanford,1,2026-05-10 13:02:41
Priest Rapids Tailrace CHN,1,G72D92408,2026-05-03 18:35:02,2026-05-05 17:13:00,Crescent Bar,0,
Priest Rapids Tailrace CHN,1,G72D92408,2026-05-03 18:35:02,2026-05-05 17:13:00,Sunland,0,
Priest Rapids Tailrace CHN,1,G72D92408,2026-05-03 18:35:02,2026-05-05 17:13:00,Wanapum BRZ,0,
Priest Rapids Tailrace CHN,1,G72D92408,2026-05-03 18:35:02,2026-05-05 17:13:00,Mattawa,0,
Priest Rapids Tailrace CHN,1,G72D92408,2026-05-03 18:35:02,2026-05-05 17:13:00,Priest BRZ,0,
Priest Rapids Tailrace CHN,1,G72D92408,2026-05-03 18:35:02,2026-05-05 17:13:00,Lower Ringold,1,2026-05-06 07:19:29
Priest Rapids Tailrace CHN,1,G72D92408,2026-05-03 18:35:02,2026-05-05 17:13:00,Hanford,1,2026-05-06 10:16:20
Priest Rapids Tailrace CHN,1,G72D96B0F,2026-05-02 18:04:05,2026-05-04 16:25:00,Crescent Bar,0,
Priest Rapids Tailrace CHN,1,G72D96B0F,2026-05-02 18:04:05,2026-05-04 16:25:00,Sunland,0,
Priest Rapids Tailrace CHN,1,G72D96B0F,2026-05-02 18:04:05,2026-05-04 16:25:00,Wanapum BRZ,0,
Priest Rapids Tailrace CHN,1,G72D96B0F,2026-05-02 18:04:05,2026-05-04 16:25:00,Mattawa,0,
Priest Rapids Tailrace CHN,1,G72D96B0F,2026-05-02 18:04:05,2026-05-04 16:25:00,Priest BRZ,0,
Priest Rapids Tailrace CHN,1,G72D96B0F,2026-05-02 18:04:05,2026-05-04 16:25:00,Lower Ringold,1,2026-05-05 04:29:37
Priest Rapids Tailrace CHN,1,G72D96B0F,2026-05-02 18:04:05,2026-05-04 16:25:00,Hanford,1,2026-05-05 07:16:21
Priest Rapids Tailrace CHN,2,G72D98C65,2026-05-03 18:29:45,2026-05-05 17:13:00,Crescent Bar,0,
Priest Rapids Tailrace CHN,2,G72D98C65,2026-05-03 18:29:45,2026-05-05 17:13:00,Sunland,0,
Priest Rapids Tailrace CHN,2,G72D98C65,2026-05-03 18:29:45,2026-05-05 17:13:00,Wanapum BRZ,0,
Priest Rapids Tailrace CHN,2,G72D98C65,2026-05-03 18:29:45,2026-05-05 17:13:00,Mattawa,0,
Priest Rapids Tailrace CHN,2,G72D98C65,2026-05-03 18:29:45,2026-05-05 17:13:00,Priest BRZ,0,
Priest Rapids Tailrace CHN,2,G72D98C65,2026-05-03 18:29:45,2026-05-05 17:13:00,Lower Ringold,0,
Priest Rapids Tailrace CHN,2,G72D98C65,2026-05-03 18:29:45,2026-05-05 17:13:00,Hanford,0,
Priest Rapids Tailrace CHN,3,G72DA4684,2026-05-02 17:50:12,2026-05-04 16:25:00,Crescent Bar,0,
Priest Rapids Tailrace CHN,3,G72DA4684,2026-05-02 17:50:12,2026-05-04 16:25:00,Sunland,0,
Priest Rapids Tailrace CHN,3,G72DA4684,2026-05-02 17:50:12,2026-05-04 16:25:00,Wanapum BRZ,0,
Priest Rapids Tailrace CHN,3,G72DA4684,2026-05-02 17:50:12,2026-05-04 16:25:00,Mattawa,0,
Priest Rapids Tailrace CHN,3,G72DA4684,2026-05-02 17:50:12,2026-05-04 16:25:00,Priest BRZ,0,
Priest Rapids Tailrace CHN,3,G72DA4684,2026-05-02 17:50:12,2026-05-04 16:25:00,Lower Ringold,0,
Priest Rapids Tailrace CHN,3,G72DA4684,2026-05-02 17:50:12,2026-05-04 16:25:00,Hanford,0,
Priest Rapids Tailrace CHN,3,G72DB599C,2026-05-06 18:09:10,2026-05-09 16:31:00,Crescent Bar,0,
Priest Rapids Tailrace CHN,3,G72DB599C,2026-05-06 18:09:10,2026-05-09 16:31:00,Sunland,0,
Priest Rapids Tailrace CHN,3,G72DB599C,2026-05-06 18:09:10,2026-05-09 16:31:00,Wanapum BRZ,0,
Priest Rapids Tailrace CHN,3,G72DB599C,2026-05-06 18:09:10,2026-05-09 16:31:00,Mattawa,0,
Priest Rapids Tailrace CHN,3,G72DB599C,2026-05-06 18:09:10,2026-05-09 16:31:00,Priest BRZ,0,
Priest Rapids Tailrace CHN,3,G72DB599C,2026-05-06 18:09:10,2026-05-09 16:31:00,Lower Ringold,1,2026-05-10 06:58:43
Priest Rapids Tailrace CHN,3,G72DB599C,2026-05-06 18:09:10,2026-05-09 16:31:00,Hanford,1,2026-05-10 14:00:43
Priest Rapids Tailrace CHN,3,G72DB751C,2026-05-06 18:15:38,2026-05-09 16:31:00,Crescent Bar,0,
Priest Rapids Tailrace CHN,3,G72DB751C,2026-05-06 18:15:38,2026-05-09 16:31:00,Sunland,0,
Priest Rapids Tailrace CHN,3,G72DB751C,2026-05-06 18:15:38,2026-05-09 16:31:00,Wanapum BRZ,0,
Priest Rapids Tailrace CHN,3,G72DB751C,2026-05-06 18:15:38,2026-05-09 16:31:00,Mattawa,0,
Priest Rapids Tailrace CHN,3,G72DB751C,2026-05-06 18:15:38,2026-05-09 16:31:00,Priest BRZ,0,
Priest Rapids Tailrace CHN,3,G72DB751C,2026-05-06 18:15:38,2026-05-09 16:31:00,Lower Ringold,1,2026-05-10 06:27:50
Priest Rapids Tailrace CHN,3,G72DB751C,2026-05-06 18:15:38,2026-05-09 16:31:00,Hanford,1,2026-05-10 09:35:51
Priest Rapids Tailrace CHN,3,G72DD1A92,2026-05-05 16:58:53,2026-05-07 16:28:00,Crescent Bar,0,
Priest Rapids Tailrace CHN,3,G72DD1A92,2026-05-05 16:58:53,2026-05-07 16:28:00,Sunland,0,
Priest Rapids Tailrace CHN,3,G72DD1A92,2026-05-05 16:58:53,2026-05-07 16:28:00,Wanapum BRZ,0,
Priest Rapids Tailrace CHN,3,G72DD1A92,2026-05-05 16:58:53,2026-05-07 16:28:00,Mattawa,0,
Priest Rapids Tailrace CHN,3,G72DD1A92,2026-05-05 16:58:53,2026-05-07 16:28:00,Priest BRZ,0,
Priest Rapids Tailrace CHN,3,G72DD1A92,2026-05-05 16:58:53,2026-05-07 16:28:00,Lower Ringold,1,2026-05-09 05:23:25
Priest Rapids Tailrace CHN,3,G72DD1A92,2026-05-05 16:58:53,2026-05-07 16:28:00,Hanford,1,2026-05-09 13:18:24
Priest Rapids Tailrace CHN,2,G72DE0C87,2026-05-01 17:35:29,2026-05-03 16:31:00,Crescent Bar,0,
Priest Rapids Tailrace CHN,2,G72DE0C87,2026-05-01 17:35:29,2026-05-03 16:31:00,Sunland,0,
Priest Rapids Tailrace CHN,2,G72DE0C87,2026-05-01 17:35:29,2026-05-03 16:31:00,Wanapum BRZ,0,
Priest Rapids Tailrace CHN,2,G72DE0C87,2026-05-01 17:35:29,2026-05-03 16:31:00,Mattawa,0,
Priest Rapids Tailrace CHN,2,G72DE0C87,2026-05-01 17:35:29,2026-05-03 16:31:00,Priest BRZ,0,
Priest Rapids Tailrace CHN,2,G72DE0C87,2026-05-01 17:35:29,2026-05-03 16:31:00,Lower Ringold,1,2026-05-04 18:44:50
Priest Rapids Tailrace CHN,2,G72DE0C87,2026-05-01 17:35:29,2026-05-03 16:31:00,Hanford,1,2026-05-05 01:13:23
Priest Rapids Tailrace CHN,3,G72DEA849,2026-05-08 17:00:50,2026-05-10 16:20:00,Crescent Bar,0,
Priest Rapids Tailrace CHN,3,G72DEA849,2026-05-08 17:00:50,2026-05-10 16:20:00,Sunland,0,
Priest Rapids Tailrace CHN,3,G72DEA849,2026-05-08 17:00:50,2026-05-10 16:20:00,Wanapum BRZ,0,
Priest Rapids Tailrace CHN,3,G72DEA849,2026-05-08 17:00:50,2026-05-10 16:20:00,Mattawa,0,
Priest Rapids Tailrace CHN,3,G72DEA849,2026-05-08 17:00:50,2026-05-10 16:20:00,Priest BRZ,0,
Priest Rapids Tailrace CHN,3,G72DEA849,2026-05-08 17:00:50,2026-05-10 16:20:00,Lower Ringold,1,2026-05-11 08:39:09
Priest Rapids Tailrace CHN,3,G72DEA849,2026-05-08 17:00:50,2026-05-10 16:20:00,Hanford,1,2026-05-11 15:37:34
Priest Rapids Tailrace CHN,3,G72DECFAF,2026-05-05 17:10:13,2026-05-07 16:28:00,Crescent Bar,0,
Priest Rapids Tailrace CHN,3,G72DECFAF,2026-05-05 17:10:13,2026-05-07 16:28:00,Sunland,0,
Priest Rapids Tailrace CHN,3,G72DECFAF,2026-05-05 17:10:13,2026-05-07 16:28:00,Wanapum BRZ,0,
Priest Rapids Tailrace CHN,3,G72DECFAF,2026-05-05 17:10:13,2026-05-07 16:28:00,Mattawa,0,
Priest Rapids Tailrace CHN,3,G72DECFAF,2026-05-05 17:10:13,2026-05-07 16:28:00,Priest BRZ,0,
Priest Rapids Tailrace CHN,3,G72DECFAF,2026-05-05 17:10:13,2026-05-07 16:28:00,Lower Ringold,1,2026-05-08 11:05:07
Priest Rapids Tailrace CHN,3,G72DECFAF,2026-05-05 17:10:13,2026-05-07 16:28:00,Hanford,1,2026-05-08 15:50:32
Priest Rapids Tailrace CHN,3,G72DF6658,2026-05-08 19:59:30,2026-05-10 16:20:00,Crescent Bar,0,
Priest Rapids Tailrace CHN,3,G72DF6658,2026-05-08 19:59:30,2026-05-10 16:20:00,Sunland,0,
Priest Rapids Tailrace CHN,3,G72DF6658,2026-05-08 19:59:30,2026-05-10 16:20:00,Wanapum BRZ,0,
Priest Rapids Tailrace CHN,3,G72DF6658,2026-05-08 19:59:30,2026-05-10 16:20:00,Mattawa,0,
Priest Rapids Tailrace CHN,3,G72DF6658,2026-05-08 19:59:30,2026-05-10 16:20:00,Priest BRZ,0,
Priest Rapids Tailrace CHN,3,G72DF6658,2026-05-08 19:59:30,2026-05-10 16:20:00,Lower Ringold,1,2026-05-11 07:24:55
Priest Rapids Tailrace CHN,3,G72DF6658,2026-05-08 19:59:30,2026-05-10 16:20:00,Hanford,1,2026-05-11 13:26:31
Priest Rapids Tailrace CHN,3,G72DF90F1,2026-05-05 16:30:21,2026-05-07 16:28:00,Crescent Bar,0,
Priest Rapids Tailrace CHN,3,G72DF90F1,2026-05-05 16:30:21,2026-05-07 16:28:00,Sunland,0,
Priest Rapids Tailrace CHN,3,G72DF90F1,2026-05-05 16:30:21,2026-05-07 16:28:00,Wanapum BRZ,0,
Priest Rapids Tailrace CHN,3,G72DF90F1,2026-05-05 16:30:21,2026-05-07 16:28:00,Mattawa,0,
Priest Rapids Tailrace CHN,3,G72DF90F1,2026-05-05 16:30:21,2026-05-07 16:28:00,Priest BRZ,0,
Priest Rapids Tailrace CHN,3,G72DF90F1,2026-05-05 16:30:21,2026-05-07 16:28:00,Lower Ringold,1,2026-05-09 05:05:58
Priest Rapids Tailrace CHN,3,G72DF90F1,2026-05-05 16:30:21,2026-05-07 16:28:00,Hanford,1,2026-05-24 05:25:57
Priest Rapids Tailrace CHN,1,G72E073CF,2026-05-07 17:19:34,2026-05-09 16:31:00,Crescent Bar,0,
Priest Rapids Tailrace CHN,1,G72E073CF,2026-05-07 17:19:34,2026-05-09 16:31:00,Sunland,0,
Priest Rapids Tailrace CHN,1,G72E073CF,2026-05-07 17:19:34,2026-05-09 16:31:00,Wanapum BRZ,0,
Priest Rapids Tailrace CHN,1,G72E073CF,2026-05-07 17:19:34,2026-05-09 16:31:00,Mattawa,0,
Priest Rapids Tailrace CHN,1,G72E073CF,2026-05-07 17:19:34,2026-05-09 16:31:00,Priest BRZ,0,
Priest Rapids Tailrace CHN,1,G72E073CF,2026-05-07 17:19:34,2026-05-09 16:31:00,Lower Ringold,1,2026-05-11 13:16:48
Priest Rapids Tailrace CHN,1,G72E073CF,2026-05-07 17:19:34,2026-05-09 16:31:00,Hanford,1,2026-05-11 17:14:42
Priest Rapids Tailrace CHN,1,G72E0C983,2026-05-04 17:50:40,2026-05-06 16:47:00,Crescent Bar,0,
Priest Rapids Tailrace CHN,1,G72E0C983,2026-05-04 17:50:40,2026-05-06 16:47:00,Sunland,0,
Priest Rapids Tailrace CHN,1,G72E0C983,2026-05-04 17:50:40,2026-05-06 16:47:00,Wanapum BRZ,0,
Priest Rapids Tailrace CHN,1,G72E0C983,2026-05-04 17:50:40,2026-05-06 16:47:00,Mattawa,0,
Priest Rapids Tailrace CHN,1,G72E0C983,2026-05-04 17:50:40,2026-05-06 16:47:00,Priest BRZ,0,
Priest Rapids Tailrace CHN,1,G72E0C983,2026-05-04 17:50:40,2026-05-06 16:47:00,Lower Ringold,1,2026-05-07 06:06:34
Priest Rapids Tailrace CHN,1,G72E0C983,2026-05-04 17:50:40,2026-05-06 16:47:00,Hanford,1,2026-05-07 09:04:26
Priest Rapids Tailrace CHN,2,G72E1BE3C,2026-05-08 19:58:57,2026-05-10 16:20:00,Crescent Bar,0,
Priest Rapids Tailrace CHN,2,G72E1BE3C,2026-05-08 19:58:57,2026-05-10 16:20:00,Sunland,0,
Priest Rapids Tailrace CHN,2,G72E1BE3C,2026-05-08 19:58:57,2026-05-10 16:20:00,Wanapum BRZ,0,
Priest Rapids Tailrace CHN,2,G72E1BE3C,2026-05-08 19:58:57,2026-05-10 16:20:00,Mattawa,0,
Priest Rapids Tailrace CHN,2,G72E1BE3C,2026-05-08 19:58:57,2026-05-10 16:20:00,Priest BRZ,0,
Priest Rapids Tailrace CHN,2,G72E1BE3C,2026-05-08 19:58:57,2026-05-10 16:20:00,Lower Ringold,1,2026-05-11 10:51:00
Priest Rapids Tailrace CHN,2,G72E1BE3C,2026-05-08 19:58:57,2026-05-10 16:20:00,Hanford,0,
Priest Rapids Tailrace CHN,3,G72E35105,2026-05-07 17:21:32,2026-05-09 16:31:00,Crescent Bar,0,
Priest Rapids Tailrace CHN,3,G72E35105,2026-05-07 17:21:32,2026-05-09 16:31:00,Sunland,0,
Priest Rapids Tailrace CHN,3,G72E35105,2026-05-07 17:21:32,2026-05-09 16:31:00,Wanapum BRZ,0,
Priest Rapids Tailrace CHN,3,G72E35105,2026-05-07 17:21:32,2026-05-09 16:31:00,Mattawa,0,
Priest Rapids Tailrace CHN,3,G72E35105,2026-05-07 17:21:32,2026-05-09 16:31:00,Priest BRZ,0,
Priest Rapids Tailrace CHN,3,G72E35105,2026-05-07 17:21:32,2026-05-09 16:31:00,Lower Ringold,1,2026-05-10 11:09:45
Priest Rapids Tailrace CHN,3,G72E35105,2026-05-07 17:21:32,2026-05-09 16:31:00,Hanford,1,2026-05-10 13:57:53
Priest Rapids Tailrace CHN,1,G72E3D60A,2026-05-08 16:52:57,2026-05-10 16:20:00,Crescent Bar,0,
Priest Rapids Tailrace CHN,1,G72E3D60A,2026-05-08 16:52:57,2026-05-10 16:20:00,Sunland,0,
Priest Rapids Tailrace CHN,1,G72E3D60A,2026-05-08 16:52:57,2026-05-10 16:20:00,Wanapum BRZ,0,
Priest Rapids Tailrace CHN,1,G72E3D60A,2026-05-08 16:52:57,2026-05-10 16:20:00,Mattawa,0,
Priest Rapids Tailrace CHN,1,G72E3D60A,2026-05-08 16:52:57,2026-05-10 16:20:00,Priest BRZ,0,
Priest Rapids Tailrace CHN,1,G72E3D60A,2026-05-08 16:52:57,2026-05-10 16:20:00,Lower Ringold,0,
Priest Rapids Tailrace CHN,1,G72E3D60A,2026-05-08 16:52:57,2026-05-10 16:20:00,Hanford,0,
Priest Rapids Tailrace CHN,3,G72E4B940,2026-05-02 17:54:55,2026-05-04 16:25:00,Crescent Bar,0,
Priest Rapids Tailrace CHN,3,G72E4B940,2026-05-02 17:54:55,2026-05-04 16:25:00,Sunland,0,
Priest Rapids Tailrace CHN,3,G72E4B940,2026-05-02 17:54:55,2026-05-04 16:25:00,Wanapum BRZ,0,
Priest Rapids Tailrace CHN,3,G72E4B940,2026-05-02 17:54:55,2026-05-04 16:25:00,Mattawa,0,
Priest Rapids Tailrace CHN,3,G72E4B940,2026-05-02 17:54:55,2026-05-04 16:25:00,Priest BRZ,0,
Priest Rapids Tailrace CHN,3,G72E4B940,2026-05-02 17:54:55,2026-05-04 16:25:00,Lower Ringold,1,2026-05-05 05:58:19
Priest Rapids Tailrace CHN,3,G72E4B940,2026-05-02 17:54:55,2026-05-04 16:25:00,Hanford,1,2026-05-05 08:55:33
Priest Rapids Tailrace CHN,3,G72E5C25C,2026-05-07 17:25:58,2026-05-09 16:31:00,Crescent Bar,0,
Priest Rapids Tailrace CHN,3,G72E5C25C,2026-05-07 17:25:58,2026-05-09 16:31:00,Sunland,0,
Priest Rapids Tailrace CHN,3,G72E5C25C,2026-05-07 17:25:58,2026-05-09 16:31:00,Wanapum BRZ,0,
Priest Rapids Tailrace CHN,3,G72E5C25C,2026-05-07 17:25:58,2026-05-09 16:31:00,Mattawa,0,
Priest Rapids Tailrace CHN,3,G72E5C25C,2026-05-07 17:25:58,2026-05-09 16:31:00,Priest BRZ,0,
Priest Rapids Tailrace CHN,3,G72E5C25C,2026-05-07 17:25:58,2026-05-09 16:31:00,Lower Ringold,0,
Priest Rapids Tailrace CHN,3,G72E5C25C,2026-05-07 17:25:58,2026-05-09 16:31:00,Hanford,0,
Priest Rapids Tailrace CHN,2,G72E666C7,2026-05-07 17:16:00,2026-05-09 16:31:00,Crescent Bar,0,
Priest Rapids Tailrace CHN,2,G72E666C7,2026-05-07 17:16:00,2026-05-09 16:31:00,Sunland,0,
Priest Rapids Tailrace CHN,2,G72E666C7,2026-05-07 17:16:00,2026-05-09 16:31:00,Wanapum BRZ,0,
Priest Rapids Tailrace CHN,2,G72E666C7,2026-05-07 17:16:00,2026-05-09 16:31:00,Mattawa,0,
Priest Rapids Tailrace CHN,2,G72E666C7,2026-05-07 17:16:00,2026-05-09 16:31:00,Priest BRZ,0,
Priest Rapids Tailrace CHN,2,G72E666C7,2026-05-07 17:16:00,2026-05-09 16:31:00,Lower Ringold,1,2026-05-11 03:05:44
Priest Rapids Tailrace CHN,2,G72E666C7,2026-05-07 17:16:00,2026-05-09 16:31:00,Hanford,1,2026-05-11 14:34:27
Priest Rapids Tailrace CHN,1,G72E6F00B,2026-05-03 18:43:21,2026-05-05 17:13:00,Crescent Bar,0,
Priest Rapids Tailrace CHN,1,G72E6F00B,2026-05-03 18:43:21,2026-05-05 17:13:00,Sunland,0,
Priest Rapids Tailrace CHN,1,G72E6F00B,2026-05-03 18:43:21,2026-05-05 17:13:00,Wanapum BRZ,0,
Priest Rapids Tailrace CHN,1,G72E6F00B,2026-05-03 18:43:21,2026-05-05 17:13:00,Mattawa,0,
Priest Rapids Tailrace CHN,1,G72E6F00B,2026-05-03 18:43:21,2026-05-05 17:13:00,Priest BRZ,0,
Priest Rapids Tailrace CHN,1,G72E6F00B,2026-05-03 18:43:21,2026-05-05 17:13:00,Lower Ringold,1,2026-05-06 06:15:28
Priest Rapids Tailrace CHN,1,G72E6F00B,2026-05-03 18:43:21,2026-05-05 17:13:00,Hanford,1,2026-05-06 09:17:58
Priest Rapids Tailrace CHN,1,G72E73A7B,2026-05-06 18:08:17,2026-05-09 16:31:00,Crescent Bar,0,
Priest Rapids Tailrace CHN,1,G72E73A7B,2026-05-06 18:08:17,2026-05-09 16:31:00,Sunland,0,
Priest Rapids Tailrace CHN,1,G72E73A7B,2026-05-06 18:08:17,2026-05-09 16:31:00,Wanapum BRZ,0,
Priest Rapids Tailrace CHN,1,G72E73A7B,2026-05-06 18:08:17,2026-05-09 16:31:00,Mattawa,0,
Priest Rapids Tailrace CHN,1,G72E73A7B,2026-05-06 18:08:17,2026-05-09 16:31:00,Priest BRZ,0,
Priest Rapids Tailrace CHN,1,G72E73A7B,2026-05-06 18:08:17,2026-05-09 16:31:00,Lower Ringold,1,2026-05-10 10:11:55
Priest Rapids Tailrace CHN,1,G72E73A7B,2026-05-06 18:08:17,2026-05-09 16:31:00,Hanford,1,2026-05-10 13:43:53
Priest Rapids Tailrace CHN,1,G72E773A1,2026-05-06 17:58:13,2026-05-09 16:31:00,Crescent Bar,0,
Priest Rapids Tailrace CHN,1,G72E773A1,2026-05-06 17:58:13,2026-05-09 16:31:00,Sunland,0,
Priest Rapids Tailrace CHN,1,G72E773A1,2026-05-06 17:58:13,2026-05-09 16:31:00,Wanapum BRZ,0,
Priest Rapids Tailrace CHN,1,G72E773A1,2026-05-06 17:58:13,2026-05-09 16:31:00,Mattawa,0,
Priest Rapids Tailrace CHN,1,G72E773A1,2026-05-06 17:58:13,2026-05-09 16:31:00,Priest BRZ,0,
Priest Rapids Tailrace CHN,1,G72E773A1,2026-05-06 17:58:13,2026-05-09 16:31:00,Lower Ringold,1,2026-05-10 04:36:44
Priest Rapids Tailrace CHN,1,G72E773A1,2026-05-06 17:58:13,2026-05-09 16:31:00,Hanford,1,2026-05-10 07:53:09
Priest Rapids Tailrace CHN,3,G72E7B654,2026-05-08 19:56:35,2026-05-10 16:20:00,Crescent Bar,0,
Priest Rapids Tailrace CHN,3,G72E7B654,2026-05-08 19:56:35,2026-05-10 16:20:00,Sunland,0,
Priest Rapids Tailrace CHN,3,G72E7B654,2026-05-08 19:56:35,2026-05-10 16:20:00,Wanapum BRZ,0,
Priest Rapids Tailrace CHN,3,G72E7B654,2026-05-08 19:56:35,2026-05-10 16:20:00,Mattawa,0,
Priest Rapids Tailrace CHN,3,G72E7B654,2026-05-08 19:56:35,2026-05-10 16:20:00,Priest BRZ,0,
Priest Rapids Tailrace CHN,3,G72E7B654,2026-05-08 19:56:35,2026-05-10 16:20:00,Lower Ringold,1,2026-05-11 10:17:28
Priest Rapids Tailrace CHN,3,G72E7B654,2026-05-08 19:56:35,2026-05-10 16:20:00,Hanford,1,2026-05-11 13:29:34
Priest Rapids Tailrace CHN,1,G72E8EA34,2026-05-02 17:53:20,2026-05-04 16:25:00,Crescent Bar,0,
Priest Rapids Tailrace CHN,1,G72E8EA34,2026-05-02 17:53:20,2026-05-04 16:25:00,Sunland,0,
Priest Rapids Tailrace CHN,1,G72E8EA34,2026-05-02 17:53:20,2026-05-04 16:25:00,Wanapum BRZ,0,
Priest Rapids Tailrace CHN,1,G72E8EA34,2026-05-02 17:53:20,2026-05-04 16:25:00,Mattawa,0,
Priest Rapids Tailrace CHN,1,G72E8EA34,2026-05-02 17:53:20,2026-05-04 16:25:00,Priest BRZ,0,
Priest Rapids Tailrace CHN,1,G72E8EA34,2026-05-02 17:53:20,2026-05-04 16:25:00,Lower Ringold,0,
Priest Rapids Tailrace CHN,1,G72E8EA34,2026-05-02 17:53:20,2026-05-04 16:25:00,Hanford,0,
Priest Rapids Tailrace CHN,2,G72E92044,2026-05-03 18:40:28,2026-05-05 17:13:00,Crescent Bar,0,
Priest Rapids Tailrace CHN,2,G72E92044,2026-05-03 18:40:28,2026-05-05 17:13:00,Sunland,0,
Priest Rapids Tailrace CHN,2,G72E92044,2026-05-03 18:40:28,2026-05-05 17:13:00,Wanapum BRZ,0,
Priest Rapids Tailrace CHN,2,G72E92044,2026-05-03 18:40:28,2026-05-05 17:13:00,Mattawa,0,
Priest Rapids Tailrace CHN,2,G72E92044,2026-05-03 18:40:28,2026-05-05 17:13:00,Priest BRZ,0,
Priest Rapids Tailrace CHN,2,G72E92044,2026-05-03 18:40:28,2026-05-05 17:13:00,Lower Ringold,1,2026-05-06 12:38:27
Priest Rapids Tailrace CHN,2,G72E92044,2026-05-03 18:40:28,2026-05-05 17:13:00,Hanford,1,2026-05-06 16:07:09
Priest Rapids Tailrace CHN,2,G72EA0B12,2026-05-07 17:29:23,2026-05-09 16:31:00,Crescent Bar,0,
Priest Rapids Tailrace CHN,2,G72EA0B12,2026-05-07 17:29:23,2026-05-09 16:31:00,Sunland,0,
Priest Rapids Tailrace CHN,2,G72EA0B12,2026-05-07 17:29:23,2026-05-09 16:31:00,Wanapum BRZ,0,
Priest Rapids Tailrace CHN,2,G72EA0B12,2026-05-07 17:29:23,2026-05-09 16:31:00,Mattawa,0,
Priest Rapids Tailrace CHN,2,G72EA0B12,2026-05-07 17:29:23,2026-05-09 16:31:00,Priest BRZ,0,
Priest Rapids Tailrace CHN,2,G72EA0B12,2026-05-07 17:29:23,2026-05-09 16:31:00,Lower Ringold,1,2026-05-10 06:14:44
Priest Rapids Tailrace CHN,2,G72EA0B12,2026-05-07 17:29:23,2026-05-09 16:31:00,Hanford,1,2026-05-10 09:33:22
Priest Rapids Tailrace CHN,1,G72EC0C3B,2026-05-01 17:28:21,2026-05-03 16:31:00,Crescent Bar,0,
Priest Rapids Tailrace CHN,1,G72EC0C3B,2026-05-01 17:28:21,2026-05-03 16:31:00,Sunland,0,
Priest Rapids Tailrace CHN,1,G72EC0C3B,2026-05-01 17:28:21,2026-05-03 16:31:00,Wanapum BRZ,0,
Priest Rapids Tailrace CHN,1,G72EC0C3B,2026-05-01 17:28:21,2026-05-03 16:31:00,Mattawa,0,
Priest Rapids Tailrace CHN,1,G72EC0C3B,2026-05-01 17:28:21,2026-05-03 16:31:00,Priest BRZ,0,
Priest Rapids Tailrace CHN,1,G72EC0C3B,2026-05-01 17:28:21,2026-05-03 16:31:00,Lower Ringold,1,2026-05-04 21:23:19
Priest Rapids Tailrace CHN,1,G72EC0C3B,2026-05-01 17:28:21,2026-05-03 16:31:00,Hanford,1,2026-05-05 02:57:08
Priest Rapids Tailrace CHN,1,G72EC38E4,2026-05-01 17:20:10,2026-05-03 16:31:00,Crescent Bar,0,
Priest Rapids Tailrace CHN,1,G72EC38E4,2026-05-01 17:20:10,2026-05-03 16:31:00,Sunland,0,
Priest Rapids Tailrace CHN,1,G72EC38E4,2026-05-01 17:20:10,2026-05-03 16:31:00,Wanapum BRZ,0,
Priest Rapids Tailrace CHN,1,G72EC38E4,2026-05-01 17:20:10,2026-05-03 16:31:00,Mattawa,0,
Priest Rapids Tailrace CHN,1,G72EC38E4,2026-05-01 17:20:10,2026-05-03 16:31:00,Priest BRZ,0,
Priest Rapids Tailrace CHN,1,G72EC38E4,2026-05-01 17:20:10,2026-05-03 16:31:00,Lower Ringold,1,2026-05-04 08:47:50
Priest Rapids Tailrace CHN,1,G72EC38E4,2026-05-01 17:20:10,2026-05-03 16:31:00,Hanford,1,2026-05-04 12:12:15
Priest Rapids Tailrace CHN,1,G72EC5B63,2026-05-08 16:56:23,2026-05-10 16:20:00,Crescent Bar,0,
Priest Rapids Tailrace CHN,1,G72EC5B63,2026-05-08 16:56:23,2026-05-10 16:20:00,Sunland,0,
Priest Rapids Tailrace CHN,1,G72EC5B63,2026-05-08 16:56:23,2026-05-10 16:20:00,Wanapum BRZ,0,
Priest Rapids Tailrace CHN,1,G72EC5B63,2026-05-08 16:56:23,2026-05-10 16:20:00,Mattawa,0,
Priest Rapids Tailrace CHN,1,G72EC5B63,2026-05-08 16:56:23,2026-05-10 16:20:00,Priest BRZ,0,
Priest Rapids Tailrace CHN,1,G72EC5B63,2026-05-08 16:56:23,2026-05-10 16:20:00,Lower Ringold,1,2026-05-11 06:02:20
Priest Rapids Tailrace CHN,1,G72EC5B63,2026-05-08 16:56:23,2026-05-10 16:20:00,Hanford,1,2026-05-11 09:12:36
Priest Rapids Tailrace CHN,1,G72EC6BDD,2026-05-01 17:26:51,2026-05-03 16:31:00,Crescent Bar,0,
Priest Rapids Tailrace CHN,1,G72EC6BDD,2026-05-01 17:26:51,2026-05-03 16:31:00,Sunland,0,
Priest Rapids Tailrace CHN,1,G72EC6BDD,2026-05-01 17:26:51,2026-05-03 16:31:00,Wanapum BRZ,0,
Priest Rapids Tailrace CHN,1,G72EC6BDD,2026-05-01 17:26:51,2026-05-03 16:31:00,Mattawa,0,
Priest Rapids Tailrace CHN,1,G72EC6BDD,2026-05-01 17:26:51,2026-05-03 16:31:00,Priest BRZ,0,
Priest Rapids Tailrace CHN,1,G72EC6BDD,2026-05-01 17:26:51,2026-05-03 16:31:00,Lower Ringold,1,2026-05-04 05:04:53
Priest Rapids Tailrace CHN,1,G72EC6BDD,2026-05-01 17:26:51,2026-05-03 16:31:00,Hanford,1,2026-05-04 08:02:43
Priest Rapids Tailrace CHN,1,G72ECB595,2026-05-02 17:40:45,2026-05-04 16:25:00,Crescent Bar,0,
Priest Rapids Tailrace CHN,1,G72ECB595,2026-05-02 17:40:45,2026-05-04 16:25:00,Sunland,0,
Priest Rapids Tailrace CHN,1,G72ECB595,2026-05-02 17:40:45,2026-05-04 16:25:00,Wanapum BRZ,0,
Priest Rapids Tailrace CHN,1,G72ECB595,2026-05-02 17:40:45,2026-05-04 16:25:00,Mattawa,0,
Priest Rapids Tailrace CHN,1,G72ECB595,2026-05-02 17:40:45,2026-05-04 16:25:00,Priest BRZ,0,
Priest Rapids Tailrace CHN,1,G72ECB595,2026-05-02 17:40:45,2026-05-04 16:25:00,Lower Ringold,1,2026-05-05 10:39:10
Priest Rapids Tailrace CHN,1,G72ECB595,2026-05-02 17:40:45,2026-05-04 16:25:00,Hanford,1,2026-05-06 03:22:59
Priest Rapids Tailrace CHN,1,G72ED31BC,2026-05-03 18:32:46,2026-05-05 17:13:00,Crescent Bar,0,
Priest Rapids Tailrace CHN,1,G72ED31BC,2026-05-03 18:32:46,2026-05-05 17:13:00,Sunland,0,
Priest Rapids Tailrace CHN,1,G72ED31BC,2026-05-03 18:32:46,2026-05-05 17:13:00,Wanapum BRZ,0,
Priest Rapids Tailrace CHN,1,G72ED31BC,2026-05-03 18:32:46,2026-05-05 17:13:00,Mattawa,0,
Priest Rapids Tailrace CHN,1,G72ED31BC,2026-05-03 18:32:46,2026-05-05 17:13:00,Priest BRZ,0,
Priest Rapids Tailrace CHN,1,G72ED31BC,2026-05-03 18:32:46,2026-05-05 17:13:00,Lower Ringold,1,2026-05-06 05:47:31
Priest Rapids Tailrace CHN,1,G72ED31BC,2026-05-03 18:32:46,2026-05-05 17:13:00,Hanford,1,2026-05-06 08:57:50
Priest Rapids Tailrace CHN,2,G72ED43F8,2026-05-03 18:45:29,2026-05-05 17:13:00,Crescent Bar,0,
Priest Rapids Tailrace CHN,2,G72ED43F8,2026-05-03 18:45:29,2026-05-05 17:13:00,Sunland,0,
Priest Rapids Tailrace CHN,2,G72ED43F8,2026-05-03 18:45:29,2026-05-05 17:13:00,Wanapum BRZ,0,
Priest Rapids Tailrace CHN,2,G72ED43F8,2026-05-03 18:45:29,2026-05-05 17:13:00,Mattawa,0,
Priest Rapids Tailrace CHN,2,G72ED43F8,2026-05-03 18:45:29,2026-05-05 17:13:00,Priest BRZ,0,
Priest Rapids Tailrace CHN,2,G72ED43F8,2026-05-03 18:45:29,2026-05-05 17:13:00,Lower Ringold,1,2026-05-06 12:59:19
Priest Rapids Tailrace CHN,2,G72ED43F8,2026-05-03 18:45:29,2026-05-05 17:13:00,Hanford,1,2026-05-06 16:56:52
Priest Rapids Tailrace CHN,2,G72EDC715,2026-05-05 16:49:27,2026-05-07 16:28:00,Crescent Bar,0,
Priest Rapids Tailrace CHN,2,G72EDC715,2026-05-05 16:49:27,2026-05-07 16:28:00,Sunland,0,
Priest Rapids Tailrace CHN,2,G72EDC715,2026-05-05 16:49:27,2026-05-07 16:28:00,Wanapum BRZ,0,
Priest Rapids Tailrace CHN,2,G72EDC715,2026-05-05 16:49:27,2026-05-07 16:28:00,Mattawa,0,
Priest Rapids Tailrace CHN,2,G72EDC715,2026-05-05 16:49:27,2026-05-07 16:28:00,Priest BRZ,0,
Priest Rapids Tailrace CHN,2,G72EDC715,2026-05-05 16:49:27,2026-05-07 16:28:00,Lower Ringold,0,
Priest Rapids Tailrace CHN,2,G72EDC715,2026-05-05 16:49:27,2026-05-07 16:28:00,Hanford,0,
Priest Rapids Tailrace CHN,1,G72EE23C8,2026-05-03 18:30:13,2026-05-05 17:13:00,Crescent Bar,0,
Priest Rapids Tailrace CHN,1,G72EE23C8,2026-05-03 18:30:13,2026-05-05 17:13:00,Sunland,0,
Priest Rapids Tailrace CHN,1,G72EE23C8,2026-05-03 18:30:13,2026-05-05 17:13:00,Wanapum BRZ,0,
Priest Rapids Tailrace CHN,1,G72EE23C8,2026-05-03 18:30:13,2026-05-05 17:13:00,Mattawa,0,
Priest Rapids Tailrace CHN,1,G72EE23C8,2026-05-03 18:30:13,2026-05-05 17:13:00,Priest BRZ,0,
Priest Rapids Tailrace CHN,1,G72EE23C8,2026-05-03 18:30:13,2026-05-05 17:13:00,Lower Ringold,1,2026-05-06 06:36:14
Priest Rapids Tailrace CHN,1,G72EE23C8,2026-05-03 18:30:13,2026-05-05 17:13:00,Hanford,1,2026-05-06 09:47:34
Priest Rapids Tailrace CHN,1,G72EE2A54,2026-05-03 18:38:47,2026-05-05 17:13:00,Crescent Bar,0,
Priest Rapids Tailrace CHN,1,G72EE2A54,2026-05-03 18:38:47,2026-05-05 17:13:00,Sunland,0,
Priest Rapids Tailrace CHN,1,G72EE2A54,2026-05-03 18:38:47,2026-05-05 17:13:00,Wanapum BRZ,0,
Priest Rapids Tailrace CHN,1,G72EE2A54,2026-05-03 18:38:47,2026-05-05 17:13:00,Mattawa,0,
Priest Rapids Tailrace CHN,1,G72EE2A54,2026-05-03 18:38:47,2026-05-05 17:13:00,Priest BRZ,0,
Priest Rapids Tailrace CHN,1,G72EE2A54,2026-05-03 18:38:47,2026-05-05 17:13:00,Lower Ringold,1,2026-05-07 01:17:13
Priest Rapids Tailrace CHN,1,G72EE2A54,2026-05-03 18:38:47,2026-05-05 17:13:00,Hanford,1,2026-05-07 08:26:14
Priest Rapids Tailrace CHN,2,G72EF05F2,2026-05-02 17:57:02,2026-05-04 16:25:00,Crescent Bar,0,
Priest Rapids Tailrace CHN,2,G72EF05F2,2026-05-02 17:57:02,2026-05-04 16:25:00,Sunland,0,
Priest Rapids Tailrace CHN,2,G72EF05F2,2026-05-02 17:57:02,2026-05-04 16:25:00,Wanapum BRZ,0,
Priest Rapids Tailrace CHN,2,G72EF05F2,2026-05-02 17:57:02,2026-05-04 16:25:00,Mattawa,0,
Priest Rapids Tailrace CHN,2,G72EF05F2,2026-05-02 17:57:02,2026-05-04 16:25:00,Priest BRZ,0,
Priest Rapids Tailrace CHN,2,G72EF05F2,2026-05-02 17:57:02,2026-05-04 16:25:00,Lower Ringold,1,2026-05-05 05:29:16
Priest Rapids Tailrace CHN,2,G72EF05F2,2026-05-02 17:57:02,2026-05-04 16:25:00,Hanford,1,2026-05-05 08:39:38
Priest Rapids Tailrace CHN,3,G72EFAF23,2026-05-07 17:26:44,2026-05-09 16:31:00,Crescent Bar,0,
Priest Rapids Tailrace CHN,3,G72EFAF23,2026-05-07 17:26:44,2026-05-09 16:31:00,Sunland,0,
Priest Rapids Tailrace CHN,3,G72EFAF23,2026-05-07 17:26:44,2026-05-09 16:31:00,Wanapum BRZ,0,
Priest Rapids Tailrace CHN,3,G72EFAF23,2026-05-07 17:26:44,2026-05-09 16:31:00,Mattawa,0,
Priest Rapids Tailrace CHN,3,G72EFAF23,2026-05-07 17:26:44,2026-05-09 16:31:00,Priest BRZ,0,
Priest Rapids Tailrace CHN,3,G72EFAF23,2026-05-07 17:26:44,2026-05-09 16:31:00,Lower Ringold,1,2026-05-10 06:14:59
Priest Rapids Tailrace CHN,3,G72EFAF23,2026-05-07 17:26:44,2026-05-09 16:31:00,Hanford,1,2026-05-10 09:14:36
Priest Rapids Tailrace CHN,2,G72EFB77C,2026-05-06 18:14:26,2026-05-10 16:20:00,Crescent Bar,0,
Priest Rapids Tailrace CHN,2,G72EFB77C,2026-05-06 18:14:26,2026-05-10 16:20:00,Sunland,0,
Priest Rapids Tailrace CHN,2,G72EFB77C,2026-05-06 18:14:26,2026-05-10 16:20:00,Wanapum BRZ,0,
Priest Rapids Tailrace CHN,2,G72EFB77C,2026-05-06 18:14:26,2026-05-10 16:20:00,Mattawa,0,
Priest Rapids Tailrace CHN,2,G72EFB77C,2026-05-06 18:14:26,2026-05-10 16:20:00,Priest BRZ,0,
Priest Rapids Tailrace CHN,2,G72EFB77C,2026-05-06 18:14:26,2026-05-10 16:20:00,Lower Ringold,0,
Priest Rapids Tailrace CHN,2,G72EFB77C,2026-05-06 18:14:26,2026-05-10 16:20:00,Hanford,0,
Priest Rapids Tailrace CHN,1,G72F20FE9,2026-05-01 17:29:36,2026-05-03 16:31:00,Crescent Bar,0,
Priest Rapids Tailrace CHN,1,G72F20FE9,2026-05-01 17:29:36,2026-05-03 16:31:00,Sunland,0,
Priest Rapids Tailrace CHN,1,G72F20FE9,2026-05-01 17:29:36,2026-05-03 16:31:00,Wanapum BRZ,0,
Priest Rapids Tailrace CHN,1,G72F20FE9,2026-05-01 17:29:36,2026-05-03 16:31:00,Mattawa,0,
Priest Rapids Tailrace CHN,1,G72F20FE9,2026-05-01 17:29:36,2026-05-03 16:31:00,Priest BRZ,0,
Priest Rapids Tailrace CHN,1,G72F20FE9,2026-05-01 17:29:36,2026-05-03 16:31:00,Lower Ringold,1,2026-05-04 07:17:20
Priest Rapids Tailrace CHN,1,G72F20FE9,2026-05-01 17:29:36,2026-05-03 16:31:00,Hanford,1,2026-05-04 10:15:15
Priest Rapids Tailrace CHN,1,G72F3C21A,2026-05-08 17:00:28,2026-05-10 16:20:00,Crescent Bar,0,
Priest Rapids Tailrace CHN,1,G72F3C21A,2026-05-08 17:00:28,2026-05-10 16:20:00,Sunland,0,
Priest Rapids Tailrace CHN,1,G72F3C21A,2026-05-08 17:00:28,2026-05-10 16:20:00,Wanapum BRZ,0,
Priest Rapids Tailrace CHN,1,G72F3C21A,2026-05-08 17:00:28,2026-05-10 16:20:00,Mattawa,0,
Priest Rapids Tailrace CHN,1,G72F3C21A,2026-05-08 17:00:28,2026-05-10 16:20:00,Priest BRZ,0,
Priest Rapids Tailrace CHN,1,G72F3C21A,2026-05-08 17:00:28,2026-05-10 16:20:00,Lower Ringold,1,2026-05-11 12:04:27
Priest Rapids Tailrace CHN,1,G72F3C21A,2026-05-08 17:00:28,2026-05-10 16:20:00,Hanford,1,2026-05-11 16:51:15
Priest Rapids Tailrace CHN,3,G72F46067,2026-05-01 17:18:03,2026-05-03 16:31:00,Crescent Bar,0,
Priest Rapids Tailrace CHN,3,G72F46067,2026-05-01 17:18:03,2026-05-03 16:31:00,Sunland,0,
Priest Rapids Tailrace CHN,3,G72F46067,2026-05-01 17:18:03,2026-05-03 16:31:00,Wanapum BRZ,0,
Priest Rapids Tailrace CHN,3,G72F46067,2026-05-01 17:18:03,2026-05-03 16:31:00,Mattawa,0,
Priest Rapids Tailrace CHN,3,G72F46067,2026-05-01 17:18:03,2026-05-03 16:31:00,Priest BRZ,0,
Priest Rapids Tailrace CHN,3,G72F46067,2026-05-01 17:18:03,2026-05-03 16:31:00,Lower Ringold,1,2026-05-04 04:55:22
Priest Rapids Tailrace CHN,3,G72F46067,2026-05-01 17:18:03,2026-05-03 16:31:00,Hanford,1,2026-05-04 07:45:31
Priest Rapids Tailrace CHN,2,G72F47246,2026-05-06 17:57:32,2026-05-09 16:31:00,Crescent Bar,0,
Priest Rapids Tailrace CHN,2,G72F47246,2026-05-06 17:57:32,2026-05-09 16:31:00,Sunland,0,
Priest Rapids Tailrace CHN,2,G72F47246,2026-05-06 17:57:32,2026-05-09 16:31:00,Wanapum BRZ,0,
Priest Rapids Tailrace CHN,2,G72F47246,2026-05-06 17:57:32,2026-05-09 16:31:00,Mattawa,0,
Priest Rapids Tailrace CHN,2,G72F47246,2026-05-06 17:57:32,2026-05-09 16:31:00,Priest BRZ,0,
Priest Rapids Tailrace CHN,2,G72F47246,2026-05-06 17:57:32,2026-05-09 16:31:00,Lower Ringold,1,2026-05-11 08:58:33
Priest Rapids Tailrace CHN,2,G72F47246,2026-05-06 17:57:32,2026-05-09 16:31:00,Hanford,1,2026-05-11 12:37:17
Priest Rapids Tailrace CHN,1,G72F6D619,2026-05-01 17:30:20,2026-05-03 16:31:00,Crescent Bar,0,
Priest Rapids Tailrace CHN,1,G72F6D619,2026-05-01 17:30:20,2026-05-03 16:31:00,Sunland,0,
Priest Rapids Tailrace CHN,1,G72F6D619,2026-05-01 17:30:20,2026-05-03 16:31:00,Wanapum BRZ,0,
Priest Rapids Tailrace CHN,1,G72F6D619,2026-05-01 17:30:20,2026-05-03 16:31:00,Mattawa,0,
Priest Rapids Tailrace CHN,1,G72F6D619,2026-05-01 17:30:20,2026-05-03 16:31:00,Priest BRZ,0,
Priest Rapids Tailrace CHN,1,G72F6D619,2026-05-01 17:30:20,2026-05-03 16:31:00,Lower Ringold,1,2026-05-04 11:39:49
Priest Rapids Tailrace CHN,1,G72F6D619,2026-05-01 17:30:20,2026-05-03 16:31:00,Hanford,1,2026-05-05 18:52:51
Priest Rapids Tailrace CHN,3,G72F81AAC,2026-05-07 17:23:09,2026-05-09 16:31:00,Crescent Bar,0,
Priest Rapids Tailrace CHN,3,G72F81AAC,2026-05-07 17:23:09,2026-05-09 16:31:00,Sunland,0,
Priest Rapids Tailrace CHN,3,G72F81AAC,2026-05-07 17:23:09,2026-05-09 16:31:00,Wanapum BRZ,0,
Priest Rapids Tailrace CHN,3,G72F81AAC,2026-05-07 17:23:09,2026-05-09 16:31:00,Mattawa,0,
Priest Rapids Tailrace CHN,3,G72F81AAC,2026-05-07 17:23:09,2026-05-09 16:31:00,Priest BRZ,0,
Priest Rapids Tailrace CHN,3,G72F81AAC,2026-05-07 17:23:09,2026-05-09 16:31:00,Lower Ringold,0,
Priest Rapids Tailrace CHN,3,G72F81AAC,2026-05-07 17:23:09,2026-05-09 16:31:00,Hanford,0,
Priest Rapids Tailrace CHN,3,G72F85649,2026-05-05 16:38:44,2026-05-07 16:28:00,Crescent Bar,0,
Priest Rapids Tailrace CHN,3,G72F85649,2026-05-05 16:38:44,2026-05-07 16:28:00,Sunland,0,
Priest Rapids Tailrace CHN,3,G72F85649,2026-05-05 16:38:44,2026-05-07 16:28:00,Wanapum BRZ,0,
Priest Rapids Tailrace CHN,3,G72F85649,2026-05-05 16:38:44,2026-05-07 16:28:00,Mattawa,0,
Priest Rapids Tailrace CHN,3,G72F85649,2026-05-05 16:38:44,2026-05-07 16:28:00,Priest BRZ,0,
Priest Rapids Tailrace CHN,3,G72F85649,2026-05-05 16:38:44,2026-05-07 16:28:00,Lower Ringold,1,2026-05-08 08:18:48
Priest Rapids Tailrace CHN,3,G72F85649,2026-05-05 16:38:44,2026-05-07 16:28:00,Hanford,1,2026-05-08 11:21:51
Priest Rapids Tailrace CHN,3,G72F99647,2026-05-04 18:10:24,2026-05-06 16:47:00,Crescent Bar,0,
Priest Rapids Tailrace CHN,3,G72F99647,2026-05-04 18:10:24,2026-05-06 16:47:00,Sunland,0,
Priest Rapids Tailrace CHN,3,G72F99647,2026-05-04 18:10:24,2026-05-06 16:47:00,Wanapum BRZ,0,
Priest Rapids Tailrace CHN,3,G72F99647,2026-05-04 18:10:24,2026-05-06 16:47:00,Mattawa,0,
Priest Rapids Tailrace CHN,3,G72F99647,2026-05-04 18:10:24,2026-05-06 16:47:00,Priest BRZ,0,
Priest Rapids Tailrace CHN,3,G72F99647,2026-05-04 18:10:24,2026-05-06 16:47:00,Lower Ringold,1,2026-05-07 06:04:55
Priest Rapids Tailrace CHN,3,G72F99647,2026-05-04 18:10:24,2026-05-06 16:47:00,Hanford,1,2026-05-07 09:10:10
Priest Rapids Tailrace CHN,2,G72FA0180,2026-05-03 18:28:00,2026-05-05 17:13:00,Crescent Bar,0,
Priest Rapids Tailrace CHN,2,G72FA0180,2026-05-03 18:28:00,2026-05-05 17:13:00,Sunland,0,
Priest Rapids Tailrace CHN,2,G72FA0180,2026-05-03 18:28:00,2026-05-05 17:13:00,Wanapum BRZ,0,
Priest Rapids Tailrace CHN,2,G72FA0180,2026-05-03 18:28:00,2026-05-05 17:13:00,Mattawa,0,
Priest Rapids Tailrace CHN,2,G72FA0180,2026-05-03 18:28:00,2026-05-05 17:13:00,Priest BRZ,0,
Priest Rapids Tailrace CHN,2,G72FA0180,2026-05-03 18:28:00,2026-05-05 17:13:00,Lower Ringold,0,
Priest Rapids Tailrace CHN,2,G72FA0180,2026-05-03 18:28:00,2026-05-05 17:13:00,Hanford,0,
Priest Rapids Tailrace CHN,3,G72FA3A1E,2026-05-06 18:00:25,2026-05-09 16:31:00,Crescent Bar,0,
Priest Rapids Tailrace CHN,3,G72FA3A1E,2026-05-06 18:00:25,2026-05-09 16:31:00,Sunland,0,
Priest Rapids Tailrace CHN,3,G72FA3A1E,2026-05-06 18:00:25,2026-05-09 16:31:00,Wanapum BRZ,0,
Priest Rapids Tailrace CHN,3,G72FA3A1E,2026-05-06 18:00:25,2026-05-09 16:31:00,Mattawa,0,
Priest Rapids Tailrace CHN,3,G72FA3A1E,2026-05-06 18:00:25,2026-05-09 16:31:00,Priest BRZ,0,
Priest Rapids Tailrace CHN,3,G72FA3A1E,2026-05-06 18:00:25,2026-05-09 16:31:00,Lower Ringold,1,2026-05-10 06:01:14
Priest Rapids Tailrace CHN,3,G72FA3A1E,2026-05-06 18:00:25,2026-05-09 16:31:00,Hanford,0,
Priest Rapids Tailrace CHN,3,G72FA4904,2026-05-02 18:00:17,2026-05-04 16:25:00,Crescent Bar,0,
Priest Rapids Tailrace CHN,3,G72FA4904,2026-05-02 18:00:17,2026-05-04 16:25:00,Sunland,0,
Priest Rapids Tailrace CHN,3,G72FA4904,2026-05-02 18:00:17,2026-05-04 16:25:00,Wanapum BRZ,0,
Priest Rapids Tailrace CHN,3,G72FA4904,2026-05-02 18:00:17,2026-05-04 16:25:00,Mattawa,0,
Priest Rapids Tailrace CHN,3,G72FA4904,2026-05-02 18:00:17,2026-05-04 16:25:00,Priest BRZ,0,
Priest Rapids Tailrace CHN,3,G72FA4904,2026-05-02 18:00:17,2026-05-04 16:25:00,Lower Ringold,1,2026-05-05 04:13:15
Priest Rapids Tailrace CHN,3,G72FA4904,2026-05-02 18:00:17,2026-05-04 16:25:00,Hanford,1,2026-05-05 06:57:52
Priest Rapids Tailrace STH,2,G720041B8,2026-05-07 18:22:52,2026-05-09 16:31:00,Crescent Bar,0,
Priest Rapids Tailrace STH,2,G720041B8,2026-05-07 18:22:52,2026-05-09 16:31:00,Sunland,0,
Priest Rapids Tailrace STH,2,G720041B8,2026-05-07 18:22:52,2026-05-09 16:31:00,Wanapum BRZ,0,
Priest Rapids Tailrace STH,2,G720041B8,2026-05-07 18:22:52,2026-05-09 16:31:00,Mattawa,0,
Priest Rapids Tailrace STH,2,G720041B8,2026-05-07 18:22:52,2026-05-09 16:31:00,Priest BRZ,0,
Priest Rapids Tailrace STH,2,G720041B8,2026-05-07 18:22:52,2026-05-09 16:31:00,Lower Ringold,1,2026-05-10 14:34:03
Priest Rapids Tailrace STH,2,G720041B8,2026-05-07 18:22:52,2026-05-09 16:31:00,Hanford,1,2026-05-11 04:15:09
Priest Rapids Tailrace STH,2,G72006746,2026-05-10 17:59:11,2026-05-12 16:15:00,Crescent Bar,0,
Priest Rapids Tailrace STH,2,G72006746,2026-05-10 17:59:11,2026-05-12 16:15:00,Sunland,0,
Priest Rapids Tailrace STH,2,G72006746,2026-05-10 17:59:11,2026-05-12 16:15:00,Wanapum BRZ,0,
Priest Rapids Tailrace STH,2,G72006746,2026-05-10 17:59:11,2026-05-12 16:15:00,Mattawa,0,
Priest Rapids Tailrace STH,2,G72006746,2026-05-10 17:59:11,2026-05-12 16:15:00,Priest BRZ,0,
Priest Rapids Tailrace STH,2,G72006746,2026-05-10 17:59:11,2026-05-12 16:15:00,Lower Ringold,1,2026-05-13 03:23:41
Priest Rapids Tailrace STH,2,G72006746,2026-05-10 17:59:11,2026-05-12 16:15:00,Hanford,1,2026-05-13 07:21:46
Priest Rapids Tailrace STH,2,G72015EA0,2026-05-08 20:47:38,2026-05-10 16:20:00,Crescent Bar,0,
Priest Rapids Tailrace STH,2,G72015EA0,2026-05-08 20:47:38,2026-05-10 16:20:00,Sunland,0,
Priest Rapids Tailrace STH,2,G72015EA0,2026-05-08 20:47:38,2026-05-10 16:20:00,Wanapum BRZ,0,
Priest Rapids Tailrace STH,2,G72015EA0,2026-05-08 20:47:38,2026-05-10 16:20:00,Mattawa,0,
Priest Rapids Tailrace STH,2,G72015EA0,2026-05-08 20:47:38,2026-05-10 16:20:00,Priest BRZ,0,
Priest Rapids Tailrace STH,2,G72015EA0,2026-05-08 20:47:38,2026-05-10 16:20:00,Lower Ringold,1,2026-05-11 03:17:59
Priest Rapids Tailrace STH,2,G72015EA0,2026-05-08 20:47:38,2026-05-10 16:20:00,Hanford,1,2026-05-11 07:36:09
Priest Rapids Tailrace STH,2,G7201AAB5,2026-05-08 20:41:29,2026-05-10 16:20:00,Crescent Bar,0,
Priest Rapids Tailrace STH,2,G7201AAB5,2026-05-08 20:41:29,2026-05-10 16:20:00,Sunland,0,
Priest Rapids Tailrace STH,2,G7201AAB5,2026-05-08 20:41:29,2026-05-10 16:20:00,Wanapum BRZ,0,
Priest Rapids Tailrace STH,2,G7201AAB5,2026-05-08 20:41:29,2026-05-10 16:20:00,Mattawa,0,
Priest Rapids Tailrace STH,2,G7201AAB5,2026-05-08 20:41:29,2026-05-10 16:20:00,Priest BRZ,0,
Priest Rapids Tailrace STH,2,G7201AAB5,2026-05-08 20:41:29,2026-05-10 16:20:00,Lower Ringold,0,
Priest Rapids Tailrace STH,2,G7201AAB5,2026-05-08 20:41:29,2026-05-10 16:20:00,Hanford,0,
Priest Rapids Tailrace STH,2,G7202DCC5,2026-05-10 17:53:33,2026-05-12 16:15:00,Crescent Bar,0,
Priest Rapids Tailrace STH,2,G7202DCC5,2026-05-10 17:53:33,2026-05-12 16:15:00,Sunland,0,
Priest Rapids Tailrace STH,2,G7202DCC5,2026-05-10 17:53:33,2026-05-12 16:15:00,Wanapum BRZ,0,
Priest Rapids Tailrace STH,2,G7202DCC5,2026-05-10 17:53:33,2026-05-12 16:15:00,Mattawa,0,
Priest Rapids Tailrace STH,2,G7202DCC5,2026-05-10 17:53:33,2026-05-12 16:15:00,Priest BRZ,0,
Priest Rapids Tailrace STH,2,G7202DCC5,2026-05-10 17:53:33,2026-05-12 16:15:00,Lower Ringold,1,2026-05-13 04:02:05
Priest Rapids Tailrace STH,2,G7202DCC5,2026-05-10 17:53:33,2026-05-12 16:15:00,Hanford,1,2026-05-13 07:08:55
Priest Rapids Tailrace STH,2,G7202DD9B,2026-05-12 18:51:27,2026-05-15 17:05:00,Crescent Bar,0,
Priest Rapids Tailrace STH,2,G7202DD9B,2026-05-12 18:51:27,2026-05-15 17:05:00,Sunland,0,
Priest Rapids Tailrace STH,2,G7202DD9B,2026-05-12 18:51:27,2026-05-15 17:05:00,Wanapum BRZ,0,
Priest Rapids Tailrace STH,2,G7202DD9B,2026-05-12 18:51:27,2026-05-15 17:05:00,Mattawa,0,
Priest Rapids Tailrace STH,2,G7202DD9B,2026-05-12 18:51:27,2026-05-15 17:05:00,Priest BRZ,0,
Priest Rapids Tailrace STH,2,G7202DD9B,2026-05-12 18:51:27,2026-05-15 17:05:00,Lower Ringold,1,2026-05-17 09:32:44
Priest Rapids Tailrace STH,2,G7202DD9B,2026-05-12 18:51:27,2026-05-15 17:05:00,Hanford,1,2026-05-17 12:28:33
Priest Rapids Tailrace STH,1,G720494EB,2026-05-07 18:15:54,2026-05-09 16:31:00,Crescent Bar,0,
Priest Rapids Tailrace STH,1,G720494EB,2026-05-07 18:15:54,2026-05-09 16:31:00,Sunland,0,
Priest Rapids Tailrace STH,1,G720494EB,2026-05-07 18:15:54,2026-05-09 16:31:00,Wanapum BRZ,0,
Priest Rapids Tailrace STH,1,G720494EB,2026-05-07 18:15:54,2026-05-09 16:31:00,Mattawa,0,
Priest Rapids Tailrace STH,1,G720494EB,2026-05-07 18:15:54,2026-05-09 16:31:00,Priest BRZ,0,
Priest Rapids Tailrace STH,1,G720494EB,2026-05-07 18:15:54,2026-05-09 16:31:00,Lower Ringold,1,2026-05-10 04:19:53
Priest Rapids Tailrace STH,1,G720494EB,2026-05-07 18:15:54,2026-05-09 16:31:00,Hanford,1,2026-05-10 07:26:22
Priest Rapids Tailrace STH,2,G7206A939,2026-05-07 18:17:53,2026-05-09 16:31:00,Crescent Bar,0,
Priest Rapids Tailrace STH,2,G7206A939,2026-05-07 18:17:53,2026-05-09 16:31:00,Sunland,0,
Priest Rapids Tailrace STH,2,G7206A939,2026-05-07 18:17:53,2026-05-09 16:31:00,Wanapum BRZ,0,
Priest Rapids Tailrace STH,2,G7206A939,2026-05-07 18:17:53,2026-05-09 16:31:00,Mattawa,0,
Priest Rapids Tailrace STH,2,G7206A939,2026-05-07 18:17:53,2026-05-09 16:31:00,Priest BRZ,0,
Priest Rapids Tailrace STH,2,G7206A939,2026-05-07 18:17:53,2026-05-09 16:31:00,Lower Ringold,1,2026-05-10 06:52:43
Priest Rapids Tailrace STH,2,G7206A939,2026-05-07 18:17:53,2026-05-09 16:31:00,Hanford,1,2026-05-10 10:18:12
Priest Rapids Tailrace STH,2,G7207F4DB,2026-05-06 19:19:38,2026-05-09 16:31:00,Crescent Bar,0,
Priest Rapids Tailrace STH,2,G7207F4DB,2026-05-06 19:19:38,2026-05-09 16:31:00,Sunland,0,
Priest Rapids Tailrace STH,2,G7207F4DB,2026-05-06 19:19:38,2026-05-09 16:31:00,Wanapum BRZ,0,
Priest Rapids Tailrace STH,2,G7207F4DB,2026-05-06 19:19:38,2026-05-09 16:31:00,Mattawa,0,
Priest Rapids Tailrace STH,2,G7207F4DB,2026-05-06 19:19:38,2026-05-09 16:31:00,Priest BRZ,0,
Priest Rapids Tailrace STH,2,G7207F4DB,2026-05-06 19:19:38,2026-05-09 16:31:00,Lower Ringold,1,2026-05-10 04:30:48
Priest Rapids Tailrace STH,2,G7207F4DB,2026-05-06 19:19:38,2026-05-09 16:31:00,Hanford,1,2026-05-10 08:03:26
Priest Rapids Tailrace STH,3,G72083E77,2026-05-14 19:06:22,2026-05-16 16:35:00,Crescent Bar,0,
Priest Rapids Tailrace STH,3,G72083E77,2026-05-14 19:06:22,2026-05-16 16:35:00,Sunland,0,
Priest Rapids Tailrace STH,3,G72083E77,2026-05-14 19:06:22,2026-05-16 16:35:00,Wanapum BRZ,0,
Priest Rapids Tailrace STH,3,G72083E77,2026-05-14 19:06:22,2026-05-16 16:35:00,Mattawa,0,
Priest Rapids Tailrace STH,3,G72083E77,2026-05-14 19:06:22,2026-05-16 16:35:00,Priest BRZ,0,
Priest Rapids Tailrace STH,3,G72083E77,2026-05-14 19:06:22,2026-05-16 16:35:00,Lower Ringold,1,2026-05-17 08:59:19
Priest Rapids Tailrace STH,3,G72083E77,2026-05-14 19:06:22,2026-05-16 16:35:00,Hanford,1,2026-05-17 12:01:06
Priest Rapids Tailrace STH,3,G720AC650,2026-05-10 17:52:27,2026-05-12 16:15:00,Crescent Bar,0,
Priest Rapids Tailrace STH,3,G720AC650,2026-05-10 17:52:27,2026-05-12 16:15:00,Sunland,0,
Priest Rapids Tailrace STH,3,G720AC650,2026-05-10 17:52:27,2026-05-12 16:15:00,Wanapum BRZ,0,
Priest Rapids Tailrace STH,3,G720AC650,2026-05-10 17:52:27,2026-05-12 16:15:00,Mattawa,0,
Priest Rapids Tailrace STH,3,G720AC650,2026-05-10 17:52:27,2026-05-12 16:15:00,Priest BRZ,0,
Priest Rapids Tailrace STH,3,G720AC650,2026-05-10 17:52:27,2026-05-12 16:15:00,Lower Ringold,1,2026-05-13 09:56:07
Priest Rapids Tailrace STH,3,G720AC650,2026-05-10 17:52:27,2026-05-12 16:15:00,Hanford,1,2026-05-13 13:15:31
Priest Rapids Tailrace STH,3,G720AC70E,2026-05-14 19:14:01,2026-05-16 16:35:00,Crescent Bar,0,
Priest Rapids Tailrace STH,3,G720AC70E,2026-05-14 19:14:01,2026-05-16 16:35:00,Sunland,0,
Priest Rapids Tailrace STH,3,G720AC70E,2026-05-14 19:14:01,2026-05-16 16:35:00,Wanapum BRZ,0,
Priest Rapids Tailrace STH,3,G720AC70E,2026-05-14 19:14:01,2026-05-16 16:35:00,Mattawa,0,
Priest Rapids Tailrace STH,3,G720AC70E,2026-05-14 19:14:01,2026-05-16 16:35:00,Priest BRZ,0,
Priest Rapids Tailrace STH,3,G720AC70E,2026-05-14 19:14:01,2026-05-16 16:35:00,Lower Ringold,1,2026-05-17 04:53:59
Priest Rapids Tailrace STH,3,G720AC70E,2026-05-14 19:14:01,2026-05-16 16:35:00,Hanford,1,2026-05-17 08:23:12
Priest Rapids Tailrace STH,3,G720E0F3D,2026-05-10 17:55:36,2026-05-12 16:15:00,Crescent Bar,0,
Priest Rapids Tailrace STH,3,G720E0F3D,2026-05-10 17:55:36,2026-05-12 16:15:00,Sunland,0,
Priest Rapids Tailrace STH,3,G720E0F3D,2026-05-10 17:55:36,2026-05-12 16:15:00,Wanapum BRZ,0,
Priest Rapids Tailrace STH,3,G720E0F3D,2026-05-10 17:55:36,2026-05-12 16:15:00,Mattawa,0,
Priest Rapids Tailrace STH,3,G720E0F3D,2026-05-10 17:55:36,2026-05-12 16:15:00,Priest BRZ,0,
Priest Rapids Tailrace STH,3,G720E0F3D,2026-05-10 17:55:36,2026-05-12 16:15:00,Lower Ringold,1,2026-05-13 05:38:37
Priest Rapids Tailrace STH,3,G720E0F3D,2026-05-10 17:55:36,2026-05-12 16:15:00,Hanford,1,2026-05-13 08:44:15
Priest Rapids Tailrace STH,3,G720E205F,2026-05-12 18:54:35,2026-05-15 17:05:00,Crescent Bar,0,
Priest Rapids Tailrace STH,3,G720E205F,2026-05-12 18:54:35,2026-05-15 17:05:00,Sunland,0,
Priest Rapids Tailrace STH,3,G720E205F,2026-05-12 18:54:35,2026-05-15 17:05:00,Wanapum BRZ,0,
Priest Rapids Tailrace STH,3,G720E205F,2026-05-12 18:54:35,2026-05-15 17:05:00,Mattawa,0,
Priest Rapids Tailrace STH,3,G720E205F,2026-05-12 18:54:35,2026-05-15 17:05:00,Priest BRZ,0,
Priest Rapids Tailrace STH,3,G720E205F,2026-05-12 18:54:35,2026-05-15 17:05:00,Lower Ringold,1,2026-05-16 05:38:26
Priest Rapids Tailrace STH,3,G720E205F,2026-05-12 18:54:35,2026-05-15 17:05:00,Hanford,1,2026-05-16 08:56:23
Priest Rapids Tailrace STH,3,G720F431C,2026-05-12 19:01:00,2026-05-15 17:05:00,Crescent Bar,0,
Priest Rapids Tailrace STH,3,G720F431C,2026-05-12 19:01:00,2026-05-15 17:05:00,Sunland,0,
Priest Rapids Tailrace STH,3,G720F431C,2026-05-12 19:01:00,2026-05-15 17:05:00,Wanapum BRZ,0,
Priest Rapids Tailrace STH,3,G720F431C,2026-05-12 19:01:00,2026-05-15 17:05:00,Mattawa,0,
Priest Rapids Tailrace STH,3,G720F431C,2026-05-12 19:01:00,2026-05-15 17:05:00,Priest BRZ,0,
Priest Rapids Tailrace STH,3,G720F431C,2026-05-12 19:01:00,2026-05-15 17:05:00,Lower Ringold,1,2026-05-16 04:47:48
Priest Rapids Tailrace STH,3,G720F431C,2026-05-12 19:01:00,2026-05-15 17:05:00,Hanford,1,2026-05-16 10:44:43
Priest Rapids Tailrace STH,3,G720F73A2,2026-05-06 19:07:48,2026-05-09 16:31:00,Crescent Bar,0,
Priest Rapids Tailrace STH,3,G720F73A2,2026-05-06 19:07:48,2026-05-09 16:31:00,Sunland,0,
Priest Rapids Tailrace STH,3,G720F73A2,2026-05-06 19:07:48,2026-05-09 16:31:00,Wanapum BRZ,0,
Priest Rapids Tailrace STH,3,G720F73A2,2026-05-06 19:07:48,2026-05-09 16:31:00,Mattawa,0,
Priest Rapids Tailrace STH,3,G720F73A2,2026-05-06 19:07:48,2026-05-09 16:31:00,Priest BRZ,0,
Priest Rapids Tailrace STH,3,G720F73A2,2026-05-06 19:07:48,2026-05-09 16:31:00,Lower Ringold,1,2026-05-10 10:55:44
Priest Rapids Tailrace STH,3,G720F73A2,2026-05-06 19:07:48,2026-05-09 16:31:00,Hanford,1,2026-05-10 19:00:05
Priest Rapids Tailrace STH,3,G72105097,2026-05-14 19:05:22,2026-05-16 16:35:00,Crescent Bar,0,
Priest Rapids Tailrace STH,3,G72105097,2026-05-14 19:05:22,2026-05-16 16:35:00,Sunland,0,
Priest Rapids Tailrace STH,3,G72105097,2026-05-14 19:05:22,2026-05-16 16:35:00,Wanapum BRZ,0,
Priest Rapids Tailrace STH,3,G72105097,2026-05-14 19:05:22,2026-05-16 16:35:00,Mattawa,0,
Priest Rapids Tailrace STH,3,G72105097,2026-05-14 19:05:22,2026-05-16 16:35:00,Priest BRZ,0,
Priest Rapids Tailrace STH,3,G72105097,2026-05-14 19:05:22,2026-05-16 16:35:00,Lower Ringold,1,2026-05-17 15:37:12
Priest Rapids Tailrace STH,3,G72105097,2026-05-14 19:05:22,2026-05-16 16:35:00,Hanford,1,2026-05-17 22:56:54
Priest Rapids Tailrace STH,1,G7210F6E5,2026-05-06 18:56:24,2026-05-09 16:31:00,Crescent Bar,0,
Priest Rapids Tailrace STH,1,G7210F6E5,2026-05-06 18:56:24,2026-05-09 16:31:00,Sunland,0,
Priest Rapids Tailrace STH,1,G7210F6E5,2026-05-06 18:56:24,2026-05-09 16:31:00,Wanapum BRZ,0,
Priest Rapids Tailrace STH,1,G7210F6E5,2026-05-06 18:56:24,2026-05-09 16:31:00,Mattawa,0,
Priest Rapids Tailrace STH,1,G7210F6E5,2026-05-06 18:56:24,2026-05-09 16:31:00,Priest BRZ,0,
Priest Rapids Tailrace STH,1,G7210F6E5,2026-05-06 18:56:24,2026-05-09 16:31:00,Lower Ringold,1,2026-05-10 15:48:59
Priest Rapids Tailrace STH,1,G7210F6E5,2026-05-06 18:56:24,2026-05-09 16:31:00,Hanford,1,2026-05-10 18:44:34
Priest Rapids Tailrace STH,1,G72113DCB,2026-05-06 18:57:28,2026-05-09 16:31:00,Crescent Bar,0,
Priest Rapids Tailrace STH,1,G72113DCB,2026-05-06 18:57:28,2026-05-09 16:31:00,Sunland,0,
Priest Rapids Tailrace STH,1,G72113DCB,2026-05-06 18:57:28,2026-05-09 16:31:00,Wanapum BRZ,0,
Priest Rapids Tailrace STH,1,G72113DCB,2026-05-06 18:57:28,2026-05-09 16:31:00,Mattawa,0,
Priest Rapids Tailrace STH,1,G72113DCB,2026-05-06 18:57:28,2026-05-09 16:31:00,Priest BRZ,0,
Priest Rapids Tailrace STH,1,G72113DCB,2026-05-06 18:57:28,2026-05-09 16:31:00,Lower Ringold,0,
Priest Rapids Tailrace STH,1,G72113DCB,2026-05-06 18:57:28,2026-05-09 16:31:00,Hanford,0,
Priest Rapids Tailrace STH,3,G7211853B,2026-05-09 18:38:41,2026-05-11 16:32:00,Crescent Bar,0,
Priest Rapids Tailrace STH,3,G7211853B,2026-05-09 18:38:41,2026-05-11 16:32:00,Sunland,0,
Priest Rapids Tailrace STH,3,G7211853B,2026-05-09 18:38:41,2026-05-11 16:32:00,Wanapum BRZ,0,
Priest Rapids Tailrace STH,3,G7211853B,2026-05-09 18:38:41,2026-05-11 16:32:00,Mattawa,0,
Priest Rapids Tailrace STH,3,G7211853B,2026-05-09 18:38:41,2026-05-11 16:32:00,Priest BRZ,0,
Priest Rapids Tailrace STH,3,G7211853B,2026-05-09 18:38:41,2026-05-11 16:32:00,Lower Ringold,1,2026-05-12 04:55:59
Priest Rapids Tailrace STH,3,G7211853B,2026-05-09 18:38:41,2026-05-11 16:32:00,Hanford,1,2026-05-12 07:58:40
Priest Rapids Tailrace STH,3,G72147913,2026-05-12 19:00:30,2026-05-15 17:05:00,Crescent Bar,0,
Priest Rapids Tailrace STH,3,G72147913,2026-05-12 19:00:30,2026-05-15 17:05:00,Sunland,0,
Priest Rapids Tailrace STH,3,G72147913,2026-05-12 19:00:30,2026-05-15 17:05:00,Wanapum BRZ,0,
Priest Rapids Tailrace STH,3,G72147913,2026-05-12 19:00:30,2026-05-15 17:05:00,Mattawa,0,
Priest Rapids Tailrace STH,3,G72147913,2026-05-12 19:00:30,2026-05-15 17:05:00,Priest BRZ,0,
Priest Rapids Tailrace STH,3,G72147913,2026-05-12 19:00:30,2026-05-15 17:05:00,Lower Ringold,1,2026-05-16 13:35:22
Priest Rapids Tailrace STH,3,G72147913,2026-05-12 19:00:30,2026-05-15 17:05:00,Hanford,1,2026-05-16 16:55:04
Priest Rapids Tailrace STH,3,G7214B57A,2026-05-06 18:50:47,2026-05-09 16:31:00,Crescent Bar,0,
Priest Rapids Tailrace STH,3,G7214B57A,2026-05-06 18:50:47,2026-05-09 16:31:00,Sunland,0,
Priest Rapids Tailrace STH,3,G7214B57A,2026-05-06 18:50:47,2026-05-09 16:31:00,Wanapum BRZ,0,
Priest Rapids Tailrace STH,3,G7214B57A,2026-05-06 18:50:47,2026-05-09 16:31:00,Mattawa,0,
Priest Rapids Tailrace STH,3,G7214B57A,2026-05-06 18:50:47,2026-05-09 16:31:00,Priest BRZ,0,
Priest Rapids Tailrace STH,3,G7214B57A,2026-05-06 18:50:47,2026-05-09 16:31:00,Lower Ringold,1,2026-05-11 07:52:07
Priest Rapids Tailrace STH,3,G7214B57A,2026-05-06 18:50:47,2026-05-09 16:31:00,Hanford,1,2026-05-11 11:34:03
Priest Rapids Tailrace STH,3,G7214E902,2026-05-14 19:14:24,2026-05-16 16:35:00,Crescent Bar,0,
Priest Rapids Tailrace STH,3,G7214E902,2026-05-14 19:14:24,2026-05-16 16:35:00,Sunland,0,
Priest Rapids Tailrace STH,3,G7214E902,2026-05-14 19:14:24,2026-05-16 16:35:00,Wanapum BRZ,0,
Priest Rapids Tailrace STH,3,G7214E902,2026-05-14 19:14:24,2026-05-16 16:35:00,Mattawa,0,
Priest Rapids Tailrace STH,3,G7214E902,2026-05-14 19:14:24,2026-05-16 16:35:00,Priest BRZ,0,
Priest Rapids Tailrace STH,3,G7214E902,2026-05-14 19:14:24,2026-05-16 16:35:00,Lower Ringold,1,2026-05-17 12:33:04
Priest Rapids Tailrace STH,3,G7214E902,2026-05-14 19:14:24,2026-05-16 16:35:00,Hanford,1,2026-05-17 15:27:45
Priest Rapids Tailrace STH,3,G72163567,2026-05-09 18:45:24,2026-05-11 16:32:00,Crescent Bar,0,
Priest Rapids Tailrace STH,3,G72163567,2026-05-09 18:45:24,2026-05-11 16:32:00,Sunland,0,
Priest Rapids Tailrace STH,3,G72163567,2026-05-09 18:45:24,2026-05-11 16:32:00,Wanapum BRZ,0,
Priest Rapids Tailrace STH,3,G72163567,2026-05-09 18:45:24,2026-05-11 16:32:00,Mattawa,0,
Priest Rapids Tailrace STH,3,G72163567,2026-05-09 18:45:24,2026-05-11 16:32:00,Priest BRZ,0,
Priest Rapids Tailrace STH,3,G72163567,2026-05-09 18:45:24,2026-05-11 16:32:00,Lower Ringold,1,2026-05-12 03:07:08
Priest Rapids Tailrace STH,3,G72163567,2026-05-09 18:45:24,2026-05-11 16:32:00,Hanford,1,2026-05-12 11:12:17
Priest Rapids Tailrace STH,2,G721661DD,2026-05-10 17:45:06,2026-05-12 16:15:00,Crescent Bar,0,
Priest Rapids Tailrace STH,2,G721661DD,2026-05-10 17:45:06,2026-05-12 16:15:00,Sunland,0,
Priest Rapids Tailrace STH,2,G721661DD,2026-05-10 17:45:06,2026-05-12 16:15:00,Wanapum BRZ,0,
Priest Rapids Tailrace STH,2,G721661DD,2026-05-10 17:45:06,2026-05-12 16:15:00,Mattawa,0,
Priest Rapids Tailrace STH,2,G721661DD,2026-05-10 17:45:06,2026-05-12 16:15:00,Priest BRZ,0,
Priest Rapids Tailrace STH,2,G721661DD,2026-05-10 17:45:06,2026-05-12 16:15:00,Lower Ringold,0,
Priest Rapids Tailrace STH,2,G721661DD,2026-05-10 17:45:06,2026-05-12 16:15:00,Hanford,0,
Priest Rapids Tailrace STH,2,G72170A5C,2026-05-08 20:58:42,2026-05-10 16:20:00,Crescent Bar,0,
Priest Rapids Tailrace STH,2,G72170A5C,2026-05-08 20:58:42,2026-05-10 16:20:00,Sunland,0,
Priest Rapids Tailrace STH,2,G72170A5C,2026-05-08 20:58:42,2026-05-10 16:20:00,Wanapum BRZ,0,
Priest Rapids Tailrace STH,2,G72170A5C,2026-05-08 20:58:42,2026-05-10 16:20:00,Mattawa,0,
Priest Rapids Tailrace STH,2,G72170A5C,2026-05-08 20:58:42,2026-05-10 16:20:00,Priest BRZ,0,
Priest Rapids Tailrace STH,2,G72170A5C,2026-05-08 20:58:42,2026-05-10 16:20:00,Lower Ringold,1,2026-05-11 02:44:44
Priest Rapids Tailrace STH,2,G72170A5C,2026-05-08 20:58:42,2026-05-10 16:20:00,Hanford,1,2026-05-11 05:59:50
Priest Rapids Tailrace STH,2,G72173C3F,2026-05-12 18:49:55,2026-05-15 17:05:00,Crescent Bar,0,
Priest Rapids Tailrace STH,2,G72173C3F,2026-05-12 18:49:55,2026-05-15 17:05:00,Sunland,0,
Priest Rapids Tailrace STH,2,G72173C3F,2026-05-12 18:49:55,2026-05-15 17:05:00,Wanapum BRZ,0,
Priest Rapids Tailrace STH,2,G72173C3F,2026-05-12 18:49:55,2026-05-15 17:05:00,Mattawa,0,
Priest Rapids Tailrace STH,2,G72173C3F,2026-05-12 18:49:55,2026-05-15 17:05:00,Priest BRZ,0,
Priest Rapids Tailrace STH,2,G72173C3F,2026-05-12 18:49:55,2026-05-15 17:05:00,Lower Ringold,1,2026-05-16 11:41:16
Priest Rapids Tailrace STH,2,G72173C3F,2026-05-12 18:49:55,2026-05-15 17:05:00,Hanford,1,2026-05-16 14:16:57
Priest Rapids Tailrace STH,2,G7217B52F,2026-05-10 17:47:01,2026-05-12 16:15:00,Crescent Bar,0,
Priest Rapids Tailrace STH,2,G7217B52F,2026-05-10 17:47:01,2026-05-12 16:15:00,Sunland,0,
Priest Rapids Tailrace STH,2,G7217B52F,2026-05-10 17:47:01,2026-05-12 16:15:00,Wanapum BRZ,0,
Priest Rapids Tailrace STH,2,G7217B52F,2026-05-10 17:47:01,2026-05-12 16:15:00,Mattawa,0,
Priest Rapids Tailrace STH,2,G7217B52F,2026-05-10 17:47:01,2026-05-12 16:15:00,Priest BRZ,0,
Priest Rapids Tailrace STH,2,G7217B52F,2026-05-10 17:47:01,2026-05-12 16:15:00,Lower Ringold,1,2026-05-13 04:57:19
Priest Rapids Tailrace STH,2,G7217B52F,2026-05-10 17:47:01,2026-05-12 16:15:00,Hanford,1,2026-05-13 07:44:47
Priest Rapids Tailrace STH,2,G72187C61,2026-05-07 18:24:29,2026-05-09 16:31:00,Crescent Bar,0,
Priest Rapids Tailrace STH,2,G72187C61,2026-05-07 18:24:29,2026-05-09 16:31:00,Sunland,0,
Priest Rapids Tailrace STH,2,G72187C61,2026-05-07 18:24:29,2026-05-09 16:31:00,Wanapum BRZ,0,
Priest Rapids Tailrace STH,2,G72187C61,2026-05-07 18:24:29,2026-05-09 16:31:00,Mattawa,0,
Priest Rapids Tailrace STH,2,G72187C61,2026-05-07 18:24:29,2026-05-09 16:31:00,Priest BRZ,0,
Priest Rapids Tailrace STH,2,G72187C61,2026-05-07 18:24:29,2026-05-09 16:31:00,Lower Ringold,1,2026-05-20 18:44:50
Priest Rapids Tailrace STH,2,G72187C61,2026-05-07 18:24:29,2026-05-09 16:31:00,Hanford,0,
Priest Rapids Tailrace STH,2,G7219A68C,2026-05-06 19:11:59,2026-05-09 16:31:00,Crescent Bar,0,
Priest Rapids Tailrace STH,2,G7219A68C,2026-05-06 19:11:59,2026-05-09 16:31:00,Sunland,0,
Priest Rapids Tailrace STH,2,G7219A68C,2026-05-06 19:11:59,2026-05-09 16:31:00,Wanapum BRZ,0,
Priest Rapids Tailrace STH,2,G7219A68C,2026-05-06 19:11:59,2026-05-09 16:31:00,Mattawa,0,
Priest Rapids Tailrace STH,2,G7219A68C,2026-05-06 19:11:59,2026-05-09 16:31:00,Priest BRZ,0,
Priest Rapids Tailrace STH,2,G7219A68C,2026-05-06 19:11:59,2026-05-09 16:31:00,Lower Ringold,0,
Priest Rapids Tailrace STH,2,G7219A68C,2026-05-06 19:11:59,2026-05-09 16:31:00,Hanford,0,
Priest Rapids Tailrace STH,3,G721A1A48,2026-05-07 18:18:16,2026-05-09 16:31:00,Crescent Bar,0,
Priest Rapids Tailrace STH,3,G721A1A48,2026-05-07 18:18:16,2026-05-09 16:31:00,Sunland,0,
Priest Rapids Tailrace STH,3,G721A1A48,2026-05-07 18:18:16,2026-05-09 16:31:00,Wanapum BRZ,0,
Priest Rapids Tailrace STH,3,G721A1A48,2026-05-07 18:18:16,2026-05-09 16:31:00,Mattawa,0,
Priest Rapids Tailrace STH,3,G721A1A48,2026-05-07 18:18:16,2026-05-09 16:31:00,Priest BRZ,0,
Priest Rapids Tailrace STH,3,G721A1A48,2026-05-07 18:18:16,2026-05-09 16:31:00,Lower Ringold,1,2026-05-24 10:44:40
Priest Rapids Tailrace STH,3,G721A1A48,2026-05-07 18:18:16,2026-05-09 16:31:00,Hanford,1,2026-05-24 13:58:23
Priest Rapids Tailrace STH,2,G721AADF9,2026-05-10 17:46:35,2026-05-12 16:15:00,Crescent Bar,0,
Priest Rapids Tailrace STH,2,G721AADF9,2026-05-10 17:46:35,2026-05-12 16:15:00,Sunland,0,
Priest Rapids Tailrace STH,2,G721AADF9,2026-05-10 17:46:35,2026-05-12 16:15:00,Wanapum BRZ,0,
Priest Rapids Tailrace STH,2,G721AADF9,2026-05-10 17:46:35,2026-05-12 16:15:00,Mattawa,0,
Priest Rapids Tailrace STH,2,G721AADF9,2026-05-10 17:46:35,2026-05-12 16:15:00,Priest BRZ,0,
Priest Rapids Tailrace STH,2,G721AADF9,2026-05-10 17:46:35,2026-05-12 16:15:00,Lower Ringold,1,2026-05-13 08:36:00
Priest Rapids Tailrace STH,2,G721AADF9,2026-05-10 17:46:35,2026-05-12 16:15:00,Hanford,1,2026-05-13 11:16:36
Priest Rapids Tailrace STH,3,G721BD7BB,2026-05-12 18:57:39,2026-05-15 17:05:00,Crescent Bar,0,
Priest Rapids Tailrace STH,3,G721BD7BB,2026-05-12 18:57:39,2026-05-15 17:05:00,Sunland,0,
Priest Rapids Tailrace STH,3,G721BD7BB,2026-05-12 18:57:39,2026-05-15 17:05:00,Wanapum BRZ,0,
Priest Rapids Tailrace STH,3,G721BD7BB,2026-05-12 18:57:39,2026-05-15 17:05:00,Mattawa,0,
Priest Rapids Tailrace STH,3,G721BD7BB,2026-05-12 18:57:39,2026-05-15 17:05:00,Priest BRZ,0,
Priest Rapids Tailrace STH,3,G721BD7BB,2026-05-12 18:57:39,2026-05-15 17:05:00,Lower Ringold,1,2026-05-16 12:47:46
Priest Rapids Tailrace STH,3,G721BD7BB,2026-05-12 18:57:39,2026-05-15 17:05:00,Hanford,1,2026-05-16 15:33:42
Priest Rapids Tailrace STH,1,G721C3923,2026-05-06 19:22:32,2026-05-09 16:31:00,Crescent Bar,0,
Priest Rapids Tailrace STH,1,G721C3923,2026-05-06 19:22:32,2026-05-09 16:31:00,Sunland,0,
Priest Rapids Tailrace STH,1,G721C3923,2026-05-06 19:22:32,2026-05-09 16:31:00,Wanapum BRZ,0,
Priest Rapids Tailrace STH,1,G721C3923,2026-05-06 19:22:32,2026-05-09 16:31:00,Mattawa,0,
Priest Rapids Tailrace STH,1,G721C3923,2026-05-06 19:22:32,2026-05-09 16:31:00,Priest BRZ,0,
Priest Rapids Tailrace STH,1,G721C3923,2026-05-06 19:22:32,2026-05-09 16:31:00,Lower Ringold,1,2026-05-10 05:59:27
Priest Rapids Tailrace STH,1,G721C3923,2026-05-06 19:22:32,2026-05-09 16:31:00,Hanford,1,2026-05-10 09:16:32
Priest Rapids Tailrace STH,1,G721C47C4,2026-05-06 18:59:05,2026-05-09 16:31:00,Crescent Bar,0,
Priest Rapids Tailrace STH,1,G721C47C4,2026-05-06 18:59:05,2026-05-09 16:31:00,Sunland,0,
Priest Rapids Tailrace STH,1,G721C47C4,2026-05-06 18:59:05,2026-05-09 16:31:00,Wanapum BRZ,0,
Priest Rapids Tailrace STH,1,G721C47C4,2026-05-06 18:59:05,2026-05-09 16:31:00,Mattawa,0,
Priest Rapids Tailrace STH,1,G721C47C4,2026-05-06 18:59:05,2026-05-09 16:31:00,Priest BRZ,0,
Priest Rapids Tailrace STH,1,G721C47C4,2026-05-06 18:59:05,2026-05-09 16:31:00,Lower Ringold,1,2026-05-10 05:25:36
Priest Rapids Tailrace STH,1,G721C47C4,2026-05-06 18:59:05,2026-05-09 16:31:00,Hanford,1,2026-05-10 12:12:15
Priest Rapids Tailrace STH,2,G721D0327,2026-05-07 18:25:39,2026-05-09 16:31:00,Crescent Bar,0,
Priest Rapids Tailrace STH,2,G721D0327,2026-05-07 18:25:39,2026-05-09 16:31:00,Sunland,0,
Priest Rapids Tailrace STH,2,G721D0327,2026-05-07 18:25:39,2026-05-09 16:31:00,Wanapum BRZ,0,
Priest Rapids Tailrace STH,2,G721D0327,2026-05-07 18:25:39,2026-05-09 16:31:00,Mattawa,0,
Priest Rapids Tailrace STH,2,G721D0327,2026-05-07 18:25:39,2026-05-09 16:31:00,Priest BRZ,0,
Priest Rapids Tailrace STH,2,G721D0327,2026-05-07 18:25:39,2026-05-09 16:31:00,Lower Ringold,1,2026-05-12 19:31:39
Priest Rapids Tailrace STH,2,G721D0327,2026-05-07 18:25:39,2026-05-09 16:31:00,Hanford,1,2026-05-12 22:37:52
Priest Rapids Tailrace STH,1,G721ECA24,2026-05-07 18:33:36,2026-05-09 16:31:00,Crescent Bar,0,
Priest Rapids Tailrace STH,1,G721ECA24,2026-05-07 18:33:36,2026-05-09 16:31:00,Sunland,0,
Priest Rapids Tailrace STH,1,G721ECA24,2026-05-07 18:33:36,2026-05-09 16:31:00,Wanapum BRZ,0,
Priest Rapids Tailrace STH,1,G721ECA24,2026-05-07 18:33:36,2026-05-09 16:31:00,Mattawa,0,
Priest Rapids Tailrace STH,1,G721ECA24,2026-05-07 18:33:36,2026-05-09 16:31:00,Priest BRZ,0,
Priest Rapids Tailrace STH,1,G721ECA24,2026-05-07 18:33:36,2026-05-09 16:31:00,Lower Ringold,1,2026-05-10 11:07:18
Priest Rapids Tailrace STH,1,G721ECA24,2026-05-07 18:33:36,2026-05-09 16:31:00,Hanford,1,2026-05-11 07:48:53
Priest Rapids Tailrace STH,3,G72200CC2,2026-05-08 20:56:10,2026-05-10 16:20:00,Crescent Bar,0,
Priest Rapids Tailrace STH,3,G72200CC2,2026-05-08 20:56:10,2026-05-10 16:20:00,Sunland,0,
Priest Rapids Tailrace STH,3,G72200CC2,2026-05-08 20:56:10,2026-05-10 16:20:00,Wanapum BRZ,0,
Priest Rapids Tailrace STH,3,G72200CC2,2026-05-08 20:56:10,2026-05-10 16:20:00,Mattawa,0,
Priest Rapids Tailrace STH,3,G72200CC2,2026-05-08 20:56:10,2026-05-10 16:20:00,Priest BRZ,0,
Priest Rapids Tailrace STH,3,G72200CC2,2026-05-08 20:56:10,2026-05-10 16:20:00,Lower Ringold,1,2026-05-11 07:37:45
Priest Rapids Tailrace STH,3,G72200CC2,2026-05-08 20:56:10,2026-05-10 16:20:00,Hanford,1,2026-05-11 11:02:30
Priest Rapids Tailrace STH,2,G7221059A,2026-05-10 17:46:01,2026-05-12 16:15:00,Crescent Bar,0,
Priest Rapids Tailrace STH,2,G7221059A,2026-05-10 17:46:01,2026-05-12 16:15:00,Sunland,0,
Priest Rapids Tailrace STH,2,G7221059A,2026-05-10 17:46:01,2026-05-12 16:15:00,Wanapum BRZ,0,
Priest Rapids Tailrace STH,2,G7221059A,2026-05-10 17:46:01,2026-05-12 16:15:00,Mattawa,0,
Priest Rapids Tailrace STH,2,G7221059A,2026-05-10 17:46:01,2026-05-12 16:15:00,Priest BRZ,0,
Priest Rapids Tailrace STH,2,G7221059A,2026-05-10 17:46:01,2026-05-12 16:15:00,Lower Ringold,1,2026-05-15 17:14:58
Priest Rapids Tailrace STH,2,G7221059A,2026-05-10 17:46:01,2026-05-12 16:15:00,Hanford,1,2026-05-15 19:55:57
Priest Rapids Tailrace STH,3,G722244D7,2026-05-11 18:00:01,2026-05-14 16:30:00,Crescent Bar,0,
Priest Rapids Tailrace STH,3,G722244D7,2026-05-11 18:00:01,2026-05-14 16:30:00,Sunland,0,
Priest Rapids Tailrace STH,3,G722244D7,2026-05-11 18:00:01,2026-05-14 16:30:00,Wanapum BRZ,0,
Priest Rapids Tailrace STH,3,G722244D7,2026-05-11 18:00:01,2026-05-14 16:30:00,Mattawa,0,
Priest Rapids Tailrace STH,3,G722244D7,2026-05-11 18:00:01,2026-05-14 16:30:00,Priest BRZ,0,
Priest Rapids Tailrace STH,3,G722244D7,2026-05-11 18:00:01,2026-05-14 16:30:00,Lower Ringold,1,2026-05-15 18:35:36
Priest Rapids Tailrace STH,3,G722244D7,2026-05-11 18:00:01,2026-05-14 16:30:00,Hanford,1,2026-05-15 22:29:46
Priest Rapids Tailrace STH,2,G72233D77,2026-05-10 18:00:58,2026-05-12 16:15:00,Crescent Bar,0,
Priest Rapids Tailrace STH,2,G72233D77,2026-05-10 18:00:58,2026-05-12 16:15:00,Sunland,0,
Priest Rapids Tailrace STH,2,G72233D77,2026-05-10 18:00:58,2026-05-12 16:15:00,Wanapum BRZ,0,
Priest Rapids Tailrace STH,2,G72233D77,2026-05-10 18:00:58,2026-05-12 16:15:00,Mattawa,0,
Priest Rapids Tailrace STH,2,G72233D77,2026-05-10 18:00:58,2026-05-12 16:15:00,Priest BRZ,0,
Priest Rapids Tailrace STH,2,G72233D77,2026-05-10 18:00:58,2026-05-12 16:15:00,Lower Ringold,1,2026-05-14 11:12:22
Priest Rapids Tailrace STH,2,G72233D77,2026-05-10 18:00:58,2026-05-12 16:15:00,Hanford,1,2026-05-15 05:30:58
Priest Rapids Tailrace STH,2,G72245702,2026-05-09 18:32:10,2026-05-11 16:32:00,Crescent Bar,0,
Priest Rapids Tailrace STH,2,G72245702,2026-05-09 18:32:10,2026-05-11 16:32:00,Sunland,0,
Priest Rapids Tailrace STH,2,G72245702,2026-05-09 18:32:10,2026-05-11 16:32:00,Wanapum BRZ,0,
Priest Rapids Tailrace STH,2,G72245702,2026-05-09 18:32:10,2026-05-11 16:32:00,Mattawa,0,
Priest Rapids Tailrace STH,2,G72245702,2026-05-09 18:32:10,2026-05-11 16:32:00,Priest BRZ,0,
Priest Rapids Tailrace STH,2,G72245702,2026-05-09 18:32:10,2026-05-11 16:32:00,Lower Ringold,1,2026-05-12 05:01:12
Priest Rapids Tailrace STH,2,G72245702,2026-05-09 18:32:10,2026-05-11 16:32:00,Hanford,1,2026-05-12 08:02:29
Priest Rapids Tailrace STH,2,G72259C2C,2026-05-14 19:20:14,2026-05-16 16:35:00,Crescent Bar,0,
Priest Rapids Tailrace STH,2,G72259C2C,2026-05-14 19:20:14,2026-05-16 16:35:00,Sunland,0,
Priest Rapids Tailrace STH,2,G72259C2C,2026-05-14 19:20:14,2026-05-16 16:35:00,Wanapum BRZ,0,
Priest Rapids Tailrace STH,2,G72259C2C,2026-05-14 19:20:14,2026-05-16 16:35:00,Mattawa,0,
Priest Rapids Tailrace STH,2,G72259C2C,2026-05-14 19:20:14,2026-05-16 16:35:00,Priest BRZ,0,
Priest Rapids Tailrace STH,2,G72259C2C,2026-05-14 19:20:14,2026-05-16 16:35:00,Lower Ringold,1,2026-05-17 12:12:37
Priest Rapids Tailrace STH,2,G72259C2C,2026-05-14 19:20:14,2026-05-16 16:35:00,Hanford,1,2026-05-17 15:39:14
Priest Rapids Tailrace STH,1,G722793FC,2026-05-10 17:47:30,2026-05-12 16:15:00,Crescent Bar,0,
Priest Rapids Tailrace STH,1,G722793FC,2026-05-10 17:47:30,2026-05-12 16:15:00,Sunland,0,
Priest Rapids Tailrace STH,1,G722793FC,2026-05-10 17:47:30,2026-05-12 16:15:00,Wanapum BRZ,0,
Priest Rapids Tailrace STH,1,G722793FC,2026-05-10 17:47:30,2026-05-12 16:15:00,Mattawa,0,
Priest Rapids Tailrace STH,1,G722793FC,2026-05-10 17:47:30,2026-05-12 16:15:00,Priest BRZ,0,
Priest Rapids Tailrace STH,1,G722793FC,2026-05-10 17:47:30,2026-05-12 16:15:00,Lower Ringold,1,2026-05-13 10:04:44
Priest Rapids Tailrace STH,1,G722793FC,2026-05-10 17:47:30,2026-05-12 16:15:00,Hanford,1,2026-05-13 13:00:57
Priest Rapids Tailrace STH,2,G7228E83C,2026-05-07 18:27:13,2026-05-09 16:31:00,Crescent Bar,0,
Priest Rapids Tailrace STH,2,G7228E83C,2026-05-07 18:27:13,2026-05-09 16:31:00,Sunland,0,
Priest Rapids Tailrace STH,2,G7228E83C,2026-05-07 18:27:13,2026-05-09 16:31:00,Wanapum BRZ,0,
Priest Rapids Tailrace STH,2,G7228E83C,2026-05-07 18:27:13,2026-05-09 16:31:00,Mattawa,0,
Priest Rapids Tailrace STH,2,G7228E83C,2026-05-07 18:27:13,2026-05-09 16:31:00,Priest BRZ,0,
Priest Rapids Tailrace STH,2,G7228E83C,2026-05-07 18:27:13,2026-05-09 16:31:00,Lower Ringold,0,
Priest Rapids Tailrace STH,2,G7228E83C,2026-05-07 18:27:13,2026-05-09 16:31:00,Hanford,0,
Priest Rapids Tailrace STH,1,G722CD399,2026-05-08 20:55:26,2026-05-10 16:20:00,Crescent Bar,0,
Priest Rapids Tailrace STH,1,G722CD399,2026-05-08 20:55:26,2026-05-10 16:20:00,Sunland,0,
Priest Rapids Tailrace STH,1,G722CD399,2026-05-08 20:55:26,2026-05-10 16:20:00,Wanapum BRZ,0,
Priest Rapids Tailrace STH,1,G722CD399,2026-05-08 20:55:26,2026-05-10 16:20:00,Mattawa,0,
Priest Rapids Tailrace STH,1,G722CD399,2026-05-08 20:55:26,2026-05-10 16:20:00,Priest BRZ,0,
Priest Rapids Tailrace STH,1,G722CD399,2026-05-08 20:55:26,2026-05-10 16:20:00,Lower Ringold,1,2026-05-11 03:14:11
Priest Rapids Tailrace STH,1,G722CD399,2026-05-08 20:55:26,2026-05-10 16:20:00,Hanford,1,2026-05-11 06:24:24
Priest Rapids Tailrace STH,1,G722CE618,2026-05-10 17:51:25,2026-05-12 16:15:00,Crescent Bar,0,
Priest Rapids Tailrace STH,1,G722CE618,2026-05-10 17:51:25,2026-05-12 16:15:00,Sunland,0,
Priest Rapids Tailrace STH,1,G722CE618,2026-05-10 17:51:25,2026-05-12 16:15:00,Wanapum BRZ,0,
Priest Rapids Tailrace STH,1,G722CE618,2026-05-10 17:51:25,2026-05-12 16:15:00,Mattawa,0,
Priest Rapids Tailrace STH,1,G722CE618,2026-05-10 17:51:25,2026-05-12 16:15:00,Priest BRZ,0,
Priest Rapids Tailrace STH,1,G722CE618,2026-05-10 17:51:25,2026-05-12 16:15:00,Lower Ringold,1,2026-05-13 07:24:42
Priest Rapids Tailrace STH,1,G722CE618,2026-05-10 17:51:25,2026-05-12 16:15:00,Hanford,1,2026-05-13 10:32:47
Priest Rapids Tailrace STH,1,G722DDEA0,2026-05-06 18:58:21,2026-05-09 16:31:00,Crescent Bar,0,
Priest Rapids Tailrace STH,1,G722DDEA0,2026-05-06 18:58:21,2026-05-09 16:31:00,Sunland,0,
Priest Rapids Tailrace STH,1,G722DDEA0,2026-05-06 18:58:21,2026-05-09 16:31:00,Wanapum BRZ,0,
Priest Rapids Tailrace STH,1,G722DDEA0,2026-05-06 18:58:21,2026-05-09 16:31:00,Mattawa,0,
Priest Rapids Tailrace STH,1,G722DDEA0,2026-05-06 18:58:21,2026-05-09 16:31:00,Priest BRZ,0,
Priest Rapids Tailrace STH,1,G722DDEA0,2026-05-06 18:58:21,2026-05-09 16:31:00,Lower Ringold,1,2026-05-10 04:42:09
Priest Rapids Tailrace STH,1,G722DDEA0,2026-05-06 18:58:21,2026-05-09 16:31:00,Hanford,1,2026-05-10 07:30:04
Priest Rapids Tailrace STH,1,G722E1B00,2026-05-07 18:14:56,2026-05-09 16:31:00,Crescent Bar,0,
Priest Rapids Tailrace STH,1,G722E1B00,2026-05-07 18:14:56,2026-05-09 16:31:00,Sunland,0,
Priest Rapids Tailrace STH,1,G722E1B00,2026-05-07 18:14:56,2026-05-09 16:31:00,Wanapum BRZ,0,
Priest Rapids Tailrace STH,1,G722E1B00,2026-05-07 18:14:56,2026-05-09 16:31:00,Mattawa,0,
Priest Rapids Tailrace STH,1,G722E1B00,2026-05-07 18:14:56,2026-05-09 16:31:00,Priest BRZ,0,
Priest Rapids Tailrace STH,1,G722E1B00,2026-05-07 18:14:56,2026-05-09 16:31:00,Lower Ringold,1,2026-05-11 04:25:01
Priest Rapids Tailrace STH,1,G722E1B00,2026-05-07 18:14:56,2026-05-09 16:31:00,Hanford,1,2026-05-11 07:27:23
Priest Rapids Tailrace STH,1,G722E209E,2026-05-14 19:07:09,2026-05-16 16:35:00,Crescent Bar,0,
Priest Rapids Tailrace STH,1,G722E209E,2026-05-14 19:07:09,2026-05-16 16:35:00,Sunland,0,
Priest Rapids Tailrace STH,1,G722E209E,2026-05-14 19:07:09,2026-05-16 16:35:00,Wanapum BRZ,0,
Priest Rapids Tailrace STH,1,G722E209E,2026-05-14 19:07:09,2026-05-16 16:35:00,Mattawa,0,
Priest Rapids Tailrace STH,1,G722E209E,2026-05-14 19:07:09,2026-05-16 16:35:00,Priest BRZ,0,
Priest Rapids Tailrace STH,1,G722E209E,2026-05-14 19:07:09,2026-05-16 16:35:00,Lower Ringold,1,2026-05-17 06:31:30
Priest Rapids Tailrace STH,1,G722E209E,2026-05-14 19:07:09,2026-05-16 16:35:00,Hanford,1,2026-05-17 09:29:39
Priest Rapids Tailrace STH,2,G722EC2CB,2026-05-07 18:34:26,2026-05-09 16:31:00,Crescent Bar,0,
Priest Rapids Tailrace STH,2,G722EC2CB,2026-05-07 18:34:26,2026-05-09 16:31:00,Sunland,0,
Priest Rapids Tailrace STH,2,G722EC2CB,2026-05-07 18:34:26,2026-05-09 16:31:00,Wanapum BRZ,0,
Priest Rapids Tailrace STH,2,G722EC2CB,2026-05-07 18:34:26,2026-05-09 16:31:00,Mattawa,0,
Priest Rapids Tailrace STH,2,G722EC2CB,2026-05-07 18:34:26,2026-05-09 16:31:00,Priest BRZ,0,
Priest Rapids Tailrace STH,2,G722EC2CB,2026-05-07 18:34:26,2026-05-09 16:31:00,Lower Ringold,1,2026-05-10 04:49:10
Priest Rapids Tailrace STH,2,G722EC2CB,2026-05-07 18:34:26,2026-05-09 16:31:00,Hanford,1,2026-05-10 08:09:58
Priest Rapids Tailrace STH,1,G722F5340,2026-05-12 18:44:29,2026-05-15 17:05:00,Crescent Bar,0,
Priest Rapids Tailrace STH,1,G722F5340,2026-05-12 18:44:29,2026-05-15 17:05:00,Sunland,0,
Priest Rapids Tailrace STH,1,G722F5340,2026-05-12 18:44:29,2026-05-15 17:05:00,Wanapum BRZ,0,
Priest Rapids Tailrace STH,1,G722F5340,2026-05-12 18:44:29,2026-05-15 17:05:00,Mattawa,0,
Priest Rapids Tailrace STH,1,G722F5340,2026-05-12 18:44:29,2026-05-15 17:05:00,Priest BRZ,0,
Priest Rapids Tailrace STH,1,G722F5340,2026-05-12 18:44:29,2026-05-15 17:05:00,Lower Ringold,1,2026-05-16 09:44:35
Priest Rapids Tailrace STH,1,G722F5340,2026-05-12 18:44:29,2026-05-15 17:05:00,Hanford,1,2026-05-16 12:30:35
Priest Rapids Tailrace STH,1,G72306A96,2026-05-07 18:29:36,2026-05-09 16:31:00,Crescent Bar,0,
Priest Rapids Tailrace STH,1,G72306A96,2026-05-07 18:29:36,2026-05-09 16:31:00,Sunland,0,
Priest Rapids Tailrace STH,1,G72306A96,2026-05-07 18:29:36,2026-05-09 16:31:00,Wanapum BRZ,0,
Priest Rapids Tailrace STH,1,G72306A96,2026-05-07 18:29:36,2026-05-09 16:31:00,Mattawa,0,
Priest Rapids Tailrace STH,1,G72306A96,2026-05-07 18:29:36,2026-05-09 16:31:00,Priest BRZ,0,
Priest Rapids Tailrace STH,1,G72306A96,2026-05-07 18:29:36,2026-05-09 16:31:00,Lower Ringold,1,2026-05-12 13:25:40
Priest Rapids Tailrace STH,1,G72306A96,2026-05-07 18:29:36,2026-05-09 16:31:00,Hanford,1,2026-05-18 14:23:19
Priest Rapids Tailrace STH,3,G7231C083,2026-05-10 18:02:33,2026-05-12 16:15:00,Crescent Bar,0,
Priest Rapids Tailrace STH,3,G7231C083,2026-05-10 18:02:33,2026-05-12 16:15:00,Sunland,0,
Priest Rapids Tailrace STH,3,G7231C083,2026-05-10 18:02:33,2026-05-12 16:15:00,Wanapum BRZ,0,
Priest Rapids Tailrace STH,3,G7231C083,2026-05-10 18:02:33,2026-05-12 16:15:00,Mattawa,0,
Priest Rapids Tailrace STH,3,G7231C083,2026-05-10 18:02:33,2026-05-12 16:15:00,Priest BRZ,0,
Priest Rapids Tailrace STH,3,G7231C083,2026-05-10 18:02:33,2026-05-12 16:15:00,Lower Ringold,1,2026-05-13 05:15:15
Priest Rapids Tailrace STH,3,G7231C083,2026-05-10 18:02:33,2026-05-12 16:15:00,Hanford,1,2026-05-13 08:00:07
Priest Rapids Tailrace STH,2,G7231FA43,2026-05-09 18:44:46,2026-05-11 16:32:00,Crescent Bar,0,
Priest Rapids Tailrace STH,2,G7231FA43,2026-05-09 18:44:46,2026-05-11 16:32:00,Sunland,0,
Priest Rapids Tailrace STH,2,G7231FA43,2026-05-09 18:44:46,2026-05-11 16:32:00,Wanapum BRZ,0,
Priest Rapids Tailrace STH,2,G7231FA43,2026-05-09 18:44:46,2026-05-11 16:32:00,Mattawa,0,
Priest Rapids Tailrace STH,2,G7231FA43,2026-05-09 18:44:46,2026-05-11 16:32:00,Priest BRZ,0,
Priest Rapids Tailrace STH,2,G7231FA43,2026-05-09 18:44:46,2026-05-11 16:32:00,Lower Ringold,0,
Priest Rapids Tailrace STH,2,G7231FA43,2026-05-09 18:44:46,2026-05-11 16:32:00,Hanford,0,
Priest Rapids Tailrace STH,3,G723231FC,2026-05-08 20:45:45,2026-05-10 16:20:00,Crescent Bar,0,
Priest Rapids Tailrace STH,3,G723231FC,2026-05-08 20:45:45,2026-05-10 16:20:00,Sunland,0,
Priest Rapids Tailrace STH,3,G723231FC,2026-05-08 20:45:45,2026-05-10 16:20:00,Wanapum BRZ,0,
Priest Rapids Tailrace STH,3,G723231FC,2026-05-08 20:45:45,2026-05-10 16:20:00,Mattawa,0,
Priest Rapids Tailrace STH,3,G723231FC,2026-05-08 20:45:45,2026-05-10 16:20:00,Priest BRZ,0,
Priest Rapids Tailrace STH,3,G723231FC,2026-05-08 20:45:45,2026-05-10 16:20:00,Lower Ringold,1,2026-05-23 07:37:23
Priest Rapids Tailrace STH,3,G723231FC,2026-05-08 20:45:45,2026-05-10 16:20:00,Hanford,1,2026-05-23 10:49:45
Priest Rapids Tailrace STH,3,G72324898,2026-05-11 17:52:13,2026-05-14 16:30:00,Crescent Bar,0,
Priest Rapids Tailrace STH,3,G72324898,2026-05-11 17:52:13,2026-05-14 16:30:00,Sunland,0,
Priest Rapids Tailrace STH,3,G72324898,2026-05-11 17:52:13,2026-05-14 16:30:00,Wanapum BRZ,0,
Priest Rapids Tailrace STH,3,G72324898,2026-05-11 17:52:13,2026-05-14 16:30:00,Mattawa,0,
Priest Rapids Tailrace STH,3,G72324898,2026-05-11 17:52:13,2026-05-14 16:30:00,Priest BRZ,0,
Priest Rapids Tailrace STH,3,G72324898,2026-05-11 17:52:13,2026-05-14 16:30:00,Lower Ringold,0,
Priest Rapids Tailrace STH,3,G72324898,2026-05-11 17:52:13,2026-05-14 16:30:00,Hanford,0,
Priest Rapids Tailrace STH,1,G72332EE4,2026-05-08 20:48:51,2026-05-10 16:20:00,Crescent Bar,0,
Priest Rapids Tailrace STH,1,G72332EE4,2026-05-08 20:48:51,2026-05-10 16:20:00,Sunland,0,
Priest Rapids Tailrace STH,1,G72332EE4,2026-05-08 20:48:51,2026-05-10 16:20:00,Wanapum BRZ,0,
Priest Rapids Tailrace STH,1,G72332EE4,2026-05-08 20:48:51,2026-05-10 16:20:00,Mattawa,0,
Priest Rapids Tailrace STH,1,G72332EE4,2026-05-08 20:48:51,2026-05-10 16:20:00,Priest BRZ,0,
Priest Rapids Tailrace STH,1,G72332EE4,2026-05-08 20:48:51,2026-05-10 16:20:00,Lower Ringold,1,2026-05-12 08:55:36
Priest Rapids Tailrace STH,1,G72332EE4,2026-05-08 20:48:51,2026-05-10 16:20:00,Hanford,1,2026-05-12 12:16:48
Priest Rapids Tailrace STH,1,G72338B74,2026-05-08 20:51:39,2026-05-10 16:20:00,Crescent Bar,0,
Priest Rapids Tailrace STH,1,G72338B74,2026-05-08 20:51:39,2026-05-10 16:20:00,Sunland,0,
Priest Rapids Tailrace STH,1,G72338B74,2026-05-08 20:51:39,2026-05-10 16:20:00,Wanapum BRZ,0,
Priest Rapids Tailrace STH,1,G72338B74,2026-05-08 20:51:39,2026-05-10 16:20:00,Mattawa,0,
Priest Rapids Tailrace STH,1,G72338B74,2026-05-08 20:51:39,2026-05-10 16:20:00,Priest BRZ,0,
Priest Rapids Tailrace STH,1,G72338B74,2026-05-08 20:51:39,2026-05-10 16:20:00,Lower Ringold,1,2026-05-11 05:18:09
Priest Rapids Tailrace STH,1,G72338B74,2026-05-08 20:51:39,2026-05-10 16:20:00,Hanford,1,2026-05-11 09:11:22
Priest Rapids Tailrace STH,3,G72374FE4,2026-05-06 19:15:18,2026-05-09 16:31:00,Crescent Bar,0,
Priest Rapids Tailrace STH,3,G72374FE4,2026-05-06 19:15:18,2026-05-09 16:31:00,Sunland,0,
Priest Rapids Tailrace STH,3,G72374FE4,2026-05-06 19:15:18,2026-05-09 16:31:00,Wanapum BRZ,0,
Priest Rapids Tailrace STH,3,G72374FE4,2026-05-06 19:15:18,2026-05-09 16:31:00,Mattawa,0,
Priest Rapids Tailrace STH,3,G72374FE4,2026-05-06 19:15:18,2026-05-09 16:31:00,Priest BRZ,0,
Priest Rapids Tailrace STH,3,G72374FE4,2026-05-06 19:15:18,2026-05-09 16:31:00,Lower Ringold,1,2026-05-10 04:09:21
Priest Rapids Tailrace STH,3,G72374FE4,2026-05-06 19:15:18,2026-05-09 16:31:00,Hanford,1,2026-05-10 07:18:54
Priest Rapids Tailrace STH,2,G7237F5A8,2026-05-14 19:21:05,2026-05-16 16:35:00,Crescent Bar,0,
Priest Rapids Tailrace STH,2,G7237F5A8,2026-05-14 19:21:05,2026-05-16 16:35:00,Sunland,0,
Priest Rapids Tailrace STH,2,G7237F5A8,2026-05-14 19:21:05,2026-05-16 16:35:00,Wanapum BRZ,0,
Priest Rapids Tailrace STH,2,G7237F5A8,2026-05-14 19:21:05,2026-05-16 16:35:00,Mattawa,0,
Priest Rapids Tailrace STH,2,G7237F5A8,2026-05-14 19:21:05,2026-05-16 16:35:00,Priest BRZ,0,
Priest Rapids Tailrace STH,2,G7237F5A8,2026-05-14 19:21:05,2026-05-16 16:35:00,Lower Ringold,1,2026-05-17 17:57:59
Priest Rapids Tailrace STH,2,G7237F5A8,2026-05-14 19:21:05,2026-05-16 16:35:00,Hanford,1,2026-05-18 05:22:32
Priest Rapids Tailrace STH,2,G72386222,2026-05-11 17:57:22,2026-05-14 16:30:00,Crescent Bar,0,
Priest Rapids Tailrace STH,2,G72386222,2026-05-11 17:57:22,2026-05-14 16:30:00,Sunland,0,
Priest Rapids Tailrace STH,2,G72386222,2026-05-11 17:57:22,2026-05-14 16:30:00,Wanapum BRZ,0,
Priest Rapids Tailrace STH,2,G72386222,2026-05-11 17:57:22,2026-05-14 16:30:00,Mattawa,0,
Priest Rapids Tailrace STH,2,G72386222,2026-05-11 17:57:22,2026-05-14 16:30:00,Priest BRZ,0,
Priest Rapids Tailrace STH,2,G72386222,2026-05-11 17:57:22,2026-05-14 16:30:00,Lower Ringold,1,2026-05-15 05:34:21
Priest Rapids Tailrace STH,2,G72386222,2026-05-11 17:57:22,2026-05-14 16:30:00,Hanford,1,2026-05-15 08:52:14
Priest Rapids Tailrace STH,2,G7238F84D,2026-05-10 17:54:40,2026-05-12 16:15:00,Crescent Bar,0,
Priest Rapids Tailrace STH,2,G7238F84D,2026-05-10 17:54:40,2026-05-12 16:15:00,Sunland,0,
Priest Rapids Tailrace STH,2,G7238F84D,2026-05-10 17:54:40,2026-05-12 16:15:00,Wanapum BRZ,0,
Priest Rapids Tailrace STH,2,G7238F84D,2026-05-10 17:54:40,2026-05-12 16:15:00,Mattawa,0,
Priest Rapids Tailrace STH,2,G7238F84D,2026-05-10 17:54:40,2026-05-12 16:15:00,Priest BRZ,0,
Priest Rapids Tailrace STH,2,G7238F84D,2026-05-10 17:54:40,2026-05-12 16:15:00,Lower Ringold,1,2026-05-13 02:26:57
Priest Rapids Tailrace STH,2,G7238F84D,2026-05-10 17:54:40,2026-05-12 16:15:00,Hanford,1,2026-05-13 05:10:38
Priest Rapids Tailrace STH,2,G72394D84,2026-05-08 20:44:21,2026-05-10 16:20:00,Crescent Bar,0,
Priest Rapids Tailrace STH,2,G72394D84,2026-05-08 20:44:21,2026-05-10 16:20:00,Sunland,0,
Priest Rapids Tailrace STH,2,G72394D84,2026-05-08 20:44:21,2026-05-10 16:20:00,Wanapum BRZ,0,
Priest Rapids Tailrace STH,2,G72394D84,2026-05-08 20:44:21,2026-05-10 16:20:00,Mattawa,0,
Priest Rapids Tailrace STH,2,G72394D84,2026-05-08 20:44:21,2026-05-10 16:20:00,Priest BRZ,0,
Priest Rapids Tailrace STH,2,G72394D84,2026-05-08 20:44:21,2026-05-10 16:20:00,Lower Ringold,1,2026-05-11 03:05:30
Priest Rapids Tailrace STH,2,G72394D84,2026-05-08 20:44:21,2026-05-10 16:20:00,Hanford,1,2026-05-11 06:35:49
Priest Rapids Tailrace STH,2,G7239FDB6,2026-05-10 17:57:11,2026-05-12 16:15:00,Crescent Bar,0,
Priest Rapids Tailrace STH,2,G7239FDB6,2026-05-10 17:57:11,2026-05-12 16:15:00,Sunland,0,
Priest Rapids Tailrace STH,2,G7239FDB6,2026-05-10 17:57:11,2026-05-12 16:15:00,Wanapum BRZ,0,
Priest Rapids Tailrace STH,2,G7239FDB6,2026-05-10 17:57:11,2026-05-12 16:15:00,Mattawa,0,
Priest Rapids Tailrace STH,2,G7239FDB6,2026-05-10 17:57:11,2026-05-12 16:15:00,Priest BRZ,0,
Priest Rapids Tailrace STH,2,G7239FDB6,2026-05-10 17:57:11,2026-05-12 16:15:00,Lower Ringold,1,2026-05-13 02:05:50
Priest Rapids Tailrace STH,2,G7239FDB6,2026-05-10 17:57:11,2026-05-12 16:15:00,Hanford,1,2026-05-13 04:56:09
Priest Rapids Tailrace STH,2,G723B8C81,2026-05-11 18:02:18,2026-05-14 16:30:00,Crescent Bar,0,
Priest Rapids Tailrace STH,2,G723B8C81,2026-05-11 18:02:18,2026-05-14 16:30:00,Sunland,0,
Priest Rapids Tailrace STH,2,G723B8C81,2026-05-11 18:02:18,2026-05-14 16:30:00,Wanapum BRZ,0,
Priest Rapids Tailrace STH,2,G723B8C81,2026-05-11 18:02:18,2026-05-14 16:30:00,Mattawa,0,
Priest Rapids Tailrace STH,2,G723B8C81,2026-05-11 18:02:18,2026-05-14 16:30:00,Priest BRZ,0,
Priest Rapids Tailrace STH,2,G723B8C81,2026-05-11 18:02:18,2026-05-14 16:30:00,Lower Ringold,1,2026-05-15 03:10:02
Priest Rapids Tailrace STH,2,G723B8C81,2026-05-11 18:02:18,2026-05-14 16:30:00,Hanford,1,2026-05-15 06:14:00
Priest Rapids Tailrace STH,2,G723BD31B,2026-05-12 18:55:17,2026-05-15 17:05:00,Crescent Bar,0,
Priest Rapids Tailrace STH,2,G723BD31B,2026-05-12 18:55:17,2026-05-15 17:05:00,Sunland,0,
Priest Rapids Tailrace STH,2,G723BD31B,2026-05-12 18:55:17,2026-05-15 17:05:00,Wanapum BRZ,0,
Priest Rapids Tailrace STH,2,G723BD31B,2026-05-12 18:55:17,2026-05-15 17:05:00,Mattawa,0,
Priest Rapids Tailrace STH,2,G723BD31B,2026-05-12 18:55:17,2026-05-15 17:05:00,Priest BRZ,0,
Priest Rapids Tailrace STH,2,G723BD31B,2026-05-12 18:55:17,2026-05-15 17:05:00,Lower Ringold,0,
Priest Rapids Tailrace STH,2,G723BD31B,2026-05-12 18:55:17,2026-05-15 17:05:00,Hanford,0,
Priest Rapids Tailrace STH,2,G723BE3A5,2026-05-06 19:20:33,2026-05-09 16:31:00,Crescent Bar,0,
Priest Rapids Tailrace STH,2,G723BE3A5,2026-05-06 19:20:33,2026-05-09 16:31:00,Sunland,0,
Priest Rapids Tailrace STH,2,G723BE3A5,2026-05-06 19:20:33,2026-05-09 16:31:00,Wanapum BRZ,0,
Priest Rapids Tailrace STH,2,G723BE3A5,2026-05-06 19:20:33,2026-05-09 16:31:00,Mattawa,0,
Priest Rapids Tailrace STH,2,G723BE3A5,2026-05-06 19:20:33,2026-05-09 16:31:00,Priest BRZ,0,
Priest Rapids Tailrace STH,2,G723BE3A5,2026-05-06 19:20:33,2026-05-09 16:31:00,Lower Ringold,1,2026-05-10 04:32:17
Priest Rapids Tailrace STH,2,G723BE3A5,2026-05-06 19:20:33,2026-05-09 16:31:00,Hanford,1,2026-05-10 08:03:04
Priest Rapids Tailrace STH,2,G723C5145,2026-05-08 20:55:49,2026-05-10 16:20:00,Crescent Bar,0,
Priest Rapids Tailrace STH,2,G723C5145,2026-05-08 20:55:49,2026-05-10 16:20:00,Sunland,0,
Priest Rapids Tailrace STH,2,G723C5145,2026-05-08 20:55:49,2026-05-10 16:20:00,Wanapum BRZ,0,
Priest Rapids Tailrace STH,2,G723C5145,2026-05-08 20:55:49,2026-05-10 16:20:00,Mattawa,0,
Priest Rapids Tailrace STH,2,G723C5145,2026-05-08 20:55:49,2026-05-10 16:20:00,Priest BRZ,0,
Priest Rapids Tailrace STH,2,G723C5145,2026-05-08 20:55:49,2026-05-10 16:20:00,Lower Ringold,1,2026-05-11 05:49:56
Priest Rapids Tailrace STH,2,G723C5145,2026-05-08 20:55:49,2026-05-10 16:20:00,Hanford,1,2026-05-11 09:13:30
Priest Rapids Tailrace STH,2,G723C8691,2026-05-06 18:51:31,2026-05-09 16:31:00,Crescent Bar,0,
Priest Rapids Tailrace STH,2,G723C8691,2026-05-06 18:51:31,2026-05-09 16:31:00,Sunland,0,
Priest Rapids Tailrace STH,2,G723C8691,2026-05-06 18:51:31,2026-05-09 16:31:00,Wanapum BRZ,0,
Priest Rapids Tailrace STH,2,G723C8691,2026-05-06 18:51:31,2026-05-09 16:31:00,Mattawa,0,
Priest Rapids Tailrace STH,2,G723C8691,2026-05-06 18:51:31,2026-05-09 16:31:00,Priest BRZ,0,
Priest Rapids Tailrace STH,2,G723C8691,2026-05-06 18:51:31,2026-05-09 16:31:00,Lower Ringold,1,2026-05-10 08:48:30
Priest Rapids Tailrace STH,2,G723C8691,2026-05-06 18:51:31,2026-05-09 16:31:00,Hanford,1,2026-05-10 11:44:06
Priest Rapids Tailrace STH,1,G723D1E86,2026-05-08 20:42:07,2026-05-10 16:20:00,Crescent Bar,0,
Priest Rapids Tailrace STH,1,G723D1E86,2026-05-08 20:42:07,2026-05-10 16:20:00,Sunland,0,
Priest Rapids Tailrace STH,1,G723D1E86,2026-05-08 20:42:07,2026-05-10 16:20:00,Wanapum BRZ,0,
Priest Rapids Tailrace STH,1,G723D1E86,2026-05-08 20:42:07,2026-05-10 16:20:00,Mattawa,0,
Priest Rapids Tailrace STH,1,G723D1E86,2026-05-08 20:42:07,2026-05-10 16:20:00,Priest BRZ,0,
Priest Rapids Tailrace STH,1,G723D1E86,2026-05-08 20:42:07,2026-05-10 16:20:00,Lower Ringold,1,2026-05-11 03:51:15
Priest Rapids Tailrace STH,1,G723D1E86,2026-05-08 20:42:07,2026-05-10 16:20:00,Hanford,1,2026-05-11 06:51:20
Priest Rapids Tailrace STH,1,G723E7D54,2026-05-08 20:43:53,2026-05-10 16:20:00,Crescent Bar,0,
Priest Rapids Tailrace STH,1,G723E7D54,2026-05-08 20:43:53,2026-05-10 16:20:00,Sunland,0,
Priest Rapids Tailrace STH,1,G723E7D54,2026-05-08 20:43:53,2026-05-10 16:20:00,Wanapum BRZ,0,
Priest Rapids Tailrace STH,1,G723E7D54,2026-05-08 20:43:53,2026-05-10 16:20:00,Mattawa,0,
Priest Rapids Tailrace STH,1,G723E7D54,2026-05-08 20:43:53,2026-05-10 16:20:00,Priest BRZ,0,
Priest Rapids Tailrace STH,1,G723E7D54,2026-05-08 20:43:53,2026-05-10 16:20:00,Lower Ringold,1,2026-05-14 16:40:51
Priest Rapids Tailrace STH,1,G723E7D54,2026-05-08 20:43:53,2026-05-10 16:20:00,Hanford,1,2026-05-14 20:12:14
Priest Rapids Tailrace STH,2,G723EE73B,2026-05-09 18:25:53,2026-05-11 16:32:00,Crescent Bar,0,
Priest Rapids Tailrace STH,2,G723EE73B,2026-05-09 18:25:53,2026-05-11 16:32:00,Sunland,0,
Priest Rapids Tailrace STH,2,G723EE73B,2026-05-09 18:25:53,2026-05-11 16:32:00,Wanapum BRZ,0,
Priest Rapids Tailrace STH,2,G723EE73B,2026-05-09 18:25:53,2026-05-11 16:32:00,Mattawa,0,
Priest Rapids Tailrace STH,2,G723EE73B,2026-05-09 18:25:53,2026-05-11 16:32:00,Priest BRZ,0,
Priest Rapids Tailrace STH,2,G723EE73B,2026-05-09 18:25:53,2026-05-11 16:32:00,Lower Ringold,1,2026-05-12 08:16:58
Priest Rapids Tailrace STH,2,G723EE73B,2026-05-09 18:25:53,2026-05-11 16:32:00,Hanford,1,2026-05-12 11:20:56
Priest Rapids Tailrace STH,2,G723F8526,2026-05-12 18:59:26,2026-05-15 17:05:00,Crescent Bar,0,
Priest Rapids Tailrace STH,2,G723F8526,2026-05-12 18:59:26,2026-05-15 17:05:00,Sunland,0,
Priest Rapids Tailrace STH,2,G723F8526,2026-05-12 18:59:26,2026-05-15 17:05:00,Wanapum BRZ,0,
Priest Rapids Tailrace STH,2,G723F8526,2026-05-12 18:59:26,2026-05-15 17:05:00,Mattawa,0,
Priest Rapids Tailrace STH,2,G723F8526,2026-05-12 18:59:26,2026-05-15 17:05:00,Priest BRZ,0,
Priest Rapids Tailrace STH,2,G723F8526,2026-05-12 18:59:26,2026-05-15 17:05:00,Lower Ringold,1,2026-05-16 03:48:24
Priest Rapids Tailrace STH,2,G723F8526,2026-05-12 18:59:26,2026-05-15 17:05:00,Hanford,1,2026-05-16 06:43:38
Priest Rapids Tailrace STH,2,G723F88DB,2026-05-12 18:53:56,2026-05-15 17:05:00,Crescent Bar,0,
Priest Rapids Tailrace STH,2,G723F88DB,2026-05-12 18:53:56,2026-05-15 17:05:00,Sunland,0,
Priest Rapids Tailrace STH,2,G723F88DB,2026-05-12 18:53:56,2026-05-15 17:05:00,Wanapum BRZ,0,
Priest Rapids Tailrace STH,2,G723F88DB,2026-05-12 18:53:56,2026-05-15 17:05:00,Mattawa,0,
Priest Rapids Tailrace STH,2,G723F88DB,2026-05-12 18:53:56,2026-05-15 17:05:00,Priest BRZ,0,
Priest Rapids Tailrace STH,2,G723F88DB,2026-05-12 18:53:56,2026-05-15 17:05:00,Lower Ringold,1,2026-05-16 05:06:20
Priest Rapids Tailrace STH,2,G723F88DB,2026-05-12 18:53:56,2026-05-15 17:05:00,Hanford,1,2026-05-16 08:17:31
Priest Rapids Tailrace STH,2,G723FFA9F,2026-05-11 17:50:32,2026-05-14 16:30:00,Crescent Bar,0,
Priest Rapids Tailrace STH,2,G723FFA9F,2026-05-11 17:50:32,2026-05-14 16:30:00,Sunland,0,
Priest Rapids Tailrace STH,2,G723FFA9F,2026-05-11 17:50:32,2026-05-14 16:30:00,Wanapum BRZ,0,
Priest Rapids Tailrace STH,2,G723FFA9F,2026-05-11 17:50:32,2026-05-14 16:30:00,Mattawa,0,
Priest Rapids Tailrace STH,2,G723FFA9F,2026-05-11 17:50:32,2026-05-14 16:30:00,Priest BRZ,0,
Priest Rapids Tailrace STH,2,G723FFA9F,2026-05-11 17:50:32,2026-05-14 16:30:00,Lower Ringold,1,2026-05-15 10:36:34
Priest Rapids Tailrace STH,2,G723FFA9F,2026-05-11 17:50:32,2026-05-14 16:30:00,Hanford,1,2026-05-15 13:33:31
Priest Rapids Tailrace STH,3,G724003D9,2026-05-14 19:24:36,2026-05-16 16:35:00,Crescent Bar,0,
Priest Rapids Tailrace STH,3,G724003D9,2026-05-14 19:24:36,2026-05-16 16:35:00,Sunland,0,
Priest Rapids Tailrace STH,3,G724003D9,2026-05-14 19:24:36,2026-05-16 16:35:00,Wanapum BRZ,0,
Priest Rapids Tailrace STH,3,G724003D9,2026-05-14 19:24:36,2026-05-16 16:35:00,Mattawa,0,
Priest Rapids Tailrace STH,3,G724003D9,2026-05-14 19:24:36,2026-05-16 16:35:00,Priest BRZ,0,
Priest Rapids Tailrace STH,3,G724003D9,2026-05-14 19:24:36,2026-05-16 16:35:00,Lower Ringold,1,2026-05-17 16:03:08
Priest Rapids Tailrace STH,3,G724003D9,2026-05-14 19:24:36,2026-05-16 16:35:00,Hanford,1,2026-05-17 19:12:27
Priest Rapids Tailrace STH,2,G7240B536,2026-05-06 19:16:43,2026-05-09 16:31:00,Crescent Bar,0,
Priest Rapids Tailrace STH,2,G7240B536,2026-05-06 19:16:43,2026-05-09 16:31:00,Sunland,0,
Priest Rapids Tailrace STH,2,G7240B536,2026-05-06 19:16:43,2026-05-09 16:31:00,Wanapum BRZ,0,
Priest Rapids Tailrace STH,2,G7240B536,2026-05-06 19:16:43,2026-05-09 16:31:00,Mattawa,0,
Priest Rapids Tailrace STH,2,G7240B536,2026-05-06 19:16:43,2026-05-09 16:31:00,Priest BRZ,0,
Priest Rapids Tailrace STH,2,G7240B536,2026-05-06 19:16:43,2026-05-09 16:31:00,Lower Ringold,1,2026-05-10 08:30:53
Priest Rapids Tailrace STH,2,G7240B536,2026-05-06 19:16:43,2026-05-09 16:31:00,Hanford,1,2026-05-10 11:26:09
Priest Rapids Tailrace STH,2,G7240D6B1,2026-05-07 18:19:40,2026-05-09 16:31:00,Crescent Bar,0,
Priest Rapids Tailrace STH,2,G7240D6B1,2026-05-07 18:19:40,2026-05-09 16:31:00,Sunland,0,
Priest Rapids Tailrace STH,2,G7240D6B1,2026-05-07 18:19:40,2026-05-09 16:31:00,Wanapum BRZ,0,
Priest Rapids Tailrace STH,2,G7240D6B1,2026-05-07 18:19:40,2026-05-09 16:31:00,Mattawa,0,
Priest Rapids Tailrace STH,2,G7240D6B1,2026-05-07 18:19:40,2026-05-09 16:31:00,Priest BRZ,0,
Priest Rapids Tailrace STH,2,G7240D6B1,2026-05-07 18:19:40,2026-05-09 16:31:00,Lower Ringold,0,
Priest Rapids Tailrace STH,2,G7240D6B1,2026-05-07 18:19:40,2026-05-09 16:31:00,Hanford,0,
Priest Rapids Tailrace STH,2,G72414C1A,2026-05-07 18:16:12,2026-05-09 16:31:00,Crescent Bar,0,
Priest Rapids Tailrace STH,2,G72414C1A,2026-05-07 18:16:12,2026-05-09 16:31:00,Sunland,0,
Priest Rapids Tailrace STH,2,G72414C1A,2026-05-07 18:16:12,2026-05-09 16:31:00,Wanapum BRZ,0,
Priest Rapids Tailrace STH,2,G72414C1A,2026-05-07 18:16:12,2026-05-09 16:31:00,Mattawa,0,
Priest Rapids Tailrace STH,2,G72414C1A,2026-05-07 18:16:12,2026-05-09 16:31:00,Priest BRZ,0,
Priest Rapids Tailrace STH,2,G72414C1A,2026-05-07 18:16:12,2026-05-09 16:31:00,Lower Ringold,1,2026-05-10 07:17:31
Priest Rapids Tailrace STH,2,G72414C1A,2026-05-07 18:16:12,2026-05-09 16:31:00,Hanford,1,2026-05-10 10:36:29
Priest Rapids Tailrace STH,2,G72415298,2026-05-11 17:50:51,2026-05-14 16:30:00,Crescent Bar,0,
Priest Rapids Tailrace STH,2,G72415298,2026-05-11 17:50:51,2026-05-14 16:30:00,Sunland,0,
Priest Rapids Tailrace STH,2,G72415298,2026-05-11 17:50:51,2026-05-14 16:30:00,Wanapum BRZ,0,
Priest Rapids Tailrace STH,2,G72415298,2026-05-11 17:50:51,2026-05-14 16:30:00,Mattawa,0,
Priest Rapids Tailrace STH,2,G72415298,2026-05-11 17:50:51,2026-05-14 16:30:00,Priest BRZ,0,
Priest Rapids Tailrace STH,2,G72415298,2026-05-11 17:50:51,2026-05-14 16:30:00,Lower Ringold,1,2026-05-15 03:49:24
Priest Rapids Tailrace STH,2,G72415298,2026-05-11 17:50:51,2026-05-14 16:30:00,Hanford,1,2026-05-15 06:52:26
Priest Rapids Tailrace STH,2,G724238D6,2026-05-11 18:08:03,2026-05-14 16:30:00,Crescent Bar,0,
Priest Rapids Tailrace STH,2,G724238D6,2026-05-11 18:08:03,2026-05-14 16:30:00,Sunland,0,
Priest Rapids Tailrace STH,2,G724238D6,2026-05-11 18:08:03,2026-05-14 16:30:00,Wanapum BRZ,0,
Priest Rapids Tailrace STH,2,G724238D6,2026-05-11 18:08:03,2026-05-14 16:30:00,Mattawa,0,
Priest Rapids Tailrace STH,2,G724238D6,2026-05-11 18:08:03,2026-05-14 16:30:00,Priest BRZ,0,
Priest Rapids Tailrace STH,2,G724238D6,2026-05-11 18:08:03,2026-05-14 16:30:00,Lower Ringold,0,
Priest Rapids Tailrace STH,2,G724238D6,2026-05-11 18:08:03,2026-05-14 16:30:00,Hanford,0,
Priest Rapids Tailrace STH,2,G72423988,2026-05-08 20:54:55,2026-05-10 16:20:00,Crescent Bar,0,
Priest Rapids Tailrace STH,2,G72423988,2026-05-08 20:54:55,2026-05-10 16:20:00,Sunland,0,
Priest Rapids Tailrace STH,2,G72423988,2026-05-08 20:54:55,2026-05-10 16:20:00,Wanapum BRZ,0,
Priest Rapids Tailrace STH,2,G72423988,2026-05-08 20:54:55,2026-05-10 16:20:00,Mattawa,0,
Priest Rapids Tailrace STH,2,G72423988,2026-05-08 20:54:55,2026-05-10 16:20:00,Priest BRZ,0,
Priest Rapids Tailrace STH,2,G72423988,2026-05-08 20:54:55,2026-05-10 16:20:00,Lower Ringold,1,2026-05-11 03:52:22
Priest Rapids Tailrace STH,2,G72423988,2026-05-08 20:54:55,2026-05-10 16:20:00,Hanford,1,2026-05-11 07:33:11
Priest Rapids Tailrace STH,2,G72428519,2026-05-09 18:45:50,2026-05-11 16:32:00,Crescent Bar,0,
Priest Rapids Tailrace STH,2,G72428519,2026-05-09 18:45:50,2026-05-11 16:32:00,Sunland,0,
Priest Rapids Tailrace STH,2,G72428519,2026-05-09 18:45:50,2026-05-11 16:32:00,Wanapum BRZ,0,
Priest Rapids Tailrace STH,2,G72428519,2026-05-09 18:45:50,2026-05-11 16:32:00,Mattawa,0,
Priest Rapids Tailrace STH,2,G72428519,2026-05-09 18:45:50,2026-05-11 16:32:00,Priest BRZ,0,
Priest Rapids Tailrace STH,2,G72428519,2026-05-09 18:45:50,2026-05-11 16:32:00,Lower Ringold,1,2026-05-12 05:40:14
Priest Rapids Tailrace STH,2,G72428519,2026-05-09 18:45:50,2026-05-11 16:32:00,Hanford,1,2026-05-12 09:21:15
Priest Rapids Tailrace STH,2,G72429666,2026-05-07 18:26:31,2026-05-10 16:20:00,Crescent Bar,0,
Priest Rapids Tailrace STH,2,G72429666,2026-05-07 18:26:31,2026-05-10 16:20:00,Sunland,0,
Priest Rapids Tailrace STH,2,G72429666,2026-05-07 18:26:31,2026-05-10 16:20:00,Wanapum BRZ,0,
Priest Rapids Tailrace STH,2,G72429666,2026-05-07 18:26:31,2026-05-10 16:20:00,Mattawa,0,
Priest Rapids Tailrace STH,2,G72429666,2026-05-07 18:26:31,2026-05-10 16:20:00,Priest BRZ,0,
Priest Rapids Tailrace STH,2,G72429666,2026-05-07 18:26:31,2026-05-10 16:20:00,Lower Ringold,0,
Priest Rapids Tailrace STH,2,G72429666,2026-05-07 18:26:31,2026-05-10 16:20:00,Hanford,0,
Priest Rapids Tailrace STH,2,G72446B45,2026-05-09 18:48:35,2026-05-11 16:32:00,Crescent Bar,0,
Priest Rapids Tailrace STH,2,G72446B45,2026-05-09 18:48:35,2026-05-11 16:32:00,Sunland,0,
Priest Rapids Tailrace STH,2,G72446B45,2026-05-09 18:48:35,2026-05-11 16:32:00,Wanapum BRZ,0,
Priest Rapids Tailrace STH,2,G72446B45,2026-05-09 18:48:35,2026-05-11 16:32:00,Mattawa,0,
Priest Rapids Tailrace STH,2,G72446B45,2026-05-09 18:48:35,2026-05-11 16:32:00,Priest BRZ,0,
Priest Rapids Tailrace STH,2,G72446B45,2026-05-09 18:48:35,2026-05-11 16:32:00,Lower Ringold,1,2026-05-12 04:21:16
Priest Rapids Tailrace STH,2,G72446B45,2026-05-09 18:48:35,2026-05-11 16:32:00,Hanford,1,2026-05-12 07:34:36
Priest Rapids Tailrace STH,2,G7244F7F7,2026-05-11 17:53:07,2026-05-14 16:30:00,Crescent Bar,0,
Priest Rapids Tailrace STH,2,G7244F7F7,2026-05-11 17:53:07,2026-05-14 16:30:00,Sunland,0,
Priest Rapids Tailrace STH,2,G7244F7F7,2026-05-11 17:53:07,2026-05-14 16:30:00,Wanapum BRZ,0,
Priest Rapids Tailrace STH,2,G7244F7F7,2026-05-11 17:53:07,2026-05-14 16:30:00,Mattawa,0,
Priest Rapids Tailrace STH,2,G7244F7F7,2026-05-11 17:53:07,2026-05-14 16:30:00,Priest BRZ,0,
Priest Rapids Tailrace STH,2,G7244F7F7,2026-05-11 17:53:07,2026-05-14 16:30:00,Lower Ringold,1,2026-05-15 03:02:19
Priest Rapids Tailrace STH,2,G7244F7F7,2026-05-11 17:53:07,2026-05-14 16:30:00,Hanford,1,2026-05-15 06:09:44
Priest Rapids Tailrace STH,2,G724500C4,2026-05-09 18:35:30,2026-05-11 16:32:00,Crescent Bar,0,
Priest Rapids Tailrace STH,2,G724500C4,2026-05-09 18:35:30,2026-05-11 16:32:00,Sunland,0,
Priest Rapids Tailrace STH,2,G724500C4,2026-05-09 18:35:30,2026-05-11 16:32:00,Wanapum BRZ,0,
Priest Rapids Tailrace STH,2,G724500C4,2026-05-09 18:35:30,2026-05-11 16:32:00,Mattawa,0,
Priest Rapids Tailrace STH,2,G724500C4,2026-05-09 18:35:30,2026-05-11 16:32:00,Priest BRZ,0,
Priest Rapids Tailrace STH,2,G724500C4,2026-05-09 18:35:30,2026-05-11 16:32:00,Lower Ringold,0,
Priest Rapids Tailrace STH,2,G724500C4,2026-05-09 18:35:30,2026-05-11 16:32:00,Hanford,0,
Priest Rapids Tailrace STH,1,G7245DE8C,2026-05-08 20:38:54,2026-05-10 16:20:00,Crescent Bar,0,
Priest Rapids Tailrace STH,1,G7245DE8C,2026-05-08 20:38:54,2026-05-10 16:20:00,Sunland,0,
Priest Rapids Tailrace STH,1,G7245DE8C,2026-05-08 20:38:54,2026-05-10 16:20:00,Wanapum BRZ,0,
Priest Rapids Tailrace STH,1,G7245DE8C,2026-05-08 20:38:54,2026-05-10 16:20:00,Mattawa,0,
Priest Rapids Tailrace STH,1,G7245DE8C,2026-05-08 20:38:54,2026-05-10 16:20:00,Priest BRZ,0,
Priest Rapids Tailrace STH,1,G7245DE8C,2026-05-08 20:38:54,2026-05-10 16:20:00,Lower Ringold,1,2026-05-11 08:53:05
Priest Rapids Tailrace STH,1,G7245DE8C,2026-05-08 20:38:54,2026-05-10 16:20:00,Hanford,1,2026-05-11 11:44:17
Priest Rapids Tailrace STH,1,G7245FEAF,2026-05-14 19:15:10,2026-05-16 16:35:00,Crescent Bar,0,
Priest Rapids Tailrace STH,1,G7245FEAF,2026-05-14 19:15:10,2026-05-16 16:35:00,Sunland,0,
Priest Rapids Tailrace STH,1,G7245FEAF,2026-05-14 19:15:10,2026-05-16 16:35:00,Wanapum BRZ,0,
Priest Rapids Tailrace STH,1,G7245FEAF,2026-05-14 19:15:10,2026-05-16 16:35:00,Mattawa,0,
Priest Rapids Tailrace STH,1,G7245FEAF,2026-05-14 19:15:10,2026-05-16 16:35:00,Priest BRZ,0,
Priest Rapids Tailrace STH,1,G7245FEAF,2026-05-14 19:15:10,2026-05-16 16:35:00,Lower Ringold,0,
Priest Rapids Tailrace STH,1,G7245FEAF,2026-05-14 19:15:10,2026-05-16 16:35:00,Hanford,0,
Priest Rapids Tailrace STH,1,G724621EC,2026-05-11 17:49:54,2026-05-14 16:30:00,Crescent Bar,0,
Priest Rapids Tailrace STH,1,G724621EC,2026-05-11 17:49:54,2026-05-14 16:30:00,Sunland,0,
Priest Rapids Tailrace STH,1,G724621EC,2026-05-11 17:49:54,2026-05-14 16:30:00,Wanapum BRZ,0,
Priest Rapids Tailrace STH,1,G724621EC,2026-05-11 17:49:54,2026-05-14 16:30:00,Mattawa,0,
Priest Rapids Tailrace STH,1,G724621EC,2026-05-11 17:49:54,2026-05-14 16:30:00,Priest BRZ,0,
Priest Rapids Tailrace STH,1,G724621EC,2026-05-11 17:49:54,2026-05-14 16:30:00,Lower Ringold,1,2026-05-15 05:01:51
Priest Rapids Tailrace STH,1,G724621EC,2026-05-11 17:49:54,2026-05-14 16:30:00,Hanford,1,2026-05-15 08:14:36
Priest Rapids Tailrace STH,3,G7246B341,2026-05-12 19:01:40,2026-05-15 17:05:00,Crescent Bar,0,
Priest Rapids Tailrace STH,3,G7246B341,2026-05-12 19:01:40,2026-05-15 17:05:00,Sunland,0,
Priest Rapids Tailrace STH,3,G7246B341,2026-05-12 19:01:40,2026-05-15 17:05:00,Wanapum BRZ,0,
Priest Rapids Tailrace STH,3,G7246B341,2026-05-12 19:01:40,2026-05-15 17:05:00,Mattawa,0,
Priest Rapids Tailrace STH,3,G7246B341,2026-05-12 19:01:40,2026-05-15 17:05:00,Priest BRZ,0,
Priest Rapids Tailrace STH,3,G7246B341,2026-05-12 19:01:40,2026-05-15 17:05:00,Lower Ringold,1,2026-05-16 04:40:12
Priest Rapids Tailrace STH,3,G7246B341,2026-05-12 19:01:40,2026-05-15 17:05:00,Hanford,1,2026-05-16 07:31:27
Priest Rapids Tailrace STH,2,G7249C69E,2026-05-11 18:06:54,2026-05-14 16:30:00,Crescent Bar,0,
Priest Rapids Tailrace STH,2,G7249C69E,2026-05-11 18:06:54,2026-05-14 16:30:00,Sunland,0,
Priest Rapids Tailrace STH,2,G7249C69E,2026-05-11 18:06:54,2026-05-14 16:30:00,Wanapum BRZ,0,
Priest Rapids Tailrace STH,2,G7249C69E,2026-05-11 18:06:54,2026-05-14 16:30:00,Mattawa,0,
Priest Rapids Tailrace STH,2,G7249C69E,2026-05-11 18:06:54,2026-05-14 16:30:00,Priest BRZ,0,
Priest Rapids Tailrace STH,2,G7249C69E,2026-05-11 18:06:54,2026-05-14 16:30:00,Lower Ringold,1,2026-05-15 04:51:49
Priest Rapids Tailrace STH,2,G7249C69E,2026-05-11 18:06:54,2026-05-14 16:30:00,Hanford,1,2026-05-15 07:54:18
Priest Rapids Tailrace STH,2,G724A12FD,2026-05-08 20:39:43,2026-05-10 16:20:00,Crescent Bar,0,
Priest Rapids Tailrace STH,2,G724A12FD,2026-05-08 20:39:43,2026-05-10 16:20:00,Sunland,0,
Priest Rapids Tailrace STH,2,G724A12FD,2026-05-08 20:39:43,2026-05-10 16:20:00,Wanapum BRZ,0,
Priest Rapids Tailrace STH,2,G724A12FD,2026-05-08 20:39:43,2026-05-10 16:20:00,Mattawa,0,
Priest Rapids Tailrace STH,2,G724A12FD,2026-05-08 20:39:43,2026-05-10 16:20:00,Priest BRZ,0,
Priest Rapids Tailrace STH,2,G724A12FD,2026-05-08 20:39:43,2026-05-10 16:20:00,Lower Ringold,1,2026-05-11 03:56:44
Priest Rapids Tailrace STH,2,G724A12FD,2026-05-08 20:39:43,2026-05-10 16:20:00,Hanford,1,2026-05-11 07:09:27
Priest Rapids Tailrace STH,2,G724D704A,2026-05-06 18:50:07,2026-05-09 16:31:00,Crescent Bar,0,
Priest Rapids Tailrace STH,2,G724D704A,2026-05-06 18:50:07,2026-05-09 16:31:00,Sunland,0,
Priest Rapids Tailrace STH,2,G724D704A,2026-05-06 18:50:07,2026-05-09 16:31:00,Wanapum BRZ,0,
Priest Rapids Tailrace STH,2,G724D704A,2026-05-06 18:50:07,2026-05-09 16:31:00,Mattawa,0,
Priest Rapids Tailrace STH,2,G724D704A,2026-05-06 18:50:07,2026-05-09 16:31:00,Priest BRZ,0,
Priest Rapids Tailrace STH,2,G724D704A,2026-05-06 18:50:07,2026-05-09 16:31:00,Lower Ringold,1,2026-05-10 06:41:25
Priest Rapids Tailrace STH,2,G724D704A,2026-05-06 18:50:07,2026-05-09 16:31:00,Hanford,1,2026-05-10 09:32:01
Priest Rapids Tailrace STH,2,G724EB817,2026-05-14 19:03:59,2026-05-16 16:35:00,Crescent Bar,0,
Priest Rapids Tailrace STH,2,G724EB817,2026-05-14 19:03:59,2026-05-16 16:35:00,Sunland,0,
Priest Rapids Tailrace STH,2,G724EB817,2026-05-14 19:03:59,2026-05-16 16:35:00,Wanapum BRZ,0,
Priest Rapids Tailrace STH,2,G724EB817,2026-05-14 19:03:59,2026-05-16 16:35:00,Mattawa,0,
Priest Rapids Tailrace STH,2,G724EB817,2026-05-14 19:03:59,2026-05-16 16:35:00,Priest BRZ,0,
Priest Rapids Tailrace STH,2,G724EB817,2026-05-14 19:03:59,2026-05-16 16:35:00,Lower Ringold,0,
Priest Rapids Tailrace STH,2,G724EB817,2026-05-14 19:03:59,2026-05-16 16:35:00,Hanford,0,
Priest Rapids Tailrace STH,3,G724F8213,2026-05-06 18:58:43,2026-05-09 16:31:00,Crescent Bar,0,
Priest Rapids Tailrace STH,3,G724F8213,2026-05-06 18:58:43,2026-05-09 16:31:00,Sunland,0,
Priest Rapids Tailrace STH,3,G724F8213,2026-05-06 18:58:43,2026-05-09 16:31:00,Wanapum BRZ,0,
Priest Rapids Tailrace STH,3,G724F8213,2026-05-06 18:58:43,2026-05-09 16:31:00,Mattawa,0,
Priest Rapids Tailrace STH,3,G724F8213,2026-05-06 18:58:43,2026-05-09 16:31:00,Priest BRZ,0,
Priest Rapids Tailrace STH,3,G724F8213,2026-05-06 18:58:43,2026-05-09 16:31:00,Lower Ringold,1,2026-05-16 03:07:19
Priest Rapids Tailrace STH,3,G724F8213,2026-05-06 18:58:43,2026-05-09 16:31:00,Hanford,1,2026-05-16 05:58:01
Priest Rapids Tailrace STH,3,G725166AB,2026-05-12 18:56:09,2026-05-15 17:05:00,Crescent Bar,0,
Priest Rapids Tailrace STH,3,G725166AB,2026-05-12 18:56:09,2026-05-15 17:05:00,Sunland,0,
Priest Rapids Tailrace STH,3,G725166AB,2026-05-12 18:56:09,2026-05-15 17:05:00,Wanapum BRZ,0,
Priest Rapids Tailrace STH,3,G725166AB,2026-05-12 18:56:09,2026-05-15 17:05:00,Mattawa,0,
Priest Rapids Tailrace STH,3,G725166AB,2026-05-12 18:56:09,2026-05-15 17:05:00,Priest BRZ,0,
Priest Rapids Tailrace STH,3,G725166AB,2026-05-12 18:56:09,2026-05-15 17:05:00,Lower Ringold,0,
Priest Rapids Tailrace STH,3,G725166AB,2026-05-12 18:56:09,2026-05-15 17:05:00,Hanford,0,
Priest Rapids Tailrace STH,3,G725271E0,2026-05-11 17:59:25,2026-05-14 16:30:00,Crescent Bar,0,
Priest Rapids Tailrace STH,3,G725271E0,2026-05-11 17:59:25,2026-05-14 16:30:00,Sunland,0,
Priest Rapids Tailrace STH,3,G725271E0,2026-05-11 17:59:25,2026-05-14 16:30:00,Wanapum BRZ,0,
Priest Rapids Tailrace STH,3,G725271E0,2026-05-11 17:59:25,2026-05-14 16:30:00,Mattawa,0,
Priest Rapids Tailrace STH,3,G725271E0,2026-05-11 17:59:25,2026-05-14 16:30:00,Priest BRZ,0,
Priest Rapids Tailrace STH,3,G725271E0,2026-05-11 17:59:25,2026-05-14 16:30:00,Lower Ringold,1,2026-05-15 05:04:32
Priest Rapids Tailrace STH,3,G725271E0,2026-05-11 17:59:25,2026-05-14 16:30:00,Hanford,1,2026-05-15 08:39:01
Priest Rapids Tailrace STH,3,G725285F5,2026-05-08 20:59:40,2026-05-10 16:20:00,Crescent Bar,0,
Priest Rapids Tailrace STH,3,G725285F5,2026-05-08 20:59:40,2026-05-10 16:20:00,Sunland,0,
Priest Rapids Tailrace STH,3,G725285F5,2026-05-08 20:59:40,2026-05-10 16:20:00,Wanapum BRZ,0,
Priest Rapids Tailrace STH,3,G725285F5,2026-05-08 20:59:40,2026-05-10 16:20:00,Mattawa,0,
Priest Rapids Tailrace STH,3,G725285F5,2026-05-08 20:59:40,2026-05-10 16:20:00,Priest BRZ,0,
Priest Rapids Tailrace STH,3,G725285F5,2026-05-08 20:59:40,2026-05-10 16:20:00,Lower Ringold,1,2026-05-11 05:13:25
Priest Rapids Tailrace STH,3,G725285F5,2026-05-08 20:59:40,2026-05-10 16:20:00,Hanford,1,2026-05-11 08:37:09
Priest Rapids Tailrace STH,3,G7252A1B7,2026-05-06 18:56:59,2026-05-09 16:31:00,Crescent Bar,0,
Priest Rapids Tailrace STH,3,G7252A1B7,2026-05-06 18:56:59,2026-05-09 16:31:00,Sunland,0,
Priest Rapids Tailrace STH,3,G7252A1B7,2026-05-06 18:56:59,2026-05-09 16:31:00,Wanapum BRZ,0,
Priest Rapids Tailrace STH,3,G7252A1B7,2026-05-06 18:56:59,2026-05-09 16:31:00,Mattawa,0,
Priest Rapids Tailrace STH,3,G7252A1B7,2026-05-06 18:56:59,2026-05-09 16:31:00,Priest BRZ,0,
Priest Rapids Tailrace STH,3,G7252A1B7,2026-05-06 18:56:59,2026-05-09 16:31:00,Lower Ringold,1,2026-05-11 12:09:51
Priest Rapids Tailrace STH,3,G7252A1B7,2026-05-06 18:56:59,2026-05-09 16:31:00,Hanford,1,2026-05-12 04:24:44
Priest Rapids Tailrace STH,3,G7252E672,2026-05-09 18:44:18,2026-05-11 16:32:00,Crescent Bar,0,
Priest Rapids Tailrace STH,3,G7252E672,2026-05-09 18:44:18,2026-05-11 16:32:00,Sunland,0,
Priest Rapids Tailrace STH,3,G7252E672,2026-05-09 18:44:18,2026-05-11 16:32:00,Wanapum BRZ,0,
Priest Rapids Tailrace STH,3,G7252E672,2026-05-09 18:44:18,2026-05-11 16:32:00,Mattawa,0,
Priest Rapids Tailrace STH,3,G7252E672,2026-05-09 18:44:18,2026-05-11 16:32:00,Priest BRZ,0,
Priest Rapids Tailrace STH,3,G7252E672,2026-05-09 18:44:18,2026-05-11 16:32:00,Lower Ringold,1,2026-05-12 03:59:50
Priest Rapids Tailrace STH,3,G7252E672,2026-05-09 18:44:18,2026-05-11 16:32:00,Hanford,1,2026-05-12 07:30:08
Priest Rapids Tailrace STH,1,G72532D5C,2026-05-06 19:14:17,2026-05-09 16:31:00,Crescent Bar,0,
Priest Rapids Tailrace STH,1,G72532D5C,2026-05-06 19:14:17,2026-05-09 16:31:00,Sunland,0,
Priest Rapids Tailrace STH,1,G72532D5C,2026-05-06 19:14:17,2026-05-09 16:31:00,Wanapum BRZ,0,
Priest Rapids Tailrace STH,1,G72532D5C,2026-05-06 19:14:17,2026-05-09 16:31:00,Mattawa,0,
Priest Rapids Tailrace STH,1,G72532D5C,2026-05-06 19:14:17,2026-05-09 16:31:00,Priest BRZ,0,
Priest Rapids Tailrace STH,1,G72532D5C,2026-05-06 19:14:17,2026-05-09 16:31:00,Lower Ringold,1,2026-05-10 05:02:45
Priest Rapids Tailrace STH,1,G72532D5C,2026-05-06 19:14:17,2026-05-09 16:31:00,Hanford,1,2026-05-10 08:12:18
Priest Rapids Tailrace STH,3,G72579AD6,2026-05-07 18:29:13,2026-05-09 16:31:00,Crescent Bar,0,
Priest Rapids Tailrace STH,3,G72579AD6,2026-05-07 18:29:13,2026-05-09 16:31:00,Sunland,0,
Priest Rapids Tailrace STH,3,G72579AD6,2026-05-07 18:29:13,2026-05-09 16:31:00,Wanapum BRZ,0,
Priest Rapids Tailrace STH,3,G72579AD6,2026-05-07 18:29:13,2026-05-09 16:31:00,Mattawa,0,
Priest Rapids Tailrace STH,3,G72579AD6,2026-05-07 18:29:13,2026-05-09 16:31:00,Priest BRZ,0,
Priest Rapids Tailrace STH,3,G72579AD6,2026-05-07 18:29:13,2026-05-09 16:31:00,Lower Ringold,1,2026-05-10 09:32:07
Priest Rapids Tailrace STH,3,G72579AD6,2026-05-07 18:29:13,2026-05-09 16:31:00,Hanford,1,2026-05-11 11:02:04
Priest Rapids Tailrace STH,2,G72589FF1,2026-05-10 17:53:07,2026-05-12 16:15:00,Crescent Bar,0,
Priest Rapids Tailrace STH,2,G72589FF1,2026-05-10 17:53:07,2026-05-12 16:15:00,Sunland,0,
Priest Rapids Tailrace STH,2,G72589FF1,2026-05-10 17:53:07,2026-05-12 16:15:00,Wanapum BRZ,0,
Priest Rapids Tailrace STH,2,G72589FF1,2026-05-10 17:53:07,2026-05-12 16:15:00,Mattawa,0,
Priest Rapids Tailrace STH,2,G72589FF1,2026-05-10 17:53:07,2026-05-12 16:15:00,Priest BRZ,0,
Priest Rapids Tailrace STH,2,G72589FF1,2026-05-10 17:53:07,2026-05-12 16:15:00,Lower Ringold,1,2026-05-13 08:19:26
Priest Rapids Tailrace STH,2,G72589FF1,2026-05-10 17:53:07,2026-05-12 16:15:00,Hanford,1,2026-05-13 11:06:13
Priest Rapids Tailrace STH,1,G72597901,2026-05-10 17:49:42,2026-05-12 16:15:00,Crescent Bar,0,
Priest Rapids Tailrace STH,1,G72597901,2026-05-10 17:49:42,2026-05-12 16:15:00,Sunland,0,
Priest Rapids Tailrace STH,1,G72597901,2026-05-10 17:49:42,2026-05-12 16:15:00,Wanapum BRZ,0,
Priest Rapids Tailrace STH,1,G72597901,2026-05-10 17:49:42,2026-05-12 16:15:00,Mattawa,0,
Priest Rapids Tailrace STH,1,G72597901,2026-05-10 17:49:42,2026-05-12 16:15:00,Priest BRZ,0,
Priest Rapids Tailrace STH,1,G72597901,2026-05-10 17:49:42,2026-05-12 16:15:00,Lower Ringold,1,2026-06-12 21:22:59
Priest Rapids Tailrace STH,1,G72597901,2026-05-10 17:49:42,2026-05-12 16:15:00,Hanford,1,2026-06-12 23:52:27
Priest Rapids Tailrace STH,1,G725A1EB2,2026-05-10 18:00:03,2026-05-12 16:15:00,Crescent Bar,0,
Priest Rapids Tailrace STH,1,G725A1EB2,2026-05-10 18:00:03,2026-05-12 16:15:00,Sunland,0,
Priest Rapids Tailrace STH,1,G725A1EB2,2026-05-10 18:00:03,2026-05-12 16:15:00,Wanapum BRZ,0,
Priest Rapids Tailrace STH,1,G725A1EB2,2026-05-10 18:00:03,2026-05-12 16:15:00,Mattawa,0,
Priest Rapids Tailrace STH,1,G725A1EB2,2026-05-10 18:00:03,2026-05-12 16:15:00,Priest BRZ,0,
Priest Rapids Tailrace STH,1,G725A1EB2,2026-05-10 18:00:03,2026-05-12 16:15:00,Lower Ringold,1,2026-05-13 06:02:49
Priest Rapids Tailrace STH,1,G725A1EB2,2026-05-10 18:00:03,2026-05-12 16:15:00,Hanford,1,2026-05-13 09:16:13
Priest Rapids Tailrace STH,1,G725B3888,2026-05-11 17:53:33,2026-05-14 16:30:00,Crescent Bar,0,
Priest Rapids Tailrace STH,1,G725B3888,2026-05-11 17:53:33,2026-05-14 16:30:00,Sunland,0,
Priest Rapids Tailrace STH,1,G725B3888,2026-05-11 17:53:33,2026-05-14 16:30:00,Wanapum BRZ,0,
Priest Rapids Tailrace STH,1,G725B3888,2026-05-11 17:53:33,2026-05-14 16:30:00,Mattawa,0,
Priest Rapids Tailrace STH,1,G725B3888,2026-05-11 17:53:33,2026-05-14 16:30:00,Priest BRZ,0,
Priest Rapids Tailrace STH,1,G725B3888,2026-05-11 17:53:33,2026-05-14 16:30:00,Lower Ringold,1,2026-05-16 09:12:34
Priest Rapids Tailrace STH,1,G725B3888,2026-05-11 17:53:33,2026-05-14 16:30:00,Hanford,1,2026-05-16 12:20:27
Priest Rapids Tailrace STH,1,G725B5293,2026-05-07 18:31:48,2026-05-09 16:31:00,Crescent Bar,0,
Priest Rapids Tailrace STH,1,G725B5293,2026-05-07 18:31:48,2026-05-09 16:31:00,Sunland,0,
Priest Rapids Tailrace STH,1,G725B5293,2026-05-07 18:31:48,2026-05-09 16:31:00,Wanapum BRZ,0,
Priest Rapids Tailrace STH,1,G725B5293,2026-05-07 18:31:48,2026-05-09 16:31:00,Mattawa,0,
Priest Rapids Tailrace STH,1,G725B5293,2026-05-07 18:31:48,2026-05-09 16:31:00,Priest BRZ,0,
Priest Rapids Tailrace STH,1,G725B5293,2026-05-07 18:31:48,2026-05-09 16:31:00,Lower Ringold,0,
Priest Rapids Tailrace STH,1,G725B5293,2026-05-07 18:31:48,2026-05-09 16:31:00,Hanford,0,
Priest Rapids Tailrace STH,1,G725D479B,2026-05-14 19:13:11,2026-05-16 16:35:00,Crescent Bar,0,
Priest Rapids Tailrace STH,1,G725D479B,2026-05-14 19:13:11,2026-05-16 16:35:00,Sunland,0,
Priest Rapids Tailrace STH,1,G725D479B,2026-05-14 19:13:11,2026-05-16 16:35:00,Wanapum BRZ,0,
Priest Rapids Tailrace STH,1,G725D479B,2026-05-14 19:13:11,2026-05-16 16:35:00,Mattawa,0,
Priest Rapids Tailrace STH,1,G725D479B,2026-05-14 19:13:11,2026-05-16 16:35:00,Priest BRZ,0,
Priest Rapids Tailrace STH,1,G725D479B,2026-05-14 19:13:11,2026-05-16 16:35:00,Lower Ringold,1,2026-05-17 05:29:46
Priest Rapids Tailrace STH,1,G725D479B,2026-05-14 19:13:11,2026-05-16 16:35:00,Hanford,1,2026-05-17 08:43:02
Priest Rapids Tailrace STH,1,G725D6E24,2026-05-14 19:17:07,2026-05-16 16:35:00,Crescent Bar,0,
Priest Rapids Tailrace STH,1,G725D6E24,2026-05-14 19:17:07,2026-05-16 16:35:00,Sunland,0,
Priest Rapids Tailrace STH,1,G725D6E24,2026-05-14 19:17:07,2026-05-16 16:35:00,Wanapum BRZ,0,
Priest Rapids Tailrace STH,1,G725D6E24,2026-05-14 19:17:07,2026-05-16 16:35:00,Mattawa,0,
Priest Rapids Tailrace STH,1,G725D6E24,2026-05-14 19:17:07,2026-05-16 16:35:00,Priest BRZ,0,
Priest Rapids Tailrace STH,1,G725D6E24,2026-05-14 19:17:07,2026-05-16 16:35:00,Lower Ringold,1,2026-05-17 10:45:11
Priest Rapids Tailrace STH,1,G725D6E24,2026-05-14 19:17:07,2026-05-16 16:35:00,Hanford,1,2026-05-17 13:55:01
Priest Rapids Tailrace STH,1,G725E9144,2026-05-14 19:08:22,2026-05-16 16:35:00,Crescent Bar,0,
Priest Rapids Tailrace STH,1,G725E9144,2026-05-14 19:08:22,2026-05-16 16:35:00,Sunland,0,
Priest Rapids Tailrace STH,1,G725E9144,2026-05-14 19:08:22,2026-05-16 16:35:00,Wanapum BRZ,0,
Priest Rapids Tailrace STH,1,G725E9144,2026-05-14 19:08:22,2026-05-16 16:35:00,Mattawa,0,
Priest Rapids Tailrace STH,1,G725E9144,2026-05-14 19:08:22,2026-05-16 16:35:00,Priest BRZ,0,
Priest Rapids Tailrace STH,1,G725E9144,2026-05-14 19:08:22,2026-05-16 16:35:00,Lower Ringold,1,2026-05-17 10:15:29
Priest Rapids Tailrace STH,1,G725E9144,2026-05-14 19:08:22,2026-05-16 16:35:00,Hanford,1,2026-05-17 13:04:41
Priest Rapids Tailrace STH,3,G725FB31F,2026-05-09 18:29:42,2026-05-11 16:32:00,Crescent Bar,0,
Priest Rapids Tailrace STH,3,G725FB31F,2026-05-09 18:29:42,2026-05-11 16:32:00,Sunland,0,
Priest Rapids Tailrace STH,3,G725FB31F,2026-05-09 18:29:42,2026-05-11 16:32:00,Wanapum BRZ,0,
Priest Rapids Tailrace STH,3,G725FB31F,2026-05-09 18:29:42,2026-05-11 16:32:00,Mattawa,0,
Priest Rapids Tailrace STH,3,G725FB31F,2026-05-09 18:29:42,2026-05-11 16:32:00,Priest BRZ,0,
Priest Rapids Tailrace STH,3,G725FB31F,2026-05-09 18:29:42,2026-05-11 16:32:00,Lower Ringold,1,2026-05-12 04:17:57
Priest Rapids Tailrace STH,3,G725FB31F,2026-05-09 18:29:42,2026-05-11 16:32:00,Hanford,1,2026-05-12 07:37:34
Priest Rapids Tailrace STH,3,G725FD645,2026-05-12 18:53:27,2026-05-15 17:05:00,Crescent Bar,0,
Priest Rapids Tailrace STH,3,G725FD645,2026-05-12 18:53:27,2026-05-15 17:05:00,Sunland,0,
Priest Rapids Tailrace STH,3,G725FD645,2026-05-12 18:53:27,2026-05-15 17:05:00,Wanapum BRZ,0,
Priest Rapids Tailrace STH,3,G725FD645,2026-05-12 18:53:27,2026-05-15 17:05:00,Mattawa,0,
Priest Rapids Tailrace STH,3,G725FD645,2026-05-12 18:53:27,2026-05-15 17:05:00,Priest BRZ,0,
Priest Rapids Tailrace STH,3,G725FD645,2026-05-12 18:53:27,2026-05-15 17:05:00,Lower Ringold,0,
Priest Rapids Tailrace STH,3,G725FD645,2026-05-12 18:53:27,2026-05-15 17:05:00,Hanford,0,
Priest Rapids Tailrace STH,3,G725FEDDB,2026-05-12 19:04:49,2026-05-15 17:05:00,Crescent Bar,0,
Priest Rapids Tailrace STH,3,G725FEDDB,2026-05-12 19:04:49,2026-05-15 17:05:00,Sunland,0,
Priest Rapids Tailrace STH,3,G725FEDDB,2026-05-12 19:04:49,2026-05-15 17:05:00,Wanapum BRZ,0,
Priest Rapids Tailrace STH,3,G725FEDDB,2026-05-12 19:04:49,2026-05-15 17:05:00,Mattawa,0,
Priest Rapids Tailrace STH,3,G725FEDDB,2026-05-12 19:04:49,2026-05-15 17:05:00,Priest BRZ,0,
Priest Rapids Tailrace STH,3,G725FEDDB,2026-05-12 19:04:49,2026-05-15 17:05:00,Lower Ringold,0,
Priest Rapids Tailrace STH,3,G725FEDDB,2026-05-12 19:04:49,2026-05-15 17:05:00,Hanford,0,
Priest Rapids Tailrace STH,3,G72609D16,2026-05-09 18:30:06,2026-05-11 16:32:00,Crescent Bar,0,
Priest Rapids Tailrace STH,3,G72609D16,2026-05-09 18:30:06,2026-05-11 16:32:00,Sunland,0,
Priest Rapids Tailrace STH,3,G72609D16,2026-05-09 18:30:06,2026-05-11 16:32:00,Wanapum BRZ,0,
Priest Rapids Tailrace STH,3,G72609D16,2026-05-09 18:30:06,2026-05-11 16:32:00,Mattawa,0,
Priest Rapids Tailrace STH,3,G72609D16,2026-05-09 18:30:06,2026-05-11 16:32:00,Priest BRZ,0,
Priest Rapids Tailrace STH,3,G72609D16,2026-05-09 18:30:06,2026-05-11 16:32:00,Lower Ringold,1,2026-05-12 04:54:46
Priest Rapids Tailrace STH,3,G72609D16,2026-05-09 18:30:06,2026-05-11 16:32:00,Hanford,1,2026-05-12 08:23:07
Priest Rapids Tailrace STH,3,G7260B274,2026-05-07 18:17:28,2026-05-09 16:31:00,Crescent Bar,0,
Priest Rapids Tailrace STH,3,G7260B274,2026-05-07 18:17:28,2026-05-09 16:31:00,Sunland,0,
Priest Rapids Tailrace STH,3,G7260B274,2026-05-07 18:17:28,2026-05-09 16:31:00,Wanapum BRZ,0,
Priest Rapids Tailrace STH,3,G7260B274,2026-05-07 18:17:28,2026-05-09 16:31:00,Mattawa,0,
Priest Rapids Tailrace STH,3,G7260B274,2026-05-07 18:17:28,2026-05-09 16:31:00,Priest BRZ,0,
Priest Rapids Tailrace STH,3,G7260B274,2026-05-07 18:17:28,2026-05-09 16:31:00,Lower Ringold,1,2026-05-10 10:45:53
Priest Rapids Tailrace STH,3,G7260B274,2026-05-07 18:17:28,2026-05-09 16:31:00,Hanford,1,2026-05-11 02:02:08
Priest Rapids Tailrace STH,2,G7261643A,2026-05-14 19:14:48,2026-05-16 16:35:00,Crescent Bar,0,
Priest Rapids Tailrace STH,2,G7261643A,2026-05-14 19:14:48,2026-05-16 16:35:00,Sunland,0,
Priest Rapids Tailrace STH,2,G7261643A,2026-05-14 19:14:48,2026-05-16 16:35:00,Wanapum BRZ,0,
Priest Rapids Tailrace STH,2,G7261643A,2026-05-14 19:14:48,2026-05-16 16:35:00,Mattawa,0,
Priest Rapids Tailrace STH,2,G7261643A,2026-05-14 19:14:48,2026-05-16 16:35:00,Priest BRZ,0,
Priest Rapids Tailrace STH,2,G7261643A,2026-05-14 19:14:48,2026-05-16 16:35:00,Lower Ringold,1,2026-05-17 08:57:12
Priest Rapids Tailrace STH,2,G7261643A,2026-05-14 19:14:48,2026-05-16 16:35:00,Hanford,1,2026-05-17 12:01:33
Priest Rapids Tailrace STH,3,G7261FE55,2026-05-10 17:45:36,2026-05-12 16:15:00,Crescent Bar,0,
Priest Rapids Tailrace STH,3,G7261FE55,2026-05-10 17:45:36,2026-05-12 16:15:00,Sunland,0,
Priest Rapids Tailrace STH,3,G7261FE55,2026-05-10 17:45:36,2026-05-12 16:15:00,Wanapum BRZ,0,
Priest Rapids Tailrace STH,3,G7261FE55,2026-05-10 17:45:36,2026-05-12 16:15:00,Mattawa,0,
Priest Rapids Tailrace STH,3,G7261FE55,2026-05-10 17:45:36,2026-05-12 16:15:00,Priest BRZ,0,
Priest Rapids Tailrace STH,3,G7261FE55,2026-05-10 17:45:36,2026-05-12 16:15:00,Lower Ringold,0,
Priest Rapids Tailrace STH,3,G7261FE55,2026-05-10 17:45:36,2026-05-12 16:15:00,Hanford,0,
Priest Rapids Tailrace STH,3,G72622695,2026-05-10 18:02:59,2026-05-12 16:15:00,Crescent Bar,0,
Priest Rapids Tailrace STH,3,G72622695,2026-05-10 18:02:59,2026-05-12 16:15:00,Sunland,0,
Priest Rapids Tailrace STH,3,G72622695,2026-05-10 18:02:59,2026-05-12 16:15:00,Wanapum BRZ,0,
Priest Rapids Tailrace STH,3,G72622695,2026-05-10 18:02:59,2026-05-12 16:15:00,Mattawa,0,
Priest Rapids Tailrace STH,3,G72622695,2026-05-10 18:02:59,2026-05-12 16:15:00,Priest BRZ,0,
Priest Rapids Tailrace STH,3,G72622695,2026-05-10 18:02:59,2026-05-12 16:15:00,Lower Ringold,1,2026-05-13 03:30:24
Priest Rapids Tailrace STH,3,G72622695,2026-05-10 18:02:59,2026-05-12 16:15:00,Hanford,1,2026-05-13 06:24:14
Priest Rapids Tailrace STH,3,G7264CF4A,2026-05-14 19:22:49,2026-05-16 16:35:00,Crescent Bar,0,
Priest Rapids Tailrace STH,3,G7264CF4A,2026-05-14 19:22:49,2026-05-16 16:35:00,Sunland,0,
Priest Rapids Tailrace STH,3,G7264CF4A,2026-05-14 19:22:49,2026-05-16 16:35:00,Wanapum BRZ,0,
Priest Rapids Tailrace STH,3,G7264CF4A,2026-05-14 19:22:49,2026-05-16 16:35:00,Mattawa,0,
Priest Rapids Tailrace STH,3,G7264CF4A,2026-05-14 19:22:49,2026-05-16 16:35:00,Priest BRZ,0,
Priest Rapids Tailrace STH,3,G7264CF4A,2026-05-14 19:22:49,2026-05-16 16:35:00,Lower Ringold,1,2026-05-17 05:29:13
Priest Rapids Tailrace STH,3,G7264CF4A,2026-05-14 19:22:49,2026-05-16 16:35:00,Hanford,1,2026-05-17 08:33:48
Priest Rapids Tailrace STH,1,G726598D6,2026-05-06 18:53:08,2026-05-09 16:31:00,Crescent Bar,0,
Priest Rapids Tailrace STH,1,G726598D6,2026-05-06 18:53:08,2026-05-09 16:31:00,Sunland,0,
Priest Rapids Tailrace STH,1,G726598D6,2026-05-06 18:53:08,2026-05-09 16:31:00,Wanapum BRZ,0,
Priest Rapids Tailrace STH,1,G726598D6,2026-05-06 18:53:08,2026-05-09 16:31:00,Mattawa,0,
Priest Rapids Tailrace STH,1,G726598D6,2026-05-06 18:53:08,2026-05-09 16:31:00,Priest BRZ,0,
Priest Rapids Tailrace STH,1,G726598D6,2026-05-06 18:53:08,2026-05-09 16:31:00,Lower Ringold,1,2026-05-10 06:37:18
Priest Rapids Tailrace STH,1,G726598D6,2026-05-06 18:53:08,2026-05-09 16:31:00,Hanford,1,2026-05-10 09:53:09
Priest Rapids Tailrace STH,3,G72682590,2026-05-08 20:42:33,2026-05-10 16:20:00,Crescent Bar,0,
Priest Rapids Tailrace STH,3,G72682590,2026-05-08 20:42:33,2026-05-10 16:20:00,Sunland,0,
Priest Rapids Tailrace STH,3,G72682590,2026-05-08 20:42:33,2026-05-10 16:20:00,Wanapum BRZ,0,
Priest Rapids Tailrace STH,3,G72682590,2026-05-08 20:42:33,2026-05-10 16:20:00,Mattawa,0,
Priest Rapids Tailrace STH,3,G72682590,2026-05-08 20:42:33,2026-05-10 16:20:00,Priest BRZ,0,
Priest Rapids Tailrace STH,3,G72682590,2026-05-08 20:42:33,2026-05-10 16:20:00,Lower Ringold,1,2026-05-11 03:51:00
Priest Rapids Tailrace STH,3,G72682590,2026-05-08 20:42:33,2026-05-10 16:20:00,Hanford,1,2026-05-11 06:50:31
Priest Rapids Tailrace STH,2,G72694B2E,2026-05-10 17:58:47,2026-05-12 16:15:00,Crescent Bar,0,
Priest Rapids Tailrace STH,2,G72694B2E,2026-05-10 17:58:47,2026-05-12 16:15:00,Sunland,0,
Priest Rapids Tailrace STH,2,G72694B2E,2026-05-10 17:58:47,2026-05-12 16:15:00,Wanapum BRZ,0,
Priest Rapids Tailrace STH,2,G72694B2E,2026-05-10 17:58:47,2026-05-12 16:15:00,Mattawa,0,
Priest Rapids Tailrace STH,2,G72694B2E,2026-05-10 17:58:47,2026-05-12 16:15:00,Priest BRZ,0,
Priest Rapids Tailrace STH,2,G72694B2E,2026-05-10 17:58:47,2026-05-12 16:15:00,Lower Ringold,0,
Priest Rapids Tailrace STH,2,G72694B2E,2026-05-10 17:58:47,2026-05-12 16:15:00,Hanford,0,
Priest Rapids Tailrace STH,2,G7269CC21,2026-05-14 19:08:47,2026-05-16 16:35:00,Crescent Bar,0,
Priest Rapids Tailrace STH,2,G7269CC21,2026-05-14 19:08:47,2026-05-16 16:35:00,Sunland,0,
Priest Rapids Tailrace STH,2,G7269CC21,2026-05-14 19:08:47,2026-05-16 16:35:00,Wanapum BRZ,0,
Priest Rapids Tailrace STH,2,G7269CC21,2026-05-14 19:08:47,2026-05-16 16:35:00,Mattawa,0,
Priest Rapids Tailrace STH,2,G7269CC21,2026-05-14 19:08:47,2026-05-16 16:35:00,Priest BRZ,0,
Priest Rapids Tailrace STH,2,G7269CC21,2026-05-14 19:08:47,2026-05-16 16:35:00,Lower Ringold,0,
Priest Rapids Tailrace STH,2,G7269CC21,2026-05-14 19:08:47,2026-05-16 16:35:00,Hanford,0,
Priest Rapids Tailrace STH,2,G7269E1FF,2026-05-09 18:47:50,2026-05-11 16:32:00,Crescent Bar,0,
Priest Rapids Tailrace STH,2,G7269E1FF,2026-05-09 18:47:50,2026-05-11 16:32:00,Sunland,0,
Priest Rapids Tailrace STH,2,G7269E1FF,2026-05-09 18:47:50,2026-05-11 16:32:00,Wanapum BRZ,0,
Priest Rapids Tailrace STH,2,G7269E1FF,2026-05-09 18:47:50,2026-05-11 16:32:00,Mattawa,0,
Priest Rapids Tailrace STH,2,G7269E1FF,2026-05-09 18:47:50,2026-05-11 16:32:00,Priest BRZ,0,
Priest Rapids Tailrace STH,2,G7269E1FF,2026-05-09 18:47:50,2026-05-11 16:32:00,Lower Ringold,1,2026-05-12 03:48:14
Priest Rapids Tailrace STH,2,G7269E1FF,2026-05-09 18:47:50,2026-05-11 16:32:00,Hanford,1,2026-05-12 06:48:32
Priest Rapids Tailrace STH,2,G726A66A5,2026-05-06 18:54:25,2026-05-09 16:31:00,Crescent Bar,0,
Priest Rapids Tailrace STH,2,G726A66A5,2026-05-06 18:54:25,2026-05-09 16:31:00,Sunland,0,
Priest Rapids Tailrace STH,2,G726A66A5,2026-05-06 18:54:25,2026-05-09 16:31:00,Wanapum BRZ,0,
Priest Rapids Tailrace STH,2,G726A66A5,2026-05-06 18:54:25,2026-05-09 16:31:00,Mattawa,0,
Priest Rapids Tailrace STH,2,G726A66A5,2026-05-06 18:54:25,2026-05-09 16:31:00,Priest BRZ,0,
Priest Rapids Tailrace STH,2,G726A66A5,2026-05-06 18:54:25,2026-05-09 16:31:00,Lower Ringold,1,2026-05-10 05:56:47
Priest Rapids Tailrace STH,2,G726A66A5,2026-05-06 18:54:25,2026-05-09 16:31:00,Hanford,1,2026-05-10 09:11:36
Priest Rapids Tailrace STH,2,G726A7259,2026-05-12 18:48:41,2026-05-15 17:05:00,Crescent Bar,0,
Priest Rapids Tailrace STH,2,G726A7259,2026-05-12 18:48:41,2026-05-15 17:05:00,Sunland,0,
Priest Rapids Tailrace STH,2,G726A7259,2026-05-12 18:48:41,2026-05-15 17:05:00,Wanapum BRZ,0,
Priest Rapids Tailrace STH,2,G726A7259,2026-05-12 18:48:41,2026-05-15 17:05:00,Mattawa,0,
Priest Rapids Tailrace STH,2,G726A7259,2026-05-12 18:48:41,2026-05-15 17:05:00,Priest BRZ,0,
Priest Rapids Tailrace STH,2,G726A7259,2026-05-12 18:48:41,2026-05-15 17:05:00,Lower Ringold,1,2026-05-16 04:34:38
Priest Rapids Tailrace STH,2,G726A7259,2026-05-12 18:48:41,2026-05-15 17:05:00,Hanford,1,2026-05-16 07:33:32
Priest Rapids Tailrace STH,2,G726B0945,2026-05-09 18:49:22,2026-05-11 16:32:00,Crescent Bar,0,
Priest Rapids Tailrace STH,2,G726B0945,2026-05-09 18:49:22,2026-05-11 16:32:00,Sunland,0,
Priest Rapids Tailrace STH,2,G726B0945,2026-05-09 18:49:22,2026-05-11 16:32:00,Wanapum BRZ,0,
Priest Rapids Tailrace STH,2,G726B0945,2026-05-09 18:49:22,2026-05-11 16:32:00,Mattawa,0,
Priest Rapids Tailrace STH,2,G726B0945,2026-05-09 18:49:22,2026-05-11 16:32:00,Priest BRZ,0,
Priest Rapids Tailrace STH,2,G726B0945,2026-05-09 18:49:22,2026-05-11 16:32:00,Lower Ringold,0,
Priest Rapids Tailrace STH,2,G726B0945,2026-05-09 18:49:22,2026-05-11 16:32:00,Hanford,0,
Priest Rapids Tailrace STH,2,G726B20FA,2026-05-11 17:55:08,2026-05-14 16:30:00,Crescent Bar,0,
Priest Rapids Tailrace STH,2,G726B20FA,2026-05-11 17:55:08,2026-05-14 16:30:00,Sunland,0,
Priest Rapids Tailrace STH,2,G726B20FA,2026-05-11 17:55:08,2026-05-14 16:30:00,Wanapum BRZ,0,
Priest Rapids Tailrace STH,2,G726B20FA,2026-05-11 17:55:08,2026-05-14 16:30:00,Mattawa,0,
Priest Rapids Tailrace STH,2,G726B20FA,2026-05-11 17:55:08,2026-05-14 16:30:00,Priest BRZ,0,
Priest Rapids Tailrace STH,2,G726B20FA,2026-05-11 17:55:08,2026-05-14 16:30:00,Lower Ringold,1,2026-05-15 09:39:50
Priest Rapids Tailrace STH,2,G726B20FA,2026-05-11 17:55:08,2026-05-14 16:30:00,Hanford,1,2026-05-15 12:34:23
Priest Rapids Tailrace STH,3,G726BAB56,2026-05-10 17:38:22,2026-05-12 16:15:00,Crescent Bar,0,
Priest Rapids Tailrace STH,3,G726BAB56,2026-05-10 17:38:22,2026-05-12 16:15:00,Sunland,0,
Priest Rapids Tailrace STH,3,G726BAB56,2026-05-10 17:38:22,2026-05-12 16:15:00,Wanapum BRZ,0,
Priest Rapids Tailrace STH,3,G726BAB56,2026-05-10 17:38:22,2026-05-12 16:15:00,Mattawa,0,
Priest Rapids Tailrace STH,3,G726BAB56,2026-05-10 17:38:22,2026-05-12 16:15:00,Priest BRZ,0,
Priest Rapids Tailrace STH,3,G726BAB56,2026-05-10 17:38:22,2026-05-12 16:15:00,Lower Ringold,1,2026-05-13 03:57:38
Priest Rapids Tailrace STH,3,G726BAB56,2026-05-10 17:38:22,2026-05-12 16:15:00,Hanford,1,2026-05-13 07:00:29
Priest Rapids Tailrace STH,3,G726BDFCF,2026-05-14 19:21:42,2026-05-16 16:35:00,Crescent Bar,0,
Priest Rapids Tailrace STH,3,G726BDFCF,2026-05-14 19:21:42,2026-05-16 16:35:00,Sunland,0,
Priest Rapids Tailrace STH,3,G726BDFCF,2026-05-14 19:21:42,2026-05-16 16:35:00,Wanapum BRZ,0,
Priest Rapids Tailrace STH,3,G726BDFCF,2026-05-14 19:21:42,2026-05-16 16:35:00,Mattawa,0,
Priest Rapids Tailrace STH,3,G726BDFCF,2026-05-14 19:21:42,2026-05-16 16:35:00,Priest BRZ,0,
Priest Rapids Tailrace STH,3,G726BDFCF,2026-05-14 19:21:42,2026-05-16 16:35:00,Lower Ringold,1,2026-05-17 05:27:45
Priest Rapids Tailrace STH,3,G726BDFCF,2026-05-14 19:21:42,2026-05-16 16:35:00,Hanford,1,2026-05-17 09:19:53
Priest Rapids Tailrace STH,3,G726BE50F,2026-05-10 17:56:45,2026-05-12 16:15:00,Crescent Bar,0,
Priest Rapids Tailrace STH,3,G726BE50F,2026-05-10 17:56:45,2026-05-12 16:15:00,Sunland,0,
Priest Rapids Tailrace STH,3,G726BE50F,2026-05-10 17:56:45,2026-05-12 16:15:00,Wanapum BRZ,0,
Priest Rapids Tailrace STH,3,G726BE50F,2026-05-10 17:56:45,2026-05-12 16:15:00,Mattawa,0,
Priest Rapids Tailrace STH,3,G726BE50F,2026-05-10 17:56:45,2026-05-12 16:15:00,Priest BRZ,0,
Priest Rapids Tailrace STH,3,G726BE50F,2026-05-10 17:56:45,2026-05-12 16:15:00,Lower Ringold,1,2026-05-17 08:36:04
Priest Rapids Tailrace STH,3,G726BE50F,2026-05-10 17:56:45,2026-05-12 16:15:00,Hanford,1,2026-05-17 11:54:33
Priest Rapids Tailrace STH,3,G726D2E4F,2026-05-08 21:00:43,2026-05-10 16:20:00,Crescent Bar,0,
Priest Rapids Tailrace STH,3,G726D2E4F,2026-05-08 21:00:43,2026-05-10 16:20:00,Sunland,0,
Priest Rapids Tailrace STH,3,G726D2E4F,2026-05-08 21:00:43,2026-05-10 16:20:00,Wanapum BRZ,0,
Priest Rapids Tailrace STH,3,G726D2E4F,2026-05-08 21:00:43,2026-05-10 16:20:00,Mattawa,0,
Priest Rapids Tailrace STH,3,G726D2E4F,2026-05-08 21:00:43,2026-05-10 16:20:00,Priest BRZ,0,
Priest Rapids Tailrace STH,3,G726D2E4F,2026-05-08 21:00:43,2026-05-10 16:20:00,Lower Ringold,1,2026-05-11 04:43:43
Priest Rapids Tailrace STH,3,G726D2E4F,2026-05-08 21:00:43,2026-05-10 16:20:00,Hanford,1,2026-05-11 07:55:15
Priest Rapids Tailrace STH,3,G726D35F2,2026-05-06 19:21:20,2026-05-09 16:31:00,Crescent Bar,0,
Priest Rapids Tailrace STH,3,G726D35F2,2026-05-06 19:21:20,2026-05-09 16:31:00,Sunland,0,
Priest Rapids Tailrace STH,3,G726D35F2,2026-05-06 19:21:20,2026-05-09 16:31:00,Wanapum BRZ,0,
Priest Rapids Tailrace STH,3,G726D35F2,2026-05-06 19:21:20,2026-05-09 16:31:00,Mattawa,0,
Priest Rapids Tailrace STH,3,G726D35F2,2026-05-06 19:21:20,2026-05-09 16:31:00,Priest BRZ,0,
Priest Rapids Tailrace STH,3,G726D35F2,2026-05-06 19:21:20,2026-05-09 16:31:00,Lower Ringold,1,2026-05-10 05:10:58
Priest Rapids Tailrace STH,3,G726D35F2,2026-05-06 19:21:20,2026-05-09 16:31:00,Hanford,1,2026-05-10 08:07:32
Priest Rapids Tailrace STH,2,G726D54C9,2026-05-11 17:49:13,2026-05-14 16:30:00,Crescent Bar,0,
Priest Rapids Tailrace STH,2,G726D54C9,2026-05-11 17:49:13,2026-05-14 16:30:00,Sunland,0,
Priest Rapids Tailrace STH,2,G726D54C9,2026-05-11 17:49:13,2026-05-14 16:30:00,Wanapum BRZ,0,
Priest Rapids Tailrace STH,2,G726D54C9,2026-05-11 17:49:13,2026-05-14 16:30:00,Mattawa,0,
Priest Rapids Tailrace STH,2,G726D54C9,2026-05-11 17:49:13,2026-05-14 16:30:00,Priest BRZ,0,
Priest Rapids Tailrace STH,2,G726D54C9,2026-05-11 17:49:13,2026-05-14 16:30:00,Lower Ringold,0,
Priest Rapids Tailrace STH,2,G726D54C9,2026-05-11 17:49:13,2026-05-14 16:30:00,Hanford,0,
Priest Rapids Tailrace STH,2,G726E1207,2026-05-12 19:02:46,2026-05-15 17:05:00,Crescent Bar,0,
Priest Rapids Tailrace STH,2,G726E1207,2026-05-12 19:02:46,2026-05-15 17:05:00,Sunland,0,
Priest Rapids Tailrace STH,2,G726E1207,2026-05-12 19:02:46,2026-05-15 17:05:00,Wanapum BRZ,0,
Priest Rapids Tailrace STH,2,G726E1207,2026-05-12 19:02:46,2026-05-15 17:05:00,Mattawa,0,
Priest Rapids Tailrace STH,2,G726E1207,2026-05-12 19:02:46,2026-05-15 17:05:00,Priest BRZ,0,
Priest Rapids Tailrace STH,2,G726E1207,2026-05-12 19:02:46,2026-05-15 17:05:00,Lower Ringold,0,
Priest Rapids Tailrace STH,2,G726E1207,2026-05-12 19:02:46,2026-05-15 17:05:00,Hanford,0,
Priest Rapids Tailrace STH,2,G726F0D1F,2026-05-08 20:46:14,2026-05-10 16:20:00,Crescent Bar,0,
Priest Rapids Tailrace STH,2,G726F0D1F,2026-05-08 20:46:14,2026-05-10 16:20:00,Sunland,0,
Priest Rapids Tailrace STH,2,G726F0D1F,2026-05-08 20:46:14,2026-05-10 16:20:00,Wanapum BRZ,0,
Priest Rapids Tailrace STH,2,G726F0D1F,2026-05-08 20:46:14,2026-05-10 16:20:00,Mattawa,0,
Priest Rapids Tailrace STH,2,G726F0D1F,2026-05-08 20:46:14,2026-05-10 16:20:00,Priest BRZ,0,
Priest Rapids Tailrace STH,2,G726F0D1F,2026-05-08 20:46:14,2026-05-10 16:20:00,Lower Ringold,1,2026-05-11 22:04:17
Priest Rapids Tailrace STH,2,G726F0D1F,2026-05-08 20:46:14,2026-05-10 16:20:00,Hanford,1,2026-05-12 01:03:35
Priest Rapids Tailrace STH,2,G726FB753,2026-05-11 18:05:39,2026-05-14 16:30:00,Crescent Bar,0,
Priest Rapids Tailrace STH,2,G726FB753,2026-05-11 18:05:39,2026-05-14 16:30:00,Sunland,0,
Priest Rapids Tailrace STH,2,G726FB753,2026-05-11 18:05:39,2026-05-14 16:30:00,Wanapum BRZ,0,
Priest Rapids Tailrace STH,2,G726FB753,2026-05-11 18:05:39,2026-05-14 16:30:00,Mattawa,0,
Priest Rapids Tailrace STH,2,G726FB753,2026-05-11 18:05:39,2026-05-14 16:30:00,Priest BRZ,0,
Priest Rapids Tailrace STH,2,G726FB753,2026-05-11 18:05:39,2026-05-14 16:30:00,Lower Ringold,1,2026-05-15 09:25:45
Priest Rapids Tailrace STH,2,G726FB753,2026-05-11 18:05:39,2026-05-14 16:30:00,Hanford,1,2026-05-15 13:01:46
Priest Rapids Tailrace STH,2,G72705C6E,2026-05-09 18:31:12,2026-05-11 16:32:00,Crescent Bar,0,
Priest Rapids Tailrace STH,2,G72705C6E,2026-05-09 18:31:12,2026-05-11 16:32:00,Sunland,0,
Priest Rapids Tailrace STH,2,G72705C6E,2026-05-09 18:31:12,2026-05-11 16:32:00,Wanapum BRZ,0,
Priest Rapids Tailrace STH,2,G72705C6E,2026-05-09 18:31:12,2026-05-11 16:32:00,Mattawa,0,
Priest Rapids Tailrace STH,2,G72705C6E,2026-05-09 18:31:12,2026-05-11 16:32:00,Priest BRZ,0,
Priest Rapids Tailrace STH,2,G72705C6E,2026-05-09 18:31:12,2026-05-11 16:32:00,Lower Ringold,1,2026-05-12 03:59:30
Priest Rapids Tailrace STH,2,G72705C6E,2026-05-09 18:31:12,2026-05-11 16:32:00,Hanford,1,2026-05-12 07:28:49
Priest Rapids Tailrace STH,2,G727117CC,2026-05-09 18:41:45,2026-05-11 16:32:00,Crescent Bar,0,
Priest Rapids Tailrace STH,2,G727117CC,2026-05-09 18:41:45,2026-05-11 16:32:00,Sunland,0,
Priest Rapids Tailrace STH,2,G727117CC,2026-05-09 18:41:45,2026-05-11 16:32:00,Wanapum BRZ,0,
Priest Rapids Tailrace STH,2,G727117CC,2026-05-09 18:41:45,2026-05-11 16:32:00,Mattawa,0,
Priest Rapids Tailrace STH,2,G727117CC,2026-05-09 18:41:45,2026-05-11 16:32:00,Priest BRZ,0,
Priest Rapids Tailrace STH,2,G727117CC,2026-05-09 18:41:45,2026-05-11 16:32:00,Lower Ringold,1,2026-05-12 03:47:14
Priest Rapids Tailrace STH,2,G727117CC,2026-05-09 18:41:45,2026-05-11 16:32:00,Hanford,1,2026-05-12 06:41:31
Priest Rapids Tailrace STH,1,G7272C42C,2026-05-14 19:06:49,2026-05-16 16:35:00,Crescent Bar,0,
Priest Rapids Tailrace STH,1,G7272C42C,2026-05-14 19:06:49,2026-05-16 16:35:00,Sunland,0,
Priest Rapids Tailrace STH,1,G7272C42C,2026-05-14 19:06:49,2026-05-16 16:35:00,Wanapum BRZ,0,
Priest Rapids Tailrace STH,1,G7272C42C,2026-05-14 19:06:49,2026-05-16 16:35:00,Mattawa,0,
Priest Rapids Tailrace STH,1,G7272C42C,2026-05-14 19:06:49,2026-05-16 16:35:00,Priest BRZ,0,
Priest Rapids Tailrace STH,1,G7272C42C,2026-05-14 19:06:49,2026-05-16 16:35:00,Lower Ringold,1,2026-05-17 07:38:55
Priest Rapids Tailrace STH,1,G7272C42C,2026-05-14 19:06:49,2026-05-16 16:35:00,Hanford,1,2026-05-17 10:50:52
Priest Rapids Tailrace STH,1,G727329FC,2026-05-11 17:58:26,2026-05-14 16:30:00,Crescent Bar,0,
Priest Rapids Tailrace STH,1,G727329FC,2026-05-11 17:58:26,2026-05-14 16:30:00,Sunland,0,
Priest Rapids Tailrace STH,1,G727329FC,2026-05-11 17:58:26,2026-05-14 16:30:00,Wanapum BRZ,0,
Priest Rapids Tailrace STH,1,G727329FC,2026-05-11 17:58:26,2026-05-14 16:30:00,Mattawa,0,
Priest Rapids Tailrace STH,1,G727329FC,2026-05-11 17:58:26,2026-05-14 16:30:00,Priest BRZ,0,
Priest Rapids Tailrace STH,1,G727329FC,2026-05-11 17:58:26,2026-05-14 16:30:00,Lower Ringold,1,2026-05-15 06:10:55
Priest Rapids Tailrace STH,1,G727329FC,2026-05-11 17:58:26,2026-05-14 16:30:00,Hanford,1,2026-05-15 09:17:39
Priest Rapids Tailrace STH,1,G72737666,2026-05-06 19:11:37,2026-05-09 16:31:00,Crescent Bar,0,
Priest Rapids Tailrace STH,1,G72737666,2026-05-06 19:11:37,2026-05-09 16:31:00,Sunland,0,
Priest Rapids Tailrace STH,1,G72737666,2026-05-06 19:11:37,2026-05-09 16:31:00,Wanapum BRZ,0,
Priest Rapids Tailrace STH,1,G72737666,2026-05-06 19:11:37,2026-05-09 16:31:00,Mattawa,0,
Priest Rapids Tailrace STH,1,G72737666,2026-05-06 19:11:37,2026-05-09 16:31:00,Priest BRZ,0,
Priest Rapids Tailrace STH,1,G72737666,2026-05-06 19:11:37,2026-05-09 16:31:00,Lower Ringold,1,2026-05-10 13:32:27
Priest Rapids Tailrace STH,1,G72737666,2026-05-06 19:11:37,2026-05-09 16:31:00,Hanford,1,2026-05-10 16:21:40
Priest Rapids Tailrace STH,1,G7273FB17,2026-05-08 20:50:13,2026-05-10 16:20:00,Crescent Bar,0,
Priest Rapids Tailrace STH,1,G7273FB17,2026-05-08 20:50:13,2026-05-10 16:20:00,Sunland,0,
Priest Rapids Tailrace STH,1,G7273FB17,2026-05-08 20:50:13,2026-05-10 16:20:00,Wanapum BRZ,0,
Priest Rapids Tailrace STH,1,G7273FB17,2026-05-08 20:50:13,2026-05-10 16:20:00,Mattawa,0,
Priest Rapids Tailrace STH,1,G7273FB17,2026-05-08 20:50:13,2026-05-10 16:20:00,Priest BRZ,0,
Priest Rapids Tailrace STH,1,G7273FB17,2026-05-08 20:50:13,2026-05-10 16:20:00,Lower Ringold,1,2026-05-11 06:55:04
Priest Rapids Tailrace STH,1,G7273FB17,2026-05-08 20:50:13,2026-05-10 16:20:00,Hanford,1,2026-05-11 10:11:09
Priest Rapids Tailrace STH,1,G7273FF76,2026-05-12 18:45:09,2026-05-15 17:05:00,Crescent Bar,0,
Priest Rapids Tailrace STH,1,G7273FF76,2026-05-12 18:45:09,2026-05-15 17:05:00,Sunland,0,
Priest Rapids Tailrace STH,1,G7273FF76,2026-05-12 18:45:09,2026-05-15 17:05:00,Wanapum BRZ,0,
Priest Rapids Tailrace STH,1,G7273FF76,2026-05-12 18:45:09,2026-05-15 17:05:00,Mattawa,0,
Priest Rapids Tailrace STH,1,G7273FF76,2026-05-12 18:45:09,2026-05-15 17:05:00,Priest BRZ,0,
Priest Rapids Tailrace STH,1,G7273FF76,2026-05-12 18:45:09,2026-05-15 17:05:00,Lower Ringold,1,2026-05-16 23:17:42
Priest Rapids Tailrace STH,1,G7273FF76,2026-05-12 18:45:09,2026-05-15 17:05:00,Hanford,1,2026-05-17 02:50:32
Priest Rapids Tailrace STH,3,G727512C8,2026-05-11 18:07:39,2026-05-14 16:30:00,Crescent Bar,0,
Priest Rapids Tailrace STH,3,G727512C8,2026-05-11 18:07:39,2026-05-14 16:30:00,Sunland,0,
Priest Rapids Tailrace STH,3,G727512C8,2026-05-11 18:07:39,2026-05-14 16:30:00,Wanapum BRZ,0,
Priest Rapids Tailrace STH,3,G727512C8,2026-05-11 18:07:39,2026-05-14 16:30:00,Mattawa,0,
Priest Rapids Tailrace STH,3,G727512C8,2026-05-11 18:07:39,2026-05-14 16:30:00,Priest BRZ,0,
Priest Rapids Tailrace STH,3,G727512C8,2026-05-11 18:07:39,2026-05-14 16:30:00,Lower Ringold,1,2026-05-17 10:16:27
Priest Rapids Tailrace STH,3,G727512C8,2026-05-11 18:07:39,2026-05-14 16:30:00,Hanford,1,2026-05-17 13:06:35
Priest Rapids Tailrace STH,3,G7275C023,2026-05-07 18:14:04,2026-05-09 16:31:00,Crescent Bar,0,
Priest Rapids Tailrace STH,3,G7275C023,2026-05-07 18:14:04,2026-05-09 16:31:00,Sunland,0,
Priest Rapids Tailrace STH,3,G7275C023,2026-05-07 18:14:04,2026-05-09 16:31:00,Wanapum BRZ,0,
Priest Rapids Tailrace STH,3,G7275C023,2026-05-07 18:14:04,2026-05-09 16:31:00,Mattawa,0,
Priest Rapids Tailrace STH,3,G7275C023,2026-05-07 18:14:04,2026-05-09 16:31:00,Priest BRZ,0,
Priest Rapids Tailrace STH,3,G7275C023,2026-05-07 18:14:04,2026-05-09 16:31:00,Lower Ringold,1,2026-05-10 05:15:16
Priest Rapids Tailrace STH,3,G7275C023,2026-05-07 18:14:04,2026-05-09 16:31:00,Hanford,1,2026-05-10 14:13:11
Priest Rapids Tailrace STH,3,G7275E15E,2026-05-10 17:50:36,2026-05-12 16:15:00,Crescent Bar,0,
Priest Rapids Tailrace STH,3,G7275E15E,2026-05-10 17:50:36,2026-05-12 16:15:00,Sunland,0,
Priest Rapids Tailrace STH,3,G7275E15E,2026-05-10 17:50:36,2026-05-12 16:15:00,Wanapum BRZ,0,
Priest Rapids Tailrace STH,3,G7275E15E,2026-05-10 17:50:36,2026-05-12 16:15:00,Mattawa,0,
Priest Rapids Tailrace STH,3,G7275E15E,2026-05-10 17:50:36,2026-05-12 16:15:00,Priest BRZ,0,
Priest Rapids Tailrace STH,3,G7275E15E,2026-05-10 17:50:36,2026-05-12 16:15:00,Lower Ringold,1,2026-05-13 05:43:17
Priest Rapids Tailrace STH,3,G7275E15E,2026-05-10 17:50:36,2026-05-12 16:15:00,Hanford,1,2026-05-13 08:45:23
Priest Rapids Tailrace STH,1,G7276FF89,2026-05-11 18:08:35,2026-05-14 16:30:00,Crescent Bar,0,
Priest Rapids Tailrace STH,1,G7276FF89,2026-05-11 18:08:35,2026-05-14 16:30:00,Sunland,0,
Priest Rapids Tailrace STH,1,G7276FF89,2026-05-11 18:08:35,2026-05-14 16:30:00,Wanapum BRZ,0,
Priest Rapids Tailrace STH,1,G7276FF89,2026-05-11 18:08:35,2026-05-14 16:30:00,Mattawa,0,
Priest Rapids Tailrace STH,1,G7276FF89,2026-05-11 18:08:35,2026-05-14 16:30:00,Priest BRZ,0,
Priest Rapids Tailrace STH,1,G7276FF89,2026-05-11 18:08:35,2026-05-14 16:30:00,Lower Ringold,1,2026-05-15 03:48:52
Priest Rapids Tailrace STH,1,G7276FF89,2026-05-11 18:08:35,2026-05-14 16:30:00,Hanford,1,2026-05-15 06:56:21
Priest Rapids Tailrace STH,1,G727709E4,2026-05-14 19:12:23,2026-05-16 16:35:00,Crescent Bar,0,
Priest Rapids Tailrace STH,1,G727709E4,2026-05-14 19:12:23,2026-05-16 16:35:00,Sunland,0,
Priest Rapids Tailrace STH,1,G727709E4,2026-05-14 19:12:23,2026-05-16 16:35:00,Wanapum BRZ,0,
Priest Rapids Tailrace STH,1,G727709E4,2026-05-14 19:12:23,2026-05-16 16:35:00,Mattawa,0,
Priest Rapids Tailrace STH,1,G727709E4,2026-05-14 19:12:23,2026-05-16 16:35:00,Priest BRZ,0,
Priest Rapids Tailrace STH,1,G727709E4,2026-05-14 19:12:23,2026-05-16 16:35:00,Lower Ringold,0,
Priest Rapids Tailrace STH,1,G727709E4,2026-05-14 19:12:23,2026-05-16 16:35:00,Hanford,0,
Priest Rapids Tailrace STH,3,G72785C18,2026-05-06 18:25:09,2026-05-09 16:31:00,Crescent Bar,0,
Priest Rapids Tailrace STH,3,G72785C18,2026-05-06 18:25:09,2026-05-09 16:31:00,Sunland,0,
Priest Rapids Tailrace STH,3,G72785C18,2026-05-06 18:25:09,2026-05-09 16:31:00,Wanapum BRZ,0,
Priest Rapids Tailrace STH,3,G72785C18,2026-05-06 18:25:09,2026-05-09 16:31:00,Mattawa,0,
Priest Rapids Tailrace STH,3,G72785C18,2026-05-06 18:25:09,2026-05-09 16:31:00,Priest BRZ,0,
Priest Rapids Tailrace STH,3,G72785C18,2026-05-06 18:25:09,2026-05-09 16:31:00,Lower Ringold,0,
Priest Rapids Tailrace STH,3,G72785C18,2026-05-06 18:25:09,2026-05-09 16:31:00,Hanford,0,
Priest Rapids Tailrace STH,2,G72794761,2026-05-08 20:56:38,2026-05-10 16:20:00,Crescent Bar,0,
Priest Rapids Tailrace STH,2,G72794761,2026-05-08 20:56:38,2026-05-10 16:20:00,Sunland,0,
Priest Rapids Tailrace STH,2,G72794761,2026-05-08 20:56:38,2026-05-10 16:20:00,Wanapum BRZ,0,
Priest Rapids Tailrace STH,2,G72794761,2026-05-08 20:56:38,2026-05-10 16:20:00,Mattawa,0,
Priest Rapids Tailrace STH,2,G72794761,2026-05-08 20:56:38,2026-05-10 16:20:00,Priest BRZ,0,
Priest Rapids Tailrace STH,2,G72794761,2026-05-08 20:56:38,2026-05-10 16:20:00,Lower Ringold,1,2026-05-11 10:29:48
Priest Rapids Tailrace STH,2,G72794761,2026-05-08 20:56:38,2026-05-10 16:20:00,Hanford,0,
Priest Rapids Tailrace STH,2,G727AD4C7,2026-05-08 20:43:15,2026-05-10 16:20:00,Crescent Bar,0,
Priest Rapids Tailrace STH,2,G727AD4C7,2026-05-08 20:43:15,2026-05-10 16:20:00,Sunland,0,
Priest Rapids Tailrace STH,2,G727AD4C7,2026-05-08 20:43:15,2026-05-10 16:20:00,Wanapum BRZ,0,
Priest Rapids Tailrace STH,2,G727AD4C7,2026-05-08 20:43:15,2026-05-10 16:20:00,Mattawa,0,
Priest Rapids Tailrace STH,2,G727AD4C7,2026-05-08 20:43:15,2026-05-10 16:20:00,Priest BRZ,0,
Priest Rapids Tailrace STH,2,G727AD4C7,2026-05-08 20:43:15,2026-05-10 16:20:00,Lower Ringold,1,2026-05-11 06:54:27
Priest Rapids Tailrace STH,2,G727AD4C7,2026-05-08 20:43:15,2026-05-10 16:20:00,Hanford,1,2026-05-11 10:49:31
Priest Rapids Tailrace STH,2,G727BFE5E,2026-05-07 18:28:17,2026-05-09 16:31:00,Crescent Bar,0,
Priest Rapids Tailrace STH,2,G727BFE5E,2026-05-07 18:28:17,2026-05-09 16:31:00,Sunland,0,
Priest Rapids Tailrace STH,2,G727BFE5E,2026-05-07 18:28:17,2026-05-09 16:31:00,Wanapum BRZ,0,
Priest Rapids Tailrace STH,2,G727BFE5E,2026-05-07 18:28:17,2026-05-09 16:31:00,Mattawa,0,
Priest Rapids Tailrace STH,2,G727BFE5E,2026-05-07 18:28:17,2026-05-09 16:31:00,Priest BRZ,0,
Priest Rapids Tailrace STH,2,G727BFE5E,2026-05-07 18:28:17,2026-05-09 16:31:00,Lower Ringold,0,
Priest Rapids Tailrace STH,2,G727BFE5E,2026-05-07 18:28:17,2026-05-09 16:31:00,Hanford,0,
Priest Rapids Tailrace STH,2,G727F1093,2026-05-08 21:00:06,2026-05-10 16:20:00,Crescent Bar,0,
Priest Rapids Tailrace STH,2,G727F1093,2026-05-08 21:00:06,2026-05-10 16:20:00,Sunland,0,
Priest Rapids Tailrace STH,2,G727F1093,2026-05-08 21:00:06,2026-05-10 16:20:00,Wanapum BRZ,0,
Priest Rapids Tailrace STH,2,G727F1093,2026-05-08 21:00:06,2026-05-10 16:20:00,Mattawa,0,
Priest Rapids Tailrace STH,2,G727F1093,2026-05-08 21:00:06,2026-05-10 16:20:00,Priest BRZ,0,
Priest Rapids Tailrace STH,2,G727F1093,2026-05-08 21:00:06,2026-05-10 16:20:00,Lower Ringold,1,2026-05-11 03:57:44
Priest Rapids Tailrace STH,2,G727F1093,2026-05-08 21:00:06,2026-05-10 16:20:00,Hanford,1,2026-05-11 06:51:56
Priest Rapids Tailrace STH,3,G7280FEE4,2026-05-12 19:05:18,2026-05-15 17:05:00,Crescent Bar,0,
Priest Rapids Tailrace STH,3,G7280FEE4,2026-05-12 19:05:18,2026-05-15 17:05:00,Sunland,0,
Priest Rapids Tailrace STH,3,G7280FEE4,2026-05-12 19:05:18,2026-05-15 17:05:00,Wanapum BRZ,0,
Priest Rapids Tailrace STH,3,G7280FEE4,2026-05-12 19:05:18,2026-05-15 17:05:00,Mattawa,0,
Priest Rapids Tailrace STH,3,G7280FEE4,2026-05-12 19:05:18,2026-05-15 17:05:00,Priest BRZ,0,
Priest Rapids Tailrace STH,3,G7280FEE4,2026-05-12 19:05:18,2026-05-15 17:05:00,Lower Ringold,1,2026-05-16 13:27:28
Priest Rapids Tailrace STH,3,G7280FEE4,2026-05-12 19:05:18,2026-05-15 17:05:00,Hanford,1,2026-05-16 16:45:05
Priest Rapids Tailrace STH,1,G7281C1DF,2026-05-12 19:03:38,2026-05-15 17:05:00,Crescent Bar,0,
Priest Rapids Tailrace STH,1,G7281C1DF,2026-05-12 19:03:38,2026-05-15 17:05:00,Sunland,0,
Priest Rapids Tailrace STH,1,G7281C1DF,2026-05-12 19:03:38,2026-05-15 17:05:00,Wanapum BRZ,0,
Priest Rapids Tailrace STH,1,G7281C1DF,2026-05-12 19:03:38,2026-05-15 17:05:00,Mattawa,0,
Priest Rapids Tailrace STH,1,G7281C1DF,2026-05-12 19:03:38,2026-05-15 17:05:00,Priest BRZ,0,
Priest Rapids Tailrace STH,1,G7281C1DF,2026-05-12 19:03:38,2026-05-15 17:05:00,Lower Ringold,1,2026-05-16 12:22:55
Priest Rapids Tailrace STH,1,G7281C1DF,2026-05-12 19:03:38,2026-05-15 17:05:00,Hanford,1,2026-05-17 06:17:35
Priest Rapids Tailrace STH,3,G7282822E,2026-05-12 18:52:01,2026-05-15 17:05:00,Crescent Bar,0,
Priest Rapids Tailrace STH,3,G7282822E,2026-05-12 18:52:01,2026-05-15 17:05:00,Sunland,0,
Priest Rapids Tailrace STH,3,G7282822E,2026-05-12 18:52:01,2026-05-15 17:05:00,Wanapum BRZ,0,
Priest Rapids Tailrace STH,3,G7282822E,2026-05-12 18:52:01,2026-05-15 17:05:00,Mattawa,0,
Priest Rapids Tailrace STH,3,G7282822E,2026-05-12 18:52:01,2026-05-15 17:05:00,Priest BRZ,0,
Priest Rapids Tailrace STH,3,G7282822E,2026-05-12 18:52:01,2026-05-15 17:05:00,Lower Ringold,1,2026-05-16 10:32:44
Priest Rapids Tailrace STH,3,G7282822E,2026-05-12 18:52:01,2026-05-15 17:05:00,Hanford,1,2026-05-16 13:44:30
Priest Rapids Tailrace STH,3,G7282F06A,2026-05-11 17:48:35,2026-05-14 16:30:00,Crescent Bar,0,
Priest Rapids Tailrace STH,3,G7282F06A,2026-05-11 17:48:35,2026-05-14 16:30:00,Sunland,0,
Priest Rapids Tailrace STH,3,G7282F06A,2026-05-11 17:48:35,2026-05-14 16:30:00,Wanapum BRZ,0,
Priest Rapids Tailrace STH,3,G7282F06A,2026-05-11 17:48:35,2026-05-14 16:30:00,Mattawa,0,
Priest Rapids Tailrace STH,3,G7282F06A,2026-05-11 17:48:35,2026-05-14 16:30:00,Priest BRZ,0,
Priest Rapids Tailrace STH,3,G7282F06A,2026-05-11 17:48:35,2026-05-14 16:30:00,Lower Ringold,1,2026-05-31 05:45:35
Priest Rapids Tailrace STH,3,G7282F06A,2026-05-11 17:48:35,2026-05-14 16:30:00,Hanford,1,2026-05-31 08:37:46
Priest Rapids Tailrace STH,2,G7283C98C,2026-05-12 18:46:55,2026-05-15 17:05:00,Crescent Bar,0,
Priest Rapids Tailrace STH,2,G7283C98C,2026-05-12 18:46:55,2026-05-15 17:05:00,Sunland,0,
Priest Rapids Tailrace STH,2,G7283C98C,2026-05-12 18:46:55,2026-05-15 17:05:00,Wanapum BRZ,0,
Priest Rapids Tailrace STH,2,G7283C98C,2026-05-12 18:46:55,2026-05-15 17:05:00,Mattawa,0,
Priest Rapids Tailrace STH,2,G7283C98C,2026-05-12 18:46:55,2026-05-15 17:05:00,Priest BRZ,0,
Priest Rapids Tailrace STH,2,G7283C98C,2026-05-12 18:46:55,2026-05-15 17:05:00,Lower Ringold,1,2026-05-16 07:52:28
Priest Rapids Tailrace STH,2,G7283C98C,2026-05-12 18:46:55,2026-05-15 17:05:00,Hanford,1,2026-05-16 10:47:00
Priest Rapids Tailrace STH,2,G728464B0,2026-05-08 20:47:15,2026-05-10 16:20:00,Crescent Bar,0,
Priest Rapids Tailrace STH,2,G728464B0,2026-05-08 20:47:15,2026-05-10 16:20:00,Sunland,0,
Priest Rapids Tailrace STH,2,G728464B0,2026-05-08 20:47:15,2026-05-10 16:20:00,Wanapum BRZ,0,
Priest Rapids Tailrace STH,2,G728464B0,2026-05-08 20:47:15,2026-05-10 16:20:00,Mattawa,0,
Priest Rapids Tailrace STH,2,G728464B0,2026-05-08 20:47:15,2026-05-10 16:20:00,Priest BRZ,0,
Priest Rapids Tailrace STH,2,G728464B0,2026-05-08 20:47:15,2026-05-10 16:20:00,Lower Ringold,0,
Priest Rapids Tailrace STH,2,G728464B0,2026-05-08 20:47:15,2026-05-10 16:20:00,Hanford,0,
Priest Rapids Tailrace STH,2,G7284660C,2026-05-08 20:38:19,2026-05-10 16:20:00,Crescent Bar,0,
Priest Rapids Tailrace STH,2,G7284660C,2026-05-08 20:38:19,2026-05-10 16:20:00,Sunland,0,
Priest Rapids Tailrace STH,2,G7284660C,2026-05-08 20:38:19,2026-05-10 16:20:00,Wanapum BRZ,0,
Priest Rapids Tailrace STH,2,G7284660C,2026-05-08 20:38:19,2026-05-10 16:20:00,Mattawa,0,
Priest Rapids Tailrace STH,2,G7284660C,2026-05-08 20:38:19,2026-05-10 16:20:00,Priest BRZ,0,
Priest Rapids Tailrace STH,2,G7284660C,2026-05-08 20:38:19,2026-05-10 16:20:00,Lower Ringold,1,2026-05-11 03:59:14
Priest Rapids Tailrace STH,2,G7284660C,2026-05-08 20:38:19,2026-05-10 16:20:00,Hanford,1,2026-05-11 13:49:56
Priest Rapids Tailrace STH,3,G728787EE,2026-05-10 17:48:20,2026-05-12 16:15:00,Crescent Bar,0,
Priest Rapids Tailrace STH,3,G728787EE,2026-05-10 17:48:20,2026-05-12 16:15:00,Sunland,0,
Priest Rapids Tailrace STH,3,G728787EE,2026-05-10 17:48:20,2026-05-12 16:15:00,Wanapum BRZ,0,
Priest Rapids Tailrace STH,3,G728787EE,2026-05-10 17:48:20,2026-05-12 16:15:00,Mattawa,0,
Priest Rapids Tailrace STH,3,G728787EE,2026-05-10 17:48:20,2026-05-12 16:15:00,Priest BRZ,0,
Priest Rapids Tailrace STH,3,G728787EE,2026-05-10 17:48:20,2026-05-12 16:15:00,Lower Ringold,1,2026-05-13 01:44:31
Priest Rapids Tailrace STH,3,G728787EE,2026-05-10 17:48:20,2026-05-12 16:15:00,Hanford,1,2026-05-13 04:46:35
Priest Rapids Tailrace STH,2,G72887B21,2026-05-09 18:47:06,2026-05-11 16:32:00,Crescent Bar,0,
Priest Rapids Tailrace STH,2,G72887B21,2026-05-09 18:47:06,2026-05-11 16:32:00,Sunland,0,
Priest Rapids Tailrace STH,2,G72887B21,2026-05-09 18:47:06,2026-05-11 16:32:00,Wanapum BRZ,0,
Priest Rapids Tailrace STH,2,G72887B21,2026-05-09 18:47:06,2026-05-11 16:32:00,Mattawa,0,
Priest Rapids Tailrace STH,2,G72887B21,2026-05-09 18:47:06,2026-05-11 16:32:00,Priest BRZ,0,
Priest Rapids Tailrace STH,2,G72887B21,2026-05-09 18:47:06,2026-05-11 16:32:00,Lower Ringold,1,2026-05-12 06:49:44
Priest Rapids Tailrace STH,2,G72887B21,2026-05-09 18:47:06,2026-05-11 16:32:00,Hanford,1,2026-05-12 09:48:25
Priest Rapids Tailrace STH,2,G7288B957,2026-05-09 18:38:02,2026-05-11 16:32:00,Crescent Bar,0,
Priest Rapids Tailrace STH,2,G7288B957,2026-05-09 18:38:02,2026-05-11 16:32:00,Sunland,0,
Priest Rapids Tailrace STH,2,G7288B957,2026-05-09 18:38:02,2026-05-11 16:32:00,Wanapum BRZ,0,
Priest Rapids Tailrace STH,2,G7288B957,2026-05-09 18:38:02,2026-05-11 16:32:00,Mattawa,0,
Priest Rapids Tailrace STH,2,G7288B957,2026-05-09 18:38:02,2026-05-11 16:32:00,Priest BRZ,0,
Priest Rapids Tailrace STH,2,G7288B957,2026-05-09 18:38:02,2026-05-11 16:32:00,Lower Ringold,1,2026-05-12 03:30:13
Priest Rapids Tailrace STH,2,G7288B957,2026-05-09 18:38:02,2026-05-11 16:32:00,Hanford,1,2026-05-12 11:19:15
Priest Rapids Tailrace STH,3,G7289E5EB,2026-05-11 17:55:46,2026-05-14 16:30:00,Crescent Bar,0,
Priest Rapids Tailrace STH,3,G7289E5EB,2026-05-11 17:55:46,2026-05-14 16:30:00,Sunland,0,
Priest Rapids Tailrace STH,3,G7289E5EB,2026-05-11 17:55:46,2026-05-14 16:30:00,Wanapum BRZ,0,
Priest Rapids Tailrace STH,3,G7289E5EB,2026-05-11 17:55:46,2026-05-14 16:30:00,Mattawa,0,
Priest Rapids Tailrace STH,3,G7289E5EB,2026-05-11 17:55:46,2026-05-14 16:30:00,Priest BRZ,0,
Priest Rapids Tailrace STH,3,G7289E5EB,2026-05-11 17:55:46,2026-05-14 16:30:00,Lower Ringold,1,2026-05-15 08:08:53
Priest Rapids Tailrace STH,3,G7289E5EB,2026-05-11 17:55:46,2026-05-14 16:30:00,Hanford,1,2026-05-15 11:11:16
Priest Rapids Tailrace STH,3,G728A0F29,2026-05-07 18:18:50,2026-05-09 16:31:00,Crescent Bar,0,
Priest Rapids Tailrace STH,3,G728A0F29,2026-05-07 18:18:50,2026-05-09 16:31:00,Sunland,0,
Priest Rapids Tailrace STH,3,G728A0F29,2026-05-07 18:18:50,2026-05-09 16:31:00,Wanapum BRZ,0,
Priest Rapids Tailrace STH,3,G728A0F29,2026-05-07 18:18:50,2026-05-09 16:31:00,Mattawa,0,
Priest Rapids Tailrace STH,3,G728A0F29,2026-05-07 18:18:50,2026-05-09 16:31:00,Priest BRZ,0,
Priest Rapids Tailrace STH,3,G728A0F29,2026-05-07 18:18:50,2026-05-09 16:31:00,Lower Ringold,1,2026-05-10 03:54:28
Priest Rapids Tailrace STH,3,G728A0F29,2026-05-07 18:18:50,2026-05-09 16:31:00,Hanford,1,2026-05-10 07:46:33
Priest Rapids Tailrace STH,2,G728AE5BE,2026-05-12 18:49:29,2026-05-15 17:05:00,Crescent Bar,0,
Priest Rapids Tailrace STH,2,G728AE5BE,2026-05-12 18:49:29,2026-05-15 17:05:00,Sunland,0,
Priest Rapids Tailrace STH,2,G728AE5BE,2026-05-12 18:49:29,2026-05-15 17:05:00,Wanapum BRZ,0,
Priest Rapids Tailrace STH,2,G728AE5BE,2026-05-12 18:49:29,2026-05-15 17:05:00,Mattawa,0,
Priest Rapids Tailrace STH,2,G728AE5BE,2026-05-12 18:49:29,2026-05-15 17:05:00,Priest BRZ,0,
Priest Rapids Tailrace STH,2,G728AE5BE,2026-05-12 18:49:29,2026-05-15 17:05:00,Lower Ringold,1,2026-05-17 04:58:10
Priest Rapids Tailrace STH,2,G728AE5BE,2026-05-12 18:49:29,2026-05-15 17:05:00,Hanford,1,2026-05-17 08:27:14
Priest Rapids Tailrace STH,1,G728B00AC,2026-05-14 19:15:35,2026-05-16 16:35:00,Crescent Bar,0,
Priest Rapids Tailrace STH,1,G728B00AC,2026-05-14 19:15:35,2026-05-16 16:35:00,Sunland,0,
Priest Rapids Tailrace STH,1,G728B00AC,2026-05-14 19:15:35,2026-05-16 16:35:00,Wanapum BRZ,0,
Priest Rapids Tailrace STH,1,G728B00AC,2026-05-14 19:15:35,2026-05-16 16:35:00,Mattawa,0,
Priest Rapids Tailrace STH,1,G728B00AC,2026-05-14 19:15:35,2026-05-16 16:35:00,Priest BRZ,0,
Priest Rapids Tailrace STH,1,G728B00AC,2026-05-14 19:15:35,2026-05-16 16:35:00,Lower Ringold,1,2026-05-17 15:30:40
Priest Rapids Tailrace STH,1,G728B00AC,2026-05-14 19:15:35,2026-05-16 16:35:00,Hanford,1,2026-05-17 18:21:16
Priest Rapids Tailrace STH,1,G728B0930,2026-05-09 18:28:36,2026-05-11 16:32:00,Crescent Bar,0,
Priest Rapids Tailrace STH,1,G728B0930,2026-05-09 18:28:36,2026-05-11 16:32:00,Sunland,0,
Priest Rapids Tailrace STH,1,G728B0930,2026-05-09 18:28:36,2026-05-11 16:32:00,Wanapum BRZ,0,
Priest Rapids Tailrace STH,1,G728B0930,2026-05-09 18:28:36,2026-05-11 16:32:00,Mattawa,0,
Priest Rapids Tailrace STH,1,G728B0930,2026-05-09 18:28:36,2026-05-11 16:32:00,Priest BRZ,0,
Priest Rapids Tailrace STH,1,G728B0930,2026-05-09 18:28:36,2026-05-11 16:32:00,Lower Ringold,1,2026-05-12 08:54:31
Priest Rapids Tailrace STH,1,G728B0930,2026-05-09 18:28:36,2026-05-11 16:32:00,Hanford,1,2026-05-12 12:05:53
Priest Rapids Tailrace STH,2,G728B4976,2026-05-11 18:01:19,2026-05-14 16:30:00,Crescent Bar,0,
Priest Rapids Tailrace STH,2,G728B4976,2026-05-11 18:01:19,2026-05-14 16:30:00,Sunland,0,
Priest Rapids Tailrace STH,2,G728B4976,2026-05-11 18:01:19,2026-05-14 16:30:00,Wanapum BRZ,0,
Priest Rapids Tailrace STH,2,G728B4976,2026-05-11 18:01:19,2026-05-14 16:30:00,Mattawa,0,
Priest Rapids Tailrace STH,2,G728B4976,2026-05-11 18:01:19,2026-05-14 16:30:00,Priest BRZ,0,
Priest Rapids Tailrace STH,2,G728B4976,2026-05-11 18:01:19,2026-05-14 16:30:00,Lower Ringold,1,2026-05-15 08:08:24
Priest Rapids Tailrace STH,2,G728B4976,2026-05-11 18:01:19,2026-05-14 16:30:00,Hanford,1,2026-05-15 11:19:13
Priest Rapids Tailrace STH,3,G728B60C9,2026-05-12 18:49:06,2026-05-15 17:05:00,Crescent Bar,0,
Priest Rapids Tailrace STH,3,G728B60C9,2026-05-12 18:49:06,2026-05-15 17:05:00,Sunland,0,
Priest Rapids Tailrace STH,3,G728B60C9,2026-05-12 18:49:06,2026-05-15 17:05:00,Wanapum BRZ,0,
Priest Rapids Tailrace STH,3,G728B60C9,2026-05-12 18:49:06,2026-05-15 17:05:00,Mattawa,0,
Priest Rapids Tailrace STH,3,G728B60C9,2026-05-12 18:49:06,2026-05-15 17:05:00,Priest BRZ,0,
Priest Rapids Tailrace STH,3,G728B60C9,2026-05-12 18:49:06,2026-05-15 17:05:00,Lower Ringold,1,2026-05-17 04:55:05
Priest Rapids Tailrace STH,3,G728B60C9,2026-05-12 18:49:06,2026-05-15 17:05:00,Hanford,1,2026-05-17 08:10:36
Priest Rapids Tailrace STH,3,G728EE358,2026-05-06 19:17:38,2026-05-09 16:31:00,Crescent Bar,0,
Priest Rapids Tailrace STH,3,G728EE358,2026-05-06 19:17:38,2026-05-09 16:31:00,Sunland,0,
Priest Rapids Tailrace STH,3,G728EE358,2026-05-06 19:17:38,2026-05-09 16:31:00,Wanapum BRZ,0,
Priest Rapids Tailrace STH,3,G728EE358,2026-05-06 19:17:38,2026-05-09 16:31:00,Mattawa,0,
Priest Rapids Tailrace STH,3,G728EE358,2026-05-06 19:17:38,2026-05-09 16:31:00,Priest BRZ,0,
Priest Rapids Tailrace STH,3,G728EE358,2026-05-06 19:17:38,2026-05-09 16:31:00,Lower Ringold,1,2026-05-10 09:03:01
Priest Rapids Tailrace STH,3,G728EE358,2026-05-06 19:17:38,2026-05-09 16:31:00,Hanford,1,2026-05-10 12:13:22
Priest Rapids Tailrace STH,3,G728FD802,2026-05-12 18:50:24,2026-05-15 17:05:00,Crescent Bar,0,
Priest Rapids Tailrace STH,3,G728FD802,2026-05-12 18:50:24,2026-05-15 17:05:00,Sunland,0,
Priest Rapids Tailrace STH,3,G728FD802,2026-05-12 18:50:24,2026-05-15 17:05:00,Wanapum BRZ,0,
Priest Rapids Tailrace STH,3,G728FD802,2026-05-12 18:50:24,2026-05-15 17:05:00,Mattawa,0,
Priest Rapids Tailrace STH,3,G728FD802,2026-05-12 18:50:24,2026-05-15 17:05:00,Priest BRZ,0,
Priest Rapids Tailrace STH,3,G728FD802,2026-05-12 18:50:24,2026-05-15 17:05:00,Lower Ringold,1,2026-05-16 10:00:21
Priest Rapids Tailrace STH,3,G728FD802,2026-05-12 18:50:24,2026-05-15 17:05:00,Hanford,1,2026-05-16 13:01:51
Priest Rapids Tailrace STH,3,G7290149F,2026-05-09 18:26:16,2026-05-11 16:32:00,Crescent Bar,0,
Priest Rapids Tailrace STH,3,G7290149F,2026-05-09 18:26:16,2026-05-11 16:32:00,Sunland,0,
Priest Rapids Tailrace STH,3,G7290149F,2026-05-09 18:26:16,2026-05-11 16:32:00,Wanapum BRZ,0,
Priest Rapids Tailrace STH,3,G7290149F,2026-05-09 18:26:16,2026-05-11 16:32:00,Mattawa,0,
Priest Rapids Tailrace STH,3,G7290149F,2026-05-09 18:26:16,2026-05-11 16:32:00,Priest BRZ,0,
Priest Rapids Tailrace STH,3,G7290149F,2026-05-09 18:26:16,2026-05-11 16:32:00,Lower Ringold,1,2026-05-13 12:37:53
Priest Rapids Tailrace STH,3,G7290149F,2026-05-09 18:26:16,2026-05-11 16:32:00,Hanford,1,2026-05-14 12:25:01
Priest Rapids Tailrace STH,3,G7290451A,2026-05-07 18:33:11,2026-05-09 16:31:00,Crescent Bar,0,
Priest Rapids Tailrace STH,3,G7290451A,2026-05-07 18:33:11,2026-05-09 16:31:00,Sunland,0,
Priest Rapids Tailrace STH,3,G7290451A,2026-05-07 18:33:11,2026-05-09 16:31:00,Wanapum BRZ,0,
Priest Rapids Tailrace STH,3,G7290451A,2026-05-07 18:33:11,2026-05-09 16:31:00,Mattawa,0,
Priest Rapids Tailrace STH,3,G7290451A,2026-05-07 18:33:11,2026-05-09 16:31:00,Priest BRZ,0,
Priest Rapids Tailrace STH,3,G7290451A,2026-05-07 18:33:11,2026-05-09 16:31:00,Lower Ringold,1,2026-05-10 04:36:44
Priest Rapids Tailrace STH,3,G7290451A,2026-05-07 18:33:11,2026-05-09 16:31:00,Hanford,1,2026-05-10 07:33:46
Priest Rapids Tailrace STH,2,G7290B7D2,2026-05-06 18:53:32,2026-05-09 16:31:00,Crescent Bar,0,
Priest Rapids Tailrace STH,2,G7290B7D2,2026-05-06 18:53:32,2026-05-09 16:31:00,Sunland,0,
Priest Rapids Tailrace STH,2,G7290B7D2,2026-05-06 18:53:32,2026-05-09 16:31:00,Wanapum BRZ,0,
Priest Rapids Tailrace STH,2,G7290B7D2,2026-05-06 18:53:32,2026-05-09 16:31:00,Mattawa,0,
Priest Rapids Tailrace STH,2,G7290B7D2,2026-05-06 18:53:32,2026-05-09 16:31:00,Priest BRZ,0,
Priest Rapids Tailrace STH,2,G7290B7D2,2026-05-06 18:53:32,2026-05-09 16:31:00,Lower Ringold,0,
Priest Rapids Tailrace STH,2,G7290B7D2,2026-05-06 18:53:32,2026-05-09 16:31:00,Hanford,0,
Priest Rapids Tailrace STH,3,G729116E7,2026-05-10 17:50:10,2026-05-12 16:15:00,Crescent Bar,0,
Priest Rapids Tailrace STH,3,G729116E7,2026-05-10 17:50:10,2026-05-12 16:15:00,Sunland,0,
Priest Rapids Tailrace STH,3,G729116E7,2026-05-10 17:50:10,2026-05-12 16:15:00,Wanapum BRZ,0,
Priest Rapids Tailrace STH,3,G729116E7,2026-05-10 17:50:10,2026-05-12 16:15:00,Mattawa,0,
Priest Rapids Tailrace STH,3,G729116E7,2026-05-10 17:50:10,2026-05-12 16:15:00,Priest BRZ,0,
Priest Rapids Tailrace STH,3,G729116E7,2026-05-10 17:50:10,2026-05-12 16:15:00,Lower Ringold,1,2026-05-13 06:52:37
Priest Rapids Tailrace STH,3,G729116E7,2026-05-10 17:50:10,2026-05-12 16:15:00,Hanford,1,2026-05-13 10:18:26
Priest Rapids Tailrace STH,3,G72917CFC,2026-05-14 19:05:01,2026-05-16 16:35:00,Crescent Bar,0,
Priest Rapids Tailrace STH,3,G72917CFC,2026-05-14 19:05:01,2026-05-16 16:35:00,Sunland,0,
Priest Rapids Tailrace STH,3,G72917CFC,2026-05-14 19:05:01,2026-05-16 16:35:00,Wanapum BRZ,0,
Priest Rapids Tailrace STH,3,G72917CFC,2026-05-14 19:05:01,2026-05-16 16:35:00,Mattawa,0,
Priest Rapids Tailrace STH,3,G72917CFC,2026-05-14 19:05:01,2026-05-16 16:35:00,Priest BRZ,0,
Priest Rapids Tailrace STH,3,G72917CFC,2026-05-14 19:05:01,2026-05-16 16:35:00,Lower Ringold,1,2026-05-17 09:22:09
Priest Rapids Tailrace STH,3,G72917CFC,2026-05-14 19:05:01,2026-05-16 16:35:00,Hanford,1,2026-05-17 12:25:26
Priest Rapids Tailrace STH,1,G7291F26F,2026-05-09 18:43:26,2026-05-11 16:32:00,Crescent Bar,0,
Priest Rapids Tailrace STH,1,G7291F26F,2026-05-09 18:43:26,2026-05-11 16:32:00,Sunland,0,
Priest Rapids Tailrace STH,1,G7291F26F,2026-05-09 18:43:26,2026-05-11 16:32:00,Wanapum BRZ,0,
Priest Rapids Tailrace STH,1,G7291F26F,2026-05-09 18:43:26,2026-05-11 16:32:00,Mattawa,0,
Priest Rapids Tailrace STH,1,G7291F26F,2026-05-09 18:43:26,2026-05-11 16:32:00,Priest BRZ,0,
Priest Rapids Tailrace STH,1,G7291F26F,2026-05-09 18:43:26,2026-05-11 16:32:00,Lower Ringold,0,
Priest Rapids Tailrace STH,1,G7291F26F,2026-05-09 18:43:26,2026-05-11 16:32:00,Hanford,0,
Priest Rapids Tailrace STH,1,G72922C72,2026-05-14 19:22:22,2026-05-16 16:35:00,Crescent Bar,0,
Priest Rapids Tailrace STH,1,G72922C72,2026-05-14 19:22:22,2026-05-16 16:35:00,Sunland,0,
Priest Rapids Tailrace STH,1,G72922C72,2026-05-14 19:22:22,2026-05-16 16:35:00,Wanapum BRZ,0,
Priest Rapids Tailrace STH,1,G72922C72,2026-05-14 19:22:22,2026-05-16 16:35:00,Mattawa,0,
Priest Rapids Tailrace STH,1,G72922C72,2026-05-14 19:22:22,2026-05-16 16:35:00,Priest BRZ,0,
Priest Rapids Tailrace STH,1,G72922C72,2026-05-14 19:22:22,2026-05-16 16:35:00,Lower Ringold,1,2026-05-17 15:10:32
Priest Rapids Tailrace STH,1,G72922C72,2026-05-14 19:22:22,2026-05-16 16:35:00,Hanford,1,2026-05-17 18:48:15
Priest Rapids Tailrace STH,1,G72924876,2026-05-14 19:05:50,2026-05-16 16:35:00,Crescent Bar,0,
Priest Rapids Tailrace STH,1,G72924876,2026-05-14 19:05:50,2026-05-16 16:35:00,Sunland,0,
Priest Rapids Tailrace STH,1,G72924876,2026-05-14 19:05:50,2026-05-16 16:35:00,Wanapum BRZ,0,
Priest Rapids Tailrace STH,1,G72924876,2026-05-14 19:05:50,2026-05-16 16:35:00,Mattawa,0,
Priest Rapids Tailrace STH,1,G72924876,2026-05-14 19:05:50,2026-05-16 16:35:00,Priest BRZ,0,
Priest Rapids Tailrace STH,1,G72924876,2026-05-14 19:05:50,2026-05-16 16:35:00,Lower Ringold,0,
Priest Rapids Tailrace STH,1,G72924876,2026-05-14 19:05:50,2026-05-16 16:35:00,Hanford,0,
Priest Rapids Tailrace STH,1,G729258EB,2026-05-07 18:20:06,2026-05-09 16:31:00,Crescent Bar,0,
Priest Rapids Tailrace STH,1,G729258EB,2026-05-07 18:20:06,2026-05-09 16:31:00,Sunland,0,
Priest Rapids Tailrace STH,1,G729258EB,2026-05-07 18:20:06,2026-05-09 16:31:00,Wanapum BRZ,0,
Priest Rapids Tailrace STH,1,G729258EB,2026-05-07 18:20:06,2026-05-09 16:31:00,Mattawa,0,
Priest Rapids Tailrace STH,1,G729258EB,2026-05-07 18:20:06,2026-05-09 16:31:00,Priest BRZ,0,
Priest Rapids Tailrace STH,1,G729258EB,2026-05-07 18:20:06,2026-05-09 16:31:00,Lower Ringold,1,2026-05-10 12:05:04
Priest Rapids Tailrace STH,1,G729258EB,2026-05-07 18:20:06,2026-05-09 16:31:00,Hanford,1,2026-05-11 05:21:40
Priest Rapids Tailrace STH,1,G72945083,2026-05-12 18:50:52,2026-05-15 17:05:00,Crescent Bar,0,
Priest Rapids Tailrace STH,1,G72945083,2026-05-12 18:50:52,2026-05-15 17:05:00,Sunland,0,
Priest Rapids Tailrace STH,1,G72945083,2026-05-12 18:50:52,2026-05-15 17:05:00,Wanapum BRZ,0,
Priest Rapids Tailrace STH,1,G72945083,2026-05-12 18:50:52,2026-05-15 17:05:00,Mattawa,0,
Priest Rapids Tailrace STH,1,G72945083,2026-05-12 18:50:52,2026-05-15 17:05:00,Priest BRZ,0,
Priest Rapids Tailrace STH,1,G72945083,2026-05-12 18:50:52,2026-05-15 17:05:00,Lower Ringold,1,2026-05-25 09:06:02
Priest Rapids Tailrace STH,1,G72945083,2026-05-12 18:50:52,2026-05-15 17:05:00,Hanford,1,2026-05-25 12:20:55
Priest Rapids Tailrace STH,1,G7294DDF2,2026-05-06 19:13:16,2026-05-09 16:31:00,Crescent Bar,0,
Priest Rapids Tailrace STH,1,G7294DDF2,2026-05-06 19:13:16,2026-05-09 16:31:00,Sunland,0,
Priest Rapids Tailrace STH,1,G7294DDF2,2026-05-06 19:13:16,2026-05-09 16:31:00,Wanapum BRZ,0,
Priest Rapids Tailrace STH,1,G7294DDF2,2026-05-06 19:13:16,2026-05-09 16:31:00,Mattawa,0,
Priest Rapids Tailrace STH,1,G7294DDF2,2026-05-06 19:13:16,2026-05-09 16:31:00,Priest BRZ,0,
Priest Rapids Tailrace STH,1,G7294DDF2,2026-05-06 19:13:16,2026-05-09 16:31:00,Lower Ringold,1,2026-05-10 03:44:22
Priest Rapids Tailrace STH,1,G7294DDF2,2026-05-06 19:13:16,2026-05-09 16:31:00,Hanford,1,2026-05-10 06:39:05
Priest Rapids Tailrace STH,1,G72952662,2026-05-11 18:04:03,2026-05-14 16:30:00,Crescent Bar,0,
Priest Rapids Tailrace STH,1,G72952662,2026-05-11 18:04:03,2026-05-14 16:30:00,Sunland,0,
Priest Rapids Tailrace STH,1,G72952662,2026-05-11 18:04:03,2026-05-14 16:30:00,Wanapum BRZ,0,
Priest Rapids Tailrace STH,1,G72952662,2026-05-11 18:04:03,2026-05-14 16:30:00,Mattawa,0,
Priest Rapids Tailrace STH,1,G72952662,2026-05-11 18:04:03,2026-05-14 16:30:00,Priest BRZ,0,
Priest Rapids Tailrace STH,1,G72952662,2026-05-11 18:04:03,2026-05-14 16:30:00,Lower Ringold,1,2026-05-15 09:15:16
Priest Rapids Tailrace STH,1,G72952662,2026-05-11 18:04:03,2026-05-14 16:30:00,Hanford,1,2026-05-15 12:27:19
Priest Rapids Tailrace STH,1,G729620EA,2026-05-14 19:16:28,2026-05-16 16:35:00,Crescent Bar,0,
Priest Rapids Tailrace STH,1,G729620EA,2026-05-14 19:16:28,2026-05-16 16:35:00,Sunland,0,
Priest Rapids Tailrace STH,1,G729620EA,2026-05-14 19:16:28,2026-05-16 16:35:00,Wanapum BRZ,0,
Priest Rapids Tailrace STH,1,G729620EA,2026-05-14 19:16:28,2026-05-16 16:35:00,Mattawa,0,
Priest Rapids Tailrace STH,1,G729620EA,2026-05-14 19:16:28,2026-05-16 16:35:00,Priest BRZ,0,
Priest Rapids Tailrace STH,1,G729620EA,2026-05-14 19:16:28,2026-05-16 16:35:00,Lower Ringold,1,2026-05-17 15:37:51
Priest Rapids Tailrace STH,1,G729620EA,2026-05-14 19:16:28,2026-05-16 16:35:00,Hanford,1,2026-05-17 18:37:34
Priest Rapids Tailrace STH,1,G72966930,2026-05-10 17:54:15,2026-05-12 16:15:00,Crescent Bar,0,
Priest Rapids Tailrace STH,1,G72966930,2026-05-10 17:54:15,2026-05-12 16:15:00,Sunland,0,
Priest Rapids Tailrace STH,1,G72966930,2026-05-10 17:54:15,2026-05-12 16:15:00,Wanapum BRZ,0,
Priest Rapids Tailrace STH,1,G72966930,2026-05-10 17:54:15,2026-05-12 16:15:00,Mattawa,0,
Priest Rapids Tailrace STH,1,G72966930,2026-05-10 17:54:15,2026-05-12 16:15:00,Priest BRZ,0,
Priest Rapids Tailrace STH,1,G72966930,2026-05-10 17:54:15,2026-05-12 16:15:00,Lower Ringold,1,2026-05-13 06:56:40
Priest Rapids Tailrace STH,1,G72966930,2026-05-10 17:54:15,2026-05-12 16:15:00,Hanford,1,2026-05-13 09:41:55
Priest Rapids Tailrace STH,1,G72972C8D,2026-05-10 17:56:11,2026-05-12 16:15:00,Crescent Bar,0,
Priest Rapids Tailrace STH,1,G72972C8D,2026-05-10 17:56:11,2026-05-12 16:15:00,Sunland,0,
Priest Rapids Tailrace STH,1,G72972C8D,2026-05-10 17:56:11,2026-05-12 16:15:00,Wanapum BRZ,0,
Priest Rapids Tailrace STH,1,G72972C8D,2026-05-10 17:56:11,2026-05-12 16:15:00,Mattawa,0,
Priest Rapids Tailrace STH,1,G72972C8D,2026-05-10 17:56:11,2026-05-12 16:15:00,Priest BRZ,0,
Priest Rapids Tailrace STH,1,G72972C8D,2026-05-10 17:56:11,2026-05-12 16:15:00,Lower Ringold,1,2026-05-15 00:43:10
Priest Rapids Tailrace STH,1,G72972C8D,2026-05-10 17:56:11,2026-05-12 16:15:00,Hanford,1,2026-05-15 03:33:25
Priest Rapids Tailrace STH,3,G7297ED19,2026-05-14 19:07:56,2026-05-16 16:35:00,Crescent Bar,0,
Priest Rapids Tailrace STH,3,G7297ED19,2026-05-14 19:07:56,2026-05-16 16:35:00,Sunland,0,
Priest Rapids Tailrace STH,3,G7297ED19,2026-05-14 19:07:56,2026-05-16 16:35:00,Wanapum BRZ,0,
Priest Rapids Tailrace STH,3,G7297ED19,2026-05-14 19:07:56,2026-05-16 16:35:00,Mattawa,0,
Priest Rapids Tailrace STH,3,G7297ED19,2026-05-14 19:07:56,2026-05-16 16:35:00,Priest BRZ,0,
Priest Rapids Tailrace STH,3,G7297ED19,2026-05-14 19:07:56,2026-05-16 16:35:00,Lower Ringold,1,2026-05-19 02:27:36
Priest Rapids Tailrace STH,3,G7297ED19,2026-05-14 19:07:56,2026-05-16 16:35:00,Hanford,1,2026-05-19 05:42:45
Priest Rapids Tailrace STH,3,G72983D56,2026-05-11 17:56:55,2026-05-14 16:30:00,Crescent Bar,0,
Priest Rapids Tailrace STH,3,G72983D56,2026-05-11 17:56:55,2026-05-14 16:30:00,Sunland,0,
Priest Rapids Tailrace STH,3,G72983D56,2026-05-11 17:56:55,2026-05-14 16:30:00,Wanapum BRZ,0,
Priest Rapids Tailrace STH,3,G72983D56,2026-05-11 17:56:55,2026-05-14 16:30:00,Mattawa,0,
Priest Rapids Tailrace STH,3,G72983D56,2026-05-11 17:56:55,2026-05-14 16:30:00,Priest BRZ,0,
Priest Rapids Tailrace STH,3,G72983D56,2026-05-11 17:56:55,2026-05-14 16:30:00,Lower Ringold,1,2026-05-15 11:37:19
Priest Rapids Tailrace STH,3,G72983D56,2026-05-11 17:56:55,2026-05-14 16:30:00,Hanford,1,2026-05-16 14:21:28
Priest Rapids Tailrace STH,3,G72989B24,2026-05-11 18:00:51,2026-05-14 16:30:00,Crescent Bar,0,
Priest Rapids Tailrace STH,3,G72989B24,2026-05-11 18:00:51,2026-05-14 16:30:00,Sunland,0,
Priest Rapids Tailrace STH,3,G72989B24,2026-05-11 18:00:51,2026-05-14 16:30:00,Wanapum BRZ,0,
Priest Rapids Tailrace STH,3,G72989B24,2026-05-11 18:00:51,2026-05-14 16:30:00,Mattawa,0,
Priest Rapids Tailrace STH,3,G72989B24,2026-05-11 18:00:51,2026-05-14 16:30:00,Priest BRZ,0,
Priest Rapids Tailrace STH,3,G72989B24,2026-05-11 18:00:51,2026-05-14 16:30:00,Lower Ringold,1,2026-05-15 09:22:05
Priest Rapids Tailrace STH,3,G72989B24,2026-05-11 18:00:51,2026-05-14 16:30:00,Hanford,1,2026-05-15 12:22:05
Priest Rapids Tailrace STH,3,G729B67A6,2026-05-07 18:26:01,2026-05-09 16:31:00,Crescent Bar,0,
Priest Rapids Tailrace STH,3,G729B67A6,2026-05-07 18:26:01,2026-05-09 16:31:00,Sunland,0,
Priest Rapids Tailrace STH,3,G729B67A6,2026-05-07 18:26:01,2026-05-09 16:31:00,Wanapum BRZ,0,
Priest Rapids Tailrace STH,3,G729B67A6,2026-05-07 18:26:01,2026-05-09 16:31:00,Mattawa,0,
Priest Rapids Tailrace STH,3,G729B67A6,2026-05-07 18:26:01,2026-05-09 16:31:00,Priest BRZ,0,
Priest Rapids Tailrace STH,3,G729B67A6,2026-05-07 18:26:01,2026-05-09 16:31:00,Lower Ringold,1,2026-05-10 21:37:47
Priest Rapids Tailrace STH,3,G729B67A6,2026-05-07 18:26:01,2026-05-09 16:31:00,Hanford,1,2026-05-11 00:18:05
Priest Rapids Tailrace STH,3,G729B6F64,2026-05-08 20:40:14,2026-05-10 16:20:00,Crescent Bar,0,
Priest Rapids Tailrace STH,3,G729B6F64,2026-05-08 20:40:14,2026-05-10 16:20:00,Sunland,0,
Priest Rapids Tailrace STH,3,G729B6F64,2026-05-08 20:40:14,2026-05-10 16:20:00,Wanapum BRZ,0,
Priest Rapids Tailrace STH,3,G729B6F64,2026-05-08 20:40:14,2026-05-10 16:20:00,Mattawa,0,
Priest Rapids Tailrace STH,3,G729B6F64,2026-05-08 20:40:14,2026-05-10 16:20:00,Priest BRZ,0,
Priest Rapids Tailrace STH,3,G729B6F64,2026-05-08 20:40:14,2026-05-10 16:20:00,Lower Ringold,1,2026-05-11 03:50:41
Priest Rapids Tailrace STH,3,G729B6F64,2026-05-08 20:40:14,2026-05-10 16:20:00,Hanford,0,
Priest Rapids Tailrace STH,3,G729BB2CE,2026-05-08 20:49:27,2026-05-10 16:20:00,Crescent Bar,0,
Priest Rapids Tailrace STH,3,G729BB2CE,2026-05-08 20:49:27,2026-05-10 16:20:00,Sunland,0,
Priest Rapids Tailrace STH,3,G729BB2CE,2026-05-08 20:49:27,2026-05-10 16:20:00,Wanapum BRZ,0,
Priest Rapids Tailrace STH,3,G729BB2CE,2026-05-08 20:49:27,2026-05-10 16:20:00,Mattawa,0,
Priest Rapids Tailrace STH,3,G729BB2CE,2026-05-08 20:49:27,2026-05-10 16:20:00,Priest BRZ,0,
Priest Rapids Tailrace STH,3,G729BB2CE,2026-05-08 20:49:27,2026-05-10 16:20:00,Lower Ringold,1,2026-05-11 12:32:45
Priest Rapids Tailrace STH,3,G729BB2CE,2026-05-08 20:49:27,2026-05-10 16:20:00,Hanford,1,2026-05-11 15:58:17
Priest Rapids Tailrace STH,3,G729BBD8F,2026-05-09 18:30:29,2026-05-11 16:32:00,Crescent Bar,0,
Priest Rapids Tailrace STH,3,G729BBD8F,2026-05-09 18:30:29,2026-05-11 16:32:00,Sunland,0,
Priest Rapids Tailrace STH,3,G729BBD8F,2026-05-09 18:30:29,2026-05-11 16:32:00,Wanapum BRZ,0,
Priest Rapids Tailrace STH,3,G729BBD8F,2026-05-09 18:30:29,2026-05-11 16:32:00,Mattawa,0,
Priest Rapids Tailrace STH,3,G729BBD8F,2026-05-09 18:30:29,2026-05-11 16:32:00,Priest BRZ,0,
Priest Rapids Tailrace STH,3,G729BBD8F,2026-05-09 18:30:29,2026-05-11 16:32:00,Lower Ringold,1,2026-05-12 17:01:58
Priest Rapids Tailrace STH,3,G729BBD8F,2026-05-09 18:30:29,2026-05-11 16:32:00,Hanford,1,2026-05-20 13:19:22
Priest Rapids Tailrace STH,1,G729C28CF,2026-05-10 17:47:56,2026-05-12 16:15:00,Crescent Bar,0,
Priest Rapids Tailrace STH,1,G729C28CF,2026-05-10 17:47:56,2026-05-12 16:15:00,Sunland,0,
Priest Rapids Tailrace STH,1,G729C28CF,2026-05-10 17:47:56,2026-05-12 16:15:00,Wanapum BRZ,0,
Priest Rapids Tailrace STH,1,G729C28CF,2026-05-10 17:47:56,2026-05-12 16:15:00,Mattawa,0,
Priest Rapids Tailrace STH,1,G729C28CF,2026-05-10 17:47:56,2026-05-12 16:15:00,Priest BRZ,0,
Priest Rapids Tailrace STH,1,G729C28CF,2026-05-10 17:47:56,2026-05-12 16:15:00,Lower Ringold,1,2026-05-13 03:35:37
Priest Rapids Tailrace STH,1,G729C28CF,2026-05-10 17:47:56,2026-05-12 16:15:00,Hanford,1,2026-05-13 07:03:59
Priest Rapids Tailrace STH,2,G729C5317,2026-05-12 18:47:43,2026-05-15 17:05:00,Crescent Bar,0,
Priest Rapids Tailrace STH,2,G729C5317,2026-05-12 18:47:43,2026-05-15 17:05:00,Sunland,0,
Priest Rapids Tailrace STH,2,G729C5317,2026-05-12 18:47:43,2026-05-15 17:05:00,Wanapum BRZ,0,
Priest Rapids Tailrace STH,2,G729C5317,2026-05-12 18:47:43,2026-05-15 17:05:00,Mattawa,0,
Priest Rapids Tailrace STH,2,G729C5317,2026-05-12 18:47:43,2026-05-15 17:05:00,Priest BRZ,0,
Priest Rapids Tailrace STH,2,G729C5317,2026-05-12 18:47:43,2026-05-15 17:05:00,Lower Ringold,1,2026-05-16 09:19:58
Priest Rapids Tailrace STH,2,G729C5317,2026-05-12 18:47:43,2026-05-15 17:05:00,Hanford,1,2026-05-16 12:17:53
Priest Rapids Tailrace STH,2,G729D7A6C,2026-05-07 18:27:52,2026-05-09 16:31:00,Crescent Bar,0,
Priest Rapids Tailrace STH,2,G729D7A6C,2026-05-07 18:27:52,2026-05-09 16:31:00,Sunland,0,
Priest Rapids Tailrace STH,2,G729D7A6C,2026-05-07 18:27:52,2026-05-09 16:31:00,Wanapum BRZ,0,
Priest Rapids Tailrace STH,2,G729D7A6C,2026-05-07 18:27:52,2026-05-09 16:31:00,Mattawa,0,
Priest Rapids Tailrace STH,2,G729D7A6C,2026-05-07 18:27:52,2026-05-09 16:31:00,Priest BRZ,0,
Priest Rapids Tailrace STH,2,G729D7A6C,2026-05-07 18:27:52,2026-05-09 16:31:00,Lower Ringold,1,2026-05-10 04:59:11
Priest Rapids Tailrace STH,2,G729D7A6C,2026-05-07 18:27:52,2026-05-09 16:31:00,Hanford,1,2026-05-10 08:03:35
Priest Rapids Tailrace STH,2,G729DBC7B,2026-05-07 18:16:32,2026-05-09 16:31:00,Crescent Bar,0,
Priest Rapids Tailrace STH,2,G729DBC7B,2026-05-07 18:16:32,2026-05-09 16:31:00,Sunland,0,
Priest Rapids Tailrace STH,2,G729DBC7B,2026-05-07 18:16:32,2026-05-09 16:31:00,Wanapum BRZ,0,
Priest Rapids Tailrace STH,2,G729DBC7B,2026-05-07 18:16:32,2026-05-09 16:31:00,Mattawa,0,
Priest Rapids Tailrace STH,2,G729DBC7B,2026-05-07 18:16:32,2026-05-09 16:31:00,Priest BRZ,0,
Priest Rapids Tailrace STH,2,G729DBC7B,2026-05-07 18:16:32,2026-05-09 16:31:00,Lower Ringold,1,2026-05-10 04:57:11
Priest Rapids Tailrace STH,2,G729DBC7B,2026-05-07 18:16:32,2026-05-09 16:31:00,Hanford,1,2026-05-10 07:54:37
Priest Rapids Tailrace STH,3,G729EC7F6,2026-05-14 19:09:47,2026-05-16 16:35:00,Crescent Bar,0,
Priest Rapids Tailrace STH,3,G729EC7F6,2026-05-14 19:09:47,2026-05-16 16:35:00,Sunland,0,
Priest Rapids Tailrace STH,3,G729EC7F6,2026-05-14 19:09:47,2026-05-16 16:35:00,Wanapum BRZ,0,
Priest Rapids Tailrace STH,3,G729EC7F6,2026-05-14 19:09:47,2026-05-16 16:35:00,Mattawa,0,
Priest Rapids Tailrace STH,3,G729EC7F6,2026-05-14 19:09:47,2026-05-16 16:35:00,Priest BRZ,0,
Priest Rapids Tailrace STH,3,G729EC7F6,2026-05-14 19:09:47,2026-05-16 16:35:00,Lower Ringold,1,2026-05-19 11:13:07
Priest Rapids Tailrace STH,3,G729EC7F6,2026-05-14 19:09:47,2026-05-16 16:35:00,Hanford,1,2026-06-12 06:24:38
Priest Rapids Tailrace STH,3,G729F0544,2026-05-09 18:36:28,2026-05-11 16:32:00,Crescent Bar,0,
Priest Rapids Tailrace STH,3,G729F0544,2026-05-09 18:36:28,2026-05-11 16:32:00,Sunland,0,
Priest Rapids Tailrace STH,3,G729F0544,2026-05-09 18:36:28,2026-05-11 16:32:00,Wanapum BRZ,0,
Priest Rapids Tailrace STH,3,G729F0544,2026-05-09 18:36:28,2026-05-11 16:32:00,Mattawa,0,
Priest Rapids Tailrace STH,3,G729F0544,2026-05-09 18:36:28,2026-05-11 16:32:00,Priest BRZ,0,
Priest Rapids Tailrace STH,3,G729F0544,2026-05-09 18:36:28,2026-05-11 16:32:00,Lower Ringold,0,
Priest Rapids Tailrace STH,3,G729F0544,2026-05-09 18:36:28,2026-05-11 16:32:00,Hanford,0,
Priest Rapids Tailrace STH,3,G729F5FE1,2026-05-12 19:06:13,2026-05-15 17:05:00,Crescent Bar,0,
Priest Rapids Tailrace STH,3,G729F5FE1,2026-05-12 19:06:13,2026-05-15 17:05:00,Sunland,0,
Priest Rapids Tailrace STH,3,G729F5FE1,2026-05-12 19:06:13,2026-05-15 17:05:00,Wanapum BRZ,0,
Priest Rapids Tailrace STH,3,G729F5FE1,2026-05-12 19:06:13,2026-05-15 17:05:00,Mattawa,0,
Priest Rapids Tailrace STH,3,G729F5FE1,2026-05-12 19:06:13,2026-05-15 17:05:00,Priest BRZ,0,
Priest Rapids Tailrace STH,3,G729F5FE1,2026-05-12 19:06:13,2026-05-15 17:05:00,Lower Ringold,0,
Priest Rapids Tailrace STH,3,G729F5FE1,2026-05-12 19:06:13,2026-05-15 17:05:00,Hanford,0,
Priest Rapids Tailrace STH,3,G729FB576,2026-05-08 20:45:13,2026-05-10 16:20:00,Crescent Bar,0,
Priest Rapids Tailrace STH,3,G729FB576,2026-05-08 20:45:13,2026-05-10 16:20:00,Sunland,0,
Priest Rapids Tailrace STH,3,G729FB576,2026-05-08 20:45:13,2026-05-10 16:20:00,Wanapum BRZ,0,
Priest Rapids Tailrace STH,3,G729FB576,2026-05-08 20:45:13,2026-05-10 16:20:00,Mattawa,0,
Priest Rapids Tailrace STH,3,G729FB576,2026-05-08 20:45:13,2026-05-10 16:20:00,Priest BRZ,0,
Priest Rapids Tailrace STH,3,G729FB576,2026-05-08 20:45:13,2026-05-10 16:20:00,Lower Ringold,1,2026-05-11 12:56:28
Priest Rapids Tailrace STH,3,G729FB576,2026-05-08 20:45:13,2026-05-10 16:20:00,Hanford,1,2026-05-11 17:30:47
Priest Rapids Tailrace STH,3,G72A0F45B,2026-05-06 18:49:38,2026-05-09 16:31:00,Crescent Bar,0,
Priest Rapids Tailrace STH,3,G72A0F45B,2026-05-06 18:49:38,2026-05-09 16:31:00,Sunland,0,
Priest Rapids Tailrace STH,3,G72A0F45B,2026-05-06 18:49:38,2026-05-09 16:31:00,Wanapum BRZ,0,
Priest Rapids Tailrace STH,3,G72A0F45B,2026-05-06 18:49:38,2026-05-09 16:31:00,Mattawa,0,
Priest Rapids Tailrace STH,3,G72A0F45B,2026-05-06 18:49:38,2026-05-09 16:31:00,Priest BRZ,0,
Priest Rapids Tailrace STH,3,G72A0F45B,2026-05-06 18:49:38,2026-05-09 16:31:00,Lower Ringold,1,2026-05-12 06:30:09
Priest Rapids Tailrace STH,3,G72A0F45B,2026-05-06 18:49:38,2026-05-09 16:31:00,Hanford,1,2026-05-12 10:02:38
Priest Rapids Tailrace STH,3,G72A1008A,2026-05-07 18:23:59,2026-05-09 16:31:00,Crescent Bar,0,
Priest Rapids Tailrace STH,3,G72A1008A,2026-05-07 18:23:59,2026-05-09 16:31:00,Sunland,0,
Priest Rapids Tailrace STH,3,G72A1008A,2026-05-07 18:23:59,2026-05-09 16:31:00,Wanapum BRZ,0,
Priest Rapids Tailrace STH,3,G72A1008A,2026-05-07 18:23:59,2026-05-09 16:31:00,Mattawa,0,
Priest Rapids Tailrace STH,3,G72A1008A,2026-05-07 18:23:59,2026-05-09 16:31:00,Priest BRZ,0,
Priest Rapids Tailrace STH,3,G72A1008A,2026-05-07 18:23:59,2026-05-09 16:31:00,Lower Ringold,0,
Priest Rapids Tailrace STH,3,G72A1008A,2026-05-07 18:23:59,2026-05-09 16:31:00,Hanford,0,
Priest Rapids Tailrace STH,1,G72A25B24,2026-05-10 17:39:23,2026-05-12 16:15:00,Crescent Bar,0,
Priest Rapids Tailrace STH,1,G72A25B24,2026-05-10 17:39:23,2026-05-12 16:15:00,Sunland,0,
Priest Rapids Tailrace STH,1,G72A25B24,2026-05-10 17:39:23,2026-05-12 16:15:00,Wanapum BRZ,0,
Priest Rapids Tailrace STH,1,G72A25B24,2026-05-10 17:39:23,2026-05-12 16:15:00,Mattawa,0,
Priest Rapids Tailrace STH,1,G72A25B24,2026-05-10 17:39:23,2026-05-12 16:15:00,Priest BRZ,0,
Priest Rapids Tailrace STH,1,G72A25B24,2026-05-10 17:39:23,2026-05-12 16:15:00,Lower Ringold,1,2026-05-18 01:07:12
Priest Rapids Tailrace STH,1,G72A25B24,2026-05-10 17:39:23,2026-05-12 16:15:00,Hanford,1,2026-05-18 05:13:45
Priest Rapids Tailrace STH,2,G72A2DAF6,2026-05-06 18:51:06,2026-05-09 16:31:00,Crescent Bar,0,
Priest Rapids Tailrace STH,2,G72A2DAF6,2026-05-06 18:51:06,2026-05-09 16:31:00,Sunland,0,
Priest Rapids Tailrace STH,2,G72A2DAF6,2026-05-06 18:51:06,2026-05-09 16:31:00,Wanapum BRZ,0,
Priest Rapids Tailrace STH,2,G72A2DAF6,2026-05-06 18:51:06,2026-05-09 16:31:00,Mattawa,0,
Priest Rapids Tailrace STH,2,G72A2DAF6,2026-05-06 18:51:06,2026-05-09 16:31:00,Priest BRZ,0,
Priest Rapids Tailrace STH,2,G72A2DAF6,2026-05-06 18:51:06,2026-05-09 16:31:00,Lower Ringold,1,2026-05-10 05:02:00
Priest Rapids Tailrace STH,2,G72A2DAF6,2026-05-06 18:51:06,2026-05-09 16:31:00,Hanford,1,2026-05-10 07:51:53
Priest Rapids Tailrace STH,2,G72A35322,2026-05-09 18:29:13,2026-05-11 16:32:00,Crescent Bar,0,
Priest Rapids Tailrace STH,2,G72A35322,2026-05-09 18:29:13,2026-05-11 16:32:00,Sunland,0,
Priest Rapids Tailrace STH,2,G72A35322,2026-05-09 18:29:13,2026-05-11 16:32:00,Wanapum BRZ,0,
Priest Rapids Tailrace STH,2,G72A35322,2026-05-09 18:29:13,2026-05-11 16:32:00,Mattawa,0,
Priest Rapids Tailrace STH,2,G72A35322,2026-05-09 18:29:13,2026-05-11 16:32:00,Priest BRZ,0,
Priest Rapids Tailrace STH,2,G72A35322,2026-05-09 18:29:13,2026-05-11 16:32:00,Lower Ringold,1,2026-05-12 04:26:47
Priest Rapids Tailrace STH,2,G72A35322,2026-05-09 18:29:13,2026-05-11 16:32:00,Hanford,1,2026-05-12 07:55:01
Priest Rapids Tailrace STH,1,G72A37BC3,2026-05-12 18:56:37,2026-05-15 17:05:00,Crescent Bar,0,
Priest Rapids Tailrace STH,1,G72A37BC3,2026-05-12 18:56:37,2026-05-15 17:05:00,Sunland,0,
Priest Rapids Tailrace STH,1,G72A37BC3,2026-05-12 18:56:37,2026-05-15 17:05:00,Wanapum BRZ,0,
Priest Rapids Tailrace STH,1,G72A37BC3,2026-05-12 18:56:37,2026-05-15 17:05:00,Mattawa,0,
Priest Rapids Tailrace STH,1,G72A37BC3,2026-05-12 18:56:37,2026-05-15 17:05:00,Priest BRZ,0,
Priest Rapids Tailrace STH,1,G72A37BC3,2026-05-12 18:56:37,2026-05-15 17:05:00,Lower Ringold,1,2026-05-16 03:51:38
Priest Rapids Tailrace STH,1,G72A37BC3,2026-05-12 18:56:37,2026-05-15 17:05:00,Hanford,1,2026-05-16 07:23:49
Priest Rapids Tailrace STH,1,G72A38AE9,2026-05-14 19:04:36,2026-05-16 16:35:00,Crescent Bar,0,
Priest Rapids Tailrace STH,1,G72A38AE9,2026-05-14 19:04:36,2026-05-16 16:35:00,Sunland,0,
Priest Rapids Tailrace STH,1,G72A38AE9,2026-05-14 19:04:36,2026-05-16 16:35:00,Wanapum BRZ,0,
Priest Rapids Tailrace STH,1,G72A38AE9,2026-05-14 19:04:36,2026-05-16 16:35:00,Mattawa,0,
Priest Rapids Tailrace STH,1,G72A38AE9,2026-05-14 19:04:36,2026-05-16 16:35:00,Priest BRZ,0,
Priest Rapids Tailrace STH,1,G72A38AE9,2026-05-14 19:04:36,2026-05-16 16:35:00,Lower Ringold,1,2026-05-17 05:31:54
Priest Rapids Tailrace STH,1,G72A38AE9,2026-05-14 19:04:36,2026-05-16 16:35:00,Hanford,1,2026-05-17 09:09:40
Priest Rapids Tailrace STH,3,G72A41A96,2026-05-09 18:33:26,2026-05-11 16:32:00,Crescent Bar,0,
Priest Rapids Tailrace STH,3,G72A41A96,2026-05-09 18:33:26,2026-05-11 16:32:00,Sunland,0,
Priest Rapids Tailrace STH,3,G72A41A96,2026-05-09 18:33:26,2026-05-11 16:32:00,Wanapum BRZ,0,
Priest Rapids Tailrace STH,3,G72A41A96,2026-05-09 18:33:26,2026-05-11 16:32:00,Mattawa,0,
Priest Rapids Tailrace STH,3,G72A41A96,2026-05-09 18:33:26,2026-05-11 16:32:00,Priest BRZ,0,
Priest Rapids Tailrace STH,3,G72A41A96,2026-05-09 18:33:26,2026-05-11 16:32:00,Lower Ringold,1,2026-05-12 03:30:23
Priest Rapids Tailrace STH,3,G72A41A96,2026-05-09 18:33:26,2026-05-11 16:32:00,Hanford,1,2026-05-12 06:50:46
Priest Rapids Tailrace STH,3,G72A422EA,2026-05-09 18:25:27,2026-05-11 16:32:00,Crescent Bar,0,
Priest Rapids Tailrace STH,3,G72A422EA,2026-05-09 18:25:27,2026-05-11 16:32:00,Sunland,0,
Priest Rapids Tailrace STH,3,G72A422EA,2026-05-09 18:25:27,2026-05-11 16:32:00,Wanapum BRZ,0,
Priest Rapids Tailrace STH,3,G72A422EA,2026-05-09 18:25:27,2026-05-11 16:32:00,Mattawa,0,
Priest Rapids Tailrace STH,3,G72A422EA,2026-05-09 18:25:27,2026-05-11 16:32:00,Priest BRZ,0,
Priest Rapids Tailrace STH,3,G72A422EA,2026-05-09 18:25:27,2026-05-11 16:32:00,Lower Ringold,1,2026-05-12 04:06:29
Priest Rapids Tailrace STH,3,G72A422EA,2026-05-09 18:25:27,2026-05-11 16:32:00,Hanford,1,2026-05-12 14:45:41
Priest Rapids Tailrace STH,3,G72A4A946,2026-05-06 18:58:02,2026-05-09 16:31:00,Crescent Bar,0,
Priest Rapids Tailrace STH,3,G72A4A946,2026-05-06 18:58:02,2026-05-09 16:31:00,Sunland,0,
Priest Rapids Tailrace STH,3,G72A4A946,2026-05-06 18:58:02,2026-05-09 16:31:00,Wanapum BRZ,0,
Priest Rapids Tailrace STH,3,G72A4A946,2026-05-06 18:58:02,2026-05-09 16:31:00,Mattawa,0,
Priest Rapids Tailrace STH,3,G72A4A946,2026-05-06 18:58:02,2026-05-09 16:31:00,Priest BRZ,0,
Priest Rapids Tailrace STH,3,G72A4A946,2026-05-06 18:58:02,2026-05-09 16:31:00,Lower Ringold,1,2026-05-11 19:00:49
Priest Rapids Tailrace STH,3,G72A4A946,2026-05-06 18:58:02,2026-05-09 16:31:00,Hanford,1,2026-05-11 22:04:33
Priest Rapids Tailrace STH,3,G72A50C12,2026-05-14 19:07:32,2026-05-16 16:35:00,Crescent Bar,0,
Priest Rapids Tailrace STH,3,G72A50C12,2026-05-14 19:07:32,2026-05-16 16:35:00,Sunland,0,
Priest Rapids Tailrace STH,3,G72A50C12,2026-05-14 19:07:32,2026-05-16 16:35:00,Wanapum BRZ,0,
Priest Rapids Tailrace STH,3,G72A50C12,2026-05-14 19:07:32,2026-05-16 16:35:00,Mattawa,0,
Priest Rapids Tailrace STH,3,G72A50C12,2026-05-14 19:07:32,2026-05-16 16:35:00,Priest BRZ,0,
Priest Rapids Tailrace STH,3,G72A50C12,2026-05-14 19:07:32,2026-05-16 16:35:00,Lower Ringold,1,2026-05-17 04:43:53
Priest Rapids Tailrace STH,3,G72A50C12,2026-05-14 19:07:32,2026-05-16 16:35:00,Hanford,1,2026-05-17 07:47:57
Priest Rapids Tailrace STH,3,G72A52E8D,2026-05-07 18:23:21,2026-05-09 16:31:00,Crescent Bar,0,
Priest Rapids Tailrace STH,3,G72A52E8D,2026-05-07 18:23:21,2026-05-09 16:31:00,Sunland,0,
Priest Rapids Tailrace STH,3,G72A52E8D,2026-05-07 18:23:21,2026-05-09 16:31:00,Wanapum BRZ,0,
Priest Rapids Tailrace STH,3,G72A52E8D,2026-05-07 18:23:21,2026-05-09 16:31:00,Mattawa,0,
Priest Rapids Tailrace STH,3,G72A52E8D,2026-05-07 18:23:21,2026-05-09 16:31:00,Priest BRZ,0,
Priest Rapids Tailrace STH,3,G72A52E8D,2026-05-07 18:23:21,2026-05-09 16:31:00,Lower Ringold,1,2026-05-10 04:16:18
Priest Rapids Tailrace STH,3,G72A52E8D,2026-05-07 18:23:21,2026-05-09 16:31:00,Hanford,1,2026-05-10 07:23:40
Priest Rapids Tailrace STH,3,G72A57049,2026-05-09 18:46:38,2026-05-11 16:32:00,Crescent Bar,0,
Priest Rapids Tailrace STH,3,G72A57049,2026-05-09 18:46:38,2026-05-11 16:32:00,Sunland,0,
Priest Rapids Tailrace STH,3,G72A57049,2026-05-09 18:46:38,2026-05-11 16:32:00,Wanapum BRZ,0,
Priest Rapids Tailrace STH,3,G72A57049,2026-05-09 18:46:38,2026-05-11 16:32:00,Mattawa,0,
Priest Rapids Tailrace STH,3,G72A57049,2026-05-09 18:46:38,2026-05-11 16:32:00,Priest BRZ,0,
Priest Rapids Tailrace STH,3,G72A57049,2026-05-09 18:46:38,2026-05-11 16:32:00,Lower Ringold,1,2026-05-17 05:47:30
Priest Rapids Tailrace STH,3,G72A57049,2026-05-09 18:46:38,2026-05-11 16:32:00,Hanford,1,2026-05-17 08:56:52
Priest Rapids Tailrace STH,3,G72A6665C,2026-05-09 18:27:23,2026-05-11 16:32:00,Crescent Bar,0,
Priest Rapids Tailrace STH,3,G72A6665C,2026-05-09 18:27:23,2026-05-11 16:32:00,Sunland,0,
Priest Rapids Tailrace STH,3,G72A6665C,2026-05-09 18:27:23,2026-05-11 16:32:00,Wanapum BRZ,0,
Priest Rapids Tailrace STH,3,G72A6665C,2026-05-09 18:27:23,2026-05-11 16:32:00,Mattawa,0,
Priest Rapids Tailrace STH,3,G72A6665C,2026-05-09 18:27:23,2026-05-11 16:32:00,Priest BRZ,0,
Priest Rapids Tailrace STH,3,G72A6665C,2026-05-09 18:27:23,2026-05-11 16:32:00,Lower Ringold,1,2026-05-12 02:59:14
Priest Rapids Tailrace STH,3,G72A6665C,2026-05-09 18:27:23,2026-05-11 16:32:00,Hanford,1,2026-05-12 05:49:28
Priest Rapids Tailrace STH,3,G72A6CA50,2026-05-08 20:40:34,2026-05-10 16:20:00,Crescent Bar,0,
Priest Rapids Tailrace STH,3,G72A6CA50,2026-05-08 20:40:34,2026-05-10 16:20:00,Sunland,0,
Priest Rapids Tailrace STH,3,G72A6CA50,2026-05-08 20:40:34,2026-05-10 16:20:00,Wanapum BRZ,0,
Priest Rapids Tailrace STH,3,G72A6CA50,2026-05-08 20:40:34,2026-05-10 16:20:00,Mattawa,0,
Priest Rapids Tailrace STH,3,G72A6CA50,2026-05-08 20:40:34,2026-05-10 16:20:00,Priest BRZ,0,
Priest Rapids Tailrace STH,3,G72A6CA50,2026-05-08 20:40:34,2026-05-10 16:20:00,Lower Ringold,0,
Priest Rapids Tailrace STH,3,G72A6CA50,2026-05-08 20:40:34,2026-05-10 16:20:00,Hanford,0,
Priest Rapids Tailrace STH,3,G72A7AD72,2026-05-10 18:01:24,2026-05-12 16:15:00,Crescent Bar,0,
Priest Rapids Tailrace STH,3,G72A7AD72,2026-05-10 18:01:24,2026-05-12 16:15:00,Sunland,0,
Priest Rapids Tailrace STH,3,G72A7AD72,2026-05-10 18:01:24,2026-05-12 16:15:00,Wanapum BRZ,0,
Priest Rapids Tailrace STH,3,G72A7AD72,2026-05-10 18:01:24,2026-05-12 16:15:00,Mattawa,0,
Priest Rapids Tailrace STH,3,G72A7AD72,2026-05-10 18:01:24,2026-05-12 16:15:00,Priest BRZ,0,
Priest Rapids Tailrace STH,3,G72A7AD72,2026-05-10 18:01:24,2026-05-12 16:15:00,Lower Ringold,1,2026-05-13 04:07:58
Priest Rapids Tailrace STH,3,G72A7AD72,2026-05-10 18:01:24,2026-05-12 16:15:00,Hanford,1,2026-05-13 06:52:33
Priest Rapids Tailrace STH,3,G72A7D7F4,2026-05-09 18:25:07,2026-05-11 16:32:00,Crescent Bar,0,
Priest Rapids Tailrace STH,3,G72A7D7F4,2026-05-09 18:25:07,2026-05-11 16:32:00,Sunland,0,
Priest Rapids Tailrace STH,3,G72A7D7F4,2026-05-09 18:25:07,2026-05-11 16:32:00,Wanapum BRZ,0,
Priest Rapids Tailrace STH,3,G72A7D7F4,2026-05-09 18:25:07,2026-05-11 16:32:00,Mattawa,0,
Priest Rapids Tailrace STH,3,G72A7D7F4,2026-05-09 18:25:07,2026-05-11 16:32:00,Priest BRZ,0,
Priest Rapids Tailrace STH,3,G72A7D7F4,2026-05-09 18:25:07,2026-05-11 16:32:00,Lower Ringold,1,2026-05-12 09:22:04
Priest Rapids Tailrace STH,3,G72A7D7F4,2026-05-09 18:25:07,2026-05-11 16:32:00,Hanford,1,2026-05-12 12:35:44
Priest Rapids Tailrace STH,2,G72A9CB16,2026-05-06 19:16:13,2026-05-09 16:31:00,Crescent Bar,0,
Priest Rapids Tailrace STH,2,G72A9CB16,2026-05-06 19:16:13,2026-05-09 16:31:00,Sunland,0,
Priest Rapids Tailrace STH,2,G72A9CB16,2026-05-06 19:16:13,2026-05-09 16:31:00,Wanapum BRZ,0,
Priest Rapids Tailrace STH,2,G72A9CB16,2026-05-06 19:16:13,2026-05-09 16:31:00,Mattawa,0,
Priest Rapids Tailrace STH,2,G72A9CB16,2026-05-06 19:16:13,2026-05-09 16:31:00,Priest BRZ,0,
Priest Rapids Tailrace STH,2,G72A9CB16,2026-05-06 19:16:13,2026-05-09 16:31:00,Lower Ringold,1,2026-05-10 04:14:48
Priest Rapids Tailrace STH,2,G72A9CB16,2026-05-06 19:16:13,2026-05-09 16:31:00,Hanford,1,2026-05-10 07:47:38
Priest Rapids Tailrace STH,2,G72AB27CD,2026-05-07 18:19:15,2026-05-09 16:31:00,Crescent Bar,0,
Priest Rapids Tailrace STH,2,G72AB27CD,2026-05-07 18:19:15,2026-05-09 16:31:00,Sunland,0,
Priest Rapids Tailrace STH,2,G72AB27CD,2026-05-07 18:19:15,2026-05-09 16:31:00,Wanapum BRZ,0,
Priest Rapids Tailrace STH,2,G72AB27CD,2026-05-07 18:19:15,2026-05-09 16:31:00,Mattawa,0,
Priest Rapids Tailrace STH,2,G72AB27CD,2026-05-07 18:19:15,2026-05-09 16:31:00,Priest BRZ,0,
Priest Rapids Tailrace STH,2,G72AB27CD,2026-05-07 18:19:15,2026-05-09 16:31:00,Lower Ringold,1,2026-05-10 03:58:55
Priest Rapids Tailrace STH,2,G72AB27CD,2026-05-07 18:19:15,2026-05-09 16:31:00,Hanford,1,2026-05-10 06:54:15
Priest Rapids Tailrace STH,3,G72AEB862,2026-05-11 17:52:36,2026-05-14 16:30:00,Crescent Bar,0,
Priest Rapids Tailrace STH,3,G72AEB862,2026-05-11 17:52:36,2026-05-14 16:30:00,Sunland,0,
Priest Rapids Tailrace STH,3,G72AEB862,2026-05-11 17:52:36,2026-05-14 16:30:00,Wanapum BRZ,0,
Priest Rapids Tailrace STH,3,G72AEB862,2026-05-11 17:52:36,2026-05-14 16:30:00,Mattawa,0,
Priest Rapids Tailrace STH,3,G72AEB862,2026-05-11 17:52:36,2026-05-14 16:30:00,Priest BRZ,0,
Priest Rapids Tailrace STH,3,G72AEB862,2026-05-11 17:52:36,2026-05-14 16:30:00,Lower Ringold,0,
Priest Rapids Tailrace STH,3,G72AEB862,2026-05-11 17:52:36,2026-05-14 16:30:00,Hanford,0,
Priest Rapids Tailrace STH,3,G72AF14AA,2026-05-09 18:50:02,2026-05-11 16:32:00,Crescent Bar,0,
Priest Rapids Tailrace STH,3,G72AF14AA,2026-05-09 18:50:02,2026-05-11 16:32:00,Sunland,0,
Priest Rapids Tailrace STH,3,G72AF14AA,2026-05-09 18:50:02,2026-05-11 16:32:00,Wanapum BRZ,0,
Priest Rapids Tailrace STH,3,G72AF14AA,2026-05-09 18:50:02,2026-05-11 16:32:00,Mattawa,0,
Priest Rapids Tailrace STH,3,G72AF14AA,2026-05-09 18:50:02,2026-05-11 16:32:00,Priest BRZ,0,
Priest Rapids Tailrace STH,3,G72AF14AA,2026-05-09 18:50:02,2026-05-11 16:32:00,Lower Ringold,1,2026-05-16 13:37:45
Priest Rapids Tailrace STH,3,G72AF14AA,2026-05-09 18:50:02,2026-05-11 16:32:00,Hanford,1,2026-05-16 16:39:09
Priest Rapids Tailrace STH,1,G72AF650C,2026-05-10 17:52:01,2026-05-12 16:15:00,Crescent Bar,0,
Priest Rapids Tailrace STH,1,G72AF650C,2026-05-10 17:52:01,2026-05-12 16:15:00,Sunland,0,
Priest Rapids Tailrace STH,1,G72AF650C,2026-05-10 17:52:01,2026-05-12 16:15:00,Wanapum BRZ,0,
Priest Rapids Tailrace STH,1,G72AF650C,2026-05-10 17:52:01,2026-05-12 16:15:00,Mattawa,0,
Priest Rapids Tailrace STH,1,G72AF650C,2026-05-10 17:52:01,2026-05-12 16:15:00,Priest BRZ,0,
Priest Rapids Tailrace STH,1,G72AF650C,2026-05-10 17:52:01,2026-05-12 16:15:00,Lower Ringold,1,2026-05-13 09:13:28
Priest Rapids Tailrace STH,1,G72AF650C,2026-05-10 17:52:01,2026-05-12 16:15:00,Hanford,1,2026-05-14 04:22:55
Priest Rapids Tailrace STH,1,G72AF969A,2026-05-12 18:57:05,2026-05-15 17:05:00,Crescent Bar,0,
Priest Rapids Tailrace STH,1,G72AF969A,2026-05-12 18:57:05,2026-05-15 17:05:00,Sunland,0,
Priest Rapids Tailrace STH,1,G72AF969A,2026-05-12 18:57:05,2026-05-15 17:05:00,Wanapum BRZ,0,
Priest Rapids Tailrace STH,1,G72AF969A,2026-05-12 18:57:05,2026-05-15 17:05:00,Mattawa,0,
Priest Rapids Tailrace STH,1,G72AF969A,2026-05-12 18:57:05,2026-05-15 17:05:00,Priest BRZ,0,
Priest Rapids Tailrace STH,1,G72AF969A,2026-05-12 18:57:05,2026-05-15 17:05:00,Lower Ringold,0,
Priest Rapids Tailrace STH,1,G72AF969A,2026-05-12 18:57:05,2026-05-15 17:05:00,Hanford,0,
Priest Rapids Tailrace STH,1,G72AFE923,2026-05-07 18:32:45,2026-05-09 16:31:00,Crescent Bar,0,
Priest Rapids Tailrace STH,1,G72AFE923,2026-05-07 18:32:45,2026-05-09 16:31:00,Sunland,0,
Priest Rapids Tailrace STH,1,G72AFE923,2026-05-07 18:32:45,2026-05-09 16:31:00,Wanapum BRZ,0,
Priest Rapids Tailrace STH,1,G72AFE923,2026-05-07 18:32:45,2026-05-09 16:31:00,Mattawa,0,
Priest Rapids Tailrace STH,1,G72AFE923,2026-05-07 18:32:45,2026-05-09 16:31:00,Priest BRZ,0,
Priest Rapids Tailrace STH,1,G72AFE923,2026-05-07 18:32:45,2026-05-09 16:31:00,Lower Ringold,1,2026-05-10 05:51:02
Priest Rapids Tailrace STH,1,G72AFE923,2026-05-07 18:32:45,2026-05-09 16:31:00,Hanford,1,2026-05-10 08:48:13
Priest Rapids Tailrace STH,1,G72B01B1F,2026-05-11 17:51:28,2026-05-14 16:30:00,Crescent Bar,0,
Priest Rapids Tailrace STH,1,G72B01B1F,2026-05-11 17:51:28,2026-05-14 16:30:00,Sunland,0,
Priest Rapids Tailrace STH,1,G72B01B1F,2026-05-11 17:51:28,2026-05-14 16:30:00,Wanapum BRZ,0,
Priest Rapids Tailrace STH,1,G72B01B1F,2026-05-11 17:51:28,2026-05-14 16:30:00,Mattawa,0,
Priest Rapids Tailrace STH,1,G72B01B1F,2026-05-11 17:51:28,2026-05-14 16:30:00,Priest BRZ,0,
Priest Rapids Tailrace STH,1,G72B01B1F,2026-05-11 17:51:28,2026-05-14 16:30:00,Lower Ringold,1,2026-05-15 16:32:26
Priest Rapids Tailrace STH,1,G72B01B1F,2026-05-11 17:51:28,2026-05-14 16:30:00,Hanford,1,2026-05-15 20:08:09
Priest Rapids Tailrace STH,1,G72B0FEC9,2026-05-14 19:13:41,2026-05-16 16:35:00,Crescent Bar,0,
Priest Rapids Tailrace STH,1,G72B0FEC9,2026-05-14 19:13:41,2026-05-16 16:35:00,Sunland,0,
Priest Rapids Tailrace STH,1,G72B0FEC9,2026-05-14 19:13:41,2026-05-16 16:35:00,Wanapum BRZ,0,
Priest Rapids Tailrace STH,1,G72B0FEC9,2026-05-14 19:13:41,2026-05-16 16:35:00,Mattawa,0,
Priest Rapids Tailrace STH,1,G72B0FEC9,2026-05-14 19:13:41,2026-05-16 16:35:00,Priest BRZ,0,
Priest Rapids Tailrace STH,1,G72B0FEC9,2026-05-14 19:13:41,2026-05-16 16:35:00,Lower Ringold,1,2026-05-18 02:23:07
Priest Rapids Tailrace STH,1,G72B0FEC9,2026-05-14 19:13:41,2026-05-16 16:35:00,Hanford,1,2026-05-18 06:18:51
Priest Rapids Tailrace STH,1,G72B2134C,2026-05-11 17:54:44,2026-05-14 16:30:00,Crescent Bar,0,
Priest Rapids Tailrace STH,1,G72B2134C,2026-05-11 17:54:44,2026-05-14 16:30:00,Sunland,0,
Priest Rapids Tailrace STH,1,G72B2134C,2026-05-11 17:54:44,2026-05-14 16:30:00,Wanapum BRZ,0,
Priest Rapids Tailrace STH,1,G72B2134C,2026-05-11 17:54:44,2026-05-14 16:30:00,Mattawa,0,
Priest Rapids Tailrace STH,1,G72B2134C,2026-05-11 17:54:44,2026-05-14 16:30:00,Priest BRZ,0,
Priest Rapids Tailrace STH,1,G72B2134C,2026-05-11 17:54:44,2026-05-14 16:30:00,Lower Ringold,1,2026-05-15 07:04:50
Priest Rapids Tailrace STH,1,G72B2134C,2026-05-11 17:54:44,2026-05-14 16:30:00,Hanford,1,2026-05-15 10:00:30
Priest Rapids Tailrace STH,1,G72B23911,2026-05-14 19:03:18,2026-05-16 16:35:00,Crescent Bar,0,
Priest Rapids Tailrace STH,1,G72B23911,2026-05-14 19:03:18,2026-05-16 16:35:00,Sunland,0,
Priest Rapids Tailrace STH,1,G72B23911,2026-05-14 19:03:18,2026-05-16 16:35:00,Wanapum BRZ,0,
Priest Rapids Tailrace STH,1,G72B23911,2026-05-14 19:03:18,2026-05-16 16:35:00,Mattawa,0,
Priest Rapids Tailrace STH,1,G72B23911,2026-05-14 19:03:18,2026-05-16 16:35:00,Priest BRZ,0,
Priest Rapids Tailrace STH,1,G72B23911,2026-05-14 19:03:18,2026-05-16 16:35:00,Lower Ringold,1,2026-05-18 12:52:09
Priest Rapids Tailrace STH,1,G72B23911,2026-05-14 19:03:18,2026-05-16 16:35:00,Hanford,1,2026-05-18 15:55:31
Priest Rapids Tailrace STH,1,G72B2D386,2026-05-11 18:04:47,2026-05-14 16:30:00,Crescent Bar,0,
Priest Rapids Tailrace STH,1,G72B2D386,2026-05-11 18:04:47,2026-05-14 16:30:00,Sunland,0,
Priest Rapids Tailrace STH,1,G72B2D386,2026-05-11 18:04:47,2026-05-14 16:30:00,Wanapum BRZ,0,
Priest Rapids Tailrace STH,1,G72B2D386,2026-05-11 18:04:47,2026-05-14 16:30:00,Mattawa,0,
Priest Rapids Tailrace STH,1,G72B2D386,2026-05-11 18:04:47,2026-05-14 16:30:00,Priest BRZ,0,
Priest Rapids Tailrace STH,1,G72B2D386,2026-05-11 18:04:47,2026-05-14 16:30:00,Lower Ringold,1,2026-05-15 05:57:00
Priest Rapids Tailrace STH,1,G72B2D386,2026-05-11 18:04:47,2026-05-14 16:30:00,Hanford,1,2026-05-15 09:53:58
Priest Rapids Tailrace STH,2,G72B56284,2026-05-10 18:01:59,2026-05-12 16:15:00,Crescent Bar,0,
Priest Rapids Tailrace STH,2,G72B56284,2026-05-10 18:01:59,2026-05-12 16:15:00,Sunland,0,
Priest Rapids Tailrace STH,2,G72B56284,2026-05-10 18:01:59,2026-05-12 16:15:00,Wanapum BRZ,0,
Priest Rapids Tailrace STH,2,G72B56284,2026-05-10 18:01:59,2026-05-12 16:15:00,Mattawa,0,
Priest Rapids Tailrace STH,2,G72B56284,2026-05-10 18:01:59,2026-05-12 16:15:00,Priest BRZ,0,
Priest Rapids Tailrace STH,2,G72B56284,2026-05-10 18:01:59,2026-05-12 16:15:00,Lower Ringold,1,2026-05-13 07:44:12
Priest Rapids Tailrace STH,2,G72B56284,2026-05-10 18:01:59,2026-05-12 16:15:00,Hanford,1,2026-05-13 10:35:18
Priest Rapids Tailrace STH,2,G72B5E928,2026-05-10 17:49:17,2026-05-12 16:15:00,Crescent Bar,0,
Priest Rapids Tailrace STH,2,G72B5E928,2026-05-10 17:49:17,2026-05-12 16:15:00,Sunland,0,
Priest Rapids Tailrace STH,2,G72B5E928,2026-05-10 17:49:17,2026-05-12 16:15:00,Wanapum BRZ,0,
Priest Rapids Tailrace STH,2,G72B5E928,2026-05-10 17:49:17,2026-05-12 16:15:00,Mattawa,0,
Priest Rapids Tailrace STH,2,G72B5E928,2026-05-10 17:49:17,2026-05-12 16:15:00,Priest BRZ,0,
Priest Rapids Tailrace STH,2,G72B5E928,2026-05-10 17:49:17,2026-05-12 16:15:00,Lower Ringold,1,2026-05-13 02:36:04
Priest Rapids Tailrace STH,2,G72B5E928,2026-05-10 17:49:17,2026-05-12 16:15:00,Hanford,1,2026-05-13 05:11:57
Priest Rapids Tailrace STH,1,G72B61716,2026-05-14 19:17:49,2026-05-16 16:35:00,Crescent Bar,0,
Priest Rapids Tailrace STH,1,G72B61716,2026-05-14 19:17:49,2026-05-16 16:35:00,Sunland,0,
Priest Rapids Tailrace STH,1,G72B61716,2026-05-14 19:17:49,2026-05-16 16:35:00,Wanapum BRZ,0,
Priest Rapids Tailrace STH,1,G72B61716,2026-05-14 19:17:49,2026-05-16 16:35:00,Mattawa,0,
Priest Rapids Tailrace STH,1,G72B61716,2026-05-14 19:17:49,2026-05-16 16:35:00,Priest BRZ,0,
Priest Rapids Tailrace STH,1,G72B61716,2026-05-14 19:17:49,2026-05-16 16:35:00,Lower Ringold,1,2026-05-17 09:39:24
Priest Rapids Tailrace STH,1,G72B61716,2026-05-14 19:17:49,2026-05-16 16:35:00,Hanford,1,2026-05-19 12:12:47
Priest Rapids Tailrace STH,3,G72B890C5,2026-05-08 20:58:13,2026-05-10 16:20:00,Crescent Bar,0,
Priest Rapids Tailrace STH,3,G72B890C5,2026-05-08 20:58:13,2026-05-10 16:20:00,Sunland,0,
Priest Rapids Tailrace STH,3,G72B890C5,2026-05-08 20:58:13,2026-05-10 16:20:00,Wanapum BRZ,0,
Priest Rapids Tailrace STH,3,G72B890C5,2026-05-08 20:58:13,2026-05-10 16:20:00,Mattawa,0,
Priest Rapids Tailrace STH,3,G72B890C5,2026-05-08 20:58:13,2026-05-10 16:20:00,Priest BRZ,0,
Priest Rapids Tailrace STH,3,G72B890C5,2026-05-08 20:58:13,2026-05-10 16:20:00,Lower Ringold,1,2026-05-11 14:22:38
Priest Rapids Tailrace STH,3,G72B890C5,2026-05-08 20:58:13,2026-05-10 16:20:00,Hanford,1,2026-05-11 17:35:41
Priest Rapids Tailrace STH,3,G72B8A41A,2026-05-14 19:11:28,2026-05-16 16:35:00,Crescent Bar,0,
Priest Rapids Tailrace STH,3,G72B8A41A,2026-05-14 19:11:28,2026-05-16 16:35:00,Sunland,0,
Priest Rapids Tailrace STH,3,G72B8A41A,2026-05-14 19:11:28,2026-05-16 16:35:00,Wanapum BRZ,0,
Priest Rapids Tailrace STH,3,G72B8A41A,2026-05-14 19:11:28,2026-05-16 16:35:00,Mattawa,0,
Priest Rapids Tailrace STH,3,G72B8A41A,2026-05-14 19:11:28,2026-05-16 16:35:00,Priest BRZ,0,
Priest Rapids Tailrace STH,3,G72B8A41A,2026-05-14 19:11:28,2026-05-16 16:35:00,Lower Ringold,1,2026-05-17 08:30:10
Priest Rapids Tailrace STH,3,G72B8A41A,2026-05-14 19:11:28,2026-05-16 16:35:00,Hanford,0,
Priest Rapids Tailrace STH,3,G72B930AE,2026-05-11 17:54:22,2026-05-14 16:30:00,Crescent Bar,0,
Priest Rapids Tailrace STH,3,G72B930AE,2026-05-11 17:54:22,2026-05-14 16:30:00,Sunland,0,
Priest Rapids Tailrace STH,3,G72B930AE,2026-05-11 17:54:22,2026-05-14 16:30:00,Wanapum BRZ,0,
Priest Rapids Tailrace STH,3,G72B930AE,2026-05-11 17:54:22,2026-05-14 16:30:00,Mattawa,0,
Priest Rapids Tailrace STH,3,G72B930AE,2026-05-11 17:54:22,2026-05-14 16:30:00,Priest BRZ,0,
Priest Rapids Tailrace STH,3,G72B930AE,2026-05-11 17:54:22,2026-05-14 16:30:00,Lower Ringold,1,2026-05-15 09:49:43
Priest Rapids Tailrace STH,3,G72B930AE,2026-05-11 17:54:22,2026-05-14 16:30:00,Hanford,1,2026-05-15 13:15:11
Priest Rapids Tailrace STH,3,G72BB83EF,2026-05-08 20:57:42,2026-05-10 16:20:00,Crescent Bar,0,
Priest Rapids Tailrace STH,3,G72BB83EF,2026-05-08 20:57:42,2026-05-10 16:20:00,Sunland,0,
Priest Rapids Tailrace STH,3,G72BB83EF,2026-05-08 20:57:42,2026-05-10 16:20:00,Wanapum BRZ,0,
Priest Rapids Tailrace STH,3,G72BB83EF,2026-05-08 20:57:42,2026-05-10 16:20:00,Mattawa,0,
Priest Rapids Tailrace STH,3,G72BB83EF,2026-05-08 20:57:42,2026-05-10 16:20:00,Priest BRZ,0,
Priest Rapids Tailrace STH,3,G72BB83EF,2026-05-08 20:57:42,2026-05-10 16:20:00,Lower Ringold,1,2026-05-11 02:28:58
Priest Rapids Tailrace STH,3,G72BB83EF,2026-05-08 20:57:42,2026-05-10 16:20:00,Hanford,1,2026-05-11 05:16:12
Priest Rapids Tailrace STH,3,G72BC9FBF,2026-05-12 19:00:04,2026-05-15 17:05:00,Crescent Bar,0,
Priest Rapids Tailrace STH,3,G72BC9FBF,2026-05-12 19:00:04,2026-05-15 17:05:00,Sunland,0,
Priest Rapids Tailrace STH,3,G72BC9FBF,2026-05-12 19:00:04,2026-05-15 17:05:00,Wanapum BRZ,0,
Priest Rapids Tailrace STH,3,G72BC9FBF,2026-05-12 19:00:04,2026-05-15 17:05:00,Mattawa,0,
Priest Rapids Tailrace STH,3,G72BC9FBF,2026-05-12 19:00:04,2026-05-15 17:05:00,Priest BRZ,0,
Priest Rapids Tailrace STH,3,G72BC9FBF,2026-05-12 19:00:04,2026-05-15 17:05:00,Lower Ringold,1,2026-05-16 10:14:34
Priest Rapids Tailrace STH,3,G72BC9FBF,2026-05-12 19:00:04,2026-05-15 17:05:00,Hanford,1,2026-05-16 12:53:51
Priest Rapids Tailrace STH,3,G72BCDAC6,2026-05-08 20:52:21,2026-05-10 16:20:00,Crescent Bar,0,
Priest Rapids Tailrace STH,3,G72BCDAC6,2026-05-08 20:52:21,2026-05-10 16:20:00,Sunland,0,
Priest Rapids Tailrace STH,3,G72BCDAC6,2026-05-08 20:52:21,2026-05-10 16:20:00,Wanapum BRZ,0,
Priest Rapids Tailrace STH,3,G72BCDAC6,2026-05-08 20:52:21,2026-05-10 16:20:00,Mattawa,0,
Priest Rapids Tailrace STH,3,G72BCDAC6,2026-05-08 20:52:21,2026-05-10 16:20:00,Priest BRZ,0,
Priest Rapids Tailrace STH,3,G72BCDAC6,2026-05-08 20:52:21,2026-05-10 16:20:00,Lower Ringold,1,2026-05-11 09:43:06
Priest Rapids Tailrace STH,3,G72BCDAC6,2026-05-08 20:52:21,2026-05-10 16:20:00,Hanford,1,2026-05-11 12:46:07
Priest Rapids Tailrace STH,3,G72BD2B28,2026-05-11 18:05:13,2026-05-14 16:30:00,Crescent Bar,0,
Priest Rapids Tailrace STH,3,G72BD2B28,2026-05-11 18:05:13,2026-05-14 16:30:00,Sunland,0,
Priest Rapids Tailrace STH,3,G72BD2B28,2026-05-11 18:05:13,2026-05-14 16:30:00,Wanapum BRZ,0,
Priest Rapids Tailrace STH,3,G72BD2B28,2026-05-11 18:05:13,2026-05-14 16:30:00,Mattawa,0,
Priest Rapids Tailrace STH,3,G72BD2B28,2026-05-11 18:05:13,2026-05-14 16:30:00,Priest BRZ,0,
Priest Rapids Tailrace STH,3,G72BD2B28,2026-05-11 18:05:13,2026-05-14 16:30:00,Lower Ringold,0,
Priest Rapids Tailrace STH,3,G72BD2B28,2026-05-11 18:05:13,2026-05-14 16:30:00,Hanford,0,
Priest Rapids Tailrace STH,1,G72BEF46B,2026-05-10 17:55:10,2026-05-12 16:15:00,Crescent Bar,0,
Priest Rapids Tailrace STH,1,G72BEF46B,2026-05-10 17:55:10,2026-05-12 16:15:00,Sunland,0,
Priest Rapids Tailrace STH,1,G72BEF46B,2026-05-10 17:55:10,2026-05-12 16:15:00,Wanapum BRZ,0,
Priest Rapids Tailrace STH,1,G72BEF46B,2026-05-10 17:55:10,2026-05-12 16:15:00,Mattawa,0,
Priest Rapids Tailrace STH,1,G72BEF46B,2026-05-10 17:55:10,2026-05-12 16:15:00,Priest BRZ,0,
Priest Rapids Tailrace STH,1,G72BEF46B,2026-05-10 17:55:10,2026-05-12 16:15:00,Lower Ringold,1,2026-05-13 06:01:29
Priest Rapids Tailrace STH,1,G72BEF46B,2026-05-10 17:55:10,2026-05-12 16:15:00,Hanford,1,2026-05-13 09:15:10
Priest Rapids Tailrace STH,1,G72BFBBA8,2026-05-09 18:43:50,2026-05-11 16:32:00,Crescent Bar,0,
Priest Rapids Tailrace STH,1,G72BFBBA8,2026-05-09 18:43:50,2026-05-11 16:32:00,Sunland,0,
Priest Rapids Tailrace STH,1,G72BFBBA8,2026-05-09 18:43:50,2026-05-11 16:32:00,Wanapum BRZ,0,
Priest Rapids Tailrace STH,1,G72BFBBA8,2026-05-09 18:43:50,2026-05-11 16:32:00,Mattawa,0,
Priest Rapids Tailrace STH,1,G72BFBBA8,2026-05-09 18:43:50,2026-05-11 16:32:00,Priest BRZ,0,
Priest Rapids Tailrace STH,1,G72BFBBA8,2026-05-09 18:43:50,2026-05-11 16:32:00,Lower Ringold,1,2026-05-30 08:27:26
Priest Rapids Tailrace STH,1,G72BFBBA8,2026-05-09 18:43:50,2026-05-11 16:32:00,Hanford,1,2026-05-30 11:07:48
Priest Rapids Tailrace STH,1,G72BFC54F,2026-05-07 18:22:26,2026-05-09 16:31:00,Crescent Bar,0,
Priest Rapids Tailrace STH,1,G72BFC54F,2026-05-07 18:22:26,2026-05-09 16:31:00,Sunland,0,
Priest Rapids Tailrace STH,1,G72BFC54F,2026-05-07 18:22:26,2026-05-09 16:31:00,Wanapum BRZ,0,
Priest Rapids Tailrace STH,1,G72BFC54F,2026-05-07 18:22:26,2026-05-09 16:31:00,Mattawa,0,
Priest Rapids Tailrace STH,1,G72BFC54F,2026-05-07 18:22:26,2026-05-09 16:31:00,Priest BRZ,0,
Priest Rapids Tailrace STH,1,G72BFC54F,2026-05-07 18:22:26,2026-05-09 16:31:00,Lower Ringold,1,2026-05-10 05:05:11
Priest Rapids Tailrace STH,1,G72BFC54F,2026-05-07 18:22:26,2026-05-09 16:31:00,Hanford,1,2026-05-10 08:02:26
Priest Rapids Tailrace STH,1,G72C09999,2026-05-07 18:25:10,2026-05-09 16:31:00,Crescent Bar,0,
Priest Rapids Tailrace STH,1,G72C09999,2026-05-07 18:25:10,2026-05-09 16:31:00,Sunland,0,
Priest Rapids Tailrace STH,1,G72C09999,2026-05-07 18:25:10,2026-05-09 16:31:00,Wanapum BRZ,0,
Priest Rapids Tailrace STH,1,G72C09999,2026-05-07 18:25:10,2026-05-09 16:31:00,Mattawa,0,
Priest Rapids Tailrace STH,1,G72C09999,2026-05-07 18:25:10,2026-05-09 16:31:00,Priest BRZ,0,
Priest Rapids Tailrace STH,1,G72C09999,2026-05-07 18:25:10,2026-05-09 16:31:00,Lower Ringold,1,2026-05-10 04:27:33
Priest Rapids Tailrace STH,1,G72C09999,2026-05-07 18:25:10,2026-05-09 16:31:00,Hanford,1,2026-05-10 07:35:54
Priest Rapids Tailrace STH,2,G72C0FF21,2026-05-09 18:42:08,2026-05-11 16:32:00,Crescent Bar,0,
Priest Rapids Tailrace STH,2,G72C0FF21,2026-05-09 18:42:08,2026-05-11 16:32:00,Sunland,0,
Priest Rapids Tailrace STH,2,G72C0FF21,2026-05-09 18:42:08,2026-05-11 16:32:00,Wanapum BRZ,0,
Priest Rapids Tailrace STH,2,G72C0FF21,2026-05-09 18:42:08,2026-05-11 16:32:00,Mattawa,0,
Priest Rapids Tailrace STH,2,G72C0FF21,2026-05-09 18:42:08,2026-05-11 16:32:00,Priest BRZ,0,
Priest Rapids Tailrace STH,2,G72C0FF21,2026-05-09 18:42:08,2026-05-11 16:32:00,Lower Ringold,1,2026-05-12 05:55:38
Priest Rapids Tailrace STH,2,G72C0FF21,2026-05-09 18:42:08,2026-05-11 16:32:00,Hanford,0,
Priest Rapids Tailrace STH,2,G72C34E18,2026-05-06 18:55:47,2026-05-09 16:31:00,Crescent Bar,0,
Priest Rapids Tailrace STH,2,G72C34E18,2026-05-06 18:55:47,2026-05-09 16:31:00,Sunland,0,
Priest Rapids Tailrace STH,2,G72C34E18,2026-05-06 18:55:47,2026-05-09 16:31:00,Wanapum BRZ,0,
Priest Rapids Tailrace STH,2,G72C34E18,2026-05-06 18:55:47,2026-05-09 16:31:00,Mattawa,0,
Priest Rapids Tailrace STH,2,G72C34E18,2026-05-06 18:55:47,2026-05-09 16:31:00,Priest BRZ,0,
Priest Rapids Tailrace STH,2,G72C34E18,2026-05-06 18:55:47,2026-05-09 16:31:00,Lower Ringold,1,2026-05-10 04:56:06
Priest Rapids Tailrace STH,2,G72C34E18,2026-05-06 18:55:47,2026-05-09 16:31:00,Hanford,1,2026-05-10 07:57:03
Priest Rapids Tailrace STH,1,G72C6C8B6,2026-05-14 19:11:59,2026-05-16 16:35:00,Crescent Bar,0,
Priest Rapids Tailrace STH,1,G72C6C8B6,2026-05-14 19:11:59,2026-05-16 16:35:00,Sunland,0,
Priest Rapids Tailrace STH,1,G72C6C8B6,2026-05-14 19:11:59,2026-05-16 16:35:00,Wanapum BRZ,0,
Priest Rapids Tailrace STH,1,G72C6C8B6,2026-05-14 19:11:59,2026-05-16 16:35:00,Mattawa,0,
Priest Rapids Tailrace STH,1,G72C6C8B6,2026-05-14 19:11:59,2026-05-16 16:35:00,Priest BRZ,0,
Priest Rapids Tailrace STH,1,G72C6C8B6,2026-05-14 19:11:59,2026-05-16 16:35:00,Lower Ringold,1,2026-05-17 21:13:53
Priest Rapids Tailrace STH,1,G72C6C8B6,2026-05-14 19:11:59,2026-05-16 16:35:00,Hanford,1,2026-05-18 04:57:27
Priest Rapids Tailrace STH,1,G72C7163A,2026-05-14 19:09:13,2026-05-16 16:35:00,Crescent Bar,0,
Priest Rapids Tailrace STH,1,G72C7163A,2026-05-14 19:09:13,2026-05-16 16:35:00,Sunland,0,
Priest Rapids Tailrace STH,1,G72C7163A,2026-05-14 19:09:13,2026-05-16 16:35:00,Wanapum BRZ,0,
Priest Rapids Tailrace STH,1,G72C7163A,2026-05-14 19:09:13,2026-05-16 16:35:00,Mattawa,0,
Priest Rapids Tailrace STH,1,G72C7163A,2026-05-14 19:09:13,2026-05-16 16:35:00,Priest BRZ,0,
Priest Rapids Tailrace STH,1,G72C7163A,2026-05-14 19:09:13,2026-05-16 16:35:00,Lower Ringold,1,2026-05-17 04:17:59
Priest Rapids Tailrace STH,1,G72C7163A,2026-05-14 19:09:13,2026-05-16 16:35:00,Hanford,1,2026-05-17 07:21:18
Priest Rapids Tailrace STH,1,G72C71A99,2026-05-10 17:57:49,2026-05-12 16:15:00,Crescent Bar,0,
Priest Rapids Tailrace STH,1,G72C71A99,2026-05-10 17:57:49,2026-05-12 16:15:00,Sunland,0,
Priest Rapids Tailrace STH,1,G72C71A99,2026-05-10 17:57:49,2026-05-12 16:15:00,Wanapum BRZ,0,
Priest Rapids Tailrace STH,1,G72C71A99,2026-05-10 17:57:49,2026-05-12 16:15:00,Mattawa,0,
Priest Rapids Tailrace STH,1,G72C71A99,2026-05-10 17:57:49,2026-05-12 16:15:00,Priest BRZ,0,
Priest Rapids Tailrace STH,1,G72C71A99,2026-05-10 17:57:49,2026-05-12 16:15:00,Lower Ringold,1,2026-05-14 03:38:59
Priest Rapids Tailrace STH,1,G72C71A99,2026-05-10 17:57:49,2026-05-12 16:15:00,Hanford,1,2026-05-14 06:44:57
Priest Rapids Tailrace STH,1,G72C73BE4,2026-05-14 19:11:02,2026-05-16 16:35:00,Crescent Bar,0,
Priest Rapids Tailrace STH,1,G72C73BE4,2026-05-14 19:11:02,2026-05-16 16:35:00,Sunland,0,
Priest Rapids Tailrace STH,1,G72C73BE4,2026-05-14 19:11:02,2026-05-16 16:35:00,Wanapum BRZ,0,
Priest Rapids Tailrace STH,1,G72C73BE4,2026-05-14 19:11:02,2026-05-16 16:35:00,Mattawa,0,
Priest Rapids Tailrace STH,1,G72C73BE4,2026-05-14 19:11:02,2026-05-16 16:35:00,Priest BRZ,0,
Priest Rapids Tailrace STH,1,G72C73BE4,2026-05-14 19:11:02,2026-05-16 16:35:00,Lower Ringold,1,2026-05-17 06:01:31
Priest Rapids Tailrace STH,1,G72C73BE4,2026-05-14 19:11:02,2026-05-16 16:35:00,Hanford,1,2026-05-17 09:14:59
Priest Rapids Tailrace STH,3,G72C9C132,2026-05-06 19:13:44,2026-05-09 16:31:00,Crescent Bar,0,
Priest Rapids Tailrace STH,3,G72C9C132,2026-05-06 19:13:44,2026-05-09 16:31:00,Sunland,0,
Priest Rapids Tailrace STH,3,G72C9C132,2026-05-06 19:13:44,2026-05-09 16:31:00,Wanapum BRZ,0,
Priest Rapids Tailrace STH,3,G72C9C132,2026-05-06 19:13:44,2026-05-09 16:31:00,Mattawa,0,
Priest Rapids Tailrace STH,3,G72C9C132,2026-05-06 19:13:44,2026-05-09 16:31:00,Priest BRZ,0,
Priest Rapids Tailrace STH,3,G72C9C132,2026-05-06 19:13:44,2026-05-09 16:31:00,Lower Ringold,0,
Priest Rapids Tailrace STH,3,G72C9C132,2026-05-06 19:13:44,2026-05-09 16:31:00,Hanford,0,
Priest Rapids Tailrace STH,1,G72CBBDF8,2026-05-07 18:14:28,2026-05-09 16:31:00,Crescent Bar,0,
Priest Rapids Tailrace STH,1,G72CBBDF8,2026-05-07 18:14:28,2026-05-09 16:31:00,Sunland,0,
Priest Rapids Tailrace STH,1,G72CBBDF8,2026-05-07 18:14:28,2026-05-09 16:31:00,Wanapum BRZ,0,
Priest Rapids Tailrace STH,1,G72CBBDF8,2026-05-07 18:14:28,2026-05-09 16:31:00,Mattawa,0,
Priest Rapids Tailrace STH,1,G72CBBDF8,2026-05-07 18:14:28,2026-05-09 16:31:00,Priest BRZ,0,
Priest Rapids Tailrace STH,1,G72CBBDF8,2026-05-07 18:14:28,2026-05-09 16:31:00,Lower Ringold,1,2026-05-10 04:30:13
Priest Rapids Tailrace STH,1,G72CBBDF8,2026-05-07 18:14:28,2026-05-09 16:31:00,Hanford,1,2026-05-10 07:46:29
Priest Rapids Tailrace STH,1,G72CE60AD,2026-05-12 19:04:20,2026-05-15 17:05:00,Crescent Bar,0,
Priest Rapids Tailrace STH,1,G72CE60AD,2026-05-12 19:04:20,2026-05-15 17:05:00,Sunland,0,
Priest Rapids Tailrace STH,1,G72CE60AD,2026-05-12 19:04:20,2026-05-15 17:05:00,Wanapum BRZ,0,
Priest Rapids Tailrace STH,1,G72CE60AD,2026-05-12 19:04:20,2026-05-15 17:05:00,Mattawa,0,
Priest Rapids Tailrace STH,1,G72CE60AD,2026-05-12 19:04:20,2026-05-15 17:05:00,Priest BRZ,0,
Priest Rapids Tailrace STH,1,G72CE60AD,2026-05-12 19:04:20,2026-05-15 17:05:00,Lower Ringold,1,2026-05-16 12:34:30
Priest Rapids Tailrace STH,1,G72CE60AD,2026-05-12 19:04:20,2026-05-15 17:05:00,Hanford,1,2026-05-16 15:31:09
Priest Rapids Tailrace STH,3,G72CF7316,2026-05-07 18:17:00,2026-05-09 16:31:00,Crescent Bar,0,
Priest Rapids Tailrace STH,3,G72CF7316,2026-05-07 18:17:00,2026-05-09 16:31:00,Sunland,0,
Priest Rapids Tailrace STH,3,G72CF7316,2026-05-07 18:17:00,2026-05-09 16:31:00,Wanapum BRZ,0,
Priest Rapids Tailrace STH,3,G72CF7316,2026-05-07 18:17:00,2026-05-09 16:31:00,Mattawa,0,
Priest Rapids Tailrace STH,3,G72CF7316,2026-05-07 18:17:00,2026-05-09 16:31:00,Priest BRZ,0,
Priest Rapids Tailrace STH,3,G72CF7316,2026-05-07 18:17:00,2026-05-09 16:31:00,Lower Ringold,1,2026-05-10 05:15:19
Priest Rapids Tailrace STH,3,G72CF7316,2026-05-07 18:17:00,2026-05-09 16:31:00,Hanford,1,2026-05-10 08:16:01
Priest Rapids Tailrace STH,1,G72D10503,2026-05-09 18:42:36,2026-05-11 16:32:00,Crescent Bar,0,
Priest Rapids Tailrace STH,1,G72D10503,2026-05-09 18:42:36,2026-05-11 16:32:00,Sunland,0,
Priest Rapids Tailrace STH,1,G72D10503,2026-05-09 18:42:36,2026-05-11 16:32:00,Wanapum BRZ,0,
Priest Rapids Tailrace STH,1,G72D10503,2026-05-09 18:42:36,2026-05-11 16:32:00,Mattawa,0,
Priest Rapids Tailrace STH,1,G72D10503,2026-05-09 18:42:36,2026-05-11 16:32:00,Priest BRZ,0,
Priest Rapids Tailrace STH,1,G72D10503,2026-05-09 18:42:36,2026-05-11 16:32:00,Lower Ringold,1,2026-05-12 04:02:33
Priest Rapids Tailrace STH,1,G72D10503,2026-05-09 18:42:36,2026-05-11 16:32:00,Hanford,1,2026-05-12 07:23:10
Priest Rapids Tailrace STH,1,G72D167DA,2026-05-06 19:12:23,2026-05-09 16:31:00,Crescent Bar,0,
Priest Rapids Tailrace STH,1,G72D167DA,2026-05-06 19:12:23,2026-05-09 16:31:00,Sunland,0,
Priest Rapids Tailrace STH,1,G72D167DA,2026-05-06 19:12:23,2026-05-09 16:31:00,Wanapum BRZ,0,
Priest Rapids Tailrace STH,1,G72D167DA,2026-05-06 19:12:23,2026-05-09 16:31:00,Mattawa,0,
Priest Rapids Tailrace STH,1,G72D167DA,2026-05-06 19:12:23,2026-05-09 16:31:00,Priest BRZ,0,
Priest Rapids Tailrace STH,1,G72D167DA,2026-05-06 19:12:23,2026-05-09 16:31:00,Lower Ringold,1,2026-05-10 05:02:13
Priest Rapids Tailrace STH,1,G72D167DA,2026-05-06 19:12:23,2026-05-09 16:31:00,Hanford,1,2026-05-10 08:24:58
Priest Rapids Tailrace STH,2,G72D235E8,2026-05-12 18:47:13,2026-05-15 17:05:00,Crescent Bar,0,
Priest Rapids Tailrace STH,2,G72D235E8,2026-05-12 18:47:13,2026-05-15 17:05:00,Sunland,0,
Priest Rapids Tailrace STH,2,G72D235E8,2026-05-12 18:47:13,2026-05-15 17:05:00,Wanapum BRZ,0,
Priest Rapids Tailrace STH,2,G72D235E8,2026-05-12 18:47:13,2026-05-15 17:05:00,Mattawa,0,
Priest Rapids Tailrace STH,2,G72D235E8,2026-05-12 18:47:13,2026-05-15 17:05:00,Priest BRZ,0,
Priest Rapids Tailrace STH,2,G72D235E8,2026-05-12 18:47:13,2026-05-15 17:05:00,Lower Ringold,1,2026-05-16 06:28:45
Priest Rapids Tailrace STH,2,G72D235E8,2026-05-12 18:47:13,2026-05-15 17:05:00,Hanford,1,2026-05-16 09:43:11
Priest Rapids Tailrace STH,1,G72D3F33B,2026-05-14 19:12:45,2026-05-16 16:35:00,Crescent Bar,0,
Priest Rapids Tailrace STH,1,G72D3F33B,2026-05-14 19:12:45,2026-05-16 16:35:00,Sunland,0,
Priest Rapids Tailrace STH,1,G72D3F33B,2026-05-14 19:12:45,2026-05-16 16:35:00,Wanapum BRZ,0,
Priest Rapids Tailrace STH,1,G72D3F33B,2026-05-14 19:12:45,2026-05-16 16:35:00,Mattawa,0,
Priest Rapids Tailrace STH,1,G72D3F33B,2026-05-14 19:12:45,2026-05-16 16:35:00,Priest BRZ,0,
Priest Rapids Tailrace STH,1,G72D3F33B,2026-05-14 19:12:45,2026-05-16 16:35:00,Lower Ringold,0,
Priest Rapids Tailrace STH,1,G72D3F33B,2026-05-14 19:12:45,2026-05-16 16:35:00,Hanford,0,
Priest Rapids Tailrace STH,1,G72D53925,2026-05-08 20:54:28,2026-05-10 16:20:00,Crescent Bar,0,
Priest Rapids Tailrace STH,1,G72D53925,2026-05-08 20:54:28,2026-05-10 16:20:00,Sunland,0,
Priest Rapids Tailrace STH,1,G72D53925,2026-05-08 20:54:28,2026-05-10 16:20:00,Wanapum BRZ,0,
Priest Rapids Tailrace STH,1,G72D53925,2026-05-08 20:54:28,2026-05-10 16:20:00,Mattawa,0,
Priest Rapids Tailrace STH,1,G72D53925,2026-05-08 20:54:28,2026-05-10 16:20:00,Priest BRZ,0,
Priest Rapids Tailrace STH,1,G72D53925,2026-05-08 20:54:28,2026-05-10 16:20:00,Lower Ringold,1,2026-05-11 02:36:23
Priest Rapids Tailrace STH,1,G72D53925,2026-05-08 20:54:28,2026-05-10 16:20:00,Hanford,1,2026-05-11 05:38:26
Priest Rapids Tailrace STH,1,G72D7706E,2026-05-06 18:52:07,2026-05-09 16:31:00,Crescent Bar,0,
Priest Rapids Tailrace STH,1,G72D7706E,2026-05-06 18:52:07,2026-05-09 16:31:00,Sunland,0,
Priest Rapids Tailrace STH,1,G72D7706E,2026-05-06 18:52:07,2026-05-09 16:31:00,Wanapum BRZ,0,
Priest Rapids Tailrace STH,1,G72D7706E,2026-05-06 18:52:07,2026-05-09 16:31:00,Mattawa,0,
Priest Rapids Tailrace STH,1,G72D7706E,2026-05-06 18:52:07,2026-05-09 16:31:00,Priest BRZ,0,
Priest Rapids Tailrace STH,1,G72D7706E,2026-05-06 18:52:07,2026-05-09 16:31:00,Lower Ringold,1,2026-05-10 12:54:35
Priest Rapids Tailrace STH,1,G72D7706E,2026-05-06 18:52:07,2026-05-09 16:31:00,Hanford,1,2026-05-10 15:27:34
Priest Rapids Tailrace STH,3,G72D894FE,2026-05-06 18:53:53,2026-05-09 16:31:00,Crescent Bar,0,
Priest Rapids Tailrace STH,3,G72D894FE,2026-05-06 18:53:53,2026-05-09 16:31:00,Sunland,0,
Priest Rapids Tailrace STH,3,G72D894FE,2026-05-06 18:53:53,2026-05-09 16:31:00,Wanapum BRZ,0,
Priest Rapids Tailrace STH,3,G72D894FE,2026-05-06 18:53:53,2026-05-09 16:31:00,Mattawa,0,
Priest Rapids Tailrace STH,3,G72D894FE,2026-05-06 18:53:53,2026-05-09 16:31:00,Priest BRZ,0,
Priest Rapids Tailrace STH,3,G72D894FE,2026-05-06 18:53:53,2026-05-09 16:31:00,Lower Ringold,1,2026-05-10 04:52:23
Priest Rapids Tailrace STH,3,G72D894FE,2026-05-06 18:53:53,2026-05-09 16:31:00,Hanford,1,2026-05-10 07:42:15
Priest Rapids Tailrace STH,1,G72D8E9FB,2026-05-09 18:27:00,2026-05-11 16:32:00,Crescent Bar,0,
Priest Rapids Tailrace STH,1,G72D8E9FB,2026-05-09 18:27:00,2026-05-11 16:32:00,Sunland,0,
Priest Rapids Tailrace STH,1,G72D8E9FB,2026-05-09 18:27:00,2026-05-11 16:32:00,Wanapum BRZ,0,
Priest Rapids Tailrace STH,1,G72D8E9FB,2026-05-09 18:27:00,2026-05-11 16:32:00,Mattawa,0,
Priest Rapids Tailrace STH,1,G72D8E9FB,2026-05-09 18:27:00,2026-05-11 16:32:00,Priest BRZ,0,
Priest Rapids Tailrace STH,1,G72D8E9FB,2026-05-09 18:27:00,2026-05-11 16:32:00,Lower Ringold,1,2026-05-14 12:29:06
Priest Rapids Tailrace STH,1,G72D8E9FB,2026-05-09 18:27:00,2026-05-11 16:32:00,Hanford,1,2026-05-14 15:57:56
Priest Rapids Tailrace STH,1,G72D91335,2026-05-11 18:02:44,2026-05-14 16:30:00,Crescent Bar,0,
Priest Rapids Tailrace STH,1,G72D91335,2026-05-11 18:02:44,2026-05-14 16:30:00,Sunland,0,
Priest Rapids Tailrace STH,1,G72D91335,2026-05-11 18:02:44,2026-05-14 16:30:00,Wanapum BRZ,0,
Priest Rapids Tailrace STH,1,G72D91335,2026-05-11 18:02:44,2026-05-14 16:30:00,Mattawa,0,
Priest Rapids Tailrace STH,1,G72D91335,2026-05-11 18:02:44,2026-05-14 16:30:00,Priest BRZ,0,
Priest Rapids Tailrace STH,1,G72D91335,2026-05-11 18:02:44,2026-05-14 16:30:00,Lower Ringold,1,2026-05-15 06:40:25
Priest Rapids Tailrace STH,1,G72D91335,2026-05-11 18:02:44,2026-05-14 16:30:00,Hanford,1,2026-05-15 09:42:46
Priest Rapids Tailrace STH,1,G72D92556,2026-05-11 18:07:16,2026-05-14 16:30:00,Crescent Bar,0,
Priest Rapids Tailrace STH,1,G72D92556,2026-05-11 18:07:16,2026-05-14 16:30:00,Sunland,0,
Priest Rapids Tailrace STH,1,G72D92556,2026-05-11 18:07:16,2026-05-14 16:30:00,Wanapum BRZ,0,
Priest Rapids Tailrace STH,1,G72D92556,2026-05-11 18:07:16,2026-05-14 16:30:00,Mattawa,0,
Priest Rapids Tailrace STH,1,G72D92556,2026-05-11 18:07:16,2026-05-14 16:30:00,Priest BRZ,0,
Priest Rapids Tailrace STH,1,G72D92556,2026-05-11 18:07:16,2026-05-14 16:30:00,Lower Ringold,1,2026-05-15 02:38:48
Priest Rapids Tailrace STH,1,G72D92556,2026-05-11 18:07:16,2026-05-14 16:30:00,Hanford,1,2026-05-15 06:05:10
Priest Rapids Tailrace STH,2,G72D9B2C4,2026-05-12 18:58:17,2026-05-15 17:05:00,Crescent Bar,0,
Priest Rapids Tailrace STH,2,G72D9B2C4,2026-05-12 18:58:17,2026-05-15 17:05:00,Sunland,0,
Priest Rapids Tailrace STH,2,G72D9B2C4,2026-05-12 18:58:17,2026-05-15 17:05:00,Wanapum BRZ,0,
Priest Rapids Tailrace STH,2,G72D9B2C4,2026-05-12 18:58:17,2026-05-15 17:05:00,Mattawa,0,
Priest Rapids Tailrace STH,2,G72D9B2C4,2026-05-12 18:58:17,2026-05-15 17:05:00,Priest BRZ,0,
Priest Rapids Tailrace STH,2,G72D9B2C4,2026-05-12 18:58:17,2026-05-15 17:05:00,Lower Ringold,1,2026-05-16 03:56:09
Priest Rapids Tailrace STH,2,G72D9B2C4,2026-05-12 18:58:17,2026-05-15 17:05:00,Hanford,1,2026-05-16 06:58:19
Priest Rapids Tailrace STH,3,G72DCAE05,2026-05-09 18:24:44,2026-05-11 16:32:00,Crescent Bar,0,
Priest Rapids Tailrace STH,3,G72DCAE05,2026-05-09 18:24:44,2026-05-11 16:32:00,Sunland,0,
Priest Rapids Tailrace STH,3,G72DCAE05,2026-05-09 18:24:44,2026-05-11 16:32:00,Wanapum BRZ,0,
Priest Rapids Tailrace STH,3,G72DCAE05,2026-05-09 18:24:44,2026-05-11 16:32:00,Mattawa,0,
Priest Rapids Tailrace STH,3,G72DCAE05,2026-05-09 18:24:44,2026-05-11 16:32:00,Priest BRZ,0,
Priest Rapids Tailrace STH,3,G72DCAE05,2026-05-09 18:24:44,2026-05-11 16:32:00,Lower Ringold,1,2026-05-12 02:57:12
Priest Rapids Tailrace STH,3,G72DCAE05,2026-05-09 18:24:44,2026-05-11 16:32:00,Hanford,1,2026-05-12 05:51:19
Priest Rapids Tailrace STH,3,G72DCBFC6,2026-05-11 17:53:57,2026-05-14 16:30:00,Crescent Bar,0,
Priest Rapids Tailrace STH,3,G72DCBFC6,2026-05-11 17:53:57,2026-05-14 16:30:00,Sunland,0,
Priest Rapids Tailrace STH,3,G72DCBFC6,2026-05-11 17:53:57,2026-05-14 16:30:00,Wanapum BRZ,0,
Priest Rapids Tailrace STH,3,G72DCBFC6,2026-05-11 17:53:57,2026-05-14 16:30:00,Mattawa,0,
Priest Rapids Tailrace STH,3,G72DCBFC6,2026-05-11 17:53:57,2026-05-14 16:30:00,Priest BRZ,0,
Priest Rapids Tailrace STH,3,G72DCBFC6,2026-05-11 17:53:57,2026-05-14 16:30:00,Lower Ringold,1,2026-05-15 11:38:53
Priest Rapids Tailrace STH,3,G72DCBFC6,2026-05-11 17:53:57,2026-05-14 16:30:00,Hanford,1,2026-05-15 14:46:34
Priest Rapids Tailrace STH,2,G72DD7FC8,2026-05-12 18:44:03,2026-05-15 17:05:00,Crescent Bar,0,
Priest Rapids Tailrace STH,2,G72DD7FC8,2026-05-12 18:44:03,2026-05-15 17:05:00,Sunland,0,
Priest Rapids Tailrace STH,2,G72DD7FC8,2026-05-12 18:44:03,2026-05-15 17:05:00,Wanapum BRZ,0,
Priest Rapids Tailrace STH,2,G72DD7FC8,2026-05-12 18:44:03,2026-05-15 17:05:00,Mattawa,0,
Priest Rapids Tailrace STH,2,G72DD7FC8,2026-05-12 18:44:03,2026-05-15 17:05:00,Priest BRZ,0,
Priest Rapids Tailrace STH,2,G72DD7FC8,2026-05-12 18:44:03,2026-05-15 17:05:00,Lower Ringold,0,
Priest Rapids Tailrace STH,2,G72DD7FC8,2026-05-12 18:44:03,2026-05-15 17:05:00,Hanford,0,
Priest Rapids Tailrace STH,3,G72DEF9CC,2026-05-06 21:37:37,2026-05-09 16:31:00,Crescent Bar,0,
Priest Rapids Tailrace STH,3,G72DEF9CC,2026-05-06 21:37:37,2026-05-09 16:31:00,Sunland,0,
Priest Rapids Tailrace STH,3,G72DEF9CC,2026-05-06 21:37:37,2026-05-09 16:31:00,Wanapum BRZ,0,
Priest Rapids Tailrace STH,3,G72DEF9CC,2026-05-06 21:37:37,2026-05-09 16:31:00,Mattawa,0,
Priest Rapids Tailrace STH,3,G72DEF9CC,2026-05-06 21:37:37,2026-05-09 16:31:00,Priest BRZ,0,
Priest Rapids Tailrace STH,3,G72DEF9CC,2026-05-06 21:37:37,2026-05-09 16:31:00,Lower Ringold,1,2026-05-10 11:46:25
Priest Rapids Tailrace STH,3,G72DEF9CC,2026-05-06 21:37:37,2026-05-09 16:31:00,Hanford,1,2026-05-11 04:18:33
Priest Rapids Tailrace STH,1,G72E28AB6,2026-05-09 18:37:14,2026-05-11 16:32:00,Crescent Bar,0,
Priest Rapids Tailrace STH,1,G72E28AB6,2026-05-09 18:37:14,2026-05-11 16:32:00,Sunland,0,
Priest Rapids Tailrace STH,1,G72E28AB6,2026-05-09 18:37:14,2026-05-11 16:32:00,Wanapum BRZ,0,
Priest Rapids Tailrace STH,1,G72E28AB6,2026-05-09 18:37:14,2026-05-11 16:32:00,Mattawa,0,
Priest Rapids Tailrace STH,1,G72E28AB6,2026-05-09 18:37:14,2026-05-11 16:32:00,Priest BRZ,0,
Priest Rapids Tailrace STH,1,G72E28AB6,2026-05-09 18:37:14,2026-05-11 16:32:00,Lower Ringold,1,2026-05-12 03:23:32
Priest Rapids Tailrace STH,1,G72E28AB6,2026-05-09 18:37:14,2026-05-11 16:32:00,Hanford,1,2026-05-12 06:26:07
Priest Rapids Tailrace STH,3,G72E37078,2026-05-11 18:03:11,2026-05-14 16:30:00,Crescent Bar,0,
Priest Rapids Tailrace STH,3,G72E37078,2026-05-11 18:03:11,2026-05-14 16:30:00,Sunland,0,
Priest Rapids Tailrace STH,3,G72E37078,2026-05-11 18:03:11,2026-05-14 16:30:00,Wanapum BRZ,0,
Priest Rapids Tailrace STH,3,G72E37078,2026-05-11 18:03:11,2026-05-14 16:30:00,Mattawa,0,
Priest Rapids Tailrace STH,3,G72E37078,2026-05-11 18:03:11,2026-05-14 16:30:00,Priest BRZ,0,
Priest Rapids Tailrace STH,3,G72E37078,2026-05-11 18:03:11,2026-05-14 16:30:00,Lower Ringold,1,2026-05-15 15:22:44
Priest Rapids Tailrace STH,3,G72E37078,2026-05-11 18:03:11,2026-05-14 16:30:00,Hanford,1,2026-05-15 20:24:39
Priest Rapids Tailrace STH,3,G72E4BEC3,2026-05-06 18:52:40,2026-05-09 16:31:00,Crescent Bar,0,
Priest Rapids Tailrace STH,3,G72E4BEC3,2026-05-06 18:52:40,2026-05-09 16:31:00,Sunland,0,
Priest Rapids Tailrace STH,3,G72E4BEC3,2026-05-06 18:52:40,2026-05-09 16:31:00,Wanapum BRZ,0,
Priest Rapids Tailrace STH,3,G72E4BEC3,2026-05-06 18:52:40,2026-05-09 16:31:00,Mattawa,0,
Priest Rapids Tailrace STH,3,G72E4BEC3,2026-05-06 18:52:40,2026-05-09 16:31:00,Priest BRZ,0,
Priest Rapids Tailrace STH,3,G72E4BEC3,2026-05-06 18:52:40,2026-05-09 16:31:00,Lower Ringold,0,
Priest Rapids Tailrace STH,3,G72E4BEC3,2026-05-06 18:52:40,2026-05-09 16:31:00,Hanford,0,
Priest Rapids Tailrace STH,1,G72E650A4,2026-05-10 17:58:13,2026-05-12 16:15:00,Crescent Bar,0,
Priest Rapids Tailrace STH,1,G72E650A4,2026-05-10 17:58:13,2026-05-12 16:15:00,Sunland,0,
Priest Rapids Tailrace STH,1,G72E650A4,2026-05-10 17:58:13,2026-05-12 16:15:00,Wanapum BRZ,0,
Priest Rapids Tailrace STH,1,G72E650A4,2026-05-10 17:58:13,2026-05-12 16:15:00,Mattawa,0,
Priest Rapids Tailrace STH,1,G72E650A4,2026-05-10 17:58:13,2026-05-12 16:15:00,Priest BRZ,0,
Priest Rapids Tailrace STH,1,G72E650A4,2026-05-10 17:58:13,2026-05-12 16:15:00,Lower Ringold,1,2026-05-13 03:15:38
Priest Rapids Tailrace STH,1,G72E650A4,2026-05-10 17:58:13,2026-05-12 16:15:00,Hanford,1,2026-05-13 06:16:23
Priest Rapids Tailrace STH,1,G72E908A5,2026-05-08 20:48:22,2026-05-10 16:20:00,Crescent Bar,0,
Priest Rapids Tailrace STH,1,G72E908A5,2026-05-08 20:48:22,2026-05-10 16:20:00,Sunland,0,
Priest Rapids Tailrace STH,1,G72E908A5,2026-05-08 20:48:22,2026-05-10 16:20:00,Wanapum BRZ,0,
Priest Rapids Tailrace STH,1,G72E908A5,2026-05-08 20:48:22,2026-05-10 16:20:00,Mattawa,0,
Priest Rapids Tailrace STH,1,G72E908A5,2026-05-08 20:48:22,2026-05-10 16:20:00,Priest BRZ,0,
Priest Rapids Tailrace STH,1,G72E908A5,2026-05-08 20:48:22,2026-05-10 16:20:00,Lower Ringold,1,2026-05-12 11:44:40
Priest Rapids Tailrace STH,1,G72E908A5,2026-05-08 20:48:22,2026-05-10 16:20:00,Hanford,1,2026-05-14 06:47:52
Priest Rapids Tailrace STH,2,G72E98BCB,2026-05-12 18:58:41,2026-05-15 17:05:00,Crescent Bar,0,
Priest Rapids Tailrace STH,2,G72E98BCB,2026-05-12 18:58:41,2026-05-15 17:05:00,Sunland,0,
Priest Rapids Tailrace STH,2,G72E98BCB,2026-05-12 18:58:41,2026-05-15 17:05:00,Wanapum BRZ,0,
Priest Rapids Tailrace STH,2,G72E98BCB,2026-05-12 18:58:41,2026-05-15 17:05:00,Mattawa,0,
Priest Rapids Tailrace STH,2,G72E98BCB,2026-05-12 18:58:41,2026-05-15 17:05:00,Priest BRZ,0,
Priest Rapids Tailrace STH,2,G72E98BCB,2026-05-12 18:58:41,2026-05-15 17:05:00,Lower Ringold,1,2026-05-16 07:38:57
Priest Rapids Tailrace STH,2,G72E98BCB,2026-05-12 18:58:41,2026-05-15 17:05:00,Hanford,1,2026-05-16 10:56:18
Priest Rapids Tailrace STH,1,G72EB9A99,2026-05-08 20:42:53,2026-05-10 16:20:00,Crescent Bar,0,
Priest Rapids Tailrace STH,1,G72EB9A99,2026-05-08 20:42:53,2026-05-10 16:20:00,Sunland,0,
Priest Rapids Tailrace STH,1,G72EB9A99,2026-05-08 20:42:53,2026-05-10 16:20:00,Wanapum BRZ,0,
Priest Rapids Tailrace STH,1,G72EB9A99,2026-05-08 20:42:53,2026-05-10 16:20:00,Mattawa,0,
Priest Rapids Tailrace STH,1,G72EB9A99,2026-05-08 20:42:53,2026-05-10 16:20:00,Priest BRZ,0,
Priest Rapids Tailrace STH,1,G72EB9A99,2026-05-08 20:42:53,2026-05-10 16:20:00,Lower Ringold,1,2026-05-11 08:00:51
Priest Rapids Tailrace STH,1,G72EB9A99,2026-05-08 20:42:53,2026-05-10 16:20:00,Hanford,1,2026-05-11 11:21:00
Priest Rapids Tailrace STH,2,G72EDBF2F,2026-05-11 18:03:40,2026-05-14 16:30:00,Crescent Bar,0,
Priest Rapids Tailrace STH,2,G72EDBF2F,2026-05-11 18:03:40,2026-05-14 16:30:00,Sunland,0,
Priest Rapids Tailrace STH,2,G72EDBF2F,2026-05-11 18:03:40,2026-05-14 16:30:00,Wanapum BRZ,0,
Priest Rapids Tailrace STH,2,G72EDBF2F,2026-05-11 18:03:40,2026-05-14 16:30:00,Mattawa,0,
Priest Rapids Tailrace STH,2,G72EDBF2F,2026-05-11 18:03:40,2026-05-14 16:30:00,Priest BRZ,0,
Priest Rapids Tailrace STH,2,G72EDBF2F,2026-05-11 18:03:40,2026-05-14 16:30:00,Lower Ringold,1,2026-05-15 05:39:21
Priest Rapids Tailrace STH,2,G72EDBF2F,2026-05-11 18:03:40,2026-05-14 16:30:00,Hanford,1,2026-05-15 08:29:58
Priest Rapids Tailrace STH,2,G72EF5B36,2026-05-10 17:48:51,2026-05-12 16:15:00,Crescent Bar,0,
Priest Rapids Tailrace STH,2,G72EF5B36,2026-05-10 17:48:51,2026-05-12 16:15:00,Sunland,0,
Priest Rapids Tailrace STH,2,G72EF5B36,2026-05-10 17:48:51,2026-05-12 16:15:00,Wanapum BRZ,0,
Priest Rapids Tailrace STH,2,G72EF5B36,2026-05-10 17:48:51,2026-05-12 16:15:00,Mattawa,0,
Priest Rapids Tailrace STH,2,G72EF5B36,2026-05-10 17:48:51,2026-05-12 16:15:00,Priest BRZ,0,
Priest Rapids Tailrace STH,2,G72EF5B36,2026-05-10 17:48:51,2026-05-12 16:15:00,Lower Ringold,1,2026-05-13 04:35:08
Priest Rapids Tailrace STH,2,G72EF5B36,2026-05-10 17:48:51,2026-05-12 16:15:00,Hanford,1,2026-05-13 08:06:13
Priest Rapids Tailrace STH,3,G72F0BE14,2026-05-08 20:52:44,2026-05-10 16:20:00,Crescent Bar,0,
Priest Rapids Tailrace STH,3,G72F0BE14,2026-05-08 20:52:44,2026-05-10 16:20:00,Sunland,0,
Priest Rapids Tailrace STH,3,G72F0BE14,2026-05-08 20:52:44,2026-05-10 16:20:00,Wanapum BRZ,0,
Priest Rapids Tailrace STH,3,G72F0BE14,2026-05-08 20:52:44,2026-05-10 16:20:00,Mattawa,0,
Priest Rapids Tailrace STH,3,G72F0BE14,2026-05-08 20:52:44,2026-05-10 16:20:00,Priest BRZ,0,
Priest Rapids Tailrace STH,3,G72F0BE14,2026-05-08 20:52:44,2026-05-10 16:20:00,Lower Ringold,1,2026-05-12 00:12:53
Priest Rapids Tailrace STH,3,G72F0BE14,2026-05-08 20:52:44,2026-05-10 16:20:00,Hanford,1,2026-05-12 03:10:29
Priest Rapids Tailrace STH,1,G72F0D2D2,2026-05-07 18:13:29,2026-05-09 16:31:00,Crescent Bar,0,
Priest Rapids Tailrace STH,1,G72F0D2D2,2026-05-07 18:13:29,2026-05-09 16:31:00,Sunland,0,
Priest Rapids Tailrace STH,1,G72F0D2D2,2026-05-07 18:13:29,2026-05-09 16:31:00,Wanapum BRZ,0,
Priest Rapids Tailrace STH,1,G72F0D2D2,2026-05-07 18:13:29,2026-05-09 16:31:00,Mattawa,0,
Priest Rapids Tailrace STH,1,G72F0D2D2,2026-05-07 18:13:29,2026-05-09 16:31:00,Priest BRZ,0,
Priest Rapids Tailrace STH,1,G72F0D2D2,2026-05-07 18:13:29,2026-05-09 16:31:00,Lower Ringold,1,2026-05-10 04:47:11
Priest Rapids Tailrace STH,1,G72F0D2D2,2026-05-07 18:13:29,2026-05-09 16:31:00,Hanford,1,2026-05-10 09:12:05
Priest Rapids Tailrace STH,1,G72F2A2BB,2026-05-12 18:48:06,2026-05-15 17:05:00,Crescent Bar,0,
Priest Rapids Tailrace STH,1,G72F2A2BB,2026-05-12 18:48:06,2026-05-15 17:05:00,Sunland,0,
Priest Rapids Tailrace STH,1,G72F2A2BB,2026-05-12 18:48:06,2026-05-15 17:05:00,Wanapum BRZ,0,
Priest Rapids Tailrace STH,1,G72F2A2BB,2026-05-12 18:48:06,2026-05-15 17:05:00,Mattawa,0,
Priest Rapids Tailrace STH,1,G72F2A2BB,2026-05-12 18:48:06,2026-05-15 17:05:00,Priest BRZ,0,
Priest Rapids Tailrace STH,1,G72F2A2BB,2026-05-12 18:48:06,2026-05-15 17:05:00,Lower Ringold,1,2026-05-16 04:43:00
Priest Rapids Tailrace STH,1,G72F2A2BB,2026-05-12 18:48:06,2026-05-15 17:05:00,Hanford,1,2026-05-16 07:52:57
Priest Rapids Tailrace STH,1,G72F2BD67,2026-05-07 18:30:01,2026-05-09 16:31:00,Crescent Bar,0,
Priest Rapids Tailrace STH,1,G72F2BD67,2026-05-07 18:30:01,2026-05-09 16:31:00,Sunland,0,
Priest Rapids Tailrace STH,1,G72F2BD67,2026-05-07 18:30:01,2026-05-09 16:31:00,Wanapum BRZ,0,
Priest Rapids Tailrace STH,1,G72F2BD67,2026-05-07 18:30:01,2026-05-09 16:31:00,Mattawa,0,
Priest Rapids Tailrace STH,1,G72F2BD67,2026-05-07 18:30:01,2026-05-09 16:31:00,Priest BRZ,0,
Priest Rapids Tailrace STH,1,G72F2BD67,2026-05-07 18:30:01,2026-05-09 16:31:00,Lower Ringold,1,2026-05-10 03:56:03
Priest Rapids Tailrace STH,1,G72F2BD67,2026-05-07 18:30:01,2026-05-09 16:31:00,Hanford,1,2026-05-10 07:00:15
Priest Rapids Tailrace STH,2,G72F42B01,2026-05-11 17:57:57,2026-05-14 16:30:00,Crescent Bar,0,
Priest Rapids Tailrace STH,2,G72F42B01,2026-05-11 17:57:57,2026-05-14 16:30:00,Sunland,0,
Priest Rapids Tailrace STH,2,G72F42B01,2026-05-11 17:57:57,2026-05-14 16:30:00,Wanapum BRZ,0,
Priest Rapids Tailrace STH,2,G72F42B01,2026-05-11 17:57:57,2026-05-14 16:30:00,Mattawa,0,
Priest Rapids Tailrace STH,2,G72F42B01,2026-05-11 17:57:57,2026-05-14 16:30:00,Priest BRZ,0,
Priest Rapids Tailrace STH,2,G72F42B01,2026-05-11 17:57:57,2026-05-14 16:30:00,Lower Ringold,1,2026-05-15 05:15:39
Priest Rapids Tailrace STH,2,G72F42B01,2026-05-11 17:57:57,2026-05-14 16:30:00,Hanford,1,2026-05-15 08:34:24
Priest Rapids Tailrace STH,1,G72F55E02,2026-05-06 18:54:50,2026-05-09 16:31:00,Crescent Bar,0,
Priest Rapids Tailrace STH,1,G72F55E02,2026-05-06 18:54:50,2026-05-09 16:31:00,Sunland,0,
Priest Rapids Tailrace STH,1,G72F55E02,2026-05-06 18:54:50,2026-05-09 16:31:00,Wanapum BRZ,0,
Priest Rapids Tailrace STH,1,G72F55E02,2026-05-06 18:54:50,2026-05-09 16:31:00,Mattawa,0,
Priest Rapids Tailrace STH,1,G72F55E02,2026-05-06 18:54:50,2026-05-09 16:31:00,Priest BRZ,0,
Priest Rapids Tailrace STH,1,G72F55E02,2026-05-06 18:54:50,2026-05-09 16:31:00,Lower Ringold,1,2026-05-10 11:35:22
Priest Rapids Tailrace STH,1,G72F55E02,2026-05-06 18:54:50,2026-05-09 16:31:00,Hanford,1,2026-05-12 05:18:44
Priest Rapids Tailrace STH,2,G72F71BEA,2026-05-07 18:32:16,2026-05-09 16:31:00,Crescent Bar,0,
Priest Rapids Tailrace STH,2,G72F71BEA,2026-05-07 18:32:16,2026-05-09 16:31:00,Sunland,0,
Priest Rapids Tailrace STH,2,G72F71BEA,2026-05-07 18:32:16,2026-05-09 16:31:00,Wanapum BRZ,0,
Priest Rapids Tailrace STH,2,G72F71BEA,2026-05-07 18:32:16,2026-05-09 16:31:00,Mattawa,0,
Priest Rapids Tailrace STH,2,G72F71BEA,2026-05-07 18:32:16,2026-05-09 16:31:00,Priest BRZ,0,
Priest Rapids Tailrace STH,2,G72F71BEA,2026-05-07 18:32:16,2026-05-09 16:31:00,Lower Ringold,0,
Priest Rapids Tailrace STH,2,G72F71BEA,2026-05-07 18:32:16,2026-05-09 16:31:00,Hanford,0,
Priest Rapids Tailrace STH,2,G72F8E599,2026-05-09 18:28:01,2026-05-11 16:32:00,Crescent Bar,0,
Priest Rapids Tailrace STH,2,G72F8E599,2026-05-09 18:28:01,2026-05-11 16:32:00,Sunland,0,
Priest Rapids Tailrace STH,2,G72F8E599,2026-05-09 18:28:01,2026-05-11 16:32:00,Wanapum BRZ,0,
Priest Rapids Tailrace STH,2,G72F8E599,2026-05-09 18:28:01,2026-05-11 16:32:00,Mattawa,0,
Priest Rapids Tailrace STH,2,G72F8E599,2026-05-09 18:28:01,2026-05-11 16:32:00,Priest BRZ,0,
Priest Rapids Tailrace STH,2,G72F8E599,2026-05-09 18:28:01,2026-05-11 16:32:00,Lower Ringold,1,2026-05-13 20:23:25
Priest Rapids Tailrace STH,2,G72F8E599,2026-05-09 18:28:01,2026-05-11 16:32:00,Hanford,1,2026-05-14 01:10:00
Priest Rapids Tailrace STH,2,G72F94F8C,2026-05-09 18:41:24,2026-05-11 16:32:00,Crescent Bar,0,
Priest Rapids Tailrace STH,2,G72F94F8C,2026-05-09 18:41:24,2026-05-11 16:32:00,Sunland,0,
Priest Rapids Tailrace STH,2,G72F94F8C,2026-05-09 18:41:24,2026-05-11 16:32:00,Wanapum BRZ,0,
Priest Rapids Tailrace STH,2,G72F94F8C,2026-05-09 18:41:24,2026-05-11 16:32:00,Mattawa,0,
Priest Rapids Tailrace STH,2,G72F94F8C,2026-05-09 18:41:24,2026-05-11 16:32:00,Priest BRZ,0,
Priest Rapids Tailrace STH,2,G72F94F8C,2026-05-09 18:41:24,2026-05-11 16:32:00,Lower Ringold,1,2026-05-18 06:17:19
Priest Rapids Tailrace STH,2,G72F94F8C,2026-05-09 18:41:24,2026-05-11 16:32:00,Hanford,1,2026-05-18 09:09:36
Rock Island Tailrace CHN,2,G72013C79,2026-05-04 15:55:03,2026-05-06 16:04:00,Crescent Bar,1,2026-05-07 00:30:04
Rock Island Tailrace CHN,2,G72013C79,2026-05-04 15:55:03,2026-05-06 16:04:00,Sunland,1,2026-05-07 10:03:16
Rock Island Tailrace CHN,2,G72013C79,2026-05-04 15:55:03,2026-05-06 16:04:00,Wanapum BRZ,1,2026-05-08 14:53:15
Rock Island Tailrace CHN,2,G72013C79,2026-05-04 15:55:03,2026-05-06 16:04:00,Mattawa,1,2026-05-08 20:12:02
Rock Island Tailrace CHN,2,G72013C79,2026-05-04 15:55:03,2026-05-06 16:04:00,Priest BRZ,1,2026-05-09 06:42:23
Rock Island Tailrace CHN,2,G72013C79,2026-05-04 15:55:03,2026-05-06 16:04:00,Lower Ringold,1,2026-05-09 22:03:02
Rock Island Tailrace CHN,2,G72013C79,2026-05-04 15:55:03,2026-05-06 16:04:00,Hanford,1,2026-05-10 01:57:14
Rock Island Tailrace CHN,2,G72029A5E,2026-04-28 19:00:37,2026-04-30 15:42:00,Crescent Bar,1,2026-05-01 04:54:27
Rock Island Tailrace CHN,2,G72029A5E,2026-04-28 19:00:37,2026-04-30 15:42:00,Sunland,1,2026-05-02 00:00:14
Rock Island Tailrace CHN,2,G72029A5E,2026-04-28 19:00:37,2026-04-30 15:42:00,Wanapum BRZ,1,2026-05-03 23:52:12
Rock Island Tailrace CHN,2,G72029A5E,2026-04-28 19:00:37,2026-04-30 15:42:00,Mattawa,1,2026-05-11 12:21:32
Rock Island Tailrace CHN,2,G72029A5E,2026-04-28 19:00:37,2026-04-30 15:42:00,Priest BRZ,1,2026-05-12 11:38:16
Rock Island Tailrace CHN,2,G72029A5E,2026-04-28 19:00:37,2026-04-30 15:42:00,Lower Ringold,0,
Rock Island Tailrace CHN,2,G72029A5E,2026-04-28 19:00:37,2026-04-30 15:42:00,Hanford,0,
Rock Island Tailrace CHN,2,G72034730,2026-05-04 16:26:22,2026-05-06 16:04:00,Crescent Bar,1,2026-05-08 06:30:27
Rock Island Tailrace CHN,2,G72034730,2026-05-04 16:26:22,2026-05-06 16:04:00,Sunland,0,
Rock Island Tailrace CHN,2,G72034730,2026-05-04 16:26:22,2026-05-06 16:04:00,Wanapum BRZ,0,
Rock Island Tailrace CHN,2,G72034730,2026-05-04 16:26:22,2026-05-06 16:04:00,Mattawa,0,
Rock Island Tailrace CHN,2,G72034730,2026-05-04 16:26:22,2026-05-06 16:04:00,Priest BRZ,0,
Rock Island Tailrace CHN,2,G72034730,2026-05-04 16:26:22,2026-05-06 16:04:00,Lower Ringold,0,
Rock Island Tailrace CHN,2,G72034730,2026-05-04 16:26:22,2026-05-06 16:04:00,Hanford,0,
Rock Island Tailrace CHN,2,G7203CC9C,2026-05-04 15:55:32,2026-05-06 16:04:00,Crescent Bar,1,2026-05-06 22:56:41
Rock Island Tailrace CHN,2,G7203CC9C,2026-05-04 15:55:32,2026-05-06 16:04:00,Sunland,1,2026-05-07 18:59:38
Rock Island Tailrace CHN,2,G7203CC9C,2026-05-04 15:55:32,2026-05-06 16:04:00,Wanapum BRZ,1,2026-05-10 08:55:38
Rock Island Tailrace CHN,2,G7203CC9C,2026-05-04 15:55:32,2026-05-06 16:04:00,Mattawa,1,2026-05-12 12:48:54
Rock Island Tailrace CHN,2,G7203CC9C,2026-05-04 15:55:32,2026-05-06 16:04:00,Priest BRZ,1,2026-05-12 23:42:32
Rock Island Tailrace CHN,2,G7203CC9C,2026-05-04 15:55:32,2026-05-06 16:04:00,Lower Ringold,1,2026-05-13 13:03:00
Rock Island Tailrace CHN,2,G7203CC9C,2026-05-04 15:55:32,2026-05-06 16:04:00,Hanford,1,2026-05-13 16:36:35
Rock Island Tailrace CHN,2,G720404FA,2026-05-04 16:26:54,2026-05-06 16:04:00,Crescent Bar,1,2026-05-07 09:34:29
Rock Island Tailrace CHN,2,G720404FA,2026-05-04 16:26:54,2026-05-06 16:04:00,Sunland,1,2026-05-08 00:15:49
Rock Island Tailrace CHN,2,G720404FA,2026-05-04 16:26:54,2026-05-06 16:04:00,Wanapum BRZ,1,2026-05-09 18:36:03
Rock Island Tailrace CHN,2,G720404FA,2026-05-04 16:26:54,2026-05-06 16:04:00,Mattawa,1,2026-05-10 08:06:59
Rock Island Tailrace CHN,2,G720404FA,2026-05-04 16:26:54,2026-05-06 16:04:00,Priest BRZ,1,2026-05-10 21:01:59
Rock Island Tailrace CHN,2,G720404FA,2026-05-04 16:26:54,2026-05-06 16:04:00,Lower Ringold,1,2026-05-11 16:56:24
Rock Island Tailrace CHN,2,G720404FA,2026-05-04 16:26:54,2026-05-06 16:04:00,Hanford,1,2026-05-11 21:51:22
Rock Island Tailrace CHN,2,G72074655,2026-05-03 17:48:36,2026-05-05 16:45:00,Crescent Bar,1,2026-05-06 01:36:05
Rock Island Tailrace CHN,2,G72074655,2026-05-03 17:48:36,2026-05-05 16:45:00,Sunland,1,2026-05-06 19:32:48
Rock Island Tailrace CHN,2,G72074655,2026-05-03 17:48:36,2026-05-05 16:45:00,Wanapum BRZ,1,2026-05-09 08:22:45
Rock Island Tailrace CHN,2,G72074655,2026-05-03 17:48:36,2026-05-05 16:45:00,Mattawa,1,2026-05-09 19:16:48
Rock Island Tailrace CHN,2,G72074655,2026-05-03 17:48:36,2026-05-05 16:45:00,Priest BRZ,1,2026-05-10 05:51:19
Rock Island Tailrace CHN,2,G72074655,2026-05-03 17:48:36,2026-05-05 16:45:00,Lower Ringold,1,2026-05-10 17:57:18
Rock Island Tailrace CHN,2,G72074655,2026-05-03 17:48:36,2026-05-05 16:45:00,Hanford,1,2026-05-10 21:23:00
Rock Island Tailrace CHN,2,G7207CF45,2026-05-03 18:09:02,2026-05-05 16:45:00,Crescent Bar,1,2026-05-05 22:56:34
Rock Island Tailrace CHN,2,G7207CF45,2026-05-03 18:09:02,2026-05-05 16:45:00,Sunland,1,2026-05-06 12:34:08
Rock Island Tailrace CHN,2,G7207CF45,2026-05-03 18:09:02,2026-05-05 16:45:00,Wanapum BRZ,1,2026-05-10 10:33:59
Rock Island Tailrace CHN,2,G7207CF45,2026-05-03 18:09:02,2026-05-05 16:45:00,Mattawa,1,2026-05-10 13:06:32
Rock Island Tailrace CHN,2,G7207CF45,2026-05-03 18:09:02,2026-05-05 16:45:00,Priest BRZ,1,2026-05-11 07:36:33
Rock Island Tailrace CHN,2,G7207CF45,2026-05-03 18:09:02,2026-05-05 16:45:00,Lower Ringold,1,2026-05-11 20:38:12
Rock Island Tailrace CHN,2,G7207CF45,2026-05-03 18:09:02,2026-05-05 16:45:00,Hanford,1,2026-05-12 00:27:13
Rock Island Tailrace CHN,3,G720819D7,2026-05-04 16:18:38,2026-05-06 16:04:00,Crescent Bar,1,2026-05-07 05:12:25
Rock Island Tailrace CHN,3,G720819D7,2026-05-04 16:18:38,2026-05-06 16:04:00,Sunland,1,2026-05-08 08:51:05
Rock Island Tailrace CHN,3,G720819D7,2026-05-04 16:18:38,2026-05-06 16:04:00,Wanapum BRZ,1,2026-05-11 01:16:40
Rock Island Tailrace CHN,3,G720819D7,2026-05-04 16:18:38,2026-05-06 16:04:00,Mattawa,1,2026-05-11 06:10:32
Rock Island Tailrace CHN,3,G720819D7,2026-05-04 16:18:38,2026-05-06 16:04:00,Priest BRZ,1,2026-05-11 19:45:54
Rock Island Tailrace CHN,3,G720819D7,2026-05-04 16:18:38,2026-05-06 16:04:00,Lower Ringold,1,2026-05-12 10:21:47
Rock Island Tailrace CHN,3,G720819D7,2026-05-04 16:18:38,2026-05-06 16:04:00,Hanford,1,2026-05-12 14:36:19
Rock Island Tailrace CHN,1,G72091C2C,2026-04-28 18:48:36,2026-04-30 15:42:00,Crescent Bar,1,2026-04-30 22:22:32
Rock Island Tailrace CHN,1,G72091C2C,2026-04-28 18:48:36,2026-04-30 15:42:00,Sunland,1,2026-05-01 23:45:49
Rock Island Tailrace CHN,1,G72091C2C,2026-04-28 18:48:36,2026-04-30 15:42:00,Wanapum BRZ,1,2026-05-04 08:26:13
Rock Island Tailrace CHN,1,G72091C2C,2026-04-28 18:48:36,2026-04-30 15:42:00,Mattawa,1,2026-05-04 13:01:13
Rock Island Tailrace CHN,1,G72091C2C,2026-04-28 18:48:36,2026-04-30 15:42:00,Priest BRZ,1,2026-05-04 22:03:07
Rock Island Tailrace CHN,1,G72091C2C,2026-04-28 18:48:36,2026-04-30 15:42:00,Lower Ringold,1,2026-05-05 10:30:22
Rock Island Tailrace CHN,1,G72091C2C,2026-04-28 18:48:36,2026-04-30 15:42:00,Hanford,1,2026-05-05 13:24:48
Rock Island Tailrace CHN,3,G720A2B44,2026-04-30 16:11:16,2026-05-02 16:02:00,Crescent Bar,1,2026-05-02 22:18:48
Rock Island Tailrace CHN,3,G720A2B44,2026-04-30 16:11:16,2026-05-02 16:02:00,Sunland,1,2026-05-04 06:04:25
Rock Island Tailrace CHN,3,G720A2B44,2026-04-30 16:11:16,2026-05-02 16:02:00,Wanapum BRZ,1,2026-05-06 02:25:00
Rock Island Tailrace CHN,3,G720A2B44,2026-04-30 16:11:16,2026-05-02 16:02:00,Mattawa,1,2026-05-06 07:59:34
Rock Island Tailrace CHN,3,G720A2B44,2026-04-30 16:11:16,2026-05-02 16:02:00,Priest BRZ,1,2026-05-07 08:17:14
Rock Island Tailrace CHN,3,G720A2B44,2026-04-30 16:11:16,2026-05-02 16:02:00,Lower Ringold,1,2026-05-07 21:50:24
Rock Island Tailrace CHN,3,G720A2B44,2026-04-30 16:11:16,2026-05-02 16:02:00,Hanford,1,2026-05-08 02:16:25
Rock Island Tailrace CHN,3,G720A8809,2026-05-01 17:13:01,2026-05-03 15:52:00,Crescent Bar,1,2026-05-04 03:59:38
Rock Island Tailrace CHN,3,G720A8809,2026-05-01 17:13:01,2026-05-03 15:52:00,Sunland,1,2026-05-04 19:48:06
Rock Island Tailrace CHN,3,G720A8809,2026-05-01 17:13:01,2026-05-03 15:52:00,Wanapum BRZ,1,2026-05-06 07:12:21
Rock Island Tailrace CHN,3,G720A8809,2026-05-01 17:13:01,2026-05-03 15:52:00,Mattawa,1,2026-05-06 09:49:48
Rock Island Tailrace CHN,3,G720A8809,2026-05-01 17:13:01,2026-05-03 15:52:00,Priest BRZ,1,2026-05-06 18:14:29
Rock Island Tailrace CHN,3,G720A8809,2026-05-01 17:13:01,2026-05-03 15:52:00,Lower Ringold,1,2026-05-07 07:59:08
Rock Island Tailrace CHN,3,G720A8809,2026-05-01 17:13:01,2026-05-03 15:52:00,Hanford,1,2026-05-07 11:10:23
Rock Island Tailrace CHN,3,G720AF50C,2026-04-30 16:12:33,2026-05-02 16:02:00,Crescent Bar,1,2026-05-03 01:10:17
Rock Island Tailrace CHN,3,G720AF50C,2026-04-30 16:12:33,2026-05-02 16:02:00,Sunland,1,2026-05-04 04:07:55
Rock Island Tailrace CHN,3,G720AF50C,2026-04-30 16:12:33,2026-05-02 16:02:00,Wanapum BRZ,1,2026-05-06 16:53:24
Rock Island Tailrace CHN,3,G720AF50C,2026-04-30 16:12:33,2026-05-02 16:02:00,Mattawa,1,2026-05-11 07:49:47
Rock Island Tailrace CHN,3,G720AF50C,2026-04-30 16:12:33,2026-05-02 16:02:00,Priest BRZ,1,2026-05-15 10:40:48
Rock Island Tailrace CHN,3,G720AF50C,2026-04-30 16:12:33,2026-05-02 16:02:00,Lower Ringold,1,2026-05-16 01:56:04
Rock Island Tailrace CHN,3,G720AF50C,2026-04-30 16:12:33,2026-05-02 16:02:00,Hanford,1,2026-05-16 05:44:21
Rock Island Tailrace CHN,3,G720B8530,2026-05-05 15:40:38,2026-05-07 15:46:00,Crescent Bar,1,2026-05-08 07:32:26
Rock Island Tailrace CHN,3,G720B8530,2026-05-05 15:40:38,2026-05-07 15:46:00,Sunland,1,2026-05-09 04:16:25
Rock Island Tailrace CHN,3,G720B8530,2026-05-05 15:40:38,2026-05-07 15:46:00,Wanapum BRZ,1,2026-05-11 06:12:58
Rock Island Tailrace CHN,3,G720B8530,2026-05-05 15:40:38,2026-05-07 15:46:00,Mattawa,1,2026-05-11 09:23:22
Rock Island Tailrace CHN,3,G720B8530,2026-05-05 15:40:38,2026-05-07 15:46:00,Priest BRZ,1,2026-05-12 06:22:56
Rock Island Tailrace CHN,3,G720B8530,2026-05-05 15:40:38,2026-05-07 15:46:00,Lower Ringold,1,2026-05-13 01:40:26
Rock Island Tailrace CHN,3,G720B8530,2026-05-05 15:40:38,2026-05-07 15:46:00,Hanford,1,2026-05-13 05:41:53
Rock Island Tailrace CHN,3,G720C2272,2026-05-01 16:50:50,2026-05-03 15:52:00,Crescent Bar,1,2026-05-04 01:44:53
Rock Island Tailrace CHN,3,G720C2272,2026-05-01 16:50:50,2026-05-03 15:52:00,Sunland,1,2026-05-04 09:51:35
Rock Island Tailrace CHN,3,G720C2272,2026-05-01 16:50:50,2026-05-03 15:52:00,Wanapum BRZ,1,2026-05-06 11:26:39
Rock Island Tailrace CHN,3,G720C2272,2026-05-01 16:50:50,2026-05-03 15:52:00,Mattawa,1,2026-05-06 15:40:22
Rock Island Tailrace CHN,3,G720C2272,2026-05-01 16:50:50,2026-05-03 15:52:00,Priest BRZ,1,2026-05-07 00:35:58
Rock Island Tailrace CHN,3,G720C2272,2026-05-01 16:50:50,2026-05-03 15:52:00,Lower Ringold,1,2026-05-07 11:08:44
Rock Island Tailrace CHN,3,G720C2272,2026-05-01 16:50:50,2026-05-03 15:52:00,Hanford,1,2026-05-07 14:52:39
Rock Island Tailrace CHN,3,G720DA364,2026-04-29 16:24:26,2026-05-01 15:43:00,Crescent Bar,1,2026-05-01 23:01:42
Rock Island Tailrace CHN,3,G720DA364,2026-04-29 16:24:26,2026-05-01 15:43:00,Sunland,1,2026-05-02 09:40:59
Rock Island Tailrace CHN,3,G720DA364,2026-04-29 16:24:26,2026-05-01 15:43:00,Wanapum BRZ,1,2026-05-03 12:53:02
Rock Island Tailrace CHN,3,G720DA364,2026-04-29 16:24:26,2026-05-01 15:43:00,Mattawa,1,2026-05-06 22:02:31
Rock Island Tailrace CHN,3,G720DA364,2026-04-29 16:24:26,2026-05-01 15:43:00,Priest BRZ,1,2026-05-07 10:14:57
Rock Island Tailrace CHN,3,G720DA364,2026-04-29 16:24:26,2026-05-01 15:43:00,Lower Ringold,0,
Rock Island Tailrace CHN,3,G720DA364,2026-04-29 16:24:26,2026-05-01 15:43:00,Hanford,0,
Rock Island Tailrace CHN,3,G720DD9E2,2026-05-03 17:49:49,2026-05-05 16:45:00,Crescent Bar,0,
Rock Island Tailrace CHN,3,G720DD9E2,2026-05-03 17:49:49,2026-05-05 16:45:00,Sunland,0,
Rock Island Tailrace CHN,3,G720DD9E2,2026-05-03 17:49:49,2026-05-05 16:45:00,Wanapum BRZ,0,
Rock Island Tailrace CHN,3,G720DD9E2,2026-05-03 17:49:49,2026-05-05 16:45:00,Mattawa,0,
Rock Island Tailrace CHN,3,G720DD9E2,2026-05-03 17:49:49,2026-05-05 16:45:00,Priest BRZ,0,
Rock Island Tailrace CHN,3,G720DD9E2,2026-05-03 17:49:49,2026-05-05 16:45:00,Lower Ringold,0,
Rock Island Tailrace CHN,3,G720DD9E2,2026-05-03 17:49:49,2026-05-05 16:45:00,Hanford,0,
Rock Island Tailrace CHN,3,G720E7AFA,2026-05-02 16:54:17,2026-05-04 15:47:00,Crescent Bar,1,2026-05-05 00:31:45
Rock Island Tailrace CHN,3,G720E7AFA,2026-05-02 16:54:17,2026-05-04 15:47:00,Sunland,1,2026-05-05 10:09:28
Rock Island Tailrace CHN,3,G720E7AFA,2026-05-02 16:54:17,2026-05-04 15:47:00,Wanapum BRZ,1,2026-05-07 06:47:57
Rock Island Tailrace CHN,3,G720E7AFA,2026-05-02 16:54:17,2026-05-04 15:47:00,Mattawa,1,2026-05-07 09:46:29
Rock Island Tailrace CHN,3,G720E7AFA,2026-05-02 16:54:17,2026-05-04 15:47:00,Priest BRZ,1,2026-05-08 03:23:06
Rock Island Tailrace CHN,3,G720E7AFA,2026-05-02 16:54:17,2026-05-04 15:47:00,Lower Ringold,1,2026-05-08 15:41:05
Rock Island Tailrace CHN,3,G720E7AFA,2026-05-02 16:54:17,2026-05-04 15:47:00,Hanford,1,2026-05-08 19:47:09
Rock Island Tailrace CHN,3,G720E8491,2026-04-29 16:18:23,2026-05-01 15:43:00,Crescent Bar,1,2026-05-02 00:18:08
Rock Island Tailrace CHN,3,G720E8491,2026-04-29 16:18:23,2026-05-01 15:43:00,Sunland,1,2026-05-04 05:45:16
Rock Island Tailrace CHN,3,G720E8491,2026-04-29 16:18:23,2026-05-01 15:43:00,Wanapum BRZ,1,2026-05-05 16:59:54
Rock Island Tailrace CHN,3,G720E8491,2026-04-29 16:18:23,2026-05-01 15:43:00,Mattawa,1,2026-05-05 23:28:03
Rock Island Tailrace CHN,3,G720E8491,2026-04-29 16:18:23,2026-05-01 15:43:00,Priest BRZ,1,2026-05-06 15:37:02
Rock Island Tailrace CHN,3,G720E8491,2026-04-29 16:18:23,2026-05-01 15:43:00,Lower Ringold,0,
Rock Island Tailrace CHN,3,G720E8491,2026-04-29 16:18:23,2026-05-01 15:43:00,Hanford,0,
Rock Island Tailrace CHN,3,G720EABF3,2026-05-01 17:10:59,2026-05-03 15:52:00,Crescent Bar,1,2026-05-04 01:47:16
Rock Island Tailrace CHN,3,G720EABF3,2026-05-01 17:10:59,2026-05-03 15:52:00,Sunland,1,2026-05-04 20:25:12
Rock Island Tailrace CHN,3,G720EABF3,2026-05-01 17:10:59,2026-05-03 15:52:00,Wanapum BRZ,1,2026-05-07 17:18:42
Rock Island Tailrace CHN,3,G720EABF3,2026-05-01 17:10:59,2026-05-03 15:52:00,Mattawa,1,2026-05-09 00:29:58
Rock Island Tailrace CHN,3,G720EABF3,2026-05-01 17:10:59,2026-05-03 15:52:00,Priest BRZ,1,2026-05-09 11:24:18
Rock Island Tailrace CHN,3,G720EABF3,2026-05-01 17:10:59,2026-05-03 15:52:00,Lower Ringold,1,2026-05-10 00:48:38
Rock Island Tailrace CHN,3,G720EABF3,2026-05-01 17:10:59,2026-05-03 15:52:00,Hanford,1,2026-05-10 04:21:49
Rock Island Tailrace CHN,3,G720F8A4A,2026-04-28 18:57:40,2026-04-30 15:42:00,Crescent Bar,1,2026-05-01 04:27:08
Rock Island Tailrace CHN,3,G720F8A4A,2026-04-28 18:57:40,2026-04-30 15:42:00,Sunland,1,2026-05-02 01:23:42
Rock Island Tailrace CHN,3,G720F8A4A,2026-04-28 18:57:40,2026-04-30 15:42:00,Wanapum BRZ,1,2026-05-03 22:30:05
Rock Island Tailrace CHN,3,G720F8A4A,2026-04-28 18:57:40,2026-04-30 15:42:00,Mattawa,1,2026-05-05 16:11:49
Rock Island Tailrace CHN,3,G720F8A4A,2026-04-28 18:57:40,2026-04-30 15:42:00,Priest BRZ,1,2026-05-06 04:22:27
Rock Island Tailrace CHN,3,G720F8A4A,2026-04-28 18:57:40,2026-04-30 15:42:00,Lower Ringold,1,2026-05-06 14:44:30
Rock Island Tailrace CHN,3,G720F8A4A,2026-04-28 18:57:40,2026-04-30 15:42:00,Hanford,1,2026-05-06 17:43:50
Rock Island Tailrace CHN,3,G720FA528,2026-05-02 16:58:29,2026-05-04 15:47:00,Crescent Bar,1,2026-05-05 11:59:46
Rock Island Tailrace CHN,3,G720FA528,2026-05-02 16:58:29,2026-05-04 15:47:00,Sunland,1,2026-05-07 10:31:40
Rock Island Tailrace CHN,3,G720FA528,2026-05-02 16:58:29,2026-05-04 15:47:00,Wanapum BRZ,1,2026-05-08 20:06:37
Rock Island Tailrace CHN,3,G720FA528,2026-05-02 16:58:29,2026-05-04 15:47:00,Mattawa,1,2026-05-10 05:30:31
Rock Island Tailrace CHN,3,G720FA528,2026-05-02 16:58:29,2026-05-04 15:47:00,Priest BRZ,1,2026-05-11 10:13:48
Rock Island Tailrace CHN,3,G720FA528,2026-05-02 16:58:29,2026-05-04 15:47:00,Lower Ringold,1,2026-05-12 07:35:36
Rock Island Tailrace CHN,3,G720FA528,2026-05-02 16:58:29,2026-05-04 15:47:00,Hanford,1,2026-05-12 11:43:49
Rock Island Tailrace CHN,3,G7210324E,2026-04-29 16:12:30,2026-05-01 15:43:00,Crescent Bar,1,2026-05-03 00:53:55
Rock Island Tailrace CHN,3,G7210324E,2026-04-29 16:12:30,2026-05-01 15:43:00,Sunland,1,2026-05-03 21:15:21
Rock Island Tailrace CHN,3,G7210324E,2026-04-29 16:12:30,2026-05-01 15:43:00,Wanapum BRZ,1,2026-05-08 03:43:06
Rock Island Tailrace CHN,3,G7210324E,2026-04-29 16:12:30,2026-05-01 15:43:00,Mattawa,1,2026-05-08 15:30:22
Rock Island Tailrace CHN,3,G7210324E,2026-04-29 16:12:30,2026-05-01 15:43:00,Priest BRZ,1,2026-05-09 22:52:24
Rock Island Tailrace CHN,3,G7210324E,2026-04-29 16:12:30,2026-05-01 15:43:00,Lower Ringold,1,2026-05-11 01:47:54
Rock Island Tailrace CHN,3,G7210324E,2026-04-29 16:12:30,2026-05-01 15:43:00,Hanford,1,2026-05-11 04:59:07
Rock Island Tailrace CHN,3,G7210522B,2026-04-30 16:20:42,2026-05-02 16:02:00,Crescent Bar,1,2026-05-02 23:04:31
Rock Island Tailrace CHN,3,G7210522B,2026-04-30 16:20:42,2026-05-02 16:02:00,Sunland,1,2026-05-03 19:32:45
Rock Island Tailrace CHN,3,G7210522B,2026-04-30 16:20:42,2026-05-02 16:02:00,Wanapum BRZ,1,2026-05-05 10:14:43
Rock Island Tailrace CHN,3,G7210522B,2026-04-30 16:20:42,2026-05-02 16:02:00,Mattawa,1,2026-05-05 13:44:57
Rock Island Tailrace CHN,3,G7210522B,2026-04-30 16:20:42,2026-05-02 16:02:00,Priest BRZ,1,2026-05-06 03:30:32
Rock Island Tailrace CHN,3,G7210522B,2026-04-30 16:20:42,2026-05-02 16:02:00,Lower Ringold,1,2026-05-06 15:34:24
Rock Island Tailrace CHN,3,G7210522B,2026-04-30 16:20:42,2026-05-02 16:02:00,Hanford,1,2026-05-06 19:06:03
Rock Island Tailrace CHN,1,G72132F7B,2026-05-02 16:57:22,2026-05-04 15:47:00,Crescent Bar,1,2026-05-05 05:04:23
Rock Island Tailrace CHN,1,G72132F7B,2026-05-02 16:57:22,2026-05-04 15:47:00,Sunland,1,2026-05-05 19:17:31
Rock Island Tailrace CHN,1,G72132F7B,2026-05-02 16:57:22,2026-05-04 15:47:00,Wanapum BRZ,1,2026-05-06 19:15:04
Rock Island Tailrace CHN,1,G72132F7B,2026-05-02 16:57:22,2026-05-04 15:47:00,Mattawa,0,
Rock Island Tailrace CHN,1,G72132F7B,2026-05-02 16:57:22,2026-05-04 15:47:00,Priest BRZ,0,
Rock Island Tailrace CHN,1,G72132F7B,2026-05-02 16:57:22,2026-05-04 15:47:00,Lower Ringold,0,
Rock Island Tailrace CHN,1,G72132F7B,2026-05-02 16:57:22,2026-05-04 15:47:00,Hanford,0,
Rock Island Tailrace CHN,3,G72147D72,2026-05-05 16:07:33,2026-05-07 15:46:00,Crescent Bar,1,2026-05-08 03:19:16
Rock Island Tailrace CHN,3,G72147D72,2026-05-05 16:07:33,2026-05-07 15:46:00,Sunland,1,2026-05-09 06:53:18
Rock Island Tailrace CHN,3,G72147D72,2026-05-05 16:07:33,2026-05-07 15:46:00,Wanapum BRZ,1,2026-05-11 03:32:17
Rock Island Tailrace CHN,3,G72147D72,2026-05-05 16:07:33,2026-05-07 15:46:00,Mattawa,1,2026-05-11 06:54:45
Rock Island Tailrace CHN,3,G72147D72,2026-05-05 16:07:33,2026-05-07 15:46:00,Priest BRZ,1,2026-05-11 14:40:29
Rock Island Tailrace CHN,3,G72147D72,2026-05-05 16:07:33,2026-05-07 15:46:00,Lower Ringold,1,2026-05-14 20:20:21
Rock Island Tailrace CHN,3,G72147D72,2026-05-05 16:07:33,2026-05-07 15:46:00,Hanford,1,2026-05-15 00:15:27
Rock Island Tailrace CHN,3,G72159D5F,2026-05-03 18:03:54,2026-05-05 16:45:00,Crescent Bar,1,2026-05-06 09:14:23
Rock Island Tailrace CHN,3,G72159D5F,2026-05-03 18:03:54,2026-05-05 16:45:00,Sunland,1,2026-05-08 02:14:42
Rock Island Tailrace CHN,3,G72159D5F,2026-05-03 18:03:54,2026-05-05 16:45:00,Wanapum BRZ,1,2026-05-10 02:38:28
Rock Island Tailrace CHN,3,G72159D5F,2026-05-03 18:03:54,2026-05-05 16:45:00,Mattawa,1,2026-05-10 14:04:37
Rock Island Tailrace CHN,3,G72159D5F,2026-05-03 18:03:54,2026-05-05 16:45:00,Priest BRZ,1,2026-05-12 03:23:31
Rock Island Tailrace CHN,3,G72159D5F,2026-05-03 18:03:54,2026-05-05 16:45:00,Lower Ringold,1,2026-05-12 15:40:59
Rock Island Tailrace CHN,3,G72159D5F,2026-05-03 18:03:54,2026-05-05 16:45:00,Hanford,1,2026-05-13 02:16:59
Rock Island Tailrace CHN,3,G7215C39B,2026-05-03 17:53:05,2026-05-05 16:45:00,Crescent Bar,1,2026-05-06 02:06:08
Rock Island Tailrace CHN,3,G7215C39B,2026-05-03 17:53:05,2026-05-05 16:45:00,Sunland,1,2026-05-07 02:43:38
Rock Island Tailrace CHN,3,G7215C39B,2026-05-03 17:53:05,2026-05-05 16:45:00,Wanapum BRZ,1,2026-05-08 18:56:15
Rock Island Tailrace CHN,3,G7215C39B,2026-05-03 17:53:05,2026-05-05 16:45:00,Mattawa,1,2026-05-09 08:26:04
Rock Island Tailrace CHN,3,G7215C39B,2026-05-03 17:53:05,2026-05-05 16:45:00,Priest BRZ,1,2026-05-09 20:43:38
Rock Island Tailrace CHN,3,G7215C39B,2026-05-03 17:53:05,2026-05-05 16:45:00,Lower Ringold,1,2026-05-10 09:52:57
Rock Island Tailrace CHN,3,G7215C39B,2026-05-03 17:53:05,2026-05-05 16:45:00,Hanford,1,2026-05-10 12:47:01
Rock Island Tailrace CHN,3,G7215C8BB,2026-04-28 18:55:47,2026-04-30 15:42:00,Crescent Bar,1,2026-04-30 23:56:56
Rock Island Tailrace CHN,3,G7215C8BB,2026-04-28 18:55:47,2026-04-30 15:42:00,Sunland,1,2026-05-01 12:24:12
Rock Island Tailrace CHN,3,G7215C8BB,2026-04-28 18:55:47,2026-04-30 15:42:00,Wanapum BRZ,1,2026-05-03 06:26:06
Rock Island Tailrace CHN,3,G7215C8BB,2026-04-28 18:55:47,2026-04-30 15:42:00,Mattawa,1,2026-05-09 18:15:25
Rock Island Tailrace CHN,3,G7215C8BB,2026-04-28 18:55:47,2026-04-30 15:42:00,Priest BRZ,1,2026-05-10 06:32:23
Rock Island Tailrace CHN,3,G7215C8BB,2026-04-28 18:55:47,2026-04-30 15:42:00,Lower Ringold,0,
Rock Island Tailrace CHN,3,G7215C8BB,2026-04-28 18:55:47,2026-04-30 15:42:00,Hanford,0,
Rock Island Tailrace CHN,3,G7216097A,2026-05-01 16:59:39,2026-05-03 15:52:00,Crescent Bar,1,2026-05-04 08:15:11
Rock Island Tailrace CHN,3,G7216097A,2026-05-01 16:59:39,2026-05-03 15:52:00,Sunland,1,2026-05-05 09:05:38
Rock Island Tailrace CHN,3,G7216097A,2026-05-01 16:59:39,2026-05-03 15:52:00,Wanapum BRZ,1,2026-05-10 20:15:38
Rock Island Tailrace CHN,3,G7216097A,2026-05-01 16:59:39,2026-05-03 15:52:00,Mattawa,1,2026-05-11 11:35:59
Rock Island Tailrace CHN,3,G7216097A,2026-05-01 16:59:39,2026-05-03 15:52:00,Priest BRZ,1,2026-05-11 23:30:15
Rock Island Tailrace CHN,3,G7216097A,2026-05-01 16:59:39,2026-05-03 15:52:00,Lower Ringold,1,2026-05-14 10:35:08
Rock Island Tailrace CHN,3,G7216097A,2026-05-01 16:59:39,2026-05-03 15:52:00,Hanford,1,2026-05-15 05:32:13
Rock Island Tailrace CHN,3,G72160FA7,2026-05-04 16:06:18,2026-05-06 16:04:00,Crescent Bar,1,2026-05-07 08:09:34
Rock Island Tailrace CHN,3,G72160FA7,2026-05-04 16:06:18,2026-05-06 16:04:00,Sunland,1,2026-05-07 18:41:26
Rock Island Tailrace CHN,3,G72160FA7,2026-05-04 16:06:18,2026-05-06 16:04:00,Wanapum BRZ,1,2026-05-10 06:33:33
Rock Island Tailrace CHN,3,G72160FA7,2026-05-04 16:06:18,2026-05-06 16:04:00,Mattawa,1,2026-05-10 08:49:39
Rock Island Tailrace CHN,3,G72160FA7,2026-05-04 16:06:18,2026-05-06 16:04:00,Priest BRZ,1,2026-05-10 22:18:10
Rock Island Tailrace CHN,3,G72160FA7,2026-05-04 16:06:18,2026-05-06 16:04:00,Lower Ringold,1,2026-05-11 12:26:42
Rock Island Tailrace CHN,3,G72160FA7,2026-05-04 16:06:18,2026-05-06 16:04:00,Hanford,1,2026-05-11 16:43:56
Rock Island Tailrace CHN,3,G72163106,2026-04-28 18:49:22,2026-04-30 15:42:00,Crescent Bar,1,2026-05-02 22:26:21
Rock Island Tailrace CHN,3,G72163106,2026-04-28 18:49:22,2026-04-30 15:42:00,Sunland,1,2026-05-03 07:51:08
Rock Island Tailrace CHN,3,G72163106,2026-04-28 18:49:22,2026-04-30 15:42:00,Wanapum BRZ,1,2026-05-07 22:57:32
Rock Island Tailrace CHN,3,G72163106,2026-04-28 18:49:22,2026-04-30 15:42:00,Mattawa,1,2026-05-08 01:55:21
Rock Island Tailrace CHN,3,G72163106,2026-04-28 18:49:22,2026-04-30 15:42:00,Priest BRZ,1,2026-05-08 19:59:46
Rock Island Tailrace CHN,3,G72163106,2026-04-28 18:49:22,2026-04-30 15:42:00,Lower Ringold,1,2026-05-10 18:29:18
Rock Island Tailrace CHN,3,G72163106,2026-04-28 18:49:22,2026-04-30 15:42:00,Hanford,1,2026-05-10 21:49:05
Rock Island Tailrace CHN,2,G721678DC,2026-05-04 16:27:52,2026-05-06 16:04:00,Crescent Bar,1,2026-05-06 23:54:40
Rock Island Tailrace CHN,2,G721678DC,2026-05-04 16:27:52,2026-05-06 16:04:00,Sunland,1,2026-05-07 17:45:19
Rock Island Tailrace CHN,2,G721678DC,2026-05-04 16:27:52,2026-05-06 16:04:00,Wanapum BRZ,1,2026-05-08 21:18:14
Rock Island Tailrace CHN,2,G721678DC,2026-05-04 16:27:52,2026-05-06 16:04:00,Mattawa,1,2026-05-09 04:03:01
Rock Island Tailrace CHN,2,G721678DC,2026-05-04 16:27:52,2026-05-06 16:04:00,Priest BRZ,1,2026-05-09 22:28:21
Rock Island Tailrace CHN,2,G721678DC,2026-05-04 16:27:52,2026-05-06 16:04:00,Lower Ringold,1,2026-05-10 11:35:41
Rock Island Tailrace CHN,2,G721678DC,2026-05-04 16:27:52,2026-05-06 16:04:00,Hanford,1,2026-05-10 14:56:48
Rock Island Tailrace CHN,2,G721869C3,2026-05-04 17:39:58,2026-05-06 16:04:00,Crescent Bar,1,2026-05-07 00:58:02
Rock Island Tailrace CHN,2,G721869C3,2026-05-04 17:39:58,2026-05-06 16:04:00,Sunland,1,2026-05-08 05:38:07
Rock Island Tailrace CHN,2,G721869C3,2026-05-04 17:39:58,2026-05-06 16:04:00,Wanapum BRZ,1,2026-05-09 16:48:44
Rock Island Tailrace CHN,2,G721869C3,2026-05-04 17:39:58,2026-05-06 16:04:00,Mattawa,1,2026-05-09 22:46:57
Rock Island Tailrace CHN,2,G721869C3,2026-05-04 17:39:58,2026-05-06 16:04:00,Priest BRZ,1,2026-05-10 07:28:44
Rock Island Tailrace CHN,2,G721869C3,2026-05-04 17:39:58,2026-05-06 16:04:00,Lower Ringold,1,2026-05-10 21:29:41
Rock Island Tailrace CHN,2,G721869C3,2026-05-04 17:39:58,2026-05-06 16:04:00,Hanford,1,2026-05-11 00:58:53
Rock Island Tailrace CHN,2,G7218EF92,2026-05-02 17:02:59,2026-05-04 15:47:00,Crescent Bar,1,2026-05-05 10:00:29
Rock Island Tailrace CHN,2,G7218EF92,2026-05-02 17:02:59,2026-05-04 15:47:00,Sunland,1,2026-05-06 19:26:28
Rock Island Tailrace CHN,2,G7218EF92,2026-05-02 17:02:59,2026-05-04 15:47:00,Wanapum BRZ,1,2026-05-09 03:45:28
Rock Island Tailrace CHN,2,G7218EF92,2026-05-02 17:02:59,2026-05-04 15:47:00,Mattawa,1,2026-05-09 08:52:05
Rock Island Tailrace CHN,2,G7218EF92,2026-05-02 17:02:59,2026-05-04 15:47:00,Priest BRZ,1,2026-05-10 05:14:58
Rock Island Tailrace CHN,2,G7218EF92,2026-05-02 17:02:59,2026-05-04 15:47:00,Lower Ringold,1,2026-05-10 17:37:50
Rock Island Tailrace CHN,2,G7218EF92,2026-05-02 17:02:59,2026-05-04 15:47:00,Hanford,1,2026-05-10 21:27:22
Rock Island Tailrace CHN,2,G7218F693,2026-05-05 15:47:15,2026-05-07 15:46:00,Crescent Bar,1,2026-05-08 04:22:14
Rock Island Tailrace CHN,2,G7218F693,2026-05-05 15:47:15,2026-05-07 15:46:00,Sunland,1,2026-05-08 12:41:27
Rock Island Tailrace CHN,2,G7218F693,2026-05-05 15:47:15,2026-05-07 15:46:00,Wanapum BRZ,1,2026-05-10 11:45:04
Rock Island Tailrace CHN,2,G7218F693,2026-05-05 15:47:15,2026-05-07 15:46:00,Mattawa,1,2026-05-10 23:07:11
Rock Island Tailrace CHN,2,G7218F693,2026-05-05 15:47:15,2026-05-07 15:46:00,Priest BRZ,1,2026-05-11 10:12:56
Rock Island Tailrace CHN,2,G7218F693,2026-05-05 15:47:15,2026-05-07 15:46:00,Lower Ringold,0,
Rock Island Tailrace CHN,2,G7218F693,2026-05-05 15:47:15,2026-05-07 15:46:00,Hanford,0,
Rock Island Tailrace CHN,2,G72194204,2026-05-03 17:55:01,2026-05-05 16:45:00,Crescent Bar,1,2026-05-06 04:59:20
Rock Island Tailrace CHN,2,G72194204,2026-05-03 17:55:01,2026-05-05 16:45:00,Sunland,1,2026-05-06 18:01:50
Rock Island Tailrace CHN,2,G72194204,2026-05-03 17:55:01,2026-05-05 16:45:00,Wanapum BRZ,1,2026-05-08 13:22:48
Rock Island Tailrace CHN,2,G72194204,2026-05-03 17:55:01,2026-05-05 16:45:00,Mattawa,1,2026-05-08 16:21:06
Rock Island Tailrace CHN,2,G72194204,2026-05-03 17:55:01,2026-05-05 16:45:00,Priest BRZ,1,2026-05-09 09:34:41
Rock Island Tailrace CHN,2,G72194204,2026-05-03 17:55:01,2026-05-05 16:45:00,Lower Ringold,0,
Rock Island Tailrace CHN,2,G72194204,2026-05-03 17:55:01,2026-05-05 16:45:00,Hanford,0,
Rock Island Tailrace CHN,2,G7219A56E,2026-05-04 16:28:25,2026-05-06 16:04:00,Crescent Bar,1,2026-05-07 07:34:41
Rock Island Tailrace CHN,2,G7219A56E,2026-05-04 16:28:25,2026-05-06 16:04:00,Sunland,1,2026-05-08 01:45:28
Rock Island Tailrace CHN,2,G7219A56E,2026-05-04 16:28:25,2026-05-06 16:04:00,Wanapum BRZ,1,2026-05-09 09:37:47
Rock Island Tailrace CHN,2,G7219A56E,2026-05-04 16:28:25,2026-05-06 16:04:00,Mattawa,1,2026-05-09 13:09:11
Rock Island Tailrace CHN,2,G7219A56E,2026-05-04 16:28:25,2026-05-06 16:04:00,Priest BRZ,1,2026-05-10 04:51:08
Rock Island Tailrace CHN,2,G7219A56E,2026-05-04 16:28:25,2026-05-06 16:04:00,Lower Ringold,1,2026-05-10 16:04:08
Rock Island Tailrace CHN,2,G7219A56E,2026-05-04 16:28:25,2026-05-06 16:04:00,Hanford,1,2026-05-10 20:29:34
Rock Island Tailrace CHN,3,G721B825F,2026-05-02 16:42:05,2026-05-04 15:47:00,Crescent Bar,1,2026-05-05 00:03:32
Rock Island Tailrace CHN,3,G721B825F,2026-05-02 16:42:05,2026-05-04 15:47:00,Sunland,1,2026-05-05 11:17:15
Rock Island Tailrace CHN,3,G721B825F,2026-05-02 16:42:05,2026-05-04 15:47:00,Wanapum BRZ,1,2026-05-07 21:46:14
Rock Island Tailrace CHN,3,G721B825F,2026-05-02 16:42:05,2026-05-04 15:47:00,Mattawa,0,
Rock Island Tailrace CHN,3,G721B825F,2026-05-02 16:42:05,2026-05-04 15:47:00,Priest BRZ,0,
Rock Island Tailrace CHN,3,G721B825F,2026-05-02 16:42:05,2026-05-04 15:47:00,Lower Ringold,0,
Rock Island Tailrace CHN,3,G721B825F,2026-05-02 16:42:05,2026-05-04 15:47:00,Hanford,0,
Rock Island Tailrace CHN,3,G721C0B21,2026-04-29 16:20:20,2026-05-01 15:43:00,Crescent Bar,1,2026-05-02 08:41:25
Rock Island Tailrace CHN,3,G721C0B21,2026-04-29 16:20:20,2026-05-01 15:43:00,Sunland,1,2026-05-03 05:05:30
Rock Island Tailrace CHN,3,G721C0B21,2026-04-29 16:20:20,2026-05-01 15:43:00,Wanapum BRZ,1,2026-05-05 14:52:11
Rock Island Tailrace CHN,3,G721C0B21,2026-04-29 16:20:20,2026-05-01 15:43:00,Mattawa,1,2026-05-09 16:15:57
Rock Island Tailrace CHN,3,G721C0B21,2026-04-29 16:20:20,2026-05-01 15:43:00,Priest BRZ,1,2026-05-10 12:03:22
Rock Island Tailrace CHN,3,G721C0B21,2026-04-29 16:20:20,2026-05-01 15:43:00,Lower Ringold,1,2026-05-11 15:15:18
Rock Island Tailrace CHN,3,G721C0B21,2026-04-29 16:20:20,2026-05-01 15:43:00,Hanford,1,2026-05-12 03:18:13
Rock Island Tailrace CHN,2,G721CA4CF,2026-04-30 16:06:56,2026-05-02 16:02:00,Crescent Bar,1,2026-05-02 22:03:28
Rock Island Tailrace CHN,2,G721CA4CF,2026-04-30 16:06:56,2026-05-02 16:02:00,Sunland,1,2026-05-03 18:04:07
Rock Island Tailrace CHN,2,G721CA4CF,2026-04-30 16:06:56,2026-05-02 16:02:00,Wanapum BRZ,1,2026-05-05 01:37:18
Rock Island Tailrace CHN,2,G721CA4CF,2026-04-30 16:06:56,2026-05-02 16:02:00,Mattawa,1,2026-05-08 12:05:40
Rock Island Tailrace CHN,2,G721CA4CF,2026-04-30 16:06:56,2026-05-02 16:02:00,Priest BRZ,1,2026-05-09 04:25:30
Rock Island Tailrace CHN,2,G721CA4CF,2026-04-30 16:06:56,2026-05-02 16:02:00,Lower Ringold,0,
Rock Island Tailrace CHN,2,G721CA4CF,2026-04-30 16:06:56,2026-05-02 16:02:00,Hanford,0,
Rock Island Tailrace CHN,2,G721D89D5,2026-05-05 15:55:54,2026-05-07 15:46:00,Crescent Bar,1,2026-05-08 03:23:51
Rock Island Tailrace CHN,2,G721D89D5,2026-05-05 15:55:54,2026-05-07 15:46:00,Sunland,1,2026-05-09 06:59:44
Rock Island Tailrace CHN,2,G721D89D5,2026-05-05 15:55:54,2026-05-07 15:46:00,Wanapum BRZ,1,2026-05-10 04:12:23
Rock Island Tailrace CHN,2,G721D89D5,2026-05-05 15:55:54,2026-05-07 15:46:00,Mattawa,1,2026-05-10 08:35:47
Rock Island Tailrace CHN,2,G721D89D5,2026-05-05 15:55:54,2026-05-07 15:46:00,Priest BRZ,1,2026-05-11 01:07:05
Rock Island Tailrace CHN,2,G721D89D5,2026-05-05 15:55:54,2026-05-07 15:46:00,Lower Ringold,1,2026-05-11 18:08:26
Rock Island Tailrace CHN,2,G721D89D5,2026-05-05 15:55:54,2026-05-07 15:46:00,Hanford,1,2026-05-11 22:11:17
Rock Island Tailrace CHN,1,G721E60F5,2026-04-29 16:07:44,2026-05-01 15:43:00,Crescent Bar,1,2026-05-02 07:12:25
Rock Island Tailrace CHN,1,G721E60F5,2026-04-29 16:07:44,2026-05-01 15:43:00,Sunland,1,2026-05-04 00:34:27
Rock Island Tailrace CHN,1,G721E60F5,2026-04-29 16:07:44,2026-05-01 15:43:00,Wanapum BRZ,0,
Rock Island Tailrace CHN,1,G721E60F5,2026-04-29 16:07:44,2026-05-01 15:43:00,Mattawa,0,
Rock Island Tailrace CHN,1,G721E60F5,2026-04-29 16:07:44,2026-05-01 15:43:00,Priest BRZ,0,
Rock Island Tailrace CHN,1,G721E60F5,2026-04-29 16:07:44,2026-05-01 15:43:00,Lower Ringold,0,
Rock Island Tailrace CHN,1,G721E60F5,2026-04-29 16:07:44,2026-05-01 15:43:00,Hanford,0,
Rock Island Tailrace CHN,1,G721E8A62,2026-05-03 17:35:21,2026-05-05 16:45:00,Crescent Bar,1,2026-05-06 03:54:17
Rock Island Tailrace CHN,1,G721E8A62,2026-05-03 17:35:21,2026-05-05 16:45:00,Sunland,1,2026-05-06 13:28:07
Rock Island Tailrace CHN,1,G721E8A62,2026-05-03 17:35:21,2026-05-05 16:45:00,Wanapum BRZ,1,2026-05-09 02:13:59
Rock Island Tailrace CHN,1,G721E8A62,2026-05-03 17:35:21,2026-05-05 16:45:00,Mattawa,1,2026-05-11 12:15:57
Rock Island Tailrace CHN,1,G721E8A62,2026-05-03 17:35:21,2026-05-05 16:45:00,Priest BRZ,1,2026-05-14 01:24:50
Rock Island Tailrace CHN,1,G721E8A62,2026-05-03 17:35:21,2026-05-05 16:45:00,Lower Ringold,1,2026-05-14 18:15:30
Rock Island Tailrace CHN,1,G721E8A62,2026-05-03 17:35:21,2026-05-05 16:45:00,Hanford,1,2026-05-14 22:48:21
Rock Island Tailrace CHN,2,G7220183E,2026-05-04 17:40:47,2026-05-06 16:04:00,Crescent Bar,1,2026-05-07 04:04:56
Rock Island Tailrace CHN,2,G7220183E,2026-05-04 17:40:47,2026-05-06 16:04:00,Sunland,1,2026-05-08 07:55:00
Rock Island Tailrace CHN,2,G7220183E,2026-05-04 17:40:47,2026-05-06 16:04:00,Wanapum BRZ,1,2026-05-11 09:49:56
Rock Island Tailrace CHN,2,G7220183E,2026-05-04 17:40:47,2026-05-06 16:04:00,Mattawa,1,2026-05-18 10:30:05
Rock Island Tailrace CHN,2,G7220183E,2026-05-04 17:40:47,2026-05-06 16:04:00,Priest BRZ,0,
Rock Island Tailrace CHN,2,G7220183E,2026-05-04 17:40:47,2026-05-06 16:04:00,Lower Ringold,0,
Rock Island Tailrace CHN,2,G7220183E,2026-05-04 17:40:47,2026-05-06 16:04:00,Hanford,1,2026-06-09 00:47:39
Rock Island Tailrace CHN,3,G7221DD0F,2026-05-02 17:11:42,2026-05-04 15:47:00,Crescent Bar,1,2026-05-04 22:34:57
Rock Island Tailrace CHN,3,G7221DD0F,2026-05-02 17:11:42,2026-05-04 15:47:00,Sunland,1,2026-05-05 18:10:26
Rock Island Tailrace CHN,3,G7221DD0F,2026-05-02 17:11:42,2026-05-04 15:47:00,Wanapum BRZ,1,2026-05-07 19:58:37
Rock Island Tailrace CHN,3,G7221DD0F,2026-05-02 17:11:42,2026-05-04 15:47:00,Mattawa,1,2026-05-08 03:28:11
Rock Island Tailrace CHN,3,G7221DD0F,2026-05-02 17:11:42,2026-05-04 15:47:00,Priest BRZ,1,2026-05-08 12:02:47
Rock Island Tailrace CHN,3,G7221DD0F,2026-05-02 17:11:42,2026-05-04 15:47:00,Lower Ringold,1,2026-05-09 10:17:39
Rock Island Tailrace CHN,3,G7221DD0F,2026-05-02 17:11:42,2026-05-04 15:47:00,Hanford,1,2026-05-09 14:33:14
Rock Island Tailrace CHN,2,G7222544A,2026-04-30 16:05:51,2026-05-02 16:02:00,Crescent Bar,1,2026-05-05 02:35:08
Rock Island Tailrace CHN,2,G7222544A,2026-04-30 16:05:51,2026-05-02 16:02:00,Sunland,1,2026-05-05 18:47:17
Rock Island Tailrace CHN,2,G7222544A,2026-04-30 16:05:51,2026-05-02 16:02:00,Wanapum BRZ,1,2026-05-09 18:54:19
Rock Island Tailrace CHN,2,G7222544A,2026-04-30 16:05:51,2026-05-02 16:02:00,Mattawa,1,2026-05-09 23:38:45
Rock Island Tailrace CHN,2,G7222544A,2026-04-30 16:05:51,2026-05-02 16:02:00,Priest BRZ,1,2026-05-10 10:49:39
Rock Island Tailrace CHN,2,G7222544A,2026-04-30 16:05:51,2026-05-02 16:02:00,Lower Ringold,1,2026-05-11 00:23:19
Rock Island Tailrace CHN,2,G7222544A,2026-04-30 16:05:51,2026-05-02 16:02:00,Hanford,1,2026-05-11 04:24:04
Rock Island Tailrace CHN,2,G72227A76,2026-04-30 16:03:59,2026-05-02 16:02:00,Crescent Bar,1,2026-05-03 00:23:37
Rock Island Tailrace CHN,2,G72227A76,2026-04-30 16:03:59,2026-05-02 16:02:00,Sunland,1,2026-05-03 22:25:58
Rock Island Tailrace CHN,2,G72227A76,2026-04-30 16:03:59,2026-05-02 16:02:00,Wanapum BRZ,0,
Rock Island Tailrace CHN,2,G72227A76,2026-04-30 16:03:59,2026-05-02 16:02:00,Mattawa,0,
Rock Island Tailrace CHN,2,G72227A76,2026-04-30 16:03:59,2026-05-02 16:02:00,Priest BRZ,0,
Rock Island Tailrace CHN,2,G72227A76,2026-04-30 16:03:59,2026-05-02 16:02:00,Lower Ringold,0,
Rock Island Tailrace CHN,2,G72227A76,2026-04-30 16:03:59,2026-05-02 16:02:00,Hanford,0,
Rock Island Tailrace CHN,2,G7223F882,2026-05-01 16:51:07,2026-05-03 15:52:00,Crescent Bar,1,2026-05-05 05:12:13
Rock Island Tailrace CHN,2,G7223F882,2026-05-01 16:51:07,2026-05-03 15:52:00,Sunland,1,2026-05-06 11:14:20
Rock Island Tailrace CHN,2,G7223F882,2026-05-01 16:51:07,2026-05-03 15:52:00,Wanapum BRZ,1,2026-05-08 12:42:03
Rock Island Tailrace CHN,2,G7223F882,2026-05-01 16:51:07,2026-05-03 15:52:00,Mattawa,1,2026-05-09 08:44:10
Rock Island Tailrace CHN,2,G7223F882,2026-05-01 16:51:07,2026-05-03 15:52:00,Priest BRZ,1,2026-05-10 04:47:05
Rock Island Tailrace CHN,2,G7223F882,2026-05-01 16:51:07,2026-05-03 15:52:00,Lower Ringold,1,2026-05-12 04:40:43
Rock Island Tailrace CHN,2,G7223F882,2026-05-01 16:51:07,2026-05-03 15:52:00,Hanford,1,2026-05-12 08:21:04
Rock Island Tailrace CHN,2,G72247C01,2026-04-28 19:17:59,2026-04-30 15:42:00,Crescent Bar,1,2026-04-30 21:22:03
Rock Island Tailrace CHN,2,G72247C01,2026-04-28 19:17:59,2026-04-30 15:42:00,Sunland,1,2026-05-02 06:44:40
Rock Island Tailrace CHN,2,G72247C01,2026-04-28 19:17:59,2026-04-30 15:42:00,Wanapum BRZ,1,2026-05-05 04:06:13
Rock Island Tailrace CHN,2,G72247C01,2026-04-28 19:17:59,2026-04-30 15:42:00,Mattawa,1,2026-05-05 06:30:27
Rock Island Tailrace CHN,2,G72247C01,2026-04-28 19:17:59,2026-04-30 15:42:00,Priest BRZ,1,2026-05-05 17:22:49
Rock Island Tailrace CHN,2,G72247C01,2026-04-28 19:17:59,2026-04-30 15:42:00,Lower Ringold,1,2026-05-06 05:49:11
Rock Island Tailrace CHN,2,G72247C01,2026-04-28 19:17:59,2026-04-30 15:42:00,Hanford,1,2026-05-06 08:42:10
Rock Island Tailrace CHN,2,G72255B65,2026-04-30 16:14:45,2026-05-02 16:02:00,Crescent Bar,1,2026-05-02 21:23:30
Rock Island Tailrace CHN,2,G72255B65,2026-04-30 16:14:45,2026-05-02 16:02:00,Sunland,1,2026-05-03 09:30:59
Rock Island Tailrace CHN,2,G72255B65,2026-04-30 16:14:45,2026-05-02 16:02:00,Wanapum BRZ,1,2026-05-05 17:41:58
Rock Island Tailrace CHN,2,G72255B65,2026-04-30 16:14:45,2026-05-02 16:02:00,Mattawa,1,2026-05-06 05:32:28
Rock Island Tailrace CHN,2,G72255B65,2026-04-30 16:14:45,2026-05-02 16:02:00,Priest BRZ,1,2026-05-06 16:45:23
Rock Island Tailrace CHN,2,G72255B65,2026-04-30 16:14:45,2026-05-02 16:02:00,Lower Ringold,1,2026-05-07 15:16:13
Rock Island Tailrace CHN,2,G72255B65,2026-04-30 16:14:45,2026-05-02 16:02:00,Hanford,1,2026-05-07 19:06:06
Rock Island Tailrace CHN,2,G72258CB1,2026-04-30 16:06:30,2026-05-02 16:02:00,Crescent Bar,1,2026-05-04 07:11:35
Rock Island Tailrace CHN,2,G72258CB1,2026-04-30 16:06:30,2026-05-02 16:02:00,Sunland,1,2026-05-05 08:50:34
Rock Island Tailrace CHN,2,G72258CB1,2026-04-30 16:06:30,2026-05-02 16:02:00,Wanapum BRZ,1,2026-05-09 08:06:52
Rock Island Tailrace CHN,2,G72258CB1,2026-04-30 16:06:30,2026-05-02 16:02:00,Mattawa,1,2026-05-09 11:54:48
Rock Island Tailrace CHN,2,G72258CB1,2026-04-30 16:06:30,2026-05-02 16:02:00,Priest BRZ,1,2026-05-10 08:17:00
Rock Island Tailrace CHN,2,G72258CB1,2026-04-30 16:06:30,2026-05-02 16:02:00,Lower Ringold,0,
Rock Island Tailrace CHN,2,G72258CB1,2026-04-30 16:06:30,2026-05-02 16:02:00,Hanford,0,
Rock Island Tailrace CHN,1,G72270F4E,2026-05-04 16:24:16,2026-05-06 16:04:00,Crescent Bar,1,2026-05-07 06:17:04
Rock Island Tailrace CHN,1,G72270F4E,2026-05-04 16:24:16,2026-05-06 16:04:00,Sunland,1,2026-05-07 21:10:46
Rock Island Tailrace CHN,1,G72270F4E,2026-05-04 16:24:16,2026-05-06 16:04:00,Wanapum BRZ,1,2026-05-09 09:57:01
Rock Island Tailrace CHN,1,G72270F4E,2026-05-04 16:24:16,2026-05-06 16:04:00,Mattawa,0,
Rock Island Tailrace CHN,1,G72270F4E,2026-05-04 16:24:16,2026-05-06 16:04:00,Priest BRZ,0,
Rock Island Tailrace CHN,1,G72270F4E,2026-05-04 16:24:16,2026-05-06 16:04:00,Lower Ringold,0,
Rock Island Tailrace CHN,1,G72270F4E,2026-05-04 16:24:16,2026-05-06 16:04:00,Hanford,0,
Rock Island Tailrace CHN,1,G7227F8B9,2026-05-02 17:04:06,2026-05-04 15:47:00,Crescent Bar,1,2026-05-04 23:51:54
Rock Island Tailrace CHN,1,G7227F8B9,2026-05-02 17:04:06,2026-05-04 15:47:00,Sunland,0,
Rock Island Tailrace CHN,1,G7227F8B9,2026-05-02 17:04:06,2026-05-04 15:47:00,Wanapum BRZ,0,
Rock Island Tailrace CHN,1,G7227F8B9,2026-05-02 17:04:06,2026-05-04 15:47:00,Mattawa,0,
Rock Island Tailrace CHN,1,G7227F8B9,2026-05-02 17:04:06,2026-05-04 15:47:00,Priest BRZ,0,
Rock Island Tailrace CHN,1,G7227F8B9,2026-05-02 17:04:06,2026-05-04 15:47:00,Lower Ringold,0,
Rock Island Tailrace CHN,1,G7227F8B9,2026-05-02 17:04:06,2026-05-04 15:47:00,Hanford,0,
Rock Island Tailrace CHN,1,G72280CB4,2026-05-01 16:58:01,2026-05-03 15:52:00,Crescent Bar,1,2026-05-07 05:31:05
Rock Island Tailrace CHN,1,G72280CB4,2026-05-01 16:58:01,2026-05-03 15:52:00,Sunland,1,2026-05-07 23:04:03
Rock Island Tailrace CHN,1,G72280CB4,2026-05-01 16:58:01,2026-05-03 15:52:00,Wanapum BRZ,1,2026-05-09 09:54:27
Rock Island Tailrace CHN,1,G72280CB4,2026-05-01 16:58:01,2026-05-03 15:52:00,Mattawa,1,2026-05-09 13:04:09
Rock Island Tailrace CHN,1,G72280CB4,2026-05-01 16:58:01,2026-05-03 15:52:00,Priest BRZ,1,2026-05-10 01:09:37
Rock Island Tailrace CHN,1,G72280CB4,2026-05-01 16:58:01,2026-05-03 15:52:00,Lower Ringold,1,2026-05-10 13:13:39
Rock Island Tailrace CHN,1,G72280CB4,2026-05-01 16:58:01,2026-05-03 15:52:00,Hanford,1,2026-05-10 17:24:39
Rock Island Tailrace CHN,1,G72284B71,2026-04-30 16:08:49,2026-05-02 16:02:00,Crescent Bar,1,2026-05-02 22:21:57
Rock Island Tailrace CHN,1,G72284B71,2026-04-30 16:08:49,2026-05-02 16:02:00,Sunland,1,2026-05-03 07:21:48
Rock Island Tailrace CHN,1,G72284B71,2026-04-30 16:08:49,2026-05-02 16:02:00,Wanapum BRZ,1,2026-05-06 08:32:05
Rock Island Tailrace CHN,1,G72284B71,2026-04-30 16:08:49,2026-05-02 16:02:00,Mattawa,1,2026-05-06 15:41:08
Rock Island Tailrace CHN,1,G72284B71,2026-04-30 16:08:49,2026-05-02 16:02:00,Priest BRZ,1,2026-05-07 02:17:40
Rock Island Tailrace CHN,1,G72284B71,2026-04-30 16:08:49,2026-05-02 16:02:00,Lower Ringold,1,2026-05-07 13:40:07
Rock Island Tailrace CHN,1,G72284B71,2026-04-30 16:08:49,2026-05-02 16:02:00,Hanford,1,2026-05-07 17:45:13
Rock Island Tailrace CHN,3,G722941CB,2026-05-01 16:51:51,2026-05-03 15:52:00,Crescent Bar,1,2026-05-04 11:58:37
Rock Island Tailrace CHN,3,G722941CB,2026-05-01 16:51:51,2026-05-03 15:52:00,Sunland,1,2026-05-05 11:31:26
Rock Island Tailrace CHN,3,G722941CB,2026-05-01 16:51:51,2026-05-03 15:52:00,Wanapum BRZ,1,2026-05-08 02:54:13
Rock Island Tailrace CHN,3,G722941CB,2026-05-01 16:51:51,2026-05-03 15:52:00,Mattawa,1,2026-05-08 06:21:31
Rock Island Tailrace CHN,3,G722941CB,2026-05-01 16:51:51,2026-05-03 15:52:00,Priest BRZ,1,2026-05-09 02:41:42
Rock Island Tailrace CHN,3,G722941CB,2026-05-01 16:51:51,2026-05-03 15:52:00,Lower Ringold,0,
Rock Island Tailrace CHN,3,G722941CB,2026-05-01 16:51:51,2026-05-03 15:52:00,Hanford,0,
Rock Island Tailrace CHN,3,G722A13F9,2026-05-04 16:17:17,2026-05-06 16:04:00,Crescent Bar,1,2026-05-07 01:45:02
Rock Island Tailrace CHN,3,G722A13F9,2026-05-04 16:17:17,2026-05-06 16:04:00,Sunland,1,2026-05-08 07:52:42
Rock Island Tailrace CHN,3,G722A13F9,2026-05-04 16:17:17,2026-05-06 16:04:00,Wanapum BRZ,1,2026-05-10 03:10:26
Rock Island Tailrace CHN,3,G722A13F9,2026-05-04 16:17:17,2026-05-06 16:04:00,Mattawa,1,2026-05-10 07:26:19
Rock Island Tailrace CHN,3,G722A13F9,2026-05-04 16:17:17,2026-05-06 16:04:00,Priest BRZ,1,2026-05-11 07:39:33
Rock Island Tailrace CHN,3,G722A13F9,2026-05-04 16:17:17,2026-05-06 16:04:00,Lower Ringold,1,2026-05-12 00:28:37
Rock Island Tailrace CHN,3,G722A13F9,2026-05-04 16:17:17,2026-05-06 16:04:00,Hanford,1,2026-05-12 04:00:07
Rock Island Tailrace CHN,3,G722A5F1C,2026-05-04 16:06:55,2026-05-06 16:04:00,Crescent Bar,1,2026-05-06 23:03:59
Rock Island Tailrace CHN,3,G722A5F1C,2026-05-04 16:06:55,2026-05-06 16:04:00,Sunland,1,2026-05-07 10:04:22
Rock Island Tailrace CHN,3,G722A5F1C,2026-05-04 16:06:55,2026-05-06 16:04:00,Wanapum BRZ,1,2026-05-09 05:00:40
Rock Island Tailrace CHN,3,G722A5F1C,2026-05-04 16:06:55,2026-05-06 16:04:00,Mattawa,1,2026-05-10 21:33:06
Rock Island Tailrace CHN,3,G722A5F1C,2026-05-04 16:06:55,2026-05-06 16:04:00,Priest BRZ,1,2026-05-11 14:19:33
Rock Island Tailrace CHN,3,G722A5F1C,2026-05-04 16:06:55,2026-05-06 16:04:00,Lower Ringold,1,2026-05-12 08:30:25
Rock Island Tailrace CHN,3,G722A5F1C,2026-05-04 16:06:55,2026-05-06 16:04:00,Hanford,1,2026-05-12 12:07:07
Rock Island Tailrace CHN,1,G722CABA3,2026-05-01 17:06:10,2026-05-03 15:52:00,Crescent Bar,1,2026-05-04 06:15:36
Rock Island Tailrace CHN,1,G722CABA3,2026-05-01 17:06:10,2026-05-03 15:52:00,Sunland,1,2026-05-05 08:08:01
Rock Island Tailrace CHN,1,G722CABA3,2026-05-01 17:06:10,2026-05-03 15:52:00,Wanapum BRZ,1,2026-05-09 09:10:29
Rock Island Tailrace CHN,1,G722CABA3,2026-05-01 17:06:10,2026-05-03 15:52:00,Mattawa,1,2026-05-10 10:10:08
Rock Island Tailrace CHN,1,G722CABA3,2026-05-01 17:06:10,2026-05-03 15:52:00,Priest BRZ,1,2026-05-10 18:59:23
Rock Island Tailrace CHN,1,G722CABA3,2026-05-01 17:06:10,2026-05-03 15:52:00,Lower Ringold,1,2026-05-11 10:28:54
Rock Island Tailrace CHN,1,G722CABA3,2026-05-01 17:06:10,2026-05-03 15:52:00,Hanford,1,2026-05-11 13:52:16
Rock Island Tailrace CHN,1,G722DA69A,2026-04-28 19:01:05,2026-04-30 15:42:00,Crescent Bar,1,2026-05-01 05:28:58
Rock Island Tailrace CHN,1,G722DA69A,2026-04-28 19:01:05,2026-04-30 15:42:00,Sunland,1,2026-05-02 04:18:50
Rock Island Tailrace CHN,1,G722DA69A,2026-04-28 19:01:05,2026-04-30 15:42:00,Wanapum BRZ,1,2026-05-04 04:38:37
Rock Island Tailrace CHN,1,G722DA69A,2026-04-28 19:01:05,2026-04-30 15:42:00,Mattawa,1,2026-05-04 15:04:27
Rock Island Tailrace CHN,1,G722DA69A,2026-04-28 19:01:05,2026-04-30 15:42:00,Priest BRZ,1,2026-05-05 06:46:44
Rock Island Tailrace CHN,1,G722DA69A,2026-04-28 19:01:05,2026-04-30 15:42:00,Lower Ringold,1,2026-05-05 19:04:15
Rock Island Tailrace CHN,1,G722DA69A,2026-04-28 19:01:05,2026-04-30 15:42:00,Hanford,1,2026-05-05 22:39:56
Rock Island Tailrace CHN,2,G722EC8B5,2026-05-03 18:14:20,2026-05-05 16:45:00,Crescent Bar,1,2026-05-05 22:39:24
Rock Island Tailrace CHN,2,G722EC8B5,2026-05-03 18:14:20,2026-05-05 16:45:00,Sunland,1,2026-05-06 06:56:45
Rock Island Tailrace CHN,2,G722EC8B5,2026-05-03 18:14:20,2026-05-05 16:45:00,Wanapum BRZ,1,2026-05-09 03:29:33
Rock Island Tailrace CHN,2,G722EC8B5,2026-05-03 18:14:20,2026-05-05 16:45:00,Mattawa,1,2026-05-12 09:21:24
Rock Island Tailrace CHN,2,G722EC8B5,2026-05-03 18:14:20,2026-05-05 16:45:00,Priest BRZ,1,2026-05-13 05:26:00
Rock Island Tailrace CHN,2,G722EC8B5,2026-05-03 18:14:20,2026-05-05 16:45:00,Lower Ringold,1,2026-05-14 04:34:54
Rock Island Tailrace CHN,2,G722EC8B5,2026-05-03 18:14:20,2026-05-05 16:45:00,Hanford,1,2026-05-14 07:15:57
Rock Island Tailrace CHN,1,G722F3BE7,2026-05-03 17:57:54,2026-05-05 16:45:00,Crescent Bar,1,2026-05-06 05:49:01
Rock Island Tailrace CHN,1,G722F3BE7,2026-05-03 17:57:54,2026-05-05 16:45:00,Sunland,1,2026-05-07 06:35:43
Rock Island Tailrace CHN,1,G722F3BE7,2026-05-03 17:57:54,2026-05-05 16:45:00,Wanapum BRZ,1,2026-05-08 23:07:43
Rock Island Tailrace CHN,1,G722F3BE7,2026-05-03 17:57:54,2026-05-05 16:45:00,Mattawa,1,2026-05-09 06:42:29
Rock Island Tailrace CHN,1,G722F3BE7,2026-05-03 17:57:54,2026-05-05 16:45:00,Priest BRZ,1,2026-05-09 13:37:15
Rock Island Tailrace CHN,1,G722F3BE7,2026-05-03 17:57:54,2026-05-05 16:45:00,Lower Ringold,1,2026-05-10 05:18:07
Rock Island Tailrace CHN,1,G722F3BE7,2026-05-03 17:57:54,2026-05-05 16:45:00,Hanford,1,2026-05-10 08:06:17
Rock Island Tailrace CHN,1,G722F8EEA,2026-05-02 16:31:36,2026-05-04 15:47:00,Crescent Bar,1,2026-05-04 22:03:49
Rock Island Tailrace CHN,1,G722F8EEA,2026-05-02 16:31:36,2026-05-04 15:47:00,Sunland,1,2026-05-05 09:29:02
Rock Island Tailrace CHN,1,G722F8EEA,2026-05-02 16:31:36,2026-05-04 15:47:00,Wanapum BRZ,1,2026-05-08 17:34:31
Rock Island Tailrace CHN,1,G722F8EEA,2026-05-02 16:31:36,2026-05-04 15:47:00,Mattawa,1,2026-05-10 00:08:06
Rock Island Tailrace CHN,1,G722F8EEA,2026-05-02 16:31:36,2026-05-04 15:47:00,Priest BRZ,1,2026-05-10 07:36:24
Rock Island Tailrace CHN,1,G722F8EEA,2026-05-02 16:31:36,2026-05-04 15:47:00,Lower Ringold,0,
Rock Island Tailrace CHN,1,G722F8EEA,2026-05-02 16:31:36,2026-05-04 15:47:00,Hanford,0,
Rock Island Tailrace CHN,1,G722FF8CF,2026-05-05 15:58:32,2026-05-07 15:46:00,Crescent Bar,1,2026-05-08 04:00:24
Rock Island Tailrace CHN,1,G722FF8CF,2026-05-05 15:58:32,2026-05-07 15:46:00,Sunland,1,2026-05-08 20:44:06
Rock Island Tailrace CHN,1,G722FF8CF,2026-05-05 15:58:32,2026-05-07 15:46:00,Wanapum BRZ,1,2026-05-10 06:09:24
Rock Island Tailrace CHN,1,G722FF8CF,2026-05-05 15:58:32,2026-05-07 15:46:00,Mattawa,1,2026-05-12 01:19:58
Rock Island Tailrace CHN,1,G722FF8CF,2026-05-05 15:58:32,2026-05-07 15:46:00,Priest BRZ,1,2026-05-12 11:23:15
Rock Island Tailrace CHN,1,G722FF8CF,2026-05-05 15:58:32,2026-05-07 15:46:00,Lower Ringold,1,2026-05-13 07:59:31
Rock Island Tailrace CHN,1,G722FF8CF,2026-05-05 15:58:32,2026-05-07 15:46:00,Hanford,1,2026-05-13 10:50:02
Rock Island Tailrace CHN,2,G7230A7A1,2026-05-01 16:53:23,2026-05-03 15:52:00,Crescent Bar,1,2026-05-04 10:04:16
Rock Island Tailrace CHN,2,G7230A7A1,2026-05-01 16:53:23,2026-05-03 15:52:00,Sunland,1,2026-05-05 22:05:16
Rock Island Tailrace CHN,2,G7230A7A1,2026-05-01 16:53:23,2026-05-03 15:52:00,Wanapum BRZ,1,2026-05-06 19:52:04
Rock Island Tailrace CHN,2,G7230A7A1,2026-05-01 16:53:23,2026-05-03 15:52:00,Mattawa,1,2026-05-12 16:07:58
Rock Island Tailrace CHN,2,G7230A7A1,2026-05-01 16:53:23,2026-05-03 15:52:00,Priest BRZ,1,2026-05-13 14:21:18
Rock Island Tailrace CHN,2,G7230A7A1,2026-05-01 16:53:23,2026-05-03 15:52:00,Lower Ringold,1,2026-05-14 13:58:18
Rock Island Tailrace CHN,2,G7230A7A1,2026-05-01 16:53:23,2026-05-03 15:52:00,Hanford,1,2026-05-14 18:00:40
Rock Island Tailrace CHN,3,G7230B580,2026-05-05 16:01:24,2026-05-07 15:46:00,Crescent Bar,1,2026-05-08 01:02:36
Rock Island Tailrace CHN,3,G7230B580,2026-05-05 16:01:24,2026-05-07 15:46:00,Sunland,1,2026-05-08 13:47:17
Rock Island Tailrace CHN,3,G7230B580,2026-05-05 16:01:24,2026-05-07 15:46:00,Wanapum BRZ,1,2026-05-09 18:18:25
Rock Island Tailrace CHN,3,G7230B580,2026-05-05 16:01:24,2026-05-07 15:46:00,Mattawa,1,2026-05-10 00:13:53
Rock Island Tailrace CHN,3,G7230B580,2026-05-05 16:01:24,2026-05-07 15:46:00,Priest BRZ,1,2026-05-10 10:58:50
Rock Island Tailrace CHN,3,G7230B580,2026-05-05 16:01:24,2026-05-07 15:46:00,Lower Ringold,1,2026-05-11 00:05:47
Rock Island Tailrace CHN,3,G7230B580,2026-05-05 16:01:24,2026-05-07 15:46:00,Hanford,1,2026-05-11 05:02:05
Rock Island Tailrace CHN,1,G72332319,2026-05-04 16:07:27,2026-05-06 16:04:00,Crescent Bar,1,2026-05-07 08:10:00
Rock Island Tailrace CHN,1,G72332319,2026-05-04 16:07:27,2026-05-06 16:04:00,Sunland,1,2026-05-08 13:33:34
Rock Island Tailrace CHN,1,G72332319,2026-05-04 16:07:27,2026-05-06 16:04:00,Wanapum BRZ,1,2026-05-09 18:26:22
Rock Island Tailrace CHN,1,G72332319,2026-05-04 16:07:27,2026-05-06 16:04:00,Mattawa,0,
Rock Island Tailrace CHN,1,G72332319,2026-05-04 16:07:27,2026-05-06 16:04:00,Priest BRZ,0,
Rock Island Tailrace CHN,1,G72332319,2026-05-04 16:07:27,2026-05-06 16:04:00,Lower Ringold,0,
Rock Island Tailrace CHN,1,G72332319,2026-05-04 16:07:27,2026-05-06 16:04:00,Hanford,0,
Rock Island Tailrace CHN,1,G7233E28D,2026-04-30 16:04:44,2026-05-02 16:02:00,Crescent Bar,1,2026-05-03 10:59:43
Rock Island Tailrace CHN,1,G7233E28D,2026-04-30 16:04:44,2026-05-02 16:02:00,Sunland,1,2026-05-06 06:03:45
Rock Island Tailrace CHN,1,G7233E28D,2026-04-30 16:04:44,2026-05-02 16:02:00,Wanapum BRZ,1,2026-05-09 02:59:27
Rock Island Tailrace CHN,1,G7233E28D,2026-04-30 16:04:44,2026-05-02 16:02:00,Mattawa,1,2026-05-09 06:13:50
Rock Island Tailrace CHN,1,G7233E28D,2026-04-30 16:04:44,2026-05-02 16:02:00,Priest BRZ,1,2026-05-09 21:49:13
Rock Island Tailrace CHN,1,G7233E28D,2026-04-30 16:04:44,2026-05-02 16:02:00,Lower Ringold,1,2026-05-10 09:44:16
Rock Island Tailrace CHN,1,G7233E28D,2026-04-30 16:04:44,2026-05-02 16:02:00,Hanford,1,2026-05-10 12:50:24
Rock Island Tailrace CHN,1,G7233FD51,2026-04-29 16:15:39,2026-05-01 15:43:00,Crescent Bar,1,2026-05-02 03:43:35
Rock Island Tailrace CHN,1,G7233FD51,2026-04-29 16:15:39,2026-05-01 15:43:00,Sunland,1,2026-05-03 05:55:23
Rock Island Tailrace CHN,1,G7233FD51,2026-04-29 16:15:39,2026-05-01 15:43:00,Wanapum BRZ,1,2026-05-04 17:28:05
Rock Island Tailrace CHN,1,G7233FD51,2026-04-29 16:15:39,2026-05-01 15:43:00,Mattawa,1,2026-05-04 21:18:49
Rock Island Tailrace CHN,1,G7233FD51,2026-04-29 16:15:39,2026-05-01 15:43:00,Priest BRZ,1,2026-05-05 05:12:21
Rock Island Tailrace CHN,1,G7233FD51,2026-04-29 16:15:39,2026-05-01 15:43:00,Lower Ringold,1,2026-05-05 16:01:27
Rock Island Tailrace CHN,1,G7233FD51,2026-04-29 16:15:39,2026-05-01 15:43:00,Hanford,1,2026-05-05 19:56:57
Rock Island Tailrace CHN,3,G7234CF3D,2026-04-30 16:14:18,2026-05-02 16:02:00,Crescent Bar,1,2026-05-02 21:41:17
Rock Island Tailrace CHN,3,G7234CF3D,2026-04-30 16:14:18,2026-05-02 16:02:00,Sunland,1,2026-05-03 07:40:20
Rock Island Tailrace CHN,3,G7234CF3D,2026-04-30 16:14:18,2026-05-02 16:02:00,Wanapum BRZ,1,2026-05-04 17:48:05
Rock Island Tailrace CHN,3,G7234CF3D,2026-04-30 16:14:18,2026-05-02 16:02:00,Mattawa,1,2026-05-04 20:56:46
Rock Island Tailrace CHN,3,G7234CF3D,2026-04-30 16:14:18,2026-05-02 16:02:00,Priest BRZ,1,2026-05-05 13:43:55
Rock Island Tailrace CHN,3,G7234CF3D,2026-04-30 16:14:18,2026-05-02 16:02:00,Lower Ringold,1,2026-05-06 01:11:24
Rock Island Tailrace CHN,3,G7234CF3D,2026-04-30 16:14:18,2026-05-02 16:02:00,Hanford,1,2026-05-06 04:37:03
Rock Island Tailrace CHN,3,G7234FEDD,2026-05-03 18:08:02,2026-05-05 16:45:00,Crescent Bar,1,2026-05-05 22:12:29
Rock Island Tailrace CHN,3,G7234FEDD,2026-05-03 18:08:02,2026-05-05 16:45:00,Sunland,1,2026-05-22 01:08:34
Rock Island Tailrace CHN,3,G7234FEDD,2026-05-03 18:08:02,2026-05-05 16:45:00,Wanapum BRZ,1,2026-05-23 10:17:42
Rock Island Tailrace CHN,3,G7234FEDD,2026-05-03 18:08:02,2026-05-05 16:45:00,Mattawa,1,2026-05-23 14:13:29
Rock Island Tailrace CHN,3,G7234FEDD,2026-05-03 18:08:02,2026-05-05 16:45:00,Priest BRZ,1,2026-05-24 09:05:43
Rock Island Tailrace CHN,3,G7234FEDD,2026-05-03 18:08:02,2026-05-05 16:45:00,Lower Ringold,1,2026-05-26 02:57:09
Rock Island Tailrace CHN,3,G7234FEDD,2026-05-03 18:08:02,2026-05-05 16:45:00,Hanford,1,2026-05-26 06:18:28
Rock Island Tailrace CHN,3,G7235268C,2026-05-05 16:21:38,2026-05-07 15:46:00,Crescent Bar,1,2026-05-08 03:17:37
Rock Island Tailrace CHN,3,G7235268C,2026-05-05 16:21:38,2026-05-07 15:46:00,Sunland,1,2026-05-09 08:39:49
Rock Island Tailrace CHN,3,G7235268C,2026-05-05 16:21:38,2026-05-07 15:46:00,Wanapum BRZ,1,2026-05-11 15:14:28
Rock Island Tailrace CHN,3,G7235268C,2026-05-05 16:21:38,2026-05-07 15:46:00,Mattawa,1,2026-05-11 19:46:22
Rock Island Tailrace CHN,3,G7235268C,2026-05-05 16:21:38,2026-05-07 15:46:00,Priest BRZ,1,2026-05-12 10:53:13
Rock Island Tailrace CHN,3,G7235268C,2026-05-05 16:21:38,2026-05-07 15:46:00,Lower Ringold,1,2026-05-13 02:47:48
Rock Island Tailrace CHN,3,G7235268C,2026-05-05 16:21:38,2026-05-07 15:46:00,Hanford,1,2026-05-13 05:52:09
Rock Island Tailrace CHN,3,G72352E4E,2026-04-30 16:18:03,2026-05-02 16:02:00,Crescent Bar,1,2026-05-03 07:21:39
Rock Island Tailrace CHN,3,G72352E4E,2026-04-30 16:18:03,2026-05-02 16:02:00,Sunland,1,2026-05-04 02:45:24
Rock Island Tailrace CHN,3,G72352E4E,2026-04-30 16:18:03,2026-05-02 16:02:00,Wanapum BRZ,1,2026-05-05 11:01:20
Rock Island Tailrace CHN,3,G72352E4E,2026-04-30 16:18:03,2026-05-02 16:02:00,Mattawa,1,2026-05-05 22:47:03
Rock Island Tailrace CHN,3,G72352E4E,2026-04-30 16:18:03,2026-05-02 16:02:00,Priest BRZ,1,2026-05-06 11:24:59
Rock Island Tailrace CHN,3,G72352E4E,2026-04-30 16:18:03,2026-05-02 16:02:00,Lower Ringold,1,2026-05-07 06:07:36
Rock Island Tailrace CHN,3,G72352E4E,2026-04-30 16:18:03,2026-05-02 16:02:00,Hanford,1,2026-05-07 09:03:12
Rock Island Tailrace CHN,1,G7237BECE,2026-04-29 16:22:05,2026-05-01 15:43:00,Crescent Bar,1,2026-05-02 12:52:20
Rock Island Tailrace CHN,1,G7237BECE,2026-04-29 16:22:05,2026-05-01 15:43:00,Sunland,1,2026-05-03 15:15:04
Rock Island Tailrace CHN,1,G7237BECE,2026-04-29 16:22:05,2026-05-01 15:43:00,Wanapum BRZ,1,2026-05-07 23:09:42
Rock Island Tailrace CHN,1,G7237BECE,2026-04-29 16:22:05,2026-05-01 15:43:00,Mattawa,1,2026-05-08 01:59:33
Rock Island Tailrace CHN,1,G7237BECE,2026-04-29 16:22:05,2026-05-01 15:43:00,Priest BRZ,1,2026-05-09 04:30:53
Rock Island Tailrace CHN,1,G7237BECE,2026-04-29 16:22:05,2026-05-01 15:43:00,Lower Ringold,0,
Rock Island Tailrace CHN,1,G7237BECE,2026-04-29 16:22:05,2026-05-01 15:43:00,Hanford,0,
Rock Island Tailrace CHN,2,G72383CE6,2026-04-28 18:50:10,2026-04-30 15:42:00,Crescent Bar,1,2026-05-02 03:19:42
Rock Island Tailrace CHN,2,G72383CE6,2026-04-28 18:50:10,2026-04-30 15:42:00,Sunland,1,2026-05-03 06:09:35
Rock Island Tailrace CHN,2,G72383CE6,2026-04-28 18:50:10,2026-04-30 15:42:00,Wanapum BRZ,1,2026-05-04 19:57:19
Rock Island Tailrace CHN,2,G72383CE6,2026-04-28 18:50:10,2026-04-30 15:42:00,Mattawa,1,2026-05-05 12:27:03
Rock Island Tailrace CHN,2,G72383CE6,2026-04-28 18:50:10,2026-04-30 15:42:00,Priest BRZ,1,2026-05-05 21:54:28
Rock Island Tailrace CHN,2,G72383CE6,2026-04-28 18:50:10,2026-04-30 15:42:00,Lower Ringold,1,2026-05-06 12:09:00
Rock Island Tailrace CHN,2,G72383CE6,2026-04-28 18:50:10,2026-04-30 15:42:00,Hanford,1,2026-05-06 15:25:16
Rock Island Tailrace CHN,2,G72384D40,2026-04-30 16:01:55,2026-05-02 16:02:00,Crescent Bar,1,2026-05-02 21:29:47
Rock Island Tailrace CHN,2,G72384D40,2026-04-30 16:01:55,2026-05-02 16:02:00,Sunland,1,2026-05-03 07:25:34
Rock Island Tailrace CHN,2,G72384D40,2026-04-30 16:01:55,2026-05-02 16:02:00,Wanapum BRZ,1,2026-05-05 05:19:43
Rock Island Tailrace CHN,2,G72384D40,2026-04-30 16:01:55,2026-05-02 16:02:00,Mattawa,0,
Rock Island Tailrace CHN,2,G72384D40,2026-04-30 16:01:55,2026-05-02 16:02:00,Priest BRZ,0,
Rock Island Tailrace CHN,2,G72384D40,2026-04-30 16:01:55,2026-05-02 16:02:00,Lower Ringold,0,
Rock Island Tailrace CHN,2,G72384D40,2026-04-30 16:01:55,2026-05-02 16:02:00,Hanford,0,
Rock Island Tailrace CHN,2,G72389A94,2026-04-29 16:23:14,2026-05-01 15:43:00,Crescent Bar,1,2026-05-02 09:22:34
Rock Island Tailrace CHN,2,G72389A94,2026-04-29 16:23:14,2026-05-01 15:43:00,Sunland,1,2026-05-03 10:45:35
Rock Island Tailrace CHN,2,G72389A94,2026-04-29 16:23:14,2026-05-01 15:43:00,Wanapum BRZ,1,2026-05-09 18:44:00
Rock Island Tailrace CHN,2,G72389A94,2026-04-29 16:23:14,2026-05-01 15:43:00,Mattawa,1,2026-05-14 14:53:36
Rock Island Tailrace CHN,2,G72389A94,2026-04-29 16:23:14,2026-05-01 15:43:00,Priest BRZ,1,2026-05-15 20:41:46
Rock Island Tailrace CHN,2,G72389A94,2026-04-29 16:23:14,2026-05-01 15:43:00,Lower Ringold,1,2026-05-18 10:30:51
Rock Island Tailrace CHN,2,G72389A94,2026-04-29 16:23:14,2026-05-01 15:43:00,Hanford,1,2026-05-18 14:30:31
Rock Island Tailrace CHN,3,G723AF79D,2026-05-03 18:03:14,2026-05-05 16:45:00,Crescent Bar,1,2026-05-06 08:02:47
Rock Island Tailrace CHN,3,G723AF79D,2026-05-03 18:03:14,2026-05-05 16:45:00,Sunland,1,2026-05-06 21:26:57
Rock Island Tailrace CHN,3,G723AF79D,2026-05-03 18:03:14,2026-05-05 16:45:00,Wanapum BRZ,1,2026-05-09 04:37:46
Rock Island Tailrace CHN,3,G723AF79D,2026-05-03 18:03:14,2026-05-05 16:45:00,Mattawa,1,2026-05-09 07:53:04
Rock Island Tailrace CHN,3,G723AF79D,2026-05-03 18:03:14,2026-05-05 16:45:00,Priest BRZ,1,2026-05-09 21:27:21
Rock Island Tailrace CHN,3,G723AF79D,2026-05-03 18:03:14,2026-05-05 16:45:00,Lower Ringold,0,
Rock Island Tailrace CHN,3,G723AF79D,2026-05-03 18:03:14,2026-05-05 16:45:00,Hanford,0,
Rock Island Tailrace CHN,2,G723B79CA,2026-05-02 16:30:36,2026-05-04 15:47:00,Crescent Bar,1,2026-05-05 04:39:30
Rock Island Tailrace CHN,2,G723B79CA,2026-05-02 16:30:36,2026-05-04 15:47:00,Sunland,1,2026-05-05 19:28:25
Rock Island Tailrace CHN,2,G723B79CA,2026-05-02 16:30:36,2026-05-04 15:47:00,Wanapum BRZ,1,2026-05-08 02:54:43
Rock Island Tailrace CHN,2,G723B79CA,2026-05-02 16:30:36,2026-05-04 15:47:00,Mattawa,1,2026-05-09 05:57:36
Rock Island Tailrace CHN,2,G723B79CA,2026-05-02 16:30:36,2026-05-04 15:47:00,Priest BRZ,1,2026-05-09 15:03:34
Rock Island Tailrace CHN,2,G723B79CA,2026-05-02 16:30:36,2026-05-04 15:47:00,Lower Ringold,1,2026-05-13 07:31:26
Rock Island Tailrace CHN,2,G723B79CA,2026-05-02 16:30:36,2026-05-04 15:47:00,Hanford,1,2026-05-13 10:25:48
Rock Island Tailrace CHN,2,G723C0D3D,2026-05-02 16:37:50,2026-05-04 15:47:00,Crescent Bar,1,2026-05-05 00:01:13
Rock Island Tailrace CHN,2,G723C0D3D,2026-05-02 16:37:50,2026-05-04 15:47:00,Sunland,1,2026-05-05 09:55:26
Rock Island Tailrace CHN,2,G723C0D3D,2026-05-02 16:37:50,2026-05-04 15:47:00,Wanapum BRZ,1,2026-05-09 05:44:31
Rock Island Tailrace CHN,2,G723C0D3D,2026-05-02 16:37:50,2026-05-04 15:47:00,Mattawa,1,2026-05-09 10:35:58
Rock Island Tailrace CHN,2,G723C0D3D,2026-05-02 16:37:50,2026-05-04 15:47:00,Priest BRZ,1,2026-05-10 12:04:06
Rock Island Tailrace CHN,2,G723C0D3D,2026-05-02 16:37:50,2026-05-04 15:47:00,Lower Ringold,1,2026-05-11 09:50:28
Rock Island Tailrace CHN,2,G723C0D3D,2026-05-02 16:37:50,2026-05-04 15:47:00,Hanford,1,2026-05-11 13:07:04
Rock Island Tailrace CHN,1,G723D777F,2026-04-30 16:15:55,2026-05-02 16:02:00,Crescent Bar,1,2026-05-02 21:46:47
Rock Island Tailrace CHN,1,G723D777F,2026-04-30 16:15:55,2026-05-02 16:02:00,Sunland,1,2026-05-04 12:20:09
Rock Island Tailrace CHN,1,G723D777F,2026-04-30 16:15:55,2026-05-02 16:02:00,Wanapum BRZ,1,2026-05-07 17:29:58
Rock Island Tailrace CHN,1,G723D777F,2026-04-30 16:15:55,2026-05-02 16:02:00,Mattawa,1,2026-05-07 21:04:57
Rock Island Tailrace CHN,1,G723D777F,2026-04-30 16:15:55,2026-05-02 16:02:00,Priest BRZ,0,
Rock Island Tailrace CHN,1,G723D777F,2026-04-30 16:15:55,2026-05-02 16:02:00,Lower Ringold,0,
Rock Island Tailrace CHN,1,G723D777F,2026-04-30 16:15:55,2026-05-02 16:02:00,Hanford,0,
Rock Island Tailrace CHN,1,G723E02ED,2026-05-03 17:47:25,2026-05-05 16:45:00,Crescent Bar,1,2026-05-06 10:07:58
Rock Island Tailrace CHN,1,G723E02ED,2026-05-03 17:47:25,2026-05-05 16:45:00,Sunland,1,2026-05-08 06:33:50
Rock Island Tailrace CHN,1,G723E02ED,2026-05-03 17:47:25,2026-05-05 16:45:00,Wanapum BRZ,1,2026-05-10 04:47:16
Rock Island Tailrace CHN,1,G723E02ED,2026-05-03 17:47:25,2026-05-05 16:45:00,Mattawa,1,2026-05-10 08:01:25
Rock Island Tailrace CHN,1,G723E02ED,2026-05-03 17:47:25,2026-05-05 16:45:00,Priest BRZ,0,
Rock Island Tailrace CHN,1,G723E02ED,2026-05-03 17:47:25,2026-05-05 16:45:00,Lower Ringold,0,
Rock Island Tailrace CHN,1,G723E02ED,2026-05-03 17:47:25,2026-05-05 16:45:00,Hanford,0,
Rock Island Tailrace CHN,1,G723EB402,2026-05-05 15:56:22,2026-05-07 15:46:00,Crescent Bar,1,2026-05-08 00:01:33
Rock Island Tailrace CHN,1,G723EB402,2026-05-05 15:56:22,2026-05-07 15:46:00,Sunland,1,2026-05-08 08:35:55
Rock Island Tailrace CHN,1,G723EB402,2026-05-05 15:56:22,2026-05-07 15:46:00,Wanapum BRZ,1,2026-05-09 16:41:50
Rock Island Tailrace CHN,1,G723EB402,2026-05-05 15:56:22,2026-05-07 15:46:00,Mattawa,1,2026-05-14 10:31:12
Rock Island Tailrace CHN,1,G723EB402,2026-05-05 15:56:22,2026-05-07 15:46:00,Priest BRZ,1,2026-05-15 05:07:31
Rock Island Tailrace CHN,1,G723EB402,2026-05-05 15:56:22,2026-05-07 15:46:00,Lower Ringold,1,2026-05-15 18:08:06
Rock Island Tailrace CHN,1,G723EB402,2026-05-05 15:56:22,2026-05-07 15:46:00,Hanford,1,2026-05-15 21:58:54
Rock Island Tailrace CHN,3,G723EC4FA,2026-04-30 16:03:45,2026-05-02 16:02:00,Crescent Bar,1,2026-05-03 04:08:29
Rock Island Tailrace CHN,3,G723EC4FA,2026-04-30 16:03:45,2026-05-02 16:02:00,Sunland,1,2026-05-03 14:04:51
Rock Island Tailrace CHN,3,G723EC4FA,2026-04-30 16:03:45,2026-05-02 16:02:00,Wanapum BRZ,1,2026-05-04 18:18:19
Rock Island Tailrace CHN,3,G723EC4FA,2026-04-30 16:03:45,2026-05-02 16:02:00,Mattawa,1,2026-05-04 22:12:38
Rock Island Tailrace CHN,3,G723EC4FA,2026-04-30 16:03:45,2026-05-02 16:02:00,Priest BRZ,1,2026-05-05 11:26:02
Rock Island Tailrace CHN,3,G723EC4FA,2026-04-30 16:03:45,2026-05-02 16:02:00,Lower Ringold,1,2026-05-07 05:10:24
Rock Island Tailrace CHN,3,G723EC4FA,2026-04-30 16:03:45,2026-05-02 16:02:00,Hanford,1,2026-05-07 07:52:54
Rock Island Tailrace CHN,2,G723F426F,2026-05-05 16:07:56,2026-05-07 15:46:00,Crescent Bar,1,2026-05-08 00:42:18
Rock Island Tailrace CHN,2,G723F426F,2026-05-05 16:07:56,2026-05-07 15:46:00,Sunland,1,2026-05-08 14:42:50
Rock Island Tailrace CHN,2,G723F426F,2026-05-05 16:07:56,2026-05-07 15:46:00,Wanapum BRZ,1,2026-05-11 13:41:51
Rock Island Tailrace CHN,2,G723F426F,2026-05-05 16:07:56,2026-05-07 15:46:00,Mattawa,1,2026-05-11 16:24:25
Rock Island Tailrace CHN,2,G723F426F,2026-05-05 16:07:56,2026-05-07 15:46:00,Priest BRZ,1,2026-05-12 10:26:14
Rock Island Tailrace CHN,2,G723F426F,2026-05-05 16:07:56,2026-05-07 15:46:00,Lower Ringold,1,2026-05-13 00:07:07
Rock Island Tailrace CHN,2,G723F426F,2026-05-05 16:07:56,2026-05-07 15:46:00,Hanford,1,2026-05-13 03:43:58
Rock Island Tailrace CHN,2,G723F8F58,2026-05-05 16:00:49,2026-05-07 15:46:00,Crescent Bar,1,2026-05-08 03:56:29
Rock Island Tailrace CHN,2,G723F8F58,2026-05-05 16:00:49,2026-05-07 15:46:00,Sunland,1,2026-05-08 15:17:11
Rock Island Tailrace CHN,2,G723F8F58,2026-05-05 16:00:49,2026-05-07 15:46:00,Wanapum BRZ,1,2026-05-10 08:36:06
Rock Island Tailrace CHN,2,G723F8F58,2026-05-05 16:00:49,2026-05-07 15:46:00,Mattawa,1,2026-05-10 11:42:07
Rock Island Tailrace CHN,2,G723F8F58,2026-05-05 16:00:49,2026-05-07 15:46:00,Priest BRZ,1,2026-05-11 04:39:43
Rock Island Tailrace CHN,2,G723F8F58,2026-05-05 16:00:49,2026-05-07 15:46:00,Lower Ringold,1,2026-05-12 01:55:26
Rock Island Tailrace CHN,2,G723F8F58,2026-05-05 16:00:49,2026-05-07 15:46:00,Hanford,1,2026-05-12 05:44:07
Rock Island Tailrace CHN,2,G723F9FC5,2026-05-03 17:42:47,2026-05-05 16:45:00,Crescent Bar,1,2026-05-06 03:44:57
Rock Island Tailrace CHN,2,G723F9FC5,2026-05-03 17:42:47,2026-05-05 16:45:00,Sunland,1,2026-05-06 20:18:05
Rock Island Tailrace CHN,2,G723F9FC5,2026-05-03 17:42:47,2026-05-05 16:45:00,Wanapum BRZ,0,
Rock Island Tailrace CHN,2,G723F9FC5,2026-05-03 17:42:47,2026-05-05 16:45:00,Mattawa,0,
Rock Island Tailrace CHN,2,G723F9FC5,2026-05-03 17:42:47,2026-05-05 16:45:00,Priest BRZ,0,
Rock Island Tailrace CHN,2,G723F9FC5,2026-05-03 17:42:47,2026-05-05 16:45:00,Lower Ringold,0,
Rock Island Tailrace CHN,2,G723F9FC5,2026-05-03 17:42:47,2026-05-05 16:45:00,Hanford,0,
Rock Island Tailrace CHN,2,G7240563D,2026-05-05 15:44:39,2026-05-07 15:46:00,Crescent Bar,1,2026-05-08 06:57:46
Rock Island Tailrace CHN,2,G7240563D,2026-05-05 15:44:39,2026-05-07 15:46:00,Sunland,1,2026-05-09 03:56:54
Rock Island Tailrace CHN,2,G7240563D,2026-05-05 15:44:39,2026-05-07 15:46:00,Wanapum BRZ,1,2026-05-10 05:46:01
Rock Island Tailrace CHN,2,G7240563D,2026-05-05 15:44:39,2026-05-07 15:46:00,Mattawa,1,2026-05-10 08:24:11
Rock Island Tailrace CHN,2,G7240563D,2026-05-05 15:44:39,2026-05-07 15:46:00,Priest BRZ,1,2026-05-10 21:45:55
Rock Island Tailrace CHN,2,G7240563D,2026-05-05 15:44:39,2026-05-07 15:46:00,Lower Ringold,1,2026-05-12 08:22:47
Rock Island Tailrace CHN,2,G7240563D,2026-05-05 15:44:39,2026-05-07 15:46:00,Hanford,1,2026-05-12 11:25:22
Rock Island Tailrace CHN,2,G72410622,2026-05-05 15:49:59,2026-05-07 15:46:00,Crescent Bar,1,2026-05-08 01:52:53
Rock Island Tailrace CHN,2,G72410622,2026-05-05 15:49:59,2026-05-07 15:46:00,Sunland,1,2026-05-08 12:10:05
Rock Island Tailrace CHN,2,G72410622,2026-05-05 15:49:59,2026-05-07 15:46:00,Wanapum BRZ,1,2026-05-10 02:20:39
Rock Island Tailrace CHN,2,G72410622,2026-05-05 15:49:59,2026-05-07 15:46:00,Mattawa,1,2026-05-10 07:02:49
Rock Island Tailrace CHN,2,G72410622,2026-05-05 15:49:59,2026-05-07 15:46:00,Priest BRZ,1,2026-05-10 16:01:23
Rock Island Tailrace CHN,2,G72410622,2026-05-05 15:49:59,2026-05-07 15:46:00,Lower Ringold,1,2026-05-11 08:31:57
Rock Island Tailrace CHN,2,G72410622,2026-05-05 15:49:59,2026-05-07 15:46:00,Hanford,1,2026-05-11 11:34:49
Rock Island Tailrace CHN,2,G72414AC7,2026-05-05 15:41:42,2026-05-07 15:46:00,Crescent Bar,1,2026-05-08 10:57:23
Rock Island Tailrace CHN,2,G72414AC7,2026-05-05 15:41:42,2026-05-07 15:46:00,Sunland,1,2026-05-09 12:38:33
Rock Island Tailrace CHN,2,G72414AC7,2026-05-05 15:41:42,2026-05-07 15:46:00,Wanapum BRZ,1,2026-05-11 12:19:10
Rock Island Tailrace CHN,2,G72414AC7,2026-05-05 15:41:42,2026-05-07 15:46:00,Mattawa,1,2026-05-11 16:19:45
Rock Island Tailrace CHN,2,G72414AC7,2026-05-05 15:41:42,2026-05-07 15:46:00,Priest BRZ,1,2026-05-12 10:30:00
Rock Island Tailrace CHN,2,G72414AC7,2026-05-05 15:41:42,2026-05-07 15:46:00,Lower Ringold,1,2026-05-13 12:34:19
Rock Island Tailrace CHN,2,G72414AC7,2026-05-05 15:41:42,2026-05-07 15:46:00,Hanford,1,2026-05-14 03:47:40
Rock Island Tailrace CHN,2,G72420AD4,2026-04-28 18:55:23,2026-04-30 15:42:00,Crescent Bar,1,2026-05-01 03:10:14
Rock Island Tailrace CHN,2,G72420AD4,2026-04-28 18:55:23,2026-04-30 15:42:00,Sunland,1,2026-05-02 00:34:58
Rock Island Tailrace CHN,2,G72420AD4,2026-04-28 18:55:23,2026-04-30 15:42:00,Wanapum BRZ,1,2026-05-03 10:46:54
Rock Island Tailrace CHN,2,G72420AD4,2026-04-28 18:55:23,2026-04-30 15:42:00,Mattawa,1,2026-05-03 13:15:37
Rock Island Tailrace CHN,2,G72420AD4,2026-04-28 18:55:23,2026-04-30 15:42:00,Priest BRZ,0,
Rock Island Tailrace CHN,2,G72420AD4,2026-04-28 18:55:23,2026-04-30 15:42:00,Lower Ringold,0,
Rock Island Tailrace CHN,2,G72420AD4,2026-04-28 18:55:23,2026-04-30 15:42:00,Hanford,0,
Rock Island Tailrace CHN,2,G72421508,2026-04-28 19:03:19,2026-04-30 15:42:00,Crescent Bar,1,2026-05-02 04:36:44
Rock Island Tailrace CHN,2,G72421508,2026-04-28 19:03:19,2026-04-30 15:42:00,Sunland,1,2026-05-02 12:16:49
Rock Island Tailrace CHN,2,G72421508,2026-04-28 19:03:19,2026-04-30 15:42:00,Wanapum BRZ,1,2026-05-03 21:37:52
Rock Island Tailrace CHN,2,G72421508,2026-04-28 19:03:19,2026-04-30 15:42:00,Mattawa,0,
Rock Island Tailrace CHN,2,G72421508,2026-04-28 19:03:19,2026-04-30 15:42:00,Priest BRZ,0,
Rock Island Tailrace CHN,2,G72421508,2026-04-28 19:03:19,2026-04-30 15:42:00,Lower Ringold,0,
Rock Island Tailrace CHN,2,G72421508,2026-04-28 19:03:19,2026-04-30 15:42:00,Hanford,0,
Rock Island Tailrace CHN,2,G724233F6,2026-05-04 16:32:49,2026-05-06 16:04:00,Crescent Bar,1,2026-05-07 01:30:56
Rock Island Tailrace CHN,2,G724233F6,2026-05-04 16:32:49,2026-05-06 16:04:00,Sunland,1,2026-05-07 18:05:18
Rock Island Tailrace CHN,2,G724233F6,2026-05-04 16:32:49,2026-05-06 16:04:00,Wanapum BRZ,1,2026-05-08 04:35:07
Rock Island Tailrace CHN,2,G724233F6,2026-05-04 16:32:49,2026-05-06 16:04:00,Mattawa,1,2026-05-09 20:18:23
Rock Island Tailrace CHN,2,G724233F6,2026-05-04 16:32:49,2026-05-06 16:04:00,Priest BRZ,1,2026-05-10 08:34:04
Rock Island Tailrace CHN,2,G724233F6,2026-05-04 16:32:49,2026-05-06 16:04:00,Lower Ringold,0,
Rock Island Tailrace CHN,2,G724233F6,2026-05-04 16:32:49,2026-05-06 16:04:00,Hanford,0,
Rock Island Tailrace CHN,2,G7243B3BE,2026-05-04 16:32:08,2026-05-06 16:04:00,Crescent Bar,1,2026-05-07 05:18:47
Rock Island Tailrace CHN,2,G7243B3BE,2026-05-04 16:32:08,2026-05-06 16:04:00,Sunland,1,2026-05-07 22:18:04
Rock Island Tailrace CHN,2,G7243B3BE,2026-05-04 16:32:08,2026-05-06 16:04:00,Wanapum BRZ,1,2026-05-09 13:39:20
Rock Island Tailrace CHN,2,G7243B3BE,2026-05-04 16:32:08,2026-05-06 16:04:00,Mattawa,1,2026-05-09 17:55:18
Rock Island Tailrace CHN,2,G7243B3BE,2026-05-04 16:32:08,2026-05-06 16:04:00,Priest BRZ,1,2026-05-10 11:24:11
Rock Island Tailrace CHN,2,G7243B3BE,2026-05-04 16:32:08,2026-05-06 16:04:00,Lower Ringold,1,2026-05-12 23:15:29
Rock Island Tailrace CHN,2,G7243B3BE,2026-05-04 16:32:08,2026-05-06 16:04:00,Hanford,1,2026-05-13 03:28:33
Rock Island Tailrace CHN,2,G72446E7A,2026-04-29 16:12:54,2026-05-01 15:43:00,Crescent Bar,1,2026-05-02 06:43:59
Rock Island Tailrace CHN,2,G72446E7A,2026-04-29 16:12:54,2026-05-01 15:43:00,Sunland,1,2026-05-03 07:46:22
Rock Island Tailrace CHN,2,G72446E7A,2026-04-29 16:12:54,2026-05-01 15:43:00,Wanapum BRZ,1,2026-05-05 20:50:34
Rock Island Tailrace CHN,2,G72446E7A,2026-04-29 16:12:54,2026-05-01 15:43:00,Mattawa,1,2026-05-08 07:09:05
Rock Island Tailrace CHN,2,G72446E7A,2026-04-29 16:12:54,2026-05-01 15:43:00,Priest BRZ,1,2026-05-09 05:20:47
Rock Island Tailrace CHN,2,G72446E7A,2026-04-29 16:12:54,2026-05-01 15:43:00,Lower Ringold,1,2026-05-09 18:13:41
Rock Island Tailrace CHN,2,G72446E7A,2026-04-29 16:12:54,2026-05-01 15:43:00,Hanford,1,2026-05-09 21:36:28
Rock Island Tailrace CHN,1,G724612B0,2026-05-02 16:32:21,2026-05-04 15:47:00,Crescent Bar,1,2026-05-05 16:10:01
Rock Island Tailrace CHN,1,G724612B0,2026-05-02 16:32:21,2026-05-04 15:47:00,Sunland,1,2026-05-08 09:14:04
Rock Island Tailrace CHN,1,G724612B0,2026-05-02 16:32:21,2026-05-04 15:47:00,Wanapum BRZ,1,2026-05-09 20:47:29
Rock Island Tailrace CHN,1,G724612B0,2026-05-02 16:32:21,2026-05-04 15:47:00,Mattawa,1,2026-05-10 00:23:03
Rock Island Tailrace CHN,1,G724612B0,2026-05-02 16:32:21,2026-05-04 15:47:00,Priest BRZ,1,2026-05-10 10:05:03
Rock Island Tailrace CHN,1,G724612B0,2026-05-02 16:32:21,2026-05-04 15:47:00,Lower Ringold,1,2026-05-11 05:39:06
Rock Island Tailrace CHN,1,G724612B0,2026-05-02 16:32:21,2026-05-04 15:47:00,Hanford,1,2026-05-11 08:50:07
Rock Island Tailrace CHN,1,G72464F96,2026-05-01 17:06:54,2026-05-03 15:52:00,Crescent Bar,1,2026-05-04 12:47:49
Rock Island Tailrace CHN,1,G72464F96,2026-05-01 17:06:54,2026-05-03 15:52:00,Sunland,1,2026-05-05 09:13:33
Rock Island Tailrace CHN,1,G72464F96,2026-05-01 17:06:54,2026-05-03 15:52:00,Wanapum BRZ,1,2026-05-08 02:47:18
Rock Island Tailrace CHN,1,G72464F96,2026-05-01 17:06:54,2026-05-03 15:52:00,Mattawa,1,2026-05-08 10:25:12
Rock Island Tailrace CHN,1,G72464F96,2026-05-01 17:06:54,2026-05-03 15:52:00,Priest BRZ,1,2026-05-08 19:58:23
Rock Island Tailrace CHN,1,G72464F96,2026-05-01 17:06:54,2026-05-03 15:52:00,Lower Ringold,1,2026-05-09 10:08:21
Rock Island Tailrace CHN,1,G72464F96,2026-05-01 17:06:54,2026-05-03 15:52:00,Hanford,1,2026-05-09 13:53:18
Rock Island Tailrace CHN,3,G7247DA7C,2026-04-29 16:18:51,2026-05-01 15:43:00,Crescent Bar,1,2026-05-02 07:34:14
Rock Island Tailrace CHN,3,G7247DA7C,2026-04-29 16:18:51,2026-05-01 15:43:00,Sunland,1,2026-05-03 03:08:01
Rock Island Tailrace CHN,3,G7247DA7C,2026-04-29 16:18:51,2026-05-01 15:43:00,Wanapum BRZ,1,2026-05-05 20:26:04
Rock Island Tailrace CHN,3,G7247DA7C,2026-04-29 16:18:51,2026-05-01 15:43:00,Mattawa,1,2026-05-06 03:13:40
Rock Island Tailrace CHN,3,G7247DA7C,2026-04-29 16:18:51,2026-05-01 15:43:00,Priest BRZ,1,2026-05-07 09:50:50
Rock Island Tailrace CHN,3,G7247DA7C,2026-04-29 16:18:51,2026-05-01 15:43:00,Lower Ringold,1,2026-05-08 05:24:27
Rock Island Tailrace CHN,3,G7247DA7C,2026-04-29 16:18:51,2026-05-01 15:43:00,Hanford,1,2026-05-08 08:54:01
Rock Island Tailrace CHN,3,G724843E9,2026-05-01 17:05:13,2026-05-03 15:52:00,Crescent Bar,1,2026-05-04 02:30:26
Rock Island Tailrace CHN,3,G724843E9,2026-05-01 17:05:13,2026-05-03 15:52:00,Sunland,1,2026-05-04 10:34:10
Rock Island Tailrace CHN,3,G724843E9,2026-05-01 17:05:13,2026-05-03 15:52:00,Wanapum BRZ,1,2026-05-07 16:48:14
Rock Island Tailrace CHN,3,G724843E9,2026-05-01 17:05:13,2026-05-03 15:52:00,Mattawa,1,2026-05-08 02:32:02
Rock Island Tailrace CHN,3,G724843E9,2026-05-01 17:05:13,2026-05-03 15:52:00,Priest BRZ,1,2026-05-09 02:01:55
Rock Island Tailrace CHN,3,G724843E9,2026-05-01 17:05:13,2026-05-03 15:52:00,Lower Ringold,1,2026-05-10 03:43:10
Rock Island Tailrace CHN,3,G724843E9,2026-05-01 17:05:13,2026-05-03 15:52:00,Hanford,1,2026-05-10 06:59:13
Rock Island Tailrace CHN,2,G7249C11D,2026-05-05 16:02:35,2026-05-07 15:46:00,Crescent Bar,1,2026-05-08 05:18:51
Rock Island Tailrace CHN,2,G7249C11D,2026-05-05 16:02:35,2026-05-07 15:46:00,Sunland,1,2026-05-09 07:42:04
Rock Island Tailrace CHN,2,G7249C11D,2026-05-05 16:02:35,2026-05-07 15:46:00,Wanapum BRZ,0,
Rock Island Tailrace CHN,2,G7249C11D,2026-05-05 16:02:35,2026-05-07 15:46:00,Mattawa,0,
Rock Island Tailrace CHN,2,G7249C11D,2026-05-05 16:02:35,2026-05-07 15:46:00,Priest BRZ,0,
Rock Island Tailrace CHN,2,G7249C11D,2026-05-05 16:02:35,2026-05-07 15:46:00,Lower Ringold,0,
Rock Island Tailrace CHN,2,G7249C11D,2026-05-05 16:02:35,2026-05-07 15:46:00,Hanford,0,
Rock Island Tailrace CHN,2,G7249ECC3,2026-05-04 16:31:18,2026-05-06 16:04:00,Crescent Bar,1,2026-05-07 09:14:09
Rock Island Tailrace CHN,2,G7249ECC3,2026-05-04 16:31:18,2026-05-06 16:04:00,Sunland,1,2026-05-08 09:23:45
Rock Island Tailrace CHN,2,G7249ECC3,2026-05-04 16:31:18,2026-05-06 16:04:00,Wanapum BRZ,1,2026-05-09 17:14:46
Rock Island Tailrace CHN,2,G7249ECC3,2026-05-04 16:31:18,2026-05-06 16:04:00,Mattawa,1,2026-05-18 07:03:38
Rock Island Tailrace CHN,2,G7249ECC3,2026-05-04 16:31:18,2026-05-06 16:04:00,Priest BRZ,1,2026-05-19 09:42:39
Rock Island Tailrace CHN,2,G7249ECC3,2026-05-04 16:31:18,2026-05-06 16:04:00,Lower Ringold,1,2026-05-20 11:11:03
Rock Island Tailrace CHN,2,G7249ECC3,2026-05-04 16:31:18,2026-05-06 16:04:00,Hanford,1,2026-05-20 14:52:05
Rock Island Tailrace CHN,2,G724A277C,2026-05-04 16:29:27,2026-05-06 16:04:00,Crescent Bar,1,2026-05-07 07:08:33
Rock Island Tailrace CHN,2,G724A277C,2026-05-04 16:29:27,2026-05-06 16:04:00,Sunland,1,2026-05-08 04:18:23
Rock Island Tailrace CHN,2,G724A277C,2026-05-04 16:29:27,2026-05-06 16:04:00,Wanapum BRZ,1,2026-05-09 14:54:15
Rock Island Tailrace CHN,2,G724A277C,2026-05-04 16:29:27,2026-05-06 16:04:00,Mattawa,1,2026-05-09 19:46:16
Rock Island Tailrace CHN,2,G724A277C,2026-05-04 16:29:27,2026-05-06 16:04:00,Priest BRZ,1,2026-05-10 05:20:01
Rock Island Tailrace CHN,2,G724A277C,2026-05-04 16:29:27,2026-05-06 16:04:00,Lower Ringold,1,2026-05-10 16:44:00
Rock Island Tailrace CHN,2,G724A277C,2026-05-04 16:29:27,2026-05-06 16:04:00,Hanford,1,2026-05-10 19:58:35
Rock Island Tailrace CHN,2,G724A4C39,2026-04-30 16:05:04,2026-05-02 16:02:00,Crescent Bar,0,
Rock Island Tailrace CHN,2,G724A4C39,2026-04-30 16:05:04,2026-05-02 16:02:00,Sunland,0,
Rock Island Tailrace CHN,2,G724A4C39,2026-04-30 16:05:04,2026-05-02 16:02:00,Wanapum BRZ,0,
Rock Island Tailrace CHN,2,G724A4C39,2026-04-30 16:05:04,2026-05-02 16:02:00,Mattawa,0,
Rock Island Tailrace CHN,2,G724A4C39,2026-04-30 16:05:04,2026-05-02 16:02:00,Priest BRZ,0,
Rock Island Tailrace CHN,2,G724A4C39,2026-04-30 16:05:04,2026-05-02 16:02:00,Lower Ringold,0,
Rock Island Tailrace CHN,2,G724A4C39,2026-04-30 16:05:04,2026-05-02 16:02:00,Hanford,0,
Rock Island Tailrace CHN,2,G724ACA68,2026-05-01 17:09:15,2026-05-03 15:52:00,Crescent Bar,1,2026-05-04 07:22:10
Rock Island Tailrace CHN,2,G724ACA68,2026-05-01 17:09:15,2026-05-03 15:52:00,Sunland,1,2026-05-05 07:19:47
Rock Island Tailrace CHN,2,G724ACA68,2026-05-01 17:09:15,2026-05-03 15:52:00,Wanapum BRZ,1,2026-05-07 07:59:25
Rock Island Tailrace CHN,2,G724ACA68,2026-05-01 17:09:15,2026-05-03 15:52:00,Mattawa,1,2026-05-16 21:39:16
Rock Island Tailrace CHN,2,G724ACA68,2026-05-01 17:09:15,2026-05-03 15:52:00,Priest BRZ,1,2026-05-17 11:09:43
Rock Island Tailrace CHN,2,G724ACA68,2026-05-01 17:09:15,2026-05-03 15:52:00,Lower Ringold,1,2026-05-18 00:31:09
Rock Island Tailrace CHN,2,G724ACA68,2026-05-01 17:09:15,2026-05-03 15:52:00,Hanford,1,2026-05-18 04:10:27
Rock Island Tailrace CHN,1,G724BA92B,2026-04-30 16:01:08,2026-05-02 16:02:00,Crescent Bar,1,2026-05-04 07:34:29
Rock Island Tailrace CHN,1,G724BA92B,2026-04-30 16:01:08,2026-05-02 16:02:00,Sunland,1,2026-05-07 04:12:03
Rock Island Tailrace CHN,1,G724BA92B,2026-04-30 16:01:08,2026-05-02 16:02:00,Wanapum BRZ,1,2026-05-09 01:07:59
Rock Island Tailrace CHN,1,G724BA92B,2026-04-30 16:01:08,2026-05-02 16:02:00,Mattawa,1,2026-05-09 20:57:59
Rock Island Tailrace CHN,1,G724BA92B,2026-04-30 16:01:08,2026-05-02 16:02:00,Priest BRZ,1,2026-05-10 09:48:42
Rock Island Tailrace CHN,1,G724BA92B,2026-04-30 16:01:08,2026-05-02 16:02:00,Lower Ringold,1,2026-05-10 23:43:42
Rock Island Tailrace CHN,1,G724BA92B,2026-04-30 16:01:08,2026-05-02 16:02:00,Hanford,1,2026-05-11 03:38:19
Rock Island Tailrace CHN,2,G724D4D09,2026-05-05 15:46:38,2026-05-07 15:46:00,Crescent Bar,1,2026-05-08 07:58:13
Rock Island Tailrace CHN,2,G724D4D09,2026-05-05 15:46:38,2026-05-07 15:46:00,Sunland,1,2026-05-09 12:02:42
Rock Island Tailrace CHN,2,G724D4D09,2026-05-05 15:46:38,2026-05-07 15:46:00,Wanapum BRZ,1,2026-05-10 12:05:41
Rock Island Tailrace CHN,2,G724D4D09,2026-05-05 15:46:38,2026-05-07 15:46:00,Mattawa,0,
Rock Island Tailrace CHN,2,G724D4D09,2026-05-05 15:46:38,2026-05-07 15:46:00,Priest BRZ,0,
Rock Island Tailrace CHN,2,G724D4D09,2026-05-05 15:46:38,2026-05-07 15:46:00,Lower Ringold,0,
Rock Island Tailrace CHN,2,G724D4D09,2026-05-05 15:46:38,2026-05-07 15:46:00,Hanford,0,
Rock Island Tailrace CHN,2,G724D7697,2026-05-01 16:52:20,2026-05-03 15:52:00,Crescent Bar,1,2026-05-04 04:18:19
Rock Island Tailrace CHN,2,G724D7697,2026-05-01 16:52:20,2026-05-03 15:52:00,Sunland,1,2026-05-04 12:40:57
Rock Island Tailrace CHN,2,G724D7697,2026-05-01 16:52:20,2026-05-03 15:52:00,Wanapum BRZ,1,2026-05-05 13:09:47
Rock Island Tailrace CHN,2,G724D7697,2026-05-01 16:52:20,2026-05-03 15:52:00,Mattawa,1,2026-05-05 18:14:28
Rock Island Tailrace CHN,2,G724D7697,2026-05-01 16:52:20,2026-05-03 15:52:00,Priest BRZ,1,2026-05-07 05:29:49
Rock Island Tailrace CHN,2,G724D7697,2026-05-01 16:52:20,2026-05-03 15:52:00,Lower Ringold,0,
Rock Island Tailrace CHN,2,G724D7697,2026-05-01 16:52:20,2026-05-03 15:52:00,Hanford,0,
Rock Island Tailrace CHN,3,G724F6DBB,2026-05-04 16:05:47,2026-05-06 16:04:00,Crescent Bar,1,2026-05-07 07:50:10
Rock Island Tailrace CHN,3,G724F6DBB,2026-05-04 16:05:47,2026-05-06 16:04:00,Sunland,1,2026-05-08 01:25:29
Rock Island Tailrace CHN,3,G724F6DBB,2026-05-04 16:05:47,2026-05-06 16:04:00,Wanapum BRZ,1,2026-05-09 17:28:53
Rock Island Tailrace CHN,3,G724F6DBB,2026-05-04 16:05:47,2026-05-06 16:04:00,Mattawa,1,2026-05-09 23:24:08
Rock Island Tailrace CHN,3,G724F6DBB,2026-05-04 16:05:47,2026-05-06 16:04:00,Priest BRZ,1,2026-05-10 09:43:44
Rock Island Tailrace CHN,3,G724F6DBB,2026-05-04 16:05:47,2026-05-06 16:04:00,Lower Ringold,1,2026-05-12 04:05:44
Rock Island Tailrace CHN,3,G724F6DBB,2026-05-04 16:05:47,2026-05-06 16:04:00,Hanford,1,2026-05-12 07:43:45
Rock Island Tailrace CHN,3,G724F7EC4,2026-05-05 15:52:04,2026-05-07 15:46:00,Crescent Bar,1,2026-05-08 02:39:59
Rock Island Tailrace CHN,3,G724F7EC4,2026-05-05 15:52:04,2026-05-07 15:46:00,Sunland,1,2026-05-09 01:41:59
Rock Island Tailrace CHN,3,G724F7EC4,2026-05-05 15:52:04,2026-05-07 15:46:00,Wanapum BRZ,1,2026-05-11 04:23:52
Rock Island Tailrace CHN,3,G724F7EC4,2026-05-05 15:52:04,2026-05-07 15:46:00,Mattawa,1,2026-05-11 07:26:26
Rock Island Tailrace CHN,3,G724F7EC4,2026-05-05 15:52:04,2026-05-07 15:46:00,Priest BRZ,1,2026-05-11 14:09:47
Rock Island Tailrace CHN,3,G724F7EC4,2026-05-05 15:52:04,2026-05-07 15:46:00,Lower Ringold,1,2026-05-12 04:43:20
Rock Island Tailrace CHN,3,G724F7EC4,2026-05-05 15:52:04,2026-05-07 15:46:00,Hanford,1,2026-05-12 07:49:54
Rock Island Tailrace CHN,2,G72508105,2026-04-29 16:28:25,2026-05-01 15:43:00,Crescent Bar,1,2026-05-03 04:59:40
Rock Island Tailrace CHN,2,G72508105,2026-04-29 16:28:25,2026-05-01 15:43:00,Sunland,1,2026-05-04 01:21:04
Rock Island Tailrace CHN,2,G72508105,2026-04-29 16:28:25,2026-05-01 15:43:00,Wanapum BRZ,1,2026-05-06 04:16:27
Rock Island Tailrace CHN,2,G72508105,2026-04-29 16:28:25,2026-05-01 15:43:00,Mattawa,1,2026-05-06 07:08:03
Rock Island Tailrace CHN,2,G72508105,2026-04-29 16:28:25,2026-05-01 15:43:00,Priest BRZ,1,2026-05-07 06:38:21
Rock Island Tailrace CHN,2,G72508105,2026-04-29 16:28:25,2026-05-01 15:43:00,Lower Ringold,1,2026-05-07 19:59:15
Rock Island Tailrace CHN,2,G72508105,2026-04-29 16:28:25,2026-05-01 15:43:00,Hanford,1,2026-05-08 05:14:18
Rock Island Tailrace CHN,2,G7250C143,2026-05-04 15:51:51,2026-05-06 16:04:00,Crescent Bar,1,2026-05-07 08:02:34
Rock Island Tailrace CHN,2,G7250C143,2026-05-04 15:51:51,2026-05-06 16:04:00,Sunland,1,2026-05-09 04:02:10
Rock Island Tailrace CHN,2,G7250C143,2026-05-04 15:51:51,2026-05-06 16:04:00,Wanapum BRZ,1,2026-05-10 13:55:30
Rock Island Tailrace CHN,2,G7250C143,2026-05-04 15:51:51,2026-05-06 16:04:00,Mattawa,1,2026-05-11 12:57:29
Rock Island Tailrace CHN,2,G7250C143,2026-05-04 15:51:51,2026-05-06 16:04:00,Priest BRZ,1,2026-05-16 10:22:45
Rock Island Tailrace CHN,2,G7250C143,2026-05-04 15:51:51,2026-05-06 16:04:00,Lower Ringold,1,2026-05-17 18:36:38
Rock Island Tailrace CHN,2,G7250C143,2026-05-04 15:51:51,2026-05-06 16:04:00,Hanford,1,2026-05-17 22:50:30
Rock Island Tailrace CHN,3,G72510A6D,2026-04-30 16:02:21,2026-05-02 16:02:00,Crescent Bar,1,2026-05-03 12:37:51
Rock Island Tailrace CHN,3,G72510A6D,2026-04-30 16:02:21,2026-05-02 16:02:00,Sunland,1,2026-05-06 05:01:51
Rock Island Tailrace CHN,3,G72510A6D,2026-04-30 16:02:21,2026-05-02 16:02:00,Wanapum BRZ,1,2026-05-08 11:37:27
Rock Island Tailrace CHN,3,G72510A6D,2026-04-30 16:02:21,2026-05-02 16:02:00,Mattawa,1,2026-05-09 20:15:56
Rock Island Tailrace CHN,3,G72510A6D,2026-04-30 16:02:21,2026-05-02 16:02:00,Priest BRZ,1,2026-05-10 21:19:55
Rock Island Tailrace CHN,3,G72510A6D,2026-04-30 16:02:21,2026-05-02 16:02:00,Lower Ringold,1,2026-05-11 14:04:16
Rock Island Tailrace CHN,3,G72510A6D,2026-04-30 16:02:21,2026-05-02 16:02:00,Hanford,1,2026-05-12 05:05:53
Rock Island Tailrace CHN,3,G7251AB9C,2026-05-05 15:49:35,2026-05-07 15:46:00,Crescent Bar,1,2026-05-08 02:21:51
Rock Island Tailrace CHN,3,G7251AB9C,2026-05-05 15:49:35,2026-05-07 15:46:00,Sunland,1,2026-05-08 13:35:02
Rock Island Tailrace CHN,3,G7251AB9C,2026-05-05 15:49:35,2026-05-07 15:46:00,Wanapum BRZ,1,2026-05-10 13:54:02
Rock Island Tailrace CHN,3,G7251AB9C,2026-05-05 15:49:35,2026-05-07 15:46:00,Mattawa,1,2026-05-18 23:20:34
Rock Island Tailrace CHN,3,G7251AB9C,2026-05-05 15:49:35,2026-05-07 15:46:00,Priest BRZ,1,2026-05-19 12:37:00
Rock Island Tailrace CHN,3,G7251AB9C,2026-05-05 15:49:35,2026-05-07 15:46:00,Lower Ringold,0,
Rock Island Tailrace CHN,3,G7251AB9C,2026-05-05 15:49:35,2026-05-07 15:46:00,Hanford,0,
Rock Island Tailrace CHN,3,G725202FA,2026-04-29 16:03:26,2026-05-01 15:43:00,Crescent Bar,1,2026-05-02 09:42:15
Rock Island Tailrace CHN,3,G725202FA,2026-04-29 16:03:26,2026-05-01 15:43:00,Sunland,1,2026-05-03 04:58:43
Rock Island Tailrace CHN,3,G725202FA,2026-04-29 16:03:26,2026-05-01 15:43:00,Wanapum BRZ,1,2026-05-04 09:00:36
Rock Island Tailrace CHN,3,G725202FA,2026-04-29 16:03:26,2026-05-01 15:43:00,Mattawa,1,2026-05-04 11:56:48
Rock Island Tailrace CHN,3,G725202FA,2026-04-29 16:03:26,2026-05-01 15:43:00,Priest BRZ,1,2026-05-05 03:06:02
Rock Island Tailrace CHN,3,G725202FA,2026-04-29 16:03:26,2026-05-01 15:43:00,Lower Ringold,1,2026-05-05 17:52:05
Rock Island Tailrace CHN,3,G725202FA,2026-04-29 16:03:26,2026-05-01 15:43:00,Hanford,1,2026-05-05 23:08:29
Rock Island Tailrace CHN,3,G72523499,2026-05-04 16:23:36,2026-05-06 16:04:00,Crescent Bar,1,2026-05-07 02:26:01
Rock Island Tailrace CHN,3,G72523499,2026-05-04 16:23:36,2026-05-06 16:04:00,Sunland,1,2026-05-08 02:14:05
Rock Island Tailrace CHN,3,G72523499,2026-05-04 16:23:36,2026-05-06 16:04:00,Wanapum BRZ,1,2026-05-09 13:45:50
Rock Island Tailrace CHN,3,G72523499,2026-05-04 16:23:36,2026-05-06 16:04:00,Mattawa,0,
Rock Island Tailrace CHN,3,G72523499,2026-05-04 16:23:36,2026-05-06 16:04:00,Priest BRZ,0,
Rock Island Tailrace CHN,3,G72523499,2026-05-04 16:23:36,2026-05-06 16:04:00,Lower Ringold,0,
Rock Island Tailrace CHN,3,G72523499,2026-05-04 16:23:36,2026-05-06 16:04:00,Hanford,0,
Rock Island Tailrace CHN,1,G7254280D,2026-05-04 16:16:33,2026-05-06 16:04:00,Crescent Bar,1,2026-05-06 23:50:39
Rock Island Tailrace CHN,1,G7254280D,2026-05-04 16:16:33,2026-05-06 16:04:00,Sunland,1,2026-05-07 11:04:49
Rock Island Tailrace CHN,1,G7254280D,2026-05-04 16:16:33,2026-05-06 16:04:00,Wanapum BRZ,1,2026-05-08 09:01:48
Rock Island Tailrace CHN,1,G7254280D,2026-05-04 16:16:33,2026-05-06 16:04:00,Mattawa,1,2026-05-09 03:01:07
Rock Island Tailrace CHN,1,G7254280D,2026-05-04 16:16:33,2026-05-06 16:04:00,Priest BRZ,1,2026-05-09 12:07:06
Rock Island Tailrace CHN,1,G7254280D,2026-05-04 16:16:33,2026-05-06 16:04:00,Lower Ringold,1,2026-05-10 08:40:19
Rock Island Tailrace CHN,1,G7254280D,2026-05-04 16:16:33,2026-05-06 16:04:00,Hanford,1,2026-05-10 11:18:08
Rock Island Tailrace CHN,3,G725507AB,2026-04-30 16:10:32,2026-05-02 16:02:00,Crescent Bar,1,2026-05-03 12:27:38
Rock Island Tailrace CHN,3,G725507AB,2026-04-30 16:10:32,2026-05-02 16:02:00,Sunland,1,2026-05-05 05:11:45
Rock Island Tailrace CHN,3,G725507AB,2026-04-30 16:10:32,2026-05-02 16:02:00,Wanapum BRZ,1,2026-05-06 14:59:50
Rock Island Tailrace CHN,3,G725507AB,2026-04-30 16:10:32,2026-05-02 16:02:00,Mattawa,0,
Rock Island Tailrace CHN,3,G725507AB,2026-04-30 16:10:32,2026-05-02 16:02:00,Priest BRZ,0,
Rock Island Tailrace CHN,3,G725507AB,2026-04-30 16:10:32,2026-05-02 16:02:00,Lower Ringold,0,
Rock Island Tailrace CHN,3,G725507AB,2026-04-30 16:10:32,2026-05-02 16:02:00,Hanford,0,
Rock Island Tailrace CHN,2,G72560542,2026-05-03 18:04:27,2026-05-05 16:45:00,Crescent Bar,1,2026-05-06 00:46:12
Rock Island Tailrace CHN,2,G72560542,2026-05-03 18:04:27,2026-05-05 16:45:00,Sunland,1,2026-05-06 15:42:58
Rock Island Tailrace CHN,2,G72560542,2026-05-03 18:04:27,2026-05-05 16:45:00,Wanapum BRZ,1,2026-05-08 08:31:48
Rock Island Tailrace CHN,2,G72560542,2026-05-03 18:04:27,2026-05-05 16:45:00,Mattawa,1,2026-05-08 12:09:39
Rock Island Tailrace CHN,2,G72560542,2026-05-03 18:04:27,2026-05-05 16:45:00,Priest BRZ,1,2026-05-09 02:47:55
Rock Island Tailrace CHN,2,G72560542,2026-05-03 18:04:27,2026-05-05 16:45:00,Lower Ringold,1,2026-05-10 07:56:20
Rock Island Tailrace CHN,2,G72560542,2026-05-03 18:04:27,2026-05-05 16:45:00,Hanford,1,2026-05-10 10:34:43
Rock Island Tailrace CHN,2,G72567239,2026-04-28 18:54:30,2026-04-30 15:42:00,Crescent Bar,1,2026-05-01 17:27:48
Rock Island Tailrace CHN,2,G72567239,2026-04-28 18:54:30,2026-04-30 15:42:00,Sunland,1,2026-05-02 05:01:58
Rock Island Tailrace CHN,2,G72567239,2026-04-28 18:54:30,2026-04-30 15:42:00,Wanapum BRZ,1,2026-05-03 22:00:05
Rock Island Tailrace CHN,2,G72567239,2026-04-28 18:54:30,2026-04-30 15:42:00,Mattawa,1,2026-05-05 23:10:21
Rock Island Tailrace CHN,2,G72567239,2026-04-28 18:54:30,2026-04-30 15:42:00,Priest BRZ,1,2026-05-06 11:05:52
Rock Island Tailrace CHN,2,G72567239,2026-04-28 18:54:30,2026-04-30 15:42:00,Lower Ringold,1,2026-05-07 01:04:01
Rock Island Tailrace CHN,2,G72567239,2026-04-28 18:54:30,2026-04-30 15:42:00,Hanford,1,2026-05-07 13:01:35
Rock Island Tailrace CHN,2,G7256D296,2026-04-29 16:05:19,2026-05-01 15:43:00,Crescent Bar,1,2026-05-03 04:38:02
Rock Island Tailrace CHN,2,G7256D296,2026-04-29 16:05:19,2026-05-01 15:43:00,Sunland,1,2026-05-04 06:19:07
Rock Island Tailrace CHN,2,G7256D296,2026-04-29 16:05:19,2026-05-01 15:43:00,Wanapum BRZ,1,2026-05-07 09:56:56
Rock Island Tailrace CHN,2,G7256D296,2026-04-29 16:05:19,2026-05-01 15:43:00,Mattawa,1,2026-05-07 15:31:40
Rock Island Tailrace CHN,2,G7256D296,2026-04-29 16:05:19,2026-05-01 15:43:00,Priest BRZ,1,2026-05-08 13:50:16
Rock Island Tailrace CHN,2,G7256D296,2026-04-29 16:05:19,2026-05-01 15:43:00,Lower Ringold,1,2026-05-09 05:04:48
Rock Island Tailrace CHN,2,G7256D296,2026-04-29 16:05:19,2026-05-01 15:43:00,Hanford,1,2026-05-09 09:15:44
Rock Island Tailrace CHN,2,G7257DA90,2026-04-29 16:14:47,2026-05-01 15:43:00,Crescent Bar,1,2026-05-01 22:09:29
Rock Island Tailrace CHN,2,G7257DA90,2026-04-29 16:14:47,2026-05-01 15:43:00,Sunland,1,2026-05-05 07:41:03
Rock Island Tailrace CHN,2,G7257DA90,2026-04-29 16:14:47,2026-05-01 15:43:00,Wanapum BRZ,1,2026-05-08 09:00:46
Rock Island Tailrace CHN,2,G7257DA90,2026-04-29 16:14:47,2026-05-01 15:43:00,Mattawa,1,2026-05-08 12:08:09
Rock Island Tailrace CHN,2,G7257DA90,2026-04-29 16:14:47,2026-05-01 15:43:00,Priest BRZ,1,2026-05-08 23:09:59
Rock Island Tailrace CHN,2,G7257DA90,2026-04-29 16:14:47,2026-05-01 15:43:00,Lower Ringold,0,
Rock Island Tailrace CHN,2,G7257DA90,2026-04-29 16:14:47,2026-05-01 15:43:00,Hanford,0,
Rock Island Tailrace CHN,2,G72589872,2026-04-29 16:20:50,2026-05-01 15:43:00,Crescent Bar,1,2026-05-02 04:32:33
Rock Island Tailrace CHN,2,G72589872,2026-04-29 16:20:50,2026-05-01 15:43:00,Sunland,1,2026-05-03 09:25:25
Rock Island Tailrace CHN,2,G72589872,2026-04-29 16:20:50,2026-05-01 15:43:00,Wanapum BRZ,1,2026-05-06 02:12:41
Rock Island Tailrace CHN,2,G72589872,2026-04-29 16:20:50,2026-05-01 15:43:00,Mattawa,1,2026-05-09 14:31:01
Rock Island Tailrace CHN,2,G72589872,2026-04-29 16:20:50,2026-05-01 15:43:00,Priest BRZ,1,2026-05-10 07:35:13
Rock Island Tailrace CHN,2,G72589872,2026-04-29 16:20:50,2026-05-01 15:43:00,Lower Ringold,1,2026-05-10 23:52:32
Rock Island Tailrace CHN,2,G72589872,2026-04-29 16:20:50,2026-05-01 15:43:00,Hanford,1,2026-05-11 04:05:23
Rock Island Tailrace CHN,1,G7259FDEC,2026-05-05 16:05:20,2026-05-07 15:46:00,Crescent Bar,1,2026-05-08 04:20:53
Rock Island Tailrace CHN,1,G7259FDEC,2026-05-05 16:05:20,2026-05-07 15:46:00,Sunland,1,2026-05-08 19:21:16
Rock Island Tailrace CHN,1,G7259FDEC,2026-05-05 16:05:20,2026-05-07 15:46:00,Wanapum BRZ,1,2026-05-10 08:54:40
Rock Island Tailrace CHN,1,G7259FDEC,2026-05-05 16:05:20,2026-05-07 15:46:00,Mattawa,1,2026-05-10 15:17:37
Rock Island Tailrace CHN,1,G7259FDEC,2026-05-05 16:05:20,2026-05-07 15:46:00,Priest BRZ,1,2026-05-11 03:10:33
Rock Island Tailrace CHN,1,G7259FDEC,2026-05-05 16:05:20,2026-05-07 15:46:00,Lower Ringold,1,2026-05-12 00:08:04
Rock Island Tailrace CHN,1,G7259FDEC,2026-05-05 16:05:20,2026-05-07 15:46:00,Hanford,1,2026-05-12 04:00:39
Rock Island Tailrace CHN,1,G725A50EB,2026-04-28 18:48:08,2026-04-30 15:42:00,Crescent Bar,1,2026-04-30 23:57:51
Rock Island Tailrace CHN,1,G725A50EB,2026-04-28 18:48:08,2026-04-30 15:42:00,Sunland,1,2026-05-01 23:27:02
Rock Island Tailrace CHN,1,G725A50EB,2026-04-28 18:48:08,2026-04-30 15:42:00,Wanapum BRZ,1,2026-05-03 09:59:08
Rock Island Tailrace CHN,1,G725A50EB,2026-04-28 18:48:08,2026-04-30 15:42:00,Mattawa,1,2026-05-09 12:53:56
Rock Island Tailrace CHN,1,G725A50EB,2026-04-28 18:48:08,2026-04-30 15:42:00,Priest BRZ,1,2026-05-10 09:44:42
Rock Island Tailrace CHN,1,G725A50EB,2026-04-28 18:48:08,2026-04-30 15:42:00,Lower Ringold,1,2026-05-10 21:45:22
Rock Island Tailrace CHN,1,G725A50EB,2026-04-28 18:48:08,2026-04-30 15:42:00,Hanford,1,2026-05-11 12:30:06
Rock Island Tailrace CHN,1,G725AE33B,2026-05-03 17:45:22,2026-05-05 16:45:00,Crescent Bar,1,2026-05-05 22:29:16
Rock Island Tailrace CHN,1,G725AE33B,2026-05-03 17:45:22,2026-05-05 16:45:00,Sunland,1,2026-05-06 11:20:43
Rock Island Tailrace CHN,1,G725AE33B,2026-05-03 17:45:22,2026-05-05 16:45:00,Wanapum BRZ,1,2026-05-08 05:24:41
Rock Island Tailrace CHN,1,G725AE33B,2026-05-03 17:45:22,2026-05-05 16:45:00,Mattawa,1,2026-05-08 09:45:10
Rock Island Tailrace CHN,1,G725AE33B,2026-05-03 17:45:22,2026-05-05 16:45:00,Priest BRZ,1,2026-05-09 01:48:11
Rock Island Tailrace CHN,1,G725AE33B,2026-05-03 17:45:22,2026-05-05 16:45:00,Lower Ringold,1,2026-05-09 14:58:02
Rock Island Tailrace CHN,1,G725AE33B,2026-05-03 17:45:22,2026-05-05 16:45:00,Hanford,1,2026-05-09 18:57:58
Rock Island Tailrace CHN,1,G725B0495,2026-05-05 16:00:18,2026-05-07 15:46:00,Crescent Bar,1,2026-05-08 01:02:55
Rock Island Tailrace CHN,1,G725B0495,2026-05-05 16:00:18,2026-05-07 15:46:00,Sunland,1,2026-05-08 21:04:55
Rock Island Tailrace CHN,1,G725B0495,2026-05-05 16:00:18,2026-05-07 15:46:00,Wanapum BRZ,1,2026-05-11 00:43:43
Rock Island Tailrace CHN,1,G725B0495,2026-05-05 16:00:18,2026-05-07 15:46:00,Mattawa,0,
Rock Island Tailrace CHN,1,G725B0495,2026-05-05 16:00:18,2026-05-07 15:46:00,Priest BRZ,0,
Rock Island Tailrace CHN,1,G725B0495,2026-05-05 16:00:18,2026-05-07 15:46:00,Lower Ringold,0,
Rock Island Tailrace CHN,1,G725B0495,2026-05-05 16:00:18,2026-05-07 15:46:00,Hanford,0,
Rock Island Tailrace CHN,1,G725B622D,2026-05-04 16:19:47,2026-05-06 16:04:00,Crescent Bar,1,2026-05-07 00:12:51
Rock Island Tailrace CHN,1,G725B622D,2026-05-04 16:19:47,2026-05-06 16:04:00,Sunland,1,2026-05-07 09:05:29
Rock Island Tailrace CHN,1,G725B622D,2026-05-04 16:19:47,2026-05-06 16:04:00,Wanapum BRZ,1,2026-05-09 02:01:05
Rock Island Tailrace CHN,1,G725B622D,2026-05-04 16:19:47,2026-05-06 16:04:00,Mattawa,0,
Rock Island Tailrace CHN,1,G725B622D,2026-05-04 16:19:47,2026-05-06 16:04:00,Priest BRZ,0,
Rock Island Tailrace CHN,1,G725B622D,2026-05-04 16:19:47,2026-05-06 16:04:00,Lower Ringold,0,
Rock Island Tailrace CHN,1,G725B622D,2026-05-04 16:19:47,2026-05-06 16:04:00,Hanford,0,
Rock Island Tailrace CHN,1,G725BD720,2026-05-02 17:01:27,2026-05-04 15:47:00,Crescent Bar,1,2026-05-05 05:19:25
Rock Island Tailrace CHN,1,G725BD720,2026-05-02 17:01:27,2026-05-04 15:47:00,Sunland,1,2026-05-06 04:52:34
Rock Island Tailrace CHN,1,G725BD720,2026-05-02 17:01:27,2026-05-04 15:47:00,Wanapum BRZ,1,2026-05-08 20:24:34
Rock Island Tailrace CHN,1,G725BD720,2026-05-02 17:01:27,2026-05-04 15:47:00,Mattawa,1,2026-05-19 08:11:14
Rock Island Tailrace CHN,1,G725BD720,2026-05-02 17:01:27,2026-05-04 15:47:00,Priest BRZ,1,2026-05-19 19:55:19
Rock Island Tailrace CHN,1,G725BD720,2026-05-02 17:01:27,2026-05-04 15:47:00,Lower Ringold,1,2026-05-20 08:21:26
Rock Island Tailrace CHN,1,G725BD720,2026-05-02 17:01:27,2026-05-04 15:47:00,Hanford,1,2026-05-20 11:29:23
Rock Island Tailrace CHN,1,G725C57C2,2026-05-02 17:10:34,2026-05-04 15:47:00,Crescent Bar,1,2026-05-05 00:13:55
Rock Island Tailrace CHN,1,G725C57C2,2026-05-02 17:10:34,2026-05-04 15:47:00,Sunland,1,2026-05-05 11:35:01
Rock Island Tailrace CHN,1,G725C57C2,2026-05-02 17:10:34,2026-05-04 15:47:00,Wanapum BRZ,0,
Rock Island Tailrace CHN,1,G725C57C2,2026-05-02 17:10:34,2026-05-04 15:47:00,Mattawa,0,
Rock Island Tailrace CHN,1,G725C57C2,2026-05-02 17:10:34,2026-05-04 15:47:00,Priest BRZ,0,
Rock Island Tailrace CHN,1,G725C57C2,2026-05-02 17:10:34,2026-05-04 15:47:00,Lower Ringold,0,
Rock Island Tailrace CHN,1,G725C57C2,2026-05-02 17:10:34,2026-05-04 15:47:00,Hanford,0,
Rock Island Tailrace CHN,1,G725DBA12,2026-04-28 18:52:57,2026-04-30 15:42:00,Crescent Bar,1,2026-05-01 04:47:34
Rock Island Tailrace CHN,1,G725DBA12,2026-04-28 18:52:57,2026-04-30 15:42:00,Sunland,1,2026-05-02 05:15:02
Rock Island Tailrace CHN,1,G725DBA12,2026-04-28 18:52:57,2026-04-30 15:42:00,Wanapum BRZ,1,2026-05-06 07:44:29
Rock Island Tailrace CHN,1,G725DBA12,2026-04-28 18:52:57,2026-04-30 15:42:00,Mattawa,1,2026-05-06 10:28:25
Rock Island Tailrace CHN,1,G725DBA12,2026-04-28 18:52:57,2026-04-30 15:42:00,Priest BRZ,1,2026-05-06 23:44:09
Rock Island Tailrace CHN,1,G725DBA12,2026-04-28 18:52:57,2026-04-30 15:42:00,Lower Ringold,1,2026-05-07 14:45:25
Rock Island Tailrace CHN,1,G725DBA12,2026-04-28 18:52:57,2026-04-30 15:42:00,Hanford,1,2026-05-07 18:18:30
Rock Island Tailrace CHN,3,G725F3410,2026-05-04 16:03:46,2026-05-06 16:04:00,Crescent Bar,1,2026-05-07 00:08:56
Rock Island Tailrace CHN,3,G725F3410,2026-05-04 16:03:46,2026-05-06 16:04:00,Sunland,1,2026-05-08 03:03:05
Rock Island Tailrace CHN,3,G725F3410,2026-05-04 16:03:46,2026-05-06 16:04:00,Wanapum BRZ,1,2026-05-10 04:22:43
Rock Island Tailrace CHN,3,G725F3410,2026-05-04 16:03:46,2026-05-06 16:04:00,Mattawa,1,2026-05-11 15:21:04
Rock Island Tailrace CHN,3,G725F3410,2026-05-04 16:03:46,2026-05-06 16:04:00,Priest BRZ,1,2026-05-12 09:24:14
Rock Island Tailrace CHN,3,G725F3410,2026-05-04 16:03:46,2026-05-06 16:04:00,Lower Ringold,1,2026-05-13 02:57:06
Rock Island Tailrace CHN,3,G725F3410,2026-05-04 16:03:46,2026-05-06 16:04:00,Hanford,1,2026-05-13 05:55:30
Rock Island Tailrace CHN,3,G72611720,2026-05-04 16:05:19,2026-05-06 16:04:00,Crescent Bar,1,2026-05-07 00:37:50
Rock Island Tailrace CHN,3,G72611720,2026-05-04 16:05:19,2026-05-06 16:04:00,Sunland,1,2026-05-07 08:57:21
Rock Island Tailrace CHN,3,G72611720,2026-05-04 16:05:19,2026-05-06 16:04:00,Wanapum BRZ,1,2026-05-08 05:17:56
Rock Island Tailrace CHN,3,G72611720,2026-05-04 16:05:19,2026-05-06 16:04:00,Mattawa,1,2026-05-08 09:27:38
Rock Island Tailrace CHN,3,G72611720,2026-05-04 16:05:19,2026-05-06 16:04:00,Priest BRZ,1,2026-05-08 20:16:04
Rock Island Tailrace CHN,3,G72611720,2026-05-04 16:05:19,2026-05-06 16:04:00,Lower Ringold,1,2026-05-10 03:39:36
Rock Island Tailrace CHN,3,G72611720,2026-05-04 16:05:19,2026-05-06 16:04:00,Hanford,1,2026-05-10 06:24:00
Rock Island Tailrace CHN,3,G72622B68,2026-04-30 16:11:44,2026-05-02 16:02:00,Crescent Bar,1,2026-05-03 00:33:45
Rock Island Tailrace CHN,3,G72622B68,2026-04-30 16:11:44,2026-05-02 16:02:00,Sunland,1,2026-05-03 14:09:59
Rock Island Tailrace CHN,3,G72622B68,2026-04-30 16:11:44,2026-05-02 16:02:00,Wanapum BRZ,1,2026-05-05 19:51:24
Rock Island Tailrace CHN,3,G72622B68,2026-04-30 16:11:44,2026-05-02 16:02:00,Mattawa,1,2026-05-05 23:17:30
Rock Island Tailrace CHN,3,G72622B68,2026-04-30 16:11:44,2026-05-02 16:02:00,Priest BRZ,1,2026-05-06 17:16:41
Rock Island Tailrace CHN,3,G72622B68,2026-04-30 16:11:44,2026-05-02 16:02:00,Lower Ringold,1,2026-05-07 12:49:29
Rock Island Tailrace CHN,3,G72622B68,2026-04-30 16:11:44,2026-05-02 16:02:00,Hanford,1,2026-05-07 17:15:24
Rock Island Tailrace CHN,2,G7262D03C,2026-04-30 16:08:28,2026-05-02 16:02:00,Crescent Bar,1,2026-05-03 04:46:44
Rock Island Tailrace CHN,2,G7262D03C,2026-04-30 16:08:28,2026-05-02 16:02:00,Sunland,1,2026-05-04 01:56:57
Rock Island Tailrace CHN,2,G7262D03C,2026-04-30 16:08:28,2026-05-02 16:02:00,Wanapum BRZ,1,2026-05-06 21:02:07
Rock Island Tailrace CHN,2,G7262D03C,2026-04-30 16:08:28,2026-05-02 16:02:00,Mattawa,1,2026-05-07 01:54:02
Rock Island Tailrace CHN,2,G7262D03C,2026-04-30 16:08:28,2026-05-02 16:02:00,Priest BRZ,1,2026-05-07 17:43:06
Rock Island Tailrace CHN,2,G7262D03C,2026-04-30 16:08:28,2026-05-02 16:02:00,Lower Ringold,1,2026-05-13 23:54:56
Rock Island Tailrace CHN,2,G7262D03C,2026-04-30 16:08:28,2026-05-02 16:02:00,Hanford,1,2026-05-14 04:08:24
Rock Island Tailrace CHN,1,G726340E9,2026-05-01 17:10:33,2026-05-03 15:52:00,Crescent Bar,1,2026-05-04 04:54:15
Rock Island Tailrace CHN,1,G726340E9,2026-05-01 17:10:33,2026-05-03 15:52:00,Sunland,1,2026-05-06 06:42:54
Rock Island Tailrace CHN,1,G726340E9,2026-05-01 17:10:33,2026-05-03 15:52:00,Wanapum BRZ,1,2026-05-08 05:17:53
Rock Island Tailrace CHN,1,G726340E9,2026-05-01 17:10:33,2026-05-03 15:52:00,Mattawa,1,2026-05-08 10:03:30
Rock Island Tailrace CHN,1,G726340E9,2026-05-01 17:10:33,2026-05-03 15:52:00,Priest BRZ,1,2026-05-09 07:00:34
Rock Island Tailrace CHN,1,G726340E9,2026-05-01 17:10:33,2026-05-03 15:52:00,Lower Ringold,1,2026-05-10 06:01:51
Rock Island Tailrace CHN,1,G726340E9,2026-05-01 17:10:33,2026-05-03 15:52:00,Hanford,1,2026-05-10 09:06:36
Rock Island Tailrace CHN,1,G726365F5,2026-05-04 16:20:11,2026-05-06 16:04:00,Crescent Bar,1,2026-05-06 21:33:14
Rock Island Tailrace CHN,1,G726365F5,2026-05-04 16:20:11,2026-05-06 16:04:00,Sunland,1,2026-05-08 14:40:04
Rock Island Tailrace CHN,1,G726365F5,2026-05-04 16:20:11,2026-05-06 16:04:00,Wanapum BRZ,1,2026-05-10 13:11:36
Rock Island Tailrace CHN,1,G726365F5,2026-05-04 16:20:11,2026-05-06 16:04:00,Mattawa,1,2026-05-10 16:31:46
Rock Island Tailrace CHN,1,G726365F5,2026-05-04 16:20:11,2026-05-06 16:04:00,Priest BRZ,1,2026-05-11 10:09:04
Rock Island Tailrace CHN,1,G726365F5,2026-05-04 16:20:11,2026-05-06 16:04:00,Lower Ringold,1,2026-05-12 02:47:19
Rock Island Tailrace CHN,1,G726365F5,2026-05-04 16:20:11,2026-05-06 16:04:00,Hanford,1,2026-05-12 06:08:39
Rock Island Tailrace CHN,1,G7263E7C5,2026-05-01 17:09:50,2026-05-03 15:52:00,Crescent Bar,1,2026-05-04 07:36:32
Rock Island Tailrace CHN,1,G7263E7C5,2026-05-01 17:09:50,2026-05-03 15:52:00,Sunland,1,2026-05-05 09:19:58
Rock Island Tailrace CHN,1,G7263E7C5,2026-05-01 17:09:50,2026-05-03 15:52:00,Wanapum BRZ,1,2026-05-07 14:37:29
Rock Island Tailrace CHN,1,G7263E7C5,2026-05-01 17:09:50,2026-05-03 15:52:00,Mattawa,1,2026-05-07 18:04:05
Rock Island Tailrace CHN,1,G7263E7C5,2026-05-01 17:09:50,2026-05-03 15:52:00,Priest BRZ,1,2026-05-08 22:30:00
Rock Island Tailrace CHN,1,G7263E7C5,2026-05-01 17:09:50,2026-05-03 15:52:00,Lower Ringold,1,2026-05-09 15:44:11
Rock Island Tailrace CHN,1,G7263E7C5,2026-05-01 17:09:50,2026-05-03 15:52:00,Hanford,1,2026-05-09 20:04:46
Rock Island Tailrace CHN,1,G72642A9C,2026-05-02 17:06:44,2026-05-04 15:47:00,Crescent Bar,1,2026-05-05 01:42:22
Rock Island Tailrace CHN,1,G72642A9C,2026-05-02 17:06:44,2026-05-04 15:47:00,Sunland,1,2026-05-08 09:18:47
Rock Island Tailrace CHN,1,G72642A9C,2026-05-02 17:06:44,2026-05-04 15:47:00,Wanapum BRZ,1,2026-05-09 18:43:50
Rock Island Tailrace CHN,1,G72642A9C,2026-05-02 17:06:44,2026-05-04 15:47:00,Mattawa,1,2026-05-11 21:06:52
Rock Island Tailrace CHN,1,G72642A9C,2026-05-02 17:06:44,2026-05-04 15:47:00,Priest BRZ,1,2026-05-12 22:20:26
Rock Island Tailrace CHN,1,G72642A9C,2026-05-02 17:06:44,2026-05-04 15:47:00,Lower Ringold,1,2026-05-13 14:02:59
Rock Island Tailrace CHN,1,G72642A9C,2026-05-02 17:06:44,2026-05-04 15:47:00,Hanford,1,2026-05-13 17:49:43
Rock Island Tailrace CHN,1,G72647F78,2026-04-28 18:46:49,2026-04-30 15:42:00,Crescent Bar,1,2026-05-01 07:35:16
Rock Island Tailrace CHN,1,G72647F78,2026-04-28 18:46:49,2026-04-30 15:42:00,Sunland,1,2026-05-01 21:56:59
Rock Island Tailrace CHN,1,G72647F78,2026-04-28 18:46:49,2026-04-30 15:42:00,Wanapum BRZ,1,2026-05-04 11:09:15
Rock Island Tailrace CHN,1,G72647F78,2026-04-28 18:46:49,2026-04-30 15:42:00,Mattawa,1,2026-05-04 14:12:55
Rock Island Tailrace CHN,1,G72647F78,2026-04-28 18:46:49,2026-04-30 15:42:00,Priest BRZ,1,2026-05-05 00:01:09
Rock Island Tailrace CHN,1,G72647F78,2026-04-28 18:46:49,2026-04-30 15:42:00,Lower Ringold,1,2026-05-05 11:53:29
Rock Island Tailrace CHN,1,G72647F78,2026-04-28 18:46:49,2026-04-30 15:42:00,Hanford,1,2026-05-05 16:35:55
Rock Island Tailrace CHN,3,G7264CA75,2026-05-02 16:33:13,2026-05-04 15:47:00,Crescent Bar,1,2026-05-05 01:07:01
Rock Island Tailrace CHN,3,G7264CA75,2026-05-02 16:33:13,2026-05-04 15:47:00,Sunland,1,2026-05-05 10:48:53
Rock Island Tailrace CHN,3,G7264CA75,2026-05-02 16:33:13,2026-05-04 15:47:00,Wanapum BRZ,1,2026-05-06 23:11:03
Rock Island Tailrace CHN,3,G7264CA75,2026-05-02 16:33:13,2026-05-04 15:47:00,Mattawa,1,2026-05-12 07:27:19
Rock Island Tailrace CHN,3,G7264CA75,2026-05-02 16:33:13,2026-05-04 15:47:00,Priest BRZ,1,2026-05-12 15:34:09
Rock Island Tailrace CHN,3,G7264CA75,2026-05-02 16:33:13,2026-05-04 15:47:00,Lower Ringold,1,2026-05-13 05:03:29
Rock Island Tailrace CHN,3,G7264CA75,2026-05-02 16:33:13,2026-05-04 15:47:00,Hanford,1,2026-05-13 07:56:38
Rock Island Tailrace CHN,3,G72651645,2026-05-05 15:57:03,2026-05-07 15:46:00,Crescent Bar,1,2026-05-08 04:52:18
Rock Island Tailrace CHN,3,G72651645,2026-05-05 15:57:03,2026-05-07 15:46:00,Sunland,1,2026-05-08 15:54:20
Rock Island Tailrace CHN,3,G72651645,2026-05-05 15:57:03,2026-05-07 15:46:00,Wanapum BRZ,1,2026-05-10 04:47:28
Rock Island Tailrace CHN,3,G72651645,2026-05-05 15:57:03,2026-05-07 15:46:00,Mattawa,1,2026-05-10 14:17:32
Rock Island Tailrace CHN,3,G72651645,2026-05-05 15:57:03,2026-05-07 15:46:00,Priest BRZ,1,2026-05-11 10:17:08
Rock Island Tailrace CHN,3,G72651645,2026-05-05 15:57:03,2026-05-07 15:46:00,Lower Ringold,1,2026-05-11 23:40:39
Rock Island Tailrace CHN,3,G72651645,2026-05-05 15:57:03,2026-05-07 15:46:00,Hanford,1,2026-05-12 04:36:59
Rock Island Tailrace CHN,3,G726907CB,2026-05-03 18:08:25,2026-05-05 16:45:00,Crescent Bar,1,2026-05-06 04:14:30
Rock Island Tailrace CHN,3,G726907CB,2026-05-03 18:08:25,2026-05-05 16:45:00,Sunland,1,2026-05-06 16:24:25
Rock Island Tailrace CHN,3,G726907CB,2026-05-03 18:08:25,2026-05-05 16:45:00,Wanapum BRZ,1,2026-05-08 07:06:39
Rock Island Tailrace CHN,3,G726907CB,2026-05-03 18:08:25,2026-05-05 16:45:00,Mattawa,1,2026-05-08 12:38:19
Rock Island Tailrace CHN,3,G726907CB,2026-05-03 18:08:25,2026-05-05 16:45:00,Priest BRZ,1,2026-05-09 06:59:37
Rock Island Tailrace CHN,3,G726907CB,2026-05-03 18:08:25,2026-05-05 16:45:00,Lower Ringold,1,2026-05-09 20:13:32
Rock Island Tailrace CHN,3,G726907CB,2026-05-03 18:08:25,2026-05-05 16:45:00,Hanford,1,2026-05-09 23:37:18
Rock Island Tailrace CHN,3,G72691949,2026-04-28 19:02:54,2026-04-30 15:42:00,Crescent Bar,0,
Rock Island Tailrace CHN,3,G72691949,2026-04-28 19:02:54,2026-04-30 15:42:00,Sunland,0,
Rock Island Tailrace CHN,3,G72691949,2026-04-28 19:02:54,2026-04-30 15:42:00,Wanapum BRZ,0,
Rock Island Tailrace CHN,3,G72691949,2026-04-28 19:02:54,2026-04-30 15:42:00,Mattawa,0,
Rock Island Tailrace CHN,3,G72691949,2026-04-28 19:02:54,2026-04-30 15:42:00,Priest BRZ,0,
Rock Island Tailrace CHN,3,G72691949,2026-04-28 19:02:54,2026-04-30 15:42:00,Lower Ringold,0,
Rock Island Tailrace CHN,3,G72691949,2026-04-28 19:02:54,2026-04-30 15:42:00,Hanford,0,
Rock Island Tailrace CHN,3,G7269240A,2026-05-03 17:53:37,2026-05-05 16:45:00,Crescent Bar,1,2026-05-06 09:32:44
Rock Island Tailrace CHN,3,G7269240A,2026-05-03 17:53:37,2026-05-05 16:45:00,Sunland,1,2026-05-07 07:48:55
Rock Island Tailrace CHN,3,G7269240A,2026-05-03 17:53:37,2026-05-05 16:45:00,Wanapum BRZ,1,2026-05-08 11:58:44
Rock Island Tailrace CHN,3,G7269240A,2026-05-03 17:53:37,2026-05-05 16:45:00,Mattawa,1,2026-05-11 00:32:35
Rock Island Tailrace CHN,3,G7269240A,2026-05-03 17:53:37,2026-05-05 16:45:00,Priest BRZ,1,2026-05-11 11:21:44
Rock Island Tailrace CHN,3,G7269240A,2026-05-03 17:53:37,2026-05-05 16:45:00,Lower Ringold,0,
Rock Island Tailrace CHN,3,G7269240A,2026-05-03 17:53:37,2026-05-05 16:45:00,Hanford,0,
Rock Island Tailrace CHN,2,G726AA92E,2026-05-02 16:59:47,2026-05-04 15:47:00,Crescent Bar,1,2026-05-05 08:08:48
Rock Island Tailrace CHN,2,G726AA92E,2026-05-02 16:59:47,2026-05-04 15:47:00,Sunland,1,2026-05-06 07:04:47
Rock Island Tailrace CHN,2,G726AA92E,2026-05-02 16:59:47,2026-05-04 15:47:00,Wanapum BRZ,1,2026-05-07 19:26:42
Rock Island Tailrace CHN,2,G726AA92E,2026-05-02 16:59:47,2026-05-04 15:47:00,Mattawa,1,2026-05-11 23:45:16
Rock Island Tailrace CHN,2,G726AA92E,2026-05-02 16:59:47,2026-05-04 15:47:00,Priest BRZ,1,2026-05-12 11:51:57
Rock Island Tailrace CHN,2,G726AA92E,2026-05-02 16:59:47,2026-05-04 15:47:00,Lower Ringold,1,2026-05-13 07:52:18
Rock Island Tailrace CHN,2,G726AA92E,2026-05-02 16:59:47,2026-05-04 15:47:00,Hanford,1,2026-05-13 10:38:12
Rock Island Tailrace CHN,2,G726B21A4,2026-05-03 18:06:19,2026-05-05 16:45:00,Crescent Bar,1,2026-05-06 09:06:46
Rock Island Tailrace CHN,2,G726B21A4,2026-05-03 18:06:19,2026-05-05 16:45:00,Sunland,1,2026-05-07 05:20:08
Rock Island Tailrace CHN,2,G726B21A4,2026-05-03 18:06:19,2026-05-05 16:45:00,Wanapum BRZ,1,2026-05-08 17:44:36
Rock Island Tailrace CHN,2,G726B21A4,2026-05-03 18:06:19,2026-05-05 16:45:00,Mattawa,1,2026-05-10 00:22:49
Rock Island Tailrace CHN,2,G726B21A4,2026-05-03 18:06:19,2026-05-05 16:45:00,Priest BRZ,1,2026-05-10 08:33:49
Rock Island Tailrace CHN,2,G726B21A4,2026-05-03 18:06:19,2026-05-05 16:45:00,Lower Ringold,1,2026-05-10 19:28:22
Rock Island Tailrace CHN,2,G726B21A4,2026-05-03 18:06:19,2026-05-05 16:45:00,Hanford,1,2026-05-10 23:40:23
Rock Island Tailrace CHN,3,G726B8434,2026-04-28 19:16:17,2026-04-30 15:42:00,Crescent Bar,1,2026-05-01 05:45:19
Rock Island Tailrace CHN,3,G726B8434,2026-04-28 19:16:17,2026-04-30 15:42:00,Sunland,1,2026-05-02 00:47:04
Rock Island Tailrace CHN,3,G726B8434,2026-04-28 19:16:17,2026-04-30 15:42:00,Wanapum BRZ,0,
Rock Island Tailrace CHN,3,G726B8434,2026-04-28 19:16:17,2026-04-30 15:42:00,Mattawa,0,
Rock Island Tailrace CHN,3,G726B8434,2026-04-28 19:16:17,2026-04-30 15:42:00,Priest BRZ,0,
Rock Island Tailrace CHN,3,G726B8434,2026-04-28 19:16:17,2026-04-30 15:42:00,Lower Ringold,0,
Rock Island Tailrace CHN,3,G726B8434,2026-04-28 19:16:17,2026-04-30 15:42:00,Hanford,0,
Rock Island Tailrace CHN,3,G726BA128,2026-05-03 17:56:16,2026-05-05 16:45:00,Crescent Bar,1,2026-05-06 09:21:58
Rock Island Tailrace CHN,3,G726BA128,2026-05-03 17:56:16,2026-05-05 16:45:00,Sunland,1,2026-05-07 10:38:17
Rock Island Tailrace CHN,3,G726BA128,2026-05-03 17:56:16,2026-05-05 16:45:00,Wanapum BRZ,1,2026-05-09 01:41:25
Rock Island Tailrace CHN,3,G726BA128,2026-05-03 17:56:16,2026-05-05 16:45:00,Mattawa,1,2026-05-09 05:58:52
Rock Island Tailrace CHN,3,G726BA128,2026-05-03 17:56:16,2026-05-05 16:45:00,Priest BRZ,1,2026-05-10 03:25:42
Rock Island Tailrace CHN,3,G726BA128,2026-05-03 17:56:16,2026-05-05 16:45:00,Lower Ringold,1,2026-05-12 08:06:04
Rock Island Tailrace CHN,3,G726BA128,2026-05-03 17:56:16,2026-05-05 16:45:00,Hanford,1,2026-05-12 11:20:45
Rock Island Tailrace CHN,3,G726BC52C,2026-05-01 16:53:44,2026-05-03 15:52:00,Crescent Bar,1,2026-05-04 07:53:07
Rock Island Tailrace CHN,3,G726BC52C,2026-05-01 16:53:44,2026-05-03 15:52:00,Sunland,1,2026-05-05 05:12:43
Rock Island Tailrace CHN,3,G726BC52C,2026-05-01 16:53:44,2026-05-03 15:52:00,Wanapum BRZ,1,2026-05-08 03:46:00
Rock Island Tailrace CHN,3,G726BC52C,2026-05-01 16:53:44,2026-05-03 15:52:00,Mattawa,1,2026-05-08 06:46:02
Rock Island Tailrace CHN,3,G726BC52C,2026-05-01 16:53:44,2026-05-03 15:52:00,Priest BRZ,1,2026-05-08 22:56:44
Rock Island Tailrace CHN,3,G726BC52C,2026-05-01 16:53:44,2026-05-03 15:52:00,Lower Ringold,1,2026-05-09 13:35:44
Rock Island Tailrace CHN,3,G726BC52C,2026-05-01 16:53:44,2026-05-03 15:52:00,Hanford,1,2026-05-09 17:44:05
Rock Island Tailrace CHN,3,G726D1FAF,2026-04-28 19:14:50,2026-04-30 15:42:00,Crescent Bar,1,2026-05-01 11:43:55
Rock Island Tailrace CHN,3,G726D1FAF,2026-04-28 19:14:50,2026-04-30 15:42:00,Sunland,1,2026-05-02 07:37:49
Rock Island Tailrace CHN,3,G726D1FAF,2026-04-28 19:14:50,2026-04-30 15:42:00,Wanapum BRZ,1,2026-05-04 19:30:55
Rock Island Tailrace CHN,3,G726D1FAF,2026-04-28 19:14:50,2026-04-30 15:42:00,Mattawa,1,2026-05-05 13:24:30
Rock Island Tailrace CHN,3,G726D1FAF,2026-04-28 19:14:50,2026-04-30 15:42:00,Priest BRZ,1,2026-05-06 05:52:47
Rock Island Tailrace CHN,3,G726D1FAF,2026-04-28 19:14:50,2026-04-30 15:42:00,Lower Ringold,1,2026-05-07 04:07:46
Rock Island Tailrace CHN,3,G726D1FAF,2026-04-28 19:14:50,2026-04-30 15:42:00,Hanford,1,2026-05-07 10:32:29
Rock Island Tailrace CHN,2,G726E50FD,2026-04-28 18:59:05,2026-04-30 15:42:00,Crescent Bar,1,2026-05-01 05:04:26
Rock Island Tailrace CHN,2,G726E50FD,2026-04-28 18:59:05,2026-04-30 15:42:00,Sunland,1,2026-05-01 20:42:22
Rock Island Tailrace CHN,2,G726E50FD,2026-04-28 18:59:05,2026-04-30 15:42:00,Wanapum BRZ,1,2026-05-03 03:03:57
Rock Island Tailrace CHN,2,G726E50FD,2026-04-28 18:59:05,2026-04-30 15:42:00,Mattawa,1,2026-05-03 08:16:13
Rock Island Tailrace CHN,2,G726E50FD,2026-04-28 18:59:05,2026-04-30 15:42:00,Priest BRZ,1,2026-05-04 03:17:12
Rock Island Tailrace CHN,2,G726E50FD,2026-04-28 18:59:05,2026-04-30 15:42:00,Lower Ringold,1,2026-05-04 18:58:41
Rock Island Tailrace CHN,2,G726E50FD,2026-04-28 18:59:05,2026-04-30 15:42:00,Hanford,1,2026-05-05 05:04:31
Rock Island Tailrace CHN,2,G726EE32D,2026-05-04 17:37:45,2026-05-06 16:04:00,Crescent Bar,1,2026-05-07 11:21:50
Rock Island Tailrace CHN,2,G726EE32D,2026-05-04 17:37:45,2026-05-06 16:04:00,Sunland,1,2026-05-08 06:45:53
Rock Island Tailrace CHN,2,G726EE32D,2026-05-04 17:37:45,2026-05-06 16:04:00,Wanapum BRZ,1,2026-05-09 08:09:29
Rock Island Tailrace CHN,2,G726EE32D,2026-05-04 17:37:45,2026-05-06 16:04:00,Mattawa,1,2026-05-09 13:30:54
Rock Island Tailrace CHN,2,G726EE32D,2026-05-04 17:37:45,2026-05-06 16:04:00,Priest BRZ,1,2026-05-10 08:49:21
Rock Island Tailrace CHN,2,G726EE32D,2026-05-04 17:37:45,2026-05-06 16:04:00,Lower Ringold,1,2026-05-11 08:25:54
Rock Island Tailrace CHN,2,G726EE32D,2026-05-04 17:37:45,2026-05-06 16:04:00,Hanford,1,2026-05-11 11:17:50
Rock Island Tailrace CHN,2,G726F17FC,2026-04-30 16:16:17,2026-05-02 16:02:00,Crescent Bar,1,2026-05-03 04:20:52
Rock Island Tailrace CHN,2,G726F17FC,2026-04-30 16:16:17,2026-05-02 16:02:00,Sunland,1,2026-05-04 06:04:05
Rock Island Tailrace CHN,2,G726F17FC,2026-04-30 16:16:17,2026-05-02 16:02:00,Wanapum BRZ,1,2026-05-06 20:43:12
Rock Island Tailrace CHN,2,G726F17FC,2026-04-30 16:16:17,2026-05-02 16:02:00,Mattawa,0,
Rock Island Tailrace CHN,2,G726F17FC,2026-04-30 16:16:17,2026-05-02 16:02:00,Priest BRZ,0,
Rock Island Tailrace CHN,2,G726F17FC,2026-04-30 16:16:17,2026-05-02 16:02:00,Lower Ringold,0,
Rock Island Tailrace CHN,2,G726F17FC,2026-04-30 16:16:17,2026-05-02 16:02:00,Hanford,0,
Rock Island Tailrace CHN,2,G726FF22A,2026-04-30 16:11:23,2026-05-02 16:02:00,Crescent Bar,1,2026-05-04 05:51:44
Rock Island Tailrace CHN,2,G726FF22A,2026-04-30 16:11:23,2026-05-02 16:02:00,Sunland,1,2026-05-04 18:21:18
Rock Island Tailrace CHN,2,G726FF22A,2026-04-30 16:11:23,2026-05-02 16:02:00,Wanapum BRZ,1,2026-05-05 19:18:40
Rock Island Tailrace CHN,2,G726FF22A,2026-04-30 16:11:23,2026-05-02 16:02:00,Mattawa,1,2026-05-05 23:01:39
Rock Island Tailrace CHN,2,G726FF22A,2026-04-30 16:11:23,2026-05-02 16:02:00,Priest BRZ,1,2026-05-06 15:39:39
Rock Island Tailrace CHN,2,G726FF22A,2026-04-30 16:11:23,2026-05-02 16:02:00,Lower Ringold,1,2026-05-07 18:05:05
Rock Island Tailrace CHN,2,G726FF22A,2026-04-30 16:11:23,2026-05-02 16:02:00,Hanford,1,2026-05-07 22:02:14
Rock Island Tailrace CHN,2,G72701237,2026-05-04 16:04:48,2026-05-06 16:04:00,Crescent Bar,1,2026-05-07 04:42:28
Rock Island Tailrace CHN,2,G72701237,2026-05-04 16:04:48,2026-05-06 16:04:00,Sunland,1,2026-05-08 06:25:22
Rock Island Tailrace CHN,2,G72701237,2026-05-04 16:04:48,2026-05-06 16:04:00,Wanapum BRZ,1,2026-05-09 18:51:15
Rock Island Tailrace CHN,2,G72701237,2026-05-04 16:04:48,2026-05-06 16:04:00,Mattawa,1,2026-05-09 23:05:51
Rock Island Tailrace CHN,2,G72701237,2026-05-04 16:04:48,2026-05-06 16:04:00,Priest BRZ,1,2026-05-10 09:33:07
Rock Island Tailrace CHN,2,G72701237,2026-05-04 16:04:48,2026-05-06 16:04:00,Lower Ringold,1,2026-05-11 05:00:54
Rock Island Tailrace CHN,2,G72701237,2026-05-04 16:04:48,2026-05-06 16:04:00,Hanford,1,2026-05-11 08:06:43
Rock Island Tailrace CHN,2,G72708378,2026-04-28 18:53:36,2026-04-30 15:42:00,Crescent Bar,1,2026-04-30 22:08:32
Rock Island Tailrace CHN,2,G72708378,2026-04-28 18:53:36,2026-04-30 15:42:00,Sunland,1,2026-05-01 09:57:13
Rock Island Tailrace CHN,2,G72708378,2026-04-28 18:53:36,2026-04-30 15:42:00,Wanapum BRZ,1,2026-05-02 11:49:18
Rock Island Tailrace CHN,2,G72708378,2026-04-28 18:53:36,2026-04-30 15:42:00,Mattawa,1,2026-05-02 15:36:36
Rock Island Tailrace CHN,2,G72708378,2026-04-28 18:53:36,2026-04-30 15:42:00,Priest BRZ,1,2026-05-03 00:59:30
Rock Island Tailrace CHN,2,G72708378,2026-04-28 18:53:36,2026-04-30 15:42:00,Lower Ringold,1,2026-05-03 12:38:37
Rock Island Tailrace CHN,2,G72708378,2026-04-28 18:53:36,2026-04-30 15:42:00,Hanford,1,2026-05-03 16:16:39
Rock Island Tailrace CHN,1,G72717F6B,2026-04-30 16:19:00,2026-05-02 16:02:00,Crescent Bar,1,2026-05-03 08:52:42
Rock Island Tailrace CHN,1,G72717F6B,2026-04-30 16:19:00,2026-05-02 16:02:00,Sunland,1,2026-05-04 10:05:38
Rock Island Tailrace CHN,1,G72717F6B,2026-04-30 16:19:00,2026-05-02 16:02:00,Wanapum BRZ,1,2026-05-09 06:09:19
Rock Island Tailrace CHN,1,G72717F6B,2026-04-30 16:19:00,2026-05-02 16:02:00,Mattawa,1,2026-05-09 09:35:59
Rock Island Tailrace CHN,1,G72717F6B,2026-04-30 16:19:00,2026-05-02 16:02:00,Priest BRZ,1,2026-05-10 06:12:45
Rock Island Tailrace CHN,1,G72717F6B,2026-04-30 16:19:00,2026-05-02 16:02:00,Lower Ringold,1,2026-05-11 08:19:35
Rock Island Tailrace CHN,1,G72717F6B,2026-04-30 16:19:00,2026-05-02 16:02:00,Hanford,1,2026-05-11 11:19:28
Rock Island Tailrace CHN,1,G7271D367,2026-05-03 18:07:32,2026-05-05 16:45:00,Crescent Bar,1,2026-05-06 02:42:33
Rock Island Tailrace CHN,1,G7271D367,2026-05-03 18:07:32,2026-05-05 16:45:00,Sunland,1,2026-05-06 12:01:59
Rock Island Tailrace CHN,1,G7271D367,2026-05-03 18:07:32,2026-05-05 16:45:00,Wanapum BRZ,1,2026-05-08 22:16:30
Rock Island Tailrace CHN,1,G7271D367,2026-05-03 18:07:32,2026-05-05 16:45:00,Mattawa,1,2026-05-12 09:26:43
Rock Island Tailrace CHN,1,G7271D367,2026-05-03 18:07:32,2026-05-05 16:45:00,Priest BRZ,1,2026-05-14 11:07:56
Rock Island Tailrace CHN,1,G7271D367,2026-05-03 18:07:32,2026-05-05 16:45:00,Lower Ringold,1,2026-05-16 08:28:08
Rock Island Tailrace CHN,1,G7271D367,2026-05-03 18:07:32,2026-05-05 16:45:00,Hanford,1,2026-05-16 12:06:33
Rock Island Tailrace CHN,1,G7271EE24,2026-05-04 16:23:11,2026-05-06 16:04:00,Crescent Bar,1,2026-05-07 07:38:24
Rock Island Tailrace CHN,1,G7271EE24,2026-05-04 16:23:11,2026-05-06 16:04:00,Sunland,1,2026-05-08 03:25:42
Rock Island Tailrace CHN,1,G7271EE24,2026-05-04 16:23:11,2026-05-06 16:04:00,Wanapum BRZ,1,2026-05-10 03:32:09
Rock Island Tailrace CHN,1,G7271EE24,2026-05-04 16:23:11,2026-05-06 16:04:00,Mattawa,1,2026-05-10 08:53:02
Rock Island Tailrace CHN,1,G7271EE24,2026-05-04 16:23:11,2026-05-06 16:04:00,Priest BRZ,1,2026-05-11 01:16:21
Rock Island Tailrace CHN,1,G7271EE24,2026-05-04 16:23:11,2026-05-06 16:04:00,Lower Ringold,1,2026-05-12 06:12:57
Rock Island Tailrace CHN,1,G7271EE24,2026-05-04 16:23:11,2026-05-06 16:04:00,Hanford,1,2026-05-12 09:51:05
Rock Island Tailrace CHN,1,G7272589E,2026-04-30 16:17:09,2026-05-02 16:02:00,Crescent Bar,1,2026-05-03 00:10:40
Rock Island Tailrace CHN,1,G7272589E,2026-04-30 16:17:09,2026-05-02 16:02:00,Sunland,1,2026-05-03 10:30:02
Rock Island Tailrace CHN,1,G7272589E,2026-04-30 16:17:09,2026-05-02 16:02:00,Wanapum BRZ,1,2026-05-04 20:15:28
Rock Island Tailrace CHN,1,G7272589E,2026-04-30 16:17:09,2026-05-02 16:02:00,Mattawa,1,2026-05-05 09:39:19
Rock Island Tailrace CHN,1,G7272589E,2026-04-30 16:17:09,2026-05-02 16:02:00,Priest BRZ,1,2026-05-06 06:33:27
Rock Island Tailrace CHN,1,G7272589E,2026-04-30 16:17:09,2026-05-02 16:02:00,Lower Ringold,1,2026-05-06 18:34:55
Rock Island Tailrace CHN,1,G7272589E,2026-04-30 16:17:09,2026-05-02 16:02:00,Hanford,1,2026-05-07 03:38:28
Rock Island Tailrace CHN,1,G7273E4CB,2026-05-05 15:42:14,2026-05-07 15:46:00,Crescent Bar,1,2026-05-08 01:15:28
Rock Island Tailrace CHN,1,G7273E4CB,2026-05-05 15:42:14,2026-05-07 15:46:00,Sunland,1,2026-05-08 12:29:21
Rock Island Tailrace CHN,1,G7273E4CB,2026-05-05 15:42:14,2026-05-07 15:46:00,Wanapum BRZ,0,
Rock Island Tailrace CHN,1,G7273E4CB,2026-05-05 15:42:14,2026-05-07 15:46:00,Mattawa,0,
Rock Island Tailrace CHN,1,G7273E4CB,2026-05-05 15:42:14,2026-05-07 15:46:00,Priest BRZ,0,
Rock Island Tailrace CHN,1,G7273E4CB,2026-05-05 15:42:14,2026-05-07 15:46:00,Lower Ringold,0,
Rock Island Tailrace CHN,1,G7273E4CB,2026-05-05 15:42:14,2026-05-07 15:46:00,Hanford,0,
Rock Island Tailrace CHN,3,G7274AD7F,2026-05-03 17:51:48,2026-05-05 16:45:00,Crescent Bar,1,2026-05-05 23:43:19
Rock Island Tailrace CHN,3,G7274AD7F,2026-05-03 17:51:48,2026-05-05 16:45:00,Sunland,1,2026-05-06 12:09:09
Rock Island Tailrace CHN,3,G7274AD7F,2026-05-03 17:51:48,2026-05-05 16:45:00,Wanapum BRZ,1,2026-05-08 22:33:00
Rock Island Tailrace CHN,3,G7274AD7F,2026-05-03 17:51:48,2026-05-05 16:45:00,Mattawa,0,
Rock Island Tailrace CHN,3,G7274AD7F,2026-05-03 17:51:48,2026-05-05 16:45:00,Priest BRZ,0,
Rock Island Tailrace CHN,3,G7274AD7F,2026-05-03 17:51:48,2026-05-05 16:45:00,Lower Ringold,0,
Rock Island Tailrace CHN,3,G7274AD7F,2026-05-03 17:51:48,2026-05-05 16:45:00,Hanford,0,
Rock Island Tailrace CHN,3,G7274B79C,2026-05-01 17:07:18,2026-05-03 15:52:00,Crescent Bar,1,2026-05-04 10:31:01
Rock Island Tailrace CHN,3,G7274B79C,2026-05-01 17:07:18,2026-05-03 15:52:00,Sunland,1,2026-05-05 10:28:56
Rock Island Tailrace CHN,3,G7274B79C,2026-05-01 17:07:18,2026-05-03 15:52:00,Wanapum BRZ,1,2026-05-07 16:41:53
Rock Island Tailrace CHN,3,G7274B79C,2026-05-01 17:07:18,2026-05-03 15:52:00,Mattawa,1,2026-05-08 10:53:44
Rock Island Tailrace CHN,3,G7274B79C,2026-05-01 17:07:18,2026-05-03 15:52:00,Priest BRZ,1,2026-05-09 07:07:27
Rock Island Tailrace CHN,3,G7274B79C,2026-05-01 17:07:18,2026-05-03 15:52:00,Lower Ringold,1,2026-05-09 20:08:55
Rock Island Tailrace CHN,3,G7274B79C,2026-05-01 17:07:18,2026-05-03 15:52:00,Hanford,1,2026-05-10 04:22:44
Rock Island Tailrace CHN,3,G7276816E,2026-04-30 16:05:28,2026-05-02 16:02:00,Crescent Bar,1,2026-05-03 03:18:11
Rock Island Tailrace CHN,3,G7276816E,2026-04-30 16:05:28,2026-05-02 16:02:00,Sunland,1,2026-05-03 21:32:39
Rock Island Tailrace CHN,3,G7276816E,2026-04-30 16:05:28,2026-05-02 16:02:00,Wanapum BRZ,1,2026-05-05 14:18:07
Rock Island Tailrace CHN,3,G7276816E,2026-04-30 16:05:28,2026-05-02 16:02:00,Mattawa,1,2026-05-18 16:55:03
Rock Island Tailrace CHN,3,G7276816E,2026-04-30 16:05:28,2026-05-02 16:02:00,Priest BRZ,1,2026-05-18 23:10:01
Rock Island Tailrace CHN,3,G7276816E,2026-04-30 16:05:28,2026-05-02 16:02:00,Lower Ringold,1,2026-05-19 10:35:40
Rock Island Tailrace CHN,3,G7276816E,2026-04-30 16:05:28,2026-05-02 16:02:00,Hanford,1,2026-05-19 14:10:23
Rock Island Tailrace CHN,1,G7276BC2D,2026-05-01 17:01:25,2026-05-03 15:52:00,Crescent Bar,1,2026-05-04 00:42:40
Rock Island Tailrace CHN,1,G7276BC2D,2026-05-01 17:01:25,2026-05-03 15:52:00,Sunland,1,2026-05-04 12:54:26
Rock Island Tailrace CHN,1,G7276BC2D,2026-05-01 17:01:25,2026-05-03 15:52:00,Wanapum BRZ,1,2026-05-07 08:11:56
Rock Island Tailrace CHN,1,G7276BC2D,2026-05-01 17:01:25,2026-05-03 15:52:00,Mattawa,1,2026-05-07 11:18:35
Rock Island Tailrace CHN,1,G7276BC2D,2026-05-01 17:01:25,2026-05-03 15:52:00,Priest BRZ,1,2026-05-08 05:09:36
Rock Island Tailrace CHN,1,G7276BC2D,2026-05-01 17:01:25,2026-05-03 15:52:00,Lower Ringold,1,2026-05-08 16:23:26
Rock Island Tailrace CHN,1,G7276BC2D,2026-05-01 17:01:25,2026-05-03 15:52:00,Hanford,1,2026-05-08 20:13:45
Rock Island Tailrace CHN,1,G72778316,2026-04-29 16:07:11,2026-05-01 15:43:00,Crescent Bar,1,2026-05-02 08:34:09
Rock Island Tailrace CHN,1,G72778316,2026-04-29 16:07:11,2026-05-01 15:43:00,Sunland,1,2026-05-04 04:04:16
Rock Island Tailrace CHN,1,G72778316,2026-04-29 16:07:11,2026-05-01 15:43:00,Wanapum BRZ,1,2026-05-05 22:43:07
Rock Island Tailrace CHN,1,G72778316,2026-04-29 16:07:11,2026-05-01 15:43:00,Mattawa,1,2026-05-06 02:58:43
Rock Island Tailrace CHN,1,G72778316,2026-04-29 16:07:11,2026-05-01 15:43:00,Priest BRZ,1,2026-05-06 19:38:48
Rock Island Tailrace CHN,1,G72778316,2026-04-29 16:07:11,2026-05-01 15:43:00,Lower Ringold,1,2026-05-07 08:24:35
Rock Island Tailrace CHN,1,G72778316,2026-04-29 16:07:11,2026-05-01 15:43:00,Hanford,1,2026-05-07 11:14:16
Rock Island Tailrace CHN,3,G72784178,2026-04-30 16:19:20,2026-05-02 16:02:00,Crescent Bar,1,2026-05-03 10:27:15
Rock Island Tailrace CHN,3,G72784178,2026-04-30 16:19:20,2026-05-02 16:02:00,Sunland,1,2026-05-05 03:51:34
Rock Island Tailrace CHN,3,G72784178,2026-04-30 16:19:20,2026-05-02 16:02:00,Wanapum BRZ,0,
Rock Island Tailrace CHN,3,G72784178,2026-04-30 16:19:20,2026-05-02 16:02:00,Mattawa,0,
Rock Island Tailrace CHN,3,G72784178,2026-04-30 16:19:20,2026-05-02 16:02:00,Priest BRZ,0,
Rock Island Tailrace CHN,3,G72784178,2026-04-30 16:19:20,2026-05-02 16:02:00,Lower Ringold,0,
Rock Island Tailrace CHN,3,G72784178,2026-04-30 16:19:20,2026-05-02 16:02:00,Hanford,0,
Rock Island Tailrace CHN,1,G727A0EEE,2026-05-05 15:44:16,2026-05-07 15:46:00,Crescent Bar,1,2026-05-08 01:04:28
Rock Island Tailrace CHN,1,G727A0EEE,2026-05-05 15:44:16,2026-05-07 15:46:00,Sunland,1,2026-05-08 11:44:03
Rock Island Tailrace CHN,1,G727A0EEE,2026-05-05 15:44:16,2026-05-07 15:46:00,Wanapum BRZ,1,2026-05-10 09:05:39
Rock Island Tailrace CHN,1,G727A0EEE,2026-05-05 15:44:16,2026-05-07 15:46:00,Mattawa,1,2026-05-10 12:15:38
Rock Island Tailrace CHN,1,G727A0EEE,2026-05-05 15:44:16,2026-05-07 15:46:00,Priest BRZ,1,2026-05-11 13:21:25
Rock Island Tailrace CHN,1,G727A0EEE,2026-05-05 15:44:16,2026-05-07 15:46:00,Lower Ringold,1,2026-05-12 12:26:22
Rock Island Tailrace CHN,1,G727A0EEE,2026-05-05 15:44:16,2026-05-07 15:46:00,Hanford,1,2026-05-13 00:06:33
Rock Island Tailrace CHN,1,G727A6649,2026-05-02 17:08:42,2026-05-04 15:47:00,Crescent Bar,1,2026-05-04 22:34:59
Rock Island Tailrace CHN,1,G727A6649,2026-05-02 17:08:42,2026-05-04 15:47:00,Sunland,1,2026-05-05 13:23:19
Rock Island Tailrace CHN,1,G727A6649,2026-05-02 17:08:42,2026-05-04 15:47:00,Wanapum BRZ,1,2026-05-08 03:34:43
Rock Island Tailrace CHN,1,G727A6649,2026-05-02 17:08:42,2026-05-04 15:47:00,Mattawa,1,2026-05-08 09:05:54
Rock Island Tailrace CHN,1,G727A6649,2026-05-02 17:08:42,2026-05-04 15:47:00,Priest BRZ,1,2026-05-08 23:19:52
Rock Island Tailrace CHN,1,G727A6649,2026-05-02 17:08:42,2026-05-04 15:47:00,Lower Ringold,1,2026-05-09 14:04:53
Rock Island Tailrace CHN,1,G727A6649,2026-05-02 17:08:42,2026-05-04 15:47:00,Hanford,1,2026-05-09 18:05:35
Rock Island Tailrace CHN,3,G728078B5,2026-05-01 17:12:15,2026-05-03 15:52:00,Crescent Bar,1,2026-05-04 05:38:50
Rock Island Tailrace CHN,3,G728078B5,2026-05-01 17:12:15,2026-05-03 15:52:00,Sunland,1,2026-05-05 06:48:59
Rock Island Tailrace CHN,3,G728078B5,2026-05-01 17:12:15,2026-05-03 15:52:00,Wanapum BRZ,1,2026-05-07 08:35:10
Rock Island Tailrace CHN,3,G728078B5,2026-05-01 17:12:15,2026-05-03 15:52:00,Mattawa,0,
Rock Island Tailrace CHN,3,G728078B5,2026-05-01 17:12:15,2026-05-03 15:52:00,Priest BRZ,0,
Rock Island Tailrace CHN,3,G728078B5,2026-05-01 17:12:15,2026-05-03 15:52:00,Lower Ringold,0,
Rock Island Tailrace CHN,3,G728078B5,2026-05-01 17:12:15,2026-05-03 15:52:00,Hanford,0,
Rock Island Tailrace CHN,1,G72813FB4,2026-04-28 19:14:25,2026-04-30 15:42:00,Crescent Bar,1,2026-05-01 22:27:45
Rock Island Tailrace CHN,1,G72813FB4,2026-04-28 19:14:25,2026-04-30 15:42:00,Sunland,1,2026-05-02 07:37:29
Rock Island Tailrace CHN,1,G72813FB4,2026-04-28 19:14:25,2026-04-30 15:42:00,Wanapum BRZ,1,2026-05-04 15:28:41
Rock Island Tailrace CHN,1,G72813FB4,2026-04-28 19:14:25,2026-04-30 15:42:00,Mattawa,1,2026-05-04 22:43:19
Rock Island Tailrace CHN,1,G72813FB4,2026-04-28 19:14:25,2026-04-30 15:42:00,Priest BRZ,1,2026-05-05 06:46:14
Rock Island Tailrace CHN,1,G72813FB4,2026-04-28 19:14:25,2026-04-30 15:42:00,Lower Ringold,0,
Rock Island Tailrace CHN,1,G72813FB4,2026-04-28 19:14:25,2026-04-30 15:42:00,Hanford,0,
Rock Island Tailrace CHN,1,G728169B2,2026-04-29 16:14:20,2026-05-01 15:43:00,Crescent Bar,1,2026-05-01 23:27:02
Rock Island Tailrace CHN,1,G728169B2,2026-04-29 16:14:20,2026-05-01 15:43:00,Sunland,1,2026-05-02 09:27:32
Rock Island Tailrace CHN,1,G728169B2,2026-04-29 16:14:20,2026-05-01 15:43:00,Wanapum BRZ,1,2026-05-05 21:35:33
Rock Island Tailrace CHN,1,G728169B2,2026-04-29 16:14:20,2026-05-01 15:43:00,Mattawa,0,
Rock Island Tailrace CHN,1,G728169B2,2026-04-29 16:14:20,2026-05-01 15:43:00,Priest BRZ,0,
Rock Island Tailrace CHN,1,G728169B2,2026-04-29 16:14:20,2026-05-01 15:43:00,Lower Ringold,0,
Rock Island Tailrace CHN,1,G728169B2,2026-04-29 16:14:20,2026-05-01 15:43:00,Hanford,0,
Rock Island Tailrace CHN,2,G7281E721,2026-04-28 19:14:01,2026-04-30 15:42:00,Crescent Bar,1,2026-05-02 14:01:33
Rock Island Tailrace CHN,2,G7281E721,2026-04-28 19:14:01,2026-04-30 15:42:00,Sunland,1,2026-05-12 23:07:21
Rock Island Tailrace CHN,2,G7281E721,2026-04-28 19:14:01,2026-04-30 15:42:00,Wanapum BRZ,1,2026-05-15 12:22:57
Rock Island Tailrace CHN,2,G7281E721,2026-04-28 19:14:01,2026-04-30 15:42:00,Mattawa,1,2026-05-24 10:59:28
Rock Island Tailrace CHN,2,G7281E721,2026-04-28 19:14:01,2026-04-30 15:42:00,Priest BRZ,1,2026-05-25 02:11:42
Rock Island Tailrace CHN,2,G7281E721,2026-04-28 19:14:01,2026-04-30 15:42:00,Lower Ringold,1,2026-05-26 21:03:00
Rock Island Tailrace CHN,2,G7281E721,2026-04-28 19:14:01,2026-04-30 15:42:00,Hanford,1,2026-05-27 04:34:41
Rock Island Tailrace CHN,2,G72824DA5,2026-05-04 17:42:20,2026-05-06 16:04:00,Crescent Bar,1,2026-05-06 23:50:29
Rock Island Tailrace CHN,2,G72824DA5,2026-05-04 17:42:20,2026-05-06 16:04:00,Sunland,1,2026-05-07 10:04:44
Rock Island Tailrace CHN,2,G72824DA5,2026-05-04 17:42:20,2026-05-06 16:04:00,Wanapum BRZ,1,2026-05-07 22:41:53
Rock Island Tailrace CHN,2,G72824DA5,2026-05-04 17:42:20,2026-05-06 16:04:00,Mattawa,1,2026-05-09 04:07:42
Rock Island Tailrace CHN,2,G72824DA5,2026-05-04 17:42:20,2026-05-06 16:04:00,Priest BRZ,1,2026-05-09 17:19:45
Rock Island Tailrace CHN,2,G72824DA5,2026-05-04 17:42:20,2026-05-06 16:04:00,Lower Ringold,1,2026-05-10 06:33:18
Rock Island Tailrace CHN,2,G72824DA5,2026-05-04 17:42:20,2026-05-06 16:04:00,Hanford,1,2026-05-10 09:21:42
Rock Island Tailrace CHN,3,G728376FF,2026-05-01 17:01:06,2026-05-03 15:52:00,Crescent Bar,1,2026-05-04 04:29:22
Rock Island Tailrace CHN,3,G728376FF,2026-05-01 17:01:06,2026-05-03 15:52:00,Sunland,1,2026-05-04 19:25:03
Rock Island Tailrace CHN,3,G728376FF,2026-05-01 17:01:06,2026-05-03 15:52:00,Wanapum BRZ,1,2026-05-06 16:09:27
Rock Island Tailrace CHN,3,G728376FF,2026-05-01 17:01:06,2026-05-03 15:52:00,Mattawa,1,2026-05-08 00:38:42
Rock Island Tailrace CHN,3,G728376FF,2026-05-01 17:01:06,2026-05-03 15:52:00,Priest BRZ,1,2026-05-08 10:53:54
Rock Island Tailrace CHN,3,G728376FF,2026-05-01 17:01:06,2026-05-03 15:52:00,Lower Ringold,1,2026-05-08 22:58:33
Rock Island Tailrace CHN,3,G728376FF,2026-05-01 17:01:06,2026-05-03 15:52:00,Hanford,1,2026-05-09 02:53:14
Rock Island Tailrace CHN,2,G7283F1F0,2026-05-05 15:53:10,2026-05-07 15:46:00,Crescent Bar,1,2026-05-08 04:02:55
Rock Island Tailrace CHN,2,G7283F1F0,2026-05-05 15:53:10,2026-05-07 15:46:00,Sunland,1,2026-05-08 15:29:56
Rock Island Tailrace CHN,2,G7283F1F0,2026-05-05 15:53:10,2026-05-07 15:46:00,Wanapum BRZ,1,2026-05-10 01:22:59
Rock Island Tailrace CHN,2,G7283F1F0,2026-05-05 15:53:10,2026-05-07 15:46:00,Mattawa,1,2026-05-11 16:55:19
Rock Island Tailrace CHN,2,G7283F1F0,2026-05-05 15:53:10,2026-05-07 15:46:00,Priest BRZ,1,2026-05-11 23:50:18
Rock Island Tailrace CHN,2,G7283F1F0,2026-05-05 15:53:10,2026-05-07 15:46:00,Lower Ringold,1,2026-05-14 08:41:48
Rock Island Tailrace CHN,2,G7283F1F0,2026-05-05 15:53:10,2026-05-07 15:46:00,Hanford,1,2026-05-14 11:37:29
Rock Island Tailrace CHN,2,G72841A57,2026-05-03 18:09:57,2026-05-05 16:45:00,Crescent Bar,1,2026-05-06 03:11:55
Rock Island Tailrace CHN,2,G72841A57,2026-05-03 18:09:57,2026-05-05 16:45:00,Sunland,1,2026-05-06 15:26:03
Rock Island Tailrace CHN,2,G72841A57,2026-05-03 18:09:57,2026-05-05 16:45:00,Wanapum BRZ,0,
Rock Island Tailrace CHN,2,G72841A57,2026-05-03 18:09:57,2026-05-05 16:45:00,Mattawa,0,
Rock Island Tailrace CHN,2,G72841A57,2026-05-03 18:09:57,2026-05-05 16:45:00,Priest BRZ,0,
Rock Island Tailrace CHN,2,G72841A57,2026-05-03 18:09:57,2026-05-05 16:45:00,Lower Ringold,0,
Rock Island Tailrace CHN,2,G72841A57,2026-05-03 18:09:57,2026-05-05 16:45:00,Hanford,0,
Rock Island Tailrace CHN,2,G72844EED,2026-05-01 17:08:49,2026-05-03 15:52:00,Crescent Bar,1,2026-05-04 03:56:04
Rock Island Tailrace CHN,2,G72844EED,2026-05-01 17:08:49,2026-05-03 15:52:00,Sunland,1,2026-05-04 18:35:32
Rock Island Tailrace CHN,2,G72844EED,2026-05-01 17:08:49,2026-05-03 15:52:00,Wanapum BRZ,1,2026-05-06 10:54:49
Rock Island Tailrace CHN,2,G72844EED,2026-05-01 17:08:49,2026-05-03 15:52:00,Mattawa,1,2026-05-07 01:05:35
Rock Island Tailrace CHN,2,G72844EED,2026-05-01 17:08:49,2026-05-03 15:52:00,Priest BRZ,1,2026-05-07 22:51:35
Rock Island Tailrace CHN,2,G72844EED,2026-05-01 17:08:49,2026-05-03 15:52:00,Lower Ringold,1,2026-05-09 03:02:11
Rock Island Tailrace CHN,2,G72844EED,2026-05-01 17:08:49,2026-05-03 15:52:00,Hanford,1,2026-05-09 08:04:23
Rock Island Tailrace CHN,2,G72852DAE,2026-05-02 17:12:43,2026-05-04 15:47:00,Crescent Bar,1,2026-05-05 01:29:53
Rock Island Tailrace CHN,2,G72852DAE,2026-05-02 17:12:43,2026-05-04 15:47:00,Sunland,1,2026-05-05 11:42:59
Rock Island Tailrace CHN,2,G72852DAE,2026-05-02 17:12:43,2026-05-04 15:47:00,Wanapum BRZ,1,2026-05-06 19:08:41
Rock Island Tailrace CHN,2,G72852DAE,2026-05-02 17:12:43,2026-05-04 15:47:00,Mattawa,1,2026-05-06 21:39:25
Rock Island Tailrace CHN,2,G72852DAE,2026-05-02 17:12:43,2026-05-04 15:47:00,Priest BRZ,1,2026-05-07 07:19:22
Rock Island Tailrace CHN,2,G72852DAE,2026-05-02 17:12:43,2026-05-04 15:47:00,Lower Ringold,0,
Rock Island Tailrace CHN,2,G72852DAE,2026-05-02 17:12:43,2026-05-04 15:47:00,Hanford,0,
Rock Island Tailrace CHN,1,G72860F64,2026-05-05 16:03:24,2026-05-07 15:46:00,Crescent Bar,1,2026-05-07 21:29:25
Rock Island Tailrace CHN,1,G72860F64,2026-05-05 16:03:24,2026-05-07 15:46:00,Sunland,1,2026-05-08 07:20:32
Rock Island Tailrace CHN,1,G72860F64,2026-05-05 16:03:24,2026-05-07 15:46:00,Wanapum BRZ,0,
Rock Island Tailrace CHN,1,G72860F64,2026-05-05 16:03:24,2026-05-07 15:46:00,Mattawa,0,
Rock Island Tailrace CHN,1,G72860F64,2026-05-05 16:03:24,2026-05-07 15:46:00,Priest BRZ,0,
Rock Island Tailrace CHN,1,G72860F64,2026-05-05 16:03:24,2026-05-07 15:46:00,Lower Ringold,0,
Rock Island Tailrace CHN,1,G72860F64,2026-05-05 16:03:24,2026-05-07 15:46:00,Hanford,0,
Rock Island Tailrace CHN,3,G7286D6AF,2026-05-03 18:00:32,2026-05-05 16:45:00,Crescent Bar,1,2026-05-06 07:34:32
Rock Island Tailrace CHN,3,G7286D6AF,2026-05-03 18:00:32,2026-05-05 16:45:00,Sunland,1,2026-05-07 05:51:32
Rock Island Tailrace CHN,3,G7286D6AF,2026-05-03 18:00:32,2026-05-05 16:45:00,Wanapum BRZ,1,2026-05-09 13:01:40
Rock Island Tailrace CHN,3,G7286D6AF,2026-05-03 18:00:32,2026-05-05 16:45:00,Mattawa,1,2026-05-09 17:25:15
Rock Island Tailrace CHN,3,G7286D6AF,2026-05-03 18:00:32,2026-05-05 16:45:00,Priest BRZ,1,2026-05-10 07:20:16
Rock Island Tailrace CHN,3,G7286D6AF,2026-05-03 18:00:32,2026-05-05 16:45:00,Lower Ringold,1,2026-05-10 17:54:10
Rock Island Tailrace CHN,3,G7286D6AF,2026-05-03 18:00:32,2026-05-05 16:45:00,Hanford,1,2026-05-11 01:08:01
Rock Island Tailrace CHN,3,G7286E32E,2026-05-05 15:54:55,2026-05-07 15:46:00,Crescent Bar,1,2026-05-08 06:48:46
Rock Island Tailrace CHN,3,G7286E32E,2026-05-05 15:54:55,2026-05-07 15:46:00,Sunland,1,2026-05-09 12:12:32
Rock Island Tailrace CHN,3,G7286E32E,2026-05-05 15:54:55,2026-05-07 15:46:00,Wanapum BRZ,1,2026-05-10 11:45:02
Rock Island Tailrace CHN,3,G7286E32E,2026-05-05 15:54:55,2026-05-07 15:46:00,Mattawa,0,
Rock Island Tailrace CHN,3,G7286E32E,2026-05-05 15:54:55,2026-05-07 15:46:00,Priest BRZ,0,
Rock Island Tailrace CHN,3,G7286E32E,2026-05-05 15:54:55,2026-05-07 15:46:00,Lower Ringold,0,
Rock Island Tailrace CHN,3,G7286E32E,2026-05-05 15:54:55,2026-05-07 15:46:00,Hanford,0,
Rock Island Tailrace CHN,3,G72870762,2026-04-28 18:45:47,2026-04-30 15:42:00,Crescent Bar,1,2026-05-01 10:25:45
Rock Island Tailrace CHN,3,G72870762,2026-04-28 18:45:47,2026-04-30 15:42:00,Sunland,1,2026-05-01 22:05:36
Rock Island Tailrace CHN,3,G72870762,2026-04-28 18:45:47,2026-04-30 15:42:00,Wanapum BRZ,1,2026-05-03 01:54:01
Rock Island Tailrace CHN,3,G72870762,2026-04-28 18:45:47,2026-04-30 15:42:00,Mattawa,1,2026-05-03 07:22:08
Rock Island Tailrace CHN,3,G72870762,2026-04-28 18:45:47,2026-04-30 15:42:00,Priest BRZ,1,2026-05-04 03:37:24
Rock Island Tailrace CHN,3,G72870762,2026-04-28 18:45:47,2026-04-30 15:42:00,Lower Ringold,1,2026-05-04 15:57:55
Rock Island Tailrace CHN,3,G72870762,2026-04-28 18:45:47,2026-04-30 15:42:00,Hanford,1,2026-05-04 19:51:27
Rock Island Tailrace CHN,3,G72870A9F,2026-05-02 17:08:01,2026-05-04 15:47:00,Crescent Bar,1,2026-05-05 00:35:29
Rock Island Tailrace CHN,3,G72870A9F,2026-05-02 17:08:01,2026-05-04 15:47:00,Sunland,1,2026-05-06 09:06:46
Rock Island Tailrace CHN,3,G72870A9F,2026-05-02 17:08:01,2026-05-04 15:47:00,Wanapum BRZ,1,2026-05-08 13:19:53
Rock Island Tailrace CHN,3,G72870A9F,2026-05-02 17:08:01,2026-05-04 15:47:00,Mattawa,1,2026-05-08 19:10:48
Rock Island Tailrace CHN,3,G72870A9F,2026-05-02 17:08:01,2026-05-04 15:47:00,Priest BRZ,1,2026-05-10 03:47:17
Rock Island Tailrace CHN,3,G72870A9F,2026-05-02 17:08:01,2026-05-04 15:47:00,Lower Ringold,1,2026-05-11 02:46:31
Rock Island Tailrace CHN,3,G72870A9F,2026-05-02 17:08:01,2026-05-04 15:47:00,Hanford,1,2026-05-12 12:15:59
Rock Island Tailrace CHN,1,G7287C7A8,2026-04-29 16:06:37,2026-05-01 15:43:00,Crescent Bar,1,2026-05-01 21:40:11
Rock Island Tailrace CHN,1,G7287C7A8,2026-04-29 16:06:37,2026-05-01 15:43:00,Sunland,1,2026-05-02 08:06:38
Rock Island Tailrace CHN,1,G7287C7A8,2026-04-29 16:06:37,2026-05-01 15:43:00,Wanapum BRZ,1,2026-05-04 11:04:17
Rock Island Tailrace CHN,1,G7287C7A8,2026-04-29 16:06:37,2026-05-01 15:43:00,Mattawa,0,
Rock Island Tailrace CHN,1,G7287C7A8,2026-04-29 16:06:37,2026-05-01 15:43:00,Priest BRZ,0,
Rock Island Tailrace CHN,1,G7287C7A8,2026-04-29 16:06:37,2026-05-01 15:43:00,Lower Ringold,0,
Rock Island Tailrace CHN,1,G7287C7A8,2026-04-29 16:06:37,2026-05-01 15:43:00,Hanford,0,
Rock Island Tailrace CHN,1,G7287F4F4,2026-05-05 16:04:07,2026-05-07 15:46:00,Crescent Bar,1,2026-05-07 21:47:31
Rock Island Tailrace CHN,1,G7287F4F4,2026-05-05 16:04:07,2026-05-07 15:46:00,Sunland,1,2026-05-08 06:30:28
Rock Island Tailrace CHN,1,G7287F4F4,2026-05-05 16:04:07,2026-05-07 15:46:00,Wanapum BRZ,1,2026-05-10 05:51:00
Rock Island Tailrace CHN,1,G7287F4F4,2026-05-05 16:04:07,2026-05-07 15:46:00,Mattawa,1,2026-05-10 08:11:41
Rock Island Tailrace CHN,1,G7287F4F4,2026-05-05 16:04:07,2026-05-07 15:46:00,Priest BRZ,1,2026-05-11 00:05:56
Rock Island Tailrace CHN,1,G7287F4F4,2026-05-05 16:04:07,2026-05-07 15:46:00,Lower Ringold,1,2026-05-11 13:29:08
Rock Island Tailrace CHN,1,G7287F4F4,2026-05-05 16:04:07,2026-05-07 15:46:00,Hanford,1,2026-05-11 17:59:30
Rock Island Tailrace CHN,1,G7288FFCC,2026-05-05 15:45:00,2026-05-07 15:46:00,Crescent Bar,1,2026-05-07 23:00:43
Rock Island Tailrace CHN,1,G7288FFCC,2026-05-05 15:45:00,2026-05-07 15:46:00,Sunland,1,2026-05-08 11:49:49
Rock Island Tailrace CHN,1,G7288FFCC,2026-05-05 15:45:00,2026-05-07 15:46:00,Wanapum BRZ,1,2026-05-10 12:59:49
Rock Island Tailrace CHN,1,G7288FFCC,2026-05-05 15:45:00,2026-05-07 15:46:00,Mattawa,1,2026-05-10 17:21:33
Rock Island Tailrace CHN,1,G7288FFCC,2026-05-05 15:45:00,2026-05-07 15:46:00,Priest BRZ,1,2026-05-11 10:34:59
Rock Island Tailrace CHN,1,G7288FFCC,2026-05-05 15:45:00,2026-05-07 15:46:00,Lower Ringold,1,2026-05-12 05:31:44
Rock Island Tailrace CHN,1,G7288FFCC,2026-05-05 15:45:00,2026-05-07 15:46:00,Hanford,1,2026-05-12 08:54:12
Rock Island Tailrace CHN,1,G72890A43,2026-05-01 17:01:56,2026-05-03 15:52:00,Crescent Bar,1,2026-05-04 09:34:36
Rock Island Tailrace CHN,1,G72890A43,2026-05-01 17:01:56,2026-05-03 15:52:00,Sunland,0,
Rock Island Tailrace CHN,1,G72890A43,2026-05-01 17:01:56,2026-05-03 15:52:00,Wanapum BRZ,0,
Rock Island Tailrace CHN,1,G72890A43,2026-05-01 17:01:56,2026-05-03 15:52:00,Mattawa,0,
Rock Island Tailrace CHN,1,G72890A43,2026-05-01 17:01:56,2026-05-03 15:52:00,Priest BRZ,0,
Rock Island Tailrace CHN,1,G72890A43,2026-05-01 17:01:56,2026-05-03 15:52:00,Lower Ringold,0,
Rock Island Tailrace CHN,1,G72890A43,2026-05-01 17:01:56,2026-05-03 15:52:00,Hanford,0,
Rock Island Tailrace CHN,1,G728934E2,2026-05-02 16:46:14,2026-05-04 15:47:00,Crescent Bar,1,2026-05-05 04:21:34
Rock Island Tailrace CHN,1,G728934E2,2026-05-02 16:46:14,2026-05-04 15:47:00,Sunland,1,2026-05-06 05:20:36
Rock Island Tailrace CHN,1,G728934E2,2026-05-02 16:46:14,2026-05-04 15:47:00,Wanapum BRZ,1,2026-05-08 01:17:27
Rock Island Tailrace CHN,1,G728934E2,2026-05-02 16:46:14,2026-05-04 15:47:00,Mattawa,1,2026-05-08 12:28:51
Rock Island Tailrace CHN,1,G728934E2,2026-05-02 16:46:14,2026-05-04 15:47:00,Priest BRZ,1,2026-05-09 17:38:27
Rock Island Tailrace CHN,1,G728934E2,2026-05-02 16:46:14,2026-05-04 15:47:00,Lower Ringold,1,2026-05-10 07:22:38
Rock Island Tailrace CHN,1,G728934E2,2026-05-02 16:46:14,2026-05-04 15:47:00,Hanford,1,2026-05-10 10:13:59
Rock Island Tailrace CHN,1,G72896F19,2026-04-30 16:11:16,2026-05-02 16:02:00,Crescent Bar,1,2026-05-03 06:58:40
Rock Island Tailrace CHN,1,G72896F19,2026-04-30 16:11:16,2026-05-02 16:02:00,Sunland,1,2026-05-04 12:51:22
Rock Island Tailrace CHN,1,G72896F19,2026-04-30 16:11:16,2026-05-02 16:02:00,Wanapum BRZ,1,2026-05-06 12:35:23
Rock Island Tailrace CHN,1,G72896F19,2026-04-30 16:11:16,2026-05-02 16:02:00,Mattawa,0,
Rock Island Tailrace CHN,1,G72896F19,2026-04-30 16:11:16,2026-05-02 16:02:00,Priest BRZ,0,
Rock Island Tailrace CHN,1,G72896F19,2026-04-30 16:11:16,2026-05-02 16:02:00,Lower Ringold,0,
Rock Island Tailrace CHN,1,G72896F19,2026-04-30 16:11:16,2026-05-02 16:02:00,Hanford,0,
Rock Island Tailrace CHN,1,G7289892D,2026-05-04 16:30:54,2026-05-06 16:04:00,Crescent Bar,1,2026-05-06 22:59:57
Rock Island Tailrace CHN,1,G7289892D,2026-05-04 16:30:54,2026-05-06 16:04:00,Sunland,1,2026-05-07 12:56:11
Rock Island Tailrace CHN,1,G7289892D,2026-05-04 16:30:54,2026-05-06 16:04:00,Wanapum BRZ,1,2026-05-10 04:30:13
Rock Island Tailrace CHN,1,G7289892D,2026-05-04 16:30:54,2026-05-06 16:04:00,Mattawa,1,2026-05-10 07:26:29
Rock Island Tailrace CHN,1,G7289892D,2026-05-04 16:30:54,2026-05-06 16:04:00,Priest BRZ,1,2026-05-10 20:14:00
Rock Island Tailrace CHN,1,G7289892D,2026-05-04 16:30:54,2026-05-06 16:04:00,Lower Ringold,1,2026-05-12 14:50:37
Rock Island Tailrace CHN,1,G7289892D,2026-05-04 16:30:54,2026-05-06 16:04:00,Hanford,1,2026-05-12 19:38:38
Rock Island Tailrace CHN,1,G728BA53C,2026-04-28 18:46:23,2026-04-30 15:42:00,Crescent Bar,1,2026-05-02 01:36:37
Rock Island Tailrace CHN,1,G728BA53C,2026-04-28 18:46:23,2026-04-30 15:42:00,Sunland,1,2026-05-04 03:57:29
Rock Island Tailrace CHN,1,G728BA53C,2026-04-28 18:46:23,2026-04-30 15:42:00,Wanapum BRZ,1,2026-05-08 19:45:19
Rock Island Tailrace CHN,1,G728BA53C,2026-04-28 18:46:23,2026-04-30 15:42:00,Mattawa,1,2026-05-11 06:47:35
Rock Island Tailrace CHN,1,G728BA53C,2026-04-28 18:46:23,2026-04-30 15:42:00,Priest BRZ,1,2026-05-11 12:29:52
Rock Island Tailrace CHN,1,G728BA53C,2026-04-28 18:46:23,2026-04-30 15:42:00,Lower Ringold,1,2026-05-18 00:15:18
Rock Island Tailrace CHN,1,G728BA53C,2026-04-28 18:46:23,2026-04-30 15:42:00,Hanford,1,2026-05-18 03:59:31
Rock Island Tailrace CHN,1,G728BDFBA,2026-04-30 16:09:43,2026-05-02 16:02:00,Crescent Bar,1,2026-05-02 22:52:18
Rock Island Tailrace CHN,1,G728BDFBA,2026-04-30 16:09:43,2026-05-02 16:02:00,Sunland,1,2026-05-03 21:52:16
Rock Island Tailrace CHN,1,G728BDFBA,2026-04-30 16:09:43,2026-05-02 16:02:00,Wanapum BRZ,1,2026-05-05 15:25:29
Rock Island Tailrace CHN,1,G728BDFBA,2026-04-30 16:09:43,2026-05-02 16:02:00,Mattawa,1,2026-05-05 20:51:37
Rock Island Tailrace CHN,1,G728BDFBA,2026-04-30 16:09:43,2026-05-02 16:02:00,Priest BRZ,1,2026-05-06 13:34:57
Rock Island Tailrace CHN,1,G728BDFBA,2026-04-30 16:09:43,2026-05-02 16:02:00,Lower Ringold,1,2026-05-07 14:28:55
Rock Island Tailrace CHN,1,G728BDFBA,2026-04-30 16:09:43,2026-05-02 16:02:00,Hanford,1,2026-05-07 18:15:00
Rock Island Tailrace CHN,1,G728CBEEF,2026-05-02 16:34:59,2026-05-04 15:47:00,Crescent Bar,1,2026-05-05 08:39:41
Rock Island Tailrace CHN,1,G728CBEEF,2026-05-02 16:34:59,2026-05-04 15:47:00,Sunland,1,2026-05-06 20:58:02
Rock Island Tailrace CHN,1,G728CBEEF,2026-05-02 16:34:59,2026-05-04 15:47:00,Wanapum BRZ,1,2026-05-09 17:28:36
Rock Island Tailrace CHN,1,G728CBEEF,2026-05-02 16:34:59,2026-05-04 15:47:00,Mattawa,0,
Rock Island Tailrace CHN,1,G728CBEEF,2026-05-02 16:34:59,2026-05-04 15:47:00,Priest BRZ,0,
Rock Island Tailrace CHN,1,G728CBEEF,2026-05-02 16:34:59,2026-05-04 15:47:00,Lower Ringold,0,
Rock Island Tailrace CHN,1,G728CBEEF,2026-05-02 16:34:59,2026-05-04 15:47:00,Hanford,0,
Rock Island Tailrace CHN,3,G728D4CE3,2026-05-03 18:06:44,2026-05-05 16:45:00,Crescent Bar,1,2026-05-06 08:58:53
Rock Island Tailrace CHN,3,G728D4CE3,2026-05-03 18:06:44,2026-05-05 16:45:00,Sunland,1,2026-05-06 21:56:39
Rock Island Tailrace CHN,3,G728D4CE3,2026-05-03 18:06:44,2026-05-05 16:45:00,Wanapum BRZ,1,2026-05-08 05:57:19
Rock Island Tailrace CHN,3,G728D4CE3,2026-05-03 18:06:44,2026-05-05 16:45:00,Mattawa,1,2026-05-08 09:03:38
Rock Island Tailrace CHN,3,G728D4CE3,2026-05-03 18:06:44,2026-05-05 16:45:00,Priest BRZ,1,2026-05-09 01:06:53
Rock Island Tailrace CHN,3,G728D4CE3,2026-05-03 18:06:44,2026-05-05 16:45:00,Lower Ringold,1,2026-05-09 23:54:47
Rock Island Tailrace CHN,3,G728D4CE3,2026-05-03 18:06:44,2026-05-05 16:45:00,Hanford,1,2026-05-10 03:38:01
Rock Island Tailrace CHN,3,G728ED3E6,2026-05-04 15:54:23,2026-05-06 16:04:00,Crescent Bar,1,2026-05-07 08:08:28
Rock Island Tailrace CHN,3,G728ED3E6,2026-05-04 15:54:23,2026-05-06 16:04:00,Sunland,1,2026-05-08 07:26:49
Rock Island Tailrace CHN,3,G728ED3E6,2026-05-04 15:54:23,2026-05-06 16:04:00,Wanapum BRZ,1,2026-05-09 22:54:44
Rock Island Tailrace CHN,3,G728ED3E6,2026-05-04 15:54:23,2026-05-06 16:04:00,Mattawa,1,2026-05-10 02:20:48
Rock Island Tailrace CHN,3,G728ED3E6,2026-05-04 15:54:23,2026-05-06 16:04:00,Priest BRZ,1,2026-05-10 22:31:55
Rock Island Tailrace CHN,3,G728ED3E6,2026-05-04 15:54:23,2026-05-06 16:04:00,Lower Ringold,1,2026-05-11 23:28:11
Rock Island Tailrace CHN,3,G728ED3E6,2026-05-04 15:54:23,2026-05-06 16:04:00,Hanford,1,2026-05-12 12:05:30
Rock Island Tailrace CHN,3,G728F0375,2026-04-29 16:08:55,2026-05-01 15:43:00,Crescent Bar,1,2026-05-03 04:29:53
Rock Island Tailrace CHN,3,G728F0375,2026-04-29 16:08:55,2026-05-01 15:43:00,Sunland,1,2026-05-04 07:41:14
Rock Island Tailrace CHN,3,G728F0375,2026-04-29 16:08:55,2026-05-01 15:43:00,Wanapum BRZ,1,2026-05-06 22:51:43
Rock Island Tailrace CHN,3,G728F0375,2026-04-29 16:08:55,2026-05-01 15:43:00,Mattawa,1,2026-05-07 08:52:50
Rock Island Tailrace CHN,3,G728F0375,2026-04-29 16:08:55,2026-05-01 15:43:00,Priest BRZ,1,2026-05-08 02:32:54
Rock Island Tailrace CHN,3,G728F0375,2026-04-29 16:08:55,2026-05-01 15:43:00,Lower Ringold,1,2026-05-08 18:01:54
Rock Island Tailrace CHN,3,G728F0375,2026-04-29 16:08:55,2026-05-01 15:43:00,Hanford,1,2026-05-08 21:45:36
Rock Island Tailrace CHN,3,G728FFFA2,2026-04-29 16:10:47,2026-05-01 15:43:00,Crescent Bar,1,2026-05-01 21:24:24
Rock Island Tailrace CHN,3,G728FFFA2,2026-04-29 16:10:47,2026-05-01 15:43:00,Sunland,1,2026-05-02 13:34:18
Rock Island Tailrace CHN,3,G728FFFA2,2026-04-29 16:10:47,2026-05-01 15:43:00,Wanapum BRZ,1,2026-05-04 14:12:07
Rock Island Tailrace CHN,3,G728FFFA2,2026-04-29 16:10:47,2026-05-01 15:43:00,Mattawa,1,2026-05-04 18:55:09
Rock Island Tailrace CHN,3,G728FFFA2,2026-04-29 16:10:47,2026-05-01 15:43:00,Priest BRZ,1,2026-05-05 07:08:31
Rock Island Tailrace CHN,3,G728FFFA2,2026-04-29 16:10:47,2026-05-01 15:43:00,Lower Ringold,1,2026-05-06 08:44:19
Rock Island Tailrace CHN,3,G728FFFA2,2026-04-29 16:10:47,2026-05-01 15:43:00,Hanford,1,2026-05-06 11:27:47
Rock Island Tailrace CHN,1,G7291D773,2026-05-02 17:09:07,2026-05-04 15:47:00,Crescent Bar,1,2026-05-05 06:57:01
Rock Island Tailrace CHN,1,G7291D773,2026-05-02 17:09:07,2026-05-04 15:47:00,Sunland,1,2026-05-05 19:08:21
Rock Island Tailrace CHN,1,G7291D773,2026-05-02 17:09:07,2026-05-04 15:47:00,Wanapum BRZ,1,2026-05-08 07:18:37
Rock Island Tailrace CHN,1,G7291D773,2026-05-02 17:09:07,2026-05-04 15:47:00,Mattawa,1,2026-05-11 02:54:08
Rock Island Tailrace CHN,1,G7291D773,2026-05-02 17:09:07,2026-05-04 15:47:00,Priest BRZ,1,2026-05-11 16:53:58
Rock Island Tailrace CHN,1,G7291D773,2026-05-02 17:09:07,2026-05-04 15:47:00,Lower Ringold,1,2026-05-12 12:04:58
Rock Island Tailrace CHN,1,G7291D773,2026-05-02 17:09:07,2026-05-04 15:47:00,Hanford,1,2026-05-13 06:21:54
Rock Island Tailrace CHN,1,G7291D96C,2026-04-30 16:10:57,2026-05-02 16:02:00,Crescent Bar,1,2026-05-03 16:30:38
Rock Island Tailrace CHN,1,G7291D96C,2026-04-30 16:10:57,2026-05-02 16:02:00,Sunland,1,2026-05-04 14:47:06
Rock Island Tailrace CHN,1,G7291D96C,2026-04-30 16:10:57,2026-05-02 16:02:00,Wanapum BRZ,1,2026-05-07 07:32:05
Rock Island Tailrace CHN,1,G7291D96C,2026-04-30 16:10:57,2026-05-02 16:02:00,Mattawa,1,2026-05-07 11:36:20
Rock Island Tailrace CHN,1,G7291D96C,2026-04-30 16:10:57,2026-05-02 16:02:00,Priest BRZ,1,2026-05-07 20:14:12
Rock Island Tailrace CHN,1,G7291D96C,2026-04-30 16:10:57,2026-05-02 16:02:00,Lower Ringold,1,2026-05-08 09:50:12
Rock Island Tailrace CHN,1,G7291D96C,2026-04-30 16:10:57,2026-05-02 16:02:00,Hanford,1,2026-05-08 13:31:45
Rock Island Tailrace CHN,1,G72927154,2026-04-28 18:47:45,2026-04-30 15:42:00,Crescent Bar,1,2026-05-01 04:54:49
Rock Island Tailrace CHN,1,G72927154,2026-04-28 18:47:45,2026-04-30 15:42:00,Sunland,1,2026-05-01 15:48:46
Rock Island Tailrace CHN,1,G72927154,2026-04-28 18:47:45,2026-04-30 15:42:00,Wanapum BRZ,1,2026-05-03 09:30:16
Rock Island Tailrace CHN,1,G72927154,2026-04-28 18:47:45,2026-04-30 15:42:00,Mattawa,1,2026-05-03 12:32:46
Rock Island Tailrace CHN,1,G72927154,2026-04-28 18:47:45,2026-04-30 15:42:00,Priest BRZ,0,
Rock Island Tailrace CHN,1,G72927154,2026-04-28 18:47:45,2026-04-30 15:42:00,Lower Ringold,0,
Rock Island Tailrace CHN,1,G72927154,2026-04-28 18:47:45,2026-04-30 15:42:00,Hanford,0,
Rock Island Tailrace CHN,1,G7293BE1B,2026-05-02 16:57:59,2026-05-04 15:47:00,Crescent Bar,1,2026-05-05 06:39:39
Rock Island Tailrace CHN,1,G7293BE1B,2026-05-02 16:57:59,2026-05-04 15:47:00,Sunland,1,2026-05-06 10:02:37
Rock Island Tailrace CHN,1,G7293BE1B,2026-05-02 16:57:59,2026-05-04 15:47:00,Wanapum BRZ,1,2026-05-09 02:35:55
Rock Island Tailrace CHN,1,G7293BE1B,2026-05-02 16:57:59,2026-05-04 15:47:00,Mattawa,1,2026-05-09 05:25:46
Rock Island Tailrace CHN,1,G7293BE1B,2026-05-02 16:57:59,2026-05-04 15:47:00,Priest BRZ,1,2026-05-09 16:29:00
Rock Island Tailrace CHN,1,G7293BE1B,2026-05-02 16:57:59,2026-05-04 15:47:00,Lower Ringold,1,2026-05-10 05:02:59
Rock Island Tailrace CHN,1,G7293BE1B,2026-05-02 16:57:59,2026-05-04 15:47:00,Hanford,1,2026-05-10 08:21:48
Rock Island Tailrace CHN,1,G7294988B,2026-05-03 17:43:51,2026-05-05 16:45:00,Crescent Bar,1,2026-05-06 02:04:07
Rock Island Tailrace CHN,1,G7294988B,2026-05-03 17:43:51,2026-05-05 16:45:00,Sunland,1,2026-05-06 11:21:57
Rock Island Tailrace CHN,1,G7294988B,2026-05-03 17:43:51,2026-05-05 16:45:00,Wanapum BRZ,1,2026-05-11 11:33:12
Rock Island Tailrace CHN,1,G7294988B,2026-05-03 17:43:51,2026-05-05 16:45:00,Mattawa,1,2026-05-18 08:47:51
Rock Island Tailrace CHN,1,G7294988B,2026-05-03 17:43:51,2026-05-05 16:45:00,Priest BRZ,1,2026-05-18 15:55:54
Rock Island Tailrace CHN,1,G7294988B,2026-05-03 17:43:51,2026-05-05 16:45:00,Lower Ringold,1,2026-05-19 08:02:47
Rock Island Tailrace CHN,1,G7294988B,2026-05-03 17:43:51,2026-05-05 16:45:00,Hanford,1,2026-05-19 11:08:59
Rock Island Tailrace CHN,1,G729766B5,2026-04-28 19:17:25,2026-04-30 15:42:00,Crescent Bar,1,2026-04-30 22:58:47
Rock Island Tailrace CHN,1,G729766B5,2026-04-28 19:17:25,2026-04-30 15:42:00,Sunland,1,2026-05-02 08:06:31
Rock Island Tailrace CHN,1,G729766B5,2026-04-28 19:17:25,2026-04-30 15:42:00,Wanapum BRZ,1,2026-05-04 03:02:45
Rock Island Tailrace CHN,1,G729766B5,2026-04-28 19:17:25,2026-04-30 15:42:00,Mattawa,1,2026-05-15 12:08:25
Rock Island Tailrace CHN,1,G729766B5,2026-04-28 19:17:25,2026-04-30 15:42:00,Priest BRZ,1,2026-05-15 20:04:25
Rock Island Tailrace CHN,1,G729766B5,2026-04-28 19:17:25,2026-04-30 15:42:00,Lower Ringold,1,2026-05-16 08:48:41
Rock Island Tailrace CHN,1,G729766B5,2026-04-28 19:17:25,2026-04-30 15:42:00,Hanford,1,2026-05-17 04:21:27
Rock Island Tailrace CHN,3,G7298136A,2026-04-28 18:58:11,2026-04-30 15:42:00,Crescent Bar,1,2026-05-01 12:04:40
Rock Island Tailrace CHN,3,G7298136A,2026-04-28 18:58:11,2026-04-30 15:42:00,Sunland,1,2026-05-02 10:24:55
Rock Island Tailrace CHN,3,G7298136A,2026-04-28 18:58:11,2026-04-30 15:42:00,Wanapum BRZ,1,2026-05-07 18:35:11
Rock Island Tailrace CHN,3,G7298136A,2026-04-28 18:58:11,2026-04-30 15:42:00,Mattawa,1,2026-05-07 23:58:03
Rock Island Tailrace CHN,3,G7298136A,2026-04-28 18:58:11,2026-04-30 15:42:00,Priest BRZ,1,2026-05-09 13:11:29
Rock Island Tailrace CHN,3,G7298136A,2026-04-28 18:58:11,2026-04-30 15:42:00,Lower Ringold,1,2026-05-10 10:13:31
Rock Island Tailrace CHN,3,G7298136A,2026-04-28 18:58:11,2026-04-30 15:42:00,Hanford,1,2026-05-10 13:12:56
Rock Island Tailrace CHN,3,G7298748C,2026-05-05 16:20:54,2026-05-07 15:46:00,Crescent Bar,1,2026-05-08 06:08:33
Rock Island Tailrace CHN,3,G7298748C,2026-05-05 16:20:54,2026-05-07 15:46:00,Sunland,1,2026-05-09 03:59:18
Rock Island Tailrace CHN,3,G7298748C,2026-05-05 16:20:54,2026-05-07 15:46:00,Wanapum BRZ,1,2026-05-10 05:56:41
Rock Island Tailrace CHN,3,G7298748C,2026-05-05 16:20:54,2026-05-07 15:46:00,Mattawa,1,2026-05-10 08:51:24
Rock Island Tailrace CHN,3,G7298748C,2026-05-05 16:20:54,2026-05-07 15:46:00,Priest BRZ,1,2026-05-10 20:57:16
Rock Island Tailrace CHN,3,G7298748C,2026-05-05 16:20:54,2026-05-07 15:46:00,Lower Ringold,1,2026-05-11 17:49:07
Rock Island Tailrace CHN,3,G7298748C,2026-05-05 16:20:54,2026-05-07 15:46:00,Hanford,1,2026-05-11 22:08:52
Rock Island Tailrace CHN,1,G729A0659,2026-05-03 18:13:48,2026-05-05 16:45:00,Crescent Bar,1,2026-05-06 06:19:30
Rock Island Tailrace CHN,1,G729A0659,2026-05-03 18:13:48,2026-05-05 16:45:00,Sunland,1,2026-05-07 07:33:44
Rock Island Tailrace CHN,1,G729A0659,2026-05-03 18:13:48,2026-05-05 16:45:00,Wanapum BRZ,1,2026-05-08 17:25:09
Rock Island Tailrace CHN,1,G729A0659,2026-05-03 18:13:48,2026-05-05 16:45:00,Mattawa,1,2026-05-08 21:41:14
Rock Island Tailrace CHN,1,G729A0659,2026-05-03 18:13:48,2026-05-05 16:45:00,Priest BRZ,1,2026-05-09 14:02:14
Rock Island Tailrace CHN,1,G729A0659,2026-05-03 18:13:48,2026-05-05 16:45:00,Lower Ringold,1,2026-05-10 09:44:03
Rock Island Tailrace CHN,1,G729A0659,2026-05-03 18:13:48,2026-05-05 16:45:00,Hanford,1,2026-05-10 12:47:45
Rock Island Tailrace CHN,1,G729A0846,2026-05-02 17:02:03,2026-05-04 15:47:00,Crescent Bar,1,2026-05-05 08:51:37
Rock Island Tailrace CHN,1,G729A0846,2026-05-02 17:02:03,2026-05-04 15:47:00,Sunland,1,2026-05-06 06:31:15
Rock Island Tailrace CHN,1,G729A0846,2026-05-02 17:02:03,2026-05-04 15:47:00,Wanapum BRZ,1,2026-05-08 18:40:18
Rock Island Tailrace CHN,1,G729A0846,2026-05-02 17:02:03,2026-05-04 15:47:00,Mattawa,1,2026-05-09 00:43:21
Rock Island Tailrace CHN,1,G729A0846,2026-05-02 17:02:03,2026-05-04 15:47:00,Priest BRZ,1,2026-05-09 23:26:47
Rock Island Tailrace CHN,1,G729A0846,2026-05-02 17:02:03,2026-05-04 15:47:00,Lower Ringold,1,2026-05-10 11:38:50
Rock Island Tailrace CHN,1,G729A0846,2026-05-02 17:02:03,2026-05-04 15:47:00,Hanford,1,2026-05-10 15:04:29
Rock Island Tailrace CHN,3,G729B377D,2026-05-02 16:43:29,2026-05-04 15:47:00,Crescent Bar,1,2026-05-05 04:36:11
Rock Island Tailrace CHN,3,G729B377D,2026-05-02 16:43:29,2026-05-04 15:47:00,Sunland,1,2026-05-05 13:41:59
Rock Island Tailrace CHN,3,G729B377D,2026-05-02 16:43:29,2026-05-04 15:47:00,Wanapum BRZ,1,2026-05-06 15:25:02
Rock Island Tailrace CHN,3,G729B377D,2026-05-02 16:43:29,2026-05-04 15:47:00,Mattawa,0,
Rock Island Tailrace CHN,3,G729B377D,2026-05-02 16:43:29,2026-05-04 15:47:00,Priest BRZ,0,
Rock Island Tailrace CHN,3,G729B377D,2026-05-02 16:43:29,2026-05-04 15:47:00,Lower Ringold,0,
Rock Island Tailrace CHN,3,G729B377D,2026-05-02 16:43:29,2026-05-04 15:47:00,Hanford,0,
Rock Island Tailrace CHN,2,G729C6889,2026-05-04 16:25:57,2026-05-06 16:04:00,Crescent Bar,1,2026-05-07 06:53:19
Rock Island Tailrace CHN,2,G729C6889,2026-05-04 16:25:57,2026-05-06 16:04:00,Sunland,1,2026-05-07 18:26:53
Rock Island Tailrace CHN,2,G729C6889,2026-05-04 16:25:57,2026-05-06 16:04:00,Wanapum BRZ,1,2026-05-10 01:44:43
Rock Island Tailrace CHN,2,G729C6889,2026-05-04 16:25:57,2026-05-06 16:04:00,Mattawa,1,2026-05-10 06:43:06
Rock Island Tailrace CHN,2,G729C6889,2026-05-04 16:25:57,2026-05-06 16:04:00,Priest BRZ,1,2026-05-10 23:48:31
Rock Island Tailrace CHN,2,G729C6889,2026-05-04 16:25:57,2026-05-06 16:04:00,Lower Ringold,1,2026-05-11 12:34:43
Rock Island Tailrace CHN,2,G729C6889,2026-05-04 16:25:57,2026-05-06 16:04:00,Hanford,1,2026-05-11 23:22:35
Rock Island Tailrace CHN,1,G729D3896,2026-05-03 18:11:48,2026-05-05 16:45:00,Crescent Bar,1,2026-05-06 03:02:29
Rock Island Tailrace CHN,1,G729D3896,2026-05-03 18:11:48,2026-05-05 16:45:00,Sunland,1,2026-05-06 12:16:40
Rock Island Tailrace CHN,1,G729D3896,2026-05-03 18:11:48,2026-05-05 16:45:00,Wanapum BRZ,1,2026-05-07 23:14:58
Rock Island Tailrace CHN,1,G729D3896,2026-05-03 18:11:48,2026-05-05 16:45:00,Mattawa,1,2026-05-09 06:49:54
Rock Island Tailrace CHN,1,G729D3896,2026-05-03 18:11:48,2026-05-05 16:45:00,Priest BRZ,1,2026-05-10 01:32:03
Rock Island Tailrace CHN,1,G729D3896,2026-05-03 18:11:48,2026-05-05 16:45:00,Lower Ringold,1,2026-05-10 18:00:24
Rock Island Tailrace CHN,1,G729D3896,2026-05-03 18:11:48,2026-05-05 16:45:00,Hanford,1,2026-05-10 21:26:04
Rock Island Tailrace CHN,1,G729DEA7D,2026-04-29 16:15:15,2026-05-01 15:43:00,Crescent Bar,1,2026-05-03 08:26:07
Rock Island Tailrace CHN,1,G729DEA7D,2026-04-29 16:15:15,2026-05-01 15:43:00,Sunland,1,2026-05-05 03:57:32
Rock Island Tailrace CHN,1,G729DEA7D,2026-04-29 16:15:15,2026-05-01 15:43:00,Wanapum BRZ,1,2026-05-08 05:50:30
Rock Island Tailrace CHN,1,G729DEA7D,2026-04-29 16:15:15,2026-05-01 15:43:00,Mattawa,1,2026-05-08 09:00:07
Rock Island Tailrace CHN,1,G729DEA7D,2026-04-29 16:15:15,2026-05-01 15:43:00,Priest BRZ,1,2026-05-09 04:03:56
Rock Island Tailrace CHN,1,G729DEA7D,2026-04-29 16:15:15,2026-05-01 15:43:00,Lower Ringold,1,2026-05-09 17:42:34
Rock Island Tailrace CHN,1,G729DEA7D,2026-04-29 16:15:15,2026-05-01 15:43:00,Hanford,1,2026-05-09 22:26:35
Rock Island Tailrace CHN,2,G729E0580,2026-04-30 16:13:04,2026-05-02 16:02:00,Crescent Bar,1,2026-05-03 01:06:39
Rock Island Tailrace CHN,2,G729E0580,2026-04-30 16:13:04,2026-05-02 16:02:00,Sunland,1,2026-05-03 10:06:44
Rock Island Tailrace CHN,2,G729E0580,2026-04-30 16:13:04,2026-05-02 16:02:00,Wanapum BRZ,1,2026-05-05 19:50:47
Rock Island Tailrace CHN,2,G729E0580,2026-04-30 16:13:04,2026-05-02 16:02:00,Mattawa,1,2026-05-24 02:34:39
Rock Island Tailrace CHN,2,G729E0580,2026-04-30 16:13:04,2026-05-02 16:02:00,Priest BRZ,1,2026-05-24 13:29:26
Rock Island Tailrace CHN,2,G729E0580,2026-04-30 16:13:04,2026-05-02 16:02:00,Lower Ringold,1,2026-05-25 09:05:26
Rock Island Tailrace CHN,2,G729E0580,2026-04-30 16:13:04,2026-05-02 16:02:00,Hanford,0,
Rock Island Tailrace CHN,3,G729E9673,2026-04-28 19:15:42,2026-04-30 15:42:00,Crescent Bar,1,2026-05-01 06:00:09
Rock Island Tailrace CHN,3,G729E9673,2026-04-28 19:15:42,2026-04-30 15:42:00,Sunland,1,2026-05-01 19:31:26
Rock Island Tailrace CHN,3,G729E9673,2026-04-28 19:15:42,2026-04-30 15:42:00,Wanapum BRZ,1,2026-05-03 10:03:51
Rock Island Tailrace CHN,3,G729E9673,2026-04-28 19:15:42,2026-04-30 15:42:00,Mattawa,1,2026-05-03 12:27:37
Rock Island Tailrace CHN,3,G729E9673,2026-04-28 19:15:42,2026-04-30 15:42:00,Priest BRZ,1,2026-05-03 21:56:06
Rock Island Tailrace CHN,3,G729E9673,2026-04-28 19:15:42,2026-04-30 15:42:00,Lower Ringold,1,2026-05-04 17:41:25
Rock Island Tailrace CHN,3,G729E9673,2026-04-28 19:15:42,2026-04-30 15:42:00,Hanford,1,2026-05-04 21:13:35
Rock Island Tailrace CHN,3,G729EE9CA,2026-04-29 16:28:00,2026-05-01 15:43:00,Crescent Bar,1,2026-05-03 04:39:30
Rock Island Tailrace CHN,3,G729EE9CA,2026-04-29 16:28:00,2026-05-01 15:43:00,Sunland,1,2026-05-03 16:20:13
Rock Island Tailrace CHN,3,G729EE9CA,2026-04-29 16:28:00,2026-05-01 15:43:00,Wanapum BRZ,1,2026-05-06 22:04:16
Rock Island Tailrace CHN,3,G729EE9CA,2026-04-29 16:28:00,2026-05-01 15:43:00,Mattawa,1,2026-05-07 01:03:24
Rock Island Tailrace CHN,3,G729EE9CA,2026-04-29 16:28:00,2026-05-01 15:43:00,Priest BRZ,1,2026-05-07 19:08:44
Rock Island Tailrace CHN,3,G729EE9CA,2026-04-29 16:28:00,2026-05-01 15:43:00,Lower Ringold,1,2026-05-08 07:54:51
Rock Island Tailrace CHN,3,G729EE9CA,2026-04-29 16:28:00,2026-05-01 15:43:00,Hanford,1,2026-05-08 11:54:28
Rock Island Tailrace CHN,2,G72A1F77D,2026-04-29 16:00:30,2026-05-01 15:43:00,Crescent Bar,1,2026-05-04 08:21:07
Rock Island Tailrace CHN,2,G72A1F77D,2026-04-29 16:00:30,2026-05-01 15:43:00,Sunland,1,2026-05-05 09:18:59
Rock Island Tailrace CHN,2,G72A1F77D,2026-04-29 16:00:30,2026-05-01 15:43:00,Wanapum BRZ,1,2026-05-08 21:41:12
Rock Island Tailrace CHN,2,G72A1F77D,2026-04-29 16:00:30,2026-05-01 15:43:00,Mattawa,1,2026-05-09 08:13:20
Rock Island Tailrace CHN,2,G72A1F77D,2026-04-29 16:00:30,2026-05-01 15:43:00,Priest BRZ,1,2026-05-10 00:35:38
Rock Island Tailrace CHN,2,G72A1F77D,2026-04-29 16:00:30,2026-05-01 15:43:00,Lower Ringold,1,2026-05-12 08:25:44
Rock Island Tailrace CHN,2,G72A1F77D,2026-04-29 16:00:30,2026-05-01 15:43:00,Hanford,1,2026-05-12 11:49:31
Rock Island Tailrace CHN,3,G72A4C4DE,2026-04-29 16:21:33,2026-05-01 15:43:00,Crescent Bar,1,2026-05-01 22:01:05
Rock Island Tailrace CHN,3,G72A4C4DE,2026-04-29 16:21:33,2026-05-01 15:43:00,Sunland,1,2026-05-03 08:58:23
Rock Island Tailrace CHN,3,G72A4C4DE,2026-04-29 16:21:33,2026-05-01 15:43:00,Wanapum BRZ,0,
Rock Island Tailrace CHN,3,G72A4C4DE,2026-04-29 16:21:33,2026-05-01 15:43:00,Mattawa,0,
Rock Island Tailrace CHN,3,G72A4C4DE,2026-04-29 16:21:33,2026-05-01 15:43:00,Priest BRZ,0,
Rock Island Tailrace CHN,3,G72A4C4DE,2026-04-29 16:21:33,2026-05-01 15:43:00,Lower Ringold,0,
Rock Island Tailrace CHN,3,G72A4C4DE,2026-04-29 16:21:33,2026-05-01 15:43:00,Hanford,0,
Rock Island Tailrace CHN,3,G72A4CAC1,2026-05-04 17:41:14,2026-05-06 16:04:00,Crescent Bar,1,2026-05-07 23:28:39
Rock Island Tailrace CHN,3,G72A4CAC1,2026-05-04 17:41:14,2026-05-06 16:04:00,Sunland,1,2026-05-08 07:53:27
Rock Island Tailrace CHN,3,G72A4CAC1,2026-05-04 17:41:14,2026-05-06 16:04:00,Wanapum BRZ,1,2026-05-09 18:18:04
Rock Island Tailrace CHN,3,G72A4CAC1,2026-05-04 17:41:14,2026-05-06 16:04:00,Mattawa,1,2026-05-09 23:06:09
Rock Island Tailrace CHN,3,G72A4CAC1,2026-05-04 17:41:14,2026-05-06 16:04:00,Priest BRZ,1,2026-05-10 08:21:37
Rock Island Tailrace CHN,3,G72A4CAC1,2026-05-04 17:41:14,2026-05-06 16:04:00,Lower Ringold,1,2026-05-11 08:56:48
Rock Island Tailrace CHN,3,G72A4CAC1,2026-05-04 17:41:14,2026-05-06 16:04:00,Hanford,1,2026-05-11 11:50:59
Rock Island Tailrace CHN,3,G72A51A52,2026-05-05 15:37:48,2026-05-07 15:46:00,Crescent Bar,1,2026-05-08 02:07:50
Rock Island Tailrace CHN,3,G72A51A52,2026-05-05 15:37:48,2026-05-07 15:46:00,Sunland,1,2026-05-08 18:09:52
Rock Island Tailrace CHN,3,G72A51A52,2026-05-05 15:37:48,2026-05-07 15:46:00,Wanapum BRZ,1,2026-05-12 17:39:41
Rock Island Tailrace CHN,3,G72A51A52,2026-05-05 15:37:48,2026-05-07 15:46:00,Mattawa,1,2026-05-15 08:44:07
Rock Island Tailrace CHN,3,G72A51A52,2026-05-05 15:37:48,2026-05-07 15:46:00,Priest BRZ,1,2026-05-15 16:32:40
Rock Island Tailrace CHN,3,G72A51A52,2026-05-05 15:37:48,2026-05-07 15:46:00,Lower Ringold,1,2026-05-16 06:13:39
Rock Island Tailrace CHN,3,G72A51A52,2026-05-05 15:37:48,2026-05-07 15:46:00,Hanford,1,2026-05-16 09:16:18
Rock Island Tailrace CHN,3,G72A57428,2026-04-28 18:49:03,2026-04-30 15:42:00,Crescent Bar,1,2026-04-30 23:26:43
Rock Island Tailrace CHN,3,G72A57428,2026-04-28 18:49:03,2026-04-30 15:42:00,Sunland,1,2026-05-01 19:47:26
Rock Island Tailrace CHN,3,G72A57428,2026-04-28 18:49:03,2026-04-30 15:42:00,Wanapum BRZ,1,2026-05-03 21:25:45
Rock Island Tailrace CHN,3,G72A57428,2026-04-28 18:49:03,2026-04-30 15:42:00,Mattawa,1,2026-05-04 08:12:47
Rock Island Tailrace CHN,3,G72A57428,2026-04-28 18:49:03,2026-04-30 15:42:00,Priest BRZ,1,2026-05-04 17:14:47
Rock Island Tailrace CHN,3,G72A57428,2026-04-28 18:49:03,2026-04-30 15:42:00,Lower Ringold,1,2026-05-05 05:45:36
Rock Island Tailrace CHN,3,G72A57428,2026-04-28 18:49:03,2026-04-30 15:42:00,Hanford,1,2026-05-05 08:28:33
Rock Island Tailrace CHN,3,G72A5E106,2026-05-03 17:57:11,2026-05-05 16:45:00,Crescent Bar,1,2026-05-06 12:11:40
Rock Island Tailrace CHN,3,G72A5E106,2026-05-03 17:57:11,2026-05-05 16:45:00,Sunland,1,2026-05-07 12:27:42
Rock Island Tailrace CHN,3,G72A5E106,2026-05-03 17:57:11,2026-05-05 16:45:00,Wanapum BRZ,1,2026-05-09 01:55:09
Rock Island Tailrace CHN,3,G72A5E106,2026-05-03 17:57:11,2026-05-05 16:45:00,Mattawa,0,
Rock Island Tailrace CHN,3,G72A5E106,2026-05-03 17:57:11,2026-05-05 16:45:00,Priest BRZ,0,
Rock Island Tailrace CHN,3,G72A5E106,2026-05-03 17:57:11,2026-05-05 16:45:00,Lower Ringold,0,
Rock Island Tailrace CHN,3,G72A5E106,2026-05-03 17:57:11,2026-05-05 16:45:00,Hanford,0,
Rock Island Tailrace CHN,3,G72A5FABB,2026-05-02 16:34:07,2026-05-04 15:47:00,Crescent Bar,1,2026-05-05 00:32:11
Rock Island Tailrace CHN,3,G72A5FABB,2026-05-02 16:34:07,2026-05-04 15:47:00,Sunland,1,2026-05-05 21:21:27
Rock Island Tailrace CHN,3,G72A5FABB,2026-05-02 16:34:07,2026-05-04 15:47:00,Wanapum BRZ,1,2026-05-07 07:48:36
Rock Island Tailrace CHN,3,G72A5FABB,2026-05-02 16:34:07,2026-05-04 15:47:00,Mattawa,1,2026-05-07 10:42:27
Rock Island Tailrace CHN,3,G72A5FABB,2026-05-02 16:34:07,2026-05-04 15:47:00,Priest BRZ,1,2026-05-08 00:35:04
Rock Island Tailrace CHN,3,G72A5FABB,2026-05-02 16:34:07,2026-05-04 15:47:00,Lower Ringold,1,2026-05-09 08:09:40
Rock Island Tailrace CHN,3,G72A5FABB,2026-05-02 16:34:07,2026-05-04 15:47:00,Hanford,1,2026-05-09 11:45:40
Rock Island Tailrace CHN,3,G72A60FA5,2026-04-28 18:49:48,2026-04-30 15:42:00,Crescent Bar,1,2026-04-30 23:54:16
Rock Island Tailrace CHN,3,G72A60FA5,2026-04-28 18:49:48,2026-04-30 15:42:00,Sunland,1,2026-05-01 10:24:33
Rock Island Tailrace CHN,3,G72A60FA5,2026-04-28 18:49:48,2026-04-30 15:42:00,Wanapum BRZ,1,2026-05-03 09:30:26
Rock Island Tailrace CHN,3,G72A60FA5,2026-04-28 18:49:48,2026-04-30 15:42:00,Mattawa,1,2026-05-08 17:50:24
Rock Island Tailrace CHN,3,G72A60FA5,2026-04-28 18:49:48,2026-04-30 15:42:00,Priest BRZ,1,2026-05-09 10:57:36
Rock Island Tailrace CHN,3,G72A60FA5,2026-04-28 18:49:48,2026-04-30 15:42:00,Lower Ringold,1,2026-05-09 23:31:19
Rock Island Tailrace CHN,3,G72A60FA5,2026-04-28 18:49:48,2026-04-30 15:42:00,Hanford,1,2026-05-10 03:12:53
Rock Island Tailrace CHN,3,G72A6DB93,2026-04-30 16:07:48,2026-05-02 16:02:00,Crescent Bar,1,2026-05-02 21:17:47
Rock Island Tailrace CHN,3,G72A6DB93,2026-04-30 16:07:48,2026-05-02 16:02:00,Sunland,1,2026-05-03 06:22:38
Rock Island Tailrace CHN,3,G72A6DB93,2026-04-30 16:07:48,2026-05-02 16:02:00,Wanapum BRZ,1,2026-05-05 01:13:54
Rock Island Tailrace CHN,3,G72A6DB93,2026-04-30 16:07:48,2026-05-02 16:02:00,Mattawa,0,
Rock Island Tailrace CHN,3,G72A6DB93,2026-04-30 16:07:48,2026-05-02 16:02:00,Priest BRZ,0,
Rock Island Tailrace CHN,3,G72A6DB93,2026-04-30 16:07:48,2026-05-02 16:02:00,Lower Ringold,0,
Rock Island Tailrace CHN,3,G72A6DB93,2026-04-30 16:07:48,2026-05-02 16:02:00,Hanford,0,
Rock Island Tailrace CHN,2,G72A97465,2026-05-01 16:56:43,2026-05-03 15:52:00,Crescent Bar,1,2026-05-05 05:16:49
Rock Island Tailrace CHN,2,G72A97465,2026-05-01 16:56:43,2026-05-03 15:52:00,Sunland,1,2026-05-06 08:10:01
Rock Island Tailrace CHN,2,G72A97465,2026-05-01 16:56:43,2026-05-03 15:52:00,Wanapum BRZ,1,2026-05-08 22:41:45
Rock Island Tailrace CHN,2,G72A97465,2026-05-01 16:56:43,2026-05-03 15:52:00,Mattawa,1,2026-05-09 06:15:48
Rock Island Tailrace CHN,2,G72A97465,2026-05-01 16:56:43,2026-05-03 15:52:00,Priest BRZ,1,2026-05-09 19:24:07
Rock Island Tailrace CHN,2,G72A97465,2026-05-01 16:56:43,2026-05-03 15:52:00,Lower Ringold,0,
Rock Island Tailrace CHN,2,G72A97465,2026-05-01 16:56:43,2026-05-03 15:52:00,Hanford,0,
Rock Island Tailrace CHN,3,G72AA7A2F,2026-05-05 16:11:00,2026-05-07 15:46:00,Crescent Bar,1,2026-05-08 03:34:40
Rock Island Tailrace CHN,3,G72AA7A2F,2026-05-05 16:11:00,2026-05-07 15:46:00,Sunland,1,2026-05-09 07:49:09
Rock Island Tailrace CHN,3,G72AA7A2F,2026-05-05 16:11:00,2026-05-07 15:46:00,Wanapum BRZ,1,2026-05-11 19:43:08
Rock Island Tailrace CHN,3,G72AA7A2F,2026-05-05 16:11:00,2026-05-07 15:46:00,Mattawa,1,2026-05-11 22:52:44
Rock Island Tailrace CHN,3,G72AA7A2F,2026-05-05 16:11:00,2026-05-07 15:46:00,Priest BRZ,1,2026-05-12 10:41:25
Rock Island Tailrace CHN,3,G72AA7A2F,2026-05-05 16:11:00,2026-05-07 15:46:00,Lower Ringold,1,2026-05-12 23:07:29
Rock Island Tailrace CHN,3,G72AA7A2F,2026-05-05 16:11:00,2026-05-07 15:46:00,Hanford,1,2026-05-13 03:12:32
Rock Island Tailrace CHN,2,G72AB038F,2026-04-30 16:19:42,2026-05-02 16:02:00,Crescent Bar,1,2026-05-04 04:51:46
Rock Island Tailrace CHN,2,G72AB038F,2026-04-30 16:19:42,2026-05-02 16:02:00,Sunland,1,2026-05-04 15:35:00
Rock Island Tailrace CHN,2,G72AB038F,2026-04-30 16:19:42,2026-05-02 16:02:00,Wanapum BRZ,1,2026-05-07 09:16:13
Rock Island Tailrace CHN,2,G72AB038F,2026-04-30 16:19:42,2026-05-02 16:02:00,Mattawa,1,2026-05-07 13:20:20
Rock Island Tailrace CHN,2,G72AB038F,2026-04-30 16:19:42,2026-05-02 16:02:00,Priest BRZ,1,2026-05-07 22:38:56
Rock Island Tailrace CHN,2,G72AB038F,2026-04-30 16:19:42,2026-05-02 16:02:00,Lower Ringold,1,2026-05-10 08:17:01
Rock Island Tailrace CHN,2,G72AB038F,2026-04-30 16:19:42,2026-05-02 16:02:00,Hanford,1,2026-05-10 11:14:14
Rock Island Tailrace CHN,1,G72AB8A9F,2026-05-05 15:42:44,2026-05-07 15:46:00,Crescent Bar,1,2026-05-08 13:39:36
Rock Island Tailrace CHN,1,G72AB8A9F,2026-05-05 15:42:44,2026-05-07 15:46:00,Sunland,1,2026-05-09 14:26:23
Rock Island Tailrace CHN,1,G72AB8A9F,2026-05-05 15:42:44,2026-05-07 15:46:00,Wanapum BRZ,1,2026-05-10 13:19:44
Rock Island Tailrace CHN,1,G72AB8A9F,2026-05-05 15:42:44,2026-05-07 15:46:00,Mattawa,0,
Rock Island Tailrace CHN,1,G72AB8A9F,2026-05-05 15:42:44,2026-05-07 15:46:00,Priest BRZ,0,
Rock Island Tailrace CHN,1,G72AB8A9F,2026-05-05 15:42:44,2026-05-07 15:46:00,Lower Ringold,0,
Rock Island Tailrace CHN,1,G72AB8A9F,2026-05-05 15:42:44,2026-05-07 15:46:00,Hanford,0,
Rock Island Tailrace CHN,3,G72AC2DDD,2026-05-02 17:10:04,2026-05-04 15:47:00,Crescent Bar,1,2026-05-06 02:43:29
Rock Island Tailrace CHN,3,G72AC2DDD,2026-05-02 17:10:04,2026-05-04 15:47:00,Sunland,1,2026-05-06 11:55:37
Rock Island Tailrace CHN,3,G72AC2DDD,2026-05-02 17:10:04,2026-05-04 15:47:00,Wanapum BRZ,0,
Rock Island Tailrace CHN,3,G72AC2DDD,2026-05-02 17:10:04,2026-05-04 15:47:00,Mattawa,0,
Rock Island Tailrace CHN,3,G72AC2DDD,2026-05-02 17:10:04,2026-05-04 15:47:00,Priest BRZ,0,
Rock Island Tailrace CHN,3,G72AC2DDD,2026-05-02 17:10:04,2026-05-04 15:47:00,Lower Ringold,0,
Rock Island Tailrace CHN,3,G72AC2DDD,2026-05-02 17:10:04,2026-05-04 15:47:00,Hanford,0,
Rock Island Tailrace CHN,3,G72AC62DA,2026-04-28 18:56:50,2026-04-30 15:42:00,Crescent Bar,1,2026-05-01 12:21:14
Rock Island Tailrace CHN,3,G72AC62DA,2026-04-28 18:56:50,2026-04-30 15:42:00,Sunland,1,2026-05-02 12:44:11
Rock Island Tailrace CHN,3,G72AC62DA,2026-04-28 18:56:50,2026-04-30 15:42:00,Wanapum BRZ,1,2026-05-04 01:51:01
Rock Island Tailrace CHN,3,G72AC62DA,2026-04-28 18:56:50,2026-04-30 15:42:00,Mattawa,1,2026-05-04 05:56:19
Rock Island Tailrace CHN,3,G72AC62DA,2026-04-28 18:56:50,2026-04-30 15:42:00,Priest BRZ,1,2026-05-05 10:37:41
Rock Island Tailrace CHN,3,G72AC62DA,2026-04-28 18:56:50,2026-04-30 15:42:00,Lower Ringold,0,
Rock Island Tailrace CHN,3,G72AC62DA,2026-04-28 18:56:50,2026-04-30 15:42:00,Hanford,0,
Rock Island Tailrace CHN,1,G72AD143B,2026-04-30 16:12:10,2026-05-02 16:02:00,Crescent Bar,1,2026-05-02 22:13:28
Rock Island Tailrace CHN,1,G72AD143B,2026-04-30 16:12:10,2026-05-02 16:02:00,Sunland,1,2026-05-03 08:11:09
Rock Island Tailrace CHN,1,G72AD143B,2026-04-30 16:12:10,2026-05-02 16:02:00,Wanapum BRZ,1,2026-05-07 10:21:10
Rock Island Tailrace CHN,1,G72AD143B,2026-04-30 16:12:10,2026-05-02 16:02:00,Mattawa,1,2026-05-07 18:16:37
Rock Island Tailrace CHN,1,G72AD143B,2026-04-30 16:12:10,2026-05-02 16:02:00,Priest BRZ,1,2026-05-08 06:35:58
Rock Island Tailrace CHN,1,G72AD143B,2026-04-30 16:12:10,2026-05-02 16:02:00,Lower Ringold,1,2026-05-08 20:02:09
Rock Island Tailrace CHN,1,G72AD143B,2026-04-30 16:12:10,2026-05-02 16:02:00,Hanford,1,2026-05-09 06:16:52
Rock Island Tailrace CHN,1,G72B30496,2026-05-02 16:43:57,2026-05-04 15:47:00,Crescent Bar,1,2026-05-04 23:20:09
Rock Island Tailrace CHN,1,G72B30496,2026-05-02 16:43:57,2026-05-04 15:47:00,Sunland,1,2026-05-05 09:29:24
Rock Island Tailrace CHN,1,G72B30496,2026-05-02 16:43:57,2026-05-04 15:47:00,Wanapum BRZ,1,2026-05-06 17:28:53
Rock Island Tailrace CHN,1,G72B30496,2026-05-02 16:43:57,2026-05-04 15:47:00,Mattawa,0,
Rock Island Tailrace CHN,1,G72B30496,2026-05-02 16:43:57,2026-05-04 15:47:00,Priest BRZ,0,
Rock Island Tailrace CHN,1,G72B30496,2026-05-02 16:43:57,2026-05-04 15:47:00,Lower Ringold,0,
Rock Island Tailrace CHN,1,G72B30496,2026-05-02 16:43:57,2026-05-04 15:47:00,Hanford,0,
Rock Island Tailrace CHN,1,G72B30774,2026-05-03 17:45:46,2026-05-05 16:45:00,Crescent Bar,1,2026-05-06 05:54:03
Rock Island Tailrace CHN,1,G72B30774,2026-05-03 17:45:46,2026-05-05 16:45:00,Sunland,1,2026-05-07 03:33:45
Rock Island Tailrace CHN,1,G72B30774,2026-05-03 17:45:46,2026-05-05 16:45:00,Wanapum BRZ,1,2026-05-08 18:33:27
Rock Island Tailrace CHN,1,G72B30774,2026-05-03 17:45:46,2026-05-05 16:45:00,Mattawa,0,
Rock Island Tailrace CHN,1,G72B30774,2026-05-03 17:45:46,2026-05-05 16:45:00,Priest BRZ,0,
Rock Island Tailrace CHN,1,G72B30774,2026-05-03 17:45:46,2026-05-05 16:45:00,Lower Ringold,0,
Rock Island Tailrace CHN,1,G72B30774,2026-05-03 17:45:46,2026-05-05 16:45:00,Hanford,0,
Rock Island Tailrace CHN,1,G72B3AA26,2026-05-01 17:00:40,2026-05-03 15:52:00,Crescent Bar,1,2026-05-04 06:32:19
Rock Island Tailrace CHN,1,G72B3AA26,2026-05-01 17:00:40,2026-05-03 15:52:00,Sunland,1,2026-05-04 22:08:24
Rock Island Tailrace CHN,1,G72B3AA26,2026-05-01 17:00:40,2026-05-03 15:52:00,Wanapum BRZ,1,2026-05-06 05:07:11
Rock Island Tailrace CHN,1,G72B3AA26,2026-05-01 17:00:40,2026-05-03 15:52:00,Mattawa,1,2026-05-06 07:33:33
Rock Island Tailrace CHN,1,G72B3AA26,2026-05-01 17:00:40,2026-05-03 15:52:00,Priest BRZ,1,2026-05-07 05:06:09
Rock Island Tailrace CHN,1,G72B3AA26,2026-05-01 17:00:40,2026-05-03 15:52:00,Lower Ringold,1,2026-05-07 18:50:44
Rock Island Tailrace CHN,1,G72B3AA26,2026-05-01 17:00:40,2026-05-03 15:52:00,Hanford,1,2026-05-07 23:08:23
Rock Island Tailrace CHN,2,G72B4970B,2026-05-01 16:59:17,2026-05-03 15:52:00,Crescent Bar,1,2026-05-04 21:11:20
Rock Island Tailrace CHN,2,G72B4970B,2026-05-01 16:59:17,2026-05-03 15:52:00,Sunland,1,2026-05-06 02:30:37
Rock Island Tailrace CHN,2,G72B4970B,2026-05-01 16:59:17,2026-05-03 15:52:00,Wanapum BRZ,1,2026-05-08 03:49:49
Rock Island Tailrace CHN,2,G72B4970B,2026-05-01 16:59:17,2026-05-03 15:52:00,Mattawa,1,2026-05-08 07:34:48
Rock Island Tailrace CHN,2,G72B4970B,2026-05-01 16:59:17,2026-05-03 15:52:00,Priest BRZ,1,2026-05-08 19:36:51
Rock Island Tailrace CHN,2,G72B4970B,2026-05-01 16:59:17,2026-05-03 15:52:00,Lower Ringold,1,2026-05-09 10:43:04
Rock Island Tailrace CHN,2,G72B4970B,2026-05-01 16:59:17,2026-05-03 15:52:00,Hanford,1,2026-05-09 14:06:19
Rock Island Tailrace CHN,1,G72B4B937,2026-05-01 17:03:48,2026-05-03 15:52:00,Crescent Bar,1,2026-05-04 05:28:13
Rock Island Tailrace CHN,1,G72B4B937,2026-05-01 17:03:48,2026-05-03 15:52:00,Sunland,1,2026-05-04 14:32:30
Rock Island Tailrace CHN,1,G72B4B937,2026-05-01 17:03:48,2026-05-03 15:52:00,Wanapum BRZ,1,2026-05-07 04:01:23
Rock Island Tailrace CHN,1,G72B4B937,2026-05-01 17:03:48,2026-05-03 15:52:00,Mattawa,1,2026-05-07 06:54:31
Rock Island Tailrace CHN,1,G72B4B937,2026-05-01 17:03:48,2026-05-03 15:52:00,Priest BRZ,1,2026-05-07 23:48:23
Rock Island Tailrace CHN,1,G72B4B937,2026-05-01 17:03:48,2026-05-03 15:52:00,Lower Ringold,1,2026-05-08 23:24:14
Rock Island Tailrace CHN,1,G72B4B937,2026-05-01 17:03:48,2026-05-03 15:52:00,Hanford,1,2026-05-09 04:09:13
Rock Island Tailrace CHN,1,G72B4C891,2026-05-05 15:49:14,2026-05-07 15:46:00,Crescent Bar,1,2026-05-07 23:28:32
Rock Island Tailrace CHN,1,G72B4C891,2026-05-05 15:49:14,2026-05-07 15:46:00,Sunland,1,2026-05-08 09:57:50
Rock Island Tailrace CHN,1,G72B4C891,2026-05-05 15:49:14,2026-05-07 15:46:00,Wanapum BRZ,0,
Rock Island Tailrace CHN,1,G72B4C891,2026-05-05 15:49:14,2026-05-07 15:46:00,Mattawa,0,
Rock Island Tailrace CHN,1,G72B4C891,2026-05-05 15:49:14,2026-05-07 15:46:00,Priest BRZ,0,
Rock Island Tailrace CHN,1,G72B4C891,2026-05-05 15:49:14,2026-05-07 15:46:00,Lower Ringold,0,
Rock Island Tailrace CHN,1,G72B4C891,2026-05-05 15:49:14,2026-05-07 15:46:00,Hanford,0,
Rock Island Tailrace CHN,1,G72B4DD33,2026-05-03 18:02:36,2026-05-05 16:45:00,Crescent Bar,1,2026-05-07 03:45:53
Rock Island Tailrace CHN,1,G72B4DD33,2026-05-03 18:02:36,2026-05-05 16:45:00,Sunland,1,2026-05-13 21:14:02
Rock Island Tailrace CHN,1,G72B4DD33,2026-05-03 18:02:36,2026-05-05 16:45:00,Wanapum BRZ,1,2026-05-15 13:01:03
Rock Island Tailrace CHN,1,G72B4DD33,2026-05-03 18:02:36,2026-05-05 16:45:00,Mattawa,1,2026-05-15 16:25:07
Rock Island Tailrace CHN,1,G72B4DD33,2026-05-03 18:02:36,2026-05-05 16:45:00,Priest BRZ,1,2026-05-16 12:59:14
Rock Island Tailrace CHN,1,G72B4DD33,2026-05-03 18:02:36,2026-05-05 16:45:00,Lower Ringold,1,2026-05-17 10:42:09
Rock Island Tailrace CHN,1,G72B4DD33,2026-05-03 18:02:36,2026-05-05 16:45:00,Hanford,1,2026-05-17 14:29:26
Rock Island Tailrace CHN,2,G72B5241F,2026-04-28 19:15:13,2026-04-30 15:42:00,Crescent Bar,1,2026-05-01 17:56:59
Rock Island Tailrace CHN,2,G72B5241F,2026-04-28 19:15:13,2026-04-30 15:42:00,Sunland,1,2026-05-02 02:22:09
Rock Island Tailrace CHN,2,G72B5241F,2026-04-28 19:15:13,2026-04-30 15:42:00,Wanapum BRZ,1,2026-05-07 05:04:33
Rock Island Tailrace CHN,2,G72B5241F,2026-04-28 19:15:13,2026-04-30 15:42:00,Mattawa,1,2026-05-07 08:24:22
Rock Island Tailrace CHN,2,G72B5241F,2026-04-28 19:15:13,2026-04-30 15:42:00,Priest BRZ,1,2026-05-07 17:56:46
Rock Island Tailrace CHN,2,G72B5241F,2026-04-28 19:15:13,2026-04-30 15:42:00,Lower Ringold,1,2026-05-08 21:41:11
Rock Island Tailrace CHN,2,G72B5241F,2026-04-28 19:15:13,2026-04-30 15:42:00,Hanford,1,2026-05-09 01:35:48
Rock Island Tailrace CHN,1,G72B56038,2026-05-02 17:13:25,2026-05-04 15:47:00,Crescent Bar,1,2026-05-05 02:17:40
Rock Island Tailrace CHN,1,G72B56038,2026-05-02 17:13:25,2026-05-04 15:47:00,Sunland,1,2026-05-05 15:27:24
Rock Island Tailrace CHN,1,G72B56038,2026-05-02 17:13:25,2026-05-04 15:47:00,Wanapum BRZ,1,2026-05-07 16:04:05
Rock Island Tailrace CHN,1,G72B56038,2026-05-02 17:13:25,2026-05-04 15:47:00,Mattawa,1,2026-05-07 19:00:39
Rock Island Tailrace CHN,1,G72B56038,2026-05-02 17:13:25,2026-05-04 15:47:00,Priest BRZ,1,2026-05-09 15:03:42
Rock Island Tailrace CHN,1,G72B56038,2026-05-02 17:13:25,2026-05-04 15:47:00,Lower Ringold,1,2026-05-10 19:42:28
Rock Island Tailrace CHN,1,G72B56038,2026-05-02 17:13:25,2026-05-04 15:47:00,Hanford,1,2026-05-10 22:58:51
Rock Island Tailrace CHN,1,G72B58AAF,2026-04-29 16:10:12,2026-05-01 15:43:00,Crescent Bar,1,2026-05-02 14:21:18
Rock Island Tailrace CHN,1,G72B58AAF,2026-04-29 16:10:12,2026-05-01 15:43:00,Sunland,1,2026-05-03 07:37:08
Rock Island Tailrace CHN,1,G72B58AAF,2026-04-29 16:10:12,2026-05-01 15:43:00,Wanapum BRZ,1,2026-05-04 11:20:12
Rock Island Tailrace CHN,1,G72B58AAF,2026-04-29 16:10:12,2026-05-01 15:43:00,Mattawa,1,2026-05-07 18:38:46
Rock Island Tailrace CHN,1,G72B58AAF,2026-04-29 16:10:12,2026-05-01 15:43:00,Priest BRZ,1,2026-05-08 13:14:14
Rock Island Tailrace CHN,1,G72B58AAF,2026-04-29 16:10:12,2026-05-01 15:43:00,Lower Ringold,1,2026-05-09 17:05:11
Rock Island Tailrace CHN,1,G72B58AAF,2026-04-29 16:10:12,2026-05-01 15:43:00,Hanford,1,2026-05-09 21:06:44
Rock Island Tailrace CHN,1,G72B69A67,2026-04-29 16:30:35,2026-05-01 15:43:00,Crescent Bar,1,2026-05-02 05:39:02
Rock Island Tailrace CHN,1,G72B69A67,2026-04-29 16:30:35,2026-05-01 15:43:00,Sunland,1,2026-05-03 00:14:45
Rock Island Tailrace CHN,1,G72B69A67,2026-04-29 16:30:35,2026-05-01 15:43:00,Wanapum BRZ,1,2026-05-07 04:37:07
Rock Island Tailrace CHN,1,G72B69A67,2026-04-29 16:30:35,2026-05-01 15:43:00,Mattawa,1,2026-05-07 08:54:35
Rock Island Tailrace CHN,1,G72B69A67,2026-04-29 16:30:35,2026-05-01 15:43:00,Priest BRZ,0,
Rock Island Tailrace CHN,1,G72B69A67,2026-04-29 16:30:35,2026-05-01 15:43:00,Lower Ringold,0,
Rock Island Tailrace CHN,1,G72B69A67,2026-04-29 16:30:35,2026-05-01 15:43:00,Hanford,0,
Rock Island Tailrace CHN,1,G72B7D379,2026-05-01 17:03:28,2026-05-03 15:52:00,Crescent Bar,1,2026-05-04 06:59:59
Rock Island Tailrace CHN,1,G72B7D379,2026-05-01 17:03:28,2026-05-03 15:52:00,Sunland,1,2026-05-05 06:30:44
Rock Island Tailrace CHN,1,G72B7D379,2026-05-01 17:03:28,2026-05-03 15:52:00,Wanapum BRZ,1,2026-05-07 18:17:00
Rock Island Tailrace CHN,1,G72B7D379,2026-05-01 17:03:28,2026-05-03 15:52:00,Mattawa,1,2026-05-12 11:45:30
Rock Island Tailrace CHN,1,G72B7D379,2026-05-01 17:03:28,2026-05-03 15:52:00,Priest BRZ,1,2026-05-13 04:53:38
Rock Island Tailrace CHN,1,G72B7D379,2026-05-01 17:03:28,2026-05-03 15:52:00,Lower Ringold,1,2026-05-13 17:56:21
Rock Island Tailrace CHN,1,G72B7D379,2026-05-01 17:03:28,2026-05-03 15:52:00,Hanford,1,2026-05-13 22:48:55
Rock Island Tailrace CHN,1,G72B7D646,2026-05-03 17:46:53,2026-05-05 16:45:00,Crescent Bar,1,2026-05-06 00:51:03
Rock Island Tailrace CHN,1,G72B7D646,2026-05-03 17:46:53,2026-05-05 16:45:00,Sunland,1,2026-05-06 10:37:52
Rock Island Tailrace CHN,1,G72B7D646,2026-05-03 17:46:53,2026-05-05 16:45:00,Wanapum BRZ,1,2026-05-07 08:28:03
Rock Island Tailrace CHN,1,G72B7D646,2026-05-03 17:46:53,2026-05-05 16:45:00,Mattawa,1,2026-05-07 11:04:24
Rock Island Tailrace CHN,1,G72B7D646,2026-05-03 17:46:53,2026-05-05 16:45:00,Priest BRZ,1,2026-05-08 07:00:13
Rock Island Tailrace CHN,1,G72B7D646,2026-05-03 17:46:53,2026-05-05 16:45:00,Lower Ringold,1,2026-05-08 21:55:13
Rock Island Tailrace CHN,1,G72B7D646,2026-05-03 17:46:53,2026-05-05 16:45:00,Hanford,1,2026-05-09 07:46:03
Rock Island Tailrace CHN,3,G72B7EDD8,2026-05-01 17:08:18,2026-05-03 15:52:00,Crescent Bar,1,2026-05-04 02:18:43
Rock Island Tailrace CHN,3,G72B7EDD8,2026-05-01 17:08:18,2026-05-03 15:52:00,Sunland,1,2026-05-04 10:52:13
Rock Island Tailrace CHN,3,G72B7EDD8,2026-05-01 17:08:18,2026-05-03 15:52:00,Wanapum BRZ,1,2026-05-06 01:50:23
Rock Island Tailrace CHN,3,G72B7EDD8,2026-05-01 17:08:18,2026-05-03 15:52:00,Mattawa,1,2026-05-06 04:21:30
Rock Island Tailrace CHN,3,G72B7EDD8,2026-05-01 17:08:18,2026-05-03 15:52:00,Priest BRZ,1,2026-05-07 04:25:43
Rock Island Tailrace CHN,3,G72B7EDD8,2026-05-01 17:08:18,2026-05-03 15:52:00,Lower Ringold,1,2026-05-08 21:12:08
Rock Island Tailrace CHN,3,G72B7EDD8,2026-05-01 17:08:18,2026-05-03 15:52:00,Hanford,1,2026-05-09 04:36:43
Rock Island Tailrace CHN,3,G72B7F204,2026-05-01 16:57:33,2026-05-03 15:52:00,Crescent Bar,1,2026-05-04 06:56:43
Rock Island Tailrace CHN,3,G72B7F204,2026-05-01 16:57:33,2026-05-03 15:52:00,Sunland,1,2026-05-05 02:51:57
Rock Island Tailrace CHN,3,G72B7F204,2026-05-01 16:57:33,2026-05-03 15:52:00,Wanapum BRZ,1,2026-05-07 07:29:31
Rock Island Tailrace CHN,3,G72B7F204,2026-05-01 16:57:33,2026-05-03 15:52:00,Mattawa,0,
Rock Island Tailrace CHN,3,G72B7F204,2026-05-01 16:57:33,2026-05-03 15:52:00,Priest BRZ,0,
Rock Island Tailrace CHN,3,G72B7F204,2026-05-01 16:57:33,2026-05-03 15:52:00,Lower Ringold,0,
Rock Island Tailrace CHN,3,G72B7F204,2026-05-01 16:57:33,2026-05-03 15:52:00,Hanford,0,
Rock Island Tailrace CHN,3,G72B80F95,2026-05-01 16:55:06,2026-05-03 15:52:00,Crescent Bar,1,2026-05-05 03:58:15
Rock Island Tailrace CHN,3,G72B80F95,2026-05-01 16:55:06,2026-05-03 15:52:00,Sunland,1,2026-05-05 11:55:44
Rock Island Tailrace CHN,3,G72B80F95,2026-05-01 16:55:06,2026-05-03 15:52:00,Wanapum BRZ,1,2026-05-07 21:34:54
Rock Island Tailrace CHN,3,G72B80F95,2026-05-01 16:55:06,2026-05-03 15:52:00,Mattawa,1,2026-05-08 08:42:09
Rock Island Tailrace CHN,3,G72B80F95,2026-05-01 16:55:06,2026-05-03 15:52:00,Priest BRZ,1,2026-05-08 23:08:29
Rock Island Tailrace CHN,3,G72B80F95,2026-05-01 16:55:06,2026-05-03 15:52:00,Lower Ringold,1,2026-05-09 17:30:54
Rock Island Tailrace CHN,3,G72B80F95,2026-05-01 16:55:06,2026-05-03 15:52:00,Hanford,1,2026-05-09 21:34:33
Rock Island Tailrace CHN,3,G72BBA292,2026-04-29 16:19:16,2026-05-01 15:43:00,Crescent Bar,1,2026-05-02 09:22:34
Rock Island Tailrace CHN,3,G72BBA292,2026-04-29 16:19:16,2026-05-01 15:43:00,Sunland,1,2026-05-03 02:03:19
Rock Island Tailrace CHN,3,G72BBA292,2026-04-29 16:19:16,2026-05-01 15:43:00,Wanapum BRZ,1,2026-05-05 10:29:56
Rock Island Tailrace CHN,3,G72BBA292,2026-04-29 16:19:16,2026-05-01 15:43:00,Mattawa,1,2026-05-05 13:42:07
Rock Island Tailrace CHN,3,G72BBA292,2026-04-29 16:19:16,2026-05-01 15:43:00,Priest BRZ,1,2026-05-06 04:16:01
Rock Island Tailrace CHN,3,G72BBA292,2026-04-29 16:19:16,2026-05-01 15:43:00,Lower Ringold,1,2026-05-06 15:18:46
Rock Island Tailrace CHN,3,G72BBA292,2026-04-29 16:19:16,2026-05-01 15:43:00,Hanford,1,2026-05-06 19:20:54
Rock Island Tailrace CHN,3,G72BBD188,2026-05-01 16:54:04,2026-05-03 15:52:00,Crescent Bar,1,2026-05-04 12:30:03
Rock Island Tailrace CHN,3,G72BBD188,2026-05-01 16:54:04,2026-05-03 15:52:00,Sunland,1,2026-05-06 04:40:18
Rock Island Tailrace CHN,3,G72BBD188,2026-05-01 16:54:04,2026-05-03 15:52:00,Wanapum BRZ,1,2026-05-08 05:09:20
Rock Island Tailrace CHN,3,G72BBD188,2026-05-01 16:54:04,2026-05-03 15:52:00,Mattawa,1,2026-05-24 08:12:49
Rock Island Tailrace CHN,3,G72BBD188,2026-05-01 16:54:04,2026-05-03 15:52:00,Priest BRZ,1,2026-05-25 10:49:29
Rock Island Tailrace CHN,3,G72BBD188,2026-05-01 16:54:04,2026-05-03 15:52:00,Lower Ringold,1,2026-05-26 05:28:13
Rock Island Tailrace CHN,3,G72BBD188,2026-05-01 16:54:04,2026-05-03 15:52:00,Hanford,1,2026-05-26 09:46:31
Rock Island Tailrace CHN,3,G72BD192A,2026-04-28 19:00:09,2026-04-30 15:42:00,Crescent Bar,1,2026-05-01 05:59:14
Rock Island Tailrace CHN,3,G72BD192A,2026-04-28 19:00:09,2026-04-30 15:42:00,Sunland,1,2026-05-02 04:06:02
Rock Island Tailrace CHN,3,G72BD192A,2026-04-28 19:00:09,2026-04-30 15:42:00,Wanapum BRZ,0,
Rock Island Tailrace CHN,3,G72BD192A,2026-04-28 19:00:09,2026-04-30 15:42:00,Mattawa,0,
Rock Island Tailrace CHN,3,G72BD192A,2026-04-28 19:00:09,2026-04-30 15:42:00,Priest BRZ,0,
Rock Island Tailrace CHN,3,G72BD192A,2026-04-28 19:00:09,2026-04-30 15:42:00,Lower Ringold,0,
Rock Island Tailrace CHN,3,G72BD192A,2026-04-28 19:00:09,2026-04-30 15:42:00,Hanford,0,
Rock Island Tailrace CHN,3,G72BD562D,2026-04-29 16:29:10,2026-05-01 15:43:00,Crescent Bar,1,2026-05-01 22:33:43
Rock Island Tailrace CHN,3,G72BD562D,2026-04-29 16:29:10,2026-05-01 15:43:00,Sunland,1,2026-05-02 12:19:28
Rock Island Tailrace CHN,3,G72BD562D,2026-04-29 16:29:10,2026-05-01 15:43:00,Wanapum BRZ,1,2026-05-05 00:59:45
Rock Island Tailrace CHN,3,G72BD562D,2026-04-29 16:29:10,2026-05-01 15:43:00,Mattawa,1,2026-05-19 07:53:43
Rock Island Tailrace CHN,3,G72BD562D,2026-04-29 16:29:10,2026-05-01 15:43:00,Priest BRZ,1,2026-05-19 23:46:40
Rock Island Tailrace CHN,3,G72BD562D,2026-04-29 16:29:10,2026-05-01 15:43:00,Lower Ringold,1,2026-05-20 11:04:02
Rock Island Tailrace CHN,3,G72BD562D,2026-04-29 16:29:10,2026-05-01 15:43:00,Hanford,1,2026-05-20 13:59:02
Rock Island Tailrace CHN,1,G72BF0C19,2026-04-30 16:18:27,2026-05-02 16:02:00,Crescent Bar,1,2026-05-02 23:50:56
Rock Island Tailrace CHN,1,G72BF0C19,2026-04-30 16:18:27,2026-05-02 16:02:00,Sunland,1,2026-05-03 11:32:46
Rock Island Tailrace CHN,1,G72BF0C19,2026-04-30 16:18:27,2026-05-02 16:02:00,Wanapum BRZ,1,2026-05-05 21:11:27
Rock Island Tailrace CHN,1,G72BF0C19,2026-04-30 16:18:27,2026-05-02 16:02:00,Mattawa,1,2026-05-06 01:48:15
Rock Island Tailrace CHN,1,G72BF0C19,2026-04-30 16:18:27,2026-05-02 16:02:00,Priest BRZ,1,2026-05-06 09:32:59
Rock Island Tailrace CHN,1,G72BF0C19,2026-04-30 16:18:27,2026-05-02 16:02:00,Lower Ringold,1,2026-05-07 09:10:17
Rock Island Tailrace CHN,1,G72BF0C19,2026-04-30 16:18:27,2026-05-02 16:02:00,Hanford,1,2026-05-07 12:18:08
Rock Island Tailrace CHN,1,G72BFD82F,2026-05-01 17:12:41,2026-05-03 15:52:00,Crescent Bar,1,2026-05-04 04:56:05
Rock Island Tailrace CHN,1,G72BFD82F,2026-05-01 17:12:41,2026-05-03 15:52:00,Sunland,1,2026-05-05 11:06:41
Rock Island Tailrace CHN,1,G72BFD82F,2026-05-01 17:12:41,2026-05-03 15:52:00,Wanapum BRZ,1,2026-05-08 18:31:16
Rock Island Tailrace CHN,1,G72BFD82F,2026-05-01 17:12:41,2026-05-03 15:52:00,Mattawa,1,2026-05-09 14:03:16
Rock Island Tailrace CHN,1,G72BFD82F,2026-05-01 17:12:41,2026-05-03 15:52:00,Priest BRZ,1,2026-05-10 02:14:25
Rock Island Tailrace CHN,1,G72BFD82F,2026-05-01 17:12:41,2026-05-03 15:52:00,Lower Ringold,1,2026-05-10 13:14:38
Rock Island Tailrace CHN,1,G72BFD82F,2026-05-01 17:12:41,2026-05-03 15:52:00,Hanford,1,2026-05-11 01:34:47
Rock Island Tailrace CHN,1,G72C008D6,2026-05-03 17:48:01,2026-05-05 16:45:00,Crescent Bar,1,2026-05-05 23:10:28
Rock Island Tailrace CHN,1,G72C008D6,2026-05-03 17:48:01,2026-05-05 16:45:00,Sunland,1,2026-05-06 08:55:54
Rock Island Tailrace CHN,1,G72C008D6,2026-05-03 17:48:01,2026-05-05 16:45:00,Wanapum BRZ,1,2026-05-08 12:52:11
Rock Island Tailrace CHN,1,G72C008D6,2026-05-03 17:48:01,2026-05-05 16:45:00,Mattawa,1,2026-05-09 07:51:31
Rock Island Tailrace CHN,1,G72C008D6,2026-05-03 17:48:01,2026-05-05 16:45:00,Priest BRZ,1,2026-05-09 16:21:44
Rock Island Tailrace CHN,1,G72C008D6,2026-05-03 17:48:01,2026-05-05 16:45:00,Lower Ringold,1,2026-05-10 06:09:06
Rock Island Tailrace CHN,1,G72C008D6,2026-05-03 17:48:01,2026-05-05 16:45:00,Hanford,1,2026-05-10 09:06:14
Rock Island Tailrace CHN,2,G72C0EFBC,2026-04-29 16:17:19,2026-05-01 15:43:00,Crescent Bar,1,2026-05-02 00:00:36
Rock Island Tailrace CHN,2,G72C0EFBC,2026-04-29 16:17:19,2026-05-01 15:43:00,Sunland,1,2026-05-02 08:45:26
Rock Island Tailrace CHN,2,G72C0EFBC,2026-04-29 16:17:19,2026-05-01 15:43:00,Wanapum BRZ,1,2026-05-06 03:28:42
Rock Island Tailrace CHN,2,G72C0EFBC,2026-04-29 16:17:19,2026-05-01 15:43:00,Mattawa,1,2026-05-06 19:35:23
Rock Island Tailrace CHN,2,G72C0EFBC,2026-04-29 16:17:19,2026-05-01 15:43:00,Priest BRZ,1,2026-05-08 02:02:04
Rock Island Tailrace CHN,2,G72C0EFBC,2026-04-29 16:17:19,2026-05-01 15:43:00,Lower Ringold,1,2026-05-08 18:23:23
Rock Island Tailrace CHN,2,G72C0EFBC,2026-04-29 16:17:19,2026-05-01 15:43:00,Hanford,1,2026-05-08 22:45:50
Rock Island Tailrace CHN,1,G72C14FD7,2026-04-28 18:54:00,2026-04-30 15:42:00,Crescent Bar,1,2026-05-01 09:25:06
Rock Island Tailrace CHN,1,G72C14FD7,2026-04-28 18:54:00,2026-04-30 15:42:00,Sunland,1,2026-05-02 08:42:39
Rock Island Tailrace CHN,1,G72C14FD7,2026-04-28 18:54:00,2026-04-30 15:42:00,Wanapum BRZ,1,2026-05-04 05:34:32
Rock Island Tailrace CHN,1,G72C14FD7,2026-04-28 18:54:00,2026-04-30 15:42:00,Mattawa,0,
Rock Island Tailrace CHN,1,G72C14FD7,2026-04-28 18:54:00,2026-04-30 15:42:00,Priest BRZ,0,
Rock Island Tailrace CHN,1,G72C14FD7,2026-04-28 18:54:00,2026-04-30 15:42:00,Lower Ringold,0,
Rock Island Tailrace CHN,1,G72C14FD7,2026-04-28 18:54:00,2026-04-30 15:42:00,Hanford,0,
Rock Island Tailrace CHN,1,G72C179B4,2026-05-02 16:45:35,2026-05-04 15:47:00,Crescent Bar,1,2026-05-04 23:24:59
Rock Island Tailrace CHN,1,G72C179B4,2026-05-02 16:45:35,2026-05-04 15:47:00,Sunland,1,2026-05-06 09:04:47
Rock Island Tailrace CHN,1,G72C179B4,2026-05-02 16:45:35,2026-05-04 15:47:00,Wanapum BRZ,1,2026-05-08 04:53:44
Rock Island Tailrace CHN,1,G72C179B4,2026-05-02 16:45:35,2026-05-04 15:47:00,Mattawa,0,
Rock Island Tailrace CHN,1,G72C179B4,2026-05-02 16:45:35,2026-05-04 15:47:00,Priest BRZ,0,
Rock Island Tailrace CHN,1,G72C179B4,2026-05-02 16:45:35,2026-05-04 15:47:00,Lower Ringold,0,
Rock Island Tailrace CHN,1,G72C179B4,2026-05-02 16:45:35,2026-05-04 15:47:00,Hanford,0,
Rock Island Tailrace CHN,1,G72C26763,2026-05-02 16:42:43,2026-05-04 15:47:00,Crescent Bar,1,2026-05-05 07:43:49
Rock Island Tailrace CHN,1,G72C26763,2026-05-02 16:42:43,2026-05-04 15:47:00,Sunland,1,2026-05-06 07:48:36
Rock Island Tailrace CHN,1,G72C26763,2026-05-02 16:42:43,2026-05-04 15:47:00,Wanapum BRZ,1,2026-05-08 11:28:25
Rock Island Tailrace CHN,1,G72C26763,2026-05-02 16:42:43,2026-05-04 15:47:00,Mattawa,0,
Rock Island Tailrace CHN,1,G72C26763,2026-05-02 16:42:43,2026-05-04 15:47:00,Priest BRZ,0,
Rock Island Tailrace CHN,1,G72C26763,2026-05-02 16:42:43,2026-05-04 15:47:00,Lower Ringold,0,
Rock Island Tailrace CHN,1,G72C26763,2026-05-02 16:42:43,2026-05-04 15:47:00,Hanford,0,
Rock Island Tailrace CHN,2,G72C368E6,2026-05-01 17:07:49,2026-05-03 15:52:00,Crescent Bar,1,2026-05-04 06:21:36
Rock Island Tailrace CHN,2,G72C368E6,2026-05-01 17:07:49,2026-05-03 15:52:00,Sunland,1,2026-05-06 06:44:32
Rock Island Tailrace CHN,2,G72C368E6,2026-05-01 17:07:49,2026-05-03 15:52:00,Wanapum BRZ,1,2026-05-10 20:12:30
Rock Island Tailrace CHN,2,G72C368E6,2026-05-01 17:07:49,2026-05-03 15:52:00,Mattawa,1,2026-05-10 23:31:20
Rock Island Tailrace CHN,2,G72C368E6,2026-05-01 17:07:49,2026-05-03 15:52:00,Priest BRZ,1,2026-05-11 11:05:45
Rock Island Tailrace CHN,2,G72C368E6,2026-05-01 17:07:49,2026-05-03 15:52:00,Lower Ringold,0,
Rock Island Tailrace CHN,2,G72C368E6,2026-05-01 17:07:49,2026-05-03 15:52:00,Hanford,0,
Rock Island Tailrace CHN,2,G72C3735B,2026-04-29 16:25:53,2026-05-01 15:43:00,Crescent Bar,1,2026-05-02 09:21:00
Rock Island Tailrace CHN,2,G72C3735B,2026-04-29 16:25:53,2026-05-01 15:43:00,Sunland,1,2026-05-03 03:39:00
Rock Island Tailrace CHN,2,G72C3735B,2026-04-29 16:25:53,2026-05-01 15:43:00,Wanapum BRZ,1,2026-05-05 03:12:37
Rock Island Tailrace CHN,2,G72C3735B,2026-04-29 16:25:53,2026-05-01 15:43:00,Mattawa,1,2026-05-05 11:28:36
Rock Island Tailrace CHN,2,G72C3735B,2026-04-29 16:25:53,2026-05-01 15:43:00,Priest BRZ,1,2026-05-05 22:14:11
Rock Island Tailrace CHN,2,G72C3735B,2026-04-29 16:25:53,2026-05-01 15:43:00,Lower Ringold,1,2026-05-06 18:58:48
Rock Island Tailrace CHN,2,G72C3735B,2026-04-29 16:25:53,2026-05-01 15:43:00,Hanford,1,2026-05-06 22:21:56
Rock Island Tailrace CHN,2,G72C4642B,2026-05-05 15:45:55,2026-05-07 15:46:00,Crescent Bar,1,2026-05-08 04:11:27
Rock Island Tailrace CHN,2,G72C4642B,2026-05-05 15:45:55,2026-05-07 15:46:00,Sunland,1,2026-05-08 15:05:37
Rock Island Tailrace CHN,2,G72C4642B,2026-05-05 15:45:55,2026-05-07 15:46:00,Wanapum BRZ,1,2026-05-09 19:13:52
Rock Island Tailrace CHN,2,G72C4642B,2026-05-05 15:45:55,2026-05-07 15:46:00,Mattawa,1,2026-05-10 11:44:24
Rock Island Tailrace CHN,2,G72C4642B,2026-05-05 15:45:55,2026-05-07 15:46:00,Priest BRZ,1,2026-05-11 05:16:03
Rock Island Tailrace CHN,2,G72C4642B,2026-05-05 15:45:55,2026-05-07 15:46:00,Lower Ringold,1,2026-05-17 06:07:14
Rock Island Tailrace CHN,2,G72C4642B,2026-05-05 15:45:55,2026-05-07 15:46:00,Hanford,1,2026-05-17 08:56:31
Rock Island Tailrace CHN,2,G72C58F26,2026-05-02 16:35:48,2026-05-04 15:47:00,Crescent Bar,1,2026-05-05 07:55:58
Rock Island Tailrace CHN,2,G72C58F26,2026-05-02 16:35:48,2026-05-04 15:47:00,Sunland,1,2026-05-10 02:28:41
Rock Island Tailrace CHN,2,G72C58F26,2026-05-02 16:35:48,2026-05-04 15:47:00,Wanapum BRZ,1,2026-05-11 19:46:17
Rock Island Tailrace CHN,2,G72C58F26,2026-05-02 16:35:48,2026-05-04 15:47:00,Mattawa,1,2026-05-12 05:57:35
Rock Island Tailrace CHN,2,G72C58F26,2026-05-02 16:35:48,2026-05-04 15:47:00,Priest BRZ,1,2026-05-13 05:19:26
Rock Island Tailrace CHN,2,G72C58F26,2026-05-02 16:35:48,2026-05-04 15:47:00,Lower Ringold,1,2026-05-14 07:38:07
Rock Island Tailrace CHN,2,G72C58F26,2026-05-02 16:35:48,2026-05-04 15:47:00,Hanford,1,2026-05-14 11:22:43
Rock Island Tailrace CHN,1,G72C6F328,2026-05-02 16:39:30,2026-05-04 15:47:00,Crescent Bar,1,2026-05-04 22:09:04
Rock Island Tailrace CHN,1,G72C6F328,2026-05-02 16:39:30,2026-05-04 15:47:00,Sunland,1,2026-05-05 09:33:53
Rock Island Tailrace CHN,1,G72C6F328,2026-05-02 16:39:30,2026-05-04 15:47:00,Wanapum BRZ,1,2026-05-06 11:26:34
Rock Island Tailrace CHN,1,G72C6F328,2026-05-02 16:39:30,2026-05-04 15:47:00,Mattawa,1,2026-05-06 14:39:28
Rock Island Tailrace CHN,1,G72C6F328,2026-05-02 16:39:30,2026-05-04 15:47:00,Priest BRZ,1,2026-05-07 05:36:34
Rock Island Tailrace CHN,1,G72C6F328,2026-05-02 16:39:30,2026-05-04 15:47:00,Lower Ringold,1,2026-05-07 18:54:59
Rock Island Tailrace CHN,1,G72C6F328,2026-05-02 16:39:30,2026-05-04 15:47:00,Hanford,1,2026-05-07 22:49:52
Rock Island Tailrace CHN,1,G72C72CFA,2026-04-28 18:50:34,2026-04-30 15:42:00,Crescent Bar,1,2026-05-01 01:19:57
Rock Island Tailrace CHN,1,G72C72CFA,2026-04-28 18:50:34,2026-04-30 15:42:00,Sunland,1,2026-05-01 11:01:29
Rock Island Tailrace CHN,1,G72C72CFA,2026-04-28 18:50:34,2026-04-30 15:42:00,Wanapum BRZ,1,2026-05-02 15:57:52
Rock Island Tailrace CHN,1,G72C72CFA,2026-04-28 18:50:34,2026-04-30 15:42:00,Mattawa,1,2026-05-02 19:00:09
Rock Island Tailrace CHN,1,G72C72CFA,2026-04-28 18:50:34,2026-04-30 15:42:00,Priest BRZ,1,2026-05-03 05:58:29
Rock Island Tailrace CHN,1,G72C72CFA,2026-04-28 18:50:34,2026-04-30 15:42:00,Lower Ringold,1,2026-05-04 04:48:35
Rock Island Tailrace CHN,1,G72C72CFA,2026-04-28 18:50:34,2026-04-30 15:42:00,Hanford,1,2026-05-04 07:44:11
Rock Island Tailrace CHN,1,G72C8C34A,2026-05-03 17:44:30,2026-05-05 16:45:00,Crescent Bar,1,2026-05-06 01:15:34
Rock Island Tailrace CHN,1,G72C8C34A,2026-05-03 17:44:30,2026-05-05 16:45:00,Sunland,1,2026-05-06 13:36:14
Rock Island Tailrace CHN,1,G72C8C34A,2026-05-03 17:44:30,2026-05-05 16:45:00,Wanapum BRZ,1,2026-05-09 06:53:29
Rock Island Tailrace CHN,1,G72C8C34A,2026-05-03 17:44:30,2026-05-05 16:45:00,Mattawa,1,2026-05-09 10:29:08
Rock Island Tailrace CHN,1,G72C8C34A,2026-05-03 17:44:30,2026-05-05 16:45:00,Priest BRZ,1,2026-05-09 19:57:14
Rock Island Tailrace CHN,1,G72C8C34A,2026-05-03 17:44:30,2026-05-05 16:45:00,Lower Ringold,1,2026-05-10 08:35:45
Rock Island Tailrace CHN,1,G72C8C34A,2026-05-03 17:44:30,2026-05-05 16:45:00,Hanford,1,2026-05-10 11:24:53
Rock Island Tailrace CHN,1,G72C8C934,2026-04-30 16:22:26,2026-05-02 16:02:00,Crescent Bar,1,2026-05-03 04:43:32
Rock Island Tailrace CHN,1,G72C8C934,2026-04-30 16:22:26,2026-05-02 16:02:00,Sunland,1,2026-05-04 09:06:07
Rock Island Tailrace CHN,1,G72C8C934,2026-04-30 16:22:26,2026-05-02 16:02:00,Wanapum BRZ,1,2026-05-06 02:57:10
Rock Island Tailrace CHN,1,G72C8C934,2026-04-30 16:22:26,2026-05-02 16:02:00,Mattawa,1,2026-05-06 05:58:27
Rock Island Tailrace CHN,1,G72C8C934,2026-04-30 16:22:26,2026-05-02 16:02:00,Priest BRZ,1,2026-05-07 01:57:55
Rock Island Tailrace CHN,1,G72C8C934,2026-04-30 16:22:26,2026-05-02 16:02:00,Lower Ringold,1,2026-05-08 10:00:45
Rock Island Tailrace CHN,1,G72C8C934,2026-04-30 16:22:26,2026-05-02 16:02:00,Hanford,1,2026-05-08 13:01:23
Rock Island Tailrace CHN,1,G72CAE2A6,2026-05-02 17:03:36,2026-05-04 15:47:00,Crescent Bar,1,2026-05-04 22:47:06
Rock Island Tailrace CHN,1,G72CAE2A6,2026-05-02 17:03:36,2026-05-04 15:47:00,Sunland,1,2026-05-05 21:39:04
Rock Island Tailrace CHN,1,G72CAE2A6,2026-05-02 17:03:36,2026-05-04 15:47:00,Wanapum BRZ,1,2026-05-09 06:50:54
Rock Island Tailrace CHN,1,G72CAE2A6,2026-05-02 17:03:36,2026-05-04 15:47:00,Mattawa,1,2026-05-09 10:33:58
Rock Island Tailrace CHN,1,G72CAE2A6,2026-05-02 17:03:36,2026-05-04 15:47:00,Priest BRZ,1,2026-05-09 22:02:21
Rock Island Tailrace CHN,1,G72CAE2A6,2026-05-02 17:03:36,2026-05-04 15:47:00,Lower Ringold,1,2026-05-10 14:34:14
Rock Island Tailrace CHN,1,G72CAE2A6,2026-05-02 17:03:36,2026-05-04 15:47:00,Hanford,1,2026-05-10 18:31:18
Rock Island Tailrace CHN,2,G72CD071E,2026-04-29 16:08:28,2026-05-01 15:43:00,Crescent Bar,1,2026-05-01 21:50:15
Rock Island Tailrace CHN,2,G72CD071E,2026-04-29 16:08:28,2026-05-01 15:43:00,Sunland,1,2026-05-02 07:04:23
Rock Island Tailrace CHN,2,G72CD071E,2026-04-29 16:08:28,2026-05-01 15:43:00,Wanapum BRZ,1,2026-05-05 04:31:28
Rock Island Tailrace CHN,2,G72CD071E,2026-04-29 16:08:28,2026-05-01 15:43:00,Mattawa,1,2026-05-05 08:31:20
Rock Island Tailrace CHN,2,G72CD071E,2026-04-29 16:08:28,2026-05-01 15:43:00,Priest BRZ,1,2026-05-05 19:27:11
Rock Island Tailrace CHN,2,G72CD071E,2026-04-29 16:08:28,2026-05-01 15:43:00,Lower Ringold,1,2026-05-06 22:30:58
Rock Island Tailrace CHN,2,G72CD071E,2026-04-29 16:08:28,2026-05-01 15:43:00,Hanford,1,2026-05-07 03:55:34
Rock Island Tailrace CHN,3,G72CDBEB0,2026-05-01 16:55:30,2026-05-03 15:52:00,Crescent Bar,1,2026-05-04 06:10:28
Rock Island Tailrace CHN,3,G72CDBEB0,2026-05-01 16:55:30,2026-05-03 15:52:00,Sunland,1,2026-05-05 10:22:13
Rock Island Tailrace CHN,3,G72CDBEB0,2026-05-01 16:55:30,2026-05-03 15:52:00,Wanapum BRZ,1,2026-05-08 01:51:26
Rock Island Tailrace CHN,3,G72CDBEB0,2026-05-01 16:55:30,2026-05-03 15:52:00,Mattawa,1,2026-05-10 07:55:04
Rock Island Tailrace CHN,3,G72CDBEB0,2026-05-01 16:55:30,2026-05-03 15:52:00,Priest BRZ,1,2026-05-10 19:54:01
Rock Island Tailrace CHN,3,G72CDBEB0,2026-05-01 16:55:30,2026-05-03 15:52:00,Lower Ringold,1,2026-05-11 15:34:51
Rock Island Tailrace CHN,3,G72CDBEB0,2026-05-01 16:55:30,2026-05-03 15:52:00,Hanford,1,2026-05-11 22:58:25
Rock Island Tailrace CHN,3,G72CECF43,2026-05-02 17:04:35,2026-05-04 15:47:00,Crescent Bar,1,2026-05-04 22:46:34
Rock Island Tailrace CHN,3,G72CECF43,2026-05-02 17:04:35,2026-05-04 15:47:00,Sunland,1,2026-05-05 10:52:59
Rock Island Tailrace CHN,3,G72CECF43,2026-05-02 17:04:35,2026-05-04 15:47:00,Wanapum BRZ,0,
Rock Island Tailrace CHN,3,G72CECF43,2026-05-02 17:04:35,2026-05-04 15:47:00,Mattawa,0,
Rock Island Tailrace CHN,3,G72CECF43,2026-05-02 17:04:35,2026-05-04 15:47:00,Priest BRZ,0,
Rock Island Tailrace CHN,3,G72CECF43,2026-05-02 17:04:35,2026-05-04 15:47:00,Lower Ringold,0,
Rock Island Tailrace CHN,3,G72CECF43,2026-05-02 17:04:35,2026-05-04 15:47:00,Hanford,0,
Rock Island Tailrace CHN,3,G72CF3731,2026-05-01 17:04:25,2026-05-03 15:52:00,Crescent Bar,1,2026-05-04 09:06:32
Rock Island Tailrace CHN,3,G72CF3731,2026-05-01 17:04:25,2026-05-03 15:52:00,Sunland,1,2026-05-05 10:00:54
Rock Island Tailrace CHN,3,G72CF3731,2026-05-01 17:04:25,2026-05-03 15:52:00,Wanapum BRZ,0,
Rock Island Tailrace CHN,3,G72CF3731,2026-05-01 17:04:25,2026-05-03 15:52:00,Mattawa,0,
Rock Island Tailrace CHN,3,G72CF3731,2026-05-01 17:04:25,2026-05-03 15:52:00,Priest BRZ,0,
Rock Island Tailrace CHN,3,G72CF3731,2026-05-01 17:04:25,2026-05-03 15:52:00,Lower Ringold,0,
Rock Island Tailrace CHN,3,G72CF3731,2026-05-01 17:04:25,2026-05-03 15:52:00,Hanford,0,
Rock Island Tailrace CHN,3,G72CF8BA0,2026-04-29 16:19:48,2026-05-01 15:43:00,Crescent Bar,1,2026-05-02 08:58:10
Rock Island Tailrace CHN,3,G72CF8BA0,2026-04-29 16:19:48,2026-05-01 15:43:00,Sunland,1,2026-05-03 11:58:58
Rock Island Tailrace CHN,3,G72CF8BA0,2026-04-29 16:19:48,2026-05-01 15:43:00,Wanapum BRZ,1,2026-05-07 09:01:24
Rock Island Tailrace CHN,3,G72CF8BA0,2026-04-29 16:19:48,2026-05-01 15:43:00,Mattawa,1,2026-05-07 13:47:19
Rock Island Tailrace CHN,3,G72CF8BA0,2026-04-29 16:19:48,2026-05-01 15:43:00,Priest BRZ,1,2026-05-07 21:28:47
Rock Island Tailrace CHN,3,G72CF8BA0,2026-04-29 16:19:48,2026-05-01 15:43:00,Lower Ringold,1,2026-05-08 16:37:27
Rock Island Tailrace CHN,3,G72CF8BA0,2026-04-29 16:19:48,2026-05-01 15:43:00,Hanford,1,2026-05-08 20:33:32
Rock Island Tailrace CHN,3,G72CFF39A,2026-05-04 16:27:20,2026-05-06 16:04:00,Crescent Bar,1,2026-05-07 04:59:25
Rock Island Tailrace CHN,3,G72CFF39A,2026-05-04 16:27:20,2026-05-06 16:04:00,Sunland,1,2026-05-08 00:05:49
Rock Island Tailrace CHN,3,G72CFF39A,2026-05-04 16:27:20,2026-05-06 16:04:00,Wanapum BRZ,1,2026-05-09 18:02:16
Rock Island Tailrace CHN,3,G72CFF39A,2026-05-04 16:27:20,2026-05-06 16:04:00,Mattawa,1,2026-05-25 06:07:17
Rock Island Tailrace CHN,3,G72CFF39A,2026-05-04 16:27:20,2026-05-06 16:04:00,Priest BRZ,1,2026-05-26 04:07:11
Rock Island Tailrace CHN,3,G72CFF39A,2026-05-04 16:27:20,2026-05-06 16:04:00,Lower Ringold,1,2026-05-26 16:47:07
Rock Island Tailrace CHN,3,G72CFF39A,2026-05-04 16:27:20,2026-05-06 16:04:00,Hanford,1,2026-05-26 20:33:11
Rock Island Tailrace CHN,3,G72D0551C,2026-05-04 16:22:25,2026-05-06 16:04:00,Crescent Bar,1,2026-05-07 01:38:11
Rock Island Tailrace CHN,3,G72D0551C,2026-05-04 16:22:25,2026-05-06 16:04:00,Sunland,1,2026-05-07 14:38:58
Rock Island Tailrace CHN,3,G72D0551C,2026-05-04 16:22:25,2026-05-06 16:04:00,Wanapum BRZ,1,2026-05-09 09:48:54
Rock Island Tailrace CHN,3,G72D0551C,2026-05-04 16:22:25,2026-05-06 16:04:00,Mattawa,1,2026-05-09 12:29:58
Rock Island Tailrace CHN,3,G72D0551C,2026-05-04 16:22:25,2026-05-06 16:04:00,Priest BRZ,1,2026-05-10 00:05:52
Rock Island Tailrace CHN,3,G72D0551C,2026-05-04 16:22:25,2026-05-06 16:04:00,Lower Ringold,1,2026-05-10 12:08:08
Rock Island Tailrace CHN,3,G72D0551C,2026-05-04 16:22:25,2026-05-06 16:04:00,Hanford,0,
Rock Island Tailrace CHN,3,G72D26F4D,2026-05-03 17:46:21,2026-05-05 16:45:00,Crescent Bar,1,2026-05-06 03:59:48
Rock Island Tailrace CHN,3,G72D26F4D,2026-05-03 17:46:21,2026-05-05 16:45:00,Sunland,1,2026-05-06 15:45:26
Rock Island Tailrace CHN,3,G72D26F4D,2026-05-03 17:46:21,2026-05-05 16:45:00,Wanapum BRZ,1,2026-05-08 04:36:46
Rock Island Tailrace CHN,3,G72D26F4D,2026-05-03 17:46:21,2026-05-05 16:45:00,Mattawa,1,2026-05-08 11:55:00
Rock Island Tailrace CHN,3,G72D26F4D,2026-05-03 17:46:21,2026-05-05 16:45:00,Priest BRZ,1,2026-05-09 08:11:05
Rock Island Tailrace CHN,3,G72D26F4D,2026-05-03 17:46:21,2026-05-05 16:45:00,Lower Ringold,1,2026-05-10 05:31:38
Rock Island Tailrace CHN,3,G72D26F4D,2026-05-03 17:46:21,2026-05-05 16:45:00,Hanford,1,2026-05-10 08:35:58
Rock Island Tailrace CHN,1,G72D3F945,2026-04-28 18:52:33,2026-04-30 15:42:00,Crescent Bar,1,2026-05-01 05:27:14
Rock Island Tailrace CHN,1,G72D3F945,2026-04-28 18:52:33,2026-04-30 15:42:00,Sunland,1,2026-05-01 22:36:17
Rock Island Tailrace CHN,1,G72D3F945,2026-04-28 18:52:33,2026-04-30 15:42:00,Wanapum BRZ,1,2026-05-03 05:35:33
Rock Island Tailrace CHN,1,G72D3F945,2026-04-28 18:52:33,2026-04-30 15:42:00,Mattawa,1,2026-05-03 07:59:47
Rock Island Tailrace CHN,1,G72D3F945,2026-04-28 18:52:33,2026-04-30 15:42:00,Priest BRZ,1,2026-05-03 19:51:11
Rock Island Tailrace CHN,1,G72D3F945,2026-04-28 18:52:33,2026-04-30 15:42:00,Lower Ringold,1,2026-05-04 10:53:59
Rock Island Tailrace CHN,1,G72D3F945,2026-04-28 18:52:33,2026-04-30 15:42:00,Hanford,1,2026-05-04 13:59:47
Rock Island Tailrace CHN,1,G72D4745A,2026-04-29 16:16:20,2026-05-01 15:43:00,Crescent Bar,1,2026-05-02 09:03:27
Rock Island Tailrace CHN,1,G72D4745A,2026-04-29 16:16:20,2026-05-01 15:43:00,Sunland,1,2026-05-03 03:48:09
Rock Island Tailrace CHN,1,G72D4745A,2026-04-29 16:16:20,2026-05-01 15:43:00,Wanapum BRZ,1,2026-05-05 06:57:34
Rock Island Tailrace CHN,1,G72D4745A,2026-04-29 16:16:20,2026-05-01 15:43:00,Mattawa,1,2026-05-05 10:22:48
Rock Island Tailrace CHN,1,G72D4745A,2026-04-29 16:16:20,2026-05-01 15:43:00,Priest BRZ,1,2026-05-06 07:17:59
Rock Island Tailrace CHN,1,G72D4745A,2026-04-29 16:16:20,2026-05-01 15:43:00,Lower Ringold,1,2026-05-06 21:22:40
Rock Island Tailrace CHN,1,G72D4745A,2026-04-29 16:16:20,2026-05-01 15:43:00,Hanford,1,2026-05-07 05:12:29
Rock Island Tailrace CHN,1,G72D4A7EF,2026-05-05 15:39:37,2026-05-07 15:46:00,Crescent Bar,1,2026-05-08 03:02:58
Rock Island Tailrace CHN,1,G72D4A7EF,2026-05-05 15:39:37,2026-05-07 15:46:00,Sunland,1,2026-05-08 17:03:43
Rock Island Tailrace CHN,1,G72D4A7EF,2026-05-05 15:39:37,2026-05-07 15:46:00,Wanapum BRZ,1,2026-05-10 02:35:52
Rock Island Tailrace CHN,1,G72D4A7EF,2026-05-05 15:39:37,2026-05-07 15:46:00,Mattawa,1,2026-05-10 08:52:14
Rock Island Tailrace CHN,1,G72D4A7EF,2026-05-05 15:39:37,2026-05-07 15:46:00,Priest BRZ,1,2026-05-10 18:56:22
Rock Island Tailrace CHN,1,G72D4A7EF,2026-05-05 15:39:37,2026-05-07 15:46:00,Lower Ringold,1,2026-05-11 08:56:59
Rock Island Tailrace CHN,1,G72D4A7EF,2026-05-05 15:39:37,2026-05-07 15:46:00,Hanford,1,2026-05-11 11:53:44
Rock Island Tailrace CHN,1,G72D5A675,2026-05-01 17:05:32,2026-05-03 15:52:00,Crescent Bar,1,2026-05-05 04:43:35
Rock Island Tailrace CHN,1,G72D5A675,2026-05-01 17:05:32,2026-05-03 15:52:00,Sunland,1,2026-05-05 15:40:34
Rock Island Tailrace CHN,1,G72D5A675,2026-05-01 17:05:32,2026-05-03 15:52:00,Wanapum BRZ,1,2026-05-07 11:38:30
Rock Island Tailrace CHN,1,G72D5A675,2026-05-01 17:05:32,2026-05-03 15:52:00,Mattawa,1,2026-05-08 06:46:34
Rock Island Tailrace CHN,1,G72D5A675,2026-05-01 17:05:32,2026-05-03 15:52:00,Priest BRZ,1,2026-05-08 17:36:18
Rock Island Tailrace CHN,1,G72D5A675,2026-05-01 17:05:32,2026-05-03 15:52:00,Lower Ringold,1,2026-05-09 09:02:34
Rock Island Tailrace CHN,1,G72D5A675,2026-05-01 17:05:32,2026-05-03 15:52:00,Hanford,1,2026-05-11 05:46:54
Rock Island Tailrace CHN,1,G72D668F5,2026-05-05 15:50:39,2026-05-07 15:46:00,Crescent Bar,1,2026-05-08 06:38:30
Rock Island Tailrace CHN,1,G72D668F5,2026-05-05 15:50:39,2026-05-07 15:46:00,Sunland,1,2026-05-09 10:51:14
Rock Island Tailrace CHN,1,G72D668F5,2026-05-05 15:50:39,2026-05-07 15:46:00,Wanapum BRZ,1,2026-05-11 05:07:58
Rock Island Tailrace CHN,1,G72D668F5,2026-05-05 15:50:39,2026-05-07 15:46:00,Mattawa,1,2026-05-11 08:58:37
Rock Island Tailrace CHN,1,G72D668F5,2026-05-05 15:50:39,2026-05-07 15:46:00,Priest BRZ,1,2026-05-11 22:40:17
Rock Island Tailrace CHN,1,G72D668F5,2026-05-05 15:50:39,2026-05-07 15:46:00,Lower Ringold,1,2026-05-12 11:19:33
Rock Island Tailrace CHN,1,G72D668F5,2026-05-05 15:50:39,2026-05-07 15:46:00,Hanford,1,2026-05-12 17:43:59
Rock Island Tailrace CHN,1,G72D6D53A,2026-05-05 15:36:34,2026-05-07 15:46:00,Crescent Bar,1,2026-05-07 23:02:30
Rock Island Tailrace CHN,1,G72D6D53A,2026-05-05 15:36:34,2026-05-07 15:46:00,Sunland,1,2026-05-08 11:15:44
Rock Island Tailrace CHN,1,G72D6D53A,2026-05-05 15:36:34,2026-05-07 15:46:00,Wanapum BRZ,1,2026-05-10 02:39:06
Rock Island Tailrace CHN,1,G72D6D53A,2026-05-05 15:36:34,2026-05-07 15:46:00,Mattawa,1,2026-05-10 08:23:52
Rock Island Tailrace CHN,1,G72D6D53A,2026-05-05 15:36:34,2026-05-07 15:46:00,Priest BRZ,0,
Rock Island Tailrace CHN,1,G72D6D53A,2026-05-05 15:36:34,2026-05-07 15:46:00,Lower Ringold,0,
Rock Island Tailrace CHN,1,G72D6D53A,2026-05-05 15:36:34,2026-05-07 15:46:00,Hanford,0,
Rock Island Tailrace CHN,1,G72D7D803,2026-05-04 16:28:54,2026-05-06 16:04:00,Crescent Bar,1,2026-05-07 05:01:26
Rock Island Tailrace CHN,1,G72D7D803,2026-05-04 16:28:54,2026-05-06 16:04:00,Sunland,1,2026-05-07 15:53:41
Rock Island Tailrace CHN,1,G72D7D803,2026-05-04 16:28:54,2026-05-06 16:04:00,Wanapum BRZ,1,2026-05-08 20:04:53
Rock Island Tailrace CHN,1,G72D7D803,2026-05-04 16:28:54,2026-05-06 16:04:00,Mattawa,1,2026-05-14 05:03:49
Rock Island Tailrace CHN,1,G72D7D803,2026-05-04 16:28:54,2026-05-06 16:04:00,Priest BRZ,1,2026-05-14 19:01:19
Rock Island Tailrace CHN,1,G72D7D803,2026-05-04 16:28:54,2026-05-06 16:04:00,Lower Ringold,1,2026-05-15 18:24:06
Rock Island Tailrace CHN,1,G72D7D803,2026-05-04 16:28:54,2026-05-06 16:04:00,Hanford,1,2026-05-15 21:40:37
Rock Island Tailrace CHN,1,G72D7F0E2,2026-05-04 16:31:49,2026-05-06 16:04:00,Crescent Bar,1,2026-05-07 04:22:29
Rock Island Tailrace CHN,1,G72D7F0E2,2026-05-04 16:31:49,2026-05-06 16:04:00,Sunland,1,2026-05-07 17:15:39
Rock Island Tailrace CHN,1,G72D7F0E2,2026-05-04 16:31:49,2026-05-06 16:04:00,Wanapum BRZ,1,2026-05-08 19:48:41
Rock Island Tailrace CHN,1,G72D7F0E2,2026-05-04 16:31:49,2026-05-06 16:04:00,Mattawa,1,2026-05-09 21:54:18
Rock Island Tailrace CHN,1,G72D7F0E2,2026-05-04 16:31:49,2026-05-06 16:04:00,Priest BRZ,1,2026-05-10 06:36:52
Rock Island Tailrace CHN,1,G72D7F0E2,2026-05-04 16:31:49,2026-05-06 16:04:00,Lower Ringold,1,2026-05-10 19:01:10
Rock Island Tailrace CHN,1,G72D7F0E2,2026-05-04 16:31:49,2026-05-06 16:04:00,Hanford,1,2026-05-10 22:20:34
Rock Island Tailrace CHN,2,G72DADF09,2026-05-03 17:51:21,2026-05-05 16:45:00,Crescent Bar,1,2026-05-06 02:52:05
Rock Island Tailrace CHN,2,G72DADF09,2026-05-03 17:51:21,2026-05-05 16:45:00,Sunland,0,
Rock Island Tailrace CHN,2,G72DADF09,2026-05-03 17:51:21,2026-05-05 16:45:00,Wanapum BRZ,0,
Rock Island Tailrace CHN,2,G72DADF09,2026-05-03 17:51:21,2026-05-05 16:45:00,Mattawa,0,
Rock Island Tailrace CHN,2,G72DADF09,2026-05-03 17:51:21,2026-05-05 16:45:00,Priest BRZ,0,
Rock Island Tailrace CHN,2,G72DADF09,2026-05-03 17:51:21,2026-05-05 16:45:00,Lower Ringold,0,
Rock Island Tailrace CHN,2,G72DADF09,2026-05-03 17:51:21,2026-05-05 16:45:00,Hanford,0,
Rock Island Tailrace CHN,3,G72DBB0E9,2026-05-02 17:06:12,2026-05-04 15:47:00,Crescent Bar,1,2026-05-05 01:39:50
Rock Island Tailrace CHN,3,G72DBB0E9,2026-05-02 17:06:12,2026-05-04 15:47:00,Sunland,1,2026-05-05 12:55:17
Rock Island Tailrace CHN,3,G72DBB0E9,2026-05-02 17:06:12,2026-05-04 15:47:00,Wanapum BRZ,1,2026-05-10 04:47:55
Rock Island Tailrace CHN,3,G72DBB0E9,2026-05-02 17:06:12,2026-05-04 15:47:00,Mattawa,1,2026-05-10 10:00:43
Rock Island Tailrace CHN,3,G72DBB0E9,2026-05-02 17:06:12,2026-05-04 15:47:00,Priest BRZ,1,2026-05-11 15:14:56
Rock Island Tailrace CHN,3,G72DBB0E9,2026-05-02 17:06:12,2026-05-04 15:47:00,Lower Ringold,1,2026-05-15 07:12:42
Rock Island Tailrace CHN,3,G72DBB0E9,2026-05-02 17:06:12,2026-05-04 15:47:00,Hanford,1,2026-05-15 23:19:33
Rock Island Tailrace CHN,3,G72DCE89E,2026-05-05 16:06:17,2026-05-07 15:46:00,Crescent Bar,1,2026-05-07 22:12:05
Rock Island Tailrace CHN,3,G72DCE89E,2026-05-05 16:06:17,2026-05-07 15:46:00,Sunland,1,2026-05-09 09:10:37
Rock Island Tailrace CHN,3,G72DCE89E,2026-05-05 16:06:17,2026-05-07 15:46:00,Wanapum BRZ,1,2026-05-11 03:10:17
Rock Island Tailrace CHN,3,G72DCE89E,2026-05-05 16:06:17,2026-05-07 15:46:00,Mattawa,1,2026-05-11 06:37:57
Rock Island Tailrace CHN,3,G72DCE89E,2026-05-05 16:06:17,2026-05-07 15:46:00,Priest BRZ,1,2026-05-11 20:37:12
Rock Island Tailrace CHN,3,G72DCE89E,2026-05-05 16:06:17,2026-05-07 15:46:00,Lower Ringold,1,2026-05-12 19:10:49
Rock Island Tailrace CHN,3,G72DCE89E,2026-05-05 16:06:17,2026-05-07 15:46:00,Hanford,1,2026-05-18 04:06:24
Rock Island Tailrace CHN,2,G72DD5AD4,2026-05-01 17:04:44,2026-05-03 15:52:00,Crescent Bar,1,2026-05-03 23:34:19
Rock Island Tailrace CHN,2,G72DD5AD4,2026-05-01 17:04:44,2026-05-03 15:52:00,Sunland,1,2026-05-04 10:01:38
Rock Island Tailrace CHN,2,G72DD5AD4,2026-05-01 17:04:44,2026-05-03 15:52:00,Wanapum BRZ,1,2026-05-07 11:20:03
Rock Island Tailrace CHN,2,G72DD5AD4,2026-05-01 17:04:44,2026-05-03 15:52:00,Mattawa,1,2026-05-08 04:02:45
Rock Island Tailrace CHN,2,G72DD5AD4,2026-05-01 17:04:44,2026-05-03 15:52:00,Priest BRZ,1,2026-05-08 13:43:08
Rock Island Tailrace CHN,2,G72DD5AD4,2026-05-01 17:04:44,2026-05-03 15:52:00,Lower Ringold,1,2026-05-09 12:59:56
Rock Island Tailrace CHN,2,G72DD5AD4,2026-05-01 17:04:44,2026-05-03 15:52:00,Hanford,1,2026-05-09 16:51:09
Rock Island Tailrace CHN,3,G72DD7915,2026-05-03 18:10:19,2026-05-05 16:45:00,Crescent Bar,1,2026-05-06 02:55:09
Rock Island Tailrace CHN,3,G72DD7915,2026-05-03 18:10:19,2026-05-05 16:45:00,Sunland,1,2026-05-06 13:12:57
Rock Island Tailrace CHN,3,G72DD7915,2026-05-03 18:10:19,2026-05-05 16:45:00,Wanapum BRZ,1,2026-05-08 04:55:35
Rock Island Tailrace CHN,3,G72DD7915,2026-05-03 18:10:19,2026-05-05 16:45:00,Mattawa,1,2026-05-08 08:25:16
Rock Island Tailrace CHN,3,G72DD7915,2026-05-03 18:10:19,2026-05-05 16:45:00,Priest BRZ,1,2026-05-14 17:31:05
Rock Island Tailrace CHN,3,G72DD7915,2026-05-03 18:10:19,2026-05-05 16:45:00,Lower Ringold,1,2026-05-15 17:13:17
Rock Island Tailrace CHN,3,G72DD7915,2026-05-03 18:10:19,2026-05-05 16:45:00,Hanford,1,2026-05-15 21:12:38
Rock Island Tailrace CHN,3,G72DD9060,2026-04-30 16:20:19,2026-05-02 16:02:00,Crescent Bar,1,2026-05-02 21:11:35
Rock Island Tailrace CHN,3,G72DD9060,2026-04-30 16:20:19,2026-05-02 16:02:00,Sunland,1,2026-05-03 08:40:16
Rock Island Tailrace CHN,3,G72DD9060,2026-04-30 16:20:19,2026-05-02 16:02:00,Wanapum BRZ,1,2026-05-05 04:30:13
Rock Island Tailrace CHN,3,G72DD9060,2026-04-30 16:20:19,2026-05-02 16:02:00,Mattawa,1,2026-05-05 08:35:00
Rock Island Tailrace CHN,3,G72DD9060,2026-04-30 16:20:19,2026-05-02 16:02:00,Priest BRZ,1,2026-05-05 17:06:24
Rock Island Tailrace CHN,3,G72DD9060,2026-04-30 16:20:19,2026-05-02 16:02:00,Lower Ringold,1,2026-05-06 06:40:57
Rock Island Tailrace CHN,3,G72DD9060,2026-04-30 16:20:19,2026-05-02 16:02:00,Hanford,1,2026-05-06 09:31:00
Rock Island Tailrace CHN,3,G72DEC0EE,2026-05-03 17:49:20,2026-05-05 16:45:00,Crescent Bar,1,2026-05-06 01:38:42
Rock Island Tailrace CHN,3,G72DEC0EE,2026-05-03 17:49:20,2026-05-05 16:45:00,Sunland,1,2026-05-06 23:18:08
Rock Island Tailrace CHN,3,G72DEC0EE,2026-05-03 17:49:20,2026-05-05 16:45:00,Wanapum BRZ,1,2026-05-08 20:11:17
Rock Island Tailrace CHN,3,G72DEC0EE,2026-05-03 17:49:20,2026-05-05 16:45:00,Mattawa,1,2026-05-09 09:02:29
Rock Island Tailrace CHN,3,G72DEC0EE,2026-05-03 17:49:20,2026-05-05 16:45:00,Priest BRZ,1,2026-05-09 17:57:57
Rock Island Tailrace CHN,3,G72DEC0EE,2026-05-03 17:49:20,2026-05-05 16:45:00,Lower Ringold,1,2026-05-13 04:59:30
Rock Island Tailrace CHN,3,G72DEC0EE,2026-05-03 17:49:20,2026-05-05 16:45:00,Hanford,1,2026-05-13 07:56:58
Rock Island Tailrace CHN,3,G72DF0BC0,2026-05-03 18:13:16,2026-05-05 16:45:00,Crescent Bar,0,
Rock Island Tailrace CHN,3,G72DF0BC0,2026-05-03 18:13:16,2026-05-05 16:45:00,Sunland,0,
Rock Island Tailrace CHN,3,G72DF0BC0,2026-05-03 18:13:16,2026-05-05 16:45:00,Wanapum BRZ,0,
Rock Island Tailrace CHN,3,G72DF0BC0,2026-05-03 18:13:16,2026-05-05 16:45:00,Mattawa,0,
Rock Island Tailrace CHN,3,G72DF0BC0,2026-05-03 18:13:16,2026-05-05 16:45:00,Priest BRZ,0,
Rock Island Tailrace CHN,3,G72DF0BC0,2026-05-03 18:13:16,2026-05-05 16:45:00,Lower Ringold,0,
Rock Island Tailrace CHN,3,G72DF0BC0,2026-05-03 18:13:16,2026-05-05 16:45:00,Hanford,0,
Rock Island Tailrace CHN,1,G72DFDAC9,2026-04-29 16:23:40,2026-05-01 15:43:00,Crescent Bar,1,2026-05-02 05:16:40
Rock Island Tailrace CHN,1,G72DFDAC9,2026-04-29 16:23:40,2026-05-01 15:43:00,Sunland,1,2026-05-03 09:59:10
Rock Island Tailrace CHN,1,G72DFDAC9,2026-04-29 16:23:40,2026-05-01 15:43:00,Wanapum BRZ,1,2026-05-06 04:33:08
Rock Island Tailrace CHN,1,G72DFDAC9,2026-04-29 16:23:40,2026-05-01 15:43:00,Mattawa,1,2026-05-06 07:16:03
Rock Island Tailrace CHN,1,G72DFDAC9,2026-04-29 16:23:40,2026-05-01 15:43:00,Priest BRZ,1,2026-05-07 05:55:25
Rock Island Tailrace CHN,1,G72DFDAC9,2026-04-29 16:23:40,2026-05-01 15:43:00,Lower Ringold,1,2026-05-10 03:49:49
Rock Island Tailrace CHN,1,G72DFDAC9,2026-04-29 16:23:40,2026-05-01 15:43:00,Hanford,1,2026-05-10 11:40:54
Rock Island Tailrace CHN,2,G72E0AB5A,2026-05-05 15:52:28,2026-05-07 15:46:00,Crescent Bar,1,2026-05-08 07:03:57
Rock Island Tailrace CHN,2,G72E0AB5A,2026-05-05 15:52:28,2026-05-07 15:46:00,Sunland,1,2026-05-09 08:59:40
Rock Island Tailrace CHN,2,G72E0AB5A,2026-05-05 15:52:28,2026-05-07 15:46:00,Wanapum BRZ,1,2026-05-10 12:12:55
Rock Island Tailrace CHN,2,G72E0AB5A,2026-05-05 15:52:28,2026-05-07 15:46:00,Mattawa,1,2026-05-10 17:15:05
Rock Island Tailrace CHN,2,G72E0AB5A,2026-05-05 15:52:28,2026-05-07 15:46:00,Priest BRZ,1,2026-05-11 07:36:19
Rock Island Tailrace CHN,2,G72E0AB5A,2026-05-05 15:52:28,2026-05-07 15:46:00,Lower Ringold,1,2026-05-12 01:13:35
Rock Island Tailrace CHN,2,G72E0AB5A,2026-05-05 15:52:28,2026-05-07 15:46:00,Hanford,1,2026-05-12 05:11:19
Rock Island Tailrace CHN,1,G72E0E162,2026-05-01 17:02:36,2026-05-03 15:52:00,Crescent Bar,1,2026-05-04 04:17:18
Rock Island Tailrace CHN,1,G72E0E162,2026-05-01 17:02:36,2026-05-03 15:52:00,Sunland,1,2026-05-05 05:27:16
Rock Island Tailrace CHN,1,G72E0E162,2026-05-01 17:02:36,2026-05-03 15:52:00,Wanapum BRZ,0,
Rock Island Tailrace CHN,1,G72E0E162,2026-05-01 17:02:36,2026-05-03 15:52:00,Mattawa,0,
Rock Island Tailrace CHN,1,G72E0E162,2026-05-01 17:02:36,2026-05-03 15:52:00,Priest BRZ,0,
Rock Island Tailrace CHN,1,G72E0E162,2026-05-01 17:02:36,2026-05-03 15:52:00,Lower Ringold,0,
Rock Island Tailrace CHN,1,G72E0E162,2026-05-01 17:02:36,2026-05-03 15:52:00,Hanford,0,
Rock Island Tailrace CHN,1,G72E20F05,2026-04-29 16:26:47,2026-05-01 15:43:00,Crescent Bar,1,2026-05-02 03:34:17
Rock Island Tailrace CHN,1,G72E20F05,2026-04-29 16:26:47,2026-05-01 15:43:00,Sunland,1,2026-05-02 16:11:39
Rock Island Tailrace CHN,1,G72E20F05,2026-04-29 16:26:47,2026-05-01 15:43:00,Wanapum BRZ,1,2026-05-05 11:53:39
Rock Island Tailrace CHN,1,G72E20F05,2026-04-29 16:26:47,2026-05-01 15:43:00,Mattawa,1,2026-05-05 19:02:53
Rock Island Tailrace CHN,1,G72E20F05,2026-04-29 16:26:47,2026-05-01 15:43:00,Priest BRZ,1,2026-05-06 06:53:50
Rock Island Tailrace CHN,1,G72E20F05,2026-04-29 16:26:47,2026-05-01 15:43:00,Lower Ringold,1,2026-05-06 19:19:36
Rock Island Tailrace CHN,1,G72E20F05,2026-04-29 16:26:47,2026-05-01 15:43:00,Hanford,1,2026-05-06 23:46:53
Rock Island Tailrace CHN,1,G72E292E9,2026-04-30 16:03:16,2026-05-02 16:02:00,Crescent Bar,1,2026-05-03 06:51:06
Rock Island Tailrace CHN,1,G72E292E9,2026-04-30 16:03:16,2026-05-02 16:02:00,Sunland,1,2026-05-03 17:26:47
Rock Island Tailrace CHN,1,G72E292E9,2026-04-30 16:03:16,2026-05-02 16:02:00,Wanapum BRZ,1,2026-05-06 04:27:18
Rock Island Tailrace CHN,1,G72E292E9,2026-04-30 16:03:16,2026-05-02 16:02:00,Mattawa,1,2026-05-06 08:21:39
Rock Island Tailrace CHN,1,G72E292E9,2026-04-30 16:03:16,2026-05-02 16:02:00,Priest BRZ,1,2026-05-06 23:07:34
Rock Island Tailrace CHN,1,G72E292E9,2026-04-30 16:03:16,2026-05-02 16:02:00,Lower Ringold,1,2026-05-07 11:02:31
Rock Island Tailrace CHN,1,G72E292E9,2026-04-30 16:03:16,2026-05-02 16:02:00,Hanford,1,2026-05-08 06:17:47
Rock Island Tailrace CHN,3,G72E2D790,2026-04-28 18:50:57,2026-04-30 15:42:00,Crescent Bar,1,2026-05-01 08:40:53
Rock Island Tailrace CHN,3,G72E2D790,2026-04-28 18:50:57,2026-04-30 15:42:00,Sunland,1,2026-05-02 10:31:33
Rock Island Tailrace CHN,3,G72E2D790,2026-04-28 18:50:57,2026-04-30 15:42:00,Wanapum BRZ,1,2026-05-07 02:27:45
Rock Island Tailrace CHN,3,G72E2D790,2026-04-28 18:50:57,2026-04-30 15:42:00,Mattawa,1,2026-05-09 05:28:54
Rock Island Tailrace CHN,3,G72E2D790,2026-04-28 18:50:57,2026-04-30 15:42:00,Priest BRZ,1,2026-05-09 23:42:09
Rock Island Tailrace CHN,3,G72E2D790,2026-04-28 18:50:57,2026-04-30 15:42:00,Lower Ringold,1,2026-05-10 16:48:19
Rock Island Tailrace CHN,3,G72E2D790,2026-04-28 18:50:57,2026-04-30 15:42:00,Hanford,1,2026-05-10 21:15:34
Rock Island Tailrace CHN,1,G72E378BA,2026-05-03 18:03:29,2026-05-05 16:45:00,Crescent Bar,1,2026-05-06 00:40:31
Rock Island Tailrace CHN,1,G72E378BA,2026-05-03 18:03:29,2026-05-05 16:45:00,Sunland,1,2026-05-06 11:51:23
Rock Island Tailrace CHN,1,G72E378BA,2026-05-03 18:03:29,2026-05-05 16:45:00,Wanapum BRZ,1,2026-05-08 04:32:54
Rock Island Tailrace CHN,1,G72E378BA,2026-05-03 18:03:29,2026-05-05 16:45:00,Mattawa,1,2026-05-08 09:57:21
Rock Island Tailrace CHN,1,G72E378BA,2026-05-03 18:03:29,2026-05-05 16:45:00,Priest BRZ,1,2026-05-09 08:01:48
Rock Island Tailrace CHN,1,G72E378BA,2026-05-03 18:03:29,2026-05-05 16:45:00,Lower Ringold,1,2026-05-16 05:10:30
Rock Island Tailrace CHN,1,G72E378BA,2026-05-03 18:03:29,2026-05-05 16:45:00,Hanford,1,2026-05-16 08:50:31
Rock Island Tailrace CHN,1,G72E38F4D,2026-04-29 16:17:49,2026-05-01 15:43:00,Crescent Bar,1,2026-05-03 04:45:00
Rock Island Tailrace CHN,1,G72E38F4D,2026-04-29 16:17:49,2026-05-01 15:43:00,Sunland,1,2026-05-04 05:20:01
Rock Island Tailrace CHN,1,G72E38F4D,2026-04-29 16:17:49,2026-05-01 15:43:00,Wanapum BRZ,1,2026-05-06 04:20:42
Rock Island Tailrace CHN,1,G72E38F4D,2026-04-29 16:17:49,2026-05-01 15:43:00,Mattawa,1,2026-05-06 09:20:40
Rock Island Tailrace CHN,1,G72E38F4D,2026-04-29 16:17:49,2026-05-01 15:43:00,Priest BRZ,1,2026-05-06 21:36:58
Rock Island Tailrace CHN,1,G72E38F4D,2026-04-29 16:17:49,2026-05-01 15:43:00,Lower Ringold,1,2026-05-07 10:26:34
Rock Island Tailrace CHN,1,G72E38F4D,2026-04-29 16:17:49,2026-05-01 15:43:00,Hanford,1,2026-05-07 13:33:57
Rock Island Tailrace CHN,2,G72E63BE1,2026-04-28 18:55:01,2026-04-30 15:42:00,Crescent Bar,1,2026-05-01 09:59:23
Rock Island Tailrace CHN,2,G72E63BE1,2026-04-28 18:55:01,2026-04-30 15:42:00,Sunland,1,2026-05-01 22:51:46
Rock Island Tailrace CHN,2,G72E63BE1,2026-04-28 18:55:01,2026-04-30 15:42:00,Wanapum BRZ,1,2026-05-05 06:44:24
Rock Island Tailrace CHN,2,G72E63BE1,2026-04-28 18:55:01,2026-04-30 15:42:00,Mattawa,1,2026-05-05 11:46:55
Rock Island Tailrace CHN,2,G72E63BE1,2026-04-28 18:55:01,2026-04-30 15:42:00,Priest BRZ,1,2026-05-06 05:57:26
Rock Island Tailrace CHN,2,G72E63BE1,2026-04-28 18:55:01,2026-04-30 15:42:00,Lower Ringold,1,2026-05-06 23:03:53
Rock Island Tailrace CHN,2,G72E63BE1,2026-04-28 18:55:01,2026-04-30 15:42:00,Hanford,1,2026-05-07 02:59:30
Rock Island Tailrace CHN,1,G72E65B84,2026-05-01 16:54:22,2026-05-03 15:52:00,Crescent Bar,1,2026-05-05 05:28:24
Rock Island Tailrace CHN,1,G72E65B84,2026-05-01 16:54:22,2026-05-03 15:52:00,Sunland,1,2026-05-06 07:16:41
Rock Island Tailrace CHN,1,G72E65B84,2026-05-01 16:54:22,2026-05-03 15:52:00,Wanapum BRZ,1,2026-05-09 22:37:11
Rock Island Tailrace CHN,1,G72E65B84,2026-05-01 16:54:22,2026-05-03 15:52:00,Mattawa,1,2026-05-10 11:54:56
Rock Island Tailrace CHN,1,G72E65B84,2026-05-01 16:54:22,2026-05-03 15:52:00,Priest BRZ,1,2026-05-11 17:04:00
Rock Island Tailrace CHN,1,G72E65B84,2026-05-01 16:54:22,2026-05-03 15:52:00,Lower Ringold,1,2026-05-13 09:24:39
Rock Island Tailrace CHN,1,G72E65B84,2026-05-01 16:54:22,2026-05-03 15:52:00,Hanford,1,2026-05-13 12:42:56
Rock Island Tailrace CHN,1,G72E68492,2026-05-01 16:58:58,2026-05-03 15:52:00,Crescent Bar,1,2026-05-04 05:27:08
Rock Island Tailrace CHN,1,G72E68492,2026-05-01 16:58:58,2026-05-03 15:52:00,Sunland,1,2026-05-04 23:01:18
Rock Island Tailrace CHN,1,G72E68492,2026-05-01 16:58:58,2026-05-03 15:52:00,Wanapum BRZ,1,2026-05-06 11:09:18
Rock Island Tailrace CHN,1,G72E68492,2026-05-01 16:58:58,2026-05-03 15:52:00,Mattawa,1,2026-05-06 15:01:47
Rock Island Tailrace CHN,1,G72E68492,2026-05-01 16:58:58,2026-05-03 15:52:00,Priest BRZ,0,
Rock Island Tailrace CHN,1,G72E68492,2026-05-01 16:58:58,2026-05-03 15:52:00,Lower Ringold,0,
Rock Island Tailrace CHN,1,G72E68492,2026-05-01 16:58:58,2026-05-03 15:52:00,Hanford,0,
Rock Island Tailrace CHN,1,G72E6ED6B,2026-04-30 16:02:49,2026-05-02 16:02:00,Crescent Bar,1,2026-05-02 22:37:53
Rock Island Tailrace CHN,1,G72E6ED6B,2026-04-30 16:02:49,2026-05-02 16:02:00,Sunland,1,2026-05-03 09:40:36
Rock Island Tailrace CHN,1,G72E6ED6B,2026-04-30 16:02:49,2026-05-02 16:02:00,Wanapum BRZ,1,2026-05-04 19:24:27
Rock Island Tailrace CHN,1,G72E6ED6B,2026-04-30 16:02:49,2026-05-02 16:02:00,Mattawa,1,2026-05-04 22:01:13
Rock Island Tailrace CHN,1,G72E6ED6B,2026-04-30 16:02:49,2026-05-02 16:02:00,Priest BRZ,1,2026-05-05 09:34:13
Rock Island Tailrace CHN,1,G72E6ED6B,2026-04-30 16:02:49,2026-05-02 16:02:00,Lower Ringold,1,2026-05-06 03:44:16
Rock Island Tailrace CHN,1,G72E6ED6B,2026-04-30 16:02:49,2026-05-02 16:02:00,Hanford,1,2026-05-06 06:33:53
Rock Island Tailrace CHN,1,G72E6FCA8,2026-04-28 19:02:24,2026-04-30 15:42:00,Crescent Bar,1,2026-05-01 12:37:51
Rock Island Tailrace CHN,1,G72E6FCA8,2026-04-28 19:02:24,2026-04-30 15:42:00,Sunland,1,2026-05-02 12:45:34
Rock Island Tailrace CHN,1,G72E6FCA8,2026-04-28 19:02:24,2026-04-30 15:42:00,Wanapum BRZ,1,2026-05-06 14:00:25
Rock Island Tailrace CHN,1,G72E6FCA8,2026-04-28 19:02:24,2026-04-30 15:42:00,Mattawa,1,2026-05-07 10:07:22
Rock Island Tailrace CHN,1,G72E6FCA8,2026-04-28 19:02:24,2026-04-30 15:42:00,Priest BRZ,1,2026-05-08 06:56:40
Rock Island Tailrace CHN,1,G72E6FCA8,2026-04-28 19:02:24,2026-04-30 15:42:00,Lower Ringold,1,2026-05-08 20:46:20
Rock Island Tailrace CHN,1,G72E6FCA8,2026-04-28 19:02:24,2026-04-30 15:42:00,Hanford,1,2026-05-09 03:33:06
Rock Island Tailrace CHN,1,G72E72098,2026-05-05 15:39:04,2026-05-07 15:46:00,Crescent Bar,1,2026-05-08 05:22:21
Rock Island Tailrace CHN,1,G72E72098,2026-05-05 15:39:04,2026-05-07 15:46:00,Sunland,1,2026-05-11 07:25:41
Rock Island Tailrace CHN,1,G72E72098,2026-05-05 15:39:04,2026-05-07 15:46:00,Wanapum BRZ,1,2026-05-12 11:28:36
Rock Island Tailrace CHN,1,G72E72098,2026-05-05 15:39:04,2026-05-07 15:46:00,Mattawa,1,2026-05-14 11:05:43
Rock Island Tailrace CHN,1,G72E72098,2026-05-05 15:39:04,2026-05-07 15:46:00,Priest BRZ,1,2026-05-16 05:42:32
Rock Island Tailrace CHN,1,G72E72098,2026-05-05 15:39:04,2026-05-07 15:46:00,Lower Ringold,1,2026-05-16 22:37:57
Rock Island Tailrace CHN,1,G72E72098,2026-05-05 15:39:04,2026-05-07 15:46:00,Hanford,1,2026-05-17 02:47:49
Rock Island Tailrace CHN,1,G72E72D65,2026-04-29 16:29:44,2026-05-01 15:43:00,Crescent Bar,1,2026-05-02 22:27:41
Rock Island Tailrace CHN,1,G72E72D65,2026-04-29 16:29:44,2026-05-01 15:43:00,Sunland,0,
Rock Island Tailrace CHN,1,G72E72D65,2026-04-29 16:29:44,2026-05-01 15:43:00,Wanapum BRZ,0,
Rock Island Tailrace CHN,1,G72E72D65,2026-04-29 16:29:44,2026-05-01 15:43:00,Mattawa,0,
Rock Island Tailrace CHN,1,G72E72D65,2026-04-29 16:29:44,2026-05-01 15:43:00,Priest BRZ,0,
Rock Island Tailrace CHN,1,G72E72D65,2026-04-29 16:29:44,2026-05-01 15:43:00,Lower Ringold,0,
Rock Island Tailrace CHN,1,G72E72D65,2026-04-29 16:29:44,2026-05-01 15:43:00,Hanford,0,
Rock Island Tailrace CHN,1,G72E838DF,2026-05-04 16:04:20,2026-05-06 16:04:00,Crescent Bar,1,2026-05-07 06:33:07
Rock Island Tailrace CHN,1,G72E838DF,2026-05-04 16:04:20,2026-05-06 16:04:00,Sunland,1,2026-05-08 14:31:39
Rock Island Tailrace CHN,1,G72E838DF,2026-05-04 16:04:20,2026-05-06 16:04:00,Wanapum BRZ,1,2026-05-09 17:56:14
Rock Island Tailrace CHN,1,G72E838DF,2026-05-04 16:04:20,2026-05-06 16:04:00,Mattawa,1,2026-05-11 18:01:04
Rock Island Tailrace CHN,1,G72E838DF,2026-05-04 16:04:20,2026-05-06 16:04:00,Priest BRZ,1,2026-05-12 06:42:35
Rock Island Tailrace CHN,1,G72E838DF,2026-05-04 16:04:20,2026-05-06 16:04:00,Lower Ringold,1,2026-05-13 17:04:07
Rock Island Tailrace CHN,1,G72E838DF,2026-05-04 16:04:20,2026-05-06 16:04:00,Hanford,1,2026-05-13 21:17:32
Rock Island Tailrace CHN,1,G72E86ED9,2026-05-02 17:11:07,2026-05-04 15:47:00,Crescent Bar,1,2026-05-04 22:22:58
Rock Island Tailrace CHN,1,G72E86ED9,2026-05-02 17:11:07,2026-05-04 15:47:00,Sunland,1,2026-05-05 22:44:08
Rock Island Tailrace CHN,1,G72E86ED9,2026-05-02 17:11:07,2026-05-04 15:47:00,Wanapum BRZ,1,2026-05-07 23:22:09
Rock Island Tailrace CHN,1,G72E86ED9,2026-05-02 17:11:07,2026-05-04 15:47:00,Mattawa,1,2026-05-08 13:21:27
Rock Island Tailrace CHN,1,G72E86ED9,2026-05-02 17:11:07,2026-05-04 15:47:00,Priest BRZ,1,2026-05-09 20:54:11
Rock Island Tailrace CHN,1,G72E86ED9,2026-05-02 17:11:07,2026-05-04 15:47:00,Lower Ringold,1,2026-05-10 13:14:10
Rock Island Tailrace CHN,1,G72E86ED9,2026-05-02 17:11:07,2026-05-04 15:47:00,Hanford,1,2026-05-10 17:42:30
Rock Island Tailrace CHN,1,G72E8992E,2026-04-29 16:11:33,2026-05-01 15:43:00,Crescent Bar,1,2026-05-02 05:46:23
Rock Island Tailrace CHN,1,G72E8992E,2026-04-29 16:11:33,2026-05-01 15:43:00,Sunland,1,2026-05-02 19:11:20
Rock Island Tailrace CHN,1,G72E8992E,2026-04-29 16:11:33,2026-05-01 15:43:00,Wanapum BRZ,1,2026-05-06 16:07:22
Rock Island Tailrace CHN,1,G72E8992E,2026-04-29 16:11:33,2026-05-01 15:43:00,Mattawa,1,2026-05-09 01:48:29
Rock Island Tailrace CHN,1,G72E8992E,2026-04-29 16:11:33,2026-05-01 15:43:00,Priest BRZ,1,2026-05-10 06:48:28
Rock Island Tailrace CHN,1,G72E8992E,2026-04-29 16:11:33,2026-05-01 15:43:00,Lower Ringold,1,2026-05-10 17:58:40
Rock Island Tailrace CHN,1,G72E8992E,2026-04-29 16:11:33,2026-05-01 15:43:00,Hanford,1,2026-05-10 21:32:18
Rock Island Tailrace CHN,1,G72E94021,2026-05-02 16:38:31,2026-05-04 15:47:00,Crescent Bar,1,2026-05-05 07:40:30
Rock Island Tailrace CHN,1,G72E94021,2026-05-02 16:38:31,2026-05-04 15:47:00,Sunland,1,2026-05-06 09:16:28
Rock Island Tailrace CHN,1,G72E94021,2026-05-02 16:38:31,2026-05-04 15:47:00,Wanapum BRZ,1,2026-05-08 15:28:53
Rock Island Tailrace CHN,1,G72E94021,2026-05-02 16:38:31,2026-05-04 15:47:00,Mattawa,1,2026-05-08 20:51:23
Rock Island Tailrace CHN,1,G72E94021,2026-05-02 16:38:31,2026-05-04 15:47:00,Priest BRZ,1,2026-05-09 10:51:18
Rock Island Tailrace CHN,1,G72E94021,2026-05-02 16:38:31,2026-05-04 15:47:00,Lower Ringold,1,2026-05-10 07:28:19
Rock Island Tailrace CHN,1,G72E94021,2026-05-02 16:38:31,2026-05-04 15:47:00,Hanford,1,2026-05-10 10:10:11
Rock Island Tailrace CHN,2,G72E981B5,2026-05-02 17:07:29,2026-05-04 15:47:00,Crescent Bar,1,2026-05-05 03:46:12
Rock Island Tailrace CHN,2,G72E981B5,2026-05-02 17:07:29,2026-05-04 15:47:00,Sunland,1,2026-05-05 13:57:09
Rock Island Tailrace CHN,2,G72E981B5,2026-05-02 17:07:29,2026-05-04 15:47:00,Wanapum BRZ,1,2026-05-07 10:09:59
Rock Island Tailrace CHN,2,G72E981B5,2026-05-02 17:07:29,2026-05-04 15:47:00,Mattawa,1,2026-05-17 17:38:03
Rock Island Tailrace CHN,2,G72E981B5,2026-05-02 17:07:29,2026-05-04 15:47:00,Priest BRZ,1,2026-05-18 08:11:00
Rock Island Tailrace CHN,2,G72E981B5,2026-05-02 17:07:29,2026-05-04 15:47:00,Lower Ringold,1,2026-05-19 01:22:45
Rock Island Tailrace CHN,2,G72E981B5,2026-05-02 17:07:29,2026-05-04 15:47:00,Hanford,1,2026-05-19 05:22:21
Rock Island Tailrace CHN,3,G72EA9C80,2026-04-28 19:16:49,2026-04-30 15:42:00,Crescent Bar,1,2026-04-30 22:05:33
Rock Island Tailrace CHN,3,G72EA9C80,2026-04-28 19:16:49,2026-04-30 15:42:00,Sunland,1,2026-05-01 14:17:50
Rock Island Tailrace CHN,3,G72EA9C80,2026-04-28 19:16:49,2026-04-30 15:42:00,Wanapum BRZ,1,2026-05-02 20:28:08
Rock Island Tailrace CHN,3,G72EA9C80,2026-04-28 19:16:49,2026-04-30 15:42:00,Mattawa,1,2026-05-03 07:43:21
Rock Island Tailrace CHN,3,G72EA9C80,2026-04-28 19:16:49,2026-04-30 15:42:00,Priest BRZ,1,2026-05-03 18:18:45
Rock Island Tailrace CHN,3,G72EA9C80,2026-04-28 19:16:49,2026-04-30 15:42:00,Lower Ringold,1,2026-05-04 08:35:27
Rock Island Tailrace CHN,3,G72EA9C80,2026-04-28 19:16:49,2026-04-30 15:42:00,Hanford,1,2026-05-04 11:22:14
Rock Island Tailrace CHN,1,G72EC3026,2026-04-29 16:25:14,2026-05-01 15:43:00,Crescent Bar,1,2026-05-01 21:54:17
Rock Island Tailrace CHN,1,G72EC3026,2026-04-29 16:25:14,2026-05-01 15:43:00,Sunland,1,2026-05-02 13:25:12
Rock Island Tailrace CHN,1,G72EC3026,2026-04-29 16:25:14,2026-05-01 15:43:00,Wanapum BRZ,1,2026-05-04 05:40:38
Rock Island Tailrace CHN,1,G72EC3026,2026-04-29 16:25:14,2026-05-01 15:43:00,Mattawa,1,2026-05-06 18:12:07
Rock Island Tailrace CHN,1,G72EC3026,2026-04-29 16:25:14,2026-05-01 15:43:00,Priest BRZ,1,2026-05-07 08:43:12
Rock Island Tailrace CHN,1,G72EC3026,2026-04-29 16:25:14,2026-05-01 15:43:00,Lower Ringold,1,2026-05-08 03:41:40
Rock Island Tailrace CHN,1,G72EC3026,2026-04-29 16:25:14,2026-05-01 15:43:00,Hanford,1,2026-05-08 07:09:18
Rock Island Tailrace CHN,2,G72ED239D,2026-05-04 16:25:10,2026-05-06 16:04:00,Crescent Bar,1,2026-05-07 01:10:17
Rock Island Tailrace CHN,2,G72ED239D,2026-05-04 16:25:10,2026-05-06 16:04:00,Sunland,1,2026-05-08 08:56:13
Rock Island Tailrace CHN,2,G72ED239D,2026-05-04 16:25:10,2026-05-06 16:04:00,Wanapum BRZ,1,2026-05-10 05:21:28
Rock Island Tailrace CHN,2,G72ED239D,2026-05-04 16:25:10,2026-05-06 16:04:00,Mattawa,1,2026-05-10 07:39:14
Rock Island Tailrace CHN,2,G72ED239D,2026-05-04 16:25:10,2026-05-06 16:04:00,Priest BRZ,1,2026-05-10 23:05:21
Rock Island Tailrace CHN,2,G72ED239D,2026-05-04 16:25:10,2026-05-06 16:04:00,Lower Ringold,1,2026-05-11 13:36:20
Rock Island Tailrace CHN,2,G72ED239D,2026-05-04 16:25:10,2026-05-06 16:04:00,Hanford,1,2026-05-11 18:17:23
Rock Island Tailrace CHN,2,G72ED6A47,2026-05-02 16:41:02,2026-05-04 15:47:00,Crescent Bar,1,2026-05-05 07:47:13
Rock Island Tailrace CHN,2,G72ED6A47,2026-05-02 16:41:02,2026-05-04 15:47:00,Sunland,1,2026-05-06 04:25:07
Rock Island Tailrace CHN,2,G72ED6A47,2026-05-02 16:41:02,2026-05-04 15:47:00,Wanapum BRZ,1,2026-05-07 19:05:27
Rock Island Tailrace CHN,2,G72ED6A47,2026-05-02 16:41:02,2026-05-04 15:47:00,Mattawa,0,
Rock Island Tailrace CHN,2,G72ED6A47,2026-05-02 16:41:02,2026-05-04 15:47:00,Priest BRZ,0,
Rock Island Tailrace CHN,2,G72ED6A47,2026-05-02 16:41:02,2026-05-04 15:47:00,Lower Ringold,0,
Rock Island Tailrace CHN,2,G72ED6A47,2026-05-02 16:41:02,2026-05-04 15:47:00,Hanford,0,
Rock Island Tailrace CHN,1,G72EE796D,2026-05-03 18:12:50,2026-05-05 16:45:00,Crescent Bar,1,2026-05-06 05:31:22
Rock Island Tailrace CHN,1,G72EE796D,2026-05-03 18:12:50,2026-05-05 16:45:00,Sunland,1,2026-05-07 03:20:18
Rock Island Tailrace CHN,1,G72EE796D,2026-05-03 18:12:50,2026-05-05 16:45:00,Wanapum BRZ,1,2026-05-08 23:15:59
Rock Island Tailrace CHN,1,G72EE796D,2026-05-03 18:12:50,2026-05-05 16:45:00,Mattawa,1,2026-05-09 17:25:37
Rock Island Tailrace CHN,1,G72EE796D,2026-05-03 18:12:50,2026-05-05 16:45:00,Priest BRZ,1,2026-05-10 06:41:41
Rock Island Tailrace CHN,1,G72EE796D,2026-05-03 18:12:50,2026-05-05 16:45:00,Lower Ringold,1,2026-05-17 11:49:28
Rock Island Tailrace CHN,1,G72EE796D,2026-05-03 18:12:50,2026-05-05 16:45:00,Hanford,1,2026-05-17 17:33:08
Rock Island Tailrace CHN,3,G72EF975F,2026-05-01 16:57:10,2026-05-03 15:52:00,Crescent Bar,1,2026-05-04 11:43:00
Rock Island Tailrace CHN,3,G72EF975F,2026-05-01 16:57:10,2026-05-03 15:52:00,Sunland,1,2026-05-05 11:25:39
Rock Island Tailrace CHN,3,G72EF975F,2026-05-01 16:57:10,2026-05-03 15:52:00,Wanapum BRZ,1,2026-05-08 18:16:44
Rock Island Tailrace CHN,3,G72EF975F,2026-05-01 16:57:10,2026-05-03 15:52:00,Mattawa,1,2026-05-09 09:03:57
Rock Island Tailrace CHN,3,G72EF975F,2026-05-01 16:57:10,2026-05-03 15:52:00,Priest BRZ,1,2026-05-10 04:43:27
Rock Island Tailrace CHN,3,G72EF975F,2026-05-01 16:57:10,2026-05-03 15:52:00,Lower Ringold,1,2026-05-11 08:52:58
Rock Island Tailrace CHN,3,G72EF975F,2026-05-01 16:57:10,2026-05-03 15:52:00,Hanford,1,2026-05-11 12:22:42
Rock Island Tailrace CHN,2,G72F026C7,2026-04-28 18:38:34,2026-04-30 15:42:00,Crescent Bar,1,2026-05-01 00:42:23
Rock Island Tailrace CHN,2,G72F026C7,2026-04-28 18:38:34,2026-04-30 15:42:00,Sunland,1,2026-05-03 05:52:49
Rock Island Tailrace CHN,2,G72F026C7,2026-04-28 18:38:34,2026-04-30 15:42:00,Wanapum BRZ,1,2026-05-09 10:34:29
Rock Island Tailrace CHN,2,G72F026C7,2026-04-28 18:38:34,2026-04-30 15:42:00,Mattawa,0,
Rock Island Tailrace CHN,2,G72F026C7,2026-04-28 18:38:34,2026-04-30 15:42:00,Priest BRZ,0,
Rock Island Tailrace CHN,2,G72F026C7,2026-04-28 18:38:34,2026-04-30 15:42:00,Lower Ringold,0,
Rock Island Tailrace CHN,2,G72F026C7,2026-04-28 18:38:34,2026-04-30 15:42:00,Hanford,0,
Rock Island Tailrace CHN,3,G72F09A56,2026-04-30 16:08:07,2026-05-02 16:02:00,Crescent Bar,1,2026-05-03 06:25:31
Rock Island Tailrace CHN,3,G72F09A56,2026-04-30 16:08:07,2026-05-02 16:02:00,Sunland,1,2026-05-04 08:44:25
Rock Island Tailrace CHN,3,G72F09A56,2026-04-30 16:08:07,2026-05-02 16:02:00,Wanapum BRZ,1,2026-05-06 05:51:24
Rock Island Tailrace CHN,3,G72F09A56,2026-04-30 16:08:07,2026-05-02 16:02:00,Mattawa,1,2026-05-06 09:44:52
Rock Island Tailrace CHN,3,G72F09A56,2026-04-30 16:08:07,2026-05-02 16:02:00,Priest BRZ,1,2026-05-07 07:14:10
Rock Island Tailrace CHN,3,G72F09A56,2026-04-30 16:08:07,2026-05-02 16:02:00,Lower Ringold,1,2026-05-08 01:25:02
Rock Island Tailrace CHN,3,G72F09A56,2026-04-30 16:08:07,2026-05-02 16:02:00,Hanford,1,2026-05-08 04:54:12
Rock Island Tailrace CHN,1,G72F173E7,2026-04-28 18:51:21,2026-04-30 15:42:00,Crescent Bar,1,2026-05-01 03:43:11
Rock Island Tailrace CHN,1,G72F173E7,2026-04-28 18:51:21,2026-04-30 15:42:00,Sunland,1,2026-05-01 21:52:39
Rock Island Tailrace CHN,1,G72F173E7,2026-04-28 18:51:21,2026-04-30 15:42:00,Wanapum BRZ,0,
Rock Island Tailrace CHN,1,G72F173E7,2026-04-28 18:51:21,2026-04-30 15:42:00,Mattawa,0,
Rock Island Tailrace CHN,1,G72F173E7,2026-04-28 18:51:21,2026-04-30 15:42:00,Priest BRZ,0,
Rock Island Tailrace CHN,1,G72F173E7,2026-04-28 18:51:21,2026-04-30 15:42:00,Lower Ringold,0,
Rock Island Tailrace CHN,1,G72F173E7,2026-04-28 18:51:21,2026-04-30 15:42:00,Hanford,0,
Rock Island Tailrace CHN,1,G72F176D8,2026-05-02 17:05:14,2026-05-04 15:47:00,Crescent Bar,1,2026-05-05 00:34:39
Rock Island Tailrace CHN,1,G72F176D8,2026-05-02 17:05:14,2026-05-04 15:47:00,Sunland,1,2026-05-05 09:19:23
Rock Island Tailrace CHN,1,G72F176D8,2026-05-02 17:05:14,2026-05-04 15:47:00,Wanapum BRZ,1,2026-05-06 19:22:50
Rock Island Tailrace CHN,1,G72F176D8,2026-05-02 17:05:14,2026-05-04 15:47:00,Mattawa,1,2026-05-07 09:31:51
Rock Island Tailrace CHN,1,G72F176D8,2026-05-02 17:05:14,2026-05-04 15:47:00,Priest BRZ,1,2026-05-07 18:32:17
Rock Island Tailrace CHN,1,G72F176D8,2026-05-02 17:05:14,2026-05-04 15:47:00,Lower Ringold,1,2026-05-09 15:24:58
Rock Island Tailrace CHN,1,G72F176D8,2026-05-02 17:05:14,2026-05-04 15:47:00,Hanford,1,2026-05-09 18:39:40
Rock Island Tailrace CHN,1,G72F1F84B,2026-04-30 16:21:51,2026-05-02 16:02:00,Crescent Bar,1,2026-05-02 21:27:12
Rock Island Tailrace CHN,1,G72F1F84B,2026-04-30 16:21:51,2026-05-02 16:02:00,Sunland,1,2026-05-03 05:39:39
Rock Island Tailrace CHN,1,G72F1F84B,2026-04-30 16:21:51,2026-05-02 16:02:00,Wanapum BRZ,1,2026-05-06 03:24:20
Rock Island Tailrace CHN,1,G72F1F84B,2026-04-30 16:21:51,2026-05-02 16:02:00,Mattawa,1,2026-05-06 06:29:09
Rock Island Tailrace CHN,1,G72F1F84B,2026-04-30 16:21:51,2026-05-02 16:02:00,Priest BRZ,1,2026-05-07 01:55:14
Rock Island Tailrace CHN,1,G72F1F84B,2026-04-30 16:21:51,2026-05-02 16:02:00,Lower Ringold,1,2026-05-07 22:03:27
Rock Island Tailrace CHN,1,G72F1F84B,2026-04-30 16:21:51,2026-05-02 16:02:00,Hanford,1,2026-05-08 02:24:38
Rock Island Tailrace CHN,1,G72F351E9,2026-04-30 16:13:49,2026-05-02 16:02:00,Crescent Bar,1,2026-05-03 01:15:56
Rock Island Tailrace CHN,1,G72F351E9,2026-04-30 16:13:49,2026-05-02 16:02:00,Sunland,0,
Rock Island Tailrace CHN,1,G72F351E9,2026-04-30 16:13:49,2026-05-02 16:02:00,Wanapum BRZ,0,
Rock Island Tailrace CHN,1,G72F351E9,2026-04-30 16:13:49,2026-05-02 16:02:00,Mattawa,0,
Rock Island Tailrace CHN,1,G72F351E9,2026-04-30 16:13:49,2026-05-02 16:02:00,Priest BRZ,0,
Rock Island Tailrace CHN,1,G72F351E9,2026-04-30 16:13:49,2026-05-02 16:02:00,Lower Ringold,0,
Rock Island Tailrace CHN,1,G72F351E9,2026-04-30 16:13:49,2026-05-02 16:02:00,Hanford,0,
Rock Island Tailrace CHN,1,G72F3825C,2026-05-01 16:52:57,2026-05-03 15:52:00,Crescent Bar,1,2026-05-04 10:29:57
Rock Island Tailrace CHN,1,G72F3825C,2026-05-01 16:52:57,2026-05-03 15:52:00,Sunland,1,2026-05-05 10:04:14
Rock Island Tailrace CHN,1,G72F3825C,2026-05-01 16:52:57,2026-05-03 15:52:00,Wanapum BRZ,1,2026-05-09 10:39:43
Rock Island Tailrace CHN,1,G72F3825C,2026-05-01 16:52:57,2026-05-03 15:52:00,Mattawa,1,2026-05-09 13:28:16
Rock Island Tailrace CHN,1,G72F3825C,2026-05-01 16:52:57,2026-05-03 15:52:00,Priest BRZ,1,2026-05-10 05:59:57
Rock Island Tailrace CHN,1,G72F3825C,2026-05-01 16:52:57,2026-05-03 15:52:00,Lower Ringold,1,2026-05-10 20:17:35
Rock Island Tailrace CHN,1,G72F3825C,2026-05-01 16:52:57,2026-05-03 15:52:00,Hanford,1,2026-05-11 00:17:42
Rock Island Tailrace CHN,1,G72F3ABE3,2026-05-04 17:41:45,2026-05-06 16:04:00,Crescent Bar,1,2026-05-07 08:00:08
Rock Island Tailrace CHN,1,G72F3ABE3,2026-05-04 17:41:45,2026-05-06 16:04:00,Sunland,1,2026-05-07 22:29:02
Rock Island Tailrace CHN,1,G72F3ABE3,2026-05-04 17:41:45,2026-05-06 16:04:00,Wanapum BRZ,1,2026-05-08 20:17:00
Rock Island Tailrace CHN,1,G72F3ABE3,2026-05-04 17:41:45,2026-05-06 16:04:00,Mattawa,1,2026-05-09 01:05:01
Rock Island Tailrace CHN,1,G72F3ABE3,2026-05-04 17:41:45,2026-05-06 16:04:00,Priest BRZ,1,2026-05-09 13:10:46
Rock Island Tailrace CHN,1,G72F3ABE3,2026-05-04 17:41:45,2026-05-06 16:04:00,Lower Ringold,1,2026-05-10 22:06:49
Rock Island Tailrace CHN,1,G72F3ABE3,2026-05-04 17:41:45,2026-05-06 16:04:00,Hanford,1,2026-05-11 01:08:01
Rock Island Tailrace CHN,3,G72F44CE7,2026-05-05 15:34:51,2026-05-07 15:46:00,Crescent Bar,1,2026-05-08 08:30:57
Rock Island Tailrace CHN,3,G72F44CE7,2026-05-05 15:34:51,2026-05-07 15:46:00,Sunland,1,2026-05-09 12:14:10
Rock Island Tailrace CHN,3,G72F44CE7,2026-05-05 15:34:51,2026-05-07 15:46:00,Wanapum BRZ,1,2026-05-10 12:52:07
Rock Island Tailrace CHN,3,G72F44CE7,2026-05-05 15:34:51,2026-05-07 15:46:00,Mattawa,1,2026-05-14 12:39:27
Rock Island Tailrace CHN,3,G72F44CE7,2026-05-05 15:34:51,2026-05-07 15:46:00,Priest BRZ,0,
Rock Island Tailrace CHN,3,G72F44CE7,2026-05-05 15:34:51,2026-05-07 15:46:00,Lower Ringold,0,
Rock Island Tailrace CHN,3,G72F44CE7,2026-05-05 15:34:51,2026-05-07 15:46:00,Hanford,0,
Rock Island Tailrace CHN,2,G72F4A1F3,2026-05-03 17:55:41,2026-05-05 16:45:00,Crescent Bar,1,2026-05-06 01:58:54
Rock Island Tailrace CHN,2,G72F4A1F3,2026-05-03 17:55:41,2026-05-05 16:45:00,Sunland,1,2026-05-06 09:48:30
Rock Island Tailrace CHN,2,G72F4A1F3,2026-05-03 17:55:41,2026-05-05 16:45:00,Wanapum BRZ,1,2026-05-09 09:55:03
Rock Island Tailrace CHN,2,G72F4A1F3,2026-05-03 17:55:41,2026-05-05 16:45:00,Mattawa,1,2026-05-09 15:23:09
Rock Island Tailrace CHN,2,G72F4A1F3,2026-05-03 17:55:41,2026-05-05 16:45:00,Priest BRZ,1,2026-05-10 05:53:26
Rock Island Tailrace CHN,2,G72F4A1F3,2026-05-03 17:55:41,2026-05-05 16:45:00,Lower Ringold,1,2026-05-10 17:31:11
Rock Island Tailrace CHN,2,G72F4A1F3,2026-05-03 17:55:41,2026-05-05 16:45:00,Hanford,1,2026-05-10 23:11:52
Rock Island Tailrace CHN,1,G72F5AB49,2026-05-05 15:48:19,2026-05-07 15:46:00,Crescent Bar,1,2026-05-08 03:49:30
Rock Island Tailrace CHN,1,G72F5AB49,2026-05-05 15:48:19,2026-05-07 15:46:00,Sunland,1,2026-05-08 15:27:26
Rock Island Tailrace CHN,1,G72F5AB49,2026-05-05 15:48:19,2026-05-07 15:46:00,Wanapum BRZ,1,2026-05-11 08:33:28
Rock Island Tailrace CHN,1,G72F5AB49,2026-05-05 15:48:19,2026-05-07 15:46:00,Mattawa,1,2026-05-11 11:37:25
Rock Island Tailrace CHN,1,G72F5AB49,2026-05-05 15:48:19,2026-05-07 15:46:00,Priest BRZ,1,2026-05-12 06:11:06
Rock Island Tailrace CHN,1,G72F5AB49,2026-05-05 15:48:19,2026-05-07 15:46:00,Lower Ringold,1,2026-05-13 20:01:17
Rock Island Tailrace CHN,1,G72F5AB49,2026-05-05 15:48:19,2026-05-07 15:46:00,Hanford,1,2026-05-15 04:13:18
Rock Island Tailrace CHN,1,G72F5FB92,2026-04-29 16:06:07,2026-05-01 15:43:00,Crescent Bar,1,2026-05-02 03:45:08
Rock Island Tailrace CHN,1,G72F5FB92,2026-04-29 16:06:07,2026-05-01 15:43:00,Sunland,1,2026-05-03 01:01:41
Rock Island Tailrace CHN,1,G72F5FB92,2026-04-29 16:06:07,2026-05-01 15:43:00,Wanapum BRZ,1,2026-05-06 22:45:33
Rock Island Tailrace CHN,1,G72F5FB92,2026-04-29 16:06:07,2026-05-01 15:43:00,Mattawa,1,2026-05-07 02:36:10
Rock Island Tailrace CHN,1,G72F5FB92,2026-04-29 16:06:07,2026-05-01 15:43:00,Priest BRZ,1,2026-05-07 11:36:33
Rock Island Tailrace CHN,1,G72F5FB92,2026-04-29 16:06:07,2026-05-01 15:43:00,Lower Ringold,0,
Rock Island Tailrace CHN,1,G72F5FB92,2026-04-29 16:06:07,2026-05-01 15:43:00,Hanford,0,
Rock Island Tailrace CHN,1,G72F68F5E,2026-04-28 18:45:08,2026-04-30 15:42:00,Crescent Bar,1,2026-05-01 03:08:40
Rock Island Tailrace CHN,1,G72F68F5E,2026-04-28 18:45:08,2026-04-30 15:42:00,Sunland,1,2026-05-01 17:46:53
Rock Island Tailrace CHN,1,G72F68F5E,2026-04-28 18:45:08,2026-04-30 15:42:00,Wanapum BRZ,1,2026-05-03 01:27:28
Rock Island Tailrace CHN,1,G72F68F5E,2026-04-28 18:45:08,2026-04-30 15:42:00,Mattawa,1,2026-05-03 04:01:47
Rock Island Tailrace CHN,1,G72F68F5E,2026-04-28 18:45:08,2026-04-30 15:42:00,Priest BRZ,1,2026-05-03 13:54:59
Rock Island Tailrace CHN,1,G72F68F5E,2026-04-28 18:45:08,2026-04-30 15:42:00,Lower Ringold,1,2026-05-04 05:11:49
Rock Island Tailrace CHN,1,G72F68F5E,2026-04-28 18:45:08,2026-04-30 15:42:00,Hanford,1,2026-05-04 08:09:16
Rock Island Tailrace CHN,3,G72F72CD7,2026-05-04 15:53:44,2026-05-06 16:04:00,Crescent Bar,1,2026-05-07 07:23:35
Rock Island Tailrace CHN,3,G72F72CD7,2026-05-04 15:53:44,2026-05-06 16:04:00,Sunland,1,2026-05-08 09:39:07
Rock Island Tailrace CHN,3,G72F72CD7,2026-05-04 15:53:44,2026-05-06 16:04:00,Wanapum BRZ,1,2026-05-10 21:16:59
Rock Island Tailrace CHN,3,G72F72CD7,2026-05-04 15:53:44,2026-05-06 16:04:00,Mattawa,1,2026-05-11 02:40:08
Rock Island Tailrace CHN,3,G72F72CD7,2026-05-04 15:53:44,2026-05-06 16:04:00,Priest BRZ,1,2026-05-11 11:55:52
Rock Island Tailrace CHN,3,G72F72CD7,2026-05-04 15:53:44,2026-05-06 16:04:00,Lower Ringold,0,
Rock Island Tailrace CHN,3,G72F72CD7,2026-05-04 15:53:44,2026-05-06 16:04:00,Hanford,0,
Rock Island Tailrace CHN,1,G72F8F9A7,2026-05-05 15:53:47,2026-05-07 15:46:00,Crescent Bar,1,2026-05-08 06:29:50
Rock Island Tailrace CHN,1,G72F8F9A7,2026-05-05 15:53:47,2026-05-07 15:46:00,Sunland,1,2026-05-08 23:04:59
Rock Island Tailrace CHN,1,G72F8F9A7,2026-05-05 15:53:47,2026-05-07 15:46:00,Wanapum BRZ,1,2026-05-10 07:03:31
Rock Island Tailrace CHN,1,G72F8F9A7,2026-05-05 15:53:47,2026-05-07 15:46:00,Mattawa,1,2026-05-10 10:37:09
Rock Island Tailrace CHN,1,G72F8F9A7,2026-05-05 15:53:47,2026-05-07 15:46:00,Priest BRZ,1,2026-05-11 08:55:27
Rock Island Tailrace CHN,1,G72F8F9A7,2026-05-05 15:53:47,2026-05-07 15:46:00,Lower Ringold,1,2026-05-11 22:10:02
Rock Island Tailrace CHN,1,G72F8F9A7,2026-05-05 15:53:47,2026-05-07 15:46:00,Hanford,1,2026-05-12 04:09:56
Rock Island Tailrace CHN,1,G72F924C9,2026-05-03 17:56:44,2026-05-05 16:45:00,Crescent Bar,1,2026-05-05 23:54:32
Rock Island Tailrace CHN,1,G72F924C9,2026-05-03 17:56:44,2026-05-05 16:45:00,Sunland,1,2026-05-06 07:29:32
Rock Island Tailrace CHN,1,G72F924C9,2026-05-03 17:56:44,2026-05-05 16:45:00,Wanapum BRZ,1,2026-05-08 01:01:02
Rock Island Tailrace CHN,1,G72F924C9,2026-05-03 17:56:44,2026-05-05 16:45:00,Mattawa,1,2026-05-08 04:30:38
Rock Island Tailrace CHN,1,G72F924C9,2026-05-03 17:56:44,2026-05-05 16:45:00,Priest BRZ,1,2026-05-09 00:39:25
Rock Island Tailrace CHN,1,G72F924C9,2026-05-03 17:56:44,2026-05-05 16:45:00,Lower Ringold,1,2026-05-09 17:59:17
Rock Island Tailrace CHN,1,G72F924C9,2026-05-03 17:56:44,2026-05-05 16:45:00,Hanford,1,2026-05-10 00:43:33
Rock Island Tailrace CHN,1,G72F961B0,2026-04-29 16:27:33,2026-05-01 15:43:00,Crescent Bar,1,2026-05-02 08:11:37
Rock Island Tailrace CHN,1,G72F961B0,2026-04-29 16:27:33,2026-05-01 15:43:00,Sunland,1,2026-05-03 05:47:13
Rock Island Tailrace CHN,1,G72F961B0,2026-04-29 16:27:33,2026-05-01 15:43:00,Wanapum BRZ,1,2026-05-05 21:45:30
Rock Island Tailrace CHN,1,G72F961B0,2026-04-29 16:27:33,2026-05-01 15:43:00,Mattawa,1,2026-05-06 00:07:53
Rock Island Tailrace CHN,1,G72F961B0,2026-04-29 16:27:33,2026-05-01 15:43:00,Priest BRZ,1,2026-05-06 13:09:13
Rock Island Tailrace CHN,1,G72F961B0,2026-04-29 16:27:33,2026-05-01 15:43:00,Lower Ringold,1,2026-05-07 01:16:00
Rock Island Tailrace CHN,1,G72F961B0,2026-04-29 16:27:33,2026-05-01 15:43:00,Hanford,1,2026-05-07 04:48:06
Rock Island Tailrace CHN,2,G72FB3FE5,2026-05-02 16:59:12,2026-05-04 15:47:00,Crescent Bar,1,2026-05-05 07:13:28
Rock Island Tailrace CHN,2,G72FB3FE5,2026-05-02 16:59:12,2026-05-04 15:47:00,Sunland,1,2026-05-06 11:57:09
Rock Island Tailrace CHN,2,G72FB3FE5,2026-05-02 16:59:12,2026-05-04 15:47:00,Wanapum BRZ,1,2026-05-08 19:38:38
Rock Island Tailrace CHN,2,G72FB3FE5,2026-05-02 16:59:12,2026-05-04 15:47:00,Mattawa,1,2026-05-09 06:24:37
Rock Island Tailrace CHN,2,G72FB3FE5,2026-05-02 16:59:12,2026-05-04 15:47:00,Priest BRZ,1,2026-05-09 20:01:09
Rock Island Tailrace CHN,2,G72FB3FE5,2026-05-02 16:59:12,2026-05-04 15:47:00,Lower Ringold,1,2026-05-10 09:18:08
Rock Island Tailrace CHN,2,G72FB3FE5,2026-05-02 16:59:12,2026-05-04 15:47:00,Hanford,1,2026-05-10 11:48:08
Rock Island Tailrace STH,2,G7200F5EB,2026-05-04 18:47:45,2026-05-06 16:04:00,Crescent Bar,1,2026-05-06 23:08:35
Rock Island Tailrace STH,2,G7200F5EB,2026-05-04 18:47:45,2026-05-06 16:04:00,Sunland,1,2026-05-07 11:25:34
Rock Island Tailrace STH,2,G7200F5EB,2026-05-04 18:47:45,2026-05-06 16:04:00,Wanapum BRZ,1,2026-05-09 14:29:44
Rock Island Tailrace STH,2,G7200F5EB,2026-05-04 18:47:45,2026-05-06 16:04:00,Mattawa,1,2026-05-09 23:25:54
Rock Island Tailrace STH,2,G7200F5EB,2026-05-04 18:47:45,2026-05-06 16:04:00,Priest BRZ,1,2026-05-10 09:32:24
Rock Island Tailrace STH,2,G7200F5EB,2026-05-04 18:47:45,2026-05-06 16:04:00,Lower Ringold,1,2026-05-10 21:42:01
Rock Island Tailrace STH,2,G7200F5EB,2026-05-04 18:47:45,2026-05-06 16:04:00,Hanford,1,2026-05-11 05:33:08
Rock Island Tailrace STH,2,G7202172F,2026-05-03 18:59:48,2026-05-05 16:45:00,Crescent Bar,1,2026-05-05 22:27:19
Rock Island Tailrace STH,2,G7202172F,2026-05-03 18:59:48,2026-05-05 16:45:00,Sunland,1,2026-05-06 12:58:18
Rock Island Tailrace STH,2,G7202172F,2026-05-03 18:59:48,2026-05-05 16:45:00,Wanapum BRZ,1,2026-05-07 16:54:17
Rock Island Tailrace STH,2,G7202172F,2026-05-03 18:59:48,2026-05-05 16:45:00,Mattawa,1,2026-05-07 19:38:47
Rock Island Tailrace STH,2,G7202172F,2026-05-03 18:59:48,2026-05-05 16:45:00,Priest BRZ,1,2026-05-08 07:33:24
Rock Island Tailrace STH,2,G7202172F,2026-05-03 18:59:48,2026-05-05 16:45:00,Lower Ringold,1,2026-05-09 23:24:09
Rock Island Tailrace STH,2,G7202172F,2026-05-03 18:59:48,2026-05-05 16:45:00,Hanford,1,2026-05-10 03:32:40
Rock Island Tailrace STH,2,G72037532,2026-05-07 17:42:57,2026-05-09 15:47:00,Crescent Bar,1,2026-05-10 00:26:29
Rock Island Tailrace STH,2,G72037532,2026-05-07 17:42:57,2026-05-09 15:47:00,Sunland,1,2026-05-10 11:25:29
Rock Island Tailrace STH,2,G72037532,2026-05-07 17:42:57,2026-05-09 15:47:00,Wanapum BRZ,1,2026-05-11 12:01:40
Rock Island Tailrace STH,2,G72037532,2026-05-07 17:42:57,2026-05-09 15:47:00,Mattawa,1,2026-05-11 15:21:10
Rock Island Tailrace STH,2,G72037532,2026-05-07 17:42:57,2026-05-09 15:47:00,Priest BRZ,1,2026-05-13 11:33:57
Rock Island Tailrace STH,2,G72037532,2026-05-07 17:42:57,2026-05-09 15:47:00,Lower Ringold,1,2026-05-13 23:25:32
Rock Island Tailrace STH,2,G72037532,2026-05-07 17:42:57,2026-05-09 15:47:00,Hanford,1,2026-05-14 03:44:22
Rock Island Tailrace STH,2,G7203FD7C,2026-05-09 17:46:13,2026-05-11 15:52:00,Crescent Bar,1,2026-05-12 00:13:11
Rock Island Tailrace STH,2,G7203FD7C,2026-05-09 17:46:13,2026-05-11 15:52:00,Sunland,1,2026-05-12 10:12:30
Rock Island Tailrace STH,2,G7203FD7C,2026-05-09 17:46:13,2026-05-11 15:52:00,Wanapum BRZ,1,2026-05-13 19:52:05
Rock Island Tailrace STH,2,G7203FD7C,2026-05-09 17:46:13,2026-05-11 15:52:00,Mattawa,1,2026-05-14 11:53:45
Rock Island Tailrace STH,2,G7203FD7C,2026-05-09 17:46:13,2026-05-11 15:52:00,Priest BRZ,1,2026-05-14 22:52:32
Rock Island Tailrace STH,2,G7203FD7C,2026-05-09 17:46:13,2026-05-11 15:52:00,Lower Ringold,0,
Rock Island Tailrace STH,2,G7203FD7C,2026-05-09 17:46:13,2026-05-11 15:52:00,Hanford,0,
Rock Island Tailrace STH,1,G72046EE1,2026-05-03 18:57:53,2026-05-05 16:45:00,Crescent Bar,1,2026-05-06 07:35:39
Rock Island Tailrace STH,1,G72046EE1,2026-05-03 18:57:53,2026-05-05 16:45:00,Sunland,1,2026-05-06 18:11:00
Rock Island Tailrace STH,1,G72046EE1,2026-05-03 18:57:53,2026-05-05 16:45:00,Wanapum BRZ,1,2026-05-08 13:12:47
Rock Island Tailrace STH,1,G72046EE1,2026-05-03 18:57:53,2026-05-05 16:45:00,Mattawa,1,2026-05-09 03:03:42
Rock Island Tailrace STH,1,G72046EE1,2026-05-03 18:57:53,2026-05-05 16:45:00,Priest BRZ,1,2026-05-09 13:06:02
Rock Island Tailrace STH,1,G72046EE1,2026-05-03 18:57:53,2026-05-05 16:45:00,Lower Ringold,1,2026-05-10 12:24:51
Rock Island Tailrace STH,1,G72046EE1,2026-05-03 18:57:53,2026-05-05 16:45:00,Hanford,1,2026-05-10 15:03:31
Rock Island Tailrace STH,1,G7204FA91,2026-05-05 17:28:06,2026-05-07 15:46:00,Crescent Bar,0,
Rock Island Tailrace STH,1,G7204FA91,2026-05-05 17:28:06,2026-05-07 15:46:00,Sunland,0,
Rock Island Tailrace STH,1,G7204FA91,2026-05-05 17:28:06,2026-05-07 15:46:00,Wanapum BRZ,0,
Rock Island Tailrace STH,1,G7204FA91,2026-05-05 17:28:06,2026-05-07 15:46:00,Mattawa,0,
Rock Island Tailrace STH,1,G7204FA91,2026-05-05 17:28:06,2026-05-07 15:46:00,Priest BRZ,0,
Rock Island Tailrace STH,1,G7204FA91,2026-05-05 17:28:06,2026-05-07 15:46:00,Lower Ringold,0,
Rock Island Tailrace STH,1,G7204FA91,2026-05-05 17:28:06,2026-05-07 15:46:00,Hanford,0,
Rock Island Tailrace STH,1,G720510C2,2026-05-03 19:30:04,2026-05-05 16:45:00,Crescent Bar,1,2026-05-07 00:42:47
Rock Island Tailrace STH,1,G720510C2,2026-05-03 19:30:04,2026-05-05 16:45:00,Sunland,1,2026-05-07 15:06:14
Rock Island Tailrace STH,1,G720510C2,2026-05-03 19:30:04,2026-05-05 16:45:00,Wanapum BRZ,1,2026-05-09 11:27:54
Rock Island Tailrace STH,1,G720510C2,2026-05-03 19:30:04,2026-05-05 16:45:00,Mattawa,1,2026-05-10 01:45:30
Rock Island Tailrace STH,1,G720510C2,2026-05-03 19:30:04,2026-05-05 16:45:00,Priest BRZ,1,2026-05-10 10:55:35
Rock Island Tailrace STH,1,G720510C2,2026-05-03 19:30:04,2026-05-05 16:45:00,Lower Ringold,1,2026-05-10 21:41:31
Rock Island Tailrace STH,1,G720510C2,2026-05-03 19:30:04,2026-05-05 16:45:00,Hanford,1,2026-05-11 00:34:41
Rock Island Tailrace STH,1,G72058BF3,2026-05-05 17:35:37,2026-05-07 15:46:00,Crescent Bar,1,2026-05-07 23:39:41
Rock Island Tailrace STH,1,G72058BF3,2026-05-05 17:35:37,2026-05-07 15:46:00,Sunland,1,2026-05-08 12:56:03
Rock Island Tailrace STH,1,G72058BF3,2026-05-05 17:35:37,2026-05-07 15:46:00,Wanapum BRZ,1,2026-05-09 09:13:08
Rock Island Tailrace STH,1,G72058BF3,2026-05-05 17:35:37,2026-05-07 15:46:00,Mattawa,1,2026-05-10 07:10:01
Rock Island Tailrace STH,1,G72058BF3,2026-05-05 17:35:37,2026-05-07 15:46:00,Priest BRZ,1,2026-05-11 03:53:18
Rock Island Tailrace STH,1,G72058BF3,2026-05-05 17:35:37,2026-05-07 15:46:00,Lower Ringold,1,2026-05-11 23:10:22
Rock Island Tailrace STH,1,G72058BF3,2026-05-05 17:35:37,2026-05-07 15:46:00,Hanford,1,2026-05-12 01:37:07
Rock Island Tailrace STH,2,G720753F7,2026-05-09 17:46:35,2026-05-11 15:52:00,Crescent Bar,1,2026-05-12 06:34:13
Rock Island Tailrace STH,2,G720753F7,2026-05-09 17:46:35,2026-05-11 15:52:00,Sunland,1,2026-05-12 17:08:52
Rock Island Tailrace STH,2,G720753F7,2026-05-09 17:46:35,2026-05-11 15:52:00,Wanapum BRZ,1,2026-05-13 18:50:13
Rock Island Tailrace STH,2,G720753F7,2026-05-09 17:46:35,2026-05-11 15:52:00,Mattawa,1,2026-05-14 05:17:34
Rock Island Tailrace STH,2,G720753F7,2026-05-09 17:46:35,2026-05-11 15:52:00,Priest BRZ,1,2026-05-15 05:27:34
Rock Island Tailrace STH,2,G720753F7,2026-05-09 17:46:35,2026-05-11 15:52:00,Lower Ringold,1,2026-05-15 18:03:20
Rock Island Tailrace STH,2,G720753F7,2026-05-09 17:46:35,2026-05-11 15:52:00,Hanford,1,2026-05-15 21:30:00
Rock Island Tailrace STH,3,G720853EF,2026-05-08 20:27:29,2026-05-10 15:37:00,Crescent Bar,1,2026-05-11 00:09:25
Rock Island Tailrace STH,3,G720853EF,2026-05-08 20:27:29,2026-05-10 15:37:00,Sunland,1,2026-05-11 13:17:48
Rock Island Tailrace STH,3,G720853EF,2026-05-08 20:27:29,2026-05-10 15:37:00,Wanapum BRZ,1,2026-05-12 18:45:47
Rock Island Tailrace STH,3,G720853EF,2026-05-08 20:27:29,2026-05-10 15:37:00,Mattawa,1,2026-05-14 16:39:33
Rock Island Tailrace STH,3,G720853EF,2026-05-08 20:27:29,2026-05-10 15:37:00,Priest BRZ,1,2026-05-15 04:22:45
Rock Island Tailrace STH,3,G720853EF,2026-05-08 20:27:29,2026-05-10 15:37:00,Lower Ringold,1,2026-05-15 16:55:12
Rock Island Tailrace STH,3,G720853EF,2026-05-08 20:27:29,2026-05-10 15:37:00,Hanford,1,2026-05-15 19:41:15
Rock Island Tailrace STH,3,G72086730,2026-05-08 20:23:32,2026-05-10 15:37:00,Crescent Bar,1,2026-05-11 00:00:43
Rock Island Tailrace STH,3,G72086730,2026-05-08 20:23:32,2026-05-10 15:37:00,Sunland,1,2026-05-11 13:54:53
Rock Island Tailrace STH,3,G72086730,2026-05-08 20:23:32,2026-05-10 15:37:00,Wanapum BRZ,1,2026-05-12 04:29:00
Rock Island Tailrace STH,3,G72086730,2026-05-08 20:23:32,2026-05-10 15:37:00,Mattawa,1,2026-05-12 08:53:33
Rock Island Tailrace STH,3,G72086730,2026-05-08 20:23:32,2026-05-10 15:37:00,Priest BRZ,1,2026-05-13 06:07:51
Rock Island Tailrace STH,3,G72086730,2026-05-08 20:23:32,2026-05-10 15:37:00,Lower Ringold,0,
Rock Island Tailrace STH,3,G72086730,2026-05-08 20:23:32,2026-05-10 15:37:00,Hanford,0,
Rock Island Tailrace STH,1,G7208BD19,2026-05-04 18:45:47,2026-05-06 16:04:00,Crescent Bar,1,2026-05-07 09:57:40
Rock Island Tailrace STH,1,G7208BD19,2026-05-04 18:45:47,2026-05-06 16:04:00,Sunland,1,2026-05-07 20:25:16
Rock Island Tailrace STH,1,G7208BD19,2026-05-04 18:45:47,2026-05-06 16:04:00,Wanapum BRZ,1,2026-05-08 18:45:10
Rock Island Tailrace STH,1,G7208BD19,2026-05-04 18:45:47,2026-05-06 16:04:00,Mattawa,1,2026-05-09 02:29:42
Rock Island Tailrace STH,1,G7208BD19,2026-05-04 18:45:47,2026-05-06 16:04:00,Priest BRZ,1,2026-05-09 14:25:19
Rock Island Tailrace STH,1,G7208BD19,2026-05-04 18:45:47,2026-05-06 16:04:00,Lower Ringold,1,2026-05-12 03:31:09
Rock Island Tailrace STH,1,G7208BD19,2026-05-04 18:45:47,2026-05-06 16:04:00,Hanford,1,2026-05-12 06:43:34
Rock Island Tailrace STH,1,G72091BAF,2026-05-05 17:40:27,2026-05-07 15:46:00,Crescent Bar,1,2026-05-07 22:37:23
Rock Island Tailrace STH,1,G72091BAF,2026-05-05 17:40:27,2026-05-07 15:46:00,Sunland,1,2026-05-08 10:29:15
Rock Island Tailrace STH,1,G72091BAF,2026-05-05 17:40:27,2026-05-07 15:46:00,Wanapum BRZ,1,2026-05-08 23:43:09
Rock Island Tailrace STH,1,G72091BAF,2026-05-05 17:40:27,2026-05-07 15:46:00,Mattawa,1,2026-05-09 06:41:12
Rock Island Tailrace STH,1,G72091BAF,2026-05-05 17:40:27,2026-05-07 15:46:00,Priest BRZ,1,2026-05-10 04:35:55
Rock Island Tailrace STH,1,G72091BAF,2026-05-05 17:40:27,2026-05-07 15:46:00,Lower Ringold,1,2026-05-10 15:51:19
Rock Island Tailrace STH,1,G72091BAF,2026-05-05 17:40:27,2026-05-07 15:46:00,Hanford,1,2026-05-10 18:15:55
Rock Island Tailrace STH,1,G72096395,2026-05-03 19:07:40,2026-05-05 16:45:00,Crescent Bar,0,
Rock Island Tailrace STH,1,G72096395,2026-05-03 19:07:40,2026-05-05 16:45:00,Sunland,0,
Rock Island Tailrace STH,1,G72096395,2026-05-03 19:07:40,2026-05-05 16:45:00,Wanapum BRZ,0,
Rock Island Tailrace STH,1,G72096395,2026-05-03 19:07:40,2026-05-05 16:45:00,Mattawa,0,
Rock Island Tailrace STH,1,G72096395,2026-05-03 19:07:40,2026-05-05 16:45:00,Priest BRZ,0,
Rock Island Tailrace STH,1,G72096395,2026-05-03 19:07:40,2026-05-05 16:45:00,Lower Ringold,0,
Rock Island Tailrace STH,1,G72096395,2026-05-03 19:07:40,2026-05-05 16:45:00,Hanford,0,
Rock Island Tailrace STH,1,G7209F559,2026-05-07 17:56:39,2026-05-09 15:47:00,Crescent Bar,1,2026-05-09 21:08:59
Rock Island Tailrace STH,1,G7209F559,2026-05-07 17:56:39,2026-05-09 15:47:00,Sunland,1,2026-05-10 04:47:51
Rock Island Tailrace STH,1,G7209F559,2026-05-07 17:56:39,2026-05-09 15:47:00,Wanapum BRZ,1,2026-05-11 17:57:45
Rock Island Tailrace STH,1,G7209F559,2026-05-07 17:56:39,2026-05-09 15:47:00,Mattawa,1,2026-05-11 20:21:53
Rock Island Tailrace STH,1,G7209F559,2026-05-07 17:56:39,2026-05-09 15:47:00,Priest BRZ,1,2026-05-12 01:40:39
Rock Island Tailrace STH,1,G7209F559,2026-05-07 17:56:39,2026-05-09 15:47:00,Lower Ringold,1,2026-05-12 14:09:44
Rock Island Tailrace STH,1,G7209F559,2026-05-07 17:56:39,2026-05-09 15:47:00,Hanford,1,2026-05-12 18:17:25
Rock Island Tailrace STH,3,G720A5641,2026-05-09 17:55:48,2026-05-11 15:52:00,Crescent Bar,1,2026-05-12 02:10:44
Rock Island Tailrace STH,3,G720A5641,2026-05-09 17:55:48,2026-05-11 15:52:00,Sunland,1,2026-05-12 11:33:34
Rock Island Tailrace STH,3,G720A5641,2026-05-09 17:55:48,2026-05-11 15:52:00,Wanapum BRZ,1,2026-05-14 04:43:47
Rock Island Tailrace STH,3,G720A5641,2026-05-09 17:55:48,2026-05-11 15:52:00,Mattawa,1,2026-05-14 09:09:14
Rock Island Tailrace STH,3,G720A5641,2026-05-09 17:55:48,2026-05-11 15:52:00,Priest BRZ,1,2026-05-16 09:46:33
Rock Island Tailrace STH,3,G720A5641,2026-05-09 17:55:48,2026-05-11 15:52:00,Lower Ringold,1,2026-05-16 23:34:22
Rock Island Tailrace STH,3,G720A5641,2026-05-09 17:55:48,2026-05-11 15:52:00,Hanford,1,2026-05-17 02:18:04
Rock Island Tailrace STH,3,G720B8DF2,2026-05-09 18:12:31,2026-05-11 15:52:00,Crescent Bar,1,2026-05-12 01:53:17
Rock Island Tailrace STH,3,G720B8DF2,2026-05-09 18:12:31,2026-05-11 15:52:00,Sunland,1,2026-05-12 10:42:14
Rock Island Tailrace STH,3,G720B8DF2,2026-05-09 18:12:31,2026-05-11 15:52:00,Wanapum BRZ,1,2026-05-13 21:31:23
Rock Island Tailrace STH,3,G720B8DF2,2026-05-09 18:12:31,2026-05-11 15:52:00,Mattawa,1,2026-05-14 01:36:38
Rock Island Tailrace STH,3,G720B8DF2,2026-05-09 18:12:31,2026-05-11 15:52:00,Priest BRZ,1,2026-05-14 09:46:37
Rock Island Tailrace STH,3,G720B8DF2,2026-05-09 18:12:31,2026-05-11 15:52:00,Lower Ringold,1,2026-05-14 23:18:48
Rock Island Tailrace STH,3,G720B8DF2,2026-05-09 18:12:31,2026-05-11 15:52:00,Hanford,1,2026-05-15 02:27:57
Rock Island Tailrace STH,3,G720BCB69,2026-05-10 17:10:40,2026-05-12 15:36:00,Crescent Bar,1,2026-05-12 22:49:12
Rock Island Tailrace STH,3,G720BCB69,2026-05-10 17:10:40,2026-05-12 15:36:00,Sunland,1,2026-05-13 11:25:49
Rock Island Tailrace STH,3,G720BCB69,2026-05-10 17:10:40,2026-05-12 15:36:00,Wanapum BRZ,1,2026-05-14 14:46:01
Rock Island Tailrace STH,3,G720BCB69,2026-05-10 17:10:40,2026-05-12 15:36:00,Mattawa,1,2026-05-15 09:11:12
Rock Island Tailrace STH,3,G720BCB69,2026-05-10 17:10:40,2026-05-12 15:36:00,Priest BRZ,1,2026-05-15 18:33:45
Rock Island Tailrace STH,3,G720BCB69,2026-05-10 17:10:40,2026-05-12 15:36:00,Lower Ringold,1,2026-05-16 06:53:24
Rock Island Tailrace STH,3,G720BCB69,2026-05-10 17:10:40,2026-05-12 15:36:00,Hanford,1,2026-05-16 12:38:59
Rock Island Tailrace STH,3,G720BFBD7,2026-05-09 18:13:18,2026-05-11 15:52:00,Crescent Bar,1,2026-05-12 06:46:26
Rock Island Tailrace STH,3,G720BFBD7,2026-05-09 18:13:18,2026-05-11 15:52:00,Sunland,1,2026-05-12 17:05:13
Rock Island Tailrace STH,3,G720BFBD7,2026-05-09 18:13:18,2026-05-11 15:52:00,Wanapum BRZ,1,2026-05-13 14:53:07
Rock Island Tailrace STH,3,G720BFBD7,2026-05-09 18:13:18,2026-05-11 15:52:00,Mattawa,1,2026-05-13 21:34:10
Rock Island Tailrace STH,3,G720BFBD7,2026-05-09 18:13:18,2026-05-11 15:52:00,Priest BRZ,1,2026-05-14 08:56:22
Rock Island Tailrace STH,3,G720BFBD7,2026-05-09 18:13:18,2026-05-11 15:52:00,Lower Ringold,1,2026-05-15 08:34:01
Rock Island Tailrace STH,3,G720BFBD7,2026-05-09 18:13:18,2026-05-11 15:52:00,Hanford,1,2026-05-15 11:44:31
Rock Island Tailrace STH,1,G720C9240,2026-05-10 17:19:37,2026-05-12 15:36:00,Crescent Bar,1,2026-05-12 23:14:06
Rock Island Tailrace STH,1,G720C9240,2026-05-10 17:19:37,2026-05-12 15:36:00,Sunland,1,2026-05-13 10:58:55
Rock Island Tailrace STH,1,G720C9240,2026-05-10 17:19:37,2026-05-12 15:36:00,Wanapum BRZ,1,2026-05-14 19:30:50
Rock Island Tailrace STH,1,G720C9240,2026-05-10 17:19:37,2026-05-12 15:36:00,Mattawa,1,2026-05-17 05:05:45
Rock Island Tailrace STH,1,G720C9240,2026-05-10 17:19:37,2026-05-12 15:36:00,Priest BRZ,1,2026-05-17 19:09:43
Rock Island Tailrace STH,1,G720C9240,2026-05-10 17:19:37,2026-05-12 15:36:00,Lower Ringold,1,2026-05-18 07:08:44
Rock Island Tailrace STH,1,G720C9240,2026-05-10 17:19:37,2026-05-12 15:36:00,Hanford,1,2026-05-18 10:31:07
Rock Island Tailrace STH,3,G720D8678,2026-05-03 19:31:00,2026-05-05 16:45:00,Crescent Bar,1,2026-05-05 22:58:26
Rock Island Tailrace STH,3,G720D8678,2026-05-03 19:31:00,2026-05-05 16:45:00,Sunland,1,2026-05-06 09:41:08
Rock Island Tailrace STH,3,G720D8678,2026-05-03 19:31:00,2026-05-05 16:45:00,Wanapum BRZ,1,2026-05-07 04:57:56
Rock Island Tailrace STH,3,G720D8678,2026-05-03 19:31:00,2026-05-05 16:45:00,Mattawa,1,2026-05-07 12:10:19
Rock Island Tailrace STH,3,G720D8678,2026-05-03 19:31:00,2026-05-05 16:45:00,Priest BRZ,1,2026-05-08 09:53:03
Rock Island Tailrace STH,3,G720D8678,2026-05-03 19:31:00,2026-05-05 16:45:00,Lower Ringold,1,2026-05-08 22:31:08
Rock Island Tailrace STH,3,G720D8678,2026-05-03 19:31:00,2026-05-05 16:45:00,Hanford,1,2026-05-09 01:28:25
Rock Island Tailrace STH,3,G720D96E5,2026-05-07 17:42:35,2026-05-09 15:47:00,Crescent Bar,1,2026-05-09 21:00:07
Rock Island Tailrace STH,3,G720D96E5,2026-05-07 17:42:35,2026-05-09 15:47:00,Sunland,1,2026-05-10 03:43:56
Rock Island Tailrace STH,3,G720D96E5,2026-05-07 17:42:35,2026-05-09 15:47:00,Wanapum BRZ,1,2026-05-12 18:54:35
Rock Island Tailrace STH,3,G720D96E5,2026-05-07 17:42:35,2026-05-09 15:47:00,Mattawa,1,2026-05-13 06:38:47
Rock Island Tailrace STH,3,G720D96E5,2026-05-07 17:42:35,2026-05-09 15:47:00,Priest BRZ,1,2026-05-14 01:01:30
Rock Island Tailrace STH,3,G720D96E5,2026-05-07 17:42:35,2026-05-09 15:47:00,Lower Ringold,1,2026-05-15 07:53:36
Rock Island Tailrace STH,3,G720D96E5,2026-05-07 17:42:35,2026-05-09 15:47:00,Hanford,1,2026-05-15 10:58:24
Rock Island Tailrace STH,3,G720E68DB,2026-05-04 18:23:52,2026-05-06 16:04:00,Crescent Bar,1,2026-05-06 21:01:10
Rock Island Tailrace STH,3,G720E68DB,2026-05-04 18:23:52,2026-05-06 16:04:00,Sunland,1,2026-05-07 09:03:11
Rock Island Tailrace STH,3,G720E68DB,2026-05-04 18:23:52,2026-05-06 16:04:00,Wanapum BRZ,1,2026-05-08 01:23:38
Rock Island Tailrace STH,3,G720E68DB,2026-05-04 18:23:52,2026-05-06 16:04:00,Mattawa,0,
Rock Island Tailrace STH,3,G720E68DB,2026-05-04 18:23:52,2026-05-06 16:04:00,Priest BRZ,0,
Rock Island Tailrace STH,3,G720E68DB,2026-05-04 18:23:52,2026-05-06 16:04:00,Lower Ringold,0,
Rock Island Tailrace STH,3,G720E68DB,2026-05-04 18:23:52,2026-05-06 16:04:00,Hanford,0,
Rock Island Tailrace STH,3,G720FA98B,2026-05-09 18:09:27,2026-05-11 15:52:00,Crescent Bar,1,2026-05-12 00:17:15
Rock Island Tailrace STH,3,G720FA98B,2026-05-09 18:09:27,2026-05-11 15:52:00,Sunland,1,2026-05-12 11:12:55
Rock Island Tailrace STH,3,G720FA98B,2026-05-09 18:09:27,2026-05-11 15:52:00,Wanapum BRZ,0,
Rock Island Tailrace STH,3,G720FA98B,2026-05-09 18:09:27,2026-05-11 15:52:00,Mattawa,0,
Rock Island Tailrace STH,3,G720FA98B,2026-05-09 18:09:27,2026-05-11 15:52:00,Priest BRZ,0,
Rock Island Tailrace STH,3,G720FA98B,2026-05-09 18:09:27,2026-05-11 15:52:00,Lower Ringold,0,
Rock Island Tailrace STH,3,G720FA98B,2026-05-09 18:09:27,2026-05-11 15:52:00,Hanford,0,
Rock Island Tailrace STH,3,G720FBBAA,2026-05-04 18:27:42,2026-05-06 16:04:00,Crescent Bar,1,2026-05-07 01:41:07
Rock Island Tailrace STH,3,G720FBBAA,2026-05-04 18:27:42,2026-05-06 16:04:00,Sunland,1,2026-05-07 12:23:44
Rock Island Tailrace STH,3,G720FBBAA,2026-05-04 18:27:42,2026-05-06 16:04:00,Wanapum BRZ,1,2026-05-08 18:45:45
Rock Island Tailrace STH,3,G720FBBAA,2026-05-04 18:27:42,2026-05-06 16:04:00,Mattawa,1,2026-05-09 06:42:17
Rock Island Tailrace STH,3,G720FBBAA,2026-05-04 18:27:42,2026-05-06 16:04:00,Priest BRZ,0,
Rock Island Tailrace STH,3,G720FBBAA,2026-05-04 18:27:42,2026-05-06 16:04:00,Lower Ringold,0,
Rock Island Tailrace STH,3,G720FBBAA,2026-05-04 18:27:42,2026-05-06 16:04:00,Hanford,0,
Rock Island Tailrace STH,3,G720FDA91,2026-05-10 17:34:53,2026-05-12 15:36:00,Crescent Bar,1,2026-05-12 22:30:54
Rock Island Tailrace STH,3,G720FDA91,2026-05-10 17:34:53,2026-05-12 15:36:00,Sunland,1,2026-05-13 14:23:48
Rock Island Tailrace STH,3,G720FDA91,2026-05-10 17:34:53,2026-05-12 15:36:00,Wanapum BRZ,1,2026-05-16 13:12:57
Rock Island Tailrace STH,3,G720FDA91,2026-05-10 17:34:53,2026-05-12 15:36:00,Mattawa,0,
Rock Island Tailrace STH,3,G720FDA91,2026-05-10 17:34:53,2026-05-12 15:36:00,Priest BRZ,0,
Rock Island Tailrace STH,3,G720FDA91,2026-05-10 17:34:53,2026-05-12 15:36:00,Lower Ringold,0,
Rock Island Tailrace STH,3,G720FDA91,2026-05-10 17:34:53,2026-05-12 15:36:00,Hanford,0,
Rock Island Tailrace STH,2,G72136D81,2026-05-07 17:49:23,2026-05-09 15:47:00,Crescent Bar,1,2026-05-10 00:04:24
Rock Island Tailrace STH,2,G72136D81,2026-05-07 17:49:23,2026-05-09 15:47:00,Sunland,1,2026-05-10 10:14:01
Rock Island Tailrace STH,2,G72136D81,2026-05-07 17:49:23,2026-05-09 15:47:00,Wanapum BRZ,1,2026-05-11 11:23:58
Rock Island Tailrace STH,2,G72136D81,2026-05-07 17:49:23,2026-05-09 15:47:00,Mattawa,1,2026-05-19 20:01:59
Rock Island Tailrace STH,2,G72136D81,2026-05-07 17:49:23,2026-05-09 15:47:00,Priest BRZ,1,2026-05-20 06:10:44
Rock Island Tailrace STH,2,G72136D81,2026-05-07 17:49:23,2026-05-09 15:47:00,Lower Ringold,1,2026-05-20 17:37:39
Rock Island Tailrace STH,2,G72136D81,2026-05-07 17:49:23,2026-05-09 15:47:00,Hanford,1,2026-05-20 20:13:39
Rock Island Tailrace STH,3,G721559F4,2026-05-07 17:45:09,2026-05-09 15:47:00,Crescent Bar,1,2026-05-09 23:27:26
Rock Island Tailrace STH,3,G721559F4,2026-05-07 17:45:09,2026-05-09 15:47:00,Sunland,1,2026-05-10 09:07:56
Rock Island Tailrace STH,3,G721559F4,2026-05-07 17:45:09,2026-05-09 15:47:00,Wanapum BRZ,0,
Rock Island Tailrace STH,3,G721559F4,2026-05-07 17:45:09,2026-05-09 15:47:00,Mattawa,0,
Rock Island Tailrace STH,3,G721559F4,2026-05-07 17:45:09,2026-05-09 15:47:00,Priest BRZ,0,
Rock Island Tailrace STH,3,G721559F4,2026-05-07 17:45:09,2026-05-09 15:47:00,Lower Ringold,0,
Rock Island Tailrace STH,3,G721559F4,2026-05-07 17:45:09,2026-05-09 15:47:00,Hanford,0,
Rock Island Tailrace STH,2,G7216467D,2026-05-03 19:32:58,2026-05-05 16:45:00,Crescent Bar,1,2026-05-06 03:46:35
Rock Island Tailrace STH,2,G7216467D,2026-05-03 19:32:58,2026-05-05 16:45:00,Sunland,1,2026-05-06 13:36:11
Rock Island Tailrace STH,2,G7216467D,2026-05-03 19:32:58,2026-05-05 16:45:00,Wanapum BRZ,1,2026-05-07 16:04:20
Rock Island Tailrace STH,2,G7216467D,2026-05-03 19:32:58,2026-05-05 16:45:00,Mattawa,1,2026-05-07 21:26:37
Rock Island Tailrace STH,2,G7216467D,2026-05-03 19:32:58,2026-05-05 16:45:00,Priest BRZ,0,
Rock Island Tailrace STH,2,G7216467D,2026-05-03 19:32:58,2026-05-05 16:45:00,Lower Ringold,0,
Rock Island Tailrace STH,2,G7216467D,2026-05-03 19:32:58,2026-05-05 16:45:00,Hanford,0,
Rock Island Tailrace STH,2,G7216545C,2026-05-08 20:34:16,2026-05-10 15:37:00,Crescent Bar,1,2026-05-11 04:26:17
Rock Island Tailrace STH,2,G7216545C,2026-05-08 20:34:16,2026-05-10 15:37:00,Sunland,1,2026-05-11 14:08:35
Rock Island Tailrace STH,2,G7216545C,2026-05-08 20:34:16,2026-05-10 15:37:00,Wanapum BRZ,1,2026-05-12 11:57:44
Rock Island Tailrace STH,2,G7216545C,2026-05-08 20:34:16,2026-05-10 15:37:00,Mattawa,1,2026-05-14 00:19:30
Rock Island Tailrace STH,2,G7216545C,2026-05-08 20:34:16,2026-05-10 15:37:00,Priest BRZ,1,2026-05-14 13:07:55
Rock Island Tailrace STH,2,G7216545C,2026-05-08 20:34:16,2026-05-10 15:37:00,Lower Ringold,1,2026-05-15 18:32:49
Rock Island Tailrace STH,2,G7216545C,2026-05-08 20:34:16,2026-05-10 15:37:00,Hanford,1,2026-05-15 21:40:52
Rock Island Tailrace STH,2,G7217CD15,2026-05-10 17:11:57,2026-05-12 15:36:00,Crescent Bar,1,2026-05-13 01:58:55
Rock Island Tailrace STH,2,G7217CD15,2026-05-10 17:11:57,2026-05-12 15:36:00,Sunland,1,2026-05-13 16:31:48
Rock Island Tailrace STH,2,G7217CD15,2026-05-10 17:11:57,2026-05-12 15:36:00,Wanapum BRZ,1,2026-05-15 08:27:39
Rock Island Tailrace STH,2,G7217CD15,2026-05-10 17:11:57,2026-05-12 15:36:00,Mattawa,1,2026-05-15 11:31:19
Rock Island Tailrace STH,2,G7217CD15,2026-05-10 17:11:57,2026-05-12 15:36:00,Priest BRZ,1,2026-05-16 01:13:10
Rock Island Tailrace STH,2,G7217CD15,2026-05-10 17:11:57,2026-05-12 15:36:00,Lower Ringold,1,2026-05-18 05:06:56
Rock Island Tailrace STH,2,G7217CD15,2026-05-10 17:11:57,2026-05-12 15:36:00,Hanford,1,2026-05-19 11:38:54
Rock Island Tailrace STH,2,G72197785,2026-05-10 17:09:21,2026-05-12 15:36:00,Crescent Bar,1,2026-05-12 22:10:05
Rock Island Tailrace STH,2,G72197785,2026-05-10 17:09:21,2026-05-12 15:36:00,Sunland,1,2026-05-13 08:07:14
Rock Island Tailrace STH,2,G72197785,2026-05-10 17:09:21,2026-05-12 15:36:00,Wanapum BRZ,1,2026-05-14 13:05:38
Rock Island Tailrace STH,2,G72197785,2026-05-10 17:09:21,2026-05-12 15:36:00,Mattawa,1,2026-05-14 21:15:10
Rock Island Tailrace STH,2,G72197785,2026-05-10 17:09:21,2026-05-12 15:36:00,Priest BRZ,1,2026-05-15 05:41:07
Rock Island Tailrace STH,2,G72197785,2026-05-10 17:09:21,2026-05-12 15:36:00,Lower Ringold,1,2026-05-16 07:51:35
Rock Island Tailrace STH,2,G72197785,2026-05-10 17:09:21,2026-05-12 15:36:00,Hanford,1,2026-05-16 10:36:25
Rock Island Tailrace STH,3,G721A2C2B,2026-05-03 19:26:06,2026-05-05 16:45:00,Crescent Bar,1,2026-05-05 22:38:56
Rock Island Tailrace STH,3,G721A2C2B,2026-05-03 19:26:06,2026-05-05 16:45:00,Sunland,1,2026-05-06 08:05:07
Rock Island Tailrace STH,3,G721A2C2B,2026-05-03 19:26:06,2026-05-05 16:45:00,Wanapum BRZ,1,2026-05-07 03:14:30
Rock Island Tailrace STH,3,G721A2C2B,2026-05-03 19:26:06,2026-05-05 16:45:00,Mattawa,1,2026-05-07 06:06:35
Rock Island Tailrace STH,3,G721A2C2B,2026-05-03 19:26:06,2026-05-05 16:45:00,Priest BRZ,1,2026-05-09 06:19:11
Rock Island Tailrace STH,3,G721A2C2B,2026-05-03 19:26:06,2026-05-05 16:45:00,Lower Ringold,1,2026-05-09 18:05:34
Rock Island Tailrace STH,3,G721A2C2B,2026-05-03 19:26:06,2026-05-05 16:45:00,Hanford,1,2026-05-09 21:29:44
Rock Island Tailrace STH,2,G721A6613,2026-05-08 20:29:15,2026-05-10 15:37:00,Crescent Bar,1,2026-05-17 12:45:32
Rock Island Tailrace STH,2,G721A6613,2026-05-08 20:29:15,2026-05-10 15:37:00,Sunland,1,2026-05-17 20:08:12
Rock Island Tailrace STH,2,G721A6613,2026-05-08 20:29:15,2026-05-10 15:37:00,Wanapum BRZ,1,2026-05-18 12:57:57
Rock Island Tailrace STH,2,G721A6613,2026-05-08 20:29:15,2026-05-10 15:37:00,Mattawa,1,2026-05-20 02:48:58
Rock Island Tailrace STH,2,G721A6613,2026-05-08 20:29:15,2026-05-10 15:37:00,Priest BRZ,1,2026-05-20 12:20:34
Rock Island Tailrace STH,2,G721A6613,2026-05-08 20:29:15,2026-05-10 15:37:00,Lower Ringold,1,2026-05-21 00:05:45
Rock Island Tailrace STH,2,G721A6613,2026-05-08 20:29:15,2026-05-10 15:37:00,Hanford,1,2026-05-21 02:38:10
Rock Island Tailrace STH,3,G721AF75C,2026-05-10 17:26:58,2026-05-12 15:36:00,Crescent Bar,1,2026-05-13 03:55:58
Rock Island Tailrace STH,3,G721AF75C,2026-05-10 17:26:58,2026-05-12 15:36:00,Sunland,1,2026-05-13 15:01:07
Rock Island Tailrace STH,3,G721AF75C,2026-05-10 17:26:58,2026-05-12 15:36:00,Wanapum BRZ,1,2026-05-14 13:57:35
Rock Island Tailrace STH,3,G721AF75C,2026-05-10 17:26:58,2026-05-12 15:36:00,Mattawa,1,2026-05-15 06:56:46
Rock Island Tailrace STH,3,G721AF75C,2026-05-10 17:26:58,2026-05-12 15:36:00,Priest BRZ,0,
Rock Island Tailrace STH,3,G721AF75C,2026-05-10 17:26:58,2026-05-12 15:36:00,Lower Ringold,0,
Rock Island Tailrace STH,3,G721AF75C,2026-05-10 17:26:58,2026-05-12 15:36:00,Hanford,0,
Rock Island Tailrace STH,3,G721B35EE,2026-05-03 19:33:44,2026-05-05 16:45:00,Crescent Bar,1,2026-05-06 07:19:13
Rock Island Tailrace STH,3,G721B35EE,2026-05-03 19:33:44,2026-05-05 16:45:00,Sunland,1,2026-05-06 20:55:43
Rock Island Tailrace STH,3,G721B35EE,2026-05-03 19:33:44,2026-05-05 16:45:00,Wanapum BRZ,0,
Rock Island Tailrace STH,3,G721B35EE,2026-05-03 19:33:44,2026-05-05 16:45:00,Mattawa,0,
Rock Island Tailrace STH,3,G721B35EE,2026-05-03 19:33:44,2026-05-05 16:45:00,Priest BRZ,0,
Rock Island Tailrace STH,3,G721B35EE,2026-05-03 19:33:44,2026-05-05 16:45:00,Lower Ringold,0,
Rock Island Tailrace STH,3,G721B35EE,2026-05-03 19:33:44,2026-05-05 16:45:00,Hanford,0,
Rock Island Tailrace STH,3,G721B4295,2026-05-05 17:57:20,2026-05-07 15:46:00,Crescent Bar,1,2026-05-08 04:39:13
Rock Island Tailrace STH,3,G721B4295,2026-05-05 17:57:20,2026-05-07 15:46:00,Sunland,1,2026-05-08 14:06:30
Rock Island Tailrace STH,3,G721B4295,2026-05-05 17:57:20,2026-05-07 15:46:00,Wanapum BRZ,1,2026-05-09 00:37:31
Rock Island Tailrace STH,3,G721B4295,2026-05-05 17:57:20,2026-05-07 15:46:00,Mattawa,1,2026-05-09 06:26:57
Rock Island Tailrace STH,3,G721B4295,2026-05-05 17:57:20,2026-05-07 15:46:00,Priest BRZ,1,2026-05-09 17:55:11
Rock Island Tailrace STH,3,G721B4295,2026-05-05 17:57:20,2026-05-07 15:46:00,Lower Ringold,1,2026-05-11 02:19:39
Rock Island Tailrace STH,3,G721B4295,2026-05-05 17:57:20,2026-05-07 15:46:00,Hanford,1,2026-05-11 05:11:16
Rock Island Tailrace STH,2,G721D37F8,2026-05-06 18:33:44,2026-05-09 15:47:00,Crescent Bar,1,2026-05-09 23:36:21
Rock Island Tailrace STH,2,G721D37F8,2026-05-06 18:33:44,2026-05-09 15:47:00,Sunland,1,2026-05-10 11:17:05
Rock Island Tailrace STH,2,G721D37F8,2026-05-06 18:33:44,2026-05-09 15:47:00,Wanapum BRZ,0,
Rock Island Tailrace STH,2,G721D37F8,2026-05-06 18:33:44,2026-05-09 15:47:00,Mattawa,0,
Rock Island Tailrace STH,2,G721D37F8,2026-05-06 18:33:44,2026-05-09 15:47:00,Priest BRZ,0,
Rock Island Tailrace STH,2,G721D37F8,2026-05-06 18:33:44,2026-05-09 15:47:00,Lower Ringold,0,
Rock Island Tailrace STH,2,G721D37F8,2026-05-06 18:33:44,2026-05-09 15:47:00,Hanford,0,
Rock Island Tailrace STH,2,G721D3D86,2026-05-06 18:23:37,2026-05-09 15:47:00,Crescent Bar,1,2026-05-09 21:32:25
Rock Island Tailrace STH,2,G721D3D86,2026-05-06 18:23:37,2026-05-09 15:47:00,Sunland,1,2026-05-10 05:44:34
Rock Island Tailrace STH,2,G721D3D86,2026-05-06 18:23:37,2026-05-09 15:47:00,Wanapum BRZ,1,2026-05-11 12:01:22
Rock Island Tailrace STH,2,G721D3D86,2026-05-06 18:23:37,2026-05-09 15:47:00,Mattawa,1,2026-05-11 18:57:19
Rock Island Tailrace STH,2,G721D3D86,2026-05-06 18:23:37,2026-05-09 15:47:00,Priest BRZ,1,2026-05-12 01:56:35
Rock Island Tailrace STH,2,G721D3D86,2026-05-06 18:23:37,2026-05-09 15:47:00,Lower Ringold,0,
Rock Island Tailrace STH,2,G721D3D86,2026-05-06 18:23:37,2026-05-09 15:47:00,Hanford,0,
Rock Island Tailrace STH,2,G721DCB2F,2026-05-07 17:40:30,2026-05-09 15:47:00,Crescent Bar,1,2026-05-09 21:40:12
Rock Island Tailrace STH,2,G721DCB2F,2026-05-07 17:40:30,2026-05-09 15:47:00,Sunland,1,2026-05-10 08:08:44
Rock Island Tailrace STH,2,G721DCB2F,2026-05-07 17:40:30,2026-05-09 15:47:00,Wanapum BRZ,0,
Rock Island Tailrace STH,2,G721DCB2F,2026-05-07 17:40:30,2026-05-09 15:47:00,Mattawa,0,
Rock Island Tailrace STH,2,G721DCB2F,2026-05-07 17:40:30,2026-05-09 15:47:00,Priest BRZ,0,
Rock Island Tailrace STH,2,G721DCB2F,2026-05-07 17:40:30,2026-05-09 15:47:00,Lower Ringold,0,
Rock Island Tailrace STH,2,G721DCB2F,2026-05-07 17:40:30,2026-05-09 15:47:00,Hanford,0,
Rock Island Tailrace STH,3,G7222226F,2026-05-06 18:35:29,2026-05-09 15:47:00,Crescent Bar,1,2026-05-09 21:07:43
Rock Island Tailrace STH,3,G7222226F,2026-05-06 18:35:29,2026-05-09 15:47:00,Sunland,1,2026-05-10 05:12:00
Rock Island Tailrace STH,3,G7222226F,2026-05-06 18:35:29,2026-05-09 15:47:00,Wanapum BRZ,1,2026-05-11 07:33:38
Rock Island Tailrace STH,3,G7222226F,2026-05-06 18:35:29,2026-05-09 15:47:00,Mattawa,1,2026-05-11 12:04:33
Rock Island Tailrace STH,3,G7222226F,2026-05-06 18:35:29,2026-05-09 15:47:00,Priest BRZ,1,2026-05-11 19:58:35
Rock Island Tailrace STH,3,G7222226F,2026-05-06 18:35:29,2026-05-09 15:47:00,Lower Ringold,0,
Rock Island Tailrace STH,3,G7222226F,2026-05-06 18:35:29,2026-05-09 15:47:00,Hanford,0,
Rock Island Tailrace STH,3,G72222AAD,2026-05-04 18:38:26,2026-05-06 16:04:00,Crescent Bar,1,2026-05-06 21:23:31
Rock Island Tailrace STH,3,G72222AAD,2026-05-04 18:38:26,2026-05-06 16:04:00,Sunland,1,2026-05-07 05:15:07
Rock Island Tailrace STH,3,G72222AAD,2026-05-04 18:38:26,2026-05-06 16:04:00,Wanapum BRZ,1,2026-05-07 22:12:07
Rock Island Tailrace STH,3,G72222AAD,2026-05-04 18:38:26,2026-05-06 16:04:00,Mattawa,1,2026-05-09 08:17:29
Rock Island Tailrace STH,3,G72222AAD,2026-05-04 18:38:26,2026-05-06 16:04:00,Priest BRZ,1,2026-05-10 07:40:41
Rock Island Tailrace STH,3,G72222AAD,2026-05-04 18:38:26,2026-05-06 16:04:00,Lower Ringold,1,2026-05-10 17:41:29
Rock Island Tailrace STH,3,G72222AAD,2026-05-04 18:38:26,2026-05-06 16:04:00,Hanford,1,2026-05-10 20:04:46
Rock Island Tailrace STH,2,G7222C505,2026-05-08 20:21:12,2026-05-10 15:37:00,Crescent Bar,1,2026-05-11 10:25:31
Rock Island Tailrace STH,2,G7222C505,2026-05-08 20:21:12,2026-05-10 15:37:00,Sunland,1,2026-05-11 19:52:14
Rock Island Tailrace STH,2,G7222C505,2026-05-08 20:21:12,2026-05-10 15:37:00,Wanapum BRZ,1,2026-05-13 14:16:45
Rock Island Tailrace STH,2,G7222C505,2026-05-08 20:21:12,2026-05-10 15:37:00,Mattawa,1,2026-05-14 14:07:28
Rock Island Tailrace STH,2,G7222C505,2026-05-08 20:21:12,2026-05-10 15:37:00,Priest BRZ,1,2026-05-14 21:17:44
Rock Island Tailrace STH,2,G7222C505,2026-05-08 20:21:12,2026-05-10 15:37:00,Lower Ringold,1,2026-05-15 08:43:32
Rock Island Tailrace STH,2,G7222C505,2026-05-08 20:21:12,2026-05-10 15:37:00,Hanford,1,2026-05-15 11:51:49
Rock Island Tailrace STH,2,G72230A4A,2026-05-08 20:14:13,2026-05-10 15:37:00,Crescent Bar,1,2026-05-10 23:35:59
Rock Island Tailrace STH,2,G72230A4A,2026-05-08 20:14:13,2026-05-10 15:37:00,Sunland,1,2026-05-11 11:23:55
Rock Island Tailrace STH,2,G72230A4A,2026-05-08 20:14:13,2026-05-10 15:37:00,Wanapum BRZ,1,2026-05-12 15:52:15
Rock Island Tailrace STH,2,G72230A4A,2026-05-08 20:14:13,2026-05-10 15:37:00,Mattawa,0,
Rock Island Tailrace STH,2,G72230A4A,2026-05-08 20:14:13,2026-05-10 15:37:00,Priest BRZ,0,
Rock Island Tailrace STH,2,G72230A4A,2026-05-08 20:14:13,2026-05-10 15:37:00,Lower Ringold,0,
Rock Island Tailrace STH,2,G72230A4A,2026-05-08 20:14:13,2026-05-10 15:37:00,Hanford,0,
Rock Island Tailrace STH,2,G72239B05,2026-05-08 20:09:43,2026-05-10 15:37:00,Crescent Bar,1,2026-05-10 22:18:15
Rock Island Tailrace STH,2,G72239B05,2026-05-08 20:09:43,2026-05-10 15:37:00,Sunland,1,2026-05-11 08:21:04
Rock Island Tailrace STH,2,G72239B05,2026-05-08 20:09:43,2026-05-10 15:37:00,Wanapum BRZ,1,2026-05-13 03:45:06
Rock Island Tailrace STH,2,G72239B05,2026-05-08 20:09:43,2026-05-10 15:37:00,Mattawa,1,2026-05-13 12:55:47
Rock Island Tailrace STH,2,G72239B05,2026-05-08 20:09:43,2026-05-10 15:37:00,Priest BRZ,1,2026-05-13 23:51:33
Rock Island Tailrace STH,2,G72239B05,2026-05-08 20:09:43,2026-05-10 15:37:00,Lower Ringold,1,2026-05-15 00:54:22
Rock Island Tailrace STH,2,G72239B05,2026-05-08 20:09:43,2026-05-10 15:37:00,Hanford,1,2026-05-15 04:05:30
Rock Island Tailrace STH,2,G7223E81F,2026-05-03 19:23:45,2026-05-05 16:45:00,Crescent Bar,1,2026-05-06 01:18:45
Rock Island Tailrace STH,2,G7223E81F,2026-05-03 19:23:45,2026-05-05 16:45:00,Sunland,1,2026-05-06 13:16:50
Rock Island Tailrace STH,2,G7223E81F,2026-05-03 19:23:45,2026-05-05 16:45:00,Wanapum BRZ,1,2026-05-07 20:09:43
Rock Island Tailrace STH,2,G7223E81F,2026-05-03 19:23:45,2026-05-05 16:45:00,Mattawa,1,2026-05-08 06:36:06
Rock Island Tailrace STH,2,G7223E81F,2026-05-03 19:23:45,2026-05-05 16:45:00,Priest BRZ,1,2026-05-08 22:37:43
Rock Island Tailrace STH,2,G7223E81F,2026-05-03 19:23:45,2026-05-05 16:45:00,Lower Ringold,1,2026-05-10 00:07:15
Rock Island Tailrace STH,2,G7223E81F,2026-05-03 19:23:45,2026-05-05 16:45:00,Hanford,1,2026-05-10 03:21:06
Rock Island Tailrace STH,2,G7224DE12,2026-05-07 17:47:24,2026-05-09 15:47:00,Crescent Bar,1,2026-05-09 21:47:39
Rock Island Tailrace STH,2,G7224DE12,2026-05-07 17:47:24,2026-05-09 15:47:00,Sunland,1,2026-05-10 04:40:39
Rock Island Tailrace STH,2,G7224DE12,2026-05-07 17:47:24,2026-05-09 15:47:00,Wanapum BRZ,1,2026-05-11 09:31:08
Rock Island Tailrace STH,2,G7224DE12,2026-05-07 17:47:24,2026-05-09 15:47:00,Mattawa,1,2026-05-11 12:02:26
Rock Island Tailrace STH,2,G7224DE12,2026-05-07 17:47:24,2026-05-09 15:47:00,Priest BRZ,1,2026-05-11 21:50:09
Rock Island Tailrace STH,2,G7224DE12,2026-05-07 17:47:24,2026-05-09 15:47:00,Lower Ringold,0,
Rock Island Tailrace STH,2,G7224DE12,2026-05-07 17:47:24,2026-05-09 15:47:00,Hanford,0,
Rock Island Tailrace STH,2,G722533C2,2026-05-10 17:35:49,2026-05-12 15:36:00,Crescent Bar,1,2026-05-12 22:00:43
Rock Island Tailrace STH,2,G722533C2,2026-05-10 17:35:49,2026-05-12 15:36:00,Sunland,1,2026-05-13 10:13:29
Rock Island Tailrace STH,2,G722533C2,2026-05-10 17:35:49,2026-05-12 15:36:00,Wanapum BRZ,0,
Rock Island Tailrace STH,2,G722533C2,2026-05-10 17:35:49,2026-05-12 15:36:00,Mattawa,0,
Rock Island Tailrace STH,2,G722533C2,2026-05-10 17:35:49,2026-05-12 15:36:00,Priest BRZ,0,
Rock Island Tailrace STH,2,G722533C2,2026-05-10 17:35:49,2026-05-12 15:36:00,Lower Ringold,0,
Rock Island Tailrace STH,2,G722533C2,2026-05-10 17:35:49,2026-05-12 15:36:00,Hanford,0,
Rock Island Tailrace STH,2,G72258791,2026-05-05 17:19:16,2026-05-07 15:46:00,Crescent Bar,1,2026-05-07 23:13:59
Rock Island Tailrace STH,2,G72258791,2026-05-05 17:19:16,2026-05-07 15:46:00,Sunland,1,2026-05-08 06:52:54
Rock Island Tailrace STH,2,G72258791,2026-05-05 17:19:16,2026-05-07 15:46:00,Wanapum BRZ,1,2026-05-09 14:14:03
Rock Island Tailrace STH,2,G72258791,2026-05-05 17:19:16,2026-05-07 15:46:00,Mattawa,1,2026-05-09 17:18:15
Rock Island Tailrace STH,2,G72258791,2026-05-05 17:19:16,2026-05-07 15:46:00,Priest BRZ,1,2026-05-10 12:28:45
Rock Island Tailrace STH,2,G72258791,2026-05-05 17:19:16,2026-05-07 15:46:00,Lower Ringold,1,2026-05-12 03:32:19
Rock Island Tailrace STH,2,G72258791,2026-05-05 17:19:16,2026-05-07 15:46:00,Hanford,1,2026-05-12 14:11:03
Rock Island Tailrace STH,2,G7225B0AC,2026-05-04 18:28:08,2026-05-06 16:04:00,Crescent Bar,1,2026-05-07 04:43:38
Rock Island Tailrace STH,2,G7225B0AC,2026-05-04 18:28:08,2026-05-06 16:04:00,Sunland,1,2026-05-07 16:51:11
Rock Island Tailrace STH,2,G7225B0AC,2026-05-04 18:28:08,2026-05-06 16:04:00,Wanapum BRZ,1,2026-05-08 11:38:36
Rock Island Tailrace STH,2,G7225B0AC,2026-05-04 18:28:08,2026-05-06 16:04:00,Mattawa,0,
Rock Island Tailrace STH,2,G7225B0AC,2026-05-04 18:28:08,2026-05-06 16:04:00,Priest BRZ,0,
Rock Island Tailrace STH,2,G7225B0AC,2026-05-04 18:28:08,2026-05-06 16:04:00,Lower Ringold,0,
Rock Island Tailrace STH,2,G7225B0AC,2026-05-04 18:28:08,2026-05-06 16:04:00,Hanford,0,
Rock Island Tailrace STH,2,G72260329,2026-05-08 20:19:07,2026-05-10 15:37:00,Crescent Bar,1,2026-05-10 23:55:27
Rock Island Tailrace STH,2,G72260329,2026-05-08 20:19:07,2026-05-10 15:37:00,Sunland,1,2026-05-11 13:21:53
Rock Island Tailrace STH,2,G72260329,2026-05-08 20:19:07,2026-05-10 15:37:00,Wanapum BRZ,1,2026-05-12 12:44:00
Rock Island Tailrace STH,2,G72260329,2026-05-08 20:19:07,2026-05-10 15:37:00,Mattawa,1,2026-05-14 09:24:41
Rock Island Tailrace STH,2,G72260329,2026-05-08 20:19:07,2026-05-10 15:37:00,Priest BRZ,1,2026-05-15 05:29:43
Rock Island Tailrace STH,2,G72260329,2026-05-08 20:19:07,2026-05-10 15:37:00,Lower Ringold,1,2026-05-15 17:27:57
Rock Island Tailrace STH,2,G72260329,2026-05-08 20:19:07,2026-05-10 15:37:00,Hanford,1,2026-05-15 20:33:29
Rock Island Tailrace STH,1,G7226B498,2026-05-03 19:11:37,2026-05-05 16:45:00,Crescent Bar,1,2026-05-06 00:07:41
Rock Island Tailrace STH,1,G7226B498,2026-05-03 19:11:37,2026-05-05 16:45:00,Sunland,1,2026-05-06 13:05:09
Rock Island Tailrace STH,1,G7226B498,2026-05-03 19:11:37,2026-05-05 16:45:00,Wanapum BRZ,1,2026-05-07 20:30:06
Rock Island Tailrace STH,1,G7226B498,2026-05-03 19:11:37,2026-05-05 16:45:00,Mattawa,1,2026-05-08 01:45:49
Rock Island Tailrace STH,1,G7226B498,2026-05-03 19:11:37,2026-05-05 16:45:00,Priest BRZ,1,2026-05-08 16:27:43
Rock Island Tailrace STH,1,G7226B498,2026-05-03 19:11:37,2026-05-05 16:45:00,Lower Ringold,1,2026-05-09 16:07:28
Rock Island Tailrace STH,1,G7226B498,2026-05-03 19:11:37,2026-05-05 16:45:00,Hanford,1,2026-05-09 19:21:49
Rock Island Tailrace STH,1,G7227C279,2026-05-09 18:12:54,2026-05-11 15:52:00,Crescent Bar,1,2026-05-11 23:52:22
Rock Island Tailrace STH,1,G7227C279,2026-05-09 18:12:54,2026-05-11 15:52:00,Sunland,1,2026-05-12 12:49:17
Rock Island Tailrace STH,1,G7227C279,2026-05-09 18:12:54,2026-05-11 15:52:00,Wanapum BRZ,0,
Rock Island Tailrace STH,1,G7227C279,2026-05-09 18:12:54,2026-05-11 15:52:00,Mattawa,0,
Rock Island Tailrace STH,1,G7227C279,2026-05-09 18:12:54,2026-05-11 15:52:00,Priest BRZ,0,
Rock Island Tailrace STH,1,G7227C279,2026-05-09 18:12:54,2026-05-11 15:52:00,Lower Ringold,0,
Rock Island Tailrace STH,1,G7227C279,2026-05-09 18:12:54,2026-05-11 15:52:00,Hanford,0,
Rock Island Tailrace STH,1,G722826E9,2026-05-04 18:37:17,2026-05-06 16:04:00,Crescent Bar,1,2026-05-06 20:56:33
Rock Island Tailrace STH,1,G722826E9,2026-05-04 18:37:17,2026-05-06 16:04:00,Sunland,1,2026-05-07 14:15:18
Rock Island Tailrace STH,1,G722826E9,2026-05-04 18:37:17,2026-05-06 16:04:00,Wanapum BRZ,1,2026-05-08 17:21:21
Rock Island Tailrace STH,1,G722826E9,2026-05-04 18:37:17,2026-05-06 16:04:00,Mattawa,1,2026-05-11 07:09:30
Rock Island Tailrace STH,1,G722826E9,2026-05-04 18:37:17,2026-05-06 16:04:00,Priest BRZ,1,2026-05-11 16:58:33
Rock Island Tailrace STH,1,G722826E9,2026-05-04 18:37:17,2026-05-06 16:04:00,Lower Ringold,1,2026-05-17 01:00:07
Rock Island Tailrace STH,1,G722826E9,2026-05-04 18:37:17,2026-05-06 16:04:00,Hanford,1,2026-05-17 04:13:41
Rock Island Tailrace STH,1,G72284F10,2026-05-05 17:47:36,2026-05-07 15:46:00,Crescent Bar,1,2026-05-08 02:35:08
Rock Island Tailrace STH,1,G72284F10,2026-05-05 17:47:36,2026-05-07 15:46:00,Sunland,1,2026-05-08 18:34:43
Rock Island Tailrace STH,1,G72284F10,2026-05-05 17:47:36,2026-05-07 15:46:00,Wanapum BRZ,1,2026-05-10 00:42:25
Rock Island Tailrace STH,1,G72284F10,2026-05-05 17:47:36,2026-05-07 15:46:00,Mattawa,1,2026-05-12 07:45:34
Rock Island Tailrace STH,1,G72284F10,2026-05-05 17:47:36,2026-05-07 15:46:00,Priest BRZ,1,2026-05-14 11:50:50
Rock Island Tailrace STH,1,G72284F10,2026-05-05 17:47:36,2026-05-07 15:46:00,Lower Ringold,1,2026-05-15 23:53:53
Rock Island Tailrace STH,1,G72284F10,2026-05-05 17:47:36,2026-05-07 15:46:00,Hanford,1,2026-05-16 03:02:42
Rock Island Tailrace STH,3,G7228C600,2026-05-09 17:53:18,2026-05-11 15:52:00,Crescent Bar,1,2026-05-12 03:02:19
Rock Island Tailrace STH,3,G7228C600,2026-05-09 17:53:18,2026-05-11 15:52:00,Sunland,1,2026-05-12 14:57:10
Rock Island Tailrace STH,3,G7228C600,2026-05-09 17:53:18,2026-05-11 15:52:00,Wanapum BRZ,1,2026-05-13 15:17:09
Rock Island Tailrace STH,3,G7228C600,2026-05-09 17:53:18,2026-05-11 15:52:00,Mattawa,1,2026-05-13 21:27:29
Rock Island Tailrace STH,3,G7228C600,2026-05-09 17:53:18,2026-05-11 15:52:00,Priest BRZ,1,2026-05-14 10:55:21
Rock Island Tailrace STH,3,G7228C600,2026-05-09 17:53:18,2026-05-11 15:52:00,Lower Ringold,1,2026-05-15 05:13:21
Rock Island Tailrace STH,3,G7228C600,2026-05-09 17:53:18,2026-05-11 15:52:00,Hanford,1,2026-05-15 08:08:36
Rock Island Tailrace STH,2,G7228EFBF,2026-05-09 17:57:33,2026-05-11 15:52:00,Crescent Bar,1,2026-05-11 23:36:05
Rock Island Tailrace STH,2,G7228EFBF,2026-05-09 17:57:33,2026-05-11 15:52:00,Sunland,1,2026-05-12 09:46:45
Rock Island Tailrace STH,2,G7228EFBF,2026-05-09 17:57:33,2026-05-11 15:52:00,Wanapum BRZ,1,2026-05-15 17:37:38
Rock Island Tailrace STH,2,G7228EFBF,2026-05-09 17:57:33,2026-05-11 15:52:00,Mattawa,1,2026-05-16 04:22:17
Rock Island Tailrace STH,2,G7228EFBF,2026-05-09 17:57:33,2026-05-11 15:52:00,Priest BRZ,1,2026-05-21 09:05:07
Rock Island Tailrace STH,2,G7228EFBF,2026-05-09 17:57:33,2026-05-11 15:52:00,Lower Ringold,0,
Rock Island Tailrace STH,2,G7228EFBF,2026-05-09 17:57:33,2026-05-11 15:52:00,Hanford,0,
Rock Island Tailrace STH,2,G722B2400,2026-05-03 19:28:10,2026-05-05 16:45:00,Crescent Bar,1,2026-05-05 22:32:51
Rock Island Tailrace STH,2,G722B2400,2026-05-03 19:28:10,2026-05-05 16:45:00,Sunland,1,2026-05-06 08:37:01
Rock Island Tailrace STH,2,G722B2400,2026-05-03 19:28:10,2026-05-05 16:45:00,Wanapum BRZ,1,2026-05-07 10:52:29
Rock Island Tailrace STH,2,G722B2400,2026-05-03 19:28:10,2026-05-05 16:45:00,Mattawa,1,2026-05-07 21:39:47
Rock Island Tailrace STH,2,G722B2400,2026-05-03 19:28:10,2026-05-05 16:45:00,Priest BRZ,1,2026-05-08 06:27:07
Rock Island Tailrace STH,2,G722B2400,2026-05-03 19:28:10,2026-05-05 16:45:00,Lower Ringold,1,2026-05-09 08:03:57
Rock Island Tailrace STH,2,G722B2400,2026-05-03 19:28:10,2026-05-05 16:45:00,Hanford,1,2026-05-09 11:46:34
Rock Island Tailrace STH,1,G722D65B2,2026-05-09 18:11:23,2026-05-11 15:52:00,Crescent Bar,1,2026-05-12 00:01:21
Rock Island Tailrace STH,1,G722D65B2,2026-05-09 18:11:23,2026-05-11 15:52:00,Sunland,1,2026-05-12 11:07:33
Rock Island Tailrace STH,1,G722D65B2,2026-05-09 18:11:23,2026-05-11 15:52:00,Wanapum BRZ,1,2026-05-14 13:04:47
Rock Island Tailrace STH,1,G722D65B2,2026-05-09 18:11:23,2026-05-11 15:52:00,Mattawa,1,2026-05-14 17:53:16
Rock Island Tailrace STH,1,G722D65B2,2026-05-09 18:11:23,2026-05-11 15:52:00,Priest BRZ,1,2026-05-15 02:52:47
Rock Island Tailrace STH,1,G722D65B2,2026-05-09 18:11:23,2026-05-11 15:52:00,Lower Ringold,1,2026-05-15 14:14:46
Rock Island Tailrace STH,1,G722D65B2,2026-05-09 18:11:23,2026-05-11 15:52:00,Hanford,1,2026-05-15 17:01:32
Rock Island Tailrace STH,1,G722DE99D,2026-05-10 17:19:05,2026-05-12 15:36:00,Crescent Bar,1,2026-05-12 20:41:00
Rock Island Tailrace STH,1,G722DE99D,2026-05-10 17:19:05,2026-05-12 15:36:00,Sunland,1,2026-05-13 06:19:22
Rock Island Tailrace STH,1,G722DE99D,2026-05-10 17:19:05,2026-05-12 15:36:00,Wanapum BRZ,1,2026-05-14 14:10:49
Rock Island Tailrace STH,1,G722DE99D,2026-05-10 17:19:05,2026-05-12 15:36:00,Mattawa,1,2026-05-14 18:01:08
Rock Island Tailrace STH,1,G722DE99D,2026-05-10 17:19:05,2026-05-12 15:36:00,Priest BRZ,1,2026-05-15 01:44:25
Rock Island Tailrace STH,1,G722DE99D,2026-05-10 17:19:05,2026-05-12 15:36:00,Lower Ringold,0,
Rock Island Tailrace STH,1,G722DE99D,2026-05-10 17:19:05,2026-05-12 15:36:00,Hanford,0,
Rock Island Tailrace STH,2,G722EA14C,2026-05-10 17:21:28,2026-05-12 15:36:00,Crescent Bar,1,2026-05-12 22:15:05
Rock Island Tailrace STH,2,G722EA14C,2026-05-10 17:21:28,2026-05-12 15:36:00,Sunland,1,2026-05-13 07:01:55
Rock Island Tailrace STH,2,G722EA14C,2026-05-10 17:21:28,2026-05-12 15:36:00,Wanapum BRZ,1,2026-05-14 18:41:40
Rock Island Tailrace STH,2,G722EA14C,2026-05-10 17:21:28,2026-05-12 15:36:00,Mattawa,1,2026-05-14 22:52:46
Rock Island Tailrace STH,2,G722EA14C,2026-05-10 17:21:28,2026-05-12 15:36:00,Priest BRZ,0,
Rock Island Tailrace STH,2,G722EA14C,2026-05-10 17:21:28,2026-05-12 15:36:00,Lower Ringold,0,
Rock Island Tailrace STH,2,G722EA14C,2026-05-10 17:21:28,2026-05-12 15:36:00,Hanford,0,
Rock Island Tailrace STH,1,G7230036F,2026-05-04 18:21:04,2026-05-06 16:04:00,Crescent Bar,1,2026-05-07 08:37:46
Rock Island Tailrace STH,1,G7230036F,2026-05-04 18:21:04,2026-05-06 16:04:00,Sunland,1,2026-05-08 15:24:33
Rock Island Tailrace STH,1,G7230036F,2026-05-04 18:21:04,2026-05-06 16:04:00,Wanapum BRZ,1,2026-05-09 20:36:14
Rock Island Tailrace STH,1,G7230036F,2026-05-04 18:21:04,2026-05-06 16:04:00,Mattawa,1,2026-05-10 13:17:43
Rock Island Tailrace STH,1,G7230036F,2026-05-04 18:21:04,2026-05-06 16:04:00,Priest BRZ,1,2026-05-11 05:41:41
Rock Island Tailrace STH,1,G7230036F,2026-05-04 18:21:04,2026-05-06 16:04:00,Lower Ringold,1,2026-05-18 02:57:32
Rock Island Tailrace STH,1,G7230036F,2026-05-04 18:21:04,2026-05-06 16:04:00,Hanford,0,
Rock Island Tailrace STH,3,G7231CE9C,2026-05-03 19:36:09,2026-05-05 16:45:00,Crescent Bar,1,2026-05-06 10:01:53
Rock Island Tailrace STH,3,G7231CE9C,2026-05-03 19:36:09,2026-05-05 16:45:00,Sunland,1,2026-05-06 20:00:06
Rock Island Tailrace STH,3,G7231CE9C,2026-05-03 19:36:09,2026-05-05 16:45:00,Wanapum BRZ,1,2026-05-08 18:13:56
Rock Island Tailrace STH,3,G7231CE9C,2026-05-03 19:36:09,2026-05-05 16:45:00,Mattawa,1,2026-05-09 06:54:43
Rock Island Tailrace STH,3,G7231CE9C,2026-05-03 19:36:09,2026-05-05 16:45:00,Priest BRZ,0,
Rock Island Tailrace STH,3,G7231CE9C,2026-05-03 19:36:09,2026-05-05 16:45:00,Lower Ringold,0,
Rock Island Tailrace STH,3,G7231CE9C,2026-05-03 19:36:09,2026-05-05 16:45:00,Hanford,0,
Rock Island Tailrace STH,3,G7231DF5F,2026-05-04 18:48:07,2026-05-06 16:04:00,Crescent Bar,1,2026-05-06 23:26:36
Rock Island Tailrace STH,3,G7231DF5F,2026-05-04 18:48:07,2026-05-06 16:04:00,Sunland,1,2026-05-07 11:06:57
Rock Island Tailrace STH,3,G7231DF5F,2026-05-04 18:48:07,2026-05-06 16:04:00,Wanapum BRZ,1,2026-05-08 19:54:28
Rock Island Tailrace STH,3,G7231DF5F,2026-05-04 18:48:07,2026-05-06 16:04:00,Mattawa,1,2026-05-09 21:42:39
Rock Island Tailrace STH,3,G7231DF5F,2026-05-04 18:48:07,2026-05-06 16:04:00,Priest BRZ,1,2026-05-10 06:38:12
Rock Island Tailrace STH,3,G7231DF5F,2026-05-04 18:48:07,2026-05-06 16:04:00,Lower Ringold,1,2026-05-10 17:36:02
Rock Island Tailrace STH,3,G7231DF5F,2026-05-04 18:48:07,2026-05-06 16:04:00,Hanford,1,2026-05-10 20:03:46
Rock Island Tailrace STH,1,G72337C83,2026-05-08 20:17:25,2026-05-10 15:37:00,Crescent Bar,1,2026-05-11 00:24:11
Rock Island Tailrace STH,1,G72337C83,2026-05-08 20:17:25,2026-05-10 15:37:00,Sunland,1,2026-05-11 12:57:23
Rock Island Tailrace STH,1,G72337C83,2026-05-08 20:17:25,2026-05-10 15:37:00,Wanapum BRZ,1,2026-05-13 15:29:38
Rock Island Tailrace STH,1,G72337C83,2026-05-08 20:17:25,2026-05-10 15:37:00,Mattawa,1,2026-05-14 11:34:09
Rock Island Tailrace STH,1,G72337C83,2026-05-08 20:17:25,2026-05-10 15:37:00,Priest BRZ,1,2026-05-15 08:57:11
Rock Island Tailrace STH,1,G72337C83,2026-05-08 20:17:25,2026-05-10 15:37:00,Lower Ringold,1,2026-05-15 21:46:15
Rock Island Tailrace STH,1,G72337C83,2026-05-08 20:17:25,2026-05-10 15:37:00,Hanford,1,2026-05-16 01:10:59
Rock Island Tailrace STH,1,G723433EA,2026-05-04 18:27:26,2026-05-06 16:04:00,Crescent Bar,1,2026-05-07 02:47:02
Rock Island Tailrace STH,1,G723433EA,2026-05-04 18:27:26,2026-05-06 16:04:00,Sunland,1,2026-05-07 15:09:31
Rock Island Tailrace STH,1,G723433EA,2026-05-04 18:27:26,2026-05-06 16:04:00,Wanapum BRZ,1,2026-05-08 17:29:34
Rock Island Tailrace STH,1,G723433EA,2026-05-04 18:27:26,2026-05-06 16:04:00,Mattawa,1,2026-05-08 20:52:38
Rock Island Tailrace STH,1,G723433EA,2026-05-04 18:27:26,2026-05-06 16:04:00,Priest BRZ,1,2026-05-09 11:09:04
Rock Island Tailrace STH,1,G723433EA,2026-05-04 18:27:26,2026-05-06 16:04:00,Lower Ringold,1,2026-05-09 22:24:14
Rock Island Tailrace STH,1,G723433EA,2026-05-04 18:27:26,2026-05-06 16:04:00,Hanford,1,2026-05-10 01:35:44
Rock Island Tailrace STH,3,G72356149,2026-05-05 17:21:36,2026-05-07 15:46:00,Crescent Bar,0,
Rock Island Tailrace STH,3,G72356149,2026-05-05 17:21:36,2026-05-07 15:46:00,Sunland,0,
Rock Island Tailrace STH,3,G72356149,2026-05-05 17:21:36,2026-05-07 15:46:00,Wanapum BRZ,0,
Rock Island Tailrace STH,3,G72356149,2026-05-05 17:21:36,2026-05-07 15:46:00,Mattawa,0,
Rock Island Tailrace STH,3,G72356149,2026-05-05 17:21:36,2026-05-07 15:46:00,Priest BRZ,0,
Rock Island Tailrace STH,3,G72356149,2026-05-05 17:21:36,2026-05-07 15:46:00,Lower Ringold,0,
Rock Island Tailrace STH,3,G72356149,2026-05-05 17:21:36,2026-05-07 15:46:00,Hanford,0,
Rock Island Tailrace STH,1,G72357AF4,2026-05-05 17:20:35,2026-05-07 15:46:00,Crescent Bar,1,2026-05-08 01:08:09
Rock Island Tailrace STH,1,G72357AF4,2026-05-05 17:20:35,2026-05-07 15:46:00,Sunland,1,2026-05-08 11:02:51
Rock Island Tailrace STH,1,G72357AF4,2026-05-05 17:20:35,2026-05-07 15:46:00,Wanapum BRZ,1,2026-05-09 13:55:16
Rock Island Tailrace STH,1,G72357AF4,2026-05-05 17:20:35,2026-05-07 15:46:00,Mattawa,0,
Rock Island Tailrace STH,1,G72357AF4,2026-05-05 17:20:35,2026-05-07 15:46:00,Priest BRZ,0,
Rock Island Tailrace STH,1,G72357AF4,2026-05-05 17:20:35,2026-05-07 15:46:00,Lower Ringold,0,
Rock Island Tailrace STH,1,G72357AF4,2026-05-05 17:20:35,2026-05-07 15:46:00,Hanford,0,
Rock Island Tailrace STH,1,G72360446,2026-05-04 18:22:00,2026-05-06 16:04:00,Crescent Bar,1,2026-05-07 01:07:17
Rock Island Tailrace STH,1,G72360446,2026-05-04 18:22:00,2026-05-06 16:04:00,Sunland,1,2026-05-07 14:22:02
Rock Island Tailrace STH,1,G72360446,2026-05-04 18:22:00,2026-05-06 16:04:00,Wanapum BRZ,1,2026-05-09 04:14:31
Rock Island Tailrace STH,1,G72360446,2026-05-04 18:22:00,2026-05-06 16:04:00,Mattawa,1,2026-05-09 16:43:41
Rock Island Tailrace STH,1,G72360446,2026-05-04 18:22:00,2026-05-06 16:04:00,Priest BRZ,1,2026-05-10 06:23:02
Rock Island Tailrace STH,1,G72360446,2026-05-04 18:22:00,2026-05-06 16:04:00,Lower Ringold,1,2026-05-10 18:26:18
Rock Island Tailrace STH,1,G72360446,2026-05-04 18:22:00,2026-05-06 16:04:00,Hanford,1,2026-05-10 21:52:25
Rock Island Tailrace STH,1,G72361358,2026-05-05 17:58:40,2026-05-07 15:46:00,Crescent Bar,1,2026-05-07 23:33:01
Rock Island Tailrace STH,1,G72361358,2026-05-05 17:58:40,2026-05-07 15:46:00,Sunland,1,2026-05-08 11:51:46
Rock Island Tailrace STH,1,G72361358,2026-05-05 17:58:40,2026-05-07 15:46:00,Wanapum BRZ,1,2026-05-09 09:33:37
Rock Island Tailrace STH,1,G72361358,2026-05-05 17:58:40,2026-05-07 15:46:00,Mattawa,1,2026-05-13 23:54:04
Rock Island Tailrace STH,1,G72361358,2026-05-05 17:58:40,2026-05-07 15:46:00,Priest BRZ,1,2026-05-14 10:10:21
Rock Island Tailrace STH,1,G72361358,2026-05-05 17:58:40,2026-05-07 15:46:00,Lower Ringold,1,2026-05-15 08:22:15
Rock Island Tailrace STH,1,G72361358,2026-05-05 17:58:40,2026-05-07 15:46:00,Hanford,1,2026-05-15 11:19:03
Rock Island Tailrace STH,3,G7236C1B3,2026-05-07 18:04:48,2026-05-09 15:47:00,Crescent Bar,1,2026-05-09 21:44:24
Rock Island Tailrace STH,3,G7236C1B3,2026-05-07 18:04:48,2026-05-09 15:47:00,Sunland,1,2026-05-10 12:20:15
Rock Island Tailrace STH,3,G7236C1B3,2026-05-07 18:04:48,2026-05-09 15:47:00,Wanapum BRZ,1,2026-05-11 14:52:22
Rock Island Tailrace STH,3,G7236C1B3,2026-05-07 18:04:48,2026-05-09 15:47:00,Mattawa,1,2026-05-11 23:50:11
Rock Island Tailrace STH,3,G7236C1B3,2026-05-07 18:04:48,2026-05-09 15:47:00,Priest BRZ,1,2026-05-12 09:54:48
Rock Island Tailrace STH,3,G7236C1B3,2026-05-07 18:04:48,2026-05-09 15:47:00,Lower Ringold,1,2026-05-12 20:06:56
Rock Island Tailrace STH,3,G7236C1B3,2026-05-07 18:04:48,2026-05-09 15:47:00,Hanford,1,2026-05-12 23:05:18
Rock Island Tailrace STH,2,G72379493,2026-05-08 20:21:57,2026-05-10 15:37:00,Crescent Bar,1,2026-05-11 00:07:30
Rock Island Tailrace STH,2,G72379493,2026-05-08 20:21:57,2026-05-10 15:37:00,Sunland,1,2026-05-11 12:17:24
Rock Island Tailrace STH,2,G72379493,2026-05-08 20:21:57,2026-05-10 15:37:00,Wanapum BRZ,1,2026-05-13 04:41:07
Rock Island Tailrace STH,2,G72379493,2026-05-08 20:21:57,2026-05-10 15:37:00,Mattawa,1,2026-05-21 02:22:23
Rock Island Tailrace STH,2,G72379493,2026-05-08 20:21:57,2026-05-10 15:37:00,Priest BRZ,1,2026-05-21 11:08:11
Rock Island Tailrace STH,2,G72379493,2026-05-08 20:21:57,2026-05-10 15:37:00,Lower Ringold,0,
Rock Island Tailrace STH,2,G72379493,2026-05-08 20:21:57,2026-05-10 15:37:00,Hanford,0,
Rock Island Tailrace STH,1,G7237D4D5,2026-05-10 17:22:46,2026-05-12 15:36:00,Crescent Bar,1,2026-05-12 22:15:17
Rock Island Tailrace STH,1,G7237D4D5,2026-05-10 17:22:46,2026-05-12 15:36:00,Sunland,1,2026-05-13 08:09:39
Rock Island Tailrace STH,1,G7237D4D5,2026-05-10 17:22:46,2026-05-12 15:36:00,Wanapum BRZ,0,
Rock Island Tailrace STH,1,G7237D4D5,2026-05-10 17:22:46,2026-05-12 15:36:00,Mattawa,0,
Rock Island Tailrace STH,1,G7237D4D5,2026-05-10 17:22:46,2026-05-12 15:36:00,Priest BRZ,0,
Rock Island Tailrace STH,1,G7237D4D5,2026-05-10 17:22:46,2026-05-12 15:36:00,Lower Ringold,0,
Rock Island Tailrace STH,1,G7237D4D5,2026-05-10 17:22:46,2026-05-12 15:36:00,Hanford,0,
Rock Island Tailrace STH,1,G7237D928,2026-05-05 17:41:39,2026-05-07 15:46:00,Crescent Bar,1,2026-05-07 22:00:32
Rock Island Tailrace STH,1,G7237D928,2026-05-05 17:41:39,2026-05-07 15:46:00,Sunland,1,2026-05-08 09:57:55
Rock Island Tailrace STH,1,G7237D928,2026-05-05 17:41:39,2026-05-07 15:46:00,Wanapum BRZ,1,2026-05-09 12:59:34
Rock Island Tailrace STH,1,G7237D928,2026-05-05 17:41:39,2026-05-07 15:46:00,Mattawa,1,2026-05-09 22:34:14
Rock Island Tailrace STH,1,G7237D928,2026-05-05 17:41:39,2026-05-07 15:46:00,Priest BRZ,1,2026-05-10 05:25:55
Rock Island Tailrace STH,1,G7237D928,2026-05-05 17:41:39,2026-05-07 15:46:00,Lower Ringold,1,2026-05-10 17:26:16
Rock Island Tailrace STH,1,G7237D928,2026-05-05 17:41:39,2026-05-07 15:46:00,Hanford,1,2026-05-11 00:44:52
Rock Island Tailrace STH,2,G723876DE,2026-05-03 19:00:57,2026-05-05 16:45:00,Crescent Bar,1,2026-05-06 06:39:50
Rock Island Tailrace STH,2,G723876DE,2026-05-03 19:00:57,2026-05-05 16:45:00,Sunland,1,2026-05-06 17:41:32
Rock Island Tailrace STH,2,G723876DE,2026-05-03 19:00:57,2026-05-05 16:45:00,Wanapum BRZ,1,2026-05-07 17:32:42
Rock Island Tailrace STH,2,G723876DE,2026-05-03 19:00:57,2026-05-05 16:45:00,Mattawa,1,2026-05-08 08:29:29
Rock Island Tailrace STH,2,G723876DE,2026-05-03 19:00:57,2026-05-05 16:45:00,Priest BRZ,1,2026-05-09 00:22:24
Rock Island Tailrace STH,2,G723876DE,2026-05-03 19:00:57,2026-05-05 16:45:00,Lower Ringold,1,2026-05-12 07:22:09
Rock Island Tailrace STH,2,G723876DE,2026-05-03 19:00:57,2026-05-05 16:45:00,Hanford,1,2026-05-12 10:28:34
Rock Island Tailrace STH,2,G7238C50E,2026-05-09 17:57:08,2026-05-11 15:52:00,Crescent Bar,1,2026-05-12 00:18:54
Rock Island Tailrace STH,2,G7238C50E,2026-05-09 17:57:08,2026-05-11 15:52:00,Sunland,1,2026-05-12 08:45:51
Rock Island Tailrace STH,2,G7238C50E,2026-05-09 17:57:08,2026-05-11 15:52:00,Wanapum BRZ,1,2026-05-13 23:46:16
Rock Island Tailrace STH,2,G7238C50E,2026-05-09 17:57:08,2026-05-11 15:52:00,Mattawa,0,
Rock Island Tailrace STH,2,G7238C50E,2026-05-09 17:57:08,2026-05-11 15:52:00,Priest BRZ,0,
Rock Island Tailrace STH,2,G7238C50E,2026-05-09 17:57:08,2026-05-11 15:52:00,Lower Ringold,0,
Rock Island Tailrace STH,2,G7238C50E,2026-05-09 17:57:08,2026-05-11 15:52:00,Hanford,0,
Rock Island Tailrace STH,2,G723A7850,2026-05-08 20:33:17,2026-05-10 15:37:00,Crescent Bar,1,2026-05-10 23:16:32
Rock Island Tailrace STH,2,G723A7850,2026-05-08 20:33:17,2026-05-10 15:37:00,Sunland,1,2026-05-11 11:13:49
Rock Island Tailrace STH,2,G723A7850,2026-05-08 20:33:17,2026-05-10 15:37:00,Wanapum BRZ,1,2026-05-12 14:11:07
Rock Island Tailrace STH,2,G723A7850,2026-05-08 20:33:17,2026-05-10 15:37:00,Mattawa,1,2026-05-13 02:19:42
Rock Island Tailrace STH,2,G723A7850,2026-05-08 20:33:17,2026-05-10 15:37:00,Priest BRZ,0,
Rock Island Tailrace STH,2,G723A7850,2026-05-08 20:33:17,2026-05-10 15:37:00,Lower Ringold,0,
Rock Island Tailrace STH,2,G723A7850,2026-05-08 20:33:17,2026-05-10 15:37:00,Hanford,0,
Rock Island Tailrace STH,2,G723AD9A1,2026-05-09 17:58:23,2026-05-11 15:52:00,Crescent Bar,1,2026-05-11 23:30:55
Rock Island Tailrace STH,2,G723AD9A1,2026-05-09 17:58:23,2026-05-11 15:52:00,Sunland,1,2026-05-12 09:58:54
Rock Island Tailrace STH,2,G723AD9A1,2026-05-09 17:58:23,2026-05-11 15:52:00,Wanapum BRZ,1,2026-05-13 15:30:53
Rock Island Tailrace STH,2,G723AD9A1,2026-05-09 17:58:23,2026-05-11 15:52:00,Mattawa,1,2026-05-14 10:03:38
Rock Island Tailrace STH,2,G723AD9A1,2026-05-09 17:58:23,2026-05-11 15:52:00,Priest BRZ,1,2026-05-14 22:56:53
Rock Island Tailrace STH,2,G723AD9A1,2026-05-09 17:58:23,2026-05-11 15:52:00,Lower Ringold,1,2026-05-15 14:47:03
Rock Island Tailrace STH,2,G723AD9A1,2026-05-09 17:58:23,2026-05-11 15:52:00,Hanford,1,2026-05-15 17:55:22
Rock Island Tailrace STH,3,G723B33F2,2026-05-08 20:15:35,2026-05-10 15:37:00,Crescent Bar,1,2026-05-11 03:53:16
Rock Island Tailrace STH,3,G723B33F2,2026-05-08 20:15:35,2026-05-10 15:37:00,Sunland,1,2026-05-11 12:45:24
Rock Island Tailrace STH,3,G723B33F2,2026-05-08 20:15:35,2026-05-10 15:37:00,Wanapum BRZ,0,
Rock Island Tailrace STH,3,G723B33F2,2026-05-08 20:15:35,2026-05-10 15:37:00,Mattawa,0,
Rock Island Tailrace STH,3,G723B33F2,2026-05-08 20:15:35,2026-05-10 15:37:00,Priest BRZ,0,
Rock Island Tailrace STH,3,G723B33F2,2026-05-08 20:15:35,2026-05-10 15:37:00,Lower Ringold,0,
Rock Island Tailrace STH,3,G723B33F2,2026-05-08 20:15:35,2026-05-10 15:37:00,Hanford,0,
Rock Island Tailrace STH,2,G723BD83B,2026-05-05 17:51:05,2026-05-07 15:46:00,Crescent Bar,1,2026-05-08 01:45:23
Rock Island Tailrace STH,2,G723BD83B,2026-05-05 17:51:05,2026-05-07 15:46:00,Sunland,1,2026-05-08 13:35:30
Rock Island Tailrace STH,2,G723BD83B,2026-05-05 17:51:05,2026-05-07 15:46:00,Wanapum BRZ,1,2026-05-09 20:08:07
Rock Island Tailrace STH,2,G723BD83B,2026-05-05 17:51:05,2026-05-07 15:46:00,Mattawa,1,2026-05-10 08:47:46
Rock Island Tailrace STH,2,G723BD83B,2026-05-05 17:51:05,2026-05-07 15:46:00,Priest BRZ,1,2026-05-10 21:14:50
Rock Island Tailrace STH,2,G723BD83B,2026-05-05 17:51:05,2026-05-07 15:46:00,Lower Ringold,1,2026-05-11 09:34:56
Rock Island Tailrace STH,2,G723BD83B,2026-05-05 17:51:05,2026-05-07 15:46:00,Hanford,1,2026-05-11 12:47:06
Rock Island Tailrace STH,2,G723BDD04,2026-05-06 18:32:35,2026-05-09 15:47:00,Crescent Bar,1,2026-05-09 22:19:43
Rock Island Tailrace STH,2,G723BDD04,2026-05-06 18:32:35,2026-05-09 15:47:00,Sunland,1,2026-05-10 11:01:08
Rock Island Tailrace STH,2,G723BDD04,2026-05-06 18:32:35,2026-05-09 15:47:00,Wanapum BRZ,1,2026-05-11 18:46:35
Rock Island Tailrace STH,2,G723BDD04,2026-05-06 18:32:35,2026-05-09 15:47:00,Mattawa,1,2026-05-11 22:53:26
Rock Island Tailrace STH,2,G723BDD04,2026-05-06 18:32:35,2026-05-09 15:47:00,Priest BRZ,1,2026-05-12 11:06:14
Rock Island Tailrace STH,2,G723BDD04,2026-05-06 18:32:35,2026-05-09 15:47:00,Lower Ringold,1,2026-05-13 06:53:08
Rock Island Tailrace STH,2,G723BDD04,2026-05-06 18:32:35,2026-05-09 15:47:00,Hanford,1,2026-05-13 09:50:55
Rock Island Tailrace STH,2,G723C5524,2026-05-08 20:08:26,2026-05-10 15:37:00,Crescent Bar,1,2026-05-11 00:23:30
Rock Island Tailrace STH,2,G723C5524,2026-05-08 20:08:26,2026-05-10 15:37:00,Sunland,1,2026-05-11 12:14:56
Rock Island Tailrace STH,2,G723C5524,2026-05-08 20:08:26,2026-05-10 15:37:00,Wanapum BRZ,1,2026-05-12 06:15:49
Rock Island Tailrace STH,2,G723C5524,2026-05-08 20:08:26,2026-05-10 15:37:00,Mattawa,1,2026-05-16 06:41:33
Rock Island Tailrace STH,2,G723C5524,2026-05-08 20:08:26,2026-05-10 15:37:00,Priest BRZ,1,2026-05-17 11:18:43
Rock Island Tailrace STH,2,G723C5524,2026-05-08 20:08:26,2026-05-10 15:37:00,Lower Ringold,1,2026-05-18 01:02:19
Rock Island Tailrace STH,2,G723C5524,2026-05-08 20:08:26,2026-05-10 15:37:00,Hanford,1,2026-05-18 04:02:24
Rock Island Tailrace STH,1,G723CF4D5,2026-05-10 17:21:00,2026-05-12 15:36:00,Crescent Bar,1,2026-05-12 23:36:28
Rock Island Tailrace STH,1,G723CF4D5,2026-05-10 17:21:00,2026-05-12 15:36:00,Sunland,1,2026-05-13 08:34:20
Rock Island Tailrace STH,1,G723CF4D5,2026-05-10 17:21:00,2026-05-12 15:36:00,Wanapum BRZ,1,2026-05-15 10:14:59
Rock Island Tailrace STH,1,G723CF4D5,2026-05-10 17:21:00,2026-05-12 15:36:00,Mattawa,1,2026-05-15 14:21:52
Rock Island Tailrace STH,1,G723CF4D5,2026-05-10 17:21:00,2026-05-12 15:36:00,Priest BRZ,1,2026-05-15 19:39:06
Rock Island Tailrace STH,1,G723CF4D5,2026-05-10 17:21:00,2026-05-12 15:36:00,Lower Ringold,1,2026-05-16 07:39:32
Rock Island Tailrace STH,1,G723CF4D5,2026-05-10 17:21:00,2026-05-12 15:36:00,Hanford,1,2026-05-16 10:35:21
Rock Island Tailrace STH,1,G723CF928,2026-05-07 18:03:01,2026-05-09 15:47:00,Crescent Bar,1,2026-05-09 21:07:51
Rock Island Tailrace STH,1,G723CF928,2026-05-07 18:03:01,2026-05-09 15:47:00,Sunland,1,2026-05-10 07:41:50
Rock Island Tailrace STH,1,G723CF928,2026-05-07 18:03:01,2026-05-09 15:47:00,Wanapum BRZ,1,2026-05-11 04:56:31
Rock Island Tailrace STH,1,G723CF928,2026-05-07 18:03:01,2026-05-09 15:47:00,Mattawa,1,2026-05-12 22:08:00
Rock Island Tailrace STH,1,G723CF928,2026-05-07 18:03:01,2026-05-09 15:47:00,Priest BRZ,1,2026-05-13 18:55:53
Rock Island Tailrace STH,1,G723CF928,2026-05-07 18:03:01,2026-05-09 15:47:00,Lower Ringold,1,2026-05-14 06:31:29
Rock Island Tailrace STH,1,G723CF928,2026-05-07 18:03:01,2026-05-09 15:47:00,Hanford,1,2026-05-14 09:34:17
Rock Island Tailrace STH,2,G723EF444,2026-05-10 17:27:31,2026-05-12 15:36:00,Crescent Bar,1,2026-05-12 22:02:24
Rock Island Tailrace STH,2,G723EF444,2026-05-10 17:27:31,2026-05-12 15:36:00,Sunland,1,2026-05-13 07:49:50
Rock Island Tailrace STH,2,G723EF444,2026-05-10 17:27:31,2026-05-12 15:36:00,Wanapum BRZ,1,2026-05-14 13:09:10
Rock Island Tailrace STH,2,G723EF444,2026-05-10 17:27:31,2026-05-12 15:36:00,Mattawa,1,2026-05-16 09:19:54
Rock Island Tailrace STH,2,G723EF444,2026-05-10 17:27:31,2026-05-12 15:36:00,Priest BRZ,1,2026-05-17 11:49:17
Rock Island Tailrace STH,2,G723EF444,2026-05-10 17:27:31,2026-05-12 15:36:00,Lower Ringold,1,2026-05-18 08:56:31
Rock Island Tailrace STH,2,G723EF444,2026-05-10 17:27:31,2026-05-12 15:36:00,Hanford,1,2026-05-18 12:22:38
Rock Island Tailrace STH,2,G72401864,2026-05-06 18:25:59,2026-05-09 15:47:00,Crescent Bar,1,2026-05-09 21:52:05
Rock Island Tailrace STH,2,G72401864,2026-05-06 18:25:59,2026-05-09 15:47:00,Sunland,1,2026-05-10 06:46:44
Rock Island Tailrace STH,2,G72401864,2026-05-06 18:25:59,2026-05-09 15:47:00,Wanapum BRZ,1,2026-05-11 15:23:09
Rock Island Tailrace STH,2,G72401864,2026-05-06 18:25:59,2026-05-09 15:47:00,Mattawa,1,2026-05-11 18:31:01
Rock Island Tailrace STH,2,G72401864,2026-05-06 18:25:59,2026-05-09 15:47:00,Priest BRZ,0,
Rock Island Tailrace STH,2,G72401864,2026-05-06 18:25:59,2026-05-09 15:47:00,Lower Ringold,0,
Rock Island Tailrace STH,2,G72401864,2026-05-06 18:25:59,2026-05-09 15:47:00,Hanford,0,
Rock Island Tailrace STH,2,G7241EE09,2026-05-06 18:21:08,2026-05-09 15:47:00,Crescent Bar,1,2026-05-09 23:52:46
Rock Island Tailrace STH,2,G7241EE09,2026-05-06 18:21:08,2026-05-09 15:47:00,Sunland,1,2026-05-10 11:25:11
Rock Island Tailrace STH,2,G7241EE09,2026-05-06 18:21:08,2026-05-09 15:47:00,Wanapum BRZ,1,2026-05-11 08:24:42
Rock Island Tailrace STH,2,G7241EE09,2026-05-06 18:21:08,2026-05-09 15:47:00,Mattawa,1,2026-05-11 14:53:27
Rock Island Tailrace STH,2,G7241EE09,2026-05-06 18:21:08,2026-05-09 15:47:00,Priest BRZ,1,2026-05-11 22:28:34
Rock Island Tailrace STH,2,G7241EE09,2026-05-06 18:21:08,2026-05-09 15:47:00,Lower Ringold,1,2026-05-12 15:55:57
Rock Island Tailrace STH,2,G7241EE09,2026-05-06 18:21:08,2026-05-09 15:47:00,Hanford,1,2026-05-13 06:00:03
Rock Island Tailrace STH,2,G72421B17,2026-05-07 18:08:49,2026-05-09 15:47:00,Crescent Bar,1,2026-05-09 22:57:44
Rock Island Tailrace STH,2,G72421B17,2026-05-07 18:08:49,2026-05-09 15:47:00,Sunland,1,2026-05-10 06:57:38
Rock Island Tailrace STH,2,G72421B17,2026-05-07 18:08:49,2026-05-09 15:47:00,Wanapum BRZ,1,2026-05-11 12:20:49
Rock Island Tailrace STH,2,G72421B17,2026-05-07 18:08:49,2026-05-09 15:47:00,Mattawa,1,2026-05-11 21:38:02
Rock Island Tailrace STH,2,G72421B17,2026-05-07 18:08:49,2026-05-09 15:47:00,Priest BRZ,1,2026-05-12 07:55:16
Rock Island Tailrace STH,2,G72421B17,2026-05-07 18:08:49,2026-05-09 15:47:00,Lower Ringold,1,2026-05-15 18:58:32
Rock Island Tailrace STH,2,G72421B17,2026-05-07 18:08:49,2026-05-09 15:47:00,Hanford,1,2026-05-15 21:21:43
Rock Island Tailrace STH,2,G72425E6E,2026-05-05 17:31:43,2026-05-07 15:46:00,Crescent Bar,1,2026-05-08 03:13:44
Rock Island Tailrace STH,2,G72425E6E,2026-05-05 17:31:43,2026-05-07 15:46:00,Sunland,1,2026-05-08 14:10:37
Rock Island Tailrace STH,2,G72425E6E,2026-05-05 17:31:43,2026-05-07 15:46:00,Wanapum BRZ,1,2026-05-09 17:59:55
Rock Island Tailrace STH,2,G72425E6E,2026-05-05 17:31:43,2026-05-07 15:46:00,Mattawa,1,2026-05-10 05:57:32
Rock Island Tailrace STH,2,G72425E6E,2026-05-05 17:31:43,2026-05-07 15:46:00,Priest BRZ,0,
Rock Island Tailrace STH,2,G72425E6E,2026-05-05 17:31:43,2026-05-07 15:46:00,Lower Ringold,0,
Rock Island Tailrace STH,2,G72425E6E,2026-05-05 17:31:43,2026-05-07 15:46:00,Hanford,0,
Rock Island Tailrace STH,2,G7242ADF8,2026-05-04 18:38:01,2026-05-06 16:04:00,Crescent Bar,1,2026-05-06 22:44:26
Rock Island Tailrace STH,2,G7242ADF8,2026-05-04 18:38:01,2026-05-06 16:04:00,Sunland,1,2026-05-07 10:46:11
Rock Island Tailrace STH,2,G7242ADF8,2026-05-04 18:38:01,2026-05-06 16:04:00,Wanapum BRZ,1,2026-05-08 18:48:50
Rock Island Tailrace STH,2,G7242ADF8,2026-05-04 18:38:01,2026-05-06 16:04:00,Mattawa,1,2026-05-09 05:13:31
Rock Island Tailrace STH,2,G7242ADF8,2026-05-04 18:38:01,2026-05-06 16:04:00,Priest BRZ,1,2026-05-09 17:05:12
Rock Island Tailrace STH,2,G7242ADF8,2026-05-04 18:38:01,2026-05-06 16:04:00,Lower Ringold,1,2026-05-10 06:11:24
Rock Island Tailrace STH,2,G7242ADF8,2026-05-04 18:38:01,2026-05-06 16:04:00,Hanford,1,2026-05-10 09:15:30
Rock Island Tailrace STH,2,G72434F69,2026-05-05 17:57:56,2026-05-07 15:46:00,Crescent Bar,1,2026-05-07 23:35:22
Rock Island Tailrace STH,2,G72434F69,2026-05-05 17:57:56,2026-05-07 15:46:00,Sunland,1,2026-05-08 12:41:22
Rock Island Tailrace STH,2,G72434F69,2026-05-05 17:57:56,2026-05-07 15:46:00,Wanapum BRZ,1,2026-05-09 20:21:14
Rock Island Tailrace STH,2,G72434F69,2026-05-05 17:57:56,2026-05-07 15:46:00,Mattawa,1,2026-05-11 08:39:23
Rock Island Tailrace STH,2,G72434F69,2026-05-05 17:57:56,2026-05-07 15:46:00,Priest BRZ,1,2026-05-13 08:48:01
Rock Island Tailrace STH,2,G72434F69,2026-05-05 17:57:56,2026-05-07 15:46:00,Lower Ringold,1,2026-05-19 06:59:27
Rock Island Tailrace STH,2,G72434F69,2026-05-05 17:57:56,2026-05-07 15:46:00,Hanford,1,2026-05-19 09:50:21
Rock Island Tailrace STH,2,G7243D8FB,2026-05-07 18:03:53,2026-05-09 15:47:00,Crescent Bar,1,2026-05-10 00:19:51
Rock Island Tailrace STH,2,G7243D8FB,2026-05-07 18:03:53,2026-05-09 15:47:00,Sunland,1,2026-05-10 11:33:15
Rock Island Tailrace STH,2,G7243D8FB,2026-05-07 18:03:53,2026-05-09 15:47:00,Wanapum BRZ,1,2026-05-11 16:23:08
Rock Island Tailrace STH,2,G7243D8FB,2026-05-07 18:03:53,2026-05-09 15:47:00,Mattawa,1,2026-05-11 21:53:47
Rock Island Tailrace STH,2,G7243D8FB,2026-05-07 18:03:53,2026-05-09 15:47:00,Priest BRZ,1,2026-05-12 11:23:11
Rock Island Tailrace STH,2,G7243D8FB,2026-05-07 18:03:53,2026-05-09 15:47:00,Lower Ringold,1,2026-05-15 01:02:05
Rock Island Tailrace STH,2,G7243D8FB,2026-05-07 18:03:53,2026-05-09 15:47:00,Hanford,1,2026-05-15 03:45:06
Rock Island Tailrace STH,2,G7244335C,2026-05-04 18:25:00,2026-05-06 16:04:00,Crescent Bar,1,2026-05-07 08:03:00
Rock Island Tailrace STH,2,G7244335C,2026-05-04 18:25:00,2026-05-06 16:04:00,Sunland,1,2026-05-07 20:19:00
Rock Island Tailrace STH,2,G7244335C,2026-05-04 18:25:00,2026-05-06 16:04:00,Wanapum BRZ,1,2026-05-09 02:22:38
Rock Island Tailrace STH,2,G7244335C,2026-05-04 18:25:00,2026-05-06 16:04:00,Mattawa,1,2026-05-09 13:49:45
Rock Island Tailrace STH,2,G7244335C,2026-05-04 18:25:00,2026-05-06 16:04:00,Priest BRZ,1,2026-05-10 04:06:04
Rock Island Tailrace STH,2,G7244335C,2026-05-04 18:25:00,2026-05-06 16:04:00,Lower Ringold,1,2026-05-10 21:38:04
Rock Island Tailrace STH,2,G7244335C,2026-05-04 18:25:00,2026-05-06 16:04:00,Hanford,1,2026-05-11 00:22:51
Rock Island Tailrace STH,2,G72447A86,2026-05-03 19:10:23,2026-05-05 16:45:00,Crescent Bar,1,2026-05-06 00:16:28
Rock Island Tailrace STH,2,G72447A86,2026-05-03 19:10:23,2026-05-05 16:45:00,Sunland,1,2026-05-06 09:38:59
Rock Island Tailrace STH,2,G72447A86,2026-05-03 19:10:23,2026-05-05 16:45:00,Wanapum BRZ,1,2026-05-07 03:29:31
Rock Island Tailrace STH,2,G72447A86,2026-05-03 19:10:23,2026-05-05 16:45:00,Mattawa,1,2026-05-07 08:03:03
Rock Island Tailrace STH,2,G72447A86,2026-05-03 19:10:23,2026-05-05 16:45:00,Priest BRZ,1,2026-05-08 07:34:41
Rock Island Tailrace STH,2,G72447A86,2026-05-03 19:10:23,2026-05-05 16:45:00,Lower Ringold,0,
Rock Island Tailrace STH,2,G72447A86,2026-05-03 19:10:23,2026-05-05 16:45:00,Hanford,0,
Rock Island Tailrace STH,2,G7244C276,2026-05-06 18:33:12,2026-05-09 15:47:00,Crescent Bar,1,2026-05-09 21:54:20
Rock Island Tailrace STH,2,G7244C276,2026-05-06 18:33:12,2026-05-09 15:47:00,Sunland,1,2026-05-10 06:04:04
Rock Island Tailrace STH,2,G7244C276,2026-05-06 18:33:12,2026-05-09 15:47:00,Wanapum BRZ,1,2026-05-11 20:02:25
Rock Island Tailrace STH,2,G7244C276,2026-05-06 18:33:12,2026-05-09 15:47:00,Mattawa,1,2026-05-12 10:32:29
Rock Island Tailrace STH,2,G7244C276,2026-05-06 18:33:12,2026-05-09 15:47:00,Priest BRZ,1,2026-05-13 06:54:47
Rock Island Tailrace STH,2,G7244C276,2026-05-06 18:33:12,2026-05-09 15:47:00,Lower Ringold,1,2026-05-14 08:16:27
Rock Island Tailrace STH,2,G7244C276,2026-05-06 18:33:12,2026-05-09 15:47:00,Hanford,1,2026-05-14 11:12:02
Rock Island Tailrace STH,2,G7249B927,2026-05-08 20:30:13,2026-05-10 15:37:00,Crescent Bar,1,2026-05-10 23:56:14
Rock Island Tailrace STH,2,G7249B927,2026-05-08 20:30:13,2026-05-10 15:37:00,Sunland,1,2026-05-11 10:42:32
Rock Island Tailrace STH,2,G7249B927,2026-05-08 20:30:13,2026-05-10 15:37:00,Wanapum BRZ,1,2026-05-12 06:37:34
Rock Island Tailrace STH,2,G7249B927,2026-05-08 20:30:13,2026-05-10 15:37:00,Mattawa,1,2026-05-12 09:31:18
Rock Island Tailrace STH,2,G7249B927,2026-05-08 20:30:13,2026-05-10 15:37:00,Priest BRZ,1,2026-05-12 23:53:52
Rock Island Tailrace STH,2,G7249B927,2026-05-08 20:30:13,2026-05-10 15:37:00,Lower Ringold,1,2026-05-13 15:47:31
Rock Island Tailrace STH,2,G7249B927,2026-05-08 20:30:13,2026-05-10 15:37:00,Hanford,1,2026-05-13 19:21:45
Rock Island Tailrace STH,2,G724A2A81,2026-05-04 18:35:07,2026-05-06 16:04:00,Crescent Bar,1,2026-05-07 04:12:58
Rock Island Tailrace STH,2,G724A2A81,2026-05-04 18:35:07,2026-05-06 16:04:00,Sunland,1,2026-05-07 14:17:28
Rock Island Tailrace STH,2,G724A2A81,2026-05-04 18:35:07,2026-05-06 16:04:00,Wanapum BRZ,1,2026-05-08 19:25:28
Rock Island Tailrace STH,2,G724A2A81,2026-05-04 18:35:07,2026-05-06 16:04:00,Mattawa,1,2026-05-09 05:42:46
Rock Island Tailrace STH,2,G724A2A81,2026-05-04 18:35:07,2026-05-06 16:04:00,Priest BRZ,1,2026-05-09 19:16:49
Rock Island Tailrace STH,2,G724A2A81,2026-05-04 18:35:07,2026-05-06 16:04:00,Lower Ringold,1,2026-05-12 03:52:32
Rock Island Tailrace STH,2,G724A2A81,2026-05-04 18:35:07,2026-05-06 16:04:00,Hanford,1,2026-05-12 07:17:31
Rock Island Tailrace STH,2,G724A38A0,2026-05-05 17:24:36,2026-05-07 15:46:00,Crescent Bar,1,2026-05-08 01:25:34
Rock Island Tailrace STH,2,G724A38A0,2026-05-05 17:24:36,2026-05-07 15:46:00,Sunland,1,2026-05-08 13:14:46
Rock Island Tailrace STH,2,G724A38A0,2026-05-05 17:24:36,2026-05-07 15:46:00,Wanapum BRZ,1,2026-05-09 21:03:22
Rock Island Tailrace STH,2,G724A38A0,2026-05-05 17:24:36,2026-05-07 15:46:00,Mattawa,1,2026-05-10 01:23:43
Rock Island Tailrace STH,2,G724A38A0,2026-05-05 17:24:36,2026-05-07 15:46:00,Priest BRZ,1,2026-05-10 10:56:15
Rock Island Tailrace STH,2,G724A38A0,2026-05-05 17:24:36,2026-05-07 15:46:00,Lower Ringold,1,2026-05-10 21:14:02
Rock Island Tailrace STH,2,G724A38A0,2026-05-05 17:24:36,2026-05-07 15:46:00,Hanford,1,2026-05-11 00:00:54
Rock Island Tailrace STH,2,G724A409A,2026-05-07 17:45:59,2026-05-09 15:47:00,Crescent Bar,1,2026-05-09 23:19:37
Rock Island Tailrace STH,2,G724A409A,2026-05-07 17:45:59,2026-05-09 15:47:00,Sunland,1,2026-05-10 07:43:07
Rock Island Tailrace STH,2,G724A409A,2026-05-07 17:45:59,2026-05-09 15:47:00,Wanapum BRZ,1,2026-05-11 12:27:17
Rock Island Tailrace STH,2,G724A409A,2026-05-07 17:45:59,2026-05-09 15:47:00,Mattawa,1,2026-05-12 12:42:49
Rock Island Tailrace STH,2,G724A409A,2026-05-07 17:45:59,2026-05-09 15:47:00,Priest BRZ,1,2026-05-12 23:58:26
Rock Island Tailrace STH,2,G724A409A,2026-05-07 17:45:59,2026-05-09 15:47:00,Lower Ringold,1,2026-05-13 15:40:03
Rock Island Tailrace STH,2,G724A409A,2026-05-07 17:45:59,2026-05-09 15:47:00,Hanford,1,2026-05-13 18:32:56
Rock Island Tailrace STH,2,G724B0E07,2026-05-08 20:12:29,2026-05-10 15:37:00,Crescent Bar,1,2026-05-10 23:59:14
Rock Island Tailrace STH,2,G724B0E07,2026-05-08 20:12:29,2026-05-10 15:37:00,Sunland,1,2026-05-11 08:14:37
Rock Island Tailrace STH,2,G724B0E07,2026-05-08 20:12:29,2026-05-10 15:37:00,Wanapum BRZ,1,2026-05-12 02:37:16
Rock Island Tailrace STH,2,G724B0E07,2026-05-08 20:12:29,2026-05-10 15:37:00,Mattawa,1,2026-05-12 12:43:59
Rock Island Tailrace STH,2,G724B0E07,2026-05-08 20:12:29,2026-05-10 15:37:00,Priest BRZ,1,2026-05-12 19:29:22
Rock Island Tailrace STH,2,G724B0E07,2026-05-08 20:12:29,2026-05-10 15:37:00,Lower Ringold,1,2026-05-13 18:45:14
Rock Island Tailrace STH,2,G724B0E07,2026-05-08 20:12:29,2026-05-10 15:37:00,Hanford,1,2026-05-13 22:10:56
Rock Island Tailrace STH,1,G724BE833,2026-05-07 18:05:52,2026-05-09 15:47:00,Crescent Bar,1,2026-05-10 00:26:17
Rock Island Tailrace STH,1,G724BE833,2026-05-07 18:05:52,2026-05-09 15:47:00,Sunland,1,2026-05-10 09:06:29
Rock Island Tailrace STH,1,G724BE833,2026-05-07 18:05:52,2026-05-09 15:47:00,Wanapum BRZ,0,
Rock Island Tailrace STH,1,G724BE833,2026-05-07 18:05:52,2026-05-09 15:47:00,Mattawa,0,
Rock Island Tailrace STH,1,G724BE833,2026-05-07 18:05:52,2026-05-09 15:47:00,Priest BRZ,0,
Rock Island Tailrace STH,1,G724BE833,2026-05-07 18:05:52,2026-05-09 15:47:00,Lower Ringold,0,
Rock Island Tailrace STH,1,G724BE833,2026-05-07 18:05:52,2026-05-09 15:47:00,Hanford,0,
Rock Island Tailrace STH,2,G724DC126,2026-05-09 17:47:00,2026-05-11 15:52:00,Crescent Bar,1,2026-05-12 05:30:51
Rock Island Tailrace STH,2,G724DC126,2026-05-09 17:47:00,2026-05-11 15:52:00,Sunland,1,2026-05-12 15:06:25
Rock Island Tailrace STH,2,G724DC126,2026-05-09 17:47:00,2026-05-11 15:52:00,Wanapum BRZ,0,
Rock Island Tailrace STH,2,G724DC126,2026-05-09 17:47:00,2026-05-11 15:52:00,Mattawa,0,
Rock Island Tailrace STH,2,G724DC126,2026-05-09 17:47:00,2026-05-11 15:52:00,Priest BRZ,0,
Rock Island Tailrace STH,2,G724DC126,2026-05-09 17:47:00,2026-05-11 15:52:00,Lower Ringold,0,
Rock Island Tailrace STH,2,G724DC126,2026-05-09 17:47:00,2026-05-11 15:52:00,Hanford,0,
Rock Island Tailrace STH,2,G724DC547,2026-05-04 18:18:49,2026-05-06 16:04:00,Crescent Bar,1,2026-05-07 01:54:43
Rock Island Tailrace STH,2,G724DC547,2026-05-04 18:18:49,2026-05-06 16:04:00,Sunland,1,2026-05-07 17:32:04
Rock Island Tailrace STH,2,G724DC547,2026-05-04 18:18:49,2026-05-06 16:04:00,Wanapum BRZ,1,2026-05-08 17:32:55
Rock Island Tailrace STH,2,G724DC547,2026-05-04 18:18:49,2026-05-06 16:04:00,Mattawa,1,2026-05-09 22:33:50
Rock Island Tailrace STH,2,G724DC547,2026-05-04 18:18:49,2026-05-06 16:04:00,Priest BRZ,1,2026-05-10 05:23:00
Rock Island Tailrace STH,2,G724DC547,2026-05-04 18:18:49,2026-05-06 16:04:00,Lower Ringold,1,2026-05-11 10:47:21
Rock Island Tailrace STH,2,G724DC547,2026-05-04 18:18:49,2026-05-06 16:04:00,Hanford,1,2026-05-11 13:34:26
Rock Island Tailrace STH,2,G724EA9D4,2026-05-09 17:49:49,2026-05-11 15:52:00,Crescent Bar,1,2026-05-13 09:41:53
Rock Island Tailrace STH,2,G724EA9D4,2026-05-09 17:49:49,2026-05-11 15:52:00,Sunland,1,2026-05-13 21:49:53
Rock Island Tailrace STH,2,G724EA9D4,2026-05-09 17:49:49,2026-05-11 15:52:00,Wanapum BRZ,1,2026-05-14 21:30:55
Rock Island Tailrace STH,2,G724EA9D4,2026-05-09 17:49:49,2026-05-11 15:52:00,Mattawa,1,2026-05-15 05:06:43
Rock Island Tailrace STH,2,G724EA9D4,2026-05-09 17:49:49,2026-05-11 15:52:00,Priest BRZ,1,2026-05-15 23:02:07
Rock Island Tailrace STH,2,G724EA9D4,2026-05-09 17:49:49,2026-05-11 15:52:00,Lower Ringold,1,2026-05-16 21:01:59
Rock Island Tailrace STH,2,G724EA9D4,2026-05-09 17:49:49,2026-05-11 15:52:00,Hanford,1,2026-05-17 00:22:25
Rock Island Tailrace STH,3,G724F3BBD,2026-05-03 19:23:12,2026-05-05 16:45:00,Crescent Bar,1,2026-05-06 01:40:16
Rock Island Tailrace STH,3,G724F3BBD,2026-05-03 19:23:12,2026-05-05 16:45:00,Sunland,1,2026-05-06 20:16:03
Rock Island Tailrace STH,3,G724F3BBD,2026-05-03 19:23:12,2026-05-05 16:45:00,Wanapum BRZ,1,2026-05-11 12:49:44
Rock Island Tailrace STH,3,G724F3BBD,2026-05-03 19:23:12,2026-05-05 16:45:00,Mattawa,1,2026-05-11 23:20:53
Rock Island Tailrace STH,3,G724F3BBD,2026-05-03 19:23:12,2026-05-05 16:45:00,Priest BRZ,1,2026-05-12 10:19:47
Rock Island Tailrace STH,3,G724F3BBD,2026-05-03 19:23:12,2026-05-05 16:45:00,Lower Ringold,1,2026-05-14 08:01:42
Rock Island Tailrace STH,3,G724F3BBD,2026-05-03 19:23:12,2026-05-05 16:45:00,Hanford,0,
Rock Island Tailrace STH,3,G7251B3C3,2026-05-04 18:29:29,2026-05-06 16:04:00,Crescent Bar,1,2026-05-06 23:49:44
Rock Island Tailrace STH,3,G7251B3C3,2026-05-04 18:29:29,2026-05-06 16:04:00,Sunland,1,2026-05-07 16:00:46
Rock Island Tailrace STH,3,G7251B3C3,2026-05-04 18:29:29,2026-05-06 16:04:00,Wanapum BRZ,1,2026-05-08 21:03:49
Rock Island Tailrace STH,3,G7251B3C3,2026-05-04 18:29:29,2026-05-06 16:04:00,Mattawa,1,2026-05-09 21:01:13
Rock Island Tailrace STH,3,G7251B3C3,2026-05-04 18:29:29,2026-05-06 16:04:00,Priest BRZ,1,2026-05-10 01:50:43
Rock Island Tailrace STH,3,G7251B3C3,2026-05-04 18:29:29,2026-05-06 16:04:00,Lower Ringold,1,2026-05-11 03:18:57
Rock Island Tailrace STH,3,G7251B3C3,2026-05-04 18:29:29,2026-05-06 16:04:00,Hanford,1,2026-05-11 06:18:27
Rock Island Tailrace STH,3,G7252213B,2026-05-06 18:36:36,2026-05-09 15:47:00,Crescent Bar,1,2026-05-09 21:42:09
Rock Island Tailrace STH,3,G7252213B,2026-05-06 18:36:36,2026-05-09 15:47:00,Sunland,1,2026-05-10 05:44:07
Rock Island Tailrace STH,3,G7252213B,2026-05-06 18:36:36,2026-05-09 15:47:00,Wanapum BRZ,1,2026-05-12 00:48:25
Rock Island Tailrace STH,3,G7252213B,2026-05-06 18:36:36,2026-05-09 15:47:00,Mattawa,1,2026-05-12 08:03:37
Rock Island Tailrace STH,3,G7252213B,2026-05-06 18:36:36,2026-05-09 15:47:00,Priest BRZ,1,2026-05-13 08:29:36
Rock Island Tailrace STH,3,G7252213B,2026-05-06 18:36:36,2026-05-09 15:47:00,Lower Ringold,1,2026-05-16 13:23:51
Rock Island Tailrace STH,3,G7252213B,2026-05-06 18:36:36,2026-05-09 15:47:00,Hanford,1,2026-05-16 17:08:03
Rock Island Tailrace STH,3,G7252A488,2026-05-05 17:18:09,2026-05-07 15:46:00,Crescent Bar,1,2026-05-08 01:40:10
Rock Island Tailrace STH,3,G7252A488,2026-05-05 17:18:09,2026-05-07 15:46:00,Sunland,1,2026-05-08 14:13:40
Rock Island Tailrace STH,3,G7252A488,2026-05-05 17:18:09,2026-05-07 15:46:00,Wanapum BRZ,1,2026-05-09 14:13:32
Rock Island Tailrace STH,3,G7252A488,2026-05-05 17:18:09,2026-05-07 15:46:00,Mattawa,1,2026-05-09 17:00:58
Rock Island Tailrace STH,3,G7252A488,2026-05-05 17:18:09,2026-05-07 15:46:00,Priest BRZ,1,2026-05-10 04:07:45
Rock Island Tailrace STH,3,G7252A488,2026-05-05 17:18:09,2026-05-07 15:46:00,Lower Ringold,1,2026-05-10 14:53:34
Rock Island Tailrace STH,3,G7252A488,2026-05-05 17:18:09,2026-05-07 15:46:00,Hanford,1,2026-05-10 18:58:11
Rock Island Tailrace STH,1,G72534C67,2026-05-09 18:15:31,2026-05-11 15:52:00,Crescent Bar,1,2026-05-11 22:40:59
Rock Island Tailrace STH,1,G72534C67,2026-05-09 18:15:31,2026-05-11 15:52:00,Sunland,1,2026-05-12 11:17:11
Rock Island Tailrace STH,1,G72534C67,2026-05-09 18:15:31,2026-05-11 15:52:00,Wanapum BRZ,1,2026-05-13 11:49:43
Rock Island Tailrace STH,1,G72534C67,2026-05-09 18:15:31,2026-05-11 15:52:00,Mattawa,1,2026-05-14 08:07:18
Rock Island Tailrace STH,1,G72534C67,2026-05-09 18:15:31,2026-05-11 15:52:00,Priest BRZ,1,2026-05-15 07:08:10
Rock Island Tailrace STH,1,G72534C67,2026-05-09 18:15:31,2026-05-11 15:52:00,Lower Ringold,0,
Rock Island Tailrace STH,1,G72534C67,2026-05-09 18:15:31,2026-05-11 15:52:00,Hanford,0,
Rock Island Tailrace STH,1,G72534F85,2026-05-07 17:43:48,2026-05-09 15:47:00,Crescent Bar,1,2026-05-09 21:11:36
Rock Island Tailrace STH,1,G72534F85,2026-05-07 17:43:48,2026-05-09 15:47:00,Sunland,1,2026-05-10 04:33:33
Rock Island Tailrace STH,1,G72534F85,2026-05-07 17:43:48,2026-05-09 15:47:00,Wanapum BRZ,1,2026-05-11 12:31:31
Rock Island Tailrace STH,1,G72534F85,2026-05-07 17:43:48,2026-05-09 15:47:00,Mattawa,1,2026-05-12 17:49:35
Rock Island Tailrace STH,1,G72534F85,2026-05-07 17:43:48,2026-05-09 15:47:00,Priest BRZ,1,2026-05-13 14:21:46
Rock Island Tailrace STH,1,G72534F85,2026-05-07 17:43:48,2026-05-09 15:47:00,Lower Ringold,1,2026-05-14 23:03:36
Rock Island Tailrace STH,1,G72534F85,2026-05-07 17:43:48,2026-05-09 15:47:00,Hanford,1,2026-05-15 01:59:39
Rock Island Tailrace STH,1,G7253D949,2026-05-09 17:50:36,2026-05-11 15:52:00,Crescent Bar,1,2026-05-12 06:36:04
Rock Island Tailrace STH,1,G7253D949,2026-05-09 17:50:36,2026-05-11 15:52:00,Sunland,1,2026-05-12 16:16:47
Rock Island Tailrace STH,1,G7253D949,2026-05-09 17:50:36,2026-05-11 15:52:00,Wanapum BRZ,1,2026-05-14 06:49:45
Rock Island Tailrace STH,1,G7253D949,2026-05-09 17:50:36,2026-05-11 15:52:00,Mattawa,1,2026-05-14 09:52:04
Rock Island Tailrace STH,1,G7253D949,2026-05-09 17:50:36,2026-05-11 15:52:00,Priest BRZ,1,2026-05-14 23:01:08
Rock Island Tailrace STH,1,G7253D949,2026-05-09 17:50:36,2026-05-11 15:52:00,Lower Ringold,1,2026-05-15 14:37:40
Rock Island Tailrace STH,1,G7253D949,2026-05-09 17:50:36,2026-05-11 15:52:00,Hanford,1,2026-05-15 17:38:33
Rock Island Tailrace STH,1,G7254670A,2026-05-07 17:52:51,2026-05-09 15:47:00,Crescent Bar,1,2026-05-09 21:35:22
Rock Island Tailrace STH,1,G7254670A,2026-05-07 17:52:51,2026-05-09 15:47:00,Sunland,1,2026-05-10 03:50:42
Rock Island Tailrace STH,1,G7254670A,2026-05-07 17:52:51,2026-05-09 15:47:00,Wanapum BRZ,1,2026-05-11 09:17:09
Rock Island Tailrace STH,1,G7254670A,2026-05-07 17:52:51,2026-05-09 15:47:00,Mattawa,0,
Rock Island Tailrace STH,1,G7254670A,2026-05-07 17:52:51,2026-05-09 15:47:00,Priest BRZ,0,
Rock Island Tailrace STH,1,G7254670A,2026-05-07 17:52:51,2026-05-09 15:47:00,Lower Ringold,0,
Rock Island Tailrace STH,1,G7254670A,2026-05-07 17:52:51,2026-05-09 15:47:00,Hanford,0,
Rock Island Tailrace STH,1,G72547B34,2026-05-05 17:22:30,2026-05-07 15:46:00,Crescent Bar,1,2026-05-07 21:34:54
Rock Island Tailrace STH,1,G72547B34,2026-05-05 17:22:30,2026-05-07 15:46:00,Sunland,1,2026-05-08 05:51:48
Rock Island Tailrace STH,1,G72547B34,2026-05-05 17:22:30,2026-05-07 15:46:00,Wanapum BRZ,1,2026-05-09 04:41:09
Rock Island Tailrace STH,1,G72547B34,2026-05-05 17:22:30,2026-05-07 15:46:00,Mattawa,1,2026-05-10 06:05:36
Rock Island Tailrace STH,1,G72547B34,2026-05-05 17:22:30,2026-05-07 15:46:00,Priest BRZ,1,2026-05-11 12:14:39
Rock Island Tailrace STH,1,G72547B34,2026-05-05 17:22:30,2026-05-07 15:46:00,Lower Ringold,1,2026-05-14 04:39:05
Rock Island Tailrace STH,1,G72547B34,2026-05-05 17:22:30,2026-05-07 15:46:00,Hanford,1,2026-05-14 07:44:38
Rock Island Tailrace STH,1,G7254C7A5,2026-05-03 19:27:13,2026-05-05 16:45:00,Crescent Bar,0,
Rock Island Tailrace STH,1,G7254C7A5,2026-05-03 19:27:13,2026-05-05 16:45:00,Sunland,0,
Rock Island Tailrace STH,1,G7254C7A5,2026-05-03 19:27:13,2026-05-05 16:45:00,Wanapum BRZ,0,
Rock Island Tailrace STH,1,G7254C7A5,2026-05-03 19:27:13,2026-05-05 16:45:00,Mattawa,0,
Rock Island Tailrace STH,1,G7254C7A5,2026-05-03 19:27:13,2026-05-05 16:45:00,Priest BRZ,0,
Rock Island Tailrace STH,1,G7254C7A5,2026-05-03 19:27:13,2026-05-05 16:45:00,Lower Ringold,0,
Rock Island Tailrace STH,1,G7254C7A5,2026-05-03 19:27:13,2026-05-05 16:45:00,Hanford,0,
Rock Island Tailrace STH,1,G7254E2B9,2026-05-07 17:41:16,2026-05-09 15:47:00,Crescent Bar,1,2026-05-09 20:46:43
Rock Island Tailrace STH,1,G7254E2B9,2026-05-07 17:41:16,2026-05-09 15:47:00,Sunland,1,2026-05-10 07:54:08
Rock Island Tailrace STH,1,G7254E2B9,2026-05-07 17:41:16,2026-05-09 15:47:00,Wanapum BRZ,1,2026-05-11 09:16:32
Rock Island Tailrace STH,1,G7254E2B9,2026-05-07 17:41:16,2026-05-09 15:47:00,Mattawa,1,2026-05-11 12:59:57
Rock Island Tailrace STH,1,G7254E2B9,2026-05-07 17:41:16,2026-05-09 15:47:00,Priest BRZ,1,2026-05-12 09:54:41
Rock Island Tailrace STH,1,G7254E2B9,2026-05-07 17:41:16,2026-05-09 15:47:00,Lower Ringold,0,
Rock Island Tailrace STH,1,G7254E2B9,2026-05-07 17:41:16,2026-05-09 15:47:00,Hanford,0,
Rock Island Tailrace STH,3,G72554D93,2026-05-05 17:42:14,2026-05-07 15:46:00,Crescent Bar,1,2026-05-08 02:16:22
Rock Island Tailrace STH,3,G72554D93,2026-05-05 17:42:14,2026-05-07 15:46:00,Sunland,1,2026-05-08 13:15:13
Rock Island Tailrace STH,3,G72554D93,2026-05-05 17:42:14,2026-05-07 15:46:00,Wanapum BRZ,1,2026-05-09 15:30:38
Rock Island Tailrace STH,3,G72554D93,2026-05-05 17:42:14,2026-05-07 15:46:00,Mattawa,1,2026-05-09 20:26:39
Rock Island Tailrace STH,3,G72554D93,2026-05-05 17:42:14,2026-05-07 15:46:00,Priest BRZ,1,2026-05-10 05:28:38
Rock Island Tailrace STH,3,G72554D93,2026-05-05 17:42:14,2026-05-07 15:46:00,Lower Ringold,1,2026-05-10 17:24:52
Rock Island Tailrace STH,3,G72554D93,2026-05-05 17:42:14,2026-05-07 15:46:00,Hanford,1,2026-05-10 20:40:38
Rock Island Tailrace STH,2,G7256361E,2026-05-10 17:17:58,2026-05-12 15:36:00,Crescent Bar,1,2026-05-12 23:46:33
Rock Island Tailrace STH,2,G7256361E,2026-05-10 17:17:58,2026-05-12 15:36:00,Sunland,1,2026-05-13 10:14:05
Rock Island Tailrace STH,2,G7256361E,2026-05-10 17:17:58,2026-05-12 15:36:00,Wanapum BRZ,1,2026-05-14 07:34:53
Rock Island Tailrace STH,2,G7256361E,2026-05-10 17:17:58,2026-05-12 15:36:00,Mattawa,1,2026-05-14 10:57:44
Rock Island Tailrace STH,2,G7256361E,2026-05-10 17:17:58,2026-05-12 15:36:00,Priest BRZ,1,2026-05-14 18:51:00
Rock Island Tailrace STH,2,G7256361E,2026-05-10 17:17:58,2026-05-12 15:36:00,Lower Ringold,1,2026-05-15 07:39:08
Rock Island Tailrace STH,2,G7256361E,2026-05-10 17:17:58,2026-05-12 15:36:00,Hanford,1,2026-05-15 10:48:18
Rock Island Tailrace STH,2,G7256E856,2026-05-08 20:12:04,2026-05-10 15:37:00,Crescent Bar,1,2026-05-10 22:51:03
Rock Island Tailrace STH,2,G7256E856,2026-05-08 20:12:04,2026-05-10 15:37:00,Sunland,1,2026-05-11 09:15:34
Rock Island Tailrace STH,2,G7256E856,2026-05-08 20:12:04,2026-05-10 15:37:00,Wanapum BRZ,1,2026-05-13 06:30:24
Rock Island Tailrace STH,2,G7256E856,2026-05-08 20:12:04,2026-05-10 15:37:00,Mattawa,1,2026-05-20 07:35:53
Rock Island Tailrace STH,2,G7256E856,2026-05-08 20:12:04,2026-05-10 15:37:00,Priest BRZ,1,2026-05-20 14:40:34
Rock Island Tailrace STH,2,G7256E856,2026-05-08 20:12:04,2026-05-10 15:37:00,Lower Ringold,1,2026-05-21 10:01:12
Rock Island Tailrace STH,2,G7256E856,2026-05-08 20:12:04,2026-05-10 15:37:00,Hanford,1,2026-05-21 12:39:25
Rock Island Tailrace STH,3,G72571024,2026-05-08 20:26:33,2026-05-10 15:37:00,Crescent Bar,1,2026-05-11 04:44:08
Rock Island Tailrace STH,3,G72571024,2026-05-08 20:26:33,2026-05-10 15:37:00,Sunland,1,2026-05-11 15:30:01
Rock Island Tailrace STH,3,G72571024,2026-05-08 20:26:33,2026-05-10 15:37:00,Wanapum BRZ,1,2026-05-13 13:07:17
Rock Island Tailrace STH,3,G72571024,2026-05-08 20:26:33,2026-05-10 15:37:00,Mattawa,1,2026-05-14 11:29:01
Rock Island Tailrace STH,3,G72571024,2026-05-08 20:26:33,2026-05-10 15:37:00,Priest BRZ,1,2026-05-14 20:04:15
Rock Island Tailrace STH,3,G72571024,2026-05-08 20:26:33,2026-05-10 15:37:00,Lower Ringold,1,2026-05-15 07:29:57
Rock Island Tailrace STH,3,G72571024,2026-05-08 20:26:33,2026-05-10 15:37:00,Hanford,1,2026-05-15 10:28:01
Rock Island Tailrace STH,3,G72572378,2026-05-07 17:41:54,2026-05-09 15:47:00,Crescent Bar,1,2026-05-09 22:10:46
Rock Island Tailrace STH,3,G72572378,2026-05-07 17:41:54,2026-05-09 15:47:00,Sunland,1,2026-05-10 07:20:10
Rock Island Tailrace STH,3,G72572378,2026-05-07 17:41:54,2026-05-09 15:47:00,Wanapum BRZ,1,2026-05-11 17:53:34
Rock Island Tailrace STH,3,G72572378,2026-05-07 17:41:54,2026-05-09 15:47:00,Mattawa,1,2026-05-13 06:46:37
Rock Island Tailrace STH,3,G72572378,2026-05-07 17:41:54,2026-05-09 15:47:00,Priest BRZ,1,2026-05-13 22:46:21
Rock Island Tailrace STH,3,G72572378,2026-05-07 17:41:54,2026-05-09 15:47:00,Lower Ringold,1,2026-05-14 10:28:39
Rock Island Tailrace STH,3,G72572378,2026-05-07 17:41:54,2026-05-09 15:47:00,Hanford,1,2026-05-14 13:31:29
Rock Island Tailrace STH,3,G7257B1D5,2026-05-09 18:16:56,2026-05-11 15:52:00,Crescent Bar,1,2026-05-11 23:11:34
Rock Island Tailrace STH,3,G7257B1D5,2026-05-09 18:16:56,2026-05-11 15:52:00,Sunland,1,2026-05-12 09:08:01
Rock Island Tailrace STH,3,G7257B1D5,2026-05-09 18:16:56,2026-05-11 15:52:00,Wanapum BRZ,1,2026-05-13 19:50:14
Rock Island Tailrace STH,3,G7257B1D5,2026-05-09 18:16:56,2026-05-11 15:52:00,Mattawa,1,2026-05-14 07:23:18
Rock Island Tailrace STH,3,G7257B1D5,2026-05-09 18:16:56,2026-05-11 15:52:00,Priest BRZ,0,
Rock Island Tailrace STH,3,G7257B1D5,2026-05-09 18:16:56,2026-05-11 15:52:00,Lower Ringold,0,
Rock Island Tailrace STH,3,G7257B1D5,2026-05-09 18:16:56,2026-05-11 15:52:00,Hanford,0,
Rock Island Tailrace STH,3,G7257C8B1,2026-05-06 18:27:14,2026-05-09 15:47:00,Crescent Bar,1,2026-05-09 21:59:27
Rock Island Tailrace STH,3,G7257C8B1,2026-05-06 18:27:14,2026-05-09 15:47:00,Sunland,1,2026-05-10 07:13:04
Rock Island Tailrace STH,3,G7257C8B1,2026-05-06 18:27:14,2026-05-09 15:47:00,Wanapum BRZ,1,2026-05-11 09:39:57
Rock Island Tailrace STH,3,G7257C8B1,2026-05-06 18:27:14,2026-05-09 15:47:00,Mattawa,1,2026-05-11 12:47:20
Rock Island Tailrace STH,3,G7257C8B1,2026-05-06 18:27:14,2026-05-09 15:47:00,Priest BRZ,1,2026-05-12 07:51:52
Rock Island Tailrace STH,3,G7257C8B1,2026-05-06 18:27:14,2026-05-09 15:47:00,Lower Ringold,1,2026-05-13 10:52:40
Rock Island Tailrace STH,3,G7257C8B1,2026-05-06 18:27:14,2026-05-09 15:47:00,Hanford,1,2026-05-13 13:56:55
Rock Island Tailrace STH,2,G72583F5E,2026-05-09 17:57:57,2026-05-11 15:52:00,Crescent Bar,1,2026-05-11 22:40:37
Rock Island Tailrace STH,2,G72583F5E,2026-05-09 17:57:57,2026-05-11 15:52:00,Sunland,1,2026-05-12 08:24:31
Rock Island Tailrace STH,2,G72583F5E,2026-05-09 17:57:57,2026-05-11 15:52:00,Wanapum BRZ,1,2026-05-16 16:08:09
Rock Island Tailrace STH,2,G72583F5E,2026-05-09 17:57:57,2026-05-11 15:52:00,Mattawa,1,2026-05-20 10:54:04
Rock Island Tailrace STH,2,G72583F5E,2026-05-09 17:57:57,2026-05-11 15:52:00,Priest BRZ,1,2026-05-20 17:18:39
Rock Island Tailrace STH,2,G72583F5E,2026-05-09 17:57:57,2026-05-11 15:52:00,Lower Ringold,1,2026-05-24 21:02:23
Rock Island Tailrace STH,2,G72583F5E,2026-05-09 17:57:57,2026-05-11 15:52:00,Hanford,1,2026-05-25 00:19:22
Rock Island Tailrace STH,2,G7258EB68,2026-05-07 17:55:49,2026-05-09 15:47:00,Crescent Bar,1,2026-05-09 22:45:04
Rock Island Tailrace STH,2,G7258EB68,2026-05-07 17:55:49,2026-05-09 15:47:00,Sunland,1,2026-05-10 12:52:23
Rock Island Tailrace STH,2,G7258EB68,2026-05-07 17:55:49,2026-05-09 15:47:00,Wanapum BRZ,1,2026-05-11 19:44:31
Rock Island Tailrace STH,2,G7258EB68,2026-05-07 17:55:49,2026-05-09 15:47:00,Mattawa,1,2026-05-13 12:16:21
Rock Island Tailrace STH,2,G7258EB68,2026-05-07 17:55:49,2026-05-09 15:47:00,Priest BRZ,0,
Rock Island Tailrace STH,2,G7258EB68,2026-05-07 17:55:49,2026-05-09 15:47:00,Lower Ringold,0,
Rock Island Tailrace STH,2,G7258EB68,2026-05-07 17:55:49,2026-05-09 15:47:00,Hanford,0,
Rock Island Tailrace STH,2,G725907E6,2026-05-09 17:54:06,2026-05-11 15:52:00,Crescent Bar,1,2026-05-11 23:21:50
Rock Island Tailrace STH,2,G725907E6,2026-05-09 17:54:06,2026-05-11 15:52:00,Sunland,1,2026-05-12 09:16:00
Rock Island Tailrace STH,2,G725907E6,2026-05-09 17:54:06,2026-05-11 15:52:00,Wanapum BRZ,1,2026-05-13 13:33:34
Rock Island Tailrace STH,2,G725907E6,2026-05-09 17:54:06,2026-05-11 15:52:00,Mattawa,0,
Rock Island Tailrace STH,2,G725907E6,2026-05-09 17:54:06,2026-05-11 15:52:00,Priest BRZ,0,
Rock Island Tailrace STH,2,G725907E6,2026-05-09 17:54:06,2026-05-11 15:52:00,Lower Ringold,0,
Rock Island Tailrace STH,2,G725907E6,2026-05-09 17:54:06,2026-05-11 15:52:00,Hanford,0,
Rock Island Tailrace STH,1,G7259EFCD,2026-05-04 18:36:07,2026-05-06 16:04:00,Crescent Bar,1,2026-05-07 01:52:44
Rock Island Tailrace STH,1,G7259EFCD,2026-05-04 18:36:07,2026-05-06 16:04:00,Sunland,1,2026-05-07 12:43:33
Rock Island Tailrace STH,1,G7259EFCD,2026-05-04 18:36:07,2026-05-06 16:04:00,Wanapum BRZ,1,2026-05-08 16:42:29
Rock Island Tailrace STH,1,G7259EFCD,2026-05-04 18:36:07,2026-05-06 16:04:00,Mattawa,1,2026-05-09 19:18:20
Rock Island Tailrace STH,1,G7259EFCD,2026-05-04 18:36:07,2026-05-06 16:04:00,Priest BRZ,1,2026-05-10 06:05:45
Rock Island Tailrace STH,1,G7259EFCD,2026-05-04 18:36:07,2026-05-06 16:04:00,Lower Ringold,0,
Rock Island Tailrace STH,1,G7259EFCD,2026-05-04 18:36:07,2026-05-06 16:04:00,Hanford,0,
Rock Island Tailrace STH,1,G725A9C82,2026-05-09 17:51:00,2026-05-11 15:52:00,Crescent Bar,1,2026-05-12 05:15:11
Rock Island Tailrace STH,1,G725A9C82,2026-05-09 17:51:00,2026-05-11 15:52:00,Sunland,1,2026-05-12 14:01:30
Rock Island Tailrace STH,1,G725A9C82,2026-05-09 17:51:00,2026-05-11 15:52:00,Wanapum BRZ,1,2026-05-16 14:58:47
Rock Island Tailrace STH,1,G725A9C82,2026-05-09 17:51:00,2026-05-11 15:52:00,Mattawa,1,2026-05-17 07:54:13
Rock Island Tailrace STH,1,G725A9C82,2026-05-09 17:51:00,2026-05-11 15:52:00,Priest BRZ,1,2026-05-18 04:31:56
Rock Island Tailrace STH,1,G725A9C82,2026-05-09 17:51:00,2026-05-11 15:52:00,Lower Ringold,1,2026-05-21 08:54:05
Rock Island Tailrace STH,1,G725A9C82,2026-05-09 17:51:00,2026-05-11 15:52:00,Hanford,1,2026-05-21 11:44:04
Rock Island Tailrace STH,1,G725B7152,2026-05-05 17:42:50,2026-05-07 15:46:00,Crescent Bar,1,2026-05-08 05:51:35
Rock Island Tailrace STH,1,G725B7152,2026-05-05 17:42:50,2026-05-07 15:46:00,Sunland,1,2026-05-08 14:28:03
Rock Island Tailrace STH,1,G725B7152,2026-05-05 17:42:50,2026-05-07 15:46:00,Wanapum BRZ,1,2026-05-09 11:52:18
Rock Island Tailrace STH,1,G725B7152,2026-05-05 17:42:50,2026-05-07 15:46:00,Mattawa,1,2026-05-10 17:02:29
Rock Island Tailrace STH,1,G725B7152,2026-05-05 17:42:50,2026-05-07 15:46:00,Priest BRZ,1,2026-05-11 11:55:16
Rock Island Tailrace STH,1,G725B7152,2026-05-05 17:42:50,2026-05-07 15:46:00,Lower Ringold,1,2026-05-12 23:32:37
Rock Island Tailrace STH,1,G725B7152,2026-05-05 17:42:50,2026-05-07 15:46:00,Hanford,1,2026-05-21 03:49:57
Rock Island Tailrace STH,1,G725BB745,2026-05-03 19:08:40,2026-05-05 16:45:00,Crescent Bar,1,2026-05-06 01:37:40
Rock Island Tailrace STH,1,G725BB745,2026-05-03 19:08:40,2026-05-05 16:45:00,Sunland,1,2026-05-06 10:31:11
Rock Island Tailrace STH,1,G725BB745,2026-05-03 19:08:40,2026-05-05 16:45:00,Wanapum BRZ,1,2026-05-07 20:45:49
Rock Island Tailrace STH,1,G725BB745,2026-05-03 19:08:40,2026-05-05 16:45:00,Mattawa,1,2026-05-10 10:53:33
Rock Island Tailrace STH,1,G725BB745,2026-05-03 19:08:40,2026-05-05 16:45:00,Priest BRZ,1,2026-05-11 08:25:53
Rock Island Tailrace STH,1,G725BB745,2026-05-03 19:08:40,2026-05-05 16:45:00,Lower Ringold,1,2026-05-12 02:58:43
Rock Island Tailrace STH,1,G725BB745,2026-05-03 19:08:40,2026-05-05 16:45:00,Hanford,1,2026-05-12 05:57:17
Rock Island Tailrace STH,1,G725CEB53,2026-05-05 17:41:10,2026-05-07 15:46:00,Crescent Bar,1,2026-05-08 01:53:29
Rock Island Tailrace STH,1,G725CEB53,2026-05-05 17:41:10,2026-05-07 15:46:00,Sunland,1,2026-05-08 13:02:00
Rock Island Tailrace STH,1,G725CEB53,2026-05-05 17:41:10,2026-05-07 15:46:00,Wanapum BRZ,1,2026-05-10 04:03:27
Rock Island Tailrace STH,1,G725CEB53,2026-05-05 17:41:10,2026-05-07 15:46:00,Mattawa,1,2026-05-10 17:13:51
Rock Island Tailrace STH,1,G725CEB53,2026-05-05 17:41:10,2026-05-07 15:46:00,Priest BRZ,1,2026-05-11 11:03:43
Rock Island Tailrace STH,1,G725CEB53,2026-05-05 17:41:10,2026-05-07 15:46:00,Lower Ringold,1,2026-05-13 17:15:44
Rock Island Tailrace STH,1,G725CEB53,2026-05-05 17:41:10,2026-05-07 15:46:00,Hanford,1,2026-05-13 20:37:08
Rock Island Tailrace STH,1,G725D2A03,2026-05-07 18:07:13,2026-05-09 15:47:00,Crescent Bar,1,2026-05-09 22:59:45
Rock Island Tailrace STH,1,G725D2A03,2026-05-07 18:07:13,2026-05-09 15:47:00,Sunland,1,2026-05-10 07:55:15
Rock Island Tailrace STH,1,G725D2A03,2026-05-07 18:07:13,2026-05-09 15:47:00,Wanapum BRZ,1,2026-05-11 09:23:23
Rock Island Tailrace STH,1,G725D2A03,2026-05-07 18:07:13,2026-05-09 15:47:00,Mattawa,0,
Rock Island Tailrace STH,1,G725D2A03,2026-05-07 18:07:13,2026-05-09 15:47:00,Priest BRZ,0,
Rock Island Tailrace STH,1,G725D2A03,2026-05-07 18:07:13,2026-05-09 15:47:00,Lower Ringold,0,
Rock Island Tailrace STH,1,G725D2A03,2026-05-07 18:07:13,2026-05-09 15:47:00,Hanford,0,
Rock Island Tailrace STH,1,G725EFD82,2026-05-03 19:13:13,2026-05-05 16:45:00,Crescent Bar,0,
Rock Island Tailrace STH,1,G725EFD82,2026-05-03 19:13:13,2026-05-05 16:45:00,Sunland,0,
Rock Island Tailrace STH,1,G725EFD82,2026-05-03 19:13:13,2026-05-05 16:45:00,Wanapum BRZ,0,
Rock Island Tailrace STH,1,G725EFD82,2026-05-03 19:13:13,2026-05-05 16:45:00,Mattawa,0,
Rock Island Tailrace STH,1,G725EFD82,2026-05-03 19:13:13,2026-05-05 16:45:00,Priest BRZ,0,
Rock Island Tailrace STH,1,G725EFD82,2026-05-03 19:13:13,2026-05-05 16:45:00,Lower Ringold,0,
Rock Island Tailrace STH,1,G725EFD82,2026-05-03 19:13:13,2026-05-05 16:45:00,Hanford,0,
Rock Island Tailrace STH,3,G725F60AA,2026-05-06 18:34:56,2026-05-09 15:47:00,Crescent Bar,1,2026-05-10 08:04:02
Rock Island Tailrace STH,3,G725F60AA,2026-05-06 18:34:56,2026-05-09 15:47:00,Sunland,1,2026-05-10 20:03:32
Rock Island Tailrace STH,3,G725F60AA,2026-05-06 18:34:56,2026-05-09 15:47:00,Wanapum BRZ,1,2026-05-11 22:34:31
Rock Island Tailrace STH,3,G725F60AA,2026-05-06 18:34:56,2026-05-09 15:47:00,Mattawa,1,2026-05-12 02:00:25
Rock Island Tailrace STH,3,G725F60AA,2026-05-06 18:34:56,2026-05-09 15:47:00,Priest BRZ,1,2026-05-12 13:51:12
Rock Island Tailrace STH,3,G725F60AA,2026-05-06 18:34:56,2026-05-09 15:47:00,Lower Ringold,1,2026-05-13 09:04:51
Rock Island Tailrace STH,3,G725F60AA,2026-05-06 18:34:56,2026-05-09 15:47:00,Hanford,1,2026-05-13 11:57:55
Rock Island Tailrace STH,3,G725FF0BB,2026-05-07 18:07:39,2026-05-09 15:47:00,Crescent Bar,1,2026-05-09 22:55:57
Rock Island Tailrace STH,3,G725FF0BB,2026-05-07 18:07:39,2026-05-09 15:47:00,Sunland,1,2026-05-10 09:09:59
Rock Island Tailrace STH,3,G725FF0BB,2026-05-07 18:07:39,2026-05-09 15:47:00,Wanapum BRZ,1,2026-05-11 18:35:26
Rock Island Tailrace STH,3,G725FF0BB,2026-05-07 18:07:39,2026-05-09 15:47:00,Mattawa,1,2026-05-12 09:36:57
Rock Island Tailrace STH,3,G725FF0BB,2026-05-07 18:07:39,2026-05-09 15:47:00,Priest BRZ,1,2026-05-12 19:47:14
Rock Island Tailrace STH,3,G725FF0BB,2026-05-07 18:07:39,2026-05-09 15:47:00,Lower Ringold,1,2026-05-14 09:09:21
Rock Island Tailrace STH,3,G725FF0BB,2026-05-07 18:07:39,2026-05-09 15:47:00,Hanford,1,2026-05-14 12:32:07
Rock Island Tailrace STH,3,G72603699,2026-05-03 19:34:44,2026-05-05 16:45:00,Crescent Bar,1,2026-05-06 06:07:52
Rock Island Tailrace STH,3,G72603699,2026-05-03 19:34:44,2026-05-05 16:45:00,Sunland,1,2026-05-06 16:28:14
Rock Island Tailrace STH,3,G72603699,2026-05-03 19:34:44,2026-05-05 16:45:00,Wanapum BRZ,1,2026-05-08 16:01:48
Rock Island Tailrace STH,3,G72603699,2026-05-03 19:34:44,2026-05-05 16:45:00,Mattawa,1,2026-05-09 07:00:03
Rock Island Tailrace STH,3,G72603699,2026-05-03 19:34:44,2026-05-05 16:45:00,Priest BRZ,1,2026-05-10 07:25:45
Rock Island Tailrace STH,3,G72603699,2026-05-03 19:34:44,2026-05-05 16:45:00,Lower Ringold,1,2026-05-14 02:35:48
Rock Island Tailrace STH,3,G72603699,2026-05-03 19:34:44,2026-05-05 16:45:00,Hanford,1,2026-05-14 05:59:38
Rock Island Tailrace STH,2,G72613AFE,2026-05-06 18:38:03,2026-05-09 15:47:00,Crescent Bar,1,2026-05-09 22:20:45
Rock Island Tailrace STH,2,G72613AFE,2026-05-06 18:38:03,2026-05-09 15:47:00,Sunland,1,2026-05-10 06:04:46
Rock Island Tailrace STH,2,G72613AFE,2026-05-06 18:38:03,2026-05-09 15:47:00,Wanapum BRZ,1,2026-05-11 05:19:15
Rock Island Tailrace STH,2,G72613AFE,2026-05-06 18:38:03,2026-05-09 15:47:00,Mattawa,1,2026-05-11 09:45:26
Rock Island Tailrace STH,2,G72613AFE,2026-05-06 18:38:03,2026-05-09 15:47:00,Priest BRZ,1,2026-05-11 22:58:17
Rock Island Tailrace STH,2,G72613AFE,2026-05-06 18:38:03,2026-05-09 15:47:00,Lower Ringold,1,2026-05-14 16:59:29
Rock Island Tailrace STH,2,G72613AFE,2026-05-06 18:38:03,2026-05-09 15:47:00,Hanford,1,2026-05-14 19:54:40
Rock Island Tailrace STH,2,G72616CF8,2026-05-04 18:23:16,2026-05-06 16:04:00,Crescent Bar,1,2026-05-06 23:12:47
Rock Island Tailrace STH,2,G72616CF8,2026-05-04 18:23:16,2026-05-06 16:04:00,Sunland,1,2026-05-07 10:09:42
Rock Island Tailrace STH,2,G72616CF8,2026-05-04 18:23:16,2026-05-06 16:04:00,Wanapum BRZ,0,
Rock Island Tailrace STH,2,G72616CF8,2026-05-04 18:23:16,2026-05-06 16:04:00,Mattawa,0,
Rock Island Tailrace STH,2,G72616CF8,2026-05-04 18:23:16,2026-05-06 16:04:00,Priest BRZ,0,
Rock Island Tailrace STH,2,G72616CF8,2026-05-04 18:23:16,2026-05-06 16:04:00,Lower Ringold,0,
Rock Island Tailrace STH,2,G72616CF8,2026-05-04 18:23:16,2026-05-06 16:04:00,Hanford,0,
Rock Island Tailrace STH,2,G72630590,2026-05-03 19:27:45,2026-05-05 16:45:00,Crescent Bar,1,2026-05-06 07:10:05
Rock Island Tailrace STH,2,G72630590,2026-05-03 19:27:45,2026-05-05 16:45:00,Sunland,1,2026-05-06 16:51:53
Rock Island Tailrace STH,2,G72630590,2026-05-03 19:27:45,2026-05-05 16:45:00,Wanapum BRZ,1,2026-05-07 19:06:12
Rock Island Tailrace STH,2,G72630590,2026-05-03 19:27:45,2026-05-05 16:45:00,Mattawa,1,2026-05-07 23:48:03
Rock Island Tailrace STH,2,G72630590,2026-05-03 19:27:45,2026-05-05 16:45:00,Priest BRZ,0,
Rock Island Tailrace STH,2,G72630590,2026-05-03 19:27:45,2026-05-05 16:45:00,Lower Ringold,0,
Rock Island Tailrace STH,2,G72630590,2026-05-03 19:27:45,2026-05-05 16:45:00,Hanford,0,
Rock Island Tailrace STH,1,G726373B5,2026-05-03 18:59:20,2026-05-05 16:45:00,Crescent Bar,1,2026-05-05 21:49:34
Rock Island Tailrace STH,1,G726373B5,2026-05-03 18:59:20,2026-05-05 16:45:00,Sunland,1,2026-05-06 04:19:55
Rock Island Tailrace STH,1,G726373B5,2026-05-03 18:59:20,2026-05-05 16:45:00,Wanapum BRZ,1,2026-05-06 19:34:03
Rock Island Tailrace STH,1,G726373B5,2026-05-03 18:59:20,2026-05-05 16:45:00,Mattawa,1,2026-05-07 03:28:27
Rock Island Tailrace STH,1,G726373B5,2026-05-03 18:59:20,2026-05-05 16:45:00,Priest BRZ,1,2026-05-07 20:59:06
Rock Island Tailrace STH,1,G726373B5,2026-05-03 18:59:20,2026-05-05 16:45:00,Lower Ringold,1,2026-05-08 23:21:05
Rock Island Tailrace STH,1,G726373B5,2026-05-03 18:59:20,2026-05-05 16:45:00,Hanford,1,2026-05-09 02:17:43
Rock Island Tailrace STH,1,G72640C62,2026-05-10 17:24:03,2026-05-12 15:36:00,Crescent Bar,1,2026-05-13 00:43:31
Rock Island Tailrace STH,1,G72640C62,2026-05-10 17:24:03,2026-05-12 15:36:00,Sunland,1,2026-05-13 12:18:05
Rock Island Tailrace STH,1,G72640C62,2026-05-10 17:24:03,2026-05-12 15:36:00,Wanapum BRZ,1,2026-05-14 08:20:48
Rock Island Tailrace STH,1,G72640C62,2026-05-10 17:24:03,2026-05-12 15:36:00,Mattawa,1,2026-05-14 11:57:59
Rock Island Tailrace STH,1,G72640C62,2026-05-10 17:24:03,2026-05-12 15:36:00,Priest BRZ,1,2026-05-15 00:24:00
Rock Island Tailrace STH,1,G72640C62,2026-05-10 17:24:03,2026-05-12 15:36:00,Lower Ringold,1,2026-05-16 03:42:13
Rock Island Tailrace STH,1,G72640C62,2026-05-10 17:24:03,2026-05-12 15:36:00,Hanford,1,2026-05-16 06:49:55
Rock Island Tailrace STH,1,G726444E6,2026-05-03 19:24:07,2026-05-05 16:45:00,Crescent Bar,1,2026-05-06 00:11:28
Rock Island Tailrace STH,1,G726444E6,2026-05-03 19:24:07,2026-05-05 16:45:00,Sunland,1,2026-05-06 09:21:11
Rock Island Tailrace STH,1,G726444E6,2026-05-03 19:24:07,2026-05-05 16:45:00,Wanapum BRZ,1,2026-05-07 12:58:53
Rock Island Tailrace STH,1,G726444E6,2026-05-03 19:24:07,2026-05-05 16:45:00,Mattawa,1,2026-05-07 21:56:39
Rock Island Tailrace STH,1,G726444E6,2026-05-03 19:24:07,2026-05-05 16:45:00,Priest BRZ,1,2026-05-08 06:46:59
Rock Island Tailrace STH,1,G726444E6,2026-05-03 19:24:07,2026-05-05 16:45:00,Lower Ringold,0,
Rock Island Tailrace STH,1,G726444E6,2026-05-03 19:24:07,2026-05-05 16:45:00,Hanford,0,
Rock Island Tailrace STH,3,G7264A2D2,2026-05-03 18:58:55,2026-05-05 16:45:00,Crescent Bar,1,2026-05-05 23:58:14
Rock Island Tailrace STH,3,G7264A2D2,2026-05-03 18:58:55,2026-05-05 16:45:00,Sunland,1,2026-05-06 09:10:03
Rock Island Tailrace STH,3,G7264A2D2,2026-05-03 18:58:55,2026-05-05 16:45:00,Wanapum BRZ,1,2026-05-07 14:31:01
Rock Island Tailrace STH,3,G7264A2D2,2026-05-03 18:58:55,2026-05-05 16:45:00,Mattawa,1,2026-05-07 20:45:47
Rock Island Tailrace STH,3,G7264A2D2,2026-05-03 18:58:55,2026-05-05 16:45:00,Priest BRZ,1,2026-05-08 07:25:55
Rock Island Tailrace STH,3,G7264A2D2,2026-05-03 18:58:55,2026-05-05 16:45:00,Lower Ringold,1,2026-05-08 23:55:45
Rock Island Tailrace STH,3,G7264A2D2,2026-05-03 18:58:55,2026-05-05 16:45:00,Hanford,1,2026-05-09 02:47:51
Rock Island Tailrace STH,1,G7265E76F,2026-05-04 18:39:54,2026-05-06 16:04:00,Crescent Bar,1,2026-05-07 00:06:29
Rock Island Tailrace STH,1,G7265E76F,2026-05-04 18:39:54,2026-05-06 16:04:00,Sunland,1,2026-05-07 11:48:43
Rock Island Tailrace STH,1,G7265E76F,2026-05-04 18:39:54,2026-05-06 16:04:00,Wanapum BRZ,1,2026-05-08 19:20:04
Rock Island Tailrace STH,1,G7265E76F,2026-05-04 18:39:54,2026-05-06 16:04:00,Mattawa,1,2026-05-09 06:45:35
Rock Island Tailrace STH,1,G7265E76F,2026-05-04 18:39:54,2026-05-06 16:04:00,Priest BRZ,1,2026-05-09 17:28:15
Rock Island Tailrace STH,1,G7265E76F,2026-05-04 18:39:54,2026-05-06 16:04:00,Lower Ringold,1,2026-05-11 01:07:41
Rock Island Tailrace STH,1,G7265E76F,2026-05-04 18:39:54,2026-05-06 16:04:00,Hanford,1,2026-05-11 03:23:59
Rock Island Tailrace STH,3,G726872C8,2026-05-04 18:46:40,2026-05-06 16:04:00,Crescent Bar,1,2026-05-06 21:08:27
Rock Island Tailrace STH,3,G726872C8,2026-05-04 18:46:40,2026-05-06 16:04:00,Sunland,1,2026-05-07 07:32:05
Rock Island Tailrace STH,3,G726872C8,2026-05-04 18:46:40,2026-05-06 16:04:00,Wanapum BRZ,1,2026-05-08 14:58:18
Rock Island Tailrace STH,3,G726872C8,2026-05-04 18:46:40,2026-05-06 16:04:00,Mattawa,1,2026-05-09 05:53:10
Rock Island Tailrace STH,3,G726872C8,2026-05-04 18:46:40,2026-05-06 16:04:00,Priest BRZ,1,2026-05-09 22:50:22
Rock Island Tailrace STH,3,G726872C8,2026-05-04 18:46:40,2026-05-06 16:04:00,Lower Ringold,1,2026-05-10 23:33:41
Rock Island Tailrace STH,3,G726872C8,2026-05-04 18:46:40,2026-05-06 16:04:00,Hanford,1,2026-05-11 02:04:47
Rock Island Tailrace STH,3,G726B6583,2026-05-10 17:24:34,2026-05-12 15:36:00,Crescent Bar,1,2026-05-12 23:46:43
Rock Island Tailrace STH,3,G726B6583,2026-05-10 17:24:34,2026-05-12 15:36:00,Sunland,1,2026-05-13 11:25:13
Rock Island Tailrace STH,3,G726B6583,2026-05-10 17:24:34,2026-05-12 15:36:00,Wanapum BRZ,1,2026-05-14 19:13:24
Rock Island Tailrace STH,3,G726B6583,2026-05-10 17:24:34,2026-05-12 15:36:00,Mattawa,1,2026-05-14 21:49:12
Rock Island Tailrace STH,3,G726B6583,2026-05-10 17:24:34,2026-05-12 15:36:00,Priest BRZ,1,2026-05-15 05:23:40
Rock Island Tailrace STH,3,G726B6583,2026-05-10 17:24:34,2026-05-12 15:36:00,Lower Ringold,0,
Rock Island Tailrace STH,3,G726B6583,2026-05-10 17:24:34,2026-05-12 15:36:00,Hanford,0,
Rock Island Tailrace STH,2,G726F25FE,2026-05-03 19:09:06,2026-05-05 16:45:00,Crescent Bar,1,2026-05-05 21:51:11
Rock Island Tailrace STH,2,G726F25FE,2026-05-03 19:09:06,2026-05-05 16:45:00,Sunland,1,2026-05-06 04:10:50
Rock Island Tailrace STH,2,G726F25FE,2026-05-03 19:09:06,2026-05-05 16:45:00,Wanapum BRZ,1,2026-05-07 07:41:02
Rock Island Tailrace STH,2,G726F25FE,2026-05-03 19:09:06,2026-05-05 16:45:00,Mattawa,1,2026-05-07 15:24:05
Rock Island Tailrace STH,2,G726F25FE,2026-05-03 19:09:06,2026-05-05 16:45:00,Priest BRZ,1,2026-05-08 06:43:20
Rock Island Tailrace STH,2,G726F25FE,2026-05-03 19:09:06,2026-05-05 16:45:00,Lower Ringold,1,2026-05-08 22:47:51
Rock Island Tailrace STH,2,G726F25FE,2026-05-03 19:09:06,2026-05-05 16:45:00,Hanford,1,2026-05-09 02:54:23
Rock Island Tailrace STH,2,G726F747B,2026-05-08 20:30:44,2026-05-10 15:37:00,Crescent Bar,1,2026-05-10 23:57:07
Rock Island Tailrace STH,2,G726F747B,2026-05-08 20:30:44,2026-05-10 15:37:00,Sunland,1,2026-05-11 12:53:17
Rock Island Tailrace STH,2,G726F747B,2026-05-08 20:30:44,2026-05-10 15:37:00,Wanapum BRZ,1,2026-05-12 19:20:18
Rock Island Tailrace STH,2,G726F747B,2026-05-08 20:30:44,2026-05-10 15:37:00,Mattawa,0,
Rock Island Tailrace STH,2,G726F747B,2026-05-08 20:30:44,2026-05-10 15:37:00,Priest BRZ,0,
Rock Island Tailrace STH,2,G726F747B,2026-05-08 20:30:44,2026-05-10 15:37:00,Lower Ringold,0,
Rock Island Tailrace STH,2,G726F747B,2026-05-08 20:30:44,2026-05-10 15:37:00,Hanford,0,
Rock Island Tailrace STH,2,G72710F93,2026-05-08 20:28:42,2026-05-10 15:37:00,Crescent Bar,1,2026-05-11 00:00:50
Rock Island Tailrace STH,2,G72710F93,2026-05-08 20:28:42,2026-05-10 15:37:00,Sunland,1,2026-05-11 12:01:11
Rock Island Tailrace STH,2,G72710F93,2026-05-08 20:28:42,2026-05-10 15:37:00,Wanapum BRZ,1,2026-05-12 00:39:49
Rock Island Tailrace STH,2,G72710F93,2026-05-08 20:28:42,2026-05-10 15:37:00,Mattawa,1,2026-05-12 07:24:02
Rock Island Tailrace STH,2,G72710F93,2026-05-08 20:28:42,2026-05-10 15:37:00,Priest BRZ,1,2026-05-13 06:49:28
Rock Island Tailrace STH,2,G72710F93,2026-05-08 20:28:42,2026-05-10 15:37:00,Lower Ringold,1,2026-05-14 12:50:44
Rock Island Tailrace STH,2,G72710F93,2026-05-08 20:28:42,2026-05-10 15:37:00,Hanford,1,2026-05-14 16:04:51
Rock Island Tailrace STH,2,G72711E50,2026-05-07 17:43:20,2026-05-09 15:47:00,Crescent Bar,1,2026-05-09 20:57:38
Rock Island Tailrace STH,2,G72711E50,2026-05-07 17:43:20,2026-05-09 15:47:00,Sunland,1,2026-05-10 03:47:01
Rock Island Tailrace STH,2,G72711E50,2026-05-07 17:43:20,2026-05-09 15:47:00,Wanapum BRZ,1,2026-05-11 04:55:34
Rock Island Tailrace STH,2,G72711E50,2026-05-07 17:43:20,2026-05-09 15:47:00,Mattawa,1,2026-05-11 11:28:08
Rock Island Tailrace STH,2,G72711E50,2026-05-07 17:43:20,2026-05-09 15:47:00,Priest BRZ,1,2026-05-11 22:42:44
Rock Island Tailrace STH,2,G72711E50,2026-05-07 17:43:20,2026-05-09 15:47:00,Lower Ringold,1,2026-05-12 17:09:48
Rock Island Tailrace STH,2,G72711E50,2026-05-07 17:43:20,2026-05-09 15:47:00,Hanford,1,2026-05-13 17:30:11
Rock Island Tailrace STH,1,G7272505C,2026-05-10 17:17:33,2026-05-12 15:36:00,Crescent Bar,1,2026-05-12 22:40:35
Rock Island Tailrace STH,1,G7272505C,2026-05-10 17:17:33,2026-05-12 15:36:00,Sunland,1,2026-05-13 08:22:53
Rock Island Tailrace STH,1,G7272505C,2026-05-10 17:17:33,2026-05-12 15:36:00,Wanapum BRZ,1,2026-05-15 00:42:33
Rock Island Tailrace STH,1,G7272505C,2026-05-10 17:17:33,2026-05-12 15:36:00,Mattawa,0,
Rock Island Tailrace STH,1,G7272505C,2026-05-10 17:17:33,2026-05-12 15:36:00,Priest BRZ,0,
Rock Island Tailrace STH,1,G7272505C,2026-05-10 17:17:33,2026-05-12 15:36:00,Lower Ringold,0,
Rock Island Tailrace STH,1,G7272505C,2026-05-10 17:17:33,2026-05-12 15:36:00,Hanford,0,
Rock Island Tailrace STH,3,G7274EEDB,2026-05-04 18:43:35,2026-05-06 16:04:00,Crescent Bar,1,2026-05-06 23:37:01
Rock Island Tailrace STH,3,G7274EEDB,2026-05-04 18:43:35,2026-05-06 16:04:00,Sunland,1,2026-05-07 11:16:56
Rock Island Tailrace STH,3,G7274EEDB,2026-05-04 18:43:35,2026-05-06 16:04:00,Wanapum BRZ,1,2026-05-08 18:33:53
Rock Island Tailrace STH,3,G7274EEDB,2026-05-04 18:43:35,2026-05-06 16:04:00,Mattawa,1,2026-05-09 00:33:30
Rock Island Tailrace STH,3,G7274EEDB,2026-05-04 18:43:35,2026-05-06 16:04:00,Priest BRZ,0,
Rock Island Tailrace STH,3,G7274EEDB,2026-05-04 18:43:35,2026-05-06 16:04:00,Lower Ringold,0,
Rock Island Tailrace STH,3,G7274EEDB,2026-05-04 18:43:35,2026-05-06 16:04:00,Hanford,0,
Rock Island Tailrace STH,1,G727706A5,2026-05-07 18:06:22,2026-05-09 15:47:00,Crescent Bar,1,2026-05-09 22:18:33
Rock Island Tailrace STH,1,G727706A5,2026-05-07 18:06:22,2026-05-09 15:47:00,Sunland,1,2026-05-10 04:35:50
Rock Island Tailrace STH,1,G727706A5,2026-05-07 18:06:22,2026-05-09 15:47:00,Wanapum BRZ,1,2026-05-10 20:29:12
Rock Island Tailrace STH,1,G727706A5,2026-05-07 18:06:22,2026-05-09 15:47:00,Mattawa,1,2026-05-11 14:55:47
Rock Island Tailrace STH,1,G727706A5,2026-05-07 18:06:22,2026-05-09 15:47:00,Priest BRZ,1,2026-05-12 07:53:52
Rock Island Tailrace STH,1,G727706A5,2026-05-07 18:06:22,2026-05-09 15:47:00,Lower Ringold,1,2026-05-12 18:41:01
Rock Island Tailrace STH,1,G727706A5,2026-05-07 18:06:22,2026-05-09 15:47:00,Hanford,1,2026-05-12 21:23:13
Rock Island Tailrace STH,1,G727710E5,2026-05-03 19:09:28,2026-05-05 16:45:00,Crescent Bar,1,2026-05-06 16:53:14
Rock Island Tailrace STH,1,G727710E5,2026-05-03 19:09:28,2026-05-05 16:45:00,Sunland,1,2026-05-07 01:47:33
Rock Island Tailrace STH,1,G727710E5,2026-05-03 19:09:28,2026-05-05 16:45:00,Wanapum BRZ,1,2026-05-07 20:33:25
Rock Island Tailrace STH,1,G727710E5,2026-05-03 19:09:28,2026-05-05 16:45:00,Mattawa,1,2026-05-08 06:52:57
Rock Island Tailrace STH,1,G727710E5,2026-05-03 19:09:28,2026-05-05 16:45:00,Priest BRZ,1,2026-05-09 01:14:23
Rock Island Tailrace STH,1,G727710E5,2026-05-03 19:09:28,2026-05-05 16:45:00,Lower Ringold,1,2026-05-14 12:01:44
Rock Island Tailrace STH,1,G727710E5,2026-05-03 19:09:28,2026-05-05 16:45:00,Hanford,1,2026-05-14 14:34:26
Rock Island Tailrace STH,1,G72779D94,2026-05-04 18:23:00,2026-05-06 16:04:00,Crescent Bar,1,2026-05-07 07:39:55
Rock Island Tailrace STH,1,G72779D94,2026-05-04 18:23:00,2026-05-06 16:04:00,Sunland,1,2026-05-07 17:20:26
Rock Island Tailrace STH,1,G72779D94,2026-05-04 18:23:00,2026-05-06 16:04:00,Wanapum BRZ,1,2026-05-08 20:11:49
Rock Island Tailrace STH,1,G72779D94,2026-05-04 18:23:00,2026-05-06 16:04:00,Mattawa,1,2026-05-09 06:02:01
Rock Island Tailrace STH,1,G72779D94,2026-05-04 18:23:00,2026-05-06 16:04:00,Priest BRZ,1,2026-05-09 21:56:29
Rock Island Tailrace STH,1,G72779D94,2026-05-04 18:23:00,2026-05-06 16:04:00,Lower Ringold,0,
Rock Island Tailrace STH,1,G72779D94,2026-05-04 18:23:00,2026-05-06 16:04:00,Hanford,0,
Rock Island Tailrace STH,1,G7277FB2C,2026-05-10 17:32:26,2026-05-12 15:36:00,Crescent Bar,1,2026-05-12 21:54:26
Rock Island Tailrace STH,1,G7277FB2C,2026-05-10 17:32:26,2026-05-12 15:36:00,Sunland,1,2026-05-13 08:27:59
Rock Island Tailrace STH,1,G7277FB2C,2026-05-10 17:32:26,2026-05-12 15:36:00,Wanapum BRZ,1,2026-05-14 19:22:53
Rock Island Tailrace STH,1,G7277FB2C,2026-05-10 17:32:26,2026-05-12 15:36:00,Mattawa,1,2026-05-14 23:32:57
Rock Island Tailrace STH,1,G7277FB2C,2026-05-10 17:32:26,2026-05-12 15:36:00,Priest BRZ,1,2026-05-15 11:18:30
Rock Island Tailrace STH,1,G7277FB2C,2026-05-10 17:32:26,2026-05-12 15:36:00,Lower Ringold,1,2026-05-18 09:15:43
Rock Island Tailrace STH,1,G7277FB2C,2026-05-10 17:32:26,2026-05-12 15:36:00,Hanford,1,2026-05-18 12:45:11
Rock Island Tailrace STH,3,G727835E1,2026-05-07 17:47:00,2026-05-09 15:47:00,Crescent Bar,1,2026-05-09 21:12:05
Rock Island Tailrace STH,3,G727835E1,2026-05-07 17:47:00,2026-05-09 15:47:00,Sunland,1,2026-05-10 04:59:25
Rock Island Tailrace STH,3,G727835E1,2026-05-07 17:47:00,2026-05-09 15:47:00,Wanapum BRZ,1,2026-05-11 13:35:23
Rock Island Tailrace STH,3,G727835E1,2026-05-07 17:47:00,2026-05-09 15:47:00,Mattawa,1,2026-05-12 13:39:23
Rock Island Tailrace STH,3,G727835E1,2026-05-07 17:47:00,2026-05-09 15:47:00,Priest BRZ,1,2026-05-13 10:10:46
Rock Island Tailrace STH,3,G727835E1,2026-05-07 17:47:00,2026-05-09 15:47:00,Lower Ringold,1,2026-05-14 02:15:31
Rock Island Tailrace STH,3,G727835E1,2026-05-07 17:47:00,2026-05-09 15:47:00,Hanford,1,2026-05-14 04:51:35
Rock Island Tailrace STH,3,G72784DDB,2026-05-07 17:51:51,2026-05-09 15:47:00,Crescent Bar,1,2026-05-10 00:05:25
Rock Island Tailrace STH,3,G72784DDB,2026-05-07 17:51:51,2026-05-09 15:47:00,Sunland,1,2026-05-10 10:36:08
Rock Island Tailrace STH,3,G72784DDB,2026-05-07 17:51:51,2026-05-09 15:47:00,Wanapum BRZ,1,2026-05-12 14:41:05
Rock Island Tailrace STH,3,G72784DDB,2026-05-07 17:51:51,2026-05-09 15:47:00,Mattawa,0,
Rock Island Tailrace STH,3,G72784DDB,2026-05-07 17:51:51,2026-05-09 15:47:00,Priest BRZ,0,
Rock Island Tailrace STH,3,G72784DDB,2026-05-07 17:51:51,2026-05-09 15:47:00,Lower Ringold,0,
Rock Island Tailrace STH,3,G72784DDB,2026-05-07 17:51:51,2026-05-09 15:47:00,Hanford,0,
Rock Island Tailrace STH,1,G7278CAD4,2026-05-05 17:17:34,2026-05-07 15:46:00,Crescent Bar,1,2026-05-08 00:09:43
Rock Island Tailrace STH,1,G7278CAD4,2026-05-05 17:17:34,2026-05-07 15:46:00,Sunland,1,2026-05-08 12:15:16
Rock Island Tailrace STH,1,G7278CAD4,2026-05-05 17:17:34,2026-05-07 15:46:00,Wanapum BRZ,1,2026-05-09 09:49:35
Rock Island Tailrace STH,1,G7278CAD4,2026-05-05 17:17:34,2026-05-07 15:46:00,Mattawa,1,2026-05-09 12:29:02
Rock Island Tailrace STH,1,G7278CAD4,2026-05-05 17:17:34,2026-05-07 15:46:00,Priest BRZ,0,
Rock Island Tailrace STH,1,G7278CAD4,2026-05-05 17:17:34,2026-05-07 15:46:00,Lower Ringold,0,
Rock Island Tailrace STH,1,G7278CAD4,2026-05-05 17:17:34,2026-05-07 15:46:00,Hanford,0,
Rock Island Tailrace STH,1,G727900A4,2026-05-03 19:21:30,2026-05-05 16:45:00,Crescent Bar,1,2026-05-06 07:03:06
Rock Island Tailrace STH,1,G727900A4,2026-05-03 19:21:30,2026-05-05 16:45:00,Sunland,1,2026-05-06 17:30:29
Rock Island Tailrace STH,1,G727900A4,2026-05-03 19:21:30,2026-05-05 16:45:00,Wanapum BRZ,1,2026-05-07 21:56:03
Rock Island Tailrace STH,1,G727900A4,2026-05-03 19:21:30,2026-05-05 16:45:00,Mattawa,1,2026-05-08 09:51:40
Rock Island Tailrace STH,1,G727900A4,2026-05-03 19:21:30,2026-05-05 16:45:00,Priest BRZ,1,2026-05-10 08:30:38
Rock Island Tailrace STH,1,G727900A4,2026-05-03 19:21:30,2026-05-05 16:45:00,Lower Ringold,1,2026-05-10 18:50:16
Rock Island Tailrace STH,1,G727900A4,2026-05-03 19:21:30,2026-05-05 16:45:00,Hanford,1,2026-05-10 21:20:32
Rock Island Tailrace STH,1,G72790727,2026-05-04 18:22:24,2026-05-06 16:04:00,Crescent Bar,1,2026-05-06 23:17:22
Rock Island Tailrace STH,1,G72790727,2026-05-04 18:22:24,2026-05-06 16:04:00,Sunland,1,2026-05-07 11:52:44
Rock Island Tailrace STH,1,G72790727,2026-05-04 18:22:24,2026-05-06 16:04:00,Wanapum BRZ,1,2026-05-09 03:01:42
Rock Island Tailrace STH,1,G72790727,2026-05-04 18:22:24,2026-05-06 16:04:00,Mattawa,0,
Rock Island Tailrace STH,1,G72790727,2026-05-04 18:22:24,2026-05-06 16:04:00,Priest BRZ,0,
Rock Island Tailrace STH,1,G72790727,2026-05-04 18:22:24,2026-05-06 16:04:00,Lower Ringold,0,
Rock Island Tailrace STH,1,G72790727,2026-05-04 18:22:24,2026-05-06 16:04:00,Hanford,0,
Rock Island Tailrace STH,2,G727ADD5B,2026-05-09 17:48:31,2026-05-11 15:52:00,Crescent Bar,1,2026-05-12 05:11:06
Rock Island Tailrace STH,2,G727ADD5B,2026-05-09 17:48:31,2026-05-11 15:52:00,Sunland,1,2026-05-12 16:19:32
Rock Island Tailrace STH,2,G727ADD5B,2026-05-09 17:48:31,2026-05-11 15:52:00,Wanapum BRZ,1,2026-05-15 03:09:14
Rock Island Tailrace STH,2,G727ADD5B,2026-05-09 17:48:31,2026-05-11 15:52:00,Mattawa,1,2026-05-15 06:32:52
Rock Island Tailrace STH,2,G727ADD5B,2026-05-09 17:48:31,2026-05-11 15:52:00,Priest BRZ,1,2026-05-15 23:46:59
Rock Island Tailrace STH,2,G727ADD5B,2026-05-09 17:48:31,2026-05-11 15:52:00,Lower Ringold,1,2026-05-16 12:58:36
Rock Island Tailrace STH,2,G727ADD5B,2026-05-09 17:48:31,2026-05-11 15:52:00,Hanford,1,2026-05-16 18:33:13
Rock Island Tailrace STH,2,G727AF919,2026-05-06 18:24:06,2026-05-09 15:47:00,Crescent Bar,1,2026-05-09 21:28:50
Rock Island Tailrace STH,2,G727AF919,2026-05-06 18:24:06,2026-05-09 15:47:00,Sunland,1,2026-05-10 07:29:06
Rock Island Tailrace STH,2,G727AF919,2026-05-06 18:24:06,2026-05-09 15:47:00,Wanapum BRZ,1,2026-05-11 12:01:36
Rock Island Tailrace STH,2,G727AF919,2026-05-06 18:24:06,2026-05-09 15:47:00,Mattawa,0,
Rock Island Tailrace STH,2,G727AF919,2026-05-06 18:24:06,2026-05-09 15:47:00,Priest BRZ,0,
Rock Island Tailrace STH,2,G727AF919,2026-05-06 18:24:06,2026-05-09 15:47:00,Lower Ringold,0,
Rock Island Tailrace STH,2,G727AF919,2026-05-06 18:24:06,2026-05-09 15:47:00,Hanford,0,
Rock Island Tailrace STH,2,G727BAD67,2026-05-04 18:20:26,2026-05-06 16:04:00,Crescent Bar,1,2026-05-06 22:40:03
Rock Island Tailrace STH,2,G727BAD67,2026-05-04 18:20:26,2026-05-06 16:04:00,Sunland,1,2026-05-07 11:29:11
Rock Island Tailrace STH,2,G727BAD67,2026-05-04 18:20:26,2026-05-06 16:04:00,Wanapum BRZ,1,2026-05-08 18:06:26
Rock Island Tailrace STH,2,G727BAD67,2026-05-04 18:20:26,2026-05-06 16:04:00,Mattawa,1,2026-05-09 16:19:31
Rock Island Tailrace STH,2,G727BAD67,2026-05-04 18:20:26,2026-05-06 16:04:00,Priest BRZ,1,2026-05-10 03:57:01
Rock Island Tailrace STH,2,G727BAD67,2026-05-04 18:20:26,2026-05-06 16:04:00,Lower Ringold,0,
Rock Island Tailrace STH,2,G727BAD67,2026-05-04 18:20:26,2026-05-06 16:04:00,Hanford,0,
Rock Island Tailrace STH,2,G727C005B,2026-05-10 17:26:04,2026-05-12 15:36:00,Crescent Bar,1,2026-05-12 22:59:18
Rock Island Tailrace STH,2,G727C005B,2026-05-10 17:26:04,2026-05-12 15:36:00,Sunland,1,2026-05-13 09:55:14
Rock Island Tailrace STH,2,G727C005B,2026-05-10 17:26:04,2026-05-12 15:36:00,Wanapum BRZ,1,2026-05-14 16:26:43
Rock Island Tailrace STH,2,G727C005B,2026-05-10 17:26:04,2026-05-12 15:36:00,Mattawa,1,2026-05-14 19:07:11
Rock Island Tailrace STH,2,G727C005B,2026-05-10 17:26:04,2026-05-12 15:36:00,Priest BRZ,1,2026-05-15 03:12:33
Rock Island Tailrace STH,2,G727C005B,2026-05-10 17:26:04,2026-05-12 15:36:00,Lower Ringold,1,2026-05-16 01:19:14
Rock Island Tailrace STH,2,G727C005B,2026-05-10 17:26:04,2026-05-12 15:36:00,Hanford,1,2026-05-16 04:26:27
Rock Island Tailrace STH,1,G727C85E8,2026-05-10 17:36:24,2026-05-12 15:36:00,Crescent Bar,1,2026-05-12 21:42:30
Rock Island Tailrace STH,1,G727C85E8,2026-05-10 17:36:24,2026-05-12 15:36:00,Sunland,1,2026-05-13 07:50:15
Rock Island Tailrace STH,1,G727C85E8,2026-05-10 17:36:24,2026-05-12 15:36:00,Wanapum BRZ,0,
Rock Island Tailrace STH,1,G727C85E8,2026-05-10 17:36:24,2026-05-12 15:36:00,Mattawa,0,
Rock Island Tailrace STH,1,G727C85E8,2026-05-10 17:36:24,2026-05-12 15:36:00,Priest BRZ,0,
Rock Island Tailrace STH,1,G727C85E8,2026-05-10 17:36:24,2026-05-12 15:36:00,Lower Ringold,0,
Rock Island Tailrace STH,1,G727C85E8,2026-05-10 17:36:24,2026-05-12 15:36:00,Hanford,0,
Rock Island Tailrace STH,3,G728012AE,2026-05-03 19:28:51,2026-05-05 16:45:00,Crescent Bar,1,2026-05-06 01:28:16
Rock Island Tailrace STH,3,G728012AE,2026-05-03 19:28:51,2026-05-05 16:45:00,Sunland,1,2026-05-06 11:00:05
Rock Island Tailrace STH,3,G728012AE,2026-05-03 19:28:51,2026-05-05 16:45:00,Wanapum BRZ,1,2026-05-07 16:39:43
Rock Island Tailrace STH,3,G728012AE,2026-05-03 19:28:51,2026-05-05 16:45:00,Mattawa,1,2026-05-07 22:03:51
Rock Island Tailrace STH,3,G728012AE,2026-05-03 19:28:51,2026-05-05 16:45:00,Priest BRZ,0,
Rock Island Tailrace STH,3,G728012AE,2026-05-03 19:28:51,2026-05-05 16:45:00,Lower Ringold,0,
Rock Island Tailrace STH,3,G728012AE,2026-05-03 19:28:51,2026-05-05 16:45:00,Hanford,0,
Rock Island Tailrace STH,3,G7280BB9D,2026-05-05 17:56:27,2026-05-07 15:46:00,Crescent Bar,1,2026-05-08 03:25:28
Rock Island Tailrace STH,3,G7280BB9D,2026-05-05 17:56:27,2026-05-07 15:46:00,Sunland,1,2026-05-08 15:39:31
Rock Island Tailrace STH,3,G7280BB9D,2026-05-05 17:56:27,2026-05-07 15:46:00,Wanapum BRZ,1,2026-05-09 20:47:56
Rock Island Tailrace STH,3,G7280BB9D,2026-05-05 17:56:27,2026-05-07 15:46:00,Mattawa,1,2026-05-10 13:55:46
Rock Island Tailrace STH,3,G7280BB9D,2026-05-05 17:56:27,2026-05-07 15:46:00,Priest BRZ,1,2026-05-10 21:41:08
Rock Island Tailrace STH,3,G7280BB9D,2026-05-05 17:56:27,2026-05-07 15:46:00,Lower Ringold,1,2026-05-12 21:55:40
Rock Island Tailrace STH,3,G7280BB9D,2026-05-05 17:56:27,2026-05-07 15:46:00,Hanford,1,2026-05-13 00:26:21
Rock Island Tailrace STH,1,G7281A826,2026-05-09 18:09:04,2026-05-11 15:52:00,Crescent Bar,1,2026-05-11 22:58:12
Rock Island Tailrace STH,1,G7281A826,2026-05-09 18:09:04,2026-05-11 15:52:00,Sunland,1,2026-05-12 09:12:45
Rock Island Tailrace STH,1,G7281A826,2026-05-09 18:09:04,2026-05-11 15:52:00,Wanapum BRZ,1,2026-05-14 05:52:10
Rock Island Tailrace STH,1,G7281A826,2026-05-09 18:09:04,2026-05-11 15:52:00,Mattawa,1,2026-05-23 09:03:29
Rock Island Tailrace STH,1,G7281A826,2026-05-09 18:09:04,2026-05-11 15:52:00,Priest BRZ,0,
Rock Island Tailrace STH,1,G7281A826,2026-05-09 18:09:04,2026-05-11 15:52:00,Lower Ringold,0,
Rock Island Tailrace STH,1,G7281A826,2026-05-09 18:09:04,2026-05-11 15:52:00,Hanford,0,
Rock Island Tailrace STH,2,G72823EBF,2026-05-08 20:25:14,2026-05-10 15:37:00,Crescent Bar,1,2026-05-11 00:02:14
Rock Island Tailrace STH,2,G72823EBF,2026-05-08 20:25:14,2026-05-10 15:37:00,Sunland,1,2026-05-11 11:50:57
Rock Island Tailrace STH,2,G72823EBF,2026-05-08 20:25:14,2026-05-10 15:37:00,Wanapum BRZ,1,2026-05-12 04:19:43
Rock Island Tailrace STH,2,G72823EBF,2026-05-08 20:25:14,2026-05-10 15:37:00,Mattawa,1,2026-05-12 08:43:42
Rock Island Tailrace STH,2,G72823EBF,2026-05-08 20:25:14,2026-05-10 15:37:00,Priest BRZ,1,2026-05-13 08:15:27
Rock Island Tailrace STH,2,G72823EBF,2026-05-08 20:25:14,2026-05-10 15:37:00,Lower Ringold,1,2026-05-14 02:40:56
Rock Island Tailrace STH,2,G72823EBF,2026-05-08 20:25:14,2026-05-10 15:37:00,Hanford,1,2026-05-14 06:11:16
Rock Island Tailrace STH,3,G728268B9,2026-05-03 19:00:18,2026-05-05 16:45:00,Crescent Bar,1,2026-05-06 01:01:22
Rock Island Tailrace STH,3,G728268B9,2026-05-03 19:00:18,2026-05-05 16:45:00,Sunland,1,2026-05-06 09:24:10
Rock Island Tailrace STH,3,G728268B9,2026-05-03 19:00:18,2026-05-05 16:45:00,Wanapum BRZ,1,2026-05-07 12:54:50
Rock Island Tailrace STH,3,G728268B9,2026-05-03 19:00:18,2026-05-05 16:45:00,Mattawa,1,2026-05-07 21:59:56
Rock Island Tailrace STH,3,G728268B9,2026-05-03 19:00:18,2026-05-05 16:45:00,Priest BRZ,1,2026-05-08 09:13:56
Rock Island Tailrace STH,3,G728268B9,2026-05-03 19:00:18,2026-05-05 16:45:00,Lower Ringold,1,2026-05-09 14:37:28
Rock Island Tailrace STH,3,G728268B9,2026-05-03 19:00:18,2026-05-05 16:45:00,Hanford,1,2026-05-09 17:25:29
Rock Island Tailrace STH,3,G7282CC77,2026-05-04 18:46:14,2026-05-06 16:04:00,Crescent Bar,1,2026-05-06 23:22:59
Rock Island Tailrace STH,3,G7282CC77,2026-05-04 18:46:14,2026-05-06 16:04:00,Sunland,1,2026-05-07 11:36:19
Rock Island Tailrace STH,3,G7282CC77,2026-05-04 18:46:14,2026-05-06 16:04:00,Wanapum BRZ,1,2026-05-08 17:13:55
Rock Island Tailrace STH,3,G7282CC77,2026-05-04 18:46:14,2026-05-06 16:04:00,Mattawa,1,2026-05-09 06:52:32
Rock Island Tailrace STH,3,G7282CC77,2026-05-04 18:46:14,2026-05-06 16:04:00,Priest BRZ,1,2026-05-10 01:17:06
Rock Island Tailrace STH,3,G7282CC77,2026-05-04 18:46:14,2026-05-06 16:04:00,Lower Ringold,1,2026-05-10 20:14:31
Rock Island Tailrace STH,3,G7282CC77,2026-05-04 18:46:14,2026-05-06 16:04:00,Hanford,1,2026-05-10 23:13:33
Rock Island Tailrace STH,3,G7282F8A8,2026-05-10 17:16:13,2026-05-12 15:36:00,Crescent Bar,1,2026-05-12 21:59:49
Rock Island Tailrace STH,3,G7282F8A8,2026-05-10 17:16:13,2026-05-12 15:36:00,Sunland,1,2026-05-13 08:03:38
Rock Island Tailrace STH,3,G7282F8A8,2026-05-10 17:16:13,2026-05-12 15:36:00,Wanapum BRZ,1,2026-05-14 13:48:35
Rock Island Tailrace STH,3,G7282F8A8,2026-05-10 17:16:13,2026-05-12 15:36:00,Mattawa,1,2026-05-15 11:15:56
Rock Island Tailrace STH,3,G7282F8A8,2026-05-10 17:16:13,2026-05-12 15:36:00,Priest BRZ,1,2026-05-16 06:56:49
Rock Island Tailrace STH,3,G7282F8A8,2026-05-10 17:16:13,2026-05-12 15:36:00,Lower Ringold,1,2026-05-17 00:26:11
Rock Island Tailrace STH,3,G7282F8A8,2026-05-10 17:16:13,2026-05-12 15:36:00,Hanford,1,2026-05-17 03:24:10
Rock Island Tailrace STH,3,G7283599D,2026-05-06 18:31:26,2026-05-09 15:47:00,Crescent Bar,1,2026-05-09 22:26:55
Rock Island Tailrace STH,3,G7283599D,2026-05-06 18:31:26,2026-05-09 15:47:00,Sunland,1,2026-05-10 08:24:17
Rock Island Tailrace STH,3,G7283599D,2026-05-06 18:31:26,2026-05-09 15:47:00,Wanapum BRZ,1,2026-05-11 12:34:45
Rock Island Tailrace STH,3,G7283599D,2026-05-06 18:31:26,2026-05-09 15:47:00,Mattawa,1,2026-05-11 21:37:50
Rock Island Tailrace STH,3,G7283599D,2026-05-06 18:31:26,2026-05-09 15:47:00,Priest BRZ,1,2026-05-13 03:30:36
Rock Island Tailrace STH,3,G7283599D,2026-05-06 18:31:26,2026-05-09 15:47:00,Lower Ringold,1,2026-05-13 17:24:25
Rock Island Tailrace STH,3,G7283599D,2026-05-06 18:31:26,2026-05-09 15:47:00,Hanford,1,2026-05-13 20:04:37
Rock Island Tailrace STH,3,G72838437,2026-05-07 18:06:48,2026-05-09 15:47:00,Crescent Bar,1,2026-05-09 22:32:40
Rock Island Tailrace STH,3,G72838437,2026-05-07 18:06:48,2026-05-09 15:47:00,Sunland,1,2026-05-10 09:56:42
Rock Island Tailrace STH,3,G72838437,2026-05-07 18:06:48,2026-05-09 15:47:00,Wanapum BRZ,1,2026-05-11 20:00:39
Rock Island Tailrace STH,3,G72838437,2026-05-07 18:06:48,2026-05-09 15:47:00,Mattawa,0,
Rock Island Tailrace STH,3,G72838437,2026-05-07 18:06:48,2026-05-09 15:47:00,Priest BRZ,0,
Rock Island Tailrace STH,3,G72838437,2026-05-07 18:06:48,2026-05-09 15:47:00,Lower Ringold,0,
Rock Island Tailrace STH,3,G72838437,2026-05-07 18:06:48,2026-05-09 15:47:00,Hanford,0,
Rock Island Tailrace STH,1,G72858BDC,2026-05-08 20:31:15,2026-05-10 15:37:00,Crescent Bar,1,2026-05-11 02:28:50
Rock Island Tailrace STH,1,G72858BDC,2026-05-08 20:31:15,2026-05-10 15:37:00,Sunland,1,2026-05-11 12:48:59
Rock Island Tailrace STH,1,G72858BDC,2026-05-08 20:31:15,2026-05-10 15:37:00,Wanapum BRZ,1,2026-05-12 16:38:32
Rock Island Tailrace STH,1,G72858BDC,2026-05-08 20:31:15,2026-05-10 15:37:00,Mattawa,1,2026-05-14 17:47:25
Rock Island Tailrace STH,1,G72858BDC,2026-05-08 20:31:15,2026-05-10 15:37:00,Priest BRZ,1,2026-05-15 02:25:20
Rock Island Tailrace STH,1,G72858BDC,2026-05-08 20:31:15,2026-05-10 15:37:00,Lower Ringold,1,2026-05-15 13:24:59
Rock Island Tailrace STH,1,G72858BDC,2026-05-08 20:31:15,2026-05-10 15:37:00,Hanford,1,2026-05-15 16:20:29
Rock Island Tailrace STH,2,G7285DE38,2026-05-03 18:58:25,2026-05-05 16:45:00,Crescent Bar,1,2026-05-05 23:29:24
Rock Island Tailrace STH,2,G7285DE38,2026-05-03 18:58:25,2026-05-05 16:45:00,Sunland,1,2026-05-06 14:19:05
Rock Island Tailrace STH,2,G7285DE38,2026-05-03 18:58:25,2026-05-05 16:45:00,Wanapum BRZ,0,
Rock Island Tailrace STH,2,G7285DE38,2026-05-03 18:58:25,2026-05-05 16:45:00,Mattawa,0,
Rock Island Tailrace STH,2,G7285DE38,2026-05-03 18:58:25,2026-05-05 16:45:00,Priest BRZ,0,
Rock Island Tailrace STH,2,G7285DE38,2026-05-03 18:58:25,2026-05-05 16:45:00,Lower Ringold,0,
Rock Island Tailrace STH,2,G7285DE38,2026-05-03 18:58:25,2026-05-05 16:45:00,Hanford,0,
Rock Island Tailrace STH,2,G72862539,2026-05-10 17:17:08,2026-05-12 15:36:00,Crescent Bar,1,2026-05-13 00:58:59
Rock Island Tailrace STH,2,G72862539,2026-05-10 17:17:08,2026-05-12 15:36:00,Sunland,1,2026-05-13 11:19:37
Rock Island Tailrace STH,2,G72862539,2026-05-10 17:17:08,2026-05-12 15:36:00,Wanapum BRZ,1,2026-05-15 06:48:33
Rock Island Tailrace STH,2,G72862539,2026-05-10 17:17:08,2026-05-12 15:36:00,Mattawa,1,2026-05-15 09:31:41
Rock Island Tailrace STH,2,G72862539,2026-05-10 17:17:08,2026-05-12 15:36:00,Priest BRZ,1,2026-05-16 01:50:42
Rock Island Tailrace STH,2,G72862539,2026-05-10 17:17:08,2026-05-12 15:36:00,Lower Ringold,1,2026-05-16 14:10:44
Rock Island Tailrace STH,2,G72862539,2026-05-10 17:17:08,2026-05-12 15:36:00,Hanford,1,2026-05-16 17:14:55
Rock Island Tailrace STH,3,G72864D9E,2026-05-07 17:52:26,2026-05-09 15:47:00,Crescent Bar,1,2026-05-09 23:09:19
Rock Island Tailrace STH,3,G72864D9E,2026-05-07 17:52:26,2026-05-09 15:47:00,Sunland,1,2026-05-10 07:30:01
Rock Island Tailrace STH,3,G72864D9E,2026-05-07 17:52:26,2026-05-09 15:47:00,Wanapum BRZ,1,2026-05-12 01:52:54
Rock Island Tailrace STH,3,G72864D9E,2026-05-07 17:52:26,2026-05-09 15:47:00,Mattawa,1,2026-05-12 09:31:07
Rock Island Tailrace STH,3,G72864D9E,2026-05-07 17:52:26,2026-05-09 15:47:00,Priest BRZ,1,2026-05-13 04:46:59
Rock Island Tailrace STH,3,G72864D9E,2026-05-07 17:52:26,2026-05-09 15:47:00,Lower Ringold,1,2026-05-14 08:47:59
Rock Island Tailrace STH,3,G72864D9E,2026-05-07 17:52:26,2026-05-09 15:47:00,Hanford,1,2026-05-14 12:17:45
Rock Island Tailrace STH,3,G7286F10F,2026-05-03 19:32:26,2026-05-05 16:45:00,Crescent Bar,1,2026-05-05 22:45:40
Rock Island Tailrace STH,3,G7286F10F,2026-05-03 19:32:26,2026-05-05 16:45:00,Sunland,1,2026-05-06 06:53:26
Rock Island Tailrace STH,3,G7286F10F,2026-05-03 19:32:26,2026-05-05 16:45:00,Wanapum BRZ,1,2026-05-07 08:48:45
Rock Island Tailrace STH,3,G7286F10F,2026-05-03 19:32:26,2026-05-05 16:45:00,Mattawa,1,2026-05-07 13:23:08
Rock Island Tailrace STH,3,G7286F10F,2026-05-03 19:32:26,2026-05-05 16:45:00,Priest BRZ,1,2026-05-08 06:12:50
Rock Island Tailrace STH,3,G7286F10F,2026-05-03 19:32:26,2026-05-05 16:45:00,Lower Ringold,1,2026-05-08 17:05:33
Rock Island Tailrace STH,3,G7286F10F,2026-05-03 19:32:26,2026-05-05 16:45:00,Hanford,1,2026-05-08 20:08:25
Rock Island Tailrace STH,1,G7289121C,2026-05-05 17:23:34,2026-05-07 15:46:00,Crescent Bar,1,2026-05-08 01:33:36
Rock Island Tailrace STH,1,G7289121C,2026-05-05 17:23:34,2026-05-07 15:46:00,Sunland,1,2026-05-08 14:11:09
Rock Island Tailrace STH,1,G7289121C,2026-05-05 17:23:34,2026-05-07 15:46:00,Wanapum BRZ,1,2026-05-09 21:41:55
Rock Island Tailrace STH,1,G7289121C,2026-05-05 17:23:34,2026-05-07 15:46:00,Mattawa,1,2026-05-10 01:15:04
Rock Island Tailrace STH,1,G7289121C,2026-05-05 17:23:34,2026-05-07 15:46:00,Priest BRZ,1,2026-05-10 13:12:47
Rock Island Tailrace STH,1,G7289121C,2026-05-05 17:23:34,2026-05-07 15:46:00,Lower Ringold,1,2026-05-11 01:17:21
Rock Island Tailrace STH,1,G7289121C,2026-05-05 17:23:34,2026-05-07 15:46:00,Hanford,1,2026-05-11 03:43:59
Rock Island Tailrace STH,1,G72897618,2026-05-03 19:30:36,2026-05-05 16:45:00,Crescent Bar,1,2026-05-06 05:29:25
Rock Island Tailrace STH,1,G72897618,2026-05-03 19:30:36,2026-05-05 16:45:00,Sunland,1,2026-05-06 14:58:33
Rock Island Tailrace STH,1,G72897618,2026-05-03 19:30:36,2026-05-05 16:45:00,Wanapum BRZ,1,2026-05-07 06:01:49
Rock Island Tailrace STH,1,G72897618,2026-05-03 19:30:36,2026-05-05 16:45:00,Mattawa,1,2026-05-07 10:33:28
Rock Island Tailrace STH,1,G72897618,2026-05-03 19:30:36,2026-05-05 16:45:00,Priest BRZ,0,
Rock Island Tailrace STH,1,G72897618,2026-05-03 19:30:36,2026-05-05 16:45:00,Lower Ringold,0,
Rock Island Tailrace STH,1,G72897618,2026-05-03 19:30:36,2026-05-05 16:45:00,Hanford,0,
Rock Island Tailrace STH,3,G7289C96B,2026-05-03 19:21:56,2026-05-05 16:45:00,Crescent Bar,1,2026-05-06 01:36:00
Rock Island Tailrace STH,3,G7289C96B,2026-05-03 19:21:56,2026-05-05 16:45:00,Sunland,1,2026-05-06 09:29:36
Rock Island Tailrace STH,3,G7289C96B,2026-05-03 19:21:56,2026-05-05 16:45:00,Wanapum BRZ,1,2026-05-07 02:46:33
Rock Island Tailrace STH,3,G7289C96B,2026-05-03 19:21:56,2026-05-05 16:45:00,Mattawa,1,2026-05-07 07:58:05
Rock Island Tailrace STH,3,G7289C96B,2026-05-03 19:21:56,2026-05-05 16:45:00,Priest BRZ,1,2026-05-08 01:16:21
Rock Island Tailrace STH,3,G7289C96B,2026-05-03 19:21:56,2026-05-05 16:45:00,Lower Ringold,1,2026-05-09 17:27:25
Rock Island Tailrace STH,3,G7289C96B,2026-05-03 19:21:56,2026-05-05 16:45:00,Hanford,1,2026-05-09 20:42:56
Rock Island Tailrace STH,3,G728A8639,2026-05-09 18:14:35,2026-05-11 15:52:00,Crescent Bar,1,2026-05-11 22:08:12
Rock Island Tailrace STH,3,G728A8639,2026-05-09 18:14:35,2026-05-11 15:52:00,Sunland,1,2026-05-12 08:21:04
Rock Island Tailrace STH,3,G728A8639,2026-05-09 18:14:35,2026-05-11 15:52:00,Wanapum BRZ,1,2026-05-14 10:13:59
Rock Island Tailrace STH,3,G728A8639,2026-05-09 18:14:35,2026-05-11 15:52:00,Mattawa,1,2026-05-15 03:17:31
Rock Island Tailrace STH,3,G728A8639,2026-05-09 18:14:35,2026-05-11 15:52:00,Priest BRZ,1,2026-05-15 22:10:25
Rock Island Tailrace STH,3,G728A8639,2026-05-09 18:14:35,2026-05-11 15:52:00,Lower Ringold,0,
Rock Island Tailrace STH,3,G728A8639,2026-05-09 18:14:35,2026-05-11 15:52:00,Hanford,0,
Rock Island Tailrace STH,3,G728B6AB7,2026-05-10 17:18:31,2026-05-12 15:36:00,Crescent Bar,1,2026-05-13 01:36:15
Rock Island Tailrace STH,3,G728B6AB7,2026-05-10 17:18:31,2026-05-12 15:36:00,Sunland,1,2026-05-13 12:00:18
Rock Island Tailrace STH,3,G728B6AB7,2026-05-10 17:18:31,2026-05-12 15:36:00,Wanapum BRZ,1,2026-05-15 13:00:04
Rock Island Tailrace STH,3,G728B6AB7,2026-05-10 17:18:31,2026-05-12 15:36:00,Mattawa,1,2026-05-16 09:29:57
Rock Island Tailrace STH,3,G728B6AB7,2026-05-10 17:18:31,2026-05-12 15:36:00,Priest BRZ,1,2026-05-17 07:42:16
Rock Island Tailrace STH,3,G728B6AB7,2026-05-10 17:18:31,2026-05-12 15:36:00,Lower Ringold,1,2026-05-17 19:07:10
Rock Island Tailrace STH,3,G728B6AB7,2026-05-10 17:18:31,2026-05-12 15:36:00,Hanford,1,2026-05-17 22:11:05
Rock Island Tailrace STH,2,G728C263C,2026-05-08 20:08:58,2026-05-10 15:37:00,Crescent Bar,1,2026-05-11 00:06:18
Rock Island Tailrace STH,2,G728C263C,2026-05-08 20:08:58,2026-05-10 15:37:00,Sunland,1,2026-05-11 13:03:26
Rock Island Tailrace STH,2,G728C263C,2026-05-08 20:08:58,2026-05-10 15:37:00,Wanapum BRZ,1,2026-05-12 04:37:58
Rock Island Tailrace STH,2,G728C263C,2026-05-08 20:08:58,2026-05-10 15:37:00,Mattawa,1,2026-05-12 07:43:01
Rock Island Tailrace STH,2,G728C263C,2026-05-08 20:08:58,2026-05-10 15:37:00,Priest BRZ,1,2026-05-13 04:40:42
Rock Island Tailrace STH,2,G728C263C,2026-05-08 20:08:58,2026-05-10 15:37:00,Lower Ringold,1,2026-05-16 00:58:17
Rock Island Tailrace STH,2,G728C263C,2026-05-08 20:08:58,2026-05-10 15:37:00,Hanford,1,2026-05-16 03:39:24
Rock Island Tailrace STH,3,G728D02BA,2026-05-04 18:34:10,2026-05-06 16:04:00,Crescent Bar,1,2026-05-07 05:40:47
Rock Island Tailrace STH,3,G728D02BA,2026-05-04 18:34:10,2026-05-06 16:04:00,Sunland,1,2026-05-07 21:55:39
Rock Island Tailrace STH,3,G728D02BA,2026-05-04 18:34:10,2026-05-06 16:04:00,Wanapum BRZ,1,2026-05-09 11:27:54
Rock Island Tailrace STH,3,G728D02BA,2026-05-04 18:34:10,2026-05-06 16:04:00,Mattawa,1,2026-05-09 16:38:07
Rock Island Tailrace STH,3,G728D02BA,2026-05-04 18:34:10,2026-05-06 16:04:00,Priest BRZ,1,2026-05-10 09:01:46
Rock Island Tailrace STH,3,G728D02BA,2026-05-04 18:34:10,2026-05-06 16:04:00,Lower Ringold,1,2026-05-11 02:28:26
Rock Island Tailrace STH,3,G728D02BA,2026-05-04 18:34:10,2026-05-06 16:04:00,Hanford,1,2026-05-11 06:12:19
Rock Island Tailrace STH,3,G728E42A9,2026-05-05 17:50:22,2026-05-07 15:46:00,Crescent Bar,1,2026-05-07 23:21:46
Rock Island Tailrace STH,3,G728E42A9,2026-05-05 17:50:22,2026-05-07 15:46:00,Sunland,1,2026-05-08 12:25:18
Rock Island Tailrace STH,3,G728E42A9,2026-05-05 17:50:22,2026-05-07 15:46:00,Wanapum BRZ,1,2026-05-09 13:21:20
Rock Island Tailrace STH,3,G728E42A9,2026-05-05 17:50:22,2026-05-07 15:46:00,Mattawa,1,2026-05-09 16:06:29
Rock Island Tailrace STH,3,G728E42A9,2026-05-05 17:50:22,2026-05-07 15:46:00,Priest BRZ,1,2026-05-10 05:06:24
Rock Island Tailrace STH,3,G728E42A9,2026-05-05 17:50:22,2026-05-07 15:46:00,Lower Ringold,1,2026-05-11 00:22:36
Rock Island Tailrace STH,3,G728E42A9,2026-05-05 17:50:22,2026-05-07 15:46:00,Hanford,1,2026-05-11 03:38:04
Rock Island Tailrace STH,3,G728E7AD5,2026-05-09 17:50:14,2026-05-11 15:52:00,Crescent Bar,1,2026-05-11 22:13:20
Rock Island Tailrace STH,3,G728E7AD5,2026-05-09 17:50:14,2026-05-11 15:52:00,Sunland,1,2026-05-12 07:38:04
Rock Island Tailrace STH,3,G728E7AD5,2026-05-09 17:50:14,2026-05-11 15:52:00,Wanapum BRZ,1,2026-05-13 12:31:12
Rock Island Tailrace STH,3,G728E7AD5,2026-05-09 17:50:14,2026-05-11 15:52:00,Mattawa,1,2026-05-14 02:40:29
Rock Island Tailrace STH,3,G728E7AD5,2026-05-09 17:50:14,2026-05-11 15:52:00,Priest BRZ,1,2026-05-14 11:25:57
Rock Island Tailrace STH,3,G728E7AD5,2026-05-09 17:50:14,2026-05-11 15:52:00,Lower Ringold,1,2026-05-17 04:31:17
Rock Island Tailrace STH,3,G728E7AD5,2026-05-09 17:50:14,2026-05-11 15:52:00,Hanford,1,2026-05-17 07:36:53
Rock Island Tailrace STH,2,G728F77EC,2026-05-04 18:44:53,2026-05-06 16:04:00,Crescent Bar,1,2026-05-06 21:45:00
Rock Island Tailrace STH,2,G728F77EC,2026-05-04 18:44:53,2026-05-06 16:04:00,Sunland,1,2026-05-07 11:39:56
Rock Island Tailrace STH,2,G728F77EC,2026-05-04 18:44:53,2026-05-06 16:04:00,Wanapum BRZ,1,2026-05-08 13:47:22
Rock Island Tailrace STH,2,G728F77EC,2026-05-04 18:44:53,2026-05-06 16:04:00,Mattawa,1,2026-05-09 00:00:31
Rock Island Tailrace STH,2,G728F77EC,2026-05-04 18:44:53,2026-05-06 16:04:00,Priest BRZ,1,2026-05-09 10:29:24
Rock Island Tailrace STH,2,G728F77EC,2026-05-04 18:44:53,2026-05-06 16:04:00,Lower Ringold,1,2026-05-09 22:53:18
Rock Island Tailrace STH,2,G728F77EC,2026-05-04 18:44:53,2026-05-06 16:04:00,Hanford,1,2026-05-10 02:05:24
Rock Island Tailrace STH,3,G72911E25,2026-05-07 17:46:36,2026-05-09 15:47:00,Crescent Bar,1,2026-05-09 22:56:06
Rock Island Tailrace STH,3,G72911E25,2026-05-07 17:46:36,2026-05-09 15:47:00,Sunland,1,2026-05-10 09:59:34
Rock Island Tailrace STH,3,G72911E25,2026-05-07 17:46:36,2026-05-09 15:47:00,Wanapum BRZ,1,2026-05-11 09:04:13
Rock Island Tailrace STH,3,G72911E25,2026-05-07 17:46:36,2026-05-09 15:47:00,Mattawa,1,2026-05-11 11:25:22
Rock Island Tailrace STH,3,G72911E25,2026-05-07 17:46:36,2026-05-09 15:47:00,Priest BRZ,1,2026-05-12 06:26:04
Rock Island Tailrace STH,3,G72911E25,2026-05-07 17:46:36,2026-05-09 15:47:00,Lower Ringold,1,2026-05-12 18:47:15
Rock Island Tailrace STH,3,G72911E25,2026-05-07 17:46:36,2026-05-09 15:47:00,Hanford,1,2026-05-12 22:31:17
Rock Island Tailrace STH,1,G7292096E,2026-05-08 20:26:57,2026-05-10 15:37:00,Crescent Bar,1,2026-05-11 01:11:54
Rock Island Tailrace STH,1,G7292096E,2026-05-08 20:26:57,2026-05-10 15:37:00,Sunland,1,2026-05-11 12:14:56
Rock Island Tailrace STH,1,G7292096E,2026-05-08 20:26:57,2026-05-10 15:37:00,Wanapum BRZ,1,2026-05-12 16:01:27
Rock Island Tailrace STH,1,G7292096E,2026-05-08 20:26:57,2026-05-10 15:37:00,Mattawa,1,2026-05-12 19:02:52
Rock Island Tailrace STH,1,G7292096E,2026-05-08 20:26:57,2026-05-10 15:37:00,Priest BRZ,1,2026-05-15 10:05:37
Rock Island Tailrace STH,1,G7292096E,2026-05-08 20:26:57,2026-05-10 15:37:00,Lower Ringold,1,2026-05-15 22:05:35
Rock Island Tailrace STH,1,G7292096E,2026-05-08 20:26:57,2026-05-10 15:37:00,Hanford,1,2026-05-16 01:26:11
Rock Island Tailrace STH,1,G72922752,2026-05-10 17:31:27,2026-05-12 15:36:00,Crescent Bar,1,2026-05-13 02:01:53
Rock Island Tailrace STH,1,G72922752,2026-05-10 17:31:27,2026-05-12 15:36:00,Sunland,1,2026-05-13 13:29:58
Rock Island Tailrace STH,1,G72922752,2026-05-10 17:31:27,2026-05-12 15:36:00,Wanapum BRZ,1,2026-05-14 17:13:10
Rock Island Tailrace STH,1,G72922752,2026-05-10 17:31:27,2026-05-12 15:36:00,Mattawa,1,2026-05-14 22:09:36
Rock Island Tailrace STH,1,G72922752,2026-05-10 17:31:27,2026-05-12 15:36:00,Priest BRZ,0,
Rock Island Tailrace STH,1,G72922752,2026-05-10 17:31:27,2026-05-12 15:36:00,Lower Ringold,0,
Rock Island Tailrace STH,1,G72922752,2026-05-10 17:31:27,2026-05-12 15:36:00,Hanford,0,
Rock Island Tailrace STH,1,G72924928,2026-05-09 17:52:28,2026-05-11 15:52:00,Crescent Bar,1,2026-05-11 21:51:21
Rock Island Tailrace STH,1,G72924928,2026-05-09 17:52:28,2026-05-11 15:52:00,Sunland,1,2026-05-12 06:56:22
Rock Island Tailrace STH,1,G72924928,2026-05-09 17:52:28,2026-05-11 15:52:00,Wanapum BRZ,1,2026-05-14 00:25:34
Rock Island Tailrace STH,1,G72924928,2026-05-09 17:52:28,2026-05-11 15:52:00,Mattawa,1,2026-05-14 06:03:25
Rock Island Tailrace STH,1,G72924928,2026-05-09 17:52:28,2026-05-11 15:52:00,Priest BRZ,1,2026-05-15 00:30:11
Rock Island Tailrace STH,1,G72924928,2026-05-09 17:52:28,2026-05-11 15:52:00,Lower Ringold,1,2026-05-15 14:01:04
Rock Island Tailrace STH,1,G72924928,2026-05-09 17:52:28,2026-05-11 15:52:00,Hanford,1,2026-05-15 17:21:51
Rock Island Tailrace STH,2,G7293668E,2026-05-07 18:04:19,2026-05-09 15:47:00,Crescent Bar,1,2026-05-09 21:43:00
Rock Island Tailrace STH,2,G7293668E,2026-05-07 18:04:19,2026-05-09 15:47:00,Sunland,1,2026-05-10 10:24:31
Rock Island Tailrace STH,2,G7293668E,2026-05-07 18:04:19,2026-05-09 15:47:00,Wanapum BRZ,1,2026-05-11 17:33:04
Rock Island Tailrace STH,2,G7293668E,2026-05-07 18:04:19,2026-05-09 15:47:00,Mattawa,1,2026-05-14 19:29:00
Rock Island Tailrace STH,2,G7293668E,2026-05-07 18:04:19,2026-05-09 15:47:00,Priest BRZ,1,2026-05-15 01:59:18
Rock Island Tailrace STH,2,G7293668E,2026-05-07 18:04:19,2026-05-09 15:47:00,Lower Ringold,1,2026-05-15 13:22:55
Rock Island Tailrace STH,2,G7293668E,2026-05-07 18:04:19,2026-05-09 15:47:00,Hanford,1,2026-05-15 16:26:13
Rock Island Tailrace STH,1,G7293F57D,2026-05-10 17:08:22,2026-05-12 15:36:00,Crescent Bar,1,2026-05-12 22:52:37
Rock Island Tailrace STH,1,G7293F57D,2026-05-10 17:08:22,2026-05-12 15:36:00,Sunland,1,2026-05-13 10:17:47
Rock Island Tailrace STH,1,G7293F57D,2026-05-10 17:08:22,2026-05-12 15:36:00,Wanapum BRZ,1,2026-05-15 15:37:22
Rock Island Tailrace STH,1,G7293F57D,2026-05-10 17:08:22,2026-05-12 15:36:00,Mattawa,1,2026-05-16 20:00:39
Rock Island Tailrace STH,1,G7293F57D,2026-05-10 17:08:22,2026-05-12 15:36:00,Priest BRZ,1,2026-05-17 01:20:27
Rock Island Tailrace STH,1,G7293F57D,2026-05-10 17:08:22,2026-05-12 15:36:00,Lower Ringold,1,2026-05-17 15:51:15
Rock Island Tailrace STH,1,G7293F57D,2026-05-10 17:08:22,2026-05-12 15:36:00,Hanford,1,2026-05-17 19:33:39
Rock Island Tailrace STH,1,G72948AAA,2026-05-10 17:30:43,2026-05-12 15:36:00,Crescent Bar,1,2026-05-12 22:19:16
Rock Island Tailrace STH,1,G72948AAA,2026-05-10 17:30:43,2026-05-12 15:36:00,Sunland,1,2026-05-13 09:40:33
Rock Island Tailrace STH,1,G72948AAA,2026-05-10 17:30:43,2026-05-12 15:36:00,Wanapum BRZ,1,2026-05-16 16:10:49
Rock Island Tailrace STH,1,G72948AAA,2026-05-10 17:30:43,2026-05-12 15:36:00,Mattawa,1,2026-05-16 19:27:20
Rock Island Tailrace STH,1,G72948AAA,2026-05-10 17:30:43,2026-05-12 15:36:00,Priest BRZ,1,2026-05-17 01:48:00
Rock Island Tailrace STH,1,G72948AAA,2026-05-10 17:30:43,2026-05-12 15:36:00,Lower Ringold,1,2026-05-17 21:57:28
Rock Island Tailrace STH,1,G72948AAA,2026-05-10 17:30:43,2026-05-12 15:36:00,Hanford,1,2026-05-18 04:13:48
Rock Island Tailrace STH,1,G729561A7,2026-05-03 19:10:03,2026-05-05 16:45:00,Crescent Bar,1,2026-05-06 03:55:04
Rock Island Tailrace STH,1,G729561A7,2026-05-03 19:10:03,2026-05-05 16:45:00,Sunland,1,2026-05-06 14:19:23
Rock Island Tailrace STH,1,G729561A7,2026-05-03 19:10:03,2026-05-05 16:45:00,Wanapum BRZ,1,2026-05-07 22:59:33
Rock Island Tailrace STH,1,G729561A7,2026-05-03 19:10:03,2026-05-05 16:45:00,Mattawa,1,2026-05-08 05:42:49
Rock Island Tailrace STH,1,G729561A7,2026-05-03 19:10:03,2026-05-05 16:45:00,Priest BRZ,1,2026-05-08 22:29:17
Rock Island Tailrace STH,1,G729561A7,2026-05-03 19:10:03,2026-05-05 16:45:00,Lower Ringold,1,2026-05-10 14:09:34
Rock Island Tailrace STH,1,G729561A7,2026-05-03 19:10:03,2026-05-05 16:45:00,Hanford,1,2026-05-10 18:09:49
Rock Island Tailrace STH,1,G72958CB3,2026-05-04 18:18:08,2026-05-06 16:04:00,Crescent Bar,1,2026-05-06 22:46:04
Rock Island Tailrace STH,1,G72958CB3,2026-05-04 18:18:08,2026-05-06 16:04:00,Sunland,1,2026-05-07 09:35:14
Rock Island Tailrace STH,1,G72958CB3,2026-05-04 18:18:08,2026-05-06 16:04:00,Wanapum BRZ,0,
Rock Island Tailrace STH,1,G72958CB3,2026-05-04 18:18:08,2026-05-06 16:04:00,Mattawa,0,
Rock Island Tailrace STH,1,G72958CB3,2026-05-04 18:18:08,2026-05-06 16:04:00,Priest BRZ,0,
Rock Island Tailrace STH,1,G72958CB3,2026-05-04 18:18:08,2026-05-06 16:04:00,Lower Ringold,0,
Rock Island Tailrace STH,1,G72958CB3,2026-05-04 18:18:08,2026-05-06 16:04:00,Hanford,0,
Rock Island Tailrace STH,1,G7295AC90,2026-05-06 18:24:36,2026-05-09 15:47:00,Crescent Bar,1,2026-05-09 20:24:36
Rock Island Tailrace STH,1,G7295AC90,2026-05-06 18:24:36,2026-05-09 15:47:00,Sunland,1,2026-05-10 02:27:37
Rock Island Tailrace STH,1,G7295AC90,2026-05-06 18:24:36,2026-05-09 15:47:00,Wanapum BRZ,1,2026-05-11 07:48:10
Rock Island Tailrace STH,1,G7295AC90,2026-05-06 18:24:36,2026-05-09 15:47:00,Mattawa,1,2026-05-11 14:44:13
Rock Island Tailrace STH,1,G7295AC90,2026-05-06 18:24:36,2026-05-09 15:47:00,Priest BRZ,1,2026-05-12 00:58:08
Rock Island Tailrace STH,1,G7295AC90,2026-05-06 18:24:36,2026-05-09 15:47:00,Lower Ringold,1,2026-05-12 19:40:22
Rock Island Tailrace STH,1,G7295AC90,2026-05-06 18:24:36,2026-05-09 15:47:00,Hanford,1,2026-05-12 22:54:21
Rock Island Tailrace STH,1,G72963A09,2026-05-09 18:07:46,2026-05-11 15:52:00,Crescent Bar,1,2026-05-11 22:53:46
Rock Island Tailrace STH,1,G72963A09,2026-05-09 18:07:46,2026-05-11 15:52:00,Sunland,1,2026-05-12 09:06:41
Rock Island Tailrace STH,1,G72963A09,2026-05-09 18:07:46,2026-05-11 15:52:00,Wanapum BRZ,1,2026-05-13 20:14:34
Rock Island Tailrace STH,1,G72963A09,2026-05-09 18:07:46,2026-05-11 15:52:00,Mattawa,1,2026-05-13 23:33:55
Rock Island Tailrace STH,1,G72963A09,2026-05-09 18:07:46,2026-05-11 15:52:00,Priest BRZ,1,2026-05-14 12:12:56
Rock Island Tailrace STH,1,G72963A09,2026-05-09 18:07:46,2026-05-11 15:52:00,Lower Ringold,1,2026-05-15 06:56:05
Rock Island Tailrace STH,1,G72963A09,2026-05-09 18:07:46,2026-05-11 15:52:00,Hanford,1,2026-05-15 09:53:27
Rock Island Tailrace STH,1,G7296D222,2026-05-09 18:13:43,2026-05-11 15:52:00,Crescent Bar,1,2026-05-12 00:09:17
Rock Island Tailrace STH,1,G7296D222,2026-05-09 18:13:43,2026-05-11 15:52:00,Sunland,1,2026-05-12 09:26:37
Rock Island Tailrace STH,1,G7296D222,2026-05-09 18:13:43,2026-05-11 15:52:00,Wanapum BRZ,1,2026-05-13 14:17:05
Rock Island Tailrace STH,1,G7296D222,2026-05-09 18:13:43,2026-05-11 15:52:00,Mattawa,1,2026-05-13 19:17:34
Rock Island Tailrace STH,1,G7296D222,2026-05-09 18:13:43,2026-05-11 15:52:00,Priest BRZ,1,2026-05-14 09:43:04
Rock Island Tailrace STH,1,G7296D222,2026-05-09 18:13:43,2026-05-11 15:52:00,Lower Ringold,1,2026-05-16 06:46:41
Rock Island Tailrace STH,1,G7296D222,2026-05-09 18:13:43,2026-05-11 15:52:00,Hanford,1,2026-05-16 09:43:15
Rock Island Tailrace STH,1,G729731ED,2026-05-06 18:22:12,2026-05-09 15:47:00,Crescent Bar,1,2026-05-09 22:45:14
Rock Island Tailrace STH,1,G729731ED,2026-05-06 18:22:12,2026-05-09 15:47:00,Sunland,1,2026-05-10 09:14:54
Rock Island Tailrace STH,1,G729731ED,2026-05-06 18:22:12,2026-05-09 15:47:00,Wanapum BRZ,1,2026-05-11 18:08:52
Rock Island Tailrace STH,1,G729731ED,2026-05-06 18:22:12,2026-05-09 15:47:00,Mattawa,1,2026-05-11 21:25:43
Rock Island Tailrace STH,1,G729731ED,2026-05-06 18:22:12,2026-05-09 15:47:00,Priest BRZ,1,2026-05-12 11:52:16
Rock Island Tailrace STH,1,G729731ED,2026-05-06 18:22:12,2026-05-09 15:47:00,Lower Ringold,1,2026-05-13 19:49:11
Rock Island Tailrace STH,1,G729731ED,2026-05-06 18:22:12,2026-05-09 15:47:00,Hanford,1,2026-05-14 00:48:42
Rock Island Tailrace STH,1,G7298EFBD,2026-05-09 18:08:38,2026-05-11 15:52:00,Crescent Bar,1,2026-05-12 00:43:36
Rock Island Tailrace STH,1,G7298EFBD,2026-05-09 18:08:38,2026-05-11 15:52:00,Sunland,1,2026-05-12 11:52:27
Rock Island Tailrace STH,1,G7298EFBD,2026-05-09 18:08:38,2026-05-11 15:52:00,Wanapum BRZ,1,2026-05-14 12:14:07
Rock Island Tailrace STH,1,G7298EFBD,2026-05-09 18:08:38,2026-05-11 15:52:00,Mattawa,1,2026-05-14 23:54:08
Rock Island Tailrace STH,1,G7298EFBD,2026-05-09 18:08:38,2026-05-11 15:52:00,Priest BRZ,0,
Rock Island Tailrace STH,1,G7298EFBD,2026-05-09 18:08:38,2026-05-11 15:52:00,Lower Ringold,0,
Rock Island Tailrace STH,1,G7298EFBD,2026-05-09 18:08:38,2026-05-11 15:52:00,Hanford,0,
Rock Island Tailrace STH,1,G7299EB18,2026-05-10 17:23:19,2026-05-12 15:36:00,Crescent Bar,1,2026-05-13 06:06:29
Rock Island Tailrace STH,1,G7299EB18,2026-05-10 17:23:19,2026-05-12 15:36:00,Sunland,1,2026-05-13 21:52:06
Rock Island Tailrace STH,1,G7299EB18,2026-05-10 17:23:19,2026-05-12 15:36:00,Wanapum BRZ,0,
Rock Island Tailrace STH,1,G7299EB18,2026-05-10 17:23:19,2026-05-12 15:36:00,Mattawa,0,
Rock Island Tailrace STH,1,G7299EB18,2026-05-10 17:23:19,2026-05-12 15:36:00,Priest BRZ,0,
Rock Island Tailrace STH,1,G7299EB18,2026-05-10 17:23:19,2026-05-12 15:36:00,Lower Ringold,0,
Rock Island Tailrace STH,1,G7299EB18,2026-05-10 17:23:19,2026-05-12 15:36:00,Hanford,0,
Rock Island Tailrace STH,2,G729CE0C7,2026-05-09 17:51:50,2026-05-11 15:52:00,Crescent Bar,1,2026-05-11 22:36:23
Rock Island Tailrace STH,2,G729CE0C7,2026-05-09 17:51:50,2026-05-11 15:52:00,Sunland,1,2026-05-12 11:05:25
Rock Island Tailrace STH,2,G729CE0C7,2026-05-09 17:51:50,2026-05-11 15:52:00,Wanapum BRZ,1,2026-05-13 23:43:21
Rock Island Tailrace STH,2,G729CE0C7,2026-05-09 17:51:50,2026-05-11 15:52:00,Mattawa,1,2026-05-14 10:15:49
Rock Island Tailrace STH,2,G729CE0C7,2026-05-09 17:51:50,2026-05-11 15:52:00,Priest BRZ,0,
Rock Island Tailrace STH,2,G729CE0C7,2026-05-09 17:51:50,2026-05-11 15:52:00,Lower Ringold,0,
Rock Island Tailrace STH,2,G729CE0C7,2026-05-09 17:51:50,2026-05-11 15:52:00,Hanford,0,
Rock Island Tailrace STH,1,G729D73F0,2026-05-06 18:39:46,2026-05-09 15:47:00,Crescent Bar,1,2026-05-09 23:13:18
Rock Island Tailrace STH,1,G729D73F0,2026-05-06 18:39:46,2026-05-09 15:47:00,Sunland,1,2026-05-10 09:59:37
Rock Island Tailrace STH,1,G729D73F0,2026-05-06 18:39:46,2026-05-09 15:47:00,Wanapum BRZ,1,2026-05-11 19:11:45
Rock Island Tailrace STH,1,G729D73F0,2026-05-06 18:39:46,2026-05-09 15:47:00,Mattawa,1,2026-05-16 06:28:29
Rock Island Tailrace STH,1,G729D73F0,2026-05-06 18:39:46,2026-05-09 15:47:00,Priest BRZ,1,2026-05-16 16:39:26
Rock Island Tailrace STH,1,G729D73F0,2026-05-06 18:39:46,2026-05-09 15:47:00,Lower Ringold,1,2026-05-18 02:03:44
Rock Island Tailrace STH,1,G729D73F0,2026-05-06 18:39:46,2026-05-09 15:47:00,Hanford,1,2026-05-18 05:08:54
Rock Island Tailrace STH,3,G729E972D,2026-05-05 17:29:20,2026-05-07 15:46:00,Crescent Bar,1,2026-05-07 20:50:10
Rock Island Tailrace STH,3,G729E972D,2026-05-05 17:29:20,2026-05-07 15:46:00,Sunland,1,2026-05-08 07:32:06
Rock Island Tailrace STH,3,G729E972D,2026-05-05 17:29:20,2026-05-07 15:46:00,Wanapum BRZ,1,2026-05-08 23:37:21
Rock Island Tailrace STH,3,G729E972D,2026-05-05 17:29:20,2026-05-07 15:46:00,Mattawa,1,2026-05-09 11:22:17
Rock Island Tailrace STH,3,G729E972D,2026-05-05 17:29:20,2026-05-07 15:46:00,Priest BRZ,1,2026-05-09 21:07:46
Rock Island Tailrace STH,3,G729E972D,2026-05-05 17:29:20,2026-05-07 15:46:00,Lower Ringold,1,2026-05-10 16:43:30
Rock Island Tailrace STH,3,G729E972D,2026-05-05 17:29:20,2026-05-07 15:46:00,Hanford,1,2026-05-10 19:55:42
Rock Island Tailrace STH,3,G72A12596,2026-05-10 17:28:43,2026-05-12 15:36:00,Crescent Bar,1,2026-05-13 01:16:44
Rock Island Tailrace STH,3,G72A12596,2026-05-10 17:28:43,2026-05-12 15:36:00,Sunland,1,2026-05-13 10:36:47
Rock Island Tailrace STH,3,G72A12596,2026-05-10 17:28:43,2026-05-12 15:36:00,Wanapum BRZ,1,2026-05-15 13:19:07
Rock Island Tailrace STH,3,G72A12596,2026-05-10 17:28:43,2026-05-12 15:36:00,Mattawa,1,2026-05-15 20:58:02
Rock Island Tailrace STH,3,G72A12596,2026-05-10 17:28:43,2026-05-12 15:36:00,Priest BRZ,1,2026-05-16 11:22:11
Rock Island Tailrace STH,3,G72A12596,2026-05-10 17:28:43,2026-05-12 15:36:00,Lower Ringold,1,2026-05-18 04:38:04
Rock Island Tailrace STH,3,G72A12596,2026-05-10 17:28:43,2026-05-12 15:36:00,Hanford,0,
Rock Island Tailrace STH,1,G72A16C4C,2026-05-10 17:34:25,2026-05-12 15:36:00,Crescent Bar,1,2026-05-12 22:34:54
Rock Island Tailrace STH,1,G72A16C4C,2026-05-10 17:34:25,2026-05-12 15:36:00,Sunland,1,2026-05-13 08:36:59
Rock Island Tailrace STH,1,G72A16C4C,2026-05-10 17:34:25,2026-05-12 15:36:00,Wanapum BRZ,1,2026-05-14 16:57:57
Rock Island Tailrace STH,1,G72A16C4C,2026-05-10 17:34:25,2026-05-12 15:36:00,Mattawa,1,2026-05-14 20:35:05
Rock Island Tailrace STH,1,G72A16C4C,2026-05-10 17:34:25,2026-05-12 15:36:00,Priest BRZ,1,2026-05-15 02:18:53
Rock Island Tailrace STH,1,G72A16C4C,2026-05-10 17:34:25,2026-05-12 15:36:00,Lower Ringold,0,
Rock Island Tailrace STH,1,G72A16C4C,2026-05-10 17:34:25,2026-05-12 15:36:00,Hanford,0,
Rock Island Tailrace STH,2,G72A25F45,2026-05-10 17:28:10,2026-05-12 15:36:00,Crescent Bar,1,2026-05-12 22:38:47
Rock Island Tailrace STH,2,G72A25F45,2026-05-10 17:28:10,2026-05-12 15:36:00,Sunland,1,2026-05-13 10:28:13
Rock Island Tailrace STH,2,G72A25F45,2026-05-10 17:28:10,2026-05-12 15:36:00,Wanapum BRZ,1,2026-05-14 16:37:00
Rock Island Tailrace STH,2,G72A25F45,2026-05-10 17:28:10,2026-05-12 15:36:00,Mattawa,1,2026-05-15 04:51:59
Rock Island Tailrace STH,2,G72A25F45,2026-05-10 17:28:10,2026-05-12 15:36:00,Priest BRZ,1,2026-05-15 12:52:06
Rock Island Tailrace STH,2,G72A25F45,2026-05-10 17:28:10,2026-05-12 15:36:00,Lower Ringold,1,2026-05-16 09:33:00
Rock Island Tailrace STH,2,G72A25F45,2026-05-10 17:28:10,2026-05-12 15:36:00,Hanford,1,2026-05-16 12:12:42
Rock Island Tailrace STH,2,G72A2F594,2026-05-06 18:38:31,2026-05-09 15:47:00,Crescent Bar,1,2026-05-09 21:12:05
Rock Island Tailrace STH,2,G72A2F594,2026-05-06 18:38:31,2026-05-09 15:47:00,Sunland,1,2026-05-10 08:01:14
Rock Island Tailrace STH,2,G72A2F594,2026-05-06 18:38:31,2026-05-09 15:47:00,Wanapum BRZ,1,2026-05-11 20:05:49
Rock Island Tailrace STH,2,G72A2F594,2026-05-06 18:38:31,2026-05-09 15:47:00,Mattawa,0,
Rock Island Tailrace STH,2,G72A2F594,2026-05-06 18:38:31,2026-05-09 15:47:00,Priest BRZ,0,
Rock Island Tailrace STH,2,G72A2F594,2026-05-06 18:38:31,2026-05-09 15:47:00,Lower Ringold,0,
Rock Island Tailrace STH,2,G72A2F594,2026-05-06 18:38:31,2026-05-09 15:47:00,Hanford,0,
Rock Island Tailrace STH,2,G72A3191A,2026-05-07 17:50:10,2026-05-09 15:47:00,Crescent Bar,1,2026-05-09 22:41:45
Rock Island Tailrace STH,2,G72A3191A,2026-05-07 17:50:10,2026-05-09 15:47:00,Sunland,1,2026-05-10 07:14:28
Rock Island Tailrace STH,2,G72A3191A,2026-05-07 17:50:10,2026-05-09 15:47:00,Wanapum BRZ,1,2026-05-11 11:25:34
Rock Island Tailrace STH,2,G72A3191A,2026-05-07 17:50:10,2026-05-09 15:47:00,Mattawa,1,2026-05-11 18:05:53
Rock Island Tailrace STH,2,G72A3191A,2026-05-07 17:50:10,2026-05-09 15:47:00,Priest BRZ,1,2026-05-12 09:47:48
Rock Island Tailrace STH,2,G72A3191A,2026-05-07 17:50:10,2026-05-09 15:47:00,Lower Ringold,1,2026-05-12 22:59:43
Rock Island Tailrace STH,2,G72A3191A,2026-05-07 17:50:10,2026-05-09 15:47:00,Hanford,1,2026-05-13 06:02:41
Rock Island Tailrace STH,1,G72A38714,2026-05-03 19:29:32,2026-05-05 16:45:00,Crescent Bar,1,2026-05-05 22:54:55
Rock Island Tailrace STH,1,G72A38714,2026-05-03 19:29:32,2026-05-05 16:45:00,Sunland,1,2026-05-06 06:57:20
Rock Island Tailrace STH,1,G72A38714,2026-05-03 19:29:32,2026-05-05 16:45:00,Wanapum BRZ,1,2026-05-08 19:55:18
Rock Island Tailrace STH,1,G72A38714,2026-05-03 19:29:32,2026-05-05 16:45:00,Mattawa,1,2026-05-09 19:59:07
Rock Island Tailrace STH,1,G72A38714,2026-05-03 19:29:32,2026-05-05 16:45:00,Priest BRZ,1,2026-05-10 03:53:59
Rock Island Tailrace STH,1,G72A38714,2026-05-03 19:29:32,2026-05-05 16:45:00,Lower Ringold,1,2026-05-10 14:22:49
Rock Island Tailrace STH,1,G72A38714,2026-05-03 19:29:32,2026-05-05 16:45:00,Hanford,1,2026-05-10 16:44:17
Rock Island Tailrace STH,3,G72A74B46,2026-05-09 17:58:45,2026-05-11 15:52:00,Crescent Bar,1,2026-05-12 00:24:20
Rock Island Tailrace STH,3,G72A74B46,2026-05-09 17:58:45,2026-05-11 15:52:00,Sunland,1,2026-05-12 09:29:23
Rock Island Tailrace STH,3,G72A74B46,2026-05-09 17:58:45,2026-05-11 15:52:00,Wanapum BRZ,1,2026-05-13 14:08:36
Rock Island Tailrace STH,3,G72A74B46,2026-05-09 17:58:45,2026-05-11 15:52:00,Mattawa,1,2026-05-13 22:05:41
Rock Island Tailrace STH,3,G72A74B46,2026-05-09 17:58:45,2026-05-11 15:52:00,Priest BRZ,1,2026-05-14 11:19:53
Rock Island Tailrace STH,3,G72A74B46,2026-05-09 17:58:45,2026-05-11 15:52:00,Lower Ringold,1,2026-05-14 23:38:46
Rock Island Tailrace STH,3,G72A74B46,2026-05-09 17:58:45,2026-05-11 15:52:00,Hanford,1,2026-05-15 02:12:59
Rock Island Tailrace STH,3,G72A767C6,2026-05-05 17:54:42,2026-05-07 15:46:00,Crescent Bar,1,2026-05-07 22:41:31
Rock Island Tailrace STH,3,G72A767C6,2026-05-05 17:54:42,2026-05-07 15:46:00,Sunland,1,2026-05-08 07:30:40
Rock Island Tailrace STH,3,G72A767C6,2026-05-05 17:54:42,2026-05-07 15:46:00,Wanapum BRZ,1,2026-05-09 20:39:08
Rock Island Tailrace STH,3,G72A767C6,2026-05-05 17:54:42,2026-05-07 15:46:00,Mattawa,1,2026-05-10 03:46:43
Rock Island Tailrace STH,3,G72A767C6,2026-05-05 17:54:42,2026-05-07 15:46:00,Priest BRZ,1,2026-05-10 12:14:09
Rock Island Tailrace STH,3,G72A767C6,2026-05-05 17:54:42,2026-05-07 15:46:00,Lower Ringold,1,2026-05-12 11:09:07
Rock Island Tailrace STH,3,G72A767C6,2026-05-05 17:54:42,2026-05-07 15:46:00,Hanford,1,2026-05-12 14:34:02
Rock Island Tailrace STH,3,G72A77264,2026-05-10 17:26:30,2026-05-12 15:36:00,Crescent Bar,1,2026-05-12 23:15:32
Rock Island Tailrace STH,3,G72A77264,2026-05-10 17:26:30,2026-05-12 15:36:00,Sunland,1,2026-05-13 08:53:12
Rock Island Tailrace STH,3,G72A77264,2026-05-10 17:26:30,2026-05-12 15:36:00,Wanapum BRZ,0,
Rock Island Tailrace STH,3,G72A77264,2026-05-10 17:26:30,2026-05-12 15:36:00,Mattawa,0,
Rock Island Tailrace STH,3,G72A77264,2026-05-10 17:26:30,2026-05-12 15:36:00,Priest BRZ,0,
Rock Island Tailrace STH,3,G72A77264,2026-05-10 17:26:30,2026-05-12 15:36:00,Lower Ringold,0,
Rock Island Tailrace STH,3,G72A77264,2026-05-10 17:26:30,2026-05-12 15:36:00,Hanford,0,
Rock Island Tailrace STH,3,G72A79E2E,2026-05-10 17:33:28,2026-05-12 15:36:00,Crescent Bar,1,2026-05-13 02:22:37
Rock Island Tailrace STH,3,G72A79E2E,2026-05-10 17:33:28,2026-05-12 15:36:00,Sunland,1,2026-05-13 15:42:08
Rock Island Tailrace STH,3,G72A79E2E,2026-05-10 17:33:28,2026-05-12 15:36:00,Wanapum BRZ,1,2026-05-15 18:15:41
Rock Island Tailrace STH,3,G72A79E2E,2026-05-10 17:33:28,2026-05-12 15:36:00,Mattawa,1,2026-05-15 21:13:15
Rock Island Tailrace STH,3,G72A79E2E,2026-05-10 17:33:28,2026-05-12 15:36:00,Priest BRZ,1,2026-05-17 12:10:19
Rock Island Tailrace STH,3,G72A79E2E,2026-05-10 17:33:28,2026-05-12 15:36:00,Lower Ringold,1,2026-05-22 13:51:25
Rock Island Tailrace STH,3,G72A79E2E,2026-05-10 17:33:28,2026-05-12 15:36:00,Hanford,0,
Rock Island Tailrace STH,3,G72A7C769,2026-05-06 18:25:30,2026-05-09 15:47:00,Crescent Bar,1,2026-05-09 22:12:48
Rock Island Tailrace STH,3,G72A7C769,2026-05-06 18:25:30,2026-05-09 15:47:00,Sunland,1,2026-05-10 04:32:04
Rock Island Tailrace STH,3,G72A7C769,2026-05-06 18:25:30,2026-05-09 15:47:00,Wanapum BRZ,1,2026-05-11 16:02:37
Rock Island Tailrace STH,3,G72A7C769,2026-05-06 18:25:30,2026-05-09 15:47:00,Mattawa,1,2026-05-11 21:24:22
Rock Island Tailrace STH,3,G72A7C769,2026-05-06 18:25:30,2026-05-09 15:47:00,Priest BRZ,1,2026-05-12 15:50:35
Rock Island Tailrace STH,3,G72A7C769,2026-05-06 18:25:30,2026-05-09 15:47:00,Lower Ringold,1,2026-05-13 13:11:25
Rock Island Tailrace STH,3,G72A7C769,2026-05-06 18:25:30,2026-05-09 15:47:00,Hanford,1,2026-05-13 17:11:49
Rock Island Tailrace STH,2,G72A8B8C8,2026-05-04 18:48:50,2026-05-06 16:04:00,Crescent Bar,1,2026-05-07 05:13:19
Rock Island Tailrace STH,2,G72A8B8C8,2026-05-04 18:48:50,2026-05-06 16:04:00,Sunland,1,2026-05-07 14:17:40
Rock Island Tailrace STH,2,G72A8B8C8,2026-05-04 18:48:50,2026-05-06 16:04:00,Wanapum BRZ,1,2026-05-08 16:06:18
Rock Island Tailrace STH,2,G72A8B8C8,2026-05-04 18:48:50,2026-05-06 16:04:00,Mattawa,1,2026-05-09 05:40:52
Rock Island Tailrace STH,2,G72A8B8C8,2026-05-04 18:48:50,2026-05-06 16:04:00,Priest BRZ,1,2026-05-09 17:05:31
Rock Island Tailrace STH,2,G72A8B8C8,2026-05-04 18:48:50,2026-05-06 16:04:00,Lower Ringold,1,2026-05-10 23:36:39
Rock Island Tailrace STH,2,G72A8B8C8,2026-05-04 18:48:50,2026-05-06 16:04:00,Hanford,1,2026-05-11 02:40:20
Rock Island Tailrace STH,2,G72A90C5F,2026-05-07 17:48:36,2026-05-09 15:47:00,Crescent Bar,1,2026-05-09 21:22:44
Rock Island Tailrace STH,2,G72A90C5F,2026-05-07 17:48:36,2026-05-09 15:47:00,Sunland,1,2026-05-10 06:30:02
Rock Island Tailrace STH,2,G72A90C5F,2026-05-07 17:48:36,2026-05-09 15:47:00,Wanapum BRZ,1,2026-05-11 13:08:55
Rock Island Tailrace STH,2,G72A90C5F,2026-05-07 17:48:36,2026-05-09 15:47:00,Mattawa,1,2026-05-11 17:20:46
Rock Island Tailrace STH,2,G72A90C5F,2026-05-07 17:48:36,2026-05-09 15:47:00,Priest BRZ,1,2026-05-12 00:09:13
Rock Island Tailrace STH,2,G72A90C5F,2026-05-07 17:48:36,2026-05-09 15:47:00,Lower Ringold,1,2026-05-12 19:08:12
Rock Island Tailrace STH,2,G72A90C5F,2026-05-07 17:48:36,2026-05-09 15:47:00,Hanford,1,2026-05-12 22:02:42
Rock Island Tailrace STH,3,G72AA3149,2026-05-06 18:34:30,2026-05-09 15:47:00,Crescent Bar,1,2026-05-09 20:57:01
Rock Island Tailrace STH,3,G72AA3149,2026-05-06 18:34:30,2026-05-09 15:47:00,Sunland,1,2026-05-10 04:02:04
Rock Island Tailrace STH,3,G72AA3149,2026-05-06 18:34:30,2026-05-09 15:47:00,Wanapum BRZ,1,2026-05-11 09:04:13
Rock Island Tailrace STH,3,G72AA3149,2026-05-06 18:34:30,2026-05-09 15:47:00,Mattawa,1,2026-05-11 12:20:24
Rock Island Tailrace STH,3,G72AA3149,2026-05-06 18:34:30,2026-05-09 15:47:00,Priest BRZ,1,2026-05-11 22:32:47
Rock Island Tailrace STH,3,G72AA3149,2026-05-06 18:34:30,2026-05-09 15:47:00,Lower Ringold,1,2026-05-12 13:34:39
Rock Island Tailrace STH,3,G72AA3149,2026-05-06 18:34:30,2026-05-09 15:47:00,Hanford,1,2026-05-12 17:20:35
Rock Island Tailrace STH,3,G72AA448E,2026-05-03 19:10:55,2026-05-05 16:45:00,Crescent Bar,1,2026-05-06 05:06:06
Rock Island Tailrace STH,3,G72AA448E,2026-05-03 19:10:55,2026-05-05 16:45:00,Sunland,1,2026-05-06 14:16:21
Rock Island Tailrace STH,3,G72AA448E,2026-05-03 19:10:55,2026-05-05 16:45:00,Wanapum BRZ,1,2026-05-07 20:06:12
Rock Island Tailrace STH,3,G72AA448E,2026-05-03 19:10:55,2026-05-05 16:45:00,Mattawa,0,
Rock Island Tailrace STH,3,G72AA448E,2026-05-03 19:10:55,2026-05-05 16:45:00,Priest BRZ,0,
Rock Island Tailrace STH,3,G72AA448E,2026-05-03 19:10:55,2026-05-05 16:45:00,Lower Ringold,0,
Rock Island Tailrace STH,3,G72AA448E,2026-05-03 19:10:55,2026-05-05 16:45:00,Hanford,0,
Rock Island Tailrace STH,3,G72AA7430,2026-05-09 17:47:35,2026-05-11 15:52:00,Crescent Bar,1,2026-05-12 05:02:19
Rock Island Tailrace STH,3,G72AA7430,2026-05-09 17:47:35,2026-05-11 15:52:00,Sunland,1,2026-05-12 13:49:23
Rock Island Tailrace STH,3,G72AA7430,2026-05-09 17:47:35,2026-05-11 15:52:00,Wanapum BRZ,1,2026-05-13 13:07:31
Rock Island Tailrace STH,3,G72AA7430,2026-05-09 17:47:35,2026-05-11 15:52:00,Mattawa,1,2026-05-13 18:46:30
Rock Island Tailrace STH,3,G72AA7430,2026-05-09 17:47:35,2026-05-11 15:52:00,Priest BRZ,0,
Rock Island Tailrace STH,3,G72AA7430,2026-05-09 17:47:35,2026-05-11 15:52:00,Lower Ringold,0,
Rock Island Tailrace STH,3,G72AA7430,2026-05-09 17:47:35,2026-05-11 15:52:00,Hanford,0,
Rock Island Tailrace STH,1,G72AB2693,2026-05-07 17:48:12,2026-05-09 15:47:00,Crescent Bar,1,2026-05-09 21:59:47
Rock Island Tailrace STH,1,G72AB2693,2026-05-07 17:48:12,2026-05-09 15:47:00,Sunland,1,2026-05-10 03:49:05
Rock Island Tailrace STH,1,G72AB2693,2026-05-07 17:48:12,2026-05-09 15:47:00,Wanapum BRZ,1,2026-05-11 11:25:43
Rock Island Tailrace STH,1,G72AB2693,2026-05-07 17:48:12,2026-05-09 15:47:00,Mattawa,1,2026-05-11 13:57:12
Rock Island Tailrace STH,1,G72AB2693,2026-05-07 17:48:12,2026-05-09 15:47:00,Priest BRZ,1,2026-05-12 09:38:20
Rock Island Tailrace STH,1,G72AB2693,2026-05-07 17:48:12,2026-05-09 15:47:00,Lower Ringold,1,2026-05-12 21:48:29
Rock Island Tailrace STH,1,G72AB2693,2026-05-07 17:48:12,2026-05-09 15:47:00,Hanford,1,2026-05-13 00:50:06
Rock Island Tailrace STH,1,G72AB2DB3,2026-05-06 18:26:24,2026-05-09 15:47:00,Crescent Bar,1,2026-05-09 21:28:05
Rock Island Tailrace STH,1,G72AB2DB3,2026-05-06 18:26:24,2026-05-09 15:47:00,Sunland,1,2026-05-10 04:42:58
Rock Island Tailrace STH,1,G72AB2DB3,2026-05-06 18:26:24,2026-05-09 15:47:00,Wanapum BRZ,0,
Rock Island Tailrace STH,1,G72AB2DB3,2026-05-06 18:26:24,2026-05-09 15:47:00,Mattawa,0,
Rock Island Tailrace STH,1,G72AB2DB3,2026-05-06 18:26:24,2026-05-09 15:47:00,Priest BRZ,0,
Rock Island Tailrace STH,1,G72AB2DB3,2026-05-06 18:26:24,2026-05-09 15:47:00,Lower Ringold,0,
Rock Island Tailrace STH,1,G72AB2DB3,2026-05-06 18:26:24,2026-05-09 15:47:00,Hanford,0,
Rock Island Tailrace STH,1,G72AB6156,2026-05-08 20:19:57,2026-05-10 15:37:00,Crescent Bar,1,2026-05-10 22:39:21
Rock Island Tailrace STH,1,G72AB6156,2026-05-08 20:19:57,2026-05-10 15:37:00,Sunland,1,2026-05-11 09:33:52
Rock Island Tailrace STH,1,G72AB6156,2026-05-08 20:19:57,2026-05-10 15:37:00,Wanapum BRZ,1,2026-05-12 07:13:29
Rock Island Tailrace STH,1,G72AB6156,2026-05-08 20:19:57,2026-05-10 15:37:00,Mattawa,0,
Rock Island Tailrace STH,1,G72AB6156,2026-05-08 20:19:57,2026-05-10 15:37:00,Priest BRZ,0,
Rock Island Tailrace STH,1,G72AB6156,2026-05-08 20:19:57,2026-05-10 15:37:00,Lower Ringold,0,
Rock Island Tailrace STH,1,G72AB6156,2026-05-08 20:19:57,2026-05-10 15:37:00,Hanford,0,
Rock Island Tailrace STH,1,G72ABD9A6,2026-05-04 18:36:31,2026-05-06 16:04:00,Crescent Bar,1,2026-05-06 23:01:45
Rock Island Tailrace STH,1,G72ABD9A6,2026-05-04 18:36:31,2026-05-06 16:04:00,Sunland,1,2026-05-07 09:45:31
Rock Island Tailrace STH,1,G72ABD9A6,2026-05-04 18:36:31,2026-05-06 16:04:00,Wanapum BRZ,1,2026-05-08 16:57:53
Rock Island Tailrace STH,1,G72ABD9A6,2026-05-04 18:36:31,2026-05-06 16:04:00,Mattawa,1,2026-05-09 19:12:14
Rock Island Tailrace STH,1,G72ABD9A6,2026-05-04 18:36:31,2026-05-06 16:04:00,Priest BRZ,1,2026-05-10 07:59:14
Rock Island Tailrace STH,1,G72ABD9A6,2026-05-04 18:36:31,2026-05-06 16:04:00,Lower Ringold,1,2026-05-10 19:14:34
Rock Island Tailrace STH,1,G72ABD9A6,2026-05-04 18:36:31,2026-05-06 16:04:00,Hanford,1,2026-05-10 21:57:22
Rock Island Tailrace STH,1,G72ACB6EC,2026-05-04 18:24:33,2026-05-06 16:04:00,Crescent Bar,1,2026-05-07 00:13:58
Rock Island Tailrace STH,1,G72ACB6EC,2026-05-04 18:24:33,2026-05-06 16:04:00,Sunland,1,2026-05-07 17:07:13
Rock Island Tailrace STH,1,G72ACB6EC,2026-05-04 18:24:33,2026-05-06 16:04:00,Wanapum BRZ,1,2026-05-09 03:57:02
Rock Island Tailrace STH,1,G72ACB6EC,2026-05-04 18:24:33,2026-05-06 16:04:00,Mattawa,1,2026-05-09 06:46:00
Rock Island Tailrace STH,1,G72ACB6EC,2026-05-04 18:24:33,2026-05-06 16:04:00,Priest BRZ,1,2026-05-10 00:55:11
Rock Island Tailrace STH,1,G72ACB6EC,2026-05-04 18:24:33,2026-05-06 16:04:00,Lower Ringold,0,
Rock Island Tailrace STH,1,G72ACB6EC,2026-05-04 18:24:33,2026-05-06 16:04:00,Hanford,0,
Rock Island Tailrace STH,1,G72AD0744,2026-05-05 17:15:21,2026-05-07 15:46:00,Crescent Bar,1,2026-05-08 01:51:20
Rock Island Tailrace STH,1,G72AD0744,2026-05-05 17:15:21,2026-05-07 15:46:00,Sunland,1,2026-05-08 13:14:06
Rock Island Tailrace STH,1,G72AD0744,2026-05-05 17:15:21,2026-05-07 15:46:00,Wanapum BRZ,1,2026-05-09 15:35:33
Rock Island Tailrace STH,1,G72AD0744,2026-05-05 17:15:21,2026-05-07 15:46:00,Mattawa,1,2026-05-09 20:04:17
Rock Island Tailrace STH,1,G72AD0744,2026-05-05 17:15:21,2026-05-07 15:46:00,Priest BRZ,1,2026-05-10 05:53:26
Rock Island Tailrace STH,1,G72AD0744,2026-05-05 17:15:21,2026-05-07 15:46:00,Lower Ringold,0,
Rock Island Tailrace STH,1,G72AD0744,2026-05-05 17:15:21,2026-05-07 15:46:00,Hanford,0,
Rock Island Tailrace STH,1,G72AD1E45,2026-05-04 18:19:30,2026-05-06 16:04:00,Crescent Bar,1,2026-05-07 01:15:13
Rock Island Tailrace STH,1,G72AD1E45,2026-05-04 18:19:30,2026-05-06 16:04:00,Sunland,1,2026-05-07 12:10:23
Rock Island Tailrace STH,1,G72AD1E45,2026-05-04 18:19:30,2026-05-06 16:04:00,Wanapum BRZ,0,
Rock Island Tailrace STH,1,G72AD1E45,2026-05-04 18:19:30,2026-05-06 16:04:00,Mattawa,0,
Rock Island Tailrace STH,1,G72AD1E45,2026-05-04 18:19:30,2026-05-06 16:04:00,Priest BRZ,0,
Rock Island Tailrace STH,1,G72AD1E45,2026-05-04 18:19:30,2026-05-06 16:04:00,Lower Ringold,0,
Rock Island Tailrace STH,1,G72AD1E45,2026-05-04 18:19:30,2026-05-06 16:04:00,Hanford,0,
Rock Island Tailrace STH,1,G72AFD2BD,2026-05-03 19:35:47,2026-05-05 16:45:00,Crescent Bar,1,2026-05-05 23:58:44
Rock Island Tailrace STH,1,G72AFD2BD,2026-05-03 19:35:47,2026-05-05 16:45:00,Sunland,1,2026-05-06 10:24:18
Rock Island Tailrace STH,1,G72AFD2BD,2026-05-03 19:35:47,2026-05-05 16:45:00,Wanapum BRZ,1,2026-05-07 15:52:02
Rock Island Tailrace STH,1,G72AFD2BD,2026-05-03 19:35:47,2026-05-05 16:45:00,Mattawa,0,
Rock Island Tailrace STH,1,G72AFD2BD,2026-05-03 19:35:47,2026-05-05 16:45:00,Priest BRZ,0,
Rock Island Tailrace STH,1,G72AFD2BD,2026-05-03 19:35:47,2026-05-05 16:45:00,Lower Ringold,0,
Rock Island Tailrace STH,1,G72AFD2BD,2026-05-03 19:35:47,2026-05-05 16:45:00,Hanford,0,
Rock Island Tailrace STH,2,G72B48DE8,2026-05-05 17:55:50,2026-05-07 15:46:00,Crescent Bar,1,2026-05-08 02:26:37
Rock Island Tailrace STH,2,G72B48DE8,2026-05-05 17:55:50,2026-05-07 15:46:00,Sunland,1,2026-05-08 13:48:45
Rock Island Tailrace STH,2,G72B48DE8,2026-05-05 17:55:50,2026-05-07 15:46:00,Wanapum BRZ,1,2026-05-09 12:50:35
Rock Island Tailrace STH,2,G72B48DE8,2026-05-05 17:55:50,2026-05-07 15:46:00,Mattawa,1,2026-05-09 20:04:04
Rock Island Tailrace STH,2,G72B48DE8,2026-05-05 17:55:50,2026-05-07 15:46:00,Priest BRZ,1,2026-05-10 09:42:09
Rock Island Tailrace STH,2,G72B48DE8,2026-05-05 17:55:50,2026-05-07 15:46:00,Lower Ringold,1,2026-05-11 05:12:07
Rock Island Tailrace STH,2,G72B48DE8,2026-05-05 17:55:50,2026-05-07 15:46:00,Hanford,1,2026-05-11 08:15:32
Rock Island Tailrace STH,3,G72B8E45C,2026-05-08 20:16:36,2026-05-10 15:37:00,Crescent Bar,1,2026-05-10 23:31:13
Rock Island Tailrace STH,3,G72B8E45C,2026-05-08 20:16:36,2026-05-10 15:37:00,Sunland,1,2026-05-11 09:17:43
Rock Island Tailrace STH,3,G72B8E45C,2026-05-08 20:16:36,2026-05-10 15:37:00,Wanapum BRZ,0,
Rock Island Tailrace STH,3,G72B8E45C,2026-05-08 20:16:36,2026-05-10 15:37:00,Mattawa,0,
Rock Island Tailrace STH,3,G72B8E45C,2026-05-08 20:16:36,2026-05-10 15:37:00,Priest BRZ,0,
Rock Island Tailrace STH,3,G72B8E45C,2026-05-08 20:16:36,2026-05-10 15:37:00,Lower Ringold,0,
Rock Island Tailrace STH,3,G72B8E45C,2026-05-08 20:16:36,2026-05-10 15:37:00,Hanford,0,
Rock Island Tailrace STH,3,G72B9D119,2026-05-07 17:50:43,2026-05-09 15:47:00,Crescent Bar,1,2026-05-09 20:43:16
Rock Island Tailrace STH,3,G72B9D119,2026-05-07 17:50:43,2026-05-09 15:47:00,Sunland,1,2026-05-10 06:27:30
Rock Island Tailrace STH,3,G72B9D119,2026-05-07 17:50:43,2026-05-09 15:47:00,Wanapum BRZ,1,2026-05-11 19:14:53
Rock Island Tailrace STH,3,G72B9D119,2026-05-07 17:50:43,2026-05-09 15:47:00,Mattawa,1,2026-05-11 22:33:49
Rock Island Tailrace STH,3,G72B9D119,2026-05-07 17:50:43,2026-05-09 15:47:00,Priest BRZ,1,2026-05-12 08:48:37
Rock Island Tailrace STH,3,G72B9D119,2026-05-07 17:50:43,2026-05-09 15:47:00,Lower Ringold,1,2026-05-13 00:55:03
Rock Island Tailrace STH,3,G72B9D119,2026-05-07 17:50:43,2026-05-09 15:47:00,Hanford,1,2026-05-13 03:36:34
Rock Island Tailrace STH,3,G72BAA256,2026-05-08 20:29:46,2026-05-10 15:37:00,Crescent Bar,1,2026-05-10 23:37:20
Rock Island Tailrace STH,3,G72BAA256,2026-05-08 20:29:46,2026-05-10 15:37:00,Sunland,1,2026-05-11 11:02:35
Rock Island Tailrace STH,3,G72BAA256,2026-05-08 20:29:46,2026-05-10 15:37:00,Wanapum BRZ,1,2026-05-12 06:17:47
Rock Island Tailrace STH,3,G72BAA256,2026-05-08 20:29:46,2026-05-10 15:37:00,Mattawa,1,2026-05-12 10:31:51
Rock Island Tailrace STH,3,G72BAA256,2026-05-08 20:29:46,2026-05-10 15:37:00,Priest BRZ,1,2026-05-12 23:08:43
Rock Island Tailrace STH,3,G72BAA256,2026-05-08 20:29:46,2026-05-10 15:37:00,Lower Ringold,0,
Rock Island Tailrace STH,3,G72BAA256,2026-05-08 20:29:46,2026-05-10 15:37:00,Hanford,0,
Rock Island Tailrace STH,3,G72BC40A9,2026-05-05 17:52:08,2026-05-07 15:46:00,Crescent Bar,1,2026-05-08 05:24:29
Rock Island Tailrace STH,3,G72BC40A9,2026-05-05 17:52:08,2026-05-07 15:46:00,Sunland,1,2026-05-08 18:40:39
Rock Island Tailrace STH,3,G72BC40A9,2026-05-05 17:52:08,2026-05-07 15:46:00,Wanapum BRZ,1,2026-05-09 20:43:51
Rock Island Tailrace STH,3,G72BC40A9,2026-05-05 17:52:08,2026-05-07 15:46:00,Mattawa,1,2026-05-10 07:09:23
Rock Island Tailrace STH,3,G72BC40A9,2026-05-05 17:52:08,2026-05-07 15:46:00,Priest BRZ,0,
Rock Island Tailrace STH,3,G72BC40A9,2026-05-05 17:52:08,2026-05-07 15:46:00,Lower Ringold,0,
Rock Island Tailrace STH,3,G72BC40A9,2026-05-05 17:52:08,2026-05-07 15:46:00,Hanford,0,
Rock Island Tailrace STH,3,G72BCBAA3,2026-05-08 20:11:09,2026-05-10 15:37:00,Crescent Bar,1,2026-05-12 01:27:25
Rock Island Tailrace STH,3,G72BCBAA3,2026-05-08 20:11:09,2026-05-10 15:37:00,Sunland,1,2026-05-12 12:27:29
Rock Island Tailrace STH,3,G72BCBAA3,2026-05-08 20:11:09,2026-05-10 15:37:00,Wanapum BRZ,1,2026-05-13 18:56:02
Rock Island Tailrace STH,3,G72BCBAA3,2026-05-08 20:11:09,2026-05-10 15:37:00,Mattawa,1,2026-05-14 12:50:20
Rock Island Tailrace STH,3,G72BCBAA3,2026-05-08 20:11:09,2026-05-10 15:37:00,Priest BRZ,0,
Rock Island Tailrace STH,3,G72BCBAA3,2026-05-08 20:11:09,2026-05-10 15:37:00,Lower Ringold,0,
Rock Island Tailrace STH,3,G72BCBAA3,2026-05-08 20:11:09,2026-05-10 15:37:00,Hanford,0,
Rock Island Tailrace STH,3,G72BD4B4D,2026-05-06 18:42:36,2026-05-09 15:47:00,Crescent Bar,1,2026-05-09 21:12:49
Rock Island Tailrace STH,3,G72BD4B4D,2026-05-06 18:42:36,2026-05-09 15:47:00,Sunland,1,2026-05-10 06:13:52
Rock Island Tailrace STH,3,G72BD4B4D,2026-05-06 18:42:36,2026-05-09 15:47:00,Wanapum BRZ,1,2026-05-11 02:49:35
Rock Island Tailrace STH,3,G72BD4B4D,2026-05-06 18:42:36,2026-05-09 15:47:00,Mattawa,1,2026-05-11 06:23:04
Rock Island Tailrace STH,3,G72BD4B4D,2026-05-06 18:42:36,2026-05-09 15:47:00,Priest BRZ,1,2026-05-11 19:00:10
Rock Island Tailrace STH,3,G72BD4B4D,2026-05-06 18:42:36,2026-05-09 15:47:00,Lower Ringold,1,2026-05-12 13:24:39
Rock Island Tailrace STH,3,G72BD4B4D,2026-05-06 18:42:36,2026-05-09 15:47:00,Hanford,1,2026-05-12 16:39:13
Rock Island Tailrace STH,3,G72BD5BD0,2026-05-06 18:37:38,2026-05-09 15:47:00,Crescent Bar,1,2026-05-09 23:23:07
Rock Island Tailrace STH,3,G72BD5BD0,2026-05-06 18:37:38,2026-05-09 15:47:00,Sunland,1,2026-05-10 08:47:50
Rock Island Tailrace STH,3,G72BD5BD0,2026-05-06 18:37:38,2026-05-09 15:47:00,Wanapum BRZ,1,2026-05-11 14:51:45
Rock Island Tailrace STH,3,G72BD5BD0,2026-05-06 18:37:38,2026-05-09 15:47:00,Mattawa,1,2026-05-11 21:05:22
Rock Island Tailrace STH,3,G72BD5BD0,2026-05-06 18:37:38,2026-05-09 15:47:00,Priest BRZ,1,2026-05-12 08:30:26
Rock Island Tailrace STH,3,G72BD5BD0,2026-05-06 18:37:38,2026-05-09 15:47:00,Lower Ringold,1,2026-05-12 20:28:20
Rock Island Tailrace STH,3,G72BD5BD0,2026-05-06 18:37:38,2026-05-09 15:47:00,Hanford,1,2026-05-12 23:09:07
Rock Island Tailrace STH,3,G72BE205D,2026-05-10 17:20:06,2026-05-12 15:36:00,Crescent Bar,1,2026-05-13 03:45:22
Rock Island Tailrace STH,3,G72BE205D,2026-05-10 17:20:06,2026-05-12 15:36:00,Sunland,1,2026-05-13 16:05:03
Rock Island Tailrace STH,3,G72BE205D,2026-05-10 17:20:06,2026-05-12 15:36:00,Wanapum BRZ,1,2026-05-14 13:22:08
Rock Island Tailrace STH,3,G72BE205D,2026-05-10 17:20:06,2026-05-12 15:36:00,Mattawa,1,2026-05-16 07:04:16
Rock Island Tailrace STH,3,G72BE205D,2026-05-10 17:20:06,2026-05-12 15:36:00,Priest BRZ,0,
Rock Island Tailrace STH,3,G72BE205D,2026-05-10 17:20:06,2026-05-12 15:36:00,Lower Ringold,0,
Rock Island Tailrace STH,3,G72BE205D,2026-05-10 17:20:06,2026-05-12 15:36:00,Hanford,0,
Rock Island Tailrace STH,1,G72C01D74,2026-05-07 17:45:34,2026-05-09 15:47:00,Crescent Bar,1,2026-05-10 00:19:46
Rock Island Tailrace STH,1,G72C01D74,2026-05-07 17:45:34,2026-05-09 15:47:00,Sunland,1,2026-05-10 08:25:44
Rock Island Tailrace STH,1,G72C01D74,2026-05-07 17:45:34,2026-05-09 15:47:00,Wanapum BRZ,0,
Rock Island Tailrace STH,1,G72C01D74,2026-05-07 17:45:34,2026-05-09 15:47:00,Mattawa,0,
Rock Island Tailrace STH,1,G72C01D74,2026-05-07 17:45:34,2026-05-09 15:47:00,Priest BRZ,0,
Rock Island Tailrace STH,1,G72C01D74,2026-05-07 17:45:34,2026-05-09 15:47:00,Lower Ringold,0,
Rock Island Tailrace STH,1,G72C01D74,2026-05-07 17:45:34,2026-05-09 15:47:00,Hanford,0,
Rock Island Tailrace STH,2,G72C07C4F,2026-05-10 17:22:17,2026-05-12 15:36:00,Crescent Bar,1,2026-05-12 22:37:52
Rock Island Tailrace STH,2,G72C07C4F,2026-05-10 17:22:17,2026-05-12 15:36:00,Sunland,1,2026-05-13 10:52:48
Rock Island Tailrace STH,2,G72C07C4F,2026-05-10 17:22:17,2026-05-12 15:36:00,Wanapum BRZ,0,
Rock Island Tailrace STH,2,G72C07C4F,2026-05-10 17:22:17,2026-05-12 15:36:00,Mattawa,0,
Rock Island Tailrace STH,2,G72C07C4F,2026-05-10 17:22:17,2026-05-12 15:36:00,Priest BRZ,0,
Rock Island Tailrace STH,2,G72C07C4F,2026-05-10 17:22:17,2026-05-12 15:36:00,Lower Ringold,0,
Rock Island Tailrace STH,2,G72C07C4F,2026-05-10 17:22:17,2026-05-12 15:36:00,Hanford,0,
Rock Island Tailrace STH,2,G72C0C180,2026-05-04 18:44:03,2026-05-06 16:04:00,Crescent Bar,1,2026-05-07 00:28:28
Rock Island Tailrace STH,2,G72C0C180,2026-05-04 18:44:03,2026-05-06 16:04:00,Sunland,1,2026-05-07 12:27:13
Rock Island Tailrace STH,2,G72C0C180,2026-05-04 18:44:03,2026-05-06 16:04:00,Wanapum BRZ,1,2026-05-09 06:17:55
Rock Island Tailrace STH,2,G72C0C180,2026-05-04 18:44:03,2026-05-06 16:04:00,Mattawa,1,2026-05-09 14:01:33
Rock Island Tailrace STH,2,G72C0C180,2026-05-04 18:44:03,2026-05-06 16:04:00,Priest BRZ,1,2026-05-10 09:15:50
Rock Island Tailrace STH,2,G72C0C180,2026-05-04 18:44:03,2026-05-06 16:04:00,Lower Ringold,1,2026-05-12 00:52:14
Rock Island Tailrace STH,2,G72C0C180,2026-05-04 18:44:03,2026-05-06 16:04:00,Hanford,1,2026-05-12 03:39:45
Rock Island Tailrace STH,1,G72C22599,2026-05-04 18:29:02,2026-05-06 16:04:00,Crescent Bar,1,2026-05-07 00:42:56
Rock Island Tailrace STH,1,G72C22599,2026-05-04 18:29:02,2026-05-06 16:04:00,Sunland,1,2026-05-07 16:50:49
Rock Island Tailrace STH,1,G72C22599,2026-05-04 18:29:02,2026-05-06 16:04:00,Wanapum BRZ,1,2026-05-09 12:58:06
Rock Island Tailrace STH,1,G72C22599,2026-05-04 18:29:02,2026-05-06 16:04:00,Mattawa,1,2026-05-10 08:32:41
Rock Island Tailrace STH,1,G72C22599,2026-05-04 18:29:02,2026-05-06 16:04:00,Priest BRZ,1,2026-05-12 08:50:02
Rock Island Tailrace STH,1,G72C22599,2026-05-04 18:29:02,2026-05-06 16:04:00,Lower Ringold,0,
Rock Island Tailrace STH,1,G72C22599,2026-05-04 18:29:02,2026-05-06 16:04:00,Hanford,0,
Rock Island Tailrace STH,1,G72C26C43,2026-05-03 19:25:22,2026-05-05 16:45:00,Crescent Bar,1,2026-05-06 01:21:37
Rock Island Tailrace STH,1,G72C26C43,2026-05-03 19:25:22,2026-05-05 16:45:00,Sunland,1,2026-05-06 09:01:00
Rock Island Tailrace STH,1,G72C26C43,2026-05-03 19:25:22,2026-05-05 16:45:00,Wanapum BRZ,1,2026-05-07 18:55:29
Rock Island Tailrace STH,1,G72C26C43,2026-05-03 19:25:22,2026-05-05 16:45:00,Mattawa,1,2026-05-08 02:21:55
Rock Island Tailrace STH,1,G72C26C43,2026-05-03 19:25:22,2026-05-05 16:45:00,Priest BRZ,1,2026-05-08 10:23:41
Rock Island Tailrace STH,1,G72C26C43,2026-05-03 19:25:22,2026-05-05 16:45:00,Lower Ringold,1,2026-05-08 22:22:41
Rock Island Tailrace STH,1,G72C26C43,2026-05-03 19:25:22,2026-05-05 16:45:00,Hanford,1,2026-05-09 02:12:07
Rock Island Tailrace STH,2,G72C322DE,2026-05-04 18:34:27,2026-05-06 16:04:00,Crescent Bar,1,2026-05-07 01:32:07
Rock Island Tailrace STH,2,G72C322DE,2026-05-04 18:34:27,2026-05-06 16:04:00,Sunland,1,2026-05-07 15:53:16
Rock Island Tailrace STH,2,G72C322DE,2026-05-04 18:34:27,2026-05-06 16:04:00,Wanapum BRZ,1,2026-05-08 03:53:07
Rock Island Tailrace STH,2,G72C322DE,2026-05-04 18:34:27,2026-05-06 16:04:00,Mattawa,1,2026-05-08 07:53:07
Rock Island Tailrace STH,2,G72C322DE,2026-05-04 18:34:27,2026-05-06 16:04:00,Priest BRZ,1,2026-05-08 19:18:45
Rock Island Tailrace STH,2,G72C322DE,2026-05-04 18:34:27,2026-05-06 16:04:00,Lower Ringold,1,2026-05-09 15:52:29
Rock Island Tailrace STH,2,G72C322DE,2026-05-04 18:34:27,2026-05-06 16:04:00,Hanford,1,2026-05-09 19:35:30
Rock Island Tailrace STH,1,G72C41350,2026-05-05 17:30:19,2026-05-07 15:46:00,Crescent Bar,1,2026-05-07 23:10:48
Rock Island Tailrace STH,1,G72C41350,2026-05-05 17:30:19,2026-05-07 15:46:00,Sunland,1,2026-05-08 09:01:55
Rock Island Tailrace STH,1,G72C41350,2026-05-05 17:30:19,2026-05-07 15:46:00,Wanapum BRZ,1,2026-05-09 17:48:42
Rock Island Tailrace STH,1,G72C41350,2026-05-05 17:30:19,2026-05-07 15:46:00,Mattawa,1,2026-05-10 08:25:18
Rock Island Tailrace STH,1,G72C41350,2026-05-05 17:30:19,2026-05-07 15:46:00,Priest BRZ,1,2026-05-11 08:04:54
Rock Island Tailrace STH,1,G72C41350,2026-05-05 17:30:19,2026-05-07 15:46:00,Lower Ringold,1,2026-05-11 19:11:50
Rock Island Tailrace STH,1,G72C41350,2026-05-05 17:30:19,2026-05-07 15:46:00,Hanford,1,2026-05-12 04:54:53
Rock Island Tailrace STH,2,G72C49160,2026-05-09 18:14:07,2026-05-11 15:52:00,Crescent Bar,1,2026-05-12 01:02:09
Rock Island Tailrace STH,2,G72C49160,2026-05-09 18:14:07,2026-05-11 15:52:00,Sunland,1,2026-05-12 11:29:42
Rock Island Tailrace STH,2,G72C49160,2026-05-09 18:14:07,2026-05-11 15:52:00,Wanapum BRZ,1,2026-05-14 12:39:06
Rock Island Tailrace STH,2,G72C49160,2026-05-09 18:14:07,2026-05-11 15:52:00,Mattawa,1,2026-05-14 18:16:23
Rock Island Tailrace STH,2,G72C49160,2026-05-09 18:14:07,2026-05-11 15:52:00,Priest BRZ,1,2026-05-15 23:46:14
Rock Island Tailrace STH,2,G72C49160,2026-05-09 18:14:07,2026-05-11 15:52:00,Lower Ringold,0,
Rock Island Tailrace STH,2,G72C49160,2026-05-09 18:14:07,2026-05-11 15:52:00,Hanford,0,
Rock Island Tailrace STH,1,G72C4D39A,2026-05-09 17:56:12,2026-05-11 15:52:00,Crescent Bar,1,2026-05-11 23:52:04
Rock Island Tailrace STH,1,G72C4D39A,2026-05-09 17:56:12,2026-05-11 15:52:00,Sunland,1,2026-05-12 10:21:11
Rock Island Tailrace STH,1,G72C4D39A,2026-05-09 17:56:12,2026-05-11 15:52:00,Wanapum BRZ,1,2026-05-15 14:28:52
Rock Island Tailrace STH,1,G72C4D39A,2026-05-09 17:56:12,2026-05-11 15:52:00,Mattawa,1,2026-05-17 12:41:09
Rock Island Tailrace STH,1,G72C4D39A,2026-05-09 17:56:12,2026-05-11 15:52:00,Priest BRZ,1,2026-05-18 03:41:37
Rock Island Tailrace STH,1,G72C4D39A,2026-05-09 17:56:12,2026-05-11 15:52:00,Lower Ringold,1,2026-05-18 15:36:02
Rock Island Tailrace STH,1,G72C4D39A,2026-05-09 17:56:12,2026-05-11 15:52:00,Hanford,1,2026-05-18 18:18:27
Rock Island Tailrace STH,2,G72C4E27A,2026-05-07 17:48:58,2026-05-09 15:47:00,Crescent Bar,1,2026-05-09 21:14:35
Rock Island Tailrace STH,2,G72C4E27A,2026-05-07 17:48:58,2026-05-09 15:47:00,Sunland,1,2026-05-10 04:35:38
Rock Island Tailrace STH,2,G72C4E27A,2026-05-07 17:48:58,2026-05-09 15:47:00,Wanapum BRZ,1,2026-05-11 19:49:56
Rock Island Tailrace STH,2,G72C4E27A,2026-05-07 17:48:58,2026-05-09 15:47:00,Mattawa,1,2026-05-12 07:47:42
Rock Island Tailrace STH,2,G72C4E27A,2026-05-07 17:48:58,2026-05-09 15:47:00,Priest BRZ,1,2026-05-12 18:08:36
Rock Island Tailrace STH,2,G72C4E27A,2026-05-07 17:48:58,2026-05-09 15:47:00,Lower Ringold,1,2026-05-13 05:50:39
Rock Island Tailrace STH,2,G72C4E27A,2026-05-07 17:48:58,2026-05-09 15:47:00,Hanford,1,2026-05-13 08:44:41
Rock Island Tailrace STH,3,G72C557B3,2026-05-05 17:27:16,2026-05-07 15:46:00,Crescent Bar,1,2026-05-07 20:53:18
Rock Island Tailrace STH,3,G72C557B3,2026-05-05 17:27:16,2026-05-07 15:46:00,Sunland,1,2026-05-08 10:49:32
Rock Island Tailrace STH,3,G72C557B3,2026-05-05 17:27:16,2026-05-07 15:46:00,Wanapum BRZ,1,2026-05-09 14:17:15
Rock Island Tailrace STH,3,G72C557B3,2026-05-05 17:27:16,2026-05-07 15:46:00,Mattawa,1,2026-05-10 09:17:12
Rock Island Tailrace STH,3,G72C557B3,2026-05-05 17:27:16,2026-05-07 15:46:00,Priest BRZ,1,2026-05-10 21:39:46
Rock Island Tailrace STH,3,G72C557B3,2026-05-05 17:27:16,2026-05-07 15:46:00,Lower Ringold,1,2026-05-12 21:46:33
Rock Island Tailrace STH,3,G72C557B3,2026-05-05 17:27:16,2026-05-07 15:46:00,Hanford,1,2026-05-13 00:16:31
Rock Island Tailrace STH,3,G72C57472,2026-05-07 17:49:50,2026-05-09 15:47:00,Crescent Bar,1,2026-05-10 03:54:04
Rock Island Tailrace STH,3,G72C57472,2026-05-07 17:49:50,2026-05-09 15:47:00,Sunland,1,2026-05-10 14:07:26
Rock Island Tailrace STH,3,G72C57472,2026-05-07 17:49:50,2026-05-09 15:47:00,Wanapum BRZ,1,2026-05-12 00:02:41
Rock Island Tailrace STH,3,G72C57472,2026-05-07 17:49:50,2026-05-09 15:47:00,Mattawa,1,2026-05-13 22:29:08
Rock Island Tailrace STH,3,G72C57472,2026-05-07 17:49:50,2026-05-09 15:47:00,Priest BRZ,1,2026-05-15 01:12:37
Rock Island Tailrace STH,3,G72C57472,2026-05-07 17:49:50,2026-05-09 15:47:00,Lower Ringold,1,2026-05-16 12:34:12
Rock Island Tailrace STH,3,G72C57472,2026-05-07 17:49:50,2026-05-09 15:47:00,Hanford,1,2026-05-16 15:39:48
Rock Island Tailrace STH,1,G72C6FD37,2026-05-06 18:44:22,2026-05-09 15:47:00,Crescent Bar,1,2026-05-09 21:54:03
Rock Island Tailrace STH,1,G72C6FD37,2026-05-06 18:44:22,2026-05-09 15:47:00,Sunland,1,2026-05-10 04:46:51
Rock Island Tailrace STH,1,G72C6FD37,2026-05-06 18:44:22,2026-05-09 15:47:00,Wanapum BRZ,1,2026-05-11 12:40:05
Rock Island Tailrace STH,1,G72C6FD37,2026-05-06 18:44:22,2026-05-09 15:47:00,Mattawa,1,2026-05-11 15:49:24
Rock Island Tailrace STH,1,G72C6FD37,2026-05-06 18:44:22,2026-05-09 15:47:00,Priest BRZ,1,2026-05-12 01:05:29
Rock Island Tailrace STH,1,G72C6FD37,2026-05-06 18:44:22,2026-05-09 15:47:00,Lower Ringold,1,2026-05-14 04:23:02
Rock Island Tailrace STH,1,G72C6FD37,2026-05-06 18:44:22,2026-05-09 15:47:00,Hanford,1,2026-05-14 15:37:32
Rock Island Tailrace STH,1,G72C89CD0,2026-05-04 18:33:21,2026-05-06 16:04:00,Crescent Bar,1,2026-05-06 22:30:19
Rock Island Tailrace STH,1,G72C89CD0,2026-05-04 18:33:21,2026-05-06 16:04:00,Sunland,1,2026-05-07 13:51:42
Rock Island Tailrace STH,1,G72C89CD0,2026-05-04 18:33:21,2026-05-06 16:04:00,Wanapum BRZ,1,2026-05-08 18:49:50
Rock Island Tailrace STH,1,G72C89CD0,2026-05-04 18:33:21,2026-05-06 16:04:00,Mattawa,1,2026-05-09 08:04:37
Rock Island Tailrace STH,1,G72C89CD0,2026-05-04 18:33:21,2026-05-06 16:04:00,Priest BRZ,1,2026-05-10 07:20:28
Rock Island Tailrace STH,1,G72C89CD0,2026-05-04 18:33:21,2026-05-06 16:04:00,Lower Ringold,1,2026-05-10 17:51:44
Rock Island Tailrace STH,1,G72C89CD0,2026-05-04 18:33:21,2026-05-06 16:04:00,Hanford,1,2026-05-10 20:46:14
Rock Island Tailrace STH,1,G72C8A610,2026-05-08 20:10:08,2026-05-10 15:37:00,Crescent Bar,1,2026-05-11 08:47:32
Rock Island Tailrace STH,1,G72C8A610,2026-05-08 20:10:08,2026-05-10 15:37:00,Sunland,1,2026-05-11 17:23:52
Rock Island Tailrace STH,1,G72C8A610,2026-05-08 20:10:08,2026-05-10 15:37:00,Wanapum BRZ,1,2026-05-12 18:01:32
Rock Island Tailrace STH,1,G72C8A610,2026-05-08 20:10:08,2026-05-10 15:37:00,Mattawa,1,2026-05-13 06:14:27
Rock Island Tailrace STH,1,G72C8A610,2026-05-08 20:10:08,2026-05-10 15:37:00,Priest BRZ,1,2026-05-14 11:57:04
Rock Island Tailrace STH,1,G72C8A610,2026-05-08 20:10:08,2026-05-10 15:37:00,Lower Ringold,1,2026-05-14 23:13:57
Rock Island Tailrace STH,1,G72C8A610,2026-05-08 20:10:08,2026-05-10 15:37:00,Hanford,1,2026-05-15 01:59:23
Rock Island Tailrace STH,1,G72C8C214,2026-05-06 18:19:28,2026-05-09 15:47:00,Crescent Bar,1,2026-05-09 23:24:16
Rock Island Tailrace STH,1,G72C8C214,2026-05-06 18:19:28,2026-05-09 15:47:00,Sunland,1,2026-05-10 13:09:38
Rock Island Tailrace STH,1,G72C8C214,2026-05-06 18:19:28,2026-05-09 15:47:00,Wanapum BRZ,1,2026-05-13 02:56:40
Rock Island Tailrace STH,1,G72C8C214,2026-05-06 18:19:28,2026-05-09 15:47:00,Mattawa,1,2026-05-14 05:49:53
Rock Island Tailrace STH,1,G72C8C214,2026-05-06 18:19:28,2026-05-09 15:47:00,Priest BRZ,1,2026-05-14 20:42:45
Rock Island Tailrace STH,1,G72C8C214,2026-05-06 18:19:28,2026-05-09 15:47:00,Lower Ringold,1,2026-05-15 07:35:11
Rock Island Tailrace STH,1,G72C8C214,2026-05-06 18:19:28,2026-05-09 15:47:00,Hanford,1,2026-05-15 10:35:05
Rock Island Tailrace STH,1,G72C8D16B,2026-05-07 18:08:11,2026-05-09 15:47:00,Crescent Bar,1,2026-05-09 23:13:18
Rock Island Tailrace STH,1,G72C8D16B,2026-05-07 18:08:11,2026-05-09 15:47:00,Sunland,1,2026-05-10 06:31:25
Rock Island Tailrace STH,1,G72C8D16B,2026-05-07 18:08:11,2026-05-09 15:47:00,Wanapum BRZ,1,2026-05-12 10:20:34
Rock Island Tailrace STH,1,G72C8D16B,2026-05-07 18:08:11,2026-05-09 15:47:00,Mattawa,1,2026-05-12 13:48:12
Rock Island Tailrace STH,1,G72C8D16B,2026-05-07 18:08:11,2026-05-09 15:47:00,Priest BRZ,1,2026-05-14 03:21:28
Rock Island Tailrace STH,1,G72C8D16B,2026-05-07 18:08:11,2026-05-09 15:47:00,Lower Ringold,1,2026-05-14 16:00:37
Rock Island Tailrace STH,1,G72C8D16B,2026-05-07 18:08:11,2026-05-09 15:47:00,Hanford,1,2026-05-14 18:46:35
Rock Island Tailrace STH,1,G72C958BF,2026-05-05 17:45:02,2026-05-07 15:46:00,Crescent Bar,1,2026-05-08 02:26:56
Rock Island Tailrace STH,1,G72C958BF,2026-05-05 17:45:02,2026-05-07 15:46:00,Sunland,1,2026-05-08 12:40:48
Rock Island Tailrace STH,1,G72C958BF,2026-05-05 17:45:02,2026-05-07 15:46:00,Wanapum BRZ,1,2026-05-09 19:20:08
Rock Island Tailrace STH,1,G72C958BF,2026-05-05 17:45:02,2026-05-07 15:46:00,Mattawa,1,2026-05-10 04:34:56
Rock Island Tailrace STH,1,G72C958BF,2026-05-05 17:45:02,2026-05-07 15:46:00,Priest BRZ,1,2026-05-10 11:04:45
Rock Island Tailrace STH,1,G72C958BF,2026-05-05 17:45:02,2026-05-07 15:46:00,Lower Ringold,1,2026-05-16 04:43:11
Rock Island Tailrace STH,1,G72C958BF,2026-05-05 17:45:02,2026-05-07 15:46:00,Hanford,1,2026-05-16 07:35:34
Rock Island Tailrace STH,3,G72C99588,2026-05-08 20:18:28,2026-05-10 15:37:00,Crescent Bar,1,2026-05-11 00:06:26
Rock Island Tailrace STH,3,G72C99588,2026-05-08 20:18:28,2026-05-10 15:37:00,Sunland,1,2026-05-11 10:36:56
Rock Island Tailrace STH,3,G72C99588,2026-05-08 20:18:28,2026-05-10 15:37:00,Wanapum BRZ,1,2026-05-12 05:46:38
Rock Island Tailrace STH,3,G72C99588,2026-05-08 20:18:28,2026-05-10 15:37:00,Mattawa,1,2026-05-12 08:34:43
Rock Island Tailrace STH,3,G72C99588,2026-05-08 20:18:28,2026-05-10 15:37:00,Priest BRZ,1,2026-05-13 05:15:31
Rock Island Tailrace STH,3,G72C99588,2026-05-08 20:18:28,2026-05-10 15:37:00,Lower Ringold,1,2026-05-13 16:26:44
Rock Island Tailrace STH,3,G72C99588,2026-05-08 20:18:28,2026-05-10 15:37:00,Hanford,1,2026-05-13 19:57:30
Rock Island Tailrace STH,1,G72CA9A9C,2026-05-10 17:29:52,2026-05-12 15:36:00,Crescent Bar,1,2026-05-12 23:10:52
Rock Island Tailrace STH,1,G72CA9A9C,2026-05-10 17:29:52,2026-05-12 15:36:00,Sunland,1,2026-05-13 10:54:28
Rock Island Tailrace STH,1,G72CA9A9C,2026-05-10 17:29:52,2026-05-12 15:36:00,Wanapum BRZ,1,2026-05-16 09:21:53
Rock Island Tailrace STH,1,G72CA9A9C,2026-05-10 17:29:52,2026-05-12 15:36:00,Mattawa,1,2026-05-16 15:10:52
Rock Island Tailrace STH,1,G72CA9A9C,2026-05-10 17:29:52,2026-05-12 15:36:00,Priest BRZ,1,2026-05-17 07:20:11
Rock Island Tailrace STH,1,G72CA9A9C,2026-05-10 17:29:52,2026-05-12 15:36:00,Lower Ringold,0,
Rock Island Tailrace STH,1,G72CA9A9C,2026-05-10 17:29:52,2026-05-12 15:36:00,Hanford,0,
Rock Island Tailrace STH,1,G72CBF7C0,2026-05-08 20:25:49,2026-05-10 15:37:00,Crescent Bar,1,2026-05-10 23:56:35
Rock Island Tailrace STH,1,G72CBF7C0,2026-05-08 20:25:49,2026-05-10 15:37:00,Sunland,1,2026-05-11 13:02:39
Rock Island Tailrace STH,1,G72CBF7C0,2026-05-08 20:25:49,2026-05-10 15:37:00,Wanapum BRZ,1,2026-05-15 02:34:07
Rock Island Tailrace STH,1,G72CBF7C0,2026-05-08 20:25:49,2026-05-10 15:37:00,Mattawa,1,2026-05-15 09:40:10
Rock Island Tailrace STH,1,G72CBF7C0,2026-05-08 20:25:49,2026-05-10 15:37:00,Priest BRZ,1,2026-05-16 05:32:00
Rock Island Tailrace STH,1,G72CBF7C0,2026-05-08 20:25:49,2026-05-10 15:37:00,Lower Ringold,0,
Rock Island Tailrace STH,1,G72CBF7C0,2026-05-08 20:25:49,2026-05-10 15:37:00,Hanford,0,
Rock Island Tailrace STH,1,G72CC4E00,2026-05-10 17:10:10,2026-05-12 15:36:00,Crescent Bar,1,2026-05-12 22:27:15
Rock Island Tailrace STH,1,G72CC4E00,2026-05-10 17:10:10,2026-05-12 15:36:00,Sunland,1,2026-05-13 14:29:42
Rock Island Tailrace STH,1,G72CC4E00,2026-05-10 17:10:10,2026-05-12 15:36:00,Wanapum BRZ,1,2026-05-15 18:16:42
Rock Island Tailrace STH,1,G72CC4E00,2026-05-10 17:10:10,2026-05-12 15:36:00,Mattawa,1,2026-05-16 08:05:19
Rock Island Tailrace STH,1,G72CC4E00,2026-05-10 17:10:10,2026-05-12 15:36:00,Priest BRZ,1,2026-05-16 16:06:00
Rock Island Tailrace STH,1,G72CC4E00,2026-05-10 17:10:10,2026-05-12 15:36:00,Lower Ringold,1,2026-05-17 04:05:04
Rock Island Tailrace STH,1,G72CC4E00,2026-05-10 17:10:10,2026-05-12 15:36:00,Hanford,1,2026-05-17 19:57:25
Rock Island Tailrace STH,2,G72CC9116,2026-05-09 18:17:36,2026-05-11 15:52:00,Crescent Bar,1,2026-05-12 01:36:50
Rock Island Tailrace STH,2,G72CC9116,2026-05-09 18:17:36,2026-05-11 15:52:00,Sunland,1,2026-05-12 14:27:07
Rock Island Tailrace STH,2,G72CC9116,2026-05-09 18:17:36,2026-05-11 15:52:00,Wanapum BRZ,0,
Rock Island Tailrace STH,2,G72CC9116,2026-05-09 18:17:36,2026-05-11 15:52:00,Mattawa,0,
Rock Island Tailrace STH,2,G72CC9116,2026-05-09 18:17:36,2026-05-11 15:52:00,Priest BRZ,0,
Rock Island Tailrace STH,2,G72CC9116,2026-05-09 18:17:36,2026-05-11 15:52:00,Lower Ringold,0,
Rock Island Tailrace STH,2,G72CC9116,2026-05-09 18:17:36,2026-05-11 15:52:00,Hanford,0,
Rock Island Tailrace STH,2,G72CCF44C,2026-05-10 17:11:23,2026-05-12 15:36:00,Crescent Bar,1,2026-05-12 22:57:49
Rock Island Tailrace STH,2,G72CCF44C,2026-05-10 17:11:23,2026-05-12 15:36:00,Sunland,1,2026-05-13 11:16:46
Rock Island Tailrace STH,2,G72CCF44C,2026-05-10 17:11:23,2026-05-12 15:36:00,Wanapum BRZ,1,2026-05-14 21:01:02
Rock Island Tailrace STH,2,G72CCF44C,2026-05-10 17:11:23,2026-05-12 15:36:00,Mattawa,1,2026-05-15 07:00:32
Rock Island Tailrace STH,2,G72CCF44C,2026-05-10 17:11:23,2026-05-12 15:36:00,Priest BRZ,0,
Rock Island Tailrace STH,2,G72CCF44C,2026-05-10 17:11:23,2026-05-12 15:36:00,Lower Ringold,0,
Rock Island Tailrace STH,2,G72CCF44C,2026-05-10 17:11:23,2026-05-12 15:36:00,Hanford,0,
Rock Island Tailrace STH,1,G72CD24DF,2026-05-09 17:56:41,2026-05-11 15:52:00,Crescent Bar,1,2026-05-11 23:38:37
Rock Island Tailrace STH,1,G72CD24DF,2026-05-09 17:56:41,2026-05-11 15:52:00,Sunland,1,2026-05-12 10:20:00
Rock Island Tailrace STH,1,G72CD24DF,2026-05-09 17:56:41,2026-05-11 15:52:00,Wanapum BRZ,1,2026-05-14 18:51:18
Rock Island Tailrace STH,1,G72CD24DF,2026-05-09 17:56:41,2026-05-11 15:52:00,Mattawa,1,2026-05-15 01:43:45
Rock Island Tailrace STH,1,G72CD24DF,2026-05-09 17:56:41,2026-05-11 15:52:00,Priest BRZ,1,2026-05-16 05:37:50
Rock Island Tailrace STH,1,G72CD24DF,2026-05-09 17:56:41,2026-05-11 15:52:00,Lower Ringold,1,2026-05-17 04:49:32
Rock Island Tailrace STH,1,G72CD24DF,2026-05-09 17:56:41,2026-05-11 15:52:00,Hanford,1,2026-05-17 08:20:48
Rock Island Tailrace STH,3,G72CE080A,2026-05-08 20:33:50,2026-05-10 15:37:00,Crescent Bar,1,2026-05-10 21:47:59
Rock Island Tailrace STH,3,G72CE080A,2026-05-08 20:33:50,2026-05-10 15:37:00,Sunland,1,2026-05-11 12:23:56
Rock Island Tailrace STH,3,G72CE080A,2026-05-08 20:33:50,2026-05-10 15:37:00,Wanapum BRZ,0,
Rock Island Tailrace STH,3,G72CE080A,2026-05-08 20:33:50,2026-05-10 15:37:00,Mattawa,0,
Rock Island Tailrace STH,3,G72CE080A,2026-05-08 20:33:50,2026-05-10 15:37:00,Priest BRZ,0,
Rock Island Tailrace STH,3,G72CE080A,2026-05-08 20:33:50,2026-05-10 15:37:00,Lower Ringold,0,
Rock Island Tailrace STH,3,G72CE080A,2026-05-08 20:33:50,2026-05-10 15:37:00,Hanford,0,
Rock Island Tailrace STH,3,G72CE470D,2026-05-10 17:32:53,2026-05-12 15:36:00,Crescent Bar,1,2026-05-13 07:15:51
Rock Island Tailrace STH,3,G72CE470D,2026-05-10 17:32:53,2026-05-12 15:36:00,Sunland,1,2026-05-13 18:21:35
Rock Island Tailrace STH,3,G72CE470D,2026-05-10 17:32:53,2026-05-12 15:36:00,Wanapum BRZ,1,2026-05-15 20:24:57
Rock Island Tailrace STH,3,G72CE470D,2026-05-10 17:32:53,2026-05-12 15:36:00,Mattawa,1,2026-05-16 11:46:48
Rock Island Tailrace STH,3,G72CE470D,2026-05-10 17:32:53,2026-05-12 15:36:00,Priest BRZ,1,2026-05-17 09:21:24
Rock Island Tailrace STH,3,G72CE470D,2026-05-10 17:32:53,2026-05-12 15:36:00,Lower Ringold,1,2026-05-17 23:46:13
Rock Island Tailrace STH,3,G72CE470D,2026-05-10 17:32:53,2026-05-12 15:36:00,Hanford,1,2026-05-18 02:48:14
Rock Island Tailrace STH,3,G72CFE827,2026-05-08 20:27:50,2026-05-10 15:37:00,Crescent Bar,1,2026-05-10 23:01:26
Rock Island Tailrace STH,3,G72CFE827,2026-05-08 20:27:50,2026-05-10 15:37:00,Sunland,1,2026-05-11 09:47:18
Rock Island Tailrace STH,3,G72CFE827,2026-05-08 20:27:50,2026-05-10 15:37:00,Wanapum BRZ,1,2026-05-12 15:07:59
Rock Island Tailrace STH,3,G72CFE827,2026-05-08 20:27:50,2026-05-10 15:37:00,Mattawa,0,
Rock Island Tailrace STH,3,G72CFE827,2026-05-08 20:27:50,2026-05-10 15:37:00,Priest BRZ,0,
Rock Island Tailrace STH,3,G72CFE827,2026-05-08 20:27:50,2026-05-10 15:37:00,Lower Ringold,0,
Rock Island Tailrace STH,3,G72CFE827,2026-05-08 20:27:50,2026-05-10 15:37:00,Hanford,0,
Rock Island Tailrace STH,3,G72CFF547,2026-05-10 17:35:24,2026-05-12 15:36:00,Crescent Bar,1,2026-05-12 21:36:36
Rock Island Tailrace STH,3,G72CFF547,2026-05-10 17:35:24,2026-05-12 15:36:00,Sunland,1,2026-05-13 06:13:37
Rock Island Tailrace STH,3,G72CFF547,2026-05-10 17:35:24,2026-05-12 15:36:00,Wanapum BRZ,1,2026-05-14 12:06:03
Rock Island Tailrace STH,3,G72CFF547,2026-05-10 17:35:24,2026-05-12 15:36:00,Mattawa,1,2026-05-15 09:15:07
Rock Island Tailrace STH,3,G72CFF547,2026-05-10 17:35:24,2026-05-12 15:36:00,Priest BRZ,1,2026-05-15 21:51:19
Rock Island Tailrace STH,3,G72CFF547,2026-05-10 17:35:24,2026-05-12 15:36:00,Lower Ringold,1,2026-05-16 16:48:27
Rock Island Tailrace STH,3,G72CFF547,2026-05-10 17:35:24,2026-05-12 15:36:00,Hanford,1,2026-05-16 20:35:50
Rock Island Tailrace STH,1,G72D0812A,2026-05-09 17:49:05,2026-05-11 15:52:00,Crescent Bar,1,2026-05-12 12:06:51
Rock Island Tailrace STH,1,G72D0812A,2026-05-09 17:49:05,2026-05-11 15:52:00,Sunland,1,2026-05-14 03:17:46
Rock Island Tailrace STH,1,G72D0812A,2026-05-09 17:49:05,2026-05-11 15:52:00,Wanapum BRZ,1,2026-05-15 09:43:43
Rock Island Tailrace STH,1,G72D0812A,2026-05-09 17:49:05,2026-05-11 15:52:00,Mattawa,1,2026-05-16 09:26:02
Rock Island Tailrace STH,1,G72D0812A,2026-05-09 17:49:05,2026-05-11 15:52:00,Priest BRZ,1,2026-05-16 19:22:33
Rock Island Tailrace STH,1,G72D0812A,2026-05-09 17:49:05,2026-05-11 15:52:00,Lower Ringold,1,2026-05-17 14:25:29
Rock Island Tailrace STH,1,G72D0812A,2026-05-09 17:49:05,2026-05-11 15:52:00,Hanford,1,2026-05-17 17:50:29
Rock Island Tailrace STH,1,G72D298BA,2026-05-07 17:44:09,2026-05-09 15:47:00,Crescent Bar,1,2026-05-09 23:37:11
Rock Island Tailrace STH,1,G72D298BA,2026-05-07 17:44:09,2026-05-09 15:47:00,Sunland,1,2026-05-10 10:20:31
Rock Island Tailrace STH,1,G72D298BA,2026-05-07 17:44:09,2026-05-09 15:47:00,Wanapum BRZ,1,2026-05-11 21:57:26
Rock Island Tailrace STH,1,G72D298BA,2026-05-07 17:44:09,2026-05-09 15:47:00,Mattawa,1,2026-05-12 07:41:24
Rock Island Tailrace STH,1,G72D298BA,2026-05-07 17:44:09,2026-05-09 15:47:00,Priest BRZ,0,
Rock Island Tailrace STH,1,G72D298BA,2026-05-07 17:44:09,2026-05-09 15:47:00,Lower Ringold,0,
Rock Island Tailrace STH,1,G72D298BA,2026-05-07 17:44:09,2026-05-09 15:47:00,Hanford,0,
Rock Island Tailrace STH,1,G72D6A961,2026-05-07 17:44:35,2026-05-09 15:47:00,Crescent Bar,1,2026-05-09 23:18:37
Rock Island Tailrace STH,1,G72D6A961,2026-05-07 17:44:35,2026-05-09 15:47:00,Sunland,1,2026-05-10 08:14:48
Rock Island Tailrace STH,1,G72D6A961,2026-05-07 17:44:35,2026-05-09 15:47:00,Wanapum BRZ,1,2026-05-11 17:41:36
Rock Island Tailrace STH,1,G72D6A961,2026-05-07 17:44:35,2026-05-09 15:47:00,Mattawa,1,2026-05-13 07:31:18
Rock Island Tailrace STH,1,G72D6A961,2026-05-07 17:44:35,2026-05-09 15:47:00,Priest BRZ,1,2026-05-14 07:50:55
Rock Island Tailrace STH,1,G72D6A961,2026-05-07 17:44:35,2026-05-09 15:47:00,Lower Ringold,1,2026-05-14 19:50:17
Rock Island Tailrace STH,1,G72D6A961,2026-05-07 17:44:35,2026-05-09 15:47:00,Hanford,1,2026-05-14 22:58:54
Rock Island Tailrace STH,1,G72D788D8,2026-05-04 18:21:37,2026-05-06 16:04:00,Crescent Bar,1,2026-05-06 21:11:42
Rock Island Tailrace STH,1,G72D788D8,2026-05-04 18:21:37,2026-05-06 16:04:00,Sunland,1,2026-05-07 12:28:06
Rock Island Tailrace STH,1,G72D788D8,2026-05-04 18:21:37,2026-05-06 16:04:00,Wanapum BRZ,1,2026-05-08 16:58:49
Rock Island Tailrace STH,1,G72D788D8,2026-05-04 18:21:37,2026-05-06 16:04:00,Mattawa,1,2026-05-08 21:18:43
Rock Island Tailrace STH,1,G72D788D8,2026-05-04 18:21:37,2026-05-06 16:04:00,Priest BRZ,1,2026-05-09 03:31:41
Rock Island Tailrace STH,1,G72D788D8,2026-05-04 18:21:37,2026-05-06 16:04:00,Lower Ringold,1,2026-05-09 14:49:02
Rock Island Tailrace STH,1,G72D788D8,2026-05-04 18:21:37,2026-05-06 16:04:00,Hanford,1,2026-05-09 17:25:30
Rock Island Tailrace STH,1,G72D80912,2026-05-06 18:31:55,2026-05-09 15:47:00,Crescent Bar,1,2026-05-09 21:14:14
Rock Island Tailrace STH,1,G72D80912,2026-05-06 18:31:55,2026-05-09 15:47:00,Sunland,1,2026-05-10 06:53:41
Rock Island Tailrace STH,1,G72D80912,2026-05-06 18:31:55,2026-05-09 15:47:00,Wanapum BRZ,1,2026-05-11 13:46:00
Rock Island Tailrace STH,1,G72D80912,2026-05-06 18:31:55,2026-05-09 15:47:00,Mattawa,1,2026-05-12 06:48:24
Rock Island Tailrace STH,1,G72D80912,2026-05-06 18:31:55,2026-05-09 15:47:00,Priest BRZ,1,2026-05-12 21:49:27
Rock Island Tailrace STH,1,G72D80912,2026-05-06 18:31:55,2026-05-09 15:47:00,Lower Ringold,1,2026-05-13 10:23:58
Rock Island Tailrace STH,1,G72D80912,2026-05-06 18:31:55,2026-05-09 15:47:00,Hanford,1,2026-05-13 13:10:29
Rock Island Tailrace STH,3,G72D8BFFD,2026-05-06 18:46:01,2026-05-09 15:47:00,Crescent Bar,1,2026-05-10 01:16:28
Rock Island Tailrace STH,3,G72D8BFFD,2026-05-06 18:46:01,2026-05-09 15:47:00,Sunland,1,2026-05-10 11:05:00
Rock Island Tailrace STH,3,G72D8BFFD,2026-05-06 18:46:01,2026-05-09 15:47:00,Wanapum BRZ,1,2026-05-11 21:12:47
Rock Island Tailrace STH,3,G72D8BFFD,2026-05-06 18:46:01,2026-05-09 15:47:00,Mattawa,1,2026-05-14 22:34:37
Rock Island Tailrace STH,3,G72D8BFFD,2026-05-06 18:46:01,2026-05-09 15:47:00,Priest BRZ,1,2026-05-15 23:00:17
Rock Island Tailrace STH,3,G72D8BFFD,2026-05-06 18:46:01,2026-05-09 15:47:00,Lower Ringold,1,2026-05-17 00:58:48
Rock Island Tailrace STH,3,G72D8BFFD,2026-05-06 18:46:01,2026-05-09 15:47:00,Hanford,1,2026-05-17 04:27:44
Rock Island Tailrace STH,1,G72D90E55,2026-05-08 20:20:47,2026-05-10 15:37:00,Crescent Bar,1,2026-05-10 23:18:56
Rock Island Tailrace STH,1,G72D90E55,2026-05-08 20:20:47,2026-05-10 15:37:00,Sunland,1,2026-05-11 13:22:27
Rock Island Tailrace STH,1,G72D90E55,2026-05-08 20:20:47,2026-05-10 15:37:00,Wanapum BRZ,1,2026-05-14 15:29:16
Rock Island Tailrace STH,1,G72D90E55,2026-05-08 20:20:47,2026-05-10 15:37:00,Mattawa,1,2026-05-15 07:40:31
Rock Island Tailrace STH,1,G72D90E55,2026-05-08 20:20:47,2026-05-10 15:37:00,Priest BRZ,0,
Rock Island Tailrace STH,1,G72D90E55,2026-05-08 20:20:47,2026-05-10 15:37:00,Lower Ringold,0,
Rock Island Tailrace STH,1,G72D90E55,2026-05-08 20:20:47,2026-05-10 15:37:00,Hanford,0,
Rock Island Tailrace STH,2,G72D9A484,2026-05-05 17:53:46,2026-05-07 15:46:00,Crescent Bar,1,2026-05-08 04:10:01
Rock Island Tailrace STH,2,G72D9A484,2026-05-05 17:53:46,2026-05-07 15:46:00,Sunland,1,2026-05-08 16:49:35
Rock Island Tailrace STH,2,G72D9A484,2026-05-05 17:53:46,2026-05-07 15:46:00,Wanapum BRZ,1,2026-05-09 17:58:19
Rock Island Tailrace STH,2,G72D9A484,2026-05-05 17:53:46,2026-05-07 15:46:00,Mattawa,1,2026-05-09 21:26:35
Rock Island Tailrace STH,2,G72D9A484,2026-05-05 17:53:46,2026-05-07 15:46:00,Priest BRZ,1,2026-05-10 11:38:40
Rock Island Tailrace STH,2,G72D9A484,2026-05-05 17:53:46,2026-05-07 15:46:00,Lower Ringold,1,2026-05-11 16:36:42
Rock Island Tailrace STH,2,G72D9A484,2026-05-05 17:53:46,2026-05-07 15:46:00,Hanford,1,2026-05-11 20:13:24
Rock Island Tailrace STH,3,G72DA6B5A,2026-05-05 17:23:05,2026-05-07 15:46:00,Crescent Bar,1,2026-05-08 02:10:47
Rock Island Tailrace STH,3,G72DA6B5A,2026-05-05 17:23:05,2026-05-07 15:46:00,Sunland,1,2026-05-08 13:45:35
Rock Island Tailrace STH,3,G72DA6B5A,2026-05-05 17:23:05,2026-05-07 15:46:00,Wanapum BRZ,1,2026-05-09 14:22:44
Rock Island Tailrace STH,3,G72DA6B5A,2026-05-05 17:23:05,2026-05-07 15:46:00,Mattawa,1,2026-05-09 17:41:11
Rock Island Tailrace STH,3,G72DA6B5A,2026-05-05 17:23:05,2026-05-07 15:46:00,Priest BRZ,1,2026-05-10 12:05:40
Rock Island Tailrace STH,3,G72DA6B5A,2026-05-05 17:23:05,2026-05-07 15:46:00,Lower Ringold,1,2026-05-12 00:18:27
Rock Island Tailrace STH,3,G72DA6B5A,2026-05-05 17:23:05,2026-05-07 15:46:00,Hanford,1,2026-05-12 03:13:40
Rock Island Tailrace STH,2,G72DC01EB,2026-05-08 20:24:01,2026-05-10 15:37:00,Crescent Bar,1,2026-05-10 22:15:18
Rock Island Tailrace STH,2,G72DC01EB,2026-05-08 20:24:01,2026-05-10 15:37:00,Sunland,1,2026-05-11 08:44:55
Rock Island Tailrace STH,2,G72DC01EB,2026-05-08 20:24:01,2026-05-10 15:37:00,Wanapum BRZ,1,2026-05-11 21:49:05
Rock Island Tailrace STH,2,G72DC01EB,2026-05-08 20:24:01,2026-05-10 15:37:00,Mattawa,1,2026-05-12 06:03:46
Rock Island Tailrace STH,2,G72DC01EB,2026-05-08 20:24:01,2026-05-10 15:37:00,Priest BRZ,1,2026-05-12 18:45:36
Rock Island Tailrace STH,2,G72DC01EB,2026-05-08 20:24:01,2026-05-10 15:37:00,Lower Ringold,1,2026-05-13 05:22:49
Rock Island Tailrace STH,2,G72DC01EB,2026-05-08 20:24:01,2026-05-10 15:37:00,Hanford,1,2026-05-13 08:19:36
Rock Island Tailrace STH,3,G72DC59F2,2026-05-08 20:28:19,2026-05-10 15:37:00,Crescent Bar,1,2026-05-11 04:23:27
Rock Island Tailrace STH,3,G72DC59F2,2026-05-08 20:28:19,2026-05-10 15:37:00,Sunland,1,2026-05-11 13:16:27
Rock Island Tailrace STH,3,G72DC59F2,2026-05-08 20:28:19,2026-05-10 15:37:00,Wanapum BRZ,1,2026-05-13 20:58:20
Rock Island Tailrace STH,3,G72DC59F2,2026-05-08 20:28:19,2026-05-10 15:37:00,Mattawa,1,2026-05-13 23:41:58
Rock Island Tailrace STH,3,G72DC59F2,2026-05-08 20:28:19,2026-05-10 15:37:00,Priest BRZ,1,2026-05-14 08:58:37
Rock Island Tailrace STH,3,G72DC59F2,2026-05-08 20:28:19,2026-05-10 15:37:00,Lower Ringold,1,2026-05-14 23:55:37
Rock Island Tailrace STH,3,G72DC59F2,2026-05-08 20:28:19,2026-05-10 15:37:00,Hanford,1,2026-05-15 02:45:03
Rock Island Tailrace STH,3,G72DC9C07,2026-05-05 17:43:35,2026-05-07 15:46:00,Crescent Bar,1,2026-05-08 02:06:06
Rock Island Tailrace STH,3,G72DC9C07,2026-05-05 17:43:35,2026-05-07 15:46:00,Sunland,1,2026-05-08 19:43:59
Rock Island Tailrace STH,3,G72DC9C07,2026-05-05 17:43:35,2026-05-07 15:46:00,Wanapum BRZ,0,
Rock Island Tailrace STH,3,G72DC9C07,2026-05-05 17:43:35,2026-05-07 15:46:00,Mattawa,0,
Rock Island Tailrace STH,3,G72DC9C07,2026-05-05 17:43:35,2026-05-07 15:46:00,Priest BRZ,0,
Rock Island Tailrace STH,3,G72DC9C07,2026-05-05 17:43:35,2026-05-07 15:46:00,Lower Ringold,0,
Rock Island Tailrace STH,3,G72DC9C07,2026-05-05 17:43:35,2026-05-07 15:46:00,Hanford,0,
Rock Island Tailrace STH,3,G72DCD25E,2026-05-04 18:45:18,2026-05-06 16:04:00,Crescent Bar,1,2026-05-06 23:08:47
Rock Island Tailrace STH,3,G72DCD25E,2026-05-04 18:45:18,2026-05-06 16:04:00,Sunland,1,2026-05-07 09:56:28
Rock Island Tailrace STH,3,G72DCD25E,2026-05-04 18:45:18,2026-05-06 16:04:00,Wanapum BRZ,1,2026-05-08 01:56:05
Rock Island Tailrace STH,3,G72DCD25E,2026-05-04 18:45:18,2026-05-06 16:04:00,Mattawa,1,2026-05-08 07:20:43
Rock Island Tailrace STH,3,G72DCD25E,2026-05-04 18:45:18,2026-05-06 16:04:00,Priest BRZ,1,2026-05-09 06:39:25
Rock Island Tailrace STH,3,G72DCD25E,2026-05-04 18:45:18,2026-05-06 16:04:00,Lower Ringold,1,2026-05-09 17:52:16
Rock Island Tailrace STH,3,G72DCD25E,2026-05-04 18:45:18,2026-05-06 16:04:00,Hanford,1,2026-05-09 20:40:21
Rock Island Tailrace STH,3,G72DCE102,2026-05-08 20:13:37,2026-05-10 15:37:00,Crescent Bar,1,2026-05-10 23:51:25
Rock Island Tailrace STH,3,G72DCE102,2026-05-08 20:13:37,2026-05-10 15:37:00,Sunland,1,2026-05-11 12:49:24
Rock Island Tailrace STH,3,G72DCE102,2026-05-08 20:13:37,2026-05-10 15:37:00,Wanapum BRZ,1,2026-05-12 10:40:44
Rock Island Tailrace STH,3,G72DCE102,2026-05-08 20:13:37,2026-05-10 15:37:00,Mattawa,1,2026-05-12 12:59:50
Rock Island Tailrace STH,3,G72DCE102,2026-05-08 20:13:37,2026-05-10 15:37:00,Priest BRZ,1,2026-05-14 00:17:23
Rock Island Tailrace STH,3,G72DCE102,2026-05-08 20:13:37,2026-05-10 15:37:00,Lower Ringold,1,2026-05-14 22:55:29
Rock Island Tailrace STH,3,G72DCE102,2026-05-08 20:13:37,2026-05-10 15:37:00,Hanford,1,2026-05-15 01:48:58
Rock Island Tailrace STH,3,G72DD5677,2026-05-03 19:24:41,2026-05-05 16:45:00,Crescent Bar,0,
Rock Island Tailrace STH,3,G72DD5677,2026-05-03 19:24:41,2026-05-05 16:45:00,Sunland,0,
Rock Island Tailrace STH,3,G72DD5677,2026-05-03 19:24:41,2026-05-05 16:45:00,Wanapum BRZ,0,
Rock Island Tailrace STH,3,G72DD5677,2026-05-03 19:24:41,2026-05-05 16:45:00,Mattawa,0,
Rock Island Tailrace STH,3,G72DD5677,2026-05-03 19:24:41,2026-05-05 16:45:00,Priest BRZ,0,
Rock Island Tailrace STH,3,G72DD5677,2026-05-03 19:24:41,2026-05-05 16:45:00,Lower Ringold,0,
Rock Island Tailrace STH,3,G72DD5677,2026-05-03 19:24:41,2026-05-05 16:45:00,Hanford,0,
Rock Island Tailrace STH,1,G72DE67C2,2026-05-09 17:52:50,2026-05-11 15:52:00,Crescent Bar,1,2026-05-12 00:08:00
Rock Island Tailrace STH,1,G72DE67C2,2026-05-09 17:52:50,2026-05-11 15:52:00,Sunland,1,2026-05-12 09:24:48
Rock Island Tailrace STH,1,G72DE67C2,2026-05-09 17:52:50,2026-05-11 15:52:00,Wanapum BRZ,1,2026-05-13 09:35:01
Rock Island Tailrace STH,1,G72DE67C2,2026-05-09 17:52:50,2026-05-11 15:52:00,Mattawa,0,
Rock Island Tailrace STH,1,G72DE67C2,2026-05-09 17:52:50,2026-05-11 15:52:00,Priest BRZ,0,
Rock Island Tailrace STH,1,G72DE67C2,2026-05-09 17:52:50,2026-05-11 15:52:00,Lower Ringold,0,
Rock Island Tailrace STH,1,G72DE67C2,2026-05-09 17:52:50,2026-05-11 15:52:00,Hanford,0,
Rock Island Tailrace STH,3,G72DF58F9,2026-05-08 20:13:04,2026-05-10 15:37:00,Crescent Bar,1,2026-05-11 03:37:28
Rock Island Tailrace STH,3,G72DF58F9,2026-05-08 20:13:04,2026-05-10 15:37:00,Sunland,1,2026-05-11 13:27:58
Rock Island Tailrace STH,3,G72DF58F9,2026-05-08 20:13:04,2026-05-10 15:37:00,Wanapum BRZ,0,
Rock Island Tailrace STH,3,G72DF58F9,2026-05-08 20:13:04,2026-05-10 15:37:00,Mattawa,0,
Rock Island Tailrace STH,3,G72DF58F9,2026-05-08 20:13:04,2026-05-10 15:37:00,Priest BRZ,0,
Rock Island Tailrace STH,3,G72DF58F9,2026-05-08 20:13:04,2026-05-10 15:37:00,Lower Ringold,0,
Rock Island Tailrace STH,3,G72DF58F9,2026-05-08 20:13:04,2026-05-10 15:37:00,Hanford,0,
Rock Island Tailrace STH,1,G72E01B68,2026-05-07 17:51:14,2026-05-09 15:47:00,Crescent Bar,1,2026-05-09 21:33:19
Rock Island Tailrace STH,1,G72E01B68,2026-05-07 17:51:14,2026-05-09 15:47:00,Sunland,1,2026-05-10 04:23:52
Rock Island Tailrace STH,1,G72E01B68,2026-05-07 17:51:14,2026-05-09 15:47:00,Wanapum BRZ,1,2026-05-11 16:34:16
Rock Island Tailrace STH,1,G72E01B68,2026-05-07 17:51:14,2026-05-09 15:47:00,Mattawa,1,2026-05-11 19:22:08
Rock Island Tailrace STH,1,G72E01B68,2026-05-07 17:51:14,2026-05-09 15:47:00,Priest BRZ,1,2026-05-12 21:39:29
Rock Island Tailrace STH,1,G72E01B68,2026-05-07 17:51:14,2026-05-09 15:47:00,Lower Ringold,1,2026-05-14 16:53:59
Rock Island Tailrace STH,1,G72E01B68,2026-05-07 17:51:14,2026-05-09 15:47:00,Hanford,1,2026-05-14 20:08:05
Rock Island Tailrace STH,1,G72E11AF2,2026-05-09 17:48:02,2026-05-11 15:52:00,Crescent Bar,1,2026-05-11 22:24:16
Rock Island Tailrace STH,1,G72E11AF2,2026-05-09 17:48:02,2026-05-11 15:52:00,Sunland,1,2026-05-12 08:24:31
Rock Island Tailrace STH,1,G72E11AF2,2026-05-09 17:48:02,2026-05-11 15:52:00,Wanapum BRZ,1,2026-05-13 06:33:31
Rock Island Tailrace STH,1,G72E11AF2,2026-05-09 17:48:02,2026-05-11 15:52:00,Mattawa,1,2026-05-13 12:12:37
Rock Island Tailrace STH,1,G72E11AF2,2026-05-09 17:48:02,2026-05-11 15:52:00,Priest BRZ,1,2026-05-14 08:47:23
Rock Island Tailrace STH,1,G72E11AF2,2026-05-09 17:48:02,2026-05-11 15:52:00,Lower Ringold,1,2026-05-15 00:42:04
Rock Island Tailrace STH,1,G72E11AF2,2026-05-09 17:48:02,2026-05-11 15:52:00,Hanford,1,2026-05-15 03:40:44
Rock Island Tailrace STH,1,G72E28954,2026-05-05 17:53:00,2026-05-07 15:46:00,Crescent Bar,1,2026-05-07 23:52:52
Rock Island Tailrace STH,1,G72E28954,2026-05-05 17:53:00,2026-05-07 15:46:00,Sunland,1,2026-05-08 10:02:59
Rock Island Tailrace STH,1,G72E28954,2026-05-05 17:53:00,2026-05-07 15:46:00,Wanapum BRZ,1,2026-05-09 12:13:10
Rock Island Tailrace STH,1,G72E28954,2026-05-05 17:53:00,2026-05-07 15:46:00,Mattawa,1,2026-05-09 19:56:26
Rock Island Tailrace STH,1,G72E28954,2026-05-05 17:53:00,2026-05-07 15:46:00,Priest BRZ,1,2026-05-10 05:52:41
Rock Island Tailrace STH,1,G72E28954,2026-05-05 17:53:00,2026-05-07 15:46:00,Lower Ringold,1,2026-05-10 17:24:44
Rock Island Tailrace STH,1,G72E28954,2026-05-05 17:53:00,2026-05-07 15:46:00,Hanford,1,2026-05-10 20:45:43
Rock Island Tailrace STH,2,G72E31DE0,2026-05-07 17:55:23,2026-05-09 15:47:00,Crescent Bar,1,2026-05-09 21:30:20
Rock Island Tailrace STH,2,G72E31DE0,2026-05-07 17:55:23,2026-05-09 15:47:00,Sunland,1,2026-05-10 05:40:15
Rock Island Tailrace STH,2,G72E31DE0,2026-05-07 17:55:23,2026-05-09 15:47:00,Wanapum BRZ,1,2026-05-11 11:51:55
Rock Island Tailrace STH,2,G72E31DE0,2026-05-07 17:55:23,2026-05-09 15:47:00,Mattawa,1,2026-05-11 16:17:30
Rock Island Tailrace STH,2,G72E31DE0,2026-05-07 17:55:23,2026-05-09 15:47:00,Priest BRZ,1,2026-05-12 01:24:01
Rock Island Tailrace STH,2,G72E31DE0,2026-05-07 17:55:23,2026-05-09 15:47:00,Lower Ringold,1,2026-05-19 23:39:37
Rock Island Tailrace STH,2,G72E31DE0,2026-05-07 17:55:23,2026-05-09 15:47:00,Hanford,1,2026-05-20 04:47:34
Rock Island Tailrace STH,1,G72E3BACC,2026-05-09 18:10:17,2026-05-11 15:52:00,Crescent Bar,1,2026-05-11 22:02:16
Rock Island Tailrace STH,1,G72E3BACC,2026-05-09 18:10:17,2026-05-11 15:52:00,Sunland,1,2026-05-12 08:07:07
Rock Island Tailrace STH,1,G72E3BACC,2026-05-09 18:10:17,2026-05-11 15:52:00,Wanapum BRZ,1,2026-05-13 03:37:09
Rock Island Tailrace STH,1,G72E3BACC,2026-05-09 18:10:17,2026-05-11 15:52:00,Mattawa,1,2026-05-13 06:34:13
Rock Island Tailrace STH,1,G72E3BACC,2026-05-09 18:10:17,2026-05-11 15:52:00,Priest BRZ,1,2026-05-13 19:25:05
Rock Island Tailrace STH,1,G72E3BACC,2026-05-09 18:10:17,2026-05-11 15:52:00,Lower Ringold,1,2026-05-14 08:47:38
Rock Island Tailrace STH,1,G72E3BACC,2026-05-09 18:10:17,2026-05-11 15:52:00,Hanford,1,2026-05-14 11:58:12
Rock Island Tailrace STH,3,G72E4C024,2026-05-07 18:03:26,2026-05-09 15:47:00,Crescent Bar,1,2026-05-09 23:32:30
Rock Island Tailrace STH,3,G72E4C024,2026-05-07 18:03:26,2026-05-09 15:47:00,Sunland,1,2026-05-10 08:33:58
Rock Island Tailrace STH,3,G72E4C024,2026-05-07 18:03:26,2026-05-09 15:47:00,Wanapum BRZ,1,2026-05-11 10:07:25
Rock Island Tailrace STH,3,G72E4C024,2026-05-07 18:03:26,2026-05-09 15:47:00,Mattawa,1,2026-05-11 14:16:57
Rock Island Tailrace STH,3,G72E4C024,2026-05-07 18:03:26,2026-05-09 15:47:00,Priest BRZ,1,2026-05-12 02:06:11
Rock Island Tailrace STH,3,G72E4C024,2026-05-07 18:03:26,2026-05-09 15:47:00,Lower Ringold,1,2026-05-13 04:01:46
Rock Island Tailrace STH,3,G72E4C024,2026-05-07 18:03:26,2026-05-09 15:47:00,Hanford,1,2026-05-13 06:59:03
Rock Island Tailrace STH,3,G72E549F0,2026-05-10 17:25:09,2026-05-12 15:36:00,Crescent Bar,1,2026-05-12 23:18:20
Rock Island Tailrace STH,3,G72E549F0,2026-05-10 17:25:09,2026-05-12 15:36:00,Sunland,1,2026-05-13 09:50:43
Rock Island Tailrace STH,3,G72E549F0,2026-05-10 17:25:09,2026-05-12 15:36:00,Wanapum BRZ,1,2026-05-14 16:40:15
Rock Island Tailrace STH,3,G72E549F0,2026-05-10 17:25:09,2026-05-12 15:36:00,Mattawa,1,2026-05-15 08:26:40
Rock Island Tailrace STH,3,G72E549F0,2026-05-10 17:25:09,2026-05-12 15:36:00,Priest BRZ,1,2026-05-16 08:53:03
Rock Island Tailrace STH,3,G72E549F0,2026-05-10 17:25:09,2026-05-12 15:36:00,Lower Ringold,1,2026-05-17 00:14:58
Rock Island Tailrace STH,3,G72E549F0,2026-05-10 17:25:09,2026-05-12 15:36:00,Hanford,1,2026-05-17 03:01:25
Rock Island Tailrace STH,3,G72E55772,2026-05-06 18:45:09,2026-05-09 15:47:00,Crescent Bar,1,2026-05-10 01:13:27
Rock Island Tailrace STH,3,G72E55772,2026-05-06 18:45:09,2026-05-09 15:47:00,Sunland,1,2026-05-10 13:01:20
Rock Island Tailrace STH,3,G72E55772,2026-05-06 18:45:09,2026-05-09 15:47:00,Wanapum BRZ,1,2026-05-11 10:48:39
Rock Island Tailrace STH,3,G72E55772,2026-05-06 18:45:09,2026-05-09 15:47:00,Mattawa,1,2026-05-11 13:33:50
Rock Island Tailrace STH,3,G72E55772,2026-05-06 18:45:09,2026-05-09 15:47:00,Priest BRZ,1,2026-05-11 19:55:14
Rock Island Tailrace STH,3,G72E55772,2026-05-06 18:45:09,2026-05-09 15:47:00,Lower Ringold,1,2026-05-12 10:31:33
Rock Island Tailrace STH,3,G72E55772,2026-05-06 18:45:09,2026-05-09 15:47:00,Hanford,1,2026-05-12 13:45:08
Rock Island Tailrace STH,3,G72E593D9,2026-05-05 17:34:14,2026-05-07 15:46:00,Crescent Bar,1,2026-05-07 23:51:50
Rock Island Tailrace STH,3,G72E593D9,2026-05-05 17:34:14,2026-05-07 15:46:00,Sunland,1,2026-05-08 13:46:18
Rock Island Tailrace STH,3,G72E593D9,2026-05-05 17:34:14,2026-05-07 15:46:00,Wanapum BRZ,1,2026-05-09 16:30:09
Rock Island Tailrace STH,3,G72E593D9,2026-05-05 17:34:14,2026-05-07 15:46:00,Mattawa,1,2026-05-09 18:44:36
Rock Island Tailrace STH,3,G72E593D9,2026-05-05 17:34:14,2026-05-07 15:46:00,Priest BRZ,1,2026-05-10 07:03:13
Rock Island Tailrace STH,3,G72E593D9,2026-05-05 17:34:14,2026-05-07 15:46:00,Lower Ringold,1,2026-05-10 19:35:14
Rock Island Tailrace STH,3,G72E593D9,2026-05-05 17:34:14,2026-05-07 15:46:00,Hanford,1,2026-05-10 23:01:18
Rock Island Tailrace STH,2,G72E61EFD,2026-05-03 19:12:04,2026-05-05 16:45:00,Crescent Bar,1,2026-05-06 02:14:51
Rock Island Tailrace STH,2,G72E61EFD,2026-05-03 19:12:04,2026-05-05 16:45:00,Sunland,1,2026-05-06 14:39:55
Rock Island Tailrace STH,2,G72E61EFD,2026-05-03 19:12:04,2026-05-05 16:45:00,Wanapum BRZ,1,2026-05-07 19:34:09
Rock Island Tailrace STH,2,G72E61EFD,2026-05-03 19:12:04,2026-05-05 16:45:00,Mattawa,1,2026-05-09 04:08:37
Rock Island Tailrace STH,2,G72E61EFD,2026-05-03 19:12:04,2026-05-05 16:45:00,Priest BRZ,1,2026-05-09 11:40:53
Rock Island Tailrace STH,2,G72E61EFD,2026-05-03 19:12:04,2026-05-05 16:45:00,Lower Ringold,1,2026-05-11 04:27:06
Rock Island Tailrace STH,2,G72E61EFD,2026-05-03 19:12:04,2026-05-05 16:45:00,Hanford,1,2026-05-11 07:23:30
Rock Island Tailrace STH,1,G72E777C0,2026-05-03 19:01:39,2026-05-05 16:45:00,Crescent Bar,1,2026-05-06 00:56:29
Rock Island Tailrace STH,1,G72E777C0,2026-05-03 19:01:39,2026-05-05 16:45:00,Sunland,1,2026-05-06 11:57:06
Rock Island Tailrace STH,1,G72E777C0,2026-05-03 19:01:39,2026-05-05 16:45:00,Wanapum BRZ,1,2026-05-08 16:53:19
Rock Island Tailrace STH,1,G72E777C0,2026-05-03 19:01:39,2026-05-05 16:45:00,Mattawa,1,2026-05-08 19:58:37
Rock Island Tailrace STH,1,G72E777C0,2026-05-03 19:01:39,2026-05-05 16:45:00,Priest BRZ,1,2026-05-09 03:10:34
Rock Island Tailrace STH,1,G72E777C0,2026-05-03 19:01:39,2026-05-05 16:45:00,Lower Ringold,1,2026-05-09 16:01:05
Rock Island Tailrace STH,1,G72E777C0,2026-05-03 19:01:39,2026-05-05 16:45:00,Hanford,1,2026-05-10 09:57:37
Rock Island Tailrace STH,3,G72E7E56D,2026-05-08 20:14:47,2026-05-10 15:37:00,Crescent Bar,1,2026-05-10 22:54:39
Rock Island Tailrace STH,3,G72E7E56D,2026-05-08 20:14:47,2026-05-10 15:37:00,Sunland,1,2026-05-11 10:11:22
Rock Island Tailrace STH,3,G72E7E56D,2026-05-08 20:14:47,2026-05-10 15:37:00,Wanapum BRZ,1,2026-05-12 15:02:29
Rock Island Tailrace STH,3,G72E7E56D,2026-05-08 20:14:47,2026-05-10 15:37:00,Mattawa,1,2026-05-13 08:58:14
Rock Island Tailrace STH,3,G72E7E56D,2026-05-08 20:14:47,2026-05-10 15:37:00,Priest BRZ,1,2026-05-13 17:24:53
Rock Island Tailrace STH,3,G72E7E56D,2026-05-08 20:14:47,2026-05-10 15:37:00,Lower Ringold,1,2026-05-20 09:35:03
Rock Island Tailrace STH,3,G72E7E56D,2026-05-08 20:14:47,2026-05-10 15:37:00,Hanford,1,2026-05-20 12:19:13
Rock Island Tailrace STH,1,G72ED02E0,2026-05-10 17:25:38,2026-05-12 15:36:00,Crescent Bar,1,2026-05-13 04:27:15
Rock Island Tailrace STH,1,G72ED02E0,2026-05-10 17:25:38,2026-05-12 15:36:00,Sunland,1,2026-05-13 17:31:11
Rock Island Tailrace STH,1,G72ED02E0,2026-05-10 17:25:38,2026-05-12 15:36:00,Wanapum BRZ,0,
Rock Island Tailrace STH,1,G72ED02E0,2026-05-10 17:25:38,2026-05-12 15:36:00,Mattawa,0,
Rock Island Tailrace STH,1,G72ED02E0,2026-05-10 17:25:38,2026-05-12 15:36:00,Priest BRZ,0,
Rock Island Tailrace STH,1,G72ED02E0,2026-05-10 17:25:38,2026-05-12 15:36:00,Lower Ringold,0,
Rock Island Tailrace STH,1,G72ED02E0,2026-05-10 17:25:38,2026-05-12 15:36:00,Hanford,0,
Rock Island Tailrace STH,1,G72EE5D2F,2026-05-04 18:25:18,2026-05-06 16:04:00,Crescent Bar,1,2026-05-07 01:31:29
Rock Island Tailrace STH,1,G72EE5D2F,2026-05-04 18:25:18,2026-05-06 16:04:00,Sunland,1,2026-05-07 13:53:19
Rock Island Tailrace STH,1,G72EE5D2F,2026-05-04 18:25:18,2026-05-06 16:04:00,Wanapum BRZ,1,2026-05-08 14:57:40
Rock Island Tailrace STH,1,G72EE5D2F,2026-05-04 18:25:18,2026-05-06 16:04:00,Mattawa,1,2026-05-08 21:16:14
Rock Island Tailrace STH,1,G72EE5D2F,2026-05-04 18:25:18,2026-05-06 16:04:00,Priest BRZ,1,2026-05-09 05:43:30
Rock Island Tailrace STH,1,G72EE5D2F,2026-05-04 18:25:18,2026-05-06 16:04:00,Lower Ringold,1,2026-05-09 22:12:49
Rock Island Tailrace STH,1,G72EE5D2F,2026-05-04 18:25:18,2026-05-06 16:04:00,Hanford,1,2026-05-10 00:33:21
Rock Island Tailrace STH,2,G72EF5795,2026-05-05 17:19:59,2026-05-07 15:46:00,Crescent Bar,1,2026-05-07 22:08:22
Rock Island Tailrace STH,2,G72EF5795,2026-05-05 17:19:59,2026-05-07 15:46:00,Sunland,1,2026-05-08 08:36:14
Rock Island Tailrace STH,2,G72EF5795,2026-05-05 17:19:59,2026-05-07 15:46:00,Wanapum BRZ,1,2026-05-09 00:35:37
Rock Island Tailrace STH,2,G72EF5795,2026-05-05 17:19:59,2026-05-07 15:46:00,Mattawa,1,2026-05-09 10:36:06
Rock Island Tailrace STH,2,G72EF5795,2026-05-05 17:19:59,2026-05-07 15:46:00,Priest BRZ,1,2026-05-09 23:55:25
Rock Island Tailrace STH,2,G72EF5795,2026-05-05 17:19:59,2026-05-07 15:46:00,Lower Ringold,1,2026-05-12 03:49:33
Rock Island Tailrace STH,2,G72EF5795,2026-05-05 17:19:59,2026-05-07 15:46:00,Hanford,1,2026-05-12 06:46:39
Rock Island Tailrace STH,3,G72EFD1C4,2026-05-09 18:16:03,2026-05-11 15:52:00,Crescent Bar,1,2026-05-11 23:09:20
Rock Island Tailrace STH,3,G72EFD1C4,2026-05-09 18:16:03,2026-05-11 15:52:00,Sunland,1,2026-05-12 12:09:10
Rock Island Tailrace STH,3,G72EFD1C4,2026-05-09 18:16:03,2026-05-11 15:52:00,Wanapum BRZ,0,
Rock Island Tailrace STH,3,G72EFD1C4,2026-05-09 18:16:03,2026-05-11 15:52:00,Mattawa,0,
Rock Island Tailrace STH,3,G72EFD1C4,2026-05-09 18:16:03,2026-05-11 15:52:00,Priest BRZ,0,
Rock Island Tailrace STH,3,G72EFD1C4,2026-05-09 18:16:03,2026-05-11 15:52:00,Lower Ringold,0,
Rock Island Tailrace STH,3,G72EFD1C4,2026-05-09 18:16:03,2026-05-11 15:52:00,Hanford,0,
Rock Island Tailrace STH,2,G72EFEF65,2026-05-06 18:36:15,2026-05-09 15:47:00,Crescent Bar,1,2026-05-09 21:48:21
Rock Island Tailrace STH,2,G72EFEF65,2026-05-06 18:36:15,2026-05-09 15:47:00,Sunland,1,2026-05-10 08:07:10
Rock Island Tailrace STH,2,G72EFEF65,2026-05-06 18:36:15,2026-05-09 15:47:00,Wanapum BRZ,1,2026-05-11 11:37:35
Rock Island Tailrace STH,2,G72EFEF65,2026-05-06 18:36:15,2026-05-09 15:47:00,Mattawa,1,2026-05-14 23:03:56
Rock Island Tailrace STH,2,G72EFEF65,2026-05-06 18:36:15,2026-05-09 15:47:00,Priest BRZ,0,
Rock Island Tailrace STH,2,G72EFEF65,2026-05-06 18:36:15,2026-05-09 15:47:00,Lower Ringold,0,
Rock Island Tailrace STH,2,G72EFEF65,2026-05-06 18:36:15,2026-05-09 15:47:00,Hanford,0,
Rock Island Tailrace STH,3,G72F0858A,2026-05-06 18:40:50,2026-05-09 15:47:00,Crescent Bar,1,2026-05-09 23:10:03
Rock Island Tailrace STH,3,G72F0858A,2026-05-06 18:40:50,2026-05-09 15:47:00,Sunland,1,2026-05-10 08:44:33
Rock Island Tailrace STH,3,G72F0858A,2026-05-06 18:40:50,2026-05-09 15:47:00,Wanapum BRZ,1,2026-05-11 12:40:18
Rock Island Tailrace STH,3,G72F0858A,2026-05-06 18:40:50,2026-05-09 15:47:00,Mattawa,0,
Rock Island Tailrace STH,3,G72F0858A,2026-05-06 18:40:50,2026-05-09 15:47:00,Priest BRZ,0,
Rock Island Tailrace STH,3,G72F0858A,2026-05-06 18:40:50,2026-05-09 15:47:00,Lower Ringold,0,
Rock Island Tailrace STH,3,G72F0858A,2026-05-06 18:40:50,2026-05-09 15:47:00,Hanford,0,
Rock Island Tailrace STH,2,G72F0BB2B,2026-05-07 17:57:02,2026-05-09 15:47:00,Crescent Bar,1,2026-05-09 22:18:51
Rock Island Tailrace STH,2,G72F0BB2B,2026-05-07 17:57:02,2026-05-09 15:47:00,Sunland,1,2026-05-10 11:37:20
Rock Island Tailrace STH,2,G72F0BB2B,2026-05-07 17:57:02,2026-05-09 15:47:00,Wanapum BRZ,0,
Rock Island Tailrace STH,2,G72F0BB2B,2026-05-07 17:57:02,2026-05-09 15:47:00,Mattawa,0,
Rock Island Tailrace STH,2,G72F0BB2B,2026-05-07 17:57:02,2026-05-09 15:47:00,Priest BRZ,0,
Rock Island Tailrace STH,2,G72F0BB2B,2026-05-07 17:57:02,2026-05-09 15:47:00,Lower Ringold,0,
Rock Island Tailrace STH,2,G72F0BB2B,2026-05-07 17:57:02,2026-05-09 15:47:00,Hanford,0,
Rock Island Tailrace STH,1,G72F1369E,2026-05-05 17:34:48,2026-05-07 15:46:00,Crescent Bar,1,2026-05-08 00:59:11
Rock Island Tailrace STH,1,G72F1369E,2026-05-05 17:34:48,2026-05-07 15:46:00,Sunland,1,2026-05-08 12:34:45
Rock Island Tailrace STH,1,G72F1369E,2026-05-05 17:34:48,2026-05-07 15:46:00,Wanapum BRZ,1,2026-05-09 18:56:17
Rock Island Tailrace STH,1,G72F1369E,2026-05-05 17:34:48,2026-05-07 15:46:00,Mattawa,1,2026-05-09 22:42:09
Rock Island Tailrace STH,1,G72F1369E,2026-05-05 17:34:48,2026-05-07 15:46:00,Priest BRZ,1,2026-05-10 08:57:45
Rock Island Tailrace STH,1,G72F1369E,2026-05-05 17:34:48,2026-05-07 15:46:00,Lower Ringold,1,2026-05-10 21:07:22
Rock Island Tailrace STH,1,G72F1369E,2026-05-05 17:34:48,2026-05-07 15:46:00,Hanford,1,2026-05-11 12:13:33
Rock Island Tailrace STH,1,G72F19BCC,2026-05-08 20:10:35,2026-05-10 15:37:00,Crescent Bar,1,2026-05-10 22:30:24
Rock Island Tailrace STH,1,G72F19BCC,2026-05-08 20:10:35,2026-05-10 15:37:00,Sunland,0,
Rock Island Tailrace STH,1,G72F19BCC,2026-05-08 20:10:35,2026-05-10 15:37:00,Wanapum BRZ,0,
Rock Island Tailrace STH,1,G72F19BCC,2026-05-08 20:10:35,2026-05-10 15:37:00,Mattawa,0,
Rock Island Tailrace STH,1,G72F19BCC,2026-05-08 20:10:35,2026-05-10 15:37:00,Priest BRZ,0,
Rock Island Tailrace STH,1,G72F19BCC,2026-05-08 20:10:35,2026-05-10 15:37:00,Lower Ringold,0,
Rock Island Tailrace STH,1,G72F19BCC,2026-05-08 20:10:35,2026-05-10 15:37:00,Hanford,0,
Rock Island Tailrace STH,1,G72F1D936,2026-05-06 18:41:17,2026-05-09 15:47:00,Crescent Bar,1,2026-05-09 21:33:24
Rock Island Tailrace STH,1,G72F1D936,2026-05-06 18:41:17,2026-05-09 15:47:00,Sunland,1,2026-05-10 08:00:49
Rock Island Tailrace STH,1,G72F1D936,2026-05-06 18:41:17,2026-05-09 15:47:00,Wanapum BRZ,0,
Rock Island Tailrace STH,1,G72F1D936,2026-05-06 18:41:17,2026-05-09 15:47:00,Mattawa,0,
Rock Island Tailrace STH,1,G72F1D936,2026-05-06 18:41:17,2026-05-09 15:47:00,Priest BRZ,0,
Rock Island Tailrace STH,1,G72F1D936,2026-05-06 18:41:17,2026-05-09 15:47:00,Lower Ringold,0,
Rock Island Tailrace STH,1,G72F1D936,2026-05-06 18:41:17,2026-05-09 15:47:00,Hanford,0,
Rock Island Tailrace STH,1,G72F26610,2026-05-08 20:22:44,2026-05-10 15:37:00,Crescent Bar,1,2026-05-10 23:50:51
Rock Island Tailrace STH,1,G72F26610,2026-05-08 20:22:44,2026-05-10 15:37:00,Sunland,1,2026-05-11 13:19:18
Rock Island Tailrace STH,1,G72F26610,2026-05-08 20:22:44,2026-05-10 15:37:00,Wanapum BRZ,1,2026-05-12 04:56:04
Rock Island Tailrace STH,1,G72F26610,2026-05-08 20:22:44,2026-05-10 15:37:00,Mattawa,1,2026-05-12 11:59:37
Rock Island Tailrace STH,1,G72F26610,2026-05-08 20:22:44,2026-05-10 15:37:00,Priest BRZ,1,2026-05-13 06:25:07
Rock Island Tailrace STH,1,G72F26610,2026-05-08 20:22:44,2026-05-10 15:37:00,Lower Ringold,1,2026-05-14 07:10:20
Rock Island Tailrace STH,1,G72F26610,2026-05-08 20:22:44,2026-05-10 15:37:00,Hanford,1,2026-05-14 10:11:22
Rock Island Tailrace STH,1,G72F273B2,2026-05-04 18:49:18,2026-05-06 16:04:00,Crescent Bar,1,2026-05-06 23:31:48
Rock Island Tailrace STH,1,G72F273B2,2026-05-04 18:49:18,2026-05-06 16:04:00,Sunland,1,2026-05-07 11:12:54
Rock Island Tailrace STH,1,G72F273B2,2026-05-04 18:49:18,2026-05-06 16:04:00,Wanapum BRZ,1,2026-05-08 20:01:41
Rock Island Tailrace STH,1,G72F273B2,2026-05-04 18:49:18,2026-05-06 16:04:00,Mattawa,0,
Rock Island Tailrace STH,1,G72F273B2,2026-05-04 18:49:18,2026-05-06 16:04:00,Priest BRZ,0,
Rock Island Tailrace STH,1,G72F273B2,2026-05-04 18:49:18,2026-05-06 16:04:00,Lower Ringold,0,
Rock Island Tailrace STH,1,G72F273B2,2026-05-04 18:49:18,2026-05-06 16:04:00,Hanford,0,
Rock Island Tailrace STH,1,G72F29C1A,2026-05-06 18:21:28,2026-05-09 15:47:00,Crescent Bar,1,2026-05-09 21:37:06
Rock Island Tailrace STH,1,G72F29C1A,2026-05-06 18:21:28,2026-05-09 15:47:00,Sunland,1,2026-05-10 03:50:09
Rock Island Tailrace STH,1,G72F29C1A,2026-05-06 18:21:28,2026-05-09 15:47:00,Wanapum BRZ,1,2026-05-12 08:15:03
Rock Island Tailrace STH,1,G72F29C1A,2026-05-06 18:21:28,2026-05-09 15:47:00,Mattawa,1,2026-05-14 11:49:26
Rock Island Tailrace STH,1,G72F29C1A,2026-05-06 18:21:28,2026-05-09 15:47:00,Priest BRZ,0,
Rock Island Tailrace STH,1,G72F29C1A,2026-05-06 18:21:28,2026-05-09 15:47:00,Lower Ringold,0,
Rock Island Tailrace STH,1,G72F29C1A,2026-05-06 18:21:28,2026-05-09 15:47:00,Hanford,0,
Rock Island Tailrace STH,1,G72F2CF23,2026-05-03 19:26:46,2026-05-05 16:45:00,Crescent Bar,1,2026-05-06 07:43:20
Rock Island Tailrace STH,1,G72F2CF23,2026-05-03 19:26:46,2026-05-05 16:45:00,Sunland,1,2026-05-06 17:57:16
Rock Island Tailrace STH,1,G72F2CF23,2026-05-03 19:26:46,2026-05-05 16:45:00,Wanapum BRZ,1,2026-05-07 23:14:58
Rock Island Tailrace STH,1,G72F2CF23,2026-05-03 19:26:46,2026-05-05 16:45:00,Mattawa,1,2026-05-08 01:34:56
Rock Island Tailrace STH,1,G72F2CF23,2026-05-03 19:26:46,2026-05-05 16:45:00,Priest BRZ,1,2026-05-09 10:12:24
Rock Island Tailrace STH,1,G72F2CF23,2026-05-03 19:26:46,2026-05-05 16:45:00,Lower Ringold,0,
Rock Island Tailrace STH,1,G72F2CF23,2026-05-03 19:26:46,2026-05-05 16:45:00,Hanford,0,
Rock Island Tailrace STH,1,G72F32E50,2026-05-09 18:10:44,2026-05-11 15:52:00,Crescent Bar,1,2026-05-12 02:46:42
Rock Island Tailrace STH,1,G72F32E50,2026-05-09 18:10:44,2026-05-11 15:52:00,Sunland,1,2026-05-12 14:51:51
Rock Island Tailrace STH,1,G72F32E50,2026-05-09 18:10:44,2026-05-11 15:52:00,Wanapum BRZ,1,2026-05-14 13:39:36
Rock Island Tailrace STH,1,G72F32E50,2026-05-09 18:10:44,2026-05-11 15:52:00,Mattawa,1,2026-05-15 01:53:44
Rock Island Tailrace STH,1,G72F32E50,2026-05-09 18:10:44,2026-05-11 15:52:00,Priest BRZ,1,2026-05-15 18:52:43
Rock Island Tailrace STH,1,G72F32E50,2026-05-09 18:10:44,2026-05-11 15:52:00,Lower Ringold,1,2026-05-16 23:37:36
Rock Island Tailrace STH,1,G72F32E50,2026-05-09 18:10:44,2026-05-11 15:52:00,Hanford,1,2026-05-17 04:55:52
Rock Island Tailrace STH,1,G72F5CB2C,2026-05-05 17:25:12,2026-05-07 15:46:00,Crescent Bar,1,2026-05-07 21:50:44
Rock Island Tailrace STH,1,G72F5CB2C,2026-05-05 17:25:12,2026-05-07 15:46:00,Sunland,1,2026-05-08 07:58:17
Rock Island Tailrace STH,1,G72F5CB2C,2026-05-05 17:25:12,2026-05-07 15:46:00,Wanapum BRZ,1,2026-05-08 19:29:21
Rock Island Tailrace STH,1,G72F5CB2C,2026-05-05 17:25:12,2026-05-07 15:46:00,Mattawa,1,2026-05-09 07:39:26
Rock Island Tailrace STH,1,G72F5CB2C,2026-05-05 17:25:12,2026-05-07 15:46:00,Priest BRZ,1,2026-05-10 11:51:10
Rock Island Tailrace STH,1,G72F5CB2C,2026-05-05 17:25:12,2026-05-07 15:46:00,Lower Ringold,1,2026-05-14 03:18:14
Rock Island Tailrace STH,1,G72F5CB2C,2026-05-05 17:25:12,2026-05-07 15:46:00,Hanford,1,2026-05-14 06:35:11
Rock Island Tailrace STH,1,G72F65695,2026-05-08 20:16:05,2026-05-10 15:37:00,Crescent Bar,1,2026-05-10 23:53:47
Rock Island Tailrace STH,1,G72F65695,2026-05-08 20:16:05,2026-05-10 15:37:00,Sunland,1,2026-05-11 12:00:26
Rock Island Tailrace STH,1,G72F65695,2026-05-08 20:16:05,2026-05-10 15:37:00,Wanapum BRZ,1,2026-05-12 07:39:59
Rock Island Tailrace STH,1,G72F65695,2026-05-08 20:16:05,2026-05-10 15:37:00,Mattawa,1,2026-05-12 10:56:29
Rock Island Tailrace STH,1,G72F65695,2026-05-08 20:16:05,2026-05-10 15:37:00,Priest BRZ,0,
Rock Island Tailrace STH,1,G72F65695,2026-05-08 20:16:05,2026-05-10 15:37:00,Lower Ringold,0,
Rock Island Tailrace STH,1,G72F65695,2026-05-08 20:16:05,2026-05-10 15:37:00,Hanford,0,
Rock Island Tailrace STH,1,G72F678A9,2026-05-05 17:49:25,2026-05-07 15:46:00,Crescent Bar,1,2026-05-08 02:12:04
Rock Island Tailrace STH,1,G72F678A9,2026-05-05 17:49:25,2026-05-07 15:46:00,Sunland,1,2026-05-08 12:56:41
Rock Island Tailrace STH,1,G72F678A9,2026-05-05 17:49:25,2026-05-07 15:46:00,Wanapum BRZ,1,2026-05-09 18:58:24
Rock Island Tailrace STH,1,G72F678A9,2026-05-05 17:49:25,2026-05-07 15:46:00,Mattawa,1,2026-05-10 03:44:02
Rock Island Tailrace STH,1,G72F678A9,2026-05-05 17:49:25,2026-05-07 15:46:00,Priest BRZ,1,2026-05-11 08:04:48
Rock Island Tailrace STH,1,G72F678A9,2026-05-05 17:49:25,2026-05-07 15:46:00,Lower Ringold,1,2026-05-11 22:14:30
Rock Island Tailrace STH,1,G72F678A9,2026-05-05 17:49:25,2026-05-07 15:46:00,Hanford,1,2026-05-12 01:06:38
Rock Island Tailrace STH,2,G72F74792,2026-05-04 18:20:43,2026-05-06 16:04:00,Crescent Bar,1,2026-05-06 21:45:50
Rock Island Tailrace STH,2,G72F74792,2026-05-04 18:20:43,2026-05-06 16:04:00,Sunland,1,2026-05-07 09:18:18
Rock Island Tailrace STH,2,G72F74792,2026-05-04 18:20:43,2026-05-06 16:04:00,Wanapum BRZ,1,2026-05-09 06:23:51
Rock Island Tailrace STH,2,G72F74792,2026-05-04 18:20:43,2026-05-06 16:04:00,Mattawa,1,2026-05-10 23:05:45
Rock Island Tailrace STH,2,G72F74792,2026-05-04 18:20:43,2026-05-06 16:04:00,Priest BRZ,1,2026-05-11 10:41:16
Rock Island Tailrace STH,2,G72F74792,2026-05-04 18:20:43,2026-05-06 16:04:00,Lower Ringold,1,2026-05-11 23:40:05
Rock Island Tailrace STH,2,G72F74792,2026-05-04 18:20:43,2026-05-06 16:04:00,Hanford,0,
Rock Island Tailrace STH,3,G72F774CE,2026-05-10 17:29:16,2026-05-12 15:36:00,Crescent Bar,1,2026-05-12 23:46:18
Rock Island Tailrace STH,3,G72F774CE,2026-05-10 17:29:16,2026-05-12 15:36:00,Sunland,1,2026-05-13 08:51:04
Rock Island Tailrace STH,3,G72F774CE,2026-05-10 17:29:16,2026-05-12 15:36:00,Wanapum BRZ,1,2026-05-14 16:37:56
Rock Island Tailrace STH,3,G72F774CE,2026-05-10 17:29:16,2026-05-12 15:36:00,Mattawa,1,2026-05-15 01:29:06
Rock Island Tailrace STH,3,G72F774CE,2026-05-10 17:29:16,2026-05-12 15:36:00,Priest BRZ,1,2026-05-15 08:38:05
Rock Island Tailrace STH,3,G72F774CE,2026-05-10 17:29:16,2026-05-12 15:36:00,Lower Ringold,1,2026-05-16 07:48:37
Rock Island Tailrace STH,3,G72F774CE,2026-05-10 17:29:16,2026-05-12 15:36:00,Hanford,1,2026-05-16 10:26:35
Rock Island Tailrace STH,3,G72F78AA5,2026-05-04 18:28:38,2026-05-06 16:04:00,Crescent Bar,1,2026-05-07 12:14:41
Rock Island Tailrace STH,3,G72F78AA5,2026-05-04 18:28:38,2026-05-06 16:04:00,Sunland,1,2026-05-08 02:26:30
Rock Island Tailrace STH,3,G72F78AA5,2026-05-04 18:28:38,2026-05-06 16:04:00,Wanapum BRZ,1,2026-05-09 13:12:02
Rock Island Tailrace STH,3,G72F78AA5,2026-05-04 18:28:38,2026-05-06 16:04:00,Mattawa,0,
Rock Island Tailrace STH,3,G72F78AA5,2026-05-04 18:28:38,2026-05-06 16:04:00,Priest BRZ,0,
Rock Island Tailrace STH,3,G72F78AA5,2026-05-04 18:28:38,2026-05-06 16:04:00,Lower Ringold,0,
Rock Island Tailrace STH,3,G72F78AA5,2026-05-04 18:28:38,2026-05-06 16:04:00,Hanford,0,
Rock Island Tailrace STH,2,G72F7EEA1,2026-05-05 17:26:00,2026-05-07 15:46:00,Crescent Bar,1,2026-05-08 01:49:52
Rock Island Tailrace STH,2,G72F7EEA1,2026-05-05 17:26:00,2026-05-07 15:46:00,Sunland,1,2026-05-08 12:50:44
Rock Island Tailrace STH,2,G72F7EEA1,2026-05-05 17:26:00,2026-05-07 15:46:00,Wanapum BRZ,1,2026-05-09 18:18:12
Rock Island Tailrace STH,2,G72F7EEA1,2026-05-05 17:26:00,2026-05-07 15:46:00,Mattawa,1,2026-05-09 22:08:50
Rock Island Tailrace STH,2,G72F7EEA1,2026-05-05 17:26:00,2026-05-07 15:46:00,Priest BRZ,1,2026-05-10 06:06:23
Rock Island Tailrace STH,2,G72F7EEA1,2026-05-05 17:26:00,2026-05-07 15:46:00,Lower Ringold,1,2026-05-10 16:10:01
Rock Island Tailrace STH,2,G72F7EEA1,2026-05-05 17:26:00,2026-05-07 15:46:00,Hanford,1,2026-05-10 19:23:06
Rock Island Tailrace STH,3,G72F8602A,2026-05-08 20:24:48,2026-05-10 15:37:00,Crescent Bar,1,2026-05-11 05:24:11
Rock Island Tailrace STH,3,G72F8602A,2026-05-08 20:24:48,2026-05-10 15:37:00,Sunland,1,2026-05-11 14:47:29
Rock Island Tailrace STH,3,G72F8602A,2026-05-08 20:24:48,2026-05-10 15:37:00,Wanapum BRZ,1,2026-05-12 12:14:45
Rock Island Tailrace STH,3,G72F8602A,2026-05-08 20:24:48,2026-05-10 15:37:00,Mattawa,1,2026-05-13 03:31:46
Rock Island Tailrace STH,3,G72F8602A,2026-05-08 20:24:48,2026-05-10 15:37:00,Priest BRZ,1,2026-05-13 16:52:03
Rock Island Tailrace STH,3,G72F8602A,2026-05-08 20:24:48,2026-05-10 15:37:00,Lower Ringold,1,2026-05-18 09:50:57
Rock Island Tailrace STH,3,G72F8602A,2026-05-08 20:24:48,2026-05-10 15:37:00,Hanford,1,2026-05-18 12:45:31
Rock Island Tailrace STH,1,G72F933D7,2026-05-09 18:15:04,2026-05-11 15:52:00,Crescent Bar,1,2026-05-12 01:03:52
Rock Island Tailrace STH,1,G72F933D7,2026-05-09 18:15:04,2026-05-11 15:52:00,Sunland,1,2026-05-12 12:50:20
Rock Island Tailrace STH,1,G72F933D7,2026-05-09 18:15:04,2026-05-11 15:52:00,Wanapum BRZ,1,2026-05-14 20:36:38
Rock Island Tailrace STH,1,G72F933D7,2026-05-09 18:15:04,2026-05-11 15:52:00,Mattawa,1,2026-05-15 08:03:31
Rock Island Tailrace STH,1,G72F933D7,2026-05-09 18:15:04,2026-05-11 15:52:00,Priest BRZ,1,2026-05-16 01:37:37
Rock Island Tailrace STH,1,G72F933D7,2026-05-09 18:15:04,2026-05-11 15:52:00,Lower Ringold,1,2026-05-16 12:38:38
Rock Island Tailrace STH,1,G72F933D7,2026-05-09 18:15:04,2026-05-11 15:52:00,Hanford,1,2026-05-16 15:13:24
Rock Island Tailrace STH,2,G72F9A8E6,2026-05-06 18:19:56,2026-05-09 15:47:00,Crescent Bar,1,2026-05-09 23:08:00
Rock Island Tailrace STH,2,G72F9A8E6,2026-05-06 18:19:56,2026-05-09 15:47:00,Sunland,1,2026-05-10 08:18:04
Rock Island Tailrace STH,2,G72F9A8E6,2026-05-06 18:19:56,2026-05-09 15:47:00,Wanapum BRZ,1,2026-05-11 12:32:38
Rock Island Tailrace STH,2,G72F9A8E6,2026-05-06 18:19:56,2026-05-09 15:47:00,Mattawa,1,2026-05-11 17:14:28
Rock Island Tailrace STH,2,G72F9A8E6,2026-05-06 18:19:56,2026-05-09 15:47:00,Priest BRZ,1,2026-05-12 01:43:20
Rock Island Tailrace STH,2,G72F9A8E6,2026-05-06 18:19:56,2026-05-09 15:47:00,Lower Ringold,1,2026-05-12 23:22:03
Rock Island Tailrace STH,2,G72F9A8E6,2026-05-06 18:19:56,2026-05-09 15:47:00,Hanford,1,2026-05-13 02:35:51
Rock Island Tailrace STH,3,G72FA4645,2026-05-10 17:15:37,2026-05-12 15:36:00,Crescent Bar,1,2026-05-13 01:37:04
Rock Island Tailrace STH,3,G72FA4645,2026-05-10 17:15:37,2026-05-12 15:36:00,Sunland,0,
Rock Island Tailrace STH,3,G72FA4645,2026-05-10 17:15:37,2026-05-12 15:36:00,Wanapum BRZ,0,
Rock Island Tailrace STH,3,G72FA4645,2026-05-10 17:15:37,2026-05-12 15:36:00,Mattawa,0,
Rock Island Tailrace STH,3,G72FA4645,2026-05-10 17:15:37,2026-05-12 15:36:00,Priest BRZ,0,
Rock Island Tailrace STH,3,G72FA4645,2026-05-10 17:15:37,2026-05-12 15:36:00,Lower Ringold,0,
Rock Island Tailrace STH,3,G72FA4645,2026-05-10 17:15:37,2026-05-12 15:36:00,Hanford,0,
Rock Island Tailrace STH,2,G72FB3EBB,2026-05-03 19:08:16,2026-05-05 16:45:00,Crescent Bar,1,2026-05-06 00:26:27
Rock Island Tailrace STH,2,G72FB3EBB,2026-05-03 19:08:16,2026-05-05 16:45:00,Sunland,1,2026-05-06 09:11:43
Rock Island Tailrace STH,2,G72FB3EBB,2026-05-03 19:08:16,2026-05-05 16:45:00,Wanapum BRZ,1,2026-05-07 05:40:00
Rock Island Tailrace STH,2,G72FB3EBB,2026-05-03 19:08:16,2026-05-05 16:45:00,Mattawa,1,2026-05-07 09:16:23
Rock Island Tailrace STH,2,G72FB3EBB,2026-05-03 19:08:16,2026-05-05 16:45:00,Priest BRZ,1,2026-05-08 06:10:30
Rock Island Tailrace STH,2,G72FB3EBB,2026-05-03 19:08:16,2026-05-05 16:45:00,Lower Ringold,1,2026-05-08 17:20:34
Rock Island Tailrace STH,2,G72FB3EBB,2026-05-03 19:08:16,2026-05-05 16:45:00,Hanford,1,2026-05-09 00:57:05
