Priest Rapids Tailrace CHN,2,G72008DD1,2026-04-24 21:26:02,2026-04-26 16:25:00,Lower Ringold,1,2026-04-27 05:56:28
Priest Rapids Tailrace CHN,2,G72008DD1,2026-04-24 21:26:02,2026-04-26 16:25:00,Hanford,1,2026-04-27 14:19:18
Priest Rapids Tailrace CHN,2,G7200F4B5,2026-04-28 19:39:44,2026-04-30 16:19:00,Lower Ringold,1,2026-05-01 06:17:35
Priest Rapids Tailrace CHN,2,G7200F4B5,2026-04-28 19:39:44,2026-04-30 16:19:00,Hanford,1,2026-05-01 14:52:30
Priest Rapids Tailrace CHN,2,G7201429E,2026-04-29 17:05:47,2026-05-01 16:26:00,Lower Ringold,0,
Priest Rapids Tailrace CHN,2,G7201429E,2026-04-29 17:05:47,2026-05-01 16:26:00,Hanford,0,
Priest Rapids Tailrace CHN,2,G72028D40,2026-04-26 17:45:31,2026-04-28 15:47:00,Lower Ringold,1,2026-04-29 13:56:05
Priest Rapids Tailrace CHN,2,G72028D40,2026-04-26 17:45:31,2026-04-28 15:47:00,Hanford,1,2026-04-29 17:49:09
Priest Rapids Tailrace CHN,1,G7208CF5D,2026-04-25 18:45:24,2026-04-27 16:25:00,Lower Ringold,1,2026-04-28 05:19:53
Priest Rapids Tailrace CHN,1,G7208CF5D,2026-04-25 18:45:24,2026-04-27 16:25:00,Hanford,1,2026-04-28 09:07:10
Priest Rapids Tailrace CHN,1,G7209A35F,2026-04-27 18:50:48,2026-04-29 16:07:00,Lower Ringold,1,2026-04-30 05:26:18
Priest Rapids Tailrace CHN,1,G7209A35F,2026-04-27 18:50:48,2026-04-29 16:07:00,Hanford,1,2026-04-30 08:23:34
Priest Rapids Tailrace CHN,3,G720A3EE6,2026-04-24 21:24:59,2026-04-26 16:25:00,Lower Ringold,1,2026-04-27 06:14:12
Priest Rapids Tailrace CHN,3,G720A3EE6,2026-04-24 21:24:59,2026-04-26 16:25:00,Hanford,1,2026-04-27 11:19:50
Priest Rapids Tailrace CHN,3,G720A5FDD,2026-04-28 19:30:09,2026-04-30 16:19:00,Lower Ringold,1,2026-05-01 05:36:54
Priest Rapids Tailrace CHN,3,G720A5FDD,2026-04-28 19:30:09,2026-04-30 16:19:00,Hanford,1,2026-05-01 09:00:14
Priest Rapids Tailrace CHN,3,G720AF6EE,2026-04-26 17:58:01,2026-04-28 15:47:00,Lower Ringold,1,2026-04-29 12:22:47
Priest Rapids Tailrace CHN,3,G720AF6EE,2026-04-26 17:58:01,2026-04-28 15:47:00,Hanford,1,2026-04-29 21:13:55
Priest Rapids Tailrace CHN,3,G720BDF95,2026-04-30 17:03:30,2026-05-02 16:36:00,Lower Ringold,1,2026-05-03 05:06:59
Priest Rapids Tailrace CHN,3,G720BDF95,2026-04-30 17:03:30,2026-05-02 16:36:00,Hanford,1,2026-05-03 08:35:51
Priest Rapids Tailrace CHN,1,G720CA880,2026-04-30 17:04:23,2026-05-02 16:36:00,Lower Ringold,1,2026-05-03 06:05:14
Priest Rapids Tailrace CHN,1,G720CA880,2026-04-30 17:04:23,2026-05-02 16:36:00,Hanford,1,2026-05-03 15:21:41
Priest Rapids Tailrace CHN,1,G720D0448,2026-04-28 19:28:43,2026-04-30 16:19:00,Lower Ringold,1,2026-05-01 05:36:16
Priest Rapids Tailrace CHN,1,G720D0448,2026-04-28 19:28:43,2026-04-30 16:19:00,Hanford,1,2026-05-01 08:36:58
Priest Rapids Tailrace CHN,3,G720DC821,2026-04-24 21:23:36,2026-04-26 16:25:00,Lower Ringold,0,
Priest Rapids Tailrace CHN,3,G720DC821,2026-04-24 21:23:36,2026-04-26 16:25:00,Hanford,0,
Priest Rapids Tailrace CHN,3,G720E125D,2026-04-29 16:47:13,2026-05-01 16:26:00,Lower Ringold,1,2026-05-02 06:38:02
Priest Rapids Tailrace CHN,3,G720E125D,2026-04-29 16:47:13,2026-05-01 16:26:00,Hanford,1,2026-05-02 09:24:14
Priest Rapids Tailrace CHN,3,G720FD973,2026-04-30 16:36:54,2026-05-02 16:36:00,Lower Ringold,1,2026-05-03 05:13:29
Priest Rapids Tailrace CHN,3,G720FD973,2026-04-30 16:36:54,2026-05-02 16:36:00,Hanford,1,2026-05-03 08:07:15
Priest Rapids Tailrace CHN,3,G720FF950,2026-04-23 21:30:00,2026-04-25 16:05:00,Lower Ringold,1,2026-04-26 06:52:08
Priest Rapids Tailrace CHN,3,G720FF950,2026-04-23 21:30:00,2026-04-25 16:05:00,Hanford,1,2026-04-26 09:46:07
Priest Rapids Tailrace CHN,3,G7211C11C,2026-04-30 16:55:44,2026-05-02 16:36:00,Lower Ringold,1,2026-05-04 13:15:24
Priest Rapids Tailrace CHN,3,G7211C11C,2026-04-30 16:55:44,2026-05-02 16:36:00,Hanford,1,2026-05-04 17:11:45
Priest Rapids Tailrace CHN,3,G7211F77F,2026-04-25 18:17:28,2026-04-27 16:25:00,Lower Ringold,1,2026-04-28 08:37:26
Priest Rapids Tailrace CHN,3,G7211F77F,2026-04-25 18:17:28,2026-04-27 16:25:00,Hanford,1,2026-04-28 11:56:42
Priest Rapids Tailrace CHN,3,G721220FE,2026-04-29 16:53:05,2026-05-01 16:26:00,Lower Ringold,1,2026-05-02 05:17:50
Priest Rapids Tailrace CHN,3,G721220FE,2026-04-29 16:53:05,2026-05-01 16:26:00,Hanford,1,2026-05-02 08:11:40
Priest Rapids Tailrace CHN,2,G72138716,2026-04-30 16:38:59,2026-05-02 16:36:00,Lower Ringold,1,2026-05-03 05:21:41
Priest Rapids Tailrace CHN,2,G72138716,2026-04-30 16:38:59,2026-05-02 16:36:00,Hanford,1,2026-05-03 09:51:22
Priest Rapids Tailrace CHN,3,G72159ADC,2026-04-25 18:17:02,2026-04-27 16:25:00,Lower Ringold,1,2026-04-28 05:53:02
Priest Rapids Tailrace CHN,3,G72159ADC,2026-04-25 18:17:02,2026-04-27 16:25:00,Hanford,1,2026-04-28 09:35:11
Priest Rapids Tailrace CHN,2,G7216779D,2026-04-28 19:36:46,2026-04-30 16:19:00,Lower Ringold,1,2026-05-01 12:09:32
Priest Rapids Tailrace CHN,2,G7216779D,2026-04-28 19:36:46,2026-04-30 16:19:00,Hanford,1,2026-05-01 16:10:22
Priest Rapids Tailrace CHN,2,G721690F7,2026-04-26 17:46:28,2026-04-28 15:47:00,Lower Ringold,1,2026-04-29 06:22:49
Priest Rapids Tailrace CHN,2,G721690F7,2026-04-26 17:46:28,2026-04-28 15:47:00,Hanford,1,2026-04-29 09:46:15
Priest Rapids Tailrace CHN,2,G7216FFD3,2026-04-30 16:43:35,2026-05-02 16:36:00,Lower Ringold,0,
Priest Rapids Tailrace CHN,2,G7216FFD3,2026-04-30 16:43:35,2026-05-02 16:36:00,Hanford,0,
Priest Rapids Tailrace CHN,2,G72178591,2026-04-25 18:23:31,2026-04-27 16:25:00,Lower Ringold,1,2026-04-28 15:28:01
Priest Rapids Tailrace CHN,2,G72178591,2026-04-25 18:23:31,2026-04-27 16:25:00,Hanford,1,2026-04-28 20:17:36
Priest Rapids Tailrace CHN,2,G72179B13,2026-04-28 19:39:21,2026-04-30 16:19:00,Lower Ringold,1,2026-05-01 09:00:30
Priest Rapids Tailrace CHN,2,G72179B13,2026-04-28 19:39:21,2026-04-30 16:19:00,Hanford,1,2026-05-01 12:25:10
Priest Rapids Tailrace CHN,2,G7219DEB6,2026-04-30 16:56:27,2026-05-02 16:36:00,Lower Ringold,1,2026-05-06 13:33:14
Priest Rapids Tailrace CHN,2,G7219DEB6,2026-04-30 16:56:27,2026-05-02 16:36:00,Hanford,1,2026-05-06 16:59:59
Priest Rapids Tailrace CHN,2,G721A57F3,2026-04-27 18:44:10,2026-04-29 16:07:00,Lower Ringold,1,2026-05-02 21:35:08
Priest Rapids Tailrace CHN,2,G721A57F3,2026-04-27 18:44:10,2026-04-29 16:07:00,Hanford,1,2026-05-03 16:15:11
Priest Rapids Tailrace CHN,2,G721A58B2,2026-04-29 16:46:45,2026-05-01 16:26:00,Lower Ringold,1,2026-05-02 12:12:49
Priest Rapids Tailrace CHN,2,G721A58B2,2026-04-29 16:46:45,2026-05-01 16:26:00,Hanford,1,2026-05-02 17:23:49
Priest Rapids Tailrace CHN,2,G721A7432,2026-04-30 16:54:38,2026-05-02 16:36:00,Lower Ringold,1,2026-05-04 07:41:47
Priest Rapids Tailrace CHN,2,G721A7432,2026-04-30 16:54:38,2026-05-02 16:36:00,Hanford,1,2026-05-04 10:43:59
Priest Rapids Tailrace CHN,3,G721B5B94,2026-04-25 18:21:08,2026-04-27 16:25:00,Lower Ringold,1,2026-04-28 05:23:22
Priest Rapids Tailrace CHN,3,G721B5B94,2026-04-25 18:21:08,2026-04-27 16:25:00,Hanford,1,2026-04-28 14:14:54
Priest Rapids Tailrace CHN,2,G721C03E3,2026-04-29 17:03:10,2026-05-01 16:26:00,Lower Ringold,1,2026-05-02 10:44:45
Priest Rapids Tailrace CHN,2,G721C03E3,2026-04-29 17:03:10,2026-05-01 16:26:00,Hanford,1,2026-05-02 13:58:36
Priest Rapids Tailrace CHN,3,G721C0460,2026-04-28 19:28:18,2026-04-30 16:19:00,Lower Ringold,1,2026-05-01 04:26:01
Priest Rapids Tailrace CHN,3,G721C0460,2026-04-28 19:28:18,2026-04-30 16:19:00,Hanford,1,2026-05-01 07:49:46
Priest Rapids Tailrace CHN,2,G721C71A7,2026-04-25 18:26:02,2026-04-27 16:25:00,Lower Ringold,0,
Priest Rapids Tailrace CHN,2,G721C71A7,2026-04-25 18:26:02,2026-04-27 16:25:00,Hanford,0,
Priest Rapids Tailrace CHN,2,G721DC8CD,2026-04-26 17:43:39,2026-04-28 15:47:00,Lower Ringold,0,
Priest Rapids Tailrace CHN,2,G721DC8CD,2026-04-26 17:43:39,2026-04-28 15:47:00,Hanford,0,
Priest Rapids Tailrace CHN,2,G722075A6,2026-04-24 21:21:00,2026-04-26 16:25:00,Lower Ringold,1,2026-04-27 05:41:17
Priest Rapids Tailrace CHN,2,G722075A6,2026-04-24 21:21:00,2026-04-26 16:25:00,Hanford,1,2026-04-27 09:02:38
Priest Rapids Tailrace CHN,2,G7221223A,2026-04-30 16:43:07,2026-05-02 16:36:00,Lower Ringold,1,2026-05-03 05:36:24
Priest Rapids Tailrace CHN,2,G7221223A,2026-04-30 16:43:07,2026-05-02 16:36:00,Hanford,1,2026-05-03 08:21:54
Priest Rapids Tailrace CHN,2,G722132A7,2026-04-27 18:47:28,2026-04-29 16:07:00,Lower Ringold,1,2026-04-30 09:14:24
Priest Rapids Tailrace CHN,2,G722132A7,2026-04-27 18:47:28,2026-04-29 16:07:00,Hanford,1,2026-04-30 12:05:20
Priest Rapids Tailrace CHN,3,G7221BE88,2026-04-23 21:30:00,2026-04-25 16:05:00,Lower Ringold,1,2026-04-26 05:19:28
Priest Rapids Tailrace CHN,3,G7221BE88,2026-04-23 21:30:00,2026-04-25 16:05:00,Hanford,1,2026-04-26 08:18:17
Priest Rapids Tailrace CHN,2,G722241E8,2026-04-24 21:19:46,2026-04-26 16:25:00,Lower Ringold,1,2026-04-27 04:38:12
Priest Rapids Tailrace CHN,2,G722241E8,2026-04-24 21:19:46,2026-04-26 16:25:00,Hanford,1,2026-04-27 07:33:57
Priest Rapids Tailrace CHN,2,G722291BF,2026-04-29 16:45:22,2026-05-01 16:26:00,Lower Ringold,1,2026-05-02 06:47:27
Priest Rapids Tailrace CHN,2,G722291BF,2026-04-29 16:45:22,2026-05-01 16:26:00,Hanford,1,2026-05-02 09:45:48
Priest Rapids Tailrace CHN,2,G72236A2F,2026-04-29 17:03:45,2026-05-01 16:26:00,Lower Ringold,1,2026-05-02 06:58:14
Priest Rapids Tailrace CHN,2,G72236A2F,2026-04-29 17:03:45,2026-05-01 16:26:00,Hanford,1,2026-05-02 09:48:27
Priest Rapids Tailrace CHN,2,G722539BC,2026-04-24 21:23:00,2026-04-26 16:25:00,Lower Ringold,1,2026-04-27 09:24:51
Priest Rapids Tailrace CHN,2,G722539BC,2026-04-24 21:23:00,2026-04-26 16:25:00,Hanford,1,2026-04-27 12:42:13
Priest Rapids Tailrace CHN,2,G72264FCC,2026-04-30 17:00:36,2026-05-02 16:36:00,Lower Ringold,1,2026-05-03 14:51:05
Priest Rapids Tailrace CHN,2,G72264FCC,2026-04-30 17:00:36,2026-05-02 16:36:00,Hanford,1,2026-05-04 01:51:43
Priest Rapids Tailrace CHN,1,G7226EF63,2026-04-29 16:57:26,2026-05-01 16:26:00,Lower Ringold,1,2026-05-02 06:09:47
Priest Rapids Tailrace CHN,1,G7226EF63,2026-04-29 16:57:26,2026-05-01 16:26:00,Hanford,1,2026-05-02 09:14:49
Priest Rapids Tailrace CHN,1,G7227640B,2026-04-27 19:04:38,2026-04-29 16:07:00,Lower Ringold,1,2026-04-30 19:27:47
Priest Rapids Tailrace CHN,1,G7227640B,2026-04-27 19:04:38,2026-04-29 16:07:00,Hanford,0,
Priest Rapids Tailrace CHN,3,G7228FCC0,2026-04-25 18:26:56,2026-04-27 16:25:00,Lower Ringold,1,2026-04-28 05:11:06
Priest Rapids Tailrace CHN,3,G7228FCC0,2026-04-25 18:26:56,2026-04-27 16:25:00,Hanford,1,2026-04-28 08:53:21
Priest Rapids Tailrace CHN,3,G72294095,2026-04-28 19:33:44,2026-04-30 16:19:00,Lower Ringold,1,2026-05-01 09:03:01
Priest Rapids Tailrace CHN,3,G72294095,2026-04-28 19:33:44,2026-04-30 16:19:00,Hanford,1,2026-05-01 12:49:23
Priest Rapids Tailrace CHN,2,G7229A8BE,2026-04-28 19:27:34,2026-04-30 16:19:00,Lower Ringold,1,2026-05-01 06:01:27
Priest Rapids Tailrace CHN,2,G7229A8BE,2026-04-28 19:27:34,2026-04-30 16:19:00,Hanford,1,2026-05-01 09:09:19
Priest Rapids Tailrace CHN,2,G722B2CC2,2026-04-28 19:29:45,2026-04-30 16:19:00,Lower Ringold,1,2026-05-01 13:28:48
Priest Rapids Tailrace CHN,2,G722B2CC2,2026-04-28 19:29:45,2026-04-30 16:19:00,Hanford,1,2026-05-01 17:18:40
Priest Rapids Tailrace CHN,2,G722EF275,2026-04-26 17:52:39,2026-04-28 15:47:00,Lower Ringold,1,2026-04-29 05:40:08
Priest Rapids Tailrace CHN,2,G722EF275,2026-04-26 17:52:39,2026-04-28 15:47:00,Hanford,1,2026-04-29 09:38:56
Priest Rapids Tailrace CHN,1,G72301A6E,2026-04-30 16:38:08,2026-05-02 16:36:00,Lower Ringold,1,2026-05-03 07:39:27
Priest Rapids Tailrace CHN,1,G72301A6E,2026-04-30 16:38:08,2026-05-02 16:36:00,Hanford,1,2026-05-03 10:36:56
Priest Rapids Tailrace CHN,1,G72304ED4,2026-04-30 17:03:57,2026-05-02 16:36:00,Lower Ringold,1,2026-05-03 08:46:08
Priest Rapids Tailrace CHN,1,G72304ED4,2026-04-30 17:03:57,2026-05-02 16:36:00,Hanford,1,2026-05-03 12:02:05
Priest Rapids Tailrace CHN,2,G72310CEA,2026-04-28 19:26:28,2026-04-30 16:19:00,Lower Ringold,1,2026-05-01 06:35:18
Priest Rapids Tailrace CHN,2,G72310CEA,2026-04-28 19:26:28,2026-04-30 16:19:00,Hanford,1,2026-05-01 10:50:47
Priest Rapids Tailrace CHN,3,G7231E723,2026-04-24 21:15:50,2026-04-26 16:25:00,Lower Ringold,1,2026-04-27 04:55:08
Priest Rapids Tailrace CHN,3,G7231E723,2026-04-24 21:15:50,2026-04-26 16:25:00,Hanford,1,2026-04-27 08:22:30
Priest Rapids Tailrace CHN,1,G7232EEEA,2026-04-28 19:31:06,2026-04-30 16:19:00,Lower Ringold,1,2026-05-01 15:45:53
Priest Rapids Tailrace CHN,1,G7232EEEA,2026-04-28 19:31:06,2026-04-30 16:19:00,Hanford,1,2026-05-02 04:52:58
Priest Rapids Tailrace CHN,1,G72342229,2026-04-29 17:04:14,2026-05-01 16:26:00,Lower Ringold,1,2026-05-02 06:54:15
Priest Rapids Tailrace CHN,1,G72342229,2026-04-29 17:04:14,2026-05-01 16:26:00,Hanford,1,2026-05-02 10:26:26
Priest Rapids Tailrace CHN,1,G72367EC0,2026-04-25 18:42:28,2026-04-27 16:25:00,Lower Ringold,1,2026-04-28 07:58:22
Priest Rapids Tailrace CHN,1,G72367EC0,2026-04-25 18:42:28,2026-04-27 16:25:00,Hanford,1,2026-04-28 10:51:01
Priest Rapids Tailrace CHN,2,G72374D58,2026-04-28 19:26:03,2026-04-30 16:19:00,Lower Ringold,1,2026-05-01 05:07:05
Priest Rapids Tailrace CHN,2,G72374D58,2026-04-28 19:26:03,2026-04-30 16:19:00,Hanford,1,2026-05-01 07:46:39
Priest Rapids Tailrace CHN,1,G7237B5EE,2026-04-28 19:43:21,2026-04-30 16:19:00,Lower Ringold,1,2026-05-01 05:30:33
Priest Rapids Tailrace CHN,1,G7237B5EE,2026-04-28 19:43:21,2026-04-30 16:19:00,Hanford,1,2026-05-01 08:38:44
Priest Rapids Tailrace CHN,2,G72384AC3,2026-04-24 21:08:38,2026-04-26 16:25:00,Lower Ringold,1,2026-04-28 17:53:13
Priest Rapids Tailrace CHN,2,G72384AC3,2026-04-24 21:08:38,2026-04-26 16:25:00,Hanford,1,2026-04-28 21:33:34
Priest Rapids Tailrace CHN,2,G72397ED8,2026-04-29 16:49:23,2026-05-01 16:26:00,Lower Ringold,1,2026-05-02 04:32:38
Priest Rapids Tailrace CHN,2,G72397ED8,2026-04-29 16:49:23,2026-05-01 16:26:00,Hanford,1,2026-05-02 07:49:52
Priest Rapids Tailrace CHN,2,G723A5732,2026-04-26 17:28:39,2026-04-28 15:47:00,Lower Ringold,0,
Priest Rapids Tailrace CHN,2,G723A5732,2026-04-26 17:28:39,2026-04-28 15:47:00,Hanford,0,
Priest Rapids Tailrace CHN,3,G723B01F0,2026-04-29 17:01:05,2026-05-01 16:26:00,Lower Ringold,1,2026-05-02 06:02:59
Priest Rapids Tailrace CHN,3,G723B01F0,2026-04-29 17:01:05,2026-05-01 16:26:00,Hanford,1,2026-05-02 09:01:27
Priest Rapids Tailrace CHN,2,G723B2911,2026-04-28 19:30:28,2026-04-30 16:19:00,Lower Ringold,1,2026-05-01 03:42:31
Priest Rapids Tailrace CHN,2,G723B2911,2026-04-28 19:30:28,2026-04-30 16:19:00,Hanford,1,2026-05-01 06:38:58
Priest Rapids Tailrace CHN,2,G723B94DE,2026-04-23 21:30:00,2026-04-25 16:05:00,Lower Ringold,1,2026-04-26 06:05:15
Priest Rapids Tailrace CHN,2,G723B94DE,2026-04-23 21:30:00,2026-04-25 16:05:00,Hanford,1,2026-04-26 09:19:23
Priest Rapids Tailrace CHN,2,G723C960C,2026-04-26 17:43:57,2026-04-28 15:47:00,Lower Ringold,1,2026-04-29 06:49:38
Priest Rapids Tailrace CHN,2,G723C960C,2026-04-26 17:43:57,2026-04-28 15:47:00,Hanford,1,2026-04-29 09:58:31
Priest Rapids Tailrace CHN,2,G7240441C,2026-04-30 17:01:40,2026-05-02 16:36:00,Lower Ringold,1,2026-05-03 08:32:39
Priest Rapids Tailrace CHN,2,G7240441C,2026-04-30 17:01:40,2026-05-02 16:36:00,Hanford,1,2026-05-03 11:23:43
Priest Rapids Tailrace CHN,2,G72412940,2026-04-27 18:44:29,2026-04-29 16:07:00,Lower Ringold,1,2026-04-30 06:07:38
Priest Rapids Tailrace CHN,2,G72412940,2026-04-27 18:44:29,2026-04-29 16:07:00,Hanford,1,2026-04-30 09:05:53
Priest Rapids Tailrace CHN,2,G72416719,2026-04-23 21:30:00,2026-04-25 16:05:00,Lower Ringold,1,2026-04-30 13:42:56
Priest Rapids Tailrace CHN,2,G72416719,2026-04-23 21:30:00,2026-04-25 16:05:00,Hanford,1,2026-05-09 20:31:44
Priest Rapids Tailrace CHN,2,G7242E422,2026-04-25 18:28:51,2026-04-27 16:25:00,Lower Ringold,1,2026-04-28 07:58:53
Priest Rapids Tailrace CHN,2,G7242E422,2026-04-25 18:28:51,2026-04-27 16:25:00,Hanford,1,2026-04-28 12:08:30
Priest Rapids Tailrace CHN,2,G7243A4A0,2026-04-23 21:30:00,2026-04-25 16:05:00,Lower Ringold,1,2026-04-26 05:46:34
Priest Rapids Tailrace CHN,2,G7243A4A0,2026-04-23 21:30:00,2026-04-25 16:05:00,Hanford,1,2026-04-26 11:38:52
Priest Rapids Tailrace CHN,2,G72440A7E,2026-04-26 17:42:32,2026-04-28 15:47:00,Lower Ringold,1,2026-04-29 04:55:56
Priest Rapids Tailrace CHN,2,G72440A7E,2026-04-26 17:42:32,2026-04-28 15:47:00,Hanford,1,2026-04-29 08:23:25
Priest Rapids Tailrace CHN,2,G7244D2EB,2026-04-24 21:36:41,2026-04-26 16:25:00,Lower Ringold,1,2026-04-27 05:36:17
Priest Rapids Tailrace CHN,2,G7244D2EB,2026-04-24 21:36:41,2026-04-26 16:25:00,Hanford,1,2026-04-27 09:01:26
Priest Rapids Tailrace CHN,2,G72450ABA,2026-04-26 17:25:06,2026-04-28 15:47:00,Lower Ringold,1,2026-04-29 09:54:11
Priest Rapids Tailrace CHN,2,G72450ABA,2026-04-26 17:25:06,2026-04-28 15:47:00,Hanford,1,2026-04-29 13:40:17
Priest Rapids Tailrace CHN,3,G72470B75,2026-04-26 17:24:39,2026-04-28 15:47:00,Lower Ringold,1,2026-04-29 08:26:11
Priest Rapids Tailrace CHN,3,G72470B75,2026-04-26 17:24:39,2026-04-28 15:47:00,Hanford,1,2026-04-29 12:51:33
Priest Rapids Tailrace CHN,3,G72486C8B,2026-04-27 18:46:42,2026-04-29 16:07:00,Lower Ringold,0,
Priest Rapids Tailrace CHN,3,G72486C8B,2026-04-27 18:46:42,2026-04-29 16:07:00,Hanford,0,
Priest Rapids Tailrace CHN,3,G7248A25E,2026-04-26 17:45:23,2026-04-28 15:47:00,Lower Ringold,1,2026-04-29 07:09:41
Priest Rapids Tailrace CHN,3,G7248A25E,2026-04-26 17:45:23,2026-04-28 15:47:00,Hanford,1,2026-04-29 12:04:05
Priest Rapids Tailrace CHN,2,G724A0601,2026-04-30 16:36:13,2026-05-02 16:36:00,Lower Ringold,1,2026-05-03 03:53:21
Priest Rapids Tailrace CHN,2,G724A0601,2026-04-30 16:36:13,2026-05-02 16:36:00,Hanford,1,2026-05-03 07:28:41
Priest Rapids Tailrace CHN,2,G724A87D3,2026-04-25 18:39:00,2026-04-27 16:25:00,Lower Ringold,1,2026-04-28 08:53:11
Priest Rapids Tailrace CHN,2,G724A87D3,2026-04-25 18:39:00,2026-04-27 16:25:00,Hanford,1,2026-04-28 11:52:55
Priest Rapids Tailrace CHN,2,G724B34C7,2026-04-27 18:59:51,2026-04-29 16:07:00,Lower Ringold,1,2026-04-30 04:28:53
Priest Rapids Tailrace CHN,2,G724B34C7,2026-04-27 18:59:51,2026-04-29 16:07:00,Hanford,1,2026-04-30 08:04:08
Priest Rapids Tailrace CHN,1,G724C7C2D,2026-04-26 17:53:13,2026-04-28 15:47:00,Lower Ringold,1,2026-04-29 05:32:05
Priest Rapids Tailrace CHN,1,G724C7C2D,2026-04-26 17:53:13,2026-04-28 15:47:00,Hanford,1,2026-04-29 14:22:29
Priest Rapids Tailrace CHN,1,G724CAD24,2026-04-29 16:46:12,2026-05-01 16:26:00,Lower Ringold,1,2026-05-03 05:50:18
Priest Rapids Tailrace CHN,1,G724CAD24,2026-04-29 16:46:12,2026-05-01 16:26:00,Hanford,1,2026-05-03 08:29:43
Priest Rapids Tailrace CHN,2,G724D3152,2026-04-24 21:19:23,2026-04-26 16:25:00,Lower Ringold,1,2026-04-27 07:26:47
Priest Rapids Tailrace CHN,2,G724D3152,2026-04-24 21:19:23,2026-04-26 16:25:00,Hanford,1,2026-04-27 10:22:22
Priest Rapids Tailrace CHN,2,G724E5B1C,2026-04-27 19:03:53,2026-04-29 16:07:00,Lower Ringold,1,2026-04-30 07:06:58
Priest Rapids Tailrace CHN,2,G724E5B1C,2026-04-27 19:03:53,2026-04-29 16:07:00,Hanford,1,2026-04-30 12:48:58
Priest Rapids Tailrace CHN,3,G724F07A0,2026-04-24 21:37:10,2026-04-26 16:25:00,Lower Ringold,1,2026-04-27 10:35:51
Priest Rapids Tailrace CHN,3,G724F07A0,2026-04-24 21:37:10,2026-04-26 16:25:00,Hanford,1,2026-04-27 23:07:08
Priest Rapids Tailrace CHN,3,G724F7606,2026-04-27 18:57:13,2026-04-29 16:07:00,Lower Ringold,1,2026-04-30 05:00:15
Priest Rapids Tailrace CHN,3,G724F7606,2026-04-27 18:57:13,2026-04-29 16:07:00,Hanford,1,2026-04-30 07:53:28
Priest Rapids Tailrace CHN,2,G72502A8A,2026-04-26 17:45:59,2026-04-28 15:47:00,Lower Ringold,1,2026-04-29 05:13:31
Priest Rapids Tailrace CHN,2,G72502A8A,2026-04-26 17:45:59,2026-04-28 15:47:00,Hanford,1,2026-04-29 10:34:35
Priest Rapids Tailrace CHN,3,G7251871C,2026-04-27 18:50:12,2026-04-29 16:07:00,Lower Ringold,1,2026-04-30 04:27:06
Priest Rapids Tailrace CHN,3,G7251871C,2026-04-27 18:50:12,2026-04-29 16:07:00,Hanford,1,2026-04-30 08:00:17
Priest Rapids Tailrace CHN,3,G72519E1D,2026-04-23 21:30:00,2026-04-25 16:05:00,Lower Ringold,0,
Priest Rapids Tailrace CHN,3,G72519E1D,2026-04-23 21:30:00,2026-04-25 16:05:00,Hanford,0,
Priest Rapids Tailrace CHN,3,G7251F406,2026-04-28 19:37:51,2026-04-30 16:19:00,Lower Ringold,1,2026-05-01 04:11:08
Priest Rapids Tailrace CHN,3,G7251F406,2026-04-28 19:37:51,2026-04-30 16:19:00,Hanford,1,2026-05-01 07:40:16
Priest Rapids Tailrace CHN,2,G72567658,2026-04-30 16:35:55,2026-05-02 16:36:00,Lower Ringold,1,2026-05-03 04:31:31
Priest Rapids Tailrace CHN,2,G72567658,2026-04-30 16:35:55,2026-05-02 16:36:00,Hanford,1,2026-05-03 08:11:50
Priest Rapids Tailrace CHN,2,G7256824D,2026-04-23 21:30:00,2026-04-25 16:05:00,Lower Ringold,1,2026-04-26 07:18:02
Priest Rapids Tailrace CHN,2,G7256824D,2026-04-23 21:30:00,2026-04-25 16:05:00,Hanford,1,2026-04-26 10:05:23
Priest Rapids Tailrace CHN,3,G72574BDF,2026-04-26 17:43:03,2026-04-28 15:47:00,Lower Ringold,1,2026-04-30 05:42:27
Priest Rapids Tailrace CHN,3,G72574BDF,2026-04-26 17:43:03,2026-04-28 15:47:00,Hanford,1,2026-04-30 09:07:47
Priest Rapids Tailrace CHN,2,G7258E048,2026-04-27 19:00:42,2026-04-29 16:07:00,Lower Ringold,1,2026-04-30 15:58:36
Priest Rapids Tailrace CHN,2,G7258E048,2026-04-27 19:00:42,2026-04-29 16:07:00,Hanford,1,2026-05-01 03:24:49
Priest Rapids Tailrace CHN,1,G72592F07,2026-04-27 18:43:49,2026-04-29 16:07:00,Lower Ringold,1,2026-04-30 06:31:25
Priest Rapids Tailrace CHN,1,G72592F07,2026-04-27 18:43:49,2026-04-29 16:07:00,Hanford,1,2026-04-30 10:10:05
Priest Rapids Tailrace CHN,1,G72593185,2026-04-25 18:34:31,2026-04-27 16:25:00,Lower Ringold,1,2026-04-28 09:27:45
Priest Rapids Tailrace CHN,1,G72593185,2026-04-25 18:34:31,2026-04-27 16:25:00,Hanford,1,2026-04-28 12:22:49
Priest Rapids Tailrace CHN,1,G72593EC4,2026-04-23 21:30:00,2026-04-25 16:05:00,Lower Ringold,1,2026-04-26 06:24:53
Priest Rapids Tailrace CHN,1,G72593EC4,2026-04-23 21:30:00,2026-04-25 16:05:00,Hanford,1,2026-04-26 10:45:14
Priest Rapids Tailrace CHN,1,G725943C1,2026-04-23 21:30:00,2026-04-25 16:05:00,Lower Ringold,1,2026-04-26 06:05:19
Priest Rapids Tailrace CHN,1,G725943C1,2026-04-23 21:30:00,2026-04-25 16:05:00,Hanford,1,2026-04-26 09:38:35
Priest Rapids Tailrace CHN,1,G7259C672,2026-04-23 21:30:00,2026-04-25 16:05:00,Lower Ringold,1,2026-04-26 20:38:03
Priest Rapids Tailrace CHN,1,G7259C672,2026-04-23 21:30:00,2026-04-25 16:05:00,Hanford,1,2026-04-27 01:11:53
Priest Rapids Tailrace CHN,1,G725B3E55,2026-04-28 19:42:59,2026-04-30 16:19:00,Lower Ringold,1,2026-05-01 04:59:51
Priest Rapids Tailrace CHN,1,G725B3E55,2026-04-28 19:42:59,2026-04-30 16:19:00,Hanford,1,2026-05-01 07:39:37
Priest Rapids Tailrace CHN,1,G725B9484,2026-04-28 19:32:19,2026-04-30 16:19:00,Lower Ringold,1,2026-05-01 06:41:18
Priest Rapids Tailrace CHN,1,G725B9484,2026-04-28 19:32:19,2026-04-30 16:19:00,Hanford,1,2026-05-01 14:41:20
Priest Rapids Tailrace CHN,1,G725BCDC3,2026-04-25 18:44:53,2026-04-27 16:25:00,Lower Ringold,1,2026-04-28 14:07:28
Priest Rapids Tailrace CHN,1,G725BCDC3,2026-04-25 18:44:53,2026-04-27 16:25:00,Hanford,1,2026-04-28 18:25:41
Priest Rapids Tailrace CHN,1,G725BD67E,2026-04-28 19:37:22,2026-04-30 16:19:00,Lower Ringold,1,2026-05-01 12:50:47
Priest Rapids Tailrace CHN,1,G725BD67E,2026-04-28 19:37:22,2026-04-30 16:19:00,Hanford,1,2026-05-01 22:18:03
Priest Rapids Tailrace CHN,1,G725C5CE2,2026-04-26 17:54:33,2026-04-28 15:47:00,Lower Ringold,1,2026-04-29 05:45:22
Priest Rapids Tailrace CHN,1,G725C5CE2,2026-04-26 17:54:33,2026-04-28 15:47:00,Hanford,1,2026-04-29 10:49:23
Priest Rapids Tailrace CHN,1,G725D207D,2026-04-23 21:30:00,2026-04-25 16:05:00,Lower Ringold,1,2026-04-26 07:23:32
Priest Rapids Tailrace CHN,1,G725D207D,2026-04-23 21:30:00,2026-04-25 16:05:00,Hanford,1,2026-04-26 14:12:43
Priest Rapids Tailrace CHN,1,G725D7B86,2026-04-25 18:36:51,2026-04-27 16:25:00,Lower Ringold,1,2026-04-28 12:31:56
Priest Rapids Tailrace CHN,1,G725D7B86,2026-04-25 18:36:51,2026-04-27 16:25:00,Hanford,1,2026-04-29 04:24:11
Priest Rapids Tailrace CHN,1,G725D8D2F,2026-04-30 16:39:49,2026-05-02 16:36:00,Lower Ringold,1,2026-05-03 05:45:31
Priest Rapids Tailrace CHN,1,G725D8D2F,2026-04-30 16:39:49,2026-05-02 16:36:00,Hanford,1,2026-05-03 15:24:04
Priest Rapids Tailrace CHN,1,G725EAFE5,2026-04-25 18:22:06,2026-04-27 16:25:00,Lower Ringold,1,2026-04-28 07:05:26
Priest Rapids Tailrace CHN,1,G725EAFE5,2026-04-25 18:22:06,2026-04-27 16:25:00,Hanford,1,2026-04-28 10:24:49
Priest Rapids Tailrace CHN,1,G725EF2C3,2026-04-23 21:30:00,2026-04-25 16:05:00,Lower Ringold,1,2026-04-26 08:12:29
Priest Rapids Tailrace CHN,1,G725EF2C3,2026-04-23 21:30:00,2026-04-25 16:05:00,Hanford,1,2026-04-26 11:07:48
Priest Rapids Tailrace CHN,3,G725FC464,2026-04-28 19:44:10,2026-04-30 16:19:00,Lower Ringold,1,2026-05-01 03:34:14
Priest Rapids Tailrace CHN,3,G725FC464,2026-04-28 19:44:10,2026-04-30 16:19:00,Hanford,1,2026-05-01 06:42:04
Priest Rapids Tailrace CHN,3,G72618FF3,2026-04-27 18:55:10,2026-04-29 16:07:00,Lower Ringold,1,2026-04-30 10:17:43
Priest Rapids Tailrace CHN,3,G72618FF3,2026-04-27 18:55:10,2026-04-29 16:07:00,Hanford,1,2026-04-30 14:12:55
Priest Rapids Tailrace CHN,2,G7262E91E,2026-04-26 17:45:10,2026-04-28 15:47:00,Lower Ringold,1,2026-04-29 05:56:51
Priest Rapids Tailrace CHN,2,G7262E91E,2026-04-26 17:45:10,2026-04-28 15:47:00,Hanford,1,2026-04-29 09:17:49
Priest Rapids Tailrace CHN,3,G72685895,2026-04-29 16:47:45,2026-05-01 16:26:00,Lower Ringold,1,2026-05-04 04:47:39
Priest Rapids Tailrace CHN,3,G72685895,2026-04-29 16:47:45,2026-05-01 16:26:00,Hanford,1,2026-05-04 15:32:04
Priest Rapids Tailrace CHN,2,G726AC754,2026-04-23 21:28:35,2026-04-25 16:05:00,Lower Ringold,1,2026-04-26 08:20:20
Priest Rapids Tailrace CHN,2,G726AC754,2026-04-23 21:28:35,2026-04-25 16:05:00,Hanford,1,2026-04-26 10:58:03
Priest Rapids Tailrace CHN,3,G726CB1DB,2026-04-28 19:38:55,2026-04-30 16:19:00,Lower Ringold,1,2026-05-01 04:28:06
Priest Rapids Tailrace CHN,3,G726CB1DB,2026-04-28 19:38:55,2026-04-30 16:19:00,Hanford,1,2026-05-01 07:46:50
Priest Rapids Tailrace CHN,3,G726D3F8C,2026-04-25 18:15:59,2026-04-27 16:25:00,Lower Ringold,1,2026-04-28 08:13:10
Priest Rapids Tailrace CHN,3,G726D3F8C,2026-04-25 18:15:59,2026-04-27 16:25:00,Hanford,1,2026-04-28 12:03:04
Priest Rapids Tailrace CHN,2,G726D4DC8,2026-04-25 18:30:11,2026-04-27 16:25:00,Lower Ringold,1,2026-04-29 02:42:54
Priest Rapids Tailrace CHN,2,G726D4DC8,2026-04-25 18:30:11,2026-04-27 16:25:00,Hanford,1,2026-04-29 06:35:10
Priest Rapids Tailrace CHN,2,G726E47E3,2026-04-27 18:49:02,2026-04-29 16:07:00,Lower Ringold,1,2026-04-30 05:04:40
Priest Rapids Tailrace CHN,2,G726E47E3,2026-04-27 18:49:02,2026-04-29 16:07:00,Hanford,1,2026-04-30 16:59:30
Priest Rapids Tailrace CHN,2,G726E69DF,2026-04-28 19:26:55,2026-04-30 16:19:00,Lower Ringold,1,2026-05-01 08:18:26
Priest Rapids Tailrace CHN,2,G726E69DF,2026-04-28 19:26:55,2026-04-30 16:19:00,Hanford,1,2026-05-01 11:25:16
Priest Rapids Tailrace CHN,2,G726F19E3,2026-04-23 21:27:21,2026-04-25 16:05:00,Lower Ringold,1,2026-04-26 05:14:47
Priest Rapids Tailrace CHN,2,G726F19E3,2026-04-23 21:27:21,2026-04-25 16:05:00,Hanford,1,2026-04-26 09:37:26
Priest Rapids Tailrace CHN,2,G726F4ADA,2026-04-30 16:39:26,2026-05-02 16:36:00,Lower Ringold,1,2026-05-03 11:08:44
Priest Rapids Tailrace CHN,2,G726F4ADA,2026-04-30 16:39:26,2026-05-02 16:36:00,Hanford,1,2026-05-03 20:30:22
Priest Rapids Tailrace CHN,2,G726F9D0E,2026-04-29 16:59:41,2026-05-01 16:26:00,Lower Ringold,1,2026-05-02 11:17:50
Priest Rapids Tailrace CHN,2,G726F9D0E,2026-04-29 16:59:41,2026-05-01 16:26:00,Hanford,1,2026-05-02 14:52:51
Priest Rapids Tailrace CHN,2,G726FD929,2026-04-28 19:40:25,2026-04-30 16:19:00,Lower Ringold,1,2026-05-01 06:52:14
Priest Rapids Tailrace CHN,2,G726FD929,2026-04-28 19:40:25,2026-04-30 16:19:00,Hanford,1,2026-05-01 11:09:09
Priest Rapids Tailrace CHN,1,G72715DF4,2026-04-27 18:59:18,2026-04-29 16:07:00,Lower Ringold,1,2026-04-30 15:19:48
Priest Rapids Tailrace CHN,1,G72715DF4,2026-04-27 18:59:18,2026-04-29 16:07:00,Hanford,1,2026-04-30 19:19:43
Priest Rapids Tailrace CHN,1,G7271805E,2026-04-25 18:24:07,2026-04-27 16:25:00,Lower Ringold,0,
Priest Rapids Tailrace CHN,1,G7271805E,2026-04-25 18:24:07,2026-04-27 16:25:00,Hanford,0,
Priest Rapids Tailrace CHN,1,G7271DC26,2026-04-29 17:00:39,2026-05-01 16:26:00,Lower Ringold,1,2026-05-02 06:03:13
Priest Rapids Tailrace CHN,1,G7271DC26,2026-04-29 17:00:39,2026-05-01 16:26:00,Hanford,1,2026-05-02 08:59:29
Priest Rapids Tailrace CHN,1,G72731F9F,2026-04-29 16:54:36,2026-05-01 16:26:00,Lower Ringold,1,2026-05-02 09:18:06
Priest Rapids Tailrace CHN,1,G72731F9F,2026-04-29 16:54:36,2026-05-01 16:26:00,Hanford,1,2026-05-02 12:17:55
Priest Rapids Tailrace CHN,1,G7276C8B4,2026-04-24 21:18:13,2026-04-26 16:25:00,Lower Ringold,1,2026-04-27 05:31:39
Priest Rapids Tailrace CHN,1,G7276C8B4,2026-04-24 21:18:13,2026-04-26 16:25:00,Hanford,1,2026-04-27 08:46:31
Priest Rapids Tailrace CHN,1,G7277E5AE,2026-04-29 16:54:11,2026-05-01 16:26:00,Lower Ringold,0,
Priest Rapids Tailrace CHN,1,G7277E5AE,2026-04-29 16:54:11,2026-05-01 16:26:00,Hanford,0,
Priest Rapids Tailrace CHN,2,G7279C38C,2026-04-24 21:25:39,2026-04-26 16:25:00,Lower Ringold,1,2026-04-27 05:28:52
Priest Rapids Tailrace CHN,2,G7279C38C,2026-04-24 21:25:39,2026-04-26 16:25:00,Hanford,1,2026-04-27 09:05:34
Priest Rapids Tailrace CHN,1,G7279ECEE,2026-04-29 17:01:32,2026-05-01 16:26:00,Lower Ringold,1,2026-05-02 05:20:24
Priest Rapids Tailrace CHN,1,G7279ECEE,2026-04-29 17:01:32,2026-05-01 16:26:00,Hanford,1,2026-05-02 11:17:02
Priest Rapids Tailrace CHN,1,G727A12D0,2026-04-27 18:47:08,2026-04-29 16:07:00,Lower Ringold,0,
Priest Rapids Tailrace CHN,1,G727A12D0,2026-04-27 18:47:08,2026-04-29 16:07:00,Hanford,0,
Priest Rapids Tailrace CHN,2,G727AA2E2,2026-04-25 18:25:25,2026-04-27 16:25:00,Lower Ringold,1,2026-04-28 06:29:03
Priest Rapids Tailrace CHN,2,G727AA2E2,2026-04-25 18:25:25,2026-04-27 16:25:00,Hanford,1,2026-04-28 10:48:45
Priest Rapids Tailrace CHN,2,G727C4A63,2026-04-26 18:13:09,2026-04-28 15:47:00,Lower Ringold,1,2026-04-29 07:18:47
Priest Rapids Tailrace CHN,2,G727C4A63,2026-04-26 18:13:09,2026-04-28 15:47:00,Hanford,1,2026-04-29 10:21:38
Priest Rapids Tailrace CHN,2,G727CCBB1,2026-04-28 19:36:24,2026-04-30 16:19:00,Lower Ringold,1,2026-05-01 04:30:04
Priest Rapids Tailrace CHN,2,G727CCBB1,2026-04-28 19:36:24,2026-04-30 16:19:00,Hanford,1,2026-05-01 08:54:23
Priest Rapids Tailrace CHN,3,G727FA722,2026-04-23 21:30:00,2026-04-25 16:05:00,Lower Ringold,1,2026-04-26 10:06:09
Priest Rapids Tailrace CHN,3,G727FA722,2026-04-23 21:30:00,2026-04-25 16:05:00,Hanford,1,2026-04-26 13:30:48
Priest Rapids Tailrace CHN,3,G72802FED,2026-04-27 18:54:28,2026-04-29 16:07:00,Lower Ringold,1,2026-04-30 13:35:58
Priest Rapids Tailrace CHN,3,G72802FED,2026-04-27 18:54:28,2026-04-29 16:07:00,Hanford,1,2026-04-30 17:34:40
Priest Rapids Tailrace CHN,1,G728192E6,2026-04-26 17:55:02,2026-04-28 15:47:00,Lower Ringold,1,2026-04-29 05:06:24
Priest Rapids Tailrace CHN,1,G728192E6,2026-04-26 17:55:02,2026-04-28 15:47:00,Hanford,1,2026-04-29 08:21:31
Priest Rapids Tailrace CHN,2,G72819898,2026-04-25 18:35:06,2026-04-27 16:25:00,Lower Ringold,1,2026-04-28 09:58:58
Priest Rapids Tailrace CHN,2,G72819898,2026-04-25 18:35:06,2026-04-27 16:25:00,Hanford,0,
Priest Rapids Tailrace CHN,1,G72821841,2026-04-26 18:01:13,2026-04-28 15:47:00,Lower Ringold,1,2026-04-29 05:27:37
Priest Rapids Tailrace CHN,1,G72821841,2026-04-26 18:01:13,2026-04-28 15:47:00,Hanford,1,2026-04-29 09:25:49
Priest Rapids Tailrace CHN,3,G72826F3A,2026-04-24 21:20:27,2026-04-26 16:25:00,Lower Ringold,1,2026-04-30 12:29:35
Priest Rapids Tailrace CHN,3,G72826F3A,2026-04-24 21:20:27,2026-04-26 16:25:00,Hanford,1,2026-05-09 12:33:28
Priest Rapids Tailrace CHN,2,G72849219,2026-04-30 17:02:03,2026-05-02 16:36:00,Lower Ringold,1,2026-05-03 09:08:26
Priest Rapids Tailrace CHN,2,G72849219,2026-04-30 17:02:03,2026-05-02 16:36:00,Hanford,1,2026-05-03 12:18:49
Priest Rapids Tailrace CHN,2,G72853D33,2026-04-27 18:42:23,2026-04-29 16:07:00,Lower Ringold,1,2026-04-30 04:57:16
Priest Rapids Tailrace CHN,2,G72853D33,2026-04-27 18:42:23,2026-04-29 16:07:00,Hanford,1,2026-04-30 09:09:53
Priest Rapids Tailrace CHN,1,G72858A82,2026-04-27 18:56:18,2026-04-29 16:07:00,Lower Ringold,1,2026-04-30 17:41:44
Priest Rapids Tailrace CHN,1,G72858A82,2026-04-27 18:56:18,2026-04-29 16:07:00,Hanford,1,2026-04-30 21:52:40
Priest Rapids Tailrace CHN,2,G72859CC2,2026-04-23 21:30:00,2026-04-25 16:05:00,Lower Ringold,1,2026-04-26 09:33:08
Priest Rapids Tailrace CHN,2,G72859CC2,2026-04-23 21:30:00,2026-04-25 16:05:00,Hanford,1,2026-04-26 12:25:46
Priest Rapids Tailrace CHN,1,G7285A943,2026-04-23 21:30:00,2026-04-25 16:05:00,Lower Ringold,1,2026-04-28 13:48:35
Priest Rapids Tailrace CHN,1,G7285A943,2026-04-23 21:30:00,2026-04-25 16:05:00,Hanford,1,2026-04-28 17:37:56
Priest Rapids Tailrace CHN,1,G728837C4,2026-04-26 17:58:57,2026-04-28 15:47:00,Lower Ringold,0,
Priest Rapids Tailrace CHN,1,G728837C4,2026-04-26 17:58:57,2026-04-28 15:47:00,Hanford,0,
Priest Rapids Tailrace CHN,2,G728887F6,2026-04-27 18:58:35,2026-04-29 16:07:00,Lower Ringold,1,2026-04-30 08:44:50
Priest Rapids Tailrace CHN,2,G728887F6,2026-04-27 18:58:35,2026-04-29 16:07:00,Hanford,1,2026-04-30 12:50:44
Priest Rapids Tailrace CHN,1,G7288A894,2026-04-30 16:57:52,2026-05-02 16:36:00,Lower Ringold,1,2026-05-03 05:23:09
Priest Rapids Tailrace CHN,1,G7288A894,2026-04-30 16:57:52,2026-05-02 16:36:00,Hanford,1,2026-05-03 08:10:42
Priest Rapids Tailrace CHN,3,G7289AFD3,2026-04-25 18:38:07,2026-04-27 16:25:00,Lower Ringold,1,2026-04-28 09:52:35
Priest Rapids Tailrace CHN,3,G7289AFD3,2026-04-25 18:38:07,2026-04-27 16:25:00,Hanford,1,2026-04-28 15:22:05
Priest Rapids Tailrace CHN,3,G728A9E66,2026-04-29 16:43:56,2026-05-01 16:26:00,Lower Ringold,0,
Priest Rapids Tailrace CHN,3,G728A9E66,2026-04-29 16:43:56,2026-05-01 16:26:00,Hanford,0,
Priest Rapids Tailrace CHN,1,G728B128D,2026-04-23 21:30:00,2026-04-25 16:05:00,Lower Ringold,1,2026-04-26 06:11:13
Priest Rapids Tailrace CHN,1,G728B128D,2026-04-23 21:30:00,2026-04-25 16:05:00,Hanford,1,2026-04-26 09:50:37
Priest Rapids Tailrace CHN,3,G728B817E,2026-04-29 16:48:33,2026-05-01 16:26:00,Lower Ringold,1,2026-05-03 03:57:26
Priest Rapids Tailrace CHN,3,G728B817E,2026-04-29 16:48:33,2026-05-01 16:26:00,Hanford,1,2026-05-03 07:41:46
Priest Rapids Tailrace CHN,2,G728BFC7B,2026-04-28 19:41:13,2026-04-30 16:19:00,Lower Ringold,1,2026-05-01 04:55:34
Priest Rapids Tailrace CHN,2,G728BFC7B,2026-04-28 19:41:13,2026-04-30 16:19:00,Hanford,1,2026-05-01 07:47:16
Priest Rapids Tailrace CHN,2,G728C7286,2026-04-30 16:58:21,2026-05-02 16:36:00,Lower Ringold,1,2026-05-03 07:03:50
Priest Rapids Tailrace CHN,2,G728C7286,2026-04-30 16:58:21,2026-05-02 16:36:00,Hanford,1,2026-05-03 10:02:47
Priest Rapids Tailrace CHN,3,G728D1227,2026-04-25 18:32:22,2026-04-27 16:25:00,Lower Ringold,1,2026-04-28 05:57:27
Priest Rapids Tailrace CHN,3,G728D1227,2026-04-25 18:32:22,2026-04-27 16:25:00,Hanford,1,2026-04-28 09:24:55
Priest Rapids Tailrace CHN,3,G728D9B37,2026-04-25 18:36:06,2026-04-27 16:25:00,Lower Ringold,1,2026-04-28 07:27:17
Priest Rapids Tailrace CHN,3,G728D9B37,2026-04-25 18:36:06,2026-04-27 16:25:00,Hanford,1,2026-04-28 10:24:06
Priest Rapids Tailrace CHN,3,G729177DC,2026-04-24 21:22:28,2026-04-26 16:25:00,Lower Ringold,1,2026-04-27 05:58:36
Priest Rapids Tailrace CHN,3,G729177DC,2026-04-24 21:22:28,2026-04-26 16:25:00,Hanford,1,2026-04-27 09:13:42
Priest Rapids Tailrace CHN,1,G7291F5EC,2026-04-29 16:53:41,2026-05-01 16:26:00,Lower Ringold,1,2026-05-02 13:57:22
Priest Rapids Tailrace CHN,1,G7291F5EC,2026-04-29 16:53:41,2026-05-01 16:26:00,Hanford,1,2026-05-03 05:16:32
Priest Rapids Tailrace CHN,1,G729257AA,2026-04-24 21:09:31,2026-04-26 16:25:00,Lower Ringold,0,
Priest Rapids Tailrace CHN,1,G729257AA,2026-04-24 21:09:31,2026-04-26 16:25:00,Hanford,0,
Priest Rapids Tailrace CHN,1,G7292BBE0,2026-04-27 18:53:58,2026-04-29 16:07:00,Lower Ringold,1,2026-04-30 07:16:32
Priest Rapids Tailrace CHN,1,G7292BBE0,2026-04-27 18:53:58,2026-04-29 16:07:00,Hanford,1,2026-04-30 10:26:55
Priest Rapids Tailrace CHN,1,G72931C08,2026-04-28 19:40:50,2026-04-30 16:19:00,Lower Ringold,1,2026-05-01 13:02:23
Priest Rapids Tailrace CHN,1,G72931C08,2026-04-28 19:40:50,2026-04-30 16:19:00,Hanford,1,2026-05-01 18:29:58
Priest Rapids Tailrace CHN,2,G72935C4E,2026-04-27 18:42:55,2026-04-29 16:07:00,Lower Ringold,1,2026-04-30 04:49:39
Priest Rapids Tailrace CHN,2,G72935C4E,2026-04-27 18:42:55,2026-04-29 16:07:00,Hanford,1,2026-04-30 08:42:02
Priest Rapids Tailrace CHN,1,G729399BB,2026-04-30 16:36:34,2026-05-02 16:36:00,Lower Ringold,1,2026-05-03 05:01:41
Priest Rapids Tailrace CHN,1,G729399BB,2026-04-30 16:36:34,2026-05-02 16:36:00,Hanford,1,2026-05-03 07:52:56
Priest Rapids Tailrace CHN,1,G7294A62A,2026-04-27 19:02:20,2026-04-29 16:07:00,Lower Ringold,1,2026-04-30 14:10:50
Priest Rapids Tailrace CHN,1,G7294A62A,2026-04-27 19:02:20,2026-04-29 16:07:00,Hanford,0,
Priest Rapids Tailrace CHN,1,G7294BD97,2026-04-26 17:29:06,2026-04-28 15:47:00,Lower Ringold,1,2026-04-29 06:43:27
Priest Rapids Tailrace CHN,1,G7294BD97,2026-04-26 17:29:06,2026-04-28 15:47:00,Hanford,1,2026-04-29 11:01:51
Priest Rapids Tailrace CHN,1,G7294E353,2026-04-29 17:02:23,2026-05-01 16:26:00,Lower Ringold,1,2026-05-02 06:42:39
Priest Rapids Tailrace CHN,1,G7294E353,2026-04-29 17:02:23,2026-05-01 16:26:00,Hanford,1,2026-05-02 10:20:27
Priest Rapids Tailrace CHN,1,G7294F8EE,2026-04-30 16:37:44,2026-05-02 16:36:00,Lower Ringold,1,2026-05-03 14:59:23
Priest Rapids Tailrace CHN,1,G7294F8EE,2026-04-30 16:37:44,2026-05-02 16:36:00,Hanford,1,2026-05-03 19:17:38
Priest Rapids Tailrace CHN,1,G72962976,2026-04-24 21:21:53,2026-04-26 16:25:00,Lower Ringold,1,2026-04-27 11:48:12
Priest Rapids Tailrace CHN,1,G72962976,2026-04-24 21:21:53,2026-04-26 16:25:00,Hanford,1,2026-04-27 22:25:50
Priest Rapids Tailrace CHN,1,G72966593,2026-04-23 21:30:00,2026-04-25 16:05:00,Lower Ringold,1,2026-04-26 07:13:06
Priest Rapids Tailrace CHN,1,G72966593,2026-04-23 21:30:00,2026-04-25 16:05:00,Hanford,1,2026-04-26 10:00:33
Priest Rapids Tailrace CHN,3,G72981FC9,2026-04-30 16:59:30,2026-05-02 16:36:00,Lower Ringold,1,2026-05-03 08:06:20
Priest Rapids Tailrace CHN,3,G72981FC9,2026-04-30 16:59:30,2026-05-02 16:36:00,Hanford,1,2026-05-03 12:00:35
Priest Rapids Tailrace CHN,3,G72987C4E,2026-04-24 21:24:28,2026-04-26 16:25:00,Lower Ringold,1,2026-04-27 06:20:54
Priest Rapids Tailrace CHN,3,G72987C4E,2026-04-24 21:24:28,2026-04-26 16:25:00,Hanford,1,2026-04-27 10:40:38
Priest Rapids Tailrace CHN,1,G7298DDBF,2026-04-24 21:16:32,2026-04-26 16:25:00,Lower Ringold,1,2026-04-27 05:11:30
Priest Rapids Tailrace CHN,1,G7298DDBF,2026-04-24 21:16:32,2026-04-26 16:25:00,Hanford,1,2026-04-27 09:30:57
Priest Rapids Tailrace CHN,1,G7298F061,2026-04-26 17:50:00,2026-04-28 15:47:00,Lower Ringold,1,2026-04-29 14:49:47
Priest Rapids Tailrace CHN,1,G7298F061,2026-04-26 17:50:00,2026-04-28 15:47:00,Hanford,1,2026-04-29 19:15:08
Priest Rapids Tailrace CHN,1,G7298FF20,2026-04-26 17:24:17,2026-04-28 15:47:00,Lower Ringold,1,2026-04-29 09:03:14
Priest Rapids Tailrace CHN,1,G7298FF20,2026-04-26 17:24:17,2026-04-28 15:47:00,Hanford,1,2026-04-29 14:18:02
Priest Rapids Tailrace CHN,1,G7299306F,2026-04-27 18:51:34,2026-04-29 16:07:00,Lower Ringold,1,2026-04-30 04:58:27
Priest Rapids Tailrace CHN,1,G7299306F,2026-04-27 18:51:34,2026-04-29 16:07:00,Hanford,1,2026-04-30 08:00:08
Priest Rapids Tailrace CHN,1,G72995F4B,2026-04-25 18:20:43,2026-04-27 16:25:00,Lower Ringold,1,2026-04-28 17:50:01
Priest Rapids Tailrace CHN,1,G72995F4B,2026-04-25 18:20:43,2026-04-27 16:25:00,Hanford,1,2026-04-28 23:41:06
Priest Rapids Tailrace CHN,1,G729A663C,2026-04-27 18:56:45,2026-04-29 16:07:00,Lower Ringold,1,2026-04-30 04:44:52
Priest Rapids Tailrace CHN,1,G729A663C,2026-04-27 18:56:45,2026-04-29 16:07:00,Hanford,1,2026-04-30 09:33:01
Priest Rapids Tailrace CHN,1,G729BBF33,2026-04-27 18:45:31,2026-04-29 16:07:00,Lower Ringold,1,2026-04-30 05:35:50
Priest Rapids Tailrace CHN,1,G729BBF33,2026-04-27 18:45:31,2026-04-29 16:07:00,Hanford,1,2026-04-30 10:15:15
Priest Rapids Tailrace CHN,1,G729BC916,2026-04-30 16:37:18,2026-05-02 16:36:00,Lower Ringold,1,2026-05-03 22:49:21
Priest Rapids Tailrace CHN,1,G729BC916,2026-04-30 16:37:18,2026-05-02 16:36:00,Hanford,1,2026-05-04 02:28:55
Priest Rapids Tailrace CHN,3,G729EEB76,2026-04-25 18:40:56,2026-04-27 16:25:00,Lower Ringold,0,
Priest Rapids Tailrace CHN,3,G729EEB76,2026-04-25 18:40:56,2026-04-27 16:25:00,Hanford,0,
Priest Rapids Tailrace CHN,3,G729F593C,2026-04-29 16:51:07,2026-05-01 16:26:00,Lower Ringold,1,2026-05-02 15:03:34
Priest Rapids Tailrace CHN,3,G729F593C,2026-04-29 16:51:07,2026-05-01 16:26:00,Hanford,1,2026-05-02 19:03:23
Priest Rapids Tailrace CHN,3,G729FD172,2026-04-26 17:51:22,2026-04-28 15:47:00,Lower Ringold,1,2026-04-29 08:05:31
Priest Rapids Tailrace CHN,3,G729FD172,2026-04-26 17:51:22,2026-04-28 15:47:00,Hanford,1,2026-04-29 11:22:55
Priest Rapids Tailrace CHN,1,G72A0F286,2026-04-23 21:30:00,2026-04-25 16:05:00,Lower Ringold,1,2026-04-26 06:12:55
Priest Rapids Tailrace CHN,1,G72A0F286,2026-04-23 21:30:00,2026-04-25 16:05:00,Hanford,1,2026-04-26 09:27:39
Priest Rapids Tailrace CHN,3,G72A1B73B,2026-04-30 16:55:11,2026-05-02 16:36:00,Lower Ringold,0,
Priest Rapids Tailrace CHN,3,G72A1B73B,2026-04-30 16:55:11,2026-05-02 16:36:00,Hanford,0,
Priest Rapids Tailrace CHN,2,G72A1F49F,2026-04-23 21:30:00,2026-04-25 16:05:00,Lower Ringold,0,
Priest Rapids Tailrace CHN,2,G72A1F49F,2026-04-23 21:30:00,2026-04-25 16:05:00,Hanford,0,
Priest Rapids Tailrace CHN,1,G72A3CAAF,2026-04-25 18:43:18,2026-04-27 16:25:00,Lower Ringold,1,2026-04-28 07:31:48
Priest Rapids Tailrace CHN,1,G72A3CAAF,2026-04-25 18:43:18,2026-04-27 16:25:00,Hanford,1,2026-04-28 10:42:21
Priest Rapids Tailrace CHN,3,G72A3F38D,2026-04-28 19:42:08,2026-04-30 16:19:00,Lower Ringold,1,2026-05-01 05:58:06
Priest Rapids Tailrace CHN,3,G72A3F38D,2026-04-28 19:42:08,2026-04-30 16:19:00,Hanford,1,2026-05-01 09:25:57
Priest Rapids Tailrace CHN,3,G72A40397,2026-04-28 19:38:33,2026-04-30 16:19:00,Lower Ringold,1,2026-05-01 15:06:35
Priest Rapids Tailrace CHN,3,G72A40397,2026-04-28 19:38:33,2026-04-30 16:19:00,Hanford,1,2026-05-02 04:38:06
Priest Rapids Tailrace CHN,3,G72A492D8,2026-04-23 21:30:00,2026-04-25 16:05:00,Lower Ringold,1,2026-04-26 06:09:42
Priest Rapids Tailrace CHN,3,G72A492D8,2026-04-23 21:30:00,2026-04-25 16:05:00,Hanford,1,2026-04-26 09:09:37
Priest Rapids Tailrace CHN,3,G72A573AB,2026-04-30 16:44:03,2026-05-02 16:36:00,Lower Ringold,1,2026-05-03 07:15:57
Priest Rapids Tailrace CHN,3,G72A573AB,2026-04-30 16:44:03,2026-05-02 16:36:00,Hanford,1,2026-05-03 09:56:23
Priest Rapids Tailrace CHN,3,G72A5E567,2026-04-25 18:30:58,2026-04-27 16:25:00,Lower Ringold,1,2026-04-28 10:09:53
Priest Rapids Tailrace CHN,3,G72A5E567,2026-04-25 18:30:58,2026-04-27 16:25:00,Hanford,1,2026-04-28 14:45:12
Priest Rapids Tailrace CHN,3,G72A6493E,2026-04-24 21:33:17,2026-04-26 16:25:00,Lower Ringold,1,2026-05-17 00:38:26
Priest Rapids Tailrace CHN,3,G72A6493E,2026-04-24 21:33:17,2026-04-26 16:25:00,Hanford,1,2026-05-18 05:55:12
Priest Rapids Tailrace CHN,3,G72A67DE1,2026-04-25 18:37:23,2026-04-27 16:25:00,Lower Ringold,1,2026-04-28 20:47:56
Priest Rapids Tailrace CHN,3,G72A67DE1,2026-04-25 18:37:23,2026-04-27 16:25:00,Hanford,1,2026-04-29 13:09:56
Priest Rapids Tailrace CHN,3,G72A7D9EB,2026-04-23 21:30:00,2026-04-25 16:05:00,Lower Ringold,1,2026-04-26 07:06:48
Priest Rapids Tailrace CHN,3,G72A7D9EB,2026-04-23 21:30:00,2026-04-25 16:05:00,Hanford,1,2026-04-26 10:06:48
Priest Rapids Tailrace CHN,2,G72A88928,2026-04-23 21:32:19,2026-04-25 16:05:00,Lower Ringold,1,2026-04-26 19:12:32
Priest Rapids Tailrace CHN,2,G72A88928,2026-04-23 21:32:19,2026-04-25 16:05:00,Hanford,1,2026-04-26 23:17:42
Priest Rapids Tailrace CHN,1,G72A91CC2,2026-04-30 16:59:05,2026-05-02 16:36:00,Lower Ringold,1,2026-05-03 08:54:29
Priest Rapids Tailrace CHN,1,G72A91CC2,2026-04-30 16:59:05,2026-05-02 16:36:00,Hanford,1,2026-05-03 12:06:11
Priest Rapids Tailrace CHN,1,G72A925E0,2026-04-23 21:30:00,2026-04-25 16:05:00,Lower Ringold,1,2026-05-09 17:02:32
Priest Rapids Tailrace CHN,1,G72A925E0,2026-04-23 21:30:00,2026-04-25 16:05:00,Hanford,1,2026-05-10 10:49:18
Priest Rapids Tailrace CHN,2,G72A9D217,2026-04-26 18:00:18,2026-04-28 15:47:00,Lower Ringold,1,2026-04-29 07:48:55
Priest Rapids Tailrace CHN,2,G72A9D217,2026-04-26 18:00:18,2026-04-28 15:47:00,Hanford,1,2026-04-29 11:04:53
Priest Rapids Tailrace CHN,3,G72AA2E95,2026-04-30 16:42:05,2026-05-02 16:36:00,Lower Ringold,1,2026-05-04 07:37:25
Priest Rapids Tailrace CHN,3,G72AA2E95,2026-04-30 16:42:05,2026-05-02 16:36:00,Hanford,1,2026-05-04 10:29:22
Priest Rapids Tailrace CHN,2,G72AB2110,2026-04-27 18:43:29,2026-04-29 16:07:00,Lower Ringold,1,2026-04-30 06:36:34
Priest Rapids Tailrace CHN,2,G72AB2110,2026-04-27 18:43:29,2026-04-29 16:07:00,Hanford,1,2026-04-30 10:21:10
Priest Rapids Tailrace CHN,1,G72ABFE06,2026-04-26 17:50:59,2026-04-28 15:47:00,Lower Ringold,1,2026-04-29 12:53:44
Priest Rapids Tailrace CHN,1,G72ABFE06,2026-04-26 17:50:59,2026-04-28 15:47:00,Hanford,1,2026-04-29 17:07:45
Priest Rapids Tailrace CHN,3,G72AC92AE,2026-04-29 17:05:26,2026-05-01 16:26:00,Lower Ringold,1,2026-05-02 14:30:41
Priest Rapids Tailrace CHN,3,G72AC92AE,2026-04-29 17:05:26,2026-05-01 16:26:00,Hanford,1,2026-05-02 17:56:05
Priest Rapids Tailrace CHN,3,G72AF0F17,2026-04-26 17:44:43,2026-04-28 15:47:00,Lower Ringold,1,2026-04-29 05:15:31
Priest Rapids Tailrace CHN,3,G72AF0F17,2026-04-26 17:44:43,2026-04-28 15:47:00,Hanford,1,2026-04-29 09:16:23
Priest Rapids Tailrace CHN,1,G72B1F6CF,2026-04-26 17:48:54,2026-04-28 15:47:00,Lower Ringold,1,2026-04-30 15:32:22
Priest Rapids Tailrace CHN,1,G72B1F6CF,2026-04-26 17:48:54,2026-04-28 15:47:00,Hanford,1,2026-04-30 19:53:00
Priest Rapids Tailrace CHN,1,G72B26B76,2026-04-23 21:30:00,2026-04-25 16:05:00,Lower Ringold,1,2026-04-26 04:55:03
Priest Rapids Tailrace CHN,1,G72B26B76,2026-04-23 21:30:00,2026-04-25 16:05:00,Hanford,1,2026-04-26 08:08:43
Priest Rapids Tailrace CHN,1,G72B43A59,2026-04-24 21:12:38,2026-04-26 16:25:00,Lower Ringold,1,2026-04-27 18:10:09
Priest Rapids Tailrace CHN,1,G72B43A59,2026-04-24 21:12:38,2026-04-26 16:25:00,Hanford,1,2026-04-28 16:11:34
Priest Rapids Tailrace CHN,2,G72B478A3,2026-04-27 18:52:53,2026-04-29 16:07:00,Lower Ringold,0,
Priest Rapids Tailrace CHN,2,G72B478A3,2026-04-27 18:52:53,2026-04-29 16:07:00,Hanford,0,
Priest Rapids Tailrace CHN,1,G72B4AF77,2026-04-24 21:33:58,2026-04-26 16:25:00,Lower Ringold,1,2026-04-27 05:14:06
Priest Rapids Tailrace CHN,1,G72B4AF77,2026-04-24 21:33:58,2026-04-26 16:25:00,Hanford,1,2026-04-27 08:49:02
Priest Rapids Tailrace CHN,2,G72B5325F,2026-04-23 21:30:00,2026-04-25 16:05:00,Lower Ringold,1,2026-04-26 06:14:12
Priest Rapids Tailrace CHN,2,G72B5325F,2026-04-23 21:30:00,2026-04-25 16:05:00,Hanford,1,2026-04-26 09:37:00
Priest Rapids Tailrace CHN,1,G72B5591A,2026-04-26 17:49:39,2026-04-28 15:47:00,Lower Ringold,1,2026-04-29 06:14:08
Priest Rapids Tailrace CHN,1,G72B5591A,2026-04-26 17:49:39,2026-04-28 15:47:00,Hanford,1,2026-04-29 16:51:30
Priest Rapids Tailrace CHN,1,G72B62297,2026-04-30 16:56:47,2026-05-02 16:36:00,Lower Ringold,1,2026-05-03 05:33:22
Priest Rapids Tailrace CHN,1,G72B62297,2026-04-30 16:56:47,2026-05-02 16:36:00,Hanford,1,2026-05-03 08:33:53
Priest Rapids Tailrace CHN,1,G72B6BF7B,2026-04-26 17:48:04,2026-04-28 15:47:00,Lower Ringold,1,2026-04-29 15:28:51
Priest Rapids Tailrace CHN,1,G72B6BF7B,2026-04-26 17:48:04,2026-04-28 15:47:00,Hanford,1,2026-04-29 19:55:37
Priest Rapids Tailrace CHN,1,G72B7A402,2026-04-23 21:30:00,2026-04-25 16:05:00,Lower Ringold,1,2026-04-26 06:08:27
Priest Rapids Tailrace CHN,1,G72B7A402,2026-04-23 21:30:00,2026-04-25 16:05:00,Hanford,1,2026-04-26 09:22:39
Priest Rapids Tailrace CHN,3,G72B8E7BE,2026-04-23 21:30:00,2026-04-25 16:05:00,Lower Ringold,1,2026-04-26 05:34:48
Priest Rapids Tailrace CHN,3,G72B8E7BE,2026-04-23 21:30:00,2026-04-25 16:05:00,Hanford,1,2026-04-26 09:43:12
Priest Rapids Tailrace CHN,3,G72B9B51D,2026-04-23 21:30:00,2026-04-25 16:05:00,Lower Ringold,1,2026-04-26 06:14:23
Priest Rapids Tailrace CHN,3,G72B9B51D,2026-04-23 21:30:00,2026-04-25 16:05:00,Hanford,1,2026-04-26 09:47:48
Priest Rapids Tailrace CHN,3,G72B9BA5C,2026-04-25 18:27:51,2026-04-27 16:25:00,Lower Ringold,1,2026-04-29 03:11:55
Priest Rapids Tailrace CHN,3,G72B9BA5C,2026-04-25 18:27:51,2026-04-27 16:25:00,Hanford,1,2026-04-29 16:04:42
Priest Rapids Tailrace CHN,3,G72BAB6AA,2026-04-24 21:12:05,2026-04-26 16:25:00,Lower Ringold,1,2026-04-27 08:18:35
Priest Rapids Tailrace CHN,3,G72BAB6AA,2026-04-24 21:12:05,2026-04-26 16:25:00,Hanford,1,2026-04-27 11:44:09
Priest Rapids Tailrace CHN,3,G72BB739B,2026-04-29 16:43:18,2026-05-01 16:26:00,Lower Ringold,1,2026-05-02 09:46:14
Priest Rapids Tailrace CHN,3,G72BB739B,2026-04-29 16:43:18,2026-05-01 16:26:00,Hanford,1,2026-05-02 12:48:22
Priest Rapids Tailrace CHN,3,G72BC8402,2026-04-29 16:52:04,2026-05-01 16:26:00,Lower Ringold,1,2026-05-02 04:31:27
Priest Rapids Tailrace CHN,3,G72BC8402,2026-04-29 16:52:04,2026-05-01 16:26:00,Hanford,1,2026-05-02 07:14:30
Priest Rapids Tailrace CHN,3,G72BCEDFB,2026-04-29 16:51:35,2026-05-01 16:26:00,Lower Ringold,1,2026-05-02 04:27:09
Priest Rapids Tailrace CHN,3,G72BCEDFB,2026-04-29 16:51:35,2026-05-01 16:26:00,Hanford,1,2026-05-02 10:04:16
Priest Rapids Tailrace CHN,1,G72BEC356,2026-04-27 18:49:43,2026-04-29 16:07:00,Lower Ringold,1,2026-04-30 04:31:33
Priest Rapids Tailrace CHN,1,G72BEC356,2026-04-27 18:49:43,2026-04-29 16:07:00,Hanford,1,2026-04-30 07:39:47
Priest Rapids Tailrace CHN,1,G72BF1446,2026-04-28 19:34:38,2026-04-30 16:19:00,Lower Ringold,1,2026-05-01 11:26:37
Priest Rapids Tailrace CHN,1,G72BF1446,2026-04-28 19:34:38,2026-04-30 16:19:00,Hanford,1,2026-05-01 15:15:15
Priest Rapids Tailrace CHN,1,G72C0136B,2026-04-23 21:30:00,2026-04-25 16:05:00,Lower Ringold,0,
Priest Rapids Tailrace CHN,1,G72C0136B,2026-04-23 21:30:00,2026-04-25 16:05:00,Hanford,0,
Priest Rapids Tailrace CHN,1,G72C0837A,2026-04-24 21:34:40,2026-04-26 16:25:00,Lower Ringold,1,2026-04-27 05:45:29
Priest Rapids Tailrace CHN,1,G72C0837A,2026-04-24 21:34:40,2026-04-26 16:25:00,Hanford,1,2026-04-27 09:02:42
Priest Rapids Tailrace CHN,2,G72C08645,2026-04-28 19:31:52,2026-04-30 16:19:00,Lower Ringold,1,2026-05-01 08:21:46
Priest Rapids Tailrace CHN,2,G72C08645,2026-04-28 19:31:52,2026-04-30 16:19:00,Hanford,1,2026-05-01 11:49:19
Priest Rapids Tailrace CHN,1,G72C27B5D,2026-04-29 17:00:06,2026-05-01 16:26:00,Lower Ringold,1,2026-05-02 07:51:48
Priest Rapids Tailrace CHN,1,G72C27B5D,2026-04-29 17:00:06,2026-05-01 16:26:00,Hanford,1,2026-05-02 10:44:41
Priest Rapids Tailrace CHN,2,G72C346DA,2026-04-30 16:57:30,2026-05-02 16:36:00,Lower Ringold,0,
Priest Rapids Tailrace CHN,2,G72C346DA,2026-04-30 16:57:30,2026-05-02 16:36:00,Hanford,0,
Priest Rapids Tailrace CHN,3,G72C51128,2026-04-26 17:45:23,2026-04-28 15:47:00,Lower Ringold,1,2026-04-29 12:08:43
Priest Rapids Tailrace CHN,3,G72C51128,2026-04-26 17:45:23,2026-04-28 15:47:00,Hanford,1,2026-04-29 16:35:27
Priest Rapids Tailrace CHN,3,G72C54670,2026-04-24 21:24:05,2026-04-26 16:25:00,Lower Ringold,0,
Priest Rapids Tailrace CHN,3,G72C54670,2026-04-24 21:24:05,2026-04-26 16:25:00,Hanford,0,
Priest Rapids Tailrace CHN,3,G72C9D313,2026-04-29 16:57:55,2026-05-01 16:26:00,Lower Ringold,1,2026-05-02 12:51:14
Priest Rapids Tailrace CHN,3,G72C9D313,2026-04-29 16:57:55,2026-05-01 16:26:00,Hanford,1,2026-05-02 16:29:10
Priest Rapids Tailrace CHN,1,G72CBDF21,2026-04-27 18:44:56,2026-04-29 16:07:00,Lower Ringold,1,2026-04-30 04:12:02
Priest Rapids Tailrace CHN,1,G72CBDF21,2026-04-27 18:44:56,2026-04-29 16:07:00,Hanford,1,2026-04-30 07:25:09
Priest Rapids Tailrace CHN,1,G72CC4983,2026-04-24 21:17:31,2026-04-26 16:25:00,Lower Ringold,1,2026-04-27 13:30:23
Priest Rapids Tailrace CHN,1,G72CC4983,2026-04-24 21:17:31,2026-04-26 16:25:00,Hanford,1,2026-04-27 17:10:31
Priest Rapids Tailrace CHN,1,G72CCD992,2026-04-25 18:40:15,2026-04-27 16:25:00,Lower Ringold,0,
Priest Rapids Tailrace CHN,1,G72CCD992,2026-04-25 18:40:15,2026-04-27 16:25:00,Hanford,0,
Priest Rapids Tailrace CHN,3,G72CDB1F1,2026-04-30 16:40:19,2026-05-02 16:36:00,Lower Ringold,1,2026-05-03 12:54:32
Priest Rapids Tailrace CHN,3,G72CDB1F1,2026-04-30 16:40:19,2026-05-02 16:36:00,Hanford,1,2026-05-03 17:44:31
Priest Rapids Tailrace CHN,3,G72CE13B7,2026-04-25 18:33:26,2026-04-27 16:25:00,Lower Ringold,1,2026-04-28 09:29:40
Priest Rapids Tailrace CHN,3,G72CE13B7,2026-04-25 18:33:26,2026-04-27 16:25:00,Hanford,1,2026-04-28 12:23:26
Priest Rapids Tailrace CHN,3,G72CE6931,2026-04-24 21:11:23,2026-04-26 16:25:00,Lower Ringold,1,2026-04-27 05:12:34
Priest Rapids Tailrace CHN,3,G72CE6931,2026-04-24 21:11:23,2026-04-26 16:25:00,Hanford,1,2026-04-27 09:15:54
Priest Rapids Tailrace CHN,3,G72CFEFA4,2026-04-25 18:20:08,2026-04-27 16:25:00,Lower Ringold,1,2026-04-28 11:33:26
Priest Rapids Tailrace CHN,3,G72CFEFA4,2026-04-25 18:20:08,2026-04-27 16:25:00,Hanford,1,2026-04-28 15:40:49
Priest Rapids Tailrace CHN,3,G72D230D7,2026-04-30 16:40:57,2026-05-02 16:36:00,Lower Ringold,1,2026-05-03 06:52:38
Priest Rapids Tailrace CHN,3,G72D230D7,2026-04-30 16:40:57,2026-05-02 16:36:00,Hanford,1,2026-05-03 10:28:09
Priest Rapids Tailrace CHN,1,G72D2D3DC,2026-04-25 18:41:44,2026-04-27 16:25:00,Lower Ringold,1,2026-04-28 08:27:23
Priest Rapids Tailrace CHN,1,G72D2D3DC,2026-04-25 18:41:44,2026-04-27 16:25:00,Hanford,1,2026-04-28 12:09:05
Priest Rapids Tailrace CHN,1,G72D3128C,2026-04-29 16:59:17,2026-05-01 16:26:00,Lower Ringold,0,
Priest Rapids Tailrace CHN,1,G72D3128C,2026-04-29 16:59:17,2026-05-01 16:26:00,Hanford,0,
Priest Rapids Tailrace CHN,1,G72D321D0,2026-04-24 21:13:02,2026-04-26 16:25:00,Lower Ringold,1,2026-04-27 05:17:42
Priest Rapids Tailrace CHN,1,G72D321D0,2026-04-24 21:13:02,2026-04-26 16:25:00,Hanford,1,2026-04-27 08:41:23
Priest Rapids Tailrace CHN,1,G72D332AF,2026-04-26 17:51:49,2026-04-28 15:47:00,Lower Ringold,1,2026-04-29 15:17:59
Priest Rapids Tailrace CHN,1,G72D332AF,2026-04-26 17:51:49,2026-04-28 15:47:00,Hanford,1,2026-04-29 19:25:27
Priest Rapids Tailrace CHN,1,G72D39200,2026-04-24 21:13:59,2026-04-26 16:25:00,Lower Ringold,1,2026-04-27 06:10:12
Priest Rapids Tailrace CHN,1,G72D39200,2026-04-24 21:13:59,2026-04-26 16:25:00,Hanford,1,2026-04-27 09:40:02
Priest Rapids Tailrace CHN,1,G72D79365,2026-04-24 21:31:57,2026-04-26 16:25:00,Lower Ringold,0,
Priest Rapids Tailrace CHN,1,G72D79365,2026-04-24 21:31:57,2026-04-26 16:25:00,Hanford,0,
Priest Rapids Tailrace CHN,3,G72D88463,2026-04-23 21:30:00,2026-04-25 16:05:00,Lower Ringold,0,
Priest Rapids Tailrace CHN,3,G72D88463,2026-04-23 21:30:00,2026-04-25 16:05:00,Hanford,0,
Priest Rapids Tailrace CHN,1,G72D8FBDA,2026-04-24 21:37:52,2026-04-26 16:25:00,Lower Ringold,1,2026-04-27 07:02:27
Priest Rapids Tailrace CHN,1,G72D8FBDA,2026-04-24 21:37:52,2026-04-26 16:25:00,Hanford,1,2026-04-27 11:33:05
Priest Rapids Tailrace CHN,2,G72DAD88A,2026-04-30 16:59:57,2026-05-02 16:36:00,Lower Ringold,1,2026-05-03 11:31:38
Priest Rapids Tailrace CHN,2,G72DAD88A,2026-04-30 16:59:57,2026-05-02 16:36:00,Hanford,1,2026-05-03 14:49:45
Priest Rapids Tailrace CHN,3,G72DBD36E,2026-04-25 18:19:35,2026-04-27 16:25:00,Lower Ringold,1,2026-04-28 20:25:29
Priest Rapids Tailrace CHN,3,G72DBD36E,2026-04-25 18:19:35,2026-04-27 16:25:00,Hanford,1,2026-04-29 00:23:08
Priest Rapids Tailrace CHN,3,G72DD374C,2026-04-23 21:30:00,2026-04-25 16:05:00,Lower Ringold,1,2026-04-26 09:28:25
Priest Rapids Tailrace CHN,3,G72DD374C,2026-04-23 21:30:00,2026-04-25 16:05:00,Hanford,1,2026-04-26 12:21:54
Priest Rapids Tailrace CHN,2,G72DDEBB8,2026-04-27 18:58:06,2026-04-29 16:07:00,Lower Ringold,1,2026-04-30 12:02:54
Priest Rapids Tailrace CHN,2,G72DDEBB8,2026-04-27 18:58:06,2026-04-29 16:07:00,Hanford,1,2026-04-30 16:40:51
Priest Rapids Tailrace CHN,1,G72E0018B,2026-04-29 16:50:35,2026-05-01 16:26:00,Lower Ringold,1,2026-05-02 04:54:17
Priest Rapids Tailrace CHN,1,G72E0018B,2026-04-29 16:50:35,2026-05-01 16:26:00,Hanford,1,2026-05-02 08:01:44
Priest Rapids Tailrace CHN,1,G72E299C9,2026-04-26 17:46:52,2026-04-28 15:47:00,Lower Ringold,1,2026-04-29 07:49:28
Priest Rapids Tailrace CHN,1,G72E299C9,2026-04-26 17:46:52,2026-04-28 15:47:00,Hanford,1,2026-04-30 01:48:53
Priest Rapids Tailrace CHN,3,G72E51B97,2026-04-28 19:43:42,2026-04-30 16:19:00,Lower Ringold,1,2026-05-01 04:04:22
Priest Rapids Tailrace CHN,3,G72E51B97,2026-04-28 19:43:42,2026-04-30 16:19:00,Hanford,1,2026-05-01 07:20:32
Priest Rapids Tailrace CHN,3,G72E51EA8,2026-04-26 17:59:35,2026-04-28 15:47:00,Lower Ringold,1,2026-04-29 17:25:09
Priest Rapids Tailrace CHN,3,G72E51EA8,2026-04-26 17:59:35,2026-04-28 15:47:00,Hanford,1,2026-04-29 21:33:32
Priest Rapids Tailrace CHN,3,G72E5A367,2026-04-24 21:18:55,2026-04-26 16:25:00,Lower Ringold,0,
Priest Rapids Tailrace CHN,3,G72E5A367,2026-04-24 21:18:55,2026-04-26 16:25:00,Hanford,0,
Priest Rapids Tailrace CHN,3,G72E5E0C3,2026-04-28 19:27:56,2026-04-30 16:19:00,Lower Ringold,1,2026-05-01 04:58:10
Priest Rapids Tailrace CHN,3,G72E5E0C3,2026-04-28 19:27:56,2026-04-30 16:19:00,Hanford,1,2026-05-01 08:35:02
Priest Rapids Tailrace CHN,1,G72E62681,2026-04-23 21:30:00,2026-04-25 16:05:00,Lower Ringold,1,2026-04-26 07:42:34
Priest Rapids Tailrace CHN,1,G72E62681,2026-04-23 21:30:00,2026-04-25 16:05:00,Hanford,1,2026-04-26 11:32:53
Priest Rapids Tailrace CHN,1,G72E6FDF6,2026-04-29 16:42:14,2026-05-01 16:26:00,Lower Ringold,1,2026-05-03 01:01:30
Priest Rapids Tailrace CHN,1,G72E6FDF6,2026-04-29 16:42:14,2026-05-01 16:26:00,Hanford,1,2026-05-03 04:24:42
Priest Rapids Tailrace CHN,1,G72E73786,2026-04-24 21:36:17,2026-04-26 16:25:00,Lower Ringold,0,
Priest Rapids Tailrace CHN,1,G72E73786,2026-04-24 21:36:17,2026-04-26 16:25:00,Hanford,0,
Priest Rapids Tailrace CHN,3,G72E78456,2026-04-27 19:02:59,2026-04-29 16:07:00,Lower Ringold,1,2026-04-30 12:57:57
Priest Rapids Tailrace CHN,3,G72E78456,2026-04-27 19:02:59,2026-04-29 16:07:00,Hanford,1,2026-04-30 17:22:16
Priest Rapids Tailrace CHN,2,G72E7E3B0,2026-04-27 18:57:38,2026-04-29 16:07:00,Lower Ringold,1,2026-04-30 09:17:32
Priest Rapids Tailrace CHN,2,G72E7E3B0,2026-04-27 18:57:38,2026-04-29 16:07:00,Hanford,1,2026-04-30 12:06:56
Priest Rapids Tailrace CHN,1,G72E7F80D,2026-04-24 21:07:58,2026-04-26 16:25:00,Lower Ringold,1,2026-04-27 16:18:53
Priest Rapids Tailrace CHN,1,G72E7F80D,2026-04-24 21:07:58,2026-04-26 16:25:00,Hanford,1,2026-04-27 21:46:11
Priest Rapids Tailrace CHN,2,G72E96781,2026-04-30 16:38:41,2026-05-02 16:36:00,Lower Ringold,1,2026-05-04 08:20:10
Priest Rapids Tailrace CHN,2,G72E96781,2026-04-30 16:38:41,2026-05-02 16:36:00,Hanford,1,2026-05-04 11:29:08
Priest Rapids Tailrace CHN,2,G72E9771C,2026-04-29 16:44:29,2026-05-01 16:26:00,Lower Ringold,1,2026-05-05 12:33:06
Priest Rapids Tailrace CHN,2,G72E9771C,2026-04-29 16:44:29,2026-05-01 16:26:00,Hanford,1,2026-05-05 16:50:31
Priest Rapids Tailrace CHN,2,G72EA1C0C,2026-04-25 18:18:56,2026-04-27 16:25:00,Lower Ringold,1,2026-04-28 09:51:39
Priest Rapids Tailrace CHN,2,G72EA1C0C,2026-04-25 18:18:56,2026-04-27 16:25:00,Hanford,1,2026-04-29 19:14:20
Priest Rapids Tailrace CHN,1,G72EB95D8,2026-04-24 21:27:18,2026-04-26 16:25:00,Lower Ringold,1,2026-04-27 09:04:09
Priest Rapids Tailrace CHN,1,G72EB95D8,2026-04-24 21:27:18,2026-04-26 16:25:00,Hanford,1,2026-04-27 18:25:46
Priest Rapids Tailrace CHN,1,G72EE3355,2026-04-23 21:30:00,2026-04-25 16:05:00,Lower Ringold,1,2026-04-26 05:55:44
Priest Rapids Tailrace CHN,1,G72EE3355,2026-04-23 21:30:00,2026-04-25 16:05:00,Hanford,1,2026-04-26 10:13:06
Priest Rapids Tailrace CHN,1,G72F3566A,2026-04-29 16:55:11,2026-05-01 16:26:00,Lower Ringold,1,2026-05-02 08:53:43
Priest Rapids Tailrace CHN,1,G72F3566A,2026-04-29 16:55:11,2026-05-01 16:26:00,Hanford,1,2026-05-02 11:48:29
Priest Rapids Tailrace CHN,1,G72F35B97,2026-04-25 18:44:09,2026-04-27 16:25:00,Lower Ringold,1,2026-05-06 03:42:08
Priest Rapids Tailrace CHN,1,G72F35B97,2026-04-25 18:44:09,2026-04-27 16:25:00,Hanford,1,2026-05-06 22:36:53
Priest Rapids Tailrace CHN,1,G72F3DE24,2026-04-26 17:26:36,2026-04-28 15:47:00,Lower Ringold,1,2026-04-30 03:24:44
Priest Rapids Tailrace CHN,1,G72F3DE24,2026-04-26 17:26:36,2026-04-28 15:47:00,Hanford,1,2026-04-30 23:24:18
Priest Rapids Tailrace CHN,1,G72F521BB,2026-04-27 18:53:28,2026-04-29 16:07:00,Lower Ringold,1,2026-04-30 04:42:03
Priest Rapids Tailrace CHN,1,G72F521BB,2026-04-27 18:53:28,2026-04-29 16:07:00,Hanford,1,2026-04-30 08:07:15
Priest Rapids Tailrace CHN,1,G72F59AA9,2026-04-28 19:34:17,2026-04-30 16:19:00,Lower Ringold,1,2026-05-01 04:38:37
Priest Rapids Tailrace CHN,1,G72F59AA9,2026-04-28 19:34:17,2026-04-30 16:19:00,Hanford,1,2026-05-01 07:28:41
Priest Rapids Tailrace CHN,1,G72F63C8E,2026-04-27 18:48:19,2026-04-29 16:07:00,Lower Ringold,1,2026-04-30 08:56:39
Priest Rapids Tailrace CHN,1,G72F63C8E,2026-04-27 18:48:19,2026-04-29 16:07:00,Hanford,1,2026-04-30 12:16:39
Priest Rapids Tailrace CHN,2,G72F90917,2026-04-28 19:29:17,2026-04-30 16:19:00,Lower Ringold,1,2026-05-01 05:16:39
Priest Rapids Tailrace CHN,2,G72F90917,2026-04-28 19:29:17,2026-04-30 16:19:00,Hanford,1,2026-05-01 08:03:04
Priest Rapids Tailrace CHN,3,G72FA231F,2026-04-29 16:58:30,2026-05-01 16:26:00,Lower Ringold,1,2026-05-02 05:56:50
Priest Rapids Tailrace CHN,3,G72FA231F,2026-04-29 16:58:30,2026-05-01 16:26:00,Hanford,1,2026-05-02 09:41:11
Priest Rapids Tailrace STH,2,G7201876B,2026-05-04 19:17:13,2026-05-06 16:47:00,Lower Ringold,1,2026-05-09 15:45:25
Priest Rapids Tailrace STH,2,G7201876B,2026-05-04 19:17:13,2026-05-06 16:47:00,Hanford,1,2026-05-09 23:24:38
Priest Rapids Tailrace STH,2,G7201AC68,2026-05-05 18:24:27,2026-05-07 16:28:00,Lower Ringold,1,2026-05-08 13:31:42
Priest Rapids Tailrace STH,2,G7201AC68,2026-05-05 18:24:27,2026-05-07 16:28:00,Hanford,1,2026-05-08 16:52:11
Priest Rapids Tailrace STH,2,G72030C56,2026-05-02 18:59:27,2026-05-04 16:25:00,Lower Ringold,1,2026-05-05 04:37:54
Priest Rapids Tailrace STH,2,G72030C56,2026-05-02 18:59:27,2026-05-04 16:25:00,Hanford,1,2026-05-05 08:00:07
Priest Rapids Tailrace STH,1,G720457C3,2026-05-01 19:06:52,2026-05-04 16:25:00,Lower Ringold,1,2026-05-05 06:35:27
Priest Rapids Tailrace STH,1,G720457C3,2026-05-01 19:06:52,2026-05-04 16:25:00,Hanford,1,2026-05-05 09:29:26
Priest Rapids Tailrace STH,2,G720752A9,2026-04-30 18:08:29,2026-05-02 16:36:00,Lower Ringold,1,2026-05-03 03:29:18
Priest Rapids Tailrace STH,2,G720752A9,2026-04-30 18:08:29,2026-05-02 16:36:00,Hanford,1,2026-05-03 06:27:26
Priest Rapids Tailrace STH,3,G72085B2D,2026-05-04 19:00:38,2026-05-06 16:47:00,Lower Ringold,0,
Priest Rapids Tailrace STH,3,G72085B2D,2026-05-04 19:00:38,2026-05-06 16:47:00,Hanford,0,
Priest Rapids Tailrace STH,3,G72088687,2026-05-04 19:05:36,2026-05-06 16:47:00,Lower Ringold,1,2026-05-07 14:18:11
Priest Rapids Tailrace STH,3,G72088687,2026-05-04 19:05:36,2026-05-06 16:47:00,Hanford,0,
Priest Rapids Tailrace STH,3,G720A3BD9,2026-05-05 18:03:43,2026-05-07 16:28:00,Lower Ringold,1,2026-05-08 08:06:52
Priest Rapids Tailrace STH,3,G720A3BD9,2026-05-05 18:03:43,2026-05-07 16:28:00,Hanford,1,2026-05-08 11:17:19
Priest Rapids Tailrace STH,1,G720C76C8,2026-04-28 22:45:32,2026-04-30 16:19:00,Lower Ringold,0,
Priest Rapids Tailrace STH,1,G720C76C8,2026-04-28 22:45:32,2026-04-30 16:19:00,Hanford,0,
Priest Rapids Tailrace STH,3,G720D8726,2026-04-28 22:36:54,2026-04-30 16:19:00,Lower Ringold,1,2026-05-01 04:34:17
Priest Rapids Tailrace STH,3,G720D8726,2026-04-28 22:36:54,2026-04-30 16:19:00,Hanford,1,2026-05-01 07:48:48
Priest Rapids Tailrace STH,3,G720DFB7D,2026-05-01 19:11:14,2026-05-04 16:25:00,Lower Ringold,1,2026-05-10 03:07:27
Priest Rapids Tailrace STH,3,G720DFB7D,2026-05-01 19:11:14,2026-05-04 16:25:00,Hanford,1,2026-05-10 06:10:51
Priest Rapids Tailrace STH,3,G720FC390,2026-04-30 18:13:40,2026-05-02 16:36:00,Lower Ringold,1,2026-05-03 05:43:22
Priest Rapids Tailrace STH,3,G720FC390,2026-04-30 18:13:40,2026-05-02 16:36:00,Hanford,1,2026-05-03 09:10:24
Priest Rapids Tailrace STH,3,G72109CFE,2026-05-04 19:18:49,2026-05-06 16:47:00,Lower Ringold,1,2026-05-07 04:41:54
Priest Rapids Tailrace STH,3,G72109CFE,2026-05-04 19:18:49,2026-05-06 16:47:00,Hanford,1,2026-05-07 07:53:12
Priest Rapids Tailrace STH,3,G7211A3C5,2026-04-28 22:49:38,2026-04-30 16:19:00,Lower Ringold,1,2026-06-04 10:39:27
Priest Rapids Tailrace STH,3,G7211A3C5,2026-04-28 22:49:38,2026-04-30 16:19:00,Hanford,1,2026-06-04 12:55:34
Priest Rapids Tailrace STH,2,G7213C94F,2026-05-01 19:08:14,2026-05-04 16:25:00,Lower Ringold,1,2026-05-05 04:26:20
Priest Rapids Tailrace STH,2,G7213C94F,2026-05-01 19:08:14,2026-05-04 16:25:00,Hanford,1,2026-05-05 07:04:17
Priest Rapids Tailrace STH,2,G7214380B,2026-04-28 22:29:55,2026-04-30 16:19:00,Lower Ringold,0,
Priest Rapids Tailrace STH,2,G7214380B,2026-04-28 22:29:55,2026-04-30 16:19:00,Hanford,0,
Priest Rapids Tailrace STH,3,G72143D34,2026-04-30 18:06:12,2026-05-02 16:36:00,Lower Ringold,1,2026-05-03 08:44:27
Priest Rapids Tailrace STH,3,G72143D34,2026-04-30 18:06:12,2026-05-02 16:36:00,Hanford,1,2026-05-03 11:24:25
Priest Rapids Tailrace STH,3,G72152BB0,2026-05-02 18:49:31,2026-05-04 16:25:00,Lower Ringold,1,2026-05-05 05:33:48
Priest Rapids Tailrace STH,3,G72152BB0,2026-05-02 18:49:31,2026-05-04 16:25:00,Hanford,1,2026-05-05 08:23:45
Priest Rapids Tailrace STH,3,G7215E9C6,2026-04-28 22:30:46,2026-04-30 16:19:00,Lower Ringold,1,2026-05-01 04:47:04
Priest Rapids Tailrace STH,3,G7215E9C6,2026-04-28 22:30:46,2026-04-30 16:19:00,Hanford,1,2026-05-01 07:33:47
Priest Rapids Tailrace STH,2,G7217C76B,2026-05-01 18:41:14,2026-05-03 16:31:00,Lower Ringold,1,2026-05-04 07:23:52
Priest Rapids Tailrace STH,2,G7217C76B,2026-05-01 18:41:14,2026-05-03 16:31:00,Hanford,1,2026-05-04 10:06:35
Priest Rapids Tailrace STH,2,G7217FF17,2026-05-01 18:37:25,2026-05-03 16:31:00,Lower Ringold,1,2026-05-04 07:36:47
Priest Rapids Tailrace STH,2,G7217FF17,2026-05-01 18:37:25,2026-05-03 16:31:00,Hanford,1,2026-05-04 10:40:10
Priest Rapids Tailrace STH,1,G72182147,2026-04-29 17:49:23,2026-05-01 16:26:00,Lower Ringold,1,2026-05-02 04:55:31
Priest Rapids Tailrace STH,1,G72182147,2026-04-29 17:49:23,2026-05-01 16:26:00,Hanford,1,2026-05-02 08:10:02
Priest Rapids Tailrace STH,1,G72183846,2026-04-28 22:50:02,2026-04-30 16:19:00,Lower Ringold,1,2026-05-01 03:14:08
Priest Rapids Tailrace STH,1,G72183846,2026-04-28 22:50:02,2026-04-30 16:19:00,Hanford,1,2026-05-01 06:10:38
Priest Rapids Tailrace STH,2,G72193B60,2026-04-29 17:41:31,2026-05-01 16:26:00,Lower Ringold,1,2026-05-05 08:20:25
Priest Rapids Tailrace STH,2,G72193B60,2026-04-29 17:41:31,2026-05-01 16:26:00,Hanford,1,2026-05-06 03:59:30
Priest Rapids Tailrace STH,2,G7219E98B,2026-05-03 20:03:54,2026-05-05 17:13:00,Lower Ringold,0,
Priest Rapids Tailrace STH,2,G7219E98B,2026-05-03 20:03:54,2026-05-05 17:13:00,Hanford,0,
Priest Rapids Tailrace STH,2,G7219F236,2026-04-29 17:37:39,2026-05-01 16:26:00,Lower Ringold,0,
Priest Rapids Tailrace STH,2,G7219F236,2026-04-29 17:37:39,2026-05-01 16:26:00,Hanford,0,
Priest Rapids Tailrace STH,3,G721A2088,2026-05-02 18:55:22,2026-05-04 16:25:00,Lower Ringold,1,2026-05-05 02:27:59
Priest Rapids Tailrace STH,3,G721A2088,2026-05-02 18:55:22,2026-05-04 16:25:00,Hanford,1,2026-05-05 05:25:33
Priest Rapids Tailrace STH,2,G721DD5AD,2026-05-03 19:50:02,2026-05-05 17:13:00,Lower Ringold,1,2026-05-06 06:04:25
Priest Rapids Tailrace STH,2,G721DD5AD,2026-05-03 19:50:02,2026-05-05 17:13:00,Hanford,1,2026-05-06 09:07:57
Priest Rapids Tailrace STH,3,G721E0713,2026-05-05 18:06:43,2026-05-07 16:28:00,Lower Ringold,1,2026-05-16 06:33:53
Priest Rapids Tailrace STH,3,G721E0713,2026-05-05 18:06:43,2026-05-07 16:28:00,Hanford,1,2026-05-16 09:18:42
Priest Rapids Tailrace STH,2,G7220BA2D,2026-05-04 19:07:39,2026-05-06 16:47:00,Lower Ringold,1,2026-05-07 07:03:40
Priest Rapids Tailrace STH,2,G7220BA2D,2026-05-04 19:07:39,2026-05-06 16:47:00,Hanford,1,2026-05-07 10:10:38
Priest Rapids Tailrace STH,3,G72235D12,2026-04-29 17:37:13,2026-05-01 16:26:00,Lower Ringold,0,
Priest Rapids Tailrace STH,3,G72235D12,2026-04-29 17:37:13,2026-05-01 16:26:00,Hanford,0,
Priest Rapids Tailrace STH,2,G72240CF9,2026-05-02 19:07:54,2026-05-05 17:13:00,Lower Ringold,1,2026-05-08 12:53:41
Priest Rapids Tailrace STH,2,G72240CF9,2026-05-02 19:07:54,2026-05-05 17:13:00,Hanford,1,2026-05-08 16:25:37
Priest Rapids Tailrace STH,2,G72249115,2026-05-01 18:55:20,2026-05-03 16:31:00,Lower Ringold,1,2026-05-07 16:20:18
Priest Rapids Tailrace STH,2,G72249115,2026-05-01 18:55:20,2026-05-03 16:31:00,Hanford,1,2026-05-07 19:19:55
Priest Rapids Tailrace STH,2,G722656CD,2026-05-03 20:02:48,2026-05-05 17:13:00,Lower Ringold,1,2026-05-06 05:14:54
Priest Rapids Tailrace STH,2,G722656CD,2026-05-03 20:02:48,2026-05-05 17:13:00,Hanford,1,2026-05-06 08:13:22
Priest Rapids Tailrace STH,1,G722803F5,2026-05-02 18:57:49,2026-05-04 16:25:00,Lower Ringold,1,2026-05-05 11:43:15
Priest Rapids Tailrace STH,1,G722803F5,2026-05-02 18:57:49,2026-05-04 16:25:00,Hanford,1,2026-05-06 04:07:08
Priest Rapids Tailrace STH,3,G7228C183,2026-04-30 18:14:52,2026-05-02 16:36:00,Lower Ringold,1,2026-05-03 16:08:20
Priest Rapids Tailrace STH,3,G7228C183,2026-04-30 18:14:52,2026-05-02 16:36:00,Hanford,0,
Priest Rapids Tailrace STH,3,G7228E77D,2026-05-04 19:08:46,2026-05-06 16:47:00,Lower Ringold,1,2026-05-07 07:44:02
Priest Rapids Tailrace STH,3,G7228E77D,2026-05-04 19:08:46,2026-05-06 16:47:00,Hanford,1,2026-05-07 11:20:40
Priest Rapids Tailrace STH,2,G72296354,2026-04-29 17:47:53,2026-05-01 16:26:00,Lower Ringold,1,2026-05-02 12:47:03
Priest Rapids Tailrace STH,2,G72296354,2026-04-29 17:47:53,2026-05-01 16:26:00,Hanford,1,2026-05-03 03:22:54
Priest Rapids Tailrace STH,2,G722A3C9B,2026-05-01 18:48:00,2026-05-03 16:31:00,Lower Ringold,1,2026-05-06 11:41:51
Priest Rapids Tailrace STH,2,G722A3C9B,2026-05-01 18:48:00,2026-05-03 16:31:00,Hanford,1,2026-05-06 14:34:04
Priest Rapids Tailrace STH,2,G722B80CE,2026-04-30 18:03:31,2026-05-02 16:36:00,Lower Ringold,0,
Priest Rapids Tailrace STH,2,G722B80CE,2026-04-30 18:03:31,2026-05-02 16:36:00,Hanford,0,
Priest Rapids Tailrace STH,2,G722BB12E,2026-05-02 18:49:56,2026-05-04 16:25:00,Lower Ringold,1,2026-05-05 08:05:41
Priest Rapids Tailrace STH,2,G722BB12E,2026-05-02 18:49:56,2026-05-04 16:25:00,Hanford,1,2026-05-05 11:06:13
Priest Rapids Tailrace STH,1,G722CBCBD,2026-04-29 17:53:26,2026-05-01 16:26:00,Lower Ringold,1,2026-05-02 05:08:37
Priest Rapids Tailrace STH,1,G722CBCBD,2026-04-29 17:53:26,2026-05-01 16:26:00,Hanford,1,2026-05-04 04:54:45
Priest Rapids Tailrace STH,1,G722CC0E6,2026-05-02 18:55:48,2026-05-04 16:25:00,Lower Ringold,1,2026-05-05 05:27:36
Priest Rapids Tailrace STH,1,G722CC0E6,2026-05-02 18:55:48,2026-05-04 16:25:00,Hanford,1,2026-05-05 08:23:09
Priest Rapids Tailrace STH,1,G722CC1B8,2026-05-01 18:46:18,2026-05-03 16:31:00,Lower Ringold,1,2026-05-04 04:36:21
Priest Rapids Tailrace STH,1,G722CC1B8,2026-05-01 18:46:18,2026-05-03 16:31:00,Hanford,1,2026-05-04 07:45:09
Priest Rapids Tailrace STH,1,G722D86B9,2026-05-05 18:31:53,2026-05-07 16:28:00,Lower Ringold,1,2026-05-08 02:07:25
Priest Rapids Tailrace STH,1,G722D86B9,2026-05-05 18:31:53,2026-05-07 16:28:00,Hanford,1,2026-05-08 05:04:17
Priest Rapids Tailrace STH,1,G722DB266,2026-04-29 17:49:54,2026-05-01 16:26:00,Lower Ringold,1,2026-05-02 09:56:11
Priest Rapids Tailrace STH,1,G722DB266,2026-04-29 17:49:54,2026-05-01 16:26:00,Hanford,1,2026-05-02 13:13:31
Priest Rapids Tailrace STH,1,G722E89AD,2026-04-28 22:37:36,2026-04-30 16:19:00,Lower Ringold,1,2026-05-01 06:48:19
Priest Rapids Tailrace STH,1,G722E89AD,2026-04-28 22:37:36,2026-04-30 16:19:00,Hanford,1,2026-05-01 09:12:12
Priest Rapids Tailrace STH,1,G72308B21,2026-04-30 18:06:41,2026-05-02 16:36:00,Lower Ringold,1,2026-05-04 13:48:44
Priest Rapids Tailrace STH,1,G72308B21,2026-04-30 18:06:41,2026-05-02 16:36:00,Hanford,0,
Priest Rapids Tailrace STH,2,G7230D266,2026-05-05 18:22:23,2026-05-07 16:28:00,Lower Ringold,1,2026-05-09 21:56:55
Priest Rapids Tailrace STH,2,G7230D266,2026-05-05 18:22:23,2026-05-07 16:28:00,Hanford,1,2026-05-10 00:29:33
Priest Rapids Tailrace STH,2,G723135C8,2026-04-29 17:42:20,2026-05-01 16:26:00,Lower Ringold,1,2026-05-17 14:00:49
Priest Rapids Tailrace STH,2,G723135C8,2026-04-29 17:42:20,2026-05-01 16:26:00,Hanford,1,2026-05-18 04:52:17
Priest Rapids Tailrace STH,3,G723146D2,2026-04-28 22:41:15,2026-04-30 16:19:00,Lower Ringold,1,2026-05-01 02:28:41
Priest Rapids Tailrace STH,3,G723146D2,2026-04-28 22:41:15,2026-04-30 16:19:00,Hanford,1,2026-05-01 05:43:40
Priest Rapids Tailrace STH,2,G72321FC0,2026-04-29 17:47:16,2026-05-01 16:26:00,Lower Ringold,1,2026-05-02 04:32:53
Priest Rapids Tailrace STH,2,G72321FC0,2026-04-29 17:47:16,2026-05-01 16:26:00,Hanford,1,2026-05-02 07:10:25
Priest Rapids Tailrace STH,1,G7232CEC9,2026-05-04 19:24:26,2026-05-06 16:47:00,Lower Ringold,1,2026-05-10 11:45:08
Priest Rapids Tailrace STH,1,G7232CEC9,2026-05-04 19:24:26,2026-05-06 16:47:00,Hanford,1,2026-05-11 07:48:03
Priest Rapids Tailrace STH,1,G7233DE90,2026-05-04 19:09:05,2026-05-06 16:47:00,Lower Ringold,0,
Priest Rapids Tailrace STH,1,G7233DE90,2026-05-04 19:09:05,2026-05-06 16:47:00,Hanford,0,
Priest Rapids Tailrace STH,2,G723549A8,2026-04-30 18:02:25,2026-05-02 16:36:00,Lower Ringold,1,2026-05-03 09:15:20
Priest Rapids Tailrace STH,2,G723549A8,2026-04-30 18:02:25,2026-05-02 16:36:00,Hanford,1,2026-05-03 11:28:25
Priest Rapids Tailrace STH,3,G7236BB35,2026-04-28 22:43:06,2026-04-30 16:19:00,Lower Ringold,1,2026-05-02 16:12:08
Priest Rapids Tailrace STH,3,G7236BB35,2026-04-28 22:43:06,2026-04-30 16:19:00,Hanford,1,2026-05-02 22:30:03
Priest Rapids Tailrace STH,2,G72380626,2026-05-01 18:59:10,2026-05-03 16:31:00,Lower Ringold,1,2026-05-04 03:36:51
Priest Rapids Tailrace STH,2,G72380626,2026-05-01 18:59:10,2026-05-03 16:31:00,Hanford,1,2026-05-04 06:21:05
Priest Rapids Tailrace STH,2,G72383698,2026-05-01 19:03:12,2026-05-04 16:25:00,Lower Ringold,1,2026-05-05 06:12:33
Priest Rapids Tailrace STH,2,G72383698,2026-05-01 19:03:12,2026-05-04 16:25:00,Hanford,1,2026-05-05 08:47:47
Priest Rapids Tailrace STH,2,G7239902E,2026-05-01 19:08:49,2026-05-04 16:25:00,Lower Ringold,1,2026-05-05 04:57:02
Priest Rapids Tailrace STH,2,G7239902E,2026-05-01 19:08:49,2026-05-04 16:25:00,Hanford,1,2026-05-05 14:56:37
Priest Rapids Tailrace STH,3,G723AC67D,2026-05-01 19:06:00,2026-05-04 16:25:00,Lower Ringold,1,2026-05-05 08:51:27
Priest Rapids Tailrace STH,3,G723AC67D,2026-05-01 19:06:00,2026-05-04 16:25:00,Hanford,1,2026-05-05 11:53:21
Priest Rapids Tailrace STH,3,G723B2231,2026-05-02 19:07:14,2026-05-05 17:13:00,Lower Ringold,0,
Priest Rapids Tailrace STH,3,G723B2231,2026-05-02 19:07:14,2026-05-05 17:13:00,Hanford,0,
Priest Rapids Tailrace STH,2,G723C7284,2026-04-30 18:01:04,2026-05-02 16:36:00,Lower Ringold,1,2026-05-03 05:04:48
Priest Rapids Tailrace STH,2,G723C7284,2026-04-30 18:01:04,2026-05-02 16:36:00,Hanford,1,2026-05-03 08:29:43
Priest Rapids Tailrace STH,2,G723CC3E8,2026-05-02 19:02:49,2026-05-04 16:25:00,Lower Ringold,1,2026-05-05 02:13:55
Priest Rapids Tailrace STH,2,G723CC3E8,2026-05-02 19:02:49,2026-05-04 16:25:00,Hanford,1,2026-05-05 05:02:23
Priest Rapids Tailrace STH,1,G723DC272,2026-04-28 22:39:43,2026-04-30 16:19:00,Lower Ringold,1,2026-05-01 05:15:16
Priest Rapids Tailrace STH,1,G723DC272,2026-04-28 22:39:43,2026-04-30 16:19:00,Hanford,1,2026-05-01 07:45:34
Priest Rapids Tailrace STH,1,G723E85E2,2026-05-02 18:45:09,2026-05-04 16:25:00,Lower Ringold,1,2026-05-11 10:23:35
Priest Rapids Tailrace STH,1,G723E85E2,2026-05-02 18:45:09,2026-05-04 16:25:00,Hanford,1,2026-05-11 15:18:08
Priest Rapids Tailrace STH,2,G723F504E,2026-05-03 19:59:00,2026-05-05 17:13:00,Lower Ringold,1,2026-05-06 07:50:29
Priest Rapids Tailrace STH,2,G723F504E,2026-05-03 19:59:00,2026-05-05 17:13:00,Hanford,1,2026-05-06 10:44:39
Priest Rapids Tailrace STH,2,G723F94E5,2026-05-05 18:06:08,2026-05-07 16:28:00,Lower Ringold,1,2026-05-08 05:06:14
Priest Rapids Tailrace STH,2,G723F94E5,2026-05-05 18:06:08,2026-05-07 16:28:00,Hanford,1,2026-05-08 08:19:10
Priest Rapids Tailrace STH,2,G724006E6,2026-04-29 17:44:33,2026-05-01 16:26:00,Lower Ringold,1,2026-06-02 02:58:31
Priest Rapids Tailrace STH,2,G724006E6,2026-04-29 17:44:33,2026-05-01 16:26:00,Hanford,1,2026-06-02 05:19:10
Priest Rapids Tailrace STH,2,G7242ACA6,2026-04-29 17:36:47,2026-05-01 16:26:00,Lower Ringold,1,2026-05-02 03:34:32
Priest Rapids Tailrace STH,2,G7242ACA6,2026-04-29 17:36:47,2026-05-01 16:26:00,Hanford,1,2026-05-02 06:27:55
Priest Rapids Tailrace STH,2,G7243790A,2026-04-28 22:31:14,2026-04-30 16:19:00,Lower Ringold,1,2026-05-01 05:40:56
Priest Rapids Tailrace STH,2,G7243790A,2026-04-28 22:31:14,2026-04-30 16:19:00,Hanford,1,2026-05-01 08:21:34
Priest Rapids Tailrace STH,2,G72451684,2026-05-03 20:00:42,2026-05-05 17:13:00,Lower Ringold,1,2026-05-06 04:53:32
Priest Rapids Tailrace STH,2,G72451684,2026-05-03 20:00:42,2026-05-05 17:13:00,Hanford,1,2026-05-06 11:41:54
Priest Rapids Tailrace STH,1,G7245EDD0,2026-04-29 17:46:48,2026-05-01 16:26:00,Lower Ringold,1,2026-05-02 13:52:48
Priest Rapids Tailrace STH,1,G7245EDD0,2026-04-29 17:46:48,2026-05-01 16:26:00,Hanford,1,2026-05-04 14:36:21
Priest Rapids Tailrace STH,3,G7248AFA3,2026-05-03 19:45:16,2026-05-05 17:13:00,Lower Ringold,1,2026-05-06 11:47:01
Priest Rapids Tailrace STH,3,G7248AFA3,2026-05-03 19:45:16,2026-05-05 17:13:00,Hanford,1,2026-05-06 14:26:49
Priest Rapids Tailrace STH,3,G7248B8BD,2026-04-28 22:46:35,2026-04-30 16:19:00,Lower Ringold,1,2026-05-04 19:10:43
Priest Rapids Tailrace STH,3,G7248B8BD,2026-04-28 22:46:35,2026-04-30 16:19:00,Hanford,1,2026-05-05 03:03:04
Priest Rapids Tailrace STH,2,G72490089,2026-05-05 18:23:45,2026-05-07 16:28:00,Lower Ringold,1,2026-05-09 14:43:33
Priest Rapids Tailrace STH,2,G72490089,2026-05-05 18:23:45,2026-05-07 16:28:00,Hanford,1,2026-05-09 17:44:48
Priest Rapids Tailrace STH,1,G72499C3B,2026-05-02 19:01:39,2026-05-04 16:25:00,Lower Ringold,0,
Priest Rapids Tailrace STH,1,G72499C3B,2026-05-02 19:01:39,2026-05-04 16:25:00,Hanford,0,
Priest Rapids Tailrace STH,1,G724BB8E8,2026-05-04 19:19:56,2026-05-06 16:47:00,Lower Ringold,1,2026-05-07 03:23:34
Priest Rapids Tailrace STH,1,G724BB8E8,2026-05-04 19:19:56,2026-05-06 16:47:00,Hanford,1,2026-05-07 06:28:31
Priest Rapids Tailrace STH,1,G724BCAAC,2026-04-29 17:52:09,2026-05-01 16:26:00,Lower Ringold,1,2026-05-02 02:39:51
Priest Rapids Tailrace STH,1,G724BCAAC,2026-04-29 17:52:09,2026-05-01 16:26:00,Hanford,1,2026-05-02 05:43:33
Priest Rapids Tailrace STH,1,G724C6E0C,2026-04-30 18:15:20,2026-05-02 16:36:00,Lower Ringold,1,2026-05-03 06:26:01
Priest Rapids Tailrace STH,1,G724C6E0C,2026-04-30 18:15:20,2026-05-02 16:36:00,Hanford,1,2026-05-03 09:00:45
Priest Rapids Tailrace STH,1,G724CBCE7,2026-04-30 18:01:56,2026-05-02 16:36:00,Lower Ringold,1,2026-05-08 10:06:23
Priest Rapids Tailrace STH,1,G724CBCE7,2026-04-30 18:01:56,2026-05-02 16:36:00,Hanford,1,2026-05-08 13:03:19
Priest Rapids Tailrace STH,2,G724CED62,2026-04-28 22:32:35,2026-04-30 16:19:00,Lower Ringold,1,2026-05-01 09:15:09
Priest Rapids Tailrace STH,2,G724CED62,2026-04-28 22:32:35,2026-04-30 16:19:00,Hanford,1,2026-05-01 11:51:26
Priest Rapids Tailrace STH,2,G724D89A2,2026-04-30 18:05:26,2026-05-02 16:36:00,Lower Ringold,1,2026-05-03 02:50:18
Priest Rapids Tailrace STH,2,G724D89A2,2026-04-30 18:05:26,2026-05-02 16:36:00,Hanford,1,2026-05-03 06:14:55
Priest Rapids Tailrace STH,3,G724F0A5D,2026-04-28 22:43:31,2026-04-30 16:19:00,Lower Ringold,1,2026-05-01 10:23:38
Priest Rapids Tailrace STH,3,G724F0A5D,2026-04-28 22:43:31,2026-04-30 16:19:00,Hanford,1,2026-05-01 13:21:11
Priest Rapids Tailrace STH,3,G724FF9CB,2026-05-02 19:06:01,2026-05-05 17:13:00,Lower Ringold,1,2026-05-06 11:16:29
Priest Rapids Tailrace STH,3,G724FF9CB,2026-05-02 19:06:01,2026-05-05 17:13:00,Hanford,1,2026-05-06 21:25:24
Priest Rapids Tailrace STH,3,G7251A583,2026-05-01 18:45:00,2026-05-03 16:31:00,Lower Ringold,1,2026-05-04 03:20:48
Priest Rapids Tailrace STH,3,G7251A583,2026-05-01 18:45:00,2026-05-03 16:31:00,Hanford,1,2026-05-04 06:13:31
Priest Rapids Tailrace STH,3,G72527C1D,2026-04-28 22:49:15,2026-04-30 16:19:00,Lower Ringold,1,2026-05-01 04:16:14
Priest Rapids Tailrace STH,3,G72527C1D,2026-04-28 22:49:15,2026-04-30 16:19:00,Hanford,1,2026-05-01 07:26:52
Priest Rapids Tailrace STH,1,G7253A9B1,2026-05-01 18:59:55,2026-05-03 16:31:00,Lower Ringold,1,2026-05-14 18:52:35
Priest Rapids Tailrace STH,1,G7253A9B1,2026-05-01 18:59:55,2026-05-03 16:31:00,Hanford,1,2026-05-14 21:37:41
Priest Rapids Tailrace STH,3,G72557ECF,2026-04-30 18:07:32,2026-05-02 16:36:00,Lower Ringold,1,2026-05-03 09:07:31
Priest Rapids Tailrace STH,3,G72557ECF,2026-04-30 18:07:32,2026-05-02 16:36:00,Hanford,1,2026-05-03 12:29:51
Priest Rapids Tailrace STH,2,G7255BCB9,2026-05-01 19:00:44,2026-05-03 16:31:00,Lower Ringold,1,2026-05-04 04:32:42
Priest Rapids Tailrace STH,2,G7255BCB9,2026-05-01 19:00:44,2026-05-03 16:31:00,Hanford,1,2026-05-04 07:33:13
Priest Rapids Tailrace STH,2,G72560CDE,2026-04-29 17:44:08,2026-05-01 16:26:00,Lower Ringold,1,2026-05-02 04:55:48
Priest Rapids Tailrace STH,2,G72560CDE,2026-04-29 17:44:08,2026-05-01 16:26:00,Hanford,1,2026-05-02 07:58:27
Priest Rapids Tailrace STH,3,G725786E8,2026-05-03 19:48:13,2026-05-05 17:13:00,Lower Ringold,1,2026-05-22 15:09:31
Priest Rapids Tailrace STH,3,G725786E8,2026-05-03 19:48:13,2026-05-05 17:13:00,Hanford,1,2026-05-22 19:54:58
Priest Rapids Tailrace STH,2,G72588512,2026-05-04 19:17:43,2026-05-06 16:47:00,Lower Ringold,1,2026-05-09 15:40:07
Priest Rapids Tailrace STH,2,G72588512,2026-05-04 19:17:43,2026-05-06 16:47:00,Hanford,1,2026-05-09 19:11:45
Priest Rapids Tailrace STH,2,G7258B22F,2026-04-30 17:58:48,2026-05-02 16:36:00,Lower Ringold,1,2026-05-03 06:53:45
Priest Rapids Tailrace STH,2,G7258B22F,2026-04-30 17:58:48,2026-05-02 16:36:00,Hanford,1,2026-05-03 09:30:18
Priest Rapids Tailrace STH,1,G7259AD37,2026-04-29 17:45:46,2026-05-01 16:26:00,Lower Ringold,1,2026-05-02 03:15:58
Priest Rapids Tailrace STH,1,G7259AD37,2026-04-29 17:45:46,2026-05-01 16:26:00,Hanford,1,2026-05-02 11:00:40
Priest Rapids Tailrace STH,1,G725A31D0,2026-05-02 19:11:39,2026-05-05 17:13:00,Lower Ringold,1,2026-05-06 14:15:39
Priest Rapids Tailrace STH,1,G725A31D0,2026-05-02 19:11:39,2026-05-05 17:13:00,Hanford,1,2026-05-07 10:36:04
Priest Rapids Tailrace STH,1,G725C1CA4,2026-05-04 19:09:34,2026-05-06 16:47:00,Lower Ringold,1,2026-05-07 09:08:45
Priest Rapids Tailrace STH,1,G725C1CA4,2026-05-04 19:09:34,2026-05-06 16:47:00,Hanford,1,2026-05-07 12:12:40
Priest Rapids Tailrace STH,1,G725EDDA1,2026-04-28 22:43:56,2026-04-30 16:19:00,Lower Ringold,1,2026-05-22 07:20:16
Priest Rapids Tailrace STH,1,G725EDDA1,2026-04-28 22:43:56,2026-04-30 16:19:00,Hanford,0,
Priest Rapids Tailrace STH,1,G725EE761,2026-04-30 18:00:37,2026-05-02 16:36:00,Lower Ringold,0,
Priest Rapids Tailrace STH,1,G725EE761,2026-04-30 18:00:37,2026-05-02 16:36:00,Hanford,0,
Priest Rapids Tailrace STH,3,G725F8B63,2026-05-05 18:08:52,2026-05-07 16:28:00,Lower Ringold,1,2026-05-08 01:40:09
Priest Rapids Tailrace STH,3,G725F8B63,2026-05-05 18:08:52,2026-05-07 16:28:00,Hanford,1,2026-05-08 04:38:27
Priest Rapids Tailrace STH,3,G725F9F9F,2026-05-03 19:49:32,2026-05-05 17:13:00,Lower Ringold,1,2026-05-06 05:19:21
Priest Rapids Tailrace STH,3,G725F9F9F,2026-05-03 19:49:32,2026-05-05 17:13:00,Hanford,1,2026-05-06 08:33:58
Priest Rapids Tailrace STH,3,G725FAD9D,2026-05-05 18:12:47,2026-05-07 16:28:00,Lower Ringold,1,2026-05-22 10:41:07
Priest Rapids Tailrace STH,3,G725FAD9D,2026-05-05 18:12:47,2026-05-07 16:28:00,Hanford,1,2026-05-22 17:09:04
Priest Rapids Tailrace STH,2,G72614F39,2026-04-28 22:41:36,2026-04-30 16:19:00,Lower Ringold,1,2026-05-01 14:33:08
Priest Rapids Tailrace STH,2,G72614F39,2026-04-28 22:41:36,2026-04-30 16:19:00,Hanford,1,2026-05-01 17:10:08
Priest Rapids Tailrace STH,3,G726196F2,2026-05-04 19:11:09,2026-05-06 16:47:00,Lower Ringold,1,2026-05-07 11:05:03
Priest Rapids Tailrace STH,3,G726196F2,2026-05-04 19:11:09,2026-05-06 16:47:00,Hanford,1,2026-05-07 14:08:21
Priest Rapids Tailrace STH,3,G7261C316,2026-04-29 17:48:33,2026-05-01 16:26:00,Lower Ringold,1,2026-05-02 03:32:59
Priest Rapids Tailrace STH,3,G7261C316,2026-04-29 17:48:33,2026-05-01 16:26:00,Hanford,1,2026-05-02 06:50:55
Priest Rapids Tailrace STH,3,G72622CEB,2026-04-28 22:39:18,2026-04-30 16:19:00,Lower Ringold,1,2026-05-01 03:16:51
Priest Rapids Tailrace STH,3,G72622CEB,2026-04-28 22:39:18,2026-04-30 16:19:00,Hanford,1,2026-05-01 06:18:56
Priest Rapids Tailrace STH,2,G7262E840,2026-05-01 18:47:15,2026-05-03 16:31:00,Lower Ringold,1,2026-05-04 08:54:27
Priest Rapids Tailrace STH,2,G7262E840,2026-05-01 18:47:15,2026-05-03 16:31:00,Hanford,1,2026-05-04 11:59:03
Priest Rapids Tailrace STH,2,G72630933,2026-05-02 18:52:44,2026-05-04 16:25:00,Lower Ringold,1,2026-05-05 12:28:28
Priest Rapids Tailrace STH,2,G72630933,2026-05-02 18:52:44,2026-05-04 16:25:00,Hanford,1,2026-05-05 15:16:21
Priest Rapids Tailrace STH,2,G72631B12,2026-05-01 18:36:37,2026-05-03 16:31:00,Lower Ringold,1,2026-05-04 03:22:24
Priest Rapids Tailrace STH,2,G72631B12,2026-05-01 18:36:37,2026-05-03 16:31:00,Hanford,1,2026-05-04 06:18:11
Priest Rapids Tailrace STH,1,G72657FBC,2026-04-28 22:45:08,2026-04-30 16:19:00,Lower Ringold,1,2026-05-01 03:24:01
Priest Rapids Tailrace STH,1,G72657FBC,2026-04-28 22:45:08,2026-04-30 16:19:00,Hanford,1,2026-05-01 06:15:12
Priest Rapids Tailrace STH,3,G72684617,2026-05-02 18:51:06,2026-05-04 16:25:00,Lower Ringold,1,2026-05-05 09:10:09
Priest Rapids Tailrace STH,3,G72684617,2026-05-02 18:51:06,2026-05-04 16:25:00,Hanford,1,2026-05-05 12:05:18
Priest Rapids Tailrace STH,2,G72695AED,2026-05-03 19:46:59,2026-05-05 17:13:00,Lower Ringold,0,
Priest Rapids Tailrace STH,2,G72695AED,2026-05-03 19:46:59,2026-05-05 17:13:00,Hanford,0,
Priest Rapids Tailrace STH,2,G72698619,2026-05-04 19:18:19,2026-05-06 16:47:00,Lower Ringold,1,2026-05-07 05:04:42
Priest Rapids Tailrace STH,2,G72698619,2026-05-04 19:18:19,2026-05-06 16:47:00,Hanford,1,2026-05-07 07:58:02
Priest Rapids Tailrace STH,2,G7269E343,2026-04-28 22:42:13,2026-04-30 16:19:00,Lower Ringold,1,2026-05-01 06:48:36
Priest Rapids Tailrace STH,2,G7269E343,2026-04-28 22:42:13,2026-04-30 16:19:00,Hanford,1,2026-05-01 10:37:38
Priest Rapids Tailrace STH,2,G726A0DE0,2026-05-05 18:08:14,2026-05-07 16:28:00,Lower Ringold,1,2026-05-20 08:16:25
Priest Rapids Tailrace STH,2,G726A0DE0,2026-05-05 18:08:14,2026-05-07 16:28:00,Hanford,1,2026-05-20 11:31:10
Priest Rapids Tailrace STH,2,G726A6B58,2026-04-28 22:40:31,2026-04-30 16:19:00,Lower Ringold,1,2026-05-01 03:26:10
Priest Rapids Tailrace STH,2,G726A6B58,2026-04-28 22:40:31,2026-04-30 16:19:00,Hanford,1,2026-05-01 07:07:08
Priest Rapids Tailrace STH,2,G726A8C32,2026-05-03 19:43:56,2026-05-05 17:13:00,Lower Ringold,1,2026-05-06 04:23:35
Priest Rapids Tailrace STH,2,G726A8C32,2026-05-03 19:43:56,2026-05-05 17:13:00,Hanford,1,2026-05-06 14:55:39
Priest Rapids Tailrace STH,2,G726B1044,2026-04-28 22:30:23,2026-04-30 16:19:00,Lower Ringold,1,2026-05-01 07:44:27
Priest Rapids Tailrace STH,2,G726B1044,2026-04-28 22:30:23,2026-04-30 16:19:00,Hanford,1,2026-05-01 10:41:06
Priest Rapids Tailrace STH,2,G726C5D91,2026-05-05 18:23:14,2026-05-07 16:28:00,Lower Ringold,0,
Priest Rapids Tailrace STH,2,G726C5D91,2026-05-05 18:23:14,2026-05-07 16:28:00,Hanford,0,
Priest Rapids Tailrace STH,2,G726E7262,2026-04-29 17:51:35,2026-05-01 16:26:00,Lower Ringold,1,2026-05-02 02:55:11
Priest Rapids Tailrace STH,2,G726E7262,2026-04-29 17:51:35,2026-05-01 16:26:00,Hanford,1,2026-05-02 06:03:32
Priest Rapids Tailrace STH,2,G726E8936,2026-04-29 17:39:30,2026-05-01 16:26:00,Lower Ringold,1,2026-05-02 04:02:17
Priest Rapids Tailrace STH,2,G726E8936,2026-04-29 17:39:30,2026-05-01 16:26:00,Hanford,1,2026-05-02 07:14:43
Priest Rapids Tailrace STH,2,G726EB014,2026-05-02 19:02:14,2026-05-04 16:25:00,Lower Ringold,0,
Priest Rapids Tailrace STH,2,G726EB014,2026-05-02 19:02:14,2026-05-04 16:25:00,Hanford,0,
Priest Rapids Tailrace STH,2,G7270A73A,2026-05-02 19:03:51,2026-05-04 16:25:00,Lower Ringold,1,2026-05-05 05:25:37
Priest Rapids Tailrace STH,2,G7270A73A,2026-05-02 19:03:51,2026-05-04 16:25:00,Hanford,1,2026-05-05 08:17:57
Priest Rapids Tailrace STH,1,G7271961E,2026-05-05 18:29:41,2026-05-07 16:28:00,Lower Ringold,1,2026-05-10 04:15:22
Priest Rapids Tailrace STH,1,G7271961E,2026-05-05 18:29:41,2026-05-07 16:28:00,Hanford,1,2026-05-10 07:48:25
Priest Rapids Tailrace STH,1,G72729715,2026-05-04 19:15:40,2026-05-06 16:47:00,Lower Ringold,1,2026-05-07 08:01:40
Priest Rapids Tailrace STH,1,G72729715,2026-05-04 19:15:40,2026-05-06 16:47:00,Hanford,1,2026-05-07 11:15:03
Priest Rapids Tailrace STH,1,G72740C8E,2026-05-02 19:00:05,2026-05-04 16:25:00,Lower Ringold,1,2026-05-05 04:16:56
Priest Rapids Tailrace STH,1,G72740C8E,2026-05-02 19:00:05,2026-05-04 16:25:00,Hanford,1,2026-05-05 07:00:06
Priest Rapids Tailrace STH,1,G7276F196,2026-05-01 19:09:59,2026-05-04 16:25:00,Lower Ringold,1,2026-05-07 01:59:21
Priest Rapids Tailrace STH,1,G7276F196,2026-05-01 19:09:59,2026-05-04 16:25:00,Hanford,1,2026-05-07 04:35:04
Priest Rapids Tailrace STH,2,G7278D456,2026-05-05 18:27:40,2026-05-07 16:28:00,Lower Ringold,1,2026-05-08 03:55:52
Priest Rapids Tailrace STH,2,G7278D456,2026-05-05 18:27:40,2026-05-07 16:28:00,Hanford,1,2026-05-08 12:53:21
Priest Rapids Tailrace STH,2,G727B1EB7,2026-04-30 18:03:09,2026-05-02 16:36:00,Lower Ringold,1,2026-05-04 17:35:57
Priest Rapids Tailrace STH,2,G727B1EB7,2026-04-30 18:03:09,2026-05-02 16:36:00,Hanford,1,2026-05-21 09:36:26
Priest Rapids Tailrace STH,3,G72800BAF,2026-05-04 19:02:13,2026-05-07 16:28:00,Lower Ringold,0,
Priest Rapids Tailrace STH,3,G72800BAF,2026-05-04 19:02:13,2026-05-07 16:28:00,Hanford,0,
Priest Rapids Tailrace STH,2,G72824CFB,2026-04-29 17:50:45,2026-05-01 16:26:00,Lower Ringold,0,
Priest Rapids Tailrace STH,2,G72824CFB,2026-04-29 17:50:45,2026-05-01 16:26:00,Hanford,0,
Priest Rapids Tailrace STH,3,G7282AEAE,2026-05-03 19:46:00,2026-05-05 17:13:00,Lower Ringold,1,2026-05-06 03:52:11
Priest Rapids Tailrace STH,3,G7282AEAE,2026-05-03 19:46:00,2026-05-05 17:13:00,Hanford,1,2026-05-06 06:36:42
Priest Rapids Tailrace STH,1,G7284506F,2026-04-30 18:13:00,2026-05-02 16:36:00,Lower Ringold,1,2026-05-03 02:38:14
Priest Rapids Tailrace STH,1,G7284506F,2026-04-30 18:13:00,2026-05-02 16:36:00,Hanford,1,2026-05-03 05:45:34
Priest Rapids Tailrace STH,1,G7284DEFC,2026-04-29 17:43:20,2026-05-01 16:26:00,Lower Ringold,1,2026-05-02 13:26:03
Priest Rapids Tailrace STH,1,G7284DEFC,2026-04-29 17:43:20,2026-05-01 16:26:00,Hanford,1,2026-05-16 06:16:13
Priest Rapids Tailrace STH,1,G72852053,2026-05-01 18:51:46,2026-05-03 16:31:00,Lower Ringold,1,2026-05-04 09:16:58
Priest Rapids Tailrace STH,1,G72852053,2026-05-01 18:51:46,2026-05-03 16:31:00,Hanford,1,2026-05-04 12:03:03
Priest Rapids Tailrace STH,2,G7285210D,2026-04-29 17:41:05,2026-05-01 16:26:00,Lower Ringold,1,2026-05-02 06:28:41
Priest Rapids Tailrace STH,2,G7285210D,2026-04-29 17:41:05,2026-05-01 16:26:00,Hanford,1,2026-05-02 09:17:17
Priest Rapids Tailrace STH,3,G72867AA3,2026-05-01 18:54:08,2026-05-03 16:31:00,Lower Ringold,1,2026-05-04 05:09:46
Priest Rapids Tailrace STH,3,G72867AA3,2026-05-01 18:54:08,2026-05-03 16:31:00,Hanford,1,2026-05-04 08:12:32
Priest Rapids Tailrace STH,1,G72879EEF,2026-05-04 19:24:03,2026-05-06 16:47:00,Lower Ringold,1,2026-05-10 12:03:54
Priest Rapids Tailrace STH,1,G72879EEF,2026-05-04 19:24:03,2026-05-06 16:47:00,Hanford,1,2026-05-10 15:09:33
Priest Rapids Tailrace STH,2,G7288854A,2026-05-05 18:32:38,2026-05-07 16:28:00,Lower Ringold,1,2026-05-08 07:29:56
Priest Rapids Tailrace STH,2,G7288854A,2026-05-05 18:32:38,2026-05-07 16:28:00,Hanford,1,2026-05-08 12:12:33
Priest Rapids Tailrace STH,1,G7288C50C,2026-05-04 19:12:13,2026-05-06 16:47:00,Lower Ringold,1,2026-05-07 23:17:48
Priest Rapids Tailrace STH,1,G7288C50C,2026-05-04 19:12:13,2026-05-06 16:47:00,Hanford,1,2026-05-08 04:11:29
Priest Rapids Tailrace STH,1,G728CBA8E,2026-05-05 18:17:20,2026-05-07 16:28:00,Lower Ringold,1,2026-05-08 04:24:10
Priest Rapids Tailrace STH,1,G728CBA8E,2026-05-05 18:17:20,2026-05-07 16:28:00,Hanford,1,2026-05-08 15:09:09
Priest Rapids Tailrace STH,2,G72907BBB,2026-05-01 18:49:48,2026-05-03 16:31:00,Lower Ringold,1,2026-05-06 01:34:53
Priest Rapids Tailrace STH,2,G72907BBB,2026-05-01 18:49:48,2026-05-03 16:31:00,Hanford,1,2026-05-06 19:28:32
Priest Rapids Tailrace STH,2,G7291966B,2026-04-29 17:43:49,2026-05-01 16:26:00,Lower Ringold,1,2026-05-02 20:39:16
Priest Rapids Tailrace STH,2,G7291966B,2026-04-29 17:43:49,2026-05-01 16:26:00,Hanford,1,2026-05-04 08:56:07
Priest Rapids Tailrace STH,1,G7291EDB3,2026-05-01 18:42:43,2026-05-03 16:31:00,Lower Ringold,1,2026-05-04 06:59:28
Priest Rapids Tailrace STH,1,G7291EDB3,2026-05-01 18:42:43,2026-05-03 16:31:00,Hanford,1,2026-05-04 09:58:23
Priest Rapids Tailrace STH,1,G7292EDE6,2026-05-04 19:02:51,2026-05-06 16:47:00,Lower Ringold,0,
Priest Rapids Tailrace STH,1,G7292EDE6,2026-05-04 19:02:51,2026-05-06 16:47:00,Hanford,0,
Priest Rapids Tailrace STH,1,G72932796,2026-05-05 18:33:14,2026-05-07 16:28:00,Lower Ringold,0,
Priest Rapids Tailrace STH,1,G72932796,2026-05-05 18:33:14,2026-05-07 16:28:00,Hanford,0,
Priest Rapids Tailrace STH,1,G72937952,2026-05-03 19:59:41,2026-05-05 17:13:00,Lower Ringold,1,2026-05-06 05:39:51
Priest Rapids Tailrace STH,1,G72937952,2026-05-03 19:59:41,2026-05-05 17:13:00,Hanford,1,2026-05-06 08:50:00
Priest Rapids Tailrace STH,1,G7293ABB9,2026-05-04 19:08:11,2026-05-06 16:47:00,Lower Ringold,1,2026-05-07 08:35:59
Priest Rapids Tailrace STH,1,G7293ABB9,2026-05-04 19:08:11,2026-05-06 16:47:00,Hanford,1,2026-05-07 11:59:05
Priest Rapids Tailrace STH,1,G7295037E,2026-05-03 19:49:05,2026-05-05 17:13:00,Lower Ringold,0,
Priest Rapids Tailrace STH,1,G7295037E,2026-05-03 19:49:05,2026-05-05 17:13:00,Hanford,0,
Priest Rapids Tailrace STH,1,G729594EC,2026-05-05 18:30:54,2026-05-07 16:28:00,Lower Ringold,1,2026-05-08 05:41:00
Priest Rapids Tailrace STH,1,G729594EC,2026-05-05 18:30:54,2026-05-07 16:28:00,Hanford,1,2026-05-08 08:46:50
Priest Rapids Tailrace STH,1,G7297A0A2,2026-05-05 18:13:20,2026-05-07 16:28:00,Lower Ringold,1,2026-05-08 04:13:54
Priest Rapids Tailrace STH,1,G7297A0A2,2026-05-05 18:13:20,2026-05-07 16:28:00,Hanford,1,2026-05-08 07:33:00
Priest Rapids Tailrace STH,3,G729868B2,2026-04-29 17:52:56,2026-05-01 16:26:00,Lower Ringold,1,2026-05-02 03:14:14
Priest Rapids Tailrace STH,3,G729868B2,2026-04-29 17:52:56,2026-05-01 16:26:00,Hanford,1,2026-05-02 15:09:47
Priest Rapids Tailrace STH,3,G72989998,2026-04-28 22:33:06,2026-04-30 16:19:00,Lower Ringold,1,2026-05-21 11:14:38
Priest Rapids Tailrace STH,3,G72989998,2026-04-28 22:33:06,2026-04-30 16:19:00,Hanford,1,2026-05-21 21:53:04
Priest Rapids Tailrace STH,1,G72991DB1,2026-05-05 18:16:29,2026-05-07 16:28:00,Lower Ringold,0,
Priest Rapids Tailrace STH,1,G72991DB1,2026-05-05 18:16:29,2026-05-07 16:28:00,Hanford,0,
Priest Rapids Tailrace STH,1,G729932D3,2026-04-30 18:08:03,2026-05-02 16:36:00,Lower Ringold,1,2026-05-03 04:39:35
Priest Rapids Tailrace STH,1,G729932D3,2026-04-30 18:08:03,2026-05-02 16:36:00,Hanford,1,2026-05-03 07:44:26
Priest Rapids Tailrace STH,1,G72993D92,2026-05-03 19:45:41,2026-05-05 17:13:00,Lower Ringold,1,2026-05-06 06:41:05
Priest Rapids Tailrace STH,1,G72993D92,2026-05-03 19:45:41,2026-05-05 17:13:00,Hanford,1,2026-05-06 15:48:09
Priest Rapids Tailrace STH,3,G729ADAAD,2026-05-02 19:01:06,2026-05-04 16:25:00,Lower Ringold,0,
Priest Rapids Tailrace STH,3,G729ADAAD,2026-05-02 19:01:06,2026-05-04 16:25:00,Hanford,0,
Priest Rapids Tailrace STH,3,G729B4539,2026-04-29 17:45:13,2026-05-01 16:26:00,Lower Ringold,1,2026-05-02 13:23:06
Priest Rapids Tailrace STH,3,G729B4539,2026-04-29 17:45:13,2026-05-01 16:26:00,Hanford,1,2026-05-09 13:21:17
Priest Rapids Tailrace STH,3,G729BA30D,2026-05-05 18:04:19,2026-05-07 16:28:00,Lower Ringold,0,
Priest Rapids Tailrace STH,3,G729BA30D,2026-05-05 18:04:19,2026-05-07 16:28:00,Hanford,0,
Priest Rapids Tailrace STH,2,G729C5494,2026-05-05 18:11:57,2026-05-07 16:28:00,Lower Ringold,1,2026-05-08 02:40:14
Priest Rapids Tailrace STH,2,G729C5494,2026-05-05 18:11:57,2026-05-07 16:28:00,Hanford,1,2026-05-08 05:51:37
Priest Rapids Tailrace STH,2,G729CD546,2026-05-05 18:26:10,2026-05-07 16:28:00,Lower Ringold,1,2026-06-06 14:17:43
Priest Rapids Tailrace STH,2,G729CD546,2026-05-05 18:26:10,2026-05-07 16:28:00,Hanford,1,2026-06-06 16:45:41
Priest Rapids Tailrace STH,1,G729CE61A,2026-05-04 19:15:03,2026-05-06 16:47:00,Lower Ringold,1,2026-05-07 05:09:24
Priest Rapids Tailrace STH,1,G729CE61A,2026-05-04 19:15:03,2026-05-06 16:47:00,Hanford,1,2026-05-07 07:56:58
Priest Rapids Tailrace STH,1,G729D3F15,2026-04-29 17:40:37,2026-05-01 16:26:00,Lower Ringold,1,2026-05-02 03:32:51
Priest Rapids Tailrace STH,1,G729D3F15,2026-04-29 17:40:37,2026-05-01 16:26:00,Hanford,1,2026-05-02 06:14:55
Priest Rapids Tailrace STH,1,G729D7791,2026-05-02 19:03:22,2026-05-04 16:25:00,Lower Ringold,1,2026-05-05 04:11:50
Priest Rapids Tailrace STH,1,G729D7791,2026-05-02 19:03:22,2026-05-04 16:25:00,Hanford,1,2026-05-05 06:59:35
Priest Rapids Tailrace STH,3,G729EE2EA,2026-05-04 19:10:41,2026-05-06 16:47:00,Lower Ringold,1,2026-05-08 03:28:37
Priest Rapids Tailrace STH,3,G729EE2EA,2026-05-04 19:10:41,2026-05-06 16:47:00,Hanford,1,2026-05-08 07:01:17
Priest Rapids Tailrace STH,3,G729F7841,2026-04-29 17:46:09,2026-05-01 16:26:00,Lower Ringold,1,2026-05-02 03:56:54
Priest Rapids Tailrace STH,3,G729F7841,2026-04-29 17:46:09,2026-05-01 16:26:00,Hanford,1,2026-05-02 06:57:11
Priest Rapids Tailrace STH,3,G72A0BD81,2026-05-03 20:04:34,2026-05-05 17:13:00,Lower Ringold,1,2026-05-06 05:55:46
Priest Rapids Tailrace STH,3,G72A0BD81,2026-05-03 20:04:34,2026-05-05 17:13:00,Hanford,1,2026-05-06 08:54:10
Priest Rapids Tailrace STH,3,G72A0EFE6,2026-05-02 18:49:02,2026-05-04 16:25:00,Lower Ringold,1,2026-05-05 18:17:47
Priest Rapids Tailrace STH,3,G72A0EFE6,2026-05-02 18:49:02,2026-05-04 16:25:00,Hanford,1,2026-05-06 05:30:02
Priest Rapids Tailrace STH,3,G72A1D5E2,2026-05-01 18:57:43,2026-05-03 16:31:00,Lower Ringold,1,2026-05-04 04:33:41
Priest Rapids Tailrace STH,3,G72A1D5E2,2026-05-01 18:57:43,2026-05-03 16:31:00,Hanford,1,2026-05-04 08:07:39
Priest Rapids Tailrace STH,3,G72A42B76,2026-05-03 19:46:26,2026-05-05 17:13:00,Lower Ringold,1,2026-05-06 04:08:31
Priest Rapids Tailrace STH,3,G72A42B76,2026-05-03 19:46:26,2026-05-05 17:13:00,Hanford,1,2026-05-06 07:21:31
Priest Rapids Tailrace STH,3,G72A4D29E,2026-05-02 18:54:35,2026-05-04 16:25:00,Lower Ringold,1,2026-05-05 09:07:51
Priest Rapids Tailrace STH,3,G72A4D29E,2026-05-02 18:54:35,2026-05-04 16:25:00,Hanford,1,2026-05-05 12:27:22
Priest Rapids Tailrace STH,3,G72A5462A,2026-04-28 22:34:48,2026-04-30 16:19:00,Lower Ringold,0,
Priest Rapids Tailrace STH,3,G72A5462A,2026-04-28 22:34:48,2026-04-30 16:19:00,Hanford,0,
Priest Rapids Tailrace STH,3,G72A61418,2026-05-02 19:09:07,2026-05-05 17:13:00,Lower Ringold,1,2026-05-06 06:03:00
Priest Rapids Tailrace STH,3,G72A61418,2026-05-02 19:09:07,2026-05-05 17:13:00,Hanford,1,2026-05-06 09:20:06
Priest Rapids Tailrace STH,3,G72A7BA6C,2026-04-29 17:38:58,2026-05-01 16:26:00,Lower Ringold,1,2026-05-02 03:24:59
Priest Rapids Tailrace STH,3,G72A7BA6C,2026-04-29 17:38:58,2026-05-01 16:26:00,Hanford,1,2026-05-02 06:41:34
Priest Rapids Tailrace STH,2,G72A8F88E,2026-05-02 19:09:40,2026-05-05 17:13:00,Lower Ringold,1,2026-05-06 08:57:03
Priest Rapids Tailrace STH,2,G72A8F88E,2026-05-02 19:09:40,2026-05-05 17:13:00,Hanford,1,2026-05-06 11:50:54
Priest Rapids Tailrace STH,2,G72A9A2EF,2026-05-05 18:21:27,2026-05-07 16:28:00,Lower Ringold,1,2026-05-20 11:10:13
Priest Rapids Tailrace STH,2,G72A9A2EF,2026-05-05 18:21:27,2026-05-07 16:28:00,Hanford,1,2026-05-20 18:18:53
Priest Rapids Tailrace STH,3,G72AA40EF,2026-05-01 19:01:31,2026-05-03 16:31:00,Lower Ringold,1,2026-05-04 06:51:02
Priest Rapids Tailrace STH,3,G72AA40EF,2026-05-01 19:01:31,2026-05-03 16:31:00,Hanford,1,2026-05-04 10:10:45
Priest Rapids Tailrace STH,3,G72AC7A85,2026-04-29 17:38:29,2026-05-01 16:26:00,Lower Ringold,0,
Priest Rapids Tailrace STH,3,G72AC7A85,2026-04-29 17:38:29,2026-05-01 16:26:00,Hanford,0,
Priest Rapids Tailrace STH,1,G72AD5142,2026-05-05 18:25:28,2026-05-07 16:28:00,Lower Ringold,1,2026-05-08 03:12:30
Priest Rapids Tailrace STH,1,G72AD5142,2026-05-05 18:25:28,2026-05-07 16:28:00,Hanford,1,2026-05-08 06:15:28
Priest Rapids Tailrace STH,1,G72ADC532,2026-05-01 18:44:16,2026-05-03 16:31:00,Lower Ringold,1,2026-05-04 13:04:07
Priest Rapids Tailrace STH,1,G72ADC532,2026-05-01 18:44:16,2026-05-03 16:31:00,Hanford,1,2026-05-09 15:04:54
Priest Rapids Tailrace STH,1,G72ADE292,2026-05-01 18:34:44,2026-05-03 16:31:00,Lower Ringold,1,2026-05-04 10:44:29
Priest Rapids Tailrace STH,1,G72ADE292,2026-05-01 18:34:44,2026-05-03 16:31:00,Hanford,1,2026-05-04 15:42:45
Priest Rapids Tailrace STH,3,G72AE33CE,2026-05-01 18:48:38,2026-05-03 16:31:00,Lower Ringold,1,2026-05-04 03:21:52
Priest Rapids Tailrace STH,3,G72AE33CE,2026-05-01 18:48:38,2026-05-03 16:31:00,Hanford,1,2026-05-04 06:04:31
Priest Rapids Tailrace STH,3,G72AEF5D9,2026-04-29 17:41:54,2026-05-01 16:26:00,Lower Ringold,1,2026-05-02 05:43:51
Priest Rapids Tailrace STH,3,G72AEF5D9,2026-04-29 17:41:54,2026-05-01 16:26:00,Hanford,1,2026-05-02 08:12:04
Priest Rapids Tailrace STH,3,G72AF0056,2026-05-03 19:44:31,2026-05-05 17:13:00,Lower Ringold,1,2026-05-06 08:10:35
Priest Rapids Tailrace STH,3,G72AF0056,2026-05-03 19:44:31,2026-05-05 17:13:00,Hanford,1,2026-05-06 22:41:16
Priest Rapids Tailrace STH,1,G72B038DE,2026-04-30 17:58:27,2026-05-02 16:36:00,Lower Ringold,1,2026-05-03 02:53:08
Priest Rapids Tailrace STH,1,G72B038DE,2026-04-30 17:58:27,2026-05-02 16:36:00,Hanford,1,2026-05-03 06:01:35
Priest Rapids Tailrace STH,1,G72B04767,2026-04-29 17:40:03,2026-05-01 16:26:00,Lower Ringold,1,2026-05-02 02:47:54
Priest Rapids Tailrace STH,1,G72B04767,2026-04-29 17:40:03,2026-05-01 16:26:00,Hanford,1,2026-05-03 01:51:21
Priest Rapids Tailrace STH,1,G72B1699F,2026-04-30 18:01:33,2026-05-02 16:36:00,Lower Ringold,1,2026-05-05 19:56:43
Priest Rapids Tailrace STH,1,G72B1699F,2026-04-30 18:01:33,2026-05-02 16:36:00,Hanford,1,2026-05-05 23:03:43
Priest Rapids Tailrace STH,1,G72B1A275,2026-04-30 18:07:09,2026-05-02 16:36:00,Lower Ringold,1,2026-05-04 20:30:53
Priest Rapids Tailrace STH,1,G72B1A275,2026-04-30 18:07:09,2026-05-02 16:36:00,Hanford,1,2026-05-05 12:40:24
Priest Rapids Tailrace STH,1,G72B1C72F,2026-04-29 17:36:15,2026-05-01 16:26:00,Lower Ringold,1,2026-05-02 05:05:43
Priest Rapids Tailrace STH,1,G72B1C72F,2026-04-29 17:36:15,2026-05-01 16:26:00,Hanford,1,2026-05-02 07:55:17
Priest Rapids Tailrace STH,1,G72B26569,2026-05-04 19:10:13,2026-05-06 16:47:00,Lower Ringold,1,2026-05-07 03:55:15
Priest Rapids Tailrace STH,1,G72B26569,2026-05-04 19:10:13,2026-05-06 16:47:00,Hanford,1,2026-05-07 07:12:24
Priest Rapids Tailrace STH,1,G72B34873,2026-04-30 18:12:01,2026-05-02 16:36:00,Lower Ringold,1,2026-05-03 15:25:42
Priest Rapids Tailrace STH,1,G72B34873,2026-04-30 18:12:01,2026-05-02 16:36:00,Hanford,0,
Priest Rapids Tailrace STH,2,G72B418C6,2026-05-05 18:10:55,2026-05-07 16:28:00,Lower Ringold,1,2026-05-08 09:42:07
Priest Rapids Tailrace STH,2,G72B418C6,2026-05-05 18:10:55,2026-05-07 16:28:00,Hanford,1,2026-05-08 13:31:31
Priest Rapids Tailrace STH,2,G72B4F251,2026-05-03 20:00:16,2026-05-05 17:13:00,Lower Ringold,1,2026-05-06 09:01:55
Priest Rapids Tailrace STH,2,G72B4F251,2026-05-03 20:00:16,2026-05-05 17:13:00,Hanford,1,2026-05-06 11:53:42
Priest Rapids Tailrace STH,1,G72B5207E,2026-04-28 22:46:57,2026-04-30 16:19:00,Lower Ringold,1,2026-05-01 15:38:30
Priest Rapids Tailrace STH,1,G72B5207E,2026-04-28 22:46:57,2026-04-30 16:19:00,Hanford,1,2026-05-01 18:32:40
Priest Rapids Tailrace STH,2,G72B554E7,2026-05-01 19:09:27,2026-05-04 16:25:00,Lower Ringold,1,2026-05-06 02:49:20
Priest Rapids Tailrace STH,2,G72B554E7,2026-05-01 19:09:27,2026-05-04 16:25:00,Hanford,1,2026-05-06 05:47:19
Priest Rapids Tailrace STH,2,G72B5F177,2026-04-28 22:38:58,2026-04-30 16:19:00,Lower Ringold,1,2026-05-01 16:52:20
Priest Rapids Tailrace STH,2,G72B5F177,2026-04-28 22:38:58,2026-04-30 16:19:00,Hanford,1,2026-05-01 22:10:39
Priest Rapids Tailrace STH,1,G72B66F2C,2026-04-28 22:33:27,2026-04-30 16:19:00,Lower Ringold,1,2026-05-01 02:44:23
Priest Rapids Tailrace STH,1,G72B66F2C,2026-04-28 22:33:27,2026-04-30 16:19:00,Hanford,1,2026-05-01 05:45:49
Priest Rapids Tailrace STH,1,G72B6EFA0,2026-04-28 22:42:44,2026-04-30 16:19:00,Lower Ringold,1,2026-05-01 05:34:39
Priest Rapids Tailrace STH,1,G72B6EFA0,2026-04-28 22:42:44,2026-04-30 16:19:00,Hanford,1,2026-05-01 08:12:10
Priest Rapids Tailrace STH,3,G72B7F665,2026-05-02 19:04:42,2026-05-04 16:25:00,Lower Ringold,1,2026-05-05 02:31:11
Priest Rapids Tailrace STH,3,G72B7F665,2026-05-02 19:04:42,2026-05-04 16:25:00,Hanford,1,2026-05-05 04:55:00
Priest Rapids Tailrace STH,3,G72B860B1,2026-04-29 17:50:13,2026-05-01 16:26:00,Lower Ringold,1,2026-05-15 16:14:05
Priest Rapids Tailrace STH,3,G72B860B1,2026-04-29 17:50:13,2026-05-01 16:26:00,Hanford,1,2026-05-15 19:54:54
Priest Rapids Tailrace STH,3,G72B894A4,2026-05-04 19:20:40,2026-05-06 16:47:00,Lower Ringold,1,2026-05-07 05:20:24
Priest Rapids Tailrace STH,3,G72B894A4,2026-05-04 19:20:40,2026-05-06 16:47:00,Hanford,1,2026-05-07 13:15:25
Priest Rapids Tailrace STH,3,G72B903F2,2026-05-03 19:57:08,2026-05-05 17:13:00,Lower Ringold,1,2026-05-06 12:29:06
Priest Rapids Tailrace STH,3,G72B903F2,2026-05-03 19:57:08,2026-05-05 17:13:00,Hanford,1,2026-05-06 15:23:42
Priest Rapids Tailrace STH,3,G72B955F4,2026-04-30 17:57:55,2026-05-02 16:36:00,Lower Ringold,1,2026-05-03 04:47:11
Priest Rapids Tailrace STH,3,G72B955F4,2026-04-30 17:57:55,2026-05-02 16:36:00,Hanford,1,2026-05-03 07:51:39
Priest Rapids Tailrace STH,3,G72B9DB67,2026-05-02 18:46:24,2026-05-04 16:25:00,Lower Ringold,1,2026-05-05 02:09:35
Priest Rapids Tailrace STH,3,G72B9DB67,2026-05-02 18:46:24,2026-05-04 16:25:00,Hanford,1,2026-05-05 04:40:41
Priest Rapids Tailrace STH,3,G72BBA6F3,2026-05-04 19:11:45,2026-05-06 16:47:00,Lower Ringold,1,2026-05-07 06:02:11
Priest Rapids Tailrace STH,3,G72BBA6F3,2026-05-04 19:11:45,2026-05-06 16:47:00,Hanford,1,2026-05-07 08:58:49
Priest Rapids Tailrace STH,3,G72BD0A55,2026-04-28 22:40:59,2026-04-30 16:19:00,Lower Ringold,0,
Priest Rapids Tailrace STH,3,G72BD0A55,2026-04-28 22:40:59,2026-04-30 16:19:00,Hanford,0,
Priest Rapids Tailrace STH,3,G72BD166B,2026-05-02 19:06:39,2026-05-05 17:13:00,Lower Ringold,1,2026-05-06 09:19:59
Priest Rapids Tailrace STH,3,G72BD166B,2026-05-02 19:06:39,2026-05-05 17:13:00,Hanford,1,2026-05-06 12:09:21
Priest Rapids Tailrace STH,3,G72BD2E17,2026-05-02 19:10:15,2026-05-05 17:13:00,Lower Ringold,1,2026-05-06 06:37:02
Priest Rapids Tailrace STH,3,G72BD2E17,2026-05-02 19:10:15,2026-05-05 17:13:00,Hanford,1,2026-05-06 09:54:36
Priest Rapids Tailrace STH,3,G72BD8865,2026-04-30 18:02:46,2026-05-02 16:36:00,Lower Ringold,0,
Priest Rapids Tailrace STH,3,G72BD8865,2026-04-30 18:02:46,2026-05-02 16:36:00,Hanford,0,
Priest Rapids Tailrace STH,3,G72BDAFC5,2026-05-05 18:09:35,2026-05-07 16:28:00,Lower Ringold,1,2026-05-08 10:57:06
Priest Rapids Tailrace STH,3,G72BDAFC5,2026-05-05 18:09:35,2026-05-07 16:28:00,Hanford,1,2026-05-08 15:18:37
Priest Rapids Tailrace STH,3,G72BF513F,2026-05-03 19:47:56,2026-05-05 17:13:00,Lower Ringold,0,
Priest Rapids Tailrace STH,3,G72BF513F,2026-05-03 19:47:56,2026-05-05 17:13:00,Hanford,0,
Priest Rapids Tailrace STH,1,G72BFF0CE,2026-05-01 18:56:53,2026-05-03 16:31:00,Lower Ringold,1,2026-05-04 12:06:48
Priest Rapids Tailrace STH,1,G72BFF0CE,2026-05-01 18:56:53,2026-05-03 16:31:00,Hanford,1,2026-05-07 00:59:10
Priest Rapids Tailrace STH,2,G72C15DF6,2026-05-05 18:10:12,2026-05-07 16:28:00,Lower Ringold,1,2026-05-08 04:18:16
Priest Rapids Tailrace STH,2,G72C15DF6,2026-05-05 18:10:12,2026-05-07 16:28:00,Hanford,1,2026-05-08 07:27:35
Priest Rapids Tailrace STH,1,G72C1A540,2026-05-01 18:53:08,2026-05-03 16:31:00,Lower Ringold,1,2026-05-04 09:09:03
Priest Rapids Tailrace STH,1,G72C1A540,2026-05-01 18:53:08,2026-05-03 16:31:00,Hanford,1,2026-05-04 11:57:33
Priest Rapids Tailrace STH,1,G72C257DD,2026-04-28 22:48:21,2026-04-30 16:19:00,Lower Ringold,1,2026-05-01 03:11:08
Priest Rapids Tailrace STH,1,G72C257DD,2026-04-28 22:48:21,2026-04-30 16:19:00,Hanford,1,2026-05-01 06:10:27
Priest Rapids Tailrace STH,2,G72C30CE2,2026-04-29 17:38:09,2026-05-01 16:26:00,Lower Ringold,1,2026-05-02 08:58:49
Priest Rapids Tailrace STH,2,G72C30CE2,2026-04-29 17:38:09,2026-05-01 16:26:00,Hanford,1,2026-05-02 11:54:20
Priest Rapids Tailrace STH,2,G72C32E7D,2026-05-05 18:05:33,2026-05-07 16:28:00,Lower Ringold,1,2026-05-08 09:10:11
Priest Rapids Tailrace STH,2,G72C32E7D,2026-05-05 18:05:33,2026-05-07 16:28:00,Hanford,1,2026-05-08 12:24:27
Priest Rapids Tailrace STH,1,G72C3F9A9,2026-05-03 19:58:34,2026-05-05 17:13:00,Lower Ringold,0,
Priest Rapids Tailrace STH,1,G72C3F9A9,2026-05-03 19:58:34,2026-05-05 17:13:00,Hanford,0,
Priest Rapids Tailrace STH,2,G72C44D94,2026-05-01 18:45:44,2026-05-03 16:31:00,Lower Ringold,1,2026-05-20 06:15:56
Priest Rapids Tailrace STH,2,G72C44D94,2026-05-01 18:45:44,2026-05-03 16:31:00,Hanford,1,2026-05-20 09:27:14
Priest Rapids Tailrace STH,2,G72C4F686,2026-04-30 18:11:29,2026-05-02 16:36:00,Lower Ringold,1,2026-05-03 23:23:30
Priest Rapids Tailrace STH,2,G72C4F686,2026-04-30 18:11:29,2026-05-02 16:36:00,Hanford,1,2026-05-04 02:29:20
Priest Rapids Tailrace STH,3,G72C57A6D,2026-04-30 17:59:56,2026-05-02 16:36:00,Lower Ringold,0,
Priest Rapids Tailrace STH,3,G72C57A6D,2026-04-30 17:59:56,2026-05-02 16:36:00,Hanford,0,
Priest Rapids Tailrace STH,2,G72C5A57B,2026-05-04 19:19:29,2026-05-06 16:47:00,Lower Ringold,1,2026-05-07 06:43:05
Priest Rapids Tailrace STH,2,G72C5A57B,2026-05-04 19:19:29,2026-05-06 16:47:00,Hanford,0,
Priest Rapids Tailrace STH,2,G72C5B604,2026-05-05 18:15:42,2026-05-07 16:28:00,Lower Ringold,1,2026-05-08 02:52:19
Priest Rapids Tailrace STH,2,G72C5B604,2026-05-05 18:15:42,2026-05-07 16:28:00,Hanford,1,2026-05-08 06:03:37
Priest Rapids Tailrace STH,1,G72C747BF,2026-05-04 19:00:10,2026-05-06 16:47:00,Lower Ringold,1,2026-05-07 06:52:33
Priest Rapids Tailrace STH,1,G72C747BF,2026-05-04 19:00:10,2026-05-06 16:47:00,Hanford,1,2026-05-07 09:50:22
Priest Rapids Tailrace STH,3,G72CA20D0,2026-04-29 17:42:51,2026-05-01 16:26:00,Lower Ringold,1,2026-05-02 04:29:58
Priest Rapids Tailrace STH,3,G72CA20D0,2026-04-29 17:42:51,2026-05-01 16:26:00,Hanford,1,2026-05-02 07:13:01
Priest Rapids Tailrace STH,2,G72CD4AA5,2026-05-05 18:26:46,2026-05-07 16:28:00,Lower Ringold,0,
Priest Rapids Tailrace STH,2,G72CD4AA5,2026-05-05 18:26:46,2026-05-07 16:28:00,Hanford,0,
Priest Rapids Tailrace STH,3,G72CDC568,2026-05-03 19:58:11,2026-05-05 17:13:00,Lower Ringold,0,
Priest Rapids Tailrace STH,3,G72CDC568,2026-05-03 19:58:11,2026-05-05 17:13:00,Hanford,0,
Priest Rapids Tailrace STH,3,G72CE7C93,2026-05-05 18:01:26,2026-05-07 16:28:00,Lower Ringold,0,
Priest Rapids Tailrace STH,3,G72CE7C93,2026-05-05 18:01:26,2026-05-07 16:28:00,Hanford,0,
Priest Rapids Tailrace STH,3,G72CE981B,2026-04-30 18:10:47,2026-05-02 16:36:00,Lower Ringold,1,2026-05-03 03:59:21
Priest Rapids Tailrace STH,3,G72CE981B,2026-04-30 18:10:47,2026-05-02 16:36:00,Hanford,0,
Priest Rapids Tailrace STH,3,G72CF0E13,2026-05-02 18:48:04,2026-05-04 16:25:00,Lower Ringold,1,2026-05-10 03:20:28
Priest Rapids Tailrace STH,3,G72CF0E13,2026-05-02 18:48:04,2026-05-04 16:25:00,Hanford,1,2026-05-10 06:31:39
Priest Rapids Tailrace STH,3,G72CF2A51,2026-04-30 18:09:45,2026-05-02 16:36:00,Lower Ringold,1,2026-05-07 13:11:42
Priest Rapids Tailrace STH,3,G72CF2A51,2026-04-30 18:09:45,2026-05-02 16:36:00,Hanford,0,
Priest Rapids Tailrace STH,1,G72D0E8D3,2026-04-30 18:04:02,2026-05-02 16:36:00,Lower Ringold,0,
Priest Rapids Tailrace STH,1,G72D0E8D3,2026-04-30 18:04:02,2026-05-02 16:36:00,Hanford,0,
Priest Rapids Tailrace STH,1,G72D12141,2026-04-30 17:59:36,2026-05-02 16:36:00,Lower Ringold,0,
Priest Rapids Tailrace STH,1,G72D12141,2026-04-30 17:59:36,2026-05-02 16:36:00,Hanford,0,
Priest Rapids Tailrace STH,1,G72D12CBC,2026-05-04 19:26:16,2026-05-06 16:47:00,Lower Ringold,1,2026-05-07 05:40:26
Priest Rapids Tailrace STH,1,G72D12CBC,2026-05-04 19:26:16,2026-05-06 16:47:00,Hanford,1,2026-05-07 08:34:09
Priest Rapids Tailrace STH,1,G72D3E57B,2026-04-28 22:44:25,2026-04-30 16:19:00,Lower Ringold,1,2026-05-01 07:04:08
Priest Rapids Tailrace STH,1,G72D3E57B,2026-04-28 22:44:25,2026-04-30 16:19:00,Hanford,1,2026-05-01 09:31:11
Priest Rapids Tailrace STH,1,G72D3E699,2026-05-05 18:13:54,2026-05-07 16:28:00,Lower Ringold,1,2026-05-08 16:49:51
Priest Rapids Tailrace STH,1,G72D3E699,2026-05-05 18:13:54,2026-05-07 16:28:00,Hanford,1,2026-05-08 20:33:51
Priest Rapids Tailrace STH,1,G72D529B8,2026-04-28 22:47:19,2026-04-30 16:19:00,Lower Ringold,1,2026-05-01 03:01:28
Priest Rapids Tailrace STH,1,G72D529B8,2026-04-28 22:47:19,2026-04-30 16:19:00,Hanford,1,2026-05-01 05:46:06
Priest Rapids Tailrace STH,1,G72D69E5C,2026-05-03 20:01:31,2026-05-05 17:13:00,Lower Ringold,1,2026-05-06 03:51:32
Priest Rapids Tailrace STH,1,G72D69E5C,2026-05-03 20:01:31,2026-05-05 17:13:00,Hanford,1,2026-05-06 06:40:38
Priest Rapids Tailrace STH,1,G72D6D3E7,2026-05-03 19:47:27,2026-05-05 17:13:00,Lower Ringold,0,
Priest Rapids Tailrace STH,1,G72D6D3E7,2026-05-03 19:47:27,2026-05-05 17:13:00,Hanford,0,
Priest Rapids Tailrace STH,1,G72D7624F,2026-04-30 18:09:15,2026-05-02 16:36:00,Lower Ringold,1,2026-05-04 18:51:15
Priest Rapids Tailrace STH,1,G72D7624F,2026-04-30 18:09:15,2026-05-02 16:36:00,Hanford,1,2026-05-04 21:55:28
Priest Rapids Tailrace STH,2,G72D9D6C0,2026-05-04 19:26:38,2026-05-06 16:47:00,Lower Ringold,1,2026-05-07 10:02:49
Priest Rapids Tailrace STH,2,G72D9D6C0,2026-05-04 19:26:38,2026-05-06 16:47:00,Hanford,1,2026-05-07 13:15:22
Priest Rapids Tailrace STH,2,G72DAAB90,2026-04-30 17:59:17,2026-05-02 16:36:00,Lower Ringold,1,2026-05-03 06:35:40
Priest Rapids Tailrace STH,2,G72DAAB90,2026-04-30 17:59:17,2026-05-02 16:36:00,Hanford,1,2026-05-03 09:38:21
Priest Rapids Tailrace STH,3,G72DB53E2,2026-05-04 19:25:15,2026-05-06 16:47:00,Lower Ringold,1,2026-05-07 14:20:18
Priest Rapids Tailrace STH,3,G72DB53E2,2026-05-04 19:25:15,2026-05-06 16:47:00,Hanford,1,2026-05-07 23:15:17
Priest Rapids Tailrace STH,2,G72DE1205,2026-05-01 19:03:59,2026-05-04 16:25:00,Lower Ringold,1,2026-05-07 16:04:51
Priest Rapids Tailrace STH,2,G72DE1205,2026-05-01 19:03:59,2026-05-04 16:25:00,Hanford,1,2026-05-07 19:16:06
Priest Rapids Tailrace STH,1,G72E0296A,2026-05-03 20:02:07,2026-05-05 17:13:00,Lower Ringold,1,2026-05-06 13:43:18
Priest Rapids Tailrace STH,1,G72E0296A,2026-05-03 20:02:07,2026-05-05 17:13:00,Hanford,0,
Priest Rapids Tailrace STH,2,G72E1A73D,2026-05-05 18:28:17,2026-05-07 16:28:00,Lower Ringold,1,2026-05-08 03:41:07
Priest Rapids Tailrace STH,2,G72E1A73D,2026-05-05 18:28:17,2026-05-07 16:28:00,Hanford,1,2026-05-08 14:24:30
Priest Rapids Tailrace STH,1,G72E285F7,2026-05-02 18:48:32,2026-05-04 16:25:00,Lower Ringold,1,2026-05-08 01:42:32
Priest Rapids Tailrace STH,1,G72E285F7,2026-05-02 18:48:32,2026-05-04 16:25:00,Hanford,1,2026-05-08 05:13:30
Priest Rapids Tailrace STH,3,G72E344A7,2026-05-05 18:19:13,2026-05-07 16:28:00,Lower Ringold,1,2026-05-08 04:58:23
Priest Rapids Tailrace STH,3,G72E344A7,2026-05-05 18:19:13,2026-05-07 16:28:00,Hanford,1,2026-05-08 08:08:11
Priest Rapids Tailrace STH,1,G72E37CDB,2026-05-03 19:43:23,2026-05-05 17:13:00,Lower Ringold,1,2026-05-06 10:27:22
Priest Rapids Tailrace STH,1,G72E37CDB,2026-05-03 19:43:23,2026-05-05 17:13:00,Hanford,1,2026-05-06 13:25:07
Priest Rapids Tailrace STH,1,G72E3AA51,2026-04-28 22:45:54,2026-04-30 16:19:00,Lower Ringold,0,
Priest Rapids Tailrace STH,1,G72E3AA51,2026-04-28 22:45:54,2026-04-30 16:19:00,Hanford,0,
Priest Rapids Tailrace STH,3,G72E5F43F,2026-05-01 19:02:37,2026-05-03 16:31:00,Lower Ringold,1,2026-05-04 03:36:16
Priest Rapids Tailrace STH,3,G72E5F43F,2026-05-01 19:02:37,2026-05-03 16:31:00,Hanford,1,2026-05-04 06:39:28
Priest Rapids Tailrace STH,2,G72E91779,2026-05-04 18:59:42,2026-05-06 16:47:00,Lower Ringold,1,2026-05-07 11:01:12
Priest Rapids Tailrace STH,2,G72E91779,2026-05-04 18:59:42,2026-05-06 16:47:00,Hanford,1,2026-05-07 14:01:43
Priest Rapids Tailrace STH,1,G72E91D07,2026-05-02 18:54:03,2026-05-04 16:25:00,Lower Ringold,1,2026-05-05 05:22:22
Priest Rapids Tailrace STH,1,G72E91D07,2026-05-02 18:54:03,2026-05-04 16:25:00,Hanford,1,2026-05-05 08:13:18
Priest Rapids Tailrace STH,3,G72EA576A,2026-05-02 19:10:59,2026-05-05 17:13:00,Lower Ringold,1,2026-05-06 05:19:25
Priest Rapids Tailrace STH,3,G72EA576A,2026-05-02 19:10:59,2026-05-05 17:13:00,Hanford,1,2026-05-06 08:25:56
Priest Rapids Tailrace STH,1,G72EB807A,2026-05-02 18:47:00,2026-05-04 16:25:00,Lower Ringold,1,2026-05-05 05:06:09
Priest Rapids Tailrace STH,1,G72EB807A,2026-05-02 18:47:00,2026-05-04 16:25:00,Hanford,1,2026-05-05 07:46:03
Priest Rapids Tailrace STH,1,G72EC0D65,2026-04-28 22:48:51,2026-04-30 16:19:00,Lower Ringold,1,2026-05-01 02:47:54
Priest Rapids Tailrace STH,1,G72EC0D65,2026-04-28 22:48:51,2026-04-30 16:19:00,Hanford,1,2026-05-01 05:40:15
Priest Rapids Tailrace STH,1,G72EC20BB,2026-05-01 18:42:05,2026-05-03 16:31:00,Lower Ringold,1,2026-05-04 04:21:08
Priest Rapids Tailrace STH,1,G72EC20BB,2026-05-01 18:42:05,2026-05-03 16:31:00,Hanford,1,2026-05-04 07:23:58
Priest Rapids Tailrace STH,1,G72EC6D00,2026-04-30 18:05:03,2026-05-02 16:36:00,Lower Ringold,1,2026-05-03 04:04:17
Priest Rapids Tailrace STH,1,G72EC6D00,2026-04-30 18:05:03,2026-05-02 16:36:00,Hanford,1,2026-05-03 07:04:31
Priest Rapids Tailrace STH,2,G72EEF39F,2026-05-04 19:05:59,2026-05-06 16:47:00,Lower Ringold,1,2026-05-07 05:57:19
Priest Rapids Tailrace STH,2,G72EEF39F,2026-05-04 19:05:59,2026-05-06 16:47:00,Hanford,1,2026-05-07 09:46:00
Priest Rapids Tailrace STH,3,G72F0407F,2026-04-30 18:04:40,2026-05-02 16:36:00,Lower Ringold,0,
Priest Rapids Tailrace STH,3,G72F0407F,2026-04-30 18:04:40,2026-05-02 16:36:00,Hanford,0,
Priest Rapids Tailrace STH,3,G72F0B534,2026-04-29 17:48:56,2026-05-01 16:26:00,Lower Ringold,1,2026-05-02 09:21:58
Priest Rapids Tailrace STH,3,G72F0B534,2026-04-29 17:48:56,2026-05-01 16:26:00,Hanford,1,2026-05-02 12:33:23
Priest Rapids Tailrace STH,1,G72F14B9B,2026-05-05 18:18:10,2026-05-07 16:28:00,Lower Ringold,1,2026-05-08 04:35:44
Priest Rapids Tailrace STH,1,G72F14B9B,2026-05-05 18:18:10,2026-05-07 16:28:00,Hanford,1,2026-05-08 15:14:18
Priest Rapids Tailrace STH,1,G72F1A68F,2026-04-30 18:15:53,2026-05-02 16:36:00,Lower Ringold,1,2026-05-03 07:05:35
Priest Rapids Tailrace STH,1,G72F1A68F,2026-04-30 18:15:53,2026-05-02 16:36:00,Hanford,1,2026-05-03 10:15:00
Priest Rapids Tailrace STH,1,G72F24972,2026-05-02 18:50:34,2026-05-04 16:25:00,Lower Ringold,1,2026-05-05 07:15:06
Priest Rapids Tailrace STH,1,G72F24972,2026-05-02 18:50:34,2026-05-04 16:25:00,Hanford,1,2026-05-05 10:08:53
Priest Rapids Tailrace STH,1,G72F2F81E,2026-04-30 18:10:16,2026-05-02 16:36:00,Lower Ringold,1,2026-05-03 04:01:33
Priest Rapids Tailrace STH,1,G72F2F81E,2026-04-30 18:10:16,2026-05-02 16:36:00,Hanford,1,2026-05-03 09:48:27
Priest Rapids Tailrace STH,1,G72F3326E,2026-05-01 18:56:09,2026-05-03 16:31:00,Lower Ringold,1,2026-05-04 08:08:04
Priest Rapids Tailrace STH,1,G72F3326E,2026-05-01 18:56:09,2026-05-03 16:31:00,Hanford,1,2026-05-04 10:56:52
Priest Rapids Tailrace STH,1,G72F36B29,2026-04-28 22:38:06,2026-04-30 16:19:00,Lower Ringold,1,2026-05-01 13:14:44
Priest Rapids Tailrace STH,1,G72F36B29,2026-04-28 22:38:06,2026-04-30 16:19:00,Hanford,1,2026-05-01 17:01:39
Priest Rapids Tailrace STH,1,G72F64ECA,2026-05-04 19:03:17,2026-05-06 16:47:00,Lower Ringold,1,2026-05-09 13:42:37
Priest Rapids Tailrace STH,1,G72F64ECA,2026-05-04 19:03:17,2026-05-06 16:47:00,Hanford,1,2026-05-10 03:29:27
Priest Rapids Tailrace STH,3,G72F7E581,2026-05-04 19:06:30,2026-05-06 16:47:00,Lower Ringold,1,2026-05-07 13:35:19
Priest Rapids Tailrace STH,3,G72F7E581,2026-05-04 19:06:30,2026-05-06 16:47:00,Hanford,1,2026-05-08 05:13:59
Priest Rapids Tailrace STH,2,G72F99226,2026-05-02 19:00:37,2026-05-04 16:25:00,Lower Ringold,1,2026-05-05 02:59:38
Priest Rapids Tailrace STH,2,G72F99226,2026-05-02 19:00:37,2026-05-04 16:25:00,Hanford,1,2026-05-05 05:46:51
Priest Rapids Tailrace STH,3,G72FA075D,2026-05-04 19:07:09,2026-05-06 16:47:00,Lower Ringold,1,2026-05-08 04:16:15
Priest Rapids Tailrace STH,3,G72FA075D,2026-05-04 19:07:09,2026-05-06 16:47:00,Hanford,1,2026-05-08 11:14:23
