Rock Island Tailrace CHN,2,G72005D86,2026-05-10 15:30:57,2026-05-12 15:36:00,Crescent Bar,1,2026-05-13 01:06:29
Rock Island Tailrace CHN,2,G72005D86,2026-05-10 15:30:57,2026-05-12 15:36:00,Sunland,1,2026-05-13 16:36:00
Rock Island Tailrace CHN,2,G72005D86,2026-05-10 15:30:57,2026-05-12 15:36:00,Wanapum BRZ,1,2026-05-15 16:09:05
Rock Island Tailrace CHN,2,G72005D86,2026-05-10 15:30:57,2026-05-12 15:36:00,Mattawa,1,2026-05-16 18:59:23
Rock Island Tailrace CHN,2,G72005D86,2026-05-10 15:30:57,2026-05-12 15:36:00,Priest BRZ,1,2026-05-17 09:55:18
Rock Island Tailrace CHN,2,G72005D86,2026-05-10 15:30:57,2026-05-12 15:36:00,Lower Ringold,1,2026-05-18 08:55:19
Rock Island Tailrace CHN,2,G72005D86,2026-05-10 15:30:57,2026-05-12 15:36:00,Hanford,1,2026-05-18 11:48:11
Rock Island Tailrace CHN,2,G7201737E,2026-05-10 15:45:23,2026-05-12 15:36:00,Crescent Bar,1,2026-05-12 23:26:05
Rock Island Tailrace CHN,2,G7201737E,2026-05-10 15:45:23,2026-05-12 15:36:00,Sunland,1,2026-05-13 07:44:09
Rock Island Tailrace CHN,2,G7201737E,2026-05-10 15:45:23,2026-05-12 15:36:00,Wanapum BRZ,1,2026-05-14 13:22:00
Rock Island Tailrace CHN,2,G7201737E,2026-05-10 15:45:23,2026-05-12 15:36:00,Mattawa,1,2026-05-14 17:53:24
Rock Island Tailrace CHN,2,G7201737E,2026-05-10 15:45:23,2026-05-12 15:36:00,Priest BRZ,1,2026-05-15 08:01:48
Rock Island Tailrace CHN,2,G7201737E,2026-05-10 15:45:23,2026-05-12 15:36:00,Lower Ringold,1,2026-05-25 02:44:06
Rock Island Tailrace CHN,2,G7201737E,2026-05-10 15:45:23,2026-05-12 15:36:00,Hanford,0,
Rock Island Tailrace CHN,2,G7201E84F,2026-05-14 16:37:48,2026-05-16 15:36:00,Crescent Bar,1,2026-05-17 12:29:17
Rock Island Tailrace CHN,2,G7201E84F,2026-05-14 16:37:48,2026-05-16 15:36:00,Sunland,1,2026-05-19 05:31:01
Rock Island Tailrace CHN,2,G7201E84F,2026-05-14 16:37:48,2026-05-16 15:36:00,Wanapum BRZ,1,2026-05-20 17:04:59
Rock Island Tailrace CHN,2,G7201E84F,2026-05-14 16:37:48,2026-05-16 15:36:00,Mattawa,1,2026-05-21 00:56:46
Rock Island Tailrace CHN,2,G7201E84F,2026-05-14 16:37:48,2026-05-16 15:36:00,Priest BRZ,1,2026-05-22 04:42:27
Rock Island Tailrace CHN,2,G7201E84F,2026-05-14 16:37:48,2026-05-16 15:36:00,Lower Ringold,1,2026-05-22 16:40:41
Rock Island Tailrace CHN,2,G7201E84F,2026-05-14 16:37:48,2026-05-16 15:36:00,Hanford,1,2026-05-22 21:00:55
Rock Island Tailrace CHN,2,G7202E186,2026-05-08 16:22:42,2026-05-10 15:37:00,Crescent Bar,1,2026-05-11 09:37:29
Rock Island Tailrace CHN,2,G7202E186,2026-05-08 16:22:42,2026-05-10 15:37:00,Sunland,1,2026-05-12 12:36:12
Rock Island Tailrace CHN,2,G7202E186,2026-05-08 16:22:42,2026-05-10 15:37:00,Wanapum BRZ,0,
Rock Island Tailrace CHN,2,G7202E186,2026-05-08 16:22:42,2026-05-10 15:37:00,Mattawa,0,
Rock Island Tailrace CHN,2,G7202E186,2026-05-08 16:22:42,2026-05-10 15:37:00,Priest BRZ,0,
Rock Island Tailrace CHN,2,G7202E186,2026-05-08 16:22:42,2026-05-10 15:37:00,Lower Ringold,0,
Rock Island Tailrace CHN,2,G7202E186,2026-05-08 16:22:42,2026-05-10 15:37:00,Hanford,0,
Rock Island Tailrace CHN,2,G7202E75B,2026-05-06 17:19:04,2026-05-09 15:47:00,Crescent Bar,1,2026-05-10 03:00:08
Rock Island Tailrace CHN,2,G7202E75B,2026-05-06 17:19:04,2026-05-09 15:47:00,Sunland,1,2026-05-10 10:59:48
Rock Island Tailrace CHN,2,G7202E75B,2026-05-06 17:19:04,2026-05-09 15:47:00,Wanapum BRZ,1,2026-05-11 13:11:51
Rock Island Tailrace CHN,2,G7202E75B,2026-05-06 17:19:04,2026-05-09 15:47:00,Mattawa,1,2026-05-11 19:05:58
Rock Island Tailrace CHN,2,G7202E75B,2026-05-06 17:19:04,2026-05-09 15:47:00,Priest BRZ,1,2026-05-12 08:14:35
Rock Island Tailrace CHN,2,G7202E75B,2026-05-06 17:19:04,2026-05-09 15:47:00,Lower Ringold,1,2026-05-14 00:12:22
Rock Island Tailrace CHN,2,G7202E75B,2026-05-06 17:19:04,2026-05-09 15:47:00,Hanford,1,2026-05-14 03:56:40
Rock Island Tailrace CHN,1,G7205363C,2026-05-10 15:32:59,2026-05-12 15:36:00,Crescent Bar,1,2026-05-13 05:20:23
Rock Island Tailrace CHN,1,G7205363C,2026-05-10 15:32:59,2026-05-12 15:36:00,Sunland,1,2026-05-13 18:53:43
Rock Island Tailrace CHN,1,G7205363C,2026-05-10 15:32:59,2026-05-12 15:36:00,Wanapum BRZ,1,2026-05-15 13:59:47
Rock Island Tailrace CHN,1,G7205363C,2026-05-10 15:32:59,2026-05-12 15:36:00,Mattawa,1,2026-05-15 20:32:00
Rock Island Tailrace CHN,1,G7205363C,2026-05-10 15:32:59,2026-05-12 15:36:00,Priest BRZ,1,2026-05-16 08:05:28
Rock Island Tailrace CHN,1,G7205363C,2026-05-10 15:32:59,2026-05-12 15:36:00,Lower Ringold,0,
Rock Island Tailrace CHN,1,G7205363C,2026-05-10 15:32:59,2026-05-12 15:36:00,Hanford,0,
Rock Island Tailrace CHN,2,G72059A30,2026-05-10 15:35:44,2026-05-12 15:36:00,Crescent Bar,1,2026-05-12 23:26:40
Rock Island Tailrace CHN,2,G72059A30,2026-05-10 15:35:44,2026-05-12 15:36:00,Sunland,1,2026-05-13 13:45:52
Rock Island Tailrace CHN,2,G72059A30,2026-05-10 15:35:44,2026-05-12 15:36:00,Wanapum BRZ,1,2026-05-15 02:55:27
Rock Island Tailrace CHN,2,G72059A30,2026-05-10 15:35:44,2026-05-12 15:36:00,Mattawa,1,2026-05-15 05:39:22
Rock Island Tailrace CHN,2,G72059A30,2026-05-10 15:35:44,2026-05-12 15:36:00,Priest BRZ,0,
Rock Island Tailrace CHN,2,G72059A30,2026-05-10 15:35:44,2026-05-12 15:36:00,Lower Ringold,0,
Rock Island Tailrace CHN,2,G72059A30,2026-05-10 15:35:44,2026-05-12 15:36:00,Hanford,0,
Rock Island Tailrace CHN,3,G72084D6D,2026-05-12 16:11:30,2026-05-15 16:06:00,Crescent Bar,1,2026-05-15 23:51:48
Rock Island Tailrace CHN,3,G72084D6D,2026-05-12 16:11:30,2026-05-15 16:06:00,Sunland,1,2026-05-16 10:22:04
Rock Island Tailrace CHN,3,G72084D6D,2026-05-12 16:11:30,2026-05-15 16:06:00,Wanapum BRZ,1,2026-05-18 01:01:24
Rock Island Tailrace CHN,3,G72084D6D,2026-05-12 16:11:30,2026-05-15 16:06:00,Mattawa,0,
Rock Island Tailrace CHN,3,G72084D6D,2026-05-12 16:11:30,2026-05-15 16:06:00,Priest BRZ,0,
Rock Island Tailrace CHN,3,G72084D6D,2026-05-12 16:11:30,2026-05-15 16:06:00,Lower Ringold,0,
Rock Island Tailrace CHN,3,G72084D6D,2026-05-12 16:11:30,2026-05-15 16:06:00,Hanford,0,
Rock Island Tailrace CHN,3,G72089744,2026-05-14 16:29:53,2026-05-16 15:36:00,Crescent Bar,1,2026-05-17 08:38:32
Rock Island Tailrace CHN,3,G72089744,2026-05-14 16:29:53,2026-05-16 15:36:00,Sunland,1,2026-05-18 11:20:37
Rock Island Tailrace CHN,3,G72089744,2026-05-14 16:29:53,2026-05-16 15:36:00,Wanapum BRZ,1,2026-05-19 08:18:39
Rock Island Tailrace CHN,3,G72089744,2026-05-14 16:29:53,2026-05-16 15:36:00,Mattawa,1,2026-05-21 15:10:00
Rock Island Tailrace CHN,3,G72089744,2026-05-14 16:29:53,2026-05-16 15:36:00,Priest BRZ,1,2026-05-22 07:46:41
Rock Island Tailrace CHN,3,G72089744,2026-05-14 16:29:53,2026-05-16 15:36:00,Lower Ringold,1,2026-05-22 21:13:45
Rock Island Tailrace CHN,3,G72089744,2026-05-14 16:29:53,2026-05-16 15:36:00,Hanford,1,2026-05-23 13:08:12
Rock Island Tailrace CHN,1,G7208E45E,2026-05-11 16:11:12,2026-05-14 15:44:00,Crescent Bar,1,2026-05-15 00:07:57
Rock Island Tailrace CHN,1,G7208E45E,2026-05-11 16:11:12,2026-05-14 15:44:00,Sunland,1,2026-05-15 12:01:53
Rock Island Tailrace CHN,1,G7208E45E,2026-05-11 16:11:12,2026-05-14 15:44:00,Wanapum BRZ,1,2026-05-16 20:28:24
Rock Island Tailrace CHN,1,G7208E45E,2026-05-11 16:11:12,2026-05-14 15:44:00,Mattawa,1,2026-05-17 03:31:21
Rock Island Tailrace CHN,1,G7208E45E,2026-05-11 16:11:12,2026-05-14 15:44:00,Priest BRZ,1,2026-05-17 12:14:12
Rock Island Tailrace CHN,1,G7208E45E,2026-05-11 16:11:12,2026-05-14 15:44:00,Lower Ringold,1,2026-05-18 02:16:31
Rock Island Tailrace CHN,1,G7208E45E,2026-05-11 16:11:12,2026-05-14 15:44:00,Hanford,1,2026-05-18 05:38:28
Rock Island Tailrace CHN,1,G7208F67F,2026-05-12 16:26:21,2026-05-15 16:06:00,Crescent Bar,1,2026-05-16 07:02:54
Rock Island Tailrace CHN,1,G7208F67F,2026-05-12 16:26:21,2026-05-15 16:06:00,Sunland,1,2026-05-18 10:55:36
Rock Island Tailrace CHN,1,G7208F67F,2026-05-12 16:26:21,2026-05-15 16:06:00,Wanapum BRZ,1,2026-05-19 18:58:52
Rock Island Tailrace CHN,1,G7208F67F,2026-05-12 16:26:21,2026-05-15 16:06:00,Mattawa,1,2026-05-19 21:34:25
Rock Island Tailrace CHN,1,G7208F67F,2026-05-12 16:26:21,2026-05-15 16:06:00,Priest BRZ,1,2026-05-20 08:01:16
Rock Island Tailrace CHN,1,G7208F67F,2026-05-12 16:26:21,2026-05-15 16:06:00,Lower Ringold,1,2026-05-21 03:53:27
Rock Island Tailrace CHN,1,G7208F67F,2026-05-12 16:26:21,2026-05-15 16:06:00,Hanford,1,2026-05-21 07:24:58
Rock Island Tailrace CHN,1,G720926EC,2026-05-12 16:27:09,2026-05-15 16:06:00,Crescent Bar,1,2026-05-16 02:59:01
Rock Island Tailrace CHN,1,G720926EC,2026-05-12 16:27:09,2026-05-15 16:06:00,Sunland,1,2026-05-17 08:37:59
Rock Island Tailrace CHN,1,G720926EC,2026-05-12 16:27:09,2026-05-15 16:06:00,Wanapum BRZ,1,2026-05-18 16:51:54
Rock Island Tailrace CHN,1,G720926EC,2026-05-12 16:27:09,2026-05-15 16:06:00,Mattawa,0,
Rock Island Tailrace CHN,1,G720926EC,2026-05-12 16:27:09,2026-05-15 16:06:00,Priest BRZ,0,
Rock Island Tailrace CHN,1,G720926EC,2026-05-12 16:27:09,2026-05-15 16:06:00,Lower Ringold,0,
Rock Island Tailrace CHN,1,G720926EC,2026-05-12 16:27:09,2026-05-15 16:06:00,Hanford,0,
Rock Island Tailrace CHN,1,G720996DE,2026-05-10 15:46:37,2026-05-12 15:36:00,Crescent Bar,1,2026-05-13 00:36:40
Rock Island Tailrace CHN,1,G720996DE,2026-05-10 15:46:37,2026-05-12 15:36:00,Sunland,1,2026-05-13 10:00:41
Rock Island Tailrace CHN,1,G720996DE,2026-05-10 15:46:37,2026-05-12 15:36:00,Wanapum BRZ,1,2026-05-15 07:17:11
Rock Island Tailrace CHN,1,G720996DE,2026-05-10 15:46:37,2026-05-12 15:36:00,Mattawa,1,2026-05-16 04:57:13
Rock Island Tailrace CHN,1,G720996DE,2026-05-10 15:46:37,2026-05-12 15:36:00,Priest BRZ,1,2026-05-16 10:33:30
Rock Island Tailrace CHN,1,G720996DE,2026-05-10 15:46:37,2026-05-12 15:36:00,Lower Ringold,1,2026-05-17 01:18:39
Rock Island Tailrace CHN,1,G720996DE,2026-05-10 15:46:37,2026-05-12 15:36:00,Hanford,1,2026-05-17 04:39:33
Rock Island Tailrace CHN,1,G7209D3A7,2026-05-10 15:48:50,2026-05-12 15:36:00,Crescent Bar,1,2026-05-13 02:11:13
Rock Island Tailrace CHN,1,G7209D3A7,2026-05-10 15:48:50,2026-05-12 15:36:00,Sunland,1,2026-05-13 20:34:54
Rock Island Tailrace CHN,1,G7209D3A7,2026-05-10 15:48:50,2026-05-12 15:36:00,Wanapum BRZ,1,2026-05-16 07:15:09
Rock Island Tailrace CHN,1,G7209D3A7,2026-05-10 15:48:50,2026-05-12 15:36:00,Mattawa,1,2026-05-16 17:26:58
Rock Island Tailrace CHN,1,G7209D3A7,2026-05-10 15:48:50,2026-05-12 15:36:00,Priest BRZ,1,2026-05-17 01:39:42
Rock Island Tailrace CHN,1,G7209D3A7,2026-05-10 15:48:50,2026-05-12 15:36:00,Lower Ringold,1,2026-05-17 12:48:04
Rock Island Tailrace CHN,1,G7209D3A7,2026-05-10 15:48:50,2026-05-12 15:36:00,Hanford,1,2026-05-17 16:28:39
Rock Island Tailrace CHN,1,G7209D7C6,2026-05-07 16:25:21,2026-05-09 15:47:00,Crescent Bar,1,2026-05-09 23:17:05
Rock Island Tailrace CHN,1,G7209D7C6,2026-05-07 16:25:21,2026-05-09 15:47:00,Sunland,1,2026-05-10 10:12:02
Rock Island Tailrace CHN,1,G7209D7C6,2026-05-07 16:25:21,2026-05-09 15:47:00,Wanapum BRZ,1,2026-05-12 10:58:00
Rock Island Tailrace CHN,1,G7209D7C6,2026-05-07 16:25:21,2026-05-09 15:47:00,Mattawa,1,2026-05-12 14:00:33
Rock Island Tailrace CHN,1,G7209D7C6,2026-05-07 16:25:21,2026-05-09 15:47:00,Priest BRZ,1,2026-05-12 23:22:19
Rock Island Tailrace CHN,1,G7209D7C6,2026-05-07 16:25:21,2026-05-09 15:47:00,Lower Ringold,1,2026-05-13 10:22:15
Rock Island Tailrace CHN,1,G7209D7C6,2026-05-07 16:25:21,2026-05-09 15:47:00,Hanford,1,2026-05-13 13:16:54
Rock Island Tailrace CHN,3,G720AB397,2026-05-10 15:43:25,2026-05-12 15:36:00,Crescent Bar,1,2026-05-13 23:33:50
Rock Island Tailrace CHN,3,G720AB397,2026-05-10 15:43:25,2026-05-12 15:36:00,Sunland,1,2026-05-15 05:58:46
Rock Island Tailrace CHN,3,G720AB397,2026-05-10 15:43:25,2026-05-12 15:36:00,Wanapum BRZ,1,2026-05-16 16:24:37
Rock Island Tailrace CHN,3,G720AB397,2026-05-10 15:43:25,2026-05-12 15:36:00,Mattawa,1,2026-05-17 07:05:05
Rock Island Tailrace CHN,3,G720AB397,2026-05-10 15:43:25,2026-05-12 15:36:00,Priest BRZ,1,2026-05-17 19:32:13
Rock Island Tailrace CHN,3,G720AB397,2026-05-10 15:43:25,2026-05-12 15:36:00,Lower Ringold,1,2026-05-18 08:24:46
Rock Island Tailrace CHN,3,G720AB397,2026-05-10 15:43:25,2026-05-12 15:36:00,Hanford,1,2026-05-18 11:47:23
Rock Island Tailrace CHN,3,G720B0841,2026-05-14 16:30:42,2026-05-16 15:36:00,Crescent Bar,1,2026-05-17 10:06:01
Rock Island Tailrace CHN,3,G720B0841,2026-05-14 16:30:42,2026-05-16 15:36:00,Sunland,1,2026-05-18 03:57:02
Rock Island Tailrace CHN,3,G720B0841,2026-05-14 16:30:42,2026-05-16 15:36:00,Wanapum BRZ,1,2026-05-19 17:46:12
Rock Island Tailrace CHN,3,G720B0841,2026-05-14 16:30:42,2026-05-16 15:36:00,Mattawa,1,2026-05-19 22:46:56
Rock Island Tailrace CHN,3,G720B0841,2026-05-14 16:30:42,2026-05-16 15:36:00,Priest BRZ,1,2026-05-20 06:44:58
Rock Island Tailrace CHN,3,G720B0841,2026-05-14 16:30:42,2026-05-16 15:36:00,Lower Ringold,1,2026-05-20 18:48:02
Rock Island Tailrace CHN,3,G720B0841,2026-05-14 16:30:42,2026-05-16 15:36:00,Hanford,1,2026-05-21 01:13:31
Rock Island Tailrace CHN,1,G720D08EB,2026-05-09 16:49:36,2026-05-11 15:52:00,Crescent Bar,1,2026-05-11 21:59:12
Rock Island Tailrace CHN,1,G720D08EB,2026-05-09 16:49:36,2026-05-11 15:52:00,Sunland,1,2026-05-12 11:02:12
Rock Island Tailrace CHN,1,G720D08EB,2026-05-09 16:49:36,2026-05-11 15:52:00,Wanapum BRZ,1,2026-05-14 23:19:11
Rock Island Tailrace CHN,1,G720D08EB,2026-05-09 16:49:36,2026-05-11 15:52:00,Mattawa,1,2026-05-15 02:15:38
Rock Island Tailrace CHN,1,G720D08EB,2026-05-09 16:49:36,2026-05-11 15:52:00,Priest BRZ,1,2026-05-15 12:06:38
Rock Island Tailrace CHN,1,G720D08EB,2026-05-09 16:49:36,2026-05-11 15:52:00,Lower Ringold,1,2026-05-16 09:50:58
Rock Island Tailrace CHN,1,G720D08EB,2026-05-09 16:49:36,2026-05-11 15:52:00,Hanford,1,2026-05-16 12:58:21
Rock Island Tailrace CHN,3,G720E4F7B,2026-05-08 16:46:48,2026-05-10 15:37:00,Crescent Bar,1,2026-05-10 23:21:17
Rock Island Tailrace CHN,3,G720E4F7B,2026-05-08 16:46:48,2026-05-10 15:37:00,Sunland,1,2026-05-11 11:45:28
Rock Island Tailrace CHN,3,G720E4F7B,2026-05-08 16:46:48,2026-05-10 15:37:00,Wanapum BRZ,1,2026-05-12 08:04:57
Rock Island Tailrace CHN,3,G720E4F7B,2026-05-08 16:46:48,2026-05-10 15:37:00,Mattawa,1,2026-05-12 11:20:32
Rock Island Tailrace CHN,3,G720E4F7B,2026-05-08 16:46:48,2026-05-10 15:37:00,Priest BRZ,1,2026-05-13 06:42:17
Rock Island Tailrace CHN,3,G720E4F7B,2026-05-08 16:46:48,2026-05-10 15:37:00,Lower Ringold,1,2026-05-15 04:36:00
Rock Island Tailrace CHN,3,G720E4F7B,2026-05-08 16:46:48,2026-05-10 15:37:00,Hanford,1,2026-05-15 07:31:22
Rock Island Tailrace CHN,3,G720EEC36,2026-05-12 16:33:00,2026-05-15 16:06:00,Crescent Bar,1,2026-05-16 05:28:55
Rock Island Tailrace CHN,3,G720EEC36,2026-05-12 16:33:00,2026-05-15 16:06:00,Sunland,1,2026-05-17 10:14:24
Rock Island Tailrace CHN,3,G720EEC36,2026-05-12 16:33:00,2026-05-15 16:06:00,Wanapum BRZ,0,
Rock Island Tailrace CHN,3,G720EEC36,2026-05-12 16:33:00,2026-05-15 16:06:00,Mattawa,0,
Rock Island Tailrace CHN,3,G720EEC36,2026-05-12 16:33:00,2026-05-15 16:06:00,Priest BRZ,0,
Rock Island Tailrace CHN,3,G720EEC36,2026-05-12 16:33:00,2026-05-15 16:06:00,Lower Ringold,0,
Rock Island Tailrace CHN,3,G720EEC36,2026-05-12 16:33:00,2026-05-15 16:06:00,Hanford,0,
Rock Island Tailrace CHN,3,G720F6EC2,2026-05-09 16:15:51,2026-05-11 15:52:00,Crescent Bar,1,2026-05-12 01:09:11
Rock Island Tailrace CHN,3,G720F6EC2,2026-05-09 16:15:51,2026-05-11 15:52:00,Sunland,1,2026-05-12 13:04:53
Rock Island Tailrace CHN,3,G720F6EC2,2026-05-09 16:15:51,2026-05-11 15:52:00,Wanapum BRZ,1,2026-05-13 06:14:40
Rock Island Tailrace CHN,3,G720F6EC2,2026-05-09 16:15:51,2026-05-11 15:52:00,Mattawa,1,2026-05-13 10:24:59
Rock Island Tailrace CHN,3,G720F6EC2,2026-05-09 16:15:51,2026-05-11 15:52:00,Priest BRZ,1,2026-05-14 02:40:42
Rock Island Tailrace CHN,3,G720F6EC2,2026-05-09 16:15:51,2026-05-11 15:52:00,Lower Ringold,1,2026-05-14 18:15:06
Rock Island Tailrace CHN,3,G720F6EC2,2026-05-09 16:15:51,2026-05-11 15:52:00,Hanford,1,2026-05-14 22:25:01
Rock Island Tailrace CHN,3,G720F816A,2026-05-12 16:28:43,2026-05-15 16:06:00,Crescent Bar,1,2026-05-16 00:09:09
Rock Island Tailrace CHN,3,G720F816A,2026-05-12 16:28:43,2026-05-15 16:06:00,Sunland,1,2026-05-16 14:42:18
Rock Island Tailrace CHN,3,G720F816A,2026-05-12 16:28:43,2026-05-15 16:06:00,Wanapum BRZ,1,2026-05-19 21:32:59
Rock Island Tailrace CHN,3,G720F816A,2026-05-12 16:28:43,2026-05-15 16:06:00,Mattawa,1,2026-05-20 00:50:18
Rock Island Tailrace CHN,3,G720F816A,2026-05-12 16:28:43,2026-05-15 16:06:00,Priest BRZ,1,2026-05-21 09:51:09
Rock Island Tailrace CHN,3,G720F816A,2026-05-12 16:28:43,2026-05-15 16:06:00,Lower Ringold,1,2026-05-21 22:13:23
Rock Island Tailrace CHN,3,G720F816A,2026-05-12 16:28:43,2026-05-15 16:06:00,Hanford,1,2026-05-22 05:33:26
Rock Island Tailrace CHN,3,G720FF192,2026-05-12 16:25:51,2026-05-15 16:06:00,Crescent Bar,1,2026-05-16 00:20:21
Rock Island Tailrace CHN,3,G720FF192,2026-05-12 16:25:51,2026-05-15 16:06:00,Sunland,1,2026-05-16 12:15:36
Rock Island Tailrace CHN,3,G720FF192,2026-05-12 16:25:51,2026-05-15 16:06:00,Wanapum BRZ,1,2026-05-17 20:16:29
Rock Island Tailrace CHN,3,G720FF192,2026-05-12 16:25:51,2026-05-15 16:06:00,Mattawa,1,2026-05-18 01:11:31
Rock Island Tailrace CHN,3,G720FF192,2026-05-12 16:25:51,2026-05-15 16:06:00,Priest BRZ,1,2026-05-18 12:28:00
Rock Island Tailrace CHN,3,G720FF192,2026-05-12 16:25:51,2026-05-15 16:06:00,Lower Ringold,1,2026-05-19 14:56:24
Rock Island Tailrace CHN,3,G720FF192,2026-05-12 16:25:51,2026-05-15 16:06:00,Hanford,1,2026-05-19 18:23:58
Rock Island Tailrace CHN,3,G721014B0,2026-05-11 16:20:21,2026-05-14 15:44:00,Crescent Bar,1,2026-05-14 22:25:31
Rock Island Tailrace CHN,3,G721014B0,2026-05-11 16:20:21,2026-05-14 15:44:00,Sunland,1,2026-05-15 20:54:17
Rock Island Tailrace CHN,3,G721014B0,2026-05-11 16:20:21,2026-05-14 15:44:00,Wanapum BRZ,1,2026-05-17 02:24:21
Rock Island Tailrace CHN,3,G721014B0,2026-05-11 16:20:21,2026-05-14 15:44:00,Mattawa,1,2026-05-17 05:29:08
Rock Island Tailrace CHN,3,G721014B0,2026-05-11 16:20:21,2026-05-14 15:44:00,Priest BRZ,1,2026-05-18 00:01:36
Rock Island Tailrace CHN,3,G721014B0,2026-05-11 16:20:21,2026-05-14 15:44:00,Lower Ringold,1,2026-05-18 13:13:53
Rock Island Tailrace CHN,3,G721014B0,2026-05-11 16:20:21,2026-05-14 15:44:00,Hanford,1,2026-05-18 17:37:22
Rock Island Tailrace CHN,3,G721028AD,2026-05-07 16:13:07,2026-05-09 15:47:00,Crescent Bar,1,2026-05-10 08:35:49
Rock Island Tailrace CHN,3,G721028AD,2026-05-07 16:13:07,2026-05-09 15:47:00,Sunland,1,2026-05-11 03:56:24
Rock Island Tailrace CHN,3,G721028AD,2026-05-07 16:13:07,2026-05-09 15:47:00,Wanapum BRZ,1,2026-05-12 04:15:21
Rock Island Tailrace CHN,3,G721028AD,2026-05-07 16:13:07,2026-05-09 15:47:00,Mattawa,1,2026-05-12 07:24:45
Rock Island Tailrace CHN,3,G721028AD,2026-05-07 16:13:07,2026-05-09 15:47:00,Priest BRZ,1,2026-05-12 21:52:05
Rock Island Tailrace CHN,3,G721028AD,2026-05-07 16:13:07,2026-05-09 15:47:00,Lower Ringold,1,2026-05-13 16:23:16
Rock Island Tailrace CHN,3,G721028AD,2026-05-07 16:13:07,2026-05-09 15:47:00,Hanford,1,2026-05-13 22:47:42
Rock Island Tailrace CHN,3,G7210861D,2026-05-14 16:39:02,2026-05-16 15:36:00,Crescent Bar,1,2026-05-17 08:52:00
Rock Island Tailrace CHN,3,G7210861D,2026-05-14 16:39:02,2026-05-16 15:36:00,Sunland,1,2026-05-22 08:07:39
Rock Island Tailrace CHN,3,G7210861D,2026-05-14 16:39:02,2026-05-16 15:36:00,Wanapum BRZ,1,2026-05-23 02:31:54
Rock Island Tailrace CHN,3,G7210861D,2026-05-14 16:39:02,2026-05-16 15:36:00,Mattawa,1,2026-05-27 21:49:25
Rock Island Tailrace CHN,3,G7210861D,2026-05-14 16:39:02,2026-05-16 15:36:00,Priest BRZ,1,2026-05-29 08:02:37
Rock Island Tailrace CHN,3,G7210861D,2026-05-14 16:39:02,2026-05-16 15:36:00,Lower Ringold,1,2026-05-29 20:04:42
Rock Island Tailrace CHN,3,G7210861D,2026-05-14 16:39:02,2026-05-16 15:36:00,Hanford,1,2026-05-30 05:29:20
Rock Island Tailrace CHN,3,G72119644,2026-05-10 15:33:23,2026-05-12 15:36:00,Crescent Bar,1,2026-05-13 05:18:03
Rock Island Tailrace CHN,3,G72119644,2026-05-10 15:33:23,2026-05-12 15:36:00,Sunland,1,2026-05-14 09:47:27
Rock Island Tailrace CHN,3,G72119644,2026-05-10 15:33:23,2026-05-12 15:36:00,Wanapum BRZ,1,2026-05-16 01:16:44
Rock Island Tailrace CHN,3,G72119644,2026-05-10 15:33:23,2026-05-12 15:36:00,Mattawa,1,2026-05-16 06:00:49
Rock Island Tailrace CHN,3,G72119644,2026-05-10 15:33:23,2026-05-12 15:36:00,Priest BRZ,1,2026-05-16 16:38:32
Rock Island Tailrace CHN,3,G72119644,2026-05-10 15:33:23,2026-05-12 15:36:00,Lower Ringold,1,2026-05-17 09:03:11
Rock Island Tailrace CHN,3,G72119644,2026-05-10 15:33:23,2026-05-12 15:36:00,Hanford,1,2026-05-17 12:10:39
Rock Island Tailrace CHN,3,G72119905,2026-05-07 16:22:05,2026-05-09 15:47:00,Crescent Bar,1,2026-05-09 21:11:29
Rock Island Tailrace CHN,3,G72119905,2026-05-07 16:22:05,2026-05-09 15:47:00,Sunland,1,2026-05-10 11:43:37
Rock Island Tailrace CHN,3,G72119905,2026-05-07 16:22:05,2026-05-09 15:47:00,Wanapum BRZ,1,2026-05-11 19:03:18
Rock Island Tailrace CHN,3,G72119905,2026-05-07 16:22:05,2026-05-09 15:47:00,Mattawa,1,2026-05-12 00:55:02
Rock Island Tailrace CHN,3,G72119905,2026-05-07 16:22:05,2026-05-09 15:47:00,Priest BRZ,1,2026-05-12 10:05:38
Rock Island Tailrace CHN,3,G72119905,2026-05-07 16:22:05,2026-05-09 15:47:00,Lower Ringold,1,2026-05-12 23:14:04
Rock Island Tailrace CHN,3,G72119905,2026-05-07 16:22:05,2026-05-09 15:47:00,Hanford,1,2026-05-13 04:42:28
Rock Island Tailrace CHN,1,G7212ACD1,2026-05-14 16:33:59,2026-05-16 15:36:00,Crescent Bar,1,2026-05-17 06:56:41
Rock Island Tailrace CHN,1,G7212ACD1,2026-05-14 16:33:59,2026-05-16 15:36:00,Sunland,1,2026-05-18 22:01:46
Rock Island Tailrace CHN,1,G7212ACD1,2026-05-14 16:33:59,2026-05-16 15:36:00,Wanapum BRZ,1,2026-05-19 17:59:11
Rock Island Tailrace CHN,1,G7212ACD1,2026-05-14 16:33:59,2026-05-16 15:36:00,Mattawa,1,2026-05-20 22:56:27
Rock Island Tailrace CHN,1,G7212ACD1,2026-05-14 16:33:59,2026-05-16 15:36:00,Priest BRZ,1,2026-05-21 10:38:04
Rock Island Tailrace CHN,1,G7212ACD1,2026-05-14 16:33:59,2026-05-16 15:36:00,Lower Ringold,1,2026-05-23 06:17:55
Rock Island Tailrace CHN,1,G7212ACD1,2026-05-14 16:33:59,2026-05-16 15:36:00,Hanford,1,2026-05-23 09:43:32
Rock Island Tailrace CHN,1,G72132505,2026-05-06 17:31:24,2026-05-09 15:47:00,Crescent Bar,1,2026-05-09 21:44:38
Rock Island Tailrace CHN,1,G72132505,2026-05-06 17:31:24,2026-05-09 15:47:00,Sunland,1,2026-05-10 08:43:57
Rock Island Tailrace CHN,1,G72132505,2026-05-06 17:31:24,2026-05-09 15:47:00,Wanapum BRZ,1,2026-05-11 13:46:49
Rock Island Tailrace CHN,1,G72132505,2026-05-06 17:31:24,2026-05-09 15:47:00,Mattawa,1,2026-05-11 23:32:18
Rock Island Tailrace CHN,1,G72132505,2026-05-06 17:31:24,2026-05-09 15:47:00,Priest BRZ,1,2026-05-12 16:33:31
Rock Island Tailrace CHN,1,G72132505,2026-05-06 17:31:24,2026-05-09 15:47:00,Lower Ringold,1,2026-05-13 05:22:30
Rock Island Tailrace CHN,1,G72132505,2026-05-06 17:31:24,2026-05-09 15:47:00,Hanford,1,2026-05-13 08:16:05
Rock Island Tailrace CHN,2,G721347DC,2026-05-08 16:48:01,2026-05-10 15:37:00,Crescent Bar,1,2026-05-11 01:08:36
Rock Island Tailrace CHN,2,G721347DC,2026-05-08 16:48:01,2026-05-10 15:37:00,Sunland,1,2026-05-11 12:47:03
Rock Island Tailrace CHN,2,G721347DC,2026-05-08 16:48:01,2026-05-10 15:37:00,Wanapum BRZ,1,2026-05-12 22:59:43
Rock Island Tailrace CHN,2,G721347DC,2026-05-08 16:48:01,2026-05-10 15:37:00,Mattawa,1,2026-05-13 02:15:51
Rock Island Tailrace CHN,2,G721347DC,2026-05-08 16:48:01,2026-05-10 15:37:00,Priest BRZ,1,2026-05-14 07:11:05
Rock Island Tailrace CHN,2,G721347DC,2026-05-08 16:48:01,2026-05-10 15:37:00,Lower Ringold,1,2026-05-14 23:54:03
Rock Island Tailrace CHN,2,G721347DC,2026-05-08 16:48:01,2026-05-10 15:37:00,Hanford,1,2026-05-15 03:20:22
Rock Island Tailrace CHN,3,G72149407,2026-05-09 16:34:56,2026-05-11 15:52:00,Crescent Bar,1,2026-05-12 01:01:11
Rock Island Tailrace CHN,3,G72149407,2026-05-09 16:34:56,2026-05-11 15:52:00,Sunland,1,2026-05-12 11:40:13
Rock Island Tailrace CHN,3,G72149407,2026-05-09 16:34:56,2026-05-11 15:52:00,Wanapum BRZ,1,2026-05-14 19:59:13
Rock Island Tailrace CHN,3,G72149407,2026-05-09 16:34:56,2026-05-11 15:52:00,Mattawa,1,2026-05-14 23:29:54
Rock Island Tailrace CHN,3,G72149407,2026-05-09 16:34:56,2026-05-11 15:52:00,Priest BRZ,1,2026-05-15 11:47:00
Rock Island Tailrace CHN,3,G72149407,2026-05-09 16:34:56,2026-05-11 15:52:00,Lower Ringold,1,2026-05-16 03:18:15
Rock Island Tailrace CHN,3,G72149407,2026-05-09 16:34:56,2026-05-11 15:52:00,Hanford,1,2026-05-16 06:40:37
Rock Island Tailrace CHN,3,G72154628,2026-05-08 16:42:12,2026-05-10 15:37:00,Crescent Bar,1,2026-05-11 00:37:45
Rock Island Tailrace CHN,3,G72154628,2026-05-08 16:42:12,2026-05-10 15:37:00,Sunland,1,2026-05-11 12:52:29
Rock Island Tailrace CHN,3,G72154628,2026-05-08 16:42:12,2026-05-10 15:37:00,Wanapum BRZ,1,2026-05-14 20:36:37
Rock Island Tailrace CHN,3,G72154628,2026-05-08 16:42:12,2026-05-10 15:37:00,Mattawa,1,2026-05-14 23:25:33
Rock Island Tailrace CHN,3,G72154628,2026-05-08 16:42:12,2026-05-10 15:37:00,Priest BRZ,1,2026-05-15 09:43:23
Rock Island Tailrace CHN,3,G72154628,2026-05-08 16:42:12,2026-05-10 15:37:00,Lower Ringold,1,2026-05-15 22:30:36
Rock Island Tailrace CHN,3,G72154628,2026-05-08 16:42:12,2026-05-10 15:37:00,Hanford,1,2026-05-16 05:06:32
Rock Island Tailrace CHN,2,G72174A1A,2026-05-09 16:40:29,2026-05-11 15:52:00,Crescent Bar,1,2026-05-12 05:16:05
Rock Island Tailrace CHN,2,G72174A1A,2026-05-09 16:40:29,2026-05-11 15:52:00,Sunland,1,2026-05-13 01:23:27
Rock Island Tailrace CHN,2,G72174A1A,2026-05-09 16:40:29,2026-05-11 15:52:00,Wanapum BRZ,1,2026-05-14 12:08:13
Rock Island Tailrace CHN,2,G72174A1A,2026-05-09 16:40:29,2026-05-11 15:52:00,Mattawa,0,
Rock Island Tailrace CHN,2,G72174A1A,2026-05-09 16:40:29,2026-05-11 15:52:00,Priest BRZ,0,
Rock Island Tailrace CHN,2,G72174A1A,2026-05-09 16:40:29,2026-05-11 15:52:00,Lower Ringold,0,
Rock Island Tailrace CHN,2,G72174A1A,2026-05-09 16:40:29,2026-05-11 15:52:00,Hanford,0,
Rock Island Tailrace CHN,2,G72175624,2026-05-06 17:24:12,2026-05-09 15:47:00,Crescent Bar,1,2026-05-10 09:15:17
Rock Island Tailrace CHN,2,G72175624,2026-05-06 17:24:12,2026-05-09 15:47:00,Sunland,1,2026-05-10 20:31:21
Rock Island Tailrace CHN,2,G72175624,2026-05-06 17:24:12,2026-05-09 15:47:00,Wanapum BRZ,1,2026-05-12 06:50:12
Rock Island Tailrace CHN,2,G72175624,2026-05-06 17:24:12,2026-05-09 15:47:00,Mattawa,0,
Rock Island Tailrace CHN,2,G72175624,2026-05-06 17:24:12,2026-05-09 15:47:00,Priest BRZ,0,
Rock Island Tailrace CHN,2,G72175624,2026-05-06 17:24:12,2026-05-09 15:47:00,Lower Ringold,0,
Rock Island Tailrace CHN,2,G72175624,2026-05-06 17:24:12,2026-05-09 15:47:00,Hanford,0,
Rock Island Tailrace CHN,2,G721810A7,2026-05-14 16:20:40,2026-05-16 15:36:00,Crescent Bar,1,2026-05-17 13:49:03
Rock Island Tailrace CHN,2,G721810A7,2026-05-14 16:20:40,2026-05-16 15:36:00,Sunland,1,2026-05-17 22:19:14
Rock Island Tailrace CHN,2,G721810A7,2026-05-14 16:20:40,2026-05-16 15:36:00,Wanapum BRZ,1,2026-05-18 20:44:51
Rock Island Tailrace CHN,2,G721810A7,2026-05-14 16:20:40,2026-05-16 15:36:00,Mattawa,1,2026-05-18 23:55:55
Rock Island Tailrace CHN,2,G721810A7,2026-05-14 16:20:40,2026-05-16 15:36:00,Priest BRZ,1,2026-05-19 09:30:55
Rock Island Tailrace CHN,2,G721810A7,2026-05-14 16:20:40,2026-05-16 15:36:00,Lower Ringold,0,
Rock Island Tailrace CHN,2,G721810A7,2026-05-14 16:20:40,2026-05-16 15:36:00,Hanford,0,
Rock Island Tailrace CHN,2,G7218B008,2026-05-10 16:27:15,2026-05-12 15:36:00,Crescent Bar,1,2026-05-13 04:24:52
Rock Island Tailrace CHN,2,G7218B008,2026-05-10 16:27:15,2026-05-12 15:36:00,Sunland,1,2026-05-13 15:34:48
Rock Island Tailrace CHN,2,G7218B008,2026-05-10 16:27:15,2026-05-12 15:36:00,Wanapum BRZ,0,
Rock Island Tailrace CHN,2,G7218B008,2026-05-10 16:27:15,2026-05-12 15:36:00,Mattawa,0,
Rock Island Tailrace CHN,2,G7218B008,2026-05-10 16:27:15,2026-05-12 15:36:00,Priest BRZ,0,
Rock Island Tailrace CHN,2,G7218B008,2026-05-10 16:27:15,2026-05-12 15:36:00,Lower Ringold,0,
Rock Island Tailrace CHN,2,G7218B008,2026-05-10 16:27:15,2026-05-12 15:36:00,Hanford,0,
Rock Island Tailrace CHN,2,G72197A78,2026-05-10 15:40:32,2026-05-12 15:36:00,Crescent Bar,1,2026-05-13 05:14:18
Rock Island Tailrace CHN,2,G72197A78,2026-05-10 15:40:32,2026-05-12 15:36:00,Sunland,1,2026-05-14 11:56:26
Rock Island Tailrace CHN,2,G72197A78,2026-05-10 15:40:32,2026-05-12 15:36:00,Wanapum BRZ,1,2026-05-16 00:22:40
Rock Island Tailrace CHN,2,G72197A78,2026-05-10 15:40:32,2026-05-12 15:36:00,Mattawa,1,2026-05-16 03:46:46
Rock Island Tailrace CHN,2,G72197A78,2026-05-10 15:40:32,2026-05-12 15:36:00,Priest BRZ,1,2026-05-16 18:03:19
Rock Island Tailrace CHN,2,G72197A78,2026-05-10 15:40:32,2026-05-12 15:36:00,Lower Ringold,1,2026-05-20 07:31:03
Rock Island Tailrace CHN,2,G72197A78,2026-05-10 15:40:32,2026-05-12 15:36:00,Hanford,1,2026-05-20 11:41:45
Rock Island Tailrace CHN,2,G721A60CE,2026-05-12 16:24:05,2026-05-15 16:06:00,Crescent Bar,1,2026-05-16 00:03:20
Rock Island Tailrace CHN,2,G721A60CE,2026-05-12 16:24:05,2026-05-15 16:06:00,Sunland,1,2026-05-16 11:48:33
Rock Island Tailrace CHN,2,G721A60CE,2026-05-12 16:24:05,2026-05-15 16:06:00,Wanapum BRZ,0,
Rock Island Tailrace CHN,2,G721A60CE,2026-05-12 16:24:05,2026-05-15 16:06:00,Mattawa,0,
Rock Island Tailrace CHN,2,G721A60CE,2026-05-12 16:24:05,2026-05-15 16:06:00,Priest BRZ,0,
Rock Island Tailrace CHN,2,G721A60CE,2026-05-12 16:24:05,2026-05-15 16:06:00,Lower Ringold,0,
Rock Island Tailrace CHN,2,G721A60CE,2026-05-12 16:24:05,2026-05-15 16:06:00,Hanford,0,
Rock Island Tailrace CHN,3,G721AD1A2,2026-05-06 17:43:36,2026-05-09 15:47:00,Crescent Bar,1,2026-05-09 22:53:19
Rock Island Tailrace CHN,3,G721AD1A2,2026-05-06 17:43:36,2026-05-09 15:47:00,Sunland,1,2026-05-10 09:55:34
Rock Island Tailrace CHN,3,G721AD1A2,2026-05-06 17:43:36,2026-05-09 15:47:00,Wanapum BRZ,1,2026-05-12 05:11:01
Rock Island Tailrace CHN,3,G721AD1A2,2026-05-06 17:43:36,2026-05-09 15:47:00,Mattawa,1,2026-05-12 08:04:13
Rock Island Tailrace CHN,3,G721AD1A2,2026-05-06 17:43:36,2026-05-09 15:47:00,Priest BRZ,1,2026-05-14 10:27:08
Rock Island Tailrace CHN,3,G721AD1A2,2026-05-06 17:43:36,2026-05-09 15:47:00,Lower Ringold,1,2026-05-16 13:20:09
Rock Island Tailrace CHN,3,G721AD1A2,2026-05-06 17:43:36,2026-05-09 15:47:00,Hanford,1,2026-05-17 01:38:30
Rock Island Tailrace CHN,3,G721BABE0,2026-05-07 16:30:59,2026-05-09 15:47:00,Crescent Bar,1,2026-05-10 07:11:16
Rock Island Tailrace CHN,3,G721BABE0,2026-05-07 16:30:59,2026-05-09 15:47:00,Sunland,1,2026-05-10 23:03:20
Rock Island Tailrace CHN,3,G721BABE0,2026-05-07 16:30:59,2026-05-09 15:47:00,Wanapum BRZ,1,2026-05-12 11:31:44
Rock Island Tailrace CHN,3,G721BABE0,2026-05-07 16:30:59,2026-05-09 15:47:00,Mattawa,1,2026-05-16 10:03:34
Rock Island Tailrace CHN,3,G721BABE0,2026-05-07 16:30:59,2026-05-09 15:47:00,Priest BRZ,1,2026-05-17 09:11:28
Rock Island Tailrace CHN,3,G721BABE0,2026-05-07 16:30:59,2026-05-09 15:47:00,Lower Ringold,1,2026-05-18 00:49:24
Rock Island Tailrace CHN,3,G721BABE0,2026-05-07 16:30:59,2026-05-09 15:47:00,Hanford,1,2026-05-18 04:14:54
Rock Island Tailrace CHN,2,G721C66B9,2026-05-09 16:44:29,2026-05-11 15:52:00,Crescent Bar,1,2026-05-12 02:13:55
Rock Island Tailrace CHN,2,G721C66B9,2026-05-09 16:44:29,2026-05-11 15:52:00,Sunland,1,2026-05-12 16:26:34
Rock Island Tailrace CHN,2,G721C66B9,2026-05-09 16:44:29,2026-05-11 15:52:00,Wanapum BRZ,1,2026-05-14 14:42:41
Rock Island Tailrace CHN,2,G721C66B9,2026-05-09 16:44:29,2026-05-11 15:52:00,Mattawa,1,2026-05-14 23:20:49
Rock Island Tailrace CHN,2,G721C66B9,2026-05-09 16:44:29,2026-05-11 15:52:00,Priest BRZ,1,2026-05-15 10:37:49
Rock Island Tailrace CHN,2,G721C66B9,2026-05-09 16:44:29,2026-05-11 15:52:00,Lower Ringold,1,2026-05-16 04:44:39
Rock Island Tailrace CHN,2,G721C66B9,2026-05-09 16:44:29,2026-05-11 15:52:00,Hanford,1,2026-05-16 07:58:38
Rock Island Tailrace CHN,2,G722160C0,2026-05-14 16:26:35,2026-05-16 15:36:00,Crescent Bar,1,2026-05-17 05:05:11
Rock Island Tailrace CHN,2,G722160C0,2026-05-14 16:26:35,2026-05-16 15:36:00,Sunland,1,2026-05-17 19:31:29
Rock Island Tailrace CHN,2,G722160C0,2026-05-14 16:26:35,2026-05-16 15:36:00,Wanapum BRZ,1,2026-05-19 22:18:18
Rock Island Tailrace CHN,2,G722160C0,2026-05-14 16:26:35,2026-05-16 15:36:00,Mattawa,1,2026-05-20 13:55:40
Rock Island Tailrace CHN,2,G722160C0,2026-05-14 16:26:35,2026-05-16 15:36:00,Priest BRZ,1,2026-05-20 20:23:34
Rock Island Tailrace CHN,2,G722160C0,2026-05-14 16:26:35,2026-05-16 15:36:00,Lower Ringold,1,2026-05-24 11:47:08
Rock Island Tailrace CHN,2,G722160C0,2026-05-14 16:26:35,2026-05-16 15:36:00,Hanford,1,2026-05-24 19:11:05
Rock Island Tailrace CHN,2,G72230B14,2026-05-07 16:28:23,2026-05-09 15:47:00,Crescent Bar,1,2026-05-09 22:29:42
Rock Island Tailrace CHN,2,G72230B14,2026-05-07 16:28:23,2026-05-09 15:47:00,Sunland,1,2026-05-10 08:48:52
Rock Island Tailrace CHN,2,G72230B14,2026-05-07 16:28:23,2026-05-09 15:47:00,Wanapum BRZ,0,
Rock Island Tailrace CHN,2,G72230B14,2026-05-07 16:28:23,2026-05-09 15:47:00,Mattawa,0,
Rock Island Tailrace CHN,2,G72230B14,2026-05-07 16:28:23,2026-05-09 15:47:00,Priest BRZ,0,
Rock Island Tailrace CHN,2,G72230B14,2026-05-07 16:28:23,2026-05-09 15:47:00,Lower Ringold,0,
Rock Island Tailrace CHN,2,G72230B14,2026-05-07 16:28:23,2026-05-09 15:47:00,Hanford,0,
Rock Island Tailrace CHN,2,G72251A7D,2026-05-11 16:32:02,2026-05-14 15:44:00,Crescent Bar,1,2026-05-15 13:35:31
Rock Island Tailrace CHN,2,G72251A7D,2026-05-11 16:32:02,2026-05-14 15:44:00,Sunland,1,2026-05-17 09:02:35
Rock Island Tailrace CHN,2,G72251A7D,2026-05-11 16:32:02,2026-05-14 15:44:00,Wanapum BRZ,1,2026-05-18 05:02:53
Rock Island Tailrace CHN,2,G72251A7D,2026-05-11 16:32:02,2026-05-14 15:44:00,Mattawa,1,2026-05-18 08:09:08
Rock Island Tailrace CHN,2,G72251A7D,2026-05-11 16:32:02,2026-05-14 15:44:00,Priest BRZ,1,2026-05-20 19:58:02
Rock Island Tailrace CHN,2,G72251A7D,2026-05-11 16:32:02,2026-05-14 15:44:00,Lower Ringold,0,
Rock Island Tailrace CHN,2,G72251A7D,2026-05-11 16:32:02,2026-05-14 15:44:00,Hanford,0,
Rock Island Tailrace CHN,2,G7225351F,2026-05-11 16:21:24,2026-05-14 15:44:00,Crescent Bar,1,2026-05-15 00:20:11
Rock Island Tailrace CHN,2,G7225351F,2026-05-11 16:21:24,2026-05-14 15:44:00,Sunland,1,2026-05-16 06:21:22
Rock Island Tailrace CHN,2,G7225351F,2026-05-11 16:21:24,2026-05-14 15:44:00,Wanapum BRZ,0,
Rock Island Tailrace CHN,2,G7225351F,2026-05-11 16:21:24,2026-05-14 15:44:00,Mattawa,0,
Rock Island Tailrace CHN,2,G7225351F,2026-05-11 16:21:24,2026-05-14 15:44:00,Priest BRZ,0,
Rock Island Tailrace CHN,2,G7225351F,2026-05-11 16:21:24,2026-05-14 15:44:00,Lower Ringold,0,
Rock Island Tailrace CHN,2,G7225351F,2026-05-11 16:21:24,2026-05-14 15:44:00,Hanford,0,
Rock Island Tailrace CHN,2,G7226354A,2026-05-14 16:37:00,2026-05-16 15:36:00,Crescent Bar,1,2026-05-17 08:47:43
Rock Island Tailrace CHN,2,G7226354A,2026-05-14 16:37:00,2026-05-16 15:36:00,Sunland,1,2026-05-18 04:40:01
Rock Island Tailrace CHN,2,G7226354A,2026-05-14 16:37:00,2026-05-16 15:36:00,Wanapum BRZ,0,
Rock Island Tailrace CHN,2,G7226354A,2026-05-14 16:37:00,2026-05-16 15:36:00,Mattawa,0,
Rock Island Tailrace CHN,2,G7226354A,2026-05-14 16:37:00,2026-05-16 15:36:00,Priest BRZ,0,
Rock Island Tailrace CHN,2,G7226354A,2026-05-14 16:37:00,2026-05-16 15:36:00,Lower Ringold,0,
Rock Island Tailrace CHN,2,G7226354A,2026-05-14 16:37:00,2026-05-16 15:36:00,Hanford,0,
Rock Island Tailrace CHN,1,G722762D6,2026-05-12 16:23:27,2026-05-15 16:06:00,Crescent Bar,1,2026-05-16 00:29:38
Rock Island Tailrace CHN,1,G722762D6,2026-05-12 16:23:27,2026-05-15 16:06:00,Sunland,1,2026-05-17 10:26:47
Rock Island Tailrace CHN,1,G722762D6,2026-05-12 16:23:27,2026-05-15 16:06:00,Wanapum BRZ,1,2026-05-18 13:18:08
Rock Island Tailrace CHN,1,G722762D6,2026-05-12 16:23:27,2026-05-15 16:06:00,Mattawa,1,2026-05-18 20:38:39
Rock Island Tailrace CHN,1,G722762D6,2026-05-12 16:23:27,2026-05-15 16:06:00,Priest BRZ,1,2026-05-19 11:58:48
Rock Island Tailrace CHN,1,G722762D6,2026-05-12 16:23:27,2026-05-15 16:06:00,Lower Ringold,1,2026-05-20 13:58:35
Rock Island Tailrace CHN,1,G722762D6,2026-05-12 16:23:27,2026-05-15 16:06:00,Hanford,1,2026-05-20 17:28:48
Rock Island Tailrace CHN,1,G72282E2B,2026-05-07 16:40:52,2026-05-09 15:47:00,Crescent Bar,1,2026-05-09 21:15:25
Rock Island Tailrace CHN,1,G72282E2B,2026-05-07 16:40:52,2026-05-09 15:47:00,Sunland,1,2026-05-10 09:50:05
Rock Island Tailrace CHN,1,G72282E2B,2026-05-07 16:40:52,2026-05-09 15:47:00,Wanapum BRZ,1,2026-05-11 19:33:31
Rock Island Tailrace CHN,1,G72282E2B,2026-05-07 16:40:52,2026-05-09 15:47:00,Mattawa,1,2026-05-18 02:03:25
Rock Island Tailrace CHN,1,G72282E2B,2026-05-07 16:40:52,2026-05-09 15:47:00,Priest BRZ,1,2026-05-18 12:27:42
Rock Island Tailrace CHN,1,G72282E2B,2026-05-07 16:40:52,2026-05-09 15:47:00,Lower Ringold,1,2026-05-19 04:31:51
Rock Island Tailrace CHN,1,G72282E2B,2026-05-07 16:40:52,2026-05-09 15:47:00,Hanford,1,2026-05-19 07:20:28
Rock Island Tailrace CHN,2,G72296874,2026-05-12 16:22:57,2026-05-15 16:06:00,Crescent Bar,1,2026-05-16 00:45:18
Rock Island Tailrace CHN,2,G72296874,2026-05-12 16:22:57,2026-05-15 16:06:00,Sunland,1,2026-05-16 12:39:49
Rock Island Tailrace CHN,2,G72296874,2026-05-12 16:22:57,2026-05-15 16:06:00,Wanapum BRZ,1,2026-05-17 21:17:08
Rock Island Tailrace CHN,2,G72296874,2026-05-12 16:22:57,2026-05-15 16:06:00,Mattawa,1,2026-05-18 03:10:09
Rock Island Tailrace CHN,2,G72296874,2026-05-12 16:22:57,2026-05-15 16:06:00,Priest BRZ,1,2026-05-18 13:33:35
Rock Island Tailrace CHN,2,G72296874,2026-05-12 16:22:57,2026-05-15 16:06:00,Lower Ringold,1,2026-05-19 09:22:25
Rock Island Tailrace CHN,2,G72296874,2026-05-12 16:22:57,2026-05-15 16:06:00,Hanford,1,2026-05-19 12:19:36
Rock Island Tailrace CHN,2,G7229CA67,2026-05-06 17:16:31,2026-05-09 15:47:00,Crescent Bar,1,2026-05-10 09:41:29
Rock Island Tailrace CHN,2,G7229CA67,2026-05-06 17:16:31,2026-05-09 15:47:00,Sunland,1,2026-05-11 04:32:13
Rock Island Tailrace CHN,2,G7229CA67,2026-05-06 17:16:31,2026-05-09 15:47:00,Wanapum BRZ,1,2026-05-11 21:11:59
Rock Island Tailrace CHN,2,G7229CA67,2026-05-06 17:16:31,2026-05-09 15:47:00,Mattawa,1,2026-05-12 05:34:43
Rock Island Tailrace CHN,2,G7229CA67,2026-05-06 17:16:31,2026-05-09 15:47:00,Priest BRZ,1,2026-05-12 19:53:54
Rock Island Tailrace CHN,2,G7229CA67,2026-05-06 17:16:31,2026-05-09 15:47:00,Lower Ringold,1,2026-05-13 11:48:25
Rock Island Tailrace CHN,2,G7229CA67,2026-05-06 17:16:31,2026-05-09 15:47:00,Hanford,1,2026-05-14 07:08:47
Rock Island Tailrace CHN,3,G722A1E04,2026-05-06 17:26:45,2026-05-09 15:47:00,Crescent Bar,1,2026-05-09 21:33:39
Rock Island Tailrace CHN,3,G722A1E04,2026-05-06 17:26:45,2026-05-09 15:47:00,Sunland,1,2026-05-10 06:39:16
Rock Island Tailrace CHN,3,G722A1E04,2026-05-06 17:26:45,2026-05-09 15:47:00,Wanapum BRZ,1,2026-05-18 18:55:32
Rock Island Tailrace CHN,3,G722A1E04,2026-05-06 17:26:45,2026-05-09 15:47:00,Mattawa,0,
Rock Island Tailrace CHN,3,G722A1E04,2026-05-06 17:26:45,2026-05-09 15:47:00,Priest BRZ,0,
Rock Island Tailrace CHN,3,G722A1E04,2026-05-06 17:26:45,2026-05-09 15:47:00,Lower Ringold,0,
Rock Island Tailrace CHN,3,G722A1E04,2026-05-06 17:26:45,2026-05-09 15:47:00,Hanford,0,
Rock Island Tailrace CHN,2,G722BC655,2026-05-14 17:16:20,2026-05-16 15:36:00,Crescent Bar,1,2026-05-17 03:35:58
Rock Island Tailrace CHN,2,G722BC655,2026-05-14 17:16:20,2026-05-16 15:36:00,Sunland,1,2026-05-17 15:51:12
Rock Island Tailrace CHN,2,G722BC655,2026-05-14 17:16:20,2026-05-16 15:36:00,Wanapum BRZ,1,2026-05-18 13:55:45
Rock Island Tailrace CHN,2,G722BC655,2026-05-14 17:16:20,2026-05-16 15:36:00,Mattawa,1,2026-05-18 19:14:19
Rock Island Tailrace CHN,2,G722BC655,2026-05-14 17:16:20,2026-05-16 15:36:00,Priest BRZ,1,2026-05-19 10:38:07
Rock Island Tailrace CHN,2,G722BC655,2026-05-14 17:16:20,2026-05-16 15:36:00,Lower Ringold,1,2026-05-20 08:51:14
Rock Island Tailrace CHN,2,G722BC655,2026-05-14 17:16:20,2026-05-16 15:36:00,Hanford,1,2026-05-20 11:36:13
Rock Island Tailrace CHN,2,G722C4A14,2026-05-10 15:36:38,2026-05-12 15:36:00,Crescent Bar,1,2026-05-13 00:19:34
Rock Island Tailrace CHN,2,G722C4A14,2026-05-10 15:36:38,2026-05-12 15:36:00,Sunland,1,2026-05-13 08:22:15
Rock Island Tailrace CHN,2,G722C4A14,2026-05-10 15:36:38,2026-05-12 15:36:00,Wanapum BRZ,1,2026-05-15 13:21:46
Rock Island Tailrace CHN,2,G722C4A14,2026-05-10 15:36:38,2026-05-12 15:36:00,Mattawa,1,2026-05-15 16:30:36
Rock Island Tailrace CHN,2,G722C4A14,2026-05-10 15:36:38,2026-05-12 15:36:00,Priest BRZ,1,2026-05-16 01:23:07
Rock Island Tailrace CHN,2,G722C4A14,2026-05-10 15:36:38,2026-05-12 15:36:00,Lower Ringold,1,2026-05-16 12:22:33
Rock Island Tailrace CHN,2,G722C4A14,2026-05-10 15:36:38,2026-05-12 15:36:00,Hanford,1,2026-05-16 16:44:44
Rock Island Tailrace CHN,1,G722D6D70,2026-05-12 16:21:37,2026-05-15 16:06:00,Crescent Bar,1,2026-05-16 06:49:54
Rock Island Tailrace CHN,1,G722D6D70,2026-05-12 16:21:37,2026-05-15 16:06:00,Sunland,1,2026-05-17 08:04:20
Rock Island Tailrace CHN,1,G722D6D70,2026-05-12 16:21:37,2026-05-15 16:06:00,Wanapum BRZ,1,2026-05-18 15:56:17
Rock Island Tailrace CHN,1,G722D6D70,2026-05-12 16:21:37,2026-05-15 16:06:00,Mattawa,1,2026-05-18 21:06:39
Rock Island Tailrace CHN,1,G722D6D70,2026-05-12 16:21:37,2026-05-15 16:06:00,Priest BRZ,1,2026-05-20 02:03:09
Rock Island Tailrace CHN,1,G722D6D70,2026-05-12 16:21:37,2026-05-15 16:06:00,Lower Ringold,1,2026-05-20 12:46:10
Rock Island Tailrace CHN,1,G722D6D70,2026-05-12 16:21:37,2026-05-15 16:06:00,Hanford,1,2026-05-20 17:10:19
Rock Island Tailrace CHN,1,G722F3F86,2026-05-09 16:35:56,2026-05-11 15:52:00,Crescent Bar,1,2026-05-12 07:36:02
Rock Island Tailrace CHN,1,G722F3F86,2026-05-09 16:35:56,2026-05-11 15:52:00,Sunland,1,2026-05-12 23:44:48
Rock Island Tailrace CHN,1,G722F3F86,2026-05-09 16:35:56,2026-05-11 15:52:00,Wanapum BRZ,1,2026-05-14 13:48:04
Rock Island Tailrace CHN,1,G722F3F86,2026-05-09 16:35:56,2026-05-11 15:52:00,Mattawa,1,2026-05-20 00:02:55
Rock Island Tailrace CHN,1,G722F3F86,2026-05-09 16:35:56,2026-05-11 15:52:00,Priest BRZ,1,2026-05-20 17:31:45
Rock Island Tailrace CHN,1,G722F3F86,2026-05-09 16:35:56,2026-05-11 15:52:00,Lower Ringold,1,2026-05-21 08:11:08
Rock Island Tailrace CHN,1,G722F3F86,2026-05-09 16:35:56,2026-05-11 15:52:00,Hanford,1,2026-05-21 10:54:54
Rock Island Tailrace CHN,1,G722F6E03,2026-05-14 16:28:27,2026-05-16 15:36:00,Crescent Bar,1,2026-05-17 11:29:15
Rock Island Tailrace CHN,1,G722F6E03,2026-05-14 16:28:27,2026-05-16 15:36:00,Sunland,1,2026-05-18 02:45:47
Rock Island Tailrace CHN,1,G722F6E03,2026-05-14 16:28:27,2026-05-16 15:36:00,Wanapum BRZ,0,
Rock Island Tailrace CHN,1,G722F6E03,2026-05-14 16:28:27,2026-05-16 15:36:00,Mattawa,0,
Rock Island Tailrace CHN,1,G722F6E03,2026-05-14 16:28:27,2026-05-16 15:36:00,Priest BRZ,0,
Rock Island Tailrace CHN,1,G722F6E03,2026-05-14 16:28:27,2026-05-16 15:36:00,Lower Ringold,0,
Rock Island Tailrace CHN,1,G722F6E03,2026-05-14 16:28:27,2026-05-16 15:36:00,Hanford,0,
Rock Island Tailrace CHN,1,G722FE4F1,2026-05-08 16:29:14,2026-05-10 15:37:00,Crescent Bar,1,2026-05-11 02:15:04
Rock Island Tailrace CHN,1,G722FE4F1,2026-05-08 16:29:14,2026-05-10 15:37:00,Sunland,1,2026-05-11 14:00:03
Rock Island Tailrace CHN,1,G722FE4F1,2026-05-08 16:29:14,2026-05-10 15:37:00,Wanapum BRZ,1,2026-05-12 09:27:01
Rock Island Tailrace CHN,1,G722FE4F1,2026-05-08 16:29:14,2026-05-10 15:37:00,Mattawa,1,2026-05-12 13:22:39
Rock Island Tailrace CHN,1,G722FE4F1,2026-05-08 16:29:14,2026-05-10 15:37:00,Priest BRZ,1,2026-05-12 21:53:01
Rock Island Tailrace CHN,1,G722FE4F1,2026-05-08 16:29:14,2026-05-10 15:37:00,Lower Ringold,1,2026-05-14 19:03:58
Rock Island Tailrace CHN,1,G722FE4F1,2026-05-08 16:29:14,2026-05-10 15:37:00,Hanford,1,2026-05-14 22:46:44
Rock Island Tailrace CHN,1,G72307A0B,2026-05-07 16:23:31,2026-05-09 15:47:00,Crescent Bar,1,2026-05-09 22:49:14
Rock Island Tailrace CHN,1,G72307A0B,2026-05-07 16:23:31,2026-05-09 15:47:00,Sunland,1,2026-05-10 05:59:45
Rock Island Tailrace CHN,1,G72307A0B,2026-05-07 16:23:31,2026-05-09 15:47:00,Wanapum BRZ,1,2026-05-11 11:56:55
Rock Island Tailrace CHN,1,G72307A0B,2026-05-07 16:23:31,2026-05-09 15:47:00,Mattawa,1,2026-05-11 16:09:20
Rock Island Tailrace CHN,1,G72307A0B,2026-05-07 16:23:31,2026-05-09 15:47:00,Priest BRZ,1,2026-05-12 08:17:43
Rock Island Tailrace CHN,1,G72307A0B,2026-05-07 16:23:31,2026-05-09 15:47:00,Lower Ringold,1,2026-05-13 04:47:27
Rock Island Tailrace CHN,1,G72307A0B,2026-05-07 16:23:31,2026-05-09 15:47:00,Hanford,1,2026-05-13 15:09:25
Rock Island Tailrace CHN,1,G7232D574,2026-05-06 17:25:46,2026-05-09 15:47:00,Crescent Bar,1,2026-05-10 00:47:05
Rock Island Tailrace CHN,1,G7232D574,2026-05-06 17:25:46,2026-05-09 15:47:00,Sunland,1,2026-05-10 08:32:12
Rock Island Tailrace CHN,1,G7232D574,2026-05-06 17:25:46,2026-05-09 15:47:00,Wanapum BRZ,1,2026-05-11 22:58:23
Rock Island Tailrace CHN,1,G7232D574,2026-05-06 17:25:46,2026-05-09 15:47:00,Mattawa,1,2026-05-12 03:03:10
Rock Island Tailrace CHN,1,G7232D574,2026-05-06 17:25:46,2026-05-09 15:47:00,Priest BRZ,1,2026-05-12 11:12:22
Rock Island Tailrace CHN,1,G7232D574,2026-05-06 17:25:46,2026-05-09 15:47:00,Lower Ringold,1,2026-05-13 09:53:44
Rock Island Tailrace CHN,1,G7232D574,2026-05-06 17:25:46,2026-05-09 15:47:00,Hanford,1,2026-05-14 03:06:43
Rock Island Tailrace CHN,1,G7233EC92,2026-05-08 16:47:17,2026-05-10 15:37:00,Crescent Bar,1,2026-05-11 01:26:56
Rock Island Tailrace CHN,1,G7233EC92,2026-05-08 16:47:17,2026-05-10 15:37:00,Sunland,1,2026-05-11 13:54:25
Rock Island Tailrace CHN,1,G7233EC92,2026-05-08 16:47:17,2026-05-10 15:37:00,Wanapum BRZ,1,2026-05-13 03:49:31
Rock Island Tailrace CHN,1,G7233EC92,2026-05-08 16:47:17,2026-05-10 15:37:00,Mattawa,1,2026-05-13 10:45:27
Rock Island Tailrace CHN,1,G7233EC92,2026-05-08 16:47:17,2026-05-10 15:37:00,Priest BRZ,1,2026-05-14 07:55:16
Rock Island Tailrace CHN,1,G7233EC92,2026-05-08 16:47:17,2026-05-10 15:37:00,Lower Ringold,1,2026-05-15 03:33:56
Rock Island Tailrace CHN,1,G7233EC92,2026-05-08 16:47:17,2026-05-10 15:37:00,Hanford,1,2026-05-15 06:40:36
Rock Island Tailrace CHN,1,G723401E8,2026-05-12 16:30:18,2026-05-15 16:06:00,Crescent Bar,0,
Rock Island Tailrace CHN,1,G723401E8,2026-05-12 16:30:18,2026-05-15 16:06:00,Sunland,0,
Rock Island Tailrace CHN,1,G723401E8,2026-05-12 16:30:18,2026-05-15 16:06:00,Wanapum BRZ,0,
Rock Island Tailrace CHN,1,G723401E8,2026-05-12 16:30:18,2026-05-15 16:06:00,Mattawa,0,
Rock Island Tailrace CHN,1,G723401E8,2026-05-12 16:30:18,2026-05-15 16:06:00,Priest BRZ,0,
Rock Island Tailrace CHN,1,G723401E8,2026-05-12 16:30:18,2026-05-15 16:06:00,Lower Ringold,0,
Rock Island Tailrace CHN,1,G723401E8,2026-05-12 16:30:18,2026-05-15 16:06:00,Hanford,0,
Rock Island Tailrace CHN,3,G7234A6C4,2026-05-11 16:12:09,2026-05-14 15:44:00,Crescent Bar,1,2026-05-14 23:39:13
Rock Island Tailrace CHN,3,G7234A6C4,2026-05-11 16:12:09,2026-05-14 15:44:00,Sunland,1,2026-05-15 14:30:59
Rock Island Tailrace CHN,3,G7234A6C4,2026-05-11 16:12:09,2026-05-14 15:44:00,Wanapum BRZ,1,2026-05-17 05:28:17
Rock Island Tailrace CHN,3,G7234A6C4,2026-05-11 16:12:09,2026-05-14 15:44:00,Mattawa,1,2026-05-17 08:30:48
Rock Island Tailrace CHN,3,G7234A6C4,2026-05-11 16:12:09,2026-05-14 15:44:00,Priest BRZ,1,2026-05-17 16:44:22
Rock Island Tailrace CHN,3,G7234A6C4,2026-05-11 16:12:09,2026-05-14 15:44:00,Lower Ringold,1,2026-05-18 04:32:48
Rock Island Tailrace CHN,3,G7234A6C4,2026-05-11 16:12:09,2026-05-14 15:44:00,Hanford,1,2026-05-18 07:42:17
Rock Island Tailrace CHN,2,G7234E7DC,2026-05-08 16:44:08,2026-05-10 15:37:00,Crescent Bar,1,2026-05-11 02:17:58
Rock Island Tailrace CHN,2,G7234E7DC,2026-05-08 16:44:08,2026-05-10 15:37:00,Sunland,1,2026-05-11 12:37:04
Rock Island Tailrace CHN,2,G7234E7DC,2026-05-08 16:44:08,2026-05-10 15:37:00,Wanapum BRZ,1,2026-05-12 19:44:49
Rock Island Tailrace CHN,2,G7234E7DC,2026-05-08 16:44:08,2026-05-10 15:37:00,Mattawa,1,2026-05-13 00:52:09
Rock Island Tailrace CHN,2,G7234E7DC,2026-05-08 16:44:08,2026-05-10 15:37:00,Priest BRZ,1,2026-05-13 08:53:28
Rock Island Tailrace CHN,2,G7234E7DC,2026-05-08 16:44:08,2026-05-10 15:37:00,Lower Ringold,1,2026-05-14 03:47:41
Rock Island Tailrace CHN,2,G7234E7DC,2026-05-08 16:44:08,2026-05-10 15:37:00,Hanford,1,2026-05-14 06:51:19
Rock Island Tailrace CHN,1,G7235CD45,2026-05-09 16:47:54,2026-05-11 15:52:00,Crescent Bar,1,2026-05-12 09:41:38
Rock Island Tailrace CHN,1,G7235CD45,2026-05-09 16:47:54,2026-05-11 15:52:00,Sunland,1,2026-05-14 11:45:05
Rock Island Tailrace CHN,1,G7235CD45,2026-05-09 16:47:54,2026-05-11 15:52:00,Wanapum BRZ,1,2026-05-15 20:54:53
Rock Island Tailrace CHN,1,G7235CD45,2026-05-09 16:47:54,2026-05-11 15:52:00,Mattawa,1,2026-05-16 01:54:24
Rock Island Tailrace CHN,1,G7235CD45,2026-05-09 16:47:54,2026-05-11 15:52:00,Priest BRZ,1,2026-05-16 16:07:56
Rock Island Tailrace CHN,1,G7235CD45,2026-05-09 16:47:54,2026-05-11 15:52:00,Lower Ringold,1,2026-05-17 06:37:08
Rock Island Tailrace CHN,1,G7235CD45,2026-05-09 16:47:54,2026-05-11 15:52:00,Hanford,1,2026-05-17 19:15:25
Rock Island Tailrace CHN,1,G72360027,2026-05-10 15:34:32,2026-05-12 15:36:00,Crescent Bar,1,2026-05-12 22:56:34
Rock Island Tailrace CHN,1,G72360027,2026-05-10 15:34:32,2026-05-12 15:36:00,Sunland,1,2026-05-13 13:23:29
Rock Island Tailrace CHN,1,G72360027,2026-05-10 15:34:32,2026-05-12 15:36:00,Wanapum BRZ,1,2026-05-14 20:41:21
Rock Island Tailrace CHN,1,G72360027,2026-05-10 15:34:32,2026-05-12 15:36:00,Mattawa,1,2026-05-15 20:54:46
Rock Island Tailrace CHN,1,G72360027,2026-05-10 15:34:32,2026-05-12 15:36:00,Priest BRZ,1,2026-05-17 09:47:57
Rock Island Tailrace CHN,1,G72360027,2026-05-10 15:34:32,2026-05-12 15:36:00,Lower Ringold,1,2026-05-17 23:03:33
Rock Island Tailrace CHN,1,G72360027,2026-05-10 15:34:32,2026-05-12 15:36:00,Hanford,1,2026-05-18 02:33:49
Rock Island Tailrace CHN,1,G7236531E,2026-05-06 17:37:00,2026-05-09 15:47:00,Crescent Bar,1,2026-05-09 23:54:59
Rock Island Tailrace CHN,1,G7236531E,2026-05-06 17:37:00,2026-05-09 15:47:00,Sunland,1,2026-05-10 15:12:10
Rock Island Tailrace CHN,1,G7236531E,2026-05-06 17:37:00,2026-05-09 15:47:00,Wanapum BRZ,1,2026-05-11 14:21:12
Rock Island Tailrace CHN,1,G7236531E,2026-05-06 17:37:00,2026-05-09 15:47:00,Mattawa,1,2026-05-11 18:16:34
Rock Island Tailrace CHN,1,G7236531E,2026-05-06 17:37:00,2026-05-09 15:47:00,Priest BRZ,1,2026-05-12 10:03:09
Rock Island Tailrace CHN,1,G7236531E,2026-05-06 17:37:00,2026-05-09 15:47:00,Lower Ringold,1,2026-05-15 03:56:32
Rock Island Tailrace CHN,1,G7236531E,2026-05-06 17:37:00,2026-05-09 15:47:00,Hanford,1,2026-05-15 07:01:45
Rock Island Tailrace CHN,2,G7236BE0A,2026-05-08 16:41:46,2026-05-10 15:37:00,Crescent Bar,1,2026-05-11 12:50:41
Rock Island Tailrace CHN,2,G7236BE0A,2026-05-08 16:41:46,2026-05-10 15:37:00,Sunland,1,2026-05-13 19:09:28
Rock Island Tailrace CHN,2,G7236BE0A,2026-05-08 16:41:46,2026-05-10 15:37:00,Wanapum BRZ,1,2026-05-15 16:08:02
Rock Island Tailrace CHN,2,G7236BE0A,2026-05-08 16:41:46,2026-05-10 15:37:00,Mattawa,1,2026-05-15 20:57:35
Rock Island Tailrace CHN,2,G7236BE0A,2026-05-08 16:41:46,2026-05-10 15:37:00,Priest BRZ,1,2026-05-16 10:28:55
Rock Island Tailrace CHN,2,G7236BE0A,2026-05-08 16:41:46,2026-05-10 15:37:00,Lower Ringold,1,2026-05-17 05:59:26
Rock Island Tailrace CHN,2,G7236BE0A,2026-05-08 16:41:46,2026-05-10 15:37:00,Hanford,1,2026-05-17 09:03:06
Rock Island Tailrace CHN,3,G7236EAB0,2026-05-07 16:41:45,2026-05-09 15:47:00,Crescent Bar,1,2026-05-10 04:49:36
Rock Island Tailrace CHN,3,G7236EAB0,2026-05-07 16:41:45,2026-05-09 15:47:00,Sunland,1,2026-05-11 02:43:14
Rock Island Tailrace CHN,3,G7236EAB0,2026-05-07 16:41:45,2026-05-09 15:47:00,Wanapum BRZ,1,2026-05-12 08:04:21
Rock Island Tailrace CHN,3,G7236EAB0,2026-05-07 16:41:45,2026-05-09 15:47:00,Mattawa,1,2026-05-22 21:40:34
Rock Island Tailrace CHN,3,G7236EAB0,2026-05-07 16:41:45,2026-05-09 15:47:00,Priest BRZ,1,2026-05-24 02:13:43
Rock Island Tailrace CHN,3,G7236EAB0,2026-05-07 16:41:45,2026-05-09 15:47:00,Lower Ringold,1,2026-05-25 05:48:12
Rock Island Tailrace CHN,3,G7236EAB0,2026-05-07 16:41:45,2026-05-09 15:47:00,Hanford,1,2026-05-25 10:19:25
Rock Island Tailrace CHN,3,G72372802,2026-05-12 16:28:18,2026-05-15 16:06:00,Crescent Bar,1,2026-05-16 09:14:18
Rock Island Tailrace CHN,3,G72372802,2026-05-12 16:28:18,2026-05-15 16:06:00,Sunland,1,2026-05-17 07:48:10
Rock Island Tailrace CHN,3,G72372802,2026-05-12 16:28:18,2026-05-15 16:06:00,Wanapum BRZ,1,2026-05-18 15:02:27
Rock Island Tailrace CHN,3,G72372802,2026-05-12 16:28:18,2026-05-15 16:06:00,Mattawa,1,2026-05-19 20:56:56
Rock Island Tailrace CHN,3,G72372802,2026-05-12 16:28:18,2026-05-15 16:06:00,Priest BRZ,0,
Rock Island Tailrace CHN,3,G72372802,2026-05-12 16:28:18,2026-05-15 16:06:00,Lower Ringold,0,
Rock Island Tailrace CHN,3,G72372802,2026-05-12 16:28:18,2026-05-15 16:06:00,Hanford,0,
Rock Island Tailrace CHN,2,G723758FA,2026-05-08 16:32:00,2026-05-10 15:37:00,Crescent Bar,1,2026-05-10 23:40:03
Rock Island Tailrace CHN,2,G723758FA,2026-05-08 16:32:00,2026-05-10 15:37:00,Sunland,1,2026-05-11 12:56:26
Rock Island Tailrace CHN,2,G723758FA,2026-05-08 16:32:00,2026-05-10 15:37:00,Wanapum BRZ,1,2026-05-12 21:55:41
Rock Island Tailrace CHN,2,G723758FA,2026-05-08 16:32:00,2026-05-10 15:37:00,Mattawa,1,2026-05-13 00:59:15
Rock Island Tailrace CHN,2,G723758FA,2026-05-08 16:32:00,2026-05-10 15:37:00,Priest BRZ,1,2026-05-13 17:57:55
Rock Island Tailrace CHN,2,G723758FA,2026-05-08 16:32:00,2026-05-10 15:37:00,Lower Ringold,1,2026-05-14 06:22:23
Rock Island Tailrace CHN,2,G723758FA,2026-05-08 16:32:00,2026-05-10 15:37:00,Hanford,1,2026-05-14 09:41:57
Rock Island Tailrace CHN,2,G72380EE4,2026-05-06 16:33:42,2026-05-09 15:47:00,Crescent Bar,1,2026-05-09 21:41:13
Rock Island Tailrace CHN,2,G72380EE4,2026-05-06 16:33:42,2026-05-09 15:47:00,Sunland,1,2026-05-10 06:57:07
Rock Island Tailrace CHN,2,G72380EE4,2026-05-06 16:33:42,2026-05-09 15:47:00,Wanapum BRZ,1,2026-05-11 20:05:31
Rock Island Tailrace CHN,2,G72380EE4,2026-05-06 16:33:42,2026-05-09 15:47:00,Mattawa,1,2026-05-12 03:02:59
Rock Island Tailrace CHN,2,G72380EE4,2026-05-06 16:33:42,2026-05-09 15:47:00,Priest BRZ,1,2026-05-12 11:00:11
Rock Island Tailrace CHN,2,G72380EE4,2026-05-06 16:33:42,2026-05-09 15:47:00,Lower Ringold,0,
Rock Island Tailrace CHN,2,G72380EE4,2026-05-06 16:33:42,2026-05-09 15:47:00,Hanford,0,
Rock Island Tailrace CHN,2,G72381B46,2026-05-14 17:15:49,2026-05-16 15:36:00,Crescent Bar,1,2026-05-17 06:30:06
Rock Island Tailrace CHN,2,G72381B46,2026-05-14 17:15:49,2026-05-16 15:36:00,Sunland,1,2026-05-19 11:19:02
Rock Island Tailrace CHN,2,G72381B46,2026-05-14 17:15:49,2026-05-16 15:36:00,Wanapum BRZ,1,2026-05-20 02:51:11
Rock Island Tailrace CHN,2,G72381B46,2026-05-14 17:15:49,2026-05-16 15:36:00,Mattawa,1,2026-05-20 06:58:34
Rock Island Tailrace CHN,2,G72381B46,2026-05-14 17:15:49,2026-05-16 15:36:00,Priest BRZ,1,2026-05-20 22:26:16
Rock Island Tailrace CHN,2,G72381B46,2026-05-14 17:15:49,2026-05-16 15:36:00,Lower Ringold,1,2026-05-21 09:51:56
Rock Island Tailrace CHN,2,G72381B46,2026-05-14 17:15:49,2026-05-16 15:36:00,Hanford,1,2026-05-22 04:21:35
Rock Island Tailrace CHN,2,G72388CD4,2026-05-12 16:11:05,2026-05-15 16:06:00,Crescent Bar,1,2026-05-15 22:08:43
Rock Island Tailrace CHN,2,G72388CD4,2026-05-12 16:11:05,2026-05-15 16:06:00,Sunland,1,2026-05-17 09:39:10
Rock Island Tailrace CHN,2,G72388CD4,2026-05-12 16:11:05,2026-05-15 16:06:00,Wanapum BRZ,1,2026-05-20 15:51:39
Rock Island Tailrace CHN,2,G72388CD4,2026-05-12 16:11:05,2026-05-15 16:06:00,Mattawa,1,2026-05-21 20:20:39
Rock Island Tailrace CHN,2,G72388CD4,2026-05-12 16:11:05,2026-05-15 16:06:00,Priest BRZ,1,2026-05-26 00:16:15
Rock Island Tailrace CHN,2,G72388CD4,2026-05-12 16:11:05,2026-05-15 16:06:00,Lower Ringold,1,2026-05-26 17:50:51
Rock Island Tailrace CHN,2,G72388CD4,2026-05-12 16:11:05,2026-05-15 16:06:00,Hanford,1,2026-05-26 22:05:01
Rock Island Tailrace CHN,2,G7239159D,2026-05-12 16:17:24,2026-05-15 16:06:00,Crescent Bar,1,2026-05-15 23:21:00
Rock Island Tailrace CHN,2,G7239159D,2026-05-12 16:17:24,2026-05-15 16:06:00,Sunland,1,2026-05-16 09:49:15
Rock Island Tailrace CHN,2,G7239159D,2026-05-12 16:17:24,2026-05-15 16:06:00,Wanapum BRZ,1,2026-05-18 08:25:46
Rock Island Tailrace CHN,2,G7239159D,2026-05-12 16:17:24,2026-05-15 16:06:00,Mattawa,1,2026-05-18 12:02:13
Rock Island Tailrace CHN,2,G7239159D,2026-05-12 16:17:24,2026-05-15 16:06:00,Priest BRZ,1,2026-05-20 11:56:36
Rock Island Tailrace CHN,2,G7239159D,2026-05-12 16:17:24,2026-05-15 16:06:00,Lower Ringold,0,
Rock Island Tailrace CHN,2,G7239159D,2026-05-12 16:17:24,2026-05-15 16:06:00,Hanford,0,
Rock Island Tailrace CHN,2,G723998EC,2026-05-10 15:37:08,2026-05-12 15:36:00,Crescent Bar,1,2026-05-14 06:17:01
Rock Island Tailrace CHN,2,G723998EC,2026-05-10 15:37:08,2026-05-12 15:36:00,Sunland,1,2026-05-16 05:50:36
Rock Island Tailrace CHN,2,G723998EC,2026-05-10 15:37:08,2026-05-12 15:36:00,Wanapum BRZ,1,2026-05-17 16:17:55
Rock Island Tailrace CHN,2,G723998EC,2026-05-10 15:37:08,2026-05-12 15:36:00,Mattawa,1,2026-05-17 19:50:29
Rock Island Tailrace CHN,2,G723998EC,2026-05-10 15:37:08,2026-05-12 15:36:00,Priest BRZ,1,2026-05-18 06:44:34
Rock Island Tailrace CHN,2,G723998EC,2026-05-10 15:37:08,2026-05-12 15:36:00,Lower Ringold,1,2026-05-18 18:43:46
Rock Island Tailrace CHN,2,G723998EC,2026-05-10 15:37:08,2026-05-12 15:36:00,Hanford,1,2026-05-19 02:20:57
Rock Island Tailrace CHN,2,G7239DB48,2026-05-10 15:52:06,2026-05-12 15:36:00,Crescent Bar,1,2026-05-13 07:37:58
Rock Island Tailrace CHN,2,G7239DB48,2026-05-10 15:52:06,2026-05-12 15:36:00,Sunland,1,2026-05-14 08:20:00
Rock Island Tailrace CHN,2,G7239DB48,2026-05-10 15:52:06,2026-05-12 15:36:00,Wanapum BRZ,1,2026-05-15 14:37:06
Rock Island Tailrace CHN,2,G7239DB48,2026-05-10 15:52:06,2026-05-12 15:36:00,Mattawa,1,2026-05-15 21:22:50
Rock Island Tailrace CHN,2,G7239DB48,2026-05-10 15:52:06,2026-05-12 15:36:00,Priest BRZ,1,2026-05-17 08:43:38
Rock Island Tailrace CHN,2,G7239DB48,2026-05-10 15:52:06,2026-05-12 15:36:00,Lower Ringold,1,2026-05-17 21:01:53
Rock Island Tailrace CHN,2,G7239DB48,2026-05-10 15:52:06,2026-05-12 15:36:00,Hanford,1,2026-05-18 00:31:51
Rock Island Tailrace CHN,2,G723AAD38,2026-05-08 16:25:26,2026-05-10 15:37:00,Crescent Bar,1,2026-05-11 08:04:28
Rock Island Tailrace CHN,2,G723AAD38,2026-05-08 16:25:26,2026-05-10 15:37:00,Sunland,1,2026-05-11 22:18:12
Rock Island Tailrace CHN,2,G723AAD38,2026-05-08 16:25:26,2026-05-10 15:37:00,Wanapum BRZ,1,2026-05-13 11:05:27
Rock Island Tailrace CHN,2,G723AAD38,2026-05-08 16:25:26,2026-05-10 15:37:00,Mattawa,1,2026-05-14 04:43:31
Rock Island Tailrace CHN,2,G723AAD38,2026-05-08 16:25:26,2026-05-10 15:37:00,Priest BRZ,1,2026-05-14 19:50:18
Rock Island Tailrace CHN,2,G723AAD38,2026-05-08 16:25:26,2026-05-10 15:37:00,Lower Ringold,1,2026-05-15 08:57:51
Rock Island Tailrace CHN,2,G723AAD38,2026-05-08 16:25:26,2026-05-10 15:37:00,Hanford,1,2026-05-15 11:53:03
Rock Island Tailrace CHN,3,G723ACADE,2026-05-08 16:27:13,2026-05-10 15:37:00,Crescent Bar,1,2026-05-11 01:44:19
Rock Island Tailrace CHN,3,G723ACADE,2026-05-08 16:27:13,2026-05-10 15:37:00,Sunland,1,2026-05-11 15:53:17
Rock Island Tailrace CHN,3,G723ACADE,2026-05-08 16:27:13,2026-05-10 15:37:00,Wanapum BRZ,1,2026-05-12 19:24:45
Rock Island Tailrace CHN,3,G723ACADE,2026-05-08 16:27:13,2026-05-10 15:37:00,Mattawa,1,2026-05-19 09:57:21
Rock Island Tailrace CHN,3,G723ACADE,2026-05-08 16:27:13,2026-05-10 15:37:00,Priest BRZ,1,2026-05-20 15:28:24
Rock Island Tailrace CHN,3,G723ACADE,2026-05-08 16:27:13,2026-05-10 15:37:00,Lower Ringold,1,2026-05-23 17:08:56
Rock Island Tailrace CHN,3,G723ACADE,2026-05-08 16:27:13,2026-05-10 15:37:00,Hanford,1,2026-05-23 22:12:46
Rock Island Tailrace CHN,2,G723B7DAB,2026-05-09 16:39:29,2026-05-11 15:52:00,Crescent Bar,1,2026-05-12 04:34:35
Rock Island Tailrace CHN,2,G723B7DAB,2026-05-09 16:39:29,2026-05-11 15:52:00,Sunland,1,2026-05-13 04:38:37
Rock Island Tailrace CHN,2,G723B7DAB,2026-05-09 16:39:29,2026-05-11 15:52:00,Wanapum BRZ,1,2026-05-15 00:22:02
Rock Island Tailrace CHN,2,G723B7DAB,2026-05-09 16:39:29,2026-05-11 15:52:00,Mattawa,1,2026-05-15 09:59:47
Rock Island Tailrace CHN,2,G723B7DAB,2026-05-09 16:39:29,2026-05-11 15:52:00,Priest BRZ,1,2026-05-15 17:37:36
Rock Island Tailrace CHN,2,G723B7DAB,2026-05-09 16:39:29,2026-05-11 15:52:00,Lower Ringold,1,2026-05-16 06:46:43
Rock Island Tailrace CHN,2,G723B7DAB,2026-05-09 16:39:29,2026-05-11 15:52:00,Hanford,1,2026-05-16 09:35:16
Rock Island Tailrace CHN,1,G723D2C84,2026-05-06 17:22:19,2026-05-09 15:47:00,Crescent Bar,1,2026-05-09 21:51:33
Rock Island Tailrace CHN,1,G723D2C84,2026-05-06 17:22:19,2026-05-09 15:47:00,Sunland,1,2026-05-10 05:41:26
Rock Island Tailrace CHN,1,G723D2C84,2026-05-06 17:22:19,2026-05-09 15:47:00,Wanapum BRZ,1,2026-05-11 09:06:10
Rock Island Tailrace CHN,1,G723D2C84,2026-05-06 17:22:19,2026-05-09 15:47:00,Mattawa,1,2026-05-12 06:30:54
Rock Island Tailrace CHN,1,G723D2C84,2026-05-06 17:22:19,2026-05-09 15:47:00,Priest BRZ,1,2026-05-12 22:40:00
Rock Island Tailrace CHN,1,G723D2C84,2026-05-06 17:22:19,2026-05-09 15:47:00,Lower Ringold,1,2026-05-17 10:27:28
Rock Island Tailrace CHN,1,G723D2C84,2026-05-06 17:22:19,2026-05-09 15:47:00,Hanford,1,2026-05-17 13:18:57
Rock Island Tailrace CHN,2,G723F1B28,2026-05-10 15:44:59,2026-05-12 15:36:00,Crescent Bar,1,2026-05-14 10:09:06
Rock Island Tailrace CHN,2,G723F1B28,2026-05-10 15:44:59,2026-05-12 15:36:00,Sunland,1,2026-05-16 08:39:15
Rock Island Tailrace CHN,2,G723F1B28,2026-05-10 15:44:59,2026-05-12 15:36:00,Wanapum BRZ,1,2026-05-18 09:20:08
Rock Island Tailrace CHN,2,G723F1B28,2026-05-10 15:44:59,2026-05-12 15:36:00,Mattawa,1,2026-05-18 12:35:24
Rock Island Tailrace CHN,2,G723F1B28,2026-05-10 15:44:59,2026-05-12 15:36:00,Priest BRZ,1,2026-05-19 20:55:38
Rock Island Tailrace CHN,2,G723F1B28,2026-05-10 15:44:59,2026-05-12 15:36:00,Lower Ringold,1,2026-05-21 04:10:08
Rock Island Tailrace CHN,2,G723F1B28,2026-05-10 15:44:59,2026-05-12 15:36:00,Hanford,1,2026-05-21 07:18:04
Rock Island Tailrace CHN,2,G723FC89D,2026-05-07 16:27:04,2026-05-09 15:47:00,Crescent Bar,1,2026-05-09 21:41:23
Rock Island Tailrace CHN,2,G723FC89D,2026-05-07 16:27:04,2026-05-09 15:47:00,Sunland,1,2026-05-10 06:15:31
Rock Island Tailrace CHN,2,G723FC89D,2026-05-07 16:27:04,2026-05-09 15:47:00,Wanapum BRZ,1,2026-05-11 22:42:50
Rock Island Tailrace CHN,2,G723FC89D,2026-05-07 16:27:04,2026-05-09 15:47:00,Mattawa,1,2026-05-23 00:00:02
Rock Island Tailrace CHN,2,G723FC89D,2026-05-07 16:27:04,2026-05-09 15:47:00,Priest BRZ,1,2026-05-23 11:11:15
Rock Island Tailrace CHN,2,G723FC89D,2026-05-07 16:27:04,2026-05-09 15:47:00,Lower Ringold,1,2026-05-24 06:06:00
Rock Island Tailrace CHN,2,G723FC89D,2026-05-07 16:27:04,2026-05-09 15:47:00,Hanford,1,2026-05-24 09:29:22
Rock Island Tailrace CHN,3,G72408D4A,2026-05-09 16:38:10,2026-05-11 15:52:00,Crescent Bar,1,2026-05-12 02:49:59
Rock Island Tailrace CHN,3,G72408D4A,2026-05-09 16:38:10,2026-05-11 15:52:00,Sunland,1,2026-05-12 21:06:24
Rock Island Tailrace CHN,3,G72408D4A,2026-05-09 16:38:10,2026-05-11 15:52:00,Wanapum BRZ,1,2026-05-14 18:07:47
Rock Island Tailrace CHN,3,G72408D4A,2026-05-09 16:38:10,2026-05-11 15:52:00,Mattawa,1,2026-05-14 20:37:46
Rock Island Tailrace CHN,3,G72408D4A,2026-05-09 16:38:10,2026-05-11 15:52:00,Priest BRZ,1,2026-05-15 10:01:48
Rock Island Tailrace CHN,3,G72408D4A,2026-05-09 16:38:10,2026-05-11 15:52:00,Lower Ringold,1,2026-05-15 23:01:36
Rock Island Tailrace CHN,3,G72408D4A,2026-05-09 16:38:10,2026-05-11 15:52:00,Hanford,1,2026-05-16 03:46:59
Rock Island Tailrace CHN,3,G7240C62C,2026-05-10 15:40:55,2026-05-12 15:36:00,Crescent Bar,1,2026-05-12 23:55:15
Rock Island Tailrace CHN,3,G7240C62C,2026-05-10 15:40:55,2026-05-12 15:36:00,Sunland,1,2026-05-13 09:51:41
Rock Island Tailrace CHN,3,G7240C62C,2026-05-10 15:40:55,2026-05-12 15:36:00,Wanapum BRZ,1,2026-05-16 17:31:53
Rock Island Tailrace CHN,3,G7240C62C,2026-05-10 15:40:55,2026-05-12 15:36:00,Mattawa,1,2026-05-17 12:34:40
Rock Island Tailrace CHN,3,G7240C62C,2026-05-10 15:40:55,2026-05-12 15:36:00,Priest BRZ,1,2026-05-18 16:35:14
Rock Island Tailrace CHN,3,G7240C62C,2026-05-10 15:40:55,2026-05-12 15:36:00,Lower Ringold,1,2026-05-19 06:22:24
Rock Island Tailrace CHN,3,G7240C62C,2026-05-10 15:40:55,2026-05-12 15:36:00,Hanford,1,2026-05-19 15:22:56
Rock Island Tailrace CHN,2,G7241F656,2026-05-06 17:39:34,2026-05-09 15:47:00,Crescent Bar,1,2026-05-09 22:31:09
Rock Island Tailrace CHN,2,G7241F656,2026-05-06 17:39:34,2026-05-09 15:47:00,Sunland,1,2026-05-10 08:47:14
Rock Island Tailrace CHN,2,G7241F656,2026-05-06 17:39:34,2026-05-09 15:47:00,Wanapum BRZ,1,2026-05-11 13:21:09
Rock Island Tailrace CHN,2,G7241F656,2026-05-06 17:39:34,2026-05-09 15:47:00,Mattawa,1,2026-05-11 17:59:12
Rock Island Tailrace CHN,2,G7241F656,2026-05-06 17:39:34,2026-05-09 15:47:00,Priest BRZ,1,2026-05-12 11:01:41
Rock Island Tailrace CHN,2,G7241F656,2026-05-06 17:39:34,2026-05-09 15:47:00,Lower Ringold,1,2026-05-13 09:19:29
Rock Island Tailrace CHN,2,G7241F656,2026-05-06 17:39:34,2026-05-09 15:47:00,Hanford,1,2026-05-13 12:04:02
Rock Island Tailrace CHN,2,G7242B4F9,2026-05-09 16:50:04,2026-05-11 15:52:00,Crescent Bar,1,2026-05-12 03:15:39
Rock Island Tailrace CHN,2,G7242B4F9,2026-05-09 16:50:04,2026-05-11 15:52:00,Sunland,1,2026-05-12 12:59:33
Rock Island Tailrace CHN,2,G7242B4F9,2026-05-09 16:50:04,2026-05-11 15:52:00,Wanapum BRZ,1,2026-05-14 01:41:28
Rock Island Tailrace CHN,2,G7242B4F9,2026-05-09 16:50:04,2026-05-11 15:52:00,Mattawa,0,
Rock Island Tailrace CHN,2,G7242B4F9,2026-05-09 16:50:04,2026-05-11 15:52:00,Priest BRZ,0,
Rock Island Tailrace CHN,2,G7242B4F9,2026-05-09 16:50:04,2026-05-11 15:52:00,Lower Ringold,0,
Rock Island Tailrace CHN,2,G7242B4F9,2026-05-09 16:50:04,2026-05-11 15:52:00,Hanford,0,
Rock Island Tailrace CHN,2,G724311AD,2026-05-11 16:30:43,2026-05-14 15:44:00,Crescent Bar,1,2026-05-15 07:57:23
Rock Island Tailrace CHN,2,G724311AD,2026-05-11 16:30:43,2026-05-14 15:44:00,Sunland,1,2026-05-15 23:20:42
Rock Island Tailrace CHN,2,G724311AD,2026-05-11 16:30:43,2026-05-14 15:44:00,Wanapum BRZ,1,2026-05-17 04:17:35
Rock Island Tailrace CHN,2,G724311AD,2026-05-11 16:30:43,2026-05-14 15:44:00,Mattawa,1,2026-05-17 14:21:29
Rock Island Tailrace CHN,2,G724311AD,2026-05-11 16:30:43,2026-05-14 15:44:00,Priest BRZ,1,2026-05-18 09:49:28
Rock Island Tailrace CHN,2,G724311AD,2026-05-11 16:30:43,2026-05-14 15:44:00,Lower Ringold,1,2026-05-19 12:59:35
Rock Island Tailrace CHN,2,G724311AD,2026-05-11 16:30:43,2026-05-14 15:44:00,Hanford,1,2026-05-19 17:23:08
Rock Island Tailrace CHN,2,G724350B5,2026-05-11 16:22:13,2026-05-14 15:44:00,Crescent Bar,1,2026-05-15 06:45:24
Rock Island Tailrace CHN,2,G724350B5,2026-05-11 16:22:13,2026-05-14 15:44:00,Sunland,1,2026-05-16 09:01:50
Rock Island Tailrace CHN,2,G724350B5,2026-05-11 16:22:13,2026-05-14 15:44:00,Wanapum BRZ,1,2026-05-17 10:40:21
Rock Island Tailrace CHN,2,G724350B5,2026-05-11 16:22:13,2026-05-14 15:44:00,Mattawa,0,
Rock Island Tailrace CHN,2,G724350B5,2026-05-11 16:22:13,2026-05-14 15:44:00,Priest BRZ,0,
Rock Island Tailrace CHN,2,G724350B5,2026-05-11 16:22:13,2026-05-14 15:44:00,Lower Ringold,0,
Rock Island Tailrace CHN,2,G724350B5,2026-05-11 16:22:13,2026-05-14 15:44:00,Hanford,0,
Rock Island Tailrace CHN,3,G72478EC6,2026-05-06 17:18:27,2026-05-09 15:47:00,Crescent Bar,1,2026-05-10 05:27:30
Rock Island Tailrace CHN,3,G72478EC6,2026-05-06 17:18:27,2026-05-09 15:47:00,Sunland,1,2026-05-10 16:03:02
Rock Island Tailrace CHN,3,G72478EC6,2026-05-06 17:18:27,2026-05-09 15:47:00,Wanapum BRZ,1,2026-05-12 04:57:38
Rock Island Tailrace CHN,3,G72478EC6,2026-05-06 17:18:27,2026-05-09 15:47:00,Mattawa,1,2026-05-12 08:38:33
Rock Island Tailrace CHN,3,G72478EC6,2026-05-06 17:18:27,2026-05-09 15:47:00,Priest BRZ,1,2026-05-13 01:30:32
Rock Island Tailrace CHN,3,G72478EC6,2026-05-06 17:18:27,2026-05-09 15:47:00,Lower Ringold,1,2026-05-14 04:41:09
Rock Island Tailrace CHN,3,G72478EC6,2026-05-06 17:18:27,2026-05-09 15:47:00,Hanford,1,2026-05-14 07:42:01
Rock Island Tailrace CHN,2,G7247F8E3,2026-05-07 16:15:15,2026-05-09 15:47:00,Crescent Bar,1,2026-05-09 23:41:55
Rock Island Tailrace CHN,2,G7247F8E3,2026-05-07 16:15:15,2026-05-09 15:47:00,Sunland,1,2026-05-10 15:36:55
Rock Island Tailrace CHN,2,G7247F8E3,2026-05-07 16:15:15,2026-05-09 15:47:00,Wanapum BRZ,1,2026-05-12 19:31:36
Rock Island Tailrace CHN,2,G7247F8E3,2026-05-07 16:15:15,2026-05-09 15:47:00,Mattawa,1,2026-05-17 20:46:53
Rock Island Tailrace CHN,2,G7247F8E3,2026-05-07 16:15:15,2026-05-09 15:47:00,Priest BRZ,1,2026-05-18 10:58:26
Rock Island Tailrace CHN,2,G7247F8E3,2026-05-07 16:15:15,2026-05-09 15:47:00,Lower Ringold,1,2026-05-19 01:24:35
Rock Island Tailrace CHN,2,G7247F8E3,2026-05-07 16:15:15,2026-05-09 15:47:00,Hanford,1,2026-05-19 06:21:13
Rock Island Tailrace CHN,3,G72482B4E,2026-05-12 16:25:30,2026-05-15 16:06:00,Crescent Bar,1,2026-05-16 03:06:01
Rock Island Tailrace CHN,3,G72482B4E,2026-05-12 16:25:30,2026-05-15 16:06:00,Sunland,1,2026-05-16 13:57:29
Rock Island Tailrace CHN,3,G72482B4E,2026-05-12 16:25:30,2026-05-15 16:06:00,Wanapum BRZ,1,2026-05-17 11:52:18
Rock Island Tailrace CHN,3,G72482B4E,2026-05-12 16:25:30,2026-05-15 16:06:00,Mattawa,1,2026-05-17 20:04:09
Rock Island Tailrace CHN,3,G72482B4E,2026-05-12 16:25:30,2026-05-15 16:06:00,Priest BRZ,1,2026-05-18 03:24:58
Rock Island Tailrace CHN,3,G72482B4E,2026-05-12 16:25:30,2026-05-15 16:06:00,Lower Ringold,1,2026-05-18 15:08:33
Rock Island Tailrace CHN,3,G72482B4E,2026-05-12 16:25:30,2026-05-15 16:06:00,Hanford,1,2026-05-18 19:06:41
Rock Island Tailrace CHN,3,G72486176,2026-05-09 16:13:26,2026-05-11 15:52:00,Crescent Bar,1,2026-05-12 03:49:09
Rock Island Tailrace CHN,3,G72486176,2026-05-09 16:13:26,2026-05-11 15:52:00,Sunland,1,2026-05-12 12:06:22
Rock Island Tailrace CHN,3,G72486176,2026-05-09 16:13:26,2026-05-11 15:52:00,Wanapum BRZ,1,2026-05-14 10:58:34
Rock Island Tailrace CHN,3,G72486176,2026-05-09 16:13:26,2026-05-11 15:52:00,Mattawa,1,2026-05-14 13:42:53
Rock Island Tailrace CHN,3,G72486176,2026-05-09 16:13:26,2026-05-11 15:52:00,Priest BRZ,0,
Rock Island Tailrace CHN,3,G72486176,2026-05-09 16:13:26,2026-05-11 15:52:00,Lower Ringold,0,
Rock Island Tailrace CHN,3,G72486176,2026-05-09 16:13:26,2026-05-11 15:52:00,Hanford,0,
Rock Island Tailrace CHN,2,G72494191,2026-05-14 16:29:00,2026-05-16 15:36:00,Crescent Bar,1,2026-05-17 09:57:57
Rock Island Tailrace CHN,2,G72494191,2026-05-14 16:29:00,2026-05-16 15:36:00,Sunland,1,2026-05-19 10:19:07
Rock Island Tailrace CHN,2,G72494191,2026-05-14 16:29:00,2026-05-16 15:36:00,Wanapum BRZ,1,2026-05-22 08:13:52
Rock Island Tailrace CHN,2,G72494191,2026-05-14 16:29:00,2026-05-16 15:36:00,Mattawa,1,2026-05-22 11:00:17
Rock Island Tailrace CHN,2,G72494191,2026-05-14 16:29:00,2026-05-16 15:36:00,Priest BRZ,1,2026-05-23 02:16:03
Rock Island Tailrace CHN,2,G72494191,2026-05-14 16:29:00,2026-05-16 15:36:00,Lower Ringold,0,
Rock Island Tailrace CHN,2,G72494191,2026-05-14 16:29:00,2026-05-16 15:36:00,Hanford,0,
Rock Island Tailrace CHN,1,G724961B2,2026-05-11 16:35:48,2026-05-14 15:44:00,Crescent Bar,1,2026-05-15 09:59:41
Rock Island Tailrace CHN,1,G724961B2,2026-05-11 16:35:48,2026-05-14 15:44:00,Sunland,1,2026-05-16 01:11:04
Rock Island Tailrace CHN,1,G724961B2,2026-05-11 16:35:48,2026-05-14 15:44:00,Wanapum BRZ,1,2026-05-17 04:35:30
Rock Island Tailrace CHN,1,G724961B2,2026-05-11 16:35:48,2026-05-14 15:44:00,Mattawa,1,2026-05-17 09:43:51
Rock Island Tailrace CHN,1,G724961B2,2026-05-11 16:35:48,2026-05-14 15:44:00,Priest BRZ,1,2026-05-17 23:49:19
Rock Island Tailrace CHN,1,G724961B2,2026-05-11 16:35:48,2026-05-14 15:44:00,Lower Ringold,1,2026-05-18 16:55:28
Rock Island Tailrace CHN,1,G724961B2,2026-05-11 16:35:48,2026-05-14 15:44:00,Hanford,1,2026-05-19 04:15:57
Rock Island Tailrace CHN,2,G724A76F9,2026-05-08 16:26:01,2026-05-10 15:37:00,Crescent Bar,1,2026-05-11 04:57:05
Rock Island Tailrace CHN,2,G724A76F9,2026-05-08 16:26:01,2026-05-10 15:37:00,Sunland,1,2026-05-11 19:46:56
Rock Island Tailrace CHN,2,G724A76F9,2026-05-08 16:26:01,2026-05-10 15:37:00,Wanapum BRZ,1,2026-05-12 14:32:38
Rock Island Tailrace CHN,2,G724A76F9,2026-05-08 16:26:01,2026-05-10 15:37:00,Mattawa,1,2026-05-13 21:21:44
Rock Island Tailrace CHN,2,G724A76F9,2026-05-08 16:26:01,2026-05-10 15:37:00,Priest BRZ,1,2026-05-16 08:29:45
Rock Island Tailrace CHN,2,G724A76F9,2026-05-08 16:26:01,2026-05-10 15:37:00,Lower Ringold,1,2026-05-17 00:39:47
Rock Island Tailrace CHN,2,G724A76F9,2026-05-08 16:26:01,2026-05-10 15:37:00,Hanford,1,2026-05-17 05:35:02
Rock Island Tailrace CHN,1,G724BE5CE,2026-05-08 16:21:48,2026-05-10 15:37:00,Crescent Bar,1,2026-05-13 09:47:31
Rock Island Tailrace CHN,1,G724BE5CE,2026-05-08 16:21:48,2026-05-10 15:37:00,Sunland,1,2026-05-13 19:31:39
Rock Island Tailrace CHN,1,G724BE5CE,2026-05-08 16:21:48,2026-05-10 15:37:00,Wanapum BRZ,1,2026-05-15 09:16:49
Rock Island Tailrace CHN,1,G724BE5CE,2026-05-08 16:21:48,2026-05-10 15:37:00,Mattawa,1,2026-05-15 12:08:58
Rock Island Tailrace CHN,1,G724BE5CE,2026-05-08 16:21:48,2026-05-10 15:37:00,Priest BRZ,1,2026-05-15 23:38:30
Rock Island Tailrace CHN,1,G724BE5CE,2026-05-08 16:21:48,2026-05-10 15:37:00,Lower Ringold,1,2026-05-16 10:46:57
Rock Island Tailrace CHN,1,G724BE5CE,2026-05-08 16:21:48,2026-05-10 15:37:00,Hanford,1,2026-05-16 14:14:46
Rock Island Tailrace CHN,2,G724D0D4F,2026-05-07 16:25:43,2026-05-09 15:47:00,Crescent Bar,1,2026-05-09 23:00:07
Rock Island Tailrace CHN,2,G724D0D4F,2026-05-07 16:25:43,2026-05-09 15:47:00,Sunland,1,2026-05-10 11:48:44
Rock Island Tailrace CHN,2,G724D0D4F,2026-05-07 16:25:43,2026-05-09 15:47:00,Wanapum BRZ,0,
Rock Island Tailrace CHN,2,G724D0D4F,2026-05-07 16:25:43,2026-05-09 15:47:00,Mattawa,0,
Rock Island Tailrace CHN,2,G724D0D4F,2026-05-07 16:25:43,2026-05-09 15:47:00,Priest BRZ,0,
Rock Island Tailrace CHN,2,G724D0D4F,2026-05-07 16:25:43,2026-05-09 15:47:00,Lower Ringold,0,
Rock Island Tailrace CHN,2,G724D0D4F,2026-05-07 16:25:43,2026-05-09 15:47:00,Hanford,0,
Rock Island Tailrace CHN,2,G724DC7FB,2026-05-09 16:45:27,2026-05-11 15:52:00,Crescent Bar,1,2026-05-12 05:06:35
Rock Island Tailrace CHN,2,G724DC7FB,2026-05-09 16:45:27,2026-05-11 15:52:00,Sunland,1,2026-05-13 05:44:27
Rock Island Tailrace CHN,2,G724DC7FB,2026-05-09 16:45:27,2026-05-11 15:52:00,Wanapum BRZ,1,2026-05-14 19:24:40
Rock Island Tailrace CHN,2,G724DC7FB,2026-05-09 16:45:27,2026-05-11 15:52:00,Mattawa,1,2026-06-10 10:08:24
Rock Island Tailrace CHN,2,G724DC7FB,2026-05-09 16:45:27,2026-05-11 15:52:00,Priest BRZ,1,2026-06-11 10:33:24
Rock Island Tailrace CHN,2,G724DC7FB,2026-05-09 16:45:27,2026-05-11 15:52:00,Lower Ringold,1,2026-06-13 22:30:29
Rock Island Tailrace CHN,2,G724DC7FB,2026-05-09 16:45:27,2026-05-11 15:52:00,Hanford,1,2026-06-14 02:16:50
Rock Island Tailrace CHN,2,G724DE05B,2026-05-09 16:19:24,2026-05-11 15:52:00,Crescent Bar,1,2026-05-12 07:50:36
Rock Island Tailrace CHN,2,G724DE05B,2026-05-09 16:19:24,2026-05-11 15:52:00,Sunland,1,2026-05-14 19:09:28
Rock Island Tailrace CHN,2,G724DE05B,2026-05-09 16:19:24,2026-05-11 15:52:00,Wanapum BRZ,1,2026-05-19 09:28:05
Rock Island Tailrace CHN,2,G724DE05B,2026-05-09 16:19:24,2026-05-11 15:52:00,Mattawa,1,2026-05-19 12:53:29
Rock Island Tailrace CHN,2,G724DE05B,2026-05-09 16:19:24,2026-05-11 15:52:00,Priest BRZ,1,2026-05-20 09:00:46
Rock Island Tailrace CHN,2,G724DE05B,2026-05-09 16:19:24,2026-05-11 15:52:00,Lower Ringold,1,2026-05-21 10:17:19
Rock Island Tailrace CHN,2,G724DE05B,2026-05-09 16:19:24,2026-05-11 15:52:00,Hanford,1,2026-05-21 14:37:29
Rock Island Tailrace CHN,2,G724E3107,2026-05-14 16:41:07,2026-05-16 15:36:00,Crescent Bar,1,2026-05-18 20:00:37
Rock Island Tailrace CHN,2,G724E3107,2026-05-14 16:41:07,2026-05-16 15:36:00,Sunland,1,2026-05-19 11:00:28
Rock Island Tailrace CHN,2,G724E3107,2026-05-14 16:41:07,2026-05-16 15:36:00,Wanapum BRZ,1,2026-05-21 03:42:54
Rock Island Tailrace CHN,2,G724E3107,2026-05-14 16:41:07,2026-05-16 15:36:00,Mattawa,1,2026-05-21 07:25:08
Rock Island Tailrace CHN,2,G724E3107,2026-05-14 16:41:07,2026-05-16 15:36:00,Priest BRZ,1,2026-05-22 14:18:46
Rock Island Tailrace CHN,2,G724E3107,2026-05-14 16:41:07,2026-05-16 15:36:00,Lower Ringold,0,
Rock Island Tailrace CHN,2,G724E3107,2026-05-14 16:41:07,2026-05-16 15:36:00,Hanford,0,
Rock Island Tailrace CHN,3,G724FC975,2026-05-12 16:12:01,2026-05-15 16:06:00,Crescent Bar,1,2026-05-16 00:24:37
Rock Island Tailrace CHN,3,G724FC975,2026-05-12 16:12:01,2026-05-15 16:06:00,Sunland,1,2026-05-16 13:27:32
Rock Island Tailrace CHN,3,G724FC975,2026-05-12 16:12:01,2026-05-15 16:06:00,Wanapum BRZ,1,2026-05-18 03:17:52
Rock Island Tailrace CHN,3,G724FC975,2026-05-12 16:12:01,2026-05-15 16:06:00,Mattawa,1,2026-05-18 08:16:55
Rock Island Tailrace CHN,3,G724FC975,2026-05-12 16:12:01,2026-05-15 16:06:00,Priest BRZ,1,2026-05-18 17:02:49
Rock Island Tailrace CHN,3,G724FC975,2026-05-12 16:12:01,2026-05-15 16:06:00,Lower Ringold,1,2026-05-19 06:02:48
Rock Island Tailrace CHN,3,G724FC975,2026-05-12 16:12:01,2026-05-15 16:06:00,Hanford,1,2026-05-19 09:26:16
Rock Island Tailrace CHN,2,G72503D94,2026-05-14 16:27:46,2026-05-16 15:36:00,Crescent Bar,1,2026-05-17 03:22:15
Rock Island Tailrace CHN,2,G72503D94,2026-05-14 16:27:46,2026-05-16 15:36:00,Sunland,1,2026-05-18 09:13:35
Rock Island Tailrace CHN,2,G72503D94,2026-05-14 16:27:46,2026-05-16 15:36:00,Wanapum BRZ,1,2026-05-19 13:24:50
Rock Island Tailrace CHN,2,G72503D94,2026-05-14 16:27:46,2026-05-16 15:36:00,Mattawa,1,2026-05-19 16:41:07
Rock Island Tailrace CHN,2,G72503D94,2026-05-14 16:27:46,2026-05-16 15:36:00,Priest BRZ,1,2026-05-19 23:46:59
Rock Island Tailrace CHN,2,G72503D94,2026-05-14 16:27:46,2026-05-16 15:36:00,Lower Ringold,1,2026-05-20 23:59:18
Rock Island Tailrace CHN,2,G72503D94,2026-05-14 16:27:46,2026-05-16 15:36:00,Hanford,1,2026-05-21 07:43:15
Rock Island Tailrace CHN,2,G725087D8,2026-05-07 16:14:07,2026-05-09 15:47:00,Crescent Bar,0,
Rock Island Tailrace CHN,2,G725087D8,2026-05-07 16:14:07,2026-05-09 15:47:00,Sunland,0,
Rock Island Tailrace CHN,2,G725087D8,2026-05-07 16:14:07,2026-05-09 15:47:00,Wanapum BRZ,0,
Rock Island Tailrace CHN,2,G725087D8,2026-05-07 16:14:07,2026-05-09 15:47:00,Mattawa,0,
Rock Island Tailrace CHN,2,G725087D8,2026-05-07 16:14:07,2026-05-09 15:47:00,Priest BRZ,0,
Rock Island Tailrace CHN,2,G725087D8,2026-05-07 16:14:07,2026-05-09 15:47:00,Lower Ringold,0,
Rock Island Tailrace CHN,2,G725087D8,2026-05-07 16:14:07,2026-05-09 15:47:00,Hanford,0,
Rock Island Tailrace CHN,3,G72516A08,2026-05-08 16:24:53,2026-05-10 15:37:00,Crescent Bar,1,2026-05-10 21:40:38
Rock Island Tailrace CHN,3,G72516A08,2026-05-08 16:24:53,2026-05-10 15:37:00,Sunland,1,2026-05-11 12:12:06
Rock Island Tailrace CHN,3,G72516A08,2026-05-08 16:24:53,2026-05-10 15:37:00,Wanapum BRZ,1,2026-05-12 12:35:49
Rock Island Tailrace CHN,3,G72516A08,2026-05-08 16:24:53,2026-05-10 15:37:00,Mattawa,0,
Rock Island Tailrace CHN,3,G72516A08,2026-05-08 16:24:53,2026-05-10 15:37:00,Priest BRZ,0,
Rock Island Tailrace CHN,3,G72516A08,2026-05-08 16:24:53,2026-05-10 15:37:00,Lower Ringold,0,
Rock Island Tailrace CHN,3,G72516A08,2026-05-08 16:24:53,2026-05-10 15:37:00,Hanford,0,
Rock Island Tailrace CHN,3,G7251BC82,2026-05-09 16:18:02,2026-05-11 15:52:00,Crescent Bar,1,2026-05-12 06:21:31
Rock Island Tailrace CHN,3,G7251BC82,2026-05-09 16:18:02,2026-05-11 15:52:00,Sunland,1,2026-05-13 08:47:57
Rock Island Tailrace CHN,3,G7251BC82,2026-05-09 16:18:02,2026-05-11 15:52:00,Wanapum BRZ,1,2026-05-16 00:07:59
Rock Island Tailrace CHN,3,G7251BC82,2026-05-09 16:18:02,2026-05-11 15:52:00,Mattawa,1,2026-05-16 04:02:38
Rock Island Tailrace CHN,3,G7251BC82,2026-05-09 16:18:02,2026-05-11 15:52:00,Priest BRZ,1,2026-05-16 11:18:00
Rock Island Tailrace CHN,3,G7251BC82,2026-05-09 16:18:02,2026-05-11 15:52:00,Lower Ringold,0,
Rock Island Tailrace CHN,3,G7251BC82,2026-05-09 16:18:02,2026-05-11 15:52:00,Hanford,0,
Rock Island Tailrace CHN,3,G7251C81B,2026-05-07 16:15:49,2026-05-09 15:47:00,Crescent Bar,1,2026-05-10 02:23:46
Rock Island Tailrace CHN,3,G7251C81B,2026-05-07 16:15:49,2026-05-09 15:47:00,Sunland,1,2026-05-11 05:49:46
Rock Island Tailrace CHN,3,G7251C81B,2026-05-07 16:15:49,2026-05-09 15:47:00,Wanapum BRZ,1,2026-05-12 22:17:58
Rock Island Tailrace CHN,3,G7251C81B,2026-05-07 16:15:49,2026-05-09 15:47:00,Mattawa,1,2026-05-13 01:39:12
Rock Island Tailrace CHN,3,G7251C81B,2026-05-07 16:15:49,2026-05-09 15:47:00,Priest BRZ,1,2026-05-14 04:12:54
Rock Island Tailrace CHN,3,G7251C81B,2026-05-07 16:15:49,2026-05-09 15:47:00,Lower Ringold,1,2026-05-15 23:36:29
Rock Island Tailrace CHN,3,G7251C81B,2026-05-07 16:15:49,2026-05-09 15:47:00,Hanford,1,2026-05-16 03:49:11
Rock Island Tailrace CHN,3,G72521339,2026-05-14 17:18:45,2026-05-16 15:36:00,Crescent Bar,1,2026-05-17 04:06:26
Rock Island Tailrace CHN,3,G72521339,2026-05-14 17:18:45,2026-05-16 15:36:00,Sunland,1,2026-05-17 11:52:22
Rock Island Tailrace CHN,3,G72521339,2026-05-14 17:18:45,2026-05-16 15:36:00,Wanapum BRZ,0,
Rock Island Tailrace CHN,3,G72521339,2026-05-14 17:18:45,2026-05-16 15:36:00,Mattawa,0,
Rock Island Tailrace CHN,3,G72521339,2026-05-14 17:18:45,2026-05-16 15:36:00,Priest BRZ,0,
Rock Island Tailrace CHN,3,G72521339,2026-05-14 17:18:45,2026-05-16 15:36:00,Lower Ringold,0,
Rock Island Tailrace CHN,3,G72521339,2026-05-14 17:18:45,2026-05-16 15:36:00,Hanford,0,
Rock Island Tailrace CHN,3,G725528C9,2026-05-09 16:41:09,2026-05-11 15:52:00,Crescent Bar,1,2026-05-12 02:11:42
Rock Island Tailrace CHN,3,G725528C9,2026-05-09 16:41:09,2026-05-11 15:52:00,Sunland,1,2026-05-12 11:45:34
Rock Island Tailrace CHN,3,G725528C9,2026-05-09 16:41:09,2026-05-11 15:52:00,Wanapum BRZ,1,2026-05-16 02:20:45
Rock Island Tailrace CHN,3,G725528C9,2026-05-09 16:41:09,2026-05-11 15:52:00,Mattawa,1,2026-05-17 00:37:02
Rock Island Tailrace CHN,3,G725528C9,2026-05-09 16:41:09,2026-05-11 15:52:00,Priest BRZ,1,2026-05-17 09:06:43
Rock Island Tailrace CHN,3,G725528C9,2026-05-09 16:41:09,2026-05-11 15:52:00,Lower Ringold,1,2026-05-19 10:04:38
Rock Island Tailrace CHN,3,G725528C9,2026-05-09 16:41:09,2026-05-11 15:52:00,Hanford,1,2026-05-19 13:07:24
Rock Island Tailrace CHN,2,G72568490,2026-05-09 16:36:45,2026-05-11 15:52:00,Crescent Bar,1,2026-05-12 05:36:14
Rock Island Tailrace CHN,2,G72568490,2026-05-09 16:36:45,2026-05-11 15:52:00,Sunland,1,2026-05-12 22:08:26
Rock Island Tailrace CHN,2,G72568490,2026-05-09 16:36:45,2026-05-11 15:52:00,Wanapum BRZ,1,2026-05-14 11:32:14
Rock Island Tailrace CHN,2,G72568490,2026-05-09 16:36:45,2026-05-11 15:52:00,Mattawa,1,2026-05-14 14:37:42
Rock Island Tailrace CHN,2,G72568490,2026-05-09 16:36:45,2026-05-11 15:52:00,Priest BRZ,1,2026-05-15 04:38:15
Rock Island Tailrace CHN,2,G72568490,2026-05-09 16:36:45,2026-05-11 15:52:00,Lower Ringold,1,2026-05-16 08:46:29
Rock Island Tailrace CHN,2,G72568490,2026-05-09 16:36:45,2026-05-11 15:52:00,Hanford,1,2026-05-16 11:37:04
Rock Island Tailrace CHN,2,G7258425B,2026-05-14 16:25:45,2026-05-16 15:36:00,Crescent Bar,1,2026-05-17 05:44:30
Rock Island Tailrace CHN,2,G7258425B,2026-05-14 16:25:45,2026-05-16 15:36:00,Sunland,1,2026-05-17 15:52:38
Rock Island Tailrace CHN,2,G7258425B,2026-05-14 16:25:45,2026-05-16 15:36:00,Wanapum BRZ,1,2026-05-19 08:46:28
Rock Island Tailrace CHN,2,G7258425B,2026-05-14 16:25:45,2026-05-16 15:36:00,Mattawa,1,2026-05-19 11:43:32
Rock Island Tailrace CHN,2,G7258425B,2026-05-14 16:25:45,2026-05-16 15:36:00,Priest BRZ,1,2026-05-19 17:01:58
Rock Island Tailrace CHN,2,G7258425B,2026-05-14 16:25:45,2026-05-16 15:36:00,Lower Ringold,1,2026-05-20 08:42:33
Rock Island Tailrace CHN,2,G7258425B,2026-05-14 16:25:45,2026-05-16 15:36:00,Hanford,1,2026-05-20 11:43:11
Rock Island Tailrace CHN,1,G72594442,2026-05-09 16:38:33,2026-05-11 15:52:00,Crescent Bar,1,2026-05-12 06:24:55
Rock Island Tailrace CHN,1,G72594442,2026-05-09 16:38:33,2026-05-11 15:52:00,Sunland,1,2026-05-12 21:44:39
Rock Island Tailrace CHN,1,G72594442,2026-05-09 16:38:33,2026-05-11 15:52:00,Wanapum BRZ,1,2026-05-14 00:28:34
Rock Island Tailrace CHN,1,G72594442,2026-05-09 16:38:33,2026-05-11 15:52:00,Mattawa,1,2026-05-17 02:08:58
Rock Island Tailrace CHN,1,G72594442,2026-05-09 16:38:33,2026-05-11 15:52:00,Priest BRZ,1,2026-05-17 10:39:53
Rock Island Tailrace CHN,1,G72594442,2026-05-09 16:38:33,2026-05-11 15:52:00,Lower Ringold,1,2026-05-18 04:44:27
Rock Island Tailrace CHN,1,G72594442,2026-05-09 16:38:33,2026-05-11 15:52:00,Hanford,1,2026-05-18 07:57:08
Rock Island Tailrace CHN,1,G7259B68A,2026-05-07 16:29:58,2026-05-09 15:47:00,Crescent Bar,1,2026-05-10 10:37:59
Rock Island Tailrace CHN,1,G7259B68A,2026-05-07 16:29:58,2026-05-09 15:47:00,Sunland,1,2026-05-11 22:48:00
Rock Island Tailrace CHN,1,G7259B68A,2026-05-07 16:29:58,2026-05-09 15:47:00,Wanapum BRZ,1,2026-05-16 19:55:17
Rock Island Tailrace CHN,1,G7259B68A,2026-05-07 16:29:58,2026-05-09 15:47:00,Mattawa,1,2026-05-17 01:40:01
Rock Island Tailrace CHN,1,G7259B68A,2026-05-07 16:29:58,2026-05-09 15:47:00,Priest BRZ,1,2026-05-17 13:15:07
Rock Island Tailrace CHN,1,G7259B68A,2026-05-07 16:29:58,2026-05-09 15:47:00,Lower Ringold,1,2026-05-18 10:01:48
Rock Island Tailrace CHN,1,G7259B68A,2026-05-07 16:29:58,2026-05-09 15:47:00,Hanford,1,2026-05-18 13:13:37
Rock Island Tailrace CHN,1,G7259DDCF,2026-05-12 16:10:34,2026-05-15 16:06:00,Crescent Bar,1,2026-05-16 06:12:08
Rock Island Tailrace CHN,1,G7259DDCF,2026-05-12 16:10:34,2026-05-15 16:06:00,Sunland,1,2026-05-18 14:27:59
Rock Island Tailrace CHN,1,G7259DDCF,2026-05-12 16:10:34,2026-05-15 16:06:00,Wanapum BRZ,1,2026-05-20 14:05:53
Rock Island Tailrace CHN,1,G7259DDCF,2026-05-12 16:10:34,2026-05-15 16:06:00,Mattawa,1,2026-05-20 16:49:18
Rock Island Tailrace CHN,1,G7259DDCF,2026-05-12 16:10:34,2026-05-15 16:06:00,Priest BRZ,1,2026-05-20 22:48:59
Rock Island Tailrace CHN,1,G7259DDCF,2026-05-12 16:10:34,2026-05-15 16:06:00,Lower Ringold,1,2026-05-21 15:33:42
Rock Island Tailrace CHN,1,G7259DDCF,2026-05-12 16:10:34,2026-05-15 16:06:00,Hanford,1,2026-05-21 18:50:25
Rock Island Tailrace CHN,1,G725A7ED7,2026-05-11 16:19:50,2026-05-14 15:44:00,Crescent Bar,1,2026-05-14 21:40:01
Rock Island Tailrace CHN,1,G725A7ED7,2026-05-11 16:19:50,2026-05-14 15:44:00,Sunland,1,2026-05-15 10:04:36
Rock Island Tailrace CHN,1,G725A7ED7,2026-05-11 16:19:50,2026-05-14 15:44:00,Wanapum BRZ,1,2026-05-16 13:47:21
Rock Island Tailrace CHN,1,G725A7ED7,2026-05-11 16:19:50,2026-05-14 15:44:00,Mattawa,1,2026-05-16 17:57:09
Rock Island Tailrace CHN,1,G725A7ED7,2026-05-11 16:19:50,2026-05-14 15:44:00,Priest BRZ,1,2026-05-17 10:24:34
Rock Island Tailrace CHN,1,G725A7ED7,2026-05-11 16:19:50,2026-05-14 15:44:00,Lower Ringold,1,2026-05-17 22:22:24
Rock Island Tailrace CHN,1,G725A7ED7,2026-05-11 16:19:50,2026-05-14 15:44:00,Hanford,1,2026-05-18 01:55:40
Rock Island Tailrace CHN,1,G725BC9A2,2026-05-06 17:41:38,2026-05-09 15:47:00,Crescent Bar,1,2026-05-09 22:45:27
Rock Island Tailrace CHN,1,G725BC9A2,2026-05-06 17:41:38,2026-05-09 15:47:00,Sunland,1,2026-05-11 09:49:13
Rock Island Tailrace CHN,1,G725BC9A2,2026-05-06 17:41:38,2026-05-09 15:47:00,Wanapum BRZ,0,
Rock Island Tailrace CHN,1,G725BC9A2,2026-05-06 17:41:38,2026-05-09 15:47:00,Mattawa,0,
Rock Island Tailrace CHN,1,G725BC9A2,2026-05-06 17:41:38,2026-05-09 15:47:00,Priest BRZ,0,
Rock Island Tailrace CHN,1,G725BC9A2,2026-05-06 17:41:38,2026-05-09 15:47:00,Lower Ringold,0,
Rock Island Tailrace CHN,1,G725BC9A2,2026-05-06 17:41:38,2026-05-09 15:47:00,Hanford,0,
Rock Island Tailrace CHN,1,G725C0BBA,2026-05-08 16:39:05,2026-05-10 15:37:00,Crescent Bar,1,2026-05-11 10:33:04
Rock Island Tailrace CHN,1,G725C0BBA,2026-05-08 16:39:05,2026-05-10 15:37:00,Sunland,1,2026-05-12 08:18:26
Rock Island Tailrace CHN,1,G725C0BBA,2026-05-08 16:39:05,2026-05-10 15:37:00,Wanapum BRZ,1,2026-05-14 17:52:36
Rock Island Tailrace CHN,1,G725C0BBA,2026-05-08 16:39:05,2026-05-10 15:37:00,Mattawa,1,2026-05-15 05:21:20
Rock Island Tailrace CHN,1,G725C0BBA,2026-05-08 16:39:05,2026-05-10 15:37:00,Priest BRZ,1,2026-05-16 04:33:58
Rock Island Tailrace CHN,1,G725C0BBA,2026-05-08 16:39:05,2026-05-10 15:37:00,Lower Ringold,1,2026-05-17 20:03:00
Rock Island Tailrace CHN,1,G725C0BBA,2026-05-08 16:39:05,2026-05-10 15:37:00,Hanford,1,2026-05-18 00:42:24
Rock Island Tailrace CHN,1,G725C2205,2026-05-12 16:12:24,2026-05-15 16:06:00,Crescent Bar,1,2026-05-16 00:26:11
Rock Island Tailrace CHN,1,G725C2205,2026-05-12 16:12:24,2026-05-15 16:06:00,Sunland,1,2026-05-16 12:13:12
Rock Island Tailrace CHN,1,G725C2205,2026-05-12 16:12:24,2026-05-15 16:06:00,Wanapum BRZ,1,2026-05-18 16:44:17
Rock Island Tailrace CHN,1,G725C2205,2026-05-12 16:12:24,2026-05-15 16:06:00,Mattawa,0,
Rock Island Tailrace CHN,1,G725C2205,2026-05-12 16:12:24,2026-05-15 16:06:00,Priest BRZ,0,
Rock Island Tailrace CHN,1,G725C2205,2026-05-12 16:12:24,2026-05-15 16:06:00,Lower Ringold,0,
Rock Island Tailrace CHN,1,G725C2205,2026-05-12 16:12:24,2026-05-15 16:06:00,Hanford,0,
Rock Island Tailrace CHN,1,G725C7A1C,2026-05-12 16:31:31,2026-05-15 16:06:00,Crescent Bar,1,2026-05-15 21:53:48
Rock Island Tailrace CHN,1,G725C7A1C,2026-05-12 16:31:31,2026-05-15 16:06:00,Sunland,1,2026-05-16 08:26:22
Rock Island Tailrace CHN,1,G725C7A1C,2026-05-12 16:31:31,2026-05-15 16:06:00,Wanapum BRZ,1,2026-05-17 10:39:53
Rock Island Tailrace CHN,1,G725C7A1C,2026-05-12 16:31:31,2026-05-15 16:06:00,Mattawa,1,2026-05-17 17:47:57
Rock Island Tailrace CHN,1,G725C7A1C,2026-05-12 16:31:31,2026-05-15 16:06:00,Priest BRZ,1,2026-05-18 10:28:38
Rock Island Tailrace CHN,1,G725C7A1C,2026-05-12 16:31:31,2026-05-15 16:06:00,Lower Ringold,1,2026-05-19 04:54:41
Rock Island Tailrace CHN,1,G725C7A1C,2026-05-12 16:31:31,2026-05-15 16:06:00,Hanford,1,2026-05-19 08:09:07
Rock Island Tailrace CHN,1,G725CA9A9,2026-05-06 17:20:26,2026-05-09 15:47:00,Crescent Bar,1,2026-05-09 22:34:31
Rock Island Tailrace CHN,1,G725CA9A9,2026-05-06 17:20:26,2026-05-09 15:47:00,Sunland,1,2026-05-10 07:38:57
Rock Island Tailrace CHN,1,G725CA9A9,2026-05-06 17:20:26,2026-05-09 15:47:00,Wanapum BRZ,1,2026-05-11 13:37:20
Rock Island Tailrace CHN,1,G725CA9A9,2026-05-06 17:20:26,2026-05-09 15:47:00,Mattawa,1,2026-05-12 08:43:31
Rock Island Tailrace CHN,1,G725CA9A9,2026-05-06 17:20:26,2026-05-09 15:47:00,Priest BRZ,1,2026-05-13 20:03:24
Rock Island Tailrace CHN,1,G725CA9A9,2026-05-06 17:20:26,2026-05-09 15:47:00,Lower Ringold,1,2026-05-14 08:25:51
Rock Island Tailrace CHN,1,G725CA9A9,2026-05-06 17:20:26,2026-05-09 15:47:00,Hanford,1,2026-05-14 11:25:24
Rock Island Tailrace CHN,1,G725CB597,2026-05-07 16:16:21,2026-05-09 15:47:00,Crescent Bar,1,2026-05-09 22:12:14
Rock Island Tailrace CHN,1,G725CB597,2026-05-07 16:16:21,2026-05-09 15:47:00,Sunland,1,2026-05-10 06:41:03
Rock Island Tailrace CHN,1,G725CB597,2026-05-07 16:16:21,2026-05-09 15:47:00,Wanapum BRZ,1,2026-05-11 16:13:09
Rock Island Tailrace CHN,1,G725CB597,2026-05-07 16:16:21,2026-05-09 15:47:00,Mattawa,1,2026-05-24 03:30:40
Rock Island Tailrace CHN,1,G725CB597,2026-05-07 16:16:21,2026-05-09 15:47:00,Priest BRZ,1,2026-05-25 00:49:11
Rock Island Tailrace CHN,1,G725CB597,2026-05-07 16:16:21,2026-05-09 15:47:00,Lower Ringold,1,2026-05-26 16:52:54
Rock Island Tailrace CHN,1,G725CB597,2026-05-07 16:16:21,2026-05-09 15:47:00,Hanford,1,2026-05-27 06:47:47
Rock Island Tailrace CHN,1,G725CE9EF,2026-05-11 16:34:57,2026-05-14 15:44:00,Crescent Bar,1,2026-05-16 06:04:37
Rock Island Tailrace CHN,1,G725CE9EF,2026-05-11 16:34:57,2026-05-14 15:44:00,Sunland,1,2026-05-16 18:00:01
Rock Island Tailrace CHN,1,G725CE9EF,2026-05-11 16:34:57,2026-05-14 15:44:00,Wanapum BRZ,1,2026-05-17 20:14:07
Rock Island Tailrace CHN,1,G725CE9EF,2026-05-11 16:34:57,2026-05-14 15:44:00,Mattawa,1,2026-05-18 11:21:01
Rock Island Tailrace CHN,1,G725CE9EF,2026-05-11 16:34:57,2026-05-14 15:44:00,Priest BRZ,1,2026-05-18 19:38:30
Rock Island Tailrace CHN,1,G725CE9EF,2026-05-11 16:34:57,2026-05-14 15:44:00,Lower Ringold,1,2026-05-19 08:45:10
Rock Island Tailrace CHN,1,G725CE9EF,2026-05-11 16:34:57,2026-05-14 15:44:00,Hanford,1,2026-05-19 11:38:02
Rock Island Tailrace CHN,1,G725E638C,2026-05-14 17:18:13,2026-05-16 15:36:00,Crescent Bar,1,2026-05-17 10:14:26
Rock Island Tailrace CHN,1,G725E638C,2026-05-14 17:18:13,2026-05-16 15:36:00,Sunland,1,2026-05-19 07:38:26
Rock Island Tailrace CHN,1,G725E638C,2026-05-14 17:18:13,2026-05-16 15:36:00,Wanapum BRZ,1,2026-05-20 18:14:28
Rock Island Tailrace CHN,1,G725E638C,2026-05-14 17:18:13,2026-05-16 15:36:00,Mattawa,1,2026-05-22 04:01:55
Rock Island Tailrace CHN,1,G725E638C,2026-05-14 17:18:13,2026-05-16 15:36:00,Priest BRZ,1,2026-05-23 02:10:20
Rock Island Tailrace CHN,1,G725E638C,2026-05-14 17:18:13,2026-05-16 15:36:00,Lower Ringold,1,2026-05-23 19:22:22
Rock Island Tailrace CHN,1,G725E638C,2026-05-14 17:18:13,2026-05-16 15:36:00,Hanford,1,2026-05-23 22:49:18
Rock Island Tailrace CHN,1,G725E67ED,2026-05-09 16:21:15,2026-05-11 15:52:00,Crescent Bar,1,2026-05-12 00:51:39
Rock Island Tailrace CHN,1,G725E67ED,2026-05-09 16:21:15,2026-05-11 15:52:00,Sunland,1,2026-05-13 09:26:13
Rock Island Tailrace CHN,1,G725E67ED,2026-05-09 16:21:15,2026-05-11 15:52:00,Wanapum BRZ,1,2026-05-14 16:17:45
Rock Island Tailrace CHN,1,G725E67ED,2026-05-09 16:21:15,2026-05-11 15:52:00,Mattawa,1,2026-05-14 22:33:40
Rock Island Tailrace CHN,1,G725E67ED,2026-05-09 16:21:15,2026-05-11 15:52:00,Priest BRZ,1,2026-05-15 16:48:24
Rock Island Tailrace CHN,1,G725E67ED,2026-05-09 16:21:15,2026-05-11 15:52:00,Lower Ringold,1,2026-05-16 09:10:59
Rock Island Tailrace CHN,1,G725E67ED,2026-05-09 16:21:15,2026-05-11 15:52:00,Hanford,1,2026-05-16 12:56:28
Rock Island Tailrace CHN,1,G725F1890,2026-05-11 16:13:02,2026-05-14 15:44:00,Crescent Bar,1,2026-05-14 23:18:39
Rock Island Tailrace CHN,1,G725F1890,2026-05-11 16:13:02,2026-05-14 15:44:00,Sunland,1,2026-05-15 11:15:11
Rock Island Tailrace CHN,1,G725F1890,2026-05-11 16:13:02,2026-05-14 15:44:00,Wanapum BRZ,0,
Rock Island Tailrace CHN,1,G725F1890,2026-05-11 16:13:02,2026-05-14 15:44:00,Mattawa,0,
Rock Island Tailrace CHN,1,G725F1890,2026-05-11 16:13:02,2026-05-14 15:44:00,Priest BRZ,0,
Rock Island Tailrace CHN,1,G725F1890,2026-05-11 16:13:02,2026-05-14 15:44:00,Lower Ringold,0,
Rock Island Tailrace CHN,1,G725F1890,2026-05-11 16:13:02,2026-05-14 15:44:00,Hanford,0,
Rock Island Tailrace CHN,3,G725FB961,2026-05-10 15:42:51,2026-05-12 15:36:00,Crescent Bar,1,2026-05-13 01:21:48
Rock Island Tailrace CHN,3,G725FB961,2026-05-10 15:42:51,2026-05-12 15:36:00,Sunland,1,2026-05-13 17:42:26
Rock Island Tailrace CHN,3,G725FB961,2026-05-10 15:42:51,2026-05-12 15:36:00,Wanapum BRZ,1,2026-05-15 16:15:05
Rock Island Tailrace CHN,3,G725FB961,2026-05-10 15:42:51,2026-05-12 15:36:00,Mattawa,1,2026-05-15 20:38:10
Rock Island Tailrace CHN,3,G725FB961,2026-05-10 15:42:51,2026-05-12 15:36:00,Priest BRZ,1,2026-05-17 02:29:43
Rock Island Tailrace CHN,3,G725FB961,2026-05-10 15:42:51,2026-05-12 15:36:00,Lower Ringold,0,
Rock Island Tailrace CHN,3,G725FB961,2026-05-10 15:42:51,2026-05-12 15:36:00,Hanford,0,
Rock Island Tailrace CHN,3,G726024B8,2026-05-10 16:25:41,2026-05-12 15:36:00,Crescent Bar,1,2026-05-13 06:58:39
Rock Island Tailrace CHN,3,G726024B8,2026-05-10 16:25:41,2026-05-12 15:36:00,Sunland,1,2026-05-14 10:16:30
Rock Island Tailrace CHN,3,G726024B8,2026-05-10 16:25:41,2026-05-12 15:36:00,Wanapum BRZ,1,2026-05-15 11:17:23
Rock Island Tailrace CHN,3,G726024B8,2026-05-10 16:25:41,2026-05-12 15:36:00,Mattawa,1,2026-05-15 14:06:46
Rock Island Tailrace CHN,3,G726024B8,2026-05-10 16:25:41,2026-05-12 15:36:00,Priest BRZ,1,2026-05-16 06:14:36
Rock Island Tailrace CHN,3,G726024B8,2026-05-10 16:25:41,2026-05-12 15:36:00,Lower Ringold,1,2026-05-16 17:38:55
Rock Island Tailrace CHN,3,G726024B8,2026-05-10 16:25:41,2026-05-12 15:36:00,Hanford,1,2026-05-16 21:11:42
Rock Island Tailrace CHN,3,G726076DF,2026-05-07 16:32:07,2026-05-09 15:47:00,Crescent Bar,1,2026-05-10 01:56:06
Rock Island Tailrace CHN,3,G726076DF,2026-05-07 16:32:07,2026-05-09 15:47:00,Sunland,1,2026-05-10 13:15:23
Rock Island Tailrace CHN,3,G726076DF,2026-05-07 16:32:07,2026-05-09 15:47:00,Wanapum BRZ,1,2026-05-12 15:40:44
Rock Island Tailrace CHN,3,G726076DF,2026-05-07 16:32:07,2026-05-09 15:47:00,Mattawa,1,2026-05-12 20:02:37
Rock Island Tailrace CHN,3,G726076DF,2026-05-07 16:32:07,2026-05-09 15:47:00,Priest BRZ,1,2026-05-13 09:39:06
Rock Island Tailrace CHN,3,G726076DF,2026-05-07 16:32:07,2026-05-09 15:47:00,Lower Ringold,1,2026-05-14 17:37:59
Rock Island Tailrace CHN,3,G726076DF,2026-05-07 16:32:07,2026-05-09 15:47:00,Hanford,1,2026-05-14 21:28:02
Rock Island Tailrace CHN,3,G72619293,2026-05-07 16:24:41,2026-05-09 15:47:00,Crescent Bar,1,2026-05-09 22:01:34
Rock Island Tailrace CHN,3,G72619293,2026-05-07 16:24:41,2026-05-09 15:47:00,Sunland,1,2026-05-11 09:44:02
Rock Island Tailrace CHN,3,G72619293,2026-05-07 16:24:41,2026-05-09 15:47:00,Wanapum BRZ,1,2026-05-13 03:57:31
Rock Island Tailrace CHN,3,G72619293,2026-05-07 16:24:41,2026-05-09 15:47:00,Mattawa,1,2026-05-13 07:52:33
Rock Island Tailrace CHN,3,G72619293,2026-05-07 16:24:41,2026-05-09 15:47:00,Priest BRZ,1,2026-05-14 10:05:31
Rock Island Tailrace CHN,3,G72619293,2026-05-07 16:24:41,2026-05-09 15:47:00,Lower Ringold,1,2026-05-18 17:06:01
Rock Island Tailrace CHN,3,G72619293,2026-05-07 16:24:41,2026-05-09 15:47:00,Hanford,1,2026-05-18 20:56:27
Rock Island Tailrace CHN,3,G726210F6,2026-05-09 16:40:04,2026-05-11 15:52:00,Crescent Bar,1,2026-05-12 06:09:54
Rock Island Tailrace CHN,3,G726210F6,2026-05-09 16:40:04,2026-05-11 15:52:00,Sunland,1,2026-05-12 20:37:27
Rock Island Tailrace CHN,3,G726210F6,2026-05-09 16:40:04,2026-05-11 15:52:00,Wanapum BRZ,1,2026-05-14 00:53:45
Rock Island Tailrace CHN,3,G726210F6,2026-05-09 16:40:04,2026-05-11 15:52:00,Mattawa,1,2026-05-14 05:56:16
Rock Island Tailrace CHN,3,G726210F6,2026-05-09 16:40:04,2026-05-11 15:52:00,Priest BRZ,1,2026-05-15 03:49:31
Rock Island Tailrace CHN,3,G726210F6,2026-05-09 16:40:04,2026-05-11 15:52:00,Lower Ringold,1,2026-05-17 07:43:39
Rock Island Tailrace CHN,3,G726210F6,2026-05-09 16:40:04,2026-05-11 15:52:00,Hanford,1,2026-05-17 10:42:54
Rock Island Tailrace CHN,3,G72628A99,2026-05-14 16:25:03,2026-05-16 15:36:00,Crescent Bar,1,2026-05-17 07:07:26
Rock Island Tailrace CHN,3,G72628A99,2026-05-14 16:25:03,2026-05-16 15:36:00,Sunland,1,2026-05-17 16:30:52
Rock Island Tailrace CHN,3,G72628A99,2026-05-14 16:25:03,2026-05-16 15:36:00,Wanapum BRZ,1,2026-05-18 22:41:13
Rock Island Tailrace CHN,3,G72628A99,2026-05-14 16:25:03,2026-05-16 15:36:00,Mattawa,0,
Rock Island Tailrace CHN,3,G72628A99,2026-05-14 16:25:03,2026-05-16 15:36:00,Priest BRZ,0,
Rock Island Tailrace CHN,3,G72628A99,2026-05-14 16:25:03,2026-05-16 15:36:00,Lower Ringold,0,
Rock Island Tailrace CHN,3,G72628A99,2026-05-14 16:25:03,2026-05-16 15:36:00,Hanford,0,
Rock Island Tailrace CHN,1,G72634255,2026-05-11 16:11:43,2026-05-14 15:44:00,Crescent Bar,1,2026-05-15 08:03:52
Rock Island Tailrace CHN,1,G72634255,2026-05-11 16:11:43,2026-05-14 15:44:00,Sunland,1,2026-05-17 07:21:03
Rock Island Tailrace CHN,1,G72634255,2026-05-11 16:11:43,2026-05-14 15:44:00,Wanapum BRZ,1,2026-05-18 11:30:57
Rock Island Tailrace CHN,1,G72634255,2026-05-11 16:11:43,2026-05-14 15:44:00,Mattawa,1,2026-05-18 14:03:51
Rock Island Tailrace CHN,1,G72634255,2026-05-11 16:11:43,2026-05-14 15:44:00,Priest BRZ,1,2026-05-18 23:11:07
Rock Island Tailrace CHN,1,G72634255,2026-05-11 16:11:43,2026-05-14 15:44:00,Lower Ringold,1,2026-05-19 16:18:23
Rock Island Tailrace CHN,1,G72634255,2026-05-11 16:11:43,2026-05-14 15:44:00,Hanford,1,2026-05-20 06:21:57
Rock Island Tailrace CHN,1,G726389BF,2026-05-11 16:32:58,2026-05-14 15:44:00,Crescent Bar,1,2026-05-14 21:45:27
Rock Island Tailrace CHN,1,G726389BF,2026-05-11 16:32:58,2026-05-14 15:44:00,Sunland,0,
Rock Island Tailrace CHN,1,G726389BF,2026-05-11 16:32:58,2026-05-14 15:44:00,Wanapum BRZ,0,
Rock Island Tailrace CHN,1,G726389BF,2026-05-11 16:32:58,2026-05-14 15:44:00,Mattawa,0,
Rock Island Tailrace CHN,1,G726389BF,2026-05-11 16:32:58,2026-05-14 15:44:00,Priest BRZ,0,
Rock Island Tailrace CHN,1,G726389BF,2026-05-11 16:32:58,2026-05-14 15:44:00,Lower Ringold,0,
Rock Island Tailrace CHN,1,G726389BF,2026-05-11 16:32:58,2026-05-14 15:44:00,Hanford,0,
Rock Island Tailrace CHN,1,G72643B5F,2026-05-07 16:40:14,2026-05-09 15:47:00,Crescent Bar,1,2026-05-09 22:45:28
Rock Island Tailrace CHN,1,G72643B5F,2026-05-07 16:40:14,2026-05-09 15:47:00,Sunland,1,2026-05-10 09:22:47
Rock Island Tailrace CHN,1,G72643B5F,2026-05-07 16:40:14,2026-05-09 15:47:00,Wanapum BRZ,1,2026-05-11 19:29:31
Rock Island Tailrace CHN,1,G72643B5F,2026-05-07 16:40:14,2026-05-09 15:47:00,Mattawa,1,2026-05-18 08:22:57
Rock Island Tailrace CHN,1,G72643B5F,2026-05-07 16:40:14,2026-05-09 15:47:00,Priest BRZ,1,2026-05-18 18:19:00
Rock Island Tailrace CHN,1,G72643B5F,2026-05-07 16:40:14,2026-05-09 15:47:00,Lower Ringold,1,2026-05-20 03:39:57
Rock Island Tailrace CHN,1,G72643B5F,2026-05-07 16:40:14,2026-05-09 15:47:00,Hanford,1,2026-05-20 06:45:25
Rock Island Tailrace CHN,1,G72645F5B,2026-05-08 16:24:08,2026-05-10 15:37:00,Crescent Bar,1,2026-05-11 00:35:21
Rock Island Tailrace CHN,1,G72645F5B,2026-05-08 16:24:08,2026-05-10 15:37:00,Sunland,1,2026-05-11 13:15:57
Rock Island Tailrace CHN,1,G72645F5B,2026-05-08 16:24:08,2026-05-10 15:37:00,Wanapum BRZ,1,2026-05-14 13:28:27
Rock Island Tailrace CHN,1,G72645F5B,2026-05-08 16:24:08,2026-05-10 15:37:00,Mattawa,1,2026-05-15 06:38:49
Rock Island Tailrace CHN,1,G72645F5B,2026-05-08 16:24:08,2026-05-10 15:37:00,Priest BRZ,1,2026-05-15 21:10:20
Rock Island Tailrace CHN,1,G72645F5B,2026-05-08 16:24:08,2026-05-10 15:37:00,Lower Ringold,1,2026-05-16 09:36:15
Rock Island Tailrace CHN,1,G72645F5B,2026-05-08 16:24:08,2026-05-10 15:37:00,Hanford,1,2026-05-16 13:18:49
Rock Island Tailrace CHN,1,G72654422,2026-05-06 17:26:17,2026-05-09 15:47:00,Crescent Bar,1,2026-05-09 21:36:36
Rock Island Tailrace CHN,1,G72654422,2026-05-06 17:26:17,2026-05-09 15:47:00,Sunland,1,2026-05-10 07:44:00
Rock Island Tailrace CHN,1,G72654422,2026-05-06 17:26:17,2026-05-09 15:47:00,Wanapum BRZ,1,2026-05-11 14:12:05
Rock Island Tailrace CHN,1,G72654422,2026-05-06 17:26:17,2026-05-09 15:47:00,Mattawa,1,2026-05-12 01:19:06
Rock Island Tailrace CHN,1,G72654422,2026-05-06 17:26:17,2026-05-09 15:47:00,Priest BRZ,1,2026-05-13 06:06:14
Rock Island Tailrace CHN,1,G72654422,2026-05-06 17:26:17,2026-05-09 15:47:00,Lower Ringold,1,2026-05-13 20:20:30
Rock Island Tailrace CHN,1,G72654422,2026-05-06 17:26:17,2026-05-09 15:47:00,Hanford,1,2026-05-14 00:47:47
Rock Island Tailrace CHN,3,G7268A29F,2026-05-12 16:31:07,2026-05-15 16:06:00,Crescent Bar,1,2026-05-16 03:43:14
Rock Island Tailrace CHN,3,G7268A29F,2026-05-12 16:31:07,2026-05-15 16:06:00,Sunland,1,2026-05-17 10:44:44
Rock Island Tailrace CHN,3,G7268A29F,2026-05-12 16:31:07,2026-05-15 16:06:00,Wanapum BRZ,1,2026-05-19 13:12:57
Rock Island Tailrace CHN,3,G7268A29F,2026-05-12 16:31:07,2026-05-15 16:06:00,Mattawa,1,2026-05-19 16:27:19
Rock Island Tailrace CHN,3,G7268A29F,2026-05-12 16:31:07,2026-05-15 16:06:00,Priest BRZ,1,2026-05-20 08:34:41
Rock Island Tailrace CHN,3,G7268A29F,2026-05-12 16:31:07,2026-05-15 16:06:00,Lower Ringold,0,
Rock Island Tailrace CHN,3,G7268A29F,2026-05-12 16:31:07,2026-05-15 16:06:00,Hanford,0,
Rock Island Tailrace CHN,3,G72692135,2026-05-06 17:23:46,2026-05-09 15:47:00,Crescent Bar,1,2026-05-09 21:22:17
Rock Island Tailrace CHN,3,G72692135,2026-05-06 17:23:46,2026-05-09 15:47:00,Sunland,1,2026-05-10 04:06:20
Rock Island Tailrace CHN,3,G72692135,2026-05-06 17:23:46,2026-05-09 15:47:00,Wanapum BRZ,1,2026-05-11 01:35:04
Rock Island Tailrace CHN,3,G72692135,2026-05-06 17:23:46,2026-05-09 15:47:00,Mattawa,1,2026-05-11 06:30:51
Rock Island Tailrace CHN,3,G72692135,2026-05-06 17:23:46,2026-05-09 15:47:00,Priest BRZ,1,2026-05-11 12:06:14
Rock Island Tailrace CHN,3,G72692135,2026-05-06 17:23:46,2026-05-09 15:47:00,Lower Ringold,1,2026-05-12 21:41:51
Rock Island Tailrace CHN,3,G72692135,2026-05-06 17:23:46,2026-05-09 15:47:00,Hanford,1,2026-05-13 00:39:38
Rock Island Tailrace CHN,2,G7269B6A7,2026-05-14 16:32:07,2026-05-16 15:36:00,Crescent Bar,1,2026-05-17 07:53:04
Rock Island Tailrace CHN,2,G7269B6A7,2026-05-14 16:32:07,2026-05-16 15:36:00,Sunland,1,2026-05-17 19:54:00
Rock Island Tailrace CHN,2,G7269B6A7,2026-05-14 16:32:07,2026-05-16 15:36:00,Wanapum BRZ,1,2026-05-18 12:24:11
Rock Island Tailrace CHN,2,G7269B6A7,2026-05-14 16:32:07,2026-05-16 15:36:00,Mattawa,1,2026-05-20 06:20:00
Rock Island Tailrace CHN,2,G7269B6A7,2026-05-14 16:32:07,2026-05-16 15:36:00,Priest BRZ,1,2026-05-20 12:00:33
Rock Island Tailrace CHN,2,G7269B6A7,2026-05-14 16:32:07,2026-05-16 15:36:00,Lower Ringold,1,2026-05-21 05:39:06
Rock Island Tailrace CHN,2,G7269B6A7,2026-05-14 16:32:07,2026-05-16 15:36:00,Hanford,1,2026-05-21 09:16:44
Rock Island Tailrace CHN,2,G726A1FC1,2026-05-11 16:17:25,2026-05-14 15:44:00,Crescent Bar,1,2026-05-20 19:28:17
Rock Island Tailrace CHN,2,G726A1FC1,2026-05-11 16:17:25,2026-05-14 15:44:00,Sunland,1,2026-05-21 03:34:06
Rock Island Tailrace CHN,2,G726A1FC1,2026-05-11 16:17:25,2026-05-14 15:44:00,Wanapum BRZ,1,2026-05-22 00:43:29
Rock Island Tailrace CHN,2,G726A1FC1,2026-05-11 16:17:25,2026-05-14 15:44:00,Mattawa,1,2026-05-22 04:01:46
Rock Island Tailrace CHN,2,G726A1FC1,2026-05-11 16:17:25,2026-05-14 15:44:00,Priest BRZ,1,2026-05-22 13:39:58
Rock Island Tailrace CHN,2,G726A1FC1,2026-05-11 16:17:25,2026-05-14 15:44:00,Lower Ringold,1,2026-05-23 04:19:11
Rock Island Tailrace CHN,2,G726A1FC1,2026-05-11 16:17:25,2026-05-14 15:44:00,Hanford,1,2026-05-23 07:58:37
Rock Island Tailrace CHN,2,G726B3067,2026-05-09 16:17:21,2026-05-11 15:52:00,Crescent Bar,1,2026-05-12 04:31:38
Rock Island Tailrace CHN,2,G726B3067,2026-05-09 16:17:21,2026-05-11 15:52:00,Sunland,1,2026-05-13 04:50:38
Rock Island Tailrace CHN,2,G726B3067,2026-05-09 16:17:21,2026-05-11 15:52:00,Wanapum BRZ,1,2026-05-14 14:36:12
Rock Island Tailrace CHN,2,G726B3067,2026-05-09 16:17:21,2026-05-11 15:52:00,Mattawa,1,2026-05-14 17:44:21
Rock Island Tailrace CHN,2,G726B3067,2026-05-09 16:17:21,2026-05-11 15:52:00,Priest BRZ,1,2026-05-15 00:56:45
Rock Island Tailrace CHN,2,G726B3067,2026-05-09 16:17:21,2026-05-11 15:52:00,Lower Ringold,1,2026-05-15 11:27:34
Rock Island Tailrace CHN,2,G726B3067,2026-05-09 16:17:21,2026-05-11 15:52:00,Hanford,1,2026-05-15 21:06:39
Rock Island Tailrace CHN,3,G726B8A2B,2026-05-10 15:47:05,2026-05-12 15:36:00,Crescent Bar,1,2026-05-12 22:10:23
Rock Island Tailrace CHN,3,G726B8A2B,2026-05-10 15:47:05,2026-05-12 15:36:00,Sunland,1,2026-05-13 11:37:27
Rock Island Tailrace CHN,3,G726B8A2B,2026-05-10 15:47:05,2026-05-12 15:36:00,Wanapum BRZ,0,
Rock Island Tailrace CHN,3,G726B8A2B,2026-05-10 15:47:05,2026-05-12 15:36:00,Mattawa,0,
Rock Island Tailrace CHN,3,G726B8A2B,2026-05-10 15:47:05,2026-05-12 15:36:00,Priest BRZ,0,
Rock Island Tailrace CHN,3,G726B8A2B,2026-05-10 15:47:05,2026-05-12 15:36:00,Lower Ringold,0,
Rock Island Tailrace CHN,3,G726B8A2B,2026-05-10 15:47:05,2026-05-12 15:36:00,Hanford,0,
Rock Island Tailrace CHN,2,G726C21CA,2026-05-12 16:15:28,2026-05-15 16:06:00,Crescent Bar,1,2026-05-16 15:36:56
Rock Island Tailrace CHN,2,G726C21CA,2026-05-12 16:15:28,2026-05-15 16:06:00,Sunland,1,2026-05-17 14:52:39
Rock Island Tailrace CHN,2,G726C21CA,2026-05-12 16:15:28,2026-05-15 16:06:00,Wanapum BRZ,1,2026-05-19 13:44:46
Rock Island Tailrace CHN,2,G726C21CA,2026-05-12 16:15:28,2026-05-15 16:06:00,Mattawa,1,2026-05-19 17:56:26
Rock Island Tailrace CHN,2,G726C21CA,2026-05-12 16:15:28,2026-05-15 16:06:00,Priest BRZ,1,2026-05-20 13:45:05
Rock Island Tailrace CHN,2,G726C21CA,2026-05-12 16:15:28,2026-05-15 16:06:00,Lower Ringold,1,2026-05-28 09:09:37
Rock Island Tailrace CHN,2,G726C21CA,2026-05-12 16:15:28,2026-05-15 16:06:00,Hanford,1,2026-05-28 11:53:19
Rock Island Tailrace CHN,2,G726DA601,2026-05-11 16:25:50,2026-05-14 15:44:00,Crescent Bar,1,2026-05-18 06:42:50
Rock Island Tailrace CHN,2,G726DA601,2026-05-11 16:25:50,2026-05-14 15:44:00,Sunland,1,2026-05-18 20:11:47
Rock Island Tailrace CHN,2,G726DA601,2026-05-11 16:25:50,2026-05-14 15:44:00,Wanapum BRZ,1,2026-05-19 15:51:21
Rock Island Tailrace CHN,2,G726DA601,2026-05-11 16:25:50,2026-05-14 15:44:00,Mattawa,1,2026-05-19 22:15:58
Rock Island Tailrace CHN,2,G726DA601,2026-05-11 16:25:50,2026-05-14 15:44:00,Priest BRZ,1,2026-05-20 10:55:06
Rock Island Tailrace CHN,2,G726DA601,2026-05-11 16:25:50,2026-05-14 15:44:00,Lower Ringold,1,2026-05-21 16:02:52
Rock Island Tailrace CHN,2,G726DA601,2026-05-11 16:25:50,2026-05-14 15:44:00,Hanford,1,2026-05-21 19:21:29
Rock Island Tailrace CHN,2,G726E8677,2026-05-14 16:28:06,2026-05-16 15:36:00,Crescent Bar,1,2026-05-17 06:32:07
Rock Island Tailrace CHN,2,G726E8677,2026-05-14 16:28:06,2026-05-16 15:36:00,Sunland,1,2026-05-17 13:38:59
Rock Island Tailrace CHN,2,G726E8677,2026-05-14 16:28:06,2026-05-16 15:36:00,Wanapum BRZ,1,2026-05-18 10:22:20
Rock Island Tailrace CHN,2,G726E8677,2026-05-14 16:28:06,2026-05-16 15:36:00,Mattawa,1,2026-05-18 14:22:30
Rock Island Tailrace CHN,2,G726E8677,2026-05-14 16:28:06,2026-05-16 15:36:00,Priest BRZ,1,2026-05-19 07:47:27
Rock Island Tailrace CHN,2,G726E8677,2026-05-14 16:28:06,2026-05-16 15:36:00,Lower Ringold,1,2026-05-19 21:36:46
Rock Island Tailrace CHN,2,G726E8677,2026-05-14 16:28:06,2026-05-16 15:36:00,Hanford,1,2026-05-20 03:56:36
Rock Island Tailrace CHN,2,G726EAD74,2026-05-14 17:19:33,2026-05-16 15:36:00,Crescent Bar,1,2026-05-17 06:59:16
Rock Island Tailrace CHN,2,G726EAD74,2026-05-14 17:19:33,2026-05-16 15:36:00,Sunland,1,2026-05-18 05:44:49
Rock Island Tailrace CHN,2,G726EAD74,2026-05-14 17:19:33,2026-05-16 15:36:00,Wanapum BRZ,1,2026-05-19 19:13:28
Rock Island Tailrace CHN,2,G726EAD74,2026-05-14 17:19:33,2026-05-16 15:36:00,Mattawa,1,2026-05-20 02:06:17
Rock Island Tailrace CHN,2,G726EAD74,2026-05-14 17:19:33,2026-05-16 15:36:00,Priest BRZ,1,2026-05-20 11:57:02
Rock Island Tailrace CHN,2,G726EAD74,2026-05-14 17:19:33,2026-05-16 15:36:00,Lower Ringold,1,2026-05-21 12:57:31
Rock Island Tailrace CHN,2,G726EAD74,2026-05-14 17:19:33,2026-05-16 15:36:00,Hanford,1,2026-05-21 16:17:50
Rock Island Tailrace CHN,2,G726EDD8C,2026-05-12 16:23:43,2026-05-15 16:06:00,Crescent Bar,1,2026-05-15 23:39:09
Rock Island Tailrace CHN,2,G726EDD8C,2026-05-12 16:23:43,2026-05-15 16:06:00,Sunland,1,2026-05-16 09:21:24
Rock Island Tailrace CHN,2,G726EDD8C,2026-05-12 16:23:43,2026-05-15 16:06:00,Wanapum BRZ,0,
Rock Island Tailrace CHN,2,G726EDD8C,2026-05-12 16:23:43,2026-05-15 16:06:00,Mattawa,0,
Rock Island Tailrace CHN,2,G726EDD8C,2026-05-12 16:23:43,2026-05-15 16:06:00,Priest BRZ,0,
Rock Island Tailrace CHN,2,G726EDD8C,2026-05-12 16:23:43,2026-05-15 16:06:00,Lower Ringold,0,
Rock Island Tailrace CHN,2,G726EDD8C,2026-05-12 16:23:43,2026-05-15 16:06:00,Hanford,0,
Rock Island Tailrace CHN,2,G726EDE6E,2026-05-08 16:43:33,2026-05-10 15:37:00,Crescent Bar,1,2026-05-10 21:51:27
Rock Island Tailrace CHN,2,G726EDE6E,2026-05-08 16:43:33,2026-05-10 15:37:00,Sunland,1,2026-05-11 09:39:44
Rock Island Tailrace CHN,2,G726EDE6E,2026-05-08 16:43:33,2026-05-10 15:37:00,Wanapum BRZ,1,2026-05-12 12:42:21
Rock Island Tailrace CHN,2,G726EDE6E,2026-05-08 16:43:33,2026-05-10 15:37:00,Mattawa,1,2026-05-13 07:08:12
Rock Island Tailrace CHN,2,G726EDE6E,2026-05-08 16:43:33,2026-05-10 15:37:00,Priest BRZ,1,2026-05-13 19:46:01
Rock Island Tailrace CHN,2,G726EDE6E,2026-05-08 16:43:33,2026-05-10 15:37:00,Lower Ringold,1,2026-05-14 08:55:39
Rock Island Tailrace CHN,2,G726EDE6E,2026-05-08 16:43:33,2026-05-10 15:37:00,Hanford,1,2026-05-14 11:51:44
Rock Island Tailrace CHN,2,G7270C81E,2026-05-06 17:38:00,2026-05-09 15:47:00,Crescent Bar,1,2026-05-09 22:04:11
Rock Island Tailrace CHN,2,G7270C81E,2026-05-06 17:38:00,2026-05-09 15:47:00,Sunland,1,2026-05-10 08:51:48
Rock Island Tailrace CHN,2,G7270C81E,2026-05-06 17:38:00,2026-05-09 15:47:00,Wanapum BRZ,1,2026-05-11 12:20:47
Rock Island Tailrace CHN,2,G7270C81E,2026-05-06 17:38:00,2026-05-09 15:47:00,Mattawa,1,2026-05-16 09:55:30
Rock Island Tailrace CHN,2,G7270C81E,2026-05-06 17:38:00,2026-05-09 15:47:00,Priest BRZ,1,2026-05-17 02:58:29
Rock Island Tailrace CHN,2,G7270C81E,2026-05-06 17:38:00,2026-05-09 15:47:00,Lower Ringold,1,2026-05-17 14:46:51
Rock Island Tailrace CHN,2,G7270C81E,2026-05-06 17:38:00,2026-05-09 15:47:00,Hanford,1,2026-05-17 18:39:51
Rock Island Tailrace CHN,2,G7270CF9D,2026-05-09 16:14:13,2026-05-11 15:52:00,Crescent Bar,1,2026-05-11 21:13:04
Rock Island Tailrace CHN,2,G7270CF9D,2026-05-09 16:14:13,2026-05-11 15:52:00,Sunland,1,2026-05-12 07:20:39
Rock Island Tailrace CHN,2,G7270CF9D,2026-05-09 16:14:13,2026-05-11 15:52:00,Wanapum BRZ,1,2026-05-13 07:47:05
Rock Island Tailrace CHN,2,G7270CF9D,2026-05-09 16:14:13,2026-05-11 15:52:00,Mattawa,1,2026-05-13 10:36:52
Rock Island Tailrace CHN,2,G7270CF9D,2026-05-09 16:14:13,2026-05-11 15:52:00,Priest BRZ,1,2026-05-14 17:09:09
Rock Island Tailrace CHN,2,G7270CF9D,2026-05-09 16:14:13,2026-05-11 15:52:00,Lower Ringold,1,2026-05-15 09:09:10
Rock Island Tailrace CHN,2,G7270CF9D,2026-05-09 16:14:13,2026-05-11 15:52:00,Hanford,1,2026-05-15 12:12:46
Rock Island Tailrace CHN,2,G72714717,2026-05-14 17:17:36,2026-05-16 15:36:00,Crescent Bar,1,2026-05-17 04:31:53
Rock Island Tailrace CHN,2,G72714717,2026-05-14 17:17:36,2026-05-16 15:36:00,Sunland,1,2026-05-17 14:25:02
Rock Island Tailrace CHN,2,G72714717,2026-05-14 17:17:36,2026-05-16 15:36:00,Wanapum BRZ,1,2026-05-19 01:05:42
Rock Island Tailrace CHN,2,G72714717,2026-05-14 17:17:36,2026-05-16 15:36:00,Mattawa,1,2026-05-19 07:17:36
Rock Island Tailrace CHN,2,G72714717,2026-05-14 17:17:36,2026-05-16 15:36:00,Priest BRZ,1,2026-05-20 07:38:19
Rock Island Tailrace CHN,2,G72714717,2026-05-14 17:17:36,2026-05-16 15:36:00,Lower Ringold,1,2026-05-20 17:58:27
Rock Island Tailrace CHN,2,G72714717,2026-05-14 17:17:36,2026-05-16 15:36:00,Hanford,1,2026-05-20 21:25:43
Rock Island Tailrace CHN,1,G72718B7E,2026-05-08 16:36:09,2026-05-10 15:37:00,Crescent Bar,1,2026-05-11 08:39:26
Rock Island Tailrace CHN,1,G72718B7E,2026-05-08 16:36:09,2026-05-10 15:37:00,Sunland,1,2026-05-12 07:29:28
Rock Island Tailrace CHN,1,G72718B7E,2026-05-08 16:36:09,2026-05-10 15:37:00,Wanapum BRZ,1,2026-05-14 13:22:29
Rock Island Tailrace CHN,1,G72718B7E,2026-05-08 16:36:09,2026-05-10 15:37:00,Mattawa,1,2026-05-14 18:38:58
Rock Island Tailrace CHN,1,G72718B7E,2026-05-08 16:36:09,2026-05-10 15:37:00,Priest BRZ,1,2026-05-15 10:33:50
Rock Island Tailrace CHN,1,G72718B7E,2026-05-08 16:36:09,2026-05-10 15:37:00,Lower Ringold,1,2026-05-17 04:23:39
Rock Island Tailrace CHN,1,G72718B7E,2026-05-08 16:36:09,2026-05-10 15:37:00,Hanford,1,2026-05-17 07:51:31
Rock Island Tailrace CHN,1,G7272BEAA,2026-05-09 16:12:53,2026-05-11 15:52:00,Crescent Bar,1,2026-05-13 10:46:52
Rock Island Tailrace CHN,1,G7272BEAA,2026-05-09 16:12:53,2026-05-11 15:52:00,Sunland,1,2026-05-14 14:36:32
Rock Island Tailrace CHN,1,G7272BEAA,2026-05-09 16:12:53,2026-05-11 15:52:00,Wanapum BRZ,1,2026-05-15 22:17:43
Rock Island Tailrace CHN,1,G7272BEAA,2026-05-09 16:12:53,2026-05-11 15:52:00,Mattawa,1,2026-05-16 08:40:30
Rock Island Tailrace CHN,1,G7272BEAA,2026-05-09 16:12:53,2026-05-11 15:52:00,Priest BRZ,1,2026-05-18 00:04:25
Rock Island Tailrace CHN,1,G7272BEAA,2026-05-09 16:12:53,2026-05-11 15:52:00,Lower Ringold,1,2026-05-20 18:40:22
Rock Island Tailrace CHN,1,G7272BEAA,2026-05-09 16:12:53,2026-05-11 15:52:00,Hanford,1,2026-05-20 22:35:41
Rock Island Tailrace CHN,1,G7272C04D,2026-05-11 16:15:31,2026-05-14 15:44:00,Crescent Bar,1,2026-05-15 23:53:34
Rock Island Tailrace CHN,1,G7272C04D,2026-05-11 16:15:31,2026-05-14 15:44:00,Sunland,1,2026-05-16 10:08:47
Rock Island Tailrace CHN,1,G7272C04D,2026-05-11 16:15:31,2026-05-14 15:44:00,Wanapum BRZ,1,2026-05-17 06:37:31
Rock Island Tailrace CHN,1,G7272C04D,2026-05-11 16:15:31,2026-05-14 15:44:00,Mattawa,1,2026-05-17 11:39:19
Rock Island Tailrace CHN,1,G7272C04D,2026-05-11 16:15:31,2026-05-14 15:44:00,Priest BRZ,1,2026-05-18 12:45:35
Rock Island Tailrace CHN,1,G7272C04D,2026-05-11 16:15:31,2026-05-14 15:44:00,Lower Ringold,1,2026-05-19 20:25:52
Rock Island Tailrace CHN,1,G7272C04D,2026-05-11 16:15:31,2026-05-14 15:44:00,Hanford,1,2026-05-19 23:27:33
Rock Island Tailrace CHN,1,G72737FFA,2026-05-11 16:25:19,2026-05-14 15:44:00,Crescent Bar,1,2026-05-15 01:00:22
Rock Island Tailrace CHN,1,G72737FFA,2026-05-11 16:25:19,2026-05-14 15:44:00,Sunland,1,2026-05-16 06:30:52
Rock Island Tailrace CHN,1,G72737FFA,2026-05-11 16:25:19,2026-05-14 15:44:00,Wanapum BRZ,1,2026-05-17 17:06:40
Rock Island Tailrace CHN,1,G72737FFA,2026-05-11 16:25:19,2026-05-14 15:44:00,Mattawa,1,2026-05-18 00:06:52
Rock Island Tailrace CHN,1,G72737FFA,2026-05-11 16:25:19,2026-05-14 15:44:00,Priest BRZ,1,2026-05-18 11:22:32
Rock Island Tailrace CHN,1,G72737FFA,2026-05-11 16:25:19,2026-05-14 15:44:00,Lower Ringold,1,2026-05-19 01:53:24
Rock Island Tailrace CHN,1,G72737FFA,2026-05-11 16:25:19,2026-05-14 15:44:00,Hanford,1,2026-05-19 05:20:20
Rock Island Tailrace CHN,1,G7276C549,2026-05-06 17:30:11,2026-05-09 15:47:00,Crescent Bar,1,2026-05-09 22:23:02
Rock Island Tailrace CHN,1,G7276C549,2026-05-06 17:30:11,2026-05-09 15:47:00,Sunland,1,2026-05-10 07:53:48
Rock Island Tailrace CHN,1,G7276C549,2026-05-06 17:30:11,2026-05-09 15:47:00,Wanapum BRZ,1,2026-05-11 14:14:26
Rock Island Tailrace CHN,1,G7276C549,2026-05-06 17:30:11,2026-05-09 15:47:00,Mattawa,1,2026-05-13 12:20:06
Rock Island Tailrace CHN,1,G7276C549,2026-05-06 17:30:11,2026-05-09 15:47:00,Priest BRZ,1,2026-05-14 02:55:59
Rock Island Tailrace CHN,1,G7276C549,2026-05-06 17:30:11,2026-05-09 15:47:00,Lower Ringold,1,2026-05-17 06:35:06
Rock Island Tailrace CHN,1,G7276C549,2026-05-06 17:30:11,2026-05-09 15:47:00,Hanford,1,2026-05-17 09:40:22
Rock Island Tailrace CHN,1,G7276ECF6,2026-05-11 16:17:00,2026-05-14 15:44:00,Crescent Bar,1,2026-05-15 07:10:49
Rock Island Tailrace CHN,1,G7276ECF6,2026-05-11 16:17:00,2026-05-14 15:44:00,Sunland,1,2026-05-15 19:38:09
Rock Island Tailrace CHN,1,G7276ECF6,2026-05-11 16:17:00,2026-05-14 15:44:00,Wanapum BRZ,1,2026-05-16 12:57:26
Rock Island Tailrace CHN,1,G7276ECF6,2026-05-11 16:17:00,2026-05-14 15:44:00,Mattawa,1,2026-05-16 18:30:03
Rock Island Tailrace CHN,1,G7276ECF6,2026-05-11 16:17:00,2026-05-14 15:44:00,Priest BRZ,1,2026-05-17 08:53:59
Rock Island Tailrace CHN,1,G7276ECF6,2026-05-11 16:17:00,2026-05-14 15:44:00,Lower Ringold,1,2026-05-17 23:14:20
Rock Island Tailrace CHN,1,G7276ECF6,2026-05-11 16:17:00,2026-05-14 15:44:00,Hanford,1,2026-05-18 02:54:05
Rock Island Tailrace CHN,1,G7276FED7,2026-05-07 16:19:42,2026-05-09 15:47:00,Crescent Bar,1,2026-05-09 21:46:21
Rock Island Tailrace CHN,1,G7276FED7,2026-05-07 16:19:42,2026-05-09 15:47:00,Sunland,1,2026-05-10 08:10:20
Rock Island Tailrace CHN,1,G7276FED7,2026-05-07 16:19:42,2026-05-09 15:47:00,Wanapum BRZ,1,2026-05-11 19:05:11
Rock Island Tailrace CHN,1,G7276FED7,2026-05-07 16:19:42,2026-05-09 15:47:00,Mattawa,1,2026-05-12 05:00:07
Rock Island Tailrace CHN,1,G7276FED7,2026-05-07 16:19:42,2026-05-09 15:47:00,Priest BRZ,1,2026-05-14 02:29:07
Rock Island Tailrace CHN,1,G7276FED7,2026-05-07 16:19:42,2026-05-09 15:47:00,Lower Ringold,1,2026-05-14 13:30:52
Rock Island Tailrace CHN,1,G7276FED7,2026-05-07 16:19:42,2026-05-09 15:47:00,Hanford,1,2026-05-14 17:33:29
Rock Island Tailrace CHN,2,G72790C07,2026-05-10 15:44:19,2026-05-12 15:36:00,Crescent Bar,1,2026-05-13 01:12:58
Rock Island Tailrace CHN,2,G72790C07,2026-05-10 15:44:19,2026-05-12 15:36:00,Sunland,1,2026-05-13 10:58:47
Rock Island Tailrace CHN,2,G72790C07,2026-05-10 15:44:19,2026-05-12 15:36:00,Wanapum BRZ,1,2026-05-14 20:36:38
Rock Island Tailrace CHN,2,G72790C07,2026-05-10 15:44:19,2026-05-12 15:36:00,Mattawa,1,2026-05-15 01:15:06
Rock Island Tailrace CHN,2,G72790C07,2026-05-10 15:44:19,2026-05-12 15:36:00,Priest BRZ,1,2026-05-15 12:31:35
Rock Island Tailrace CHN,2,G72790C07,2026-05-10 15:44:19,2026-05-12 15:36:00,Lower Ringold,1,2026-05-16 16:57:14
Rock Island Tailrace CHN,2,G72790C07,2026-05-10 15:44:19,2026-05-12 15:36:00,Hanford,1,2026-05-16 20:57:39
Rock Island Tailrace CHN,1,G72793DE7,2026-05-11 16:15:07,2026-05-14 15:44:00,Crescent Bar,1,2026-05-15 06:19:41
Rock Island Tailrace CHN,1,G72793DE7,2026-05-11 16:15:07,2026-05-14 15:44:00,Sunland,1,2026-05-16 09:04:42
Rock Island Tailrace CHN,1,G72793DE7,2026-05-11 16:15:07,2026-05-14 15:44:00,Wanapum BRZ,1,2026-05-17 08:36:27
Rock Island Tailrace CHN,1,G72793DE7,2026-05-11 16:15:07,2026-05-14 15:44:00,Mattawa,1,2026-05-17 11:24:47
Rock Island Tailrace CHN,1,G72793DE7,2026-05-11 16:15:07,2026-05-14 15:44:00,Priest BRZ,1,2026-05-18 09:43:35
Rock Island Tailrace CHN,1,G72793DE7,2026-05-11 16:15:07,2026-05-14 15:44:00,Lower Ringold,1,2026-05-19 05:30:01
Rock Island Tailrace CHN,1,G72793DE7,2026-05-11 16:15:07,2026-05-14 15:44:00,Hanford,1,2026-05-19 08:32:08
Rock Island Tailrace CHN,2,G7279D1AD,2026-05-06 17:28:16,2026-05-09 15:47:00,Crescent Bar,1,2026-05-09 22:53:33
Rock Island Tailrace CHN,2,G7279D1AD,2026-05-06 17:28:16,2026-05-09 15:47:00,Sunland,1,2026-05-10 08:20:59
Rock Island Tailrace CHN,2,G7279D1AD,2026-05-06 17:28:16,2026-05-09 15:47:00,Wanapum BRZ,1,2026-05-12 03:12:12
Rock Island Tailrace CHN,2,G7279D1AD,2026-05-06 17:28:16,2026-05-09 15:47:00,Mattawa,1,2026-05-12 07:49:23
Rock Island Tailrace CHN,2,G7279D1AD,2026-05-06 17:28:16,2026-05-09 15:47:00,Priest BRZ,1,2026-05-12 20:13:24
Rock Island Tailrace CHN,2,G7279D1AD,2026-05-06 17:28:16,2026-05-09 15:47:00,Lower Ringold,1,2026-05-13 12:50:17
Rock Island Tailrace CHN,2,G7279D1AD,2026-05-06 17:28:16,2026-05-09 15:47:00,Hanford,1,2026-05-13 17:17:14
Rock Island Tailrace CHN,2,G7279D62E,2026-05-11 16:35:23,2026-05-14 15:44:00,Crescent Bar,1,2026-05-14 23:13:27
Rock Island Tailrace CHN,2,G7279D62E,2026-05-11 16:35:23,2026-05-14 15:44:00,Sunland,1,2026-05-15 20:14:59
Rock Island Tailrace CHN,2,G7279D62E,2026-05-11 16:35:23,2026-05-14 15:44:00,Wanapum BRZ,1,2026-05-16 19:38:29
Rock Island Tailrace CHN,2,G7279D62E,2026-05-11 16:35:23,2026-05-14 15:44:00,Mattawa,1,2026-05-17 09:10:50
Rock Island Tailrace CHN,2,G7279D62E,2026-05-11 16:35:23,2026-05-14 15:44:00,Priest BRZ,1,2026-05-17 18:21:48
Rock Island Tailrace CHN,2,G7279D62E,2026-05-11 16:35:23,2026-05-14 15:44:00,Lower Ringold,1,2026-05-18 10:50:52
Rock Island Tailrace CHN,2,G7279D62E,2026-05-11 16:35:23,2026-05-14 15:44:00,Hanford,1,2026-05-18 14:21:11
Rock Island Tailrace CHN,1,G7279DBD3,2026-05-11 16:32:25,2026-05-14 15:44:00,Crescent Bar,1,2026-05-14 23:35:44
Rock Island Tailrace CHN,1,G7279DBD3,2026-05-11 16:32:25,2026-05-14 15:44:00,Sunland,1,2026-05-16 10:01:13
Rock Island Tailrace CHN,1,G7279DBD3,2026-05-11 16:32:25,2026-05-14 15:44:00,Wanapum BRZ,1,2026-05-18 04:43:29
Rock Island Tailrace CHN,1,G7279DBD3,2026-05-11 16:32:25,2026-05-14 15:44:00,Mattawa,1,2026-05-18 08:37:58
Rock Island Tailrace CHN,1,G7279DBD3,2026-05-11 16:32:25,2026-05-14 15:44:00,Priest BRZ,1,2026-05-18 19:54:38
Rock Island Tailrace CHN,1,G7279DBD3,2026-05-11 16:32:25,2026-05-14 15:44:00,Lower Ringold,1,2026-05-19 07:42:44
Rock Island Tailrace CHN,1,G7279DBD3,2026-05-11 16:32:25,2026-05-14 15:44:00,Hanford,1,2026-05-22 07:12:05
Rock Island Tailrace CHN,2,G727A37CC,2026-05-06 17:33:53,2026-05-09 15:47:00,Crescent Bar,1,2026-05-09 21:30:56
Rock Island Tailrace CHN,2,G727A37CC,2026-05-06 17:33:53,2026-05-09 15:47:00,Sunland,1,2026-05-10 11:03:01
Rock Island Tailrace CHN,2,G727A37CC,2026-05-06 17:33:53,2026-05-09 15:47:00,Wanapum BRZ,1,2026-05-11 12:59:40
Rock Island Tailrace CHN,2,G727A37CC,2026-05-06 17:33:53,2026-05-09 15:47:00,Mattawa,0,
Rock Island Tailrace CHN,2,G727A37CC,2026-05-06 17:33:53,2026-05-09 15:47:00,Priest BRZ,0,
Rock Island Tailrace CHN,2,G727A37CC,2026-05-06 17:33:53,2026-05-09 15:47:00,Lower Ringold,0,
Rock Island Tailrace CHN,2,G727A37CC,2026-05-06 17:33:53,2026-05-09 15:47:00,Hanford,0,
Rock Island Tailrace CHN,2,G727B69CC,2026-05-07 17:08:00,2026-05-09 15:47:00,Crescent Bar,1,2026-05-10 06:04:29
Rock Island Tailrace CHN,2,G727B69CC,2026-05-07 17:08:00,2026-05-09 15:47:00,Sunland,1,2026-05-10 23:14:39
Rock Island Tailrace CHN,2,G727B69CC,2026-05-07 17:08:00,2026-05-09 15:47:00,Wanapum BRZ,0,
Rock Island Tailrace CHN,2,G727B69CC,2026-05-07 17:08:00,2026-05-09 15:47:00,Mattawa,0,
Rock Island Tailrace CHN,2,G727B69CC,2026-05-07 17:08:00,2026-05-09 15:47:00,Priest BRZ,0,
Rock Island Tailrace CHN,2,G727B69CC,2026-05-07 17:08:00,2026-05-09 15:47:00,Lower Ringold,0,
Rock Island Tailrace CHN,2,G727B69CC,2026-05-07 17:08:00,2026-05-09 15:47:00,Hanford,0,
Rock Island Tailrace CHN,2,G727C591C,2026-05-12 16:14:41,2026-05-15 16:06:00,Crescent Bar,1,2026-05-16 06:19:30
Rock Island Tailrace CHN,2,G727C591C,2026-05-12 16:14:41,2026-05-15 16:06:00,Sunland,1,2026-05-17 08:27:54
Rock Island Tailrace CHN,2,G727C591C,2026-05-12 16:14:41,2026-05-15 16:06:00,Wanapum BRZ,1,2026-05-18 18:06:24
Rock Island Tailrace CHN,2,G727C591C,2026-05-12 16:14:41,2026-05-15 16:06:00,Mattawa,1,2026-05-22 23:38:31
Rock Island Tailrace CHN,2,G727C591C,2026-05-12 16:14:41,2026-05-15 16:06:00,Priest BRZ,0,
Rock Island Tailrace CHN,2,G727C591C,2026-05-12 16:14:41,2026-05-15 16:06:00,Lower Ringold,0,
Rock Island Tailrace CHN,2,G727C591C,2026-05-12 16:14:41,2026-05-15 16:06:00,Hanford,0,
Rock Island Tailrace CHN,2,G727CA248,2026-05-06 16:35:57,2026-05-09 15:47:00,Crescent Bar,1,2026-05-09 22:27:41
Rock Island Tailrace CHN,2,G727CA248,2026-05-06 16:35:57,2026-05-09 15:47:00,Sunland,1,2026-05-11 09:13:22
Rock Island Tailrace CHN,2,G727CA248,2026-05-06 16:35:57,2026-05-09 15:47:00,Wanapum BRZ,1,2026-05-12 12:09:00
Rock Island Tailrace CHN,2,G727CA248,2026-05-06 16:35:57,2026-05-09 15:47:00,Mattawa,1,2026-05-12 19:07:53
Rock Island Tailrace CHN,2,G727CA248,2026-05-06 16:35:57,2026-05-09 15:47:00,Priest BRZ,1,2026-05-24 18:19:03
Rock Island Tailrace CHN,2,G727CA248,2026-05-06 16:35:57,2026-05-09 15:47:00,Lower Ringold,0,
Rock Island Tailrace CHN,2,G727CA248,2026-05-06 16:35:57,2026-05-09 15:47:00,Hanford,0,
Rock Island Tailrace CHN,1,G72819104,2026-05-12 16:21:10,2026-05-15 16:06:00,Crescent Bar,1,2026-05-16 05:54:11
Rock Island Tailrace CHN,1,G72819104,2026-05-12 16:21:10,2026-05-15 16:06:00,Sunland,1,2026-05-17 05:40:36
Rock Island Tailrace CHN,1,G72819104,2026-05-12 16:21:10,2026-05-15 16:06:00,Wanapum BRZ,1,2026-05-18 13:58:46
Rock Island Tailrace CHN,1,G72819104,2026-05-12 16:21:10,2026-05-15 16:06:00,Mattawa,1,2026-05-19 19:04:36
Rock Island Tailrace CHN,1,G72819104,2026-05-12 16:21:10,2026-05-15 16:06:00,Priest BRZ,1,2026-05-20 08:08:09
Rock Island Tailrace CHN,1,G72819104,2026-05-12 16:21:10,2026-05-15 16:06:00,Lower Ringold,1,2026-05-21 05:06:49
Rock Island Tailrace CHN,1,G72819104,2026-05-12 16:21:10,2026-05-15 16:06:00,Hanford,1,2026-05-21 07:53:11
Rock Island Tailrace CHN,2,G7281EFE3,2026-05-10 15:32:15,2026-05-12 15:36:00,Crescent Bar,1,2026-05-14 16:18:01
Rock Island Tailrace CHN,2,G7281EFE3,2026-05-10 15:32:15,2026-05-12 15:36:00,Sunland,1,2026-05-15 03:37:46
Rock Island Tailrace CHN,2,G7281EFE3,2026-05-10 15:32:15,2026-05-12 15:36:00,Wanapum BRZ,1,2026-05-16 13:21:33
Rock Island Tailrace CHN,2,G7281EFE3,2026-05-10 15:32:15,2026-05-12 15:36:00,Mattawa,0,
Rock Island Tailrace CHN,2,G7281EFE3,2026-05-10 15:32:15,2026-05-12 15:36:00,Priest BRZ,0,
Rock Island Tailrace CHN,2,G7281EFE3,2026-05-10 15:32:15,2026-05-12 15:36:00,Lower Ringold,0,
Rock Island Tailrace CHN,2,G7281EFE3,2026-05-10 15:32:15,2026-05-12 15:36:00,Hanford,0,
Rock Island Tailrace CHN,3,G728305E5,2026-05-07 16:41:17,2026-05-09 15:47:00,Crescent Bar,1,2026-05-10 00:49:16
Rock Island Tailrace CHN,3,G728305E5,2026-05-07 16:41:17,2026-05-09 15:47:00,Sunland,1,2026-05-10 10:49:16
Rock Island Tailrace CHN,3,G728305E5,2026-05-07 16:41:17,2026-05-09 15:47:00,Wanapum BRZ,1,2026-05-11 14:06:54
Rock Island Tailrace CHN,3,G728305E5,2026-05-07 16:41:17,2026-05-09 15:47:00,Mattawa,1,2026-05-11 19:05:03
Rock Island Tailrace CHN,3,G728305E5,2026-05-07 16:41:17,2026-05-09 15:47:00,Priest BRZ,1,2026-05-12 11:47:49
Rock Island Tailrace CHN,3,G728305E5,2026-05-07 16:41:17,2026-05-09 15:47:00,Lower Ringold,1,2026-05-13 11:53:55
Rock Island Tailrace CHN,3,G728305E5,2026-05-07 16:41:17,2026-05-09 15:47:00,Hanford,1,2026-05-13 23:42:06
Rock Island Tailrace CHN,1,G7283D70E,2026-05-08 16:23:40,2026-05-10 15:37:00,Crescent Bar,1,2026-05-11 01:17:55
Rock Island Tailrace CHN,1,G7283D70E,2026-05-08 16:23:40,2026-05-10 15:37:00,Sunland,1,2026-05-11 12:28:59
Rock Island Tailrace CHN,1,G7283D70E,2026-05-08 16:23:40,2026-05-10 15:37:00,Wanapum BRZ,1,2026-05-13 09:16:48
Rock Island Tailrace CHN,1,G7283D70E,2026-05-08 16:23:40,2026-05-10 15:37:00,Mattawa,1,2026-05-13 14:37:20
Rock Island Tailrace CHN,1,G7283D70E,2026-05-08 16:23:40,2026-05-10 15:37:00,Priest BRZ,1,2026-05-14 09:28:46
Rock Island Tailrace CHN,1,G7283D70E,2026-05-08 16:23:40,2026-05-10 15:37:00,Lower Ringold,1,2026-05-15 07:44:01
Rock Island Tailrace CHN,1,G7283D70E,2026-05-08 16:23:40,2026-05-10 15:37:00,Hanford,1,2026-05-15 10:53:23
Rock Island Tailrace CHN,1,G72856015,2026-05-06 17:28:59,2026-05-09 15:47:00,Crescent Bar,1,2026-05-09 21:12:09
Rock Island Tailrace CHN,1,G72856015,2026-05-06 17:28:59,2026-05-09 15:47:00,Sunland,1,2026-05-10 07:48:17
Rock Island Tailrace CHN,1,G72856015,2026-05-06 17:28:59,2026-05-09 15:47:00,Wanapum BRZ,1,2026-05-11 21:45:47
Rock Island Tailrace CHN,1,G72856015,2026-05-06 17:28:59,2026-05-09 15:47:00,Mattawa,1,2026-05-12 16:01:16
Rock Island Tailrace CHN,1,G72856015,2026-05-06 17:28:59,2026-05-09 15:47:00,Priest BRZ,1,2026-05-14 06:01:13
Rock Island Tailrace CHN,1,G72856015,2026-05-06 17:28:59,2026-05-09 15:47:00,Lower Ringold,1,2026-05-15 05:14:14
Rock Island Tailrace CHN,1,G72856015,2026-05-06 17:28:59,2026-05-09 15:47:00,Hanford,1,2026-05-15 08:31:12
Rock Island Tailrace CHN,1,G72857BA8,2026-05-08 16:30:56,2026-05-10 15:37:00,Crescent Bar,1,2026-05-11 01:24:28
Rock Island Tailrace CHN,1,G72857BA8,2026-05-08 16:30:56,2026-05-10 15:37:00,Sunland,1,2026-05-11 13:08:13
Rock Island Tailrace CHN,1,G72857BA8,2026-05-08 16:30:56,2026-05-10 15:37:00,Wanapum BRZ,1,2026-05-12 13:09:29
Rock Island Tailrace CHN,1,G72857BA8,2026-05-08 16:30:56,2026-05-10 15:37:00,Mattawa,1,2026-05-12 16:23:57
Rock Island Tailrace CHN,1,G72857BA8,2026-05-08 16:30:56,2026-05-10 15:37:00,Priest BRZ,1,2026-05-13 01:43:19
Rock Island Tailrace CHN,1,G72857BA8,2026-05-08 16:30:56,2026-05-10 15:37:00,Lower Ringold,0,
Rock Island Tailrace CHN,1,G72857BA8,2026-05-08 16:30:56,2026-05-10 15:37:00,Hanford,0,
Rock Island Tailrace CHN,2,G72857D75,2026-05-07 16:14:34,2026-05-09 15:47:00,Crescent Bar,1,2026-05-10 06:10:02
Rock Island Tailrace CHN,2,G72857D75,2026-05-07 16:14:34,2026-05-09 15:47:00,Sunland,1,2026-05-11 11:00:18
Rock Island Tailrace CHN,2,G72857D75,2026-05-07 16:14:34,2026-05-09 15:47:00,Wanapum BRZ,1,2026-05-13 15:15:07
Rock Island Tailrace CHN,2,G72857D75,2026-05-07 16:14:34,2026-05-09 15:47:00,Mattawa,1,2026-05-13 20:38:25
Rock Island Tailrace CHN,2,G72857D75,2026-05-07 16:14:34,2026-05-09 15:47:00,Priest BRZ,1,2026-05-15 00:50:18
Rock Island Tailrace CHN,2,G72857D75,2026-05-07 16:14:34,2026-05-09 15:47:00,Lower Ringold,1,2026-05-15 12:53:47
Rock Island Tailrace CHN,2,G72857D75,2026-05-07 16:14:34,2026-05-09 15:47:00,Hanford,1,2026-05-16 04:47:39
Rock Island Tailrace CHN,2,G7288435D,2026-05-14 17:16:49,2026-05-16 15:36:00,Crescent Bar,1,2026-05-17 11:01:58
Rock Island Tailrace CHN,2,G7288435D,2026-05-14 17:16:49,2026-05-16 15:36:00,Sunland,1,2026-05-19 00:53:31
Rock Island Tailrace CHN,2,G7288435D,2026-05-14 17:16:49,2026-05-16 15:36:00,Wanapum BRZ,1,2026-05-21 15:08:56
Rock Island Tailrace CHN,2,G7288435D,2026-05-14 17:16:49,2026-05-16 15:36:00,Mattawa,1,2026-05-21 19:09:37
Rock Island Tailrace CHN,2,G7288435D,2026-05-14 17:16:49,2026-05-16 15:36:00,Priest BRZ,1,2026-05-22 05:54:33
Rock Island Tailrace CHN,2,G7288435D,2026-05-14 17:16:49,2026-05-16 15:36:00,Lower Ringold,1,2026-05-22 17:07:37
Rock Island Tailrace CHN,2,G7288435D,2026-05-14 17:16:49,2026-05-16 15:36:00,Hanford,1,2026-05-22 20:20:38
Rock Island Tailrace CHN,2,G7288A2EA,2026-05-14 16:36:35,2026-05-16 15:36:00,Crescent Bar,1,2026-05-17 04:08:48
Rock Island Tailrace CHN,2,G7288A2EA,2026-05-14 16:36:35,2026-05-16 15:36:00,Sunland,1,2026-05-17 12:55:34
Rock Island Tailrace CHN,2,G7288A2EA,2026-05-14 16:36:35,2026-05-16 15:36:00,Wanapum BRZ,1,2026-05-18 10:10:58
Rock Island Tailrace CHN,2,G7288A2EA,2026-05-14 16:36:35,2026-05-16 15:36:00,Mattawa,1,2026-05-18 14:08:44
Rock Island Tailrace CHN,2,G7288A2EA,2026-05-14 16:36:35,2026-05-16 15:36:00,Priest BRZ,1,2026-05-20 04:28:37
Rock Island Tailrace CHN,2,G7288A2EA,2026-05-14 16:36:35,2026-05-16 15:36:00,Lower Ringold,1,2026-05-20 16:00:04
Rock Island Tailrace CHN,2,G7288A2EA,2026-05-14 16:36:35,2026-05-16 15:36:00,Hanford,1,2026-05-21 02:31:12
Rock Island Tailrace CHN,1,G7288EA6E,2026-05-10 15:36:05,2026-05-12 15:36:00,Crescent Bar,1,2026-05-13 03:44:47
Rock Island Tailrace CHN,1,G7288EA6E,2026-05-10 15:36:05,2026-05-12 15:36:00,Sunland,1,2026-05-13 14:47:20
Rock Island Tailrace CHN,1,G7288EA6E,2026-05-10 15:36:05,2026-05-12 15:36:00,Wanapum BRZ,1,2026-05-14 23:10:37
Rock Island Tailrace CHN,1,G7288EA6E,2026-05-10 15:36:05,2026-05-12 15:36:00,Mattawa,1,2026-05-15 01:56:17
Rock Island Tailrace CHN,1,G7288EA6E,2026-05-10 15:36:05,2026-05-12 15:36:00,Priest BRZ,1,2026-05-15 10:37:01
Rock Island Tailrace CHN,1,G7288EA6E,2026-05-10 15:36:05,2026-05-12 15:36:00,Lower Ringold,1,2026-05-15 22:10:16
Rock Island Tailrace CHN,1,G7288EA6E,2026-05-10 15:36:05,2026-05-12 15:36:00,Hanford,1,2026-05-16 02:17:10
Rock Island Tailrace CHN,3,G7289FE56,2026-05-09 16:37:23,2026-05-11 15:52:00,Crescent Bar,1,2026-05-11 23:20:18
Rock Island Tailrace CHN,3,G7289FE56,2026-05-09 16:37:23,2026-05-11 15:52:00,Sunland,1,2026-05-12 09:28:50
Rock Island Tailrace CHN,3,G7289FE56,2026-05-09 16:37:23,2026-05-11 15:52:00,Wanapum BRZ,1,2026-05-13 18:24:08
Rock Island Tailrace CHN,3,G7289FE56,2026-05-09 16:37:23,2026-05-11 15:52:00,Mattawa,1,2026-05-13 23:52:22
Rock Island Tailrace CHN,3,G7289FE56,2026-05-09 16:37:23,2026-05-11 15:52:00,Priest BRZ,1,2026-05-14 19:25:05
Rock Island Tailrace CHN,3,G7289FE56,2026-05-09 16:37:23,2026-05-11 15:52:00,Lower Ringold,1,2026-05-16 04:57:30
Rock Island Tailrace CHN,3,G7289FE56,2026-05-09 16:37:23,2026-05-11 15:52:00,Hanford,1,2026-05-16 07:53:13
Rock Island Tailrace CHN,3,G728A11AB,2026-05-08 16:36:42,2026-05-10 15:37:00,Crescent Bar,1,2026-05-11 05:22:31
Rock Island Tailrace CHN,3,G728A11AB,2026-05-08 16:36:42,2026-05-10 15:37:00,Sunland,1,2026-05-11 17:43:01
Rock Island Tailrace CHN,3,G728A11AB,2026-05-08 16:36:42,2026-05-10 15:37:00,Wanapum BRZ,1,2026-05-12 13:13:07
Rock Island Tailrace CHN,3,G728A11AB,2026-05-08 16:36:42,2026-05-10 15:37:00,Mattawa,1,2026-05-12 16:52:33
Rock Island Tailrace CHN,3,G728A11AB,2026-05-08 16:36:42,2026-05-10 15:37:00,Priest BRZ,1,2026-05-16 07:07:04
Rock Island Tailrace CHN,3,G728A11AB,2026-05-08 16:36:42,2026-05-10 15:37:00,Lower Ringold,1,2026-05-20 22:53:47
Rock Island Tailrace CHN,3,G728A11AB,2026-05-08 16:36:42,2026-05-10 15:37:00,Hanford,1,2026-05-21 05:34:07
Rock Island Tailrace CHN,3,G728A2115,2026-05-11 16:14:16,2026-05-14 15:44:00,Crescent Bar,1,2026-05-14 23:23:00
Rock Island Tailrace CHN,3,G728A2115,2026-05-11 16:14:16,2026-05-14 15:44:00,Sunland,1,2026-05-15 13:06:20
Rock Island Tailrace CHN,3,G728A2115,2026-05-11 16:14:16,2026-05-14 15:44:00,Wanapum BRZ,1,2026-05-17 14:52:30
Rock Island Tailrace CHN,3,G728A2115,2026-05-11 16:14:16,2026-05-14 15:44:00,Mattawa,1,2026-05-18 01:09:43
Rock Island Tailrace CHN,3,G728A2115,2026-05-11 16:14:16,2026-05-14 15:44:00,Priest BRZ,1,2026-05-18 13:07:53
Rock Island Tailrace CHN,3,G728A2115,2026-05-11 16:14:16,2026-05-14 15:44:00,Lower Ringold,1,2026-05-19 02:54:04
Rock Island Tailrace CHN,3,G728A2115,2026-05-11 16:14:16,2026-05-14 15:44:00,Hanford,1,2026-05-19 06:19:00
Rock Island Tailrace CHN,3,G728AD03F,2026-05-12 16:18:00,2026-05-15 16:06:00,Crescent Bar,1,2026-05-15 22:34:42
Rock Island Tailrace CHN,3,G728AD03F,2026-05-12 16:18:00,2026-05-15 16:06:00,Sunland,1,2026-05-16 14:25:10
Rock Island Tailrace CHN,3,G728AD03F,2026-05-12 16:18:00,2026-05-15 16:06:00,Wanapum BRZ,1,2026-05-18 13:18:40
Rock Island Tailrace CHN,3,G728AD03F,2026-05-12 16:18:00,2026-05-15 16:06:00,Mattawa,1,2026-05-18 17:34:34
Rock Island Tailrace CHN,3,G728AD03F,2026-05-12 16:18:00,2026-05-15 16:06:00,Priest BRZ,1,2026-05-19 02:08:01
Rock Island Tailrace CHN,3,G728AD03F,2026-05-12 16:18:00,2026-05-15 16:06:00,Lower Ringold,1,2026-05-19 20:05:39
Rock Island Tailrace CHN,3,G728AD03F,2026-05-12 16:18:00,2026-05-15 16:06:00,Hanford,1,2026-05-20 08:05:48
Rock Island Tailrace CHN,1,G728B3E0D,2026-05-11 16:33:36,2026-05-14 15:44:00,Crescent Bar,1,2026-05-15 07:29:39
Rock Island Tailrace CHN,1,G728B3E0D,2026-05-11 16:33:36,2026-05-14 15:44:00,Sunland,1,2026-05-16 08:27:32
Rock Island Tailrace CHN,1,G728B3E0D,2026-05-11 16:33:36,2026-05-14 15:44:00,Wanapum BRZ,1,2026-05-17 02:13:20
Rock Island Tailrace CHN,1,G728B3E0D,2026-05-11 16:33:36,2026-05-14 15:44:00,Mattawa,1,2026-05-20 12:12:30
Rock Island Tailrace CHN,1,G728B3E0D,2026-05-11 16:33:36,2026-05-14 15:44:00,Priest BRZ,0,
Rock Island Tailrace CHN,1,G728B3E0D,2026-05-11 16:33:36,2026-05-14 15:44:00,Lower Ringold,0,
Rock Island Tailrace CHN,1,G728B3E0D,2026-05-11 16:33:36,2026-05-14 15:44:00,Hanford,0,
Rock Island Tailrace CHN,2,G728B5A09,2026-05-08 16:34:31,2026-05-10 15:37:00,Crescent Bar,1,2026-05-11 03:36:00
Rock Island Tailrace CHN,2,G728B5A09,2026-05-08 16:34:31,2026-05-10 15:37:00,Sunland,1,2026-05-11 16:36:26
Rock Island Tailrace CHN,2,G728B5A09,2026-05-08 16:34:31,2026-05-10 15:37:00,Wanapum BRZ,1,2026-05-13 11:05:38
Rock Island Tailrace CHN,2,G728B5A09,2026-05-08 16:34:31,2026-05-10 15:37:00,Mattawa,1,2026-05-13 17:30:35
Rock Island Tailrace CHN,2,G728B5A09,2026-05-08 16:34:31,2026-05-10 15:37:00,Priest BRZ,1,2026-05-15 09:43:09
Rock Island Tailrace CHN,2,G728B5A09,2026-05-08 16:34:31,2026-05-10 15:37:00,Lower Ringold,1,2026-05-24 07:54:02
Rock Island Tailrace CHN,2,G728B5A09,2026-05-08 16:34:31,2026-05-10 15:37:00,Hanford,1,2026-05-24 11:54:27
Rock Island Tailrace CHN,1,G728C5147,2026-05-08 16:26:30,2026-05-10 15:37:00,Crescent Bar,1,2026-05-11 11:01:50
Rock Island Tailrace CHN,1,G728C5147,2026-05-08 16:26:30,2026-05-10 15:37:00,Sunland,1,2026-05-12 11:44:14
Rock Island Tailrace CHN,1,G728C5147,2026-05-08 16:26:30,2026-05-10 15:37:00,Wanapum BRZ,1,2026-05-14 01:40:46
Rock Island Tailrace CHN,1,G728C5147,2026-05-08 16:26:30,2026-05-10 15:37:00,Mattawa,1,2026-05-14 06:32:14
Rock Island Tailrace CHN,1,G728C5147,2026-05-08 16:26:30,2026-05-10 15:37:00,Priest BRZ,1,2026-05-15 08:21:03
Rock Island Tailrace CHN,1,G728C5147,2026-05-08 16:26:30,2026-05-10 15:37:00,Lower Ringold,1,2026-05-16 09:58:49
Rock Island Tailrace CHN,1,G728C5147,2026-05-08 16:26:30,2026-05-10 15:37:00,Hanford,1,2026-05-16 13:19:58
Rock Island Tailrace CHN,3,G728E4989,2026-05-09 16:36:23,2026-05-11 15:52:00,Crescent Bar,1,2026-05-12 00:55:08
Rock Island Tailrace CHN,3,G728E4989,2026-05-09 16:36:23,2026-05-11 15:52:00,Sunland,1,2026-05-12 11:45:33
Rock Island Tailrace CHN,3,G728E4989,2026-05-09 16:36:23,2026-05-11 15:52:00,Wanapum BRZ,1,2026-05-14 00:40:40
Rock Island Tailrace CHN,3,G728E4989,2026-05-09 16:36:23,2026-05-11 15:52:00,Mattawa,1,2026-05-14 06:15:18
Rock Island Tailrace CHN,3,G728E4989,2026-05-09 16:36:23,2026-05-11 15:52:00,Priest BRZ,1,2026-05-14 17:44:02
Rock Island Tailrace CHN,3,G728E4989,2026-05-09 16:36:23,2026-05-11 15:52:00,Lower Ringold,1,2026-05-15 10:04:24
Rock Island Tailrace CHN,3,G728E4989,2026-05-09 16:36:23,2026-05-11 15:52:00,Hanford,1,2026-05-15 13:22:55
Rock Island Tailrace CHN,3,G728E6509,2026-05-12 16:16:48,2026-05-15 16:06:00,Crescent Bar,1,2026-05-16 03:09:58
Rock Island Tailrace CHN,3,G728E6509,2026-05-12 16:16:48,2026-05-15 16:06:00,Sunland,1,2026-05-16 11:49:53
Rock Island Tailrace CHN,3,G728E6509,2026-05-12 16:16:48,2026-05-15 16:06:00,Wanapum BRZ,1,2026-05-19 18:09:27
Rock Island Tailrace CHN,3,G728E6509,2026-05-12 16:16:48,2026-05-15 16:06:00,Mattawa,1,2026-05-19 22:02:31
Rock Island Tailrace CHN,3,G728E6509,2026-05-12 16:16:48,2026-05-15 16:06:00,Priest BRZ,1,2026-05-20 10:21:56
Rock Island Tailrace CHN,3,G728E6509,2026-05-12 16:16:48,2026-05-15 16:06:00,Lower Ringold,1,2026-05-23 10:14:08
Rock Island Tailrace CHN,3,G728E6509,2026-05-12 16:16:48,2026-05-15 16:06:00,Hanford,1,2026-05-23 18:07:10
Rock Island Tailrace CHN,3,G728EF179,2026-05-14 16:26:16,2026-05-16 15:36:00,Crescent Bar,1,2026-05-17 06:26:41
Rock Island Tailrace CHN,3,G728EF179,2026-05-14 16:26:16,2026-05-16 15:36:00,Sunland,1,2026-05-18 03:16:08
Rock Island Tailrace CHN,3,G728EF179,2026-05-14 16:26:16,2026-05-16 15:36:00,Wanapum BRZ,1,2026-05-19 05:11:48
Rock Island Tailrace CHN,3,G728EF179,2026-05-14 16:26:16,2026-05-16 15:36:00,Mattawa,1,2026-05-19 08:16:38
Rock Island Tailrace CHN,3,G728EF179,2026-05-14 16:26:16,2026-05-16 15:36:00,Priest BRZ,1,2026-05-19 16:46:03
Rock Island Tailrace CHN,3,G728EF179,2026-05-14 16:26:16,2026-05-16 15:36:00,Lower Ringold,1,2026-05-20 04:58:39
Rock Island Tailrace CHN,3,G728EF179,2026-05-14 16:26:16,2026-05-16 15:36:00,Hanford,1,2026-05-20 07:52:26
Rock Island Tailrace CHN,2,G728F8F5A,2026-05-06 17:38:52,2026-05-09 15:47:00,Crescent Bar,1,2026-05-09 21:29:54
Rock Island Tailrace CHN,2,G728F8F5A,2026-05-06 17:38:52,2026-05-09 15:47:00,Sunland,1,2026-05-10 07:53:54
Rock Island Tailrace CHN,2,G728F8F5A,2026-05-06 17:38:52,2026-05-09 15:47:00,Wanapum BRZ,1,2026-05-12 03:48:28
Rock Island Tailrace CHN,2,G728F8F5A,2026-05-06 17:38:52,2026-05-09 15:47:00,Mattawa,1,2026-05-12 09:11:22
Rock Island Tailrace CHN,2,G728F8F5A,2026-05-06 17:38:52,2026-05-09 15:47:00,Priest BRZ,1,2026-05-13 00:49:58
Rock Island Tailrace CHN,2,G728F8F5A,2026-05-06 17:38:52,2026-05-09 15:47:00,Lower Ringold,1,2026-05-13 12:30:49
Rock Island Tailrace CHN,2,G728F8F5A,2026-05-06 17:38:52,2026-05-09 15:47:00,Hanford,1,2026-05-13 18:40:07
Rock Island Tailrace CHN,3,G728FD95C,2026-05-06 17:33:19,2026-05-09 15:47:00,Crescent Bar,1,2026-05-09 23:45:47
Rock Island Tailrace CHN,3,G728FD95C,2026-05-06 17:33:19,2026-05-09 15:47:00,Sunland,1,2026-05-10 10:03:38
Rock Island Tailrace CHN,3,G728FD95C,2026-05-06 17:33:19,2026-05-09 15:47:00,Wanapum BRZ,1,2026-05-11 16:23:50
Rock Island Tailrace CHN,3,G728FD95C,2026-05-06 17:33:19,2026-05-09 15:47:00,Mattawa,0,
Rock Island Tailrace CHN,3,G728FD95C,2026-05-06 17:33:19,2026-05-09 15:47:00,Priest BRZ,0,
Rock Island Tailrace CHN,3,G728FD95C,2026-05-06 17:33:19,2026-05-09 15:47:00,Lower Ringold,0,
Rock Island Tailrace CHN,3,G728FD95C,2026-05-06 17:33:19,2026-05-09 15:47:00,Hanford,0,
Rock Island Tailrace CHN,2,G72905B98,2026-05-09 16:46:25,2026-05-11 15:52:00,Crescent Bar,1,2026-05-11 23:37:13
Rock Island Tailrace CHN,2,G72905B98,2026-05-09 16:46:25,2026-05-11 15:52:00,Sunland,1,2026-05-12 10:45:48
Rock Island Tailrace CHN,2,G72905B98,2026-05-09 16:46:25,2026-05-11 15:52:00,Wanapum BRZ,1,2026-05-14 14:53:32
Rock Island Tailrace CHN,2,G72905B98,2026-05-09 16:46:25,2026-05-11 15:52:00,Mattawa,1,2026-05-15 08:08:54
Rock Island Tailrace CHN,2,G72905B98,2026-05-09 16:46:25,2026-05-11 15:52:00,Priest BRZ,1,2026-05-16 06:19:14
Rock Island Tailrace CHN,2,G72905B98,2026-05-09 16:46:25,2026-05-11 15:52:00,Lower Ringold,1,2026-05-16 18:07:39
Rock Island Tailrace CHN,2,G72905B98,2026-05-09 16:46:25,2026-05-11 15:52:00,Hanford,1,2026-05-16 21:51:09
Rock Island Tailrace CHN,2,G72906CA5,2026-05-12 16:22:32,2026-05-15 16:06:00,Crescent Bar,1,2026-05-16 02:42:33
Rock Island Tailrace CHN,2,G72906CA5,2026-05-12 16:22:32,2026-05-15 16:06:00,Sunland,1,2026-05-16 21:59:19
Rock Island Tailrace CHN,2,G72906CA5,2026-05-12 16:22:32,2026-05-15 16:06:00,Wanapum BRZ,1,2026-05-17 12:05:37
Rock Island Tailrace CHN,2,G72906CA5,2026-05-12 16:22:32,2026-05-15 16:06:00,Mattawa,1,2026-05-17 17:26:57
Rock Island Tailrace CHN,2,G72906CA5,2026-05-12 16:22:32,2026-05-15 16:06:00,Priest BRZ,1,2026-05-18 08:31:00
Rock Island Tailrace CHN,2,G72906CA5,2026-05-12 16:22:32,2026-05-15 16:06:00,Lower Ringold,1,2026-05-18 20:21:19
Rock Island Tailrace CHN,2,G72906CA5,2026-05-12 16:22:32,2026-05-15 16:06:00,Hanford,0,
Rock Island Tailrace CHN,1,G72932B35,2026-05-07 16:39:47,2026-05-09 15:47:00,Crescent Bar,1,2026-05-10 03:55:16
Rock Island Tailrace CHN,1,G72932B35,2026-05-07 16:39:47,2026-05-09 15:47:00,Sunland,1,2026-05-10 15:41:43
Rock Island Tailrace CHN,1,G72932B35,2026-05-07 16:39:47,2026-05-09 15:47:00,Wanapum BRZ,1,2026-05-11 21:28:12
Rock Island Tailrace CHN,1,G72932B35,2026-05-07 16:39:47,2026-05-09 15:47:00,Mattawa,0,
Rock Island Tailrace CHN,1,G72932B35,2026-05-07 16:39:47,2026-05-09 15:47:00,Priest BRZ,0,
Rock Island Tailrace CHN,1,G72932B35,2026-05-07 16:39:47,2026-05-09 15:47:00,Lower Ringold,0,
Rock Island Tailrace CHN,1,G72932B35,2026-05-07 16:39:47,2026-05-09 15:47:00,Hanford,0,
Rock Island Tailrace CHN,1,G72939DDA,2026-05-08 16:34:57,2026-05-10 15:37:00,Crescent Bar,1,2026-05-11 06:23:55
Rock Island Tailrace CHN,1,G72939DDA,2026-05-08 16:34:57,2026-05-10 15:37:00,Sunland,1,2026-05-11 17:02:40
Rock Island Tailrace CHN,1,G72939DDA,2026-05-08 16:34:57,2026-05-10 15:37:00,Wanapum BRZ,1,2026-05-12 15:38:14
Rock Island Tailrace CHN,1,G72939DDA,2026-05-08 16:34:57,2026-05-10 15:37:00,Mattawa,1,2026-05-13 03:14:53
Rock Island Tailrace CHN,1,G72939DDA,2026-05-08 16:34:57,2026-05-10 15:37:00,Priest BRZ,1,2026-05-13 12:09:37
Rock Island Tailrace CHN,1,G72939DDA,2026-05-08 16:34:57,2026-05-10 15:37:00,Lower Ringold,0,
Rock Island Tailrace CHN,1,G72939DDA,2026-05-08 16:34:57,2026-05-10 15:37:00,Hanford,0,
Rock Island Tailrace CHN,1,G7294B40B,2026-05-14 16:41:36,2026-05-16 15:36:00,Crescent Bar,1,2026-05-17 07:20:30
Rock Island Tailrace CHN,1,G7294B40B,2026-05-14 16:41:36,2026-05-16 15:36:00,Sunland,1,2026-05-18 10:10:13
Rock Island Tailrace CHN,1,G7294B40B,2026-05-14 16:41:36,2026-05-16 15:36:00,Wanapum BRZ,1,2026-05-19 13:42:33
Rock Island Tailrace CHN,1,G7294B40B,2026-05-14 16:41:36,2026-05-16 15:36:00,Mattawa,0,
Rock Island Tailrace CHN,1,G7294B40B,2026-05-14 16:41:36,2026-05-16 15:36:00,Priest BRZ,0,
Rock Island Tailrace CHN,1,G7294B40B,2026-05-14 16:41:36,2026-05-16 15:36:00,Lower Ringold,0,
Rock Island Tailrace CHN,1,G7294B40B,2026-05-14 16:41:36,2026-05-16 15:36:00,Hanford,0,
Rock Island Tailrace CHN,1,G7294EFF0,2026-05-10 15:48:25,2026-05-12 15:36:00,Crescent Bar,1,2026-05-13 11:21:38
Rock Island Tailrace CHN,1,G7294EFF0,2026-05-10 15:48:25,2026-05-12 15:36:00,Sunland,1,2026-05-14 09:22:33
Rock Island Tailrace CHN,1,G7294EFF0,2026-05-10 15:48:25,2026-05-12 15:36:00,Wanapum BRZ,0,
Rock Island Tailrace CHN,1,G7294EFF0,2026-05-10 15:48:25,2026-05-12 15:36:00,Mattawa,0,
Rock Island Tailrace CHN,1,G7294EFF0,2026-05-10 15:48:25,2026-05-12 15:36:00,Priest BRZ,0,
Rock Island Tailrace CHN,1,G7294EFF0,2026-05-10 15:48:25,2026-05-12 15:36:00,Lower Ringold,0,
Rock Island Tailrace CHN,1,G7294EFF0,2026-05-10 15:48:25,2026-05-12 15:36:00,Hanford,0,
Rock Island Tailrace CHN,1,G7295287D,2026-05-07 16:28:52,2026-05-09 15:47:00,Crescent Bar,1,2026-05-09 23:43:53
Rock Island Tailrace CHN,1,G7295287D,2026-05-07 16:28:52,2026-05-09 15:47:00,Sunland,1,2026-05-10 08:24:46
Rock Island Tailrace CHN,1,G7295287D,2026-05-07 16:28:52,2026-05-09 15:47:00,Wanapum BRZ,1,2026-05-11 04:15:35
Rock Island Tailrace CHN,1,G7295287D,2026-05-07 16:28:52,2026-05-09 15:47:00,Mattawa,1,2026-05-11 08:25:41
Rock Island Tailrace CHN,1,G7295287D,2026-05-07 16:28:52,2026-05-09 15:47:00,Priest BRZ,1,2026-05-11 20:13:17
Rock Island Tailrace CHN,1,G7295287D,2026-05-07 16:28:52,2026-05-09 15:47:00,Lower Ringold,0,
Rock Island Tailrace CHN,1,G7295287D,2026-05-07 16:28:52,2026-05-09 15:47:00,Hanford,0,
Rock Island Tailrace CHN,1,G729583F2,2026-05-08 16:38:36,2026-05-10 15:37:00,Crescent Bar,1,2026-05-11 04:45:11
Rock Island Tailrace CHN,1,G729583F2,2026-05-08 16:38:36,2026-05-10 15:37:00,Sunland,1,2026-05-11 18:40:08
Rock Island Tailrace CHN,1,G729583F2,2026-05-08 16:38:36,2026-05-10 15:37:00,Wanapum BRZ,1,2026-05-16 03:10:34
Rock Island Tailrace CHN,1,G729583F2,2026-05-08 16:38:36,2026-05-10 15:37:00,Mattawa,1,2026-05-16 05:39:28
Rock Island Tailrace CHN,1,G729583F2,2026-05-08 16:38:36,2026-05-10 15:37:00,Priest BRZ,1,2026-05-16 13:07:11
Rock Island Tailrace CHN,1,G729583F2,2026-05-08 16:38:36,2026-05-10 15:37:00,Lower Ringold,1,2026-05-17 22:34:28
Rock Island Tailrace CHN,1,G729583F2,2026-05-08 16:38:36,2026-05-10 15:37:00,Hanford,1,2026-05-18 02:03:08
Rock Island Tailrace CHN,1,G72959BAD,2026-05-06 17:30:48,2026-05-09 15:47:00,Crescent Bar,1,2026-05-09 21:17:44
Rock Island Tailrace CHN,1,G72959BAD,2026-05-06 17:30:48,2026-05-09 15:47:00,Sunland,1,2026-05-10 05:45:54
Rock Island Tailrace CHN,1,G72959BAD,2026-05-06 17:30:48,2026-05-09 15:47:00,Wanapum BRZ,1,2026-05-11 01:59:10
Rock Island Tailrace CHN,1,G72959BAD,2026-05-06 17:30:48,2026-05-09 15:47:00,Mattawa,1,2026-05-11 19:21:01
Rock Island Tailrace CHN,1,G72959BAD,2026-05-06 17:30:48,2026-05-09 15:47:00,Priest BRZ,1,2026-05-12 06:34:54
Rock Island Tailrace CHN,1,G72959BAD,2026-05-06 17:30:48,2026-05-09 15:47:00,Lower Ringold,1,2026-05-12 18:44:21
Rock Island Tailrace CHN,1,G72959BAD,2026-05-06 17:30:48,2026-05-09 15:47:00,Hanford,1,2026-05-12 22:17:24
Rock Island Tailrace CHN,1,G72973ACD,2026-05-10 15:46:17,2026-05-12 15:36:00,Crescent Bar,0,
Rock Island Tailrace CHN,1,G72973ACD,2026-05-10 15:46:17,2026-05-12 15:36:00,Sunland,1,2026-05-15 05:49:40
Rock Island Tailrace CHN,1,G72973ACD,2026-05-10 15:46:17,2026-05-12 15:36:00,Wanapum BRZ,1,2026-05-16 03:28:47
Rock Island Tailrace CHN,1,G72973ACD,2026-05-10 15:46:17,2026-05-12 15:36:00,Mattawa,1,2026-05-16 06:15:44
Rock Island Tailrace CHN,1,G72973ACD,2026-05-10 15:46:17,2026-05-12 15:36:00,Priest BRZ,1,2026-05-17 03:02:47
Rock Island Tailrace CHN,1,G72973ACD,2026-05-10 15:46:17,2026-05-12 15:36:00,Lower Ringold,1,2026-05-18 06:24:04
Rock Island Tailrace CHN,1,G72973ACD,2026-05-10 15:46:17,2026-05-12 15:36:00,Hanford,1,2026-05-18 09:44:51
Rock Island Tailrace CHN,3,G72981C2B,2026-05-11 16:29:22,2026-05-14 15:44:00,Crescent Bar,1,2026-05-15 19:39:51
Rock Island Tailrace CHN,3,G72981C2B,2026-05-11 16:29:22,2026-05-14 15:44:00,Sunland,1,2026-05-20 18:46:05
Rock Island Tailrace CHN,3,G72981C2B,2026-05-11 16:29:22,2026-05-14 15:44:00,Wanapum BRZ,1,2026-05-21 21:03:45
Rock Island Tailrace CHN,3,G72981C2B,2026-05-11 16:29:22,2026-05-14 15:44:00,Mattawa,1,2026-05-22 01:55:10
Rock Island Tailrace CHN,3,G72981C2B,2026-05-11 16:29:22,2026-05-14 15:44:00,Priest BRZ,0,
Rock Island Tailrace CHN,3,G72981C2B,2026-05-11 16:29:22,2026-05-14 15:44:00,Lower Ringold,0,
Rock Island Tailrace CHN,3,G72981C2B,2026-05-11 16:29:22,2026-05-14 15:44:00,Hanford,0,
Rock Island Tailrace CHN,1,G729917CF,2026-05-10 15:49:47,2026-05-12 15:36:00,Crescent Bar,1,2026-05-13 00:11:04
Rock Island Tailrace CHN,1,G729917CF,2026-05-10 15:49:47,2026-05-12 15:36:00,Sunland,1,2026-05-13 10:34:01
Rock Island Tailrace CHN,1,G729917CF,2026-05-10 15:49:47,2026-05-12 15:36:00,Wanapum BRZ,1,2026-05-15 19:45:21
Rock Island Tailrace CHN,1,G729917CF,2026-05-10 15:49:47,2026-05-12 15:36:00,Mattawa,1,2026-05-16 00:12:29
Rock Island Tailrace CHN,1,G729917CF,2026-05-10 15:49:47,2026-05-12 15:36:00,Priest BRZ,0,
Rock Island Tailrace CHN,1,G729917CF,2026-05-10 15:49:47,2026-05-12 15:36:00,Lower Ringold,0,
Rock Island Tailrace CHN,1,G729917CF,2026-05-10 15:49:47,2026-05-12 15:36:00,Hanford,0,
Rock Island Tailrace CHN,1,G7299A120,2026-05-11 16:37:02,2026-05-14 15:44:00,Crescent Bar,1,2026-05-15 01:01:06
Rock Island Tailrace CHN,1,G7299A120,2026-05-11 16:37:02,2026-05-14 15:44:00,Sunland,1,2026-05-15 15:03:42
Rock Island Tailrace CHN,1,G7299A120,2026-05-11 16:37:02,2026-05-14 15:44:00,Wanapum BRZ,1,2026-05-16 12:17:30
Rock Island Tailrace CHN,1,G7299A120,2026-05-11 16:37:02,2026-05-14 15:44:00,Mattawa,1,2026-05-17 02:33:57
Rock Island Tailrace CHN,1,G7299A120,2026-05-11 16:37:02,2026-05-14 15:44:00,Priest BRZ,1,2026-05-17 10:43:06
Rock Island Tailrace CHN,1,G7299A120,2026-05-11 16:37:02,2026-05-14 15:44:00,Lower Ringold,1,2026-05-17 23:17:55
Rock Island Tailrace CHN,1,G7299A120,2026-05-11 16:37:02,2026-05-14 15:44:00,Hanford,1,2026-05-18 02:51:23
Rock Island Tailrace CHN,1,G729A0366,2026-05-10 15:41:21,2026-05-12 15:36:00,Crescent Bar,1,2026-05-13 01:43:41
Rock Island Tailrace CHN,1,G729A0366,2026-05-10 15:41:21,2026-05-12 15:36:00,Sunland,1,2026-05-13 18:09:16
Rock Island Tailrace CHN,1,G729A0366,2026-05-10 15:41:21,2026-05-12 15:36:00,Wanapum BRZ,1,2026-05-15 06:11:20
Rock Island Tailrace CHN,1,G729A0366,2026-05-10 15:41:21,2026-05-12 15:36:00,Mattawa,1,2026-05-15 12:08:36
Rock Island Tailrace CHN,1,G729A0366,2026-05-10 15:41:21,2026-05-12 15:36:00,Priest BRZ,1,2026-05-16 00:41:21
Rock Island Tailrace CHN,1,G729A0366,2026-05-10 15:41:21,2026-05-12 15:36:00,Lower Ringold,1,2026-05-16 14:36:57
Rock Island Tailrace CHN,1,G729A0366,2026-05-10 15:41:21,2026-05-12 15:36:00,Hanford,1,2026-05-16 18:12:14
Rock Island Tailrace CHN,1,G729A20A7,2026-05-11 16:22:39,2026-05-14 15:44:00,Crescent Bar,1,2026-05-14 21:11:54
Rock Island Tailrace CHN,1,G729A20A7,2026-05-11 16:22:39,2026-05-14 15:44:00,Sunland,1,2026-05-16 07:28:50
Rock Island Tailrace CHN,1,G729A20A7,2026-05-11 16:22:39,2026-05-14 15:44:00,Wanapum BRZ,1,2026-05-17 10:42:22
Rock Island Tailrace CHN,1,G729A20A7,2026-05-11 16:22:39,2026-05-14 15:44:00,Mattawa,1,2026-05-17 13:00:47
Rock Island Tailrace CHN,1,G729A20A7,2026-05-11 16:22:39,2026-05-14 15:44:00,Priest BRZ,1,2026-05-18 06:41:44
Rock Island Tailrace CHN,1,G729A20A7,2026-05-11 16:22:39,2026-05-14 15:44:00,Lower Ringold,1,2026-05-18 18:50:18
Rock Island Tailrace CHN,1,G729A20A7,2026-05-11 16:22:39,2026-05-14 15:44:00,Hanford,1,2026-05-18 22:09:31
Rock Island Tailrace CHN,3,G729A9FD4,2026-05-11 16:18:11,2026-05-14 15:44:00,Crescent Bar,1,2026-05-17 07:56:25
Rock Island Tailrace CHN,3,G729A9FD4,2026-05-11 16:18:11,2026-05-14 15:44:00,Sunland,1,2026-05-17 20:06:10
Rock Island Tailrace CHN,3,G729A9FD4,2026-05-11 16:18:11,2026-05-14 15:44:00,Wanapum BRZ,1,2026-05-18 20:51:05
Rock Island Tailrace CHN,3,G729A9FD4,2026-05-11 16:18:11,2026-05-14 15:44:00,Mattawa,1,2026-05-19 01:56:47
Rock Island Tailrace CHN,3,G729A9FD4,2026-05-11 16:18:11,2026-05-14 15:44:00,Priest BRZ,1,2026-05-19 10:42:36
Rock Island Tailrace CHN,3,G729A9FD4,2026-05-11 16:18:11,2026-05-14 15:44:00,Lower Ringold,1,2026-05-20 09:23:41
Rock Island Tailrace CHN,3,G729A9FD4,2026-05-11 16:18:11,2026-05-14 15:44:00,Hanford,1,2026-05-20 12:23:52
Rock Island Tailrace CHN,3,G729B4CA5,2026-05-10 15:30:08,2026-05-12 15:36:00,Crescent Bar,1,2026-05-13 04:16:45
Rock Island Tailrace CHN,3,G729B4CA5,2026-05-10 15:30:08,2026-05-12 15:36:00,Sunland,1,2026-05-13 16:11:11
Rock Island Tailrace CHN,3,G729B4CA5,2026-05-10 15:30:08,2026-05-12 15:36:00,Wanapum BRZ,1,2026-05-15 03:35:01
Rock Island Tailrace CHN,3,G729B4CA5,2026-05-10 15:30:08,2026-05-12 15:36:00,Mattawa,1,2026-05-15 09:19:01
Rock Island Tailrace CHN,3,G729B4CA5,2026-05-10 15:30:08,2026-05-12 15:36:00,Priest BRZ,1,2026-05-15 23:49:00
Rock Island Tailrace CHN,3,G729B4CA5,2026-05-10 15:30:08,2026-05-12 15:36:00,Lower Ringold,0,
Rock Island Tailrace CHN,3,G729B4CA5,2026-05-10 15:30:08,2026-05-12 15:36:00,Hanford,0,
Rock Island Tailrace CHN,2,G729C945E,2026-05-14 16:26:57,2026-05-16 15:36:00,Crescent Bar,1,2026-05-17 05:45:39
Rock Island Tailrace CHN,2,G729C945E,2026-05-14 16:26:57,2026-05-16 15:36:00,Sunland,1,2026-05-18 02:35:08
Rock Island Tailrace CHN,2,G729C945E,2026-05-14 16:26:57,2026-05-16 15:36:00,Wanapum BRZ,1,2026-05-18 23:58:53
Rock Island Tailrace CHN,2,G729C945E,2026-05-14 16:26:57,2026-05-16 15:36:00,Mattawa,1,2026-05-19 07:19:23
Rock Island Tailrace CHN,2,G729C945E,2026-05-14 16:26:57,2026-05-16 15:36:00,Priest BRZ,1,2026-05-19 15:59:21
Rock Island Tailrace CHN,2,G729C945E,2026-05-14 16:26:57,2026-05-16 15:36:00,Lower Ringold,1,2026-05-20 05:36:22
Rock Island Tailrace CHN,2,G729C945E,2026-05-14 16:26:57,2026-05-16 15:36:00,Hanford,1,2026-05-20 09:05:05
Rock Island Tailrace CHN,1,G729DAA3B,2026-05-12 16:26:45,2026-05-15 16:06:00,Crescent Bar,1,2026-05-16 00:49:55
Rock Island Tailrace CHN,1,G729DAA3B,2026-05-12 16:26:45,2026-05-15 16:06:00,Sunland,1,2026-05-17 08:45:01
Rock Island Tailrace CHN,1,G729DAA3B,2026-05-12 16:26:45,2026-05-15 16:06:00,Wanapum BRZ,1,2026-05-19 19:26:36
Rock Island Tailrace CHN,1,G729DAA3B,2026-05-12 16:26:45,2026-05-15 16:06:00,Mattawa,1,2026-05-20 06:43:06
Rock Island Tailrace CHN,1,G729DAA3B,2026-05-12 16:26:45,2026-05-15 16:06:00,Priest BRZ,0,
Rock Island Tailrace CHN,1,G729DAA3B,2026-05-12 16:26:45,2026-05-15 16:06:00,Lower Ringold,0,
Rock Island Tailrace CHN,1,G729DAA3B,2026-05-12 16:26:45,2026-05-15 16:06:00,Hanford,0,
Rock Island Tailrace CHN,1,G72A03BD0,2026-05-12 16:32:39,2026-05-15 16:06:00,Crescent Bar,1,2026-05-16 06:02:02
Rock Island Tailrace CHN,1,G72A03BD0,2026-05-12 16:32:39,2026-05-15 16:06:00,Sunland,1,2026-05-18 05:46:50
Rock Island Tailrace CHN,1,G72A03BD0,2026-05-12 16:32:39,2026-05-15 16:06:00,Wanapum BRZ,1,2026-05-19 03:44:47
Rock Island Tailrace CHN,1,G72A03BD0,2026-05-12 16:32:39,2026-05-15 16:06:00,Mattawa,0,
Rock Island Tailrace CHN,1,G72A03BD0,2026-05-12 16:32:39,2026-05-15 16:06:00,Priest BRZ,0,
Rock Island Tailrace CHN,1,G72A03BD0,2026-05-12 16:32:39,2026-05-15 16:06:00,Lower Ringold,0,
Rock Island Tailrace CHN,1,G72A03BD0,2026-05-12 16:32:39,2026-05-15 16:06:00,Hanford,0,
Rock Island Tailrace CHN,1,G72A03C53,2026-05-14 17:15:16,2026-05-16 15:36:00,Crescent Bar,1,2026-05-17 04:33:32
Rock Island Tailrace CHN,1,G72A03C53,2026-05-14 17:15:16,2026-05-16 15:36:00,Sunland,1,2026-05-17 23:15:47
Rock Island Tailrace CHN,1,G72A03C53,2026-05-14 17:15:16,2026-05-16 15:36:00,Wanapum BRZ,1,2026-05-19 03:45:24
Rock Island Tailrace CHN,1,G72A03C53,2026-05-14 17:15:16,2026-05-16 15:36:00,Mattawa,1,2026-05-19 06:27:32
Rock Island Tailrace CHN,1,G72A03C53,2026-05-14 17:15:16,2026-05-16 15:36:00,Priest BRZ,1,2026-05-19 15:03:21
Rock Island Tailrace CHN,1,G72A03C53,2026-05-14 17:15:16,2026-05-16 15:36:00,Lower Ringold,1,2026-05-20 11:30:28
Rock Island Tailrace CHN,1,G72A03C53,2026-05-14 17:15:16,2026-05-16 15:36:00,Hanford,1,2026-05-20 15:19:24
Rock Island Tailrace CHN,3,G72A1DD20,2026-05-06 17:20:50,2026-05-09 15:47:00,Crescent Bar,1,2026-05-10 04:54:52
Rock Island Tailrace CHN,3,G72A1DD20,2026-05-06 17:20:50,2026-05-09 15:47:00,Sunland,1,2026-05-10 14:47:33
Rock Island Tailrace CHN,3,G72A1DD20,2026-05-06 17:20:50,2026-05-09 15:47:00,Wanapum BRZ,1,2026-05-12 13:33:35
Rock Island Tailrace CHN,3,G72A1DD20,2026-05-06 17:20:50,2026-05-09 15:47:00,Mattawa,0,
Rock Island Tailrace CHN,3,G72A1DD20,2026-05-06 17:20:50,2026-05-09 15:47:00,Priest BRZ,0,
Rock Island Tailrace CHN,3,G72A1DD20,2026-05-06 17:20:50,2026-05-09 15:47:00,Lower Ringold,0,
Rock Island Tailrace CHN,3,G72A1DD20,2026-05-06 17:20:50,2026-05-09 15:47:00,Hanford,0,
Rock Island Tailrace CHN,2,G72A2FC08,2026-05-10 15:50:35,2026-05-12 15:36:00,Crescent Bar,1,2026-05-12 22:18:13
Rock Island Tailrace CHN,2,G72A2FC08,2026-05-10 15:50:35,2026-05-12 15:36:00,Sunland,1,2026-05-13 08:27:44
Rock Island Tailrace CHN,2,G72A2FC08,2026-05-10 15:50:35,2026-05-12 15:36:00,Wanapum BRZ,1,2026-05-14 19:26:16
Rock Island Tailrace CHN,2,G72A2FC08,2026-05-10 15:50:35,2026-05-12 15:36:00,Mattawa,1,2026-05-14 21:57:42
Rock Island Tailrace CHN,2,G72A2FC08,2026-05-10 15:50:35,2026-05-12 15:36:00,Priest BRZ,0,
Rock Island Tailrace CHN,2,G72A2FC08,2026-05-10 15:50:35,2026-05-12 15:36:00,Lower Ringold,0,
Rock Island Tailrace CHN,2,G72A2FC08,2026-05-10 15:50:35,2026-05-12 15:36:00,Hanford,0,
Rock Island Tailrace CHN,3,G72A4EBBC,2026-05-10 15:31:37,2026-05-12 15:36:00,Crescent Bar,1,2026-05-12 23:05:46
Rock Island Tailrace CHN,3,G72A4EBBC,2026-05-10 15:31:37,2026-05-12 15:36:00,Sunland,1,2026-05-13 11:41:11
Rock Island Tailrace CHN,3,G72A4EBBC,2026-05-10 15:31:37,2026-05-12 15:36:00,Wanapum BRZ,1,2026-05-14 16:49:47
Rock Island Tailrace CHN,3,G72A4EBBC,2026-05-10 15:31:37,2026-05-12 15:36:00,Mattawa,1,2026-05-14 20:06:56
Rock Island Tailrace CHN,3,G72A4EBBC,2026-05-10 15:31:37,2026-05-12 15:36:00,Priest BRZ,0,
Rock Island Tailrace CHN,3,G72A4EBBC,2026-05-10 15:31:37,2026-05-12 15:36:00,Lower Ringold,0,
Rock Island Tailrace CHN,3,G72A4EBBC,2026-05-10 15:31:37,2026-05-12 15:36:00,Hanford,0,
Rock Island Tailrace CHN,1,G72A51E33,2026-05-06 17:22:47,2026-05-09 15:47:00,Crescent Bar,1,2026-05-10 11:14:45
Rock Island Tailrace CHN,1,G72A51E33,2026-05-06 17:22:47,2026-05-09 15:47:00,Sunland,1,2026-05-10 22:29:21
Rock Island Tailrace CHN,1,G72A51E33,2026-05-06 17:22:47,2026-05-09 15:47:00,Wanapum BRZ,1,2026-05-12 07:41:21
Rock Island Tailrace CHN,1,G72A51E33,2026-05-06 17:22:47,2026-05-09 15:47:00,Mattawa,1,2026-05-12 18:52:45
Rock Island Tailrace CHN,1,G72A51E33,2026-05-06 17:22:47,2026-05-09 15:47:00,Priest BRZ,1,2026-05-13 10:26:02
Rock Island Tailrace CHN,1,G72A51E33,2026-05-06 17:22:47,2026-05-09 15:47:00,Lower Ringold,1,2026-05-14 09:48:09
Rock Island Tailrace CHN,1,G72A51E33,2026-05-06 17:22:47,2026-05-09 15:47:00,Hanford,1,2026-05-14 13:12:08
Rock Island Tailrace CHN,3,G72A71660,2026-05-07 16:27:29,2026-05-09 15:47:00,Crescent Bar,1,2026-05-10 00:24:23
Rock Island Tailrace CHN,3,G72A71660,2026-05-07 16:27:29,2026-05-09 15:47:00,Sunland,1,2026-05-10 09:54:24
Rock Island Tailrace CHN,3,G72A71660,2026-05-07 16:27:29,2026-05-09 15:47:00,Wanapum BRZ,1,2026-05-12 06:19:24
Rock Island Tailrace CHN,3,G72A71660,2026-05-07 16:27:29,2026-05-09 15:47:00,Mattawa,1,2026-05-14 06:20:45
Rock Island Tailrace CHN,3,G72A71660,2026-05-07 16:27:29,2026-05-09 15:47:00,Priest BRZ,1,2026-05-15 04:23:01
Rock Island Tailrace CHN,3,G72A71660,2026-05-07 16:27:29,2026-05-09 15:47:00,Lower Ringold,1,2026-05-15 17:24:55
Rock Island Tailrace CHN,3,G72A71660,2026-05-07 16:27:29,2026-05-09 15:47:00,Hanford,1,2026-05-15 22:04:32
Rock Island Tailrace CHN,2,G72A81C06,2026-05-14 16:24:35,2026-05-16 15:36:00,Crescent Bar,1,2026-05-17 05:25:06
Rock Island Tailrace CHN,2,G72A81C06,2026-05-14 16:24:35,2026-05-16 15:36:00,Sunland,1,2026-05-17 14:56:33
Rock Island Tailrace CHN,2,G72A81C06,2026-05-14 16:24:35,2026-05-16 15:36:00,Wanapum BRZ,1,2026-05-18 07:33:22
Rock Island Tailrace CHN,2,G72A81C06,2026-05-14 16:24:35,2026-05-16 15:36:00,Mattawa,1,2026-05-18 10:04:42
Rock Island Tailrace CHN,2,G72A81C06,2026-05-14 16:24:35,2026-05-16 15:36:00,Priest BRZ,1,2026-05-18 18:47:23
Rock Island Tailrace CHN,2,G72A81C06,2026-05-14 16:24:35,2026-05-16 15:36:00,Lower Ringold,0,
Rock Island Tailrace CHN,2,G72A81C06,2026-05-14 16:24:35,2026-05-16 15:36:00,Hanford,0,
Rock Island Tailrace CHN,2,G72A8439C,2026-05-10 15:42:21,2026-05-12 15:36:00,Crescent Bar,1,2026-05-12 22:07:06
Rock Island Tailrace CHN,2,G72A8439C,2026-05-10 15:42:21,2026-05-12 15:36:00,Sunland,1,2026-05-15 06:02:44
Rock Island Tailrace CHN,2,G72A8439C,2026-05-10 15:42:21,2026-05-12 15:36:00,Wanapum BRZ,1,2026-05-17 13:21:07
Rock Island Tailrace CHN,2,G72A8439C,2026-05-10 15:42:21,2026-05-12 15:36:00,Mattawa,1,2026-05-17 18:33:10
Rock Island Tailrace CHN,2,G72A8439C,2026-05-10 15:42:21,2026-05-12 15:36:00,Priest BRZ,1,2026-05-18 16:34:22
Rock Island Tailrace CHN,2,G72A8439C,2026-05-10 15:42:21,2026-05-12 15:36:00,Lower Ringold,0,
Rock Island Tailrace CHN,2,G72A8439C,2026-05-10 15:42:21,2026-05-12 15:36:00,Hanford,0,
Rock Island Tailrace CHN,2,G72A84D83,2026-05-11 16:14:45,2026-05-14 15:44:00,Crescent Bar,1,2026-05-14 21:44:20
Rock Island Tailrace CHN,2,G72A84D83,2026-05-11 16:14:45,2026-05-14 15:44:00,Sunland,1,2026-05-15 12:52:40
Rock Island Tailrace CHN,2,G72A84D83,2026-05-11 16:14:45,2026-05-14 15:44:00,Wanapum BRZ,1,2026-05-16 12:30:38
Rock Island Tailrace CHN,2,G72A84D83,2026-05-11 16:14:45,2026-05-14 15:44:00,Mattawa,1,2026-05-16 16:41:49
Rock Island Tailrace CHN,2,G72A84D83,2026-05-11 16:14:45,2026-05-14 15:44:00,Priest BRZ,1,2026-05-18 06:16:18
Rock Island Tailrace CHN,2,G72A84D83,2026-05-11 16:14:45,2026-05-14 15:44:00,Lower Ringold,1,2026-05-18 18:54:31
Rock Island Tailrace CHN,2,G72A84D83,2026-05-11 16:14:45,2026-05-14 15:44:00,Hanford,1,2026-05-20 13:00:27
Rock Island Tailrace CHN,2,G72A874A1,2026-05-11 16:24:23,2026-05-14 15:44:00,Crescent Bar,1,2026-05-15 03:30:51
Rock Island Tailrace CHN,2,G72A874A1,2026-05-11 16:24:23,2026-05-14 15:44:00,Sunland,1,2026-05-15 17:01:51
Rock Island Tailrace CHN,2,G72A874A1,2026-05-11 16:24:23,2026-05-14 15:44:00,Wanapum BRZ,1,2026-05-16 20:40:47
Rock Island Tailrace CHN,2,G72A874A1,2026-05-11 16:24:23,2026-05-14 15:44:00,Mattawa,1,2026-05-17 00:04:01
Rock Island Tailrace CHN,2,G72A874A1,2026-05-11 16:24:23,2026-05-14 15:44:00,Priest BRZ,1,2026-05-17 09:53:55
Rock Island Tailrace CHN,2,G72A874A1,2026-05-11 16:24:23,2026-05-14 15:44:00,Lower Ringold,1,2026-05-17 22:36:43
Rock Island Tailrace CHN,2,G72A874A1,2026-05-11 16:24:23,2026-05-14 15:44:00,Hanford,1,2026-05-18 02:29:27
Rock Island Tailrace CHN,1,G72A88876,2026-05-08 16:30:22,2026-05-10 15:37:00,Crescent Bar,1,2026-05-11 02:13:44
Rock Island Tailrace CHN,1,G72A88876,2026-05-08 16:30:22,2026-05-10 15:37:00,Sunland,1,2026-05-11 21:41:01
Rock Island Tailrace CHN,1,G72A88876,2026-05-08 16:30:22,2026-05-10 15:37:00,Wanapum BRZ,1,2026-05-13 03:18:33
Rock Island Tailrace CHN,1,G72A88876,2026-05-08 16:30:22,2026-05-10 15:37:00,Mattawa,1,2026-05-13 12:08:34
Rock Island Tailrace CHN,1,G72A88876,2026-05-08 16:30:22,2026-05-10 15:37:00,Priest BRZ,1,2026-05-14 09:06:10
Rock Island Tailrace CHN,1,G72A88876,2026-05-08 16:30:22,2026-05-10 15:37:00,Lower Ringold,1,2026-05-15 01:11:53
Rock Island Tailrace CHN,1,G72A88876,2026-05-08 16:30:22,2026-05-10 15:37:00,Hanford,1,2026-05-15 05:08:48
Rock Island Tailrace CHN,2,G72A89E36,2026-05-07 16:20:48,2026-05-09 15:47:00,Crescent Bar,1,2026-05-09 21:54:46
Rock Island Tailrace CHN,2,G72A89E36,2026-05-07 16:20:48,2026-05-09 15:47:00,Sunland,1,2026-05-10 09:07:41
Rock Island Tailrace CHN,2,G72A89E36,2026-05-07 16:20:48,2026-05-09 15:47:00,Wanapum BRZ,1,2026-05-12 03:43:15
Rock Island Tailrace CHN,2,G72A89E36,2026-05-07 16:20:48,2026-05-09 15:47:00,Mattawa,0,
Rock Island Tailrace CHN,2,G72A89E36,2026-05-07 16:20:48,2026-05-09 15:47:00,Priest BRZ,0,
Rock Island Tailrace CHN,2,G72A89E36,2026-05-07 16:20:48,2026-05-09 15:47:00,Lower Ringold,0,
Rock Island Tailrace CHN,2,G72A89E36,2026-05-07 16:20:48,2026-05-09 15:47:00,Hanford,0,
Rock Island Tailrace CHN,2,G72A94878,2026-05-10 15:37:56,2026-05-12 15:36:00,Crescent Bar,1,2026-05-13 06:31:54
Rock Island Tailrace CHN,2,G72A94878,2026-05-10 15:37:56,2026-05-12 15:36:00,Sunland,1,2026-05-14 07:37:26
Rock Island Tailrace CHN,2,G72A94878,2026-05-10 15:37:56,2026-05-12 15:36:00,Wanapum BRZ,1,2026-05-16 01:40:41
Rock Island Tailrace CHN,2,G72A94878,2026-05-10 15:37:56,2026-05-12 15:36:00,Mattawa,1,2026-05-16 08:00:42
Rock Island Tailrace CHN,2,G72A94878,2026-05-10 15:37:56,2026-05-12 15:36:00,Priest BRZ,1,2026-05-16 19:04:25
Rock Island Tailrace CHN,2,G72A94878,2026-05-10 15:37:56,2026-05-12 15:36:00,Lower Ringold,1,2026-05-17 09:16:58
Rock Island Tailrace CHN,2,G72A94878,2026-05-10 15:37:56,2026-05-12 15:36:00,Hanford,1,2026-05-17 12:27:08
Rock Island Tailrace CHN,3,G72AA0C0A,2026-05-08 16:27:38,2026-05-10 15:37:00,Crescent Bar,1,2026-05-10 22:18:04
Rock Island Tailrace CHN,3,G72AA0C0A,2026-05-08 16:27:38,2026-05-10 15:37:00,Sunland,1,2026-05-11 15:45:32
Rock Island Tailrace CHN,3,G72AA0C0A,2026-05-08 16:27:38,2026-05-10 15:37:00,Wanapum BRZ,1,2026-05-12 17:33:01
Rock Island Tailrace CHN,3,G72AA0C0A,2026-05-08 16:27:38,2026-05-10 15:37:00,Mattawa,1,2026-05-12 19:52:23
Rock Island Tailrace CHN,3,G72AA0C0A,2026-05-08 16:27:38,2026-05-10 15:37:00,Priest BRZ,1,2026-05-13 05:49:30
Rock Island Tailrace CHN,3,G72AA0C0A,2026-05-08 16:27:38,2026-05-10 15:37:00,Lower Ringold,0,
Rock Island Tailrace CHN,3,G72AA0C0A,2026-05-08 16:27:38,2026-05-10 15:37:00,Hanford,0,
Rock Island Tailrace CHN,3,G72AA2709,2026-05-14 16:32:37,2026-05-16 15:36:00,Crescent Bar,1,2026-05-17 10:08:08
Rock Island Tailrace CHN,3,G72AA2709,2026-05-14 16:32:37,2026-05-16 15:36:00,Sunland,1,2026-05-18 14:10:24
Rock Island Tailrace CHN,3,G72AA2709,2026-05-14 16:32:37,2026-05-16 15:36:00,Wanapum BRZ,1,2026-05-22 03:45:07
Rock Island Tailrace CHN,3,G72AA2709,2026-05-14 16:32:37,2026-05-16 15:36:00,Mattawa,1,2026-05-22 13:11:07
Rock Island Tailrace CHN,3,G72AA2709,2026-05-14 16:32:37,2026-05-16 15:36:00,Priest BRZ,1,2026-05-23 03:35:16
Rock Island Tailrace CHN,3,G72AA2709,2026-05-14 16:32:37,2026-05-16 15:36:00,Lower Ringold,1,2026-05-23 18:31:43
Rock Island Tailrace CHN,3,G72AA2709,2026-05-14 16:32:37,2026-05-16 15:36:00,Hanford,1,2026-05-23 22:28:12
Rock Island Tailrace CHN,1,G72AB1773,2026-05-06 17:36:38,2026-05-09 15:47:00,Crescent Bar,1,2026-05-10 00:06:04
Rock Island Tailrace CHN,1,G72AB1773,2026-05-06 17:36:38,2026-05-09 15:47:00,Sunland,1,2026-05-10 10:30:57
Rock Island Tailrace CHN,1,G72AB1773,2026-05-06 17:36:38,2026-05-09 15:47:00,Wanapum BRZ,1,2026-05-11 19:31:35
Rock Island Tailrace CHN,1,G72AB1773,2026-05-06 17:36:38,2026-05-09 15:47:00,Mattawa,1,2026-05-19 20:32:52
Rock Island Tailrace CHN,1,G72AB1773,2026-05-06 17:36:38,2026-05-09 15:47:00,Priest BRZ,1,2026-05-20 07:24:30
Rock Island Tailrace CHN,1,G72AB1773,2026-05-06 17:36:38,2026-05-09 15:47:00,Lower Ringold,1,2026-05-21 08:38:49
Rock Island Tailrace CHN,1,G72AB1773,2026-05-06 17:36:38,2026-05-09 15:47:00,Hanford,1,2026-05-21 11:36:58
Rock Island Tailrace CHN,1,G72AB74F4,2026-05-09 16:16:27,2026-05-11 15:52:00,Crescent Bar,1,2026-05-12 09:36:42
Rock Island Tailrace CHN,1,G72AB74F4,2026-05-09 16:16:27,2026-05-11 15:52:00,Sunland,1,2026-05-13 08:38:59
Rock Island Tailrace CHN,1,G72AB74F4,2026-05-09 16:16:27,2026-05-11 15:52:00,Wanapum BRZ,1,2026-05-15 15:10:41
Rock Island Tailrace CHN,1,G72AB74F4,2026-05-09 16:16:27,2026-05-11 15:52:00,Mattawa,1,2026-05-15 19:34:39
Rock Island Tailrace CHN,1,G72AB74F4,2026-05-09 16:16:27,2026-05-11 15:52:00,Priest BRZ,1,2026-05-16 07:02:51
Rock Island Tailrace CHN,1,G72AB74F4,2026-05-09 16:16:27,2026-05-11 15:52:00,Lower Ringold,1,2026-05-16 20:46:45
Rock Island Tailrace CHN,1,G72AB74F4,2026-05-09 16:16:27,2026-05-11 15:52:00,Hanford,1,2026-05-17 09:28:09
Rock Island Tailrace CHN,1,G72AC0B23,2026-05-08 16:49:44,2026-05-10 15:37:00,Crescent Bar,1,2026-05-11 02:23:31
Rock Island Tailrace CHN,1,G72AC0B23,2026-05-08 16:49:44,2026-05-10 15:37:00,Sunland,1,2026-05-11 14:10:04
Rock Island Tailrace CHN,1,G72AC0B23,2026-05-08 16:49:44,2026-05-10 15:37:00,Wanapum BRZ,1,2026-05-12 11:27:18
Rock Island Tailrace CHN,1,G72AC0B23,2026-05-08 16:49:44,2026-05-10 15:37:00,Mattawa,1,2026-05-13 07:23:03
Rock Island Tailrace CHN,1,G72AC0B23,2026-05-08 16:49:44,2026-05-10 15:37:00,Priest BRZ,1,2026-05-13 20:41:02
Rock Island Tailrace CHN,1,G72AC0B23,2026-05-08 16:49:44,2026-05-10 15:37:00,Lower Ringold,1,2026-05-14 19:08:19
Rock Island Tailrace CHN,1,G72AC0B23,2026-05-08 16:49:44,2026-05-10 15:37:00,Hanford,1,2026-05-14 22:42:02
Rock Island Tailrace CHN,1,G72AD0ED8,2026-05-11 16:34:18,2026-05-14 15:44:00,Crescent Bar,1,2026-05-14 21:37:41
Rock Island Tailrace CHN,1,G72AD0ED8,2026-05-11 16:34:18,2026-05-14 15:44:00,Sunland,1,2026-05-17 09:24:24
Rock Island Tailrace CHN,1,G72AD0ED8,2026-05-11 16:34:18,2026-05-14 15:44:00,Wanapum BRZ,1,2026-05-20 19:14:09
Rock Island Tailrace CHN,1,G72AD0ED8,2026-05-11 16:34:18,2026-05-14 15:44:00,Mattawa,1,2026-06-03 21:39:35
Rock Island Tailrace CHN,1,G72AD0ED8,2026-05-11 16:34:18,2026-05-14 15:44:00,Priest BRZ,1,2026-06-04 08:35:16
Rock Island Tailrace CHN,1,G72AD0ED8,2026-05-11 16:34:18,2026-05-14 15:44:00,Lower Ringold,1,2026-06-04 22:55:24
Rock Island Tailrace CHN,1,G72AD0ED8,2026-05-11 16:34:18,2026-05-14 15:44:00,Hanford,1,2026-06-05 02:07:26
Rock Island Tailrace CHN,1,G72ADFC10,2026-05-07 16:26:36,2026-05-09 15:47:00,Crescent Bar,1,2026-05-10 09:01:57
Rock Island Tailrace CHN,1,G72ADFC10,2026-05-07 16:26:36,2026-05-09 15:47:00,Sunland,1,2026-05-11 02:54:57
Rock Island Tailrace CHN,1,G72ADFC10,2026-05-07 16:26:36,2026-05-09 15:47:00,Wanapum BRZ,1,2026-05-12 04:07:22
Rock Island Tailrace CHN,1,G72ADFC10,2026-05-07 16:26:36,2026-05-09 15:47:00,Mattawa,1,2026-05-12 08:36:54
Rock Island Tailrace CHN,1,G72ADFC10,2026-05-07 16:26:36,2026-05-09 15:47:00,Priest BRZ,1,2026-05-12 22:50:25
Rock Island Tailrace CHN,1,G72ADFC10,2026-05-07 16:26:36,2026-05-09 15:47:00,Lower Ringold,1,2026-05-14 07:17:08
Rock Island Tailrace CHN,1,G72ADFC10,2026-05-07 16:26:36,2026-05-09 15:47:00,Hanford,1,2026-05-14 10:48:15
Rock Island Tailrace CHN,1,G72B00D5F,2026-05-07 16:22:38,2026-05-09 15:47:00,Crescent Bar,1,2026-05-10 04:01:45
Rock Island Tailrace CHN,1,G72B00D5F,2026-05-07 16:22:38,2026-05-09 15:47:00,Sunland,1,2026-05-10 11:48:56
Rock Island Tailrace CHN,1,G72B00D5F,2026-05-07 16:22:38,2026-05-09 15:47:00,Wanapum BRZ,1,2026-05-11 13:04:02
Rock Island Tailrace CHN,1,G72B00D5F,2026-05-07 16:22:38,2026-05-09 15:47:00,Mattawa,1,2026-05-11 17:52:06
Rock Island Tailrace CHN,1,G72B00D5F,2026-05-07 16:22:38,2026-05-09 15:47:00,Priest BRZ,1,2026-05-12 06:08:07
Rock Island Tailrace CHN,1,G72B00D5F,2026-05-07 16:22:38,2026-05-09 15:47:00,Lower Ringold,1,2026-05-13 05:19:27
Rock Island Tailrace CHN,1,G72B00D5F,2026-05-07 16:22:38,2026-05-09 15:47:00,Hanford,1,2026-05-13 08:10:08
Rock Island Tailrace CHN,1,G72B0103F,2026-05-10 15:52:59,2026-05-12 15:36:00,Crescent Bar,1,2026-05-12 23:56:56
Rock Island Tailrace CHN,1,G72B0103F,2026-05-10 15:52:59,2026-05-12 15:36:00,Sunland,1,2026-05-13 11:32:49
Rock Island Tailrace CHN,1,G72B0103F,2026-05-10 15:52:59,2026-05-12 15:36:00,Wanapum BRZ,1,2026-05-14 19:24:27
Rock Island Tailrace CHN,1,G72B0103F,2026-05-10 15:52:59,2026-05-12 15:36:00,Mattawa,1,2026-05-15 02:02:30
Rock Island Tailrace CHN,1,G72B0103F,2026-05-10 15:52:59,2026-05-12 15:36:00,Priest BRZ,1,2026-05-15 10:35:22
Rock Island Tailrace CHN,1,G72B0103F,2026-05-10 15:52:59,2026-05-12 15:36:00,Lower Ringold,1,2026-05-15 23:36:38
Rock Island Tailrace CHN,1,G72B0103F,2026-05-10 15:52:59,2026-05-12 15:36:00,Hanford,1,2026-05-16 04:03:22
Rock Island Tailrace CHN,1,G72B11D06,2026-05-14 16:33:15,2026-05-16 15:36:00,Crescent Bar,1,2026-05-17 03:49:55
Rock Island Tailrace CHN,1,G72B11D06,2026-05-14 16:33:15,2026-05-16 15:36:00,Sunland,1,2026-05-17 14:24:57
Rock Island Tailrace CHN,1,G72B11D06,2026-05-14 16:33:15,2026-05-16 15:36:00,Wanapum BRZ,1,2026-05-18 20:36:47
Rock Island Tailrace CHN,1,G72B11D06,2026-05-14 16:33:15,2026-05-16 15:36:00,Mattawa,1,2026-05-19 00:55:30
Rock Island Tailrace CHN,1,G72B11D06,2026-05-14 16:33:15,2026-05-16 15:36:00,Priest BRZ,0,
Rock Island Tailrace CHN,1,G72B11D06,2026-05-14 16:33:15,2026-05-16 15:36:00,Lower Ringold,0,
Rock Island Tailrace CHN,1,G72B11D06,2026-05-14 16:33:15,2026-05-16 15:36:00,Hanford,0,
Rock Island Tailrace CHN,1,G72B1709E,2026-05-10 15:38:34,2026-05-12 15:36:00,Crescent Bar,1,2026-05-12 22:50:04
Rock Island Tailrace CHN,1,G72B1709E,2026-05-10 15:38:34,2026-05-12 15:36:00,Sunland,1,2026-05-13 10:52:18
Rock Island Tailrace CHN,1,G72B1709E,2026-05-10 15:38:34,2026-05-12 15:36:00,Wanapum BRZ,1,2026-05-15 12:01:26
Rock Island Tailrace CHN,1,G72B1709E,2026-05-10 15:38:34,2026-05-12 15:36:00,Mattawa,1,2026-05-15 22:49:11
Rock Island Tailrace CHN,1,G72B1709E,2026-05-10 15:38:34,2026-05-12 15:36:00,Priest BRZ,1,2026-05-16 08:09:58
Rock Island Tailrace CHN,1,G72B1709E,2026-05-10 15:38:34,2026-05-12 15:36:00,Lower Ringold,1,2026-05-24 11:14:39
Rock Island Tailrace CHN,1,G72B1709E,2026-05-10 15:38:34,2026-05-12 15:36:00,Hanford,1,2026-05-24 15:43:44
Rock Island Tailrace CHN,1,G72B19B57,2026-05-12 16:13:10,2026-05-15 16:06:00,Crescent Bar,1,2026-05-16 01:48:42
Rock Island Tailrace CHN,1,G72B19B57,2026-05-12 16:13:10,2026-05-15 16:06:00,Sunland,1,2026-05-21 19:38:39
Rock Island Tailrace CHN,1,G72B19B57,2026-05-12 16:13:10,2026-05-15 16:06:00,Wanapum BRZ,1,2026-05-22 18:53:00
Rock Island Tailrace CHN,1,G72B19B57,2026-05-12 16:13:10,2026-05-15 16:06:00,Mattawa,0,
Rock Island Tailrace CHN,1,G72B19B57,2026-05-12 16:13:10,2026-05-15 16:06:00,Priest BRZ,0,
Rock Island Tailrace CHN,1,G72B19B57,2026-05-12 16:13:10,2026-05-15 16:06:00,Lower Ringold,0,
Rock Island Tailrace CHN,1,G72B19B57,2026-05-12 16:13:10,2026-05-15 16:06:00,Hanford,0,
Rock Island Tailrace CHN,1,G72B1B3B6,2026-05-08 16:40:57,2026-05-10 15:37:00,Crescent Bar,1,2026-05-11 01:21:05
Rock Island Tailrace CHN,1,G72B1B3B6,2026-05-08 16:40:57,2026-05-10 15:37:00,Sunland,1,2026-05-11 17:04:39
Rock Island Tailrace CHN,1,G72B1B3B6,2026-05-08 16:40:57,2026-05-10 15:37:00,Wanapum BRZ,0,
Rock Island Tailrace CHN,1,G72B1B3B6,2026-05-08 16:40:57,2026-05-10 15:37:00,Mattawa,0,
Rock Island Tailrace CHN,1,G72B1B3B6,2026-05-08 16:40:57,2026-05-10 15:37:00,Priest BRZ,0,
Rock Island Tailrace CHN,1,G72B1B3B6,2026-05-08 16:40:57,2026-05-10 15:37:00,Lower Ringold,0,
Rock Island Tailrace CHN,1,G72B1B3B6,2026-05-08 16:40:57,2026-05-10 15:37:00,Hanford,0,
Rock Island Tailrace CHN,1,G72B21673,2026-05-06 16:36:30,2026-05-09 15:47:00,Crescent Bar,1,2026-05-09 20:33:20
Rock Island Tailrace CHN,1,G72B21673,2026-05-06 16:36:30,2026-05-09 15:47:00,Sunland,1,2026-05-10 06:50:46
Rock Island Tailrace CHN,1,G72B21673,2026-05-06 16:36:30,2026-05-09 15:47:00,Wanapum BRZ,1,2026-05-11 13:41:20
Rock Island Tailrace CHN,1,G72B21673,2026-05-06 16:36:30,2026-05-09 15:47:00,Mattawa,1,2026-05-11 16:26:02
Rock Island Tailrace CHN,1,G72B21673,2026-05-06 16:36:30,2026-05-09 15:47:00,Priest BRZ,1,2026-05-12 00:20:39
Rock Island Tailrace CHN,1,G72B21673,2026-05-06 16:36:30,2026-05-09 15:47:00,Lower Ringold,1,2026-05-15 03:12:11
Rock Island Tailrace CHN,1,G72B21673,2026-05-06 16:36:30,2026-05-09 15:47:00,Hanford,1,2026-05-15 06:15:06
Rock Island Tailrace CHN,1,G72B3A9C4,2026-05-11 16:15:54,2026-05-14 15:44:00,Crescent Bar,1,2026-05-15 05:08:27
Rock Island Tailrace CHN,1,G72B3A9C4,2026-05-11 16:15:54,2026-05-14 15:44:00,Sunland,1,2026-05-15 12:59:05
Rock Island Tailrace CHN,1,G72B3A9C4,2026-05-11 16:15:54,2026-05-14 15:44:00,Wanapum BRZ,1,2026-05-17 10:43:55
Rock Island Tailrace CHN,1,G72B3A9C4,2026-05-11 16:15:54,2026-05-14 15:44:00,Mattawa,1,2026-05-17 14:10:47
Rock Island Tailrace CHN,1,G72B3A9C4,2026-05-11 16:15:54,2026-05-14 15:44:00,Priest BRZ,1,2026-05-18 12:24:29
Rock Island Tailrace CHN,1,G72B3A9C4,2026-05-11 16:15:54,2026-05-14 15:44:00,Lower Ringold,1,2026-05-19 07:55:11
Rock Island Tailrace CHN,1,G72B3A9C4,2026-05-11 16:15:54,2026-05-14 15:44:00,Hanford,1,2026-05-19 10:55:30
Rock Island Tailrace CHN,1,G72B3DB80,2026-05-14 16:29:27,2026-05-16 15:36:00,Crescent Bar,1,2026-05-17 11:58:23
Rock Island Tailrace CHN,1,G72B3DB80,2026-05-14 16:29:27,2026-05-16 15:36:00,Sunland,1,2026-05-17 22:31:19
Rock Island Tailrace CHN,1,G72B3DB80,2026-05-14 16:29:27,2026-05-16 15:36:00,Wanapum BRZ,1,2026-05-18 18:54:41
Rock Island Tailrace CHN,1,G72B3DB80,2026-05-14 16:29:27,2026-05-16 15:36:00,Mattawa,1,2026-05-24 22:38:27
Rock Island Tailrace CHN,1,G72B3DB80,2026-05-14 16:29:27,2026-05-16 15:36:00,Priest BRZ,1,2026-05-25 11:52:58
Rock Island Tailrace CHN,1,G72B3DB80,2026-05-14 16:29:27,2026-05-16 15:36:00,Lower Ringold,1,2026-05-26 13:17:14
Rock Island Tailrace CHN,1,G72B3DB80,2026-05-14 16:29:27,2026-05-16 15:36:00,Hanford,1,2026-05-27 07:09:24
Rock Island Tailrace CHN,2,G72B4A509,2026-05-06 17:40:12,2026-05-09 15:47:00,Crescent Bar,1,2026-05-09 23:23:04
Rock Island Tailrace CHN,2,G72B4A509,2026-05-06 17:40:12,2026-05-09 15:47:00,Sunland,1,2026-05-10 09:44:22
Rock Island Tailrace CHN,2,G72B4A509,2026-05-06 17:40:12,2026-05-09 15:47:00,Wanapum BRZ,2,2026-05-21 16:12:54
Rock Island Tailrace CHN,2,G72B4A509,2026-05-06 17:40:12,2026-05-09 15:47:00,Mattawa,0,
Rock Island Tailrace CHN,2,G72B4A509,2026-05-06 17:40:12,2026-05-09 15:47:00,Priest BRZ,0,
Rock Island Tailrace CHN,2,G72B4A509,2026-05-06 17:40:12,2026-05-09 15:47:00,Lower Ringold,0,
Rock Island Tailrace CHN,2,G72B4A509,2026-05-06 17:40:12,2026-05-09 15:47:00,Hanford,0,
Rock Island Tailrace CHN,2,G72B4A9AA,2026-05-14 16:38:23,2026-05-16 15:36:00,Crescent Bar,1,2026-05-17 05:14:06
Rock Island Tailrace CHN,2,G72B4A9AA,2026-05-14 16:38:23,2026-05-16 15:36:00,Sunland,1,2026-05-17 14:56:51
Rock Island Tailrace CHN,2,G72B4A9AA,2026-05-14 16:38:23,2026-05-16 15:36:00,Wanapum BRZ,1,2026-05-18 18:37:46
Rock Island Tailrace CHN,2,G72B4A9AA,2026-05-14 16:38:23,2026-05-16 15:36:00,Mattawa,1,2026-05-19 02:44:51
Rock Island Tailrace CHN,2,G72B4A9AA,2026-05-14 16:38:23,2026-05-16 15:36:00,Priest BRZ,1,2026-05-19 11:01:26
Rock Island Tailrace CHN,2,G72B4A9AA,2026-05-14 16:38:23,2026-05-16 15:36:00,Lower Ringold,1,2026-05-20 05:13:49
Rock Island Tailrace CHN,2,G72B4A9AA,2026-05-14 16:38:23,2026-05-16 15:36:00,Hanford,1,2026-05-20 08:20:45
Rock Island Tailrace CHN,2,G72B4CA2D,2026-05-11 16:12:34,2026-05-14 15:44:00,Crescent Bar,1,2026-05-15 15:51:14
Rock Island Tailrace CHN,2,G72B4CA2D,2026-05-11 16:12:34,2026-05-14 15:44:00,Sunland,1,2026-05-16 10:18:17
Rock Island Tailrace CHN,2,G72B4CA2D,2026-05-11 16:12:34,2026-05-14 15:44:00,Wanapum BRZ,1,2026-05-17 16:44:35
Rock Island Tailrace CHN,2,G72B4CA2D,2026-05-11 16:12:34,2026-05-14 15:44:00,Mattawa,1,2026-05-17 22:54:59
Rock Island Tailrace CHN,2,G72B4CA2D,2026-05-11 16:12:34,2026-05-14 15:44:00,Priest BRZ,1,2026-05-18 09:21:58
Rock Island Tailrace CHN,2,G72B4CA2D,2026-05-11 16:12:34,2026-05-14 15:44:00,Lower Ringold,1,2026-05-19 09:24:05
Rock Island Tailrace CHN,2,G72B4CA2D,2026-05-11 16:12:34,2026-05-14 15:44:00,Hanford,1,2026-05-19 12:16:59
Rock Island Tailrace CHN,1,G72B5D3E8,2026-05-11 16:23:07,2026-05-14 15:44:00,Crescent Bar,1,2026-05-14 23:37:25
Rock Island Tailrace CHN,1,G72B5D3E8,2026-05-11 16:23:07,2026-05-14 15:44:00,Sunland,1,2026-05-15 20:48:27
Rock Island Tailrace CHN,1,G72B5D3E8,2026-05-11 16:23:07,2026-05-14 15:44:00,Wanapum BRZ,1,2026-05-16 21:08:43
Rock Island Tailrace CHN,1,G72B5D3E8,2026-05-11 16:23:07,2026-05-14 15:44:00,Mattawa,1,2026-05-17 01:46:49
Rock Island Tailrace CHN,1,G72B5D3E8,2026-05-11 16:23:07,2026-05-14 15:44:00,Priest BRZ,1,2026-05-17 11:19:04
Rock Island Tailrace CHN,1,G72B5D3E8,2026-05-11 16:23:07,2026-05-14 15:44:00,Lower Ringold,1,2026-05-18 08:08:45
Rock Island Tailrace CHN,1,G72B5D3E8,2026-05-11 16:23:07,2026-05-14 15:44:00,Hanford,1,2026-05-18 11:09:44
Rock Island Tailrace CHN,1,G72B6B505,2026-05-14 16:40:25,2026-05-16 15:36:00,Crescent Bar,1,2026-05-17 06:44:40
Rock Island Tailrace CHN,1,G72B6B505,2026-05-14 16:40:25,2026-05-16 15:36:00,Sunland,1,2026-05-17 20:24:51
Rock Island Tailrace CHN,1,G72B6B505,2026-05-14 16:40:25,2026-05-16 15:36:00,Wanapum BRZ,1,2026-05-18 19:10:14
Rock Island Tailrace CHN,1,G72B6B505,2026-05-14 16:40:25,2026-05-16 15:36:00,Mattawa,1,2026-05-20 01:53:09
Rock Island Tailrace CHN,1,G72B6B505,2026-05-14 16:40:25,2026-05-16 15:36:00,Priest BRZ,1,2026-05-20 09:59:30
Rock Island Tailrace CHN,1,G72B6B505,2026-05-14 16:40:25,2026-05-16 15:36:00,Lower Ringold,1,2026-05-20 22:27:09
Rock Island Tailrace CHN,1,G72B6B505,2026-05-14 16:40:25,2026-05-16 15:36:00,Hanford,1,2026-05-21 04:14:01
Rock Island Tailrace CHN,1,G72B7B0FE,2026-05-10 15:41:56,2026-05-12 15:36:00,Crescent Bar,1,2026-05-13 04:05:02
Rock Island Tailrace CHN,1,G72B7B0FE,2026-05-10 15:41:56,2026-05-12 15:36:00,Sunland,1,2026-05-13 15:46:21
Rock Island Tailrace CHN,1,G72B7B0FE,2026-05-10 15:41:56,2026-05-12 15:36:00,Wanapum BRZ,1,2026-05-15 03:39:08
Rock Island Tailrace CHN,1,G72B7B0FE,2026-05-10 15:41:56,2026-05-12 15:36:00,Mattawa,1,2026-05-15 12:53:48
Rock Island Tailrace CHN,1,G72B7B0FE,2026-05-10 15:41:56,2026-05-12 15:36:00,Priest BRZ,1,2026-05-15 22:03:30
Rock Island Tailrace CHN,1,G72B7B0FE,2026-05-10 15:41:56,2026-05-12 15:36:00,Lower Ringold,1,2026-05-16 11:23:00
Rock Island Tailrace CHN,1,G72B7B0FE,2026-05-10 15:41:56,2026-05-12 15:36:00,Hanford,1,2026-05-16 14:47:11
Rock Island Tailrace CHN,3,G72B83E75,2026-05-07 16:18:32,2026-05-09 15:47:00,Crescent Bar,1,2026-05-10 08:32:06
Rock Island Tailrace CHN,3,G72B83E75,2026-05-07 16:18:32,2026-05-09 15:47:00,Sunland,1,2026-05-10 23:56:55
Rock Island Tailrace CHN,3,G72B83E75,2026-05-07 16:18:32,2026-05-09 15:47:00,Wanapum BRZ,1,2026-05-12 13:37:48
Rock Island Tailrace CHN,3,G72B83E75,2026-05-07 16:18:32,2026-05-09 15:47:00,Mattawa,1,2026-05-12 16:53:24
Rock Island Tailrace CHN,3,G72B83E75,2026-05-07 16:18:32,2026-05-09 15:47:00,Priest BRZ,1,2026-05-13 10:35:14
Rock Island Tailrace CHN,3,G72B83E75,2026-05-07 16:18:32,2026-05-09 15:47:00,Lower Ringold,1,2026-05-14 07:04:14
Rock Island Tailrace CHN,3,G72B83E75,2026-05-07 16:18:32,2026-05-09 15:47:00,Hanford,1,2026-05-14 10:06:38
Rock Island Tailrace CHN,3,G72B8E3DF,2026-05-12 16:22:05,2026-05-15 16:06:00,Crescent Bar,1,2026-05-15 23:12:24
Rock Island Tailrace CHN,3,G72B8E3DF,2026-05-12 16:22:05,2026-05-15 16:06:00,Sunland,1,2026-05-16 10:34:45
Rock Island Tailrace CHN,3,G72B8E3DF,2026-05-12 16:22:05,2026-05-15 16:06:00,Wanapum BRZ,1,2026-05-17 18:58:26
Rock Island Tailrace CHN,3,G72B8E3DF,2026-05-12 16:22:05,2026-05-15 16:06:00,Mattawa,1,2026-05-17 22:56:12
Rock Island Tailrace CHN,3,G72B8E3DF,2026-05-12 16:22:05,2026-05-15 16:06:00,Priest BRZ,1,2026-05-18 09:48:22
Rock Island Tailrace CHN,3,G72B8E3DF,2026-05-12 16:22:05,2026-05-15 16:06:00,Lower Ringold,1,2026-05-18 21:41:40
Rock Island Tailrace CHN,3,G72B8E3DF,2026-05-12 16:22:05,2026-05-15 16:06:00,Hanford,1,2026-05-19 01:18:24
Rock Island Tailrace CHN,3,G72BA874A,2026-05-07 16:38:17,2026-05-09 15:47:00,Crescent Bar,1,2026-05-09 22:09:56
Rock Island Tailrace CHN,3,G72BA874A,2026-05-07 16:38:17,2026-05-09 15:47:00,Sunland,1,2026-05-10 08:52:21
Rock Island Tailrace CHN,3,G72BA874A,2026-05-07 16:38:17,2026-05-09 15:47:00,Wanapum BRZ,1,2026-05-11 14:22:05
Rock Island Tailrace CHN,3,G72BA874A,2026-05-07 16:38:17,2026-05-09 15:47:00,Mattawa,0,
Rock Island Tailrace CHN,3,G72BA874A,2026-05-07 16:38:17,2026-05-09 15:47:00,Priest BRZ,0,
Rock Island Tailrace CHN,3,G72BA874A,2026-05-07 16:38:17,2026-05-09 15:47:00,Lower Ringold,0,
Rock Island Tailrace CHN,3,G72BA874A,2026-05-07 16:38:17,2026-05-09 15:47:00,Hanford,0,
Rock Island Tailrace CHN,3,G72BC7149,2026-05-09 16:35:26,2026-05-11 15:52:00,Crescent Bar,1,2026-05-11 23:29:36
Rock Island Tailrace CHN,3,G72BC7149,2026-05-09 16:35:26,2026-05-11 15:52:00,Sunland,1,2026-05-13 14:41:57
Rock Island Tailrace CHN,3,G72BC7149,2026-05-09 16:35:26,2026-05-11 15:52:00,Wanapum BRZ,1,2026-05-14 23:33:07
Rock Island Tailrace CHN,3,G72BC7149,2026-05-09 16:35:26,2026-05-11 15:52:00,Mattawa,1,2026-05-15 07:24:10
Rock Island Tailrace CHN,3,G72BC7149,2026-05-09 16:35:26,2026-05-11 15:52:00,Priest BRZ,1,2026-05-15 23:38:32
Rock Island Tailrace CHN,3,G72BC7149,2026-05-09 16:35:26,2026-05-11 15:52:00,Lower Ringold,1,2026-05-16 10:55:43
Rock Island Tailrace CHN,3,G72BC7149,2026-05-09 16:35:26,2026-05-11 15:52:00,Hanford,1,2026-05-16 14:03:27
Rock Island Tailrace CHN,1,G72BEDA57,2026-05-12 16:24:34,2026-05-15 16:06:00,Crescent Bar,1,2026-05-16 09:28:28
Rock Island Tailrace CHN,1,G72BEDA57,2026-05-12 16:24:34,2026-05-15 16:06:00,Sunland,1,2026-05-19 01:41:01
Rock Island Tailrace CHN,1,G72BEDA57,2026-05-12 16:24:34,2026-05-15 16:06:00,Wanapum BRZ,1,2026-05-19 17:27:15
Rock Island Tailrace CHN,1,G72BEDA57,2026-05-12 16:24:34,2026-05-15 16:06:00,Mattawa,1,2026-05-20 01:58:54
Rock Island Tailrace CHN,1,G72BEDA57,2026-05-12 16:24:34,2026-05-15 16:06:00,Priest BRZ,1,2026-05-20 11:10:27
Rock Island Tailrace CHN,1,G72BEDA57,2026-05-12 16:24:34,2026-05-15 16:06:00,Lower Ringold,1,2026-05-21 01:27:37
Rock Island Tailrace CHN,1,G72BEDA57,2026-05-12 16:24:34,2026-05-15 16:06:00,Hanford,1,2026-05-21 04:53:54
Rock Island Tailrace CHN,1,G72BFA2A9,2026-05-11 16:29:59,2026-05-14 15:44:00,Crescent Bar,1,2026-05-15 07:15:09
Rock Island Tailrace CHN,1,G72BFA2A9,2026-05-11 16:29:59,2026-05-14 15:44:00,Sunland,1,2026-05-19 06:18:16
Rock Island Tailrace CHN,1,G72BFA2A9,2026-05-11 16:29:59,2026-05-14 15:44:00,Wanapum BRZ,1,2026-05-19 19:53:19
Rock Island Tailrace CHN,1,G72BFA2A9,2026-05-11 16:29:59,2026-05-14 15:44:00,Mattawa,1,2026-05-20 09:44:42
Rock Island Tailrace CHN,1,G72BFA2A9,2026-05-11 16:29:59,2026-05-14 15:44:00,Priest BRZ,1,2026-05-21 06:56:18
Rock Island Tailrace CHN,1,G72BFA2A9,2026-05-11 16:29:59,2026-05-14 15:44:00,Lower Ringold,1,2026-05-22 03:30:54
Rock Island Tailrace CHN,1,G72BFA2A9,2026-05-11 16:29:59,2026-05-14 15:44:00,Hanford,1,2026-05-22 07:14:50
Rock Island Tailrace CHN,1,G72C01FC8,2026-05-08 16:22:10,2026-05-10 15:37:00,Crescent Bar,1,2026-05-11 10:08:54
Rock Island Tailrace CHN,1,G72C01FC8,2026-05-08 16:22:10,2026-05-10 15:37:00,Sunland,1,2026-05-12 11:54:05
Rock Island Tailrace CHN,1,G72C01FC8,2026-05-08 16:22:10,2026-05-10 15:37:00,Wanapum BRZ,1,2026-05-14 02:27:30
Rock Island Tailrace CHN,1,G72C01FC8,2026-05-08 16:22:10,2026-05-10 15:37:00,Mattawa,1,2026-05-14 05:00:31
Rock Island Tailrace CHN,1,G72C01FC8,2026-05-08 16:22:10,2026-05-10 15:37:00,Priest BRZ,0,
Rock Island Tailrace CHN,1,G72C01FC8,2026-05-08 16:22:10,2026-05-10 15:37:00,Lower Ringold,0,
Rock Island Tailrace CHN,1,G72C01FC8,2026-05-08 16:22:10,2026-05-10 15:37:00,Hanford,0,
Rock Island Tailrace CHN,1,G72C02A49,2026-05-09 16:48:19,2026-05-11 15:52:00,Crescent Bar,1,2026-05-12 03:33:51
Rock Island Tailrace CHN,1,G72C02A49,2026-05-09 16:48:19,2026-05-11 15:52:00,Sunland,1,2026-05-12 15:02:11
Rock Island Tailrace CHN,1,G72C02A49,2026-05-09 16:48:19,2026-05-11 15:52:00,Wanapum BRZ,1,2026-05-13 08:02:42
Rock Island Tailrace CHN,1,G72C02A49,2026-05-09 16:48:19,2026-05-11 15:52:00,Mattawa,1,2026-05-13 15:52:42
Rock Island Tailrace CHN,1,G72C02A49,2026-05-09 16:48:19,2026-05-11 15:52:00,Priest BRZ,1,2026-05-14 08:46:43
Rock Island Tailrace CHN,1,G72C02A49,2026-05-09 16:48:19,2026-05-11 15:52:00,Lower Ringold,1,2026-05-16 09:05:06
Rock Island Tailrace CHN,1,G72C02A49,2026-05-09 16:48:19,2026-05-11 15:52:00,Hanford,1,2026-05-16 12:05:37
Rock Island Tailrace CHN,1,G72C084F9,2026-05-10 15:44:38,2026-05-12 15:36:00,Crescent Bar,1,2026-05-13 05:21:40
Rock Island Tailrace CHN,1,G72C084F9,2026-05-10 15:44:38,2026-05-12 15:36:00,Sunland,1,2026-05-13 15:45:20
Rock Island Tailrace CHN,1,G72C084F9,2026-05-10 15:44:38,2026-05-12 15:36:00,Wanapum BRZ,1,2026-05-15 00:30:23
Rock Island Tailrace CHN,1,G72C084F9,2026-05-10 15:44:38,2026-05-12 15:36:00,Mattawa,1,2026-05-15 06:12:38
Rock Island Tailrace CHN,1,G72C084F9,2026-05-10 15:44:38,2026-05-12 15:36:00,Priest BRZ,1,2026-05-15 20:52:03
Rock Island Tailrace CHN,1,G72C084F9,2026-05-10 15:44:38,2026-05-12 15:36:00,Lower Ringold,1,2026-05-16 08:41:58
Rock Island Tailrace CHN,1,G72C084F9,2026-05-10 15:44:38,2026-05-12 15:36:00,Hanford,1,2026-05-16 11:52:04
Rock Island Tailrace CHN,2,G72C158C9,2026-05-11 16:13:51,2026-05-14 15:44:00,Crescent Bar,1,2026-05-15 01:47:55
Rock Island Tailrace CHN,2,G72C158C9,2026-05-11 16:13:51,2026-05-14 15:44:00,Sunland,1,2026-05-15 21:35:34
Rock Island Tailrace CHN,2,G72C158C9,2026-05-11 16:13:51,2026-05-14 15:44:00,Wanapum BRZ,1,2026-05-17 23:57:56
Rock Island Tailrace CHN,2,G72C158C9,2026-05-11 16:13:51,2026-05-14 15:44:00,Mattawa,1,2026-05-18 14:35:21
Rock Island Tailrace CHN,2,G72C158C9,2026-05-11 16:13:51,2026-05-14 15:44:00,Priest BRZ,1,2026-05-26 08:48:48
Rock Island Tailrace CHN,2,G72C158C9,2026-05-11 16:13:51,2026-05-14 15:44:00,Lower Ringold,1,2026-05-27 12:44:52
Rock Island Tailrace CHN,2,G72C158C9,2026-05-11 16:13:51,2026-05-14 15:44:00,Hanford,1,2026-05-27 15:36:40
Rock Island Tailrace CHN,2,G72C177AB,2026-05-06 17:42:28,2026-05-09 15:47:00,Crescent Bar,1,2026-05-10 08:11:13
Rock Island Tailrace CHN,2,G72C177AB,2026-05-06 17:42:28,2026-05-09 15:47:00,Sunland,1,2026-05-13 11:10:58
Rock Island Tailrace CHN,2,G72C177AB,2026-05-06 17:42:28,2026-05-09 15:47:00,Wanapum BRZ,1,2026-05-14 17:07:19
Rock Island Tailrace CHN,2,G72C177AB,2026-05-06 17:42:28,2026-05-09 15:47:00,Mattawa,1,2026-05-14 21:20:23
Rock Island Tailrace CHN,2,G72C177AB,2026-05-06 17:42:28,2026-05-09 15:47:00,Priest BRZ,1,2026-05-15 11:43:58
Rock Island Tailrace CHN,2,G72C177AB,2026-05-06 17:42:28,2026-05-09 15:47:00,Lower Ringold,1,2026-05-16 07:14:09
Rock Island Tailrace CHN,2,G72C177AB,2026-05-06 17:42:28,2026-05-09 15:47:00,Hanford,1,2026-05-17 16:18:32
Rock Island Tailrace CHN,3,G72C1805C,2026-05-12 16:27:55,2026-05-15 16:06:00,Crescent Bar,1,2026-05-18 05:48:49
Rock Island Tailrace CHN,3,G72C1805C,2026-05-12 16:27:55,2026-05-15 16:06:00,Sunland,1,2026-05-19 09:46:30
Rock Island Tailrace CHN,3,G72C1805C,2026-05-12 16:27:55,2026-05-15 16:06:00,Wanapum BRZ,1,2026-05-20 10:47:49
Rock Island Tailrace CHN,3,G72C1805C,2026-05-12 16:27:55,2026-05-15 16:06:00,Mattawa,1,2026-05-20 13:30:46
Rock Island Tailrace CHN,3,G72C1805C,2026-05-12 16:27:55,2026-05-15 16:06:00,Priest BRZ,1,2026-05-21 06:49:31
Rock Island Tailrace CHN,3,G72C1805C,2026-05-12 16:27:55,2026-05-15 16:06:00,Lower Ringold,1,2026-05-21 18:51:01
Rock Island Tailrace CHN,3,G72C1805C,2026-05-12 16:27:55,2026-05-15 16:06:00,Hanford,1,2026-05-22 06:13:02
Rock Island Tailrace CHN,1,G72C2D4B3,2026-05-06 17:17:27,2026-05-09 15:47:00,Crescent Bar,1,2026-05-09 21:53:48
Rock Island Tailrace CHN,1,G72C2D4B3,2026-05-06 17:17:27,2026-05-09 15:47:00,Sunland,1,2026-05-10 09:18:04
Rock Island Tailrace CHN,1,G72C2D4B3,2026-05-06 17:17:27,2026-05-09 15:47:00,Wanapum BRZ,1,2026-05-11 07:59:18
Rock Island Tailrace CHN,1,G72C2D4B3,2026-05-06 17:17:27,2026-05-09 15:47:00,Mattawa,1,2026-05-11 10:31:42
Rock Island Tailrace CHN,1,G72C2D4B3,2026-05-06 17:17:27,2026-05-09 15:47:00,Priest BRZ,1,2026-05-12 01:32:12
Rock Island Tailrace CHN,1,G72C2D4B3,2026-05-06 17:17:27,2026-05-09 15:47:00,Lower Ringold,1,2026-05-14 00:59:59
Rock Island Tailrace CHN,1,G72C2D4B3,2026-05-06 17:17:27,2026-05-09 15:47:00,Hanford,1,2026-05-14 04:48:35
Rock Island Tailrace CHN,1,G72C7A269,2026-05-06 17:34:17,2026-05-09 15:47:00,Crescent Bar,1,2026-05-10 07:54:15
Rock Island Tailrace CHN,1,G72C7A269,2026-05-06 17:34:17,2026-05-09 15:47:00,Sunland,1,2026-05-11 01:45:31
Rock Island Tailrace CHN,1,G72C7A269,2026-05-06 17:34:17,2026-05-09 15:47:00,Wanapum BRZ,1,2026-05-12 04:17:16
Rock Island Tailrace CHN,1,G72C7A269,2026-05-06 17:34:17,2026-05-09 15:47:00,Mattawa,1,2026-05-13 00:15:50
Rock Island Tailrace CHN,1,G72C7A269,2026-05-06 17:34:17,2026-05-09 15:47:00,Priest BRZ,1,2026-05-14 10:44:18
Rock Island Tailrace CHN,1,G72C7A269,2026-05-06 17:34:17,2026-05-09 15:47:00,Lower Ringold,1,2026-05-15 13:15:03
Rock Island Tailrace CHN,1,G72C7A269,2026-05-06 17:34:17,2026-05-09 15:47:00,Hanford,1,2026-05-15 18:04:16
Rock Island Tailrace CHN,1,G72C7BB68,2026-05-08 16:35:39,2026-05-10 15:37:00,Crescent Bar,1,2026-05-11 04:41:28
Rock Island Tailrace CHN,1,G72C7BB68,2026-05-08 16:35:39,2026-05-10 15:37:00,Sunland,1,2026-05-11 15:34:21
Rock Island Tailrace CHN,1,G72C7BB68,2026-05-08 16:35:39,2026-05-10 15:37:00,Wanapum BRZ,1,2026-05-12 05:02:38
Rock Island Tailrace CHN,1,G72C7BB68,2026-05-08 16:35:39,2026-05-10 15:37:00,Mattawa,1,2026-06-07 08:29:42
Rock Island Tailrace CHN,1,G72C7BB68,2026-05-08 16:35:39,2026-05-10 15:37:00,Priest BRZ,1,2026-06-07 15:27:26
Rock Island Tailrace CHN,1,G72C7BB68,2026-05-08 16:35:39,2026-05-10 15:37:00,Lower Ringold,1,2026-06-10 01:11:19
Rock Island Tailrace CHN,1,G72C7BB68,2026-05-08 16:35:39,2026-05-10 15:37:00,Hanford,1,2026-06-10 04:07:36
Rock Island Tailrace CHN,1,G72C8F795,2026-05-08 16:32:27,2026-05-10 15:37:00,Crescent Bar,1,2026-05-11 00:12:43
Rock Island Tailrace CHN,1,G72C8F795,2026-05-08 16:32:27,2026-05-10 15:37:00,Sunland,1,2026-05-11 13:40:21
Rock Island Tailrace CHN,1,G72C8F795,2026-05-08 16:32:27,2026-05-10 15:37:00,Wanapum BRZ,1,2026-05-14 13:17:02
Rock Island Tailrace CHN,1,G72C8F795,2026-05-08 16:32:27,2026-05-10 15:37:00,Mattawa,1,2026-05-14 16:31:38
Rock Island Tailrace CHN,1,G72C8F795,2026-05-08 16:32:27,2026-05-10 15:37:00,Priest BRZ,1,2026-05-16 07:15:02
Rock Island Tailrace CHN,1,G72C8F795,2026-05-08 16:32:27,2026-05-10 15:37:00,Lower Ringold,1,2026-05-18 05:57:09
Rock Island Tailrace CHN,1,G72C8F795,2026-05-08 16:32:27,2026-05-10 15:37:00,Hanford,1,2026-05-18 10:00:46
Rock Island Tailrace CHN,3,G72C9ACAA,2026-05-09 16:39:03,2026-05-11 15:52:00,Crescent Bar,1,2026-05-12 06:20:54
Rock Island Tailrace CHN,3,G72C9ACAA,2026-05-09 16:39:03,2026-05-11 15:52:00,Sunland,1,2026-05-13 10:20:33
Rock Island Tailrace CHN,3,G72C9ACAA,2026-05-09 16:39:03,2026-05-11 15:52:00,Wanapum BRZ,1,2026-05-15 13:06:43
Rock Island Tailrace CHN,3,G72C9ACAA,2026-05-09 16:39:03,2026-05-11 15:52:00,Mattawa,1,2026-05-15 19:28:55
Rock Island Tailrace CHN,3,G72C9ACAA,2026-05-09 16:39:03,2026-05-11 15:52:00,Priest BRZ,1,2026-05-16 23:52:10
Rock Island Tailrace CHN,3,G72C9ACAA,2026-05-09 16:39:03,2026-05-11 15:52:00,Lower Ringold,1,2026-05-17 11:24:54
Rock Island Tailrace CHN,3,G72C9ACAA,2026-05-09 16:39:03,2026-05-11 15:52:00,Hanford,1,2026-05-17 15:49:22
Rock Island Tailrace CHN,3,G72C9C2D0,2026-05-08 16:29:41,2026-05-10 15:37:00,Crescent Bar,1,2026-05-10 23:09:06
Rock Island Tailrace CHN,3,G72C9C2D0,2026-05-08 16:29:41,2026-05-10 15:37:00,Sunland,1,2026-05-11 12:22:32
Rock Island Tailrace CHN,3,G72C9C2D0,2026-05-08 16:29:41,2026-05-10 15:37:00,Wanapum BRZ,1,2026-05-12 15:05:27
Rock Island Tailrace CHN,3,G72C9C2D0,2026-05-08 16:29:41,2026-05-10 15:37:00,Mattawa,1,2026-05-12 22:26:34
Rock Island Tailrace CHN,3,G72C9C2D0,2026-05-08 16:29:41,2026-05-10 15:37:00,Priest BRZ,1,2026-05-13 12:53:56
Rock Island Tailrace CHN,3,G72C9C2D0,2026-05-08 16:29:41,2026-05-10 15:37:00,Lower Ringold,1,2026-05-14 09:52:07
Rock Island Tailrace CHN,3,G72C9C2D0,2026-05-08 16:29:41,2026-05-10 15:37:00,Hanford,1,2026-05-14 13:05:57
Rock Island Tailrace CHN,3,G72CA44D4,2026-05-07 16:23:07,2026-05-09 15:47:00,Crescent Bar,1,2026-05-10 10:11:13
Rock Island Tailrace CHN,3,G72CA44D4,2026-05-07 16:23:07,2026-05-09 15:47:00,Sunland,1,2026-05-11 18:16:42
Rock Island Tailrace CHN,3,G72CA44D4,2026-05-07 16:23:07,2026-05-09 15:47:00,Wanapum BRZ,1,2026-05-14 01:15:55
Rock Island Tailrace CHN,3,G72CA44D4,2026-05-07 16:23:07,2026-05-09 15:47:00,Mattawa,0,
Rock Island Tailrace CHN,3,G72CA44D4,2026-05-07 16:23:07,2026-05-09 15:47:00,Priest BRZ,0,
Rock Island Tailrace CHN,3,G72CA44D4,2026-05-07 16:23:07,2026-05-09 15:47:00,Lower Ringold,0,
Rock Island Tailrace CHN,3,G72CA44D4,2026-05-07 16:23:07,2026-05-09 15:47:00,Hanford,0,
Rock Island Tailrace CHN,2,G72CA6FD7,2026-05-07 16:20:25,2026-05-09 15:47:00,Crescent Bar,1,2026-05-09 23:16:42
Rock Island Tailrace CHN,2,G72CA6FD7,2026-05-07 16:20:25,2026-05-09 15:47:00,Sunland,1,2026-05-10 09:52:02
Rock Island Tailrace CHN,2,G72CA6FD7,2026-05-07 16:20:25,2026-05-09 15:47:00,Wanapum BRZ,1,2026-05-11 15:27:59
Rock Island Tailrace CHN,2,G72CA6FD7,2026-05-07 16:20:25,2026-05-09 15:47:00,Mattawa,1,2026-05-11 19:47:18
Rock Island Tailrace CHN,2,G72CA6FD7,2026-05-07 16:20:25,2026-05-09 15:47:00,Priest BRZ,1,2026-05-12 20:29:02
Rock Island Tailrace CHN,2,G72CA6FD7,2026-05-07 16:20:25,2026-05-09 15:47:00,Lower Ringold,1,2026-05-13 09:23:27
Rock Island Tailrace CHN,2,G72CA6FD7,2026-05-07 16:20:25,2026-05-09 15:47:00,Hanford,1,2026-05-13 12:30:19
Rock Island Tailrace CHN,1,G72CAAE43,2026-05-06 17:42:56,2026-05-09 15:47:00,Crescent Bar,1,2026-05-09 22:26:50
Rock Island Tailrace CHN,1,G72CAAE43,2026-05-06 17:42:56,2026-05-09 15:47:00,Sunland,1,2026-05-10 08:28:24
Rock Island Tailrace CHN,1,G72CAAE43,2026-05-06 17:42:56,2026-05-09 15:47:00,Wanapum BRZ,1,2026-05-11 22:13:00
Rock Island Tailrace CHN,1,G72CAAE43,2026-05-06 17:42:56,2026-05-09 15:47:00,Mattawa,0,
Rock Island Tailrace CHN,1,G72CAAE43,2026-05-06 17:42:56,2026-05-09 15:47:00,Priest BRZ,0,
Rock Island Tailrace CHN,1,G72CAAE43,2026-05-06 17:42:56,2026-05-09 15:47:00,Lower Ringold,0,
Rock Island Tailrace CHN,1,G72CAAE43,2026-05-06 17:42:56,2026-05-09 15:47:00,Hanford,0,
Rock Island Tailrace CHN,1,G72CC70A1,2026-05-09 16:15:05,2026-05-11 15:52:00,Crescent Bar,1,2026-05-12 08:19:20
Rock Island Tailrace CHN,1,G72CC70A1,2026-05-09 16:15:05,2026-05-11 15:52:00,Sunland,1,2026-05-15 11:41:37
Rock Island Tailrace CHN,1,G72CC70A1,2026-05-09 16:15:05,2026-05-11 15:52:00,Wanapum BRZ,1,2026-05-18 23:20:20
Rock Island Tailrace CHN,1,G72CC70A1,2026-05-09 16:15:05,2026-05-11 15:52:00,Mattawa,1,2026-05-21 07:14:29
Rock Island Tailrace CHN,1,G72CC70A1,2026-05-09 16:15:05,2026-05-11 15:52:00,Priest BRZ,0,
Rock Island Tailrace CHN,1,G72CC70A1,2026-05-09 16:15:05,2026-05-11 15:52:00,Lower Ringold,0,
Rock Island Tailrace CHN,1,G72CC70A1,2026-05-09 16:15:05,2026-05-11 15:52:00,Hanford,0,
Rock Island Tailrace CHN,3,G72CE64CC,2026-05-09 16:33:54,2026-05-11 15:52:00,Crescent Bar,1,2026-05-12 03:39:00
Rock Island Tailrace CHN,3,G72CE64CC,2026-05-09 16:33:54,2026-05-11 15:52:00,Sunland,1,2026-05-12 11:51:23
Rock Island Tailrace CHN,3,G72CE64CC,2026-05-09 16:33:54,2026-05-11 15:52:00,Wanapum BRZ,1,2026-05-14 00:26:10
Rock Island Tailrace CHN,3,G72CE64CC,2026-05-09 16:33:54,2026-05-11 15:52:00,Mattawa,0,
Rock Island Tailrace CHN,3,G72CE64CC,2026-05-09 16:33:54,2026-05-11 15:52:00,Priest BRZ,0,
Rock Island Tailrace CHN,3,G72CE64CC,2026-05-09 16:33:54,2026-05-11 15:52:00,Lower Ringold,0,
Rock Island Tailrace CHN,3,G72CE64CC,2026-05-09 16:33:54,2026-05-11 15:52:00,Hanford,0,
Rock Island Tailrace CHN,3,G72CE6EB2,2026-05-07 16:19:11,2026-05-09 15:47:00,Crescent Bar,1,2026-05-09 22:04:40
Rock Island Tailrace CHN,3,G72CE6EB2,2026-05-07 16:19:11,2026-05-09 15:47:00,Sunland,1,2026-05-10 21:43:52
Rock Island Tailrace CHN,3,G72CE6EB2,2026-05-07 16:19:11,2026-05-09 15:47:00,Wanapum BRZ,1,2026-05-12 06:28:15
Rock Island Tailrace CHN,3,G72CE6EB2,2026-05-07 16:19:11,2026-05-09 15:47:00,Mattawa,1,2026-05-12 09:14:27
Rock Island Tailrace CHN,3,G72CE6EB2,2026-05-07 16:19:11,2026-05-09 15:47:00,Priest BRZ,1,2026-05-13 08:12:43
Rock Island Tailrace CHN,3,G72CE6EB2,2026-05-07 16:19:11,2026-05-09 15:47:00,Lower Ringold,0,
Rock Island Tailrace CHN,3,G72CE6EB2,2026-05-07 16:19:11,2026-05-09 15:47:00,Hanford,0,
Rock Island Tailrace CHN,3,G72CEB838,2026-05-08 16:48:37,2026-05-10 15:37:00,Crescent Bar,1,2026-05-11 02:58:01
Rock Island Tailrace CHN,3,G72CEB838,2026-05-08 16:48:37,2026-05-10 15:37:00,Sunland,1,2026-05-11 12:16:12
Rock Island Tailrace CHN,3,G72CEB838,2026-05-08 16:48:37,2026-05-10 15:37:00,Wanapum BRZ,1,2026-05-12 10:32:38
Rock Island Tailrace CHN,3,G72CEB838,2026-05-08 16:48:37,2026-05-10 15:37:00,Mattawa,1,2026-05-12 16:11:03
Rock Island Tailrace CHN,3,G72CEB838,2026-05-08 16:48:37,2026-05-10 15:37:00,Priest BRZ,1,2026-05-13 06:42:42
Rock Island Tailrace CHN,3,G72CEB838,2026-05-08 16:48:37,2026-05-10 15:37:00,Lower Ringold,0,
Rock Island Tailrace CHN,3,G72CEB838,2026-05-08 16:48:37,2026-05-10 15:37:00,Hanford,0,
Rock Island Tailrace CHN,3,G72CEBEE5,2026-05-14 16:35:57,2026-05-16 15:36:00,Crescent Bar,1,2026-05-17 06:06:35
Rock Island Tailrace CHN,3,G72CEBEE5,2026-05-14 16:35:57,2026-05-16 15:36:00,Sunland,1,2026-05-17 16:45:16
Rock Island Tailrace CHN,3,G72CEBEE5,2026-05-14 16:35:57,2026-05-16 15:36:00,Wanapum BRZ,1,2026-05-18 20:11:05
Rock Island Tailrace CHN,3,G72CEBEE5,2026-05-14 16:35:57,2026-05-16 15:36:00,Mattawa,1,2026-05-18 23:05:33
Rock Island Tailrace CHN,3,G72CEBEE5,2026-05-14 16:35:57,2026-05-16 15:36:00,Priest BRZ,1,2026-05-19 10:00:41
Rock Island Tailrace CHN,3,G72CEBEE5,2026-05-14 16:35:57,2026-05-16 15:36:00,Lower Ringold,1,2026-05-20 05:52:33
Rock Island Tailrace CHN,3,G72CEBEE5,2026-05-14 16:35:57,2026-05-16 15:36:00,Hanford,1,2026-05-20 09:58:07
Rock Island Tailrace CHN,1,G72D18B90,2026-05-09 16:47:14,2026-05-11 15:52:00,Crescent Bar,1,2026-05-13 03:53:52
Rock Island Tailrace CHN,1,G72D18B90,2026-05-09 16:47:14,2026-05-11 15:52:00,Sunland,1,2026-05-14 00:35:31
Rock Island Tailrace CHN,1,G72D18B90,2026-05-09 16:47:14,2026-05-11 15:52:00,Wanapum BRZ,1,2026-05-15 14:17:32
Rock Island Tailrace CHN,1,G72D18B90,2026-05-09 16:47:14,2026-05-11 15:52:00,Mattawa,1,2026-05-15 19:38:36
Rock Island Tailrace CHN,1,G72D18B90,2026-05-09 16:47:14,2026-05-11 15:52:00,Priest BRZ,1,2026-05-17 05:35:25
Rock Island Tailrace CHN,1,G72D18B90,2026-05-09 16:47:14,2026-05-11 15:52:00,Lower Ringold,1,2026-05-17 17:33:27
Rock Island Tailrace CHN,1,G72D18B90,2026-05-09 16:47:14,2026-05-11 15:52:00,Hanford,1,2026-05-18 04:52:58
Rock Island Tailrace CHN,3,G72D24510,2026-05-14 17:21:29,2026-05-16 15:36:00,Crescent Bar,1,2026-05-17 05:45:19
Rock Island Tailrace CHN,3,G72D24510,2026-05-14 17:21:29,2026-05-16 15:36:00,Sunland,1,2026-05-17 14:10:39
Rock Island Tailrace CHN,3,G72D24510,2026-05-14 17:21:29,2026-05-16 15:36:00,Wanapum BRZ,1,2026-05-20 21:26:58
Rock Island Tailrace CHN,3,G72D24510,2026-05-14 17:21:29,2026-05-16 15:36:00,Mattawa,1,2026-05-21 02:46:49
Rock Island Tailrace CHN,3,G72D24510,2026-05-14 17:21:29,2026-05-16 15:36:00,Priest BRZ,1,2026-05-21 09:44:59
Rock Island Tailrace CHN,3,G72D24510,2026-05-14 17:21:29,2026-05-16 15:36:00,Lower Ringold,1,2026-05-22 00:04:17
Rock Island Tailrace CHN,3,G72D24510,2026-05-14 17:21:29,2026-05-16 15:36:00,Hanford,1,2026-05-22 03:14:22
Rock Island Tailrace CHN,2,G72D268CE,2026-05-12 16:18:40,2026-05-15 16:06:00,Crescent Bar,1,2026-05-16 05:47:55
Rock Island Tailrace CHN,2,G72D268CE,2026-05-12 16:18:40,2026-05-15 16:06:00,Sunland,1,2026-05-16 14:30:03
Rock Island Tailrace CHN,2,G72D268CE,2026-05-12 16:18:40,2026-05-15 16:06:00,Wanapum BRZ,1,2026-05-17 06:41:20
Rock Island Tailrace CHN,2,G72D268CE,2026-05-12 16:18:40,2026-05-15 16:06:00,Mattawa,1,2026-05-17 09:27:06
Rock Island Tailrace CHN,2,G72D268CE,2026-05-12 16:18:40,2026-05-15 16:06:00,Priest BRZ,1,2026-05-18 12:38:22
Rock Island Tailrace CHN,2,G72D268CE,2026-05-12 16:18:40,2026-05-15 16:06:00,Lower Ringold,1,2026-05-19 08:20:16
Rock Island Tailrace CHN,2,G72D268CE,2026-05-12 16:18:40,2026-05-15 16:06:00,Hanford,1,2026-05-19 11:12:12
Rock Island Tailrace CHN,2,G72D2A95A,2026-05-12 16:25:06,2026-05-15 16:06:00,Crescent Bar,1,2026-05-16 00:57:43
Rock Island Tailrace CHN,2,G72D2A95A,2026-05-12 16:25:06,2026-05-15 16:06:00,Sunland,1,2026-05-18 11:29:02
Rock Island Tailrace CHN,2,G72D2A95A,2026-05-12 16:25:06,2026-05-15 16:06:00,Wanapum BRZ,1,2026-05-19 09:51:56
Rock Island Tailrace CHN,2,G72D2A95A,2026-05-12 16:25:06,2026-05-15 16:06:00,Mattawa,1,2026-05-19 14:09:33
Rock Island Tailrace CHN,2,G72D2A95A,2026-05-12 16:25:06,2026-05-15 16:06:00,Priest BRZ,1,2026-05-19 20:42:31
Rock Island Tailrace CHN,2,G72D2A95A,2026-05-12 16:25:06,2026-05-15 16:06:00,Lower Ringold,1,2026-05-20 09:31:09
Rock Island Tailrace CHN,2,G72D2A95A,2026-05-12 16:25:06,2026-05-15 16:06:00,Hanford,1,2026-05-20 16:32:09
Rock Island Tailrace CHN,1,G72D3284C,2026-05-09 16:44:08,2026-05-11 15:52:00,Crescent Bar,1,2026-05-12 01:15:45
Rock Island Tailrace CHN,1,G72D3284C,2026-05-09 16:44:08,2026-05-11 15:52:00,Sunland,1,2026-05-12 13:33:29
Rock Island Tailrace CHN,1,G72D3284C,2026-05-09 16:44:08,2026-05-11 15:52:00,Wanapum BRZ,1,2026-05-14 15:38:15
Rock Island Tailrace CHN,1,G72D3284C,2026-05-09 16:44:08,2026-05-11 15:52:00,Mattawa,1,2026-05-14 18:55:32
Rock Island Tailrace CHN,1,G72D3284C,2026-05-09 16:44:08,2026-05-11 15:52:00,Priest BRZ,1,2026-05-15 10:35:17
Rock Island Tailrace CHN,1,G72D3284C,2026-05-09 16:44:08,2026-05-11 15:52:00,Lower Ringold,1,2026-05-16 00:41:42
Rock Island Tailrace CHN,1,G72D3284C,2026-05-09 16:44:08,2026-05-11 15:52:00,Hanford,1,2026-05-16 04:30:43
Rock Island Tailrace CHN,1,G72D39B9C,2026-05-08 16:24:30,2026-05-10 15:37:00,Crescent Bar,1,2026-05-11 02:14:52
Rock Island Tailrace CHN,1,G72D39B9C,2026-05-08 16:24:30,2026-05-10 15:37:00,Sunland,1,2026-05-11 12:43:33
Rock Island Tailrace CHN,1,G72D39B9C,2026-05-08 16:24:30,2026-05-10 15:37:00,Wanapum BRZ,1,2026-05-12 14:12:00
Rock Island Tailrace CHN,1,G72D39B9C,2026-05-08 16:24:30,2026-05-10 15:37:00,Mattawa,1,2026-05-12 20:51:21
Rock Island Tailrace CHN,1,G72D39B9C,2026-05-08 16:24:30,2026-05-10 15:37:00,Priest BRZ,1,2026-05-13 06:22:54
Rock Island Tailrace CHN,1,G72D39B9C,2026-05-08 16:24:30,2026-05-10 15:37:00,Lower Ringold,1,2026-05-13 21:39:19
Rock Island Tailrace CHN,1,G72D39B9C,2026-05-08 16:24:30,2026-05-10 15:37:00,Hanford,1,2026-05-14 05:09:43
Rock Island Tailrace CHN,1,G72D3C558,2026-05-07 16:17:12,2026-05-09 15:47:00,Crescent Bar,1,2026-05-09 21:59:31
Rock Island Tailrace CHN,1,G72D3C558,2026-05-07 16:17:12,2026-05-09 15:47:00,Sunland,1,2026-05-10 08:54:40
Rock Island Tailrace CHN,1,G72D3C558,2026-05-07 16:17:12,2026-05-09 15:47:00,Wanapum BRZ,1,2026-05-11 15:01:57
Rock Island Tailrace CHN,1,G72D3C558,2026-05-07 16:17:12,2026-05-09 15:47:00,Mattawa,1,2026-05-11 18:25:50
Rock Island Tailrace CHN,1,G72D3C558,2026-05-07 16:17:12,2026-05-09 15:47:00,Priest BRZ,1,2026-05-12 15:53:40
Rock Island Tailrace CHN,1,G72D3C558,2026-05-07 16:17:12,2026-05-09 15:47:00,Lower Ringold,1,2026-05-14 05:37:02
Rock Island Tailrace CHN,1,G72D3C558,2026-05-07 16:17:12,2026-05-09 15:47:00,Hanford,1,2026-05-14 08:49:32
Rock Island Tailrace CHN,1,G72D4061E,2026-05-14 16:34:24,2026-05-16 15:36:00,Crescent Bar,1,2026-05-17 11:04:57
Rock Island Tailrace CHN,1,G72D4061E,2026-05-14 16:34:24,2026-05-16 15:36:00,Sunland,1,2026-05-19 10:19:49
Rock Island Tailrace CHN,1,G72D4061E,2026-05-14 16:34:24,2026-05-16 15:36:00,Wanapum BRZ,1,2026-05-20 17:34:43
Rock Island Tailrace CHN,1,G72D4061E,2026-05-14 16:34:24,2026-05-16 15:36:00,Mattawa,1,2026-05-20 22:52:14
Rock Island Tailrace CHN,1,G72D4061E,2026-05-14 16:34:24,2026-05-16 15:36:00,Priest BRZ,1,2026-05-22 00:14:11
Rock Island Tailrace CHN,1,G72D4061E,2026-05-14 16:34:24,2026-05-16 15:36:00,Lower Ringold,1,2026-06-03 00:57:24
Rock Island Tailrace CHN,1,G72D4061E,2026-05-14 16:34:24,2026-05-16 15:36:00,Hanford,1,2026-06-03 04:15:01
Rock Island Tailrace CHN,1,G72D4BEEE,2026-05-09 16:37:46,2026-05-11 15:52:00,Crescent Bar,1,2026-05-11 22:54:15
Rock Island Tailrace CHN,1,G72D4BEEE,2026-05-09 16:37:46,2026-05-11 15:52:00,Sunland,1,2026-05-12 09:57:22
Rock Island Tailrace CHN,1,G72D4BEEE,2026-05-09 16:37:46,2026-05-11 15:52:00,Wanapum BRZ,1,2026-05-13 20:24:48
Rock Island Tailrace CHN,1,G72D4BEEE,2026-05-09 16:37:46,2026-05-11 15:52:00,Mattawa,1,2026-05-14 00:51:13
Rock Island Tailrace CHN,1,G72D4BEEE,2026-05-09 16:37:46,2026-05-11 15:52:00,Priest BRZ,1,2026-05-14 09:51:59
Rock Island Tailrace CHN,1,G72D4BEEE,2026-05-09 16:37:46,2026-05-11 15:52:00,Lower Ringold,1,2026-05-15 13:10:53
Rock Island Tailrace CHN,1,G72D4BEEE,2026-05-09 16:37:46,2026-05-11 15:52:00,Hanford,1,2026-05-15 16:39:52
Rock Island Tailrace CHN,1,G72D4C536,2026-05-06 16:35:23,2026-05-09 15:47:00,Crescent Bar,1,2026-05-09 21:47:01
Rock Island Tailrace CHN,1,G72D4C536,2026-05-06 16:35:23,2026-05-09 15:47:00,Sunland,1,2026-05-10 09:18:16
Rock Island Tailrace CHN,1,G72D4C536,2026-05-06 16:35:23,2026-05-09 15:47:00,Wanapum BRZ,1,2026-05-11 13:34:40
Rock Island Tailrace CHN,1,G72D4C536,2026-05-06 16:35:23,2026-05-09 15:47:00,Mattawa,1,2026-05-11 17:15:02
Rock Island Tailrace CHN,1,G72D4C536,2026-05-06 16:35:23,2026-05-09 15:47:00,Priest BRZ,1,2026-05-12 05:59:07
Rock Island Tailrace CHN,1,G72D4C536,2026-05-06 16:35:23,2026-05-09 15:47:00,Lower Ringold,0,
Rock Island Tailrace CHN,1,G72D4C536,2026-05-06 16:35:23,2026-05-09 15:47:00,Hanford,0,
Rock Island Tailrace CHN,1,G72D4DD69,2026-05-14 16:39:31,2026-05-16 15:36:00,Crescent Bar,1,2026-05-17 06:34:29
Rock Island Tailrace CHN,1,G72D4DD69,2026-05-14 16:39:31,2026-05-16 15:36:00,Sunland,1,2026-05-19 09:54:06
Rock Island Tailrace CHN,1,G72D4DD69,2026-05-14 16:39:31,2026-05-16 15:36:00,Wanapum BRZ,1,2026-05-20 13:01:24
Rock Island Tailrace CHN,1,G72D4DD69,2026-05-14 16:39:31,2026-05-16 15:36:00,Mattawa,0,
Rock Island Tailrace CHN,1,G72D4DD69,2026-05-14 16:39:31,2026-05-16 15:36:00,Priest BRZ,0,
Rock Island Tailrace CHN,1,G72D4DD69,2026-05-14 16:39:31,2026-05-16 15:36:00,Lower Ringold,0,
Rock Island Tailrace CHN,1,G72D4DD69,2026-05-14 16:39:31,2026-05-16 15:36:00,Hanford,0,
Rock Island Tailrace CHN,1,G72D4F4D6,2026-05-07 16:12:14,2026-05-09 15:47:00,Crescent Bar,1,2026-05-10 02:04:11
Rock Island Tailrace CHN,1,G72D4F4D6,2026-05-07 16:12:14,2026-05-09 15:47:00,Sunland,1,2026-05-10 13:12:17
Rock Island Tailrace CHN,1,G72D4F4D6,2026-05-07 16:12:14,2026-05-09 15:47:00,Wanapum BRZ,1,2026-05-11 20:38:49
Rock Island Tailrace CHN,1,G72D4F4D6,2026-05-07 16:12:14,2026-05-09 15:47:00,Mattawa,0,
Rock Island Tailrace CHN,1,G72D4F4D6,2026-05-07 16:12:14,2026-05-09 15:47:00,Priest BRZ,0,
Rock Island Tailrace CHN,1,G72D4F4D6,2026-05-07 16:12:14,2026-05-09 15:47:00,Lower Ringold,0,
Rock Island Tailrace CHN,1,G72D4F4D6,2026-05-07 16:12:14,2026-05-09 15:47:00,Hanford,0,
Rock Island Tailrace CHN,1,G72D712B7,2026-05-12 16:20:33,2026-05-15 16:06:00,Crescent Bar,1,2026-05-16 05:28:28
Rock Island Tailrace CHN,1,G72D712B7,2026-05-12 16:20:33,2026-05-15 16:06:00,Sunland,1,2026-05-16 12:43:26
Rock Island Tailrace CHN,1,G72D712B7,2026-05-12 16:20:33,2026-05-15 16:06:00,Wanapum BRZ,1,2026-05-17 07:46:54
Rock Island Tailrace CHN,1,G72D712B7,2026-05-12 16:20:33,2026-05-15 16:06:00,Mattawa,1,2026-05-17 10:59:45
Rock Island Tailrace CHN,1,G72D712B7,2026-05-12 16:20:33,2026-05-15 16:06:00,Priest BRZ,1,2026-05-18 00:25:19
Rock Island Tailrace CHN,1,G72D712B7,2026-05-12 16:20:33,2026-05-15 16:06:00,Lower Ringold,1,2026-05-19 17:42:22
Rock Island Tailrace CHN,1,G72D712B7,2026-05-12 16:20:33,2026-05-15 16:06:00,Hanford,1,2026-05-19 20:45:54
Rock Island Tailrace CHN,1,G72D7F5DD,2026-05-10 15:45:51,2026-05-12 15:36:00,Crescent Bar,1,2026-05-12 21:52:43
Rock Island Tailrace CHN,1,G72D7F5DD,2026-05-10 15:45:51,2026-05-12 15:36:00,Sunland,1,2026-05-13 12:46:28
Rock Island Tailrace CHN,1,G72D7F5DD,2026-05-10 15:45:51,2026-05-12 15:36:00,Wanapum BRZ,1,2026-05-16 13:12:00
Rock Island Tailrace CHN,1,G72D7F5DD,2026-05-10 15:45:51,2026-05-12 15:36:00,Mattawa,1,2026-05-16 17:22:28
Rock Island Tailrace CHN,1,G72D7F5DD,2026-05-10 15:45:51,2026-05-12 15:36:00,Priest BRZ,1,2026-05-17 12:04:21
Rock Island Tailrace CHN,1,G72D7F5DD,2026-05-10 15:45:51,2026-05-12 15:36:00,Lower Ringold,1,2026-05-19 18:39:02
Rock Island Tailrace CHN,1,G72D7F5DD,2026-05-10 15:45:51,2026-05-12 15:36:00,Hanford,1,2026-05-20 05:22:28
Rock Island Tailrace CHN,1,G72D7F761,2026-05-10 15:50:10,2026-05-12 15:36:00,Crescent Bar,1,2026-05-13 13:52:21
Rock Island Tailrace CHN,1,G72D7F761,2026-05-10 15:50:10,2026-05-12 15:36:00,Sunland,1,2026-05-14 06:07:41
Rock Island Tailrace CHN,1,G72D7F761,2026-05-10 15:50:10,2026-05-12 15:36:00,Wanapum BRZ,1,2026-05-15 17:06:29
Rock Island Tailrace CHN,1,G72D7F761,2026-05-10 15:50:10,2026-05-12 15:36:00,Mattawa,1,2026-05-15 20:24:22
Rock Island Tailrace CHN,1,G72D7F761,2026-05-10 15:50:10,2026-05-12 15:36:00,Priest BRZ,1,2026-05-16 03:39:21
Rock Island Tailrace CHN,1,G72D7F761,2026-05-10 15:50:10,2026-05-12 15:36:00,Lower Ringold,1,2026-05-18 11:39:02
Rock Island Tailrace CHN,1,G72D7F761,2026-05-10 15:50:10,2026-05-12 15:36:00,Hanford,1,2026-05-18 15:30:20
Rock Island Tailrace CHN,1,G72D8EB47,2026-05-11 16:24:02,2026-05-14 15:44:00,Crescent Bar,1,2026-05-14 21:17:57
Rock Island Tailrace CHN,1,G72D8EB47,2026-05-11 16:24:02,2026-05-14 15:44:00,Sunland,1,2026-05-18 02:03:24
Rock Island Tailrace CHN,1,G72D8EB47,2026-05-11 16:24:02,2026-05-14 15:44:00,Wanapum BRZ,1,2026-05-19 14:52:42
Rock Island Tailrace CHN,1,G72D8EB47,2026-05-11 16:24:02,2026-05-14 15:44:00,Mattawa,1,2026-05-19 18:22:26
Rock Island Tailrace CHN,1,G72D8EB47,2026-05-11 16:24:02,2026-05-14 15:44:00,Priest BRZ,1,2026-05-20 05:30:37
Rock Island Tailrace CHN,1,G72D8EB47,2026-05-11 16:24:02,2026-05-14 15:44:00,Lower Ringold,0,
Rock Island Tailrace CHN,1,G72D8EB47,2026-05-11 16:24:02,2026-05-14 15:44:00,Hanford,0,
Rock Island Tailrace CHN,1,G72D8F627,2026-05-06 17:38:26,2026-05-09 15:47:00,Crescent Bar,1,2026-05-09 22:45:28
Rock Island Tailrace CHN,1,G72D8F627,2026-05-06 17:38:26,2026-05-09 15:47:00,Sunland,1,2026-05-10 12:24:31
Rock Island Tailrace CHN,1,G72D8F627,2026-05-06 17:38:26,2026-05-09 15:47:00,Wanapum BRZ,1,2026-05-11 17:38:04
Rock Island Tailrace CHN,1,G72D8F627,2026-05-06 17:38:26,2026-05-09 15:47:00,Mattawa,1,2026-05-12 09:31:55
Rock Island Tailrace CHN,1,G72D8F627,2026-05-06 17:38:26,2026-05-09 15:47:00,Priest BRZ,1,2026-05-13 07:53:03
Rock Island Tailrace CHN,1,G72D8F627,2026-05-06 17:38:26,2026-05-09 15:47:00,Lower Ringold,1,2026-05-13 22:53:37
Rock Island Tailrace CHN,1,G72D8F627,2026-05-06 17:38:26,2026-05-09 15:47:00,Hanford,1,2026-05-14 03:22:08
Rock Island Tailrace CHN,1,G72D95091,2026-05-09 16:20:41,2026-05-11 15:52:00,Crescent Bar,1,2026-05-12 02:48:00
Rock Island Tailrace CHN,1,G72D95091,2026-05-09 16:20:41,2026-05-11 15:52:00,Sunland,1,2026-05-13 08:11:50
Rock Island Tailrace CHN,1,G72D95091,2026-05-09 16:20:41,2026-05-11 15:52:00,Wanapum BRZ,1,2026-05-15 07:10:21
Rock Island Tailrace CHN,1,G72D95091,2026-05-09 16:20:41,2026-05-11 15:52:00,Mattawa,1,2026-05-15 15:11:33
Rock Island Tailrace CHN,1,G72D95091,2026-05-09 16:20:41,2026-05-11 15:52:00,Priest BRZ,1,2026-05-16 09:33:32
Rock Island Tailrace CHN,1,G72D95091,2026-05-09 16:20:41,2026-05-11 15:52:00,Lower Ringold,1,2026-05-17 03:52:05
Rock Island Tailrace CHN,1,G72D95091,2026-05-09 16:20:41,2026-05-11 15:52:00,Hanford,1,2026-05-17 06:58:15
Rock Island Tailrace CHN,3,G72DA1082,2026-05-09 16:18:26,2026-05-11 15:52:00,Crescent Bar,1,2026-05-12 00:14:51
Rock Island Tailrace CHN,3,G72DA1082,2026-05-09 16:18:26,2026-05-11 15:52:00,Sunland,1,2026-05-12 10:24:13
Rock Island Tailrace CHN,3,G72DA1082,2026-05-09 16:18:26,2026-05-11 15:52:00,Wanapum BRZ,0,
Rock Island Tailrace CHN,3,G72DA1082,2026-05-09 16:18:26,2026-05-11 15:52:00,Mattawa,0,
Rock Island Tailrace CHN,3,G72DA1082,2026-05-09 16:18:26,2026-05-11 15:52:00,Priest BRZ,0,
Rock Island Tailrace CHN,3,G72DA1082,2026-05-09 16:18:26,2026-05-11 15:52:00,Lower Ringold,0,
Rock Island Tailrace CHN,3,G72DA1082,2026-05-09 16:18:26,2026-05-11 15:52:00,Hanford,0,
Rock Island Tailrace CHN,3,G72DA1701,2026-05-14 17:20:28,2026-05-16 15:36:00,Crescent Bar,1,2026-05-19 12:50:34
Rock Island Tailrace CHN,3,G72DA1701,2026-05-14 17:20:28,2026-05-16 15:36:00,Sunland,1,2026-05-19 20:01:26
Rock Island Tailrace CHN,3,G72DA1701,2026-05-14 17:20:28,2026-05-16 15:36:00,Wanapum BRZ,1,2026-05-21 16:35:25
Rock Island Tailrace CHN,3,G72DA1701,2026-05-14 17:20:28,2026-05-16 15:36:00,Mattawa,1,2026-05-21 19:28:01
Rock Island Tailrace CHN,3,G72DA1701,2026-05-14 17:20:28,2026-05-16 15:36:00,Priest BRZ,1,2026-05-22 11:03:30
Rock Island Tailrace CHN,3,G72DA1701,2026-05-14 17:20:28,2026-05-16 15:36:00,Lower Ringold,1,2026-05-23 09:29:49
Rock Island Tailrace CHN,3,G72DA1701,2026-05-14 17:20:28,2026-05-16 15:36:00,Hanford,1,2026-05-23 12:17:01
Rock Island Tailrace CHN,1,G72DA8C30,2026-05-08 16:33:05,2026-05-10 15:37:00,Crescent Bar,1,2026-05-11 09:41:00
Rock Island Tailrace CHN,1,G72DA8C30,2026-05-08 16:33:05,2026-05-10 15:37:00,Sunland,1,2026-05-12 06:15:13
Rock Island Tailrace CHN,1,G72DA8C30,2026-05-08 16:33:05,2026-05-10 15:37:00,Wanapum BRZ,1,2026-05-13 15:28:32
Rock Island Tailrace CHN,1,G72DA8C30,2026-05-08 16:33:05,2026-05-10 15:37:00,Mattawa,1,2026-05-13 23:52:45
Rock Island Tailrace CHN,1,G72DA8C30,2026-05-08 16:33:05,2026-05-10 15:37:00,Priest BRZ,1,2026-05-15 07:05:50
Rock Island Tailrace CHN,1,G72DA8C30,2026-05-08 16:33:05,2026-05-10 15:37:00,Lower Ringold,1,2026-05-16 03:46:10
Rock Island Tailrace CHN,1,G72DA8C30,2026-05-08 16:33:05,2026-05-10 15:37:00,Hanford,1,2026-05-16 07:12:43
Rock Island Tailrace CHN,1,G72DB0339,2026-05-11 16:36:39,2026-05-14 15:44:00,Crescent Bar,1,2026-05-15 07:41:05
Rock Island Tailrace CHN,1,G72DB0339,2026-05-11 16:36:39,2026-05-14 15:44:00,Sunland,1,2026-05-15 17:29:10
Rock Island Tailrace CHN,1,G72DB0339,2026-05-11 16:36:39,2026-05-14 15:44:00,Wanapum BRZ,1,2026-05-16 17:42:55
Rock Island Tailrace CHN,1,G72DB0339,2026-05-11 16:36:39,2026-05-14 15:44:00,Mattawa,1,2026-05-16 22:10:31
Rock Island Tailrace CHN,1,G72DB0339,2026-05-11 16:36:39,2026-05-14 15:44:00,Priest BRZ,1,2026-05-17 11:52:36
Rock Island Tailrace CHN,1,G72DB0339,2026-05-11 16:36:39,2026-05-14 15:44:00,Lower Ringold,1,2026-05-18 02:25:06
Rock Island Tailrace CHN,1,G72DB0339,2026-05-11 16:36:39,2026-05-14 15:44:00,Hanford,1,2026-05-18 05:59:43
Rock Island Tailrace CHN,3,G72DB8568,2026-05-07 16:26:07,2026-05-09 15:47:00,Crescent Bar,1,2026-05-09 23:41:12
Rock Island Tailrace CHN,3,G72DB8568,2026-05-07 16:26:07,2026-05-09 15:47:00,Sunland,1,2026-05-10 21:55:36
Rock Island Tailrace CHN,3,G72DB8568,2026-05-07 16:26:07,2026-05-09 15:47:00,Wanapum BRZ,1,2026-05-12 15:49:50
Rock Island Tailrace CHN,3,G72DB8568,2026-05-07 16:26:07,2026-05-09 15:47:00,Mattawa,1,2026-05-13 07:21:11
Rock Island Tailrace CHN,3,G72DB8568,2026-05-07 16:26:07,2026-05-09 15:47:00,Priest BRZ,1,2026-05-14 00:53:14
Rock Island Tailrace CHN,3,G72DB8568,2026-05-07 16:26:07,2026-05-09 15:47:00,Lower Ringold,1,2026-05-14 17:58:34
Rock Island Tailrace CHN,3,G72DB8568,2026-05-07 16:26:07,2026-05-09 15:47:00,Hanford,1,2026-05-15 11:03:31
Rock Island Tailrace CHN,3,G72DB9F8B,2026-05-09 16:44:56,2026-05-11 15:52:00,Crescent Bar,1,2026-05-12 02:42:29
Rock Island Tailrace CHN,3,G72DB9F8B,2026-05-09 16:44:56,2026-05-11 15:52:00,Sunland,1,2026-05-12 12:26:01
Rock Island Tailrace CHN,3,G72DB9F8B,2026-05-09 16:44:56,2026-05-11 15:52:00,Wanapum BRZ,1,2026-05-13 23:02:31
Rock Island Tailrace CHN,3,G72DB9F8B,2026-05-09 16:44:56,2026-05-11 15:52:00,Mattawa,1,2026-05-14 05:03:02
Rock Island Tailrace CHN,3,G72DB9F8B,2026-05-09 16:44:56,2026-05-11 15:52:00,Priest BRZ,1,2026-05-15 05:56:47
Rock Island Tailrace CHN,3,G72DB9F8B,2026-05-09 16:44:56,2026-05-11 15:52:00,Lower Ringold,1,2026-05-16 08:33:40
Rock Island Tailrace CHN,3,G72DB9F8B,2026-05-09 16:44:56,2026-05-11 15:52:00,Hanford,1,2026-05-16 11:27:32
Rock Island Tailrace CHN,3,G72DBC3F3,2026-05-11 16:17:45,2026-05-14 15:44:00,Crescent Bar,1,2026-05-15 06:05:03
Rock Island Tailrace CHN,3,G72DBC3F3,2026-05-11 16:17:45,2026-05-14 15:44:00,Sunland,1,2026-05-16 04:52:03
Rock Island Tailrace CHN,3,G72DBC3F3,2026-05-11 16:17:45,2026-05-14 15:44:00,Wanapum BRZ,1,2026-05-17 16:13:32
Rock Island Tailrace CHN,3,G72DBC3F3,2026-05-11 16:17:45,2026-05-14 15:44:00,Mattawa,1,2026-05-17 20:18:06
Rock Island Tailrace CHN,3,G72DBC3F3,2026-05-11 16:17:45,2026-05-14 15:44:00,Priest BRZ,1,2026-05-18 06:39:34
Rock Island Tailrace CHN,3,G72DBC3F3,2026-05-11 16:17:45,2026-05-14 15:44:00,Lower Ringold,1,2026-05-24 07:16:47
Rock Island Tailrace CHN,3,G72DBC3F3,2026-05-11 16:17:45,2026-05-14 15:44:00,Hanford,1,2026-05-24 10:39:14
Rock Island Tailrace CHN,2,G72DC7572,2026-05-08 16:42:49,2026-05-10 15:37:00,Crescent Bar,1,2026-05-11 04:16:39
Rock Island Tailrace CHN,2,G72DC7572,2026-05-08 16:42:49,2026-05-10 15:37:00,Sunland,1,2026-05-11 15:12:44
Rock Island Tailrace CHN,2,G72DC7572,2026-05-08 16:42:49,2026-05-10 15:37:00,Wanapum BRZ,1,2026-05-12 12:02:07
Rock Island Tailrace CHN,2,G72DC7572,2026-05-08 16:42:49,2026-05-10 15:37:00,Mattawa,1,2026-05-12 15:13:28
Rock Island Tailrace CHN,2,G72DC7572,2026-05-08 16:42:49,2026-05-10 15:37:00,Priest BRZ,1,2026-05-13 17:49:00
Rock Island Tailrace CHN,2,G72DC7572,2026-05-08 16:42:49,2026-05-10 15:37:00,Lower Ringold,1,2026-05-14 11:26:02
Rock Island Tailrace CHN,2,G72DC7572,2026-05-08 16:42:49,2026-05-10 15:37:00,Hanford,1,2026-05-14 15:27:17
Rock Island Tailrace CHN,2,G72DCE9C0,2026-05-07 16:20:02,2026-05-09 15:47:00,Crescent Bar,1,2026-05-10 00:32:15
Rock Island Tailrace CHN,2,G72DCE9C0,2026-05-07 16:20:02,2026-05-09 15:47:00,Sunland,1,2026-05-10 09:47:52
Rock Island Tailrace CHN,2,G72DCE9C0,2026-05-07 16:20:02,2026-05-09 15:47:00,Wanapum BRZ,1,2026-05-11 13:13:41
Rock Island Tailrace CHN,2,G72DCE9C0,2026-05-07 16:20:02,2026-05-09 15:47:00,Mattawa,1,2026-05-11 16:40:42
Rock Island Tailrace CHN,2,G72DCE9C0,2026-05-07 16:20:02,2026-05-09 15:47:00,Priest BRZ,1,2026-05-12 23:27:32
Rock Island Tailrace CHN,2,G72DCE9C0,2026-05-07 16:20:02,2026-05-09 15:47:00,Lower Ringold,1,2026-05-17 07:15:05
Rock Island Tailrace CHN,2,G72DCE9C0,2026-05-07 16:20:02,2026-05-09 15:47:00,Hanford,1,2026-05-17 10:17:19
Rock Island Tailrace CHN,2,G72DE2466,2026-05-08 16:31:33,2026-05-10 15:37:00,Crescent Bar,1,2026-05-10 23:43:06
Rock Island Tailrace CHN,2,G72DE2466,2026-05-08 16:31:33,2026-05-10 15:37:00,Sunland,1,2026-05-11 12:47:45
Rock Island Tailrace CHN,2,G72DE2466,2026-05-08 16:31:33,2026-05-10 15:37:00,Wanapum BRZ,1,2026-05-12 04:34:55
Rock Island Tailrace CHN,2,G72DE2466,2026-05-08 16:31:33,2026-05-10 15:37:00,Mattawa,0,
Rock Island Tailrace CHN,2,G72DE2466,2026-05-08 16:31:33,2026-05-10 15:37:00,Priest BRZ,0,
Rock Island Tailrace CHN,2,G72DE2466,2026-05-08 16:31:33,2026-05-10 15:37:00,Lower Ringold,0,
Rock Island Tailrace CHN,2,G72DE2466,2026-05-08 16:31:33,2026-05-10 15:37:00,Hanford,0,
Rock Island Tailrace CHN,3,G72DF3B7E,2026-05-11 16:13:23,2026-05-14 15:44:00,Crescent Bar,1,2026-05-15 11:04:51
Rock Island Tailrace CHN,3,G72DF3B7E,2026-05-11 16:13:23,2026-05-14 15:44:00,Sunland,1,2026-05-17 09:22:57
Rock Island Tailrace CHN,3,G72DF3B7E,2026-05-11 16:13:23,2026-05-14 15:44:00,Wanapum BRZ,1,2026-05-18 18:04:20
Rock Island Tailrace CHN,3,G72DF3B7E,2026-05-11 16:13:23,2026-05-14 15:44:00,Mattawa,1,2026-05-18 23:03:01
Rock Island Tailrace CHN,3,G72DF3B7E,2026-05-11 16:13:23,2026-05-14 15:44:00,Priest BRZ,1,2026-05-19 09:45:49
Rock Island Tailrace CHN,3,G72DF3B7E,2026-05-11 16:13:23,2026-05-14 15:44:00,Lower Ringold,1,2026-05-19 20:53:38
Rock Island Tailrace CHN,3,G72DF3B7E,2026-05-11 16:13:23,2026-05-14 15:44:00,Hanford,1,2026-05-19 23:56:30
Rock Island Tailrace CHN,1,G72E07291,2026-05-10 15:51:02,2026-05-12 15:36:00,Crescent Bar,1,2026-05-13 10:50:24
Rock Island Tailrace CHN,1,G72E07291,2026-05-10 15:51:02,2026-05-12 15:36:00,Sunland,1,2026-05-14 11:24:20
Rock Island Tailrace CHN,1,G72E07291,2026-05-10 15:51:02,2026-05-12 15:36:00,Wanapum BRZ,1,2026-05-15 14:57:34
Rock Island Tailrace CHN,1,G72E07291,2026-05-10 15:51:02,2026-05-12 15:36:00,Mattawa,1,2026-05-15 19:42:17
Rock Island Tailrace CHN,1,G72E07291,2026-05-10 15:51:02,2026-05-12 15:36:00,Priest BRZ,1,2026-05-16 13:15:44
Rock Island Tailrace CHN,1,G72E07291,2026-05-10 15:51:02,2026-05-12 15:36:00,Lower Ringold,1,2026-05-17 03:46:03
Rock Island Tailrace CHN,1,G72E07291,2026-05-10 15:51:02,2026-05-12 15:36:00,Hanford,1,2026-05-17 07:17:43
Rock Island Tailrace CHN,1,G72E0F343,2026-05-12 16:29:27,2026-05-15 16:06:00,Crescent Bar,1,2026-05-16 09:36:45
Rock Island Tailrace CHN,1,G72E0F343,2026-05-12 16:29:27,2026-05-15 16:06:00,Sunland,1,2026-05-18 11:08:24
Rock Island Tailrace CHN,1,G72E0F343,2026-05-12 16:29:27,2026-05-15 16:06:00,Wanapum BRZ,1,2026-05-19 15:01:47
Rock Island Tailrace CHN,1,G72E0F343,2026-05-12 16:29:27,2026-05-15 16:06:00,Mattawa,1,2026-05-19 17:54:33
Rock Island Tailrace CHN,1,G72E0F343,2026-05-12 16:29:27,2026-05-15 16:06:00,Priest BRZ,1,2026-05-20 07:30:15
Rock Island Tailrace CHN,1,G72E0F343,2026-05-12 16:29:27,2026-05-15 16:06:00,Lower Ringold,0,
Rock Island Tailrace CHN,1,G72E0F343,2026-05-12 16:29:27,2026-05-15 16:06:00,Hanford,0,
Rock Island Tailrace CHN,1,G72E24F43,2026-05-10 15:39:04,2026-05-12 15:36:00,Crescent Bar,1,2026-05-13 02:10:19
Rock Island Tailrace CHN,1,G72E24F43,2026-05-10 15:39:04,2026-05-12 15:36:00,Sunland,1,2026-05-13 20:30:29
Rock Island Tailrace CHN,1,G72E24F43,2026-05-10 15:39:04,2026-05-12 15:36:00,Wanapum BRZ,1,2026-05-15 07:08:47
Rock Island Tailrace CHN,1,G72E24F43,2026-05-10 15:39:04,2026-05-12 15:36:00,Mattawa,1,2026-05-15 18:58:32
Rock Island Tailrace CHN,1,G72E24F43,2026-05-10 15:39:04,2026-05-12 15:36:00,Priest BRZ,1,2026-05-16 12:50:41
Rock Island Tailrace CHN,1,G72E24F43,2026-05-10 15:39:04,2026-05-12 15:36:00,Lower Ringold,1,2026-05-17 03:33:06
Rock Island Tailrace CHN,1,G72E24F43,2026-05-10 15:39:04,2026-05-12 15:36:00,Hanford,1,2026-05-17 06:35:07
Rock Island Tailrace CHN,2,G72E2A309,2026-05-10 15:35:23,2026-05-12 15:36:00,Crescent Bar,1,2026-05-13 01:22:00
Rock Island Tailrace CHN,2,G72E2A309,2026-05-10 15:35:23,2026-05-12 15:36:00,Sunland,1,2026-05-13 13:21:43
Rock Island Tailrace CHN,2,G72E2A309,2026-05-10 15:35:23,2026-05-12 15:36:00,Wanapum BRZ,1,2026-05-15 13:29:55
Rock Island Tailrace CHN,2,G72E2A309,2026-05-10 15:35:23,2026-05-12 15:36:00,Mattawa,1,2026-05-15 18:26:45
Rock Island Tailrace CHN,2,G72E2A309,2026-05-10 15:35:23,2026-05-12 15:36:00,Priest BRZ,1,2026-05-16 08:53:29
Rock Island Tailrace CHN,2,G72E2A309,2026-05-10 15:35:23,2026-05-12 15:36:00,Lower Ringold,1,2026-05-16 20:58:44
Rock Island Tailrace CHN,2,G72E2A309,2026-05-10 15:35:23,2026-05-12 15:36:00,Hanford,1,2026-05-17 01:14:13
Rock Island Tailrace CHN,3,G72E2B7F5,2026-05-08 16:49:07,2026-05-10 15:37:00,Crescent Bar,1,2026-05-11 06:39:07
Rock Island Tailrace CHN,3,G72E2B7F5,2026-05-08 16:49:07,2026-05-10 15:37:00,Sunland,1,2026-05-12 06:56:33
Rock Island Tailrace CHN,3,G72E2B7F5,2026-05-08 16:49:07,2026-05-10 15:37:00,Wanapum BRZ,1,2026-05-13 04:11:38
Rock Island Tailrace CHN,3,G72E2B7F5,2026-05-08 16:49:07,2026-05-10 15:37:00,Mattawa,1,2026-05-13 12:10:46
Rock Island Tailrace CHN,3,G72E2B7F5,2026-05-08 16:49:07,2026-05-10 15:37:00,Priest BRZ,1,2026-05-14 04:33:45
Rock Island Tailrace CHN,3,G72E2B7F5,2026-05-08 16:49:07,2026-05-10 15:37:00,Lower Ringold,1,2026-05-15 04:51:18
Rock Island Tailrace CHN,3,G72E2B7F5,2026-05-08 16:49:07,2026-05-10 15:37:00,Hanford,1,2026-05-15 13:55:09
Rock Island Tailrace CHN,3,G72E36259,2026-05-09 16:20:02,2026-05-11 15:52:00,Crescent Bar,1,2026-05-12 11:19:20
Rock Island Tailrace CHN,3,G72E36259,2026-05-09 16:20:02,2026-05-11 15:52:00,Sunland,1,2026-05-14 07:03:49
Rock Island Tailrace CHN,3,G72E36259,2026-05-09 16:20:02,2026-05-11 15:52:00,Wanapum BRZ,1,2026-05-15 11:23:07
Rock Island Tailrace CHN,3,G72E36259,2026-05-09 16:20:02,2026-05-11 15:52:00,Mattawa,1,2026-05-19 11:01:51
Rock Island Tailrace CHN,3,G72E36259,2026-05-09 16:20:02,2026-05-11 15:52:00,Priest BRZ,1,2026-05-20 11:46:52
Rock Island Tailrace CHN,3,G72E36259,2026-05-09 16:20:02,2026-05-11 15:52:00,Lower Ringold,1,2026-05-21 06:25:05
Rock Island Tailrace CHN,3,G72E36259,2026-05-09 16:20:02,2026-05-11 15:52:00,Hanford,1,2026-05-21 11:55:56
Rock Island Tailrace CHN,2,G72E36FA4,2026-05-08 16:23:15,2026-05-10 15:37:00,Crescent Bar,1,2026-05-11 00:18:41
Rock Island Tailrace CHN,2,G72E36FA4,2026-05-08 16:23:15,2026-05-10 15:37:00,Sunland,1,2026-05-11 14:58:35
Rock Island Tailrace CHN,2,G72E36FA4,2026-05-08 16:23:15,2026-05-10 15:37:00,Wanapum BRZ,1,2026-05-12 10:54:22
Rock Island Tailrace CHN,2,G72E36FA4,2026-05-08 16:23:15,2026-05-10 15:37:00,Mattawa,1,2026-05-12 13:46:49
Rock Island Tailrace CHN,2,G72E36FA4,2026-05-08 16:23:15,2026-05-10 15:37:00,Priest BRZ,1,2026-05-13 09:43:57
Rock Island Tailrace CHN,2,G72E36FA4,2026-05-08 16:23:15,2026-05-10 15:37:00,Lower Ringold,1,2026-05-14 09:55:57
Rock Island Tailrace CHN,2,G72E36FA4,2026-05-08 16:23:15,2026-05-10 15:37:00,Hanford,1,2026-05-15 13:18:51
Rock Island Tailrace CHN,2,G72E3739A,2026-05-07 16:13:49,2026-05-09 15:47:00,Crescent Bar,1,2026-05-10 02:57:57
Rock Island Tailrace CHN,2,G72E3739A,2026-05-07 16:13:49,2026-05-09 15:47:00,Sunland,0,
Rock Island Tailrace CHN,2,G72E3739A,2026-05-07 16:13:49,2026-05-09 15:47:00,Wanapum BRZ,0,
Rock Island Tailrace CHN,2,G72E3739A,2026-05-07 16:13:49,2026-05-09 15:47:00,Mattawa,0,
Rock Island Tailrace CHN,2,G72E3739A,2026-05-07 16:13:49,2026-05-09 15:47:00,Priest BRZ,0,
Rock Island Tailrace CHN,2,G72E3739A,2026-05-07 16:13:49,2026-05-09 15:47:00,Lower Ringold,0,
Rock Island Tailrace CHN,2,G72E3739A,2026-05-07 16:13:49,2026-05-09 15:47:00,Hanford,0,
Rock Island Tailrace CHN,1,G72E45454,2026-05-14 16:27:25,2026-05-16 15:36:00,Crescent Bar,1,2026-05-17 07:12:22
Rock Island Tailrace CHN,1,G72E45454,2026-05-14 16:27:25,2026-05-16 15:36:00,Sunland,1,2026-05-17 20:12:28
Rock Island Tailrace CHN,1,G72E45454,2026-05-14 16:27:25,2026-05-16 15:36:00,Wanapum BRZ,1,2026-05-18 20:27:09
Rock Island Tailrace CHN,1,G72E45454,2026-05-14 16:27:25,2026-05-16 15:36:00,Mattawa,0,
Rock Island Tailrace CHN,1,G72E45454,2026-05-14 16:27:25,2026-05-16 15:36:00,Priest BRZ,0,
Rock Island Tailrace CHN,1,G72E45454,2026-05-14 16:27:25,2026-05-16 15:36:00,Lower Ringold,0,
Rock Island Tailrace CHN,1,G72E45454,2026-05-14 16:27:25,2026-05-16 15:36:00,Hanford,0,
Rock Island Tailrace CHN,2,G72E4F226,2026-05-07 16:39:06,2026-05-09 15:47:00,Crescent Bar,1,2026-05-10 18:55:13
Rock Island Tailrace CHN,2,G72E4F226,2026-05-07 16:39:06,2026-05-09 15:47:00,Sunland,1,2026-05-11 13:04:15
Rock Island Tailrace CHN,2,G72E4F226,2026-05-07 16:39:06,2026-05-09 15:47:00,Wanapum BRZ,1,2026-05-12 20:09:44
Rock Island Tailrace CHN,2,G72E4F226,2026-05-07 16:39:06,2026-05-09 15:47:00,Mattawa,1,2026-05-16 07:21:21
Rock Island Tailrace CHN,2,G72E4F226,2026-05-07 16:39:06,2026-05-09 15:47:00,Priest BRZ,1,2026-05-16 21:25:54
Rock Island Tailrace CHN,2,G72E4F226,2026-05-07 16:39:06,2026-05-09 15:47:00,Lower Ringold,1,2026-05-17 12:36:35
Rock Island Tailrace CHN,2,G72E4F226,2026-05-07 16:39:06,2026-05-09 15:47:00,Hanford,1,2026-05-17 16:06:52
Rock Island Tailrace CHN,2,G72E514D6,2026-05-07 16:17:59,2026-05-09 15:47:00,Crescent Bar,1,2026-05-10 10:19:16
Rock Island Tailrace CHN,2,G72E514D6,2026-05-07 16:17:59,2026-05-09 15:47:00,Sunland,1,2026-05-20 01:54:55
Rock Island Tailrace CHN,2,G72E514D6,2026-05-07 16:17:59,2026-05-09 15:47:00,Wanapum BRZ,1,2026-05-20 18:30:30
Rock Island Tailrace CHN,2,G72E514D6,2026-05-07 16:17:59,2026-05-09 15:47:00,Mattawa,1,2026-05-21 13:00:48
Rock Island Tailrace CHN,2,G72E514D6,2026-05-07 16:17:59,2026-05-09 15:47:00,Priest BRZ,1,2026-05-22 06:27:30
Rock Island Tailrace CHN,2,G72E514D6,2026-05-07 16:17:59,2026-05-09 15:47:00,Lower Ringold,1,2026-05-23 04:48:53
Rock Island Tailrace CHN,2,G72E514D6,2026-05-07 16:17:59,2026-05-09 15:47:00,Hanford,1,2026-05-23 08:41:10
Rock Island Tailrace CHN,1,G72E732B9,2026-05-07 16:33:00,2026-05-09 15:47:00,Crescent Bar,1,2026-05-09 21:32:51
Rock Island Tailrace CHN,1,G72E732B9,2026-05-07 16:33:00,2026-05-09 15:47:00,Sunland,1,2026-05-10 06:18:32
Rock Island Tailrace CHN,1,G72E732B9,2026-05-07 16:33:00,2026-05-09 15:47:00,Wanapum BRZ,0,
Rock Island Tailrace CHN,1,G72E732B9,2026-05-07 16:33:00,2026-05-09 15:47:00,Mattawa,0,
Rock Island Tailrace CHN,1,G72E732B9,2026-05-07 16:33:00,2026-05-09 15:47:00,Priest BRZ,0,
Rock Island Tailrace CHN,1,G72E732B9,2026-05-07 16:33:00,2026-05-09 15:47:00,Lower Ringold,0,
Rock Island Tailrace CHN,1,G72E732B9,2026-05-07 16:33:00,2026-05-09 15:47:00,Hanford,0,
Rock Island Tailrace CHN,3,G72E7AF55,2026-05-06 17:15:33,2026-05-09 15:47:00,Crescent Bar,1,2026-05-09 22:29:48
Rock Island Tailrace CHN,3,G72E7AF55,2026-05-06 17:15:33,2026-05-09 15:47:00,Sunland,1,2026-05-10 07:05:25
Rock Island Tailrace CHN,3,G72E7AF55,2026-05-06 17:15:33,2026-05-09 15:47:00,Wanapum BRZ,1,2026-05-12 05:05:49
Rock Island Tailrace CHN,3,G72E7AF55,2026-05-06 17:15:33,2026-05-09 15:47:00,Mattawa,1,2026-05-12 09:42:41
Rock Island Tailrace CHN,3,G72E7AF55,2026-05-06 17:15:33,2026-05-09 15:47:00,Priest BRZ,1,2026-05-13 03:44:42
Rock Island Tailrace CHN,3,G72E7AF55,2026-05-06 17:15:33,2026-05-09 15:47:00,Lower Ringold,1,2026-05-13 17:03:03
Rock Island Tailrace CHN,3,G72E7AF55,2026-05-06 17:15:33,2026-05-09 15:47:00,Hanford,1,2026-05-13 21:21:48
Rock Island Tailrace CHN,2,G72E7C393,2026-05-12 16:18:17,2026-05-15 16:06:00,Crescent Bar,1,2026-05-16 00:25:07
Rock Island Tailrace CHN,2,G72E7C393,2026-05-12 16:18:17,2026-05-15 16:06:00,Sunland,1,2026-05-16 09:11:44
Rock Island Tailrace CHN,2,G72E7C393,2026-05-12 16:18:17,2026-05-15 16:06:00,Wanapum BRZ,1,2026-05-17 02:53:02
Rock Island Tailrace CHN,2,G72E7C393,2026-05-12 16:18:17,2026-05-15 16:06:00,Mattawa,0,
Rock Island Tailrace CHN,2,G72E7C393,2026-05-12 16:18:17,2026-05-15 16:06:00,Priest BRZ,0,
Rock Island Tailrace CHN,2,G72E7C393,2026-05-12 16:18:17,2026-05-15 16:06:00,Lower Ringold,0,
Rock Island Tailrace CHN,2,G72E7C393,2026-05-12 16:18:17,2026-05-15 16:06:00,Hanford,0,
Rock Island Tailrace CHN,1,G72E8C556,2026-05-09 16:15:25,2026-05-11 15:52:00,Crescent Bar,1,2026-05-12 02:25:12
Rock Island Tailrace CHN,1,G72E8C556,2026-05-09 16:15:25,2026-05-11 15:52:00,Sunland,1,2026-05-12 13:57:19
Rock Island Tailrace CHN,1,G72E8C556,2026-05-09 16:15:25,2026-05-11 15:52:00,Wanapum BRZ,1,2026-05-13 18:07:19
Rock Island Tailrace CHN,1,G72E8C556,2026-05-09 16:15:25,2026-05-11 15:52:00,Mattawa,1,2026-05-14 01:05:45
Rock Island Tailrace CHN,1,G72E8C556,2026-05-09 16:15:25,2026-05-11 15:52:00,Priest BRZ,1,2026-05-15 02:47:09
Rock Island Tailrace CHN,1,G72E8C556,2026-05-09 16:15:25,2026-05-11 15:52:00,Lower Ringold,1,2026-05-16 09:03:37
Rock Island Tailrace CHN,1,G72E8C556,2026-05-09 16:15:25,2026-05-11 15:52:00,Hanford,1,2026-05-16 11:42:29
Rock Island Tailrace CHN,1,G72E8DC57,2026-05-08 16:28:05,2026-05-10 15:37:00,Crescent Bar,1,2026-05-11 06:24:25
Rock Island Tailrace CHN,1,G72E8DC57,2026-05-08 16:28:05,2026-05-10 15:37:00,Sunland,1,2026-05-12 21:45:57
Rock Island Tailrace CHN,1,G72E8DC57,2026-05-08 16:28:05,2026-05-10 15:37:00,Wanapum BRZ,1,2026-05-14 14:09:38
Rock Island Tailrace CHN,1,G72E8DC57,2026-05-08 16:28:05,2026-05-10 15:37:00,Mattawa,1,2026-05-14 21:51:46
Rock Island Tailrace CHN,1,G72E8DC57,2026-05-08 16:28:05,2026-05-10 15:37:00,Priest BRZ,1,2026-05-16 02:08:32
Rock Island Tailrace CHN,1,G72E8DC57,2026-05-08 16:28:05,2026-05-10 15:37:00,Lower Ringold,1,2026-05-16 13:01:56
Rock Island Tailrace CHN,1,G72E8DC57,2026-05-08 16:28:05,2026-05-10 15:37:00,Hanford,1,2026-05-16 16:58:19
Rock Island Tailrace CHN,1,G72E9E4EF,2026-05-08 16:21:17,2026-05-10 15:37:00,Crescent Bar,1,2026-05-11 00:16:54
Rock Island Tailrace CHN,1,G72E9E4EF,2026-05-08 16:21:17,2026-05-10 15:37:00,Sunland,1,2026-05-11 12:24:30
Rock Island Tailrace CHN,1,G72E9E4EF,2026-05-08 16:21:17,2026-05-10 15:37:00,Wanapum BRZ,1,2026-05-12 13:42:07
Rock Island Tailrace CHN,1,G72E9E4EF,2026-05-08 16:21:17,2026-05-10 15:37:00,Mattawa,1,2026-05-12 16:44:54
Rock Island Tailrace CHN,1,G72E9E4EF,2026-05-08 16:21:17,2026-05-10 15:37:00,Priest BRZ,1,2026-05-13 09:24:45
Rock Island Tailrace CHN,1,G72E9E4EF,2026-05-08 16:21:17,2026-05-10 15:37:00,Lower Ringold,0,
Rock Island Tailrace CHN,1,G72E9E4EF,2026-05-08 16:21:17,2026-05-10 15:37:00,Hanford,0,
Rock Island Tailrace CHN,1,G72EA07B1,2026-05-14 16:35:15,2026-05-16 15:36:00,Crescent Bar,1,2026-05-17 06:58:55
Rock Island Tailrace CHN,1,G72EA07B1,2026-05-14 16:35:15,2026-05-16 15:36:00,Sunland,1,2026-05-18 08:59:10
Rock Island Tailrace CHN,1,G72EA07B1,2026-05-14 16:35:15,2026-05-16 15:36:00,Wanapum BRZ,1,2026-05-20 13:45:59
Rock Island Tailrace CHN,1,G72EA07B1,2026-05-14 16:35:15,2026-05-16 15:36:00,Mattawa,1,2026-05-20 17:02:50
Rock Island Tailrace CHN,1,G72EA07B1,2026-05-14 16:35:15,2026-05-16 15:36:00,Priest BRZ,1,2026-05-21 08:53:22
Rock Island Tailrace CHN,1,G72EA07B1,2026-05-14 16:35:15,2026-05-16 15:36:00,Lower Ringold,1,2026-05-22 05:57:43
Rock Island Tailrace CHN,1,G72EA07B1,2026-05-14 16:35:15,2026-05-16 15:36:00,Hanford,1,2026-05-22 23:01:00
Rock Island Tailrace CHN,3,G72EA252E,2026-05-09 16:49:07,2026-05-11 15:52:00,Crescent Bar,1,2026-05-12 00:47:04
Rock Island Tailrace CHN,3,G72EA252E,2026-05-09 16:49:07,2026-05-11 15:52:00,Sunland,1,2026-05-12 14:09:51
Rock Island Tailrace CHN,3,G72EA252E,2026-05-09 16:49:07,2026-05-11 15:52:00,Wanapum BRZ,1,2026-05-13 23:52:38
Rock Island Tailrace CHN,3,G72EA252E,2026-05-09 16:49:07,2026-05-11 15:52:00,Mattawa,0,
Rock Island Tailrace CHN,3,G72EA252E,2026-05-09 16:49:07,2026-05-11 15:52:00,Priest BRZ,0,
Rock Island Tailrace CHN,3,G72EA252E,2026-05-09 16:49:07,2026-05-11 15:52:00,Lower Ringold,0,
Rock Island Tailrace CHN,3,G72EA252E,2026-05-09 16:49:07,2026-05-11 15:52:00,Hanford,0,
Rock Island Tailrace CHN,3,G72EA3651,2026-05-09 16:48:41,2026-05-11 15:52:00,Crescent Bar,1,2026-05-12 00:58:33
Rock Island Tailrace CHN,3,G72EA3651,2026-05-09 16:48:41,2026-05-11 15:52:00,Sunland,1,2026-05-12 12:00:22
Rock Island Tailrace CHN,3,G72EA3651,2026-05-09 16:48:41,2026-05-11 15:52:00,Wanapum BRZ,1,2026-05-15 11:26:26
Rock Island Tailrace CHN,3,G72EA3651,2026-05-09 16:48:41,2026-05-11 15:52:00,Mattawa,1,2026-05-16 16:56:59
Rock Island Tailrace CHN,3,G72EA3651,2026-05-09 16:48:41,2026-05-11 15:52:00,Priest BRZ,1,2026-05-16 23:58:33
Rock Island Tailrace CHN,3,G72EA3651,2026-05-09 16:48:41,2026-05-11 15:52:00,Lower Ringold,0,
Rock Island Tailrace CHN,3,G72EA3651,2026-05-09 16:48:41,2026-05-11 15:52:00,Hanford,0,
Rock Island Tailrace CHN,1,G72EB5512,2026-05-06 17:19:47,2026-05-09 15:47:00,Crescent Bar,1,2026-05-10 00:12:08
Rock Island Tailrace CHN,1,G72EB5512,2026-05-06 17:19:47,2026-05-09 15:47:00,Sunland,1,2026-05-10 11:40:51
Rock Island Tailrace CHN,1,G72EB5512,2026-05-06 17:19:47,2026-05-09 15:47:00,Wanapum BRZ,1,2026-05-11 18:47:06
Rock Island Tailrace CHN,1,G72EB5512,2026-05-06 17:19:47,2026-05-09 15:47:00,Mattawa,1,2026-05-11 22:55:51
Rock Island Tailrace CHN,1,G72EB5512,2026-05-06 17:19:47,2026-05-09 15:47:00,Priest BRZ,1,2026-05-13 07:36:28
Rock Island Tailrace CHN,1,G72EB5512,2026-05-06 17:19:47,2026-05-09 15:47:00,Lower Ringold,1,2026-05-13 20:56:30
Rock Island Tailrace CHN,1,G72EB5512,2026-05-06 17:19:47,2026-05-09 15:47:00,Hanford,1,2026-05-14 00:28:19
Rock Island Tailrace CHN,1,G72ECE6AC,2026-05-06 17:29:32,2026-05-09 15:47:00,Crescent Bar,1,2026-05-10 08:56:30
Rock Island Tailrace CHN,1,G72ECE6AC,2026-05-06 17:29:32,2026-05-09 15:47:00,Sunland,1,2026-05-11 00:50:12
Rock Island Tailrace CHN,1,G72ECE6AC,2026-05-06 17:29:32,2026-05-09 15:47:00,Wanapum BRZ,1,2026-05-12 18:51:41
Rock Island Tailrace CHN,1,G72ECE6AC,2026-05-06 17:29:32,2026-05-09 15:47:00,Mattawa,1,2026-05-13 06:13:39
Rock Island Tailrace CHN,1,G72ECE6AC,2026-05-06 17:29:32,2026-05-09 15:47:00,Priest BRZ,1,2026-05-15 19:15:47
Rock Island Tailrace CHN,1,G72ECE6AC,2026-05-06 17:29:32,2026-05-09 15:47:00,Lower Ringold,1,2026-05-16 10:39:19
Rock Island Tailrace CHN,1,G72ECE6AC,2026-05-06 17:29:32,2026-05-09 15:47:00,Hanford,1,2026-05-16 19:13:10
Rock Island Tailrace CHN,1,G72EF3B53,2026-05-07 16:27:52,2026-05-09 15:47:00,Crescent Bar,1,2026-05-10 01:17:42
Rock Island Tailrace CHN,1,G72EF3B53,2026-05-07 16:27:52,2026-05-09 15:47:00,Sunland,1,2026-05-10 17:24:19
Rock Island Tailrace CHN,1,G72EF3B53,2026-05-07 16:27:52,2026-05-09 15:47:00,Wanapum BRZ,1,2026-05-11 14:30:18
Rock Island Tailrace CHN,1,G72EF3B53,2026-05-07 16:27:52,2026-05-09 15:47:00,Mattawa,1,2026-05-11 20:38:21
Rock Island Tailrace CHN,1,G72EF3B53,2026-05-07 16:27:52,2026-05-09 15:47:00,Priest BRZ,1,2026-05-12 15:40:36
Rock Island Tailrace CHN,1,G72EF3B53,2026-05-07 16:27:52,2026-05-09 15:47:00,Lower Ringold,0,
Rock Island Tailrace CHN,1,G72EF3B53,2026-05-07 16:27:52,2026-05-09 15:47:00,Hanford,0,
Rock Island Tailrace CHN,1,G72F1AB72,2026-05-11 16:20:47,2026-05-14 15:44:00,Crescent Bar,1,2026-05-15 00:57:36
Rock Island Tailrace CHN,1,G72F1AB72,2026-05-11 16:20:47,2026-05-14 15:44:00,Sunland,1,2026-05-15 08:33:06
Rock Island Tailrace CHN,1,G72F1AB72,2026-05-11 16:20:47,2026-05-14 15:44:00,Wanapum BRZ,1,2026-05-16 00:31:31
Rock Island Tailrace CHN,1,G72F1AB72,2026-05-11 16:20:47,2026-05-14 15:44:00,Mattawa,1,2026-05-16 04:05:42
Rock Island Tailrace CHN,1,G72F1AB72,2026-05-11 16:20:47,2026-05-14 15:44:00,Priest BRZ,1,2026-05-16 10:38:45
Rock Island Tailrace CHN,1,G72F1AB72,2026-05-11 16:20:47,2026-05-14 15:44:00,Lower Ringold,1,2026-05-17 11:26:38
Rock Island Tailrace CHN,1,G72F1AB72,2026-05-11 16:20:47,2026-05-14 15:44:00,Hanford,1,2026-05-17 15:29:50
Rock Island Tailrace CHN,1,G72F2AF46,2026-05-06 17:24:41,2026-05-09 15:47:00,Crescent Bar,1,2026-05-09 22:04:59
Rock Island Tailrace CHN,1,G72F2AF46,2026-05-06 17:24:41,2026-05-09 15:47:00,Sunland,1,2026-05-11 03:10:36
Rock Island Tailrace CHN,1,G72F2AF46,2026-05-06 17:24:41,2026-05-09 15:47:00,Wanapum BRZ,1,2026-05-15 16:55:48
Rock Island Tailrace CHN,1,G72F2AF46,2026-05-06 17:24:41,2026-05-09 15:47:00,Mattawa,1,2026-05-16 04:08:24
Rock Island Tailrace CHN,1,G72F2AF46,2026-05-06 17:24:41,2026-05-09 15:47:00,Priest BRZ,1,2026-05-17 08:22:40
Rock Island Tailrace CHN,1,G72F2AF46,2026-05-06 17:24:41,2026-05-09 15:47:00,Lower Ringold,1,2026-05-18 00:35:13
Rock Island Tailrace CHN,1,G72F2AF46,2026-05-06 17:24:41,2026-05-09 15:47:00,Hanford,1,2026-05-18 04:10:08
Rock Island Tailrace CHN,1,G72F335ED,2026-05-09 16:14:34,2026-05-11 15:52:00,Crescent Bar,1,2026-05-12 04:33:48
Rock Island Tailrace CHN,1,G72F335ED,2026-05-09 16:14:34,2026-05-11 15:52:00,Sunland,1,2026-05-12 14:50:19
Rock Island Tailrace CHN,1,G72F335ED,2026-05-09 16:14:34,2026-05-11 15:52:00,Wanapum BRZ,1,2026-05-13 12:06:18
Rock Island Tailrace CHN,1,G72F335ED,2026-05-09 16:14:34,2026-05-11 15:52:00,Mattawa,0,
Rock Island Tailrace CHN,1,G72F335ED,2026-05-09 16:14:34,2026-05-11 15:52:00,Priest BRZ,0,
Rock Island Tailrace CHN,1,G72F335ED,2026-05-09 16:14:34,2026-05-11 15:52:00,Lower Ringold,0,
Rock Island Tailrace CHN,1,G72F335ED,2026-05-09 16:14:34,2026-05-11 15:52:00,Hanford,0,
Rock Island Tailrace CHN,1,G72F4015C,2026-05-06 16:34:28,2026-05-09 15:47:00,Crescent Bar,1,2026-05-10 10:55:28
Rock Island Tailrace CHN,1,G72F4015C,2026-05-06 16:34:28,2026-05-09 15:47:00,Sunland,1,2026-05-11 12:18:32
Rock Island Tailrace CHN,1,G72F4015C,2026-05-06 16:34:28,2026-05-09 15:47:00,Wanapum BRZ,1,2026-05-12 15:22:13
Rock Island Tailrace CHN,1,G72F4015C,2026-05-06 16:34:28,2026-05-09 15:47:00,Mattawa,1,2026-05-12 19:17:29
Rock Island Tailrace CHN,1,G72F4015C,2026-05-06 16:34:28,2026-05-09 15:47:00,Priest BRZ,1,2026-05-14 01:37:54
Rock Island Tailrace CHN,1,G72F4015C,2026-05-06 16:34:28,2026-05-09 15:47:00,Lower Ringold,1,2026-05-14 13:21:13
Rock Island Tailrace CHN,1,G72F4015C,2026-05-06 16:34:28,2026-05-09 15:47:00,Hanford,1,2026-05-14 18:14:40
Rock Island Tailrace CHN,3,G72F492AF,2026-05-11 16:19:26,2026-05-14 15:44:00,Crescent Bar,1,2026-05-14 21:00:55
Rock Island Tailrace CHN,3,G72F492AF,2026-05-11 16:19:26,2026-05-14 15:44:00,Sunland,1,2026-05-15 08:04:57
Rock Island Tailrace CHN,3,G72F492AF,2026-05-11 16:19:26,2026-05-14 15:44:00,Wanapum BRZ,0,
Rock Island Tailrace CHN,3,G72F492AF,2026-05-11 16:19:26,2026-05-14 15:44:00,Mattawa,0,
Rock Island Tailrace CHN,3,G72F492AF,2026-05-11 16:19:26,2026-05-14 15:44:00,Priest BRZ,0,
Rock Island Tailrace CHN,3,G72F492AF,2026-05-11 16:19:26,2026-05-14 15:44:00,Lower Ringold,0,
Rock Island Tailrace CHN,3,G72F492AF,2026-05-11 16:19:26,2026-05-14 15:44:00,Hanford,0,
Rock Island Tailrace CHN,1,G72F65048,2026-05-12 16:32:04,2026-05-15 16:06:00,Crescent Bar,1,2026-05-16 01:08:12
Rock Island Tailrace CHN,1,G72F65048,2026-05-12 16:32:04,2026-05-15 16:06:00,Sunland,1,2026-05-16 11:42:32
Rock Island Tailrace CHN,1,G72F65048,2026-05-12 16:32:04,2026-05-15 16:06:00,Wanapum BRZ,0,
Rock Island Tailrace CHN,1,G72F65048,2026-05-12 16:32:04,2026-05-15 16:06:00,Mattawa,1,2026-05-19 00:46:34
Rock Island Tailrace CHN,1,G72F65048,2026-05-12 16:32:04,2026-05-15 16:06:00,Priest BRZ,0,
Rock Island Tailrace CHN,1,G72F65048,2026-05-12 16:32:04,2026-05-15 16:06:00,Lower Ringold,0,
Rock Island Tailrace CHN,1,G72F65048,2026-05-12 16:32:04,2026-05-15 16:06:00,Hanford,0,
Rock Island Tailrace CHN,3,G72F731B7,2026-05-12 16:30:42,2026-05-15 16:06:00,Crescent Bar,1,2026-05-15 22:45:26
Rock Island Tailrace CHN,3,G72F731B7,2026-05-12 16:30:42,2026-05-15 16:06:00,Sunland,1,2026-05-16 04:41:07
Rock Island Tailrace CHN,3,G72F731B7,2026-05-12 16:30:42,2026-05-15 16:06:00,Wanapum BRZ,1,2026-05-17 06:24:47
Rock Island Tailrace CHN,3,G72F731B7,2026-05-12 16:30:42,2026-05-15 16:06:00,Mattawa,1,2026-05-17 14:22:11
Rock Island Tailrace CHN,3,G72F731B7,2026-05-12 16:30:42,2026-05-15 16:06:00,Priest BRZ,1,2026-05-17 23:21:28
Rock Island Tailrace CHN,3,G72F731B7,2026-05-12 16:30:42,2026-05-15 16:06:00,Lower Ringold,1,2026-05-19 06:38:01
Rock Island Tailrace CHN,3,G72F731B7,2026-05-12 16:30:42,2026-05-15 16:06:00,Hanford,1,2026-05-19 16:05:47
Rock Island Tailrace CHN,3,G72F79427,2026-05-12 16:19:01,2026-05-15 16:06:00,Crescent Bar,1,2026-05-16 08:46:43
Rock Island Tailrace CHN,3,G72F79427,2026-05-12 16:19:01,2026-05-15 16:06:00,Sunland,1,2026-05-17 08:34:06
Rock Island Tailrace CHN,3,G72F79427,2026-05-12 16:19:01,2026-05-15 16:06:00,Wanapum BRZ,0,
Rock Island Tailrace CHN,3,G72F79427,2026-05-12 16:19:01,2026-05-15 16:06:00,Mattawa,0,
Rock Island Tailrace CHN,3,G72F79427,2026-05-12 16:19:01,2026-05-15 16:06:00,Priest BRZ,0,
Rock Island Tailrace CHN,3,G72F79427,2026-05-12 16:19:01,2026-05-15 16:06:00,Lower Ringold,0,
Rock Island Tailrace CHN,3,G72F79427,2026-05-12 16:19:01,2026-05-15 16:06:00,Hanford,0,
Rock Island Tailrace CHN,1,G72FB2167,2026-05-10 15:32:38,2026-05-12 15:36:00,Crescent Bar,1,2026-05-12 23:01:19
Rock Island Tailrace CHN,1,G72FB2167,2026-05-10 15:32:38,2026-05-12 15:36:00,Sunland,1,2026-05-13 11:48:06
Rock Island Tailrace CHN,1,G72FB2167,2026-05-10 15:32:38,2026-05-12 15:36:00,Wanapum BRZ,1,2026-05-15 07:10:59
Rock Island Tailrace CHN,1,G72FB2167,2026-05-10 15:32:38,2026-05-12 15:36:00,Mattawa,1,2026-05-15 12:45:26
Rock Island Tailrace CHN,1,G72FB2167,2026-05-10 15:32:38,2026-05-12 15:36:00,Priest BRZ,1,2026-05-16 04:55:10
Rock Island Tailrace CHN,1,G72FB2167,2026-05-10 15:32:38,2026-05-12 15:36:00,Lower Ringold,1,2026-05-16 16:09:39
Rock Island Tailrace CHN,1,G72FB2167,2026-05-10 15:32:38,2026-05-12 15:36:00,Hanford,1,2026-05-16 19:22:22
Rock Island Tailrace STH,2,G72018BC8,2026-05-11 17:30:20,2026-05-14 15:44:00,Crescent Bar,1,2026-05-14 22:25:15
Rock Island Tailrace STH,2,G72018BC8,2026-05-11 17:30:20,2026-05-14 15:44:00,Sunland,1,2026-05-15 10:33:28
Rock Island Tailrace STH,2,G72018BC8,2026-05-11 17:30:20,2026-05-14 15:44:00,Wanapum BRZ,1,2026-05-16 18:35:28
Rock Island Tailrace STH,2,G72018BC8,2026-05-11 17:30:20,2026-05-14 15:44:00,Mattawa,0,
Rock Island Tailrace STH,2,G72018BC8,2026-05-11 17:30:20,2026-05-14 15:44:00,Priest BRZ,1,2026-06-12 00:58:23
Rock Island Tailrace STH,2,G72018BC8,2026-05-11 17:30:20,2026-05-14 15:44:00,Lower Ringold,0,
Rock Island Tailrace STH,2,G72018BC8,2026-05-11 17:30:20,2026-05-14 15:44:00,Hanford,0,
Rock Island Tailrace STH,2,G7202C1A5,2026-05-15 16:59:35,2026-05-17 15:43:00,Crescent Bar,1,2026-05-18 05:08:47
Rock Island Tailrace STH,2,G7202C1A5,2026-05-15 16:59:35,2026-05-17 15:43:00,Sunland,1,2026-05-18 16:11:24
Rock Island Tailrace STH,2,G7202C1A5,2026-05-15 16:59:35,2026-05-17 15:43:00,Wanapum BRZ,0,
Rock Island Tailrace STH,2,G7202C1A5,2026-05-15 16:59:35,2026-05-17 15:43:00,Mattawa,0,
Rock Island Tailrace STH,2,G7202C1A5,2026-05-15 16:59:35,2026-05-17 15:43:00,Priest BRZ,0,
Rock Island Tailrace STH,2,G7202C1A5,2026-05-15 16:59:35,2026-05-17 15:43:00,Lower Ringold,0,
Rock Island Tailrace STH,2,G7202C1A5,2026-05-15 16:59:35,2026-05-17 15:43:00,Hanford,0,
Rock Island Tailrace STH,2,G7203FBA1,2026-05-18 19:34:19,2026-05-20 15:35:00,Crescent Bar,1,2026-05-21 04:32:14
Rock Island Tailrace STH,2,G7203FBA1,2026-05-18 19:34:19,2026-05-20 15:35:00,Sunland,1,2026-05-21 12:42:03
Rock Island Tailrace STH,2,G7203FBA1,2026-05-18 19:34:19,2026-05-20 15:35:00,Wanapum BRZ,1,2026-05-23 01:19:33
Rock Island Tailrace STH,2,G7203FBA1,2026-05-18 19:34:19,2026-05-20 15:35:00,Mattawa,1,2026-05-24 09:35:09
Rock Island Tailrace STH,2,G7203FBA1,2026-05-18 19:34:19,2026-05-20 15:35:00,Priest BRZ,0,
Rock Island Tailrace STH,2,G7203FBA1,2026-05-18 19:34:19,2026-05-20 15:35:00,Lower Ringold,0,
Rock Island Tailrace STH,2,G7203FBA1,2026-05-18 19:34:19,2026-05-20 15:35:00,Hanford,0,
Rock Island Tailrace STH,2,G7206B3DA,2026-05-11 17:34:08,2026-05-14 15:44:00,Crescent Bar,1,2026-05-15 00:46:50
Rock Island Tailrace STH,2,G7206B3DA,2026-05-11 17:34:08,2026-05-14 15:44:00,Sunland,1,2026-05-15 09:36:49
Rock Island Tailrace STH,2,G7206B3DA,2026-05-11 17:34:08,2026-05-14 15:44:00,Wanapum BRZ,1,2026-05-16 16:51:10
Rock Island Tailrace STH,2,G7206B3DA,2026-05-11 17:34:08,2026-05-14 15:44:00,Mattawa,1,2026-05-18 06:50:21
Rock Island Tailrace STH,2,G7206B3DA,2026-05-11 17:34:08,2026-05-14 15:44:00,Priest BRZ,1,2026-05-19 05:40:57
Rock Island Tailrace STH,2,G7206B3DA,2026-05-11 17:34:08,2026-05-14 15:44:00,Lower Ringold,1,2026-05-25 08:31:07
Rock Island Tailrace STH,2,G7206B3DA,2026-05-11 17:34:08,2026-05-14 15:44:00,Hanford,1,2026-05-25 11:35:50
Rock Island Tailrace STH,2,G7206F41F,2026-05-14 18:36:53,2026-05-16 15:36:00,Crescent Bar,1,2026-05-17 07:17:37
Rock Island Tailrace STH,2,G7206F41F,2026-05-14 18:36:53,2026-05-16 15:36:00,Sunland,1,2026-05-17 17:29:32
Rock Island Tailrace STH,2,G7206F41F,2026-05-14 18:36:53,2026-05-16 15:36:00,Wanapum BRZ,1,2026-05-18 19:59:28
Rock Island Tailrace STH,2,G7206F41F,2026-05-14 18:36:53,2026-05-16 15:36:00,Mattawa,1,2026-05-19 06:44:58
Rock Island Tailrace STH,2,G7206F41F,2026-05-14 18:36:53,2026-05-16 15:36:00,Priest BRZ,1,2026-05-19 18:01:46
Rock Island Tailrace STH,2,G7206F41F,2026-05-14 18:36:53,2026-05-16 15:36:00,Lower Ringold,1,2026-05-20 06:57:29
Rock Island Tailrace STH,2,G7206F41F,2026-05-14 18:36:53,2026-05-16 15:36:00,Hanford,1,2026-07-06 02:14:22
Rock Island Tailrace STH,1,G7208EE20,2026-05-19 19:24:15,2026-05-21 15:49:00,Crescent Bar,1,2026-05-21 21:59:34
Rock Island Tailrace STH,1,G7208EE20,2026-05-19 19:24:15,2026-05-21 15:49:00,Sunland,1,2026-05-22 11:12:27
Rock Island Tailrace STH,1,G7208EE20,2026-05-19 19:24:15,2026-05-21 15:49:00,Wanapum BRZ,1,2026-05-23 14:11:42
Rock Island Tailrace STH,1,G7208EE20,2026-05-19 19:24:15,2026-05-21 15:49:00,Mattawa,1,2026-05-23 20:39:45
Rock Island Tailrace STH,1,G7208EE20,2026-05-19 19:24:15,2026-05-21 15:49:00,Priest BRZ,1,2026-05-24 02:17:57
Rock Island Tailrace STH,1,G7208EE20,2026-05-19 19:24:15,2026-05-21 15:49:00,Lower Ringold,1,2026-05-24 16:43:51
Rock Island Tailrace STH,1,G7208EE20,2026-05-19 19:24:15,2026-05-21 15:49:00,Hanford,1,2026-05-24 19:52:39
Rock Island Tailrace STH,1,G72097D17,2026-05-15 16:57:46,2026-05-17 15:43:00,Crescent Bar,1,2026-05-17 23:14:16
Rock Island Tailrace STH,1,G72097D17,2026-05-15 16:57:46,2026-05-17 15:43:00,Sunland,1,2026-05-18 11:43:10
Rock Island Tailrace STH,1,G72097D17,2026-05-15 16:57:46,2026-05-17 15:43:00,Wanapum BRZ,1,2026-05-19 12:58:26
Rock Island Tailrace STH,1,G72097D17,2026-05-15 16:57:46,2026-05-17 15:43:00,Mattawa,1,2026-05-20 20:55:18
Rock Island Tailrace STH,1,G72097D17,2026-05-15 16:57:46,2026-05-17 15:43:00,Priest BRZ,1,2026-05-21 12:56:40
Rock Island Tailrace STH,1,G72097D17,2026-05-15 16:57:46,2026-05-17 15:43:00,Lower Ringold,1,2026-05-24 08:32:43
Rock Island Tailrace STH,1,G72097D17,2026-05-15 16:57:46,2026-05-17 15:43:00,Hanford,1,2026-05-24 11:41:25
Rock Island Tailrace STH,3,G720A5AE2,2026-05-16 16:09:14,2026-05-19 16:20:00,Crescent Bar,1,2026-05-19 21:36:22
Rock Island Tailrace STH,3,G720A5AE2,2026-05-16 16:09:14,2026-05-19 16:20:00,Sunland,1,2026-05-20 04:51:46
Rock Island Tailrace STH,3,G720A5AE2,2026-05-16 16:09:14,2026-05-19 16:20:00,Wanapum BRZ,1,2026-05-20 22:01:04
Rock Island Tailrace STH,3,G720A5AE2,2026-05-16 16:09:14,2026-05-19 16:20:00,Mattawa,0,
Rock Island Tailrace STH,3,G720A5AE2,2026-05-16 16:09:14,2026-05-19 16:20:00,Priest BRZ,0,
Rock Island Tailrace STH,3,G720A5AE2,2026-05-16 16:09:14,2026-05-19 16:20:00,Lower Ringold,0,
Rock Island Tailrace STH,3,G720A5AE2,2026-05-16 16:09:14,2026-05-19 16:20:00,Hanford,0,
Rock Island Tailrace STH,3,G720A8277,2026-05-11 17:19:45,2026-05-14 15:44:00,Crescent Bar,1,2026-05-14 23:56:59
Rock Island Tailrace STH,3,G720A8277,2026-05-11 17:19:45,2026-05-14 15:44:00,Sunland,1,2026-05-15 09:58:28
Rock Island Tailrace STH,3,G720A8277,2026-05-11 17:19:45,2026-05-14 15:44:00,Wanapum BRZ,1,2026-05-16 02:53:37
Rock Island Tailrace STH,3,G720A8277,2026-05-11 17:19:45,2026-05-14 15:44:00,Mattawa,1,2026-05-16 05:45:51
Rock Island Tailrace STH,3,G720A8277,2026-05-11 17:19:45,2026-05-14 15:44:00,Priest BRZ,1,2026-05-17 01:11:11
Rock Island Tailrace STH,3,G720A8277,2026-05-11 17:19:45,2026-05-14 15:44:00,Lower Ringold,0,
Rock Island Tailrace STH,3,G720A8277,2026-05-11 17:19:45,2026-05-14 15:44:00,Hanford,0,
Rock Island Tailrace STH,3,G720A8F8A,2026-05-12 18:04:42,2026-05-15 16:06:00,Crescent Bar,1,2026-05-15 23:39:44
Rock Island Tailrace STH,3,G720A8F8A,2026-05-12 18:04:42,2026-05-15 16:06:00,Sunland,1,2026-05-16 09:13:47
Rock Island Tailrace STH,3,G720A8F8A,2026-05-12 18:04:42,2026-05-15 16:06:00,Wanapum BRZ,1,2026-05-17 15:56:04
Rock Island Tailrace STH,3,G720A8F8A,2026-05-12 18:04:42,2026-05-15 16:06:00,Mattawa,1,2026-05-18 12:16:06
Rock Island Tailrace STH,3,G720A8F8A,2026-05-12 18:04:42,2026-05-15 16:06:00,Priest BRZ,1,2026-05-19 02:02:49
Rock Island Tailrace STH,3,G720A8F8A,2026-05-12 18:04:42,2026-05-15 16:06:00,Lower Ringold,1,2026-05-19 15:33:53
Rock Island Tailrace STH,3,G720A8F8A,2026-05-12 18:04:42,2026-05-15 16:06:00,Hanford,1,2026-05-19 18:01:37
Rock Island Tailrace STH,3,G720B3E22,2026-05-19 19:25:46,2026-05-21 15:49:00,Crescent Bar,1,2026-05-21 22:00:36
Rock Island Tailrace STH,3,G720B3E22,2026-05-19 19:25:46,2026-05-21 15:49:00,Sunland,1,2026-05-22 07:51:56
Rock Island Tailrace STH,3,G720B3E22,2026-05-19 19:25:46,2026-05-21 15:49:00,Wanapum BRZ,1,2026-05-23 23:26:58
Rock Island Tailrace STH,3,G720B3E22,2026-05-19 19:25:46,2026-05-21 15:49:00,Mattawa,1,2026-05-24 06:31:17
Rock Island Tailrace STH,3,G720B3E22,2026-05-19 19:25:46,2026-05-21 15:49:00,Priest BRZ,1,2026-05-24 15:38:10
Rock Island Tailrace STH,3,G720B3E22,2026-05-19 19:25:46,2026-05-21 15:49:00,Lower Ringold,1,2026-05-25 08:55:01
Rock Island Tailrace STH,3,G720B3E22,2026-05-19 19:25:46,2026-05-21 15:49:00,Hanford,1,2026-05-25 12:05:44
Rock Island Tailrace STH,1,G720C4728,2026-05-12 17:55:20,2026-05-15 16:06:00,Crescent Bar,1,2026-05-16 00:34:46
Rock Island Tailrace STH,1,G720C4728,2026-05-12 17:55:20,2026-05-15 16:06:00,Sunland,1,2026-05-16 11:09:50
Rock Island Tailrace STH,1,G720C4728,2026-05-12 17:55:20,2026-05-15 16:06:00,Wanapum BRZ,0,
Rock Island Tailrace STH,1,G720C4728,2026-05-12 17:55:20,2026-05-15 16:06:00,Mattawa,0,
Rock Island Tailrace STH,1,G720C4728,2026-05-12 17:55:20,2026-05-15 16:06:00,Priest BRZ,0,
Rock Island Tailrace STH,1,G720C4728,2026-05-12 17:55:20,2026-05-15 16:06:00,Lower Ringold,0,
Rock Island Tailrace STH,1,G720C4728,2026-05-12 17:55:20,2026-05-15 16:06:00,Hanford,0,
Rock Island Tailrace STH,3,G720ECD4B,2026-05-14 18:36:30,2026-05-16 15:36:00,Crescent Bar,1,2026-05-17 03:45:02
Rock Island Tailrace STH,3,G720ECD4B,2026-05-14 18:36:30,2026-05-16 15:36:00,Sunland,1,2026-05-17 12:37:02
Rock Island Tailrace STH,3,G720ECD4B,2026-05-14 18:36:30,2026-05-16 15:36:00,Wanapum BRZ,1,2026-05-18 10:26:01
Rock Island Tailrace STH,3,G720ECD4B,2026-05-14 18:36:30,2026-05-16 15:36:00,Mattawa,1,2026-05-19 06:37:40
Rock Island Tailrace STH,3,G720ECD4B,2026-05-14 18:36:30,2026-05-16 15:36:00,Priest BRZ,1,2026-05-19 14:44:59
Rock Island Tailrace STH,3,G720ECD4B,2026-05-14 18:36:30,2026-05-16 15:36:00,Lower Ringold,1,2026-05-25 11:37:21
Rock Island Tailrace STH,3,G720ECD4B,2026-05-14 18:36:30,2026-05-16 15:36:00,Hanford,1,2026-05-25 14:59:37
Rock Island Tailrace STH,3,G7210C844,2026-05-15 16:55:35,2026-05-17 15:43:00,Crescent Bar,1,2026-05-17 23:40:09
Rock Island Tailrace STH,3,G7210C844,2026-05-15 16:55:35,2026-05-17 15:43:00,Sunland,1,2026-05-18 11:53:23
Rock Island Tailrace STH,3,G7210C844,2026-05-15 16:55:35,2026-05-17 15:43:00,Wanapum BRZ,1,2026-05-19 15:51:04
Rock Island Tailrace STH,3,G7210C844,2026-05-15 16:55:35,2026-05-17 15:43:00,Mattawa,1,2026-05-19 21:06:06
Rock Island Tailrace STH,3,G7210C844,2026-05-15 16:55:35,2026-05-17 15:43:00,Priest BRZ,1,2026-05-20 04:18:06
Rock Island Tailrace STH,3,G7210C844,2026-05-15 16:55:35,2026-05-17 15:43:00,Lower Ringold,1,2026-05-20 17:35:40
Rock Island Tailrace STH,3,G7210C844,2026-05-15 16:55:35,2026-05-17 15:43:00,Hanford,1,2026-05-21 03:53:57
Rock Island Tailrace STH,3,G7211B878,2026-05-11 17:21:40,2026-05-14 15:44:00,Crescent Bar,1,2026-05-15 00:23:01
Rock Island Tailrace STH,3,G7211B878,2026-05-11 17:21:40,2026-05-14 15:44:00,Sunland,1,2026-05-15 15:43:12
Rock Island Tailrace STH,3,G7211B878,2026-05-11 17:21:40,2026-05-14 15:44:00,Wanapum BRZ,1,2026-05-16 18:49:44
Rock Island Tailrace STH,3,G7211B878,2026-05-11 17:21:40,2026-05-14 15:44:00,Mattawa,1,2026-05-20 02:37:14
Rock Island Tailrace STH,3,G7211B878,2026-05-11 17:21:40,2026-05-14 15:44:00,Priest BRZ,1,2026-05-20 11:55:06
Rock Island Tailrace STH,3,G7211B878,2026-05-11 17:21:40,2026-05-14 15:44:00,Lower Ringold,1,2026-05-21 01:22:38
Rock Island Tailrace STH,3,G7211B878,2026-05-11 17:21:40,2026-05-14 15:44:00,Hanford,1,2026-05-21 03:52:24
Rock Island Tailrace STH,3,G7211F240,2026-05-14 18:31:47,2026-05-16 15:36:00,Crescent Bar,1,2026-05-17 04:26:51
Rock Island Tailrace STH,3,G7211F240,2026-05-14 18:31:47,2026-05-16 15:36:00,Sunland,1,2026-05-17 13:50:54
Rock Island Tailrace STH,3,G7211F240,2026-05-14 18:31:47,2026-05-16 15:36:00,Wanapum BRZ,1,2026-05-18 22:00:20
Rock Island Tailrace STH,3,G7211F240,2026-05-14 18:31:47,2026-05-16 15:36:00,Mattawa,1,2026-05-19 02:35:06
Rock Island Tailrace STH,3,G7211F240,2026-05-14 18:31:47,2026-05-16 15:36:00,Priest BRZ,1,2026-05-19 10:04:39
Rock Island Tailrace STH,3,G7211F240,2026-05-14 18:31:47,2026-05-16 15:36:00,Lower Ringold,1,2026-05-19 23:32:38
Rock Island Tailrace STH,3,G7211F240,2026-05-14 18:31:47,2026-05-16 15:36:00,Hanford,1,2026-05-20 02:22:00
Rock Island Tailrace STH,1,G7212D916,2026-05-16 16:12:16,2026-05-19 16:20:00,Crescent Bar,1,2026-05-20 02:29:53
Rock Island Tailrace STH,1,G7212D916,2026-05-16 16:12:16,2026-05-19 16:20:00,Sunland,1,2026-05-20 12:55:19
Rock Island Tailrace STH,1,G7212D916,2026-05-16 16:12:16,2026-05-19 16:20:00,Wanapum BRZ,1,2026-05-21 07:11:38
Rock Island Tailrace STH,1,G7212D916,2026-05-16 16:12:16,2026-05-19 16:20:00,Mattawa,1,2026-05-24 04:30:06
Rock Island Tailrace STH,1,G7212D916,2026-05-16 16:12:16,2026-05-19 16:20:00,Priest BRZ,1,2026-05-24 13:18:04
Rock Island Tailrace STH,1,G7212D916,2026-05-16 16:12:16,2026-05-19 16:20:00,Lower Ringold,1,2026-05-26 00:32:34
Rock Island Tailrace STH,1,G7212D916,2026-05-16 16:12:16,2026-05-19 16:20:00,Hanford,1,2026-05-26 03:39:25
Rock Island Tailrace STH,3,G7215E05A,2026-05-11 17:18:15,2026-05-14 15:44:00,Crescent Bar,1,2026-05-14 20:55:27
Rock Island Tailrace STH,3,G7215E05A,2026-05-11 17:18:15,2026-05-14 15:44:00,Sunland,1,2026-05-15 08:05:12
Rock Island Tailrace STH,3,G7215E05A,2026-05-11 17:18:15,2026-05-14 15:44:00,Wanapum BRZ,1,2026-05-17 01:30:49
Rock Island Tailrace STH,3,G7215E05A,2026-05-11 17:18:15,2026-05-14 15:44:00,Mattawa,1,2026-05-17 06:22:23
Rock Island Tailrace STH,3,G7215E05A,2026-05-11 17:18:15,2026-05-14 15:44:00,Priest BRZ,1,2026-05-17 23:50:42
Rock Island Tailrace STH,3,G7215E05A,2026-05-11 17:18:15,2026-05-14 15:44:00,Lower Ringold,1,2026-05-18 17:36:15
Rock Island Tailrace STH,3,G7215E05A,2026-05-11 17:18:15,2026-05-14 15:44:00,Hanford,1,2026-05-19 03:33:16
Rock Island Tailrace STH,2,G7216CDD1,2026-05-11 17:28:01,2026-05-14 15:44:00,Crescent Bar,1,2026-05-14 22:05:08
Rock Island Tailrace STH,2,G7216CDD1,2026-05-11 17:28:01,2026-05-14 15:44:00,Sunland,1,2026-05-15 13:59:56
Rock Island Tailrace STH,2,G7216CDD1,2026-05-11 17:28:01,2026-05-14 15:44:00,Wanapum BRZ,1,2026-05-18 21:25:19
Rock Island Tailrace STH,2,G7216CDD1,2026-05-11 17:28:01,2026-05-14 15:44:00,Mattawa,1,2026-05-19 06:56:23
Rock Island Tailrace STH,2,G7216CDD1,2026-05-11 17:28:01,2026-05-14 15:44:00,Priest BRZ,0,
Rock Island Tailrace STH,2,G7216CDD1,2026-05-11 17:28:01,2026-05-14 15:44:00,Lower Ringold,0,
Rock Island Tailrace STH,2,G7216CDD1,2026-05-11 17:28:01,2026-05-14 15:44:00,Hanford,0,
Rock Island Tailrace STH,2,G7216F1CC,2026-05-11 17:25:18,2026-05-14 15:44:00,Crescent Bar,1,2026-05-15 01:53:58
Rock Island Tailrace STH,2,G7216F1CC,2026-05-11 17:25:18,2026-05-14 15:44:00,Sunland,1,2026-05-15 11:26:18
Rock Island Tailrace STH,2,G7216F1CC,2026-05-11 17:25:18,2026-05-14 15:44:00,Wanapum BRZ,1,2026-05-16 15:24:30
Rock Island Tailrace STH,2,G7216F1CC,2026-05-11 17:25:18,2026-05-14 15:44:00,Mattawa,1,2026-05-17 04:39:17
Rock Island Tailrace STH,2,G7216F1CC,2026-05-11 17:25:18,2026-05-14 15:44:00,Priest BRZ,1,2026-05-17 17:15:14
Rock Island Tailrace STH,2,G7216F1CC,2026-05-11 17:25:18,2026-05-14 15:44:00,Lower Ringold,1,2026-05-18 03:57:54
Rock Island Tailrace STH,2,G7216F1CC,2026-05-11 17:25:18,2026-05-14 15:44:00,Hanford,1,2026-05-18 07:00:09
Rock Island Tailrace STH,2,G7218C312,2026-05-18 19:39:48,2026-05-20 15:35:00,Crescent Bar,1,2026-05-21 02:02:16
Rock Island Tailrace STH,2,G7218C312,2026-05-18 19:39:48,2026-05-20 15:35:00,Sunland,1,2026-05-21 11:55:43
Rock Island Tailrace STH,2,G7218C312,2026-05-18 19:39:48,2026-05-20 15:35:00,Wanapum BRZ,1,2026-05-22 09:29:48
Rock Island Tailrace STH,2,G7218C312,2026-05-18 19:39:48,2026-05-20 15:35:00,Mattawa,1,2026-05-22 20:05:17
Rock Island Tailrace STH,2,G7218C312,2026-05-18 19:39:48,2026-05-20 15:35:00,Priest BRZ,1,2026-05-23 11:39:37
Rock Island Tailrace STH,2,G7218C312,2026-05-18 19:39:48,2026-05-20 15:35:00,Lower Ringold,1,2026-05-24 01:49:05
Rock Island Tailrace STH,2,G7218C312,2026-05-18 19:39:48,2026-05-20 15:35:00,Hanford,1,2026-05-24 05:01:55
Rock Island Tailrace STH,2,G7219C7B7,2026-05-14 18:46:52,2026-05-16 15:36:00,Crescent Bar,1,2026-05-17 08:39:31
Rock Island Tailrace STH,2,G7219C7B7,2026-05-14 18:46:52,2026-05-16 15:36:00,Sunland,1,2026-05-17 20:06:00
Rock Island Tailrace STH,2,G7219C7B7,2026-05-14 18:46:52,2026-05-16 15:36:00,Wanapum BRZ,1,2026-05-19 13:56:58
Rock Island Tailrace STH,2,G7219C7B7,2026-05-14 18:46:52,2026-05-16 15:36:00,Mattawa,1,2026-05-21 04:45:06
Rock Island Tailrace STH,2,G7219C7B7,2026-05-14 18:46:52,2026-05-16 15:36:00,Priest BRZ,1,2026-05-22 13:36:54
Rock Island Tailrace STH,2,G7219C7B7,2026-05-14 18:46:52,2026-05-16 15:36:00,Lower Ringold,0,
Rock Island Tailrace STH,2,G7219C7B7,2026-05-14 18:46:52,2026-05-16 15:36:00,Hanford,0,
Rock Island Tailrace STH,3,G721A0728,2026-05-12 17:58:52,2026-05-15 16:06:00,Crescent Bar,1,2026-05-15 23:12:40
Rock Island Tailrace STH,3,G721A0728,2026-05-12 17:58:52,2026-05-15 16:06:00,Sunland,1,2026-05-16 07:25:40
Rock Island Tailrace STH,3,G721A0728,2026-05-12 17:58:52,2026-05-15 16:06:00,Wanapum BRZ,0,
Rock Island Tailrace STH,3,G721A0728,2026-05-12 17:58:52,2026-05-15 16:06:00,Mattawa,0,
Rock Island Tailrace STH,3,G721A0728,2026-05-12 17:58:52,2026-05-15 16:06:00,Priest BRZ,0,
Rock Island Tailrace STH,3,G721A0728,2026-05-12 17:58:52,2026-05-15 16:06:00,Lower Ringold,0,
Rock Island Tailrace STH,3,G721A0728,2026-05-12 17:58:52,2026-05-15 16:06:00,Hanford,0,
Rock Island Tailrace STH,3,G721A45D2,2026-05-14 18:37:48,2026-05-16 15:36:00,Crescent Bar,1,2026-05-17 09:38:18
Rock Island Tailrace STH,3,G721A45D2,2026-05-14 18:37:48,2026-05-16 15:36:00,Sunland,1,2026-05-17 20:08:37
Rock Island Tailrace STH,3,G721A45D2,2026-05-14 18:37:48,2026-05-16 15:36:00,Wanapum BRZ,0,
Rock Island Tailrace STH,3,G721A45D2,2026-05-14 18:37:48,2026-05-16 15:36:00,Mattawa,0,
Rock Island Tailrace STH,3,G721A45D2,2026-05-14 18:37:48,2026-05-16 15:36:00,Priest BRZ,0,
Rock Island Tailrace STH,3,G721A45D2,2026-05-14 18:37:48,2026-05-16 15:36:00,Lower Ringold,0,
Rock Island Tailrace STH,3,G721A45D2,2026-05-14 18:37:48,2026-05-16 15:36:00,Hanford,0,
Rock Island Tailrace STH,2,G721ACB41,2026-05-15 16:57:19,2026-05-17 15:43:00,Crescent Bar,1,2026-05-18 05:00:18
Rock Island Tailrace STH,2,G721ACB41,2026-05-15 16:57:19,2026-05-17 15:43:00,Sunland,1,2026-05-18 14:31:21
Rock Island Tailrace STH,2,G721ACB41,2026-05-15 16:57:19,2026-05-17 15:43:00,Wanapum BRZ,1,2026-05-19 15:19:46
Rock Island Tailrace STH,2,G721ACB41,2026-05-15 16:57:19,2026-05-17 15:43:00,Mattawa,1,2026-05-19 17:30:16
Rock Island Tailrace STH,2,G721ACB41,2026-05-15 16:57:19,2026-05-17 15:43:00,Priest BRZ,1,2026-05-20 10:37:17
Rock Island Tailrace STH,2,G721ACB41,2026-05-15 16:57:19,2026-05-17 15:43:00,Lower Ringold,1,2026-05-21 01:23:43
Rock Island Tailrace STH,2,G721ACB41,2026-05-15 16:57:19,2026-05-17 15:43:00,Hanford,1,2026-05-21 04:10:01
Rock Island Tailrace STH,2,G721D745C,2026-05-18 19:41:39,2026-05-20 15:35:00,Crescent Bar,1,2026-05-20 23:13:35
Rock Island Tailrace STH,2,G721D745C,2026-05-18 19:41:39,2026-05-20 15:35:00,Sunland,1,2026-05-21 10:09:24
Rock Island Tailrace STH,2,G721D745C,2026-05-18 19:41:39,2026-05-20 15:35:00,Wanapum BRZ,1,2026-05-22 03:14:02
Rock Island Tailrace STH,2,G721D745C,2026-05-18 19:41:39,2026-05-20 15:35:00,Mattawa,1,2026-05-22 07:02:04
Rock Island Tailrace STH,2,G721D745C,2026-05-18 19:41:39,2026-05-20 15:35:00,Priest BRZ,1,2026-05-22 15:18:26
Rock Island Tailrace STH,2,G721D745C,2026-05-18 19:41:39,2026-05-20 15:35:00,Lower Ringold,0,
Rock Island Tailrace STH,2,G721D745C,2026-05-18 19:41:39,2026-05-20 15:35:00,Hanford,0,
Rock Island Tailrace STH,2,G721DE290,2026-05-14 18:01:16,2026-05-16 15:36:00,Crescent Bar,1,2026-05-17 01:40:32
Rock Island Tailrace STH,2,G721DE290,2026-05-14 18:01:16,2026-05-16 15:36:00,Sunland,1,2026-05-17 10:17:17
Rock Island Tailrace STH,2,G721DE290,2026-05-14 18:01:16,2026-05-16 15:36:00,Wanapum BRZ,1,2026-05-18 06:21:33
Rock Island Tailrace STH,2,G721DE290,2026-05-14 18:01:16,2026-05-16 15:36:00,Mattawa,1,2026-05-18 09:33:41
Rock Island Tailrace STH,2,G721DE290,2026-05-14 18:01:16,2026-05-16 15:36:00,Priest BRZ,1,2026-05-18 18:39:19
Rock Island Tailrace STH,2,G721DE290,2026-05-14 18:01:16,2026-05-16 15:36:00,Lower Ringold,0,
Rock Island Tailrace STH,2,G721DE290,2026-05-14 18:01:16,2026-05-16 15:36:00,Hanford,0,
Rock Island Tailrace STH,2,G7220CC08,2026-05-14 18:49:19,2026-05-16 15:36:00,Crescent Bar,1,2026-05-17 00:56:48
Rock Island Tailrace STH,2,G7220CC08,2026-05-14 18:49:19,2026-05-16 15:36:00,Sunland,1,2026-05-17 10:56:34
Rock Island Tailrace STH,2,G7220CC08,2026-05-14 18:49:19,2026-05-16 15:36:00,Wanapum BRZ,1,2026-05-18 08:27:12
Rock Island Tailrace STH,2,G7220CC08,2026-05-14 18:49:19,2026-05-16 15:36:00,Mattawa,1,2026-05-18 15:18:40
Rock Island Tailrace STH,2,G7220CC08,2026-05-14 18:49:19,2026-05-16 15:36:00,Priest BRZ,1,2026-05-19 02:32:28
Rock Island Tailrace STH,2,G7220CC08,2026-05-14 18:49:19,2026-05-16 15:36:00,Lower Ringold,1,2026-05-19 21:10:28
Rock Island Tailrace STH,2,G7220CC08,2026-05-14 18:49:19,2026-05-16 15:36:00,Hanford,1,2026-05-19 23:48:21
Rock Island Tailrace STH,2,G72211038,2026-05-11 17:33:00,2026-05-14 15:44:00,Crescent Bar,1,2026-05-14 22:59:21
Rock Island Tailrace STH,2,G72211038,2026-05-11 17:33:00,2026-05-14 15:44:00,Sunland,1,2026-05-15 08:31:50
Rock Island Tailrace STH,2,G72211038,2026-05-11 17:33:00,2026-05-14 15:44:00,Wanapum BRZ,1,2026-05-16 02:10:49
Rock Island Tailrace STH,2,G72211038,2026-05-11 17:33:00,2026-05-14 15:44:00,Mattawa,1,2026-05-16 04:56:58
Rock Island Tailrace STH,2,G72211038,2026-05-11 17:33:00,2026-05-14 15:44:00,Priest BRZ,1,2026-05-16 17:06:46
Rock Island Tailrace STH,2,G72211038,2026-05-11 17:33:00,2026-05-14 15:44:00,Lower Ringold,1,2026-05-17 04:28:05
Rock Island Tailrace STH,2,G72211038,2026-05-11 17:33:00,2026-05-14 15:44:00,Hanford,1,2026-05-17 07:25:09
Rock Island Tailrace STH,2,G72215D83,2026-05-14 18:02:08,2026-05-16 15:36:00,Crescent Bar,1,2026-05-17 08:19:39
Rock Island Tailrace STH,2,G72215D83,2026-05-14 18:02:08,2026-05-16 15:36:00,Sunland,1,2026-05-17 23:43:30
Rock Island Tailrace STH,2,G72215D83,2026-05-14 18:02:08,2026-05-16 15:36:00,Wanapum BRZ,1,2026-05-19 00:25:39
Rock Island Tailrace STH,2,G72215D83,2026-05-14 18:02:08,2026-05-16 15:36:00,Mattawa,1,2026-05-19 05:59:37
Rock Island Tailrace STH,2,G72215D83,2026-05-14 18:02:08,2026-05-16 15:36:00,Priest BRZ,1,2026-05-21 06:30:11
Rock Island Tailrace STH,2,G72215D83,2026-05-14 18:02:08,2026-05-16 15:36:00,Lower Ringold,0,
Rock Island Tailrace STH,2,G72215D83,2026-05-14 18:02:08,2026-05-16 15:36:00,Hanford,0,
Rock Island Tailrace STH,2,G7221619E,2026-05-15 17:12:54,2026-05-17 15:43:00,Crescent Bar,1,2026-05-18 06:40:34
Rock Island Tailrace STH,2,G7221619E,2026-05-15 17:12:54,2026-05-17 15:43:00,Sunland,1,2026-05-18 16:19:29
Rock Island Tailrace STH,2,G7221619E,2026-05-15 17:12:54,2026-05-17 15:43:00,Wanapum BRZ,0,
Rock Island Tailrace STH,2,G7221619E,2026-05-15 17:12:54,2026-05-17 15:43:00,Mattawa,0,
Rock Island Tailrace STH,2,G7221619E,2026-05-15 17:12:54,2026-05-17 15:43:00,Priest BRZ,0,
Rock Island Tailrace STH,2,G7221619E,2026-05-15 17:12:54,2026-05-17 15:43:00,Lower Ringold,0,
Rock Island Tailrace STH,2,G7221619E,2026-05-15 17:12:54,2026-05-17 15:43:00,Hanford,0,
Rock Island Tailrace STH,2,G7224FB0E,2026-05-18 19:47:43,2026-05-21 15:49:00,Crescent Bar,1,2026-05-22 00:19:42
Rock Island Tailrace STH,2,G7224FB0E,2026-05-18 19:47:43,2026-05-21 15:49:00,Sunland,1,2026-05-22 13:33:48
Rock Island Tailrace STH,2,G7224FB0E,2026-05-18 19:47:43,2026-05-21 15:49:00,Wanapum BRZ,0,
Rock Island Tailrace STH,2,G7224FB0E,2026-05-18 19:47:43,2026-05-21 15:49:00,Mattawa,0,
Rock Island Tailrace STH,2,G7224FB0E,2026-05-18 19:47:43,2026-05-21 15:49:00,Priest BRZ,0,
Rock Island Tailrace STH,2,G7224FB0E,2026-05-18 19:47:43,2026-05-21 15:49:00,Lower Ringold,0,
Rock Island Tailrace STH,2,G7224FB0E,2026-05-18 19:47:43,2026-05-21 15:49:00,Hanford,0,
Rock Island Tailrace STH,2,G7225AA4F,2026-05-15 16:42:59,2026-05-17 15:43:00,Crescent Bar,1,2026-05-18 06:45:38
Rock Island Tailrace STH,2,G7225AA4F,2026-05-15 16:42:59,2026-05-17 15:43:00,Sunland,1,2026-05-18 15:50:01
Rock Island Tailrace STH,2,G7225AA4F,2026-05-15 16:42:59,2026-05-17 15:43:00,Wanapum BRZ,1,2026-05-19 12:00:39
Rock Island Tailrace STH,2,G7225AA4F,2026-05-15 16:42:59,2026-05-17 15:43:00,Mattawa,1,2026-05-20 16:18:44
Rock Island Tailrace STH,2,G7225AA4F,2026-05-15 16:42:59,2026-05-17 15:43:00,Priest BRZ,1,2026-05-21 00:05:52
Rock Island Tailrace STH,2,G7225AA4F,2026-05-15 16:42:59,2026-05-17 15:43:00,Lower Ringold,0,
Rock Island Tailrace STH,2,G7225AA4F,2026-05-15 16:42:59,2026-05-17 15:43:00,Hanford,1,2026-05-24 14:37:48
Rock Island Tailrace STH,3,G72298F1E,2026-05-15 16:55:00,2026-05-17 15:43:00,Crescent Bar,1,2026-05-18 03:07:02
Rock Island Tailrace STH,3,G72298F1E,2026-05-15 16:55:00,2026-05-17 15:43:00,Sunland,1,2026-05-18 13:11:55
Rock Island Tailrace STH,3,G72298F1E,2026-05-15 16:55:00,2026-05-17 15:43:00,Wanapum BRZ,1,2026-05-20 10:14:14
Rock Island Tailrace STH,3,G72298F1E,2026-05-15 16:55:00,2026-05-17 15:43:00,Mattawa,1,2026-05-25 01:39:23
Rock Island Tailrace STH,3,G72298F1E,2026-05-15 16:55:00,2026-05-17 15:43:00,Priest BRZ,1,2026-05-25 13:48:45
Rock Island Tailrace STH,3,G72298F1E,2026-05-15 16:55:00,2026-05-17 15:43:00,Lower Ringold,1,2026-05-28 04:43:31
Rock Island Tailrace STH,3,G72298F1E,2026-05-15 16:55:00,2026-05-17 15:43:00,Hanford,1,2026-05-28 08:14:45
Rock Island Tailrace STH,2,G722B874D,2026-05-14 17:56:44,2026-05-16 15:36:00,Crescent Bar,1,2026-05-17 06:10:09
Rock Island Tailrace STH,2,G722B874D,2026-05-14 17:56:44,2026-05-16 15:36:00,Sunland,1,2026-05-17 14:43:34
Rock Island Tailrace STH,2,G722B874D,2026-05-14 17:56:44,2026-05-16 15:36:00,Wanapum BRZ,1,2026-05-19 19:10:44
Rock Island Tailrace STH,2,G722B874D,2026-05-14 17:56:44,2026-05-16 15:36:00,Mattawa,1,2026-05-20 02:13:25
Rock Island Tailrace STH,2,G722B874D,2026-05-14 17:56:44,2026-05-16 15:36:00,Priest BRZ,1,2026-05-20 14:23:27
Rock Island Tailrace STH,2,G722B874D,2026-05-14 17:56:44,2026-05-16 15:36:00,Lower Ringold,0,
Rock Island Tailrace STH,2,G722B874D,2026-05-14 17:56:44,2026-05-16 15:36:00,Hanford,0,
Rock Island Tailrace STH,1,G722F7702,2026-05-14 18:34:53,2026-05-16 15:36:00,Crescent Bar,1,2026-05-17 00:50:45
Rock Island Tailrace STH,1,G722F7702,2026-05-14 18:34:53,2026-05-16 15:36:00,Sunland,1,2026-05-17 09:46:10
Rock Island Tailrace STH,1,G722F7702,2026-05-14 18:34:53,2026-05-16 15:36:00,Wanapum BRZ,1,2026-05-18 13:35:43
Rock Island Tailrace STH,1,G722F7702,2026-05-14 18:34:53,2026-05-16 15:36:00,Mattawa,1,2026-05-18 16:38:15
Rock Island Tailrace STH,1,G722F7702,2026-05-14 18:34:53,2026-05-16 15:36:00,Priest BRZ,1,2026-05-18 22:50:13
Rock Island Tailrace STH,1,G722F7702,2026-05-14 18:34:53,2026-05-16 15:36:00,Lower Ringold,1,2026-05-19 12:35:25
Rock Island Tailrace STH,1,G722F7702,2026-05-14 18:34:53,2026-05-16 15:36:00,Hanford,1,2026-05-19 15:19:23
Rock Island Tailrace STH,1,G72333559,2026-05-14 18:47:22,2026-05-16 15:36:00,Crescent Bar,1,2026-05-17 10:15:44
Rock Island Tailrace STH,1,G72333559,2026-05-14 18:47:22,2026-05-16 15:36:00,Sunland,1,2026-05-18 07:59:53
Rock Island Tailrace STH,1,G72333559,2026-05-14 18:47:22,2026-05-16 15:36:00,Wanapum BRZ,0,
Rock Island Tailrace STH,1,G72333559,2026-05-14 18:47:22,2026-05-16 15:36:00,Mattawa,0,
Rock Island Tailrace STH,1,G72333559,2026-05-14 18:47:22,2026-05-16 15:36:00,Priest BRZ,0,
Rock Island Tailrace STH,1,G72333559,2026-05-14 18:47:22,2026-05-16 15:36:00,Lower Ringold,0,
Rock Island Tailrace STH,1,G72333559,2026-05-14 18:47:22,2026-05-16 15:36:00,Hanford,0,
Rock Island Tailrace STH,1,G7235849F,2026-05-12 18:07:14,2026-05-15 16:06:00,Crescent Bar,1,2026-05-16 04:53:43
Rock Island Tailrace STH,1,G7235849F,2026-05-12 18:07:14,2026-05-15 16:06:00,Sunland,1,2026-05-16 13:18:52
Rock Island Tailrace STH,1,G7235849F,2026-05-12 18:07:14,2026-05-15 16:06:00,Wanapum BRZ,0,
Rock Island Tailrace STH,1,G7235849F,2026-05-12 18:07:14,2026-05-15 16:06:00,Mattawa,0,
Rock Island Tailrace STH,1,G7235849F,2026-05-12 18:07:14,2026-05-15 16:06:00,Priest BRZ,0,
Rock Island Tailrace STH,1,G7235849F,2026-05-12 18:07:14,2026-05-15 16:06:00,Lower Ringold,0,
Rock Island Tailrace STH,1,G7235849F,2026-05-12 18:07:14,2026-05-15 16:06:00,Hanford,0,
Rock Island Tailrace STH,2,G72382605,2026-05-11 17:24:08,2026-05-14 15:44:00,Crescent Bar,1,2026-05-15 00:54:26
Rock Island Tailrace STH,2,G72382605,2026-05-11 17:24:08,2026-05-14 15:44:00,Sunland,1,2026-05-15 11:55:52
Rock Island Tailrace STH,2,G72382605,2026-05-11 17:24:08,2026-05-14 15:44:00,Wanapum BRZ,1,2026-05-16 15:49:00
Rock Island Tailrace STH,2,G72382605,2026-05-11 17:24:08,2026-05-14 15:44:00,Mattawa,1,2026-05-17 09:48:57
Rock Island Tailrace STH,2,G72382605,2026-05-11 17:24:08,2026-05-14 15:44:00,Priest BRZ,1,2026-05-18 22:58:32
Rock Island Tailrace STH,2,G72382605,2026-05-11 17:24:08,2026-05-14 15:44:00,Lower Ringold,1,2026-05-20 11:26:05
Rock Island Tailrace STH,2,G72382605,2026-05-11 17:24:08,2026-05-14 15:44:00,Hanford,1,2026-05-20 14:08:58
Rock Island Tailrace STH,2,G72393C22,2026-05-15 17:12:24,2026-05-17 15:43:00,Crescent Bar,1,2026-05-18 12:10:44
Rock Island Tailrace STH,2,G72393C22,2026-05-15 17:12:24,2026-05-17 15:43:00,Sunland,1,2026-05-18 21:59:29
Rock Island Tailrace STH,2,G72393C22,2026-05-15 17:12:24,2026-05-17 15:43:00,Wanapum BRZ,1,2026-05-19 17:36:49
Rock Island Tailrace STH,2,G72393C22,2026-05-15 17:12:24,2026-05-17 15:43:00,Mattawa,1,2026-05-20 03:52:59
Rock Island Tailrace STH,2,G72393C22,2026-05-15 17:12:24,2026-05-17 15:43:00,Priest BRZ,1,2026-05-20 12:58:43
Rock Island Tailrace STH,2,G72393C22,2026-05-15 17:12:24,2026-05-17 15:43:00,Lower Ringold,1,2026-05-21 01:23:39
Rock Island Tailrace STH,2,G72393C22,2026-05-15 17:12:24,2026-05-17 15:43:00,Hanford,1,2026-05-21 04:08:56
Rock Island Tailrace STH,1,G723CF1EA,2026-05-18 19:46:46,2026-05-20 15:35:00,Crescent Bar,1,2026-05-21 02:10:02
Rock Island Tailrace STH,1,G723CF1EA,2026-05-18 19:46:46,2026-05-20 15:35:00,Sunland,1,2026-05-21 12:28:16
Rock Island Tailrace STH,1,G723CF1EA,2026-05-18 19:46:46,2026-05-20 15:35:00,Wanapum BRZ,0,
Rock Island Tailrace STH,1,G723CF1EA,2026-05-18 19:46:46,2026-05-20 15:35:00,Mattawa,0,
Rock Island Tailrace STH,1,G723CF1EA,2026-05-18 19:46:46,2026-05-20 15:35:00,Priest BRZ,0,
Rock Island Tailrace STH,1,G723CF1EA,2026-05-18 19:46:46,2026-05-20 15:35:00,Lower Ringold,0,
Rock Island Tailrace STH,1,G723CF1EA,2026-05-18 19:46:46,2026-05-20 15:35:00,Hanford,0,
Rock Island Tailrace STH,1,G723DAD56,2026-05-19 19:16:46,2026-05-21 15:49:00,Crescent Bar,1,2026-05-22 00:38:25
Rock Island Tailrace STH,1,G723DAD56,2026-05-19 19:16:46,2026-05-21 15:49:00,Sunland,1,2026-05-22 11:54:10
Rock Island Tailrace STH,1,G723DAD56,2026-05-19 19:16:46,2026-05-21 15:49:00,Wanapum BRZ,1,2026-05-23 10:44:14
Rock Island Tailrace STH,1,G723DAD56,2026-05-19 19:16:46,2026-05-21 15:49:00,Mattawa,1,2026-05-23 14:21:21
Rock Island Tailrace STH,1,G723DAD56,2026-05-19 19:16:46,2026-05-21 15:49:00,Priest BRZ,1,2026-05-24 07:19:26
Rock Island Tailrace STH,1,G723DAD56,2026-05-19 19:16:46,2026-05-21 15:49:00,Lower Ringold,1,2026-05-24 21:05:46
Rock Island Tailrace STH,1,G723DAD56,2026-05-19 19:16:46,2026-05-21 15:49:00,Hanford,1,2026-05-25 00:49:32
Rock Island Tailrace STH,2,G723F2FF7,2026-05-11 17:39:12,2026-05-14 15:44:00,Crescent Bar,1,2026-05-14 23:41:45
Rock Island Tailrace STH,2,G723F2FF7,2026-05-11 17:39:12,2026-05-14 15:44:00,Sunland,1,2026-05-15 09:43:55
Rock Island Tailrace STH,2,G723F2FF7,2026-05-11 17:39:12,2026-05-14 15:44:00,Wanapum BRZ,1,2026-05-16 21:02:22
Rock Island Tailrace STH,2,G723F2FF7,2026-05-11 17:39:12,2026-05-14 15:44:00,Mattawa,1,2026-05-17 07:21:59
Rock Island Tailrace STH,2,G723F2FF7,2026-05-11 17:39:12,2026-05-14 15:44:00,Priest BRZ,1,2026-05-18 08:09:55
Rock Island Tailrace STH,2,G723F2FF7,2026-05-11 17:39:12,2026-05-14 15:44:00,Lower Ringold,1,2026-05-21 08:10:57
Rock Island Tailrace STH,2,G723F2FF7,2026-05-11 17:39:12,2026-05-14 15:44:00,Hanford,1,2026-05-21 11:12:32
Rock Island Tailrace STH,3,G72400E24,2026-05-12 17:53:15,2026-05-15 16:06:00,Crescent Bar,1,2026-05-16 10:05:41
Rock Island Tailrace STH,3,G72400E24,2026-05-12 17:53:15,2026-05-15 16:06:00,Sunland,1,2026-05-16 23:44:12
Rock Island Tailrace STH,3,G72400E24,2026-05-12 17:53:15,2026-05-15 16:06:00,Wanapum BRZ,1,2026-05-17 14:45:50
Rock Island Tailrace STH,3,G72400E24,2026-05-12 17:53:15,2026-05-15 16:06:00,Mattawa,1,2026-05-17 18:12:06
Rock Island Tailrace STH,3,G72400E24,2026-05-12 17:53:15,2026-05-15 16:06:00,Priest BRZ,1,2026-05-18 12:46:31
Rock Island Tailrace STH,3,G72400E24,2026-05-12 17:53:15,2026-05-15 16:06:00,Lower Ringold,1,2026-05-19 01:39:01
Rock Island Tailrace STH,3,G72400E24,2026-05-12 17:53:15,2026-05-15 16:06:00,Hanford,1,2026-05-19 06:28:23
Rock Island Tailrace STH,2,G72452FA6,2026-05-14 18:35:57,2026-05-16 15:36:00,Crescent Bar,1,2026-05-17 15:11:54
Rock Island Tailrace STH,2,G72452FA6,2026-05-14 18:35:57,2026-05-16 15:36:00,Sunland,1,2026-05-18 01:23:33
Rock Island Tailrace STH,2,G72452FA6,2026-05-14 18:35:57,2026-05-16 15:36:00,Wanapum BRZ,1,2026-05-19 03:16:56
Rock Island Tailrace STH,2,G72452FA6,2026-05-14 18:35:57,2026-05-16 15:36:00,Mattawa,1,2026-05-19 10:35:49
Rock Island Tailrace STH,2,G72452FA6,2026-05-14 18:35:57,2026-05-16 15:36:00,Priest BRZ,1,2026-05-20 11:07:54
Rock Island Tailrace STH,2,G72452FA6,2026-05-14 18:35:57,2026-05-16 15:36:00,Lower Ringold,1,2026-05-20 23:54:09
Rock Island Tailrace STH,2,G72452FA6,2026-05-14 18:35:57,2026-05-16 15:36:00,Hanford,1,2026-05-21 02:31:28
Rock Island Tailrace STH,2,G72458048,2026-05-15 17:02:23,2026-05-17 15:43:00,Crescent Bar,1,2026-05-17 23:51:43
Rock Island Tailrace STH,2,G72458048,2026-05-15 17:02:23,2026-05-17 15:43:00,Sunland,1,2026-05-18 10:59:47
Rock Island Tailrace STH,2,G72458048,2026-05-15 17:02:23,2026-05-17 15:43:00,Wanapum BRZ,1,2026-05-19 05:48:36
Rock Island Tailrace STH,2,G72458048,2026-05-15 17:02:23,2026-05-17 15:43:00,Mattawa,1,2026-05-19 10:13:16
Rock Island Tailrace STH,2,G72458048,2026-05-15 17:02:23,2026-05-17 15:43:00,Priest BRZ,0,
Rock Island Tailrace STH,2,G72458048,2026-05-15 17:02:23,2026-05-17 15:43:00,Lower Ringold,0,
Rock Island Tailrace STH,2,G72458048,2026-05-15 17:02:23,2026-05-17 15:43:00,Hanford,0,
Rock Island Tailrace STH,1,G7245EE32,2026-05-12 18:05:03,2026-05-15 16:06:00,Crescent Bar,1,2026-05-15 21:22:29
Rock Island Tailrace STH,1,G7245EE32,2026-05-12 18:05:03,2026-05-15 16:06:00,Sunland,1,2026-05-16 07:27:06
Rock Island Tailrace STH,1,G7245EE32,2026-05-12 18:05:03,2026-05-15 16:06:00,Wanapum BRZ,1,2026-05-17 12:14:03
Rock Island Tailrace STH,1,G7245EE32,2026-05-12 18:05:03,2026-05-15 16:06:00,Mattawa,1,2026-05-17 22:08:56
Rock Island Tailrace STH,1,G7245EE32,2026-05-12 18:05:03,2026-05-15 16:06:00,Priest BRZ,0,
Rock Island Tailrace STH,1,G7245EE32,2026-05-12 18:05:03,2026-05-15 16:06:00,Lower Ringold,0,
Rock Island Tailrace STH,1,G7245EE32,2026-05-12 18:05:03,2026-05-15 16:06:00,Hanford,0,
Rock Island Tailrace STH,3,G72475FCF,2026-05-14 17:59:40,2026-05-16 15:36:00,Crescent Bar,1,2026-05-17 09:49:08
Rock Island Tailrace STH,3,G72475FCF,2026-05-14 17:59:40,2026-05-16 15:36:00,Sunland,1,2026-05-17 19:57:51
Rock Island Tailrace STH,3,G72475FCF,2026-05-14 17:59:40,2026-05-16 15:36:00,Wanapum BRZ,1,2026-05-19 10:43:52
Rock Island Tailrace STH,3,G72475FCF,2026-05-14 17:59:40,2026-05-16 15:36:00,Mattawa,1,2026-05-20 04:19:49
Rock Island Tailrace STH,3,G72475FCF,2026-05-14 17:59:40,2026-05-16 15:36:00,Priest BRZ,1,2026-05-20 17:46:18
Rock Island Tailrace STH,3,G72475FCF,2026-05-14 17:59:40,2026-05-16 15:36:00,Lower Ringold,1,2026-05-21 05:15:29
Rock Island Tailrace STH,3,G72475FCF,2026-05-14 17:59:40,2026-05-16 15:36:00,Hanford,1,2026-05-21 08:02:34
Rock Island Tailrace STH,3,G72484155,2026-05-16 16:13:19,2026-05-19 16:20:00,Crescent Bar,1,2026-05-20 01:48:28
Rock Island Tailrace STH,3,G72484155,2026-05-16 16:13:19,2026-05-19 16:20:00,Sunland,1,2026-05-20 12:15:21
Rock Island Tailrace STH,3,G72484155,2026-05-16 16:13:19,2026-05-19 16:20:00,Wanapum BRZ,1,2026-05-21 11:26:19
Rock Island Tailrace STH,3,G72484155,2026-05-16 16:13:19,2026-05-19 16:20:00,Mattawa,1,2026-05-22 11:42:02
Rock Island Tailrace STH,3,G72484155,2026-05-16 16:13:19,2026-05-19 16:20:00,Priest BRZ,1,2026-05-23 02:55:34
Rock Island Tailrace STH,3,G72484155,2026-05-16 16:13:19,2026-05-19 16:20:00,Lower Ringold,1,2026-05-25 10:26:16
Rock Island Tailrace STH,3,G72484155,2026-05-16 16:13:19,2026-05-19 16:20:00,Hanford,1,2026-05-25 14:04:24
Rock Island Tailrace STH,1,G724BBE35,2026-05-11 17:39:57,2026-05-14 15:44:00,Crescent Bar,1,2026-05-14 20:59:17
Rock Island Tailrace STH,1,G724BBE35,2026-05-11 17:39:57,2026-05-14 15:44:00,Sunland,1,2026-05-15 06:19:47
Rock Island Tailrace STH,1,G724BBE35,2026-05-11 17:39:57,2026-05-14 15:44:00,Wanapum BRZ,1,2026-05-16 16:31:00
Rock Island Tailrace STH,1,G724BBE35,2026-05-11 17:39:57,2026-05-14 15:44:00,Mattawa,1,2026-05-16 20:13:49
Rock Island Tailrace STH,1,G724BBE35,2026-05-11 17:39:57,2026-05-14 15:44:00,Priest BRZ,1,2026-05-17 11:59:45
Rock Island Tailrace STH,1,G724BBE35,2026-05-11 17:39:57,2026-05-14 15:44:00,Lower Ringold,1,2026-05-18 00:02:11
Rock Island Tailrace STH,1,G724BBE35,2026-05-11 17:39:57,2026-05-14 15:44:00,Hanford,1,2026-05-18 03:02:44
Rock Island Tailrace STH,2,G724D222D,2026-05-11 17:24:26,2026-05-14 15:44:00,Crescent Bar,1,2026-05-14 21:43:20
Rock Island Tailrace STH,2,G724D222D,2026-05-11 17:24:26,2026-05-14 15:44:00,Sunland,1,2026-05-15 09:12:03
Rock Island Tailrace STH,2,G724D222D,2026-05-11 17:24:26,2026-05-14 15:44:00,Wanapum BRZ,1,2026-05-16 12:51:43
Rock Island Tailrace STH,2,G724D222D,2026-05-11 17:24:26,2026-05-14 15:44:00,Mattawa,1,2026-05-17 07:03:21
Rock Island Tailrace STH,2,G724D222D,2026-05-11 17:24:26,2026-05-14 15:44:00,Priest BRZ,1,2026-05-18 03:30:54
Rock Island Tailrace STH,2,G724D222D,2026-05-11 17:24:26,2026-05-14 15:44:00,Lower Ringold,1,2026-05-18 19:11:52
Rock Island Tailrace STH,2,G724D222D,2026-05-11 17:24:26,2026-05-14 15:44:00,Hanford,1,2026-05-18 23:22:34
Rock Island Tailrace STH,1,G72531141,2026-05-15 17:13:20,2026-05-17 15:43:00,Crescent Bar,1,2026-05-18 06:36:17
Rock Island Tailrace STH,1,G72531141,2026-05-15 17:13:20,2026-05-17 15:43:00,Sunland,1,2026-05-18 16:18:26
Rock Island Tailrace STH,1,G72531141,2026-05-15 17:13:20,2026-05-17 15:43:00,Wanapum BRZ,1,2026-05-19 06:42:44
Rock Island Tailrace STH,1,G72531141,2026-05-15 17:13:20,2026-05-17 15:43:00,Mattawa,1,2026-05-21 19:40:16
Rock Island Tailrace STH,1,G72531141,2026-05-15 17:13:20,2026-05-17 15:43:00,Priest BRZ,1,2026-05-22 06:45:02
Rock Island Tailrace STH,1,G72531141,2026-05-15 17:13:20,2026-05-17 15:43:00,Lower Ringold,1,2026-05-22 18:43:39
Rock Island Tailrace STH,1,G72531141,2026-05-15 17:13:20,2026-05-17 15:43:00,Hanford,1,2026-05-22 21:11:56
Rock Island Tailrace STH,1,G72533B1C,2026-05-15 17:04:16,2026-05-17 15:43:00,Crescent Bar,1,2026-05-18 03:47:25
Rock Island Tailrace STH,1,G72533B1C,2026-05-15 17:04:16,2026-05-17 15:43:00,Sunland,1,2026-05-18 13:29:34
Rock Island Tailrace STH,1,G72533B1C,2026-05-15 17:04:16,2026-05-17 15:43:00,Wanapum BRZ,1,2026-05-19 15:24:09
Rock Island Tailrace STH,1,G72533B1C,2026-05-15 17:04:16,2026-05-17 15:43:00,Mattawa,1,2026-05-19 18:16:42
Rock Island Tailrace STH,1,G72533B1C,2026-05-15 17:04:16,2026-05-17 15:43:00,Priest BRZ,1,2026-05-21 06:55:12
Rock Island Tailrace STH,1,G72533B1C,2026-05-15 17:04:16,2026-05-17 15:43:00,Lower Ringold,1,2026-05-22 03:36:42
Rock Island Tailrace STH,1,G72533B1C,2026-05-15 17:04:16,2026-05-17 15:43:00,Hanford,1,2026-05-22 06:16:35
Rock Island Tailrace STH,1,G7254D1E5,2026-05-12 17:50:04,2026-05-15 16:06:00,Crescent Bar,1,2026-05-16 01:56:07
Rock Island Tailrace STH,1,G7254D1E5,2026-05-12 17:50:04,2026-05-15 16:06:00,Sunland,1,2026-05-16 12:25:14
Rock Island Tailrace STH,1,G7254D1E5,2026-05-12 17:50:04,2026-05-15 16:06:00,Wanapum BRZ,1,2026-05-18 08:31:54
Rock Island Tailrace STH,1,G7254D1E5,2026-05-12 17:50:04,2026-05-15 16:06:00,Mattawa,1,2026-05-18 11:36:04
Rock Island Tailrace STH,1,G7254D1E5,2026-05-12 17:50:04,2026-05-15 16:06:00,Priest BRZ,0,
Rock Island Tailrace STH,1,G7254D1E5,2026-05-12 17:50:04,2026-05-15 16:06:00,Lower Ringold,0,
Rock Island Tailrace STH,1,G7254D1E5,2026-05-12 17:50:04,2026-05-15 16:06:00,Hanford,0,
Rock Island Tailrace STH,3,G7257555D,2026-05-17 19:47:06,2026-05-20 15:35:00,Crescent Bar,1,2026-05-20 23:16:17
Rock Island Tailrace STH,3,G7257555D,2026-05-17 19:47:06,2026-05-20 15:35:00,Sunland,1,2026-05-21 10:13:51
Rock Island Tailrace STH,3,G7257555D,2026-05-17 19:47:06,2026-05-20 15:35:00,Wanapum BRZ,1,2026-05-22 13:40:24
Rock Island Tailrace STH,3,G7257555D,2026-05-17 19:47:06,2026-05-20 15:35:00,Mattawa,1,2026-05-22 20:35:49
Rock Island Tailrace STH,3,G7257555D,2026-05-17 19:47:06,2026-05-20 15:35:00,Priest BRZ,1,2026-05-23 09:57:35
Rock Island Tailrace STH,3,G7257555D,2026-05-17 19:47:06,2026-05-20 15:35:00,Lower Ringold,1,2026-05-28 09:11:13
Rock Island Tailrace STH,3,G7257555D,2026-05-17 19:47:06,2026-05-20 15:35:00,Hanford,1,2026-05-28 12:28:06
Rock Island Tailrace STH,3,G72575D9F,2026-05-14 18:38:48,2026-05-16 15:36:00,Crescent Bar,1,2026-05-17 04:01:25
Rock Island Tailrace STH,3,G72575D9F,2026-05-14 18:38:48,2026-05-16 15:36:00,Sunland,1,2026-05-17 12:10:24
Rock Island Tailrace STH,3,G72575D9F,2026-05-14 18:38:48,2026-05-16 15:36:00,Wanapum BRZ,1,2026-05-18 17:55:57
Rock Island Tailrace STH,3,G72575D9F,2026-05-14 18:38:48,2026-05-16 15:36:00,Mattawa,1,2026-05-18 21:13:30
Rock Island Tailrace STH,3,G72575D9F,2026-05-14 18:38:48,2026-05-16 15:36:00,Priest BRZ,1,2026-05-19 05:22:28
Rock Island Tailrace STH,3,G72575D9F,2026-05-14 18:38:48,2026-05-16 15:36:00,Lower Ringold,1,2026-05-19 17:23:20
Rock Island Tailrace STH,3,G72575D9F,2026-05-14 18:38:48,2026-05-16 15:36:00,Hanford,1,2026-05-19 20:09:04
Rock Island Tailrace STH,1,G725909F9,2026-05-15 16:44:01,2026-05-17 15:43:00,Crescent Bar,1,2026-05-18 04:04:33
Rock Island Tailrace STH,1,G725909F9,2026-05-15 16:44:01,2026-05-17 15:43:00,Sunland,1,2026-05-18 14:05:20
Rock Island Tailrace STH,1,G725909F9,2026-05-15 16:44:01,2026-05-17 15:43:00,Wanapum BRZ,1,2026-05-19 06:27:22
Rock Island Tailrace STH,1,G725909F9,2026-05-15 16:44:01,2026-05-17 15:43:00,Mattawa,1,2026-05-20 08:07:01
Rock Island Tailrace STH,1,G725909F9,2026-05-15 16:44:01,2026-05-17 15:43:00,Priest BRZ,1,2026-05-20 18:19:05
Rock Island Tailrace STH,1,G725909F9,2026-05-15 16:44:01,2026-05-17 15:43:00,Lower Ringold,1,2026-05-21 06:30:52
Rock Island Tailrace STH,1,G725909F9,2026-05-15 16:44:01,2026-05-17 15:43:00,Hanford,1,2026-05-21 09:31:22
Rock Island Tailrace STH,1,G725915C7,2026-05-16 16:14:11,2026-05-19 16:20:00,Crescent Bar,1,2026-05-19 22:18:45
Rock Island Tailrace STH,1,G725915C7,2026-05-16 16:14:11,2026-05-19 16:20:00,Sunland,1,2026-05-20 10:45:26
Rock Island Tailrace STH,1,G725915C7,2026-05-16 16:14:11,2026-05-19 16:20:00,Wanapum BRZ,1,2026-05-21 02:04:09
Rock Island Tailrace STH,1,G725915C7,2026-05-16 16:14:11,2026-05-19 16:20:00,Mattawa,1,2026-05-21 18:45:03
Rock Island Tailrace STH,1,G725915C7,2026-05-16 16:14:11,2026-05-19 16:20:00,Priest BRZ,1,2026-05-22 01:30:47
Rock Island Tailrace STH,1,G725915C7,2026-05-16 16:14:11,2026-05-19 16:20:00,Lower Ringold,1,2026-05-22 19:39:03
Rock Island Tailrace STH,1,G725915C7,2026-05-16 16:14:11,2026-05-19 16:20:00,Hanford,0,
Rock Island Tailrace STH,1,G725949BF,2026-05-12 18:05:43,2026-05-15 16:06:00,Crescent Bar,1,2026-05-16 04:11:32
Rock Island Tailrace STH,1,G725949BF,2026-05-12 18:05:43,2026-05-15 16:06:00,Sunland,1,2026-05-16 13:31:37
Rock Island Tailrace STH,1,G725949BF,2026-05-12 18:05:43,2026-05-15 16:06:00,Wanapum BRZ,1,2026-05-17 11:20:43
Rock Island Tailrace STH,1,G725949BF,2026-05-12 18:05:43,2026-05-15 16:06:00,Mattawa,1,2026-05-17 15:13:57
Rock Island Tailrace STH,1,G725949BF,2026-05-12 18:05:43,2026-05-15 16:06:00,Priest BRZ,1,2026-05-18 02:14:30
Rock Island Tailrace STH,1,G725949BF,2026-05-12 18:05:43,2026-05-15 16:06:00,Lower Ringold,1,2026-05-18 13:27:16
Rock Island Tailrace STH,1,G725949BF,2026-05-12 18:05:43,2026-05-15 16:06:00,Hanford,1,2026-05-18 16:12:18
Rock Island Tailrace STH,1,G725A34EF,2026-05-12 17:46:56,2026-05-15 16:06:00,Crescent Bar,1,2026-05-16 00:56:18
Rock Island Tailrace STH,1,G725A34EF,2026-05-12 17:46:56,2026-05-15 16:06:00,Sunland,1,2026-05-16 10:05:25
Rock Island Tailrace STH,1,G725A34EF,2026-05-12 17:46:56,2026-05-15 16:06:00,Wanapum BRZ,1,2026-05-18 01:11:33
Rock Island Tailrace STH,1,G725A34EF,2026-05-12 17:46:56,2026-05-15 16:06:00,Mattawa,1,2026-05-18 07:59:13
Rock Island Tailrace STH,1,G725A34EF,2026-05-12 17:46:56,2026-05-15 16:06:00,Priest BRZ,1,2026-05-19 01:38:48
Rock Island Tailrace STH,1,G725A34EF,2026-05-12 17:46:56,2026-05-15 16:06:00,Lower Ringold,1,2026-05-19 21:53:36
Rock Island Tailrace STH,1,G725A34EF,2026-05-12 17:46:56,2026-05-15 16:06:00,Hanford,1,2026-05-20 01:37:50
Rock Island Tailrace STH,1,G725A3D73,2026-05-14 18:34:24,2026-05-16 15:36:00,Crescent Bar,1,2026-05-17 05:04:41
Rock Island Tailrace STH,1,G725A3D73,2026-05-14 18:34:24,2026-05-16 15:36:00,Sunland,1,2026-05-17 13:35:06
Rock Island Tailrace STH,1,G725A3D73,2026-05-14 18:34:24,2026-05-16 15:36:00,Wanapum BRZ,1,2026-05-19 17:28:12
Rock Island Tailrace STH,1,G725A3D73,2026-05-14 18:34:24,2026-05-16 15:36:00,Mattawa,1,2026-05-20 11:09:51
Rock Island Tailrace STH,1,G725A3D73,2026-05-14 18:34:24,2026-05-16 15:36:00,Priest BRZ,1,2026-05-23 16:54:23
Rock Island Tailrace STH,1,G725A3D73,2026-05-14 18:34:24,2026-05-16 15:36:00,Lower Ringold,1,2026-05-27 06:50:40
Rock Island Tailrace STH,1,G725A3D73,2026-05-14 18:34:24,2026-05-16 15:36:00,Hanford,1,2026-05-27 09:32:28
Rock Island Tailrace STH,1,G725C898A,2026-05-14 18:00:52,2026-05-16 15:36:00,Crescent Bar,1,2026-05-18 10:05:39
Rock Island Tailrace STH,1,G725C898A,2026-05-14 18:00:52,2026-05-16 15:36:00,Sunland,1,2026-05-18 18:32:51
Rock Island Tailrace STH,1,G725C898A,2026-05-14 18:00:52,2026-05-16 15:36:00,Wanapum BRZ,1,2026-05-19 18:26:48
Rock Island Tailrace STH,1,G725C898A,2026-05-14 18:00:52,2026-05-16 15:36:00,Mattawa,1,2026-05-19 20:56:36
Rock Island Tailrace STH,1,G725C898A,2026-05-14 18:00:52,2026-05-16 15:36:00,Priest BRZ,1,2026-05-20 07:58:48
Rock Island Tailrace STH,1,G725C898A,2026-05-14 18:00:52,2026-05-16 15:36:00,Lower Ringold,1,2026-05-20 20:54:45
Rock Island Tailrace STH,1,G725C898A,2026-05-14 18:00:52,2026-05-16 15:36:00,Hanford,1,2026-05-21 00:08:18
Rock Island Tailrace STH,1,G725D7725,2026-05-17 19:39:01,2026-05-19 16:20:00,Crescent Bar,1,2026-05-20 07:38:11
Rock Island Tailrace STH,1,G725D7725,2026-05-17 19:39:01,2026-05-19 16:20:00,Sunland,1,2026-05-20 16:49:15
Rock Island Tailrace STH,1,G725D7725,2026-05-17 19:39:01,2026-05-19 16:20:00,Wanapum BRZ,0,
Rock Island Tailrace STH,1,G725D7725,2026-05-17 19:39:01,2026-05-19 16:20:00,Mattawa,0,
Rock Island Tailrace STH,1,G725D7725,2026-05-17 19:39:01,2026-05-19 16:20:00,Priest BRZ,0,
Rock Island Tailrace STH,1,G725D7725,2026-05-17 19:39:01,2026-05-19 16:20:00,Lower Ringold,0,
Rock Island Tailrace STH,1,G725D7725,2026-05-17 19:39:01,2026-05-19 16:20:00,Hanford,0,
Rock Island Tailrace STH,3,G725F89DF,2026-05-18 19:44:58,2026-05-20 15:35:00,Crescent Bar,1,2026-05-20 22:55:56
Rock Island Tailrace STH,3,G725F89DF,2026-05-18 19:44:58,2026-05-20 15:35:00,Sunland,1,2026-05-21 14:07:27
Rock Island Tailrace STH,3,G725F89DF,2026-05-18 19:44:58,2026-05-20 15:35:00,Wanapum BRZ,1,2026-05-23 21:42:08
Rock Island Tailrace STH,3,G725F89DF,2026-05-18 19:44:58,2026-05-20 15:35:00,Mattawa,1,2026-05-24 07:13:02
Rock Island Tailrace STH,3,G725F89DF,2026-05-18 19:44:58,2026-05-20 15:35:00,Priest BRZ,1,2026-05-24 17:35:57
Rock Island Tailrace STH,3,G725F89DF,2026-05-18 19:44:58,2026-05-20 15:35:00,Lower Ringold,0,
Rock Island Tailrace STH,3,G725F89DF,2026-05-18 19:44:58,2026-05-20 15:35:00,Hanford,0,
Rock Island Tailrace STH,3,G725FB241,2026-05-12 17:57:51,2026-05-15 16:06:00,Crescent Bar,1,2026-05-16 00:26:21
Rock Island Tailrace STH,3,G725FB241,2026-05-12 17:57:51,2026-05-15 16:06:00,Sunland,1,2026-05-16 10:36:39
Rock Island Tailrace STH,3,G725FB241,2026-05-12 17:57:51,2026-05-15 16:06:00,Wanapum BRZ,1,2026-05-17 05:10:02
Rock Island Tailrace STH,3,G725FB241,2026-05-12 17:57:51,2026-05-15 16:06:00,Mattawa,1,2026-05-17 09:54:05
Rock Island Tailrace STH,3,G725FB241,2026-05-12 17:57:51,2026-05-15 16:06:00,Priest BRZ,1,2026-05-18 08:01:16
Rock Island Tailrace STH,3,G725FB241,2026-05-12 17:57:51,2026-05-15 16:06:00,Lower Ringold,1,2026-05-21 09:31:15
Rock Island Tailrace STH,3,G725FB241,2026-05-12 17:57:51,2026-05-15 16:06:00,Hanford,1,2026-05-21 12:27:41
Rock Island Tailrace STH,3,G72607B22,2026-05-19 19:20:20,2026-05-21 15:49:00,Crescent Bar,1,2026-05-22 00:50:50
Rock Island Tailrace STH,3,G72607B22,2026-05-19 19:20:20,2026-05-21 15:49:00,Sunland,1,2026-05-22 12:57:00
Rock Island Tailrace STH,3,G72607B22,2026-05-19 19:20:20,2026-05-21 15:49:00,Wanapum BRZ,1,2026-05-23 01:51:41
Rock Island Tailrace STH,3,G72607B22,2026-05-19 19:20:20,2026-05-21 15:49:00,Mattawa,1,2026-05-23 07:58:43
Rock Island Tailrace STH,3,G72607B22,2026-05-19 19:20:20,2026-05-21 15:49:00,Priest BRZ,1,2026-05-23 14:26:47
Rock Island Tailrace STH,3,G72607B22,2026-05-19 19:20:20,2026-05-21 15:49:00,Lower Ringold,0,
Rock Island Tailrace STH,3,G72607B22,2026-05-19 19:20:20,2026-05-21 15:49:00,Hanford,0,
Rock Island Tailrace STH,1,G72636328,2026-05-19 19:20:44,2026-05-21 15:49:00,Crescent Bar,1,2026-05-22 09:30:48
Rock Island Tailrace STH,1,G72636328,2026-05-19 19:20:44,2026-05-21 15:49:00,Sunland,1,2026-05-22 21:11:47
Rock Island Tailrace STH,1,G72636328,2026-05-19 19:20:44,2026-05-21 15:49:00,Wanapum BRZ,1,2026-05-23 14:24:34
Rock Island Tailrace STH,1,G72636328,2026-05-19 19:20:44,2026-05-21 15:49:00,Mattawa,1,2026-05-24 03:59:38
Rock Island Tailrace STH,1,G72636328,2026-05-19 19:20:44,2026-05-21 15:49:00,Priest BRZ,1,2026-05-24 12:51:03
Rock Island Tailrace STH,1,G72636328,2026-05-19 19:20:44,2026-05-21 15:49:00,Lower Ringold,1,2026-05-25 07:18:50
Rock Island Tailrace STH,1,G72636328,2026-05-19 19:20:44,2026-05-21 15:49:00,Hanford,1,2026-05-25 10:29:27
Rock Island Tailrace STH,1,G72638C80,2026-05-12 18:24:52,2026-05-15 16:06:00,Crescent Bar,1,2026-05-15 22:34:11
Rock Island Tailrace STH,1,G72638C80,2026-05-12 18:24:52,2026-05-15 16:06:00,Sunland,1,2026-05-16 06:35:12
Rock Island Tailrace STH,1,G72638C80,2026-05-12 18:24:52,2026-05-15 16:06:00,Wanapum BRZ,1,2026-05-17 15:57:58
Rock Island Tailrace STH,1,G72638C80,2026-05-12 18:24:52,2026-05-15 16:06:00,Mattawa,1,2026-05-17 20:32:36
Rock Island Tailrace STH,1,G72638C80,2026-05-12 18:24:52,2026-05-15 16:06:00,Priest BRZ,0,
Rock Island Tailrace STH,1,G72638C80,2026-05-12 18:24:52,2026-05-15 16:06:00,Lower Ringold,0,
Rock Island Tailrace STH,1,G72638C80,2026-05-12 18:24:52,2026-05-15 16:06:00,Hanford,0,
Rock Island Tailrace STH,1,G72647506,2026-05-14 18:32:37,2026-05-16 15:36:00,Crescent Bar,1,2026-05-17 03:47:45
Rock Island Tailrace STH,1,G72647506,2026-05-14 18:32:37,2026-05-16 15:36:00,Sunland,1,2026-05-17 18:08:46
Rock Island Tailrace STH,1,G72647506,2026-05-14 18:32:37,2026-05-16 15:36:00,Wanapum BRZ,0,
Rock Island Tailrace STH,1,G72647506,2026-05-14 18:32:37,2026-05-16 15:36:00,Mattawa,0,
Rock Island Tailrace STH,1,G72647506,2026-05-14 18:32:37,2026-05-16 15:36:00,Priest BRZ,0,
Rock Island Tailrace STH,1,G72647506,2026-05-14 18:32:37,2026-05-16 15:36:00,Lower Ringold,0,
Rock Island Tailrace STH,1,G72647506,2026-05-14 18:32:37,2026-05-16 15:36:00,Hanford,0,
Rock Island Tailrace STH,3,G7264A130,2026-05-15 17:05:34,2026-05-17 15:43:00,Crescent Bar,1,2026-05-18 04:41:13
Rock Island Tailrace STH,3,G7264A130,2026-05-15 17:05:34,2026-05-17 15:43:00,Sunland,1,2026-05-18 14:16:33
Rock Island Tailrace STH,3,G7264A130,2026-05-15 17:05:34,2026-05-17 15:43:00,Wanapum BRZ,0,
Rock Island Tailrace STH,3,G7264A130,2026-05-15 17:05:34,2026-05-17 15:43:00,Mattawa,0,
Rock Island Tailrace STH,3,G7264A130,2026-05-15 17:05:34,2026-05-17 15:43:00,Priest BRZ,0,
Rock Island Tailrace STH,3,G7264A130,2026-05-15 17:05:34,2026-05-17 15:43:00,Lower Ringold,0,
Rock Island Tailrace STH,3,G7264A130,2026-05-15 17:05:34,2026-05-17 15:43:00,Hanford,0,
Rock Island Tailrace STH,3,G7268E9F9,2026-05-15 16:44:52,2026-05-17 15:43:00,Crescent Bar,1,2026-05-18 04:32:10
Rock Island Tailrace STH,3,G7268E9F9,2026-05-15 16:44:52,2026-05-17 15:43:00,Sunland,1,2026-05-18 16:29:14
Rock Island Tailrace STH,3,G7268E9F9,2026-05-15 16:44:52,2026-05-17 15:43:00,Wanapum BRZ,1,2026-05-19 15:09:08
Rock Island Tailrace STH,3,G7268E9F9,2026-05-15 16:44:52,2026-05-17 15:43:00,Mattawa,1,2026-05-20 11:42:34
Rock Island Tailrace STH,3,G7268E9F9,2026-05-15 16:44:52,2026-05-17 15:43:00,Priest BRZ,1,2026-05-20 19:47:13
Rock Island Tailrace STH,3,G7268E9F9,2026-05-15 16:44:52,2026-05-17 15:43:00,Lower Ringold,1,2026-05-27 09:23:21
Rock Island Tailrace STH,3,G7268E9F9,2026-05-15 16:44:52,2026-05-17 15:43:00,Hanford,1,2026-05-27 12:37:50
Rock Island Tailrace STH,2,G726ADA34,2026-05-16 16:11:30,2026-05-19 16:20:00,Crescent Bar,1,2026-05-19 21:43:50
Rock Island Tailrace STH,2,G726ADA34,2026-05-16 16:11:30,2026-05-19 16:20:00,Sunland,1,2026-05-20 04:53:55
Rock Island Tailrace STH,2,G726ADA34,2026-05-16 16:11:30,2026-05-19 16:20:00,Wanapum BRZ,1,2026-05-21 02:43:11
Rock Island Tailrace STH,2,G726ADA34,2026-05-16 16:11:30,2026-05-19 16:20:00,Mattawa,1,2026-05-21 07:00:16
Rock Island Tailrace STH,2,G726ADA34,2026-05-16 16:11:30,2026-05-19 16:20:00,Priest BRZ,0,
Rock Island Tailrace STH,2,G726ADA34,2026-05-16 16:11:30,2026-05-19 16:20:00,Lower Ringold,0,
Rock Island Tailrace STH,2,G726ADA34,2026-05-16 16:11:30,2026-05-19 16:20:00,Hanford,0,
Rock Island Tailrace STH,3,G726B60BC,2026-05-12 17:58:25,2026-05-15 16:06:00,Crescent Bar,1,2026-05-16 08:23:54
Rock Island Tailrace STH,3,G726B60BC,2026-05-12 17:58:25,2026-05-15 16:06:00,Sunland,1,2026-05-16 16:59:58
Rock Island Tailrace STH,3,G726B60BC,2026-05-12 17:58:25,2026-05-15 16:06:00,Wanapum BRZ,1,2026-05-17 19:07:58
Rock Island Tailrace STH,3,G726B60BC,2026-05-12 17:58:25,2026-05-15 16:06:00,Mattawa,1,2026-05-18 01:01:21
Rock Island Tailrace STH,3,G726B60BC,2026-05-12 17:58:25,2026-05-15 16:06:00,Priest BRZ,1,2026-05-18 09:38:13
Rock Island Tailrace STH,3,G726B60BC,2026-05-12 17:58:25,2026-05-15 16:06:00,Lower Ringold,1,2026-05-19 11:57:26
Rock Island Tailrace STH,3,G726B60BC,2026-05-12 17:58:25,2026-05-15 16:06:00,Hanford,1,2026-05-19 15:18:57
Rock Island Tailrace STH,3,G726B87D6,2026-05-19 19:23:24,2026-05-21 15:49:00,Crescent Bar,1,2026-05-22 02:31:22
Rock Island Tailrace STH,3,G726B87D6,2026-05-19 19:23:24,2026-05-21 15:49:00,Sunland,1,2026-05-22 14:04:46
Rock Island Tailrace STH,3,G726B87D6,2026-05-19 19:23:24,2026-05-21 15:49:00,Wanapum BRZ,1,2026-05-23 03:00:30
Rock Island Tailrace STH,3,G726B87D6,2026-05-19 19:23:24,2026-05-21 15:49:00,Mattawa,1,2026-05-23 11:25:52
Rock Island Tailrace STH,3,G726B87D6,2026-05-19 19:23:24,2026-05-21 15:49:00,Priest BRZ,1,2026-05-23 19:02:27
Rock Island Tailrace STH,3,G726B87D6,2026-05-19 19:23:24,2026-05-21 15:49:00,Lower Ringold,1,2026-05-24 12:41:02
Rock Island Tailrace STH,3,G726B87D6,2026-05-19 19:23:24,2026-05-21 15:49:00,Hanford,1,2026-05-24 15:22:58
Rock Island Tailrace STH,3,G726CE89C,2026-05-12 17:47:37,2026-05-15 16:06:00,Crescent Bar,1,2026-05-15 21:36:25
Rock Island Tailrace STH,3,G726CE89C,2026-05-12 17:47:37,2026-05-15 16:06:00,Sunland,1,2026-05-16 13:25:27
Rock Island Tailrace STH,3,G726CE89C,2026-05-12 17:47:37,2026-05-15 16:06:00,Wanapum BRZ,1,2026-05-17 23:39:48
Rock Island Tailrace STH,3,G726CE89C,2026-05-12 17:47:37,2026-05-15 16:06:00,Mattawa,0,
Rock Island Tailrace STH,3,G726CE89C,2026-05-12 17:47:37,2026-05-15 16:06:00,Priest BRZ,0,
Rock Island Tailrace STH,3,G726CE89C,2026-05-12 17:47:37,2026-05-15 16:06:00,Lower Ringold,0,
Rock Island Tailrace STH,3,G726CE89C,2026-05-12 17:47:37,2026-05-15 16:06:00,Hanford,0,
Rock Island Tailrace STH,2,G726E2786,2026-05-15 16:43:26,2026-05-17 15:43:00,Crescent Bar,1,2026-05-18 07:17:12
Rock Island Tailrace STH,2,G726E2786,2026-05-15 16:43:26,2026-05-17 15:43:00,Sunland,1,2026-05-18 15:13:33
Rock Island Tailrace STH,2,G726E2786,2026-05-15 16:43:26,2026-05-17 15:43:00,Wanapum BRZ,1,2026-05-19 14:15:10
Rock Island Tailrace STH,2,G726E2786,2026-05-15 16:43:26,2026-05-17 15:43:00,Mattawa,1,2026-05-19 21:47:04
Rock Island Tailrace STH,2,G726E2786,2026-05-15 16:43:26,2026-05-17 15:43:00,Priest BRZ,1,2026-05-20 05:53:58
Rock Island Tailrace STH,2,G726E2786,2026-05-15 16:43:26,2026-05-17 15:43:00,Lower Ringold,1,2026-05-21 06:26:04
Rock Island Tailrace STH,2,G726E2786,2026-05-15 16:43:26,2026-05-17 15:43:00,Hanford,1,2026-05-21 09:16:19
Rock Island Tailrace STH,2,G72706D8E,2026-05-14 18:51:18,2026-05-16 15:36:00,Crescent Bar,1,2026-05-17 03:15:46
Rock Island Tailrace STH,2,G72706D8E,2026-05-14 18:51:18,2026-05-16 15:36:00,Sunland,1,2026-05-17 12:36:13
Rock Island Tailrace STH,2,G72706D8E,2026-05-14 18:51:18,2026-05-16 15:36:00,Wanapum BRZ,1,2026-05-18 11:59:30
Rock Island Tailrace STH,2,G72706D8E,2026-05-14 18:51:18,2026-05-16 15:36:00,Mattawa,1,2026-05-18 15:28:52
Rock Island Tailrace STH,2,G72706D8E,2026-05-14 18:51:18,2026-05-16 15:36:00,Priest BRZ,1,2026-05-19 01:16:04
Rock Island Tailrace STH,2,G72706D8E,2026-05-14 18:51:18,2026-05-16 15:36:00,Lower Ringold,1,2026-05-20 00:03:35
Rock Island Tailrace STH,2,G72706D8E,2026-05-14 18:51:18,2026-05-16 15:36:00,Hanford,1,2026-05-20 03:36:01
Rock Island Tailrace STH,2,G7270DE5E,2026-05-12 18:03:58,2026-05-15 16:06:00,Crescent Bar,1,2026-05-15 23:10:45
Rock Island Tailrace STH,2,G7270DE5E,2026-05-12 18:03:58,2026-05-15 16:06:00,Sunland,1,2026-05-16 10:17:55
Rock Island Tailrace STH,2,G7270DE5E,2026-05-12 18:03:58,2026-05-15 16:06:00,Wanapum BRZ,0,
Rock Island Tailrace STH,2,G7270DE5E,2026-05-12 18:03:58,2026-05-15 16:06:00,Mattawa,0,
Rock Island Tailrace STH,2,G7270DE5E,2026-05-12 18:03:58,2026-05-15 16:06:00,Priest BRZ,0,
Rock Island Tailrace STH,2,G7270DE5E,2026-05-12 18:03:58,2026-05-15 16:06:00,Lower Ringold,0,
Rock Island Tailrace STH,2,G7270DE5E,2026-05-12 18:03:58,2026-05-15 16:06:00,Hanford,0,
Rock Island Tailrace STH,2,G7270E622,2026-05-14 18:51:45,2026-05-16 15:36:00,Crescent Bar,1,2026-05-17 03:17:08
Rock Island Tailrace STH,2,G7270E622,2026-05-14 18:51:45,2026-05-16 15:36:00,Sunland,1,2026-05-17 13:07:17
Rock Island Tailrace STH,2,G7270E622,2026-05-14 18:51:45,2026-05-16 15:36:00,Wanapum BRZ,1,2026-05-18 15:41:57
Rock Island Tailrace STH,2,G7270E622,2026-05-14 18:51:45,2026-05-16 15:36:00,Mattawa,1,2026-05-19 01:08:51
Rock Island Tailrace STH,2,G7270E622,2026-05-14 18:51:45,2026-05-16 15:36:00,Priest BRZ,1,2026-05-19 08:48:32
Rock Island Tailrace STH,2,G7270E622,2026-05-14 18:51:45,2026-05-16 15:36:00,Lower Ringold,1,2026-05-19 23:29:57
Rock Island Tailrace STH,2,G7270E622,2026-05-14 18:51:45,2026-05-16 15:36:00,Hanford,1,2026-05-20 02:20:54
Rock Island Tailrace STH,1,G72724EDE,2026-05-19 19:21:29,2026-05-21 15:49:00,Crescent Bar,1,2026-05-22 02:36:16
Rock Island Tailrace STH,1,G72724EDE,2026-05-19 19:21:29,2026-05-21 15:49:00,Sunland,1,2026-05-22 13:14:44
Rock Island Tailrace STH,1,G72724EDE,2026-05-19 19:21:29,2026-05-21 15:49:00,Wanapum BRZ,1,2026-05-23 15:09:08
Rock Island Tailrace STH,1,G72724EDE,2026-05-19 19:21:29,2026-05-21 15:49:00,Mattawa,1,2026-05-26 06:09:41
Rock Island Tailrace STH,1,G72724EDE,2026-05-19 19:21:29,2026-05-21 15:49:00,Priest BRZ,0,
Rock Island Tailrace STH,1,G72724EDE,2026-05-19 19:21:29,2026-05-21 15:49:00,Lower Ringold,0,
Rock Island Tailrace STH,1,G72724EDE,2026-05-19 19:21:29,2026-05-21 15:49:00,Hanford,0,
Rock Island Tailrace STH,3,G72748343,2026-05-14 18:48:28,2026-05-16 15:36:00,Crescent Bar,1,2026-05-17 03:23:19
Rock Island Tailrace STH,3,G72748343,2026-05-14 18:48:28,2026-05-16 15:36:00,Sunland,1,2026-05-17 13:31:51
Rock Island Tailrace STH,3,G72748343,2026-05-14 18:48:28,2026-05-16 15:36:00,Wanapum BRZ,1,2026-05-19 00:28:10
Rock Island Tailrace STH,3,G72748343,2026-05-14 18:48:28,2026-05-16 15:36:00,Mattawa,1,2026-05-19 02:43:45
Rock Island Tailrace STH,3,G72748343,2026-05-14 18:48:28,2026-05-16 15:36:00,Priest BRZ,1,2026-05-19 10:17:50
Rock Island Tailrace STH,3,G72748343,2026-05-14 18:48:28,2026-05-16 15:36:00,Lower Ringold,1,2026-05-20 12:03:01
Rock Island Tailrace STH,3,G72748343,2026-05-14 18:48:28,2026-05-16 15:36:00,Hanford,1,2026-05-20 14:59:00
Rock Island Tailrace STH,3,G7274B3FD,2026-05-11 17:24:55,2026-05-14 15:44:00,Crescent Bar,1,2026-05-14 23:25:58
Rock Island Tailrace STH,3,G7274B3FD,2026-05-11 17:24:55,2026-05-14 15:44:00,Sunland,1,2026-05-15 09:58:52
Rock Island Tailrace STH,3,G7274B3FD,2026-05-11 17:24:55,2026-05-14 15:44:00,Wanapum BRZ,0,
Rock Island Tailrace STH,3,G7274B3FD,2026-05-11 17:24:55,2026-05-14 15:44:00,Mattawa,0,
Rock Island Tailrace STH,3,G7274B3FD,2026-05-11 17:24:55,2026-05-14 15:44:00,Priest BRZ,0,
Rock Island Tailrace STH,3,G7274B3FD,2026-05-11 17:24:55,2026-05-14 15:44:00,Lower Ringold,0,
Rock Island Tailrace STH,3,G7274B3FD,2026-05-11 17:24:55,2026-05-14 15:44:00,Hanford,0,
Rock Island Tailrace STH,3,G72763463,2026-05-16 16:13:45,2026-05-19 16:20:00,Crescent Bar,1,2026-05-19 22:36:43
Rock Island Tailrace STH,3,G72763463,2026-05-16 16:13:45,2026-05-19 16:20:00,Sunland,1,2026-05-20 09:50:21
Rock Island Tailrace STH,3,G72763463,2026-05-16 16:13:45,2026-05-19 16:20:00,Wanapum BRZ,1,2026-05-21 01:41:42
Rock Island Tailrace STH,3,G72763463,2026-05-16 16:13:45,2026-05-19 16:20:00,Mattawa,1,2026-05-21 06:08:01
Rock Island Tailrace STH,3,G72763463,2026-05-16 16:13:45,2026-05-19 16:20:00,Priest BRZ,1,2026-05-21 12:27:29
Rock Island Tailrace STH,3,G72763463,2026-05-16 16:13:45,2026-05-19 16:20:00,Lower Ringold,1,2026-05-22 07:24:21
Rock Island Tailrace STH,3,G72763463,2026-05-16 16:13:45,2026-05-19 16:20:00,Hanford,1,2026-05-22 10:32:39
Rock Island Tailrace STH,1,G7276F615,2026-05-14 18:40:02,2026-05-16 15:36:00,Crescent Bar,1,2026-05-17 01:34:11
Rock Island Tailrace STH,1,G7276F615,2026-05-14 18:40:02,2026-05-16 15:36:00,Sunland,1,2026-05-17 11:05:57
Rock Island Tailrace STH,1,G7276F615,2026-05-14 18:40:02,2026-05-16 15:36:00,Wanapum BRZ,1,2026-05-18 13:09:15
Rock Island Tailrace STH,1,G7276F615,2026-05-14 18:40:02,2026-05-16 15:36:00,Mattawa,0,
Rock Island Tailrace STH,1,G7276F615,2026-05-14 18:40:02,2026-05-16 15:36:00,Priest BRZ,0,
Rock Island Tailrace STH,1,G7276F615,2026-05-14 18:40:02,2026-05-16 15:36:00,Lower Ringold,0,
Rock Island Tailrace STH,1,G7276F615,2026-05-14 18:40:02,2026-05-16 15:36:00,Hanford,0,
Rock Island Tailrace STH,1,G72771D18,2026-05-15 17:10:29,2026-05-17 15:43:00,Crescent Bar,1,2026-05-18 03:15:00
Rock Island Tailrace STH,1,G72771D18,2026-05-15 17:10:29,2026-05-17 15:43:00,Sunland,1,2026-05-18 14:26:11
Rock Island Tailrace STH,1,G72771D18,2026-05-15 17:10:29,2026-05-17 15:43:00,Wanapum BRZ,1,2026-05-19 14:20:15
Rock Island Tailrace STH,1,G72771D18,2026-05-15 17:10:29,2026-05-17 15:43:00,Mattawa,0,
Rock Island Tailrace STH,1,G72771D18,2026-05-15 17:10:29,2026-05-17 15:43:00,Priest BRZ,0,
Rock Island Tailrace STH,1,G72771D18,2026-05-15 17:10:29,2026-05-17 15:43:00,Lower Ringold,0,
Rock Island Tailrace STH,1,G72771D18,2026-05-15 17:10:29,2026-05-17 15:43:00,Hanford,0,
Rock Island Tailrace STH,2,G727957FC,2026-05-16 16:14:42,2026-05-19 16:20:00,Crescent Bar,1,2026-05-19 22:18:27
Rock Island Tailrace STH,2,G727957FC,2026-05-16 16:14:42,2026-05-19 16:20:00,Sunland,1,2026-05-20 06:44:38
Rock Island Tailrace STH,2,G727957FC,2026-05-16 16:14:42,2026-05-19 16:20:00,Wanapum BRZ,1,2026-05-20 20:21:47
Rock Island Tailrace STH,2,G727957FC,2026-05-16 16:14:42,2026-05-19 16:20:00,Mattawa,0,
Rock Island Tailrace STH,2,G727957FC,2026-05-16 16:14:42,2026-05-19 16:20:00,Priest BRZ,0,
Rock Island Tailrace STH,2,G727957FC,2026-05-16 16:14:42,2026-05-19 16:20:00,Lower Ringold,0,
Rock Island Tailrace STH,2,G727957FC,2026-05-16 16:14:42,2026-05-19 16:20:00,Hanford,0,
Rock Island Tailrace STH,1,G727ACE24,2026-05-15 16:44:37,2026-05-17 15:43:00,Crescent Bar,1,2026-05-18 05:52:33
Rock Island Tailrace STH,1,G727ACE24,2026-05-15 16:44:37,2026-05-17 15:43:00,Sunland,1,2026-05-18 15:29:43
Rock Island Tailrace STH,1,G727ACE24,2026-05-15 16:44:37,2026-05-17 15:43:00,Wanapum BRZ,1,2026-05-19 23:25:09
Rock Island Tailrace STH,1,G727ACE24,2026-05-15 16:44:37,2026-05-17 15:43:00,Mattawa,0,
Rock Island Tailrace STH,1,G727ACE24,2026-05-15 16:44:37,2026-05-17 15:43:00,Priest BRZ,0,
Rock Island Tailrace STH,1,G727ACE24,2026-05-15 16:44:37,2026-05-17 15:43:00,Lower Ringold,0,
Rock Island Tailrace STH,1,G727ACE24,2026-05-15 16:44:37,2026-05-17 15:43:00,Hanford,0,
Rock Island Tailrace STH,2,G727F27AE,2026-05-18 19:47:18,2026-05-20 15:35:00,Crescent Bar,1,2026-05-20 22:10:34
Rock Island Tailrace STH,2,G727F27AE,2026-05-18 19:47:18,2026-05-20 15:35:00,Sunland,1,2026-05-21 10:04:11
Rock Island Tailrace STH,2,G727F27AE,2026-05-18 19:47:18,2026-05-20 15:35:00,Wanapum BRZ,1,2026-05-22 04:37:41
Rock Island Tailrace STH,2,G727F27AE,2026-05-18 19:47:18,2026-05-20 15:35:00,Mattawa,1,2026-05-22 06:59:11
Rock Island Tailrace STH,2,G727F27AE,2026-05-18 19:47:18,2026-05-20 15:35:00,Priest BRZ,0,
Rock Island Tailrace STH,2,G727F27AE,2026-05-18 19:47:18,2026-05-20 15:35:00,Lower Ringold,0,
Rock Island Tailrace STH,2,G727F27AE,2026-05-18 19:47:18,2026-05-20 15:35:00,Hanford,0,
Rock Island Tailrace STH,2,G727F5F94,2026-05-15 16:40:01,2026-05-17 15:43:00,Crescent Bar,1,2026-05-18 04:38:21
Rock Island Tailrace STH,2,G727F5F94,2026-05-15 16:40:01,2026-05-17 15:43:00,Sunland,1,2026-05-18 15:51:31
Rock Island Tailrace STH,2,G727F5F94,2026-05-15 16:40:01,2026-05-17 15:43:00,Wanapum BRZ,1,2026-05-19 03:50:37
Rock Island Tailrace STH,2,G727F5F94,2026-05-15 16:40:01,2026-05-17 15:43:00,Mattawa,1,2026-05-19 07:03:43
Rock Island Tailrace STH,2,G727F5F94,2026-05-15 16:40:01,2026-05-17 15:43:00,Priest BRZ,1,2026-05-19 14:32:37
Rock Island Tailrace STH,2,G727F5F94,2026-05-15 16:40:01,2026-05-17 15:43:00,Lower Ringold,1,2026-05-20 02:18:41
Rock Island Tailrace STH,2,G727F5F94,2026-05-15 16:40:01,2026-05-17 15:43:00,Hanford,1,2026-05-20 05:13:32
Rock Island Tailrace STH,3,G72806828,2026-05-16 16:15:55,2026-05-19 16:20:00,Crescent Bar,1,2026-05-19 20:26:54
Rock Island Tailrace STH,3,G72806828,2026-05-16 16:15:55,2026-05-19 16:20:00,Sunland,1,2026-05-20 06:23:03
Rock Island Tailrace STH,3,G72806828,2026-05-16 16:15:55,2026-05-19 16:20:00,Wanapum BRZ,1,2026-05-21 06:30:30
Rock Island Tailrace STH,3,G72806828,2026-05-16 16:15:55,2026-05-19 16:20:00,Mattawa,1,2026-05-21 12:10:41
Rock Island Tailrace STH,3,G72806828,2026-05-16 16:15:55,2026-05-19 16:20:00,Priest BRZ,1,2026-05-21 19:18:30
Rock Island Tailrace STH,3,G72806828,2026-05-16 16:15:55,2026-05-19 16:20:00,Lower Ringold,1,2026-05-22 13:06:44
Rock Island Tailrace STH,3,G72806828,2026-05-16 16:15:55,2026-05-19 16:20:00,Hanford,1,2026-05-22 16:44:42
Rock Island Tailrace STH,3,G72828850,2026-05-12 18:01:15,2026-05-15 16:06:00,Crescent Bar,1,2026-05-16 02:31:17
Rock Island Tailrace STH,3,G72828850,2026-05-12 18:01:15,2026-05-15 16:06:00,Sunland,1,2026-05-16 13:32:56
Rock Island Tailrace STH,3,G72828850,2026-05-12 18:01:15,2026-05-15 16:06:00,Wanapum BRZ,0,
Rock Island Tailrace STH,3,G72828850,2026-05-12 18:01:15,2026-05-15 16:06:00,Mattawa,0,
Rock Island Tailrace STH,3,G72828850,2026-05-12 18:01:15,2026-05-15 16:06:00,Priest BRZ,0,
Rock Island Tailrace STH,3,G72828850,2026-05-12 18:01:15,2026-05-15 16:06:00,Lower Ringold,0,
Rock Island Tailrace STH,3,G72828850,2026-05-12 18:01:15,2026-05-15 16:06:00,Hanford,0,
Rock Island Tailrace STH,3,G7282CD29,2026-05-18 19:43:59,2026-05-20 15:35:00,Crescent Bar,1,2026-05-20 23:32:24
Rock Island Tailrace STH,3,G7282CD29,2026-05-18 19:43:59,2026-05-20 15:35:00,Sunland,1,2026-05-21 09:55:04
Rock Island Tailrace STH,3,G7282CD29,2026-05-18 19:43:59,2026-05-20 15:35:00,Wanapum BRZ,0,
Rock Island Tailrace STH,3,G7282CD29,2026-05-18 19:43:59,2026-05-20 15:35:00,Mattawa,0,
Rock Island Tailrace STH,3,G7282CD29,2026-05-18 19:43:59,2026-05-20 15:35:00,Priest BRZ,0,
Rock Island Tailrace STH,3,G7282CD29,2026-05-18 19:43:59,2026-05-20 15:35:00,Lower Ringold,0,
Rock Island Tailrace STH,3,G7282CD29,2026-05-18 19:43:59,2026-05-20 15:35:00,Hanford,0,
Rock Island Tailrace STH,3,G7282FF2B,2026-05-12 18:00:38,2026-05-15 16:06:00,Crescent Bar,1,2026-05-16 00:52:37
Rock Island Tailrace STH,3,G7282FF2B,2026-05-12 18:00:38,2026-05-15 16:06:00,Sunland,1,2026-05-16 12:39:01
Rock Island Tailrace STH,3,G7282FF2B,2026-05-12 18:00:38,2026-05-15 16:06:00,Wanapum BRZ,1,2026-05-17 12:10:24
Rock Island Tailrace STH,3,G7282FF2B,2026-05-12 18:00:38,2026-05-15 16:06:00,Mattawa,1,2026-05-17 18:20:00
Rock Island Tailrace STH,3,G7282FF2B,2026-05-12 18:00:38,2026-05-15 16:06:00,Priest BRZ,1,2026-05-18 05:34:15
Rock Island Tailrace STH,3,G7282FF2B,2026-05-12 18:00:38,2026-05-15 16:06:00,Lower Ringold,1,2026-05-19 03:23:29
Rock Island Tailrace STH,3,G7282FF2B,2026-05-12 18:00:38,2026-05-15 16:06:00,Hanford,1,2026-05-19 06:24:33
Rock Island Tailrace STH,1,G7284E3BF,2026-05-14 17:59:07,2026-05-16 15:36:00,Crescent Bar,1,2026-05-17 05:19:52
Rock Island Tailrace STH,1,G7284E3BF,2026-05-14 17:59:07,2026-05-16 15:36:00,Sunland,1,2026-05-17 15:06:23
Rock Island Tailrace STH,1,G7284E3BF,2026-05-14 17:59:07,2026-05-16 15:36:00,Wanapum BRZ,1,2026-05-19 11:13:59
Rock Island Tailrace STH,1,G7284E3BF,2026-05-14 17:59:07,2026-05-16 15:36:00,Mattawa,1,2026-05-19 13:51:48
Rock Island Tailrace STH,1,G7284E3BF,2026-05-14 17:59:07,2026-05-16 15:36:00,Priest BRZ,1,2026-05-20 01:17:49
Rock Island Tailrace STH,1,G7284E3BF,2026-05-14 17:59:07,2026-05-16 15:36:00,Lower Ringold,1,2026-05-23 08:00:29
Rock Island Tailrace STH,1,G7284E3BF,2026-05-14 17:59:07,2026-05-16 15:36:00,Hanford,1,2026-05-23 10:55:57
Rock Island Tailrace STH,1,G7284E89F,2026-05-11 17:19:16,2026-05-14 15:44:00,Crescent Bar,1,2026-05-14 22:18:46
Rock Island Tailrace STH,1,G7284E89F,2026-05-11 17:19:16,2026-05-14 15:44:00,Sunland,1,2026-05-15 15:58:01
Rock Island Tailrace STH,1,G7284E89F,2026-05-11 17:19:16,2026-05-14 15:44:00,Wanapum BRZ,1,2026-05-16 16:57:54
Rock Island Tailrace STH,1,G7284E89F,2026-05-11 17:19:16,2026-05-14 15:44:00,Mattawa,1,2026-05-16 21:56:25
Rock Island Tailrace STH,1,G7284E89F,2026-05-11 17:19:16,2026-05-14 15:44:00,Priest BRZ,1,2026-05-17 08:30:08
Rock Island Tailrace STH,1,G7284E89F,2026-05-11 17:19:16,2026-05-14 15:44:00,Lower Ringold,1,2026-05-18 08:16:23
Rock Island Tailrace STH,1,G7284E89F,2026-05-11 17:19:16,2026-05-14 15:44:00,Hanford,1,2026-05-18 11:39:10
Rock Island Tailrace STH,3,G72865FBF,2026-05-16 16:16:38,2026-05-19 16:20:00,Crescent Bar,1,2026-05-20 01:15:30
Rock Island Tailrace STH,3,G72865FBF,2026-05-16 16:16:38,2026-05-19 16:20:00,Sunland,1,2026-05-20 12:52:10
Rock Island Tailrace STH,3,G72865FBF,2026-05-16 16:16:38,2026-05-19 16:20:00,Wanapum BRZ,1,2026-05-21 19:59:50
Rock Island Tailrace STH,3,G72865FBF,2026-05-16 16:16:38,2026-05-19 16:20:00,Mattawa,1,2026-05-23 01:40:20
Rock Island Tailrace STH,3,G72865FBF,2026-05-16 16:16:38,2026-05-19 16:20:00,Priest BRZ,1,2026-05-23 11:27:05
Rock Island Tailrace STH,3,G72865FBF,2026-05-16 16:16:38,2026-05-19 16:20:00,Lower Ringold,0,
Rock Island Tailrace STH,3,G72865FBF,2026-05-16 16:16:38,2026-05-19 16:20:00,Hanford,0,
Rock Island Tailrace STH,3,G7287227E,2026-05-12 17:59:13,2026-05-15 16:06:00,Crescent Bar,1,2026-05-15 23:11:26
Rock Island Tailrace STH,3,G7287227E,2026-05-12 17:59:13,2026-05-15 16:06:00,Sunland,1,2026-05-16 07:52:52
Rock Island Tailrace STH,3,G7287227E,2026-05-12 17:59:13,2026-05-15 16:06:00,Wanapum BRZ,1,2026-05-18 12:09:41
Rock Island Tailrace STH,3,G7287227E,2026-05-12 17:59:13,2026-05-15 16:06:00,Mattawa,1,2026-05-18 15:36:39
Rock Island Tailrace STH,3,G7287227E,2026-05-12 17:59:13,2026-05-15 16:06:00,Priest BRZ,1,2026-05-18 21:07:48
Rock Island Tailrace STH,3,G7287227E,2026-05-12 17:59:13,2026-05-15 16:06:00,Lower Ringold,1,2026-05-22 17:53:47
Rock Island Tailrace STH,3,G7287227E,2026-05-12 17:59:13,2026-05-15 16:06:00,Hanford,1,2026-05-23 05:42:56
Rock Island Tailrace STH,3,G728737DC,2026-05-11 17:40:32,2026-05-14 15:44:00,Crescent Bar,1,2026-05-14 22:33:33
Rock Island Tailrace STH,3,G728737DC,2026-05-11 17:40:32,2026-05-14 15:44:00,Sunland,1,2026-05-15 13:33:24
Rock Island Tailrace STH,3,G728737DC,2026-05-11 17:40:32,2026-05-14 15:44:00,Wanapum BRZ,1,2026-05-16 18:43:07
Rock Island Tailrace STH,3,G728737DC,2026-05-11 17:40:32,2026-05-14 15:44:00,Mattawa,0,
Rock Island Tailrace STH,3,G728737DC,2026-05-11 17:40:32,2026-05-14 15:44:00,Priest BRZ,0,
Rock Island Tailrace STH,3,G728737DC,2026-05-11 17:40:32,2026-05-14 15:44:00,Lower Ringold,0,
Rock Island Tailrace STH,3,G728737DC,2026-05-11 17:40:32,2026-05-14 15:44:00,Hanford,0,
Rock Island Tailrace STH,2,G728818A6,2026-05-16 16:15:15,2026-05-19 16:20:00,Crescent Bar,1,2026-05-20 02:28:54
Rock Island Tailrace STH,2,G728818A6,2026-05-16 16:15:15,2026-05-19 16:20:00,Sunland,1,2026-05-20 11:57:57
Rock Island Tailrace STH,2,G728818A6,2026-05-16 16:15:15,2026-05-19 16:20:00,Wanapum BRZ,1,2026-05-21 12:33:53
Rock Island Tailrace STH,2,G728818A6,2026-05-16 16:15:15,2026-05-19 16:20:00,Mattawa,1,2026-05-21 18:17:53
Rock Island Tailrace STH,2,G728818A6,2026-05-16 16:15:15,2026-05-19 16:20:00,Priest BRZ,1,2026-05-22 01:26:29
Rock Island Tailrace STH,2,G728818A6,2026-05-16 16:15:15,2026-05-19 16:20:00,Lower Ringold,1,2026-05-22 18:48:37
Rock Island Tailrace STH,2,G728818A6,2026-05-16 16:15:15,2026-05-19 16:20:00,Hanford,1,2026-05-22 23:24:47
Rock Island Tailrace STH,2,G728858E0,2026-05-16 16:11:05,2026-05-19 16:20:00,Crescent Bar,1,2026-05-20 01:30:46
Rock Island Tailrace STH,2,G728858E0,2026-05-16 16:11:05,2026-05-19 16:20:00,Sunland,1,2026-05-20 13:00:04
Rock Island Tailrace STH,2,G728858E0,2026-05-16 16:11:05,2026-05-19 16:20:00,Wanapum BRZ,1,2026-05-21 15:34:48
Rock Island Tailrace STH,2,G728858E0,2026-05-16 16:11:05,2026-05-19 16:20:00,Mattawa,1,2026-05-21 17:58:35
Rock Island Tailrace STH,2,G728858E0,2026-05-16 16:11:05,2026-05-19 16:20:00,Priest BRZ,1,2026-05-22 10:15:35
Rock Island Tailrace STH,2,G728858E0,2026-05-16 16:11:05,2026-05-19 16:20:00,Lower Ringold,1,2026-05-22 21:31:41
Rock Island Tailrace STH,2,G728858E0,2026-05-16 16:11:05,2026-05-19 16:20:00,Hanford,1,2026-05-23 00:16:06
Rock Island Tailrace STH,2,G72889A96,2026-05-12 18:02:31,2026-05-15 16:06:00,Crescent Bar,1,2026-05-16 00:18:21
Rock Island Tailrace STH,2,G72889A96,2026-05-12 18:02:31,2026-05-15 16:06:00,Sunland,1,2026-05-16 09:42:14
Rock Island Tailrace STH,2,G72889A96,2026-05-12 18:02:31,2026-05-15 16:06:00,Wanapum BRZ,1,2026-05-17 02:10:07
Rock Island Tailrace STH,2,G72889A96,2026-05-12 18:02:31,2026-05-15 16:06:00,Mattawa,0,
Rock Island Tailrace STH,2,G72889A96,2026-05-12 18:02:31,2026-05-15 16:06:00,Priest BRZ,0,
Rock Island Tailrace STH,2,G72889A96,2026-05-12 18:02:31,2026-05-15 16:06:00,Lower Ringold,0,
Rock Island Tailrace STH,2,G72889A96,2026-05-12 18:02:31,2026-05-15 16:06:00,Hanford,0,
Rock Island Tailrace STH,1,G7288EDED,2026-05-15 16:50:08,2026-05-17 15:43:00,Crescent Bar,1,2026-05-18 06:52:12
Rock Island Tailrace STH,1,G7288EDED,2026-05-15 16:50:08,2026-05-17 15:43:00,Sunland,1,2026-05-18 19:18:53
Rock Island Tailrace STH,1,G7288EDED,2026-05-15 16:50:08,2026-05-17 15:43:00,Wanapum BRZ,0,
Rock Island Tailrace STH,1,G7288EDED,2026-05-15 16:50:08,2026-05-17 15:43:00,Mattawa,0,
Rock Island Tailrace STH,1,G7288EDED,2026-05-15 16:50:08,2026-05-17 15:43:00,Priest BRZ,0,
Rock Island Tailrace STH,1,G7288EDED,2026-05-15 16:50:08,2026-05-17 15:43:00,Lower Ringold,0,
Rock Island Tailrace STH,1,G7288EDED,2026-05-15 16:50:08,2026-05-17 15:43:00,Hanford,0,
Rock Island Tailrace STH,2,G728C53FB,2026-05-11 17:26:19,2026-05-14 15:44:00,Crescent Bar,1,2026-05-14 21:51:52
Rock Island Tailrace STH,2,G728C53FB,2026-05-11 17:26:19,2026-05-14 15:44:00,Sunland,1,2026-05-15 11:37:35
Rock Island Tailrace STH,2,G728C53FB,2026-05-11 17:26:19,2026-05-14 15:44:00,Wanapum BRZ,1,2026-05-16 19:43:40
Rock Island Tailrace STH,2,G728C53FB,2026-05-11 17:26:19,2026-05-14 15:44:00,Mattawa,1,2026-05-17 02:22:15
Rock Island Tailrace STH,2,G728C53FB,2026-05-11 17:26:19,2026-05-14 15:44:00,Priest BRZ,1,2026-05-17 10:11:13
Rock Island Tailrace STH,2,G728C53FB,2026-05-11 17:26:19,2026-05-14 15:44:00,Lower Ringold,1,2026-05-18 00:09:37
Rock Island Tailrace STH,2,G728C53FB,2026-05-11 17:26:19,2026-05-14 15:44:00,Hanford,1,2026-05-18 03:33:30
Rock Island Tailrace STH,1,G728CB832,2026-05-11 17:16:29,2026-05-14 15:44:00,Crescent Bar,1,2026-05-14 21:24:25
Rock Island Tailrace STH,1,G728CB832,2026-05-11 17:16:29,2026-05-14 15:44:00,Sunland,1,2026-05-15 09:27:44
Rock Island Tailrace STH,1,G728CB832,2026-05-11 17:16:29,2026-05-14 15:44:00,Wanapum BRZ,1,2026-05-16 01:36:39
Rock Island Tailrace STH,1,G728CB832,2026-05-11 17:16:29,2026-05-14 15:44:00,Mattawa,1,2026-05-16 08:57:45
Rock Island Tailrace STH,1,G728CB832,2026-05-11 17:16:29,2026-05-14 15:44:00,Priest BRZ,0,
Rock Island Tailrace STH,1,G728CB832,2026-05-11 17:16:29,2026-05-14 15:44:00,Lower Ringold,0,
Rock Island Tailrace STH,1,G728CB832,2026-05-11 17:16:29,2026-05-14 15:44:00,Hanford,0,
Rock Island Tailrace STH,3,G728D34D9,2026-05-11 17:34:54,2026-05-14 15:44:00,Crescent Bar,1,2026-05-15 01:52:10
Rock Island Tailrace STH,3,G728D34D9,2026-05-11 17:34:54,2026-05-14 15:44:00,Sunland,1,2026-05-15 12:12:18
Rock Island Tailrace STH,3,G728D34D9,2026-05-11 17:34:54,2026-05-14 15:44:00,Wanapum BRZ,1,2026-05-16 13:12:23
Rock Island Tailrace STH,3,G728D34D9,2026-05-11 17:34:54,2026-05-14 15:44:00,Mattawa,1,2026-05-16 16:34:52
Rock Island Tailrace STH,3,G728D34D9,2026-05-11 17:34:54,2026-05-14 15:44:00,Priest BRZ,0,
Rock Island Tailrace STH,3,G728D34D9,2026-05-11 17:34:54,2026-05-14 15:44:00,Lower Ringold,0,
Rock Island Tailrace STH,3,G728D34D9,2026-05-11 17:34:54,2026-05-14 15:44:00,Hanford,0,
Rock Island Tailrace STH,1,G728F6C51,2026-05-18 19:53:43,2026-05-21 15:49:00,Crescent Bar,1,2026-05-21 23:39:05
Rock Island Tailrace STH,1,G728F6C51,2026-05-18 19:53:43,2026-05-21 15:49:00,Sunland,1,2026-05-22 10:13:22
Rock Island Tailrace STH,1,G728F6C51,2026-05-18 19:53:43,2026-05-21 15:49:00,Wanapum BRZ,1,2026-05-23 11:41:28
Rock Island Tailrace STH,1,G728F6C51,2026-05-18 19:53:43,2026-05-21 15:49:00,Mattawa,1,2026-05-24 01:35:13
Rock Island Tailrace STH,1,G728F6C51,2026-05-18 19:53:43,2026-05-21 15:49:00,Priest BRZ,1,2026-05-24 09:46:29
Rock Island Tailrace STH,1,G728F6C51,2026-05-18 19:53:43,2026-05-21 15:49:00,Lower Ringold,1,2026-05-25 08:28:26
Rock Island Tailrace STH,1,G728F6C51,2026-05-18 19:53:43,2026-05-21 15:49:00,Hanford,1,2026-05-25 14:27:40
Rock Island Tailrace STH,3,G728FAA46,2026-05-14 18:30:52,2026-05-16 15:36:00,Crescent Bar,1,2026-05-17 08:47:14
Rock Island Tailrace STH,3,G728FAA46,2026-05-14 18:30:52,2026-05-16 15:36:00,Sunland,1,2026-05-17 16:36:35
Rock Island Tailrace STH,3,G728FAA46,2026-05-14 18:30:52,2026-05-16 15:36:00,Wanapum BRZ,1,2026-05-18 19:02:19
Rock Island Tailrace STH,3,G728FAA46,2026-05-14 18:30:52,2026-05-16 15:36:00,Mattawa,1,2026-05-19 09:32:20
Rock Island Tailrace STH,3,G728FAA46,2026-05-14 18:30:52,2026-05-16 15:36:00,Priest BRZ,1,2026-05-19 18:53:48
Rock Island Tailrace STH,3,G728FAA46,2026-05-14 18:30:52,2026-05-16 15:36:00,Lower Ringold,1,2026-05-24 08:22:09
Rock Island Tailrace STH,3,G728FAA46,2026-05-14 18:30:52,2026-05-16 15:36:00,Hanford,1,2026-05-24 11:17:06
Rock Island Tailrace STH,3,G728FC43C,2026-05-15 16:42:23,2026-05-17 15:43:00,Crescent Bar,1,2026-05-18 02:45:45
Rock Island Tailrace STH,3,G728FC43C,2026-05-15 16:42:23,2026-05-17 15:43:00,Sunland,1,2026-05-18 13:59:21
Rock Island Tailrace STH,3,G728FC43C,2026-05-15 16:42:23,2026-05-17 15:43:00,Wanapum BRZ,0,
Rock Island Tailrace STH,3,G728FC43C,2026-05-15 16:42:23,2026-05-17 15:43:00,Mattawa,0,
Rock Island Tailrace STH,3,G728FC43C,2026-05-15 16:42:23,2026-05-17 15:43:00,Priest BRZ,0,
Rock Island Tailrace STH,3,G728FC43C,2026-05-15 16:42:23,2026-05-17 15:43:00,Lower Ringold,0,
Rock Island Tailrace STH,3,G728FC43C,2026-05-15 16:42:23,2026-05-17 15:43:00,Hanford,0,
Rock Island Tailrace STH,1,G729470A0,2026-05-11 17:27:10,2026-05-14 15:44:00,Crescent Bar,1,2026-05-15 02:57:22
Rock Island Tailrace STH,1,G729470A0,2026-05-11 17:27:10,2026-05-14 15:44:00,Sunland,1,2026-05-15 13:55:45
Rock Island Tailrace STH,1,G729470A0,2026-05-11 17:27:10,2026-05-14 15:44:00,Wanapum BRZ,0,
Rock Island Tailrace STH,1,G729470A0,2026-05-11 17:27:10,2026-05-14 15:44:00,Mattawa,0,
Rock Island Tailrace STH,1,G729470A0,2026-05-11 17:27:10,2026-05-14 15:44:00,Priest BRZ,0,
Rock Island Tailrace STH,1,G729470A0,2026-05-11 17:27:10,2026-05-14 15:44:00,Lower Ringold,0,
Rock Island Tailrace STH,1,G729470A0,2026-05-11 17:27:10,2026-05-14 15:44:00,Hanford,0,
Rock Island Tailrace STH,1,G72977EEA,2026-05-12 17:55:51,2026-05-15 16:06:00,Crescent Bar,1,2026-05-15 23:49:26
Rock Island Tailrace STH,1,G72977EEA,2026-05-12 17:55:51,2026-05-15 16:06:00,Sunland,1,2026-05-16 10:23:54
Rock Island Tailrace STH,1,G72977EEA,2026-05-12 17:55:51,2026-05-15 16:06:00,Wanapum BRZ,1,2026-05-17 18:49:18
Rock Island Tailrace STH,1,G72977EEA,2026-05-12 17:55:51,2026-05-15 16:06:00,Mattawa,0,
Rock Island Tailrace STH,1,G72977EEA,2026-05-12 17:55:51,2026-05-15 16:06:00,Priest BRZ,0,
Rock Island Tailrace STH,1,G72977EEA,2026-05-12 17:55:51,2026-05-15 16:06:00,Lower Ringold,0,
Rock Island Tailrace STH,1,G72977EEA,2026-05-12 17:55:51,2026-05-15 16:06:00,Hanford,0,
Rock Island Tailrace STH,1,G72978AFF,2026-05-12 17:56:24,2026-05-15 16:06:00,Crescent Bar,1,2026-05-15 23:45:44
Rock Island Tailrace STH,1,G72978AFF,2026-05-12 17:56:24,2026-05-15 16:06:00,Sunland,1,2026-05-16 10:35:30
Rock Island Tailrace STH,1,G72978AFF,2026-05-12 17:56:24,2026-05-15 16:06:00,Wanapum BRZ,0,
Rock Island Tailrace STH,1,G72978AFF,2026-05-12 17:56:24,2026-05-15 16:06:00,Mattawa,0,
Rock Island Tailrace STH,1,G72978AFF,2026-05-12 17:56:24,2026-05-15 16:06:00,Priest BRZ,0,
Rock Island Tailrace STH,1,G72978AFF,2026-05-12 17:56:24,2026-05-15 16:06:00,Lower Ringold,0,
Rock Island Tailrace STH,1,G72978AFF,2026-05-12 17:56:24,2026-05-15 16:06:00,Hanford,0,
Rock Island Tailrace STH,1,G7297AFE3,2026-05-12 18:08:51,2026-05-15 16:06:00,Crescent Bar,1,2026-05-16 04:17:03
Rock Island Tailrace STH,1,G7297AFE3,2026-05-12 18:08:51,2026-05-15 16:06:00,Sunland,1,2026-05-16 13:50:07
Rock Island Tailrace STH,1,G7297AFE3,2026-05-12 18:08:51,2026-05-15 16:06:00,Wanapum BRZ,1,2026-05-18 12:06:54
Rock Island Tailrace STH,1,G7297AFE3,2026-05-12 18:08:51,2026-05-15 16:06:00,Mattawa,1,2026-05-18 17:12:06
Rock Island Tailrace STH,1,G7297AFE3,2026-05-12 18:08:51,2026-05-15 16:06:00,Priest BRZ,1,2026-05-19 01:34:50
Rock Island Tailrace STH,1,G7297AFE3,2026-05-12 18:08:51,2026-05-15 16:06:00,Lower Ringold,1,2026-05-20 01:43:01
Rock Island Tailrace STH,1,G7297AFE3,2026-05-12 18:08:51,2026-05-15 16:06:00,Hanford,1,2026-05-20 11:47:39
Rock Island Tailrace STH,3,G7298BF66,2026-05-11 17:33:16,2026-05-14 15:44:00,Crescent Bar,1,2026-05-14 21:27:32
Rock Island Tailrace STH,3,G7298BF66,2026-05-11 17:33:16,2026-05-14 15:44:00,Sunland,1,2026-05-15 10:04:37
Rock Island Tailrace STH,3,G7298BF66,2026-05-11 17:33:16,2026-05-14 15:44:00,Wanapum BRZ,1,2026-05-16 10:02:51
Rock Island Tailrace STH,3,G7298BF66,2026-05-11 17:33:16,2026-05-14 15:44:00,Mattawa,1,2026-05-16 14:26:07
Rock Island Tailrace STH,3,G7298BF66,2026-05-11 17:33:16,2026-05-14 15:44:00,Priest BRZ,1,2026-05-17 04:28:44
Rock Island Tailrace STH,3,G7298BF66,2026-05-11 17:33:16,2026-05-14 15:44:00,Lower Ringold,1,2026-05-17 18:40:54
Rock Island Tailrace STH,3,G7298BF66,2026-05-11 17:33:16,2026-05-14 15:44:00,Hanford,1,2026-05-17 22:10:04
Rock Island Tailrace STH,1,G72997C8A,2026-05-15 16:39:23,2026-05-17 15:43:00,Crescent Bar,1,2026-05-18 09:04:21
Rock Island Tailrace STH,1,G72997C8A,2026-05-15 16:39:23,2026-05-17 15:43:00,Sunland,1,2026-05-18 18:52:46
Rock Island Tailrace STH,1,G72997C8A,2026-05-15 16:39:23,2026-05-17 15:43:00,Wanapum BRZ,0,
Rock Island Tailrace STH,1,G72997C8A,2026-05-15 16:39:23,2026-05-17 15:43:00,Mattawa,0,
Rock Island Tailrace STH,1,G72997C8A,2026-05-15 16:39:23,2026-05-17 15:43:00,Priest BRZ,0,
Rock Island Tailrace STH,1,G72997C8A,2026-05-15 16:39:23,2026-05-17 15:43:00,Lower Ringold,0,
Rock Island Tailrace STH,1,G72997C8A,2026-05-15 16:39:23,2026-05-17 15:43:00,Hanford,0,
Rock Island Tailrace STH,3,G729B5646,2026-05-14 18:02:42,2026-05-16 15:36:00,Crescent Bar,1,2026-05-17 04:11:02
Rock Island Tailrace STH,3,G729B5646,2026-05-14 18:02:42,2026-05-16 15:36:00,Sunland,1,2026-05-17 13:26:50
Rock Island Tailrace STH,3,G729B5646,2026-05-14 18:02:42,2026-05-16 15:36:00,Wanapum BRZ,1,2026-05-18 06:19:45
Rock Island Tailrace STH,3,G729B5646,2026-05-14 18:02:42,2026-05-16 15:36:00,Mattawa,1,2026-05-18 09:21:16
Rock Island Tailrace STH,3,G729B5646,2026-05-14 18:02:42,2026-05-16 15:36:00,Priest BRZ,0,
Rock Island Tailrace STH,3,G729B5646,2026-05-14 18:02:42,2026-05-16 15:36:00,Lower Ringold,0,
Rock Island Tailrace STH,3,G729B5646,2026-05-14 18:02:42,2026-05-16 15:36:00,Hanford,0,
Rock Island Tailrace STH,2,G729BD476,2026-05-16 16:08:48,2026-05-19 16:20:00,Crescent Bar,1,2026-05-19 21:43:14
Rock Island Tailrace STH,2,G729BD476,2026-05-16 16:08:48,2026-05-19 16:20:00,Sunland,1,2026-05-20 09:46:57
Rock Island Tailrace STH,2,G729BD476,2026-05-16 16:08:48,2026-05-19 16:20:00,Wanapum BRZ,1,2026-05-21 03:24:08
Rock Island Tailrace STH,2,G729BD476,2026-05-16 16:08:48,2026-05-19 16:20:00,Mattawa,1,2026-05-21 07:47:18
Rock Island Tailrace STH,2,G729BD476,2026-05-16 16:08:48,2026-05-19 16:20:00,Priest BRZ,1,2026-05-22 00:11:17
Rock Island Tailrace STH,2,G729BD476,2026-05-16 16:08:48,2026-05-19 16:20:00,Lower Ringold,1,2026-05-22 20:27:38
Rock Island Tailrace STH,2,G729BD476,2026-05-16 16:08:48,2026-05-19 16:20:00,Hanford,1,2026-05-23 07:47:40
Rock Island Tailrace STH,2,G729DE6DE,2026-05-14 18:39:11,2026-05-16 15:36:00,Crescent Bar,1,2026-05-17 10:51:18
Rock Island Tailrace STH,2,G729DE6DE,2026-05-14 18:39:11,2026-05-16 15:36:00,Sunland,1,2026-05-18 05:13:16
Rock Island Tailrace STH,2,G729DE6DE,2026-05-14 18:39:11,2026-05-16 15:36:00,Wanapum BRZ,0,
Rock Island Tailrace STH,2,G729DE6DE,2026-05-14 18:39:11,2026-05-16 15:36:00,Mattawa,0,
Rock Island Tailrace STH,2,G729DE6DE,2026-05-14 18:39:11,2026-05-16 15:36:00,Priest BRZ,0,
Rock Island Tailrace STH,2,G729DE6DE,2026-05-14 18:39:11,2026-05-16 15:36:00,Lower Ringold,0,
Rock Island Tailrace STH,2,G729DE6DE,2026-05-14 18:39:11,2026-05-16 15:36:00,Hanford,0,
Rock Island Tailrace STH,3,G729EC2C9,2026-05-14 18:00:13,2026-05-16 15:36:00,Crescent Bar,1,2026-05-17 04:29:26
Rock Island Tailrace STH,3,G729EC2C9,2026-05-14 18:00:13,2026-05-16 15:36:00,Sunland,1,2026-05-17 13:02:46
Rock Island Tailrace STH,3,G729EC2C9,2026-05-14 18:00:13,2026-05-16 15:36:00,Wanapum BRZ,1,2026-05-18 08:35:26
Rock Island Tailrace STH,3,G729EC2C9,2026-05-14 18:00:13,2026-05-16 15:36:00,Mattawa,1,2026-05-18 13:59:14
Rock Island Tailrace STH,3,G729EC2C9,2026-05-14 18:00:13,2026-05-16 15:36:00,Priest BRZ,1,2026-05-19 01:08:35
Rock Island Tailrace STH,3,G729EC2C9,2026-05-14 18:00:13,2026-05-16 15:36:00,Lower Ringold,1,2026-05-20 08:03:49
Rock Island Tailrace STH,3,G729EC2C9,2026-05-14 18:00:13,2026-05-16 15:36:00,Hanford,1,2026-05-20 11:36:03
Rock Island Tailrace STH,3,G729F9555,2026-05-14 18:40:46,2026-05-16 15:36:00,Crescent Bar,1,2026-05-17 11:45:02
Rock Island Tailrace STH,3,G729F9555,2026-05-14 18:40:46,2026-05-16 15:36:00,Sunland,1,2026-05-18 05:31:23
Rock Island Tailrace STH,3,G729F9555,2026-05-14 18:40:46,2026-05-16 15:36:00,Wanapum BRZ,1,2026-05-18 20:20:10
Rock Island Tailrace STH,3,G729F9555,2026-05-14 18:40:46,2026-05-16 15:36:00,Mattawa,1,2026-05-19 03:10:27
Rock Island Tailrace STH,3,G729F9555,2026-05-14 18:40:46,2026-05-16 15:36:00,Priest BRZ,0,
Rock Island Tailrace STH,3,G729F9555,2026-05-14 18:40:46,2026-05-16 15:36:00,Lower Ringold,0,
Rock Island Tailrace STH,3,G729F9555,2026-05-14 18:40:46,2026-05-16 15:36:00,Hanford,0,
Rock Island Tailrace STH,2,G72A25004,2026-05-16 16:09:43,2026-05-19 16:20:00,Crescent Bar,1,2026-05-20 07:19:35
Rock Island Tailrace STH,2,G72A25004,2026-05-16 16:09:43,2026-05-19 16:20:00,Sunland,1,2026-05-20 16:41:49
Rock Island Tailrace STH,2,G72A25004,2026-05-16 16:09:43,2026-05-19 16:20:00,Wanapum BRZ,1,2026-05-21 16:15:05
Rock Island Tailrace STH,2,G72A25004,2026-05-16 16:09:43,2026-05-19 16:20:00,Mattawa,1,2026-05-23 03:28:17
Rock Island Tailrace STH,2,G72A25004,2026-05-16 16:09:43,2026-05-19 16:20:00,Priest BRZ,1,2026-05-23 13:04:51
Rock Island Tailrace STH,2,G72A25004,2026-05-16 16:09:43,2026-05-19 16:20:00,Lower Ringold,1,2026-05-24 22:04:48
Rock Island Tailrace STH,2,G72A25004,2026-05-16 16:09:43,2026-05-19 16:20:00,Hanford,1,2026-05-25 00:47:20
Rock Island Tailrace STH,2,G72A2A12E,2026-05-14 17:57:49,2026-05-16 15:36:00,Crescent Bar,1,2026-05-17 01:18:06
Rock Island Tailrace STH,2,G72A2A12E,2026-05-14 17:57:49,2026-05-16 15:36:00,Sunland,1,2026-05-17 10:59:59
Rock Island Tailrace STH,2,G72A2A12E,2026-05-14 17:57:49,2026-05-16 15:36:00,Wanapum BRZ,1,2026-05-18 06:19:27
Rock Island Tailrace STH,2,G72A2A12E,2026-05-14 17:57:49,2026-05-16 15:36:00,Mattawa,1,2026-05-18 19:39:58
Rock Island Tailrace STH,2,G72A2A12E,2026-05-14 17:57:49,2026-05-16 15:36:00,Priest BRZ,1,2026-05-19 06:02:59
Rock Island Tailrace STH,2,G72A2A12E,2026-05-14 17:57:49,2026-05-16 15:36:00,Lower Ringold,0,
Rock Island Tailrace STH,2,G72A2A12E,2026-05-14 17:57:49,2026-05-16 15:36:00,Hanford,0,
Rock Island Tailrace STH,1,G72A2D70B,2026-05-19 19:16:06,2026-05-21 15:49:00,Crescent Bar,1,2026-05-22 07:32:55
Rock Island Tailrace STH,1,G72A2D70B,2026-05-19 19:16:06,2026-05-21 15:49:00,Sunland,1,2026-05-23 02:01:31
Rock Island Tailrace STH,1,G72A2D70B,2026-05-19 19:16:06,2026-05-21 15:49:00,Wanapum BRZ,1,2026-05-23 22:43:32
Rock Island Tailrace STH,1,G72A2D70B,2026-05-19 19:16:06,2026-05-21 15:49:00,Mattawa,1,2026-05-24 05:44:33
Rock Island Tailrace STH,1,G72A2D70B,2026-05-19 19:16:06,2026-05-21 15:49:00,Priest BRZ,1,2026-05-25 02:57:57
Rock Island Tailrace STH,1,G72A2D70B,2026-05-19 19:16:06,2026-05-21 15:49:00,Lower Ringold,1,2026-05-25 17:09:09
Rock Island Tailrace STH,1,G72A2D70B,2026-05-19 19:16:06,2026-05-21 15:49:00,Hanford,1,2026-05-25 20:09:52
Rock Island Tailrace STH,1,G72A3B6F4,2026-05-19 19:23:49,2026-05-21 15:49:00,Crescent Bar,1,2026-05-21 21:06:37
Rock Island Tailrace STH,1,G72A3B6F4,2026-05-19 19:23:49,2026-05-21 15:49:00,Sunland,1,2026-05-22 09:46:28
Rock Island Tailrace STH,1,G72A3B6F4,2026-05-19 19:23:49,2026-05-21 15:49:00,Wanapum BRZ,1,2026-05-23 01:46:11
Rock Island Tailrace STH,1,G72A3B6F4,2026-05-19 19:23:49,2026-05-21 15:49:00,Mattawa,1,2026-05-23 08:46:10
Rock Island Tailrace STH,1,G72A3B6F4,2026-05-19 19:23:49,2026-05-21 15:49:00,Priest BRZ,1,2026-05-23 18:52:25
Rock Island Tailrace STH,1,G72A3B6F4,2026-05-19 19:23:49,2026-05-21 15:49:00,Lower Ringold,1,2026-05-24 22:52:50
Rock Island Tailrace STH,1,G72A3B6F4,2026-05-19 19:23:49,2026-05-21 15:49:00,Hanford,1,2026-05-25 01:59:59
Rock Island Tailrace STH,3,G72A427D5,2026-05-11 17:29:20,2026-05-14 15:44:00,Crescent Bar,1,2026-05-14 20:55:46
Rock Island Tailrace STH,3,G72A427D5,2026-05-11 17:29:20,2026-05-14 15:44:00,Sunland,1,2026-05-15 10:41:35
Rock Island Tailrace STH,3,G72A427D5,2026-05-11 17:29:20,2026-05-14 15:44:00,Wanapum BRZ,0,
Rock Island Tailrace STH,3,G72A427D5,2026-05-11 17:29:20,2026-05-14 15:44:00,Mattawa,0,
Rock Island Tailrace STH,3,G72A427D5,2026-05-11 17:29:20,2026-05-14 15:44:00,Priest BRZ,0,
Rock Island Tailrace STH,3,G72A427D5,2026-05-11 17:29:20,2026-05-14 15:44:00,Lower Ringold,0,
Rock Island Tailrace STH,3,G72A427D5,2026-05-11 17:29:20,2026-05-14 15:44:00,Hanford,0,
Rock Island Tailrace STH,3,G72A59D5D,2026-05-15 17:00:38,2026-05-17 15:43:00,Crescent Bar,1,2026-05-18 03:25:09
Rock Island Tailrace STH,3,G72A59D5D,2026-05-15 17:00:38,2026-05-17 15:43:00,Sunland,1,2026-05-18 16:21:00
Rock Island Tailrace STH,3,G72A59D5D,2026-05-15 17:00:38,2026-05-17 15:43:00,Wanapum BRZ,0,
Rock Island Tailrace STH,3,G72A59D5D,2026-05-15 17:00:38,2026-05-17 15:43:00,Mattawa,0,
Rock Island Tailrace STH,3,G72A59D5D,2026-05-15 17:00:38,2026-05-17 15:43:00,Priest BRZ,0,
Rock Island Tailrace STH,3,G72A59D5D,2026-05-15 17:00:38,2026-05-17 15:43:00,Lower Ringold,0,
Rock Island Tailrace STH,3,G72A59D5D,2026-05-15 17:00:38,2026-05-17 15:43:00,Hanford,0,
Rock Island Tailrace STH,3,G72A6BEC9,2026-05-12 17:45:44,2026-05-15 16:06:00,Crescent Bar,1,2026-05-15 23:37:14
Rock Island Tailrace STH,3,G72A6BEC9,2026-05-12 17:45:44,2026-05-15 16:06:00,Sunland,1,2026-05-16 09:06:07
Rock Island Tailrace STH,3,G72A6BEC9,2026-05-12 17:45:44,2026-05-15 16:06:00,Wanapum BRZ,0,
Rock Island Tailrace STH,3,G72A6BEC9,2026-05-12 17:45:44,2026-05-15 16:06:00,Mattawa,0,
Rock Island Tailrace STH,3,G72A6BEC9,2026-05-12 17:45:44,2026-05-15 16:06:00,Priest BRZ,0,
Rock Island Tailrace STH,3,G72A6BEC9,2026-05-12 17:45:44,2026-05-15 16:06:00,Lower Ringold,0,
Rock Island Tailrace STH,3,G72A6BEC9,2026-05-12 17:45:44,2026-05-15 16:06:00,Hanford,0,
Rock Island Tailrace STH,3,G72A6FE8F,2026-05-11 17:29:46,2026-05-14 15:44:00,Crescent Bar,0,
Rock Island Tailrace STH,3,G72A6FE8F,2026-05-11 17:29:46,2026-05-14 15:44:00,Sunland,0,
Rock Island Tailrace STH,3,G72A6FE8F,2026-05-11 17:29:46,2026-05-14 15:44:00,Wanapum BRZ,0,
Rock Island Tailrace STH,3,G72A6FE8F,2026-05-11 17:29:46,2026-05-14 15:44:00,Mattawa,0,
Rock Island Tailrace STH,3,G72A6FE8F,2026-05-11 17:29:46,2026-05-14 15:44:00,Priest BRZ,0,
Rock Island Tailrace STH,3,G72A6FE8F,2026-05-11 17:29:46,2026-05-14 15:44:00,Lower Ringold,0,
Rock Island Tailrace STH,3,G72A6FE8F,2026-05-11 17:29:46,2026-05-14 15:44:00,Hanford,0,
Rock Island Tailrace STH,3,G72A79450,2026-05-19 19:17:57,2026-05-21 15:49:00,Crescent Bar,1,2026-05-22 00:40:51
Rock Island Tailrace STH,3,G72A79450,2026-05-19 19:17:57,2026-05-21 15:49:00,Sunland,1,2026-05-22 12:59:44
Rock Island Tailrace STH,3,G72A79450,2026-05-19 19:17:57,2026-05-21 15:49:00,Wanapum BRZ,1,2026-05-23 14:15:05
Rock Island Tailrace STH,3,G72A79450,2026-05-19 19:17:57,2026-05-21 15:49:00,Mattawa,1,2026-05-24 07:49:29
Rock Island Tailrace STH,3,G72A79450,2026-05-19 19:17:57,2026-05-21 15:49:00,Priest BRZ,1,2026-05-24 15:18:22
Rock Island Tailrace STH,3,G72A79450,2026-05-19 19:17:57,2026-05-21 15:49:00,Lower Ringold,1,2026-05-26 02:59:57
Rock Island Tailrace STH,3,G72A79450,2026-05-19 19:17:57,2026-05-21 15:49:00,Hanford,1,2026-05-26 12:05:07
Rock Island Tailrace STH,1,G72A82F5A,2026-05-12 17:49:27,2026-05-15 16:06:00,Crescent Bar,1,2026-05-15 21:51:01
Rock Island Tailrace STH,1,G72A82F5A,2026-05-12 17:49:27,2026-05-15 16:06:00,Sunland,1,2026-05-16 06:58:26
Rock Island Tailrace STH,1,G72A82F5A,2026-05-12 17:49:27,2026-05-15 16:06:00,Wanapum BRZ,1,2026-05-17 12:33:53
Rock Island Tailrace STH,1,G72A82F5A,2026-05-12 17:49:27,2026-05-15 16:06:00,Mattawa,1,2026-05-17 20:33:33
Rock Island Tailrace STH,1,G72A82F5A,2026-05-12 17:49:27,2026-05-15 16:06:00,Priest BRZ,1,2026-05-18 08:43:36
Rock Island Tailrace STH,1,G72A82F5A,2026-05-12 17:49:27,2026-05-15 16:06:00,Lower Ringold,1,2026-05-18 21:18:48
Rock Island Tailrace STH,1,G72A82F5A,2026-05-12 17:49:27,2026-05-15 16:06:00,Hanford,1,2026-05-19 02:08:59
Rock Island Tailrace STH,2,G72A9BC6D,2026-05-11 17:28:52,2026-05-14 15:44:00,Crescent Bar,1,2026-05-14 22:59:05
Rock Island Tailrace STH,2,G72A9BC6D,2026-05-11 17:28:52,2026-05-14 15:44:00,Sunland,1,2026-05-15 11:01:27
Rock Island Tailrace STH,2,G72A9BC6D,2026-05-11 17:28:52,2026-05-14 15:44:00,Wanapum BRZ,1,2026-05-16 12:39:24
Rock Island Tailrace STH,2,G72A9BC6D,2026-05-11 17:28:52,2026-05-14 15:44:00,Mattawa,1,2026-05-16 19:49:44
Rock Island Tailrace STH,2,G72A9BC6D,2026-05-11 17:28:52,2026-05-14 15:44:00,Priest BRZ,1,2026-05-17 08:22:32
Rock Island Tailrace STH,2,G72A9BC6D,2026-05-11 17:28:52,2026-05-14 15:44:00,Lower Ringold,1,2026-05-18 07:34:08
Rock Island Tailrace STH,2,G72A9BC6D,2026-05-11 17:28:52,2026-05-14 15:44:00,Hanford,1,2026-05-18 11:09:12
Rock Island Tailrace STH,3,G72AAC55C,2026-05-11 17:21:20,2026-05-14 15:44:00,Crescent Bar,1,2026-05-15 02:37:10
Rock Island Tailrace STH,3,G72AAC55C,2026-05-11 17:21:20,2026-05-14 15:44:00,Sunland,1,2026-05-15 12:10:31
Rock Island Tailrace STH,3,G72AAC55C,2026-05-11 17:21:20,2026-05-14 15:44:00,Wanapum BRZ,0,
Rock Island Tailrace STH,3,G72AAC55C,2026-05-11 17:21:20,2026-05-14 15:44:00,Mattawa,0,
Rock Island Tailrace STH,3,G72AAC55C,2026-05-11 17:21:20,2026-05-14 15:44:00,Priest BRZ,0,
Rock Island Tailrace STH,3,G72AAC55C,2026-05-11 17:21:20,2026-05-14 15:44:00,Lower Ringold,0,
Rock Island Tailrace STH,3,G72AAC55C,2026-05-11 17:21:20,2026-05-14 15:44:00,Hanford,0,
Rock Island Tailrace STH,1,G72AD3E66,2026-05-16 16:12:40,2026-05-19 16:20:00,Crescent Bar,1,2026-05-19 21:16:38
Rock Island Tailrace STH,1,G72AD3E66,2026-05-16 16:12:40,2026-05-19 16:20:00,Sunland,1,2026-05-20 06:11:08
Rock Island Tailrace STH,1,G72AD3E66,2026-05-16 16:12:40,2026-05-19 16:20:00,Wanapum BRZ,1,2026-05-21 09:01:59
Rock Island Tailrace STH,1,G72AD3E66,2026-05-16 16:12:40,2026-05-19 16:20:00,Mattawa,1,2026-05-21 19:19:19
Rock Island Tailrace STH,1,G72AD3E66,2026-05-16 16:12:40,2026-05-19 16:20:00,Priest BRZ,1,2026-05-22 01:14:43
Rock Island Tailrace STH,1,G72AD3E66,2026-05-16 16:12:40,2026-05-19 16:20:00,Lower Ringold,1,2026-05-22 23:17:35
Rock Island Tailrace STH,1,G72AD3E66,2026-05-16 16:12:40,2026-05-19 16:20:00,Hanford,1,2026-05-23 02:22:34
Rock Island Tailrace STH,1,G72ADDBB0,2026-05-11 17:23:43,2026-05-14 15:44:00,Crescent Bar,1,2026-05-14 22:30:03
Rock Island Tailrace STH,1,G72ADDBB0,2026-05-11 17:23:43,2026-05-14 15:44:00,Sunland,1,2026-05-15 09:29:31
Rock Island Tailrace STH,1,G72ADDBB0,2026-05-11 17:23:43,2026-05-14 15:44:00,Wanapum BRZ,1,2026-05-16 15:04:16
Rock Island Tailrace STH,1,G72ADDBB0,2026-05-11 17:23:43,2026-05-14 15:44:00,Mattawa,1,2026-05-16 21:52:25
Rock Island Tailrace STH,1,G72ADDBB0,2026-05-11 17:23:43,2026-05-14 15:44:00,Priest BRZ,1,2026-05-17 03:31:07
Rock Island Tailrace STH,1,G72ADDBB0,2026-05-11 17:23:43,2026-05-14 15:44:00,Lower Ringold,1,2026-05-19 13:04:04
Rock Island Tailrace STH,1,G72ADDBB0,2026-05-11 17:23:43,2026-05-14 15:44:00,Hanford,1,2026-05-19 15:53:19
Rock Island Tailrace STH,3,G72AE3F6D,2026-05-11 17:20:55,2026-05-14 15:44:00,Crescent Bar,1,2026-05-15 01:25:15
Rock Island Tailrace STH,3,G72AE3F6D,2026-05-11 17:20:55,2026-05-14 15:44:00,Sunland,1,2026-05-15 12:10:01
Rock Island Tailrace STH,3,G72AE3F6D,2026-05-11 17:20:55,2026-05-14 15:44:00,Wanapum BRZ,1,2026-05-17 01:22:48
Rock Island Tailrace STH,3,G72AE3F6D,2026-05-11 17:20:55,2026-05-14 15:44:00,Mattawa,1,2026-05-17 04:10:13
Rock Island Tailrace STH,3,G72AE3F6D,2026-05-11 17:20:55,2026-05-14 15:44:00,Priest BRZ,1,2026-05-17 14:23:11
Rock Island Tailrace STH,3,G72AE3F6D,2026-05-11 17:20:55,2026-05-14 15:44:00,Lower Ringold,1,2026-05-18 04:58:41
Rock Island Tailrace STH,3,G72AE3F6D,2026-05-11 17:20:55,2026-05-14 15:44:00,Hanford,1,2026-05-18 08:15:01
Rock Island Tailrace STH,1,G72AFEB9F,2026-05-14 18:38:14,2026-05-16 15:36:00,Crescent Bar,1,2026-05-17 02:12:01
Rock Island Tailrace STH,1,G72AFEB9F,2026-05-14 18:38:14,2026-05-16 15:36:00,Sunland,1,2026-05-17 11:45:33
Rock Island Tailrace STH,1,G72AFEB9F,2026-05-14 18:38:14,2026-05-16 15:36:00,Wanapum BRZ,1,2026-05-18 08:37:08
Rock Island Tailrace STH,1,G72AFEB9F,2026-05-14 18:38:14,2026-05-16 15:36:00,Mattawa,1,2026-05-18 11:35:43
Rock Island Tailrace STH,1,G72AFEB9F,2026-05-14 18:38:14,2026-05-16 15:36:00,Priest BRZ,1,2026-05-18 18:00:23
Rock Island Tailrace STH,1,G72AFEB9F,2026-05-14 18:38:14,2026-05-16 15:36:00,Lower Ringold,1,2026-05-19 16:24:38
Rock Island Tailrace STH,1,G72AFEB9F,2026-05-14 18:38:14,2026-05-16 15:36:00,Hanford,1,2026-05-23 06:26:00
Rock Island Tailrace STH,1,G72B0B372,2026-05-14 18:50:54,2026-05-16 15:36:00,Crescent Bar,1,2026-05-17 17:57:13
Rock Island Tailrace STH,1,G72B0B372,2026-05-14 18:50:54,2026-05-16 15:36:00,Sunland,1,2026-05-18 03:17:34
Rock Island Tailrace STH,1,G72B0B372,2026-05-14 18:50:54,2026-05-16 15:36:00,Wanapum BRZ,1,2026-05-18 20:20:19
Rock Island Tailrace STH,1,G72B0B372,2026-05-14 18:50:54,2026-05-16 15:36:00,Mattawa,0,
Rock Island Tailrace STH,1,G72B0B372,2026-05-14 18:50:54,2026-05-16 15:36:00,Priest BRZ,0,
Rock Island Tailrace STH,1,G72B0B372,2026-05-14 18:50:54,2026-05-16 15:36:00,Lower Ringold,0,
Rock Island Tailrace STH,1,G72B0B372,2026-05-14 18:50:54,2026-05-16 15:36:00,Hanford,0,
Rock Island Tailrace STH,1,G72B1EAF1,2026-05-15 17:13:51,2026-05-17 15:43:00,Crescent Bar,1,2026-05-18 00:42:02
Rock Island Tailrace STH,1,G72B1EAF1,2026-05-15 17:13:51,2026-05-17 15:43:00,Sunland,1,2026-05-18 13:28:38
Rock Island Tailrace STH,1,G72B1EAF1,2026-05-15 17:13:51,2026-05-17 15:43:00,Wanapum BRZ,1,2026-05-19 15:16:03
Rock Island Tailrace STH,1,G72B1EAF1,2026-05-15 17:13:51,2026-05-17 15:43:00,Mattawa,1,2026-05-20 04:58:56
Rock Island Tailrace STH,1,G72B1EAF1,2026-05-15 17:13:51,2026-05-17 15:43:00,Priest BRZ,1,2026-05-20 09:21:05
Rock Island Tailrace STH,1,G72B1EAF1,2026-05-15 17:13:51,2026-05-17 15:43:00,Lower Ringold,1,2026-05-20 22:11:26
Rock Island Tailrace STH,1,G72B1EAF1,2026-05-15 17:13:51,2026-05-17 15:43:00,Hanford,1,2026-05-21 00:55:12
Rock Island Tailrace STH,1,G72B3841A,2026-05-15 17:08:10,2026-05-17 15:43:00,Crescent Bar,1,2026-05-18 08:55:44
Rock Island Tailrace STH,1,G72B3841A,2026-05-15 17:08:10,2026-05-17 15:43:00,Sunland,1,2026-05-18 17:51:42
Rock Island Tailrace STH,1,G72B3841A,2026-05-15 17:08:10,2026-05-17 15:43:00,Wanapum BRZ,0,
Rock Island Tailrace STH,1,G72B3841A,2026-05-15 17:08:10,2026-05-17 15:43:00,Mattawa,0,
Rock Island Tailrace STH,1,G72B3841A,2026-05-15 17:08:10,2026-05-17 15:43:00,Priest BRZ,0,
Rock Island Tailrace STH,1,G72B3841A,2026-05-15 17:08:10,2026-05-17 15:43:00,Lower Ringold,0,
Rock Island Tailrace STH,1,G72B3841A,2026-05-15 17:08:10,2026-05-17 15:43:00,Hanford,0,
Rock Island Tailrace STH,2,G72B4329B,2026-05-14 18:52:14,2026-05-16 15:36:00,Crescent Bar,1,2026-05-17 02:50:50
Rock Island Tailrace STH,2,G72B4329B,2026-05-14 18:52:14,2026-05-16 15:36:00,Sunland,1,2026-05-17 13:29:16
Rock Island Tailrace STH,2,G72B4329B,2026-05-14 18:52:14,2026-05-16 15:36:00,Wanapum BRZ,1,2026-05-18 12:49:11
Rock Island Tailrace STH,2,G72B4329B,2026-05-14 18:52:14,2026-05-16 15:36:00,Mattawa,1,2026-05-19 20:33:24
Rock Island Tailrace STH,2,G72B4329B,2026-05-14 18:52:14,2026-05-16 15:36:00,Priest BRZ,1,2026-05-20 05:29:31
Rock Island Tailrace STH,2,G72B4329B,2026-05-14 18:52:14,2026-05-16 15:36:00,Lower Ringold,1,2026-05-28 06:46:05
Rock Island Tailrace STH,2,G72B4329B,2026-05-14 18:52:14,2026-05-16 15:36:00,Hanford,1,2026-05-28 10:44:16
Rock Island Tailrace STH,1,G72B509C1,2026-05-12 18:06:16,2026-05-15 16:06:00,Crescent Bar,1,2026-05-18 04:18:53
Rock Island Tailrace STH,1,G72B509C1,2026-05-12 18:06:16,2026-05-15 16:06:00,Sunland,1,2026-05-18 14:19:04
Rock Island Tailrace STH,1,G72B509C1,2026-05-12 18:06:16,2026-05-15 16:06:00,Wanapum BRZ,1,2026-05-19 13:11:46
Rock Island Tailrace STH,1,G72B509C1,2026-05-12 18:06:16,2026-05-15 16:06:00,Mattawa,1,2026-05-20 22:35:42
Rock Island Tailrace STH,1,G72B509C1,2026-05-12 18:06:16,2026-05-15 16:06:00,Priest BRZ,1,2026-05-21 08:09:16
Rock Island Tailrace STH,1,G72B509C1,2026-05-12 18:06:16,2026-05-15 16:06:00,Lower Ringold,1,2026-05-23 02:03:11
Rock Island Tailrace STH,1,G72B509C1,2026-05-12 18:06:16,2026-05-15 16:06:00,Hanford,1,2026-05-23 05:44:17
Rock Island Tailrace STH,1,G72B6FA02,2026-05-12 17:43:25,2026-05-15 16:06:00,Crescent Bar,1,2026-05-15 21:54:24
Rock Island Tailrace STH,1,G72B6FA02,2026-05-12 17:43:25,2026-05-15 16:06:00,Sunland,1,2026-05-16 09:35:37
Rock Island Tailrace STH,1,G72B6FA02,2026-05-12 17:43:25,2026-05-15 16:06:00,Wanapum BRZ,1,2026-05-17 15:00:08
Rock Island Tailrace STH,1,G72B6FA02,2026-05-12 17:43:25,2026-05-15 16:06:00,Mattawa,1,2026-05-17 17:26:55
Rock Island Tailrace STH,1,G72B6FA02,2026-05-12 17:43:25,2026-05-15 16:06:00,Priest BRZ,1,2026-05-18 03:49:14
Rock Island Tailrace STH,1,G72B6FA02,2026-05-12 17:43:25,2026-05-15 16:06:00,Lower Ringold,1,2026-05-18 16:26:19
Rock Island Tailrace STH,1,G72B6FA02,2026-05-12 17:43:25,2026-05-15 16:06:00,Hanford,1,2026-05-18 19:48:21
Rock Island Tailrace STH,1,G72B777B7,2026-05-14 18:37:27,2026-05-16 15:36:00,Crescent Bar,1,2026-05-17 04:05:11
Rock Island Tailrace STH,1,G72B777B7,2026-05-14 18:37:27,2026-05-16 15:36:00,Sunland,1,2026-05-17 12:42:53
Rock Island Tailrace STH,1,G72B777B7,2026-05-14 18:37:27,2026-05-16 15:36:00,Wanapum BRZ,1,2026-05-19 01:06:30
Rock Island Tailrace STH,1,G72B777B7,2026-05-14 18:37:27,2026-05-16 15:36:00,Mattawa,1,2026-05-21 08:07:06
Rock Island Tailrace STH,1,G72B777B7,2026-05-14 18:37:27,2026-05-16 15:36:00,Priest BRZ,0,
Rock Island Tailrace STH,1,G72B777B7,2026-05-14 18:37:27,2026-05-16 15:36:00,Lower Ringold,0,
Rock Island Tailrace STH,1,G72B777B7,2026-05-14 18:37:27,2026-05-16 15:36:00,Hanford,0,
Rock Island Tailrace STH,1,G72B795E2,2026-05-11 17:27:38,2026-05-14 15:44:00,Crescent Bar,1,2026-05-14 22:35:25
Rock Island Tailrace STH,1,G72B795E2,2026-05-11 17:27:38,2026-05-14 15:44:00,Sunland,1,2026-05-15 10:05:45
Rock Island Tailrace STH,1,G72B795E2,2026-05-11 17:27:38,2026-05-14 15:44:00,Wanapum BRZ,1,2026-05-16 12:52:57
Rock Island Tailrace STH,1,G72B795E2,2026-05-11 17:27:38,2026-05-14 15:44:00,Mattawa,1,2026-05-21 20:06:42
Rock Island Tailrace STH,1,G72B795E2,2026-05-11 17:27:38,2026-05-14 15:44:00,Priest BRZ,1,2026-05-22 05:17:36
Rock Island Tailrace STH,1,G72B795E2,2026-05-11 17:27:38,2026-05-14 15:44:00,Lower Ringold,1,2026-05-22 19:54:31
Rock Island Tailrace STH,1,G72B795E2,2026-05-11 17:27:38,2026-05-14 15:44:00,Hanford,1,2026-05-22 23:15:03
Rock Island Tailrace STH,3,G72B80336,2026-05-15 17:03:01,2026-05-17 15:43:00,Crescent Bar,1,2026-05-18 04:21:56
Rock Island Tailrace STH,3,G72B80336,2026-05-15 17:03:01,2026-05-17 15:43:00,Sunland,1,2026-05-18 14:31:19
Rock Island Tailrace STH,3,G72B80336,2026-05-15 17:03:01,2026-05-17 15:43:00,Wanapum BRZ,1,2026-05-19 16:57:35
Rock Island Tailrace STH,3,G72B80336,2026-05-15 17:03:01,2026-05-17 15:43:00,Mattawa,1,2026-05-21 22:07:58
Rock Island Tailrace STH,3,G72B80336,2026-05-15 17:03:01,2026-05-17 15:43:00,Priest BRZ,1,2026-05-22 11:15:47
Rock Island Tailrace STH,3,G72B80336,2026-05-15 17:03:01,2026-05-17 15:43:00,Lower Ringold,1,2026-05-23 22:19:18
Rock Island Tailrace STH,3,G72B80336,2026-05-15 17:03:01,2026-05-17 15:43:00,Hanford,1,2026-05-24 04:08:21
Rock Island Tailrace STH,3,G72B81F08,2026-05-14 18:39:36,2026-05-16 15:36:00,Crescent Bar,1,2026-05-17 02:35:18
Rock Island Tailrace STH,3,G72B81F08,2026-05-14 18:39:36,2026-05-16 15:36:00,Sunland,1,2026-05-17 11:37:19
Rock Island Tailrace STH,3,G72B81F08,2026-05-14 18:39:36,2026-05-16 15:36:00,Wanapum BRZ,1,2026-05-18 20:01:55
Rock Island Tailrace STH,3,G72B81F08,2026-05-14 18:39:36,2026-05-16 15:36:00,Mattawa,1,2026-05-20 00:54:57
Rock Island Tailrace STH,3,G72B81F08,2026-05-14 18:39:36,2026-05-16 15:36:00,Priest BRZ,1,2026-05-20 07:43:29
Rock Island Tailrace STH,3,G72B81F08,2026-05-14 18:39:36,2026-05-16 15:36:00,Lower Ringold,0,
Rock Island Tailrace STH,3,G72B81F08,2026-05-14 18:39:36,2026-05-16 15:36:00,Hanford,0,
Rock Island Tailrace STH,3,G72B858CD,2026-05-14 18:52:57,2026-05-16 15:36:00,Crescent Bar,1,2026-05-17 05:01:40
Rock Island Tailrace STH,3,G72B858CD,2026-05-14 18:52:57,2026-05-16 15:36:00,Sunland,1,2026-05-17 13:15:28
Rock Island Tailrace STH,3,G72B858CD,2026-05-14 18:52:57,2026-05-16 15:36:00,Wanapum BRZ,1,2026-05-18 13:23:56
Rock Island Tailrace STH,3,G72B858CD,2026-05-14 18:52:57,2026-05-16 15:36:00,Mattawa,1,2026-05-18 16:31:12
Rock Island Tailrace STH,3,G72B858CD,2026-05-14 18:52:57,2026-05-16 15:36:00,Priest BRZ,1,2026-05-19 00:58:38
Rock Island Tailrace STH,3,G72B858CD,2026-05-14 18:52:57,2026-05-16 15:36:00,Lower Ringold,0,
Rock Island Tailrace STH,3,G72B858CD,2026-05-14 18:52:57,2026-05-16 15:36:00,Hanford,0,
Rock Island Tailrace STH,3,G72B89746,2026-05-18 19:37:54,2026-05-20 15:35:00,Crescent Bar,1,2026-05-21 04:04:13
Rock Island Tailrace STH,3,G72B89746,2026-05-18 19:37:54,2026-05-20 15:35:00,Sunland,1,2026-05-21 15:08:59
Rock Island Tailrace STH,3,G72B89746,2026-05-18 19:37:54,2026-05-20 15:35:00,Wanapum BRZ,1,2026-05-22 05:51:13
Rock Island Tailrace STH,3,G72B89746,2026-05-18 19:37:54,2026-05-20 15:35:00,Mattawa,1,2026-05-23 00:01:37
Rock Island Tailrace STH,3,G72B89746,2026-05-18 19:37:54,2026-05-20 15:35:00,Priest BRZ,1,2026-05-23 11:21:51
Rock Island Tailrace STH,3,G72B89746,2026-05-18 19:37:54,2026-05-20 15:35:00,Lower Ringold,0,
Rock Island Tailrace STH,3,G72B89746,2026-05-18 19:37:54,2026-05-20 15:35:00,Hanford,0,
Rock Island Tailrace STH,3,G72BC798B,2026-05-14 18:33:16,2026-05-16 15:36:00,Crescent Bar,1,2026-05-17 09:45:32
Rock Island Tailrace STH,3,G72BC798B,2026-05-14 18:33:16,2026-05-16 15:36:00,Sunland,1,2026-05-17 18:36:36
Rock Island Tailrace STH,3,G72BC798B,2026-05-14 18:33:16,2026-05-16 15:36:00,Wanapum BRZ,0,
Rock Island Tailrace STH,3,G72BC798B,2026-05-14 18:33:16,2026-05-16 15:36:00,Mattawa,0,
Rock Island Tailrace STH,3,G72BC798B,2026-05-14 18:33:16,2026-05-16 15:36:00,Priest BRZ,0,
Rock Island Tailrace STH,3,G72BC798B,2026-05-14 18:33:16,2026-05-16 15:36:00,Lower Ringold,0,
Rock Island Tailrace STH,3,G72BC798B,2026-05-14 18:33:16,2026-05-16 15:36:00,Hanford,0,
Rock Island Tailrace STH,3,G72BCE6DB,2026-05-11 17:17:12,2026-05-14 15:44:00,Crescent Bar,1,2026-05-14 21:23:34
Rock Island Tailrace STH,3,G72BCE6DB,2026-05-11 17:17:12,2026-05-14 15:44:00,Sunland,1,2026-05-15 06:16:26
Rock Island Tailrace STH,3,G72BCE6DB,2026-05-11 17:17:12,2026-05-14 15:44:00,Wanapum BRZ,1,2026-05-17 02:33:41
Rock Island Tailrace STH,3,G72BCE6DB,2026-05-11 17:17:12,2026-05-14 15:44:00,Mattawa,1,2026-05-17 05:07:39
Rock Island Tailrace STH,3,G72BCE6DB,2026-05-11 17:17:12,2026-05-14 15:44:00,Priest BRZ,1,2026-05-17 12:27:49
Rock Island Tailrace STH,3,G72BCE6DB,2026-05-11 17:17:12,2026-05-14 15:44:00,Lower Ringold,1,2026-05-18 04:50:56
Rock Island Tailrace STH,3,G72BCE6DB,2026-05-11 17:17:12,2026-05-14 15:44:00,Hanford,1,2026-05-18 08:11:16
Rock Island Tailrace STH,3,G72BD4CCE,2026-05-11 17:33:39,2026-05-14 15:44:00,Crescent Bar,1,2026-05-15 05:34:57
Rock Island Tailrace STH,3,G72BD4CCE,2026-05-11 17:33:39,2026-05-14 15:44:00,Sunland,1,2026-05-15 13:30:12
Rock Island Tailrace STH,3,G72BD4CCE,2026-05-11 17:33:39,2026-05-14 15:44:00,Wanapum BRZ,1,2026-05-16 14:59:56
Rock Island Tailrace STH,3,G72BD4CCE,2026-05-11 17:33:39,2026-05-14 15:44:00,Mattawa,1,2026-05-17 10:02:15
Rock Island Tailrace STH,3,G72BD4CCE,2026-05-11 17:33:39,2026-05-14 15:44:00,Priest BRZ,1,2026-05-18 11:05:57
Rock Island Tailrace STH,3,G72BD4CCE,2026-05-11 17:33:39,2026-05-14 15:44:00,Lower Ringold,1,2026-05-18 23:25:02
Rock Island Tailrace STH,3,G72BD4CCE,2026-05-11 17:33:39,2026-05-14 15:44:00,Hanford,1,2026-05-19 02:55:16
Rock Island Tailrace STH,3,G72BD5491,2026-05-14 18:49:00,2026-05-16 15:36:00,Crescent Bar,1,2026-05-17 04:09:57
Rock Island Tailrace STH,3,G72BD5491,2026-05-14 18:49:00,2026-05-16 15:36:00,Sunland,1,2026-05-17 13:18:30
Rock Island Tailrace STH,3,G72BD5491,2026-05-14 18:49:00,2026-05-16 15:36:00,Wanapum BRZ,1,2026-05-18 11:59:47
Rock Island Tailrace STH,3,G72BD5491,2026-05-14 18:49:00,2026-05-16 15:36:00,Mattawa,1,2026-05-19 01:02:31
Rock Island Tailrace STH,3,G72BD5491,2026-05-14 18:49:00,2026-05-16 15:36:00,Priest BRZ,1,2026-05-19 08:19:46
Rock Island Tailrace STH,3,G72BD5491,2026-05-14 18:49:00,2026-05-16 15:36:00,Lower Ringold,1,2026-05-19 20:05:59
Rock Island Tailrace STH,3,G72BD5491,2026-05-14 18:49:00,2026-05-16 15:36:00,Hanford,1,2026-05-19 23:01:39
Rock Island Tailrace STH,3,G72BDEF83,2026-05-17 19:40:45,2026-05-19 16:20:00,Crescent Bar,1,2026-05-19 21:35:24
Rock Island Tailrace STH,3,G72BDEF83,2026-05-17 19:40:45,2026-05-19 16:20:00,Sunland,1,2026-05-20 09:42:27
Rock Island Tailrace STH,3,G72BDEF83,2026-05-17 19:40:45,2026-05-19 16:20:00,Wanapum BRZ,1,2026-05-21 23:56:08
Rock Island Tailrace STH,3,G72BDEF83,2026-05-17 19:40:45,2026-05-19 16:20:00,Mattawa,1,2026-05-22 02:41:10
Rock Island Tailrace STH,3,G72BDEF83,2026-05-17 19:40:45,2026-05-19 16:20:00,Priest BRZ,1,2026-05-22 12:54:03
Rock Island Tailrace STH,3,G72BDEF83,2026-05-17 19:40:45,2026-05-19 16:20:00,Lower Ringold,1,2026-05-24 18:26:22
Rock Island Tailrace STH,3,G72BDEF83,2026-05-17 19:40:45,2026-05-19 16:20:00,Hanford,1,2026-05-24 21:30:51
Rock Island Tailrace STH,1,G72BE3802,2026-05-12 18:24:26,2026-05-15 16:06:00,Crescent Bar,1,2026-05-16 00:48:12
Rock Island Tailrace STH,1,G72BE3802,2026-05-12 18:24:26,2026-05-15 16:06:00,Sunland,1,2026-05-16 12:51:29
Rock Island Tailrace STH,1,G72BE3802,2026-05-12 18:24:26,2026-05-15 16:06:00,Wanapum BRZ,1,2026-05-17 12:46:05
Rock Island Tailrace STH,1,G72BE3802,2026-05-12 18:24:26,2026-05-15 16:06:00,Mattawa,1,2026-05-18 02:47:32
Rock Island Tailrace STH,1,G72BE3802,2026-05-12 18:24:26,2026-05-15 16:06:00,Priest BRZ,1,2026-05-18 09:16:23
Rock Island Tailrace STH,1,G72BE3802,2026-05-12 18:24:26,2026-05-15 16:06:00,Lower Ringold,1,2026-05-18 22:15:58
Rock Island Tailrace STH,1,G72BE3802,2026-05-12 18:24:26,2026-05-15 16:06:00,Hanford,1,2026-05-19 04:31:17
Rock Island Tailrace STH,1,G72BFA015,2026-05-12 17:48:54,2026-05-15 16:06:00,Crescent Bar,1,2026-05-15 23:20:11
Rock Island Tailrace STH,1,G72BFA015,2026-05-12 17:48:54,2026-05-15 16:06:00,Sunland,1,2026-05-16 08:38:38
Rock Island Tailrace STH,1,G72BFA015,2026-05-12 17:48:54,2026-05-15 16:06:00,Wanapum BRZ,1,2026-05-17 12:59:30
Rock Island Tailrace STH,1,G72BFA015,2026-05-12 17:48:54,2026-05-15 16:06:00,Mattawa,1,2026-05-18 06:29:57
Rock Island Tailrace STH,1,G72BFA015,2026-05-12 17:48:54,2026-05-15 16:06:00,Priest BRZ,0,
Rock Island Tailrace STH,1,G72BFA015,2026-05-12 17:48:54,2026-05-15 16:06:00,Lower Ringold,0,
Rock Island Tailrace STH,1,G72BFA015,2026-05-12 17:48:54,2026-05-15 16:06:00,Hanford,0,
Rock Island Tailrace STH,1,G72C354FB,2026-05-12 17:48:29,2026-05-15 16:06:00,Crescent Bar,1,2026-05-16 00:23:52
Rock Island Tailrace STH,1,G72C354FB,2026-05-12 17:48:29,2026-05-15 16:06:00,Sunland,1,2026-05-16 10:03:34
Rock Island Tailrace STH,1,G72C354FB,2026-05-12 17:48:29,2026-05-15 16:06:00,Wanapum BRZ,0,
Rock Island Tailrace STH,1,G72C354FB,2026-05-12 17:48:29,2026-05-15 16:06:00,Mattawa,0,
Rock Island Tailrace STH,1,G72C354FB,2026-05-12 17:48:29,2026-05-15 16:06:00,Priest BRZ,0,
Rock Island Tailrace STH,1,G72C354FB,2026-05-12 17:48:29,2026-05-15 16:06:00,Lower Ringold,0,
Rock Island Tailrace STH,1,G72C354FB,2026-05-12 17:48:29,2026-05-15 16:06:00,Hanford,0,
Rock Island Tailrace STH,1,G72C35C39,2026-05-18 19:39:04,2026-05-20 15:35:00,Crescent Bar,1,2026-05-20 23:50:21
Rock Island Tailrace STH,1,G72C35C39,2026-05-18 19:39:04,2026-05-20 15:35:00,Sunland,1,2026-05-21 09:33:57
Rock Island Tailrace STH,1,G72C35C39,2026-05-18 19:39:04,2026-05-20 15:35:00,Wanapum BRZ,1,2026-05-22 05:42:44
Rock Island Tailrace STH,1,G72C35C39,2026-05-18 19:39:04,2026-05-20 15:35:00,Mattawa,1,2026-05-22 08:28:38
Rock Island Tailrace STH,1,G72C35C39,2026-05-18 19:39:04,2026-05-20 15:35:00,Priest BRZ,1,2026-05-23 08:22:27
Rock Island Tailrace STH,1,G72C35C39,2026-05-18 19:39:04,2026-05-20 15:35:00,Lower Ringold,0,
Rock Island Tailrace STH,1,G72C35C39,2026-05-18 19:39:04,2026-05-20 15:35:00,Hanford,0,
Rock Island Tailrace STH,1,G72C5B81B,2026-05-15 17:04:52,2026-05-17 15:43:00,Crescent Bar,1,2026-05-18 02:32:27
Rock Island Tailrace STH,1,G72C5B81B,2026-05-15 17:04:52,2026-05-17 15:43:00,Sunland,1,2026-05-18 12:48:02
Rock Island Tailrace STH,1,G72C5B81B,2026-05-15 17:04:52,2026-05-17 15:43:00,Wanapum BRZ,1,2026-05-19 01:54:49
Rock Island Tailrace STH,1,G72C5B81B,2026-05-15 17:04:52,2026-05-17 15:43:00,Mattawa,1,2026-05-19 05:20:58
Rock Island Tailrace STH,1,G72C5B81B,2026-05-15 17:04:52,2026-05-17 15:43:00,Priest BRZ,1,2026-05-19 12:25:47
Rock Island Tailrace STH,1,G72C5B81B,2026-05-15 17:04:52,2026-05-17 15:43:00,Lower Ringold,1,2026-05-20 06:32:59
Rock Island Tailrace STH,1,G72C5B81B,2026-05-15 17:04:52,2026-05-17 15:43:00,Hanford,1,2026-05-20 09:31:11
Rock Island Tailrace STH,1,G72C7BCEB,2026-05-15 16:40:36,2026-05-17 15:43:00,Crescent Bar,1,2026-05-18 05:43:03
Rock Island Tailrace STH,1,G72C7BCEB,2026-05-15 16:40:36,2026-05-17 15:43:00,Sunland,1,2026-05-18 17:35:03
Rock Island Tailrace STH,1,G72C7BCEB,2026-05-15 16:40:36,2026-05-17 15:43:00,Wanapum BRZ,1,2026-05-19 13:44:20
Rock Island Tailrace STH,1,G72C7BCEB,2026-05-15 16:40:36,2026-05-17 15:43:00,Mattawa,1,2026-05-19 16:02:51
Rock Island Tailrace STH,1,G72C7BCEB,2026-05-15 16:40:36,2026-05-17 15:43:00,Priest BRZ,1,2026-05-19 23:38:41
Rock Island Tailrace STH,1,G72C7BCEB,2026-05-15 16:40:36,2026-05-17 15:43:00,Lower Ringold,1,2026-05-20 17:35:18
Rock Island Tailrace STH,1,G72C7BCEB,2026-05-15 16:40:36,2026-05-17 15:43:00,Hanford,1,2026-05-20 20:29:13
Rock Island Tailrace STH,3,G72CA0770,2026-05-15 17:01:22,2026-05-17 15:43:00,Crescent Bar,1,2026-05-18 05:13:25
Rock Island Tailrace STH,3,G72CA0770,2026-05-15 17:01:22,2026-05-17 15:43:00,Sunland,1,2026-05-18 17:20:15
Rock Island Tailrace STH,3,G72CA0770,2026-05-15 17:01:22,2026-05-17 15:43:00,Wanapum BRZ,1,2026-05-20 16:32:57
Rock Island Tailrace STH,3,G72CA0770,2026-05-15 17:01:22,2026-05-17 15:43:00,Mattawa,1,2026-05-21 07:59:21
Rock Island Tailrace STH,3,G72CA0770,2026-05-15 17:01:22,2026-05-17 15:43:00,Priest BRZ,0,
Rock Island Tailrace STH,3,G72CA0770,2026-05-15 17:01:22,2026-05-17 15:43:00,Lower Ringold,0,
Rock Island Tailrace STH,3,G72CA0770,2026-05-15 17:01:22,2026-05-17 15:43:00,Hanford,0,
Rock Island Tailrace STH,3,G72CA096F,2026-05-15 16:42:41,2026-05-17 15:43:00,Crescent Bar,1,2026-05-18 02:41:09
Rock Island Tailrace STH,3,G72CA096F,2026-05-15 16:42:41,2026-05-17 15:43:00,Sunland,1,2026-05-18 12:02:35
Rock Island Tailrace STH,3,G72CA096F,2026-05-15 16:42:41,2026-05-17 15:43:00,Wanapum BRZ,1,2026-05-19 02:35:23
Rock Island Tailrace STH,3,G72CA096F,2026-05-15 16:42:41,2026-05-17 15:43:00,Mattawa,1,2026-05-19 05:57:51
Rock Island Tailrace STH,3,G72CA096F,2026-05-15 16:42:41,2026-05-17 15:43:00,Priest BRZ,1,2026-05-19 13:15:48
Rock Island Tailrace STH,3,G72CA096F,2026-05-15 16:42:41,2026-05-17 15:43:00,Lower Ringold,1,2026-05-19 23:58:25
Rock Island Tailrace STH,3,G72CA096F,2026-05-15 16:42:41,2026-05-17 15:43:00,Hanford,1,2026-05-20 02:57:20
Rock Island Tailrace STH,1,G72CBB2B9,2026-05-15 16:49:04,2026-05-17 15:43:00,Crescent Bar,1,2026-05-18 05:16:07
Rock Island Tailrace STH,1,G72CBB2B9,2026-05-15 16:49:04,2026-05-17 15:43:00,Sunland,1,2026-05-18 15:15:26
Rock Island Tailrace STH,1,G72CBB2B9,2026-05-15 16:49:04,2026-05-17 15:43:00,Wanapum BRZ,1,2026-05-19 17:27:44
Rock Island Tailrace STH,1,G72CBB2B9,2026-05-15 16:49:04,2026-05-17 15:43:00,Mattawa,1,2026-05-19 22:46:15
Rock Island Tailrace STH,1,G72CBB2B9,2026-05-15 16:49:04,2026-05-17 15:43:00,Priest BRZ,1,2026-05-20 09:56:55
Rock Island Tailrace STH,1,G72CBB2B9,2026-05-15 16:49:04,2026-05-17 15:43:00,Lower Ringold,1,2026-05-20 23:23:47
Rock Island Tailrace STH,1,G72CBB2B9,2026-05-15 16:49:04,2026-05-17 15:43:00,Hanford,1,2026-05-21 01:44:30
Rock Island Tailrace STH,1,G72CCF7AE,2026-05-15 17:09:54,2026-05-17 15:43:00,Crescent Bar,1,2026-05-18 03:45:36
Rock Island Tailrace STH,1,G72CCF7AE,2026-05-15 17:09:54,2026-05-17 15:43:00,Sunland,1,2026-05-18 13:45:53
Rock Island Tailrace STH,1,G72CCF7AE,2026-05-15 17:09:54,2026-05-17 15:43:00,Wanapum BRZ,0,
Rock Island Tailrace STH,1,G72CCF7AE,2026-05-15 17:09:54,2026-05-17 15:43:00,Mattawa,0,
Rock Island Tailrace STH,1,G72CCF7AE,2026-05-15 17:09:54,2026-05-17 15:43:00,Priest BRZ,0,
Rock Island Tailrace STH,1,G72CCF7AE,2026-05-15 17:09:54,2026-05-17 15:43:00,Lower Ringold,0,
Rock Island Tailrace STH,1,G72CCF7AE,2026-05-15 17:09:54,2026-05-17 15:43:00,Hanford,0,
Rock Island Tailrace STH,3,G72CDD328,2026-05-14 17:57:13,2026-05-16 15:36:00,Crescent Bar,1,2026-05-17 05:00:03
Rock Island Tailrace STH,3,G72CDD328,2026-05-14 17:57:13,2026-05-16 15:36:00,Sunland,1,2026-05-17 14:57:49
Rock Island Tailrace STH,3,G72CDD328,2026-05-14 17:57:13,2026-05-16 15:36:00,Wanapum BRZ,1,2026-05-19 05:38:54
Rock Island Tailrace STH,3,G72CDD328,2026-05-14 17:57:13,2026-05-16 15:36:00,Mattawa,1,2026-05-19 09:27:13
Rock Island Tailrace STH,3,G72CDD328,2026-05-14 17:57:13,2026-05-16 15:36:00,Priest BRZ,1,2026-05-20 11:39:55
Rock Island Tailrace STH,3,G72CDD328,2026-05-14 17:57:13,2026-05-16 15:36:00,Lower Ringold,1,2026-05-20 23:09:17
Rock Island Tailrace STH,3,G72CDD328,2026-05-14 17:57:13,2026-05-16 15:36:00,Hanford,1,2026-05-21 01:29:36
Rock Island Tailrace STH,3,G72CF1BB1,2026-05-15 17:07:49,2026-05-17 15:43:00,Crescent Bar,1,2026-05-18 07:30:32
Rock Island Tailrace STH,3,G72CF1BB1,2026-05-15 17:07:49,2026-05-17 15:43:00,Sunland,1,2026-05-18 18:58:59
Rock Island Tailrace STH,3,G72CF1BB1,2026-05-15 17:07:49,2026-05-17 15:43:00,Wanapum BRZ,1,2026-05-19 17:23:43
Rock Island Tailrace STH,3,G72CF1BB1,2026-05-15 17:07:49,2026-05-17 15:43:00,Mattawa,1,2026-05-20 00:34:11
Rock Island Tailrace STH,3,G72CF1BB1,2026-05-15 17:07:49,2026-05-17 15:43:00,Priest BRZ,1,2026-05-20 07:08:43
Rock Island Tailrace STH,3,G72CF1BB1,2026-05-15 17:07:49,2026-05-17 15:43:00,Lower Ringold,1,2026-05-21 07:42:36
Rock Island Tailrace STH,3,G72CF1BB1,2026-05-15 17:07:49,2026-05-17 15:43:00,Hanford,1,2026-05-21 10:36:19
Rock Island Tailrace STH,3,G72CFEC46,2026-05-11 17:20:34,2026-05-14 15:44:00,Crescent Bar,1,2026-05-15 00:55:17
Rock Island Tailrace STH,3,G72CFEC46,2026-05-11 17:20:34,2026-05-14 15:44:00,Sunland,1,2026-05-15 13:45:28
Rock Island Tailrace STH,3,G72CFEC46,2026-05-11 17:20:34,2026-05-14 15:44:00,Wanapum BRZ,1,2026-05-16 17:16:35
Rock Island Tailrace STH,3,G72CFEC46,2026-05-11 17:20:34,2026-05-14 15:44:00,Mattawa,1,2026-05-22 19:05:22
Rock Island Tailrace STH,3,G72CFEC46,2026-05-11 17:20:34,2026-05-14 15:44:00,Priest BRZ,1,2026-05-23 16:52:58
Rock Island Tailrace STH,3,G72CFEC46,2026-05-11 17:20:34,2026-05-14 15:44:00,Lower Ringold,1,2026-05-24 08:55:54
Rock Island Tailrace STH,3,G72CFEC46,2026-05-11 17:20:34,2026-05-14 15:44:00,Hanford,1,2026-05-24 12:19:40
Rock Island Tailrace STH,1,G72D0BD37,2026-05-12 17:51:07,2026-05-15 16:06:00,Crescent Bar,1,2026-05-15 22:27:15
Rock Island Tailrace STH,1,G72D0BD37,2026-05-12 17:51:07,2026-05-15 16:06:00,Sunland,1,2026-05-16 10:46:12
Rock Island Tailrace STH,1,G72D0BD37,2026-05-12 17:51:07,2026-05-15 16:06:00,Wanapum BRZ,1,2026-05-19 02:21:32
Rock Island Tailrace STH,1,G72D0BD37,2026-05-12 17:51:07,2026-05-15 16:06:00,Mattawa,1,2026-05-19 05:00:14
Rock Island Tailrace STH,1,G72D0BD37,2026-05-12 17:51:07,2026-05-15 16:06:00,Priest BRZ,1,2026-05-19 11:57:09
Rock Island Tailrace STH,1,G72D0BD37,2026-05-12 17:51:07,2026-05-15 16:06:00,Lower Ringold,1,2026-05-20 06:38:53
Rock Island Tailrace STH,1,G72D0BD37,2026-05-12 17:51:07,2026-05-15 16:06:00,Hanford,0,
Rock Island Tailrace STH,1,G72D0F84E,2026-05-15 16:49:29,2026-05-17 15:43:00,Crescent Bar,1,2026-05-18 01:21:49
Rock Island Tailrace STH,1,G72D0F84E,2026-05-15 16:49:29,2026-05-17 15:43:00,Sunland,1,2026-05-18 12:08:09
Rock Island Tailrace STH,1,G72D0F84E,2026-05-15 16:49:29,2026-05-17 15:43:00,Wanapum BRZ,1,2026-05-19 03:18:56
Rock Island Tailrace STH,1,G72D0F84E,2026-05-15 16:49:29,2026-05-17 15:43:00,Mattawa,1,2026-05-19 06:26:29
Rock Island Tailrace STH,1,G72D0F84E,2026-05-15 16:49:29,2026-05-17 15:43:00,Priest BRZ,1,2026-05-19 13:16:42
Rock Island Tailrace STH,1,G72D0F84E,2026-05-15 16:49:29,2026-05-17 15:43:00,Lower Ringold,1,2026-05-21 11:29:47
Rock Island Tailrace STH,1,G72D0F84E,2026-05-15 16:49:29,2026-05-17 15:43:00,Hanford,1,2026-05-21 15:06:23
Rock Island Tailrace STH,1,G72D13FC3,2026-05-11 17:35:34,2026-05-14 15:44:00,Crescent Bar,1,2026-05-14 21:11:57
Rock Island Tailrace STH,1,G72D13FC3,2026-05-11 17:35:34,2026-05-14 15:44:00,Sunland,1,2026-05-15 12:07:30
Rock Island Tailrace STH,1,G72D13FC3,2026-05-11 17:35:34,2026-05-14 15:44:00,Wanapum BRZ,1,2026-05-16 00:20:40
Rock Island Tailrace STH,1,G72D13FC3,2026-05-11 17:35:34,2026-05-14 15:44:00,Mattawa,1,2026-05-16 03:24:44
Rock Island Tailrace STH,1,G72D13FC3,2026-05-11 17:35:34,2026-05-14 15:44:00,Priest BRZ,1,2026-05-16 11:41:13
Rock Island Tailrace STH,1,G72D13FC3,2026-05-11 17:35:34,2026-05-14 15:44:00,Lower Ringold,1,2026-05-17 18:54:32
Rock Island Tailrace STH,1,G72D13FC3,2026-05-11 17:35:34,2026-05-14 15:44:00,Hanford,1,2026-05-17 21:58:29
Rock Island Tailrace STH,1,G72D151B9,2026-05-14 18:40:22,2026-05-16 15:36:00,Crescent Bar,1,2026-05-17 04:03:47
Rock Island Tailrace STH,1,G72D151B9,2026-05-14 18:40:22,2026-05-16 15:36:00,Sunland,1,2026-05-17 12:41:39
Rock Island Tailrace STH,1,G72D151B9,2026-05-14 18:40:22,2026-05-16 15:36:00,Wanapum BRZ,1,2026-05-18 04:00:45
Rock Island Tailrace STH,1,G72D151B9,2026-05-14 18:40:22,2026-05-16 15:36:00,Mattawa,1,2026-05-18 06:25:27
Rock Island Tailrace STH,1,G72D151B9,2026-05-14 18:40:22,2026-05-16 15:36:00,Priest BRZ,1,2026-05-19 06:29:28
Rock Island Tailrace STH,1,G72D151B9,2026-05-14 18:40:22,2026-05-16 15:36:00,Lower Ringold,0,
Rock Island Tailrace STH,1,G72D151B9,2026-05-14 18:40:22,2026-05-16 15:36:00,Hanford,0,
Rock Island Tailrace STH,2,G72D18D4D,2026-05-12 18:01:37,2026-05-15 16:06:00,Crescent Bar,1,2026-05-16 04:23:19
Rock Island Tailrace STH,2,G72D18D4D,2026-05-12 18:01:37,2026-05-15 16:06:00,Sunland,1,2026-05-16 13:32:22
Rock Island Tailrace STH,2,G72D18D4D,2026-05-12 18:01:37,2026-05-15 16:06:00,Wanapum BRZ,1,2026-05-17 19:51:32
Rock Island Tailrace STH,2,G72D18D4D,2026-05-12 18:01:37,2026-05-15 16:06:00,Mattawa,1,2026-05-19 14:04:33
Rock Island Tailrace STH,2,G72D18D4D,2026-05-12 18:01:37,2026-05-15 16:06:00,Priest BRZ,1,2026-05-19 18:42:12
Rock Island Tailrace STH,2,G72D18D4D,2026-05-12 18:01:37,2026-05-15 16:06:00,Lower Ringold,1,2026-05-20 08:55:16
Rock Island Tailrace STH,2,G72D18D4D,2026-05-12 18:01:37,2026-05-15 16:06:00,Hanford,1,2026-05-20 12:05:04
Rock Island Tailrace STH,3,G72D1F88A,2026-05-11 17:16:54,2026-05-14 15:44:00,Crescent Bar,1,2026-05-14 21:10:26
Rock Island Tailrace STH,3,G72D1F88A,2026-05-11 17:16:54,2026-05-14 15:44:00,Sunland,1,2026-05-15 05:27:12
Rock Island Tailrace STH,3,G72D1F88A,2026-05-11 17:16:54,2026-05-14 15:44:00,Wanapum BRZ,1,2026-05-16 03:04:02
Rock Island Tailrace STH,3,G72D1F88A,2026-05-11 17:16:54,2026-05-14 15:44:00,Mattawa,1,2026-05-17 10:53:42
Rock Island Tailrace STH,3,G72D1F88A,2026-05-11 17:16:54,2026-05-14 15:44:00,Priest BRZ,1,2026-05-17 17:03:16
Rock Island Tailrace STH,3,G72D1F88A,2026-05-11 17:16:54,2026-05-14 15:44:00,Lower Ringold,1,2026-05-18 03:58:34
Rock Island Tailrace STH,3,G72D1F88A,2026-05-11 17:16:54,2026-05-14 15:44:00,Hanford,1,2026-05-18 06:56:06
Rock Island Tailrace STH,1,G72D2AF87,2026-05-18 19:42:17,2026-05-20 15:35:00,Crescent Bar,1,2026-05-20 23:16:12
Rock Island Tailrace STH,1,G72D2AF87,2026-05-18 19:42:17,2026-05-20 15:35:00,Sunland,1,2026-05-21 11:49:41
Rock Island Tailrace STH,1,G72D2AF87,2026-05-18 19:42:17,2026-05-20 15:35:00,Wanapum BRZ,0,
Rock Island Tailrace STH,1,G72D2AF87,2026-05-18 19:42:17,2026-05-20 15:35:00,Mattawa,0,
Rock Island Tailrace STH,1,G72D2AF87,2026-05-18 19:42:17,2026-05-20 15:35:00,Priest BRZ,0,
Rock Island Tailrace STH,1,G72D2AF87,2026-05-18 19:42:17,2026-05-20 15:35:00,Lower Ringold,0,
Rock Island Tailrace STH,1,G72D2AF87,2026-05-18 19:42:17,2026-05-20 15:35:00,Hanford,0,
Rock Island Tailrace STH,1,G72D3352C,2026-05-14 18:32:13,2026-05-16 15:36:00,Crescent Bar,1,2026-05-17 08:01:47
Rock Island Tailrace STH,1,G72D3352C,2026-05-14 18:32:13,2026-05-16 15:36:00,Sunland,1,2026-05-17 15:06:01
Rock Island Tailrace STH,1,G72D3352C,2026-05-14 18:32:13,2026-05-16 15:36:00,Wanapum BRZ,1,2026-05-18 18:48:45
Rock Island Tailrace STH,1,G72D3352C,2026-05-14 18:32:13,2026-05-16 15:36:00,Mattawa,1,2026-05-19 06:32:48
Rock Island Tailrace STH,1,G72D3352C,2026-05-14 18:32:13,2026-05-16 15:36:00,Priest BRZ,1,2026-05-19 21:08:55
Rock Island Tailrace STH,1,G72D3352C,2026-05-14 18:32:13,2026-05-16 15:36:00,Lower Ringold,1,2026-05-20 09:25:50
Rock Island Tailrace STH,1,G72D3352C,2026-05-14 18:32:13,2026-05-16 15:36:00,Hanford,1,2026-05-20 12:24:12
Rock Island Tailrace STH,1,G72D3F0D9,2026-05-18 19:38:26,2026-05-20 15:35:00,Crescent Bar,1,2026-05-20 23:12:13
Rock Island Tailrace STH,1,G72D3F0D9,2026-05-18 19:38:26,2026-05-20 15:35:00,Sunland,1,2026-05-21 11:37:41
Rock Island Tailrace STH,1,G72D3F0D9,2026-05-18 19:38:26,2026-05-20 15:35:00,Wanapum BRZ,1,2026-05-22 19:28:47
Rock Island Tailrace STH,1,G72D3F0D9,2026-05-18 19:38:26,2026-05-20 15:35:00,Mattawa,1,2026-05-22 22:47:22
Rock Island Tailrace STH,1,G72D3F0D9,2026-05-18 19:38:26,2026-05-20 15:35:00,Priest BRZ,1,2026-05-23 05:46:07
Rock Island Tailrace STH,1,G72D3F0D9,2026-05-18 19:38:26,2026-05-20 15:35:00,Lower Ringold,1,2026-05-23 17:14:56
Rock Island Tailrace STH,1,G72D3F0D9,2026-05-18 19:38:26,2026-05-20 15:35:00,Hanford,1,2026-05-23 20:38:54
Rock Island Tailrace STH,1,G72D60E4D,2026-05-15 17:06:11,2026-05-17 15:43:00,Crescent Bar,1,2026-05-18 04:20:21
Rock Island Tailrace STH,1,G72D60E4D,2026-05-15 17:06:11,2026-05-17 15:43:00,Sunland,1,2026-05-18 14:05:55
Rock Island Tailrace STH,1,G72D60E4D,2026-05-15 17:06:11,2026-05-17 15:43:00,Wanapum BRZ,0,
Rock Island Tailrace STH,1,G72D60E4D,2026-05-15 17:06:11,2026-05-17 15:43:00,Mattawa,0,
Rock Island Tailrace STH,1,G72D60E4D,2026-05-15 17:06:11,2026-05-17 15:43:00,Priest BRZ,0,
Rock Island Tailrace STH,1,G72D60E4D,2026-05-15 17:06:11,2026-05-17 15:43:00,Lower Ringold,0,
Rock Island Tailrace STH,1,G72D60E4D,2026-05-15 17:06:11,2026-05-17 15:43:00,Hanford,0,
Rock Island Tailrace STH,1,G72D75F0C,2026-05-11 17:18:39,2026-05-14 15:44:00,Crescent Bar,1,2026-05-14 20:50:40
Rock Island Tailrace STH,1,G72D75F0C,2026-05-11 17:18:39,2026-05-14 15:44:00,Sunland,1,2026-05-15 08:21:34
Rock Island Tailrace STH,1,G72D75F0C,2026-05-11 17:18:39,2026-05-14 15:44:00,Wanapum BRZ,1,2026-05-16 12:49:28
Rock Island Tailrace STH,1,G72D75F0C,2026-05-11 17:18:39,2026-05-14 15:44:00,Mattawa,1,2026-05-16 19:52:43
Rock Island Tailrace STH,1,G72D75F0C,2026-05-11 17:18:39,2026-05-14 15:44:00,Priest BRZ,0,
Rock Island Tailrace STH,1,G72D75F0C,2026-05-11 17:18:39,2026-05-14 15:44:00,Lower Ringold,0,
Rock Island Tailrace STH,1,G72D75F0C,2026-05-11 17:18:39,2026-05-14 15:44:00,Hanford,0,
Rock Island Tailrace STH,1,G72D7ED82,2026-05-12 18:25:25,2026-05-15 16:06:00,Crescent Bar,1,2026-05-15 22:10:54
Rock Island Tailrace STH,1,G72D7ED82,2026-05-12 18:25:25,2026-05-15 16:06:00,Sunland,1,2026-05-16 09:04:05
Rock Island Tailrace STH,1,G72D7ED82,2026-05-12 18:25:25,2026-05-15 16:06:00,Wanapum BRZ,1,2026-05-17 12:05:24
Rock Island Tailrace STH,1,G72D7ED82,2026-05-12 18:25:25,2026-05-15 16:06:00,Mattawa,1,2026-05-17 17:03:03
Rock Island Tailrace STH,1,G72D7ED82,2026-05-12 18:25:25,2026-05-15 16:06:00,Priest BRZ,0,
Rock Island Tailrace STH,1,G72D7ED82,2026-05-12 18:25:25,2026-05-15 16:06:00,Lower Ringold,0,
Rock Island Tailrace STH,1,G72D7ED82,2026-05-12 18:25:25,2026-05-15 16:06:00,Hanford,0,
Rock Island Tailrace STH,1,G72D8272E,2026-05-14 18:50:08,2026-05-16 15:36:00,Crescent Bar,1,2026-05-17 08:36:56
Rock Island Tailrace STH,1,G72D8272E,2026-05-14 18:50:08,2026-05-16 15:36:00,Sunland,1,2026-05-17 18:23:57
Rock Island Tailrace STH,1,G72D8272E,2026-05-14 18:50:08,2026-05-16 15:36:00,Wanapum BRZ,0,
Rock Island Tailrace STH,1,G72D8272E,2026-05-14 18:50:08,2026-05-16 15:36:00,Mattawa,0,
Rock Island Tailrace STH,1,G72D8272E,2026-05-14 18:50:08,2026-05-16 15:36:00,Priest BRZ,0,
Rock Island Tailrace STH,1,G72D8272E,2026-05-14 18:50:08,2026-05-16 15:36:00,Lower Ringold,0,
Rock Island Tailrace STH,1,G72D8272E,2026-05-14 18:50:08,2026-05-16 15:36:00,Hanford,0,
Rock Island Tailrace STH,1,G72D82FEC,2026-05-11 17:15:48,2026-05-14 15:44:00,Crescent Bar,1,2026-05-14 21:47:57
Rock Island Tailrace STH,1,G72D82FEC,2026-05-11 17:15:48,2026-05-14 15:44:00,Sunland,1,2026-05-15 07:24:15
Rock Island Tailrace STH,1,G72D82FEC,2026-05-11 17:15:48,2026-05-14 15:44:00,Wanapum BRZ,1,2026-05-15 18:15:19
Rock Island Tailrace STH,1,G72D82FEC,2026-05-11 17:15:48,2026-05-14 15:44:00,Mattawa,1,2026-05-16 02:47:43
Rock Island Tailrace STH,1,G72D82FEC,2026-05-11 17:15:48,2026-05-14 15:44:00,Priest BRZ,1,2026-05-16 20:56:24
Rock Island Tailrace STH,1,G72D82FEC,2026-05-11 17:15:48,2026-05-14 15:44:00,Lower Ringold,1,2026-05-17 08:20:00
Rock Island Tailrace STH,1,G72D82FEC,2026-05-11 17:15:48,2026-05-14 15:44:00,Hanford,1,2026-05-17 11:27:51
Rock Island Tailrace STH,2,G72DA7A99,2026-05-12 17:41:48,2026-05-15 16:06:00,Crescent Bar,1,2026-05-15 23:48:35
Rock Island Tailrace STH,2,G72DA7A99,2026-05-12 17:41:48,2026-05-15 16:06:00,Sunland,1,2026-05-16 10:27:35
Rock Island Tailrace STH,2,G72DA7A99,2026-05-12 17:41:48,2026-05-15 16:06:00,Wanapum BRZ,1,2026-05-17 06:32:33
Rock Island Tailrace STH,2,G72DA7A99,2026-05-12 17:41:48,2026-05-15 16:06:00,Mattawa,1,2026-05-17 09:28:48
Rock Island Tailrace STH,2,G72DA7A99,2026-05-12 17:41:48,2026-05-15 16:06:00,Priest BRZ,1,2026-05-18 07:15:44
Rock Island Tailrace STH,2,G72DA7A99,2026-05-12 17:41:48,2026-05-15 16:06:00,Lower Ringold,1,2026-05-19 08:17:01
Rock Island Tailrace STH,2,G72DA7A99,2026-05-12 17:41:48,2026-05-15 16:06:00,Hanford,1,2026-05-19 11:25:03
Rock Island Tailrace STH,2,G72DAC756,2026-05-12 18:07:37,2026-05-15 16:06:00,Crescent Bar,1,2026-05-17 04:05:43
Rock Island Tailrace STH,2,G72DAC756,2026-05-12 18:07:37,2026-05-15 16:06:00,Sunland,1,2026-05-17 15:15:51
Rock Island Tailrace STH,2,G72DAC756,2026-05-12 18:07:37,2026-05-15 16:06:00,Wanapum BRZ,1,2026-05-19 15:54:25
Rock Island Tailrace STH,2,G72DAC756,2026-05-12 18:07:37,2026-05-15 16:06:00,Mattawa,0,
Rock Island Tailrace STH,2,G72DAC756,2026-05-12 18:07:37,2026-05-15 16:06:00,Priest BRZ,0,
Rock Island Tailrace STH,2,G72DAC756,2026-05-12 18:07:37,2026-05-15 16:06:00,Lower Ringold,0,
Rock Island Tailrace STH,2,G72DAC756,2026-05-12 18:07:37,2026-05-15 16:06:00,Hanford,0,
Rock Island Tailrace STH,3,G72DC0EAA,2026-05-15 16:58:52,2026-05-17 15:43:00,Crescent Bar,1,2026-05-18 03:50:17
Rock Island Tailrace STH,3,G72DC0EAA,2026-05-15 16:58:52,2026-05-17 15:43:00,Sunland,1,2026-05-18 13:56:19
Rock Island Tailrace STH,3,G72DC0EAA,2026-05-15 16:58:52,2026-05-17 15:43:00,Wanapum BRZ,1,2026-05-19 05:50:46
Rock Island Tailrace STH,3,G72DC0EAA,2026-05-15 16:58:52,2026-05-17 15:43:00,Mattawa,1,2026-05-19 10:56:02
Rock Island Tailrace STH,3,G72DC0EAA,2026-05-15 16:58:52,2026-05-17 15:43:00,Priest BRZ,0,
Rock Island Tailrace STH,3,G72DC0EAA,2026-05-15 16:58:52,2026-05-17 15:43:00,Lower Ringold,0,
Rock Island Tailrace STH,3,G72DC0EAA,2026-05-15 16:58:52,2026-05-17 15:43:00,Hanford,0,
Rock Island Tailrace STH,2,G72DC2FD7,2026-05-12 17:42:45,2026-05-15 16:06:00,Crescent Bar,1,2026-05-16 00:08:21
Rock Island Tailrace STH,2,G72DC2FD7,2026-05-12 17:42:45,2026-05-15 16:06:00,Sunland,1,2026-05-16 13:03:29
Rock Island Tailrace STH,2,G72DC2FD7,2026-05-12 17:42:45,2026-05-15 16:06:00,Wanapum BRZ,0,
Rock Island Tailrace STH,2,G72DC2FD7,2026-05-12 17:42:45,2026-05-15 16:06:00,Mattawa,0,
Rock Island Tailrace STH,2,G72DC2FD7,2026-05-12 17:42:45,2026-05-15 16:06:00,Priest BRZ,0,
Rock Island Tailrace STH,2,G72DC2FD7,2026-05-12 17:42:45,2026-05-15 16:06:00,Lower Ringold,0,
Rock Island Tailrace STH,2,G72DC2FD7,2026-05-12 17:42:45,2026-05-15 16:06:00,Hanford,0,
Rock Island Tailrace STH,2,G72DD2A2C,2026-05-17 19:39:45,2026-05-19 16:20:00,Crescent Bar,1,2026-05-20 00:59:54
Rock Island Tailrace STH,2,G72DD2A2C,2026-05-17 19:39:45,2026-05-19 16:20:00,Sunland,1,2026-05-20 08:42:35
Rock Island Tailrace STH,2,G72DD2A2C,2026-05-17 19:39:45,2026-05-19 16:20:00,Wanapum BRZ,1,2026-05-21 09:53:56
Rock Island Tailrace STH,2,G72DD2A2C,2026-05-17 19:39:45,2026-05-19 16:20:00,Mattawa,1,2026-05-21 12:38:24
Rock Island Tailrace STH,2,G72DD2A2C,2026-05-17 19:39:45,2026-05-19 16:20:00,Priest BRZ,1,2026-05-21 20:27:09
Rock Island Tailrace STH,2,G72DD2A2C,2026-05-17 19:39:45,2026-05-19 16:20:00,Lower Ringold,1,2026-05-22 11:31:25
Rock Island Tailrace STH,2,G72DD2A2C,2026-05-17 19:39:45,2026-05-19 16:20:00,Hanford,1,2026-05-22 14:18:54
Rock Island Tailrace STH,3,G72DD6475,2026-05-17 19:48:07,2026-05-20 15:35:00,Crescent Bar,1,2026-05-21 04:47:59
Rock Island Tailrace STH,3,G72DD6475,2026-05-17 19:48:07,2026-05-20 15:35:00,Sunland,1,2026-05-21 19:18:41
Rock Island Tailrace STH,3,G72DD6475,2026-05-17 19:48:07,2026-05-20 15:35:00,Wanapum BRZ,0,
Rock Island Tailrace STH,3,G72DD6475,2026-05-17 19:48:07,2026-05-20 15:35:00,Mattawa,0,
Rock Island Tailrace STH,3,G72DD6475,2026-05-17 19:48:07,2026-05-20 15:35:00,Priest BRZ,0,
Rock Island Tailrace STH,3,G72DD6475,2026-05-17 19:48:07,2026-05-20 15:35:00,Lower Ringold,0,
Rock Island Tailrace STH,3,G72DD6475,2026-05-17 19:48:07,2026-05-20 15:35:00,Hanford,0,
Rock Island Tailrace STH,3,G72DD9B40,2026-05-15 17:09:21,2026-05-17 15:43:00,Crescent Bar,1,2026-05-18 02:32:01
Rock Island Tailrace STH,3,G72DD9B40,2026-05-15 17:09:21,2026-05-17 15:43:00,Sunland,1,2026-05-18 12:34:35
Rock Island Tailrace STH,3,G72DD9B40,2026-05-15 17:09:21,2026-05-17 15:43:00,Wanapum BRZ,1,2026-05-19 07:17:22
Rock Island Tailrace STH,3,G72DD9B40,2026-05-15 17:09:21,2026-05-17 15:43:00,Mattawa,0,
Rock Island Tailrace STH,3,G72DD9B40,2026-05-15 17:09:21,2026-05-17 15:43:00,Priest BRZ,0,
Rock Island Tailrace STH,3,G72DD9B40,2026-05-15 17:09:21,2026-05-17 15:43:00,Lower Ringold,0,
Rock Island Tailrace STH,3,G72DD9B40,2026-05-15 17:09:21,2026-05-17 15:43:00,Hanford,0,
Rock Island Tailrace STH,3,G72DDA603,2026-05-11 17:20:06,2026-05-14 15:44:00,Crescent Bar,1,2026-05-14 21:16:24
Rock Island Tailrace STH,3,G72DDA603,2026-05-11 17:20:06,2026-05-14 15:44:00,Sunland,1,2026-05-15 05:55:17
Rock Island Tailrace STH,3,G72DDA603,2026-05-11 17:20:06,2026-05-14 15:44:00,Wanapum BRZ,1,2026-05-16 16:42:16
Rock Island Tailrace STH,3,G72DDA603,2026-05-11 17:20:06,2026-05-14 15:44:00,Mattawa,1,2026-05-19 00:14:08
Rock Island Tailrace STH,3,G72DDA603,2026-05-11 17:20:06,2026-05-14 15:44:00,Priest BRZ,1,2026-05-19 08:33:35
Rock Island Tailrace STH,3,G72DDA603,2026-05-11 17:20:06,2026-05-14 15:44:00,Lower Ringold,1,2026-05-21 12:31:34
Rock Island Tailrace STH,3,G72DDA603,2026-05-11 17:20:06,2026-05-14 15:44:00,Hanford,1,2026-05-21 15:14:07
Rock Island Tailrace STH,1,G72E08107,2026-05-19 19:22:38,2026-05-21 15:49:00,Crescent Bar,1,2026-05-21 23:06:35
Rock Island Tailrace STH,1,G72E08107,2026-05-19 19:22:38,2026-05-21 15:49:00,Sunland,0,
Rock Island Tailrace STH,1,G72E08107,2026-05-19 19:22:38,2026-05-21 15:49:00,Wanapum BRZ,0,
Rock Island Tailrace STH,1,G72E08107,2026-05-19 19:22:38,2026-05-21 15:49:00,Mattawa,0,
Rock Island Tailrace STH,1,G72E08107,2026-05-19 19:22:38,2026-05-21 15:49:00,Priest BRZ,0,
Rock Island Tailrace STH,1,G72E08107,2026-05-19 19:22:38,2026-05-21 15:49:00,Lower Ringold,0,
Rock Island Tailrace STH,1,G72E08107,2026-05-19 19:22:38,2026-05-21 15:49:00,Hanford,0,
Rock Island Tailrace STH,2,G72E18C3E,2026-05-15 17:12:00,2026-05-17 15:43:00,Crescent Bar,1,2026-05-18 02:32:23
Rock Island Tailrace STH,2,G72E18C3E,2026-05-15 17:12:00,2026-05-17 15:43:00,Sunland,1,2026-05-18 13:43:04
Rock Island Tailrace STH,2,G72E18C3E,2026-05-15 17:12:00,2026-05-17 15:43:00,Wanapum BRZ,1,2026-05-19 14:06:37
Rock Island Tailrace STH,2,G72E18C3E,2026-05-15 17:12:00,2026-05-17 15:43:00,Mattawa,1,2026-05-20 12:06:33
Rock Island Tailrace STH,2,G72E18C3E,2026-05-15 17:12:00,2026-05-17 15:43:00,Priest BRZ,1,2026-05-20 19:31:24
Rock Island Tailrace STH,2,G72E18C3E,2026-05-15 17:12:00,2026-05-17 15:43:00,Lower Ringold,1,2026-05-21 06:18:23
Rock Island Tailrace STH,2,G72E18C3E,2026-05-15 17:12:00,2026-05-17 15:43:00,Hanford,1,2026-05-21 09:04:59
Rock Island Tailrace STH,3,G72E34BE6,2026-05-15 17:08:35,2026-05-17 15:43:00,Crescent Bar,1,2026-05-18 00:41:40
Rock Island Tailrace STH,3,G72E34BE6,2026-05-15 17:08:35,2026-05-17 15:43:00,Sunland,1,2026-05-18 14:54:54
Rock Island Tailrace STH,3,G72E34BE6,2026-05-15 17:08:35,2026-05-17 15:43:00,Wanapum BRZ,1,2026-05-19 07:47:31
Rock Island Tailrace STH,3,G72E34BE6,2026-05-15 17:08:35,2026-05-17 15:43:00,Mattawa,0,
Rock Island Tailrace STH,3,G72E34BE6,2026-05-15 17:08:35,2026-05-17 15:43:00,Priest BRZ,0,
Rock Island Tailrace STH,3,G72E34BE6,2026-05-15 17:08:35,2026-05-17 15:43:00,Lower Ringold,0,
Rock Island Tailrace STH,3,G72E34BE6,2026-05-15 17:08:35,2026-05-17 15:43:00,Hanford,0,
Rock Island Tailrace STH,2,G72E6243D,2026-05-12 17:43:58,2026-05-15 16:06:00,Crescent Bar,1,2026-05-16 00:06:45
Rock Island Tailrace STH,2,G72E6243D,2026-05-12 17:43:58,2026-05-15 16:06:00,Sunland,1,2026-05-16 10:19:23
Rock Island Tailrace STH,2,G72E6243D,2026-05-12 17:43:58,2026-05-15 16:06:00,Wanapum BRZ,1,2026-05-17 15:28:55
Rock Island Tailrace STH,2,G72E6243D,2026-05-12 17:43:58,2026-05-15 16:06:00,Mattawa,1,2026-05-17 20:20:17
Rock Island Tailrace STH,2,G72E6243D,2026-05-12 17:43:58,2026-05-15 16:06:00,Priest BRZ,1,2026-05-18 06:47:54
Rock Island Tailrace STH,2,G72E6243D,2026-05-12 17:43:58,2026-05-15 16:06:00,Lower Ringold,1,2026-05-22 07:11:28
Rock Island Tailrace STH,2,G72E6243D,2026-05-12 17:43:58,2026-05-15 16:06:00,Hanford,1,2026-05-22 09:55:31
Rock Island Tailrace STH,1,G72E64F78,2026-05-11 17:28:25,2026-05-14 15:44:00,Crescent Bar,1,2026-05-15 14:45:01
Rock Island Tailrace STH,1,G72E64F78,2026-05-11 17:28:25,2026-05-14 15:44:00,Sunland,1,2026-05-15 22:11:24
Rock Island Tailrace STH,1,G72E64F78,2026-05-11 17:28:25,2026-05-14 15:44:00,Wanapum BRZ,1,2026-05-16 14:40:49
Rock Island Tailrace STH,1,G72E64F78,2026-05-11 17:28:25,2026-05-14 15:44:00,Mattawa,1,2026-05-16 22:32:36
Rock Island Tailrace STH,1,G72E64F78,2026-05-11 17:28:25,2026-05-14 15:44:00,Priest BRZ,1,2026-05-17 09:12:05
Rock Island Tailrace STH,1,G72E64F78,2026-05-11 17:28:25,2026-05-14 15:44:00,Lower Ringold,1,2026-05-18 02:49:19
Rock Island Tailrace STH,1,G72E64F78,2026-05-11 17:28:25,2026-05-14 15:44:00,Hanford,1,2026-05-18 06:04:42
Rock Island Tailrace STH,2,G72E7D5D3,2026-05-17 19:43:09,2026-05-19 16:20:00,Crescent Bar,1,2026-05-19 22:08:17
Rock Island Tailrace STH,2,G72E7D5D3,2026-05-17 19:43:09,2026-05-19 16:20:00,Sunland,1,2026-05-20 09:27:24
Rock Island Tailrace STH,2,G72E7D5D3,2026-05-17 19:43:09,2026-05-19 16:20:00,Wanapum BRZ,1,2026-05-20 19:40:00
Rock Island Tailrace STH,2,G72E7D5D3,2026-05-17 19:43:09,2026-05-19 16:20:00,Mattawa,1,2026-05-20 22:17:58
Rock Island Tailrace STH,2,G72E7D5D3,2026-05-17 19:43:09,2026-05-19 16:20:00,Priest BRZ,1,2026-05-21 07:05:35
Rock Island Tailrace STH,2,G72E7D5D3,2026-05-17 19:43:09,2026-05-19 16:20:00,Lower Ringold,0,
Rock Island Tailrace STH,2,G72E7D5D3,2026-05-17 19:43:09,2026-05-19 16:20:00,Hanford,0,
Rock Island Tailrace STH,2,G72E98EF4,2026-05-12 18:26:13,2026-05-15 16:06:00,Crescent Bar,1,2026-05-15 21:51:03
Rock Island Tailrace STH,2,G72E98EF4,2026-05-12 18:26:13,2026-05-15 16:06:00,Sunland,1,2026-05-16 06:55:12
Rock Island Tailrace STH,2,G72E98EF4,2026-05-12 18:26:13,2026-05-15 16:06:00,Wanapum BRZ,1,2026-05-16 23:54:10
Rock Island Tailrace STH,2,G72E98EF4,2026-05-12 18:26:13,2026-05-15 16:06:00,Mattawa,1,2026-05-18 19:13:26
Rock Island Tailrace STH,2,G72E98EF4,2026-05-12 18:26:13,2026-05-15 16:06:00,Priest BRZ,1,2026-05-19 01:26:37
Rock Island Tailrace STH,2,G72E98EF4,2026-05-12 18:26:13,2026-05-15 16:06:00,Lower Ringold,1,2026-05-19 13:55:58
Rock Island Tailrace STH,2,G72E98EF4,2026-05-12 18:26:13,2026-05-15 16:06:00,Hanford,1,2026-05-19 17:06:36
Rock Island Tailrace STH,2,G72EA7ED5,2026-05-12 18:02:08,2026-05-15 16:06:00,Crescent Bar,1,2026-05-15 22:28:21
Rock Island Tailrace STH,2,G72EA7ED5,2026-05-12 18:02:08,2026-05-15 16:06:00,Sunland,1,2026-05-16 19:12:45
Rock Island Tailrace STH,2,G72EA7ED5,2026-05-12 18:02:08,2026-05-15 16:06:00,Wanapum BRZ,1,2026-05-18 04:02:44
Rock Island Tailrace STH,2,G72EA7ED5,2026-05-12 18:02:08,2026-05-15 16:06:00,Mattawa,0,
Rock Island Tailrace STH,2,G72EA7ED5,2026-05-12 18:02:08,2026-05-15 16:06:00,Priest BRZ,0,
Rock Island Tailrace STH,2,G72EA7ED5,2026-05-12 18:02:08,2026-05-15 16:06:00,Lower Ringold,0,
Rock Island Tailrace STH,2,G72EA7ED5,2026-05-12 18:02:08,2026-05-15 16:06:00,Hanford,0,
Rock Island Tailrace STH,1,G72EC04F9,2026-05-12 17:59:47,2026-05-15 16:06:00,Crescent Bar,1,2026-05-16 07:58:29
Rock Island Tailrace STH,1,G72EC04F9,2026-05-12 17:59:47,2026-05-15 16:06:00,Sunland,1,2026-05-16 18:36:43
Rock Island Tailrace STH,1,G72EC04F9,2026-05-12 17:59:47,2026-05-15 16:06:00,Wanapum BRZ,1,2026-05-18 08:28:00
Rock Island Tailrace STH,1,G72EC04F9,2026-05-12 17:59:47,2026-05-15 16:06:00,Mattawa,1,2026-05-18 19:04:07
Rock Island Tailrace STH,1,G72EC04F9,2026-05-12 17:59:47,2026-05-15 16:06:00,Priest BRZ,1,2026-05-19 01:05:47
Rock Island Tailrace STH,1,G72EC04F9,2026-05-12 17:59:47,2026-05-15 16:06:00,Lower Ringold,1,2026-05-19 15:25:25
Rock Island Tailrace STH,1,G72EC04F9,2026-05-12 17:59:47,2026-05-15 16:06:00,Hanford,1,2026-05-19 18:07:47
Rock Island Tailrace STH,1,G72EC36FB,2026-05-15 17:01:01,2026-05-17 15:43:00,Crescent Bar,1,2026-05-18 00:40:14
Rock Island Tailrace STH,1,G72EC36FB,2026-05-15 17:01:01,2026-05-17 15:43:00,Sunland,1,2026-05-18 13:52:38
Rock Island Tailrace STH,1,G72EC36FB,2026-05-15 17:01:01,2026-05-17 15:43:00,Wanapum BRZ,1,2026-05-19 11:19:56
Rock Island Tailrace STH,1,G72EC36FB,2026-05-15 17:01:01,2026-05-17 15:43:00,Mattawa,1,2026-05-20 10:44:33
Rock Island Tailrace STH,1,G72EC36FB,2026-05-15 17:01:01,2026-05-17 15:43:00,Priest BRZ,1,2026-05-20 16:46:21
Rock Island Tailrace STH,1,G72EC36FB,2026-05-15 17:01:01,2026-05-17 15:43:00,Lower Ringold,1,2026-05-21 04:14:01
Rock Island Tailrace STH,1,G72EC36FB,2026-05-15 17:01:01,2026-05-17 15:43:00,Hanford,1,2026-05-21 07:30:44
Rock Island Tailrace STH,2,G72ED397E,2026-05-14 18:49:46,2026-05-16 15:36:00,Crescent Bar,1,2026-05-17 03:29:16
Rock Island Tailrace STH,2,G72ED397E,2026-05-14 18:49:46,2026-05-16 15:36:00,Sunland,1,2026-05-17 14:13:11
Rock Island Tailrace STH,2,G72ED397E,2026-05-14 18:49:46,2026-05-16 15:36:00,Wanapum BRZ,1,2026-05-18 22:33:41
Rock Island Tailrace STH,2,G72ED397E,2026-05-14 18:49:46,2026-05-16 15:36:00,Mattawa,1,2026-05-19 08:51:14
Rock Island Tailrace STH,2,G72ED397E,2026-05-14 18:49:46,2026-05-16 15:36:00,Priest BRZ,1,2026-05-20 09:16:22
Rock Island Tailrace STH,2,G72ED397E,2026-05-14 18:49:46,2026-05-16 15:36:00,Lower Ringold,0,
Rock Island Tailrace STH,2,G72ED397E,2026-05-14 18:49:46,2026-05-16 15:36:00,Hanford,0,
Rock Island Tailrace STH,2,G72ED71FA,2026-05-11 17:15:21,2026-05-14 15:44:00,Crescent Bar,1,2026-05-14 22:06:28
Rock Island Tailrace STH,2,G72ED71FA,2026-05-11 17:15:21,2026-05-14 15:44:00,Sunland,1,2026-05-15 12:10:45
Rock Island Tailrace STH,2,G72ED71FA,2026-05-11 17:15:21,2026-05-14 15:44:00,Wanapum BRZ,1,2026-05-16 19:37:12
Rock Island Tailrace STH,2,G72ED71FA,2026-05-11 17:15:21,2026-05-14 15:44:00,Mattawa,1,2026-05-17 01:08:41
Rock Island Tailrace STH,2,G72ED71FA,2026-05-11 17:15:21,2026-05-14 15:44:00,Priest BRZ,1,2026-05-17 11:39:32
Rock Island Tailrace STH,2,G72ED71FA,2026-05-11 17:15:21,2026-05-14 15:44:00,Lower Ringold,1,2026-05-18 07:51:19
Rock Island Tailrace STH,2,G72ED71FA,2026-05-11 17:15:21,2026-05-14 15:44:00,Hanford,1,2026-05-18 12:28:34
Rock Island Tailrace STH,1,G72EF598A,2026-05-11 17:38:08,2026-05-14 15:44:00,Crescent Bar,1,2026-05-15 00:11:04
Rock Island Tailrace STH,1,G72EF598A,2026-05-11 17:38:08,2026-05-14 15:44:00,Sunland,1,2026-05-15 10:13:54
Rock Island Tailrace STH,1,G72EF598A,2026-05-11 17:38:08,2026-05-14 15:44:00,Wanapum BRZ,1,2026-05-16 16:59:25
Rock Island Tailrace STH,1,G72EF598A,2026-05-11 17:38:08,2026-05-14 15:44:00,Mattawa,1,2026-05-16 20:50:06
Rock Island Tailrace STH,1,G72EF598A,2026-05-11 17:38:08,2026-05-14 15:44:00,Priest BRZ,1,2026-05-17 03:41:29
Rock Island Tailrace STH,1,G72EF598A,2026-05-11 17:38:08,2026-05-14 15:44:00,Lower Ringold,1,2026-05-19 03:54:24
Rock Island Tailrace STH,1,G72EF598A,2026-05-11 17:38:08,2026-05-14 15:44:00,Hanford,1,2026-05-19 07:17:51
Rock Island Tailrace STH,3,G72EF7B15,2026-05-11 17:18:00,2026-05-14 15:44:00,Crescent Bar,1,2026-05-15 09:25:14
Rock Island Tailrace STH,3,G72EF7B15,2026-05-11 17:18:00,2026-05-14 15:44:00,Sunland,1,2026-05-15 21:22:58
Rock Island Tailrace STH,3,G72EF7B15,2026-05-11 17:18:00,2026-05-14 15:44:00,Wanapum BRZ,1,2026-05-17 06:28:41
Rock Island Tailrace STH,3,G72EF7B15,2026-05-11 17:18:00,2026-05-14 15:44:00,Mattawa,0,
Rock Island Tailrace STH,3,G72EF7B15,2026-05-11 17:18:00,2026-05-14 15:44:00,Priest BRZ,0,
Rock Island Tailrace STH,3,G72EF7B15,2026-05-11 17:18:00,2026-05-14 15:44:00,Lower Ringold,0,
Rock Island Tailrace STH,3,G72EF7B15,2026-05-11 17:18:00,2026-05-14 15:44:00,Hanford,0,
Rock Island Tailrace STH,3,G72EF9940,2026-05-15 17:11:07,2026-05-17 15:43:00,Crescent Bar,1,2026-05-20 20:16:20
Rock Island Tailrace STH,3,G72EF9940,2026-05-15 17:11:07,2026-05-17 15:43:00,Sunland,1,2026-05-21 08:31:57
Rock Island Tailrace STH,3,G72EF9940,2026-05-15 17:11:07,2026-05-17 15:43:00,Wanapum BRZ,1,2026-05-23 06:02:36
Rock Island Tailrace STH,3,G72EF9940,2026-05-15 17:11:07,2026-05-17 15:43:00,Mattawa,1,2026-05-23 12:14:09
Rock Island Tailrace STH,3,G72EF9940,2026-05-15 17:11:07,2026-05-17 15:43:00,Priest BRZ,0,
Rock Island Tailrace STH,3,G72EF9940,2026-05-15 17:11:07,2026-05-17 15:43:00,Lower Ringold,0,
Rock Island Tailrace STH,3,G72EF9940,2026-05-15 17:11:07,2026-05-17 15:43:00,Hanford,0,
Rock Island Tailrace STH,1,G72F15E39,2026-05-12 17:48:05,2026-05-15 16:06:00,Crescent Bar,1,2026-05-24 20:02:32
Rock Island Tailrace STH,1,G72F15E39,2026-05-12 17:48:05,2026-05-15 16:06:00,Sunland,0,
Rock Island Tailrace STH,1,G72F15E39,2026-05-12 17:48:05,2026-05-15 16:06:00,Wanapum BRZ,0,
Rock Island Tailrace STH,1,G72F15E39,2026-05-12 17:48:05,2026-05-15 16:06:00,Mattawa,0,
Rock Island Tailrace STH,1,G72F15E39,2026-05-12 17:48:05,2026-05-15 16:06:00,Priest BRZ,0,
Rock Island Tailrace STH,1,G72F15E39,2026-05-12 17:48:05,2026-05-15 16:06:00,Lower Ringold,0,
Rock Island Tailrace STH,1,G72F15E39,2026-05-12 17:48:05,2026-05-15 16:06:00,Hanford,0,
Rock Island Tailrace STH,1,G72F1E3F6,2026-05-12 17:52:37,2026-05-15 16:06:00,Crescent Bar,1,2026-05-16 00:43:34
Rock Island Tailrace STH,1,G72F1E3F6,2026-05-12 17:52:37,2026-05-15 16:06:00,Sunland,1,2026-05-16 13:02:30
Rock Island Tailrace STH,1,G72F1E3F6,2026-05-12 17:52:37,2026-05-15 16:06:00,Wanapum BRZ,1,2026-05-19 09:52:16
Rock Island Tailrace STH,1,G72F1E3F6,2026-05-12 17:52:37,2026-05-15 16:06:00,Mattawa,1,2026-05-19 17:18:11
Rock Island Tailrace STH,1,G72F1E3F6,2026-05-12 17:52:37,2026-05-15 16:06:00,Priest BRZ,1,2026-05-20 09:45:44
Rock Island Tailrace STH,1,G72F1E3F6,2026-05-12 17:52:37,2026-05-15 16:06:00,Lower Ringold,1,2026-05-20 22:05:35
Rock Island Tailrace STH,1,G72F1E3F6,2026-05-12 17:52:37,2026-05-15 16:06:00,Hanford,1,2026-05-21 00:57:59
Rock Island Tailrace STH,1,G72F2674E,2026-05-15 16:42:02,2026-05-17 15:43:00,Crescent Bar,1,2026-05-18 03:02:25
Rock Island Tailrace STH,1,G72F2674E,2026-05-15 16:42:02,2026-05-17 15:43:00,Sunland,1,2026-05-18 20:35:36
Rock Island Tailrace STH,1,G72F2674E,2026-05-15 16:42:02,2026-05-17 15:43:00,Wanapum BRZ,1,2026-05-19 23:36:07
Rock Island Tailrace STH,1,G72F2674E,2026-05-15 16:42:02,2026-05-17 15:43:00,Mattawa,0,
Rock Island Tailrace STH,1,G72F2674E,2026-05-15 16:42:02,2026-05-17 15:43:00,Priest BRZ,0,
Rock Island Tailrace STH,1,G72F2674E,2026-05-15 16:42:02,2026-05-17 15:43:00,Lower Ringold,0,
Rock Island Tailrace STH,1,G72F2674E,2026-05-15 16:42:02,2026-05-17 15:43:00,Hanford,0,
Rock Island Tailrace STH,1,G72F2F940,2026-05-12 17:46:17,2026-05-15 16:06:00,Crescent Bar,1,2026-05-16 00:28:28
Rock Island Tailrace STH,1,G72F2F940,2026-05-12 17:46:17,2026-05-15 16:06:00,Sunland,1,2026-05-16 08:20:15
Rock Island Tailrace STH,1,G72F2F940,2026-05-12 17:46:17,2026-05-15 16:06:00,Wanapum BRZ,1,2026-05-18 18:05:18
Rock Island Tailrace STH,1,G72F2F940,2026-05-12 17:46:17,2026-05-15 16:06:00,Mattawa,1,2026-05-19 00:41:17
Rock Island Tailrace STH,1,G72F2F940,2026-05-12 17:46:17,2026-05-15 16:06:00,Priest BRZ,1,2026-05-19 09:55:44
Rock Island Tailrace STH,1,G72F2F940,2026-05-12 17:46:17,2026-05-15 16:06:00,Lower Ringold,1,2026-05-19 21:30:14
Rock Island Tailrace STH,1,G72F2F940,2026-05-12 17:46:17,2026-05-15 16:06:00,Hanford,1,2026-05-20 00:33:14
Rock Island Tailrace STH,3,G72F430BC,2026-05-17 19:41:29,2026-05-19 16:20:00,Crescent Bar,1,2026-05-19 22:49:07
Rock Island Tailrace STH,3,G72F430BC,2026-05-17 19:41:29,2026-05-19 16:20:00,Sunland,1,2026-05-20 11:16:57
Rock Island Tailrace STH,3,G72F430BC,2026-05-17 19:41:29,2026-05-19 16:20:00,Wanapum BRZ,0,
Rock Island Tailrace STH,3,G72F430BC,2026-05-17 19:41:29,2026-05-19 16:20:00,Mattawa,0,
Rock Island Tailrace STH,3,G72F430BC,2026-05-17 19:41:29,2026-05-19 16:20:00,Priest BRZ,0,
Rock Island Tailrace STH,3,G72F430BC,2026-05-17 19:41:29,2026-05-19 16:20:00,Lower Ringold,0,
Rock Island Tailrace STH,3,G72F430BC,2026-05-17 19:41:29,2026-05-19 16:20:00,Hanford,0,
Rock Island Tailrace STH,3,G72F4CD35,2026-05-12 17:51:36,2026-05-15 16:06:00,Crescent Bar,1,2026-05-16 00:02:30
Rock Island Tailrace STH,3,G72F4CD35,2026-05-12 17:51:36,2026-05-15 16:06:00,Sunland,1,2026-05-16 10:29:00
Rock Island Tailrace STH,3,G72F4CD35,2026-05-12 17:51:36,2026-05-15 16:06:00,Wanapum BRZ,1,2026-05-18 13:52:32
Rock Island Tailrace STH,3,G72F4CD35,2026-05-12 17:51:36,2026-05-15 16:06:00,Mattawa,1,2026-05-18 17:01:39
Rock Island Tailrace STH,3,G72F4CD35,2026-05-12 17:51:36,2026-05-15 16:06:00,Priest BRZ,1,2026-05-18 23:56:31
Rock Island Tailrace STH,3,G72F4CD35,2026-05-12 17:51:36,2026-05-15 16:06:00,Lower Ringold,1,2026-05-22 15:27:00
Rock Island Tailrace STH,3,G72F4CD35,2026-05-12 17:51:36,2026-05-15 16:06:00,Hanford,1,2026-05-22 18:24:51
Rock Island Tailrace STH,3,G72F7AD05,2026-05-14 17:56:14,2026-05-16 15:36:00,Crescent Bar,1,2026-05-17 08:09:55
Rock Island Tailrace STH,3,G72F7AD05,2026-05-14 17:56:14,2026-05-16 15:36:00,Sunland,1,2026-05-17 15:17:38
Rock Island Tailrace STH,3,G72F7AD05,2026-05-14 17:56:14,2026-05-16 15:36:00,Wanapum BRZ,1,2026-05-18 22:12:04
Rock Island Tailrace STH,3,G72F7AD05,2026-05-14 17:56:14,2026-05-16 15:36:00,Mattawa,1,2026-05-19 02:52:32
Rock Island Tailrace STH,3,G72F7AD05,2026-05-14 17:56:14,2026-05-16 15:36:00,Priest BRZ,1,2026-05-19 09:36:24
Rock Island Tailrace STH,3,G72F7AD05,2026-05-14 17:56:14,2026-05-16 15:36:00,Lower Ringold,0,
Rock Island Tailrace STH,3,G72F7AD05,2026-05-14 17:56:14,2026-05-16 15:36:00,Hanford,0,
Rock Island Tailrace STH,2,G72F7C1C3,2026-05-15 16:59:58,2026-05-17 15:43:00,Crescent Bar,1,2026-05-18 02:30:40
Rock Island Tailrace STH,2,G72F7C1C3,2026-05-15 16:59:58,2026-05-17 15:43:00,Sunland,1,2026-05-18 13:21:27
Rock Island Tailrace STH,2,G72F7C1C3,2026-05-15 16:59:58,2026-05-17 15:43:00,Wanapum BRZ,1,2026-05-19 03:57:42
Rock Island Tailrace STH,2,G72F7C1C3,2026-05-15 16:59:58,2026-05-17 15:43:00,Mattawa,1,2026-05-19 10:08:12
Rock Island Tailrace STH,2,G72F7C1C3,2026-05-15 16:59:58,2026-05-17 15:43:00,Priest BRZ,1,2026-05-20 07:54:07
Rock Island Tailrace STH,2,G72F7C1C3,2026-05-15 16:59:58,2026-05-17 15:43:00,Lower Ringold,1,2026-05-20 20:02:55
Rock Island Tailrace STH,2,G72F7C1C3,2026-05-15 16:59:58,2026-05-17 15:43:00,Hanford,1,2026-05-20 23:49:14
Rock Island Tailrace STH,1,G72FB359B,2026-05-11 17:41:25,2026-05-14 15:44:00,Crescent Bar,1,2026-05-14 21:03:56
Rock Island Tailrace STH,1,G72FB359B,2026-05-11 17:41:25,2026-05-14 15:44:00,Sunland,1,2026-05-15 05:08:55
Rock Island Tailrace STH,1,G72FB359B,2026-05-11 17:41:25,2026-05-14 15:44:00,Wanapum BRZ,1,2026-05-16 17:16:58
Rock Island Tailrace STH,1,G72FB359B,2026-05-11 17:41:25,2026-05-14 15:44:00,Mattawa,1,2026-05-17 03:24:58
Rock Island Tailrace STH,1,G72FB359B,2026-05-11 17:41:25,2026-05-14 15:44:00,Priest BRZ,1,2026-05-17 11:18:41
Rock Island Tailrace STH,1,G72FB359B,2026-05-11 17:41:25,2026-05-14 15:44:00,Lower Ringold,0,
Rock Island Tailrace STH,1,G72FB359B,2026-05-11 17:41:25,2026-05-14 15:44:00,Hanford,0,
