Priest Rapids Tailrace CHN,2,G72008DD1,2026-04-24 21:26:02,2026-04-26 16:25:00,Crescent Bar,0,
Priest Rapids Tailrace CHN,2,G72008DD1,2026-04-24 21:26:02,2026-04-26 16:25:00,Sunland,0,
Priest Rapids Tailrace CHN,2,G72008DD1,2026-04-24 21:26:02,2026-04-26 16:25:00,Wanapum BRZ,0,
Priest Rapids Tailrace CHN,2,G72008DD1,2026-04-24 21:26:02,2026-04-26 16:25:00,Mattawa,0,
Priest Rapids Tailrace CHN,2,G72008DD1,2026-04-24 21:26:02,2026-04-26 16:25:00,Priest BRZ,0,
Priest Rapids Tailrace CHN,2,G72008DD1,2026-04-24 21:26:02,2026-04-26 16:25:00,Lower Ringold,1,2026-04-27 05:56:28
Priest Rapids Tailrace CHN,2,G72008DD1,2026-04-24 21:26:02,2026-04-26 16:25:00,Hanford,1,2026-04-27 14:19:18
Priest Rapids Tailrace CHN,2,G7200F4B5,2026-04-28 19:39:44,2026-04-30 16:19:00,Crescent Bar,0,
Priest Rapids Tailrace CHN,2,G7200F4B5,2026-04-28 19:39:44,2026-04-30 16:19:00,Sunland,0,
Priest Rapids Tailrace CHN,2,G7200F4B5,2026-04-28 19:39:44,2026-04-30 16:19:00,Wanapum BRZ,0,
Priest Rapids Tailrace CHN,2,G7200F4B5,2026-04-28 19:39:44,2026-04-30 16:19:00,Mattawa,0,
Priest Rapids Tailrace CHN,2,G7200F4B5,2026-04-28 19:39:44,2026-04-30 16:19:00,Priest BRZ,0,
Priest Rapids Tailrace CHN,2,G7200F4B5,2026-04-28 19:39:44,2026-04-30 16:19:00,Lower Ringold,1,2026-05-01 06:17:35
Priest Rapids Tailrace CHN,2,G7200F4B5,2026-04-28 19:39:44,2026-04-30 16:19:00,Hanford,1,2026-05-01 14:52:30
Priest Rapids Tailrace CHN,2,G72028D40,2026-04-26 17:45:31,2026-04-28 15:47:00,Crescent Bar,0,
Priest Rapids Tailrace CHN,2,G72028D40,2026-04-26 17:45:31,2026-04-28 15:47:00,Sunland,0,
Priest Rapids Tailrace CHN,2,G72028D40,2026-04-26 17:45:31,2026-04-28 15:47:00,Wanapum BRZ,0,
Priest Rapids Tailrace CHN,2,G72028D40,2026-04-26 17:45:31,2026-04-28 15:47:00,Mattawa,0,
Priest Rapids Tailrace CHN,2,G72028D40,2026-04-26 17:45:31,2026-04-28 15:47:00,Priest BRZ,0,
Priest Rapids Tailrace CHN,2,G72028D40,2026-04-26 17:45:31,2026-04-28 15:47:00,Lower Ringold,1,2026-04-29 13:56:05
Priest Rapids Tailrace CHN,2,G72028D40,2026-04-26 17:45:31,2026-04-28 15:47:00,Hanford,1,2026-04-29 17:49:09
Priest Rapids Tailrace CHN,1,G7208CF5D,2026-04-25 18:45:24,2026-04-27 16:25:00,Crescent Bar,0,
Priest Rapids Tailrace CHN,1,G7208CF5D,2026-04-25 18:45:24,2026-04-27 16:25:00,Sunland,0,
Priest Rapids Tailrace CHN,1,G7208CF5D,2026-04-25 18:45:24,2026-04-27 16:25:00,Wanapum BRZ,0,
Priest Rapids Tailrace CHN,1,G7208CF5D,2026-04-25 18:45:24,2026-04-27 16:25:00,Mattawa,0,
Priest Rapids Tailrace CHN,1,G7208CF5D,2026-04-25 18:45:24,2026-04-27 16:25:00,Priest BRZ,0,
Priest Rapids Tailrace CHN,1,G7208CF5D,2026-04-25 18:45:24,2026-04-27 16:25:00,Lower Ringold,1,2026-04-28 05:19:53
Priest Rapids Tailrace CHN,1,G7208CF5D,2026-04-25 18:45:24,2026-04-27 16:25:00,Hanford,1,2026-04-28 09:07:10
Priest Rapids Tailrace CHN,1,G7209A35F,2026-04-27 18:50:48,2026-04-29 16:07:00,Crescent Bar,0,
Priest Rapids Tailrace CHN,1,G7209A35F,2026-04-27 18:50:48,2026-04-29 16:07:00,Sunland,0,
Priest Rapids Tailrace CHN,1,G7209A35F,2026-04-27 18:50:48,2026-04-29 16:07:00,Wanapum BRZ,0,
Priest Rapids Tailrace CHN,1,G7209A35F,2026-04-27 18:50:48,2026-04-29 16:07:00,Mattawa,0,
Priest Rapids Tailrace CHN,1,G7209A35F,2026-04-27 18:50:48,2026-04-29 16:07:00,Priest BRZ,0,
Priest Rapids Tailrace CHN,1,G7209A35F,2026-04-27 18:50:48,2026-04-29 16:07:00,Lower Ringold,1,2026-04-30 05:26:18
Priest Rapids Tailrace CHN,1,G7209A35F,2026-04-27 18:50:48,2026-04-29 16:07:00,Hanford,1,2026-04-30 08:23:34
Priest Rapids Tailrace CHN,3,G720A3EE6,2026-04-24 21:24:59,2026-04-26 16:25:00,Crescent Bar,0,
Priest Rapids Tailrace CHN,3,G720A3EE6,2026-04-24 21:24:59,2026-04-26 16:25:00,Sunland,0,
Priest Rapids Tailrace CHN,3,G720A3EE6,2026-04-24 21:24:59,2026-04-26 16:25:00,Wanapum BRZ,0,
Priest Rapids Tailrace CHN,3,G720A3EE6,2026-04-24 21:24:59,2026-04-26 16:25:00,Mattawa,0,
Priest Rapids Tailrace CHN,3,G720A3EE6,2026-04-24 21:24:59,2026-04-26 16:25:00,Priest BRZ,0,
Priest Rapids Tailrace CHN,3,G720A3EE6,2026-04-24 21:24:59,2026-04-26 16:25:00,Lower Ringold,1,2026-04-27 06:14:12
Priest Rapids Tailrace CHN,3,G720A3EE6,2026-04-24 21:24:59,2026-04-26 16:25:00,Hanford,1,2026-04-27 11:19:50
Priest Rapids Tailrace CHN,3,G720A5FDD,2026-04-28 19:30:09,2026-04-30 16:19:00,Crescent Bar,0,
Priest Rapids Tailrace CHN,3,G720A5FDD,2026-04-28 19:30:09,2026-04-30 16:19:00,Sunland,0,
Priest Rapids Tailrace CHN,3,G720A5FDD,2026-04-28 19:30:09,2026-04-30 16:19:00,Wanapum BRZ,0,
Priest Rapids Tailrace CHN,3,G720A5FDD,2026-04-28 19:30:09,2026-04-30 16:19:00,Mattawa,0,
Priest Rapids Tailrace CHN,3,G720A5FDD,2026-04-28 19:30:09,2026-04-30 16:19:00,Priest BRZ,0,
Priest Rapids Tailrace CHN,3,G720A5FDD,2026-04-28 19:30:09,2026-04-30 16:19:00,Lower Ringold,1,2026-05-01 05:36:54
Priest Rapids Tailrace CHN,3,G720A5FDD,2026-04-28 19:30:09,2026-04-30 16:19:00,Hanford,1,2026-05-01 09:00:14
Priest Rapids Tailrace CHN,3,G720AF6EE,2026-04-26 17:58:01,2026-04-28 15:47:00,Crescent Bar,0,
Priest Rapids Tailrace CHN,3,G720AF6EE,2026-04-26 17:58:01,2026-04-28 15:47:00,Sunland,0,
Priest Rapids Tailrace CHN,3,G720AF6EE,2026-04-26 17:58:01,2026-04-28 15:47:00,Wanapum BRZ,0,
Priest Rapids Tailrace CHN,3,G720AF6EE,2026-04-26 17:58:01,2026-04-28 15:47:00,Mattawa,0,
Priest Rapids Tailrace CHN,3,G720AF6EE,2026-04-26 17:58:01,2026-04-28 15:47:00,Priest BRZ,0,
Priest Rapids Tailrace CHN,3,G720AF6EE,2026-04-26 17:58:01,2026-04-28 15:47:00,Lower Ringold,1,2026-04-29 12:22:47
Priest Rapids Tailrace CHN,3,G720AF6EE,2026-04-26 17:58:01,2026-04-28 15:47:00,Hanford,1,2026-04-29 21:13:55
Priest Rapids Tailrace CHN,3,G720BDF95,2026-04-30 17:03:30,2026-05-02 16:36:00,Crescent Bar,0,
Priest Rapids Tailrace CHN,3,G720BDF95,2026-04-30 17:03:30,2026-05-02 16:36:00,Sunland,0,
Priest Rapids Tailrace CHN,3,G720BDF95,2026-04-30 17:03:30,2026-05-02 16:36:00,Wanapum BRZ,0,
Priest Rapids Tailrace CHN,3,G720BDF95,2026-04-30 17:03:30,2026-05-02 16:36:00,Mattawa,0,
Priest Rapids Tailrace CHN,3,G720BDF95,2026-04-30 17:03:30,2026-05-02 16:36:00,Priest BRZ,0,
Priest Rapids Tailrace CHN,3,G720BDF95,2026-04-30 17:03:30,2026-05-02 16:36:00,Lower Ringold,1,2026-05-03 05:06:59
Priest Rapids Tailrace CHN,3,G720BDF95,2026-04-30 17:03:30,2026-05-02 16:36:00,Hanford,1,2026-05-03 08:35:51
Priest Rapids Tailrace CHN,1,G720CA880,2026-04-30 17:04:23,2026-05-02 16:36:00,Crescent Bar,0,
Priest Rapids Tailrace CHN,1,G720CA880,2026-04-30 17:04:23,2026-05-02 16:36:00,Sunland,0,
Priest Rapids Tailrace CHN,1,G720CA880,2026-04-30 17:04:23,2026-05-02 16:36:00,Wanapum BRZ,0,
Priest Rapids Tailrace CHN,1,G720CA880,2026-04-30 17:04:23,2026-05-02 16:36:00,Mattawa,0,
Priest Rapids Tailrace CHN,1,G720CA880,2026-04-30 17:04:23,2026-05-02 16:36:00,Priest BRZ,0,
Priest Rapids Tailrace CHN,1,G720CA880,2026-04-30 17:04:23,2026-05-02 16:36:00,Lower Ringold,1,2026-05-03 06:05:14
Priest Rapids Tailrace CHN,1,G720CA880,2026-04-30 17:04:23,2026-05-02 16:36:00,Hanford,1,2026-05-03 15:21:41
Priest Rapids Tailrace CHN,1,G720D0448,2026-04-28 19:28:43,2026-04-30 16:19:00,Crescent Bar,0,
Priest Rapids Tailrace CHN,1,G720D0448,2026-04-28 19:28:43,2026-04-30 16:19:00,Sunland,0,
Priest Rapids Tailrace CHN,1,G720D0448,2026-04-28 19:28:43,2026-04-30 16:19:00,Wanapum BRZ,0,
Priest Rapids Tailrace CHN,1,G720D0448,2026-04-28 19:28:43,2026-04-30 16:19:00,Mattawa,0,
Priest Rapids Tailrace CHN,1,G720D0448,2026-04-28 19:28:43,2026-04-30 16:19:00,Priest BRZ,0,
Priest Rapids Tailrace CHN,1,G720D0448,2026-04-28 19:28:43,2026-04-30 16:19:00,Lower Ringold,1,2026-05-01 05:36:16
Priest Rapids Tailrace CHN,1,G720D0448,2026-04-28 19:28:43,2026-04-30 16:19:00,Hanford,1,2026-05-01 08:36:58
Priest Rapids Tailrace CHN,3,G720E125D,2026-04-29 16:47:13,2026-05-01 16:26:00,Crescent Bar,0,
Priest Rapids Tailrace CHN,3,G720E125D,2026-04-29 16:47:13,2026-05-01 16:26:00,Sunland,0,
Priest Rapids Tailrace CHN,3,G720E125D,2026-04-29 16:47:13,2026-05-01 16:26:00,Wanapum BRZ,0,
Priest Rapids Tailrace CHN,3,G720E125D,2026-04-29 16:47:13,2026-05-01 16:26:00,Mattawa,0,
Priest Rapids Tailrace CHN,3,G720E125D,2026-04-29 16:47:13,2026-05-01 16:26:00,Priest BRZ,0,
Priest Rapids Tailrace CHN,3,G720E125D,2026-04-29 16:47:13,2026-05-01 16:26:00,Lower Ringold,1,2026-05-02 06:38:02
Priest Rapids Tailrace CHN,3,G720E125D,2026-04-29 16:47:13,2026-05-01 16:26:00,Hanford,1,2026-05-02 09:24:14
Priest Rapids Tailrace CHN,3,G720FD973,2026-04-30 16:36:54,2026-05-02 16:36:00,Crescent Bar,0,
Priest Rapids Tailrace CHN,3,G720FD973,2026-04-30 16:36:54,2026-05-02 16:36:00,Sunland,0,
Priest Rapids Tailrace CHN,3,G720FD973,2026-04-30 16:36:54,2026-05-02 16:36:00,Wanapum BRZ,0,
Priest Rapids Tailrace CHN,3,G720FD973,2026-04-30 16:36:54,2026-05-02 16:36:00,Mattawa,0,
Priest Rapids Tailrace CHN,3,G720FD973,2026-04-30 16:36:54,2026-05-02 16:36:00,Priest BRZ,0,
Priest Rapids Tailrace CHN,3,G720FD973,2026-04-30 16:36:54,2026-05-02 16:36:00,Lower Ringold,1,2026-05-03 05:13:29
Priest Rapids Tailrace CHN,3,G720FD973,2026-04-30 16:36:54,2026-05-02 16:36:00,Hanford,1,2026-05-03 08:07:15
Priest Rapids Tailrace CHN,3,G720FF950,2026-04-23 21:30:00,2026-04-25 16:05:00,Crescent Bar,0,
Priest Rapids Tailrace CHN,3,G720FF950,2026-04-23 21:30:00,2026-04-25 16:05:00,Sunland,0,
Priest Rapids Tailrace CHN,3,G720FF950,2026-04-23 21:30:00,2026-04-25 16:05:00,Wanapum BRZ,0,
Priest Rapids Tailrace CHN,3,G720FF950,2026-04-23 21:30:00,2026-04-25 16:05:00,Mattawa,0,
Priest Rapids Tailrace CHN,3,G720FF950,2026-04-23 21:30:00,2026-04-25 16:05:00,Priest BRZ,0,
Priest Rapids Tailrace CHN,3,G720FF950,2026-04-23 21:30:00,2026-04-25 16:05:00,Lower Ringold,1,2026-04-26 06:52:08
Priest Rapids Tailrace CHN,3,G720FF950,2026-04-23 21:30:00,2026-04-25 16:05:00,Hanford,1,2026-04-26 09:46:07
Priest Rapids Tailrace CHN,3,G7211C11C,2026-04-30 16:55:44,2026-05-02 16:36:00,Crescent Bar,0,
Priest Rapids Tailrace CHN,3,G7211C11C,2026-04-30 16:55:44,2026-05-02 16:36:00,Sunland,0,
Priest Rapids Tailrace CHN,3,G7211C11C,2026-04-30 16:55:44,2026-05-02 16:36:00,Wanapum BRZ,0,
Priest Rapids Tailrace CHN,3,G7211C11C,2026-04-30 16:55:44,2026-05-02 16:36:00,Mattawa,0,
Priest Rapids Tailrace CHN,3,G7211C11C,2026-04-30 16:55:44,2026-05-02 16:36:00,Priest BRZ,0,
Priest Rapids Tailrace CHN,3,G7211C11C,2026-04-30 16:55:44,2026-05-02 16:36:00,Lower Ringold,1,2026-05-04 13:15:24
Priest Rapids Tailrace CHN,3,G7211C11C,2026-04-30 16:55:44,2026-05-02 16:36:00,Hanford,1,2026-05-04 17:11:45
Priest Rapids Tailrace CHN,3,G7211F77F,2026-04-25 18:17:28,2026-04-27 16:25:00,Crescent Bar,0,
Priest Rapids Tailrace CHN,3,G7211F77F,2026-04-25 18:17:28,2026-04-27 16:25:00,Sunland,0,
Priest Rapids Tailrace CHN,3,G7211F77F,2026-04-25 18:17:28,2026-04-27 16:25:00,Wanapum BRZ,0,
Priest Rapids Tailrace CHN,3,G7211F77F,2026-04-25 18:17:28,2026-04-27 16:25:00,Mattawa,0,
Priest Rapids Tailrace CHN,3,G7211F77F,2026-04-25 18:17:28,2026-04-27 16:25:00,Priest BRZ,0,
Priest Rapids Tailrace CHN,3,G7211F77F,2026-04-25 18:17:28,2026-04-27 16:25:00,Lower Ringold,1,2026-04-28 08:37:26
Priest Rapids Tailrace CHN,3,G7211F77F,2026-04-25 18:17:28,2026-04-27 16:25:00,Hanford,1,2026-04-28 11:56:42
Priest Rapids Tailrace CHN,3,G721220FE,2026-04-29 16:53:05,2026-05-01 16:26:00,Crescent Bar,0,
Priest Rapids Tailrace CHN,3,G721220FE,2026-04-29 16:53:05,2026-05-01 16:26:00,Sunland,0,
Priest Rapids Tailrace CHN,3,G721220FE,2026-04-29 16:53:05,2026-05-01 16:26:00,Wanapum BRZ,0,
Priest Rapids Tailrace CHN,3,G721220FE,2026-04-29 16:53:05,2026-05-01 16:26:00,Mattawa,0,
Priest Rapids Tailrace CHN,3,G721220FE,2026-04-29 16:53:05,2026-05-01 16:26:00,Priest BRZ,0,
Priest Rapids Tailrace CHN,3,G721220FE,2026-04-29 16:53:05,2026-05-01 16:26:00,Lower Ringold,1,2026-05-02 05:17:50
Priest Rapids Tailrace CHN,3,G721220FE,2026-04-29 16:53:05,2026-05-01 16:26:00,Hanford,1,2026-05-02 08:11:40
Priest Rapids Tailrace CHN,2,G72138716,2026-04-30 16:38:59,2026-05-02 16:36:00,Crescent Bar,0,
Priest Rapids Tailrace CHN,2,G72138716,2026-04-30 16:38:59,2026-05-02 16:36:00,Sunland,0,
Priest Rapids Tailrace CHN,2,G72138716,2026-04-30 16:38:59,2026-05-02 16:36:00,Wanapum BRZ,0,
Priest Rapids Tailrace CHN,2,G72138716,2026-04-30 16:38:59,2026-05-02 16:36:00,Mattawa,0,
Priest Rapids Tailrace CHN,2,G72138716,2026-04-30 16:38:59,2026-05-02 16:36:00,Priest BRZ,0,
Priest Rapids Tailrace CHN,2,G72138716,2026-04-30 16:38:59,2026-05-02 16:36:00,Lower Ringold,1,2026-05-03 05:21:41
Priest Rapids Tailrace CHN,2,G72138716,2026-04-30 16:38:59,2026-05-02 16:36:00,Hanford,1,2026-05-03 09:51:22
Priest Rapids Tailrace CHN,3,G72159ADC,2026-04-25 18:17:02,2026-04-27 16:25:00,Crescent Bar,0,
Priest Rapids Tailrace CHN,3,G72159ADC,2026-04-25 18:17:02,2026-04-27 16:25:00,Sunland,0,
Priest Rapids Tailrace CHN,3,G72159ADC,2026-04-25 18:17:02,2026-04-27 16:25:00,Wanapum BRZ,0,
Priest Rapids Tailrace CHN,3,G72159ADC,2026-04-25 18:17:02,2026-04-27 16:25:00,Mattawa,0,
Priest Rapids Tailrace CHN,3,G72159ADC,2026-04-25 18:17:02,2026-04-27 16:25:00,Priest BRZ,0,
Priest Rapids Tailrace CHN,3,G72159ADC,2026-04-25 18:17:02,2026-04-27 16:25:00,Lower Ringold,1,2026-04-28 05:53:02
Priest Rapids Tailrace CHN,3,G72159ADC,2026-04-25 18:17:02,2026-04-27 16:25:00,Hanford,1,2026-04-28 09:35:11
Priest Rapids Tailrace CHN,2,G7216779D,2026-04-28 19:36:46,2026-04-30 16:19:00,Crescent Bar,0,
Priest Rapids Tailrace CHN,2,G7216779D,2026-04-28 19:36:46,2026-04-30 16:19:00,Sunland,0,
Priest Rapids Tailrace CHN,2,G7216779D,2026-04-28 19:36:46,2026-04-30 16:19:00,Wanapum BRZ,0,
Priest Rapids Tailrace CHN,2,G7216779D,2026-04-28 19:36:46,2026-04-30 16:19:00,Mattawa,0,
Priest Rapids Tailrace CHN,2,G7216779D,2026-04-28 19:36:46,2026-04-30 16:19:00,Priest BRZ,0,
Priest Rapids Tailrace CHN,2,G7216779D,2026-04-28 19:36:46,2026-04-30 16:19:00,Lower Ringold,1,2026-05-01 12:09:32
Priest Rapids Tailrace CHN,2,G7216779D,2026-04-28 19:36:46,2026-04-30 16:19:00,Hanford,1,2026-05-01 16:10:22
Priest Rapids Tailrace CHN,2,G721690F7,2026-04-26 17:46:28,2026-04-28 15:47:00,Crescent Bar,0,
Priest Rapids Tailrace CHN,2,G721690F7,2026-04-26 17:46:28,2026-04-28 15:47:00,Sunland,0,
Priest Rapids Tailrace CHN,2,G721690F7,2026-04-26 17:46:28,2026-04-28 15:47:00,Wanapum BRZ,0,
Priest Rapids Tailrace CHN,2,G721690F7,2026-04-26 17:46:28,2026-04-28 15:47:00,Mattawa,0,
Priest Rapids Tailrace CHN,2,G721690F7,2026-04-26 17:46:28,2026-04-28 15:47:00,Priest BRZ,0,
Priest Rapids Tailrace CHN,2,G721690F7,2026-04-26 17:46:28,2026-04-28 15:47:00,Lower Ringold,1,2026-04-29 06:22:49
Priest Rapids Tailrace CHN,2,G721690F7,2026-04-26 17:46:28,2026-04-28 15:47:00,Hanford,1,2026-04-29 09:46:15
Priest Rapids Tailrace CHN,2,G7216FFD3,2026-04-30 16:43:35,2026-05-02 16:36:00,Crescent Bar,0,
Priest Rapids Tailrace CHN,2,G7216FFD3,2026-04-30 16:43:35,2026-05-02 16:36:00,Sunland,0,
Priest Rapids Tailrace CHN,2,G7216FFD3,2026-04-30 16:43:35,2026-05-02 16:36:00,Wanapum BRZ,0,
Priest Rapids Tailrace CHN,2,G7216FFD3,2026-04-30 16:43:35,2026-05-02 16:36:00,Mattawa,0,
Priest Rapids Tailrace CHN,2,G7216FFD3,2026-04-30 16:43:35,2026-05-02 16:36:00,Priest BRZ,0,
Priest Rapids Tailrace CHN,2,G7216FFD3,2026-04-30 16:43:35,2026-05-02 16:36:00,Lower Ringold,0,
Priest Rapids Tailrace CHN,2,G7216FFD3,2026-04-30 16:43:35,2026-05-02 16:36:00,Hanford,0,
Priest Rapids Tailrace CHN,2,G72178591,2026-04-25 18:23:31,2026-04-27 16:25:00,Crescent Bar,0,
Priest Rapids Tailrace CHN,2,G72178591,2026-04-25 18:23:31,2026-04-27 16:25:00,Sunland,0,
Priest Rapids Tailrace CHN,2,G72178591,2026-04-25 18:23:31,2026-04-27 16:25:00,Wanapum BRZ,0,
Priest Rapids Tailrace CHN,2,G72178591,2026-04-25 18:23:31,2026-04-27 16:25:00,Mattawa,0,
Priest Rapids Tailrace CHN,2,G72178591,2026-04-25 18:23:31,2026-04-27 16:25:00,Priest BRZ,0,
Priest Rapids Tailrace CHN,2,G72178591,2026-04-25 18:23:31,2026-04-27 16:25:00,Lower Ringold,1,2026-04-28 15:28:01
Priest Rapids Tailrace CHN,2,G72178591,2026-04-25 18:23:31,2026-04-27 16:25:00,Hanford,1,2026-04-28 20:17:36
Priest Rapids Tailrace CHN,2,G72179B13,2026-04-28 19:39:21,2026-04-30 16:19:00,Crescent Bar,0,
Priest Rapids Tailrace CHN,2,G72179B13,2026-04-28 19:39:21,2026-04-30 16:19:00,Sunland,0,
Priest Rapids Tailrace CHN,2,G72179B13,2026-04-28 19:39:21,2026-04-30 16:19:00,Wanapum BRZ,0,
Priest Rapids Tailrace CHN,2,G72179B13,2026-04-28 19:39:21,2026-04-30 16:19:00,Mattawa,0,
Priest Rapids Tailrace CHN,2,G72179B13,2026-04-28 19:39:21,2026-04-30 16:19:00,Priest BRZ,0,
Priest Rapids Tailrace CHN,2,G72179B13,2026-04-28 19:39:21,2026-04-30 16:19:00,Lower Ringold,1,2026-05-01 09:00:30
Priest Rapids Tailrace CHN,2,G72179B13,2026-04-28 19:39:21,2026-04-30 16:19:00,Hanford,1,2026-05-01 12:25:10
Priest Rapids Tailrace CHN,2,G7219DEB6,2026-04-30 16:56:27,2026-05-02 16:36:00,Crescent Bar,0,
Priest Rapids Tailrace CHN,2,G7219DEB6,2026-04-30 16:56:27,2026-05-02 16:36:00,Sunland,0,
Priest Rapids Tailrace CHN,2,G7219DEB6,2026-04-30 16:56:27,2026-05-02 16:36:00,Wanapum BRZ,0,
Priest Rapids Tailrace CHN,2,G7219DEB6,2026-04-30 16:56:27,2026-05-02 16:36:00,Mattawa,0,
Priest Rapids Tailrace CHN,2,G7219DEB6,2026-04-30 16:56:27,2026-05-02 16:36:00,Priest BRZ,0,
Priest Rapids Tailrace CHN,2,G7219DEB6,2026-04-30 16:56:27,2026-05-02 16:36:00,Lower Ringold,1,2026-05-06 13:33:14
Priest Rapids Tailrace CHN,2,G7219DEB6,2026-04-30 16:56:27,2026-05-02 16:36:00,Hanford,1,2026-05-06 16:59:59
Priest Rapids Tailrace CHN,2,G721A57F3,2026-04-27 18:44:10,2026-04-29 16:07:00,Crescent Bar,0,
Priest Rapids Tailrace CHN,2,G721A57F3,2026-04-27 18:44:10,2026-04-29 16:07:00,Sunland,0,
Priest Rapids Tailrace CHN,2,G721A57F3,2026-04-27 18:44:10,2026-04-29 16:07:00,Wanapum BRZ,0,
Priest Rapids Tailrace CHN,2,G721A57F3,2026-04-27 18:44:10,2026-04-29 16:07:00,Mattawa,0,
Priest Rapids Tailrace CHN,2,G721A57F3,2026-04-27 18:44:10,2026-04-29 16:07:00,Priest BRZ,0,
Priest Rapids Tailrace CHN,2,G721A57F3,2026-04-27 18:44:10,2026-04-29 16:07:00,Lower Ringold,1,2026-05-02 21:35:08
Priest Rapids Tailrace CHN,2,G721A57F3,2026-04-27 18:44:10,2026-04-29 16:07:00,Hanford,1,2026-05-03 16:15:11
Priest Rapids Tailrace CHN,2,G721A58B2,2026-04-29 16:46:45,2026-05-01 16:26:00,Crescent Bar,0,
Priest Rapids Tailrace CHN,2,G721A58B2,2026-04-29 16:46:45,2026-05-01 16:26:00,Sunland,0,
Priest Rapids Tailrace CHN,2,G721A58B2,2026-04-29 16:46:45,2026-05-01 16:26:00,Wanapum BRZ,0,
Priest Rapids Tailrace CHN,2,G721A58B2,2026-04-29 16:46:45,2026-05-01 16:26:00,Mattawa,0,
Priest Rapids Tailrace CHN,2,G721A58B2,2026-04-29 16:46:45,2026-05-01 16:26:00,Priest BRZ,0,
Priest Rapids Tailrace CHN,2,G721A58B2,2026-04-29 16:46:45,2026-05-01 16:26:00,Lower Ringold,1,2026-05-02 12:12:49
Priest Rapids Tailrace CHN,2,G721A58B2,2026-04-29 16:46:45,2026-05-01 16:26:00,Hanford,1,2026-05-02 17:23:49
Priest Rapids Tailrace CHN,2,G721A7432,2026-04-30 16:54:38,2026-05-02 16:36:00,Crescent Bar,0,
Priest Rapids Tailrace CHN,2,G721A7432,2026-04-30 16:54:38,2026-05-02 16:36:00,Sunland,0,
Priest Rapids Tailrace CHN,2,G721A7432,2026-04-30 16:54:38,2026-05-02 16:36:00,Wanapum BRZ,0,
Priest Rapids Tailrace CHN,2,G721A7432,2026-04-30 16:54:38,2026-05-02 16:36:00,Mattawa,0,
Priest Rapids Tailrace CHN,2,G721A7432,2026-04-30 16:54:38,2026-05-02 16:36:00,Priest BRZ,0,
Priest Rapids Tailrace CHN,2,G721A7432,2026-04-30 16:54:38,2026-05-02 16:36:00,Lower Ringold,1,2026-05-04 07:41:47
Priest Rapids Tailrace CHN,2,G721A7432,2026-04-30 16:54:38,2026-05-02 16:36:00,Hanford,1,2026-05-04 10:43:59
Priest Rapids Tailrace CHN,3,G721B5B94,2026-04-25 18:21:08,2026-04-27 16:25:00,Crescent Bar,0,
Priest Rapids Tailrace CHN,3,G721B5B94,2026-04-25 18:21:08,2026-04-27 16:25:00,Sunland,0,
Priest Rapids Tailrace CHN,3,G721B5B94,2026-04-25 18:21:08,2026-04-27 16:25:00,Wanapum BRZ,0,
Priest Rapids Tailrace CHN,3,G721B5B94,2026-04-25 18:21:08,2026-04-27 16:25:00,Mattawa,0,
Priest Rapids Tailrace CHN,3,G721B5B94,2026-04-25 18:21:08,2026-04-27 16:25:00,Priest BRZ,0,
Priest Rapids Tailrace CHN,3,G721B5B94,2026-04-25 18:21:08,2026-04-27 16:25:00,Lower Ringold,1,2026-04-28 05:23:22
Priest Rapids Tailrace CHN,3,G721B5B94,2026-04-25 18:21:08,2026-04-27 16:25:00,Hanford,1,2026-04-28 14:14:54
Priest Rapids Tailrace CHN,2,G721C03E3,2026-04-29 17:03:10,2026-05-01 16:26:00,Crescent Bar,0,
Priest Rapids Tailrace CHN,2,G721C03E3,2026-04-29 17:03:10,2026-05-01 16:26:00,Sunland,0,
Priest Rapids Tailrace CHN,2,G721C03E3,2026-04-29 17:03:10,2026-05-01 16:26:00,Wanapum BRZ,0,
Priest Rapids Tailrace CHN,2,G721C03E3,2026-04-29 17:03:10,2026-05-01 16:26:00,Mattawa,0,
Priest Rapids Tailrace CHN,2,G721C03E3,2026-04-29 17:03:10,2026-05-01 16:26:00,Priest BRZ,0,
Priest Rapids Tailrace CHN,2,G721C03E3,2026-04-29 17:03:10,2026-05-01 16:26:00,Lower Ringold,1,2026-05-02 10:44:45
Priest Rapids Tailrace CHN,2,G721C03E3,2026-04-29 17:03:10,2026-05-01 16:26:00,Hanford,1,2026-05-02 13:58:36
Priest Rapids Tailrace CHN,3,G721C0460,2026-04-28 19:28:18,2026-04-30 16:19:00,Crescent Bar,0,
Priest Rapids Tailrace CHN,3,G721C0460,2026-04-28 19:28:18,2026-04-30 16:19:00,Sunland,0,
Priest Rapids Tailrace CHN,3,G721C0460,2026-04-28 19:28:18,2026-04-30 16:19:00,Wanapum BRZ,0,
Priest Rapids Tailrace CHN,3,G721C0460,2026-04-28 19:28:18,2026-04-30 16:19:00,Mattawa,0,
Priest Rapids Tailrace CHN,3,G721C0460,2026-04-28 19:28:18,2026-04-30 16:19:00,Priest BRZ,0,
Priest Rapids Tailrace CHN,3,G721C0460,2026-04-28 19:28:18,2026-04-30 16:19:00,Lower Ringold,1,2026-05-01 04:26:01
Priest Rapids Tailrace CHN,3,G721C0460,2026-04-28 19:28:18,2026-04-30 16:19:00,Hanford,1,2026-05-01 07:49:46
Priest Rapids Tailrace CHN,2,G721C71A7,2026-04-25 18:26:02,2026-04-27 16:25:00,Crescent Bar,0,
Priest Rapids Tailrace CHN,2,G721C71A7,2026-04-25 18:26:02,2026-04-27 16:25:00,Sunland,0,
Priest Rapids Tailrace CHN,2,G721C71A7,2026-04-25 18:26:02,2026-04-27 16:25:00,Wanapum BRZ,0,
Priest Rapids Tailrace CHN,2,G721C71A7,2026-04-25 18:26:02,2026-04-27 16:25:00,Mattawa,0,
Priest Rapids Tailrace CHN,2,G721C71A7,2026-04-25 18:26:02,2026-04-27 16:25:00,Priest BRZ,0,
Priest Rapids Tailrace CHN,2,G721C71A7,2026-04-25 18:26:02,2026-04-27 16:25:00,Lower Ringold,0,
Priest Rapids Tailrace CHN,2,G721C71A7,2026-04-25 18:26:02,2026-04-27 16:25:00,Hanford,0,
Priest Rapids Tailrace CHN,2,G721DC8CD,2026-04-26 17:43:39,2026-04-28 15:47:00,Crescent Bar,0,
Priest Rapids Tailrace CHN,2,G721DC8CD,2026-04-26 17:43:39,2026-04-28 15:47:00,Sunland,0,
Priest Rapids Tailrace CHN,2,G721DC8CD,2026-04-26 17:43:39,2026-04-28 15:47:00,Wanapum BRZ,0,
Priest Rapids Tailrace CHN,2,G721DC8CD,2026-04-26 17:43:39,2026-04-28 15:47:00,Mattawa,0,
Priest Rapids Tailrace CHN,2,G721DC8CD,2026-04-26 17:43:39,2026-04-28 15:47:00,Priest BRZ,0,
Priest Rapids Tailrace CHN,2,G721DC8CD,2026-04-26 17:43:39,2026-04-28 15:47:00,Lower Ringold,0,
Priest Rapids Tailrace CHN,2,G721DC8CD,2026-04-26 17:43:39,2026-04-28 15:47:00,Hanford,0,
Priest Rapids Tailrace CHN,2,G722075A6,2026-04-24 21:21:00,2026-04-26 16:25:00,Crescent Bar,0,
Priest Rapids Tailrace CHN,2,G722075A6,2026-04-24 21:21:00,2026-04-26 16:25:00,Sunland,0,
Priest Rapids Tailrace CHN,2,G722075A6,2026-04-24 21:21:00,2026-04-26 16:25:00,Wanapum BRZ,0,
Priest Rapids Tailrace CHN,2,G722075A6,2026-04-24 21:21:00,2026-04-26 16:25:00,Mattawa,0,
Priest Rapids Tailrace CHN,2,G722075A6,2026-04-24 21:21:00,2026-04-26 16:25:00,Priest BRZ,0,
Priest Rapids Tailrace CHN,2,G722075A6,2026-04-24 21:21:00,2026-04-26 16:25:00,Lower Ringold,1,2026-04-27 05:41:17
Priest Rapids Tailrace CHN,2,G722075A6,2026-04-24 21:21:00,2026-04-26 16:25:00,Hanford,1,2026-04-27 09:02:38
Priest Rapids Tailrace CHN,2,G7221223A,2026-04-30 16:43:07,2026-05-02 16:36:00,Crescent Bar,0,
Priest Rapids Tailrace CHN,2,G7221223A,2026-04-30 16:43:07,2026-05-02 16:36:00,Sunland,0,
Priest Rapids Tailrace CHN,2,G7221223A,2026-04-30 16:43:07,2026-05-02 16:36:00,Wanapum BRZ,0,
Priest Rapids Tailrace CHN,2,G7221223A,2026-04-30 16:43:07,2026-05-02 16:36:00,Mattawa,0,
Priest Rapids Tailrace CHN,2,G7221223A,2026-04-30 16:43:07,2026-05-02 16:36:00,Priest BRZ,0,
Priest Rapids Tailrace CHN,2,G7221223A,2026-04-30 16:43:07,2026-05-02 16:36:00,Lower Ringold,1,2026-05-03 05:36:24
Priest Rapids Tailrace CHN,2,G7221223A,2026-04-30 16:43:07,2026-05-02 16:36:00,Hanford,1,2026-05-03 08:21:54
Priest Rapids Tailrace CHN,2,G722132A7,2026-04-27 18:47:28,2026-04-29 16:07:00,Crescent Bar,0,
Priest Rapids Tailrace CHN,2,G722132A7,2026-04-27 18:47:28,2026-04-29 16:07:00,Sunland,0,
Priest Rapids Tailrace CHN,2,G722132A7,2026-04-27 18:47:28,2026-04-29 16:07:00,Wanapum BRZ,0,
Priest Rapids Tailrace CHN,2,G722132A7,2026-04-27 18:47:28,2026-04-29 16:07:00,Mattawa,0,
Priest Rapids Tailrace CHN,2,G722132A7,2026-04-27 18:47:28,2026-04-29 16:07:00,Priest BRZ,0,
Priest Rapids Tailrace CHN,2,G722132A7,2026-04-27 18:47:28,2026-04-29 16:07:00,Lower Ringold,1,2026-04-30 09:14:24
Priest Rapids Tailrace CHN,2,G722132A7,2026-04-27 18:47:28,2026-04-29 16:07:00,Hanford,1,2026-04-30 12:05:20
Priest Rapids Tailrace CHN,3,G7221BE88,2026-04-23 21:30:00,2026-04-25 16:05:00,Crescent Bar,0,
Priest Rapids Tailrace CHN,3,G7221BE88,2026-04-23 21:30:00,2026-04-25 16:05:00,Sunland,0,
Priest Rapids Tailrace CHN,3,G7221BE88,2026-04-23 21:30:00,2026-04-25 16:05:00,Wanapum BRZ,0,
Priest Rapids Tailrace CHN,3,G7221BE88,2026-04-23 21:30:00,2026-04-25 16:05:00,Mattawa,0,
Priest Rapids Tailrace CHN,3,G7221BE88,2026-04-23 21:30:00,2026-04-25 16:05:00,Priest BRZ,0,
Priest Rapids Tailrace CHN,3,G7221BE88,2026-04-23 21:30:00,2026-04-25 16:05:00,Lower Ringold,1,2026-04-26 05:19:28
Priest Rapids Tailrace CHN,3,G7221BE88,2026-04-23 21:30:00,2026-04-25 16:05:00,Hanford,1,2026-04-26 08:18:17
Priest Rapids Tailrace CHN,2,G722241E8,2026-04-24 21:19:46,2026-04-26 16:25:00,Crescent Bar,0,
Priest Rapids Tailrace CHN,2,G722241E8,2026-04-24 21:19:46,2026-04-26 16:25:00,Sunland,0,
Priest Rapids Tailrace CHN,2,G722241E8,2026-04-24 21:19:46,2026-04-26 16:25:00,Wanapum BRZ,0,
Priest Rapids Tailrace CHN,2,G722241E8,2026-04-24 21:19:46,2026-04-26 16:25:00,Mattawa,0,
Priest Rapids Tailrace CHN,2,G722241E8,2026-04-24 21:19:46,2026-04-26 16:25:00,Priest BRZ,0,
Priest Rapids Tailrace CHN,2,G722241E8,2026-04-24 21:19:46,2026-04-26 16:25:00,Lower Ringold,1,2026-04-27 04:38:12
Priest Rapids Tailrace CHN,2,G722241E8,2026-04-24 21:19:46,2026-04-26 16:25:00,Hanford,1,2026-04-27 07:33:57
Priest Rapids Tailrace CHN,2,G722291BF,2026-04-29 16:45:22,2026-05-01 16:26:00,Crescent Bar,0,
Priest Rapids Tailrace CHN,2,G722291BF,2026-04-29 16:45:22,2026-05-01 16:26:00,Sunland,0,
Priest Rapids Tailrace CHN,2,G722291BF,2026-04-29 16:45:22,2026-05-01 16:26:00,Wanapum BRZ,0,
Priest Rapids Tailrace CHN,2,G722291BF,2026-04-29 16:45:22,2026-05-01 16:26:00,Mattawa,0,
Priest Rapids Tailrace CHN,2,G722291BF,2026-04-29 16:45:22,2026-05-01 16:26:00,Priest BRZ,0,
Priest Rapids Tailrace CHN,2,G722291BF,2026-04-29 16:45:22,2026-05-01 16:26:00,Lower Ringold,1,2026-05-02 06:47:27
Priest Rapids Tailrace CHN,2,G722291BF,2026-04-29 16:45:22,2026-05-01 16:26:00,Hanford,1,2026-05-02 09:45:48
Priest Rapids Tailrace CHN,2,G72236A2F,2026-04-29 17:03:45,2026-05-01 16:26:00,Crescent Bar,0,
Priest Rapids Tailrace CHN,2,G72236A2F,2026-04-29 17:03:45,2026-05-01 16:26:00,Sunland,0,
Priest Rapids Tailrace CHN,2,G72236A2F,2026-04-29 17:03:45,2026-05-01 16:26:00,Wanapum BRZ,0,
Priest Rapids Tailrace CHN,2,G72236A2F,2026-04-29 17:03:45,2026-05-01 16:26:00,Mattawa,0,
Priest Rapids Tailrace CHN,2,G72236A2F,2026-04-29 17:03:45,2026-05-01 16:26:00,Priest BRZ,0,
Priest Rapids Tailrace CHN,2,G72236A2F,2026-04-29 17:03:45,2026-05-01 16:26:00,Lower Ringold,1,2026-05-02 06:58:14
Priest Rapids Tailrace CHN,2,G72236A2F,2026-04-29 17:03:45,2026-05-01 16:26:00,Hanford,1,2026-05-02 09:48:27
Priest Rapids Tailrace CHN,2,G722539BC,2026-04-24 21:23:00,2026-04-26 16:25:00,Crescent Bar,0,
Priest Rapids Tailrace CHN,2,G722539BC,2026-04-24 21:23:00,2026-04-26 16:25:00,Sunland,0,
Priest Rapids Tailrace CHN,2,G722539BC,2026-04-24 21:23:00,2026-04-26 16:25:00,Wanapum BRZ,0,
Priest Rapids Tailrace CHN,2,G722539BC,2026-04-24 21:23:00,2026-04-26 16:25:00,Mattawa,0,
Priest Rapids Tailrace CHN,2,G722539BC,2026-04-24 21:23:00,2026-04-26 16:25:00,Priest BRZ,0,
Priest Rapids Tailrace CHN,2,G722539BC,2026-04-24 21:23:00,2026-04-26 16:25:00,Lower Ringold,1,2026-04-27 09:24:51
Priest Rapids Tailrace CHN,2,G722539BC,2026-04-24 21:23:00,2026-04-26 16:25:00,Hanford,1,2026-04-27 12:42:13
Priest Rapids Tailrace CHN,2,G72264FCC,2026-04-30 17:00:36,2026-05-02 16:36:00,Crescent Bar,0,
Priest Rapids Tailrace CHN,2,G72264FCC,2026-04-30 17:00:36,2026-05-02 16:36:00,Sunland,0,
Priest Rapids Tailrace CHN,2,G72264FCC,2026-04-30 17:00:36,2026-05-02 16:36:00,Wanapum BRZ,0,
Priest Rapids Tailrace CHN,2,G72264FCC,2026-04-30 17:00:36,2026-05-02 16:36:00,Mattawa,0,
Priest Rapids Tailrace CHN,2,G72264FCC,2026-04-30 17:00:36,2026-05-02 16:36:00,Priest BRZ,0,
Priest Rapids Tailrace CHN,2,G72264FCC,2026-04-30 17:00:36,2026-05-02 16:36:00,Lower Ringold,1,2026-05-03 14:51:05
Priest Rapids Tailrace CHN,2,G72264FCC,2026-04-30 17:00:36,2026-05-02 16:36:00,Hanford,1,2026-05-04 01:51:43
Priest Rapids Tailrace CHN,1,G7226EF63,2026-04-29 16:57:26,2026-05-01 16:26:00,Crescent Bar,0,
Priest Rapids Tailrace CHN,1,G7226EF63,2026-04-29 16:57:26,2026-05-01 16:26:00,Sunland,0,
Priest Rapids Tailrace CHN,1,G7226EF63,2026-04-29 16:57:26,2026-05-01 16:26:00,Wanapum BRZ,0,
Priest Rapids Tailrace CHN,1,G7226EF63,2026-04-29 16:57:26,2026-05-01 16:26:00,Mattawa,0,
Priest Rapids Tailrace CHN,1,G7226EF63,2026-04-29 16:57:26,2026-05-01 16:26:00,Priest BRZ,0,
Priest Rapids Tailrace CHN,1,G7226EF63,2026-04-29 16:57:26,2026-05-01 16:26:00,Lower Ringold,1,2026-05-02 06:09:47
Priest Rapids Tailrace CHN,1,G7226EF63,2026-04-29 16:57:26,2026-05-01 16:26:00,Hanford,1,2026-05-02 09:14:49
Priest Rapids Tailrace CHN,1,G7227640B,2026-04-27 19:04:38,2026-04-29 16:07:00,Crescent Bar,0,
Priest Rapids Tailrace CHN,1,G7227640B,2026-04-27 19:04:38,2026-04-29 16:07:00,Sunland,0,
Priest Rapids Tailrace CHN,1,G7227640B,2026-04-27 19:04:38,2026-04-29 16:07:00,Wanapum BRZ,0,
Priest Rapids Tailrace CHN,1,G7227640B,2026-04-27 19:04:38,2026-04-29 16:07:00,Mattawa,0,
Priest Rapids Tailrace CHN,1,G7227640B,2026-04-27 19:04:38,2026-04-29 16:07:00,Priest BRZ,0,
Priest Rapids Tailrace CHN,1,G7227640B,2026-04-27 19:04:38,2026-04-29 16:07:00,Lower Ringold,1,2026-04-30 19:27:47
Priest Rapids Tailrace CHN,1,G7227640B,2026-04-27 19:04:38,2026-04-29 16:07:00,Hanford,0,
Priest Rapids Tailrace CHN,3,G7228FCC0,2026-04-25 18:26:56,2026-04-27 16:25:00,Crescent Bar,0,
Priest Rapids Tailrace CHN,3,G7228FCC0,2026-04-25 18:26:56,2026-04-27 16:25:00,Sunland,0,
Priest Rapids Tailrace CHN,3,G7228FCC0,2026-04-25 18:26:56,2026-04-27 16:25:00,Wanapum BRZ,0,
Priest Rapids Tailrace CHN,3,G7228FCC0,2026-04-25 18:26:56,2026-04-27 16:25:00,Mattawa,0,
Priest Rapids Tailrace CHN,3,G7228FCC0,2026-04-25 18:26:56,2026-04-27 16:25:00,Priest BRZ,0,
Priest Rapids Tailrace CHN,3,G7228FCC0,2026-04-25 18:26:56,2026-04-27 16:25:00,Lower Ringold,1,2026-04-28 05:11:06
Priest Rapids Tailrace CHN,3,G7228FCC0,2026-04-25 18:26:56,2026-04-27 16:25:00,Hanford,1,2026-04-28 08:53:21
Priest Rapids Tailrace CHN,3,G72294095,2026-04-28 19:33:44,2026-04-30 16:19:00,Crescent Bar,0,
Priest Rapids Tailrace CHN,3,G72294095,2026-04-28 19:33:44,2026-04-30 16:19:00,Sunland,0,
Priest Rapids Tailrace CHN,3,G72294095,2026-04-28 19:33:44,2026-04-30 16:19:00,Wanapum BRZ,0,
Priest Rapids Tailrace CHN,3,G72294095,2026-04-28 19:33:44,2026-04-30 16:19:00,Mattawa,0,
Priest Rapids Tailrace CHN,3,G72294095,2026-04-28 19:33:44,2026-04-30 16:19:00,Priest BRZ,0,
Priest Rapids Tailrace CHN,3,G72294095,2026-04-28 19:33:44,2026-04-30 16:19:00,Lower Ringold,1,2026-05-01 09:03:01
Priest Rapids Tailrace CHN,3,G72294095,2026-04-28 19:33:44,2026-04-30 16:19:00,Hanford,1,2026-05-01 12:49:23
Priest Rapids Tailrace CHN,2,G7229A8BE,2026-04-28 19:27:34,2026-04-30 16:19:00,Crescent Bar,0,
Priest Rapids Tailrace CHN,2,G7229A8BE,2026-04-28 19:27:34,2026-04-30 16:19:00,Sunland,0,
Priest Rapids Tailrace CHN,2,G7229A8BE,2026-04-28 19:27:34,2026-04-30 16:19:00,Wanapum BRZ,0,
Priest Rapids Tailrace CHN,2,G7229A8BE,2026-04-28 19:27:34,2026-04-30 16:19:00,Mattawa,0,
Priest Rapids Tailrace CHN,2,G7229A8BE,2026-04-28 19:27:34,2026-04-30 16:19:00,Priest BRZ,0,
Priest Rapids Tailrace CHN,2,G7229A8BE,2026-04-28 19:27:34,2026-04-30 16:19:00,Lower Ringold,1,2026-05-01 06:01:27
Priest Rapids Tailrace CHN,2,G7229A8BE,2026-04-28 19:27:34,2026-04-30 16:19:00,Hanford,1,2026-05-01 09:09:19
Priest Rapids Tailrace CHN,2,G722B2CC2,2026-04-28 19:29:45,2026-04-30 16:19:00,Crescent Bar,0,
Priest Rapids Tailrace CHN,2,G722B2CC2,2026-04-28 19:29:45,2026-04-30 16:19:00,Sunland,0,
Priest Rapids Tailrace CHN,2,G722B2CC2,2026-04-28 19:29:45,2026-04-30 16:19:00,Wanapum BRZ,0,
Priest Rapids Tailrace CHN,2,G722B2CC2,2026-04-28 19:29:45,2026-04-30 16:19:00,Mattawa,0,
Priest Rapids Tailrace CHN,2,G722B2CC2,2026-04-28 19:29:45,2026-04-30 16:19:00,Priest BRZ,0,
Priest Rapids Tailrace CHN,2,G722B2CC2,2026-04-28 19:29:45,2026-04-30 16:19:00,Lower Ringold,1,2026-05-01 13:28:48
Priest Rapids Tailrace CHN,2,G722B2CC2,2026-04-28 19:29:45,2026-04-30 16:19:00,Hanford,1,2026-05-01 17:18:40
Priest Rapids Tailrace CHN,2,G722EF275,2026-04-26 17:52:39,2026-04-28 15:47:00,Crescent Bar,0,
Priest Rapids Tailrace CHN,2,G722EF275,2026-04-26 17:52:39,2026-04-28 15:47:00,Sunland,0,
Priest Rapids Tailrace CHN,2,G722EF275,2026-04-26 17:52:39,2026-04-28 15:47:00,Wanapum BRZ,0,
Priest Rapids Tailrace CHN,2,G722EF275,2026-04-26 17:52:39,2026-04-28 15:47:00,Mattawa,0,
Priest Rapids Tailrace CHN,2,G722EF275,2026-04-26 17:52:39,2026-04-28 15:47:00,Priest BRZ,0,
Priest Rapids Tailrace CHN,2,G722EF275,2026-04-26 17:52:39,2026-04-28 15:47:00,Lower Ringold,1,2026-04-29 05:40:08
Priest Rapids Tailrace CHN,2,G722EF275,2026-04-26 17:52:39,2026-04-28 15:47:00,Hanford,1,2026-04-29 09:38:56
Priest Rapids Tailrace CHN,1,G72301A6E,2026-04-30 16:38:08,2026-05-02 16:36:00,Crescent Bar,0,
Priest Rapids Tailrace CHN,1,G72301A6E,2026-04-30 16:38:08,2026-05-02 16:36:00,Sunland,0,
Priest Rapids Tailrace CHN,1,G72301A6E,2026-04-30 16:38:08,2026-05-02 16:36:00,Wanapum BRZ,0,
Priest Rapids Tailrace CHN,1,G72301A6E,2026-04-30 16:38:08,2026-05-02 16:36:00,Mattawa,0,
Priest Rapids Tailrace CHN,1,G72301A6E,2026-04-30 16:38:08,2026-05-02 16:36:00,Priest BRZ,0,
Priest Rapids Tailrace CHN,1,G72301A6E,2026-04-30 16:38:08,2026-05-02 16:36:00,Lower Ringold,1,2026-05-03 07:39:27
Priest Rapids Tailrace CHN,1,G72301A6E,2026-04-30 16:38:08,2026-05-02 16:36:00,Hanford,1,2026-05-03 10:36:56
Priest Rapids Tailrace CHN,1,G72304ED4,2026-04-30 17:03:57,2026-05-02 16:36:00,Crescent Bar,0,
Priest Rapids Tailrace CHN,1,G72304ED4,2026-04-30 17:03:57,2026-05-02 16:36:00,Sunland,0,
Priest Rapids Tailrace CHN,1,G72304ED4,2026-04-30 17:03:57,2026-05-02 16:36:00,Wanapum BRZ,0,
Priest Rapids Tailrace CHN,1,G72304ED4,2026-04-30 17:03:57,2026-05-02 16:36:00,Mattawa,0,
Priest Rapids Tailrace CHN,1,G72304ED4,2026-04-30 17:03:57,2026-05-02 16:36:00,Priest BRZ,0,
Priest Rapids Tailrace CHN,1,G72304ED4,2026-04-30 17:03:57,2026-05-02 16:36:00,Lower Ringold,1,2026-05-03 08:46:08
Priest Rapids Tailrace CHN,1,G72304ED4,2026-04-30 17:03:57,2026-05-02 16:36:00,Hanford,1,2026-05-03 12:02:05
Priest Rapids Tailrace CHN,2,G72310CEA,2026-04-28 19:26:28,2026-04-30 16:19:00,Crescent Bar,0,
Priest Rapids Tailrace CHN,2,G72310CEA,2026-04-28 19:26:28,2026-04-30 16:19:00,Sunland,0,
Priest Rapids Tailrace CHN,2,G72310CEA,2026-04-28 19:26:28,2026-04-30 16:19:00,Wanapum BRZ,0,
Priest Rapids Tailrace CHN,2,G72310CEA,2026-04-28 19:26:28,2026-04-30 16:19:00,Mattawa,0,
Priest Rapids Tailrace CHN,2,G72310CEA,2026-04-28 19:26:28,2026-04-30 16:19:00,Priest BRZ,0,
Priest Rapids Tailrace CHN,2,G72310CEA,2026-04-28 19:26:28,2026-04-30 16:19:00,Lower Ringold,1,2026-05-01 06:35:18
Priest Rapids Tailrace CHN,2,G72310CEA,2026-04-28 19:26:28,2026-04-30 16:19:00,Hanford,1,2026-05-01 10:50:47
Priest Rapids Tailrace CHN,3,G7231E723,2026-04-24 21:15:50,2026-04-26 16:25:00,Crescent Bar,0,
Priest Rapids Tailrace CHN,3,G7231E723,2026-04-24 21:15:50,2026-04-26 16:25:00,Sunland,0,
Priest Rapids Tailrace CHN,3,G7231E723,2026-04-24 21:15:50,2026-04-26 16:25:00,Wanapum BRZ,0,
Priest Rapids Tailrace CHN,3,G7231E723,2026-04-24 21:15:50,2026-04-26 16:25:00,Mattawa,0,
Priest Rapids Tailrace CHN,3,G7231E723,2026-04-24 21:15:50,2026-04-26 16:25:00,Priest BRZ,0,
Priest Rapids Tailrace CHN,3,G7231E723,2026-04-24 21:15:50,2026-04-26 16:25:00,Lower Ringold,1,2026-04-27 04:55:08
Priest Rapids Tailrace CHN,3,G7231E723,2026-04-24 21:15:50,2026-04-26 16:25:00,Hanford,1,2026-04-27 08:22:30
Priest Rapids Tailrace CHN,1,G7232EEEA,2026-04-28 19:31:06,2026-04-30 16:19:00,Crescent Bar,0,
Priest Rapids Tailrace CHN,1,G7232EEEA,2026-04-28 19:31:06,2026-04-30 16:19:00,Sunland,0,
Priest Rapids Tailrace CHN,1,G7232EEEA,2026-04-28 19:31:06,2026-04-30 16:19:00,Wanapum BRZ,0,
Priest Rapids Tailrace CHN,1,G7232EEEA,2026-04-28 19:31:06,2026-04-30 16:19:00,Mattawa,0,
Priest Rapids Tailrace CHN,1,G7232EEEA,2026-04-28 19:31:06,2026-04-30 16:19:00,Priest BRZ,0,
Priest Rapids Tailrace CHN,1,G7232EEEA,2026-04-28 19:31:06,2026-04-30 16:19:00,Lower Ringold,1,2026-05-01 15:45:53
Priest Rapids Tailrace CHN,1,G7232EEEA,2026-04-28 19:31:06,2026-04-30 16:19:00,Hanford,1,2026-05-02 04:52:58
Priest Rapids Tailrace CHN,1,G72342229,2026-04-29 17:04:14,2026-05-01 16:26:00,Crescent Bar,0,
Priest Rapids Tailrace CHN,1,G72342229,2026-04-29 17:04:14,2026-05-01 16:26:00,Sunland,0,
Priest Rapids Tailrace CHN,1,G72342229,2026-04-29 17:04:14,2026-05-01 16:26:00,Wanapum BRZ,0,
Priest Rapids Tailrace CHN,1,G72342229,2026-04-29 17:04:14,2026-05-01 16:26:00,Mattawa,0,
Priest Rapids Tailrace CHN,1,G72342229,2026-04-29 17:04:14,2026-05-01 16:26:00,Priest BRZ,0,
Priest Rapids Tailrace CHN,1,G72342229,2026-04-29 17:04:14,2026-05-01 16:26:00,Lower Ringold,1,2026-05-02 06:54:15
Priest Rapids Tailrace CHN,1,G72342229,2026-04-29 17:04:14,2026-05-01 16:26:00,Hanford,1,2026-05-02 10:26:26
Priest Rapids Tailrace CHN,1,G72367EC0,2026-04-25 18:42:28,2026-04-27 16:25:00,Crescent Bar,0,
Priest Rapids Tailrace CHN,1,G72367EC0,2026-04-25 18:42:28,2026-04-27 16:25:00,Sunland,0,
Priest Rapids Tailrace CHN,1,G72367EC0,2026-04-25 18:42:28,2026-04-27 16:25:00,Wanapum BRZ,0,
Priest Rapids Tailrace CHN,1,G72367EC0,2026-04-25 18:42:28,2026-04-27 16:25:00,Mattawa,0,
Priest Rapids Tailrace CHN,1,G72367EC0,2026-04-25 18:42:28,2026-04-27 16:25:00,Priest BRZ,0,
Priest Rapids Tailrace CHN,1,G72367EC0,2026-04-25 18:42:28,2026-04-27 16:25:00,Lower Ringold,1,2026-04-28 07:58:22
Priest Rapids Tailrace CHN,1,G72367EC0,2026-04-25 18:42:28,2026-04-27 16:25:00,Hanford,1,2026-04-28 10:51:01
Priest Rapids Tailrace CHN,2,G72374D58,2026-04-28 19:26:03,2026-04-30 16:19:00,Crescent Bar,0,
Priest Rapids Tailrace CHN,2,G72374D58,2026-04-28 19:26:03,2026-04-30 16:19:00,Sunland,0,
Priest Rapids Tailrace CHN,2,G72374D58,2026-04-28 19:26:03,2026-04-30 16:19:00,Wanapum BRZ,0,
Priest Rapids Tailrace CHN,2,G72374D58,2026-04-28 19:26:03,2026-04-30 16:19:00,Mattawa,0,
Priest Rapids Tailrace CHN,2,G72374D58,2026-04-28 19:26:03,2026-04-30 16:19:00,Priest BRZ,0,
Priest Rapids Tailrace CHN,2,G72374D58,2026-04-28 19:26:03,2026-04-30 16:19:00,Lower Ringold,1,2026-05-01 05:07:05
Priest Rapids Tailrace CHN,2,G72374D58,2026-04-28 19:26:03,2026-04-30 16:19:00,Hanford,1,2026-05-01 07:46:39
Priest Rapids Tailrace CHN,1,G7237B5EE,2026-04-28 19:43:21,2026-04-30 16:19:00,Crescent Bar,0,
Priest Rapids Tailrace CHN,1,G7237B5EE,2026-04-28 19:43:21,2026-04-30 16:19:00,Sunland,0,
Priest Rapids Tailrace CHN,1,G7237B5EE,2026-04-28 19:43:21,2026-04-30 16:19:00,Wanapum BRZ,0,
Priest Rapids Tailrace CHN,1,G7237B5EE,2026-04-28 19:43:21,2026-04-30 16:19:00,Mattawa,0,
Priest Rapids Tailrace CHN,1,G7237B5EE,2026-04-28 19:43:21,2026-04-30 16:19:00,Priest BRZ,0,
Priest Rapids Tailrace CHN,1,G7237B5EE,2026-04-28 19:43:21,2026-04-30 16:19:00,Lower Ringold,1,2026-05-01 05:30:33
Priest Rapids Tailrace CHN,1,G7237B5EE,2026-04-28 19:43:21,2026-04-30 16:19:00,Hanford,1,2026-05-01 08:38:44
Priest Rapids Tailrace CHN,2,G72384AC3,2026-04-24 21:08:38,2026-04-26 16:25:00,Crescent Bar,0,
Priest Rapids Tailrace CHN,2,G72384AC3,2026-04-24 21:08:38,2026-04-26 16:25:00,Sunland,0,
Priest Rapids Tailrace CHN,2,G72384AC3,2026-04-24 21:08:38,2026-04-26 16:25:00,Wanapum BRZ,0,
Priest Rapids Tailrace CHN,2,G72384AC3,2026-04-24 21:08:38,2026-04-26 16:25:00,Mattawa,0,
Priest Rapids Tailrace CHN,2,G72384AC3,2026-04-24 21:08:38,2026-04-26 16:25:00,Priest BRZ,0,
Priest Rapids Tailrace CHN,2,G72384AC3,2026-04-24 21:08:38,2026-04-26 16:25:00,Lower Ringold,1,2026-04-28 17:53:13
Priest Rapids Tailrace CHN,2,G72384AC3,2026-04-24 21:08:38,2026-04-26 16:25:00,Hanford,1,2026-04-28 21:33:34
Priest Rapids Tailrace CHN,2,G72397ED8,2026-04-29 16:49:23,2026-05-01 16:26:00,Crescent Bar,0,
Priest Rapids Tailrace CHN,2,G72397ED8,2026-04-29 16:49:23,2026-05-01 16:26:00,Sunland,0,
Priest Rapids Tailrace CHN,2,G72397ED8,2026-04-29 16:49:23,2026-05-01 16:26:00,Wanapum BRZ,0,
Priest Rapids Tailrace CHN,2,G72397ED8,2026-04-29 16:49:23,2026-05-01 16:26:00,Mattawa,0,
Priest Rapids Tailrace CHN,2,G72397ED8,2026-04-29 16:49:23,2026-05-01 16:26:00,Priest BRZ,0,
Priest Rapids Tailrace CHN,2,G72397ED8,2026-04-29 16:49:23,2026-05-01 16:26:00,Lower Ringold,1,2026-05-02 04:32:38
Priest Rapids Tailrace CHN,2,G72397ED8,2026-04-29 16:49:23,2026-05-01 16:26:00,Hanford,1,2026-05-02 07:49:52
Priest Rapids Tailrace CHN,3,G723B01F0,2026-04-29 17:01:05,2026-05-01 16:26:00,Crescent Bar,0,
Priest Rapids Tailrace CHN,3,G723B01F0,2026-04-29 17:01:05,2026-05-01 16:26:00,Sunland,0,
Priest Rapids Tailrace CHN,3,G723B01F0,2026-04-29 17:01:05,2026-05-01 16:26:00,Wanapum BRZ,0,
Priest Rapids Tailrace CHN,3,G723B01F0,2026-04-29 17:01:05,2026-05-01 16:26:00,Mattawa,0,
Priest Rapids Tailrace CHN,3,G723B01F0,2026-04-29 17:01:05,2026-05-01 16:26:00,Priest BRZ,0,
Priest Rapids Tailrace CHN,3,G723B01F0,2026-04-29 17:01:05,2026-05-01 16:26:00,Lower Ringold,1,2026-05-02 06:02:59
Priest Rapids Tailrace CHN,3,G723B01F0,2026-04-29 17:01:05,2026-05-01 16:26:00,Hanford,1,2026-05-02 09:01:27
Priest Rapids Tailrace CHN,2,G723B2911,2026-04-28 19:30:28,2026-04-30 16:19:00,Crescent Bar,0,
Priest Rapids Tailrace CHN,2,G723B2911,2026-04-28 19:30:28,2026-04-30 16:19:00,Sunland,0,
Priest Rapids Tailrace CHN,2,G723B2911,2026-04-28 19:30:28,2026-04-30 16:19:00,Wanapum BRZ,0,
Priest Rapids Tailrace CHN,2,G723B2911,2026-04-28 19:30:28,2026-04-30 16:19:00,Mattawa,0,
Priest Rapids Tailrace CHN,2,G723B2911,2026-04-28 19:30:28,2026-04-30 16:19:00,Priest BRZ,0,
Priest Rapids Tailrace CHN,2,G723B2911,2026-04-28 19:30:28,2026-04-30 16:19:00,Lower Ringold,1,2026-05-01 03:42:31
Priest Rapids Tailrace CHN,2,G723B2911,2026-04-28 19:30:28,2026-04-30 16:19:00,Hanford,1,2026-05-01 06:38:58
Priest Rapids Tailrace CHN,2,G723B94DE,2026-04-23 21:30:00,2026-04-25 16:05:00,Crescent Bar,0,
Priest Rapids Tailrace CHN,2,G723B94DE,2026-04-23 21:30:00,2026-04-25 16:05:00,Sunland,0,
Priest Rapids Tailrace CHN,2,G723B94DE,2026-04-23 21:30:00,2026-04-25 16:05:00,Wanapum BRZ,0,
Priest Rapids Tailrace CHN,2,G723B94DE,2026-04-23 21:30:00,2026-04-25 16:05:00,Mattawa,0,
Priest Rapids Tailrace CHN,2,G723B94DE,2026-04-23 21:30:00,2026-04-25 16:05:00,Priest BRZ,0,
Priest Rapids Tailrace CHN,2,G723B94DE,2026-04-23 21:30:00,2026-04-25 16:05:00,Lower Ringold,1,2026-04-26 06:05:15
Priest Rapids Tailrace CHN,2,G723B94DE,2026-04-23 21:30:00,2026-04-25 16:05:00,Hanford,1,2026-04-26 09:19:23
Priest Rapids Tailrace CHN,2,G723C960C,2026-04-26 17:43:57,2026-04-28 15:47:00,Crescent Bar,0,
Priest Rapids Tailrace CHN,2,G723C960C,2026-04-26 17:43:57,2026-04-28 15:47:00,Sunland,0,
Priest Rapids Tailrace CHN,2,G723C960C,2026-04-26 17:43:57,2026-04-28 15:47:00,Wanapum BRZ,0,
Priest Rapids Tailrace CHN,2,G723C960C,2026-04-26 17:43:57,2026-04-28 15:47:00,Mattawa,0,
Priest Rapids Tailrace CHN,2,G723C960C,2026-04-26 17:43:57,2026-04-28 15:47:00,Priest BRZ,0,
Priest Rapids Tailrace CHN,2,G723C960C,2026-04-26 17:43:57,2026-04-28 15:47:00,Lower Ringold,1,2026-04-29 06:49:38
Priest Rapids Tailrace CHN,2,G723C960C,2026-04-26 17:43:57,2026-04-28 15:47:00,Hanford,1,2026-04-29 09:58:31
Priest Rapids Tailrace CHN,2,G7240441C,2026-04-30 17:01:40,2026-05-02 16:36:00,Crescent Bar,0,
Priest Rapids Tailrace CHN,2,G7240441C,2026-04-30 17:01:40,2026-05-02 16:36:00,Sunland,0,
Priest Rapids Tailrace CHN,2,G7240441C,2026-04-30 17:01:40,2026-05-02 16:36:00,Wanapum BRZ,0,
Priest Rapids Tailrace CHN,2,G7240441C,2026-04-30 17:01:40,2026-05-02 16:36:00,Mattawa,0,
Priest Rapids Tailrace CHN,2,G7240441C,2026-04-30 17:01:40,2026-05-02 16:36:00,Priest BRZ,0,
Priest Rapids Tailrace CHN,2,G7240441C,2026-04-30 17:01:40,2026-05-02 16:36:00,Lower Ringold,1,2026-05-03 08:32:39
Priest Rapids Tailrace CHN,2,G7240441C,2026-04-30 17:01:40,2026-05-02 16:36:00,Hanford,1,2026-05-03 11:23:43
Priest Rapids Tailrace CHN,2,G72412940,2026-04-27 18:44:29,2026-04-29 16:07:00,Crescent Bar,0,
Priest Rapids Tailrace CHN,2,G72412940,2026-04-27 18:44:29,2026-04-29 16:07:00,Sunland,0,
Priest Rapids Tailrace CHN,2,G72412940,2026-04-27 18:44:29,2026-04-29 16:07:00,Wanapum BRZ,0,
Priest Rapids Tailrace CHN,2,G72412940,2026-04-27 18:44:29,2026-04-29 16:07:00,Mattawa,0,
Priest Rapids Tailrace CHN,2,G72412940,2026-04-27 18:44:29,2026-04-29 16:07:00,Priest BRZ,0,
Priest Rapids Tailrace CHN,2,G72412940,2026-04-27 18:44:29,2026-04-29 16:07:00,Lower Ringold,1,2026-04-30 06:07:38
Priest Rapids Tailrace CHN,2,G72412940,2026-04-27 18:44:29,2026-04-29 16:07:00,Hanford,1,2026-04-30 09:05:53
Priest Rapids Tailrace CHN,2,G72416719,2026-04-23 21:30:00,2026-04-25 16:05:00,Crescent Bar,0,
Priest Rapids Tailrace CHN,2,G72416719,2026-04-23 21:30:00,2026-04-25 16:05:00,Sunland,0,
Priest Rapids Tailrace CHN,2,G72416719,2026-04-23 21:30:00,2026-04-25 16:05:00,Wanapum BRZ,0,
Priest Rapids Tailrace CHN,2,G72416719,2026-04-23 21:30:00,2026-04-25 16:05:00,Mattawa,0,
Priest Rapids Tailrace CHN,2,G72416719,2026-04-23 21:30:00,2026-04-25 16:05:00,Priest BRZ,0,
Priest Rapids Tailrace CHN,2,G72416719,2026-04-23 21:30:00,2026-04-25 16:05:00,Lower Ringold,1,2026-04-30 13:42:56
Priest Rapids Tailrace CHN,2,G72416719,2026-04-23 21:30:00,2026-04-25 16:05:00,Hanford,1,2026-05-09 20:31:44
Priest Rapids Tailrace CHN,2,G7242E422,2026-04-25 18:28:51,2026-04-27 16:25:00,Crescent Bar,0,
Priest Rapids Tailrace CHN,2,G7242E422,2026-04-25 18:28:51,2026-04-27 16:25:00,Sunland,0,
Priest Rapids Tailrace CHN,2,G7242E422,2026-04-25 18:28:51,2026-04-27 16:25:00,Wanapum BRZ,0,
Priest Rapids Tailrace CHN,2,G7242E422,2026-04-25 18:28:51,2026-04-27 16:25:00,Mattawa,0,
Priest Rapids Tailrace CHN,2,G7242E422,2026-04-25 18:28:51,2026-04-27 16:25:00,Priest BRZ,0,
Priest Rapids Tailrace CHN,2,G7242E422,2026-04-25 18:28:51,2026-04-27 16:25:00,Lower Ringold,1,2026-04-28 07:58:53
Priest Rapids Tailrace CHN,2,G7242E422,2026-04-25 18:28:51,2026-04-27 16:25:00,Hanford,1,2026-04-28 12:08:30
Priest Rapids Tailrace CHN,2,G7243A4A0,2026-04-23 21:30:00,2026-04-25 16:05:00,Crescent Bar,0,
Priest Rapids Tailrace CHN,2,G7243A4A0,2026-04-23 21:30:00,2026-04-25 16:05:00,Sunland,0,
Priest Rapids Tailrace CHN,2,G7243A4A0,2026-04-23 21:30:00,2026-04-25 16:05:00,Wanapum BRZ,0,
Priest Rapids Tailrace CHN,2,G7243A4A0,2026-04-23 21:30:00,2026-04-25 16:05:00,Mattawa,0,
Priest Rapids Tailrace CHN,2,G7243A4A0,2026-04-23 21:30:00,2026-04-25 16:05:00,Priest BRZ,0,
Priest Rapids Tailrace CHN,2,G7243A4A0,2026-04-23 21:30:00,2026-04-25 16:05:00,Lower Ringold,1,2026-04-26 05:46:34
Priest Rapids Tailrace CHN,2,G7243A4A0,2026-04-23 21:30:00,2026-04-25 16:05:00,Hanford,1,2026-04-26 11:38:52
Priest Rapids Tailrace CHN,2,G72440A7E,2026-04-26 17:42:32,2026-04-28 15:47:00,Crescent Bar,0,
Priest Rapids Tailrace CHN,2,G72440A7E,2026-04-26 17:42:32,2026-04-28 15:47:00,Sunland,0,
Priest Rapids Tailrace CHN,2,G72440A7E,2026-04-26 17:42:32,2026-04-28 15:47:00,Wanapum BRZ,0,
Priest Rapids Tailrace CHN,2,G72440A7E,2026-04-26 17:42:32,2026-04-28 15:47:00,Mattawa,0,
Priest Rapids Tailrace CHN,2,G72440A7E,2026-04-26 17:42:32,2026-04-28 15:47:00,Priest BRZ,0,
Priest Rapids Tailrace CHN,2,G72440A7E,2026-04-26 17:42:32,2026-04-28 15:47:00,Lower Ringold,1,2026-04-29 04:55:56
Priest Rapids Tailrace CHN,2,G72440A7E,2026-04-26 17:42:32,2026-04-28 15:47:00,Hanford,1,2026-04-29 08:23:25
Priest Rapids Tailrace CHN,2,G7244D2EB,2026-04-24 21:36:41,2026-04-26 16:25:00,Crescent Bar,0,
Priest Rapids Tailrace CHN,2,G7244D2EB,2026-04-24 21:36:41,2026-04-26 16:25:00,Sunland,0,
Priest Rapids Tailrace CHN,2,G7244D2EB,2026-04-24 21:36:41,2026-04-26 16:25:00,Wanapum BRZ,0,
Priest Rapids Tailrace CHN,2,G7244D2EB,2026-04-24 21:36:41,2026-04-26 16:25:00,Mattawa,0,
Priest Rapids Tailrace CHN,2,G7244D2EB,2026-04-24 21:36:41,2026-04-26 16:25:00,Priest BRZ,0,
Priest Rapids Tailrace CHN,2,G7244D2EB,2026-04-24 21:36:41,2026-04-26 16:25:00,Lower Ringold,1,2026-04-27 05:36:17
Priest Rapids Tailrace CHN,2,G7244D2EB,2026-04-24 21:36:41,2026-04-26 16:25:00,Hanford,1,2026-04-27 09:01:26
Priest Rapids Tailrace CHN,2,G72450ABA,2026-04-26 17:25:06,2026-04-28 15:47:00,Crescent Bar,0,
Priest Rapids Tailrace CHN,2,G72450ABA,2026-04-26 17:25:06,2026-04-28 15:47:00,Sunland,0,
Priest Rapids Tailrace CHN,2,G72450ABA,2026-04-26 17:25:06,2026-04-28 15:47:00,Wanapum BRZ,0,
Priest Rapids Tailrace CHN,2,G72450ABA,2026-04-26 17:25:06,2026-04-28 15:47:00,Mattawa,0,
Priest Rapids Tailrace CHN,2,G72450ABA,2026-04-26 17:25:06,2026-04-28 15:47:00,Priest BRZ,0,
Priest Rapids Tailrace CHN,2,G72450ABA,2026-04-26 17:25:06,2026-04-28 15:47:00,Lower Ringold,1,2026-04-29 09:54:11
Priest Rapids Tailrace CHN,2,G72450ABA,2026-04-26 17:25:06,2026-04-28 15:47:00,Hanford,1,2026-04-29 13:40:17
Priest Rapids Tailrace CHN,3,G72470B75,2026-04-26 17:24:39,2026-04-28 15:47:00,Crescent Bar,0,
Priest Rapids Tailrace CHN,3,G72470B75,2026-04-26 17:24:39,2026-04-28 15:47:00,Sunland,0,
Priest Rapids Tailrace CHN,3,G72470B75,2026-04-26 17:24:39,2026-04-28 15:47:00,Wanapum BRZ,0,
Priest Rapids Tailrace CHN,3,G72470B75,2026-04-26 17:24:39,2026-04-28 15:47:00,Mattawa,0,
Priest Rapids Tailrace CHN,3,G72470B75,2026-04-26 17:24:39,2026-04-28 15:47:00,Priest BRZ,0,
Priest Rapids Tailrace CHN,3,G72470B75,2026-04-26 17:24:39,2026-04-28 15:47:00,Lower Ringold,1,2026-04-29 08:26:11
Priest Rapids Tailrace CHN,3,G72470B75,2026-04-26 17:24:39,2026-04-28 15:47:00,Hanford,1,2026-04-29 12:51:33
Priest Rapids Tailrace CHN,3,G7248A25E,2026-04-26 17:45:23,2026-04-28 15:47:00,Crescent Bar,0,
Priest Rapids Tailrace CHN,3,G7248A25E,2026-04-26 17:45:23,2026-04-28 15:47:00,Sunland,0,
Priest Rapids Tailrace CHN,3,G7248A25E,2026-04-26 17:45:23,2026-04-28 15:47:00,Wanapum BRZ,0,
Priest Rapids Tailrace CHN,3,G7248A25E,2026-04-26 17:45:23,2026-04-28 15:47:00,Mattawa,0,
Priest Rapids Tailrace CHN,3,G7248A25E,2026-04-26 17:45:23,2026-04-28 15:47:00,Priest BRZ,0,
Priest Rapids Tailrace CHN,3,G7248A25E,2026-04-26 17:45:23,2026-04-28 15:47:00,Lower Ringold,1,2026-04-29 07:09:41
Priest Rapids Tailrace CHN,3,G7248A25E,2026-04-26 17:45:23,2026-04-28 15:47:00,Hanford,1,2026-04-29 12:04:05
Priest Rapids Tailrace CHN,2,G724A0601,2026-04-30 16:36:13,2026-05-02 16:36:00,Crescent Bar,0,
Priest Rapids Tailrace CHN,2,G724A0601,2026-04-30 16:36:13,2026-05-02 16:36:00,Sunland,0,
Priest Rapids Tailrace CHN,2,G724A0601,2026-04-30 16:36:13,2026-05-02 16:36:00,Wanapum BRZ,0,
Priest Rapids Tailrace CHN,2,G724A0601,2026-04-30 16:36:13,2026-05-02 16:36:00,Mattawa,0,
Priest Rapids Tailrace CHN,2,G724A0601,2026-04-30 16:36:13,2026-05-02 16:36:00,Priest BRZ,0,
Priest Rapids Tailrace CHN,2,G724A0601,2026-04-30 16:36:13,2026-05-02 16:36:00,Lower Ringold,1,2026-05-03 03:53:21
Priest Rapids Tailrace CHN,2,G724A0601,2026-04-30 16:36:13,2026-05-02 16:36:00,Hanford,1,2026-05-03 07:28:41
Priest Rapids Tailrace CHN,2,G724A87D3,2026-04-25 18:39:00,2026-04-27 16:25:00,Crescent Bar,0,
Priest Rapids Tailrace CHN,2,G724A87D3,2026-04-25 18:39:00,2026-04-27 16:25:00,Sunland,0,
Priest Rapids Tailrace CHN,2,G724A87D3,2026-04-25 18:39:00,2026-04-27 16:25:00,Wanapum BRZ,0,
Priest Rapids Tailrace CHN,2,G724A87D3,2026-04-25 18:39:00,2026-04-27 16:25:00,Mattawa,0,
Priest Rapids Tailrace CHN,2,G724A87D3,2026-04-25 18:39:00,2026-04-27 16:25:00,Priest BRZ,0,
Priest Rapids Tailrace CHN,2,G724A87D3,2026-04-25 18:39:00,2026-04-27 16:25:00,Lower Ringold,1,2026-04-28 08:53:11
Priest Rapids Tailrace CHN,2,G724A87D3,2026-04-25 18:39:00,2026-04-27 16:25:00,Hanford,1,2026-04-28 11:52:55
Priest Rapids Tailrace CHN,2,G724B34C7,2026-04-27 18:59:51,2026-04-29 16:07:00,Crescent Bar,0,
Priest Rapids Tailrace CHN,2,G724B34C7,2026-04-27 18:59:51,2026-04-29 16:07:00,Sunland,0,
Priest Rapids Tailrace CHN,2,G724B34C7,2026-04-27 18:59:51,2026-04-29 16:07:00,Wanapum BRZ,0,
Priest Rapids Tailrace CHN,2,G724B34C7,2026-04-27 18:59:51,2026-04-29 16:07:00,Mattawa,0,
Priest Rapids Tailrace CHN,2,G724B34C7,2026-04-27 18:59:51,2026-04-29 16:07:00,Priest BRZ,0,
Priest Rapids Tailrace CHN,2,G724B34C7,2026-04-27 18:59:51,2026-04-29 16:07:00,Lower Ringold,1,2026-04-30 04:28:53
Priest Rapids Tailrace CHN,2,G724B34C7,2026-04-27 18:59:51,2026-04-29 16:07:00,Hanford,1,2026-04-30 08:04:08
Priest Rapids Tailrace CHN,1,G724C7C2D,2026-04-26 17:53:13,2026-04-28 15:47:00,Crescent Bar,0,
Priest Rapids Tailrace CHN,1,G724C7C2D,2026-04-26 17:53:13,2026-04-28 15:47:00,Sunland,0,
Priest Rapids Tailrace CHN,1,G724C7C2D,2026-04-26 17:53:13,2026-04-28 15:47:00,Wanapum BRZ,0,
Priest Rapids Tailrace CHN,1,G724C7C2D,2026-04-26 17:53:13,2026-04-28 15:47:00,Mattawa,0,
Priest Rapids Tailrace CHN,1,G724C7C2D,2026-04-26 17:53:13,2026-04-28 15:47:00,Priest BRZ,0,
Priest Rapids Tailrace CHN,1,G724C7C2D,2026-04-26 17:53:13,2026-04-28 15:47:00,Lower Ringold,1,2026-04-29 05:32:05
Priest Rapids Tailrace CHN,1,G724C7C2D,2026-04-26 17:53:13,2026-04-28 15:47:00,Hanford,1,2026-04-29 14:22:29
Priest Rapids Tailrace CHN,1,G724CAD24,2026-04-29 16:46:12,2026-05-01 16:26:00,Crescent Bar,0,
Priest Rapids Tailrace CHN,1,G724CAD24,2026-04-29 16:46:12,2026-05-01 16:26:00,Sunland,0,
Priest Rapids Tailrace CHN,1,G724CAD24,2026-04-29 16:46:12,2026-05-01 16:26:00,Wanapum BRZ,0,
Priest Rapids Tailrace CHN,1,G724CAD24,2026-04-29 16:46:12,2026-05-01 16:26:00,Mattawa,0,
Priest Rapids Tailrace CHN,1,G724CAD24,2026-04-29 16:46:12,2026-05-01 16:26:00,Priest BRZ,0,
Priest Rapids Tailrace CHN,1,G724CAD24,2026-04-29 16:46:12,2026-05-01 16:26:00,Lower Ringold,1,2026-05-03 05:50:18
Priest Rapids Tailrace CHN,1,G724CAD24,2026-04-29 16:46:12,2026-05-01 16:26:00,Hanford,1,2026-05-03 08:29:43
Priest Rapids Tailrace CHN,2,G724D3152,2026-04-24 21:19:23,2026-04-26 16:25:00,Crescent Bar,0,
Priest Rapids Tailrace CHN,2,G724D3152,2026-04-24 21:19:23,2026-04-26 16:25:00,Sunland,0,
Priest Rapids Tailrace CHN,2,G724D3152,2026-04-24 21:19:23,2026-04-26 16:25:00,Wanapum BRZ,0,
Priest Rapids Tailrace CHN,2,G724D3152,2026-04-24 21:19:23,2026-04-26 16:25:00,Mattawa,0,
Priest Rapids Tailrace CHN,2,G724D3152,2026-04-24 21:19:23,2026-04-26 16:25:00,Priest BRZ,0,
Priest Rapids Tailrace CHN,2,G724D3152,2026-04-24 21:19:23,2026-04-26 16:25:00,Lower Ringold,1,2026-04-27 07:26:47
Priest Rapids Tailrace CHN,2,G724D3152,2026-04-24 21:19:23,2026-04-26 16:25:00,Hanford,1,2026-04-27 10:22:22
Priest Rapids Tailrace CHN,2,G724E5B1C,2026-04-27 19:03:53,2026-04-29 16:07:00,Crescent Bar,0,
Priest Rapids Tailrace CHN,2,G724E5B1C,2026-04-27 19:03:53,2026-04-29 16:07:00,Sunland,0,
Priest Rapids Tailrace CHN,2,G724E5B1C,2026-04-27 19:03:53,2026-04-29 16:07:00,Wanapum BRZ,0,
Priest Rapids Tailrace CHN,2,G724E5B1C,2026-04-27 19:03:53,2026-04-29 16:07:00,Mattawa,0,
Priest Rapids Tailrace CHN,2,G724E5B1C,2026-04-27 19:03:53,2026-04-29 16:07:00,Priest BRZ,0,
Priest Rapids Tailrace CHN,2,G724E5B1C,2026-04-27 19:03:53,2026-04-29 16:07:00,Lower Ringold,1,2026-04-30 07:06:58
Priest Rapids Tailrace CHN,2,G724E5B1C,2026-04-27 19:03:53,2026-04-29 16:07:00,Hanford,1,2026-04-30 12:48:58
Priest Rapids Tailrace CHN,3,G724F07A0,2026-04-24 21:37:10,2026-04-26 16:25:00,Crescent Bar,0,
Priest Rapids Tailrace CHN,3,G724F07A0,2026-04-24 21:37:10,2026-04-26 16:25:00,Sunland,0,
Priest Rapids Tailrace CHN,3,G724F07A0,2026-04-24 21:37:10,2026-04-26 16:25:00,Wanapum BRZ,0,
Priest Rapids Tailrace CHN,3,G724F07A0,2026-04-24 21:37:10,2026-04-26 16:25:00,Mattawa,0,
Priest Rapids Tailrace CHN,3,G724F07A0,2026-04-24 21:37:10,2026-04-26 16:25:00,Priest BRZ,0,
Priest Rapids Tailrace CHN,3,G724F07A0,2026-04-24 21:37:10,2026-04-26 16:25:00,Lower Ringold,1,2026-04-27 10:35:51
Priest Rapids Tailrace CHN,3,G724F07A0,2026-04-24 21:37:10,2026-04-26 16:25:00,Hanford,1,2026-04-27 23:07:08
Priest Rapids Tailrace CHN,3,G724F7606,2026-04-27 18:57:13,2026-04-29 16:07:00,Crescent Bar,0,
Priest Rapids Tailrace CHN,3,G724F7606,2026-04-27 18:57:13,2026-04-29 16:07:00,Sunland,0,
Priest Rapids Tailrace CHN,3,G724F7606,2026-04-27 18:57:13,2026-04-29 16:07:00,Wanapum BRZ,0,
Priest Rapids Tailrace CHN,3,G724F7606,2026-04-27 18:57:13,2026-04-29 16:07:00,Mattawa,0,
Priest Rapids Tailrace CHN,3,G724F7606,2026-04-27 18:57:13,2026-04-29 16:07:00,Priest BRZ,0,
Priest Rapids Tailrace CHN,3,G724F7606,2026-04-27 18:57:13,2026-04-29 16:07:00,Lower Ringold,1,2026-04-30 05:00:15
Priest Rapids Tailrace CHN,3,G724F7606,2026-04-27 18:57:13,2026-04-29 16:07:00,Hanford,1,2026-04-30 07:53:28
Priest Rapids Tailrace CHN,2,G72502A8A,2026-04-26 17:45:59,2026-04-28 15:47:00,Crescent Bar,0,
Priest Rapids Tailrace CHN,2,G72502A8A,2026-04-26 17:45:59,2026-04-28 15:47:00,Sunland,0,
Priest Rapids Tailrace CHN,2,G72502A8A,2026-04-26 17:45:59,2026-04-28 15:47:00,Wanapum BRZ,0,
Priest Rapids Tailrace CHN,2,G72502A8A,2026-04-26 17:45:59,2026-04-28 15:47:00,Mattawa,0,
Priest Rapids Tailrace CHN,2,G72502A8A,2026-04-26 17:45:59,2026-04-28 15:47:00,Priest BRZ,0,
Priest Rapids Tailrace CHN,2,G72502A8A,2026-04-26 17:45:59,2026-04-28 15:47:00,Lower Ringold,1,2026-04-29 05:13:31
Priest Rapids Tailrace CHN,2,G72502A8A,2026-04-26 17:45:59,2026-04-28 15:47:00,Hanford,1,2026-04-29 10:34:35
Priest Rapids Tailrace CHN,3,G7251871C,2026-04-27 18:50:12,2026-04-29 16:07:00,Crescent Bar,0,
Priest Rapids Tailrace CHN,3,G7251871C,2026-04-27 18:50:12,2026-04-29 16:07:00,Sunland,0,
Priest Rapids Tailrace CHN,3,G7251871C,2026-04-27 18:50:12,2026-04-29 16:07:00,Wanapum BRZ,0,
Priest Rapids Tailrace CHN,3,G7251871C,2026-04-27 18:50:12,2026-04-29 16:07:00,Mattawa,0,
Priest Rapids Tailrace CHN,3,G7251871C,2026-04-27 18:50:12,2026-04-29 16:07:00,Priest BRZ,0,
Priest Rapids Tailrace CHN,3,G7251871C,2026-04-27 18:50:12,2026-04-29 16:07:00,Lower Ringold,1,2026-04-30 04:27:06
Priest Rapids Tailrace CHN,3,G7251871C,2026-04-27 18:50:12,2026-04-29 16:07:00,Hanford,1,2026-04-30 08:00:17
Priest Rapids Tailrace CHN,3,G72519E1D,2026-04-23 21:30:00,2026-04-25 16:05:00,Crescent Bar,0,
Priest Rapids Tailrace CHN,3,G72519E1D,2026-04-23 21:30:00,2026-04-25 16:05:00,Sunland,0,
Priest Rapids Tailrace CHN,3,G72519E1D,2026-04-23 21:30:00,2026-04-25 16:05:00,Wanapum BRZ,0,
Priest Rapids Tailrace CHN,3,G72519E1D,2026-04-23 21:30:00,2026-04-25 16:05:00,Mattawa,0,
Priest Rapids Tailrace CHN,3,G72519E1D,2026-04-23 21:30:00,2026-04-25 16:05:00,Priest BRZ,0,
Priest Rapids Tailrace CHN,3,G72519E1D,2026-04-23 21:30:00,2026-04-25 16:05:00,Lower Ringold,0,
Priest Rapids Tailrace CHN,3,G72519E1D,2026-04-23 21:30:00,2026-04-25 16:05:00,Hanford,0,
Priest Rapids Tailrace CHN,3,G7251F406,2026-04-28 19:37:51,2026-04-30 16:19:00,Crescent Bar,0,
Priest Rapids Tailrace CHN,3,G7251F406,2026-04-28 19:37:51,2026-04-30 16:19:00,Sunland,0,
Priest Rapids Tailrace CHN,3,G7251F406,2026-04-28 19:37:51,2026-04-30 16:19:00,Wanapum BRZ,0,
Priest Rapids Tailrace CHN,3,G7251F406,2026-04-28 19:37:51,2026-04-30 16:19:00,Mattawa,0,
Priest Rapids Tailrace CHN,3,G7251F406,2026-04-28 19:37:51,2026-04-30 16:19:00,Priest BRZ,0,
Priest Rapids Tailrace CHN,3,G7251F406,2026-04-28 19:37:51,2026-04-30 16:19:00,Lower Ringold,1,2026-05-01 04:11:08
Priest Rapids Tailrace CHN,3,G7251F406,2026-04-28 19:37:51,2026-04-30 16:19:00,Hanford,1,2026-05-01 07:40:16
Priest Rapids Tailrace CHN,2,G72567658,2026-04-30 16:35:55,2026-05-02 16:36:00,Crescent Bar,0,
Priest Rapids Tailrace CHN,2,G72567658,2026-04-30 16:35:55,2026-05-02 16:36:00,Sunland,0,
Priest Rapids Tailrace CHN,2,G72567658,2026-04-30 16:35:55,2026-05-02 16:36:00,Wanapum BRZ,0,
Priest Rapids Tailrace CHN,2,G72567658,2026-04-30 16:35:55,2026-05-02 16:36:00,Mattawa,0,
Priest Rapids Tailrace CHN,2,G72567658,2026-04-30 16:35:55,2026-05-02 16:36:00,Priest BRZ,0,
Priest Rapids Tailrace CHN,2,G72567658,2026-04-30 16:35:55,2026-05-02 16:36:00,Lower Ringold,1,2026-05-03 04:31:31
Priest Rapids Tailrace CHN,2,G72567658,2026-04-30 16:35:55,2026-05-02 16:36:00,Hanford,1,2026-05-03 08:11:50
Priest Rapids Tailrace CHN,2,G7256824D,2026-04-23 21:30:00,2026-04-25 16:05:00,Crescent Bar,0,
Priest Rapids Tailrace CHN,2,G7256824D,2026-04-23 21:30:00,2026-04-25 16:05:00,Sunland,0,
Priest Rapids Tailrace CHN,2,G7256824D,2026-04-23 21:30:00,2026-04-25 16:05:00,Wanapum BRZ,0,
Priest Rapids Tailrace CHN,2,G7256824D,2026-04-23 21:30:00,2026-04-25 16:05:00,Mattawa,0,
Priest Rapids Tailrace CHN,2,G7256824D,2026-04-23 21:30:00,2026-04-25 16:05:00,Priest BRZ,0,
Priest Rapids Tailrace CHN,2,G7256824D,2026-04-23 21:30:00,2026-04-25 16:05:00,Lower Ringold,1,2026-04-26 07:18:02
Priest Rapids Tailrace CHN,2,G7256824D,2026-04-23 21:30:00,2026-04-25 16:05:00,Hanford,1,2026-04-26 10:05:23
Priest Rapids Tailrace CHN,3,G72574BDF,2026-04-26 17:43:03,2026-04-28 15:47:00,Crescent Bar,0,
Priest Rapids Tailrace CHN,3,G72574BDF,2026-04-26 17:43:03,2026-04-28 15:47:00,Sunland,0,
Priest Rapids Tailrace CHN,3,G72574BDF,2026-04-26 17:43:03,2026-04-28 15:47:00,Wanapum BRZ,0,
Priest Rapids Tailrace CHN,3,G72574BDF,2026-04-26 17:43:03,2026-04-28 15:47:00,Mattawa,0,
Priest Rapids Tailrace CHN,3,G72574BDF,2026-04-26 17:43:03,2026-04-28 15:47:00,Priest BRZ,0,
Priest Rapids Tailrace CHN,3,G72574BDF,2026-04-26 17:43:03,2026-04-28 15:47:00,Lower Ringold,1,2026-04-30 05:42:27
Priest Rapids Tailrace CHN,3,G72574BDF,2026-04-26 17:43:03,2026-04-28 15:47:00,Hanford,1,2026-04-30 09:07:47
Priest Rapids Tailrace CHN,2,G7258E048,2026-04-27 19:00:42,2026-04-29 16:07:00,Crescent Bar,0,
Priest Rapids Tailrace CHN,2,G7258E048,2026-04-27 19:00:42,2026-04-29 16:07:00,Sunland,0,
Priest Rapids Tailrace CHN,2,G7258E048,2026-04-27 19:00:42,2026-04-29 16:07:00,Wanapum BRZ,0,
Priest Rapids Tailrace CHN,2,G7258E048,2026-04-27 19:00:42,2026-04-29 16:07:00,Mattawa,0,
Priest Rapids Tailrace CHN,2,G7258E048,2026-04-27 19:00:42,2026-04-29 16:07:00,Priest BRZ,0,
Priest Rapids Tailrace CHN,2,G7258E048,2026-04-27 19:00:42,2026-04-29 16:07:00,Lower Ringold,1,2026-04-30 15:58:36
Priest Rapids Tailrace CHN,2,G7258E048,2026-04-27 19:00:42,2026-04-29 16:07:00,Hanford,1,2026-05-01 03:24:49
Priest Rapids Tailrace CHN,1,G72592F07,2026-04-27 18:43:49,2026-04-29 16:07:00,Crescent Bar,0,
Priest Rapids Tailrace CHN,1,G72592F07,2026-04-27 18:43:49,2026-04-29 16:07:00,Sunland,0,
Priest Rapids Tailrace CHN,1,G72592F07,2026-04-27 18:43:49,2026-04-29 16:07:00,Wanapum BRZ,0,
Priest Rapids Tailrace CHN,1,G72592F07,2026-04-27 18:43:49,2026-04-29 16:07:00,Mattawa,0,
Priest Rapids Tailrace CHN,1,G72592F07,2026-04-27 18:43:49,2026-04-29 16:07:00,Priest BRZ,0,
Priest Rapids Tailrace CHN,1,G72592F07,2026-04-27 18:43:49,2026-04-29 16:07:00,Lower Ringold,1,2026-04-30 06:31:25
Priest Rapids Tailrace CHN,1,G72592F07,2026-04-27 18:43:49,2026-04-29 16:07:00,Hanford,1,2026-04-30 10:10:05
Priest Rapids Tailrace CHN,1,G72593185,2026-04-25 18:34:31,2026-04-27 16:25:00,Crescent Bar,0,
Priest Rapids Tailrace CHN,1,G72593185,2026-04-25 18:34:31,2026-04-27 16:25:00,Sunland,0,
Priest Rapids Tailrace CHN,1,G72593185,2026-04-25 18:34:31,2026-04-27 16:25:00,Wanapum BRZ,0,
Priest Rapids Tailrace CHN,1,G72593185,2026-04-25 18:34:31,2026-04-27 16:25:00,Mattawa,0,
Priest Rapids Tailrace CHN,1,G72593185,2026-04-25 18:34:31,2026-04-27 16:25:00,Priest BRZ,0,
Priest Rapids Tailrace CHN,1,G72593185,2026-04-25 18:34:31,2026-04-27 16:25:00,Lower Ringold,1,2026-04-28 09:27:45
Priest Rapids Tailrace CHN,1,G72593185,2026-04-25 18:34:31,2026-04-27 16:25:00,Hanford,1,2026-04-28 12:22:49
Priest Rapids Tailrace CHN,1,G72593EC4,2026-04-23 21:30:00,2026-04-25 16:05:00,Crescent Bar,0,
Priest Rapids Tailrace CHN,1,G72593EC4,2026-04-23 21:30:00,2026-04-25 16:05:00,Sunland,0,
Priest Rapids Tailrace CHN,1,G72593EC4,2026-04-23 21:30:00,2026-04-25 16:05:00,Wanapum BRZ,0,
Priest Rapids Tailrace CHN,1,G72593EC4,2026-04-23 21:30:00,2026-04-25 16:05:00,Mattawa,0,
Priest Rapids Tailrace CHN,1,G72593EC4,2026-04-23 21:30:00,2026-04-25 16:05:00,Priest BRZ,0,
Priest Rapids Tailrace CHN,1,G72593EC4,2026-04-23 21:30:00,2026-04-25 16:05:00,Lower Ringold,1,2026-04-26 06:24:53
Priest Rapids Tailrace CHN,1,G72593EC4,2026-04-23 21:30:00,2026-04-25 16:05:00,Hanford,1,2026-04-26 10:45:14
Priest Rapids Tailrace CHN,1,G725943C1,2026-04-23 21:30:00,2026-04-25 16:05:00,Crescent Bar,0,
Priest Rapids Tailrace CHN,1,G725943C1,2026-04-23 21:30:00,2026-04-25 16:05:00,Sunland,0,
Priest Rapids Tailrace CHN,1,G725943C1,2026-04-23 21:30:00,2026-04-25 16:05:00,Wanapum BRZ,0,
Priest Rapids Tailrace CHN,1,G725943C1,2026-04-23 21:30:00,2026-04-25 16:05:00,Mattawa,0,
Priest Rapids Tailrace CHN,1,G725943C1,2026-04-23 21:30:00,2026-04-25 16:05:00,Priest BRZ,0,
Priest Rapids Tailrace CHN,1,G725943C1,2026-04-23 21:30:00,2026-04-25 16:05:00,Lower Ringold,1,2026-04-26 06:05:19
Priest Rapids Tailrace CHN,1,G725943C1,2026-04-23 21:30:00,2026-04-25 16:05:00,Hanford,1,2026-04-26 09:38:35
Priest Rapids Tailrace CHN,1,G7259C672,2026-04-23 21:30:00,2026-04-25 16:05:00,Crescent Bar,0,
Priest Rapids Tailrace CHN,1,G7259C672,2026-04-23 21:30:00,2026-04-25 16:05:00,Sunland,0,
Priest Rapids Tailrace CHN,1,G7259C672,2026-04-23 21:30:00,2026-04-25 16:05:00,Wanapum BRZ,0,
Priest Rapids Tailrace CHN,1,G7259C672,2026-04-23 21:30:00,2026-04-25 16:05:00,Mattawa,0,
Priest Rapids Tailrace CHN,1,G7259C672,2026-04-23 21:30:00,2026-04-25 16:05:00,Priest BRZ,0,
Priest Rapids Tailrace CHN,1,G7259C672,2026-04-23 21:30:00,2026-04-25 16:05:00,Lower Ringold,1,2026-04-26 20:38:03
Priest Rapids Tailrace CHN,1,G7259C672,2026-04-23 21:30:00,2026-04-25 16:05:00,Hanford,1,2026-04-27 01:11:53
Priest Rapids Tailrace CHN,1,G725B3E55,2026-04-28 19:42:59,2026-04-30 16:19:00,Crescent Bar,0,
Priest Rapids Tailrace CHN,1,G725B3E55,2026-04-28 19:42:59,2026-04-30 16:19:00,Sunland,0,
Priest Rapids Tailrace CHN,1,G725B3E55,2026-04-28 19:42:59,2026-04-30 16:19:00,Wanapum BRZ,0,
Priest Rapids Tailrace CHN,1,G725B3E55,2026-04-28 19:42:59,2026-04-30 16:19:00,Mattawa,0,
Priest Rapids Tailrace CHN,1,G725B3E55,2026-04-28 19:42:59,2026-04-30 16:19:00,Priest BRZ,0,
Priest Rapids Tailrace CHN,1,G725B3E55,2026-04-28 19:42:59,2026-04-30 16:19:00,Lower Ringold,1,2026-05-01 04:59:51
Priest Rapids Tailrace CHN,1,G725B3E55,2026-04-28 19:42:59,2026-04-30 16:19:00,Hanford,1,2026-05-01 07:39:37
Priest Rapids Tailrace CHN,1,G725B9484,2026-04-28 19:32:19,2026-04-30 16:19:00,Crescent Bar,0,
Priest Rapids Tailrace CHN,1,G725B9484,2026-04-28 19:32:19,2026-04-30 16:19:00,Sunland,0,
Priest Rapids Tailrace CHN,1,G725B9484,2026-04-28 19:32:19,2026-04-30 16:19:00,Wanapum BRZ,0,
Priest Rapids Tailrace CHN,1,G725B9484,2026-04-28 19:32:19,2026-04-30 16:19:00,Mattawa,0,
Priest Rapids Tailrace CHN,1,G725B9484,2026-04-28 19:32:19,2026-04-30 16:19:00,Priest BRZ,0,
Priest Rapids Tailrace CHN,1,G725B9484,2026-04-28 19:32:19,2026-04-30 16:19:00,Lower Ringold,1,2026-05-01 06:41:18
Priest Rapids Tailrace CHN,1,G725B9484,2026-04-28 19:32:19,2026-04-30 16:19:00,Hanford,1,2026-05-01 14:41:20
Priest Rapids Tailrace CHN,1,G725BCDC3,2026-04-25 18:44:53,2026-04-27 16:25:00,Crescent Bar,0,
Priest Rapids Tailrace CHN,1,G725BCDC3,2026-04-25 18:44:53,2026-04-27 16:25:00,Sunland,0,
Priest Rapids Tailrace CHN,1,G725BCDC3,2026-04-25 18:44:53,2026-04-27 16:25:00,Wanapum BRZ,0,
Priest Rapids Tailrace CHN,1,G725BCDC3,2026-04-25 18:44:53,2026-04-27 16:25:00,Mattawa,0,
Priest Rapids Tailrace CHN,1,G725BCDC3,2026-04-25 18:44:53,2026-04-27 16:25:00,Priest BRZ,0,
Priest Rapids Tailrace CHN,1,G725BCDC3,2026-04-25 18:44:53,2026-04-27 16:25:00,Lower Ringold,1,2026-04-28 14:07:28
Priest Rapids Tailrace CHN,1,G725BCDC3,2026-04-25 18:44:53,2026-04-27 16:25:00,Hanford,1,2026-04-28 18:25:41
Priest Rapids Tailrace CHN,1,G725BD67E,2026-04-28 19:37:22,2026-04-30 16:19:00,Crescent Bar,0,
Priest Rapids Tailrace CHN,1,G725BD67E,2026-04-28 19:37:22,2026-04-30 16:19:00,Sunland,0,
Priest Rapids Tailrace CHN,1,G725BD67E,2026-04-28 19:37:22,2026-04-30 16:19:00,Wanapum BRZ,0,
Priest Rapids Tailrace CHN,1,G725BD67E,2026-04-28 19:37:22,2026-04-30 16:19:00,Mattawa,0,
Priest Rapids Tailrace CHN,1,G725BD67E,2026-04-28 19:37:22,2026-04-30 16:19:00,Priest BRZ,0,
Priest Rapids Tailrace CHN,1,G725BD67E,2026-04-28 19:37:22,2026-04-30 16:19:00,Lower Ringold,1,2026-05-01 12:50:47
Priest Rapids Tailrace CHN,1,G725BD67E,2026-04-28 19:37:22,2026-04-30 16:19:00,Hanford,1,2026-05-01 22:18:03
Priest Rapids Tailrace CHN,1,G725C5CE2,2026-04-26 17:54:33,2026-04-28 15:47:00,Crescent Bar,0,
Priest Rapids Tailrace CHN,1,G725C5CE2,2026-04-26 17:54:33,2026-04-28 15:47:00,Sunland,0,
Priest Rapids Tailrace CHN,1,G725C5CE2,2026-04-26 17:54:33,2026-04-28 15:47:00,Wanapum BRZ,0,
Priest Rapids Tailrace CHN,1,G725C5CE2,2026-04-26 17:54:33,2026-04-28 15:47:00,Mattawa,0,
Priest Rapids Tailrace CHN,1,G725C5CE2,2026-04-26 17:54:33,2026-04-28 15:47:00,Priest BRZ,0,
Priest Rapids Tailrace CHN,1,G725C5CE2,2026-04-26 17:54:33,2026-04-28 15:47:00,Lower Ringold,1,2026-04-29 05:45:22
Priest Rapids Tailrace CHN,1,G725C5CE2,2026-04-26 17:54:33,2026-04-28 15:47:00,Hanford,1,2026-04-29 10:49:23
Priest Rapids Tailrace CHN,1,G725D207D,2026-04-23 21:30:00,2026-04-25 16:05:00,Crescent Bar,0,
Priest Rapids Tailrace CHN,1,G725D207D,2026-04-23 21:30:00,2026-04-25 16:05:00,Sunland,0,
Priest Rapids Tailrace CHN,1,G725D207D,2026-04-23 21:30:00,2026-04-25 16:05:00,Wanapum BRZ,0,
Priest Rapids Tailrace CHN,1,G725D207D,2026-04-23 21:30:00,2026-04-25 16:05:00,Mattawa,0,
Priest Rapids Tailrace CHN,1,G725D207D,2026-04-23 21:30:00,2026-04-25 16:05:00,Priest BRZ,0,
Priest Rapids Tailrace CHN,1,G725D207D,2026-04-23 21:30:00,2026-04-25 16:05:00,Lower Ringold,1,2026-04-26 07:23:32
Priest Rapids Tailrace CHN,1,G725D207D,2026-04-23 21:30:00,2026-04-25 16:05:00,Hanford,1,2026-04-26 14:12:43
Priest Rapids Tailrace CHN,1,G725D7B86,2026-04-25 18:36:51,2026-04-27 16:25:00,Crescent Bar,0,
Priest Rapids Tailrace CHN,1,G725D7B86,2026-04-25 18:36:51,2026-04-27 16:25:00,Sunland,0,
Priest Rapids Tailrace CHN,1,G725D7B86,2026-04-25 18:36:51,2026-04-27 16:25:00,Wanapum BRZ,0,
Priest Rapids Tailrace CHN,1,G725D7B86,2026-04-25 18:36:51,2026-04-27 16:25:00,Mattawa,0,
Priest Rapids Tailrace CHN,1,G725D7B86,2026-04-25 18:36:51,2026-04-27 16:25:00,Priest BRZ,0,
Priest Rapids Tailrace CHN,1,G725D7B86,2026-04-25 18:36:51,2026-04-27 16:25:00,Lower Ringold,1,2026-04-28 12:31:56
Priest Rapids Tailrace CHN,1,G725D7B86,2026-04-25 18:36:51,2026-04-27 16:25:00,Hanford,1,2026-04-29 04:24:11
Priest Rapids Tailrace CHN,1,G725D8D2F,2026-04-30 16:39:49,2026-05-02 16:36:00,Crescent Bar,0,
Priest Rapids Tailrace CHN,1,G725D8D2F,2026-04-30 16:39:49,2026-05-02 16:36:00,Sunland,0,
Priest Rapids Tailrace CHN,1,G725D8D2F,2026-04-30 16:39:49,2026-05-02 16:36:00,Wanapum BRZ,0,
Priest Rapids Tailrace CHN,1,G725D8D2F,2026-04-30 16:39:49,2026-05-02 16:36:00,Mattawa,0,
Priest Rapids Tailrace CHN,1,G725D8D2F,2026-04-30 16:39:49,2026-05-02 16:36:00,Priest BRZ,0,
Priest Rapids Tailrace CHN,1,G725D8D2F,2026-04-30 16:39:49,2026-05-02 16:36:00,Lower Ringold,1,2026-05-03 05:45:31
Priest Rapids Tailrace CHN,1,G725D8D2F,2026-04-30 16:39:49,2026-05-02 16:36:00,Hanford,1,2026-05-03 15:24:04
Priest Rapids Tailrace CHN,1,G725EAFE5,2026-04-25 18:22:06,2026-04-27 16:25:00,Crescent Bar,0,
Priest Rapids Tailrace CHN,1,G725EAFE5,2026-04-25 18:22:06,2026-04-27 16:25:00,Sunland,0,
Priest Rapids Tailrace CHN,1,G725EAFE5,2026-04-25 18:22:06,2026-04-27 16:25:00,Wanapum BRZ,0,
Priest Rapids Tailrace CHN,1,G725EAFE5,2026-04-25 18:22:06,2026-04-27 16:25:00,Mattawa,0,
Priest Rapids Tailrace CHN,1,G725EAFE5,2026-04-25 18:22:06,2026-04-27 16:25:00,Priest BRZ,0,
Priest Rapids Tailrace CHN,1,G725EAFE5,2026-04-25 18:22:06,2026-04-27 16:25:00,Lower Ringold,1,2026-04-28 07:05:26
Priest Rapids Tailrace CHN,1,G725EAFE5,2026-04-25 18:22:06,2026-04-27 16:25:00,Hanford,1,2026-04-28 10:24:49
Priest Rapids Tailrace CHN,1,G725EF2C3,2026-04-23 21:30:00,2026-04-25 16:05:00,Crescent Bar,0,
Priest Rapids Tailrace CHN,1,G725EF2C3,2026-04-23 21:30:00,2026-04-25 16:05:00,Sunland,0,
Priest Rapids Tailrace CHN,1,G725EF2C3,2026-04-23 21:30:00,2026-04-25 16:05:00,Wanapum BRZ,0,
Priest Rapids Tailrace CHN,1,G725EF2C3,2026-04-23 21:30:00,2026-04-25 16:05:00,Mattawa,0,
Priest Rapids Tailrace CHN,1,G725EF2C3,2026-04-23 21:30:00,2026-04-25 16:05:00,Priest BRZ,0,
Priest Rapids Tailrace CHN,1,G725EF2C3,2026-04-23 21:30:00,2026-04-25 16:05:00,Lower Ringold,1,2026-04-26 08:12:29
Priest Rapids Tailrace CHN,1,G725EF2C3,2026-04-23 21:30:00,2026-04-25 16:05:00,Hanford,1,2026-04-26 11:07:48
Priest Rapids Tailrace CHN,3,G725FC464,2026-04-28 19:44:10,2026-04-30 16:19:00,Crescent Bar,0,
Priest Rapids Tailrace CHN,3,G725FC464,2026-04-28 19:44:10,2026-04-30 16:19:00,Sunland,0,
Priest Rapids Tailrace CHN,3,G725FC464,2026-04-28 19:44:10,2026-04-30 16:19:00,Wanapum BRZ,0,
Priest Rapids Tailrace CHN,3,G725FC464,2026-04-28 19:44:10,2026-04-30 16:19:00,Mattawa,0,
Priest Rapids Tailrace CHN,3,G725FC464,2026-04-28 19:44:10,2026-04-30 16:19:00,Priest BRZ,0,
Priest Rapids Tailrace CHN,3,G725FC464,2026-04-28 19:44:10,2026-04-30 16:19:00,Lower Ringold,1,2026-05-01 03:34:14
Priest Rapids Tailrace CHN,3,G725FC464,2026-04-28 19:44:10,2026-04-30 16:19:00,Hanford,1,2026-05-01 06:42:04
Priest Rapids Tailrace CHN,3,G72618FF3,2026-04-27 18:55:10,2026-04-29 16:07:00,Crescent Bar,0,
Priest Rapids Tailrace CHN,3,G72618FF3,2026-04-27 18:55:10,2026-04-29 16:07:00,Sunland,0,
Priest Rapids Tailrace CHN,3,G72618FF3,2026-04-27 18:55:10,2026-04-29 16:07:00,Wanapum BRZ,0,
Priest Rapids Tailrace CHN,3,G72618FF3,2026-04-27 18:55:10,2026-04-29 16:07:00,Mattawa,0,
Priest Rapids Tailrace CHN,3,G72618FF3,2026-04-27 18:55:10,2026-04-29 16:07:00,Priest BRZ,0,
Priest Rapids Tailrace CHN,3,G72618FF3,2026-04-27 18:55:10,2026-04-29 16:07:00,Lower Ringold,1,2026-04-30 10:17:43
Priest Rapids Tailrace CHN,3,G72618FF3,2026-04-27 18:55:10,2026-04-29 16:07:00,Hanford,1,2026-04-30 14:12:55
Priest Rapids Tailrace CHN,2,G7262E91E,2026-04-26 17:45:10,2026-04-28 15:47:00,Crescent Bar,0,
Priest Rapids Tailrace CHN,2,G7262E91E,2026-04-26 17:45:10,2026-04-28 15:47:00,Sunland,0,
Priest Rapids Tailrace CHN,2,G7262E91E,2026-04-26 17:45:10,2026-04-28 15:47:00,Wanapum BRZ,0,
Priest Rapids Tailrace CHN,2,G7262E91E,2026-04-26 17:45:10,2026-04-28 15:47:00,Mattawa,0,
Priest Rapids Tailrace CHN,2,G7262E91E,2026-04-26 17:45:10,2026-04-28 15:47:00,Priest BRZ,0,
Priest Rapids Tailrace CHN,2,G7262E91E,2026-04-26 17:45:10,2026-04-28 15:47:00,Lower Ringold,1,2026-04-29 05:56:51
Priest Rapids Tailrace CHN,2,G7262E91E,2026-04-26 17:45:10,2026-04-28 15:47:00,Hanford,1,2026-04-29 09:17:49
Priest Rapids Tailrace CHN,3,G72685895,2026-04-29 16:47:45,2026-05-01 16:26:00,Crescent Bar,0,
Priest Rapids Tailrace CHN,3,G72685895,2026-04-29 16:47:45,2026-05-01 16:26:00,Sunland,0,
Priest Rapids Tailrace CHN,3,G72685895,2026-04-29 16:47:45,2026-05-01 16:26:00,Wanapum BRZ,0,
Priest Rapids Tailrace CHN,3,G72685895,2026-04-29 16:47:45,2026-05-01 16:26:00,Mattawa,0,
Priest Rapids Tailrace CHN,3,G72685895,2026-04-29 16:47:45,2026-05-01 16:26:00,Priest BRZ,0,
Priest Rapids Tailrace CHN,3,G72685895,2026-04-29 16:47:45,2026-05-01 16:26:00,Lower Ringold,1,2026-05-04 04:47:39
Priest Rapids Tailrace CHN,3,G72685895,2026-04-29 16:47:45,2026-05-01 16:26:00,Hanford,1,2026-05-04 15:32:04
Priest Rapids Tailrace CHN,2,G726AC754,2026-04-23 21:28:35,2026-04-25 16:05:00,Crescent Bar,0,
Priest Rapids Tailrace CHN,2,G726AC754,2026-04-23 21:28:35,2026-04-25 16:05:00,Sunland,0,
Priest Rapids Tailrace CHN,2,G726AC754,2026-04-23 21:28:35,2026-04-25 16:05:00,Wanapum BRZ,0,
Priest Rapids Tailrace CHN,2,G726AC754,2026-04-23 21:28:35,2026-04-25 16:05:00,Mattawa,0,
Priest Rapids Tailrace CHN,2,G726AC754,2026-04-23 21:28:35,2026-04-25 16:05:00,Priest BRZ,0,
Priest Rapids Tailrace CHN,2,G726AC754,2026-04-23 21:28:35,2026-04-25 16:05:00,Lower Ringold,1,2026-04-26 08:20:20
Priest Rapids Tailrace CHN,2,G726AC754,2026-04-23 21:28:35,2026-04-25 16:05:00,Hanford,1,2026-04-26 10:58:03
Priest Rapids Tailrace CHN,3,G726CB1DB,2026-04-28 19:38:55,2026-04-30 16:19:00,Crescent Bar,0,
Priest Rapids Tailrace CHN,3,G726CB1DB,2026-04-28 19:38:55,2026-04-30 16:19:00,Sunland,0,
Priest Rapids Tailrace CHN,3,G726CB1DB,2026-04-28 19:38:55,2026-04-30 16:19:00,Wanapum BRZ,0,
Priest Rapids Tailrace CHN,3,G726CB1DB,2026-04-28 19:38:55,2026-04-30 16:19:00,Mattawa,0,
Priest Rapids Tailrace CHN,3,G726CB1DB,2026-04-28 19:38:55,2026-04-30 16:19:00,Priest BRZ,0,
Priest Rapids Tailrace CHN,3,G726CB1DB,2026-04-28 19:38:55,2026-04-30 16:19:00,Lower Ringold,1,2026-05-01 04:28:06
Priest Rapids Tailrace CHN,3,G726CB1DB,2026-04-28 19:38:55,2026-04-30 16:19:00,Hanford,1,2026-05-01 07:46:50
Priest Rapids Tailrace CHN,3,G726D3F8C,2026-04-25 18:15:59,2026-04-27 16:25:00,Crescent Bar,0,
Priest Rapids Tailrace CHN,3,G726D3F8C,2026-04-25 18:15:59,2026-04-27 16:25:00,Sunland,0,
Priest Rapids Tailrace CHN,3,G726D3F8C,2026-04-25 18:15:59,2026-04-27 16:25:00,Wanapum BRZ,0,
Priest Rapids Tailrace CHN,3,G726D3F8C,2026-04-25 18:15:59,2026-04-27 16:25:00,Mattawa,0,
Priest Rapids Tailrace CHN,3,G726D3F8C,2026-04-25 18:15:59,2026-04-27 16:25:00,Priest BRZ,0,
Priest Rapids Tailrace CHN,3,G726D3F8C,2026-04-25 18:15:59,2026-04-27 16:25:00,Lower Ringold,1,2026-04-28 08:13:10
Priest Rapids Tailrace CHN,3,G726D3F8C,2026-04-25 18:15:59,2026-04-27 16:25:00,Hanford,1,2026-04-28 12:03:04
Priest Rapids Tailrace CHN,2,G726D4DC8,2026-04-25 18:30:11,2026-04-27 16:25:00,Crescent Bar,0,
Priest Rapids Tailrace CHN,2,G726D4DC8,2026-04-25 18:30:11,2026-04-27 16:25:00,Sunland,0,
Priest Rapids Tailrace CHN,2,G726D4DC8,2026-04-25 18:30:11,2026-04-27 16:25:00,Wanapum BRZ,0,
Priest Rapids Tailrace CHN,2,G726D4DC8,2026-04-25 18:30:11,2026-04-27 16:25:00,Mattawa,0,
Priest Rapids Tailrace CHN,2,G726D4DC8,2026-04-25 18:30:11,2026-04-27 16:25:00,Priest BRZ,0,
Priest Rapids Tailrace CHN,2,G726D4DC8,2026-04-25 18:30:11,2026-04-27 16:25:00,Lower Ringold,1,2026-04-29 02:42:54
Priest Rapids Tailrace CHN,2,G726D4DC8,2026-04-25 18:30:11,2026-04-27 16:25:00,Hanford,1,2026-04-29 06:35:10
Priest Rapids Tailrace CHN,2,G726E47E3,2026-04-27 18:49:02,2026-04-29 16:07:00,Crescent Bar,0,
Priest Rapids Tailrace CHN,2,G726E47E3,2026-04-27 18:49:02,2026-04-29 16:07:00,Sunland,0,
Priest Rapids Tailrace CHN,2,G726E47E3,2026-04-27 18:49:02,2026-04-29 16:07:00,Wanapum BRZ,0,
Priest Rapids Tailrace CHN,2,G726E47E3,2026-04-27 18:49:02,2026-04-29 16:07:00,Mattawa,0,
Priest Rapids Tailrace CHN,2,G726E47E3,2026-04-27 18:49:02,2026-04-29 16:07:00,Priest BRZ,0,
Priest Rapids Tailrace CHN,2,G726E47E3,2026-04-27 18:49:02,2026-04-29 16:07:00,Lower Ringold,1,2026-04-30 05:04:40
Priest Rapids Tailrace CHN,2,G726E47E3,2026-04-27 18:49:02,2026-04-29 16:07:00,Hanford,1,2026-04-30 16:59:30
Priest Rapids Tailrace CHN,2,G726E69DF,2026-04-28 19:26:55,2026-04-30 16:19:00,Crescent Bar,0,
Priest Rapids Tailrace CHN,2,G726E69DF,2026-04-28 19:26:55,2026-04-30 16:19:00,Sunland,0,
Priest Rapids Tailrace CHN,2,G726E69DF,2026-04-28 19:26:55,2026-04-30 16:19:00,Wanapum BRZ,0,
Priest Rapids Tailrace CHN,2,G726E69DF,2026-04-28 19:26:55,2026-04-30 16:19:00,Mattawa,0,
Priest Rapids Tailrace CHN,2,G726E69DF,2026-04-28 19:26:55,2026-04-30 16:19:00,Priest BRZ,0,
Priest Rapids Tailrace CHN,2,G726E69DF,2026-04-28 19:26:55,2026-04-30 16:19:00,Lower Ringold,1,2026-05-01 08:18:26
Priest Rapids Tailrace CHN,2,G726E69DF,2026-04-28 19:26:55,2026-04-30 16:19:00,Hanford,1,2026-05-01 11:25:16
Priest Rapids Tailrace CHN,2,G726F19E3,2026-04-23 21:27:21,2026-04-25 16:05:00,Crescent Bar,0,
Priest Rapids Tailrace CHN,2,G726F19E3,2026-04-23 21:27:21,2026-04-25 16:05:00,Sunland,0,
Priest Rapids Tailrace CHN,2,G726F19E3,2026-04-23 21:27:21,2026-04-25 16:05:00,Wanapum BRZ,0,
Priest Rapids Tailrace CHN,2,G726F19E3,2026-04-23 21:27:21,2026-04-25 16:05:00,Mattawa,0,
Priest Rapids Tailrace CHN,2,G726F19E3,2026-04-23 21:27:21,2026-04-25 16:05:00,Priest BRZ,0,
Priest Rapids Tailrace CHN,2,G726F19E3,2026-04-23 21:27:21,2026-04-25 16:05:00,Lower Ringold,1,2026-04-26 05:14:47
Priest Rapids Tailrace CHN,2,G726F19E3,2026-04-23 21:27:21,2026-04-25 16:05:00,Hanford,1,2026-04-26 09:37:26
Priest Rapids Tailrace CHN,2,G726F4ADA,2026-04-30 16:39:26,2026-05-02 16:36:00,Crescent Bar,0,
Priest Rapids Tailrace CHN,2,G726F4ADA,2026-04-30 16:39:26,2026-05-02 16:36:00,Sunland,0,
Priest Rapids Tailrace CHN,2,G726F4ADA,2026-04-30 16:39:26,2026-05-02 16:36:00,Wanapum BRZ,0,
Priest Rapids Tailrace CHN,2,G726F4ADA,2026-04-30 16:39:26,2026-05-02 16:36:00,Mattawa,0,
Priest Rapids Tailrace CHN,2,G726F4ADA,2026-04-30 16:39:26,2026-05-02 16:36:00,Priest BRZ,0,
Priest Rapids Tailrace CHN,2,G726F4ADA,2026-04-30 16:39:26,2026-05-02 16:36:00,Lower Ringold,1,2026-05-03 11:08:44
Priest Rapids Tailrace CHN,2,G726F4ADA,2026-04-30 16:39:26,2026-05-02 16:36:00,Hanford,1,2026-05-03 20:30:22
Priest Rapids Tailrace CHN,2,G726F9D0E,2026-04-29 16:59:41,2026-05-01 16:26:00,Crescent Bar,0,
Priest Rapids Tailrace CHN,2,G726F9D0E,2026-04-29 16:59:41,2026-05-01 16:26:00,Sunland,0,
Priest Rapids Tailrace CHN,2,G726F9D0E,2026-04-29 16:59:41,2026-05-01 16:26:00,Wanapum BRZ,0,
Priest Rapids Tailrace CHN,2,G726F9D0E,2026-04-29 16:59:41,2026-05-01 16:26:00,Mattawa,0,
Priest Rapids Tailrace CHN,2,G726F9D0E,2026-04-29 16:59:41,2026-05-01 16:26:00,Priest BRZ,0,
Priest Rapids Tailrace CHN,2,G726F9D0E,2026-04-29 16:59:41,2026-05-01 16:26:00,Lower Ringold,1,2026-05-02 11:17:50
Priest Rapids Tailrace CHN,2,G726F9D0E,2026-04-29 16:59:41,2026-05-01 16:26:00,Hanford,1,2026-05-02 14:52:51
Priest Rapids Tailrace CHN,2,G726FD929,2026-04-28 19:40:25,2026-04-30 16:19:00,Crescent Bar,0,
Priest Rapids Tailrace CHN,2,G726FD929,2026-04-28 19:40:25,2026-04-30 16:19:00,Sunland,0,
Priest Rapids Tailrace CHN,2,G726FD929,2026-04-28 19:40:25,2026-04-30 16:19:00,Wanapum BRZ,0,
Priest Rapids Tailrace CHN,2,G726FD929,2026-04-28 19:40:25,2026-04-30 16:19:00,Mattawa,0,
Priest Rapids Tailrace CHN,2,G726FD929,2026-04-28 19:40:25,2026-04-30 16:19:00,Priest BRZ,0,
Priest Rapids Tailrace CHN,2,G726FD929,2026-04-28 19:40:25,2026-04-30 16:19:00,Lower Ringold,1,2026-05-01 06:52:14
Priest Rapids Tailrace CHN,2,G726FD929,2026-04-28 19:40:25,2026-04-30 16:19:00,Hanford,1,2026-05-01 11:09:09
Priest Rapids Tailrace CHN,1,G72715DF4,2026-04-27 18:59:18,2026-04-29 16:07:00,Crescent Bar,0,
Priest Rapids Tailrace CHN,1,G72715DF4,2026-04-27 18:59:18,2026-04-29 16:07:00,Sunland,0,
Priest Rapids Tailrace CHN,1,G72715DF4,2026-04-27 18:59:18,2026-04-29 16:07:00,Wanapum BRZ,0,
Priest Rapids Tailrace CHN,1,G72715DF4,2026-04-27 18:59:18,2026-04-29 16:07:00,Mattawa,0,
Priest Rapids Tailrace CHN,1,G72715DF4,2026-04-27 18:59:18,2026-04-29 16:07:00,Priest BRZ,0,
Priest Rapids Tailrace CHN,1,G72715DF4,2026-04-27 18:59:18,2026-04-29 16:07:00,Lower Ringold,1,2026-04-30 15:19:48
Priest Rapids Tailrace CHN,1,G72715DF4,2026-04-27 18:59:18,2026-04-29 16:07:00,Hanford,1,2026-04-30 19:19:43
Priest Rapids Tailrace CHN,1,G7271805E,2026-04-25 18:24:07,2026-04-27 16:25:00,Crescent Bar,0,
Priest Rapids Tailrace CHN,1,G7271805E,2026-04-25 18:24:07,2026-04-27 16:25:00,Sunland,0,
Priest Rapids Tailrace CHN,1,G7271805E,2026-04-25 18:24:07,2026-04-27 16:25:00,Wanapum BRZ,0,
Priest Rapids Tailrace CHN,1,G7271805E,2026-04-25 18:24:07,2026-04-27 16:25:00,Mattawa,0,
Priest Rapids Tailrace CHN,1,G7271805E,2026-04-25 18:24:07,2026-04-27 16:25:00,Priest BRZ,0,
Priest Rapids Tailrace CHN,1,G7271805E,2026-04-25 18:24:07,2026-04-27 16:25:00,Lower Ringold,0,
Priest Rapids Tailrace CHN,1,G7271805E,2026-04-25 18:24:07,2026-04-27 16:25:00,Hanford,0,
Priest Rapids Tailrace CHN,1,G7271DC26,2026-04-29 17:00:39,2026-05-01 16:26:00,Crescent Bar,0,
Priest Rapids Tailrace CHN,1,G7271DC26,2026-04-29 17:00:39,2026-05-01 16:26:00,Sunland,0,
Priest Rapids Tailrace CHN,1,G7271DC26,2026-04-29 17:00:39,2026-05-01 16:26:00,Wanapum BRZ,0,
Priest Rapids Tailrace CHN,1,G7271DC26,2026-04-29 17:00:39,2026-05-01 16:26:00,Mattawa,0,
Priest Rapids Tailrace CHN,1,G7271DC26,2026-04-29 17:00:39,2026-05-01 16:26:00,Priest BRZ,0,
Priest Rapids Tailrace CHN,1,G7271DC26,2026-04-29 17:00:39,2026-05-01 16:26:00,Lower Ringold,1,2026-05-02 06:03:13
Priest Rapids Tailrace CHN,1,G7271DC26,2026-04-29 17:00:39,2026-05-01 16:26:00,Hanford,1,2026-05-02 08:59:29
Priest Rapids Tailrace CHN,1,G72731F9F,2026-04-29 16:54:36,2026-05-01 16:26:00,Crescent Bar,0,
Priest Rapids Tailrace CHN,1,G72731F9F,2026-04-29 16:54:36,2026-05-01 16:26:00,Sunland,0,
Priest Rapids Tailrace CHN,1,G72731F9F,2026-04-29 16:54:36,2026-05-01 16:26:00,Wanapum BRZ,0,
Priest Rapids Tailrace CHN,1,G72731F9F,2026-04-29 16:54:36,2026-05-01 16:26:00,Mattawa,0,
Priest Rapids Tailrace CHN,1,G72731F9F,2026-04-29 16:54:36,2026-05-01 16:26:00,Priest BRZ,0,
Priest Rapids Tailrace CHN,1,G72731F9F,2026-04-29 16:54:36,2026-05-01 16:26:00,Lower Ringold,1,2026-05-02 09:18:06
Priest Rapids Tailrace CHN,1,G72731F9F,2026-04-29 16:54:36,2026-05-01 16:26:00,Hanford,1,2026-05-02 12:17:55
Priest Rapids Tailrace CHN,1,G7276C8B4,2026-04-24 21:18:13,2026-04-26 16:25:00,Crescent Bar,0,
Priest Rapids Tailrace CHN,1,G7276C8B4,2026-04-24 21:18:13,2026-04-26 16:25:00,Sunland,0,
Priest Rapids Tailrace CHN,1,G7276C8B4,2026-04-24 21:18:13,2026-04-26 16:25:00,Wanapum BRZ,0,
Priest Rapids Tailrace CHN,1,G7276C8B4,2026-04-24 21:18:13,2026-04-26 16:25:00,Mattawa,0,
Priest Rapids Tailrace CHN,1,G7276C8B4,2026-04-24 21:18:13,2026-04-26 16:25:00,Priest BRZ,0,
Priest Rapids Tailrace CHN,1,G7276C8B4,2026-04-24 21:18:13,2026-04-26 16:25:00,Lower Ringold,1,2026-04-27 05:31:39
Priest Rapids Tailrace CHN,1,G7276C8B4,2026-04-24 21:18:13,2026-04-26 16:25:00,Hanford,1,2026-04-27 08:46:31
Priest Rapids Tailrace CHN,1,G7277E5AE,2026-04-29 16:54:11,2026-05-01 16:26:00,Crescent Bar,0,
Priest Rapids Tailrace CHN,1,G7277E5AE,2026-04-29 16:54:11,2026-05-01 16:26:00,Sunland,0,
Priest Rapids Tailrace CHN,1,G7277E5AE,2026-04-29 16:54:11,2026-05-01 16:26:00,Wanapum BRZ,0,
Priest Rapids Tailrace CHN,1,G7277E5AE,2026-04-29 16:54:11,2026-05-01 16:26:00,Mattawa,0,
Priest Rapids Tailrace CHN,1,G7277E5AE,2026-04-29 16:54:11,2026-05-01 16:26:00,Priest BRZ,0,
Priest Rapids Tailrace CHN,1,G7277E5AE,2026-04-29 16:54:11,2026-05-01 16:26:00,Lower Ringold,0,
Priest Rapids Tailrace CHN,1,G7277E5AE,2026-04-29 16:54:11,2026-05-01 16:26:00,Hanford,0,
Priest Rapids Tailrace CHN,2,G7279C38C,2026-04-24 21:25:39,2026-04-26 16:25:00,Crescent Bar,0,
Priest Rapids Tailrace CHN,2,G7279C38C,2026-04-24 21:25:39,2026-04-26 16:25:00,Sunland,0,
Priest Rapids Tailrace CHN,2,G7279C38C,2026-04-24 21:25:39,2026-04-26 16:25:00,Wanapum BRZ,0,
Priest Rapids Tailrace CHN,2,G7279C38C,2026-04-24 21:25:39,2026-04-26 16:25:00,Mattawa,0,
Priest Rapids Tailrace CHN,2,G7279C38C,2026-04-24 21:25:39,2026-04-26 16:25:00,Priest BRZ,0,
Priest Rapids Tailrace CHN,2,G7279C38C,2026-04-24 21:25:39,2026-04-26 16:25:00,Lower Ringold,1,2026-04-27 05:28:52
Priest Rapids Tailrace CHN,2,G7279C38C,2026-04-24 21:25:39,2026-04-26 16:25:00,Hanford,1,2026-04-27 09:05:34
Priest Rapids Tailrace CHN,1,G7279ECEE,2026-04-29 17:01:32,2026-05-01 16:26:00,Crescent Bar,0,
Priest Rapids Tailrace CHN,1,G7279ECEE,2026-04-29 17:01:32,2026-05-01 16:26:00,Sunland,0,
Priest Rapids Tailrace CHN,1,G7279ECEE,2026-04-29 17:01:32,2026-05-01 16:26:00,Wanapum BRZ,0,
Priest Rapids Tailrace CHN,1,G7279ECEE,2026-04-29 17:01:32,2026-05-01 16:26:00,Mattawa,0,
Priest Rapids Tailrace CHN,1,G7279ECEE,2026-04-29 17:01:32,2026-05-01 16:26:00,Priest BRZ,0,
Priest Rapids Tailrace CHN,1,G7279ECEE,2026-04-29 17:01:32,2026-05-01 16:26:00,Lower Ringold,1,2026-05-02 05:20:24
Priest Rapids Tailrace CHN,1,G7279ECEE,2026-04-29 17:01:32,2026-05-01 16:26:00,Hanford,1,2026-05-02 11:17:02
Priest Rapids Tailrace CHN,2,G727AA2E2,2026-04-25 18:25:25,2026-04-27 16:25:00,Crescent Bar,0,
Priest Rapids Tailrace CHN,2,G727AA2E2,2026-04-25 18:25:25,2026-04-27 16:25:00,Sunland,0,
Priest Rapids Tailrace CHN,2,G727AA2E2,2026-04-25 18:25:25,2026-04-27 16:25:00,Wanapum BRZ,0,
Priest Rapids Tailrace CHN,2,G727AA2E2,2026-04-25 18:25:25,2026-04-27 16:25:00,Mattawa,0,
Priest Rapids Tailrace CHN,2,G727AA2E2,2026-04-25 18:25:25,2026-04-27 16:25:00,Priest BRZ,0,
Priest Rapids Tailrace CHN,2,G727AA2E2,2026-04-25 18:25:25,2026-04-27 16:25:00,Lower Ringold,1,2026-04-28 06:29:03
Priest Rapids Tailrace CHN,2,G727AA2E2,2026-04-25 18:25:25,2026-04-27 16:25:00,Hanford,1,2026-04-28 10:48:45
Priest Rapids Tailrace CHN,2,G727C4A63,2026-04-26 18:13:09,2026-04-28 15:47:00,Crescent Bar,0,
Priest Rapids Tailrace CHN,2,G727C4A63,2026-04-26 18:13:09,2026-04-28 15:47:00,Sunland,0,
Priest Rapids Tailrace CHN,2,G727C4A63,2026-04-26 18:13:09,2026-04-28 15:47:00,Wanapum BRZ,0,
Priest Rapids Tailrace CHN,2,G727C4A63,2026-04-26 18:13:09,2026-04-28 15:47:00,Mattawa,0,
Priest Rapids Tailrace CHN,2,G727C4A63,2026-04-26 18:13:09,2026-04-28 15:47:00,Priest BRZ,0,
Priest Rapids Tailrace CHN,2,G727C4A63,2026-04-26 18:13:09,2026-04-28 15:47:00,Lower Ringold,1,2026-04-29 07:18:47
Priest Rapids Tailrace CHN,2,G727C4A63,2026-04-26 18:13:09,2026-04-28 15:47:00,Hanford,1,2026-04-29 10:21:38
Priest Rapids Tailrace CHN,2,G727CCBB1,2026-04-28 19:36:24,2026-04-30 16:19:00,Crescent Bar,0,
Priest Rapids Tailrace CHN,2,G727CCBB1,2026-04-28 19:36:24,2026-04-30 16:19:00,Sunland,0,
Priest Rapids Tailrace CHN,2,G727CCBB1,2026-04-28 19:36:24,2026-04-30 16:19:00,Wanapum BRZ,0,
Priest Rapids Tailrace CHN,2,G727CCBB1,2026-04-28 19:36:24,2026-04-30 16:19:00,Mattawa,0,
Priest Rapids Tailrace CHN,2,G727CCBB1,2026-04-28 19:36:24,2026-04-30 16:19:00,Priest BRZ,0,
Priest Rapids Tailrace CHN,2,G727CCBB1,2026-04-28 19:36:24,2026-04-30 16:19:00,Lower Ringold,1,2026-05-01 04:30:04
Priest Rapids Tailrace CHN,2,G727CCBB1,2026-04-28 19:36:24,2026-04-30 16:19:00,Hanford,1,2026-05-01 08:54:23
Priest Rapids Tailrace CHN,3,G727FA722,2026-04-23 21:30:00,2026-04-25 16:05:00,Crescent Bar,0,
Priest Rapids Tailrace CHN,3,G727FA722,2026-04-23 21:30:00,2026-04-25 16:05:00,Sunland,0,
Priest Rapids Tailrace CHN,3,G727FA722,2026-04-23 21:30:00,2026-04-25 16:05:00,Wanapum BRZ,0,
Priest Rapids Tailrace CHN,3,G727FA722,2026-04-23 21:30:00,2026-04-25 16:05:00,Mattawa,0,
Priest Rapids Tailrace CHN,3,G727FA722,2026-04-23 21:30:00,2026-04-25 16:05:00,Priest BRZ,0,
Priest Rapids Tailrace CHN,3,G727FA722,2026-04-23 21:30:00,2026-04-25 16:05:00,Lower Ringold,1,2026-04-26 10:06:09
Priest Rapids Tailrace CHN,3,G727FA722,2026-04-23 21:30:00,2026-04-25 16:05:00,Hanford,1,2026-04-26 13:30:48
Priest Rapids Tailrace CHN,3,G72802FED,2026-04-27 18:54:28,2026-04-29 16:07:00,Crescent Bar,0,
Priest Rapids Tailrace CHN,3,G72802FED,2026-04-27 18:54:28,2026-04-29 16:07:00,Sunland,0,
Priest Rapids Tailrace CHN,3,G72802FED,2026-04-27 18:54:28,2026-04-29 16:07:00,Wanapum BRZ,0,
Priest Rapids Tailrace CHN,3,G72802FED,2026-04-27 18:54:28,2026-04-29 16:07:00,Mattawa,0,
Priest Rapids Tailrace CHN,3,G72802FED,2026-04-27 18:54:28,2026-04-29 16:07:00,Priest BRZ,0,
Priest Rapids Tailrace CHN,3,G72802FED,2026-04-27 18:54:28,2026-04-29 16:07:00,Lower Ringold,1,2026-04-30 13:35:58
Priest Rapids Tailrace CHN,3,G72802FED,2026-04-27 18:54:28,2026-04-29 16:07:00,Hanford,1,2026-04-30 17:34:40
Priest Rapids Tailrace CHN,1,G728192E6,2026-04-26 17:55:02,2026-04-28 15:47:00,Crescent Bar,0,
Priest Rapids Tailrace CHN,1,G728192E6,2026-04-26 17:55:02,2026-04-28 15:47:00,Sunland,0,
Priest Rapids Tailrace CHN,1,G728192E6,2026-04-26 17:55:02,2026-04-28 15:47:00,Wanapum BRZ,0,
Priest Rapids Tailrace CHN,1,G728192E6,2026-04-26 17:55:02,2026-04-28 15:47:00,Mattawa,0,
Priest Rapids Tailrace CHN,1,G728192E6,2026-04-26 17:55:02,2026-04-28 15:47:00,Priest BRZ,0,
Priest Rapids Tailrace CHN,1,G728192E6,2026-04-26 17:55:02,2026-04-28 15:47:00,Lower Ringold,1,2026-04-29 05:06:24
Priest Rapids Tailrace CHN,1,G728192E6,2026-04-26 17:55:02,2026-04-28 15:47:00,Hanford,1,2026-04-29 08:21:31
Priest Rapids Tailrace CHN,2,G72819898,2026-04-25 18:35:06,2026-04-27 16:25:00,Crescent Bar,0,
Priest Rapids Tailrace CHN,2,G72819898,2026-04-25 18:35:06,2026-04-27 16:25:00,Sunland,0,
Priest Rapids Tailrace CHN,2,G72819898,2026-04-25 18:35:06,2026-04-27 16:25:00,Wanapum BRZ,0,
Priest Rapids Tailrace CHN,2,G72819898,2026-04-25 18:35:06,2026-04-27 16:25:00,Mattawa,0,
Priest Rapids Tailrace CHN,2,G72819898,2026-04-25 18:35:06,2026-04-27 16:25:00,Priest BRZ,0,
Priest Rapids Tailrace CHN,2,G72819898,2026-04-25 18:35:06,2026-04-27 16:25:00,Lower Ringold,1,2026-04-28 09:58:58
Priest Rapids Tailrace CHN,2,G72819898,2026-04-25 18:35:06,2026-04-27 16:25:00,Hanford,0,
Priest Rapids Tailrace CHN,1,G72821841,2026-04-26 18:01:13,2026-04-28 15:47:00,Crescent Bar,0,
Priest Rapids Tailrace CHN,1,G72821841,2026-04-26 18:01:13,2026-04-28 15:47:00,Sunland,0,
Priest Rapids Tailrace CHN,1,G72821841,2026-04-26 18:01:13,2026-04-28 15:47:00,Wanapum BRZ,0,
Priest Rapids Tailrace CHN,1,G72821841,2026-04-26 18:01:13,2026-04-28 15:47:00,Mattawa,0,
Priest Rapids Tailrace CHN,1,G72821841,2026-04-26 18:01:13,2026-04-28 15:47:00,Priest BRZ,0,
Priest Rapids Tailrace CHN,1,G72821841,2026-04-26 18:01:13,2026-04-28 15:47:00,Lower Ringold,1,2026-04-29 05:27:37
Priest Rapids Tailrace CHN,1,G72821841,2026-04-26 18:01:13,2026-04-28 15:47:00,Hanford,1,2026-04-29 09:25:49
Priest Rapids Tailrace CHN,3,G72826F3A,2026-04-24 21:20:27,2026-04-26 16:25:00,Crescent Bar,0,
Priest Rapids Tailrace CHN,3,G72826F3A,2026-04-24 21:20:27,2026-04-26 16:25:00,Sunland,0,
Priest Rapids Tailrace CHN,3,G72826F3A,2026-04-24 21:20:27,2026-04-26 16:25:00,Wanapum BRZ,0,
Priest Rapids Tailrace CHN,3,G72826F3A,2026-04-24 21:20:27,2026-04-26 16:25:00,Mattawa,0,
Priest Rapids Tailrace CHN,3,G72826F3A,2026-04-24 21:20:27,2026-04-26 16:25:00,Priest BRZ,0,
Priest Rapids Tailrace CHN,3,G72826F3A,2026-04-24 21:20:27,2026-04-26 16:25:00,Lower Ringold,1,2026-04-30 12:29:35
Priest Rapids Tailrace CHN,3,G72826F3A,2026-04-24 21:20:27,2026-04-26 16:25:00,Hanford,1,2026-05-09 12:33:28
Priest Rapids Tailrace CHN,2,G72849219,2026-04-30 17:02:03,2026-05-02 16:36:00,Crescent Bar,0,
Priest Rapids Tailrace CHN,2,G72849219,2026-04-30 17:02:03,2026-05-02 16:36:00,Sunland,0,
Priest Rapids Tailrace CHN,2,G72849219,2026-04-30 17:02:03,2026-05-02 16:36:00,Wanapum BRZ,0,
Priest Rapids Tailrace CHN,2,G72849219,2026-04-30 17:02:03,2026-05-02 16:36:00,Mattawa,0,
Priest Rapids Tailrace CHN,2,G72849219,2026-04-30 17:02:03,2026-05-02 16:36:00,Priest BRZ,0,
Priest Rapids Tailrace CHN,2,G72849219,2026-04-30 17:02:03,2026-05-02 16:36:00,Lower Ringold,1,2026-05-03 09:08:26
Priest Rapids Tailrace CHN,2,G72849219,2026-04-30 17:02:03,2026-05-02 16:36:00,Hanford,1,2026-05-03 12:18:49
Priest Rapids Tailrace CHN,2,G72853D33,2026-04-27 18:42:23,2026-04-29 16:07:00,Crescent Bar,0,
Priest Rapids Tailrace CHN,2,G72853D33,2026-04-27 18:42:23,2026-04-29 16:07:00,Sunland,0,
Priest Rapids Tailrace CHN,2,G72853D33,2026-04-27 18:42:23,2026-04-29 16:07:00,Wanapum BRZ,0,
Priest Rapids Tailrace CHN,2,G72853D33,2026-04-27 18:42:23,2026-04-29 16:07:00,Mattawa,0,
Priest Rapids Tailrace CHN,2,G72853D33,2026-04-27 18:42:23,2026-04-29 16:07:00,Priest BRZ,0,
Priest Rapids Tailrace CHN,2,G72853D33,2026-04-27 18:42:23,2026-04-29 16:07:00,Lower Ringold,1,2026-04-30 04:57:16
Priest Rapids Tailrace CHN,2,G72853D33,2026-04-27 18:42:23,2026-04-29 16:07:00,Hanford,1,2026-04-30 09:09:53
Priest Rapids Tailrace CHN,1,G72858A82,2026-04-27 18:56:18,2026-04-29 16:07:00,Crescent Bar,0,
Priest Rapids Tailrace CHN,1,G72858A82,2026-04-27 18:56:18,2026-04-29 16:07:00,Sunland,0,
Priest Rapids Tailrace CHN,1,G72858A82,2026-04-27 18:56:18,2026-04-29 16:07:00,Wanapum BRZ,0,
Priest Rapids Tailrace CHN,1,G72858A82,2026-04-27 18:56:18,2026-04-29 16:07:00,Mattawa,0,
Priest Rapids Tailrace CHN,1,G72858A82,2026-04-27 18:56:18,2026-04-29 16:07:00,Priest BRZ,0,
Priest Rapids Tailrace CHN,1,G72858A82,2026-04-27 18:56:18,2026-04-29 16:07:00,Lower Ringold,1,2026-04-30 17:41:44
Priest Rapids Tailrace CHN,1,G72858A82,2026-04-27 18:56:18,2026-04-29 16:07:00,Hanford,1,2026-04-30 21:52:40
Priest Rapids Tailrace CHN,2,G72859CC2,2026-04-23 21:30:00,2026-04-25 16:05:00,Crescent Bar,0,
Priest Rapids Tailrace CHN,2,G72859CC2,2026-04-23 21:30:00,2026-04-25 16:05:00,Sunland,0,
Priest Rapids Tailrace CHN,2,G72859CC2,2026-04-23 21:30:00,2026-04-25 16:05:00,Wanapum BRZ,0,
Priest Rapids Tailrace CHN,2,G72859CC2,2026-04-23 21:30:00,2026-04-25 16:05:00,Mattawa,0,
Priest Rapids Tailrace CHN,2,G72859CC2,2026-04-23 21:30:00,2026-04-25 16:05:00,Priest BRZ,0,
Priest Rapids Tailrace CHN,2,G72859CC2,2026-04-23 21:30:00,2026-04-25 16:05:00,Lower Ringold,1,2026-04-26 09:33:08
Priest Rapids Tailrace CHN,2,G72859CC2,2026-04-23 21:30:00,2026-04-25 16:05:00,Hanford,1,2026-04-26 12:25:46
Priest Rapids Tailrace CHN,1,G7285A943,2026-04-23 21:30:00,2026-04-25 16:05:00,Crescent Bar,0,
Priest Rapids Tailrace CHN,1,G7285A943,2026-04-23 21:30:00,2026-04-25 16:05:00,Sunland,0,
Priest Rapids Tailrace CHN,1,G7285A943,2026-04-23 21:30:00,2026-04-25 16:05:00,Wanapum BRZ,0,
Priest Rapids Tailrace CHN,1,G7285A943,2026-04-23 21:30:00,2026-04-25 16:05:00,Mattawa,0,
Priest Rapids Tailrace CHN,1,G7285A943,2026-04-23 21:30:00,2026-04-25 16:05:00,Priest BRZ,0,
Priest Rapids Tailrace CHN,1,G7285A943,2026-04-23 21:30:00,2026-04-25 16:05:00,Lower Ringold,1,2026-04-28 13:48:35
Priest Rapids Tailrace CHN,1,G7285A943,2026-04-23 21:30:00,2026-04-25 16:05:00,Hanford,1,2026-04-28 17:37:56
Priest Rapids Tailrace CHN,1,G728837C4,2026-04-26 17:58:57,2026-04-28 15:47:00,Crescent Bar,0,
Priest Rapids Tailrace CHN,1,G728837C4,2026-04-26 17:58:57,2026-04-28 15:47:00,Sunland,0,
Priest Rapids Tailrace CHN,1,G728837C4,2026-04-26 17:58:57,2026-04-28 15:47:00,Wanapum BRZ,0,
Priest Rapids Tailrace CHN,1,G728837C4,2026-04-26 17:58:57,2026-04-28 15:47:00,Mattawa,0,
Priest Rapids Tailrace CHN,1,G728837C4,2026-04-26 17:58:57,2026-04-28 15:47:00,Priest BRZ,0,
Priest Rapids Tailrace CHN,1,G728837C4,2026-04-26 17:58:57,2026-04-28 15:47:00,Lower Ringold,0,
Priest Rapids Tailrace CHN,1,G728837C4,2026-04-26 17:58:57,2026-04-28 15:47:00,Hanford,0,
Priest Rapids Tailrace CHN,2,G728887F6,2026-04-27 18:58:35,2026-04-29 16:07:00,Crescent Bar,0,
Priest Rapids Tailrace CHN,2,G728887F6,2026-04-27 18:58:35,2026-04-29 16:07:00,Sunland,0,
Priest Rapids Tailrace CHN,2,G728887F6,2026-04-27 18:58:35,2026-04-29 16:07:00,Wanapum BRZ,0,
Priest Rapids Tailrace CHN,2,G728887F6,2026-04-27 18:58:35,2026-04-29 16:07:00,Mattawa,0,
Priest Rapids Tailrace CHN,2,G728887F6,2026-04-27 18:58:35,2026-04-29 16:07:00,Priest BRZ,0,
Priest Rapids Tailrace CHN,2,G728887F6,2026-04-27 18:58:35,2026-04-29 16:07:00,Lower Ringold,1,2026-04-30 08:44:50
Priest Rapids Tailrace CHN,2,G728887F6,2026-04-27 18:58:35,2026-04-29 16:07:00,Hanford,1,2026-04-30 12:50:44
Priest Rapids Tailrace CHN,1,G7288A894,2026-04-30 16:57:52,2026-05-02 16:36:00,Crescent Bar,0,
Priest Rapids Tailrace CHN,1,G7288A894,2026-04-30 16:57:52,2026-05-02 16:36:00,Sunland,0,
Priest Rapids Tailrace CHN,1,G7288A894,2026-04-30 16:57:52,2026-05-02 16:36:00,Wanapum BRZ,0,
Priest Rapids Tailrace CHN,1,G7288A894,2026-04-30 16:57:52,2026-05-02 16:36:00,Mattawa,0,
Priest Rapids Tailrace CHN,1,G7288A894,2026-04-30 16:57:52,2026-05-02 16:36:00,Priest BRZ,0,
Priest Rapids Tailrace CHN,1,G7288A894,2026-04-30 16:57:52,2026-05-02 16:36:00,Lower Ringold,1,2026-05-03 05:23:09
Priest Rapids Tailrace CHN,1,G7288A894,2026-04-30 16:57:52,2026-05-02 16:36:00,Hanford,1,2026-05-03 08:10:42
Priest Rapids Tailrace CHN,3,G7289AFD3,2026-04-25 18:38:07,2026-04-27 16:25:00,Crescent Bar,0,
Priest Rapids Tailrace CHN,3,G7289AFD3,2026-04-25 18:38:07,2026-04-27 16:25:00,Sunland,0,
Priest Rapids Tailrace CHN,3,G7289AFD3,2026-04-25 18:38:07,2026-04-27 16:25:00,Wanapum BRZ,0,
Priest Rapids Tailrace CHN,3,G7289AFD3,2026-04-25 18:38:07,2026-04-27 16:25:00,Mattawa,0,
Priest Rapids Tailrace CHN,3,G7289AFD3,2026-04-25 18:38:07,2026-04-27 16:25:00,Priest BRZ,0,
Priest Rapids Tailrace CHN,3,G7289AFD3,2026-04-25 18:38:07,2026-04-27 16:25:00,Lower Ringold,1,2026-04-28 09:52:35
Priest Rapids Tailrace CHN,3,G7289AFD3,2026-04-25 18:38:07,2026-04-27 16:25:00,Hanford,1,2026-04-28 15:22:05
Priest Rapids Tailrace CHN,3,G728A9E66,2026-04-29 16:43:56,2026-05-01 16:26:00,Crescent Bar,0,
Priest Rapids Tailrace CHN,3,G728A9E66,2026-04-29 16:43:56,2026-05-01 16:26:00,Sunland,0,
Priest Rapids Tailrace CHN,3,G728A9E66,2026-04-29 16:43:56,2026-05-01 16:26:00,Wanapum BRZ,0,
Priest Rapids Tailrace CHN,3,G728A9E66,2026-04-29 16:43:56,2026-05-01 16:26:00,Mattawa,0,
Priest Rapids Tailrace CHN,3,G728A9E66,2026-04-29 16:43:56,2026-05-01 16:26:00,Priest BRZ,0,
Priest Rapids Tailrace CHN,3,G728A9E66,2026-04-29 16:43:56,2026-05-01 16:26:00,Lower Ringold,0,
Priest Rapids Tailrace CHN,3,G728A9E66,2026-04-29 16:43:56,2026-05-01 16:26:00,Hanford,0,
Priest Rapids Tailrace CHN,1,G728B128D,2026-04-23 21:30:00,2026-04-25 16:05:00,Crescent Bar,0,
Priest Rapids Tailrace CHN,1,G728B128D,2026-04-23 21:30:00,2026-04-25 16:05:00,Sunland,0,
Priest Rapids Tailrace CHN,1,G728B128D,2026-04-23 21:30:00,2026-04-25 16:05:00,Wanapum BRZ,0,
Priest Rapids Tailrace CHN,1,G728B128D,2026-04-23 21:30:00,2026-04-25 16:05:00,Mattawa,0,
Priest Rapids Tailrace CHN,1,G728B128D,2026-04-23 21:30:00,2026-04-25 16:05:00,Priest BRZ,0,
Priest Rapids Tailrace CHN,1,G728B128D,2026-04-23 21:30:00,2026-04-25 16:05:00,Lower Ringold,1,2026-04-26 06:11:13
Priest Rapids Tailrace CHN,1,G728B128D,2026-04-23 21:30:00,2026-04-25 16:05:00,Hanford,1,2026-04-26 09:50:37
Priest Rapids Tailrace CHN,3,G728B817E,2026-04-29 16:48:33,2026-05-01 16:26:00,Crescent Bar,0,
Priest Rapids Tailrace CHN,3,G728B817E,2026-04-29 16:48:33,2026-05-01 16:26:00,Sunland,0,
Priest Rapids Tailrace CHN,3,G728B817E,2026-04-29 16:48:33,2026-05-01 16:26:00,Wanapum BRZ,0,
Priest Rapids Tailrace CHN,3,G728B817E,2026-04-29 16:48:33,2026-05-01 16:26:00,Mattawa,0,
Priest Rapids Tailrace CHN,3,G728B817E,2026-04-29 16:48:33,2026-05-01 16:26:00,Priest BRZ,0,
Priest Rapids Tailrace CHN,3,G728B817E,2026-04-29 16:48:33,2026-05-01 16:26:00,Lower Ringold,1,2026-05-03 03:57:26
Priest Rapids Tailrace CHN,3,G728B817E,2026-04-29 16:48:33,2026-05-01 16:26:00,Hanford,1,2026-05-03 07:41:46
Priest Rapids Tailrace CHN,2,G728BFC7B,2026-04-28 19:41:13,2026-04-30 16:19:00,Crescent Bar,0,
Priest Rapids Tailrace CHN,2,G728BFC7B,2026-04-28 19:41:13,2026-04-30 16:19:00,Sunland,0,
Priest Rapids Tailrace CHN,2,G728BFC7B,2026-04-28 19:41:13,2026-04-30 16:19:00,Wanapum BRZ,0,
Priest Rapids Tailrace CHN,2,G728BFC7B,2026-04-28 19:41:13,2026-04-30 16:19:00,Mattawa,0,
Priest Rapids Tailrace CHN,2,G728BFC7B,2026-04-28 19:41:13,2026-04-30 16:19:00,Priest BRZ,0,
Priest Rapids Tailrace CHN,2,G728BFC7B,2026-04-28 19:41:13,2026-04-30 16:19:00,Lower Ringold,1,2026-05-01 04:55:34
Priest Rapids Tailrace CHN,2,G728BFC7B,2026-04-28 19:41:13,2026-04-30 16:19:00,Hanford,1,2026-05-01 07:47:16
Priest Rapids Tailrace CHN,2,G728C7286,2026-04-30 16:58:21,2026-05-02 16:36:00,Crescent Bar,0,
Priest Rapids Tailrace CHN,2,G728C7286,2026-04-30 16:58:21,2026-05-02 16:36:00,Sunland,0,
Priest Rapids Tailrace CHN,2,G728C7286,2026-04-30 16:58:21,2026-05-02 16:36:00,Wanapum BRZ,0,
Priest Rapids Tailrace CHN,2,G728C7286,2026-04-30 16:58:21,2026-05-02 16:36:00,Mattawa,0,
Priest Rapids Tailrace CHN,2,G728C7286,2026-04-30 16:58:21,2026-05-02 16:36:00,Priest BRZ,0,
Priest Rapids Tailrace CHN,2,G728C7286,2026-04-30 16:58:21,2026-05-02 16:36:00,Lower Ringold,1,2026-05-03 07:03:50
Priest Rapids Tailrace CHN,2,G728C7286,2026-04-30 16:58:21,2026-05-02 16:36:00,Hanford,1,2026-05-03 10:02:47
Priest Rapids Tailrace CHN,3,G728D1227,2026-04-25 18:32:22,2026-04-27 16:25:00,Crescent Bar,0,
Priest Rapids Tailrace CHN,3,G728D1227,2026-04-25 18:32:22,2026-04-27 16:25:00,Sunland,0,
Priest Rapids Tailrace CHN,3,G728D1227,2026-04-25 18:32:22,2026-04-27 16:25:00,Wanapum BRZ,0,
Priest Rapids Tailrace CHN,3,G728D1227,2026-04-25 18:32:22,2026-04-27 16:25:00,Mattawa,0,
Priest Rapids Tailrace CHN,3,G728D1227,2026-04-25 18:32:22,2026-04-27 16:25:00,Priest BRZ,0,
Priest Rapids Tailrace CHN,3,G728D1227,2026-04-25 18:32:22,2026-04-27 16:25:00,Lower Ringold,1,2026-04-28 05:57:27
Priest Rapids Tailrace CHN,3,G728D1227,2026-04-25 18:32:22,2026-04-27 16:25:00,Hanford,1,2026-04-28 09:24:55
Priest Rapids Tailrace CHN,3,G728D9B37,2026-04-25 18:36:06,2026-04-27 16:25:00,Crescent Bar,0,
Priest Rapids Tailrace CHN,3,G728D9B37,2026-04-25 18:36:06,2026-04-27 16:25:00,Sunland,0,
Priest Rapids Tailrace CHN,3,G728D9B37,2026-04-25 18:36:06,2026-04-27 16:25:00,Wanapum BRZ,0,
Priest Rapids Tailrace CHN,3,G728D9B37,2026-04-25 18:36:06,2026-04-27 16:25:00,Mattawa,0,
Priest Rapids Tailrace CHN,3,G728D9B37,2026-04-25 18:36:06,2026-04-27 16:25:00,Priest BRZ,0,
Priest Rapids Tailrace CHN,3,G728D9B37,2026-04-25 18:36:06,2026-04-27 16:25:00,Lower Ringold,1,2026-04-28 07:27:17
Priest Rapids Tailrace CHN,3,G728D9B37,2026-04-25 18:36:06,2026-04-27 16:25:00,Hanford,1,2026-04-28 10:24:06
Priest Rapids Tailrace CHN,3,G729177DC,2026-04-24 21:22:28,2026-04-26 16:25:00,Crescent Bar,0,
Priest Rapids Tailrace CHN,3,G729177DC,2026-04-24 21:22:28,2026-04-26 16:25:00,Sunland,0,
Priest Rapids Tailrace CHN,3,G729177DC,2026-04-24 21:22:28,2026-04-26 16:25:00,Wanapum BRZ,0,
Priest Rapids Tailrace CHN,3,G729177DC,2026-04-24 21:22:28,2026-04-26 16:25:00,Mattawa,0,
Priest Rapids Tailrace CHN,3,G729177DC,2026-04-24 21:22:28,2026-04-26 16:25:00,Priest BRZ,0,
Priest Rapids Tailrace CHN,3,G729177DC,2026-04-24 21:22:28,2026-04-26 16:25:00,Lower Ringold,1,2026-04-27 05:58:36
Priest Rapids Tailrace CHN,3,G729177DC,2026-04-24 21:22:28,2026-04-26 16:25:00,Hanford,1,2026-04-27 09:13:42
Priest Rapids Tailrace CHN,1,G7291F5EC,2026-04-29 16:53:41,2026-05-01 16:26:00,Crescent Bar,0,
Priest Rapids Tailrace CHN,1,G7291F5EC,2026-04-29 16:53:41,2026-05-01 16:26:00,Sunland,0,
Priest Rapids Tailrace CHN,1,G7291F5EC,2026-04-29 16:53:41,2026-05-01 16:26:00,Wanapum BRZ,0,
Priest Rapids Tailrace CHN,1,G7291F5EC,2026-04-29 16:53:41,2026-05-01 16:26:00,Mattawa,0,
Priest Rapids Tailrace CHN,1,G7291F5EC,2026-04-29 16:53:41,2026-05-01 16:26:00,Priest BRZ,0,
Priest Rapids Tailrace CHN,1,G7291F5EC,2026-04-29 16:53:41,2026-05-01 16:26:00,Lower Ringold,1,2026-05-02 13:57:22
Priest Rapids Tailrace CHN,1,G7291F5EC,2026-04-29 16:53:41,2026-05-01 16:26:00,Hanford,1,2026-05-03 05:16:32
Priest Rapids Tailrace CHN,1,G729257AA,2026-04-24 21:09:31,2026-04-26 16:25:00,Crescent Bar,0,
Priest Rapids Tailrace CHN,1,G729257AA,2026-04-24 21:09:31,2026-04-26 16:25:00,Sunland,0,
Priest Rapids Tailrace CHN,1,G729257AA,2026-04-24 21:09:31,2026-04-26 16:25:00,Wanapum BRZ,0,
Priest Rapids Tailrace CHN,1,G729257AA,2026-04-24 21:09:31,2026-04-26 16:25:00,Mattawa,0,
Priest Rapids Tailrace CHN,1,G729257AA,2026-04-24 21:09:31,2026-04-26 16:25:00,Priest BRZ,0,
Priest Rapids Tailrace CHN,1,G729257AA,2026-04-24 21:09:31,2026-04-26 16:25:00,Lower Ringold,0,
Priest Rapids Tailrace CHN,1,G729257AA,2026-04-24 21:09:31,2026-04-26 16:25:00,Hanford,0,
Priest Rapids Tailrace CHN,1,G7292BBE0,2026-04-27 18:53:58,2026-04-29 16:07:00,Crescent Bar,0,
Priest Rapids Tailrace CHN,1,G7292BBE0,2026-04-27 18:53:58,2026-04-29 16:07:00,Sunland,0,
Priest Rapids Tailrace CHN,1,G7292BBE0,2026-04-27 18:53:58,2026-04-29 16:07:00,Wanapum BRZ,0,
Priest Rapids Tailrace CHN,1,G7292BBE0,2026-04-27 18:53:58,2026-04-29 16:07:00,Mattawa,0,
Priest Rapids Tailrace CHN,1,G7292BBE0,2026-04-27 18:53:58,2026-04-29 16:07:00,Priest BRZ,0,
Priest Rapids Tailrace CHN,1,G7292BBE0,2026-04-27 18:53:58,2026-04-29 16:07:00,Lower Ringold,1,2026-04-30 07:16:32
Priest Rapids Tailrace CHN,1,G7292BBE0,2026-04-27 18:53:58,2026-04-29 16:07:00,Hanford,1,2026-04-30 10:26:55
Priest Rapids Tailrace CHN,1,G72931C08,2026-04-28 19:40:50,2026-04-30 16:19:00,Crescent Bar,0,
Priest Rapids Tailrace CHN,1,G72931C08,2026-04-28 19:40:50,2026-04-30 16:19:00,Sunland,0,
Priest Rapids Tailrace CHN,1,G72931C08,2026-04-28 19:40:50,2026-04-30 16:19:00,Wanapum BRZ,0,
Priest Rapids Tailrace CHN,1,G72931C08,2026-04-28 19:40:50,2026-04-30 16:19:00,Mattawa,0,
Priest Rapids Tailrace CHN,1,G72931C08,2026-04-28 19:40:50,2026-04-30 16:19:00,Priest BRZ,0,
Priest Rapids Tailrace CHN,1,G72931C08,2026-04-28 19:40:50,2026-04-30 16:19:00,Lower Ringold,1,2026-05-01 13:02:23
Priest Rapids Tailrace CHN,1,G72931C08,2026-04-28 19:40:50,2026-04-30 16:19:00,Hanford,1,2026-05-01 18:29:58
Priest Rapids Tailrace CHN,2,G72935C4E,2026-04-27 18:42:55,2026-04-29 16:07:00,Crescent Bar,0,
Priest Rapids Tailrace CHN,2,G72935C4E,2026-04-27 18:42:55,2026-04-29 16:07:00,Sunland,0,
Priest Rapids Tailrace CHN,2,G72935C4E,2026-04-27 18:42:55,2026-04-29 16:07:00,Wanapum BRZ,0,
Priest Rapids Tailrace CHN,2,G72935C4E,2026-04-27 18:42:55,2026-04-29 16:07:00,Mattawa,0,
Priest Rapids Tailrace CHN,2,G72935C4E,2026-04-27 18:42:55,2026-04-29 16:07:00,Priest BRZ,0,
Priest Rapids Tailrace CHN,2,G72935C4E,2026-04-27 18:42:55,2026-04-29 16:07:00,Lower Ringold,1,2026-04-30 04:49:39
Priest Rapids Tailrace CHN,2,G72935C4E,2026-04-27 18:42:55,2026-04-29 16:07:00,Hanford,1,2026-04-30 08:42:02
Priest Rapids Tailrace CHN,1,G729399BB,2026-04-30 16:36:34,2026-05-02 16:36:00,Crescent Bar,0,
Priest Rapids Tailrace CHN,1,G729399BB,2026-04-30 16:36:34,2026-05-02 16:36:00,Sunland,0,
Priest Rapids Tailrace CHN,1,G729399BB,2026-04-30 16:36:34,2026-05-02 16:36:00,Wanapum BRZ,0,
Priest Rapids Tailrace CHN,1,G729399BB,2026-04-30 16:36:34,2026-05-02 16:36:00,Mattawa,0,
Priest Rapids Tailrace CHN,1,G729399BB,2026-04-30 16:36:34,2026-05-02 16:36:00,Priest BRZ,0,
Priest Rapids Tailrace CHN,1,G729399BB,2026-04-30 16:36:34,2026-05-02 16:36:00,Lower Ringold,1,2026-05-03 05:01:41
Priest Rapids Tailrace CHN,1,G729399BB,2026-04-30 16:36:34,2026-05-02 16:36:00,Hanford,1,2026-05-03 07:52:56
Priest Rapids Tailrace CHN,1,G7294A62A,2026-04-27 19:02:20,2026-04-29 16:07:00,Crescent Bar,0,
Priest Rapids Tailrace CHN,1,G7294A62A,2026-04-27 19:02:20,2026-04-29 16:07:00,Sunland,0,
Priest Rapids Tailrace CHN,1,G7294A62A,2026-04-27 19:02:20,2026-04-29 16:07:00,Wanapum BRZ,0,
Priest Rapids Tailrace CHN,1,G7294A62A,2026-04-27 19:02:20,2026-04-29 16:07:00,Mattawa,0,
Priest Rapids Tailrace CHN,1,G7294A62A,2026-04-27 19:02:20,2026-04-29 16:07:00,Priest BRZ,0,
Priest Rapids Tailrace CHN,1,G7294A62A,2026-04-27 19:02:20,2026-04-29 16:07:00,Lower Ringold,1,2026-04-30 14:10:50
Priest Rapids Tailrace CHN,1,G7294A62A,2026-04-27 19:02:20,2026-04-29 16:07:00,Hanford,0,
Priest Rapids Tailrace CHN,1,G7294BD97,2026-04-26 17:29:06,2026-04-28 15:47:00,Crescent Bar,0,
Priest Rapids Tailrace CHN,1,G7294BD97,2026-04-26 17:29:06,2026-04-28 15:47:00,Sunland,0,
Priest Rapids Tailrace CHN,1,G7294BD97,2026-04-26 17:29:06,2026-04-28 15:47:00,Wanapum BRZ,0,
Priest Rapids Tailrace CHN,1,G7294BD97,2026-04-26 17:29:06,2026-04-28 15:47:00,Mattawa,0,
Priest Rapids Tailrace CHN,1,G7294BD97,2026-04-26 17:29:06,2026-04-28 15:47:00,Priest BRZ,0,
Priest Rapids Tailrace CHN,1,G7294BD97,2026-04-26 17:29:06,2026-04-28 15:47:00,Lower Ringold,1,2026-04-29 06:43:27
Priest Rapids Tailrace CHN,1,G7294BD97,2026-04-26 17:29:06,2026-04-28 15:47:00,Hanford,1,2026-04-29 11:01:51
Priest Rapids Tailrace CHN,1,G7294E353,2026-04-29 17:02:23,2026-05-01 16:26:00,Crescent Bar,0,
Priest Rapids Tailrace CHN,1,G7294E353,2026-04-29 17:02:23,2026-05-01 16:26:00,Sunland,0,
Priest Rapids Tailrace CHN,1,G7294E353,2026-04-29 17:02:23,2026-05-01 16:26:00,Wanapum BRZ,0,
Priest Rapids Tailrace CHN,1,G7294E353,2026-04-29 17:02:23,2026-05-01 16:26:00,Mattawa,0,
Priest Rapids Tailrace CHN,1,G7294E353,2026-04-29 17:02:23,2026-05-01 16:26:00,Priest BRZ,0,
Priest Rapids Tailrace CHN,1,G7294E353,2026-04-29 17:02:23,2026-05-01 16:26:00,Lower Ringold,1,2026-05-02 06:42:39
Priest Rapids Tailrace CHN,1,G7294E353,2026-04-29 17:02:23,2026-05-01 16:26:00,Hanford,1,2026-05-02 10:20:27
Priest Rapids Tailrace CHN,1,G7294F8EE,2026-04-30 16:37:44,2026-05-02 16:36:00,Crescent Bar,0,
Priest Rapids Tailrace CHN,1,G7294F8EE,2026-04-30 16:37:44,2026-05-02 16:36:00,Sunland,0,
Priest Rapids Tailrace CHN,1,G7294F8EE,2026-04-30 16:37:44,2026-05-02 16:36:00,Wanapum BRZ,0,
Priest Rapids Tailrace CHN,1,G7294F8EE,2026-04-30 16:37:44,2026-05-02 16:36:00,Mattawa,0,
Priest Rapids Tailrace CHN,1,G7294F8EE,2026-04-30 16:37:44,2026-05-02 16:36:00,Priest BRZ,0,
Priest Rapids Tailrace CHN,1,G7294F8EE,2026-04-30 16:37:44,2026-05-02 16:36:00,Lower Ringold,1,2026-05-03 14:59:23
Priest Rapids Tailrace CHN,1,G7294F8EE,2026-04-30 16:37:44,2026-05-02 16:36:00,Hanford,1,2026-05-03 19:17:38
Priest Rapids Tailrace CHN,1,G72962976,2026-04-24 21:21:53,2026-04-26 16:25:00,Crescent Bar,0,
Priest Rapids Tailrace CHN,1,G72962976,2026-04-24 21:21:53,2026-04-26 16:25:00,Sunland,0,
Priest Rapids Tailrace CHN,1,G72962976,2026-04-24 21:21:53,2026-04-26 16:25:00,Wanapum BRZ,0,
Priest Rapids Tailrace CHN,1,G72962976,2026-04-24 21:21:53,2026-04-26 16:25:00,Mattawa,0,
Priest Rapids Tailrace CHN,1,G72962976,2026-04-24 21:21:53,2026-04-26 16:25:00,Priest BRZ,0,
Priest Rapids Tailrace CHN,1,G72962976,2026-04-24 21:21:53,2026-04-26 16:25:00,Lower Ringold,1,2026-04-27 11:48:12
Priest Rapids Tailrace CHN,1,G72962976,2026-04-24 21:21:53,2026-04-26 16:25:00,Hanford,1,2026-04-27 22:25:50
Priest Rapids Tailrace CHN,1,G72966593,2026-04-23 21:30:00,2026-04-25 16:05:00,Crescent Bar,0,
Priest Rapids Tailrace CHN,1,G72966593,2026-04-23 21:30:00,2026-04-25 16:05:00,Sunland,0,
Priest Rapids Tailrace CHN,1,G72966593,2026-04-23 21:30:00,2026-04-25 16:05:00,Wanapum BRZ,0,
Priest Rapids Tailrace CHN,1,G72966593,2026-04-23 21:30:00,2026-04-25 16:05:00,Mattawa,0,
Priest Rapids Tailrace CHN,1,G72966593,2026-04-23 21:30:00,2026-04-25 16:05:00,Priest BRZ,0,
Priest Rapids Tailrace CHN,1,G72966593,2026-04-23 21:30:00,2026-04-25 16:05:00,Lower Ringold,1,2026-04-26 07:13:06
Priest Rapids Tailrace CHN,1,G72966593,2026-04-23 21:30:00,2026-04-25 16:05:00,Hanford,1,2026-04-26 10:00:33
Priest Rapids Tailrace CHN,3,G72981FC9,2026-04-30 16:59:30,2026-05-02 16:36:00,Crescent Bar,0,
Priest Rapids Tailrace CHN,3,G72981FC9,2026-04-30 16:59:30,2026-05-02 16:36:00,Sunland,0,
Priest Rapids Tailrace CHN,3,G72981FC9,2026-04-30 16:59:30,2026-05-02 16:36:00,Wanapum BRZ,0,
Priest Rapids Tailrace CHN,3,G72981FC9,2026-04-30 16:59:30,2026-05-02 16:36:00,Mattawa,0,
Priest Rapids Tailrace CHN,3,G72981FC9,2026-04-30 16:59:30,2026-05-02 16:36:00,Priest BRZ,0,
Priest Rapids Tailrace CHN,3,G72981FC9,2026-04-30 16:59:30,2026-05-02 16:36:00,Lower Ringold,1,2026-05-03 08:06:20
Priest Rapids Tailrace CHN,3,G72981FC9,2026-04-30 16:59:30,2026-05-02 16:36:00,Hanford,1,2026-05-03 12:00:35
Priest Rapids Tailrace CHN,3,G72987C4E,2026-04-24 21:24:28,2026-04-26 16:25:00,Crescent Bar,0,
Priest Rapids Tailrace CHN,3,G72987C4E,2026-04-24 21:24:28,2026-04-26 16:25:00,Sunland,0,
Priest Rapids Tailrace CHN,3,G72987C4E,2026-04-24 21:24:28,2026-04-26 16:25:00,Wanapum BRZ,0,
Priest Rapids Tailrace CHN,3,G72987C4E,2026-04-24 21:24:28,2026-04-26 16:25:00,Mattawa,0,
Priest Rapids Tailrace CHN,3,G72987C4E,2026-04-24 21:24:28,2026-04-26 16:25:00,Priest BRZ,0,
Priest Rapids Tailrace CHN,3,G72987C4E,2026-04-24 21:24:28,2026-04-26 16:25:00,Lower Ringold,1,2026-04-27 06:20:54
Priest Rapids Tailrace CHN,3,G72987C4E,2026-04-24 21:24:28,2026-04-26 16:25:00,Hanford,1,2026-04-27 10:40:38
Priest Rapids Tailrace CHN,1,G7298DDBF,2026-04-24 21:16:32,2026-04-26 16:25:00,Crescent Bar,0,
Priest Rapids Tailrace CHN,1,G7298DDBF,2026-04-24 21:16:32,2026-04-26 16:25:00,Sunland,0,
Priest Rapids Tailrace CHN,1,G7298DDBF,2026-04-24 21:16:32,2026-04-26 16:25:00,Wanapum BRZ,0,
Priest Rapids Tailrace CHN,1,G7298DDBF,2026-04-24 21:16:32,2026-04-26 16:25:00,Mattawa,0,
Priest Rapids Tailrace CHN,1,G7298DDBF,2026-04-24 21:16:32,2026-04-26 16:25:00,Priest BRZ,0,
Priest Rapids Tailrace CHN,1,G7298DDBF,2026-04-24 21:16:32,2026-04-26 16:25:00,Lower Ringold,1,2026-04-27 05:11:30
Priest Rapids Tailrace CHN,1,G7298DDBF,2026-04-24 21:16:32,2026-04-26 16:25:00,Hanford,1,2026-04-27 09:30:57
Priest Rapids Tailrace CHN,1,G7298F061,2026-04-26 17:50:00,2026-04-28 15:47:00,Crescent Bar,0,
Priest Rapids Tailrace CHN,1,G7298F061,2026-04-26 17:50:00,2026-04-28 15:47:00,Sunland,0,
Priest Rapids Tailrace CHN,1,G7298F061,2026-04-26 17:50:00,2026-04-28 15:47:00,Wanapum BRZ,0,
Priest Rapids Tailrace CHN,1,G7298F061,2026-04-26 17:50:00,2026-04-28 15:47:00,Mattawa,0,
Priest Rapids Tailrace CHN,1,G7298F061,2026-04-26 17:50:00,2026-04-28 15:47:00,Priest BRZ,0,
Priest Rapids Tailrace CHN,1,G7298F061,2026-04-26 17:50:00,2026-04-28 15:47:00,Lower Ringold,1,2026-04-29 14:49:47
Priest Rapids Tailrace CHN,1,G7298F061,2026-04-26 17:50:00,2026-04-28 15:47:00,Hanford,1,2026-04-29 19:15:08
Priest Rapids Tailrace CHN,1,G7298FF20,2026-04-26 17:24:17,2026-04-28 15:47:00,Crescent Bar,0,
Priest Rapids Tailrace CHN,1,G7298FF20,2026-04-26 17:24:17,2026-04-28 15:47:00,Sunland,0,
Priest Rapids Tailrace CHN,1,G7298FF20,2026-04-26 17:24:17,2026-04-28 15:47:00,Wanapum BRZ,0,
Priest Rapids Tailrace CHN,1,G7298FF20,2026-04-26 17:24:17,2026-04-28 15:47:00,Mattawa,0,
Priest Rapids Tailrace CHN,1,G7298FF20,2026-04-26 17:24:17,2026-04-28 15:47:00,Priest BRZ,0,
Priest Rapids Tailrace CHN,1,G7298FF20,2026-04-26 17:24:17,2026-04-28 15:47:00,Lower Ringold,1,2026-04-29 09:03:14
Priest Rapids Tailrace CHN,1,G7298FF20,2026-04-26 17:24:17,2026-04-28 15:47:00,Hanford,1,2026-04-29 14:18:02
Priest Rapids Tailrace CHN,1,G7299306F,2026-04-27 18:51:34,2026-04-29 16:07:00,Crescent Bar,0,
Priest Rapids Tailrace CHN,1,G7299306F,2026-04-27 18:51:34,2026-04-29 16:07:00,Sunland,0,
Priest Rapids Tailrace CHN,1,G7299306F,2026-04-27 18:51:34,2026-04-29 16:07:00,Wanapum BRZ,0,
Priest Rapids Tailrace CHN,1,G7299306F,2026-04-27 18:51:34,2026-04-29 16:07:00,Mattawa,0,
Priest Rapids Tailrace CHN,1,G7299306F,2026-04-27 18:51:34,2026-04-29 16:07:00,Priest BRZ,0,
Priest Rapids Tailrace CHN,1,G7299306F,2026-04-27 18:51:34,2026-04-29 16:07:00,Lower Ringold,1,2026-04-30 04:58:27
Priest Rapids Tailrace CHN,1,G7299306F,2026-04-27 18:51:34,2026-04-29 16:07:00,Hanford,1,2026-04-30 08:00:08
Priest Rapids Tailrace CHN,1,G72995F4B,2026-04-25 18:20:43,2026-04-27 16:25:00,Crescent Bar,0,
Priest Rapids Tailrace CHN,1,G72995F4B,2026-04-25 18:20:43,2026-04-27 16:25:00,Sunland,0,
Priest Rapids Tailrace CHN,1,G72995F4B,2026-04-25 18:20:43,2026-04-27 16:25:00,Wanapum BRZ,0,
Priest Rapids Tailrace CHN,1,G72995F4B,2026-04-25 18:20:43,2026-04-27 16:25:00,Mattawa,0,
Priest Rapids Tailrace CHN,1,G72995F4B,2026-04-25 18:20:43,2026-04-27 16:25:00,Priest BRZ,0,
Priest Rapids Tailrace CHN,1,G72995F4B,2026-04-25 18:20:43,2026-04-27 16:25:00,Lower Ringold,1,2026-04-28 17:50:01
Priest Rapids Tailrace CHN,1,G72995F4B,2026-04-25 18:20:43,2026-04-27 16:25:00,Hanford,1,2026-04-28 23:41:06
Priest Rapids Tailrace CHN,1,G729A663C,2026-04-27 18:56:45,2026-04-29 16:07:00,Crescent Bar,0,
Priest Rapids Tailrace CHN,1,G729A663C,2026-04-27 18:56:45,2026-04-29 16:07:00,Sunland,0,
Priest Rapids Tailrace CHN,1,G729A663C,2026-04-27 18:56:45,2026-04-29 16:07:00,Wanapum BRZ,0,
Priest Rapids Tailrace CHN,1,G729A663C,2026-04-27 18:56:45,2026-04-29 16:07:00,Mattawa,0,
Priest Rapids Tailrace CHN,1,G729A663C,2026-04-27 18:56:45,2026-04-29 16:07:00,Priest BRZ,0,
Priest Rapids Tailrace CHN,1,G729A663C,2026-04-27 18:56:45,2026-04-29 16:07:00,Lower Ringold,1,2026-04-30 04:44:52
Priest Rapids Tailrace CHN,1,G729A663C,2026-04-27 18:56:45,2026-04-29 16:07:00,Hanford,1,2026-04-30 09:33:01
Priest Rapids Tailrace CHN,1,G729BBF33,2026-04-27 18:45:31,2026-04-29 16:07:00,Crescent Bar,0,
Priest Rapids Tailrace CHN,1,G729BBF33,2026-04-27 18:45:31,2026-04-29 16:07:00,Sunland,0,
Priest Rapids Tailrace CHN,1,G729BBF33,2026-04-27 18:45:31,2026-04-29 16:07:00,Wanapum BRZ,0,
Priest Rapids Tailrace CHN,1,G729BBF33,2026-04-27 18:45:31,2026-04-29 16:07:00,Mattawa,0,
Priest Rapids Tailrace CHN,1,G729BBF33,2026-04-27 18:45:31,2026-04-29 16:07:00,Priest BRZ,0,
Priest Rapids Tailrace CHN,1,G729BBF33,2026-04-27 18:45:31,2026-04-29 16:07:00,Lower Ringold,1,2026-04-30 05:35:50
Priest Rapids Tailrace CHN,1,G729BBF33,2026-04-27 18:45:31,2026-04-29 16:07:00,Hanford,1,2026-04-30 10:15:15
Priest Rapids Tailrace CHN,1,G729BC916,2026-04-30 16:37:18,2026-05-02 16:36:00,Crescent Bar,0,
Priest Rapids Tailrace CHN,1,G729BC916,2026-04-30 16:37:18,2026-05-02 16:36:00,Sunland,0,
Priest Rapids Tailrace CHN,1,G729BC916,2026-04-30 16:37:18,2026-05-02 16:36:00,Wanapum BRZ,0,
Priest Rapids Tailrace CHN,1,G729BC916,2026-04-30 16:37:18,2026-05-02 16:36:00,Mattawa,0,
Priest Rapids Tailrace CHN,1,G729BC916,2026-04-30 16:37:18,2026-05-02 16:36:00,Priest BRZ,0,
Priest Rapids Tailrace CHN,1,G729BC916,2026-04-30 16:37:18,2026-05-02 16:36:00,Lower Ringold,1,2026-05-03 22:49:21
Priest Rapids Tailrace CHN,1,G729BC916,2026-04-30 16:37:18,2026-05-02 16:36:00,Hanford,1,2026-05-04 02:28:55
Priest Rapids Tailrace CHN,3,G729F593C,2026-04-29 16:51:07,2026-05-01 16:26:00,Crescent Bar,0,
Priest Rapids Tailrace CHN,3,G729F593C,2026-04-29 16:51:07,2026-05-01 16:26:00,Sunland,0,
Priest Rapids Tailrace CHN,3,G729F593C,2026-04-29 16:51:07,2026-05-01 16:26:00,Wanapum BRZ,0,
Priest Rapids Tailrace CHN,3,G729F593C,2026-04-29 16:51:07,2026-05-01 16:26:00,Mattawa,0,
Priest Rapids Tailrace CHN,3,G729F593C,2026-04-29 16:51:07,2026-05-01 16:26:00,Priest BRZ,0,
Priest Rapids Tailrace CHN,3,G729F593C,2026-04-29 16:51:07,2026-05-01 16:26:00,Lower Ringold,1,2026-05-02 15:03:34
Priest Rapids Tailrace CHN,3,G729F593C,2026-04-29 16:51:07,2026-05-01 16:26:00,Hanford,1,2026-05-02 19:03:23
Priest Rapids Tailrace CHN,3,G729FD172,2026-04-26 17:51:22,2026-04-28 15:47:00,Crescent Bar,0,
Priest Rapids Tailrace CHN,3,G729FD172,2026-04-26 17:51:22,2026-04-28 15:47:00,Sunland,0,
Priest Rapids Tailrace CHN,3,G729FD172,2026-04-26 17:51:22,2026-04-28 15:47:00,Wanapum BRZ,0,
Priest Rapids Tailrace CHN,3,G729FD172,2026-04-26 17:51:22,2026-04-28 15:47:00,Mattawa,0,
Priest Rapids Tailrace CHN,3,G729FD172,2026-04-26 17:51:22,2026-04-28 15:47:00,Priest BRZ,0,
Priest Rapids Tailrace CHN,3,G729FD172,2026-04-26 17:51:22,2026-04-28 15:47:00,Lower Ringold,1,2026-04-29 08:05:31
Priest Rapids Tailrace CHN,3,G729FD172,2026-04-26 17:51:22,2026-04-28 15:47:00,Hanford,1,2026-04-29 11:22:55
Priest Rapids Tailrace CHN,1,G72A0F286,2026-04-23 21:30:00,2026-04-25 16:05:00,Crescent Bar,0,
Priest Rapids Tailrace CHN,1,G72A0F286,2026-04-23 21:30:00,2026-04-25 16:05:00,Sunland,0,
Priest Rapids Tailrace CHN,1,G72A0F286,2026-04-23 21:30:00,2026-04-25 16:05:00,Wanapum BRZ,0,
Priest Rapids Tailrace CHN,1,G72A0F286,2026-04-23 21:30:00,2026-04-25 16:05:00,Mattawa,0,
Priest Rapids Tailrace CHN,1,G72A0F286,2026-04-23 21:30:00,2026-04-25 16:05:00,Priest BRZ,0,
Priest Rapids Tailrace CHN,1,G72A0F286,2026-04-23 21:30:00,2026-04-25 16:05:00,Lower Ringold,1,2026-04-26 06:12:55
Priest Rapids Tailrace CHN,1,G72A0F286,2026-04-23 21:30:00,2026-04-25 16:05:00,Hanford,1,2026-04-26 09:27:39
Priest Rapids Tailrace CHN,1,G72A3CAAF,2026-04-25 18:43:18,2026-04-27 16:25:00,Crescent Bar,0,
Priest Rapids Tailrace CHN,1,G72A3CAAF,2026-04-25 18:43:18,2026-04-27 16:25:00,Sunland,0,
Priest Rapids Tailrace CHN,1,G72A3CAAF,2026-04-25 18:43:18,2026-04-27 16:25:00,Wanapum BRZ,0,
Priest Rapids Tailrace CHN,1,G72A3CAAF,2026-04-25 18:43:18,2026-04-27 16:25:00,Mattawa,0,
Priest Rapids Tailrace CHN,1,G72A3CAAF,2026-04-25 18:43:18,2026-04-27 16:25:00,Priest BRZ,0,
Priest Rapids Tailrace CHN,1,G72A3CAAF,2026-04-25 18:43:18,2026-04-27 16:25:00,Lower Ringold,1,2026-04-28 07:31:48
Priest Rapids Tailrace CHN,1,G72A3CAAF,2026-04-25 18:43:18,2026-04-27 16:25:00,Hanford,1,2026-04-28 10:42:21
Priest Rapids Tailrace CHN,3,G72A3F38D,2026-04-28 19:42:08,2026-04-30 16:19:00,Crescent Bar,0,
Priest Rapids Tailrace CHN,3,G72A3F38D,2026-04-28 19:42:08,2026-04-30 16:19:00,Sunland,0,
Priest Rapids Tailrace CHN,3,G72A3F38D,2026-04-28 19:42:08,2026-04-30 16:19:00,Wanapum BRZ,0,
Priest Rapids Tailrace CHN,3,G72A3F38D,2026-04-28 19:42:08,2026-04-30 16:19:00,Mattawa,0,
Priest Rapids Tailrace CHN,3,G72A3F38D,2026-04-28 19:42:08,2026-04-30 16:19:00,Priest BRZ,0,
Priest Rapids Tailrace CHN,3,G72A3F38D,2026-04-28 19:42:08,2026-04-30 16:19:00,Lower Ringold,1,2026-05-01 05:58:06
Priest Rapids Tailrace CHN,3,G72A3F38D,2026-04-28 19:42:08,2026-04-30 16:19:00,Hanford,1,2026-05-01 09:25:57
Priest Rapids Tailrace CHN,3,G72A40397,2026-04-28 19:38:33,2026-04-30 16:19:00,Crescent Bar,0,
Priest Rapids Tailrace CHN,3,G72A40397,2026-04-28 19:38:33,2026-04-30 16:19:00,Sunland,0,
Priest Rapids Tailrace CHN,3,G72A40397,2026-04-28 19:38:33,2026-04-30 16:19:00,Wanapum BRZ,0,
Priest Rapids Tailrace CHN,3,G72A40397,2026-04-28 19:38:33,2026-04-30 16:19:00,Mattawa,0,
Priest Rapids Tailrace CHN,3,G72A40397,2026-04-28 19:38:33,2026-04-30 16:19:00,Priest BRZ,0,
Priest Rapids Tailrace CHN,3,G72A40397,2026-04-28 19:38:33,2026-04-30 16:19:00,Lower Ringold,1,2026-05-01 15:06:35
Priest Rapids Tailrace CHN,3,G72A40397,2026-04-28 19:38:33,2026-04-30 16:19:00,Hanford,1,2026-05-02 04:38:06
Priest Rapids Tailrace CHN,3,G72A492D8,2026-04-23 21:30:00,2026-04-25 16:05:00,Crescent Bar,0,
Priest Rapids Tailrace CHN,3,G72A492D8,2026-04-23 21:30:00,2026-04-25 16:05:00,Sunland,0,
Priest Rapids Tailrace CHN,3,G72A492D8,2026-04-23 21:30:00,2026-04-25 16:05:00,Wanapum BRZ,0,
Priest Rapids Tailrace CHN,3,G72A492D8,2026-04-23 21:30:00,2026-04-25 16:05:00,Mattawa,0,
Priest Rapids Tailrace CHN,3,G72A492D8,2026-04-23 21:30:00,2026-04-25 16:05:00,Priest BRZ,0,
Priest Rapids Tailrace CHN,3,G72A492D8,2026-04-23 21:30:00,2026-04-25 16:05:00,Lower Ringold,1,2026-04-26 06:09:42
Priest Rapids Tailrace CHN,3,G72A492D8,2026-04-23 21:30:00,2026-04-25 16:05:00,Hanford,1,2026-04-26 09:09:37
Priest Rapids Tailrace CHN,3,G72A573AB,2026-04-30 16:44:03,2026-05-02 16:36:00,Crescent Bar,0,
Priest Rapids Tailrace CHN,3,G72A573AB,2026-04-30 16:44:03,2026-05-02 16:36:00,Sunland,0,
Priest Rapids Tailrace CHN,3,G72A573AB,2026-04-30 16:44:03,2026-05-02 16:36:00,Wanapum BRZ,0,
Priest Rapids Tailrace CHN,3,G72A573AB,2026-04-30 16:44:03,2026-05-02 16:36:00,Mattawa,0,
Priest Rapids Tailrace CHN,3,G72A573AB,2026-04-30 16:44:03,2026-05-02 16:36:00,Priest BRZ,0,
Priest Rapids Tailrace CHN,3,G72A573AB,2026-04-30 16:44:03,2026-05-02 16:36:00,Lower Ringold,1,2026-05-03 07:15:57
Priest Rapids Tailrace CHN,3,G72A573AB,2026-04-30 16:44:03,2026-05-02 16:36:00,Hanford,1,2026-05-03 09:56:23
Priest Rapids Tailrace CHN,3,G72A5E567,2026-04-25 18:30:58,2026-04-27 16:25:00,Crescent Bar,0,
Priest Rapids Tailrace CHN,3,G72A5E567,2026-04-25 18:30:58,2026-04-27 16:25:00,Sunland,0,
Priest Rapids Tailrace CHN,3,G72A5E567,2026-04-25 18:30:58,2026-04-27 16:25:00,Wanapum BRZ,0,
Priest Rapids Tailrace CHN,3,G72A5E567,2026-04-25 18:30:58,2026-04-27 16:25:00,Mattawa,0,
Priest Rapids Tailrace CHN,3,G72A5E567,2026-04-25 18:30:58,2026-04-27 16:25:00,Priest BRZ,0,
Priest Rapids Tailrace CHN,3,G72A5E567,2026-04-25 18:30:58,2026-04-27 16:25:00,Lower Ringold,1,2026-04-28 10:09:53
Priest Rapids Tailrace CHN,3,G72A5E567,2026-04-25 18:30:58,2026-04-27 16:25:00,Hanford,1,2026-04-28 14:45:12
Priest Rapids Tailrace CHN,3,G72A6493E,2026-04-24 21:33:17,2026-04-26 16:25:00,Crescent Bar,0,
Priest Rapids Tailrace CHN,3,G72A6493E,2026-04-24 21:33:17,2026-04-26 16:25:00,Sunland,0,
Priest Rapids Tailrace CHN,3,G72A6493E,2026-04-24 21:33:17,2026-04-26 16:25:00,Wanapum BRZ,0,
Priest Rapids Tailrace CHN,3,G72A6493E,2026-04-24 21:33:17,2026-04-26 16:25:00,Mattawa,0,
Priest Rapids Tailrace CHN,3,G72A6493E,2026-04-24 21:33:17,2026-04-26 16:25:00,Priest BRZ,0,
Priest Rapids Tailrace CHN,3,G72A6493E,2026-04-24 21:33:17,2026-04-26 16:25:00,Lower Ringold,1,2026-05-17 00:38:26
Priest Rapids Tailrace CHN,3,G72A6493E,2026-04-24 21:33:17,2026-04-26 16:25:00,Hanford,1,2026-05-18 05:55:12
Priest Rapids Tailrace CHN,3,G72A67DE1,2026-04-25 18:37:23,2026-04-27 16:25:00,Crescent Bar,0,
Priest Rapids Tailrace CHN,3,G72A67DE1,2026-04-25 18:37:23,2026-04-27 16:25:00,Sunland,0,
Priest Rapids Tailrace CHN,3,G72A67DE1,2026-04-25 18:37:23,2026-04-27 16:25:00,Wanapum BRZ,0,
Priest Rapids Tailrace CHN,3,G72A67DE1,2026-04-25 18:37:23,2026-04-27 16:25:00,Mattawa,0,
Priest Rapids Tailrace CHN,3,G72A67DE1,2026-04-25 18:37:23,2026-04-27 16:25:00,Priest BRZ,0,
Priest Rapids Tailrace CHN,3,G72A67DE1,2026-04-25 18:37:23,2026-04-27 16:25:00,Lower Ringold,1,2026-04-28 20:47:56
Priest Rapids Tailrace CHN,3,G72A67DE1,2026-04-25 18:37:23,2026-04-27 16:25:00,Hanford,1,2026-04-29 13:09:56
Priest Rapids Tailrace CHN,3,G72A7D9EB,2026-04-23 21:30:00,2026-04-25 16:05:00,Crescent Bar,0,
Priest Rapids Tailrace CHN,3,G72A7D9EB,2026-04-23 21:30:00,2026-04-25 16:05:00,Sunland,0,
Priest Rapids Tailrace CHN,3,G72A7D9EB,2026-04-23 21:30:00,2026-04-25 16:05:00,Wanapum BRZ,0,
Priest Rapids Tailrace CHN,3,G72A7D9EB,2026-04-23 21:30:00,2026-04-25 16:05:00,Mattawa,0,
Priest Rapids Tailrace CHN,3,G72A7D9EB,2026-04-23 21:30:00,2026-04-25 16:05:00,Priest BRZ,0,
Priest Rapids Tailrace CHN,3,G72A7D9EB,2026-04-23 21:30:00,2026-04-25 16:05:00,Lower Ringold,1,2026-04-26 07:06:48
Priest Rapids Tailrace CHN,3,G72A7D9EB,2026-04-23 21:30:00,2026-04-25 16:05:00,Hanford,1,2026-04-26 10:06:48
Priest Rapids Tailrace CHN,2,G72A88928,2026-04-23 21:32:19,2026-04-25 16:05:00,Crescent Bar,0,
Priest Rapids Tailrace CHN,2,G72A88928,2026-04-23 21:32:19,2026-04-25 16:05:00,Sunland,0,
Priest Rapids Tailrace CHN,2,G72A88928,2026-04-23 21:32:19,2026-04-25 16:05:00,Wanapum BRZ,0,
Priest Rapids Tailrace CHN,2,G72A88928,2026-04-23 21:32:19,2026-04-25 16:05:00,Mattawa,0,
Priest Rapids Tailrace CHN,2,G72A88928,2026-04-23 21:32:19,2026-04-25 16:05:00,Priest BRZ,0,
Priest Rapids Tailrace CHN,2,G72A88928,2026-04-23 21:32:19,2026-04-25 16:05:00,Lower Ringold,1,2026-04-26 19:12:32
Priest Rapids Tailrace CHN,2,G72A88928,2026-04-23 21:32:19,2026-04-25 16:05:00,Hanford,1,2026-04-26 23:17:42
Priest Rapids Tailrace CHN,1,G72A91CC2,2026-04-30 16:59:05,2026-05-02 16:36:00,Crescent Bar,0,
Priest Rapids Tailrace CHN,1,G72A91CC2,2026-04-30 16:59:05,2026-05-02 16:36:00,Sunland,0,
Priest Rapids Tailrace CHN,1,G72A91CC2,2026-04-30 16:59:05,2026-05-02 16:36:00,Wanapum BRZ,0,
Priest Rapids Tailrace CHN,1,G72A91CC2,2026-04-30 16:59:05,2026-05-02 16:36:00,Mattawa,0,
Priest Rapids Tailrace CHN,1,G72A91CC2,2026-04-30 16:59:05,2026-05-02 16:36:00,Priest BRZ,0,
Priest Rapids Tailrace CHN,1,G72A91CC2,2026-04-30 16:59:05,2026-05-02 16:36:00,Lower Ringold,1,2026-05-03 08:54:29
Priest Rapids Tailrace CHN,1,G72A91CC2,2026-04-30 16:59:05,2026-05-02 16:36:00,Hanford,1,2026-05-03 12:06:11
Priest Rapids Tailrace CHN,1,G72A925E0,2026-04-23 21:30:00,2026-04-25 16:05:00,Crescent Bar,0,
Priest Rapids Tailrace CHN,1,G72A925E0,2026-04-23 21:30:00,2026-04-25 16:05:00,Sunland,0,
Priest Rapids Tailrace CHN,1,G72A925E0,2026-04-23 21:30:00,2026-04-25 16:05:00,Wanapum BRZ,0,
Priest Rapids Tailrace CHN,1,G72A925E0,2026-04-23 21:30:00,2026-04-25 16:05:00,Mattawa,0,
Priest Rapids Tailrace CHN,1,G72A925E0,2026-04-23 21:30:00,2026-04-25 16:05:00,Priest BRZ,0,
Priest Rapids Tailrace CHN,1,G72A925E0,2026-04-23 21:30:00,2026-04-25 16:05:00,Lower Ringold,1,2026-05-09 17:02:32
Priest Rapids Tailrace CHN,1,G72A925E0,2026-04-23 21:30:00,2026-04-25 16:05:00,Hanford,1,2026-05-10 10:49:18
Priest Rapids Tailrace CHN,2,G72A9D217,2026-04-26 18:00:18,2026-04-28 15:47:00,Crescent Bar,0,
Priest Rapids Tailrace CHN,2,G72A9D217,2026-04-26 18:00:18,2026-04-28 15:47:00,Sunland,0,
Priest Rapids Tailrace CHN,2,G72A9D217,2026-04-26 18:00:18,2026-04-28 15:47:00,Wanapum BRZ,0,
Priest Rapids Tailrace CHN,2,G72A9D217,2026-04-26 18:00:18,2026-04-28 15:47:00,Mattawa,0,
Priest Rapids Tailrace CHN,2,G72A9D217,2026-04-26 18:00:18,2026-04-28 15:47:00,Priest BRZ,0,
Priest Rapids Tailrace CHN,2,G72A9D217,2026-04-26 18:00:18,2026-04-28 15:47:00,Lower Ringold,1,2026-04-29 07:48:55
Priest Rapids Tailrace CHN,2,G72A9D217,2026-04-26 18:00:18,2026-04-28 15:47:00,Hanford,1,2026-04-29 11:04:53
Priest Rapids Tailrace CHN,3,G72AA2E95,2026-04-30 16:42:05,2026-05-02 16:36:00,Crescent Bar,0,
Priest Rapids Tailrace CHN,3,G72AA2E95,2026-04-30 16:42:05,2026-05-02 16:36:00,Sunland,0,
Priest Rapids Tailrace CHN,3,G72AA2E95,2026-04-30 16:42:05,2026-05-02 16:36:00,Wanapum BRZ,0,
Priest Rapids Tailrace CHN,3,G72AA2E95,2026-04-30 16:42:05,2026-05-02 16:36:00,Mattawa,0,
Priest Rapids Tailrace CHN,3,G72AA2E95,2026-04-30 16:42:05,2026-05-02 16:36:00,Priest BRZ,0,
Priest Rapids Tailrace CHN,3,G72AA2E95,2026-04-30 16:42:05,2026-05-02 16:36:00,Lower Ringold,1,2026-05-04 07:37:25
Priest Rapids Tailrace CHN,3,G72AA2E95,2026-04-30 16:42:05,2026-05-02 16:36:00,Hanford,1,2026-05-04 10:29:22
Priest Rapids Tailrace CHN,2,G72AB2110,2026-04-27 18:43:29,2026-04-29 16:07:00,Crescent Bar,0,
Priest Rapids Tailrace CHN,2,G72AB2110,2026-04-27 18:43:29,2026-04-29 16:07:00,Sunland,0,
Priest Rapids Tailrace CHN,2,G72AB2110,2026-04-27 18:43:29,2026-04-29 16:07:00,Wanapum BRZ,0,
Priest Rapids Tailrace CHN,2,G72AB2110,2026-04-27 18:43:29,2026-04-29 16:07:00,Mattawa,0,
Priest Rapids Tailrace CHN,2,G72AB2110,2026-04-27 18:43:29,2026-04-29 16:07:00,Priest BRZ,0,
Priest Rapids Tailrace CHN,2,G72AB2110,2026-04-27 18:43:29,2026-04-29 16:07:00,Lower Ringold,1,2026-04-30 06:36:34
Priest Rapids Tailrace CHN,2,G72AB2110,2026-04-27 18:43:29,2026-04-29 16:07:00,Hanford,1,2026-04-30 10:21:10
Priest Rapids Tailrace CHN,1,G72ABFE06,2026-04-26 17:50:59,2026-04-28 15:47:00,Crescent Bar,0,
Priest Rapids Tailrace CHN,1,G72ABFE06,2026-04-26 17:50:59,2026-04-28 15:47:00,Sunland,0,
Priest Rapids Tailrace CHN,1,G72ABFE06,2026-04-26 17:50:59,2026-04-28 15:47:00,Wanapum BRZ,0,
Priest Rapids Tailrace CHN,1,G72ABFE06,2026-04-26 17:50:59,2026-04-28 15:47:00,Mattawa,0,
Priest Rapids Tailrace CHN,1,G72ABFE06,2026-04-26 17:50:59,2026-04-28 15:47:00,Priest BRZ,0,
Priest Rapids Tailrace CHN,1,G72ABFE06,2026-04-26 17:50:59,2026-04-28 15:47:00,Lower Ringold,1,2026-04-29 12:53:44
Priest Rapids Tailrace CHN,1,G72ABFE06,2026-04-26 17:50:59,2026-04-28 15:47:00,Hanford,1,2026-04-29 17:07:45
Priest Rapids Tailrace CHN,3,G72AC92AE,2026-04-29 17:05:26,2026-05-01 16:26:00,Crescent Bar,0,
Priest Rapids Tailrace CHN,3,G72AC92AE,2026-04-29 17:05:26,2026-05-01 16:26:00,Sunland,0,
Priest Rapids Tailrace CHN,3,G72AC92AE,2026-04-29 17:05:26,2026-05-01 16:26:00,Wanapum BRZ,0,
Priest Rapids Tailrace CHN,3,G72AC92AE,2026-04-29 17:05:26,2026-05-01 16:26:00,Mattawa,0,
Priest Rapids Tailrace CHN,3,G72AC92AE,2026-04-29 17:05:26,2026-05-01 16:26:00,Priest BRZ,0,
Priest Rapids Tailrace CHN,3,G72AC92AE,2026-04-29 17:05:26,2026-05-01 16:26:00,Lower Ringold,1,2026-05-02 14:30:41
Priest Rapids Tailrace CHN,3,G72AC92AE,2026-04-29 17:05:26,2026-05-01 16:26:00,Hanford,1,2026-05-02 17:56:05
Priest Rapids Tailrace CHN,3,G72AF0F17,2026-04-26 17:44:43,2026-04-28 15:47:00,Crescent Bar,0,
Priest Rapids Tailrace CHN,3,G72AF0F17,2026-04-26 17:44:43,2026-04-28 15:47:00,Sunland,0,
Priest Rapids Tailrace CHN,3,G72AF0F17,2026-04-26 17:44:43,2026-04-28 15:47:00,Wanapum BRZ,0,
Priest Rapids Tailrace CHN,3,G72AF0F17,2026-04-26 17:44:43,2026-04-28 15:47:00,Mattawa,0,
Priest Rapids Tailrace CHN,3,G72AF0F17,2026-04-26 17:44:43,2026-04-28 15:47:00,Priest BRZ,0,
Priest Rapids Tailrace CHN,3,G72AF0F17,2026-04-26 17:44:43,2026-04-28 15:47:00,Lower Ringold,1,2026-04-29 05:15:31
Priest Rapids Tailrace CHN,3,G72AF0F17,2026-04-26 17:44:43,2026-04-28 15:47:00,Hanford,1,2026-04-29 09:16:23
Priest Rapids Tailrace CHN,1,G72B1F6CF,2026-04-26 17:48:54,2026-04-28 15:47:00,Crescent Bar,0,
Priest Rapids Tailrace CHN,1,G72B1F6CF,2026-04-26 17:48:54,2026-04-28 15:47:00,Sunland,0,
Priest Rapids Tailrace CHN,1,G72B1F6CF,2026-04-26 17:48:54,2026-04-28 15:47:00,Wanapum BRZ,0,
Priest Rapids Tailrace CHN,1,G72B1F6CF,2026-04-26 17:48:54,2026-04-28 15:47:00,Mattawa,0,
Priest Rapids Tailrace CHN,1,G72B1F6CF,2026-04-26 17:48:54,2026-04-28 15:47:00,Priest BRZ,0,
Priest Rapids Tailrace CHN,1,G72B1F6CF,2026-04-26 17:48:54,2026-04-28 15:47:00,Lower Ringold,1,2026-04-30 15:32:22
Priest Rapids Tailrace CHN,1,G72B1F6CF,2026-04-26 17:48:54,2026-04-28 15:47:00,Hanford,1,2026-04-30 19:53:00
Priest Rapids Tailrace CHN,1,G72B26B76,2026-04-23 21:30:00,2026-04-25 16:05:00,Crescent Bar,0,
Priest Rapids Tailrace CHN,1,G72B26B76,2026-04-23 21:30:00,2026-04-25 16:05:00,Sunland,0,
Priest Rapids Tailrace CHN,1,G72B26B76,2026-04-23 21:30:00,2026-04-25 16:05:00,Wanapum BRZ,0,
Priest Rapids Tailrace CHN,1,G72B26B76,2026-04-23 21:30:00,2026-04-25 16:05:00,Mattawa,0,
Priest Rapids Tailrace CHN,1,G72B26B76,2026-04-23 21:30:00,2026-04-25 16:05:00,Priest BRZ,0,
Priest Rapids Tailrace CHN,1,G72B26B76,2026-04-23 21:30:00,2026-04-25 16:05:00,Lower Ringold,1,2026-04-26 04:55:03
Priest Rapids Tailrace CHN,1,G72B26B76,2026-04-23 21:30:00,2026-04-25 16:05:00,Hanford,1,2026-04-26 08:08:43
Priest Rapids Tailrace CHN,1,G72B43A59,2026-04-24 21:12:38,2026-04-26 16:25:00,Crescent Bar,0,
Priest Rapids Tailrace CHN,1,G72B43A59,2026-04-24 21:12:38,2026-04-26 16:25:00,Sunland,0,
Priest Rapids Tailrace CHN,1,G72B43A59,2026-04-24 21:12:38,2026-04-26 16:25:00,Wanapum BRZ,0,
Priest Rapids Tailrace CHN,1,G72B43A59,2026-04-24 21:12:38,2026-04-26 16:25:00,Mattawa,0,
Priest Rapids Tailrace CHN,1,G72B43A59,2026-04-24 21:12:38,2026-04-26 16:25:00,Priest BRZ,0,
Priest Rapids Tailrace CHN,1,G72B43A59,2026-04-24 21:12:38,2026-04-26 16:25:00,Lower Ringold,1,2026-04-27 18:10:09
Priest Rapids Tailrace CHN,1,G72B43A59,2026-04-24 21:12:38,2026-04-26 16:25:00,Hanford,1,2026-04-28 16:11:34
Priest Rapids Tailrace CHN,2,G72B478A3,2026-04-27 18:52:53,2026-04-29 16:07:00,Crescent Bar,0,
Priest Rapids Tailrace CHN,2,G72B478A3,2026-04-27 18:52:53,2026-04-29 16:07:00,Sunland,0,
Priest Rapids Tailrace CHN,2,G72B478A3,2026-04-27 18:52:53,2026-04-29 16:07:00,Wanapum BRZ,0,
Priest Rapids Tailrace CHN,2,G72B478A3,2026-04-27 18:52:53,2026-04-29 16:07:00,Mattawa,0,
Priest Rapids Tailrace CHN,2,G72B478A3,2026-04-27 18:52:53,2026-04-29 16:07:00,Priest BRZ,0,
Priest Rapids Tailrace CHN,2,G72B478A3,2026-04-27 18:52:53,2026-04-29 16:07:00,Lower Ringold,0,
Priest Rapids Tailrace CHN,2,G72B478A3,2026-04-27 18:52:53,2026-04-29 16:07:00,Hanford,0,
Priest Rapids Tailrace CHN,1,G72B4AF77,2026-04-24 21:33:58,2026-04-26 16:25:00,Crescent Bar,0,
Priest Rapids Tailrace CHN,1,G72B4AF77,2026-04-24 21:33:58,2026-04-26 16:25:00,Sunland,0,
Priest Rapids Tailrace CHN,1,G72B4AF77,2026-04-24 21:33:58,2026-04-26 16:25:00,Wanapum BRZ,0,
Priest Rapids Tailrace CHN,1,G72B4AF77,2026-04-24 21:33:58,2026-04-26 16:25:00,Mattawa,0,
Priest Rapids Tailrace CHN,1,G72B4AF77,2026-04-24 21:33:58,2026-04-26 16:25:00,Priest BRZ,0,
Priest Rapids Tailrace CHN,1,G72B4AF77,2026-04-24 21:33:58,2026-04-26 16:25:00,Lower Ringold,1,2026-04-27 05:14:06
Priest Rapids Tailrace CHN,1,G72B4AF77,2026-04-24 21:33:58,2026-04-26 16:25:00,Hanford,1,2026-04-27 08:49:02
Priest Rapids Tailrace CHN,2,G72B5325F,2026-04-23 21:30:00,2026-04-25 16:05:00,Crescent Bar,0,
Priest Rapids Tailrace CHN,2,G72B5325F,2026-04-23 21:30:00,2026-04-25 16:05:00,Sunland,0,
Priest Rapids Tailrace CHN,2,G72B5325F,2026-04-23 21:30:00,2026-04-25 16:05:00,Wanapum BRZ,0,
Priest Rapids Tailrace CHN,2,G72B5325F,2026-04-23 21:30:00,2026-04-25 16:05:00,Mattawa,0,
Priest Rapids Tailrace CHN,2,G72B5325F,2026-04-23 21:30:00,2026-04-25 16:05:00,Priest BRZ,0,
Priest Rapids Tailrace CHN,2,G72B5325F,2026-04-23 21:30:00,2026-04-25 16:05:00,Lower Ringold,1,2026-04-26 06:14:12
Priest Rapids Tailrace CHN,2,G72B5325F,2026-04-23 21:30:00,2026-04-25 16:05:00,Hanford,1,2026-04-26 09:37:00
Priest Rapids Tailrace CHN,1,G72B5591A,2026-04-26 17:49:39,2026-04-28 15:47:00,Crescent Bar,0,
Priest Rapids Tailrace CHN,1,G72B5591A,2026-04-26 17:49:39,2026-04-28 15:47:00,Sunland,0,
Priest Rapids Tailrace CHN,1,G72B5591A,2026-04-26 17:49:39,2026-04-28 15:47:00,Wanapum BRZ,0,
Priest Rapids Tailrace CHN,1,G72B5591A,2026-04-26 17:49:39,2026-04-28 15:47:00,Mattawa,0,
Priest Rapids Tailrace CHN,1,G72B5591A,2026-04-26 17:49:39,2026-04-28 15:47:00,Priest BRZ,0,
Priest Rapids Tailrace CHN,1,G72B5591A,2026-04-26 17:49:39,2026-04-28 15:47:00,Lower Ringold,1,2026-04-29 06:14:08
Priest Rapids Tailrace CHN,1,G72B5591A,2026-04-26 17:49:39,2026-04-28 15:47:00,Hanford,1,2026-04-29 16:51:30
Priest Rapids Tailrace CHN,1,G72B62297,2026-04-30 16:56:47,2026-05-02 16:36:00,Crescent Bar,0,
Priest Rapids Tailrace CHN,1,G72B62297,2026-04-30 16:56:47,2026-05-02 16:36:00,Sunland,0,
Priest Rapids Tailrace CHN,1,G72B62297,2026-04-30 16:56:47,2026-05-02 16:36:00,Wanapum BRZ,0,
Priest Rapids Tailrace CHN,1,G72B62297,2026-04-30 16:56:47,2026-05-02 16:36:00,Mattawa,0,
Priest Rapids Tailrace CHN,1,G72B62297,2026-04-30 16:56:47,2026-05-02 16:36:00,Priest BRZ,0,
Priest Rapids Tailrace CHN,1,G72B62297,2026-04-30 16:56:47,2026-05-02 16:36:00,Lower Ringold,1,2026-05-03 05:33:22
Priest Rapids Tailrace CHN,1,G72B62297,2026-04-30 16:56:47,2026-05-02 16:36:00,Hanford,1,2026-05-03 08:33:53
Priest Rapids Tailrace CHN,1,G72B6BF7B,2026-04-26 17:48:04,2026-04-28 15:47:00,Crescent Bar,0,
Priest Rapids Tailrace CHN,1,G72B6BF7B,2026-04-26 17:48:04,2026-04-28 15:47:00,Sunland,0,
Priest Rapids Tailrace CHN,1,G72B6BF7B,2026-04-26 17:48:04,2026-04-28 15:47:00,Wanapum BRZ,0,
Priest Rapids Tailrace CHN,1,G72B6BF7B,2026-04-26 17:48:04,2026-04-28 15:47:00,Mattawa,0,
Priest Rapids Tailrace CHN,1,G72B6BF7B,2026-04-26 17:48:04,2026-04-28 15:47:00,Priest BRZ,0,
Priest Rapids Tailrace CHN,1,G72B6BF7B,2026-04-26 17:48:04,2026-04-28 15:47:00,Lower Ringold,1,2026-04-29 15:28:51
Priest Rapids Tailrace CHN,1,G72B6BF7B,2026-04-26 17:48:04,2026-04-28 15:47:00,Hanford,1,2026-04-29 19:55:37
Priest Rapids Tailrace CHN,1,G72B7A402,2026-04-23 21:30:00,2026-04-25 16:05:00,Crescent Bar,0,
Priest Rapids Tailrace CHN,1,G72B7A402,2026-04-23 21:30:00,2026-04-25 16:05:00,Sunland,0,
Priest Rapids Tailrace CHN,1,G72B7A402,2026-04-23 21:30:00,2026-04-25 16:05:00,Wanapum BRZ,0,
Priest Rapids Tailrace CHN,1,G72B7A402,2026-04-23 21:30:00,2026-04-25 16:05:00,Mattawa,0,
Priest Rapids Tailrace CHN,1,G72B7A402,2026-04-23 21:30:00,2026-04-25 16:05:00,Priest BRZ,0,
Priest Rapids Tailrace CHN,1,G72B7A402,2026-04-23 21:30:00,2026-04-25 16:05:00,Lower Ringold,1,2026-04-26 06:08:27
Priest Rapids Tailrace CHN,1,G72B7A402,2026-04-23 21:30:00,2026-04-25 16:05:00,Hanford,1,2026-04-26 09:22:39
Priest Rapids Tailrace CHN,3,G72B8E7BE,2026-04-23 21:30:00,2026-04-25 16:05:00,Crescent Bar,0,
Priest Rapids Tailrace CHN,3,G72B8E7BE,2026-04-23 21:30:00,2026-04-25 16:05:00,Sunland,0,
Priest Rapids Tailrace CHN,3,G72B8E7BE,2026-04-23 21:30:00,2026-04-25 16:05:00,Wanapum BRZ,0,
Priest Rapids Tailrace CHN,3,G72B8E7BE,2026-04-23 21:30:00,2026-04-25 16:05:00,Mattawa,0,
Priest Rapids Tailrace CHN,3,G72B8E7BE,2026-04-23 21:30:00,2026-04-25 16:05:00,Priest BRZ,0,
Priest Rapids Tailrace CHN,3,G72B8E7BE,2026-04-23 21:30:00,2026-04-25 16:05:00,Lower Ringold,1,2026-04-26 05:34:48
Priest Rapids Tailrace CHN,3,G72B8E7BE,2026-04-23 21:30:00,2026-04-25 16:05:00,Hanford,1,2026-04-26 09:43:12
Priest Rapids Tailrace CHN,3,G72B9B51D,2026-04-23 21:30:00,2026-04-25 16:05:00,Crescent Bar,0,
Priest Rapids Tailrace CHN,3,G72B9B51D,2026-04-23 21:30:00,2026-04-25 16:05:00,Sunland,0,
Priest Rapids Tailrace CHN,3,G72B9B51D,2026-04-23 21:30:00,2026-04-25 16:05:00,Wanapum BRZ,0,
Priest Rapids Tailrace CHN,3,G72B9B51D,2026-04-23 21:30:00,2026-04-25 16:05:00,Mattawa,0,
Priest Rapids Tailrace CHN,3,G72B9B51D,2026-04-23 21:30:00,2026-04-25 16:05:00,Priest BRZ,0,
Priest Rapids Tailrace CHN,3,G72B9B51D,2026-04-23 21:30:00,2026-04-25 16:05:00,Lower Ringold,1,2026-04-26 06:14:23
Priest Rapids Tailrace CHN,3,G72B9B51D,2026-04-23 21:30:00,2026-04-25 16:05:00,Hanford,1,2026-04-26 09:47:48
Priest Rapids Tailrace CHN,3,G72B9BA5C,2026-04-25 18:27:51,2026-04-27 16:25:00,Crescent Bar,0,
Priest Rapids Tailrace CHN,3,G72B9BA5C,2026-04-25 18:27:51,2026-04-27 16:25:00,Sunland,0,
Priest Rapids Tailrace CHN,3,G72B9BA5C,2026-04-25 18:27:51,2026-04-27 16:25:00,Wanapum BRZ,0,
Priest Rapids Tailrace CHN,3,G72B9BA5C,2026-04-25 18:27:51,2026-04-27 16:25:00,Mattawa,0,
Priest Rapids Tailrace CHN,3,G72B9BA5C,2026-04-25 18:27:51,2026-04-27 16:25:00,Priest BRZ,0,
Priest Rapids Tailrace CHN,3,G72B9BA5C,2026-04-25 18:27:51,2026-04-27 16:25:00,Lower Ringold,1,2026-04-29 03:11:55
Priest Rapids Tailrace CHN,3,G72B9BA5C,2026-04-25 18:27:51,2026-04-27 16:25:00,Hanford,1,2026-04-29 16:04:42
Priest Rapids Tailrace CHN,3,G72BAB6AA,2026-04-24 21:12:05,2026-04-26 16:25:00,Crescent Bar,0,
Priest Rapids Tailrace CHN,3,G72BAB6AA,2026-04-24 21:12:05,2026-04-26 16:25:00,Sunland,0,
Priest Rapids Tailrace CHN,3,G72BAB6AA,2026-04-24 21:12:05,2026-04-26 16:25:00,Wanapum BRZ,0,
Priest Rapids Tailrace CHN,3,G72BAB6AA,2026-04-24 21:12:05,2026-04-26 16:25:00,Mattawa,0,
Priest Rapids Tailrace CHN,3,G72BAB6AA,2026-04-24 21:12:05,2026-04-26 16:25:00,Priest BRZ,0,
Priest Rapids Tailrace CHN,3,G72BAB6AA,2026-04-24 21:12:05,2026-04-26 16:25:00,Lower Ringold,1,2026-04-27 08:18:35
Priest Rapids Tailrace CHN,3,G72BAB6AA,2026-04-24 21:12:05,2026-04-26 16:25:00,Hanford,1,2026-04-27 11:44:09
Priest Rapids Tailrace CHN,3,G72BB739B,2026-04-29 16:43:18,2026-05-01 16:26:00,Crescent Bar,0,
Priest Rapids Tailrace CHN,3,G72BB739B,2026-04-29 16:43:18,2026-05-01 16:26:00,Sunland,0,
Priest Rapids Tailrace CHN,3,G72BB739B,2026-04-29 16:43:18,2026-05-01 16:26:00,Wanapum BRZ,0,
Priest Rapids Tailrace CHN,3,G72BB739B,2026-04-29 16:43:18,2026-05-01 16:26:00,Mattawa,0,
Priest Rapids Tailrace CHN,3,G72BB739B,2026-04-29 16:43:18,2026-05-01 16:26:00,Priest BRZ,0,
Priest Rapids Tailrace CHN,3,G72BB739B,2026-04-29 16:43:18,2026-05-01 16:26:00,Lower Ringold,1,2026-05-02 09:46:14
Priest Rapids Tailrace CHN,3,G72BB739B,2026-04-29 16:43:18,2026-05-01 16:26:00,Hanford,1,2026-05-02 12:48:22
Priest Rapids Tailrace CHN,3,G72BC8402,2026-04-29 16:52:04,2026-05-01 16:26:00,Crescent Bar,0,
Priest Rapids Tailrace CHN,3,G72BC8402,2026-04-29 16:52:04,2026-05-01 16:26:00,Sunland,0,
Priest Rapids Tailrace CHN,3,G72BC8402,2026-04-29 16:52:04,2026-05-01 16:26:00,Wanapum BRZ,0,
Priest Rapids Tailrace CHN,3,G72BC8402,2026-04-29 16:52:04,2026-05-01 16:26:00,Mattawa,0,
Priest Rapids Tailrace CHN,3,G72BC8402,2026-04-29 16:52:04,2026-05-01 16:26:00,Priest BRZ,0,
Priest Rapids Tailrace CHN,3,G72BC8402,2026-04-29 16:52:04,2026-05-01 16:26:00,Lower Ringold,1,2026-05-02 04:31:27
Priest Rapids Tailrace CHN,3,G72BC8402,2026-04-29 16:52:04,2026-05-01 16:26:00,Hanford,1,2026-05-02 07:14:30
Priest Rapids Tailrace CHN,3,G72BCEDFB,2026-04-29 16:51:35,2026-05-01 16:26:00,Crescent Bar,0,
Priest Rapids Tailrace CHN,3,G72BCEDFB,2026-04-29 16:51:35,2026-05-01 16:26:00,Sunland,0,
Priest Rapids Tailrace CHN,3,G72BCEDFB,2026-04-29 16:51:35,2026-05-01 16:26:00,Wanapum BRZ,0,
Priest Rapids Tailrace CHN,3,G72BCEDFB,2026-04-29 16:51:35,2026-05-01 16:26:00,Mattawa,0,
Priest Rapids Tailrace CHN,3,G72BCEDFB,2026-04-29 16:51:35,2026-05-01 16:26:00,Priest BRZ,0,
Priest Rapids Tailrace CHN,3,G72BCEDFB,2026-04-29 16:51:35,2026-05-01 16:26:00,Lower Ringold,1,2026-05-02 04:27:09
Priest Rapids Tailrace CHN,3,G72BCEDFB,2026-04-29 16:51:35,2026-05-01 16:26:00,Hanford,1,2026-05-02 10:04:16
Priest Rapids Tailrace CHN,1,G72BEC356,2026-04-27 18:49:43,2026-04-29 16:07:00,Crescent Bar,0,
Priest Rapids Tailrace CHN,1,G72BEC356,2026-04-27 18:49:43,2026-04-29 16:07:00,Sunland,0,
Priest Rapids Tailrace CHN,1,G72BEC356,2026-04-27 18:49:43,2026-04-29 16:07:00,Wanapum BRZ,0,
Priest Rapids Tailrace CHN,1,G72BEC356,2026-04-27 18:49:43,2026-04-29 16:07:00,Mattawa,0,
Priest Rapids Tailrace CHN,1,G72BEC356,2026-04-27 18:49:43,2026-04-29 16:07:00,Priest BRZ,0,
Priest Rapids Tailrace CHN,1,G72BEC356,2026-04-27 18:49:43,2026-04-29 16:07:00,Lower Ringold,1,2026-04-30 04:31:33
Priest Rapids Tailrace CHN,1,G72BEC356,2026-04-27 18:49:43,2026-04-29 16:07:00,Hanford,1,2026-04-30 07:39:47
Priest Rapids Tailrace CHN,1,G72BF1446,2026-04-28 19:34:38,2026-04-30 16:19:00,Crescent Bar,0,
Priest Rapids Tailrace CHN,1,G72BF1446,2026-04-28 19:34:38,2026-04-30 16:19:00,Sunland,0,
Priest Rapids Tailrace CHN,1,G72BF1446,2026-04-28 19:34:38,2026-04-30 16:19:00,Wanapum BRZ,0,
Priest Rapids Tailrace CHN,1,G72BF1446,2026-04-28 19:34:38,2026-04-30 16:19:00,Mattawa,0,
Priest Rapids Tailrace CHN,1,G72BF1446,2026-04-28 19:34:38,2026-04-30 16:19:00,Priest BRZ,0,
Priest Rapids Tailrace CHN,1,G72BF1446,2026-04-28 19:34:38,2026-04-30 16:19:00,Lower Ringold,1,2026-05-01 11:26:37
Priest Rapids Tailrace CHN,1,G72BF1446,2026-04-28 19:34:38,2026-04-30 16:19:00,Hanford,1,2026-05-01 15:15:15
Priest Rapids Tailrace CHN,1,G72C0136B,2026-04-23 21:30:00,2026-04-25 16:05:00,Crescent Bar,0,
Priest Rapids Tailrace CHN,1,G72C0136B,2026-04-23 21:30:00,2026-04-25 16:05:00,Sunland,0,
Priest Rapids Tailrace CHN,1,G72C0136B,2026-04-23 21:30:00,2026-04-25 16:05:00,Wanapum BRZ,0,
Priest Rapids Tailrace CHN,1,G72C0136B,2026-04-23 21:30:00,2026-04-25 16:05:00,Mattawa,0,
Priest Rapids Tailrace CHN,1,G72C0136B,2026-04-23 21:30:00,2026-04-25 16:05:00,Priest BRZ,0,
Priest Rapids Tailrace CHN,1,G72C0136B,2026-04-23 21:30:00,2026-04-25 16:05:00,Lower Ringold,0,
Priest Rapids Tailrace CHN,1,G72C0136B,2026-04-23 21:30:00,2026-04-25 16:05:00,Hanford,0,
Priest Rapids Tailrace CHN,1,G72C0837A,2026-04-24 21:34:40,2026-04-26 16:25:00,Crescent Bar,0,
Priest Rapids Tailrace CHN,1,G72C0837A,2026-04-24 21:34:40,2026-04-26 16:25:00,Sunland,0,
Priest Rapids Tailrace CHN,1,G72C0837A,2026-04-24 21:34:40,2026-04-26 16:25:00,Wanapum BRZ,0,
Priest Rapids Tailrace CHN,1,G72C0837A,2026-04-24 21:34:40,2026-04-26 16:25:00,Mattawa,0,
Priest Rapids Tailrace CHN,1,G72C0837A,2026-04-24 21:34:40,2026-04-26 16:25:00,Priest BRZ,0,
Priest Rapids Tailrace CHN,1,G72C0837A,2026-04-24 21:34:40,2026-04-26 16:25:00,Lower Ringold,1,2026-04-27 05:45:29
Priest Rapids Tailrace CHN,1,G72C0837A,2026-04-24 21:34:40,2026-04-26 16:25:00,Hanford,1,2026-04-27 09:02:42
Priest Rapids Tailrace CHN,2,G72C08645,2026-04-28 19:31:52,2026-04-30 16:19:00,Crescent Bar,0,
Priest Rapids Tailrace CHN,2,G72C08645,2026-04-28 19:31:52,2026-04-30 16:19:00,Sunland,0,
Priest Rapids Tailrace CHN,2,G72C08645,2026-04-28 19:31:52,2026-04-30 16:19:00,Wanapum BRZ,0,
Priest Rapids Tailrace CHN,2,G72C08645,2026-04-28 19:31:52,2026-04-30 16:19:00,Mattawa,0,
Priest Rapids Tailrace CHN,2,G72C08645,2026-04-28 19:31:52,2026-04-30 16:19:00,Priest BRZ,0,
Priest Rapids Tailrace CHN,2,G72C08645,2026-04-28 19:31:52,2026-04-30 16:19:00,Lower Ringold,1,2026-05-01 08:21:46
Priest Rapids Tailrace CHN,2,G72C08645,2026-04-28 19:31:52,2026-04-30 16:19:00,Hanford,1,2026-05-01 11:49:19
Priest Rapids Tailrace CHN,1,G72C27B5D,2026-04-29 17:00:06,2026-05-01 16:26:00,Crescent Bar,0,
Priest Rapids Tailrace CHN,1,G72C27B5D,2026-04-29 17:00:06,2026-05-01 16:26:00,Sunland,0,
Priest Rapids Tailrace CHN,1,G72C27B5D,2026-04-29 17:00:06,2026-05-01 16:26:00,Wanapum BRZ,0,
Priest Rapids Tailrace CHN,1,G72C27B5D,2026-04-29 17:00:06,2026-05-01 16:26:00,Mattawa,0,
Priest Rapids Tailrace CHN,1,G72C27B5D,2026-04-29 17:00:06,2026-05-01 16:26:00,Priest BRZ,0,
Priest Rapids Tailrace CHN,1,G72C27B5D,2026-04-29 17:00:06,2026-05-01 16:26:00,Lower Ringold,1,2026-05-02 07:51:48
Priest Rapids Tailrace CHN,1,G72C27B5D,2026-04-29 17:00:06,2026-05-01 16:26:00,Hanford,1,2026-05-02 10:44:41
Priest Rapids Tailrace CHN,2,G72C346DA,2026-04-30 16:57:30,2026-05-02 16:36:00,Crescent Bar,0,
Priest Rapids Tailrace CHN,2,G72C346DA,2026-04-30 16:57:30,2026-05-02 16:36:00,Sunland,0,
Priest Rapids Tailrace CHN,2,G72C346DA,2026-04-30 16:57:30,2026-05-02 16:36:00,Wanapum BRZ,0,
Priest Rapids Tailrace CHN,2,G72C346DA,2026-04-30 16:57:30,2026-05-02 16:36:00,Mattawa,0,
Priest Rapids Tailrace CHN,2,G72C346DA,2026-04-30 16:57:30,2026-05-02 16:36:00,Priest BRZ,0,
Priest Rapids Tailrace CHN,2,G72C346DA,2026-04-30 16:57:30,2026-05-02 16:36:00,Lower Ringold,0,
Priest Rapids Tailrace CHN,2,G72C346DA,2026-04-30 16:57:30,2026-05-02 16:36:00,Hanford,0,
Priest Rapids Tailrace CHN,3,G72C51128,2026-04-26 17:45:23,2026-04-28 15:47:00,Crescent Bar,0,
Priest Rapids Tailrace CHN,3,G72C51128,2026-04-26 17:45:23,2026-04-28 15:47:00,Sunland,0,
Priest Rapids Tailrace CHN,3,G72C51128,2026-04-26 17:45:23,2026-04-28 15:47:00,Wanapum BRZ,0,
Priest Rapids Tailrace CHN,3,G72C51128,2026-04-26 17:45:23,2026-04-28 15:47:00,Mattawa,0,
Priest Rapids Tailrace CHN,3,G72C51128,2026-04-26 17:45:23,2026-04-28 15:47:00,Priest BRZ,0,
Priest Rapids Tailrace CHN,3,G72C51128,2026-04-26 17:45:23,2026-04-28 15:47:00,Lower Ringold,1,2026-04-29 12:08:43
Priest Rapids Tailrace CHN,3,G72C51128,2026-04-26 17:45:23,2026-04-28 15:47:00,Hanford,1,2026-04-29 16:35:27
Priest Rapids Tailrace CHN,3,G72C9D313,2026-04-29 16:57:55,2026-05-01 16:26:00,Crescent Bar,0,
Priest Rapids Tailrace CHN,3,G72C9D313,2026-04-29 16:57:55,2026-05-01 16:26:00,Sunland,0,
Priest Rapids Tailrace CHN,3,G72C9D313,2026-04-29 16:57:55,2026-05-01 16:26:00,Wanapum BRZ,0,
Priest Rapids Tailrace CHN,3,G72C9D313,2026-04-29 16:57:55,2026-05-01 16:26:00,Mattawa,0,
Priest Rapids Tailrace CHN,3,G72C9D313,2026-04-29 16:57:55,2026-05-01 16:26:00,Priest BRZ,0,
Priest Rapids Tailrace CHN,3,G72C9D313,2026-04-29 16:57:55,2026-05-01 16:26:00,Lower Ringold,1,2026-05-02 12:51:14
Priest Rapids Tailrace CHN,3,G72C9D313,2026-04-29 16:57:55,2026-05-01 16:26:00,Hanford,1,2026-05-02 16:29:10
Priest Rapids Tailrace CHN,1,G72CBDF21,2026-04-27 18:44:56,2026-04-29 16:07:00,Crescent Bar,0,
Priest Rapids Tailrace CHN,1,G72CBDF21,2026-04-27 18:44:56,2026-04-29 16:07:00,Sunland,0,
Priest Rapids Tailrace CHN,1,G72CBDF21,2026-04-27 18:44:56,2026-04-29 16:07:00,Wanapum BRZ,0,
Priest Rapids Tailrace CHN,1,G72CBDF21,2026-04-27 18:44:56,2026-04-29 16:07:00,Mattawa,0,
Priest Rapids Tailrace CHN,1,G72CBDF21,2026-04-27 18:44:56,2026-04-29 16:07:00,Priest BRZ,0,
Priest Rapids Tailrace CHN,1,G72CBDF21,2026-04-27 18:44:56,2026-04-29 16:07:00,Lower Ringold,1,2026-04-30 04:12:02
Priest Rapids Tailrace CHN,1,G72CBDF21,2026-04-27 18:44:56,2026-04-29 16:07:00,Hanford,1,2026-04-30 07:25:09
Priest Rapids Tailrace CHN,1,G72CC4983,2026-04-24 21:17:31,2026-04-26 16:25:00,Crescent Bar,0,
Priest Rapids Tailrace CHN,1,G72CC4983,2026-04-24 21:17:31,2026-04-26 16:25:00,Sunland,0,
Priest Rapids Tailrace CHN,1,G72CC4983,2026-04-24 21:17:31,2026-04-26 16:25:00,Wanapum BRZ,0,
Priest Rapids Tailrace CHN,1,G72CC4983,2026-04-24 21:17:31,2026-04-26 16:25:00,Mattawa,0,
Priest Rapids Tailrace CHN,1,G72CC4983,2026-04-24 21:17:31,2026-04-26 16:25:00,Priest BRZ,0,
Priest Rapids Tailrace CHN,1,G72CC4983,2026-04-24 21:17:31,2026-04-26 16:25:00,Lower Ringold,1,2026-04-27 13:30:23
Priest Rapids Tailrace CHN,1,G72CC4983,2026-04-24 21:17:31,2026-04-26 16:25:00,Hanford,1,2026-04-27 17:10:31
Priest Rapids Tailrace CHN,3,G72CDB1F1,2026-04-30 16:40:19,2026-05-02 16:36:00,Crescent Bar,0,
Priest Rapids Tailrace CHN,3,G72CDB1F1,2026-04-30 16:40:19,2026-05-02 16:36:00,Sunland,0,
Priest Rapids Tailrace CHN,3,G72CDB1F1,2026-04-30 16:40:19,2026-05-02 16:36:00,Wanapum BRZ,0,
Priest Rapids Tailrace CHN,3,G72CDB1F1,2026-04-30 16:40:19,2026-05-02 16:36:00,Mattawa,0,
Priest Rapids Tailrace CHN,3,G72CDB1F1,2026-04-30 16:40:19,2026-05-02 16:36:00,Priest BRZ,0,
Priest Rapids Tailrace CHN,3,G72CDB1F1,2026-04-30 16:40:19,2026-05-02 16:36:00,Lower Ringold,1,2026-05-03 12:54:32
Priest Rapids Tailrace CHN,3,G72CDB1F1,2026-04-30 16:40:19,2026-05-02 16:36:00,Hanford,1,2026-05-03 17:44:31
Priest Rapids Tailrace CHN,3,G72CE13B7,2026-04-25 18:33:26,2026-04-27 16:25:00,Crescent Bar,0,
Priest Rapids Tailrace CHN,3,G72CE13B7,2026-04-25 18:33:26,2026-04-27 16:25:00,Sunland,0,
Priest Rapids Tailrace CHN,3,G72CE13B7,2026-04-25 18:33:26,2026-04-27 16:25:00,Wanapum BRZ,0,
Priest Rapids Tailrace CHN,3,G72CE13B7,2026-04-25 18:33:26,2026-04-27 16:25:00,Mattawa,0,
Priest Rapids Tailrace CHN,3,G72CE13B7,2026-04-25 18:33:26,2026-04-27 16:25:00,Priest BRZ,0,
Priest Rapids Tailrace CHN,3,G72CE13B7,2026-04-25 18:33:26,2026-04-27 16:25:00,Lower Ringold,1,2026-04-28 09:29:40
Priest Rapids Tailrace CHN,3,G72CE13B7,2026-04-25 18:33:26,2026-04-27 16:25:00,Hanford,1,2026-04-28 12:23:26
Priest Rapids Tailrace CHN,3,G72CE6931,2026-04-24 21:11:23,2026-04-26 16:25:00,Crescent Bar,0,
Priest Rapids Tailrace CHN,3,G72CE6931,2026-04-24 21:11:23,2026-04-26 16:25:00,Sunland,0,
Priest Rapids Tailrace CHN,3,G72CE6931,2026-04-24 21:11:23,2026-04-26 16:25:00,Wanapum BRZ,0,
Priest Rapids Tailrace CHN,3,G72CE6931,2026-04-24 21:11:23,2026-04-26 16:25:00,Mattawa,0,
Priest Rapids Tailrace CHN,3,G72CE6931,2026-04-24 21:11:23,2026-04-26 16:25:00,Priest BRZ,0,
Priest Rapids Tailrace CHN,3,G72CE6931,2026-04-24 21:11:23,2026-04-26 16:25:00,Lower Ringold,1,2026-04-27 05:12:34
Priest Rapids Tailrace CHN,3,G72CE6931,2026-04-24 21:11:23,2026-04-26 16:25:00,Hanford,1,2026-04-27 09:15:54
Priest Rapids Tailrace CHN,3,G72CFEFA4,2026-04-25 18:20:08,2026-04-27 16:25:00,Crescent Bar,0,
Priest Rapids Tailrace CHN,3,G72CFEFA4,2026-04-25 18:20:08,2026-04-27 16:25:00,Sunland,0,
Priest Rapids Tailrace CHN,3,G72CFEFA4,2026-04-25 18:20:08,2026-04-27 16:25:00,Wanapum BRZ,0,
Priest Rapids Tailrace CHN,3,G72CFEFA4,2026-04-25 18:20:08,2026-04-27 16:25:00,Mattawa,0,
Priest Rapids Tailrace CHN,3,G72CFEFA4,2026-04-25 18:20:08,2026-04-27 16:25:00,Priest BRZ,0,
Priest Rapids Tailrace CHN,3,G72CFEFA4,2026-04-25 18:20:08,2026-04-27 16:25:00,Lower Ringold,1,2026-04-28 11:33:26
Priest Rapids Tailrace CHN,3,G72CFEFA4,2026-04-25 18:20:08,2026-04-27 16:25:00,Hanford,1,2026-04-28 15:40:49
Priest Rapids Tailrace CHN,3,G72D230D7,2026-04-30 16:40:57,2026-05-02 16:36:00,Crescent Bar,0,
Priest Rapids Tailrace CHN,3,G72D230D7,2026-04-30 16:40:57,2026-05-02 16:36:00,Sunland,0,
Priest Rapids Tailrace CHN,3,G72D230D7,2026-04-30 16:40:57,2026-05-02 16:36:00,Wanapum BRZ,0,
Priest Rapids Tailrace CHN,3,G72D230D7,2026-04-30 16:40:57,2026-05-02 16:36:00,Mattawa,0,
Priest Rapids Tailrace CHN,3,G72D230D7,2026-04-30 16:40:57,2026-05-02 16:36:00,Priest BRZ,0,
Priest Rapids Tailrace CHN,3,G72D230D7,2026-04-30 16:40:57,2026-05-02 16:36:00,Lower Ringold,1,2026-05-03 06:52:38
Priest Rapids Tailrace CHN,3,G72D230D7,2026-04-30 16:40:57,2026-05-02 16:36:00,Hanford,1,2026-05-03 10:28:09
Priest Rapids Tailrace CHN,1,G72D2D3DC,2026-04-25 18:41:44,2026-04-27 16:25:00,Crescent Bar,0,
Priest Rapids Tailrace CHN,1,G72D2D3DC,2026-04-25 18:41:44,2026-04-27 16:25:00,Sunland,0,
Priest Rapids Tailrace CHN,1,G72D2D3DC,2026-04-25 18:41:44,2026-04-27 16:25:00,Wanapum BRZ,0,
Priest Rapids Tailrace CHN,1,G72D2D3DC,2026-04-25 18:41:44,2026-04-27 16:25:00,Mattawa,0,
Priest Rapids Tailrace CHN,1,G72D2D3DC,2026-04-25 18:41:44,2026-04-27 16:25:00,Priest BRZ,0,
Priest Rapids Tailrace CHN,1,G72D2D3DC,2026-04-25 18:41:44,2026-04-27 16:25:00,Lower Ringold,1,2026-04-28 08:27:23
Priest Rapids Tailrace CHN,1,G72D2D3DC,2026-04-25 18:41:44,2026-04-27 16:25:00,Hanford,1,2026-04-28 12:09:05
Priest Rapids Tailrace CHN,1,G72D3128C,2026-04-29 16:59:17,2026-05-01 16:26:00,Crescent Bar,0,
Priest Rapids Tailrace CHN,1,G72D3128C,2026-04-29 16:59:17,2026-05-01 16:26:00,Sunland,0,
Priest Rapids Tailrace CHN,1,G72D3128C,2026-04-29 16:59:17,2026-05-01 16:26:00,Wanapum BRZ,0,
Priest Rapids Tailrace CHN,1,G72D3128C,2026-04-29 16:59:17,2026-05-01 16:26:00,Mattawa,0,
Priest Rapids Tailrace CHN,1,G72D3128C,2026-04-29 16:59:17,2026-05-01 16:26:00,Priest BRZ,0,
Priest Rapids Tailrace CHN,1,G72D3128C,2026-04-29 16:59:17,2026-05-01 16:26:00,Lower Ringold,0,
Priest Rapids Tailrace CHN,1,G72D3128C,2026-04-29 16:59:17,2026-05-01 16:26:00,Hanford,0,
Priest Rapids Tailrace CHN,1,G72D321D0,2026-04-24 21:13:02,2026-04-26 16:25:00,Crescent Bar,0,
Priest Rapids Tailrace CHN,1,G72D321D0,2026-04-24 21:13:02,2026-04-26 16:25:00,Sunland,0,
Priest Rapids Tailrace CHN,1,G72D321D0,2026-04-24 21:13:02,2026-04-26 16:25:00,Wanapum BRZ,0,
Priest Rapids Tailrace CHN,1,G72D321D0,2026-04-24 21:13:02,2026-04-26 16:25:00,Mattawa,0,
Priest Rapids Tailrace CHN,1,G72D321D0,2026-04-24 21:13:02,2026-04-26 16:25:00,Priest BRZ,0,
Priest Rapids Tailrace CHN,1,G72D321D0,2026-04-24 21:13:02,2026-04-26 16:25:00,Lower Ringold,1,2026-04-27 05:17:42
Priest Rapids Tailrace CHN,1,G72D321D0,2026-04-24 21:13:02,2026-04-26 16:25:00,Hanford,1,2026-04-27 08:41:23
Priest Rapids Tailrace CHN,1,G72D332AF,2026-04-26 17:51:49,2026-04-28 15:47:00,Crescent Bar,0,
Priest Rapids Tailrace CHN,1,G72D332AF,2026-04-26 17:51:49,2026-04-28 15:47:00,Sunland,0,
Priest Rapids Tailrace CHN,1,G72D332AF,2026-04-26 17:51:49,2026-04-28 15:47:00,Wanapum BRZ,0,
Priest Rapids Tailrace CHN,1,G72D332AF,2026-04-26 17:51:49,2026-04-28 15:47:00,Mattawa,0,
Priest Rapids Tailrace CHN,1,G72D332AF,2026-04-26 17:51:49,2026-04-28 15:47:00,Priest BRZ,0,
Priest Rapids Tailrace CHN,1,G72D332AF,2026-04-26 17:51:49,2026-04-28 15:47:00,Lower Ringold,1,2026-04-29 15:17:59
Priest Rapids Tailrace CHN,1,G72D332AF,2026-04-26 17:51:49,2026-04-28 15:47:00,Hanford,1,2026-04-29 19:25:27
Priest Rapids Tailrace CHN,1,G72D39200,2026-04-24 21:13:59,2026-04-26 16:25:00,Crescent Bar,0,
Priest Rapids Tailrace CHN,1,G72D39200,2026-04-24 21:13:59,2026-04-26 16:25:00,Sunland,0,
Priest Rapids Tailrace CHN,1,G72D39200,2026-04-24 21:13:59,2026-04-26 16:25:00,Wanapum BRZ,0,
Priest Rapids Tailrace CHN,1,G72D39200,2026-04-24 21:13:59,2026-04-26 16:25:00,Mattawa,0,
Priest Rapids Tailrace CHN,1,G72D39200,2026-04-24 21:13:59,2026-04-26 16:25:00,Priest BRZ,0,
Priest Rapids Tailrace CHN,1,G72D39200,2026-04-24 21:13:59,2026-04-26 16:25:00,Lower Ringold,1,2026-04-27 06:10:12
Priest Rapids Tailrace CHN,1,G72D39200,2026-04-24 21:13:59,2026-04-26 16:25:00,Hanford,1,2026-04-27 09:40:02
Priest Rapids Tailrace CHN,1,G72D79365,2026-04-24 21:31:57,2026-04-26 16:25:00,Crescent Bar,0,
Priest Rapids Tailrace CHN,1,G72D79365,2026-04-24 21:31:57,2026-04-26 16:25:00,Sunland,0,
Priest Rapids Tailrace CHN,1,G72D79365,2026-04-24 21:31:57,2026-04-26 16:25:00,Wanapum BRZ,0,
Priest Rapids Tailrace CHN,1,G72D79365,2026-04-24 21:31:57,2026-04-26 16:25:00,Mattawa,0,
Priest Rapids Tailrace CHN,1,G72D79365,2026-04-24 21:31:57,2026-04-26 16:25:00,Priest BRZ,0,
Priest Rapids Tailrace CHN,1,G72D79365,2026-04-24 21:31:57,2026-04-26 16:25:00,Lower Ringold,0,
Priest Rapids Tailrace CHN,1,G72D79365,2026-04-24 21:31:57,2026-04-26 16:25:00,Hanford,0,
Priest Rapids Tailrace CHN,1,G72D8FBDA,2026-04-24 21:37:52,2026-04-26 16:25:00,Crescent Bar,0,
Priest Rapids Tailrace CHN,1,G72D8FBDA,2026-04-24 21:37:52,2026-04-26 16:25:00,Sunland,0,
Priest Rapids Tailrace CHN,1,G72D8FBDA,2026-04-24 21:37:52,2026-04-26 16:25:00,Wanapum BRZ,0,
Priest Rapids Tailrace CHN,1,G72D8FBDA,2026-04-24 21:37:52,2026-04-26 16:25:00,Mattawa,0,
Priest Rapids Tailrace CHN,1,G72D8FBDA,2026-04-24 21:37:52,2026-04-26 16:25:00,Priest BRZ,0,
Priest Rapids Tailrace CHN,1,G72D8FBDA,2026-04-24 21:37:52,2026-04-26 16:25:00,Lower Ringold,1,2026-04-27 07:02:27
Priest Rapids Tailrace CHN,1,G72D8FBDA,2026-04-24 21:37:52,2026-04-26 16:25:00,Hanford,1,2026-04-27 11:33:05
Priest Rapids Tailrace CHN,2,G72DAD88A,2026-04-30 16:59:57,2026-05-02 16:36:00,Crescent Bar,0,
Priest Rapids Tailrace CHN,2,G72DAD88A,2026-04-30 16:59:57,2026-05-02 16:36:00,Sunland,0,
Priest Rapids Tailrace CHN,2,G72DAD88A,2026-04-30 16:59:57,2026-05-02 16:36:00,Wanapum BRZ,0,
Priest Rapids Tailrace CHN,2,G72DAD88A,2026-04-30 16:59:57,2026-05-02 16:36:00,Mattawa,0,
Priest Rapids Tailrace CHN,2,G72DAD88A,2026-04-30 16:59:57,2026-05-02 16:36:00,Priest BRZ,0,
Priest Rapids Tailrace CHN,2,G72DAD88A,2026-04-30 16:59:57,2026-05-02 16:36:00,Lower Ringold,1,2026-05-03 11:31:38
Priest Rapids Tailrace CHN,2,G72DAD88A,2026-04-30 16:59:57,2026-05-02 16:36:00,Hanford,1,2026-05-03 14:49:45
Priest Rapids Tailrace CHN,3,G72DBD36E,2026-04-25 18:19:35,2026-04-27 16:25:00,Crescent Bar,0,
Priest Rapids Tailrace CHN,3,G72DBD36E,2026-04-25 18:19:35,2026-04-27 16:25:00,Sunland,0,
Priest Rapids Tailrace CHN,3,G72DBD36E,2026-04-25 18:19:35,2026-04-27 16:25:00,Wanapum BRZ,0,
Priest Rapids Tailrace CHN,3,G72DBD36E,2026-04-25 18:19:35,2026-04-27 16:25:00,Mattawa,0,
Priest Rapids Tailrace CHN,3,G72DBD36E,2026-04-25 18:19:35,2026-04-27 16:25:00,Priest BRZ,0,
Priest Rapids Tailrace CHN,3,G72DBD36E,2026-04-25 18:19:35,2026-04-27 16:25:00,Lower Ringold,1,2026-04-28 20:25:29
Priest Rapids Tailrace CHN,3,G72DBD36E,2026-04-25 18:19:35,2026-04-27 16:25:00,Hanford,1,2026-04-29 00:23:08
Priest Rapids Tailrace CHN,3,G72DD374C,2026-04-23 21:30:00,2026-04-25 16:05:00,Crescent Bar,0,
Priest Rapids Tailrace CHN,3,G72DD374C,2026-04-23 21:30:00,2026-04-25 16:05:00,Sunland,0,
Priest Rapids Tailrace CHN,3,G72DD374C,2026-04-23 21:30:00,2026-04-25 16:05:00,Wanapum BRZ,0,
Priest Rapids Tailrace CHN,3,G72DD374C,2026-04-23 21:30:00,2026-04-25 16:05:00,Mattawa,0,
Priest Rapids Tailrace CHN,3,G72DD374C,2026-04-23 21:30:00,2026-04-25 16:05:00,Priest BRZ,0,
Priest Rapids Tailrace CHN,3,G72DD374C,2026-04-23 21:30:00,2026-04-25 16:05:00,Lower Ringold,1,2026-04-26 09:28:25
Priest Rapids Tailrace CHN,3,G72DD374C,2026-04-23 21:30:00,2026-04-25 16:05:00,Hanford,1,2026-04-26 12:21:54
Priest Rapids Tailrace CHN,2,G72DDEBB8,2026-04-27 18:58:06,2026-04-29 16:07:00,Crescent Bar,0,
Priest Rapids Tailrace CHN,2,G72DDEBB8,2026-04-27 18:58:06,2026-04-29 16:07:00,Sunland,0,
Priest Rapids Tailrace CHN,2,G72DDEBB8,2026-04-27 18:58:06,2026-04-29 16:07:00,Wanapum BRZ,0,
Priest Rapids Tailrace CHN,2,G72DDEBB8,2026-04-27 18:58:06,2026-04-29 16:07:00,Mattawa,0,
Priest Rapids Tailrace CHN,2,G72DDEBB8,2026-04-27 18:58:06,2026-04-29 16:07:00,Priest BRZ,0,
Priest Rapids Tailrace CHN,2,G72DDEBB8,2026-04-27 18:58:06,2026-04-29 16:07:00,Lower Ringold,1,2026-04-30 12:02:54
Priest Rapids Tailrace CHN,2,G72DDEBB8,2026-04-27 18:58:06,2026-04-29 16:07:00,Hanford,1,2026-04-30 16:40:51
Priest Rapids Tailrace CHN,1,G72E0018B,2026-04-29 16:50:35,2026-05-01 16:26:00,Crescent Bar,0,
Priest Rapids Tailrace CHN,1,G72E0018B,2026-04-29 16:50:35,2026-05-01 16:26:00,Sunland,0,
Priest Rapids Tailrace CHN,1,G72E0018B,2026-04-29 16:50:35,2026-05-01 16:26:00,Wanapum BRZ,0,
Priest Rapids Tailrace CHN,1,G72E0018B,2026-04-29 16:50:35,2026-05-01 16:26:00,Mattawa,0,
Priest Rapids Tailrace CHN,1,G72E0018B,2026-04-29 16:50:35,2026-05-01 16:26:00,Priest BRZ,0,
Priest Rapids Tailrace CHN,1,G72E0018B,2026-04-29 16:50:35,2026-05-01 16:26:00,Lower Ringold,1,2026-05-02 04:54:17
Priest Rapids Tailrace CHN,1,G72E0018B,2026-04-29 16:50:35,2026-05-01 16:26:00,Hanford,1,2026-05-02 08:01:44
Priest Rapids Tailrace CHN,1,G72E299C9,2026-04-26 17:46:52,2026-04-28 15:47:00,Crescent Bar,0,
Priest Rapids Tailrace CHN,1,G72E299C9,2026-04-26 17:46:52,2026-04-28 15:47:00,Sunland,0,
Priest Rapids Tailrace CHN,1,G72E299C9,2026-04-26 17:46:52,2026-04-28 15:47:00,Wanapum BRZ,0,
Priest Rapids Tailrace CHN,1,G72E299C9,2026-04-26 17:46:52,2026-04-28 15:47:00,Mattawa,0,
Priest Rapids Tailrace CHN,1,G72E299C9,2026-04-26 17:46:52,2026-04-28 15:47:00,Priest BRZ,0,
Priest Rapids Tailrace CHN,1,G72E299C9,2026-04-26 17:46:52,2026-04-28 15:47:00,Lower Ringold,1,2026-04-29 07:49:28
Priest Rapids Tailrace CHN,1,G72E299C9,2026-04-26 17:46:52,2026-04-28 15:47:00,Hanford,1,2026-04-30 01:48:53
Priest Rapids Tailrace CHN,3,G72E51B97,2026-04-28 19:43:42,2026-04-30 16:19:00,Crescent Bar,0,
Priest Rapids Tailrace CHN,3,G72E51B97,2026-04-28 19:43:42,2026-04-30 16:19:00,Sunland,0,
Priest Rapids Tailrace CHN,3,G72E51B97,2026-04-28 19:43:42,2026-04-30 16:19:00,Wanapum BRZ,0,
Priest Rapids Tailrace CHN,3,G72E51B97,2026-04-28 19:43:42,2026-04-30 16:19:00,Mattawa,0,
Priest Rapids Tailrace CHN,3,G72E51B97,2026-04-28 19:43:42,2026-04-30 16:19:00,Priest BRZ,0,
Priest Rapids Tailrace CHN,3,G72E51B97,2026-04-28 19:43:42,2026-04-30 16:19:00,Lower Ringold,1,2026-05-01 04:04:22
Priest Rapids Tailrace CHN,3,G72E51B97,2026-04-28 19:43:42,2026-04-30 16:19:00,Hanford,1,2026-05-01 07:20:32
Priest Rapids Tailrace CHN,3,G72E51EA8,2026-04-26 17:59:35,2026-04-28 15:47:00,Crescent Bar,0,
Priest Rapids Tailrace CHN,3,G72E51EA8,2026-04-26 17:59:35,2026-04-28 15:47:00,Sunland,0,
Priest Rapids Tailrace CHN,3,G72E51EA8,2026-04-26 17:59:35,2026-04-28 15:47:00,Wanapum BRZ,0,
Priest Rapids Tailrace CHN,3,G72E51EA8,2026-04-26 17:59:35,2026-04-28 15:47:00,Mattawa,0,
Priest Rapids Tailrace CHN,3,G72E51EA8,2026-04-26 17:59:35,2026-04-28 15:47:00,Priest BRZ,0,
Priest Rapids Tailrace CHN,3,G72E51EA8,2026-04-26 17:59:35,2026-04-28 15:47:00,Lower Ringold,1,2026-04-29 17:25:09
Priest Rapids Tailrace CHN,3,G72E51EA8,2026-04-26 17:59:35,2026-04-28 15:47:00,Hanford,1,2026-04-29 21:33:32
Priest Rapids Tailrace CHN,3,G72E5A367,2026-04-24 21:18:55,2026-04-26 16:25:00,Crescent Bar,0,
Priest Rapids Tailrace CHN,3,G72E5A367,2026-04-24 21:18:55,2026-04-26 16:25:00,Sunland,0,
Priest Rapids Tailrace CHN,3,G72E5A367,2026-04-24 21:18:55,2026-04-26 16:25:00,Wanapum BRZ,0,
Priest Rapids Tailrace CHN,3,G72E5A367,2026-04-24 21:18:55,2026-04-26 16:25:00,Mattawa,0,
Priest Rapids Tailrace CHN,3,G72E5A367,2026-04-24 21:18:55,2026-04-26 16:25:00,Priest BRZ,0,
Priest Rapids Tailrace CHN,3,G72E5A367,2026-04-24 21:18:55,2026-04-26 16:25:00,Lower Ringold,0,
Priest Rapids Tailrace CHN,3,G72E5A367,2026-04-24 21:18:55,2026-04-26 16:25:00,Hanford,0,
Priest Rapids Tailrace CHN,3,G72E5E0C3,2026-04-28 19:27:56,2026-04-30 16:19:00,Crescent Bar,0,
Priest Rapids Tailrace CHN,3,G72E5E0C3,2026-04-28 19:27:56,2026-04-30 16:19:00,Sunland,0,
Priest Rapids Tailrace CHN,3,G72E5E0C3,2026-04-28 19:27:56,2026-04-30 16:19:00,Wanapum BRZ,0,
Priest Rapids Tailrace CHN,3,G72E5E0C3,2026-04-28 19:27:56,2026-04-30 16:19:00,Mattawa,0,
Priest Rapids Tailrace CHN,3,G72E5E0C3,2026-04-28 19:27:56,2026-04-30 16:19:00,Priest BRZ,0,
Priest Rapids Tailrace CHN,3,G72E5E0C3,2026-04-28 19:27:56,2026-04-30 16:19:00,Lower Ringold,1,2026-05-01 04:58:10
Priest Rapids Tailrace CHN,3,G72E5E0C3,2026-04-28 19:27:56,2026-04-30 16:19:00,Hanford,1,2026-05-01 08:35:02
Priest Rapids Tailrace CHN,1,G72E62681,2026-04-23 21:30:00,2026-04-25 16:05:00,Crescent Bar,0,
Priest Rapids Tailrace CHN,1,G72E62681,2026-04-23 21:30:00,2026-04-25 16:05:00,Sunland,0,
Priest Rapids Tailrace CHN,1,G72E62681,2026-04-23 21:30:00,2026-04-25 16:05:00,Wanapum BRZ,0,
Priest Rapids Tailrace CHN,1,G72E62681,2026-04-23 21:30:00,2026-04-25 16:05:00,Mattawa,0,
Priest Rapids Tailrace CHN,1,G72E62681,2026-04-23 21:30:00,2026-04-25 16:05:00,Priest BRZ,0,
Priest Rapids Tailrace CHN,1,G72E62681,2026-04-23 21:30:00,2026-04-25 16:05:00,Lower Ringold,1,2026-04-26 07:42:34
Priest Rapids Tailrace CHN,1,G72E62681,2026-04-23 21:30:00,2026-04-25 16:05:00,Hanford,1,2026-04-26 11:32:53
Priest Rapids Tailrace CHN,1,G72E6FDF6,2026-04-29 16:42:14,2026-05-01 16:26:00,Crescent Bar,0,
Priest Rapids Tailrace CHN,1,G72E6FDF6,2026-04-29 16:42:14,2026-05-01 16:26:00,Sunland,0,
Priest Rapids Tailrace CHN,1,G72E6FDF6,2026-04-29 16:42:14,2026-05-01 16:26:00,Wanapum BRZ,0,
Priest Rapids Tailrace CHN,1,G72E6FDF6,2026-04-29 16:42:14,2026-05-01 16:26:00,Mattawa,0,
Priest Rapids Tailrace CHN,1,G72E6FDF6,2026-04-29 16:42:14,2026-05-01 16:26:00,Priest BRZ,0,
Priest Rapids Tailrace CHN,1,G72E6FDF6,2026-04-29 16:42:14,2026-05-01 16:26:00,Lower Ringold,1,2026-05-03 01:01:30
Priest Rapids Tailrace CHN,1,G72E6FDF6,2026-04-29 16:42:14,2026-05-01 16:26:00,Hanford,1,2026-05-03 04:24:42
Priest Rapids Tailrace CHN,1,G72E73786,2026-04-24 21:36:17,2026-04-26 16:25:00,Crescent Bar,0,
Priest Rapids Tailrace CHN,1,G72E73786,2026-04-24 21:36:17,2026-04-26 16:25:00,Sunland,0,
Priest Rapids Tailrace CHN,1,G72E73786,2026-04-24 21:36:17,2026-04-26 16:25:00,Wanapum BRZ,0,
Priest Rapids Tailrace CHN,1,G72E73786,2026-04-24 21:36:17,2026-04-26 16:25:00,Mattawa,0,
Priest Rapids Tailrace CHN,1,G72E73786,2026-04-24 21:36:17,2026-04-26 16:25:00,Priest BRZ,0,
Priest Rapids Tailrace CHN,1,G72E73786,2026-04-24 21:36:17,2026-04-26 16:25:00,Lower Ringold,0,
Priest Rapids Tailrace CHN,1,G72E73786,2026-04-24 21:36:17,2026-04-26 16:25:00,Hanford,0,
Priest Rapids Tailrace CHN,3,G72E78456,2026-04-27 19:02:59,2026-04-29 16:07:00,Crescent Bar,0,
Priest Rapids Tailrace CHN,3,G72E78456,2026-04-27 19:02:59,2026-04-29 16:07:00,Sunland,0,
Priest Rapids Tailrace CHN,3,G72E78456,2026-04-27 19:02:59,2026-04-29 16:07:00,Wanapum BRZ,0,
Priest Rapids Tailrace CHN,3,G72E78456,2026-04-27 19:02:59,2026-04-29 16:07:00,Mattawa,0,
Priest Rapids Tailrace CHN,3,G72E78456,2026-04-27 19:02:59,2026-04-29 16:07:00,Priest BRZ,0,
Priest Rapids Tailrace CHN,3,G72E78456,2026-04-27 19:02:59,2026-04-29 16:07:00,Lower Ringold,1,2026-04-30 12:57:57
Priest Rapids Tailrace CHN,3,G72E78456,2026-04-27 19:02:59,2026-04-29 16:07:00,Hanford,1,2026-04-30 17:22:16
Priest Rapids Tailrace CHN,2,G72E7E3B0,2026-04-27 18:57:38,2026-04-29 16:07:00,Crescent Bar,0,
Priest Rapids Tailrace CHN,2,G72E7E3B0,2026-04-27 18:57:38,2026-04-29 16:07:00,Sunland,0,
Priest Rapids Tailrace CHN,2,G72E7E3B0,2026-04-27 18:57:38,2026-04-29 16:07:00,Wanapum BRZ,0,
Priest Rapids Tailrace CHN,2,G72E7E3B0,2026-04-27 18:57:38,2026-04-29 16:07:00,Mattawa,0,
Priest Rapids Tailrace CHN,2,G72E7E3B0,2026-04-27 18:57:38,2026-04-29 16:07:00,Priest BRZ,0,
Priest Rapids Tailrace CHN,2,G72E7E3B0,2026-04-27 18:57:38,2026-04-29 16:07:00,Lower Ringold,1,2026-04-30 09:17:32
Priest Rapids Tailrace CHN,2,G72E7E3B0,2026-04-27 18:57:38,2026-04-29 16:07:00,Hanford,1,2026-04-30 12:06:56
Priest Rapids Tailrace CHN,1,G72E7F80D,2026-04-24 21:07:58,2026-04-26 16:25:00,Crescent Bar,0,
Priest Rapids Tailrace CHN,1,G72E7F80D,2026-04-24 21:07:58,2026-04-26 16:25:00,Sunland,0,
Priest Rapids Tailrace CHN,1,G72E7F80D,2026-04-24 21:07:58,2026-04-26 16:25:00,Wanapum BRZ,0,
Priest Rapids Tailrace CHN,1,G72E7F80D,2026-04-24 21:07:58,2026-04-26 16:25:00,Mattawa,0,
Priest Rapids Tailrace CHN,1,G72E7F80D,2026-04-24 21:07:58,2026-04-26 16:25:00,Priest BRZ,0,
Priest Rapids Tailrace CHN,1,G72E7F80D,2026-04-24 21:07:58,2026-04-26 16:25:00,Lower Ringold,1,2026-04-27 16:18:53
Priest Rapids Tailrace CHN,1,G72E7F80D,2026-04-24 21:07:58,2026-04-26 16:25:00,Hanford,1,2026-04-27 21:46:11
Priest Rapids Tailrace CHN,2,G72E96781,2026-04-30 16:38:41,2026-05-02 16:36:00,Crescent Bar,0,
Priest Rapids Tailrace CHN,2,G72E96781,2026-04-30 16:38:41,2026-05-02 16:36:00,Sunland,0,
Priest Rapids Tailrace CHN,2,G72E96781,2026-04-30 16:38:41,2026-05-02 16:36:00,Wanapum BRZ,0,
Priest Rapids Tailrace CHN,2,G72E96781,2026-04-30 16:38:41,2026-05-02 16:36:00,Mattawa,0,
Priest Rapids Tailrace CHN,2,G72E96781,2026-04-30 16:38:41,2026-05-02 16:36:00,Priest BRZ,0,
Priest Rapids Tailrace CHN,2,G72E96781,2026-04-30 16:38:41,2026-05-02 16:36:00,Lower Ringold,1,2026-05-04 08:20:10
Priest Rapids Tailrace CHN,2,G72E96781,2026-04-30 16:38:41,2026-05-02 16:36:00,Hanford,1,2026-05-04 11:29:08
Priest Rapids Tailrace CHN,2,G72E9771C,2026-04-29 16:44:29,2026-05-01 16:26:00,Crescent Bar,0,
Priest Rapids Tailrace CHN,2,G72E9771C,2026-04-29 16:44:29,2026-05-01 16:26:00,Sunland,0,
Priest Rapids Tailrace CHN,2,G72E9771C,2026-04-29 16:44:29,2026-05-01 16:26:00,Wanapum BRZ,0,
Priest Rapids Tailrace CHN,2,G72E9771C,2026-04-29 16:44:29,2026-05-01 16:26:00,Mattawa,0,
Priest Rapids Tailrace CHN,2,G72E9771C,2026-04-29 16:44:29,2026-05-01 16:26:00,Priest BRZ,0,
Priest Rapids Tailrace CHN,2,G72E9771C,2026-04-29 16:44:29,2026-05-01 16:26:00,Lower Ringold,1,2026-05-05 12:33:06
Priest Rapids Tailrace CHN,2,G72E9771C,2026-04-29 16:44:29,2026-05-01 16:26:00,Hanford,1,2026-05-05 16:50:31
Priest Rapids Tailrace CHN,2,G72EA1C0C,2026-04-25 18:18:56,2026-04-27 16:25:00,Crescent Bar,0,
Priest Rapids Tailrace CHN,2,G72EA1C0C,2026-04-25 18:18:56,2026-04-27 16:25:00,Sunland,0,
Priest Rapids Tailrace CHN,2,G72EA1C0C,2026-04-25 18:18:56,2026-04-27 16:25:00,Wanapum BRZ,0,
Priest Rapids Tailrace CHN,2,G72EA1C0C,2026-04-25 18:18:56,2026-04-27 16:25:00,Mattawa,0,
Priest Rapids Tailrace CHN,2,G72EA1C0C,2026-04-25 18:18:56,2026-04-27 16:25:00,Priest BRZ,0,
Priest Rapids Tailrace CHN,2,G72EA1C0C,2026-04-25 18:18:56,2026-04-27 16:25:00,Lower Ringold,1,2026-04-28 09:51:39
Priest Rapids Tailrace CHN,2,G72EA1C0C,2026-04-25 18:18:56,2026-04-27 16:25:00,Hanford,1,2026-04-29 19:14:20
Priest Rapids Tailrace CHN,1,G72EB95D8,2026-04-24 21:27:18,2026-04-26 16:25:00,Crescent Bar,0,
Priest Rapids Tailrace CHN,1,G72EB95D8,2026-04-24 21:27:18,2026-04-26 16:25:00,Sunland,0,
Priest Rapids Tailrace CHN,1,G72EB95D8,2026-04-24 21:27:18,2026-04-26 16:25:00,Wanapum BRZ,0,
Priest Rapids Tailrace CHN,1,G72EB95D8,2026-04-24 21:27:18,2026-04-26 16:25:00,Mattawa,0,
Priest Rapids Tailrace CHN,1,G72EB95D8,2026-04-24 21:27:18,2026-04-26 16:25:00,Priest BRZ,0,
Priest Rapids Tailrace CHN,1,G72EB95D8,2026-04-24 21:27:18,2026-04-26 16:25:00,Lower Ringold,1,2026-04-27 09:04:09
Priest Rapids Tailrace CHN,1,G72EB95D8,2026-04-24 21:27:18,2026-04-26 16:25:00,Hanford,1,2026-04-27 18:25:46
Priest Rapids Tailrace CHN,1,G72EE3355,2026-04-23 21:30:00,2026-04-25 16:05:00,Crescent Bar,0,
Priest Rapids Tailrace CHN,1,G72EE3355,2026-04-23 21:30:00,2026-04-25 16:05:00,Sunland,0,
Priest Rapids Tailrace CHN,1,G72EE3355,2026-04-23 21:30:00,2026-04-25 16:05:00,Wanapum BRZ,0,
Priest Rapids Tailrace CHN,1,G72EE3355,2026-04-23 21:30:00,2026-04-25 16:05:00,Mattawa,0,
Priest Rapids Tailrace CHN,1,G72EE3355,2026-04-23 21:30:00,2026-04-25 16:05:00,Priest BRZ,0,
Priest Rapids Tailrace CHN,1,G72EE3355,2026-04-23 21:30:00,2026-04-25 16:05:00,Lower Ringold,1,2026-04-26 05:55:44
Priest Rapids Tailrace CHN,1,G72EE3355,2026-04-23 21:30:00,2026-04-25 16:05:00,Hanford,1,2026-04-26 10:13:06
Priest Rapids Tailrace CHN,1,G72F3566A,2026-04-29 16:55:11,2026-05-01 16:26:00,Crescent Bar,0,
Priest Rapids Tailrace CHN,1,G72F3566A,2026-04-29 16:55:11,2026-05-01 16:26:00,Sunland,0,
Priest Rapids Tailrace CHN,1,G72F3566A,2026-04-29 16:55:11,2026-05-01 16:26:00,Wanapum BRZ,0,
Priest Rapids Tailrace CHN,1,G72F3566A,2026-04-29 16:55:11,2026-05-01 16:26:00,Mattawa,0,
Priest Rapids Tailrace CHN,1,G72F3566A,2026-04-29 16:55:11,2026-05-01 16:26:00,Priest BRZ,0,
Priest Rapids Tailrace CHN,1,G72F3566A,2026-04-29 16:55:11,2026-05-01 16:26:00,Lower Ringold,1,2026-05-02 08:53:43
Priest Rapids Tailrace CHN,1,G72F3566A,2026-04-29 16:55:11,2026-05-01 16:26:00,Hanford,1,2026-05-02 11:48:29
Priest Rapids Tailrace CHN,1,G72F35B97,2026-04-25 18:44:09,2026-04-27 16:25:00,Crescent Bar,0,
Priest Rapids Tailrace CHN,1,G72F35B97,2026-04-25 18:44:09,2026-04-27 16:25:00,Sunland,0,
Priest Rapids Tailrace CHN,1,G72F35B97,2026-04-25 18:44:09,2026-04-27 16:25:00,Wanapum BRZ,0,
Priest Rapids Tailrace CHN,1,G72F35B97,2026-04-25 18:44:09,2026-04-27 16:25:00,Mattawa,0,
Priest Rapids Tailrace CHN,1,G72F35B97,2026-04-25 18:44:09,2026-04-27 16:25:00,Priest BRZ,0,
Priest Rapids Tailrace CHN,1,G72F35B97,2026-04-25 18:44:09,2026-04-27 16:25:00,Lower Ringold,1,2026-05-06 03:42:08
Priest Rapids Tailrace CHN,1,G72F35B97,2026-04-25 18:44:09,2026-04-27 16:25:00,Hanford,1,2026-05-06 22:36:53
Priest Rapids Tailrace CHN,1,G72F3DE24,2026-04-26 17:26:36,2026-04-28 15:47:00,Crescent Bar,0,
Priest Rapids Tailrace CHN,1,G72F3DE24,2026-04-26 17:26:36,2026-04-28 15:47:00,Sunland,0,
Priest Rapids Tailrace CHN,1,G72F3DE24,2026-04-26 17:26:36,2026-04-28 15:47:00,Wanapum BRZ,0,
Priest Rapids Tailrace CHN,1,G72F3DE24,2026-04-26 17:26:36,2026-04-28 15:47:00,Mattawa,0,
Priest Rapids Tailrace CHN,1,G72F3DE24,2026-04-26 17:26:36,2026-04-28 15:47:00,Priest BRZ,0,
Priest Rapids Tailrace CHN,1,G72F3DE24,2026-04-26 17:26:36,2026-04-28 15:47:00,Lower Ringold,1,2026-04-30 03:24:44
Priest Rapids Tailrace CHN,1,G72F3DE24,2026-04-26 17:26:36,2026-04-28 15:47:00,Hanford,1,2026-04-30 23:24:18
Priest Rapids Tailrace CHN,1,G72F521BB,2026-04-27 18:53:28,2026-04-29 16:07:00,Crescent Bar,0,
Priest Rapids Tailrace CHN,1,G72F521BB,2026-04-27 18:53:28,2026-04-29 16:07:00,Sunland,0,
Priest Rapids Tailrace CHN,1,G72F521BB,2026-04-27 18:53:28,2026-04-29 16:07:00,Wanapum BRZ,0,
Priest Rapids Tailrace CHN,1,G72F521BB,2026-04-27 18:53:28,2026-04-29 16:07:00,Mattawa,0,
Priest Rapids Tailrace CHN,1,G72F521BB,2026-04-27 18:53:28,2026-04-29 16:07:00,Priest BRZ,0,
Priest Rapids Tailrace CHN,1,G72F521BB,2026-04-27 18:53:28,2026-04-29 16:07:00,Lower Ringold,1,2026-04-30 04:42:03
Priest Rapids Tailrace CHN,1,G72F521BB,2026-04-27 18:53:28,2026-04-29 16:07:00,Hanford,1,2026-04-30 08:07:15
Priest Rapids Tailrace CHN,1,G72F59AA9,2026-04-28 19:34:17,2026-04-30 16:19:00,Crescent Bar,0,
Priest Rapids Tailrace CHN,1,G72F59AA9,2026-04-28 19:34:17,2026-04-30 16:19:00,Sunland,0,
Priest Rapids Tailrace CHN,1,G72F59AA9,2026-04-28 19:34:17,2026-04-30 16:19:00,Wanapum BRZ,0,
Priest Rapids Tailrace CHN,1,G72F59AA9,2026-04-28 19:34:17,2026-04-30 16:19:00,Mattawa,0,
Priest Rapids Tailrace CHN,1,G72F59AA9,2026-04-28 19:34:17,2026-04-30 16:19:00,Priest BRZ,0,
Priest Rapids Tailrace CHN,1,G72F59AA9,2026-04-28 19:34:17,2026-04-30 16:19:00,Lower Ringold,1,2026-05-01 04:38:37
Priest Rapids Tailrace CHN,1,G72F59AA9,2026-04-28 19:34:17,2026-04-30 16:19:00,Hanford,1,2026-05-01 07:28:41
Priest Rapids Tailrace CHN,1,G72F63C8E,2026-04-27 18:48:19,2026-04-29 16:07:00,Crescent Bar,0,
Priest Rapids Tailrace CHN,1,G72F63C8E,2026-04-27 18:48:19,2026-04-29 16:07:00,Sunland,0,
Priest Rapids Tailrace CHN,1,G72F63C8E,2026-04-27 18:48:19,2026-04-29 16:07:00,Wanapum BRZ,0,
Priest Rapids Tailrace CHN,1,G72F63C8E,2026-04-27 18:48:19,2026-04-29 16:07:00,Mattawa,0,
Priest Rapids Tailrace CHN,1,G72F63C8E,2026-04-27 18:48:19,2026-04-29 16:07:00,Priest BRZ,0,
Priest Rapids Tailrace CHN,1,G72F63C8E,2026-04-27 18:48:19,2026-04-29 16:07:00,Lower Ringold,1,2026-04-30 08:56:39
Priest Rapids Tailrace CHN,1,G72F63C8E,2026-04-27 18:48:19,2026-04-29 16:07:00,Hanford,1,2026-04-30 12:16:39
Priest Rapids Tailrace CHN,2,G72F90917,2026-04-28 19:29:17,2026-04-30 16:19:00,Crescent Bar,0,
Priest Rapids Tailrace CHN,2,G72F90917,2026-04-28 19:29:17,2026-04-30 16:19:00,Sunland,0,
Priest Rapids Tailrace CHN,2,G72F90917,2026-04-28 19:29:17,2026-04-30 16:19:00,Wanapum BRZ,0,
Priest Rapids Tailrace CHN,2,G72F90917,2026-04-28 19:29:17,2026-04-30 16:19:00,Mattawa,0,
Priest Rapids Tailrace CHN,2,G72F90917,2026-04-28 19:29:17,2026-04-30 16:19:00,Priest BRZ,0,
Priest Rapids Tailrace CHN,2,G72F90917,2026-04-28 19:29:17,2026-04-30 16:19:00,Lower Ringold,1,2026-05-01 05:16:39
Priest Rapids Tailrace CHN,2,G72F90917,2026-04-28 19:29:17,2026-04-30 16:19:00,Hanford,1,2026-05-01 08:03:04
Priest Rapids Tailrace CHN,3,G72FA231F,2026-04-29 16:58:30,2026-05-01 16:26:00,Crescent Bar,0,
Priest Rapids Tailrace CHN,3,G72FA231F,2026-04-29 16:58:30,2026-05-01 16:26:00,Sunland,0,
Priest Rapids Tailrace CHN,3,G72FA231F,2026-04-29 16:58:30,2026-05-01 16:26:00,Wanapum BRZ,0,
Priest Rapids Tailrace CHN,3,G72FA231F,2026-04-29 16:58:30,2026-05-01 16:26:00,Mattawa,0,
Priest Rapids Tailrace CHN,3,G72FA231F,2026-04-29 16:58:30,2026-05-01 16:26:00,Priest BRZ,0,
Priest Rapids Tailrace CHN,3,G72FA231F,2026-04-29 16:58:30,2026-05-01 16:26:00,Lower Ringold,1,2026-05-02 05:56:50
Priest Rapids Tailrace CHN,3,G72FA231F,2026-04-29 16:58:30,2026-05-01 16:26:00,Hanford,1,2026-05-02 09:41:11
Priest Rapids Tailrace STH,2,G7201876B,2026-05-04 19:17:13,2026-05-06 16:47:00,Crescent Bar,0,
Priest Rapids Tailrace STH,2,G7201876B,2026-05-04 19:17:13,2026-05-06 16:47:00,Sunland,0,
Priest Rapids Tailrace STH,2,G7201876B,2026-05-04 19:17:13,2026-05-06 16:47:00,Wanapum BRZ,0,
Priest Rapids Tailrace STH,2,G7201876B,2026-05-04 19:17:13,2026-05-06 16:47:00,Mattawa,0,
Priest Rapids Tailrace STH,2,G7201876B,2026-05-04 19:17:13,2026-05-06 16:47:00,Priest BRZ,0,
Priest Rapids Tailrace STH,2,G7201876B,2026-05-04 19:17:13,2026-05-06 16:47:00,Lower Ringold,1,2026-05-09 15:45:25
Priest Rapids Tailrace STH,2,G7201876B,2026-05-04 19:17:13,2026-05-06 16:47:00,Hanford,1,2026-05-09 23:24:38
Priest Rapids Tailrace STH,2,G7201AC68,2026-05-05 18:24:27,2026-05-07 16:28:00,Crescent Bar,0,
Priest Rapids Tailrace STH,2,G7201AC68,2026-05-05 18:24:27,2026-05-07 16:28:00,Sunland,0,
Priest Rapids Tailrace STH,2,G7201AC68,2026-05-05 18:24:27,2026-05-07 16:28:00,Wanapum BRZ,0,
Priest Rapids Tailrace STH,2,G7201AC68,2026-05-05 18:24:27,2026-05-07 16:28:00,Mattawa,0,
Priest Rapids Tailrace STH,2,G7201AC68,2026-05-05 18:24:27,2026-05-07 16:28:00,Priest BRZ,0,
Priest Rapids Tailrace STH,2,G7201AC68,2026-05-05 18:24:27,2026-05-07 16:28:00,Lower Ringold,1,2026-05-08 13:31:42
Priest Rapids Tailrace STH,2,G7201AC68,2026-05-05 18:24:27,2026-05-07 16:28:00,Hanford,1,2026-05-08 16:52:11
Priest Rapids Tailrace STH,2,G72030C56,2026-05-02 18:59:27,2026-05-04 16:25:00,Crescent Bar,0,
Priest Rapids Tailrace STH,2,G72030C56,2026-05-02 18:59:27,2026-05-04 16:25:00,Sunland,0,
Priest Rapids Tailrace STH,2,G72030C56,2026-05-02 18:59:27,2026-05-04 16:25:00,Wanapum BRZ,0,
Priest Rapids Tailrace STH,2,G72030C56,2026-05-02 18:59:27,2026-05-04 16:25:00,Mattawa,0,
Priest Rapids Tailrace STH,2,G72030C56,2026-05-02 18:59:27,2026-05-04 16:25:00,Priest BRZ,0,
Priest Rapids Tailrace STH,2,G72030C56,2026-05-02 18:59:27,2026-05-04 16:25:00,Lower Ringold,1,2026-05-05 04:37:54
Priest Rapids Tailrace STH,2,G72030C56,2026-05-02 18:59:27,2026-05-04 16:25:00,Hanford,1,2026-05-05 08:00:07
Priest Rapids Tailrace STH,1,G720457C3,2026-05-01 19:06:52,2026-05-04 16:25:00,Crescent Bar,0,
Priest Rapids Tailrace STH,1,G720457C3,2026-05-01 19:06:52,2026-05-04 16:25:00,Sunland,0,
Priest Rapids Tailrace STH,1,G720457C3,2026-05-01 19:06:52,2026-05-04 16:25:00,Wanapum BRZ,0,
Priest Rapids Tailrace STH,1,G720457C3,2026-05-01 19:06:52,2026-05-04 16:25:00,Mattawa,0,
Priest Rapids Tailrace STH,1,G720457C3,2026-05-01 19:06:52,2026-05-04 16:25:00,Priest BRZ,0,
Priest Rapids Tailrace STH,1,G720457C3,2026-05-01 19:06:52,2026-05-04 16:25:00,Lower Ringold,1,2026-05-05 06:35:27
Priest Rapids Tailrace STH,1,G720457C3,2026-05-01 19:06:52,2026-05-04 16:25:00,Hanford,1,2026-05-05 09:29:26
Priest Rapids Tailrace STH,2,G720752A9,2026-04-30 18:08:29,2026-05-02 16:36:00,Crescent Bar,0,
Priest Rapids Tailrace STH,2,G720752A9,2026-04-30 18:08:29,2026-05-02 16:36:00,Sunland,0,
Priest Rapids Tailrace STH,2,G720752A9,2026-04-30 18:08:29,2026-05-02 16:36:00,Wanapum BRZ,0,
Priest Rapids Tailrace STH,2,G720752A9,2026-04-30 18:08:29,2026-05-02 16:36:00,Mattawa,0,
Priest Rapids Tailrace STH,2,G720752A9,2026-04-30 18:08:29,2026-05-02 16:36:00,Priest BRZ,0,
Priest Rapids Tailrace STH,2,G720752A9,2026-04-30 18:08:29,2026-05-02 16:36:00,Lower Ringold,1,2026-05-03 03:29:18
Priest Rapids Tailrace STH,2,G720752A9,2026-04-30 18:08:29,2026-05-02 16:36:00,Hanford,1,2026-05-03 06:27:26
Priest Rapids Tailrace STH,3,G72088687,2026-05-04 19:05:36,2026-05-06 16:47:00,Crescent Bar,0,
Priest Rapids Tailrace STH,3,G72088687,2026-05-04 19:05:36,2026-05-06 16:47:00,Sunland,0,
Priest Rapids Tailrace STH,3,G72088687,2026-05-04 19:05:36,2026-05-06 16:47:00,Wanapum BRZ,0,
Priest Rapids Tailrace STH,3,G72088687,2026-05-04 19:05:36,2026-05-06 16:47:00,Mattawa,0,
Priest Rapids Tailrace STH,3,G72088687,2026-05-04 19:05:36,2026-05-06 16:47:00,Priest BRZ,0,
Priest Rapids Tailrace STH,3,G72088687,2026-05-04 19:05:36,2026-05-06 16:47:00,Lower Ringold,1,2026-05-07 14:18:11
Priest Rapids Tailrace STH,3,G72088687,2026-05-04 19:05:36,2026-05-06 16:47:00,Hanford,0,
Priest Rapids Tailrace STH,3,G720A3BD9,2026-05-05 18:03:43,2026-05-07 16:28:00,Crescent Bar,0,
Priest Rapids Tailrace STH,3,G720A3BD9,2026-05-05 18:03:43,2026-05-07 16:28:00,Sunland,0,
Priest Rapids Tailrace STH,3,G720A3BD9,2026-05-05 18:03:43,2026-05-07 16:28:00,Wanapum BRZ,0,
Priest Rapids Tailrace STH,3,G720A3BD9,2026-05-05 18:03:43,2026-05-07 16:28:00,Mattawa,0,
Priest Rapids Tailrace STH,3,G720A3BD9,2026-05-05 18:03:43,2026-05-07 16:28:00,Priest BRZ,0,
Priest Rapids Tailrace STH,3,G720A3BD9,2026-05-05 18:03:43,2026-05-07 16:28:00,Lower Ringold,1,2026-05-08 08:06:52
Priest Rapids Tailrace STH,3,G720A3BD9,2026-05-05 18:03:43,2026-05-07 16:28:00,Hanford,1,2026-05-08 11:17:19
Priest Rapids Tailrace STH,1,G720C76C8,2026-04-28 22:45:32,2026-04-30 16:19:00,Crescent Bar,0,
Priest Rapids Tailrace STH,1,G720C76C8,2026-04-28 22:45:32,2026-04-30 16:19:00,Sunland,0,
Priest Rapids Tailrace STH,1,G720C76C8,2026-04-28 22:45:32,2026-04-30 16:19:00,Wanapum BRZ,0,
Priest Rapids Tailrace STH,1,G720C76C8,2026-04-28 22:45:32,2026-04-30 16:19:00,Mattawa,0,
Priest Rapids Tailrace STH,1,G720C76C8,2026-04-28 22:45:32,2026-04-30 16:19:00,Priest BRZ,0,
Priest Rapids Tailrace STH,1,G720C76C8,2026-04-28 22:45:32,2026-04-30 16:19:00,Lower Ringold,0,
Priest Rapids Tailrace STH,1,G720C76C8,2026-04-28 22:45:32,2026-04-30 16:19:00,Hanford,0,
Priest Rapids Tailrace STH,3,G720D8726,2026-04-28 22:36:54,2026-04-30 16:19:00,Crescent Bar,0,
Priest Rapids Tailrace STH,3,G720D8726,2026-04-28 22:36:54,2026-04-30 16:19:00,Sunland,0,
Priest Rapids Tailrace STH,3,G720D8726,2026-04-28 22:36:54,2026-04-30 16:19:00,Wanapum BRZ,0,
Priest Rapids Tailrace STH,3,G720D8726,2026-04-28 22:36:54,2026-04-30 16:19:00,Mattawa,0,
Priest Rapids Tailrace STH,3,G720D8726,2026-04-28 22:36:54,2026-04-30 16:19:00,Priest BRZ,0,
Priest Rapids Tailrace STH,3,G720D8726,2026-04-28 22:36:54,2026-04-30 16:19:00,Lower Ringold,1,2026-05-01 04:34:17
Priest Rapids Tailrace STH,3,G720D8726,2026-04-28 22:36:54,2026-04-30 16:19:00,Hanford,1,2026-05-01 07:48:48
Priest Rapids Tailrace STH,3,G720DFB7D,2026-05-01 19:11:14,2026-05-04 16:25:00,Crescent Bar,0,
Priest Rapids Tailrace STH,3,G720DFB7D,2026-05-01 19:11:14,2026-05-04 16:25:00,Sunland,0,
Priest Rapids Tailrace STH,3,G720DFB7D,2026-05-01 19:11:14,2026-05-04 16:25:00,Wanapum BRZ,0,
Priest Rapids Tailrace STH,3,G720DFB7D,2026-05-01 19:11:14,2026-05-04 16:25:00,Mattawa,0,
Priest Rapids Tailrace STH,3,G720DFB7D,2026-05-01 19:11:14,2026-05-04 16:25:00,Priest BRZ,0,
Priest Rapids Tailrace STH,3,G720DFB7D,2026-05-01 19:11:14,2026-05-04 16:25:00,Lower Ringold,1,2026-05-10 03:07:27
Priest Rapids Tailrace STH,3,G720DFB7D,2026-05-01 19:11:14,2026-05-04 16:25:00,Hanford,1,2026-05-10 06:10:51
Priest Rapids Tailrace STH,3,G720FC390,2026-04-30 18:13:40,2026-05-02 16:36:00,Crescent Bar,0,
Priest Rapids Tailrace STH,3,G720FC390,2026-04-30 18:13:40,2026-05-02 16:36:00,Sunland,0,
Priest Rapids Tailrace STH,3,G720FC390,2026-04-30 18:13:40,2026-05-02 16:36:00,Wanapum BRZ,0,
Priest Rapids Tailrace STH,3,G720FC390,2026-04-30 18:13:40,2026-05-02 16:36:00,Mattawa,0,
Priest Rapids Tailrace STH,3,G720FC390,2026-04-30 18:13:40,2026-05-02 16:36:00,Priest BRZ,0,
Priest Rapids Tailrace STH,3,G720FC390,2026-04-30 18:13:40,2026-05-02 16:36:00,Lower Ringold,1,2026-05-03 05:43:22
Priest Rapids Tailrace STH,3,G720FC390,2026-04-30 18:13:40,2026-05-02 16:36:00,Hanford,1,2026-05-03 09:10:24
Priest Rapids Tailrace STH,3,G72109CFE,2026-05-04 19:18:49,2026-05-06 16:47:00,Crescent Bar,0,
Priest Rapids Tailrace STH,3,G72109CFE,2026-05-04 19:18:49,2026-05-06 16:47:00,Sunland,0,
Priest Rapids Tailrace STH,3,G72109CFE,2026-05-04 19:18:49,2026-05-06 16:47:00,Wanapum BRZ,0,
Priest Rapids Tailrace STH,3,G72109CFE,2026-05-04 19:18:49,2026-05-06 16:47:00,Mattawa,0,
Priest Rapids Tailrace STH,3,G72109CFE,2026-05-04 19:18:49,2026-05-06 16:47:00,Priest BRZ,0,
Priest Rapids Tailrace STH,3,G72109CFE,2026-05-04 19:18:49,2026-05-06 16:47:00,Lower Ringold,1,2026-05-07 04:41:54
Priest Rapids Tailrace STH,3,G72109CFE,2026-05-04 19:18:49,2026-05-06 16:47:00,Hanford,1,2026-05-07 07:53:12
Priest Rapids Tailrace STH,3,G7211A3C5,2026-04-28 22:49:38,2026-04-30 16:19:00,Crescent Bar,0,
Priest Rapids Tailrace STH,3,G7211A3C5,2026-04-28 22:49:38,2026-04-30 16:19:00,Sunland,0,
Priest Rapids Tailrace STH,3,G7211A3C5,2026-04-28 22:49:38,2026-04-30 16:19:00,Wanapum BRZ,0,
Priest Rapids Tailrace STH,3,G7211A3C5,2026-04-28 22:49:38,2026-04-30 16:19:00,Mattawa,0,
Priest Rapids Tailrace STH,3,G7211A3C5,2026-04-28 22:49:38,2026-04-30 16:19:00,Priest BRZ,0,
Priest Rapids Tailrace STH,3,G7211A3C5,2026-04-28 22:49:38,2026-04-30 16:19:00,Lower Ringold,1,2026-06-04 10:39:27
Priest Rapids Tailrace STH,3,G7211A3C5,2026-04-28 22:49:38,2026-04-30 16:19:00,Hanford,1,2026-06-04 12:55:34
Priest Rapids Tailrace STH,2,G7213C94F,2026-05-01 19:08:14,2026-05-04 16:25:00,Crescent Bar,0,
Priest Rapids Tailrace STH,2,G7213C94F,2026-05-01 19:08:14,2026-05-04 16:25:00,Sunland,0,
Priest Rapids Tailrace STH,2,G7213C94F,2026-05-01 19:08:14,2026-05-04 16:25:00,Wanapum BRZ,0,
Priest Rapids Tailrace STH,2,G7213C94F,2026-05-01 19:08:14,2026-05-04 16:25:00,Mattawa,0,
Priest Rapids Tailrace STH,2,G7213C94F,2026-05-01 19:08:14,2026-05-04 16:25:00,Priest BRZ,0,
Priest Rapids Tailrace STH,2,G7213C94F,2026-05-01 19:08:14,2026-05-04 16:25:00,Lower Ringold,1,2026-05-05 04:26:20
Priest Rapids Tailrace STH,2,G7213C94F,2026-05-01 19:08:14,2026-05-04 16:25:00,Hanford,1,2026-05-05 07:04:17
Priest Rapids Tailrace STH,2,G7214380B,2026-04-28 22:29:55,2026-04-30 16:19:00,Crescent Bar,0,
Priest Rapids Tailrace STH,2,G7214380B,2026-04-28 22:29:55,2026-04-30 16:19:00,Sunland,0,
Priest Rapids Tailrace STH,2,G7214380B,2026-04-28 22:29:55,2026-04-30 16:19:00,Wanapum BRZ,0,
Priest Rapids Tailrace STH,2,G7214380B,2026-04-28 22:29:55,2026-04-30 16:19:00,Mattawa,0,
Priest Rapids Tailrace STH,2,G7214380B,2026-04-28 22:29:55,2026-04-30 16:19:00,Priest BRZ,0,
Priest Rapids Tailrace STH,2,G7214380B,2026-04-28 22:29:55,2026-04-30 16:19:00,Lower Ringold,0,
Priest Rapids Tailrace STH,2,G7214380B,2026-04-28 22:29:55,2026-04-30 16:19:00,Hanford,0,
Priest Rapids Tailrace STH,3,G72143D34,2026-04-30 18:06:12,2026-05-02 16:36:00,Crescent Bar,0,
Priest Rapids Tailrace STH,3,G72143D34,2026-04-30 18:06:12,2026-05-02 16:36:00,Sunland,0,
Priest Rapids Tailrace STH,3,G72143D34,2026-04-30 18:06:12,2026-05-02 16:36:00,Wanapum BRZ,0,
Priest Rapids Tailrace STH,3,G72143D34,2026-04-30 18:06:12,2026-05-02 16:36:00,Mattawa,0,
Priest Rapids Tailrace STH,3,G72143D34,2026-04-30 18:06:12,2026-05-02 16:36:00,Priest BRZ,0,
Priest Rapids Tailrace STH,3,G72143D34,2026-04-30 18:06:12,2026-05-02 16:36:00,Lower Ringold,1,2026-05-03 08:44:27
Priest Rapids Tailrace STH,3,G72143D34,2026-04-30 18:06:12,2026-05-02 16:36:00,Hanford,1,2026-05-03 11:24:25
Priest Rapids Tailrace STH,3,G72152BB0,2026-05-02 18:49:31,2026-05-04 16:25:00,Crescent Bar,0,
Priest Rapids Tailrace STH,3,G72152BB0,2026-05-02 18:49:31,2026-05-04 16:25:00,Sunland,0,
Priest Rapids Tailrace STH,3,G72152BB0,2026-05-02 18:49:31,2026-05-04 16:25:00,Wanapum BRZ,0,
Priest Rapids Tailrace STH,3,G72152BB0,2026-05-02 18:49:31,2026-05-04 16:25:00,Mattawa,0,
Priest Rapids Tailrace STH,3,G72152BB0,2026-05-02 18:49:31,2026-05-04 16:25:00,Priest BRZ,0,
Priest Rapids Tailrace STH,3,G72152BB0,2026-05-02 18:49:31,2026-05-04 16:25:00,Lower Ringold,1,2026-05-05 05:33:48
Priest Rapids Tailrace STH,3,G72152BB0,2026-05-02 18:49:31,2026-05-04 16:25:00,Hanford,1,2026-05-05 08:23:45
Priest Rapids Tailrace STH,3,G7215E9C6,2026-04-28 22:30:46,2026-04-30 16:19:00,Crescent Bar,0,
Priest Rapids Tailrace STH,3,G7215E9C6,2026-04-28 22:30:46,2026-04-30 16:19:00,Sunland,0,
Priest Rapids Tailrace STH,3,G7215E9C6,2026-04-28 22:30:46,2026-04-30 16:19:00,Wanapum BRZ,0,
Priest Rapids Tailrace STH,3,G7215E9C6,2026-04-28 22:30:46,2026-04-30 16:19:00,Mattawa,0,
Priest Rapids Tailrace STH,3,G7215E9C6,2026-04-28 22:30:46,2026-04-30 16:19:00,Priest BRZ,0,
Priest Rapids Tailrace STH,3,G7215E9C6,2026-04-28 22:30:46,2026-04-30 16:19:00,Lower Ringold,1,2026-05-01 04:47:04
Priest Rapids Tailrace STH,3,G7215E9C6,2026-04-28 22:30:46,2026-04-30 16:19:00,Hanford,1,2026-05-01 07:33:47
Priest Rapids Tailrace STH,2,G7217C76B,2026-05-01 18:41:14,2026-05-03 16:31:00,Crescent Bar,0,
Priest Rapids Tailrace STH,2,G7217C76B,2026-05-01 18:41:14,2026-05-03 16:31:00,Sunland,0,
Priest Rapids Tailrace STH,2,G7217C76B,2026-05-01 18:41:14,2026-05-03 16:31:00,Wanapum BRZ,0,
Priest Rapids Tailrace STH,2,G7217C76B,2026-05-01 18:41:14,2026-05-03 16:31:00,Mattawa,0,
Priest Rapids Tailrace STH,2,G7217C76B,2026-05-01 18:41:14,2026-05-03 16:31:00,Priest BRZ,0,
Priest Rapids Tailrace STH,2,G7217C76B,2026-05-01 18:41:14,2026-05-03 16:31:00,Lower Ringold,1,2026-05-04 07:23:52
Priest Rapids Tailrace STH,2,G7217C76B,2026-05-01 18:41:14,2026-05-03 16:31:00,Hanford,1,2026-05-04 10:06:35
Priest Rapids Tailrace STH,2,G7217FF17,2026-05-01 18:37:25,2026-05-03 16:31:00,Crescent Bar,0,
Priest Rapids Tailrace STH,2,G7217FF17,2026-05-01 18:37:25,2026-05-03 16:31:00,Sunland,0,
Priest Rapids Tailrace STH,2,G7217FF17,2026-05-01 18:37:25,2026-05-03 16:31:00,Wanapum BRZ,0,
Priest Rapids Tailrace STH,2,G7217FF17,2026-05-01 18:37:25,2026-05-03 16:31:00,Mattawa,0,
Priest Rapids Tailrace STH,2,G7217FF17,2026-05-01 18:37:25,2026-05-03 16:31:00,Priest BRZ,0,
Priest Rapids Tailrace STH,2,G7217FF17,2026-05-01 18:37:25,2026-05-03 16:31:00,Lower Ringold,1,2026-05-04 07:36:47
Priest Rapids Tailrace STH,2,G7217FF17,2026-05-01 18:37:25,2026-05-03 16:31:00,Hanford,1,2026-05-04 10:40:10
Priest Rapids Tailrace STH,1,G72182147,2026-04-29 17:49:23,2026-05-01 16:26:00,Crescent Bar,0,
Priest Rapids Tailrace STH,1,G72182147,2026-04-29 17:49:23,2026-05-01 16:26:00,Sunland,0,
Priest Rapids Tailrace STH,1,G72182147,2026-04-29 17:49:23,2026-05-01 16:26:00,Wanapum BRZ,0,
Priest Rapids Tailrace STH,1,G72182147,2026-04-29 17:49:23,2026-05-01 16:26:00,Mattawa,0,
Priest Rapids Tailrace STH,1,G72182147,2026-04-29 17:49:23,2026-05-01 16:26:00,Priest BRZ,0,
Priest Rapids Tailrace STH,1,G72182147,2026-04-29 17:49:23,2026-05-01 16:26:00,Lower Ringold,1,2026-05-02 04:55:31
Priest Rapids Tailrace STH,1,G72182147,2026-04-29 17:49:23,2026-05-01 16:26:00,Hanford,1,2026-05-02 08:10:02
Priest Rapids Tailrace STH,1,G72183846,2026-04-28 22:50:02,2026-04-30 16:19:00,Crescent Bar,0,
Priest Rapids Tailrace STH,1,G72183846,2026-04-28 22:50:02,2026-04-30 16:19:00,Sunland,0,
Priest Rapids Tailrace STH,1,G72183846,2026-04-28 22:50:02,2026-04-30 16:19:00,Wanapum BRZ,0,
Priest Rapids Tailrace STH,1,G72183846,2026-04-28 22:50:02,2026-04-30 16:19:00,Mattawa,0,
Priest Rapids Tailrace STH,1,G72183846,2026-04-28 22:50:02,2026-04-30 16:19:00,Priest BRZ,0,
Priest Rapids Tailrace STH,1,G72183846,2026-04-28 22:50:02,2026-04-30 16:19:00,Lower Ringold,1,2026-05-01 03:14:08
Priest Rapids Tailrace STH,1,G72183846,2026-04-28 22:50:02,2026-04-30 16:19:00,Hanford,1,2026-05-01 06:10:38
Priest Rapids Tailrace STH,2,G72193B60,2026-04-29 17:41:31,2026-05-01 16:26:00,Crescent Bar,0,
Priest Rapids Tailrace STH,2,G72193B60,2026-04-29 17:41:31,2026-05-01 16:26:00,Sunland,0,
Priest Rapids Tailrace STH,2,G72193B60,2026-04-29 17:41:31,2026-05-01 16:26:00,Wanapum BRZ,0,
Priest Rapids Tailrace STH,2,G72193B60,2026-04-29 17:41:31,2026-05-01 16:26:00,Mattawa,0,
Priest Rapids Tailrace STH,2,G72193B60,2026-04-29 17:41:31,2026-05-01 16:26:00,Priest BRZ,0,
Priest Rapids Tailrace STH,2,G72193B60,2026-04-29 17:41:31,2026-05-01 16:26:00,Lower Ringold,1,2026-05-05 08:20:25
Priest Rapids Tailrace STH,2,G72193B60,2026-04-29 17:41:31,2026-05-01 16:26:00,Hanford,1,2026-05-06 03:59:30
Priest Rapids Tailrace STH,2,G7219E98B,2026-05-03 20:03:54,2026-05-05 17:13:00,Crescent Bar,0,
Priest Rapids Tailrace STH,2,G7219E98B,2026-05-03 20:03:54,2026-05-05 17:13:00,Sunland,0,
Priest Rapids Tailrace STH,2,G7219E98B,2026-05-03 20:03:54,2026-05-05 17:13:00,Wanapum BRZ,0,
Priest Rapids Tailrace STH,2,G7219E98B,2026-05-03 20:03:54,2026-05-05 17:13:00,Mattawa,0,
Priest Rapids Tailrace STH,2,G7219E98B,2026-05-03 20:03:54,2026-05-05 17:13:00,Priest BRZ,0,
Priest Rapids Tailrace STH,2,G7219E98B,2026-05-03 20:03:54,2026-05-05 17:13:00,Lower Ringold,0,
Priest Rapids Tailrace STH,2,G7219E98B,2026-05-03 20:03:54,2026-05-05 17:13:00,Hanford,0,
Priest Rapids Tailrace STH,3,G721A2088,2026-05-02 18:55:22,2026-05-04 16:25:00,Crescent Bar,0,
Priest Rapids Tailrace STH,3,G721A2088,2026-05-02 18:55:22,2026-05-04 16:25:00,Sunland,0,
Priest Rapids Tailrace STH,3,G721A2088,2026-05-02 18:55:22,2026-05-04 16:25:00,Wanapum BRZ,0,
Priest Rapids Tailrace STH,3,G721A2088,2026-05-02 18:55:22,2026-05-04 16:25:00,Mattawa,0,
Priest Rapids Tailrace STH,3,G721A2088,2026-05-02 18:55:22,2026-05-04 16:25:00,Priest BRZ,0,
Priest Rapids Tailrace STH,3,G721A2088,2026-05-02 18:55:22,2026-05-04 16:25:00,Lower Ringold,1,2026-05-05 02:27:59
Priest Rapids Tailrace STH,3,G721A2088,2026-05-02 18:55:22,2026-05-04 16:25:00,Hanford,1,2026-05-05 05:25:33
Priest Rapids Tailrace STH,2,G721DD5AD,2026-05-03 19:50:02,2026-05-05 17:13:00,Crescent Bar,0,
Priest Rapids Tailrace STH,2,G721DD5AD,2026-05-03 19:50:02,2026-05-05 17:13:00,Sunland,0,
Priest Rapids Tailrace STH,2,G721DD5AD,2026-05-03 19:50:02,2026-05-05 17:13:00,Wanapum BRZ,0,
Priest Rapids Tailrace STH,2,G721DD5AD,2026-05-03 19:50:02,2026-05-05 17:13:00,Mattawa,0,
Priest Rapids Tailrace STH,2,G721DD5AD,2026-05-03 19:50:02,2026-05-05 17:13:00,Priest BRZ,0,
Priest Rapids Tailrace STH,2,G721DD5AD,2026-05-03 19:50:02,2026-05-05 17:13:00,Lower Ringold,1,2026-05-06 06:04:25
Priest Rapids Tailrace STH,2,G721DD5AD,2026-05-03 19:50:02,2026-05-05 17:13:00,Hanford,1,2026-05-06 09:07:57
Priest Rapids Tailrace STH,3,G721E0713,2026-05-05 18:06:43,2026-05-07 16:28:00,Crescent Bar,0,
Priest Rapids Tailrace STH,3,G721E0713,2026-05-05 18:06:43,2026-05-07 16:28:00,Sunland,0,
Priest Rapids Tailrace STH,3,G721E0713,2026-05-05 18:06:43,2026-05-07 16:28:00,Wanapum BRZ,0,
Priest Rapids Tailrace STH,3,G721E0713,2026-05-05 18:06:43,2026-05-07 16:28:00,Mattawa,0,
Priest Rapids Tailrace STH,3,G721E0713,2026-05-05 18:06:43,2026-05-07 16:28:00,Priest BRZ,0,
Priest Rapids Tailrace STH,3,G721E0713,2026-05-05 18:06:43,2026-05-07 16:28:00,Lower Ringold,1,2026-05-16 06:33:53
Priest Rapids Tailrace STH,3,G721E0713,2026-05-05 18:06:43,2026-05-07 16:28:00,Hanford,1,2026-05-16 09:18:42
Priest Rapids Tailrace STH,2,G7220BA2D,2026-05-04 19:07:39,2026-05-06 16:47:00,Crescent Bar,0,
Priest Rapids Tailrace STH,2,G7220BA2D,2026-05-04 19:07:39,2026-05-06 16:47:00,Sunland,0,
Priest Rapids Tailrace STH,2,G7220BA2D,2026-05-04 19:07:39,2026-05-06 16:47:00,Wanapum BRZ,0,
Priest Rapids Tailrace STH,2,G7220BA2D,2026-05-04 19:07:39,2026-05-06 16:47:00,Mattawa,0,
Priest Rapids Tailrace STH,2,G7220BA2D,2026-05-04 19:07:39,2026-05-06 16:47:00,Priest BRZ,0,
Priest Rapids Tailrace STH,2,G7220BA2D,2026-05-04 19:07:39,2026-05-06 16:47:00,Lower Ringold,1,2026-05-07 07:03:40
Priest Rapids Tailrace STH,2,G7220BA2D,2026-05-04 19:07:39,2026-05-06 16:47:00,Hanford,1,2026-05-07 10:10:38
Priest Rapids Tailrace STH,2,G72240CF9,2026-05-02 19:07:54,2026-05-05 17:13:00,Crescent Bar,0,
Priest Rapids Tailrace STH,2,G72240CF9,2026-05-02 19:07:54,2026-05-05 17:13:00,Sunland,0,
Priest Rapids Tailrace STH,2,G72240CF9,2026-05-02 19:07:54,2026-05-05 17:13:00,Wanapum BRZ,0,
Priest Rapids Tailrace STH,2,G72240CF9,2026-05-02 19:07:54,2026-05-05 17:13:00,Mattawa,0,
Priest Rapids Tailrace STH,2,G72240CF9,2026-05-02 19:07:54,2026-05-05 17:13:00,Priest BRZ,0,
Priest Rapids Tailrace STH,2,G72240CF9,2026-05-02 19:07:54,2026-05-05 17:13:00,Lower Ringold,1,2026-05-08 12:53:41
Priest Rapids Tailrace STH,2,G72240CF9,2026-05-02 19:07:54,2026-05-05 17:13:00,Hanford,1,2026-05-08 16:25:37
Priest Rapids Tailrace STH,2,G72249115,2026-05-01 18:55:20,2026-05-03 16:31:00,Crescent Bar,0,
Priest Rapids Tailrace STH,2,G72249115,2026-05-01 18:55:20,2026-05-03 16:31:00,Sunland,0,
Priest Rapids Tailrace STH,2,G72249115,2026-05-01 18:55:20,2026-05-03 16:31:00,Wanapum BRZ,0,
Priest Rapids Tailrace STH,2,G72249115,2026-05-01 18:55:20,2026-05-03 16:31:00,Mattawa,0,
Priest Rapids Tailrace STH,2,G72249115,2026-05-01 18:55:20,2026-05-03 16:31:00,Priest BRZ,0,
Priest Rapids Tailrace STH,2,G72249115,2026-05-01 18:55:20,2026-05-03 16:31:00,Lower Ringold,1,2026-05-07 16:20:18
Priest Rapids Tailrace STH,2,G72249115,2026-05-01 18:55:20,2026-05-03 16:31:00,Hanford,1,2026-05-07 19:19:55
Priest Rapids Tailrace STH,2,G722656CD,2026-05-03 20:02:48,2026-05-05 17:13:00,Crescent Bar,0,
Priest Rapids Tailrace STH,2,G722656CD,2026-05-03 20:02:48,2026-05-05 17:13:00,Sunland,0,
Priest Rapids Tailrace STH,2,G722656CD,2026-05-03 20:02:48,2026-05-05 17:13:00,Wanapum BRZ,0,
Priest Rapids Tailrace STH,2,G722656CD,2026-05-03 20:02:48,2026-05-05 17:13:00,Mattawa,0,
Priest Rapids Tailrace STH,2,G722656CD,2026-05-03 20:02:48,2026-05-05 17:13:00,Priest BRZ,0,
Priest Rapids Tailrace STH,2,G722656CD,2026-05-03 20:02:48,2026-05-05 17:13:00,Lower Ringold,1,2026-05-06 05:14:54
Priest Rapids Tailrace STH,2,G722656CD,2026-05-03 20:02:48,2026-05-05 17:13:00,Hanford,1,2026-05-06 08:13:22
Priest Rapids Tailrace STH,1,G722803F5,2026-05-02 18:57:49,2026-05-04 16:25:00,Crescent Bar,0,
Priest Rapids Tailrace STH,1,G722803F5,2026-05-02 18:57:49,2026-05-04 16:25:00,Sunland,0,
Priest Rapids Tailrace STH,1,G722803F5,2026-05-02 18:57:49,2026-05-04 16:25:00,Wanapum BRZ,0,
Priest Rapids Tailrace STH,1,G722803F5,2026-05-02 18:57:49,2026-05-04 16:25:00,Mattawa,0,
Priest Rapids Tailrace STH,1,G722803F5,2026-05-02 18:57:49,2026-05-04 16:25:00,Priest BRZ,0,
Priest Rapids Tailrace STH,1,G722803F5,2026-05-02 18:57:49,2026-05-04 16:25:00,Lower Ringold,1,2026-05-05 11:43:15
Priest Rapids Tailrace STH,1,G722803F5,2026-05-02 18:57:49,2026-05-04 16:25:00,Hanford,1,2026-05-06 04:07:08
Priest Rapids Tailrace STH,3,G7228C183,2026-04-30 18:14:52,2026-05-02 16:36:00,Crescent Bar,0,
Priest Rapids Tailrace STH,3,G7228C183,2026-04-30 18:14:52,2026-05-02 16:36:00,Sunland,0,
Priest Rapids Tailrace STH,3,G7228C183,2026-04-30 18:14:52,2026-05-02 16:36:00,Wanapum BRZ,0,
Priest Rapids Tailrace STH,3,G7228C183,2026-04-30 18:14:52,2026-05-02 16:36:00,Mattawa,0,
Priest Rapids Tailrace STH,3,G7228C183,2026-04-30 18:14:52,2026-05-02 16:36:00,Priest BRZ,0,
Priest Rapids Tailrace STH,3,G7228C183,2026-04-30 18:14:52,2026-05-02 16:36:00,Lower Ringold,1,2026-05-03 16:08:20
Priest Rapids Tailrace STH,3,G7228C183,2026-04-30 18:14:52,2026-05-02 16:36:00,Hanford,0,
Priest Rapids Tailrace STH,3,G7228E77D,2026-05-04 19:08:46,2026-05-06 16:47:00,Crescent Bar,0,
Priest Rapids Tailrace STH,3,G7228E77D,2026-05-04 19:08:46,2026-05-06 16:47:00,Sunland,0,
Priest Rapids Tailrace STH,3,G7228E77D,2026-05-04 19:08:46,2026-05-06 16:47:00,Wanapum BRZ,0,
Priest Rapids Tailrace STH,3,G7228E77D,2026-05-04 19:08:46,2026-05-06 16:47:00,Mattawa,0,
Priest Rapids Tailrace STH,3,G7228E77D,2026-05-04 19:08:46,2026-05-06 16:47:00,Priest BRZ,0,
Priest Rapids Tailrace STH,3,G7228E77D,2026-05-04 19:08:46,2026-05-06 16:47:00,Lower Ringold,1,2026-05-07 07:44:02
Priest Rapids Tailrace STH,3,G7228E77D,2026-05-04 19:08:46,2026-05-06 16:47:00,Hanford,1,2026-05-07 11:20:40
Priest Rapids Tailrace STH,2,G72296354,2026-04-29 17:47:53,2026-05-01 16:26:00,Crescent Bar,0,
Priest Rapids Tailrace STH,2,G72296354,2026-04-29 17:47:53,2026-05-01 16:26:00,Sunland,0,
Priest Rapids Tailrace STH,2,G72296354,2026-04-29 17:47:53,2026-05-01 16:26:00,Wanapum BRZ,0,
Priest Rapids Tailrace STH,2,G72296354,2026-04-29 17:47:53,2026-05-01 16:26:00,Mattawa,0,
Priest Rapids Tailrace STH,2,G72296354,2026-04-29 17:47:53,2026-05-01 16:26:00,Priest BRZ,0,
Priest Rapids Tailrace STH,2,G72296354,2026-04-29 17:47:53,2026-05-01 16:26:00,Lower Ringold,1,2026-05-02 12:47:03
Priest Rapids Tailrace STH,2,G72296354,2026-04-29 17:47:53,2026-05-01 16:26:00,Hanford,1,2026-05-03 03:22:54
Priest Rapids Tailrace STH,2,G722A3C9B,2026-05-01 18:48:00,2026-05-03 16:31:00,Crescent Bar,0,
Priest Rapids Tailrace STH,2,G722A3C9B,2026-05-01 18:48:00,2026-05-03 16:31:00,Sunland,0,
Priest Rapids Tailrace STH,2,G722A3C9B,2026-05-01 18:48:00,2026-05-03 16:31:00,Wanapum BRZ,0,
Priest Rapids Tailrace STH,2,G722A3C9B,2026-05-01 18:48:00,2026-05-03 16:31:00,Mattawa,0,
Priest Rapids Tailrace STH,2,G722A3C9B,2026-05-01 18:48:00,2026-05-03 16:31:00,Priest BRZ,0,
Priest Rapids Tailrace STH,2,G722A3C9B,2026-05-01 18:48:00,2026-05-03 16:31:00,Lower Ringold,1,2026-05-06 11:41:51
Priest Rapids Tailrace STH,2,G722A3C9B,2026-05-01 18:48:00,2026-05-03 16:31:00,Hanford,1,2026-05-06 14:34:04
Priest Rapids Tailrace STH,2,G722B80CE,2026-04-30 18:03:31,2026-05-02 16:36:00,Crescent Bar,0,
Priest Rapids Tailrace STH,2,G722B80CE,2026-04-30 18:03:31,2026-05-02 16:36:00,Sunland,0,
Priest Rapids Tailrace STH,2,G722B80CE,2026-04-30 18:03:31,2026-05-02 16:36:00,Wanapum BRZ,0,
Priest Rapids Tailrace STH,2,G722B80CE,2026-04-30 18:03:31,2026-05-02 16:36:00,Mattawa,0,
Priest Rapids Tailrace STH,2,G722B80CE,2026-04-30 18:03:31,2026-05-02 16:36:00,Priest BRZ,0,
Priest Rapids Tailrace STH,2,G722B80CE,2026-04-30 18:03:31,2026-05-02 16:36:00,Lower Ringold,0,
Priest Rapids Tailrace STH,2,G722B80CE,2026-04-30 18:03:31,2026-05-02 16:36:00,Hanford,0,
Priest Rapids Tailrace STH,2,G722BB12E,2026-05-02 18:49:56,2026-05-04 16:25:00,Crescent Bar,0,
Priest Rapids Tailrace STH,2,G722BB12E,2026-05-02 18:49:56,2026-05-04 16:25:00,Sunland,0,
Priest Rapids Tailrace STH,2,G722BB12E,2026-05-02 18:49:56,2026-05-04 16:25:00,Wanapum BRZ,0,
Priest Rapids Tailrace STH,2,G722BB12E,2026-05-02 18:49:56,2026-05-04 16:25:00,Mattawa,0,
Priest Rapids Tailrace STH,2,G722BB12E,2026-05-02 18:49:56,2026-05-04 16:25:00,Priest BRZ,0,
Priest Rapids Tailrace STH,2,G722BB12E,2026-05-02 18:49:56,2026-05-04 16:25:00,Lower Ringold,1,2026-05-05 08:05:41
Priest Rapids Tailrace STH,2,G722BB12E,2026-05-02 18:49:56,2026-05-04 16:25:00,Hanford,1,2026-05-05 11:06:13
Priest Rapids Tailrace STH,1,G722CBCBD,2026-04-29 17:53:26,2026-05-01 16:26:00,Crescent Bar,0,
Priest Rapids Tailrace STH,1,G722CBCBD,2026-04-29 17:53:26,2026-05-01 16:26:00,Sunland,0,
Priest Rapids Tailrace STH,1,G722CBCBD,2026-04-29 17:53:26,2026-05-01 16:26:00,Wanapum BRZ,0,
Priest Rapids Tailrace STH,1,G722CBCBD,2026-04-29 17:53:26,2026-05-01 16:26:00,Mattawa,0,
Priest Rapids Tailrace STH,1,G722CBCBD,2026-04-29 17:53:26,2026-05-01 16:26:00,Priest BRZ,0,
Priest Rapids Tailrace STH,1,G722CBCBD,2026-04-29 17:53:26,2026-05-01 16:26:00,Lower Ringold,1,2026-05-02 05:08:37
Priest Rapids Tailrace STH,1,G722CBCBD,2026-04-29 17:53:26,2026-05-01 16:26:00,Hanford,1,2026-05-04 04:54:45
Priest Rapids Tailrace STH,1,G722CC0E6,2026-05-02 18:55:48,2026-05-04 16:25:00,Crescent Bar,0,
Priest Rapids Tailrace STH,1,G722CC0E6,2026-05-02 18:55:48,2026-05-04 16:25:00,Sunland,0,
Priest Rapids Tailrace STH,1,G722CC0E6,2026-05-02 18:55:48,2026-05-04 16:25:00,Wanapum BRZ,0,
Priest Rapids Tailrace STH,1,G722CC0E6,2026-05-02 18:55:48,2026-05-04 16:25:00,Mattawa,0,
Priest Rapids Tailrace STH,1,G722CC0E6,2026-05-02 18:55:48,2026-05-04 16:25:00,Priest BRZ,0,
Priest Rapids Tailrace STH,1,G722CC0E6,2026-05-02 18:55:48,2026-05-04 16:25:00,Lower Ringold,1,2026-05-05 05:27:36
Priest Rapids Tailrace STH,1,G722CC0E6,2026-05-02 18:55:48,2026-05-04 16:25:00,Hanford,1,2026-05-05 08:23:09
Priest Rapids Tailrace STH,1,G722CC1B8,2026-05-01 18:46:18,2026-05-03 16:31:00,Crescent Bar,0,
Priest Rapids Tailrace STH,1,G722CC1B8,2026-05-01 18:46:18,2026-05-03 16:31:00,Sunland,0,
Priest Rapids Tailrace STH,1,G722CC1B8,2026-05-01 18:46:18,2026-05-03 16:31:00,Wanapum BRZ,0,
Priest Rapids Tailrace STH,1,G722CC1B8,2026-05-01 18:46:18,2026-05-03 16:31:00,Mattawa,0,
Priest Rapids Tailrace STH,1,G722CC1B8,2026-05-01 18:46:18,2026-05-03 16:31:00,Priest BRZ,0,
Priest Rapids Tailrace STH,1,G722CC1B8,2026-05-01 18:46:18,2026-05-03 16:31:00,Lower Ringold,1,2026-05-04 04:36:21
Priest Rapids Tailrace STH,1,G722CC1B8,2026-05-01 18:46:18,2026-05-03 16:31:00,Hanford,1,2026-05-04 07:45:09
Priest Rapids Tailrace STH,1,G722D86B9,2026-05-05 18:31:53,2026-05-07 16:28:00,Crescent Bar,0,
Priest Rapids Tailrace STH,1,G722D86B9,2026-05-05 18:31:53,2026-05-07 16:28:00,Sunland,0,
Priest Rapids Tailrace STH,1,G722D86B9,2026-05-05 18:31:53,2026-05-07 16:28:00,Wanapum BRZ,0,
Priest Rapids Tailrace STH,1,G722D86B9,2026-05-05 18:31:53,2026-05-07 16:28:00,Mattawa,0,
Priest Rapids Tailrace STH,1,G722D86B9,2026-05-05 18:31:53,2026-05-07 16:28:00,Priest BRZ,0,
Priest Rapids Tailrace STH,1,G722D86B9,2026-05-05 18:31:53,2026-05-07 16:28:00,Lower Ringold,1,2026-05-08 02:07:25
Priest Rapids Tailrace STH,1,G722D86B9,2026-05-05 18:31:53,2026-05-07 16:28:00,Hanford,1,2026-05-08 05:04:17
Priest Rapids Tailrace STH,1,G722DB266,2026-04-29 17:49:54,2026-05-01 16:26:00,Crescent Bar,0,
Priest Rapids Tailrace STH,1,G722DB266,2026-04-29 17:49:54,2026-05-01 16:26:00,Sunland,0,
Priest Rapids Tailrace STH,1,G722DB266,2026-04-29 17:49:54,2026-05-01 16:26:00,Wanapum BRZ,0,
Priest Rapids Tailrace STH,1,G722DB266,2026-04-29 17:49:54,2026-05-01 16:26:00,Mattawa,0,
Priest Rapids Tailrace STH,1,G722DB266,2026-04-29 17:49:54,2026-05-01 16:26:00,Priest BRZ,0,
Priest Rapids Tailrace STH,1,G722DB266,2026-04-29 17:49:54,2026-05-01 16:26:00,Lower Ringold,1,2026-05-02 09:56:11
Priest Rapids Tailrace STH,1,G722DB266,2026-04-29 17:49:54,2026-05-01 16:26:00,Hanford,1,2026-05-02 13:13:31
Priest Rapids Tailrace STH,1,G722E89AD,2026-04-28 22:37:36,2026-04-30 16:19:00,Crescent Bar,0,
Priest Rapids Tailrace STH,1,G722E89AD,2026-04-28 22:37:36,2026-04-30 16:19:00,Sunland,0,
Priest Rapids Tailrace STH,1,G722E89AD,2026-04-28 22:37:36,2026-04-30 16:19:00,Wanapum BRZ,0,
Priest Rapids Tailrace STH,1,G722E89AD,2026-04-28 22:37:36,2026-04-30 16:19:00,Mattawa,0,
Priest Rapids Tailrace STH,1,G722E89AD,2026-04-28 22:37:36,2026-04-30 16:19:00,Priest BRZ,0,
Priest Rapids Tailrace STH,1,G722E89AD,2026-04-28 22:37:36,2026-04-30 16:19:00,Lower Ringold,1,2026-05-01 06:48:19
Priest Rapids Tailrace STH,1,G722E89AD,2026-04-28 22:37:36,2026-04-30 16:19:00,Hanford,1,2026-05-01 09:12:12
Priest Rapids Tailrace STH,1,G72308B21,2026-04-30 18:06:41,2026-05-02 16:36:00,Crescent Bar,0,
Priest Rapids Tailrace STH,1,G72308B21,2026-04-30 18:06:41,2026-05-02 16:36:00,Sunland,0,
Priest Rapids Tailrace STH,1,G72308B21,2026-04-30 18:06:41,2026-05-02 16:36:00,Wanapum BRZ,0,
Priest Rapids Tailrace STH,1,G72308B21,2026-04-30 18:06:41,2026-05-02 16:36:00,Mattawa,0,
Priest Rapids Tailrace STH,1,G72308B21,2026-04-30 18:06:41,2026-05-02 16:36:00,Priest BRZ,0,
Priest Rapids Tailrace STH,1,G72308B21,2026-04-30 18:06:41,2026-05-02 16:36:00,Lower Ringold,1,2026-05-04 13:48:44
Priest Rapids Tailrace STH,1,G72308B21,2026-04-30 18:06:41,2026-05-02 16:36:00,Hanford,0,
Priest Rapids Tailrace STH,2,G7230D266,2026-05-05 18:22:23,2026-05-07 16:28:00,Crescent Bar,0,
Priest Rapids Tailrace STH,2,G7230D266,2026-05-05 18:22:23,2026-05-07 16:28:00,Sunland,0,
Priest Rapids Tailrace STH,2,G7230D266,2026-05-05 18:22:23,2026-05-07 16:28:00,Wanapum BRZ,0,
Priest Rapids Tailrace STH,2,G7230D266,2026-05-05 18:22:23,2026-05-07 16:28:00,Mattawa,0,
Priest Rapids Tailrace STH,2,G7230D266,2026-05-05 18:22:23,2026-05-07 16:28:00,Priest BRZ,0,
Priest Rapids Tailrace STH,2,G7230D266,2026-05-05 18:22:23,2026-05-07 16:28:00,Lower Ringold,1,2026-05-09 21:56:55
Priest Rapids Tailrace STH,2,G7230D266,2026-05-05 18:22:23,2026-05-07 16:28:00,Hanford,1,2026-05-10 00:29:33
Priest Rapids Tailrace STH,2,G723135C8,2026-04-29 17:42:20,2026-05-01 16:26:00,Crescent Bar,0,
Priest Rapids Tailrace STH,2,G723135C8,2026-04-29 17:42:20,2026-05-01 16:26:00,Sunland,0,
Priest Rapids Tailrace STH,2,G723135C8,2026-04-29 17:42:20,2026-05-01 16:26:00,Wanapum BRZ,0,
Priest Rapids Tailrace STH,2,G723135C8,2026-04-29 17:42:20,2026-05-01 16:26:00,Mattawa,0,
Priest Rapids Tailrace STH,2,G723135C8,2026-04-29 17:42:20,2026-05-01 16:26:00,Priest BRZ,0,
Priest Rapids Tailrace STH,2,G723135C8,2026-04-29 17:42:20,2026-05-01 16:26:00,Lower Ringold,1,2026-05-17 14:00:49
Priest Rapids Tailrace STH,2,G723135C8,2026-04-29 17:42:20,2026-05-01 16:26:00,Hanford,1,2026-05-18 04:52:17
Priest Rapids Tailrace STH,3,G723146D2,2026-04-28 22:41:15,2026-04-30 16:19:00,Crescent Bar,0,
Priest Rapids Tailrace STH,3,G723146D2,2026-04-28 22:41:15,2026-04-30 16:19:00,Sunland,0,
Priest Rapids Tailrace STH,3,G723146D2,2026-04-28 22:41:15,2026-04-30 16:19:00,Wanapum BRZ,0,
Priest Rapids Tailrace STH,3,G723146D2,2026-04-28 22:41:15,2026-04-30 16:19:00,Mattawa,0,
Priest Rapids Tailrace STH,3,G723146D2,2026-04-28 22:41:15,2026-04-30 16:19:00,Priest BRZ,0,
Priest Rapids Tailrace STH,3,G723146D2,2026-04-28 22:41:15,2026-04-30 16:19:00,Lower Ringold,1,2026-05-01 02:28:41
Priest Rapids Tailrace STH,3,G723146D2,2026-04-28 22:41:15,2026-04-30 16:19:00,Hanford,1,2026-05-01 05:43:40
Priest Rapids Tailrace STH,2,G72321FC0,2026-04-29 17:47:16,2026-05-01 16:26:00,Crescent Bar,0,
Priest Rapids Tailrace STH,2,G72321FC0,2026-04-29 17:47:16,2026-05-01 16:26:00,Sunland,0,
Priest Rapids Tailrace STH,2,G72321FC0,2026-04-29 17:47:16,2026-05-01 16:26:00,Wanapum BRZ,0,
Priest Rapids Tailrace STH,2,G72321FC0,2026-04-29 17:47:16,2026-05-01 16:26:00,Mattawa,0,
Priest Rapids Tailrace STH,2,G72321FC0,2026-04-29 17:47:16,2026-05-01 16:26:00,Priest BRZ,0,
Priest Rapids Tailrace STH,2,G72321FC0,2026-04-29 17:47:16,2026-05-01 16:26:00,Lower Ringold,1,2026-05-02 04:32:53
Priest Rapids Tailrace STH,2,G72321FC0,2026-04-29 17:47:16,2026-05-01 16:26:00,Hanford,1,2026-05-02 07:10:25
Priest Rapids Tailrace STH,1,G7232CEC9,2026-05-04 19:24:26,2026-05-06 16:47:00,Crescent Bar,0,
Priest Rapids Tailrace STH,1,G7232CEC9,2026-05-04 19:24:26,2026-05-06 16:47:00,Sunland,0,
Priest Rapids Tailrace STH,1,G7232CEC9,2026-05-04 19:24:26,2026-05-06 16:47:00,Wanapum BRZ,0,
Priest Rapids Tailrace STH,1,G7232CEC9,2026-05-04 19:24:26,2026-05-06 16:47:00,Mattawa,0,
Priest Rapids Tailrace STH,1,G7232CEC9,2026-05-04 19:24:26,2026-05-06 16:47:00,Priest BRZ,0,
Priest Rapids Tailrace STH,1,G7232CEC9,2026-05-04 19:24:26,2026-05-06 16:47:00,Lower Ringold,1,2026-05-10 11:45:08
Priest Rapids Tailrace STH,1,G7232CEC9,2026-05-04 19:24:26,2026-05-06 16:47:00,Hanford,1,2026-05-11 07:48:03
Priest Rapids Tailrace STH,1,G7233DE90,2026-05-04 19:09:05,2026-05-06 16:47:00,Crescent Bar,0,
Priest Rapids Tailrace STH,1,G7233DE90,2026-05-04 19:09:05,2026-05-06 16:47:00,Sunland,0,
Priest Rapids Tailrace STH,1,G7233DE90,2026-05-04 19:09:05,2026-05-06 16:47:00,Wanapum BRZ,0,
Priest Rapids Tailrace STH,1,G7233DE90,2026-05-04 19:09:05,2026-05-06 16:47:00,Mattawa,0,
Priest Rapids Tailrace STH,1,G7233DE90,2026-05-04 19:09:05,2026-05-06 16:47:00,Priest BRZ,0,
Priest Rapids Tailrace STH,1,G7233DE90,2026-05-04 19:09:05,2026-05-06 16:47:00,Lower Ringold,0,
Priest Rapids Tailrace STH,1,G7233DE90,2026-05-04 19:09:05,2026-05-06 16:47:00,Hanford,0,
Priest Rapids Tailrace STH,2,G723549A8,2026-04-30 18:02:25,2026-05-02 16:36:00,Crescent Bar,0,
Priest Rapids Tailrace STH,2,G723549A8,2026-04-30 18:02:25,2026-05-02 16:36:00,Sunland,0,
Priest Rapids Tailrace STH,2,G723549A8,2026-04-30 18:02:25,2026-05-02 16:36:00,Wanapum BRZ,0,
Priest Rapids Tailrace STH,2,G723549A8,2026-04-30 18:02:25,2026-05-02 16:36:00,Mattawa,0,
Priest Rapids Tailrace STH,2,G723549A8,2026-04-30 18:02:25,2026-05-02 16:36:00,Priest BRZ,0,
Priest Rapids Tailrace STH,2,G723549A8,2026-04-30 18:02:25,2026-05-02 16:36:00,Lower Ringold,1,2026-05-03 09:15:20
Priest Rapids Tailrace STH,2,G723549A8,2026-04-30 18:02:25,2026-05-02 16:36:00,Hanford,1,2026-05-03 11:28:25
Priest Rapids Tailrace STH,3,G7236BB35,2026-04-28 22:43:06,2026-04-30 16:19:00,Crescent Bar,0,
Priest Rapids Tailrace STH,3,G7236BB35,2026-04-28 22:43:06,2026-04-30 16:19:00,Sunland,0,
Priest Rapids Tailrace STH,3,G7236BB35,2026-04-28 22:43:06,2026-04-30 16:19:00,Wanapum BRZ,0,
Priest Rapids Tailrace STH,3,G7236BB35,2026-04-28 22:43:06,2026-04-30 16:19:00,Mattawa,0,
Priest Rapids Tailrace STH,3,G7236BB35,2026-04-28 22:43:06,2026-04-30 16:19:00,Priest BRZ,0,
Priest Rapids Tailrace STH,3,G7236BB35,2026-04-28 22:43:06,2026-04-30 16:19:00,Lower Ringold,1,2026-05-02 16:12:08
Priest Rapids Tailrace STH,3,G7236BB35,2026-04-28 22:43:06,2026-04-30 16:19:00,Hanford,1,2026-05-02 22:30:03
Priest Rapids Tailrace STH,2,G72380626,2026-05-01 18:59:10,2026-05-03 16:31:00,Crescent Bar,0,
Priest Rapids Tailrace STH,2,G72380626,2026-05-01 18:59:10,2026-05-03 16:31:00,Sunland,0,
Priest Rapids Tailrace STH,2,G72380626,2026-05-01 18:59:10,2026-05-03 16:31:00,Wanapum BRZ,0,
Priest Rapids Tailrace STH,2,G72380626,2026-05-01 18:59:10,2026-05-03 16:31:00,Mattawa,0,
Priest Rapids Tailrace STH,2,G72380626,2026-05-01 18:59:10,2026-05-03 16:31:00,Priest BRZ,0,
Priest Rapids Tailrace STH,2,G72380626,2026-05-01 18:59:10,2026-05-03 16:31:00,Lower Ringold,1,2026-05-04 03:36:51
Priest Rapids Tailrace STH,2,G72380626,2026-05-01 18:59:10,2026-05-03 16:31:00,Hanford,1,2026-05-04 06:21:05
Priest Rapids Tailrace STH,2,G72383698,2026-05-01 19:03:12,2026-05-04 16:25:00,Crescent Bar,0,
Priest Rapids Tailrace STH,2,G72383698,2026-05-01 19:03:12,2026-05-04 16:25:00,Sunland,0,
Priest Rapids Tailrace STH,2,G72383698,2026-05-01 19:03:12,2026-05-04 16:25:00,Wanapum BRZ,0,
Priest Rapids Tailrace STH,2,G72383698,2026-05-01 19:03:12,2026-05-04 16:25:00,Mattawa,0,
Priest Rapids Tailrace STH,2,G72383698,2026-05-01 19:03:12,2026-05-04 16:25:00,Priest BRZ,0,
Priest Rapids Tailrace STH,2,G72383698,2026-05-01 19:03:12,2026-05-04 16:25:00,Lower Ringold,1,2026-05-05 06:12:33
Priest Rapids Tailrace STH,2,G72383698,2026-05-01 19:03:12,2026-05-04 16:25:00,Hanford,1,2026-05-05 08:47:47
Priest Rapids Tailrace STH,2,G7239902E,2026-05-01 19:08:49,2026-05-04 16:25:00,Crescent Bar,0,
Priest Rapids Tailrace STH,2,G7239902E,2026-05-01 19:08:49,2026-05-04 16:25:00,Sunland,0,
Priest Rapids Tailrace STH,2,G7239902E,2026-05-01 19:08:49,2026-05-04 16:25:00,Wanapum BRZ,0,
Priest Rapids Tailrace STH,2,G7239902E,2026-05-01 19:08:49,2026-05-04 16:25:00,Mattawa,0,
Priest Rapids Tailrace STH,2,G7239902E,2026-05-01 19:08:49,2026-05-04 16:25:00,Priest BRZ,0,
Priest Rapids Tailrace STH,2,G7239902E,2026-05-01 19:08:49,2026-05-04 16:25:00,Lower Ringold,1,2026-05-05 04:57:02
Priest Rapids Tailrace STH,2,G7239902E,2026-05-01 19:08:49,2026-05-04 16:25:00,Hanford,1,2026-05-05 14:56:37
Priest Rapids Tailrace STH,3,G723AC67D,2026-05-01 19:06:00,2026-05-04 16:25:00,Crescent Bar,0,
Priest Rapids Tailrace STH,3,G723AC67D,2026-05-01 19:06:00,2026-05-04 16:25:00,Sunland,0,
Priest Rapids Tailrace STH,3,G723AC67D,2026-05-01 19:06:00,2026-05-04 16:25:00,Wanapum BRZ,0,
Priest Rapids Tailrace STH,3,G723AC67D,2026-05-01 19:06:00,2026-05-04 16:25:00,Mattawa,0,
Priest Rapids Tailrace STH,3,G723AC67D,2026-05-01 19:06:00,2026-05-04 16:25:00,Priest BRZ,0,
Priest Rapids Tailrace STH,3,G723AC67D,2026-05-01 19:06:00,2026-05-04 16:25:00,Lower Ringold,1,2026-05-05 08:51:27
Priest Rapids Tailrace STH,3,G723AC67D,2026-05-01 19:06:00,2026-05-04 16:25:00,Hanford,1,2026-05-05 11:53:21
Priest Rapids Tailrace STH,3,G723B2231,2026-05-02 19:07:14,2026-05-05 17:13:00,Crescent Bar,0,
Priest Rapids Tailrace STH,3,G723B2231,2026-05-02 19:07:14,2026-05-05 17:13:00,Sunland,0,
Priest Rapids Tailrace STH,3,G723B2231,2026-05-02 19:07:14,2026-05-05 17:13:00,Wanapum BRZ,0,
Priest Rapids Tailrace STH,3,G723B2231,2026-05-02 19:07:14,2026-05-05 17:13:00,Mattawa,0,
Priest Rapids Tailrace STH,3,G723B2231,2026-05-02 19:07:14,2026-05-05 17:13:00,Priest BRZ,0,
Priest Rapids Tailrace STH,3,G723B2231,2026-05-02 19:07:14,2026-05-05 17:13:00,Lower Ringold,0,
Priest Rapids Tailrace STH,3,G723B2231,2026-05-02 19:07:14,2026-05-05 17:13:00,Hanford,0,
Priest Rapids Tailrace STH,2,G723C7284,2026-04-30 18:01:04,2026-05-02 16:36:00,Crescent Bar,0,
Priest Rapids Tailrace STH,2,G723C7284,2026-04-30 18:01:04,2026-05-02 16:36:00,Sunland,0,
Priest Rapids Tailrace STH,2,G723C7284,2026-04-30 18:01:04,2026-05-02 16:36:00,Wanapum BRZ,0,
Priest Rapids Tailrace STH,2,G723C7284,2026-04-30 18:01:04,2026-05-02 16:36:00,Mattawa,0,
Priest Rapids Tailrace STH,2,G723C7284,2026-04-30 18:01:04,2026-05-02 16:36:00,Priest BRZ,0,
Priest Rapids Tailrace STH,2,G723C7284,2026-04-30 18:01:04,2026-05-02 16:36:00,Lower Ringold,1,2026-05-03 05:04:48
Priest Rapids Tailrace STH,2,G723C7284,2026-04-30 18:01:04,2026-05-02 16:36:00,Hanford,1,2026-05-03 08:29:43
Priest Rapids Tailrace STH,2,G723CC3E8,2026-05-02 19:02:49,2026-05-04 16:25:00,Crescent Bar,0,
Priest Rapids Tailrace STH,2,G723CC3E8,2026-05-02 19:02:49,2026-05-04 16:25:00,Sunland,0,
Priest Rapids Tailrace STH,2,G723CC3E8,2026-05-02 19:02:49,2026-05-04 16:25:00,Wanapum BRZ,0,
Priest Rapids Tailrace STH,2,G723CC3E8,2026-05-02 19:02:49,2026-05-04 16:25:00,Mattawa,0,
Priest Rapids Tailrace STH,2,G723CC3E8,2026-05-02 19:02:49,2026-05-04 16:25:00,Priest BRZ,0,
Priest Rapids Tailrace STH,2,G723CC3E8,2026-05-02 19:02:49,2026-05-04 16:25:00,Lower Ringold,1,2026-05-05 02:13:55
Priest Rapids Tailrace STH,2,G723CC3E8,2026-05-02 19:02:49,2026-05-04 16:25:00,Hanford,1,2026-05-05 05:02:23
Priest Rapids Tailrace STH,1,G723DC272,2026-04-28 22:39:43,2026-04-30 16:19:00,Crescent Bar,0,
Priest Rapids Tailrace STH,1,G723DC272,2026-04-28 22:39:43,2026-04-30 16:19:00,Sunland,0,
Priest Rapids Tailrace STH,1,G723DC272,2026-04-28 22:39:43,2026-04-30 16:19:00,Wanapum BRZ,0,
Priest Rapids Tailrace STH,1,G723DC272,2026-04-28 22:39:43,2026-04-30 16:19:00,Mattawa,0,
Priest Rapids Tailrace STH,1,G723DC272,2026-04-28 22:39:43,2026-04-30 16:19:00,Priest BRZ,0,
Priest Rapids Tailrace STH,1,G723DC272,2026-04-28 22:39:43,2026-04-30 16:19:00,Lower Ringold,1,2026-05-01 05:15:16
Priest Rapids Tailrace STH,1,G723DC272,2026-04-28 22:39:43,2026-04-30 16:19:00,Hanford,1,2026-05-01 07:45:34
Priest Rapids Tailrace STH,1,G723E85E2,2026-05-02 18:45:09,2026-05-04 16:25:00,Crescent Bar,0,
Priest Rapids Tailrace STH,1,G723E85E2,2026-05-02 18:45:09,2026-05-04 16:25:00,Sunland,0,
Priest Rapids Tailrace STH,1,G723E85E2,2026-05-02 18:45:09,2026-05-04 16:25:00,Wanapum BRZ,0,
Priest Rapids Tailrace STH,1,G723E85E2,2026-05-02 18:45:09,2026-05-04 16:25:00,Mattawa,0,
Priest Rapids Tailrace STH,1,G723E85E2,2026-05-02 18:45:09,2026-05-04 16:25:00,Priest BRZ,0,
Priest Rapids Tailrace STH,1,G723E85E2,2026-05-02 18:45:09,2026-05-04 16:25:00,Lower Ringold,1,2026-05-11 10:23:35
Priest Rapids Tailrace STH,1,G723E85E2,2026-05-02 18:45:09,2026-05-04 16:25:00,Hanford,1,2026-05-11 15:18:08
Priest Rapids Tailrace STH,2,G723F504E,2026-05-03 19:59:00,2026-05-05 17:13:00,Crescent Bar,0,
Priest Rapids Tailrace STH,2,G723F504E,2026-05-03 19:59:00,2026-05-05 17:13:00,Sunland,0,
Priest Rapids Tailrace STH,2,G723F504E,2026-05-03 19:59:00,2026-05-05 17:13:00,Wanapum BRZ,0,
Priest Rapids Tailrace STH,2,G723F504E,2026-05-03 19:59:00,2026-05-05 17:13:00,Mattawa,0,
Priest Rapids Tailrace STH,2,G723F504E,2026-05-03 19:59:00,2026-05-05 17:13:00,Priest BRZ,0,
Priest Rapids Tailrace STH,2,G723F504E,2026-05-03 19:59:00,2026-05-05 17:13:00,Lower Ringold,1,2026-05-06 07:50:29
Priest Rapids Tailrace STH,2,G723F504E,2026-05-03 19:59:00,2026-05-05 17:13:00,Hanford,1,2026-05-06 10:44:39
Priest Rapids Tailrace STH,2,G723F94E5,2026-05-05 18:06:08,2026-05-07 16:28:00,Crescent Bar,0,
Priest Rapids Tailrace STH,2,G723F94E5,2026-05-05 18:06:08,2026-05-07 16:28:00,Sunland,0,
Priest Rapids Tailrace STH,2,G723F94E5,2026-05-05 18:06:08,2026-05-07 16:28:00,Wanapum BRZ,0,
Priest Rapids Tailrace STH,2,G723F94E5,2026-05-05 18:06:08,2026-05-07 16:28:00,Mattawa,0,
Priest Rapids Tailrace STH,2,G723F94E5,2026-05-05 18:06:08,2026-05-07 16:28:00,Priest BRZ,0,
Priest Rapids Tailrace STH,2,G723F94E5,2026-05-05 18:06:08,2026-05-07 16:28:00,Lower Ringold,1,2026-05-08 05:06:14
Priest Rapids Tailrace STH,2,G723F94E5,2026-05-05 18:06:08,2026-05-07 16:28:00,Hanford,1,2026-05-08 08:19:10
Priest Rapids Tailrace STH,2,G724006E6,2026-04-29 17:44:33,2026-05-01 16:26:00,Crescent Bar,0,
Priest Rapids Tailrace STH,2,G724006E6,2026-04-29 17:44:33,2026-05-01 16:26:00,Sunland,0,
Priest Rapids Tailrace STH,2,G724006E6,2026-04-29 17:44:33,2026-05-01 16:26:00,Wanapum BRZ,0,
Priest Rapids Tailrace STH,2,G724006E6,2026-04-29 17:44:33,2026-05-01 16:26:00,Mattawa,0,
Priest Rapids Tailrace STH,2,G724006E6,2026-04-29 17:44:33,2026-05-01 16:26:00,Priest BRZ,0,
Priest Rapids Tailrace STH,2,G724006E6,2026-04-29 17:44:33,2026-05-01 16:26:00,Lower Ringold,1,2026-06-02 02:58:31
Priest Rapids Tailrace STH,2,G724006E6,2026-04-29 17:44:33,2026-05-01 16:26:00,Hanford,1,2026-06-02 05:19:10
Priest Rapids Tailrace STH,2,G7242ACA6,2026-04-29 17:36:47,2026-05-01 16:26:00,Crescent Bar,0,
Priest Rapids Tailrace STH,2,G7242ACA6,2026-04-29 17:36:47,2026-05-01 16:26:00,Sunland,0,
Priest Rapids Tailrace STH,2,G7242ACA6,2026-04-29 17:36:47,2026-05-01 16:26:00,Wanapum BRZ,0,
Priest Rapids Tailrace STH,2,G7242ACA6,2026-04-29 17:36:47,2026-05-01 16:26:00,Mattawa,0,
Priest Rapids Tailrace STH,2,G7242ACA6,2026-04-29 17:36:47,2026-05-01 16:26:00,Priest BRZ,0,
Priest Rapids Tailrace STH,2,G7242ACA6,2026-04-29 17:36:47,2026-05-01 16:26:00,Lower Ringold,1,2026-05-02 03:34:32
Priest Rapids Tailrace STH,2,G7242ACA6,2026-04-29 17:36:47,2026-05-01 16:26:00,Hanford,1,2026-05-02 06:27:55
Priest Rapids Tailrace STH,2,G7243790A,2026-04-28 22:31:14,2026-04-30 16:19:00,Crescent Bar,0,
Priest Rapids Tailrace STH,2,G7243790A,2026-04-28 22:31:14,2026-04-30 16:19:00,Sunland,0,
Priest Rapids Tailrace STH,2,G7243790A,2026-04-28 22:31:14,2026-04-30 16:19:00,Wanapum BRZ,0,
Priest Rapids Tailrace STH,2,G7243790A,2026-04-28 22:31:14,2026-04-30 16:19:00,Mattawa,0,
Priest Rapids Tailrace STH,2,G7243790A,2026-04-28 22:31:14,2026-04-30 16:19:00,Priest BRZ,0,
Priest Rapids Tailrace STH,2,G7243790A,2026-04-28 22:31:14,2026-04-30 16:19:00,Lower Ringold,1,2026-05-01 05:40:56
Priest Rapids Tailrace STH,2,G7243790A,2026-04-28 22:31:14,2026-04-30 16:19:00,Hanford,1,2026-05-01 08:21:34
Priest Rapids Tailrace STH,2,G72451684,2026-05-03 20:00:42,2026-05-05 17:13:00,Crescent Bar,0,
Priest Rapids Tailrace STH,2,G72451684,2026-05-03 20:00:42,2026-05-05 17:13:00,Sunland,0,
Priest Rapids Tailrace STH,2,G72451684,2026-05-03 20:00:42,2026-05-05 17:13:00,Wanapum BRZ,0,
Priest Rapids Tailrace STH,2,G72451684,2026-05-03 20:00:42,2026-05-05 17:13:00,Mattawa,0,
Priest Rapids Tailrace STH,2,G72451684,2026-05-03 20:00:42,2026-05-05 17:13:00,Priest BRZ,0,
Priest Rapids Tailrace STH,2,G72451684,2026-05-03 20:00:42,2026-05-05 17:13:00,Lower Ringold,1,2026-05-06 04:53:32
Priest Rapids Tailrace STH,2,G72451684,2026-05-03 20:00:42,2026-05-05 17:13:00,Hanford,1,2026-05-06 11:41:54
Priest Rapids Tailrace STH,1,G7245EDD0,2026-04-29 17:46:48,2026-05-01 16:26:00,Crescent Bar,0,
Priest Rapids Tailrace STH,1,G7245EDD0,2026-04-29 17:46:48,2026-05-01 16:26:00,Sunland,0,
Priest Rapids Tailrace STH,1,G7245EDD0,2026-04-29 17:46:48,2026-05-01 16:26:00,Wanapum BRZ,0,
Priest Rapids Tailrace STH,1,G7245EDD0,2026-04-29 17:46:48,2026-05-01 16:26:00,Mattawa,0,
Priest Rapids Tailrace STH,1,G7245EDD0,2026-04-29 17:46:48,2026-05-01 16:26:00,Priest BRZ,0,
Priest Rapids Tailrace STH,1,G7245EDD0,2026-04-29 17:46:48,2026-05-01 16:26:00,Lower Ringold,1,2026-05-02 13:52:48
Priest Rapids Tailrace STH,1,G7245EDD0,2026-04-29 17:46:48,2026-05-01 16:26:00,Hanford,1,2026-05-04 14:36:21
Priest Rapids Tailrace STH,3,G7248AFA3,2026-05-03 19:45:16,2026-05-05 17:13:00,Crescent Bar,0,
Priest Rapids Tailrace STH,3,G7248AFA3,2026-05-03 19:45:16,2026-05-05 17:13:00,Sunland,0,
Priest Rapids Tailrace STH,3,G7248AFA3,2026-05-03 19:45:16,2026-05-05 17:13:00,Wanapum BRZ,0,
Priest Rapids Tailrace STH,3,G7248AFA3,2026-05-03 19:45:16,2026-05-05 17:13:00,Mattawa,0,
Priest Rapids Tailrace STH,3,G7248AFA3,2026-05-03 19:45:16,2026-05-05 17:13:00,Priest BRZ,0,
Priest Rapids Tailrace STH,3,G7248AFA3,2026-05-03 19:45:16,2026-05-05 17:13:00,Lower Ringold,1,2026-05-06 11:47:01
Priest Rapids Tailrace STH,3,G7248AFA3,2026-05-03 19:45:16,2026-05-05 17:13:00,Hanford,1,2026-05-06 14:26:49
Priest Rapids Tailrace STH,3,G7248B8BD,2026-04-28 22:46:35,2026-04-30 16:19:00,Crescent Bar,0,
Priest Rapids Tailrace STH,3,G7248B8BD,2026-04-28 22:46:35,2026-04-30 16:19:00,Sunland,0,
Priest Rapids Tailrace STH,3,G7248B8BD,2026-04-28 22:46:35,2026-04-30 16:19:00,Wanapum BRZ,0,
Priest Rapids Tailrace STH,3,G7248B8BD,2026-04-28 22:46:35,2026-04-30 16:19:00,Mattawa,0,
Priest Rapids Tailrace STH,3,G7248B8BD,2026-04-28 22:46:35,2026-04-30 16:19:00,Priest BRZ,0,
Priest Rapids Tailrace STH,3,G7248B8BD,2026-04-28 22:46:35,2026-04-30 16:19:00,Lower Ringold,1,2026-05-04 19:10:43
Priest Rapids Tailrace STH,3,G7248B8BD,2026-04-28 22:46:35,2026-04-30 16:19:00,Hanford,1,2026-05-05 03:03:04
Priest Rapids Tailrace STH,2,G72490089,2026-05-05 18:23:45,2026-05-07 16:28:00,Crescent Bar,0,
Priest Rapids Tailrace STH,2,G72490089,2026-05-05 18:23:45,2026-05-07 16:28:00,Sunland,0,
Priest Rapids Tailrace STH,2,G72490089,2026-05-05 18:23:45,2026-05-07 16:28:00,Wanapum BRZ,0,
Priest Rapids Tailrace STH,2,G72490089,2026-05-05 18:23:45,2026-05-07 16:28:00,Mattawa,0,
Priest Rapids Tailrace STH,2,G72490089,2026-05-05 18:23:45,2026-05-07 16:28:00,Priest BRZ,0,
Priest Rapids Tailrace STH,2,G72490089,2026-05-05 18:23:45,2026-05-07 16:28:00,Lower Ringold,1,2026-05-09 14:43:33
Priest Rapids Tailrace STH,2,G72490089,2026-05-05 18:23:45,2026-05-07 16:28:00,Hanford,1,2026-05-09 17:44:48
Priest Rapids Tailrace STH,1,G724BB8E8,2026-05-04 19:19:56,2026-05-06 16:47:00,Crescent Bar,0,
Priest Rapids Tailrace STH,1,G724BB8E8,2026-05-04 19:19:56,2026-05-06 16:47:00,Sunland,0,
Priest Rapids Tailrace STH,1,G724BB8E8,2026-05-04 19:19:56,2026-05-06 16:47:00,Wanapum BRZ,0,
Priest Rapids Tailrace STH,1,G724BB8E8,2026-05-04 19:19:56,2026-05-06 16:47:00,Mattawa,0,
Priest Rapids Tailrace STH,1,G724BB8E8,2026-05-04 19:19:56,2026-05-06 16:47:00,Priest BRZ,0,
Priest Rapids Tailrace STH,1,G724BB8E8,2026-05-04 19:19:56,2026-05-06 16:47:00,Lower Ringold,1,2026-05-07 03:23:34
Priest Rapids Tailrace STH,1,G724BB8E8,2026-05-04 19:19:56,2026-05-06 16:47:00,Hanford,1,2026-05-07 06:28:31
Priest Rapids Tailrace STH,1,G724BCAAC,2026-04-29 17:52:09,2026-05-01 16:26:00,Crescent Bar,0,
Priest Rapids Tailrace STH,1,G724BCAAC,2026-04-29 17:52:09,2026-05-01 16:26:00,Sunland,0,
Priest Rapids Tailrace STH,1,G724BCAAC,2026-04-29 17:52:09,2026-05-01 16:26:00,Wanapum BRZ,0,
Priest Rapids Tailrace STH,1,G724BCAAC,2026-04-29 17:52:09,2026-05-01 16:26:00,Mattawa,0,
Priest Rapids Tailrace STH,1,G724BCAAC,2026-04-29 17:52:09,2026-05-01 16:26:00,Priest BRZ,0,
Priest Rapids Tailrace STH,1,G724BCAAC,2026-04-29 17:52:09,2026-05-01 16:26:00,Lower Ringold,1,2026-05-02 02:39:51
Priest Rapids Tailrace STH,1,G724BCAAC,2026-04-29 17:52:09,2026-05-01 16:26:00,Hanford,1,2026-05-02 05:43:33
Priest Rapids Tailrace STH,1,G724C6E0C,2026-04-30 18:15:20,2026-05-02 16:36:00,Crescent Bar,0,
Priest Rapids Tailrace STH,1,G724C6E0C,2026-04-30 18:15:20,2026-05-02 16:36:00,Sunland,0,
Priest Rapids Tailrace STH,1,G724C6E0C,2026-04-30 18:15:20,2026-05-02 16:36:00,Wanapum BRZ,0,
Priest Rapids Tailrace STH,1,G724C6E0C,2026-04-30 18:15:20,2026-05-02 16:36:00,Mattawa,0,
Priest Rapids Tailrace STH,1,G724C6E0C,2026-04-30 18:15:20,2026-05-02 16:36:00,Priest BRZ,0,
Priest Rapids Tailrace STH,1,G724C6E0C,2026-04-30 18:15:20,2026-05-02 16:36:00,Lower Ringold,1,2026-05-03 06:26:01
Priest Rapids Tailrace STH,1,G724C6E0C,2026-04-30 18:15:20,2026-05-02 16:36:00,Hanford,1,2026-05-03 09:00:45
Priest Rapids Tailrace STH,1,G724CBCE7,2026-04-30 18:01:56,2026-05-02 16:36:00,Crescent Bar,0,
Priest Rapids Tailrace STH,1,G724CBCE7,2026-04-30 18:01:56,2026-05-02 16:36:00,Sunland,0,
Priest Rapids Tailrace STH,1,G724CBCE7,2026-04-30 18:01:56,2026-05-02 16:36:00,Wanapum BRZ,0,
Priest Rapids Tailrace STH,1,G724CBCE7,2026-04-30 18:01:56,2026-05-02 16:36:00,Mattawa,0,
Priest Rapids Tailrace STH,1,G724CBCE7,2026-04-30 18:01:56,2026-05-02 16:36:00,Priest BRZ,0,
Priest Rapids Tailrace STH,1,G724CBCE7,2026-04-30 18:01:56,2026-05-02 16:36:00,Lower Ringold,1,2026-05-08 10:06:23
Priest Rapids Tailrace STH,1,G724CBCE7,2026-04-30 18:01:56,2026-05-02 16:36:00,Hanford,1,2026-05-08 13:03:19
Priest Rapids Tailrace STH,2,G724CED62,2026-04-28 22:32:35,2026-04-30 16:19:00,Crescent Bar,0,
Priest Rapids Tailrace STH,2,G724CED62,2026-04-28 22:32:35,2026-04-30 16:19:00,Sunland,0,
Priest Rapids Tailrace STH,2,G724CED62,2026-04-28 22:32:35,2026-04-30 16:19:00,Wanapum BRZ,0,
Priest Rapids Tailrace STH,2,G724CED62,2026-04-28 22:32:35,2026-04-30 16:19:00,Mattawa,0,
Priest Rapids Tailrace STH,2,G724CED62,2026-04-28 22:32:35,2026-04-30 16:19:00,Priest BRZ,0,
Priest Rapids Tailrace STH,2,G724CED62,2026-04-28 22:32:35,2026-04-30 16:19:00,Lower Ringold,1,2026-05-01 09:15:09
Priest Rapids Tailrace STH,2,G724CED62,2026-04-28 22:32:35,2026-04-30 16:19:00,Hanford,1,2026-05-01 11:51:26
Priest Rapids Tailrace STH,2,G724D89A2,2026-04-30 18:05:26,2026-05-02 16:36:00,Crescent Bar,0,
Priest Rapids Tailrace STH,2,G724D89A2,2026-04-30 18:05:26,2026-05-02 16:36:00,Sunland,0,
Priest Rapids Tailrace STH,2,G724D89A2,2026-04-30 18:05:26,2026-05-02 16:36:00,Wanapum BRZ,0,
Priest Rapids Tailrace STH,2,G724D89A2,2026-04-30 18:05:26,2026-05-02 16:36:00,Mattawa,0,
Priest Rapids Tailrace STH,2,G724D89A2,2026-04-30 18:05:26,2026-05-02 16:36:00,Priest BRZ,0,
Priest Rapids Tailrace STH,2,G724D89A2,2026-04-30 18:05:26,2026-05-02 16:36:00,Lower Ringold,1,2026-05-03 02:50:18
Priest Rapids Tailrace STH,2,G724D89A2,2026-04-30 18:05:26,2026-05-02 16:36:00,Hanford,1,2026-05-03 06:14:55
Priest Rapids Tailrace STH,3,G724F0A5D,2026-04-28 22:43:31,2026-04-30 16:19:00,Crescent Bar,0,
Priest Rapids Tailrace STH,3,G724F0A5D,2026-04-28 22:43:31,2026-04-30 16:19:00,Sunland,0,
Priest Rapids Tailrace STH,3,G724F0A5D,2026-04-28 22:43:31,2026-04-30 16:19:00,Wanapum BRZ,0,
Priest Rapids Tailrace STH,3,G724F0A5D,2026-04-28 22:43:31,2026-04-30 16:19:00,Mattawa,0,
Priest Rapids Tailrace STH,3,G724F0A5D,2026-04-28 22:43:31,2026-04-30 16:19:00,Priest BRZ,0,
Priest Rapids Tailrace STH,3,G724F0A5D,2026-04-28 22:43:31,2026-04-30 16:19:00,Lower Ringold,1,2026-05-01 10:23:38
Priest Rapids Tailrace STH,3,G724F0A5D,2026-04-28 22:43:31,2026-04-30 16:19:00,Hanford,1,2026-05-01 13:21:11
Priest Rapids Tailrace STH,3,G724FF9CB,2026-05-02 19:06:01,2026-05-05 17:13:00,Crescent Bar,0,
Priest Rapids Tailrace STH,3,G724FF9CB,2026-05-02 19:06:01,2026-05-05 17:13:00,Sunland,0,
Priest Rapids Tailrace STH,3,G724FF9CB,2026-05-02 19:06:01,2026-05-05 17:13:00,Wanapum BRZ,0,
Priest Rapids Tailrace STH,3,G724FF9CB,2026-05-02 19:06:01,2026-05-05 17:13:00,Mattawa,0,
Priest Rapids Tailrace STH,3,G724FF9CB,2026-05-02 19:06:01,2026-05-05 17:13:00,Priest BRZ,0,
Priest Rapids Tailrace STH,3,G724FF9CB,2026-05-02 19:06:01,2026-05-05 17:13:00,Lower Ringold,1,2026-05-06 11:16:29
Priest Rapids Tailrace STH,3,G724FF9CB,2026-05-02 19:06:01,2026-05-05 17:13:00,Hanford,1,2026-05-06 21:25:24
Priest Rapids Tailrace STH,3,G7251A583,2026-05-01 18:45:00,2026-05-03 16:31:00,Crescent Bar,0,
Priest Rapids Tailrace STH,3,G7251A583,2026-05-01 18:45:00,2026-05-03 16:31:00,Sunland,0,
Priest Rapids Tailrace STH,3,G7251A583,2026-05-01 18:45:00,2026-05-03 16:31:00,Wanapum BRZ,0,
Priest Rapids Tailrace STH,3,G7251A583,2026-05-01 18:45:00,2026-05-03 16:31:00,Mattawa,0,
Priest Rapids Tailrace STH,3,G7251A583,2026-05-01 18:45:00,2026-05-03 16:31:00,Priest BRZ,0,
Priest Rapids Tailrace STH,3,G7251A583,2026-05-01 18:45:00,2026-05-03 16:31:00,Lower Ringold,1,2026-05-04 03:20:48
Priest Rapids Tailrace STH,3,G7251A583,2026-05-01 18:45:00,2026-05-03 16:31:00,Hanford,1,2026-05-04 06:13:31
Priest Rapids Tailrace STH,3,G72527C1D,2026-04-28 22:49:15,2026-04-30 16:19:00,Crescent Bar,0,
Priest Rapids Tailrace STH,3,G72527C1D,2026-04-28 22:49:15,2026-04-30 16:19:00,Sunland,0,
Priest Rapids Tailrace STH,3,G72527C1D,2026-04-28 22:49:15,2026-04-30 16:19:00,Wanapum BRZ,0,
Priest Rapids Tailrace STH,3,G72527C1D,2026-04-28 22:49:15,2026-04-30 16:19:00,Mattawa,0,
Priest Rapids Tailrace STH,3,G72527C1D,2026-04-28 22:49:15,2026-04-30 16:19:00,Priest BRZ,0,
Priest Rapids Tailrace STH,3,G72527C1D,2026-04-28 22:49:15,2026-04-30 16:19:00,Lower Ringold,1,2026-05-01 04:16:14
Priest Rapids Tailrace STH,3,G72527C1D,2026-04-28 22:49:15,2026-04-30 16:19:00,Hanford,1,2026-05-01 07:26:52
Priest Rapids Tailrace STH,1,G7253A9B1,2026-05-01 18:59:55,2026-05-03 16:31:00,Crescent Bar,0,
Priest Rapids Tailrace STH,1,G7253A9B1,2026-05-01 18:59:55,2026-05-03 16:31:00,Sunland,0,
Priest Rapids Tailrace STH,1,G7253A9B1,2026-05-01 18:59:55,2026-05-03 16:31:00,Wanapum BRZ,0,
Priest Rapids Tailrace STH,1,G7253A9B1,2026-05-01 18:59:55,2026-05-03 16:31:00,Mattawa,0,
Priest Rapids Tailrace STH,1,G7253A9B1,2026-05-01 18:59:55,2026-05-03 16:31:00,Priest BRZ,0,
Priest Rapids Tailrace STH,1,G7253A9B1,2026-05-01 18:59:55,2026-05-03 16:31:00,Lower Ringold,1,2026-05-14 18:52:35
Priest Rapids Tailrace STH,1,G7253A9B1,2026-05-01 18:59:55,2026-05-03 16:31:00,Hanford,1,2026-05-14 21:37:41
Priest Rapids Tailrace STH,3,G72557ECF,2026-04-30 18:07:32,2026-05-02 16:36:00,Crescent Bar,0,
Priest Rapids Tailrace STH,3,G72557ECF,2026-04-30 18:07:32,2026-05-02 16:36:00,Sunland,0,
Priest Rapids Tailrace STH,3,G72557ECF,2026-04-30 18:07:32,2026-05-02 16:36:00,Wanapum BRZ,0,
Priest Rapids Tailrace STH,3,G72557ECF,2026-04-30 18:07:32,2026-05-02 16:36:00,Mattawa,0,
Priest Rapids Tailrace STH,3,G72557ECF,2026-04-30 18:07:32,2026-05-02 16:36:00,Priest BRZ,0,
Priest Rapids Tailrace STH,3,G72557ECF,2026-04-30 18:07:32,2026-05-02 16:36:00,Lower Ringold,1,2026-05-03 09:07:31
Priest Rapids Tailrace STH,3,G72557ECF,2026-04-30 18:07:32,2026-05-02 16:36:00,Hanford,1,2026-05-03 12:29:51
Priest Rapids Tailrace STH,2,G7255BCB9,2026-05-01 19:00:44,2026-05-03 16:31:00,Crescent Bar,0,
Priest Rapids Tailrace STH,2,G7255BCB9,2026-05-01 19:00:44,2026-05-03 16:31:00,Sunland,0,
Priest Rapids Tailrace STH,2,G7255BCB9,2026-05-01 19:00:44,2026-05-03 16:31:00,Wanapum BRZ,0,
Priest Rapids Tailrace STH,2,G7255BCB9,2026-05-01 19:00:44,2026-05-03 16:31:00,Mattawa,0,
Priest Rapids Tailrace STH,2,G7255BCB9,2026-05-01 19:00:44,2026-05-03 16:31:00,Priest BRZ,0,
Priest Rapids Tailrace STH,2,G7255BCB9,2026-05-01 19:00:44,2026-05-03 16:31:00,Lower Ringold,1,2026-05-04 04:32:42
Priest Rapids Tailrace STH,2,G7255BCB9,2026-05-01 19:00:44,2026-05-03 16:31:00,Hanford,1,2026-05-04 07:33:13
Priest Rapids Tailrace STH,2,G72560CDE,2026-04-29 17:44:08,2026-05-01 16:26:00,Crescent Bar,0,
Priest Rapids Tailrace STH,2,G72560CDE,2026-04-29 17:44:08,2026-05-01 16:26:00,Sunland,0,
Priest Rapids Tailrace STH,2,G72560CDE,2026-04-29 17:44:08,2026-05-01 16:26:00,Wanapum BRZ,0,
Priest Rapids Tailrace STH,2,G72560CDE,2026-04-29 17:44:08,2026-05-01 16:26:00,Mattawa,0,
Priest Rapids Tailrace STH,2,G72560CDE,2026-04-29 17:44:08,2026-05-01 16:26:00,Priest BRZ,0,
Priest Rapids Tailrace STH,2,G72560CDE,2026-04-29 17:44:08,2026-05-01 16:26:00,Lower Ringold,1,2026-05-02 04:55:48
Priest Rapids Tailrace STH,2,G72560CDE,2026-04-29 17:44:08,2026-05-01 16:26:00,Hanford,1,2026-05-02 07:58:27
Priest Rapids Tailrace STH,3,G725786E8,2026-05-03 19:48:13,2026-05-05 17:13:00,Crescent Bar,0,
Priest Rapids Tailrace STH,3,G725786E8,2026-05-03 19:48:13,2026-05-05 17:13:00,Sunland,0,
Priest Rapids Tailrace STH,3,G725786E8,2026-05-03 19:48:13,2026-05-05 17:13:00,Wanapum BRZ,0,
Priest Rapids Tailrace STH,3,G725786E8,2026-05-03 19:48:13,2026-05-05 17:13:00,Mattawa,0,
Priest Rapids Tailrace STH,3,G725786E8,2026-05-03 19:48:13,2026-05-05 17:13:00,Priest BRZ,0,
Priest Rapids Tailrace STH,3,G725786E8,2026-05-03 19:48:13,2026-05-05 17:13:00,Lower Ringold,1,2026-05-22 15:09:31
Priest Rapids Tailrace STH,3,G725786E8,2026-05-03 19:48:13,2026-05-05 17:13:00,Hanford,1,2026-05-22 19:54:58
Priest Rapids Tailrace STH,2,G72588512,2026-05-04 19:17:43,2026-05-06 16:47:00,Crescent Bar,0,
Priest Rapids Tailrace STH,2,G72588512,2026-05-04 19:17:43,2026-05-06 16:47:00,Sunland,0,
Priest Rapids Tailrace STH,2,G72588512,2026-05-04 19:17:43,2026-05-06 16:47:00,Wanapum BRZ,0,
Priest Rapids Tailrace STH,2,G72588512,2026-05-04 19:17:43,2026-05-06 16:47:00,Mattawa,0,
Priest Rapids Tailrace STH,2,G72588512,2026-05-04 19:17:43,2026-05-06 16:47:00,Priest BRZ,0,
Priest Rapids Tailrace STH,2,G72588512,2026-05-04 19:17:43,2026-05-06 16:47:00,Lower Ringold,1,2026-05-09 15:40:07
Priest Rapids Tailrace STH,2,G72588512,2026-05-04 19:17:43,2026-05-06 16:47:00,Hanford,1,2026-05-09 19:11:45
Priest Rapids Tailrace STH,2,G7258B22F,2026-04-30 17:58:48,2026-05-02 16:36:00,Crescent Bar,0,
Priest Rapids Tailrace STH,2,G7258B22F,2026-04-30 17:58:48,2026-05-02 16:36:00,Sunland,0,
Priest Rapids Tailrace STH,2,G7258B22F,2026-04-30 17:58:48,2026-05-02 16:36:00,Wanapum BRZ,0,
Priest Rapids Tailrace STH,2,G7258B22F,2026-04-30 17:58:48,2026-05-02 16:36:00,Mattawa,0,
Priest Rapids Tailrace STH,2,G7258B22F,2026-04-30 17:58:48,2026-05-02 16:36:00,Priest BRZ,0,
Priest Rapids Tailrace STH,2,G7258B22F,2026-04-30 17:58:48,2026-05-02 16:36:00,Lower Ringold,1,2026-05-03 06:53:45
Priest Rapids Tailrace STH,2,G7258B22F,2026-04-30 17:58:48,2026-05-02 16:36:00,Hanford,1,2026-05-03 09:30:18
Priest Rapids Tailrace STH,1,G7259AD37,2026-04-29 17:45:46,2026-05-01 16:26:00,Crescent Bar,0,
Priest Rapids Tailrace STH,1,G7259AD37,2026-04-29 17:45:46,2026-05-01 16:26:00,Sunland,0,
Priest Rapids Tailrace STH,1,G7259AD37,2026-04-29 17:45:46,2026-05-01 16:26:00,Wanapum BRZ,0,
Priest Rapids Tailrace STH,1,G7259AD37,2026-04-29 17:45:46,2026-05-01 16:26:00,Mattawa,0,
Priest Rapids Tailrace STH,1,G7259AD37,2026-04-29 17:45:46,2026-05-01 16:26:00,Priest BRZ,0,
Priest Rapids Tailrace STH,1,G7259AD37,2026-04-29 17:45:46,2026-05-01 16:26:00,Lower Ringold,1,2026-05-02 03:15:58
Priest Rapids Tailrace STH,1,G7259AD37,2026-04-29 17:45:46,2026-05-01 16:26:00,Hanford,1,2026-05-02 11:00:40
Priest Rapids Tailrace STH,1,G725A31D0,2026-05-02 19:11:39,2026-05-05 17:13:00,Crescent Bar,0,
Priest Rapids Tailrace STH,1,G725A31D0,2026-05-02 19:11:39,2026-05-05 17:13:00,Sunland,0,
Priest Rapids Tailrace STH,1,G725A31D0,2026-05-02 19:11:39,2026-05-05 17:13:00,Wanapum BRZ,0,
Priest Rapids Tailrace STH,1,G725A31D0,2026-05-02 19:11:39,2026-05-05 17:13:00,Mattawa,0,
Priest Rapids Tailrace STH,1,G725A31D0,2026-05-02 19:11:39,2026-05-05 17:13:00,Priest BRZ,0,
Priest Rapids Tailrace STH,1,G725A31D0,2026-05-02 19:11:39,2026-05-05 17:13:00,Lower Ringold,1,2026-05-06 14:15:39
Priest Rapids Tailrace STH,1,G725A31D0,2026-05-02 19:11:39,2026-05-05 17:13:00,Hanford,1,2026-05-07 10:36:04
Priest Rapids Tailrace STH,1,G725C1CA4,2026-05-04 19:09:34,2026-05-06 16:47:00,Crescent Bar,0,
Priest Rapids Tailrace STH,1,G725C1CA4,2026-05-04 19:09:34,2026-05-06 16:47:00,Sunland,0,
Priest Rapids Tailrace STH,1,G725C1CA4,2026-05-04 19:09:34,2026-05-06 16:47:00,Wanapum BRZ,0,
Priest Rapids Tailrace STH,1,G725C1CA4,2026-05-04 19:09:34,2026-05-06 16:47:00,Mattawa,0,
Priest Rapids Tailrace STH,1,G725C1CA4,2026-05-04 19:09:34,2026-05-06 16:47:00,Priest BRZ,0,
Priest Rapids Tailrace STH,1,G725C1CA4,2026-05-04 19:09:34,2026-05-06 16:47:00,Lower Ringold,1,2026-05-07 09:08:45
Priest Rapids Tailrace STH,1,G725C1CA4,2026-05-04 19:09:34,2026-05-06 16:47:00,Hanford,1,2026-05-07 12:12:40
Priest Rapids Tailrace STH,1,G725EDDA1,2026-04-28 22:43:56,2026-04-30 16:19:00,Crescent Bar,0,
Priest Rapids Tailrace STH,1,G725EDDA1,2026-04-28 22:43:56,2026-04-30 16:19:00,Sunland,0,
Priest Rapids Tailrace STH,1,G725EDDA1,2026-04-28 22:43:56,2026-04-30 16:19:00,Wanapum BRZ,0,
Priest Rapids Tailrace STH,1,G725EDDA1,2026-04-28 22:43:56,2026-04-30 16:19:00,Mattawa,0,
Priest Rapids Tailrace STH,1,G725EDDA1,2026-04-28 22:43:56,2026-04-30 16:19:00,Priest BRZ,0,
Priest Rapids Tailrace STH,1,G725EDDA1,2026-04-28 22:43:56,2026-04-30 16:19:00,Lower Ringold,1,2026-05-22 07:20:16
Priest Rapids Tailrace STH,1,G725EDDA1,2026-04-28 22:43:56,2026-04-30 16:19:00,Hanford,0,
Priest Rapids Tailrace STH,1,G725EE761,2026-04-30 18:00:37,2026-05-02 16:36:00,Crescent Bar,0,
Priest Rapids Tailrace STH,1,G725EE761,2026-04-30 18:00:37,2026-05-02 16:36:00,Sunland,0,
Priest Rapids Tailrace STH,1,G725EE761,2026-04-30 18:00:37,2026-05-02 16:36:00,Wanapum BRZ,0,
Priest Rapids Tailrace STH,1,G725EE761,2026-04-30 18:00:37,2026-05-02 16:36:00,Mattawa,0,
Priest Rapids Tailrace STH,1,G725EE761,2026-04-30 18:00:37,2026-05-02 16:36:00,Priest BRZ,0,
Priest Rapids Tailrace STH,1,G725EE761,2026-04-30 18:00:37,2026-05-02 16:36:00,Lower Ringold,0,
Priest Rapids Tailrace STH,1,G725EE761,2026-04-30 18:00:37,2026-05-02 16:36:00,Hanford,0,
Priest Rapids Tailrace STH,3,G725F8B63,2026-05-05 18:08:52,2026-05-07 16:28:00,Crescent Bar,0,
Priest Rapids Tailrace STH,3,G725F8B63,2026-05-05 18:08:52,2026-05-07 16:28:00,Sunland,0,
Priest Rapids Tailrace STH,3,G725F8B63,2026-05-05 18:08:52,2026-05-07 16:28:00,Wanapum BRZ,0,
Priest Rapids Tailrace STH,3,G725F8B63,2026-05-05 18:08:52,2026-05-07 16:28:00,Mattawa,0,
Priest Rapids Tailrace STH,3,G725F8B63,2026-05-05 18:08:52,2026-05-07 16:28:00,Priest BRZ,0,
Priest Rapids Tailrace STH,3,G725F8B63,2026-05-05 18:08:52,2026-05-07 16:28:00,Lower Ringold,1,2026-05-08 01:40:09
Priest Rapids Tailrace STH,3,G725F8B63,2026-05-05 18:08:52,2026-05-07 16:28:00,Hanford,1,2026-05-08 04:38:27
Priest Rapids Tailrace STH,3,G725F9F9F,2026-05-03 19:49:32,2026-05-05 17:13:00,Crescent Bar,0,
Priest Rapids Tailrace STH,3,G725F9F9F,2026-05-03 19:49:32,2026-05-05 17:13:00,Sunland,0,
Priest Rapids Tailrace STH,3,G725F9F9F,2026-05-03 19:49:32,2026-05-05 17:13:00,Wanapum BRZ,0,
Priest Rapids Tailrace STH,3,G725F9F9F,2026-05-03 19:49:32,2026-05-05 17:13:00,Mattawa,0,
Priest Rapids Tailrace STH,3,G725F9F9F,2026-05-03 19:49:32,2026-05-05 17:13:00,Priest BRZ,0,
Priest Rapids Tailrace STH,3,G725F9F9F,2026-05-03 19:49:32,2026-05-05 17:13:00,Lower Ringold,1,2026-05-06 05:19:21
Priest Rapids Tailrace STH,3,G725F9F9F,2026-05-03 19:49:32,2026-05-05 17:13:00,Hanford,1,2026-05-06 08:33:58
Priest Rapids Tailrace STH,3,G725FAD9D,2026-05-05 18:12:47,2026-05-07 16:28:00,Crescent Bar,0,
Priest Rapids Tailrace STH,3,G725FAD9D,2026-05-05 18:12:47,2026-05-07 16:28:00,Sunland,0,
Priest Rapids Tailrace STH,3,G725FAD9D,2026-05-05 18:12:47,2026-05-07 16:28:00,Wanapum BRZ,0,
Priest Rapids Tailrace STH,3,G725FAD9D,2026-05-05 18:12:47,2026-05-07 16:28:00,Mattawa,0,
Priest Rapids Tailrace STH,3,G725FAD9D,2026-05-05 18:12:47,2026-05-07 16:28:00,Priest BRZ,0,
Priest Rapids Tailrace STH,3,G725FAD9D,2026-05-05 18:12:47,2026-05-07 16:28:00,Lower Ringold,1,2026-05-22 10:41:07
Priest Rapids Tailrace STH,3,G725FAD9D,2026-05-05 18:12:47,2026-05-07 16:28:00,Hanford,1,2026-05-22 17:09:04
Priest Rapids Tailrace STH,2,G72614F39,2026-04-28 22:41:36,2026-04-30 16:19:00,Crescent Bar,0,
Priest Rapids Tailrace STH,2,G72614F39,2026-04-28 22:41:36,2026-04-30 16:19:00,Sunland,0,
Priest Rapids Tailrace STH,2,G72614F39,2026-04-28 22:41:36,2026-04-30 16:19:00,Wanapum BRZ,0,
Priest Rapids Tailrace STH,2,G72614F39,2026-04-28 22:41:36,2026-04-30 16:19:00,Mattawa,0,
Priest Rapids Tailrace STH,2,G72614F39,2026-04-28 22:41:36,2026-04-30 16:19:00,Priest BRZ,0,
Priest Rapids Tailrace STH,2,G72614F39,2026-04-28 22:41:36,2026-04-30 16:19:00,Lower Ringold,1,2026-05-01 14:33:08
Priest Rapids Tailrace STH,2,G72614F39,2026-04-28 22:41:36,2026-04-30 16:19:00,Hanford,1,2026-05-01 17:10:08
Priest Rapids Tailrace STH,3,G726196F2,2026-05-04 19:11:09,2026-05-06 16:47:00,Crescent Bar,0,
Priest Rapids Tailrace STH,3,G726196F2,2026-05-04 19:11:09,2026-05-06 16:47:00,Sunland,0,
Priest Rapids Tailrace STH,3,G726196F2,2026-05-04 19:11:09,2026-05-06 16:47:00,Wanapum BRZ,0,
Priest Rapids Tailrace STH,3,G726196F2,2026-05-04 19:11:09,2026-05-06 16:47:00,Mattawa,0,
Priest Rapids Tailrace STH,3,G726196F2,2026-05-04 19:11:09,2026-05-06 16:47:00,Priest BRZ,0,
Priest Rapids Tailrace STH,3,G726196F2,2026-05-04 19:11:09,2026-05-06 16:47:00,Lower Ringold,1,2026-05-07 11:05:03
Priest Rapids Tailrace STH,3,G726196F2,2026-05-04 19:11:09,2026-05-06 16:47:00,Hanford,1,2026-05-07 14:08:21
Priest Rapids Tailrace STH,3,G7261C316,2026-04-29 17:48:33,2026-05-01 16:26:00,Crescent Bar,0,
Priest Rapids Tailrace STH,3,G7261C316,2026-04-29 17:48:33,2026-05-01 16:26:00,Sunland,0,
Priest Rapids Tailrace STH,3,G7261C316,2026-04-29 17:48:33,2026-05-01 16:26:00,Wanapum BRZ,0,
Priest Rapids Tailrace STH,3,G7261C316,2026-04-29 17:48:33,2026-05-01 16:26:00,Mattawa,0,
Priest Rapids Tailrace STH,3,G7261C316,2026-04-29 17:48:33,2026-05-01 16:26:00,Priest BRZ,0,
Priest Rapids Tailrace STH,3,G7261C316,2026-04-29 17:48:33,2026-05-01 16:26:00,Lower Ringold,1,2026-05-02 03:32:59
Priest Rapids Tailrace STH,3,G7261C316,2026-04-29 17:48:33,2026-05-01 16:26:00,Hanford,1,2026-05-02 06:50:55
Priest Rapids Tailrace STH,3,G72622CEB,2026-04-28 22:39:18,2026-04-30 16:19:00,Crescent Bar,0,
Priest Rapids Tailrace STH,3,G72622CEB,2026-04-28 22:39:18,2026-04-30 16:19:00,Sunland,0,
Priest Rapids Tailrace STH,3,G72622CEB,2026-04-28 22:39:18,2026-04-30 16:19:00,Wanapum BRZ,0,
Priest Rapids Tailrace STH,3,G72622CEB,2026-04-28 22:39:18,2026-04-30 16:19:00,Mattawa,0,
Priest Rapids Tailrace STH,3,G72622CEB,2026-04-28 22:39:18,2026-04-30 16:19:00,Priest BRZ,0,
Priest Rapids Tailrace STH,3,G72622CEB,2026-04-28 22:39:18,2026-04-30 16:19:00,Lower Ringold,1,2026-05-01 03:16:51
Priest Rapids Tailrace STH,3,G72622CEB,2026-04-28 22:39:18,2026-04-30 16:19:00,Hanford,1,2026-05-01 06:18:56
Priest Rapids Tailrace STH,2,G7262E840,2026-05-01 18:47:15,2026-05-03 16:31:00,Crescent Bar,0,
Priest Rapids Tailrace STH,2,G7262E840,2026-05-01 18:47:15,2026-05-03 16:31:00,Sunland,0,
Priest Rapids Tailrace STH,2,G7262E840,2026-05-01 18:47:15,2026-05-03 16:31:00,Wanapum BRZ,0,
Priest Rapids Tailrace STH,2,G7262E840,2026-05-01 18:47:15,2026-05-03 16:31:00,Mattawa,0,
Priest Rapids Tailrace STH,2,G7262E840,2026-05-01 18:47:15,2026-05-03 16:31:00,Priest BRZ,0,
Priest Rapids Tailrace STH,2,G7262E840,2026-05-01 18:47:15,2026-05-03 16:31:00,Lower Ringold,1,2026-05-04 08:54:27
Priest Rapids Tailrace STH,2,G7262E840,2026-05-01 18:47:15,2026-05-03 16:31:00,Hanford,1,2026-05-04 11:59:03
Priest Rapids Tailrace STH,2,G72630933,2026-05-02 18:52:44,2026-05-04 16:25:00,Crescent Bar,0,
Priest Rapids Tailrace STH,2,G72630933,2026-05-02 18:52:44,2026-05-04 16:25:00,Sunland,0,
Priest Rapids Tailrace STH,2,G72630933,2026-05-02 18:52:44,2026-05-04 16:25:00,Wanapum BRZ,0,
Priest Rapids Tailrace STH,2,G72630933,2026-05-02 18:52:44,2026-05-04 16:25:00,Mattawa,0,
Priest Rapids Tailrace STH,2,G72630933,2026-05-02 18:52:44,2026-05-04 16:25:00,Priest BRZ,0,
Priest Rapids Tailrace STH,2,G72630933,2026-05-02 18:52:44,2026-05-04 16:25:00,Lower Ringold,1,2026-05-05 12:28:28
Priest Rapids Tailrace STH,2,G72630933,2026-05-02 18:52:44,2026-05-04 16:25:00,Hanford,1,2026-05-05 15:16:21
Priest Rapids Tailrace STH,2,G72631B12,2026-05-01 18:36:37,2026-05-03 16:31:00,Crescent Bar,0,
Priest Rapids Tailrace STH,2,G72631B12,2026-05-01 18:36:37,2026-05-03 16:31:00,Sunland,0,
Priest Rapids Tailrace STH,2,G72631B12,2026-05-01 18:36:37,2026-05-03 16:31:00,Wanapum BRZ,0,
Priest Rapids Tailrace STH,2,G72631B12,2026-05-01 18:36:37,2026-05-03 16:31:00,Mattawa,0,
Priest Rapids Tailrace STH,2,G72631B12,2026-05-01 18:36:37,2026-05-03 16:31:00,Priest BRZ,0,
Priest Rapids Tailrace STH,2,G72631B12,2026-05-01 18:36:37,2026-05-03 16:31:00,Lower Ringold,1,2026-05-04 03:22:24
Priest Rapids Tailrace STH,2,G72631B12,2026-05-01 18:36:37,2026-05-03 16:31:00,Hanford,1,2026-05-04 06:18:11
Priest Rapids Tailrace STH,1,G72657FBC,2026-04-28 22:45:08,2026-04-30 16:19:00,Crescent Bar,0,
Priest Rapids Tailrace STH,1,G72657FBC,2026-04-28 22:45:08,2026-04-30 16:19:00,Sunland,0,
Priest Rapids Tailrace STH,1,G72657FBC,2026-04-28 22:45:08,2026-04-30 16:19:00,Wanapum BRZ,0,
Priest Rapids Tailrace STH,1,G72657FBC,2026-04-28 22:45:08,2026-04-30 16:19:00,Mattawa,0,
Priest Rapids Tailrace STH,1,G72657FBC,2026-04-28 22:45:08,2026-04-30 16:19:00,Priest BRZ,0,
Priest Rapids Tailrace STH,1,G72657FBC,2026-04-28 22:45:08,2026-04-30 16:19:00,Lower Ringold,1,2026-05-01 03:24:01
Priest Rapids Tailrace STH,1,G72657FBC,2026-04-28 22:45:08,2026-04-30 16:19:00,Hanford,1,2026-05-01 06:15:12
Priest Rapids Tailrace STH,3,G72684617,2026-05-02 18:51:06,2026-05-04 16:25:00,Crescent Bar,0,
Priest Rapids Tailrace STH,3,G72684617,2026-05-02 18:51:06,2026-05-04 16:25:00,Sunland,0,
Priest Rapids Tailrace STH,3,G72684617,2026-05-02 18:51:06,2026-05-04 16:25:00,Wanapum BRZ,0,
Priest Rapids Tailrace STH,3,G72684617,2026-05-02 18:51:06,2026-05-04 16:25:00,Mattawa,0,
Priest Rapids Tailrace STH,3,G72684617,2026-05-02 18:51:06,2026-05-04 16:25:00,Priest BRZ,0,
Priest Rapids Tailrace STH,3,G72684617,2026-05-02 18:51:06,2026-05-04 16:25:00,Lower Ringold,1,2026-05-05 09:10:09
Priest Rapids Tailrace STH,3,G72684617,2026-05-02 18:51:06,2026-05-04 16:25:00,Hanford,1,2026-05-05 12:05:18
Priest Rapids Tailrace STH,2,G72695AED,2026-05-03 19:46:59,2026-05-05 17:13:00,Crescent Bar,0,
Priest Rapids Tailrace STH,2,G72695AED,2026-05-03 19:46:59,2026-05-05 17:13:00,Sunland,0,
Priest Rapids Tailrace STH,2,G72695AED,2026-05-03 19:46:59,2026-05-05 17:13:00,Wanapum BRZ,0,
Priest Rapids Tailrace STH,2,G72695AED,2026-05-03 19:46:59,2026-05-05 17:13:00,Mattawa,0,
Priest Rapids Tailrace STH,2,G72695AED,2026-05-03 19:46:59,2026-05-05 17:13:00,Priest BRZ,0,
Priest Rapids Tailrace STH,2,G72695AED,2026-05-03 19:46:59,2026-05-05 17:13:00,Lower Ringold,0,
Priest Rapids Tailrace STH,2,G72695AED,2026-05-03 19:46:59,2026-05-05 17:13:00,Hanford,0,
Priest Rapids Tailrace STH,2,G72698619,2026-05-04 19:18:19,2026-05-06 16:47:00,Crescent Bar,0,
Priest Rapids Tailrace STH,2,G72698619,2026-05-04 19:18:19,2026-05-06 16:47:00,Sunland,0,
Priest Rapids Tailrace STH,2,G72698619,2026-05-04 19:18:19,2026-05-06 16:47:00,Wanapum BRZ,0,
Priest Rapids Tailrace STH,2,G72698619,2026-05-04 19:18:19,2026-05-06 16:47:00,Mattawa,0,
Priest Rapids Tailrace STH,2,G72698619,2026-05-04 19:18:19,2026-05-06 16:47:00,Priest BRZ,0,
Priest Rapids Tailrace STH,2,G72698619,2026-05-04 19:18:19,2026-05-06 16:47:00,Lower Ringold,1,2026-05-07 05:04:42
Priest Rapids Tailrace STH,2,G72698619,2026-05-04 19:18:19,2026-05-06 16:47:00,Hanford,1,2026-05-07 07:58:02
Priest Rapids Tailrace STH,2,G7269E343,2026-04-28 22:42:13,2026-04-30 16:19:00,Crescent Bar,0,
Priest Rapids Tailrace STH,2,G7269E343,2026-04-28 22:42:13,2026-04-30 16:19:00,Sunland,0,
Priest Rapids Tailrace STH,2,G7269E343,2026-04-28 22:42:13,2026-04-30 16:19:00,Wanapum BRZ,0,
Priest Rapids Tailrace STH,2,G7269E343,2026-04-28 22:42:13,2026-04-30 16:19:00,Mattawa,0,
Priest Rapids Tailrace STH,2,G7269E343,2026-04-28 22:42:13,2026-04-30 16:19:00,Priest BRZ,0,
Priest Rapids Tailrace STH,2,G7269E343,2026-04-28 22:42:13,2026-04-30 16:19:00,Lower Ringold,1,2026-05-01 06:48:36
Priest Rapids Tailrace STH,2,G7269E343,2026-04-28 22:42:13,2026-04-30 16:19:00,Hanford,1,2026-05-01 10:37:38
Priest Rapids Tailrace STH,2,G726A0DE0,2026-05-05 18:08:14,2026-05-07 16:28:00,Crescent Bar,0,
Priest Rapids Tailrace STH,2,G726A0DE0,2026-05-05 18:08:14,2026-05-07 16:28:00,Sunland,0,
Priest Rapids Tailrace STH,2,G726A0DE0,2026-05-05 18:08:14,2026-05-07 16:28:00,Wanapum BRZ,0,
Priest Rapids Tailrace STH,2,G726A0DE0,2026-05-05 18:08:14,2026-05-07 16:28:00,Mattawa,0,
Priest Rapids Tailrace STH,2,G726A0DE0,2026-05-05 18:08:14,2026-05-07 16:28:00,Priest BRZ,0,
Priest Rapids Tailrace STH,2,G726A0DE0,2026-05-05 18:08:14,2026-05-07 16:28:00,Lower Ringold,1,2026-05-20 08:16:25
Priest Rapids Tailrace STH,2,G726A0DE0,2026-05-05 18:08:14,2026-05-07 16:28:00,Hanford,1,2026-05-20 11:31:10
Priest Rapids Tailrace STH,2,G726A6B58,2026-04-28 22:40:31,2026-04-30 16:19:00,Crescent Bar,0,
Priest Rapids Tailrace STH,2,G726A6B58,2026-04-28 22:40:31,2026-04-30 16:19:00,Sunland,0,
Priest Rapids Tailrace STH,2,G726A6B58,2026-04-28 22:40:31,2026-04-30 16:19:00,Wanapum BRZ,0,
Priest Rapids Tailrace STH,2,G726A6B58,2026-04-28 22:40:31,2026-04-30 16:19:00,Mattawa,0,
Priest Rapids Tailrace STH,2,G726A6B58,2026-04-28 22:40:31,2026-04-30 16:19:00,Priest BRZ,0,
Priest Rapids Tailrace STH,2,G726A6B58,2026-04-28 22:40:31,2026-04-30 16:19:00,Lower Ringold,1,2026-05-01 03:26:10
Priest Rapids Tailrace STH,2,G726A6B58,2026-04-28 22:40:31,2026-04-30 16:19:00,Hanford,1,2026-05-01 07:07:08
Priest Rapids Tailrace STH,2,G726A8C32,2026-05-03 19:43:56,2026-05-05 17:13:00,Crescent Bar,0,
Priest Rapids Tailrace STH,2,G726A8C32,2026-05-03 19:43:56,2026-05-05 17:13:00,Sunland,0,
Priest Rapids Tailrace STH,2,G726A8C32,2026-05-03 19:43:56,2026-05-05 17:13:00,Wanapum BRZ,0,
Priest Rapids Tailrace STH,2,G726A8C32,2026-05-03 19:43:56,2026-05-05 17:13:00,Mattawa,0,
Priest Rapids Tailrace STH,2,G726A8C32,2026-05-03 19:43:56,2026-05-05 17:13:00,Priest BRZ,0,
Priest Rapids Tailrace STH,2,G726A8C32,2026-05-03 19:43:56,2026-05-05 17:13:00,Lower Ringold,1,2026-05-06 04:23:35
Priest Rapids Tailrace STH,2,G726A8C32,2026-05-03 19:43:56,2026-05-05 17:13:00,Hanford,1,2026-05-06 14:55:39
Priest Rapids Tailrace STH,2,G726B1044,2026-04-28 22:30:23,2026-04-30 16:19:00,Crescent Bar,0,
Priest Rapids Tailrace STH,2,G726B1044,2026-04-28 22:30:23,2026-04-30 16:19:00,Sunland,0,
Priest Rapids Tailrace STH,2,G726B1044,2026-04-28 22:30:23,2026-04-30 16:19:00,Wanapum BRZ,0,
Priest Rapids Tailrace STH,2,G726B1044,2026-04-28 22:30:23,2026-04-30 16:19:00,Mattawa,0,
Priest Rapids Tailrace STH,2,G726B1044,2026-04-28 22:30:23,2026-04-30 16:19:00,Priest BRZ,0,
Priest Rapids Tailrace STH,2,G726B1044,2026-04-28 22:30:23,2026-04-30 16:19:00,Lower Ringold,1,2026-05-01 07:44:27
Priest Rapids Tailrace STH,2,G726B1044,2026-04-28 22:30:23,2026-04-30 16:19:00,Hanford,1,2026-05-01 10:41:06
Priest Rapids Tailrace STH,2,G726C5D91,2026-05-05 18:23:14,2026-05-07 16:28:00,Crescent Bar,0,
Priest Rapids Tailrace STH,2,G726C5D91,2026-05-05 18:23:14,2026-05-07 16:28:00,Sunland,0,
Priest Rapids Tailrace STH,2,G726C5D91,2026-05-05 18:23:14,2026-05-07 16:28:00,Wanapum BRZ,0,
Priest Rapids Tailrace STH,2,G726C5D91,2026-05-05 18:23:14,2026-05-07 16:28:00,Mattawa,0,
Priest Rapids Tailrace STH,2,G726C5D91,2026-05-05 18:23:14,2026-05-07 16:28:00,Priest BRZ,0,
Priest Rapids Tailrace STH,2,G726C5D91,2026-05-05 18:23:14,2026-05-07 16:28:00,Lower Ringold,0,
Priest Rapids Tailrace STH,2,G726C5D91,2026-05-05 18:23:14,2026-05-07 16:28:00,Hanford,0,
Priest Rapids Tailrace STH,2,G726E7262,2026-04-29 17:51:35,2026-05-01 16:26:00,Crescent Bar,0,
Priest Rapids Tailrace STH,2,G726E7262,2026-04-29 17:51:35,2026-05-01 16:26:00,Sunland,0,
Priest Rapids Tailrace STH,2,G726E7262,2026-04-29 17:51:35,2026-05-01 16:26:00,Wanapum BRZ,0,
Priest Rapids Tailrace STH,2,G726E7262,2026-04-29 17:51:35,2026-05-01 16:26:00,Mattawa,0,
Priest Rapids Tailrace STH,2,G726E7262,2026-04-29 17:51:35,2026-05-01 16:26:00,Priest BRZ,0,
Priest Rapids Tailrace STH,2,G726E7262,2026-04-29 17:51:35,2026-05-01 16:26:00,Lower Ringold,1,2026-05-02 02:55:11
Priest Rapids Tailrace STH,2,G726E7262,2026-04-29 17:51:35,2026-05-01 16:26:00,Hanford,1,2026-05-02 06:03:32
Priest Rapids Tailrace STH,2,G726E8936,2026-04-29 17:39:30,2026-05-01 16:26:00,Crescent Bar,0,
Priest Rapids Tailrace STH,2,G726E8936,2026-04-29 17:39:30,2026-05-01 16:26:00,Sunland,0,
Priest Rapids Tailrace STH,2,G726E8936,2026-04-29 17:39:30,2026-05-01 16:26:00,Wanapum BRZ,0,
Priest Rapids Tailrace STH,2,G726E8936,2026-04-29 17:39:30,2026-05-01 16:26:00,Mattawa,0,
Priest Rapids Tailrace STH,2,G726E8936,2026-04-29 17:39:30,2026-05-01 16:26:00,Priest BRZ,0,
Priest Rapids Tailrace STH,2,G726E8936,2026-04-29 17:39:30,2026-05-01 16:26:00,Lower Ringold,1,2026-05-02 04:02:17
Priest Rapids Tailrace STH,2,G726E8936,2026-04-29 17:39:30,2026-05-01 16:26:00,Hanford,1,2026-05-02 07:14:43
Priest Rapids Tailrace STH,2,G726EB014,2026-05-02 19:02:14,2026-05-04 16:25:00,Crescent Bar,0,
Priest Rapids Tailrace STH,2,G726EB014,2026-05-02 19:02:14,2026-05-04 16:25:00,Sunland,0,
Priest Rapids Tailrace STH,2,G726EB014,2026-05-02 19:02:14,2026-05-04 16:25:00,Wanapum BRZ,0,
Priest Rapids Tailrace STH,2,G726EB014,2026-05-02 19:02:14,2026-05-04 16:25:00,Mattawa,0,
Priest Rapids Tailrace STH,2,G726EB014,2026-05-02 19:02:14,2026-05-04 16:25:00,Priest BRZ,0,
Priest Rapids Tailrace STH,2,G726EB014,2026-05-02 19:02:14,2026-05-04 16:25:00,Lower Ringold,0,
Priest Rapids Tailrace STH,2,G726EB014,2026-05-02 19:02:14,2026-05-04 16:25:00,Hanford,0,
Priest Rapids Tailrace STH,2,G7270A73A,2026-05-02 19:03:51,2026-05-04 16:25:00,Crescent Bar,0,
Priest Rapids Tailrace STH,2,G7270A73A,2026-05-02 19:03:51,2026-05-04 16:25:00,Sunland,0,
Priest Rapids Tailrace STH,2,G7270A73A,2026-05-02 19:03:51,2026-05-04 16:25:00,Wanapum BRZ,0,
Priest Rapids Tailrace STH,2,G7270A73A,2026-05-02 19:03:51,2026-05-04 16:25:00,Mattawa,0,
Priest Rapids Tailrace STH,2,G7270A73A,2026-05-02 19:03:51,2026-05-04 16:25:00,Priest BRZ,0,
Priest Rapids Tailrace STH,2,G7270A73A,2026-05-02 19:03:51,2026-05-04 16:25:00,Lower Ringold,1,2026-05-05 05:25:37
Priest Rapids Tailrace STH,2,G7270A73A,2026-05-02 19:03:51,2026-05-04 16:25:00,Hanford,1,2026-05-05 08:17:57
Priest Rapids Tailrace STH,1,G7271961E,2026-05-05 18:29:41,2026-05-07 16:28:00,Crescent Bar,0,
Priest Rapids Tailrace STH,1,G7271961E,2026-05-05 18:29:41,2026-05-07 16:28:00,Sunland,0,
Priest Rapids Tailrace STH,1,G7271961E,2026-05-05 18:29:41,2026-05-07 16:28:00,Wanapum BRZ,0,
Priest Rapids Tailrace STH,1,G7271961E,2026-05-05 18:29:41,2026-05-07 16:28:00,Mattawa,0,
Priest Rapids Tailrace STH,1,G7271961E,2026-05-05 18:29:41,2026-05-07 16:28:00,Priest BRZ,0,
Priest Rapids Tailrace STH,1,G7271961E,2026-05-05 18:29:41,2026-05-07 16:28:00,Lower Ringold,1,2026-05-10 04:15:22
Priest Rapids Tailrace STH,1,G7271961E,2026-05-05 18:29:41,2026-05-07 16:28:00,Hanford,1,2026-05-10 07:48:25
Priest Rapids Tailrace STH,1,G72729715,2026-05-04 19:15:40,2026-05-06 16:47:00,Crescent Bar,0,
Priest Rapids Tailrace STH,1,G72729715,2026-05-04 19:15:40,2026-05-06 16:47:00,Sunland,0,
Priest Rapids Tailrace STH,1,G72729715,2026-05-04 19:15:40,2026-05-06 16:47:00,Wanapum BRZ,0,
Priest Rapids Tailrace STH,1,G72729715,2026-05-04 19:15:40,2026-05-06 16:47:00,Mattawa,0,
Priest Rapids Tailrace STH,1,G72729715,2026-05-04 19:15:40,2026-05-06 16:47:00,Priest BRZ,0,
Priest Rapids Tailrace STH,1,G72729715,2026-05-04 19:15:40,2026-05-06 16:47:00,Lower Ringold,1,2026-05-07 08:01:40
Priest Rapids Tailrace STH,1,G72729715,2026-05-04 19:15:40,2026-05-06 16:47:00,Hanford,1,2026-05-07 11:15:03
Priest Rapids Tailrace STH,1,G72740C8E,2026-05-02 19:00:05,2026-05-04 16:25:00,Crescent Bar,0,
Priest Rapids Tailrace STH,1,G72740C8E,2026-05-02 19:00:05,2026-05-04 16:25:00,Sunland,0,
Priest Rapids Tailrace STH,1,G72740C8E,2026-05-02 19:00:05,2026-05-04 16:25:00,Wanapum BRZ,0,
Priest Rapids Tailrace STH,1,G72740C8E,2026-05-02 19:00:05,2026-05-04 16:25:00,Mattawa,0,
Priest Rapids Tailrace STH,1,G72740C8E,2026-05-02 19:00:05,2026-05-04 16:25:00,Priest BRZ,0,
Priest Rapids Tailrace STH,1,G72740C8E,2026-05-02 19:00:05,2026-05-04 16:25:00,Lower Ringold,1,2026-05-05 04:16:56
Priest Rapids Tailrace STH,1,G72740C8E,2026-05-02 19:00:05,2026-05-04 16:25:00,Hanford,1,2026-05-05 07:00:06
Priest Rapids Tailrace STH,1,G7276F196,2026-05-01 19:09:59,2026-05-04 16:25:00,Crescent Bar,0,
Priest Rapids Tailrace STH,1,G7276F196,2026-05-01 19:09:59,2026-05-04 16:25:00,Sunland,0,
Priest Rapids Tailrace STH,1,G7276F196,2026-05-01 19:09:59,2026-05-04 16:25:00,Wanapum BRZ,0,
Priest Rapids Tailrace STH,1,G7276F196,2026-05-01 19:09:59,2026-05-04 16:25:00,Mattawa,0,
Priest Rapids Tailrace STH,1,G7276F196,2026-05-01 19:09:59,2026-05-04 16:25:00,Priest BRZ,0,
Priest Rapids Tailrace STH,1,G7276F196,2026-05-01 19:09:59,2026-05-04 16:25:00,Lower Ringold,1,2026-05-07 01:59:21
Priest Rapids Tailrace STH,1,G7276F196,2026-05-01 19:09:59,2026-05-04 16:25:00,Hanford,1,2026-05-07 04:35:04
Priest Rapids Tailrace STH,2,G7278D456,2026-05-05 18:27:40,2026-05-07 16:28:00,Crescent Bar,0,
Priest Rapids Tailrace STH,2,G7278D456,2026-05-05 18:27:40,2026-05-07 16:28:00,Sunland,0,
Priest Rapids Tailrace STH,2,G7278D456,2026-05-05 18:27:40,2026-05-07 16:28:00,Wanapum BRZ,0,
Priest Rapids Tailrace STH,2,G7278D456,2026-05-05 18:27:40,2026-05-07 16:28:00,Mattawa,0,
Priest Rapids Tailrace STH,2,G7278D456,2026-05-05 18:27:40,2026-05-07 16:28:00,Priest BRZ,0,
Priest Rapids Tailrace STH,2,G7278D456,2026-05-05 18:27:40,2026-05-07 16:28:00,Lower Ringold,1,2026-05-08 03:55:52
Priest Rapids Tailrace STH,2,G7278D456,2026-05-05 18:27:40,2026-05-07 16:28:00,Hanford,1,2026-05-08 12:53:21
Priest Rapids Tailrace STH,2,G727B1EB7,2026-04-30 18:03:09,2026-05-02 16:36:00,Crescent Bar,0,
Priest Rapids Tailrace STH,2,G727B1EB7,2026-04-30 18:03:09,2026-05-02 16:36:00,Sunland,0,
Priest Rapids Tailrace STH,2,G727B1EB7,2026-04-30 18:03:09,2026-05-02 16:36:00,Wanapum BRZ,0,
Priest Rapids Tailrace STH,2,G727B1EB7,2026-04-30 18:03:09,2026-05-02 16:36:00,Mattawa,0,
Priest Rapids Tailrace STH,2,G727B1EB7,2026-04-30 18:03:09,2026-05-02 16:36:00,Priest BRZ,0,
Priest Rapids Tailrace STH,2,G727B1EB7,2026-04-30 18:03:09,2026-05-02 16:36:00,Lower Ringold,1,2026-05-04 17:35:57
Priest Rapids Tailrace STH,2,G727B1EB7,2026-04-30 18:03:09,2026-05-02 16:36:00,Hanford,1,2026-05-21 09:36:26
Priest Rapids Tailrace STH,2,G72824CFB,2026-04-29 17:50:45,2026-05-01 16:26:00,Crescent Bar,0,
Priest Rapids Tailrace STH,2,G72824CFB,2026-04-29 17:50:45,2026-05-01 16:26:00,Sunland,0,
Priest Rapids Tailrace STH,2,G72824CFB,2026-04-29 17:50:45,2026-05-01 16:26:00,Wanapum BRZ,0,
Priest Rapids Tailrace STH,2,G72824CFB,2026-04-29 17:50:45,2026-05-01 16:26:00,Mattawa,0,
Priest Rapids Tailrace STH,2,G72824CFB,2026-04-29 17:50:45,2026-05-01 16:26:00,Priest BRZ,0,
Priest Rapids Tailrace STH,2,G72824CFB,2026-04-29 17:50:45,2026-05-01 16:26:00,Lower Ringold,0,
Priest Rapids Tailrace STH,2,G72824CFB,2026-04-29 17:50:45,2026-05-01 16:26:00,Hanford,0,
Priest Rapids Tailrace STH,3,G7282AEAE,2026-05-03 19:46:00,2026-05-05 17:13:00,Crescent Bar,0,
Priest Rapids Tailrace STH,3,G7282AEAE,2026-05-03 19:46:00,2026-05-05 17:13:00,Sunland,0,
Priest Rapids Tailrace STH,3,G7282AEAE,2026-05-03 19:46:00,2026-05-05 17:13:00,Wanapum BRZ,0,
Priest Rapids Tailrace STH,3,G7282AEAE,2026-05-03 19:46:00,2026-05-05 17:13:00,Mattawa,0,
Priest Rapids Tailrace STH,3,G7282AEAE,2026-05-03 19:46:00,2026-05-05 17:13:00,Priest BRZ,0,
Priest Rapids Tailrace STH,3,G7282AEAE,2026-05-03 19:46:00,2026-05-05 17:13:00,Lower Ringold,1,2026-05-06 03:52:11
Priest Rapids Tailrace STH,3,G7282AEAE,2026-05-03 19:46:00,2026-05-05 17:13:00,Hanford,1,2026-05-06 06:36:42
Priest Rapids Tailrace STH,1,G7284506F,2026-04-30 18:13:00,2026-05-02 16:36:00,Crescent Bar,0,
Priest Rapids Tailrace STH,1,G7284506F,2026-04-30 18:13:00,2026-05-02 16:36:00,Sunland,0,
Priest Rapids Tailrace STH,1,G7284506F,2026-04-30 18:13:00,2026-05-02 16:36:00,Wanapum BRZ,0,
Priest Rapids Tailrace STH,1,G7284506F,2026-04-30 18:13:00,2026-05-02 16:36:00,Mattawa,0,
Priest Rapids Tailrace STH,1,G7284506F,2026-04-30 18:13:00,2026-05-02 16:36:00,Priest BRZ,0,
Priest Rapids Tailrace STH,1,G7284506F,2026-04-30 18:13:00,2026-05-02 16:36:00,Lower Ringold,1,2026-05-03 02:38:14
Priest Rapids Tailrace STH,1,G7284506F,2026-04-30 18:13:00,2026-05-02 16:36:00,Hanford,1,2026-05-03 05:45:34
Priest Rapids Tailrace STH,1,G7284DEFC,2026-04-29 17:43:20,2026-05-01 16:26:00,Crescent Bar,0,
Priest Rapids Tailrace STH,1,G7284DEFC,2026-04-29 17:43:20,2026-05-01 16:26:00,Sunland,0,
Priest Rapids Tailrace STH,1,G7284DEFC,2026-04-29 17:43:20,2026-05-01 16:26:00,Wanapum BRZ,0,
Priest Rapids Tailrace STH,1,G7284DEFC,2026-04-29 17:43:20,2026-05-01 16:26:00,Mattawa,0,
Priest Rapids Tailrace STH,1,G7284DEFC,2026-04-29 17:43:20,2026-05-01 16:26:00,Priest BRZ,0,
Priest Rapids Tailrace STH,1,G7284DEFC,2026-04-29 17:43:20,2026-05-01 16:26:00,Lower Ringold,1,2026-05-02 13:26:03
Priest Rapids Tailrace STH,1,G7284DEFC,2026-04-29 17:43:20,2026-05-01 16:26:00,Hanford,1,2026-05-16 06:16:13
Priest Rapids Tailrace STH,1,G72852053,2026-05-01 18:51:46,2026-05-03 16:31:00,Crescent Bar,0,
Priest Rapids Tailrace STH,1,G72852053,2026-05-01 18:51:46,2026-05-03 16:31:00,Sunland,0,
Priest Rapids Tailrace STH,1,G72852053,2026-05-01 18:51:46,2026-05-03 16:31:00,Wanapum BRZ,0,
Priest Rapids Tailrace STH,1,G72852053,2026-05-01 18:51:46,2026-05-03 16:31:00,Mattawa,0,
Priest Rapids Tailrace STH,1,G72852053,2026-05-01 18:51:46,2026-05-03 16:31:00,Priest BRZ,0,
Priest Rapids Tailrace STH,1,G72852053,2026-05-01 18:51:46,2026-05-03 16:31:00,Lower Ringold,1,2026-05-04 09:16:58
Priest Rapids Tailrace STH,1,G72852053,2026-05-01 18:51:46,2026-05-03 16:31:00,Hanford,1,2026-05-04 12:03:03
Priest Rapids Tailrace STH,2,G7285210D,2026-04-29 17:41:05,2026-05-01 16:26:00,Crescent Bar,0,
Priest Rapids Tailrace STH,2,G7285210D,2026-04-29 17:41:05,2026-05-01 16:26:00,Sunland,0,
Priest Rapids Tailrace STH,2,G7285210D,2026-04-29 17:41:05,2026-05-01 16:26:00,Wanapum BRZ,0,
Priest Rapids Tailrace STH,2,G7285210D,2026-04-29 17:41:05,2026-05-01 16:26:00,Mattawa,0,
Priest Rapids Tailrace STH,2,G7285210D,2026-04-29 17:41:05,2026-05-01 16:26:00,Priest BRZ,0,
Priest Rapids Tailrace STH,2,G7285210D,2026-04-29 17:41:05,2026-05-01 16:26:00,Lower Ringold,1,2026-05-02 06:28:41
Priest Rapids Tailrace STH,2,G7285210D,2026-04-29 17:41:05,2026-05-01 16:26:00,Hanford,1,2026-05-02 09:17:17
Priest Rapids Tailrace STH,3,G72867AA3,2026-05-01 18:54:08,2026-05-03 16:31:00,Crescent Bar,0,
Priest Rapids Tailrace STH,3,G72867AA3,2026-05-01 18:54:08,2026-05-03 16:31:00,Sunland,0,
Priest Rapids Tailrace STH,3,G72867AA3,2026-05-01 18:54:08,2026-05-03 16:31:00,Wanapum BRZ,0,
Priest Rapids Tailrace STH,3,G72867AA3,2026-05-01 18:54:08,2026-05-03 16:31:00,Mattawa,0,
Priest Rapids Tailrace STH,3,G72867AA3,2026-05-01 18:54:08,2026-05-03 16:31:00,Priest BRZ,0,
Priest Rapids Tailrace STH,3,G72867AA3,2026-05-01 18:54:08,2026-05-03 16:31:00,Lower Ringold,1,2026-05-04 05:09:46
Priest Rapids Tailrace STH,3,G72867AA3,2026-05-01 18:54:08,2026-05-03 16:31:00,Hanford,1,2026-05-04 08:12:32
Priest Rapids Tailrace STH,1,G72879EEF,2026-05-04 19:24:03,2026-05-06 16:47:00,Crescent Bar,0,
Priest Rapids Tailrace STH,1,G72879EEF,2026-05-04 19:24:03,2026-05-06 16:47:00,Sunland,0,
Priest Rapids Tailrace STH,1,G72879EEF,2026-05-04 19:24:03,2026-05-06 16:47:00,Wanapum BRZ,0,
Priest Rapids Tailrace STH,1,G72879EEF,2026-05-04 19:24:03,2026-05-06 16:47:00,Mattawa,0,
Priest Rapids Tailrace STH,1,G72879EEF,2026-05-04 19:24:03,2026-05-06 16:47:00,Priest BRZ,0,
Priest Rapids Tailrace STH,1,G72879EEF,2026-05-04 19:24:03,2026-05-06 16:47:00,Lower Ringold,1,2026-05-10 12:03:54
Priest Rapids Tailrace STH,1,G72879EEF,2026-05-04 19:24:03,2026-05-06 16:47:00,Hanford,1,2026-05-10 15:09:33
Priest Rapids Tailrace STH,2,G7288854A,2026-05-05 18:32:38,2026-05-07 16:28:00,Crescent Bar,0,
Priest Rapids Tailrace STH,2,G7288854A,2026-05-05 18:32:38,2026-05-07 16:28:00,Sunland,0,
Priest Rapids Tailrace STH,2,G7288854A,2026-05-05 18:32:38,2026-05-07 16:28:00,Wanapum BRZ,0,
Priest Rapids Tailrace STH,2,G7288854A,2026-05-05 18:32:38,2026-05-07 16:28:00,Mattawa,0,
Priest Rapids Tailrace STH,2,G7288854A,2026-05-05 18:32:38,2026-05-07 16:28:00,Priest BRZ,0,
Priest Rapids Tailrace STH,2,G7288854A,2026-05-05 18:32:38,2026-05-07 16:28:00,Lower Ringold,1,2026-05-08 07:29:56
Priest Rapids Tailrace STH,2,G7288854A,2026-05-05 18:32:38,2026-05-07 16:28:00,Hanford,1,2026-05-08 12:12:33
Priest Rapids Tailrace STH,1,G7288C50C,2026-05-04 19:12:13,2026-05-06 16:47:00,Crescent Bar,0,
Priest Rapids Tailrace STH,1,G7288C50C,2026-05-04 19:12:13,2026-05-06 16:47:00,Sunland,0,
Priest Rapids Tailrace STH,1,G7288C50C,2026-05-04 19:12:13,2026-05-06 16:47:00,Wanapum BRZ,0,
Priest Rapids Tailrace STH,1,G7288C50C,2026-05-04 19:12:13,2026-05-06 16:47:00,Mattawa,0,
Priest Rapids Tailrace STH,1,G7288C50C,2026-05-04 19:12:13,2026-05-06 16:47:00,Priest BRZ,0,
Priest Rapids Tailrace STH,1,G7288C50C,2026-05-04 19:12:13,2026-05-06 16:47:00,Lower Ringold,1,2026-05-07 23:17:48
Priest Rapids Tailrace STH,1,G7288C50C,2026-05-04 19:12:13,2026-05-06 16:47:00,Hanford,1,2026-05-08 04:11:29
Priest Rapids Tailrace STH,1,G728CBA8E,2026-05-05 18:17:20,2026-05-07 16:28:00,Crescent Bar,0,
Priest Rapids Tailrace STH,1,G728CBA8E,2026-05-05 18:17:20,2026-05-07 16:28:00,Sunland,0,
Priest Rapids Tailrace STH,1,G728CBA8E,2026-05-05 18:17:20,2026-05-07 16:28:00,Wanapum BRZ,0,
Priest Rapids Tailrace STH,1,G728CBA8E,2026-05-05 18:17:20,2026-05-07 16:28:00,Mattawa,0,
Priest Rapids Tailrace STH,1,G728CBA8E,2026-05-05 18:17:20,2026-05-07 16:28:00,Priest BRZ,0,
Priest Rapids Tailrace STH,1,G728CBA8E,2026-05-05 18:17:20,2026-05-07 16:28:00,Lower Ringold,1,2026-05-08 04:24:10
Priest Rapids Tailrace STH,1,G728CBA8E,2026-05-05 18:17:20,2026-05-07 16:28:00,Hanford,1,2026-05-08 15:09:09
Priest Rapids Tailrace STH,2,G72907BBB,2026-05-01 18:49:48,2026-05-03 16:31:00,Crescent Bar,0,
Priest Rapids Tailrace STH,2,G72907BBB,2026-05-01 18:49:48,2026-05-03 16:31:00,Sunland,0,
Priest Rapids Tailrace STH,2,G72907BBB,2026-05-01 18:49:48,2026-05-03 16:31:00,Wanapum BRZ,0,
Priest Rapids Tailrace STH,2,G72907BBB,2026-05-01 18:49:48,2026-05-03 16:31:00,Mattawa,0,
Priest Rapids Tailrace STH,2,G72907BBB,2026-05-01 18:49:48,2026-05-03 16:31:00,Priest BRZ,0,
Priest Rapids Tailrace STH,2,G72907BBB,2026-05-01 18:49:48,2026-05-03 16:31:00,Lower Ringold,1,2026-05-06 01:34:53
Priest Rapids Tailrace STH,2,G72907BBB,2026-05-01 18:49:48,2026-05-03 16:31:00,Hanford,1,2026-05-06 19:28:32
Priest Rapids Tailrace STH,2,G7291966B,2026-04-29 17:43:49,2026-05-01 16:26:00,Crescent Bar,0,
Priest Rapids Tailrace STH,2,G7291966B,2026-04-29 17:43:49,2026-05-01 16:26:00,Sunland,0,
Priest Rapids Tailrace STH,2,G7291966B,2026-04-29 17:43:49,2026-05-01 16:26:00,Wanapum BRZ,0,
Priest Rapids Tailrace STH,2,G7291966B,2026-04-29 17:43:49,2026-05-01 16:26:00,Mattawa,0,
Priest Rapids Tailrace STH,2,G7291966B,2026-04-29 17:43:49,2026-05-01 16:26:00,Priest BRZ,0,
Priest Rapids Tailrace STH,2,G7291966B,2026-04-29 17:43:49,2026-05-01 16:26:00,Lower Ringold,1,2026-05-02 20:39:16
Priest Rapids Tailrace STH,2,G7291966B,2026-04-29 17:43:49,2026-05-01 16:26:00,Hanford,1,2026-05-04 08:56:07
Priest Rapids Tailrace STH,1,G7291EDB3,2026-05-01 18:42:43,2026-05-03 16:31:00,Crescent Bar,0,
Priest Rapids Tailrace STH,1,G7291EDB3,2026-05-01 18:42:43,2026-05-03 16:31:00,Sunland,0,
Priest Rapids Tailrace STH,1,G7291EDB3,2026-05-01 18:42:43,2026-05-03 16:31:00,Wanapum BRZ,0,
Priest Rapids Tailrace STH,1,G7291EDB3,2026-05-01 18:42:43,2026-05-03 16:31:00,Mattawa,0,
Priest Rapids Tailrace STH,1,G7291EDB3,2026-05-01 18:42:43,2026-05-03 16:31:00,Priest BRZ,0,
Priest Rapids Tailrace STH,1,G7291EDB3,2026-05-01 18:42:43,2026-05-03 16:31:00,Lower Ringold,1,2026-05-04 06:59:28
Priest Rapids Tailrace STH,1,G7291EDB3,2026-05-01 18:42:43,2026-05-03 16:31:00,Hanford,1,2026-05-04 09:58:23
Priest Rapids Tailrace STH,1,G7292EDE6,2026-05-04 19:02:51,2026-05-06 16:47:00,Crescent Bar,0,
Priest Rapids Tailrace STH,1,G7292EDE6,2026-05-04 19:02:51,2026-05-06 16:47:00,Sunland,0,
Priest Rapids Tailrace STH,1,G7292EDE6,2026-05-04 19:02:51,2026-05-06 16:47:00,Wanapum BRZ,0,
Priest Rapids Tailrace STH,1,G7292EDE6,2026-05-04 19:02:51,2026-05-06 16:47:00,Mattawa,0,
Priest Rapids Tailrace STH,1,G7292EDE6,2026-05-04 19:02:51,2026-05-06 16:47:00,Priest BRZ,0,
Priest Rapids Tailrace STH,1,G7292EDE6,2026-05-04 19:02:51,2026-05-06 16:47:00,Lower Ringold,0,
Priest Rapids Tailrace STH,1,G7292EDE6,2026-05-04 19:02:51,2026-05-06 16:47:00,Hanford,0,
Priest Rapids Tailrace STH,1,G72937952,2026-05-03 19:59:41,2026-05-05 17:13:00,Crescent Bar,0,
Priest Rapids Tailrace STH,1,G72937952,2026-05-03 19:59:41,2026-05-05 17:13:00,Sunland,0,
Priest Rapids Tailrace STH,1,G72937952,2026-05-03 19:59:41,2026-05-05 17:13:00,Wanapum BRZ,0,
Priest Rapids Tailrace STH,1,G72937952,2026-05-03 19:59:41,2026-05-05 17:13:00,Mattawa,0,
Priest Rapids Tailrace STH,1,G72937952,2026-05-03 19:59:41,2026-05-05 17:13:00,Priest BRZ,0,
Priest Rapids Tailrace STH,1,G72937952,2026-05-03 19:59:41,2026-05-05 17:13:00,Lower Ringold,1,2026-05-06 05:39:51
Priest Rapids Tailrace STH,1,G72937952,2026-05-03 19:59:41,2026-05-05 17:13:00,Hanford,1,2026-05-06 08:50:00
Priest Rapids Tailrace STH,1,G7293ABB9,2026-05-04 19:08:11,2026-05-06 16:47:00,Crescent Bar,0,
Priest Rapids Tailrace STH,1,G7293ABB9,2026-05-04 19:08:11,2026-05-06 16:47:00,Sunland,0,
Priest Rapids Tailrace STH,1,G7293ABB9,2026-05-04 19:08:11,2026-05-06 16:47:00,Wanapum BRZ,0,
Priest Rapids Tailrace STH,1,G7293ABB9,2026-05-04 19:08:11,2026-05-06 16:47:00,Mattawa,0,
Priest Rapids Tailrace STH,1,G7293ABB9,2026-05-04 19:08:11,2026-05-06 16:47:00,Priest BRZ,0,
Priest Rapids Tailrace STH,1,G7293ABB9,2026-05-04 19:08:11,2026-05-06 16:47:00,Lower Ringold,1,2026-05-07 08:35:59
Priest Rapids Tailrace STH,1,G7293ABB9,2026-05-04 19:08:11,2026-05-06 16:47:00,Hanford,1,2026-05-07 11:59:05
Priest Rapids Tailrace STH,1,G7295037E,2026-05-03 19:49:05,2026-05-05 17:13:00,Crescent Bar,0,
Priest Rapids Tailrace STH,1,G7295037E,2026-05-03 19:49:05,2026-05-05 17:13:00,Sunland,0,
Priest Rapids Tailrace STH,1,G7295037E,2026-05-03 19:49:05,2026-05-05 17:13:00,Wanapum BRZ,0,
Priest Rapids Tailrace STH,1,G7295037E,2026-05-03 19:49:05,2026-05-05 17:13:00,Mattawa,0,
Priest Rapids Tailrace STH,1,G7295037E,2026-05-03 19:49:05,2026-05-05 17:13:00,Priest BRZ,0,
Priest Rapids Tailrace STH,1,G7295037E,2026-05-03 19:49:05,2026-05-05 17:13:00,Lower Ringold,0,
Priest Rapids Tailrace STH,1,G7295037E,2026-05-03 19:49:05,2026-05-05 17:13:00,Hanford,0,
Priest Rapids Tailrace STH,1,G729594EC,2026-05-05 18:30:54,2026-05-07 16:28:00,Crescent Bar,0,
Priest Rapids Tailrace STH,1,G729594EC,2026-05-05 18:30:54,2026-05-07 16:28:00,Sunland,0,
Priest Rapids Tailrace STH,1,G729594EC,2026-05-05 18:30:54,2026-05-07 16:28:00,Wanapum BRZ,0,
Priest Rapids Tailrace STH,1,G729594EC,2026-05-05 18:30:54,2026-05-07 16:28:00,Mattawa,0,
Priest Rapids Tailrace STH,1,G729594EC,2026-05-05 18:30:54,2026-05-07 16:28:00,Priest BRZ,0,
Priest Rapids Tailrace STH,1,G729594EC,2026-05-05 18:30:54,2026-05-07 16:28:00,Lower Ringold,1,2026-05-08 05:41:00
Priest Rapids Tailrace STH,1,G729594EC,2026-05-05 18:30:54,2026-05-07 16:28:00,Hanford,1,2026-05-08 08:46:50
Priest Rapids Tailrace STH,1,G7297A0A2,2026-05-05 18:13:20,2026-05-07 16:28:00,Crescent Bar,0,
Priest Rapids Tailrace STH,1,G7297A0A2,2026-05-05 18:13:20,2026-05-07 16:28:00,Sunland,0,
Priest Rapids Tailrace STH,1,G7297A0A2,2026-05-05 18:13:20,2026-05-07 16:28:00,Wanapum BRZ,0,
Priest Rapids Tailrace STH,1,G7297A0A2,2026-05-05 18:13:20,2026-05-07 16:28:00,Mattawa,0,
Priest Rapids Tailrace STH,1,G7297A0A2,2026-05-05 18:13:20,2026-05-07 16:28:00,Priest BRZ,0,
Priest Rapids Tailrace STH,1,G7297A0A2,2026-05-05 18:13:20,2026-05-07 16:28:00,Lower Ringold,1,2026-05-08 04:13:54
Priest Rapids Tailrace STH,1,G7297A0A2,2026-05-05 18:13:20,2026-05-07 16:28:00,Hanford,1,2026-05-08 07:33:00
Priest Rapids Tailrace STH,3,G729868B2,2026-04-29 17:52:56,2026-05-01 16:26:00,Crescent Bar,0,
Priest Rapids Tailrace STH,3,G729868B2,2026-04-29 17:52:56,2026-05-01 16:26:00,Sunland,0,
Priest Rapids Tailrace STH,3,G729868B2,2026-04-29 17:52:56,2026-05-01 16:26:00,Wanapum BRZ,0,
Priest Rapids Tailrace STH,3,G729868B2,2026-04-29 17:52:56,2026-05-01 16:26:00,Mattawa,0,
Priest Rapids Tailrace STH,3,G729868B2,2026-04-29 17:52:56,2026-05-01 16:26:00,Priest BRZ,0,
Priest Rapids Tailrace STH,3,G729868B2,2026-04-29 17:52:56,2026-05-01 16:26:00,Lower Ringold,1,2026-05-02 03:14:14
Priest Rapids Tailrace STH,3,G729868B2,2026-04-29 17:52:56,2026-05-01 16:26:00,Hanford,1,2026-05-02 15:09:47
Priest Rapids Tailrace STH,3,G72989998,2026-04-28 22:33:06,2026-04-30 16:19:00,Crescent Bar,0,
Priest Rapids Tailrace STH,3,G72989998,2026-04-28 22:33:06,2026-04-30 16:19:00,Sunland,0,
Priest Rapids Tailrace STH,3,G72989998,2026-04-28 22:33:06,2026-04-30 16:19:00,Wanapum BRZ,0,
Priest Rapids Tailrace STH,3,G72989998,2026-04-28 22:33:06,2026-04-30 16:19:00,Mattawa,0,
Priest Rapids Tailrace STH,3,G72989998,2026-04-28 22:33:06,2026-04-30 16:19:00,Priest BRZ,0,
Priest Rapids Tailrace STH,3,G72989998,2026-04-28 22:33:06,2026-04-30 16:19:00,Lower Ringold,1,2026-05-21 11:14:38
Priest Rapids Tailrace STH,3,G72989998,2026-04-28 22:33:06,2026-04-30 16:19:00,Hanford,1,2026-05-21 21:53:04
Priest Rapids Tailrace STH,1,G72991DB1,2026-05-05 18:16:29,2026-05-07 16:28:00,Crescent Bar,0,
Priest Rapids Tailrace STH,1,G72991DB1,2026-05-05 18:16:29,2026-05-07 16:28:00,Sunland,0,
Priest Rapids Tailrace STH,1,G72991DB1,2026-05-05 18:16:29,2026-05-07 16:28:00,Wanapum BRZ,0,
Priest Rapids Tailrace STH,1,G72991DB1,2026-05-05 18:16:29,2026-05-07 16:28:00,Mattawa,0,
Priest Rapids Tailrace STH,1,G72991DB1,2026-05-05 18:16:29,2026-05-07 16:28:00,Priest BRZ,0,
Priest Rapids Tailrace STH,1,G72991DB1,2026-05-05 18:16:29,2026-05-07 16:28:00,Lower Ringold,0,
Priest Rapids Tailrace STH,1,G72991DB1,2026-05-05 18:16:29,2026-05-07 16:28:00,Hanford,0,
Priest Rapids Tailrace STH,1,G729932D3,2026-04-30 18:08:03,2026-05-02 16:36:00,Crescent Bar,0,
Priest Rapids Tailrace STH,1,G729932D3,2026-04-30 18:08:03,2026-05-02 16:36:00,Sunland,0,
Priest Rapids Tailrace STH,1,G729932D3,2026-04-30 18:08:03,2026-05-02 16:36:00,Wanapum BRZ,0,
Priest Rapids Tailrace STH,1,G729932D3,2026-04-30 18:08:03,2026-05-02 16:36:00,Mattawa,0,
Priest Rapids Tailrace STH,1,G729932D3,2026-04-30 18:08:03,2026-05-02 16:36:00,Priest BRZ,0,
Priest Rapids Tailrace STH,1,G729932D3,2026-04-30 18:08:03,2026-05-02 16:36:00,Lower Ringold,1,2026-05-03 04:39:35
Priest Rapids Tailrace STH,1,G729932D3,2026-04-30 18:08:03,2026-05-02 16:36:00,Hanford,1,2026-05-03 07:44:26
Priest Rapids Tailrace STH,1,G72993D92,2026-05-03 19:45:41,2026-05-05 17:13:00,Crescent Bar,0,
Priest Rapids Tailrace STH,1,G72993D92,2026-05-03 19:45:41,2026-05-05 17:13:00,Sunland,0,
Priest Rapids Tailrace STH,1,G72993D92,2026-05-03 19:45:41,2026-05-05 17:13:00,Wanapum BRZ,0,
Priest Rapids Tailrace STH,1,G72993D92,2026-05-03 19:45:41,2026-05-05 17:13:00,Mattawa,0,
Priest Rapids Tailrace STH,1,G72993D92,2026-05-03 19:45:41,2026-05-05 17:13:00,Priest BRZ,0,
Priest Rapids Tailrace STH,1,G72993D92,2026-05-03 19:45:41,2026-05-05 17:13:00,Lower Ringold,1,2026-05-06 06:41:05
Priest Rapids Tailrace STH,1,G72993D92,2026-05-03 19:45:41,2026-05-05 17:13:00,Hanford,1,2026-05-06 15:48:09
Priest Rapids Tailrace STH,3,G729B4539,2026-04-29 17:45:13,2026-05-01 16:26:00,Crescent Bar,0,
Priest Rapids Tailrace STH,3,G729B4539,2026-04-29 17:45:13,2026-05-01 16:26:00,Sunland,0,
Priest Rapids Tailrace STH,3,G729B4539,2026-04-29 17:45:13,2026-05-01 16:26:00,Wanapum BRZ,0,
Priest Rapids Tailrace STH,3,G729B4539,2026-04-29 17:45:13,2026-05-01 16:26:00,Mattawa,0,
Priest Rapids Tailrace STH,3,G729B4539,2026-04-29 17:45:13,2026-05-01 16:26:00,Priest BRZ,0,
Priest Rapids Tailrace STH,3,G729B4539,2026-04-29 17:45:13,2026-05-01 16:26:00,Lower Ringold,1,2026-05-02 13:23:06
Priest Rapids Tailrace STH,3,G729B4539,2026-04-29 17:45:13,2026-05-01 16:26:00,Hanford,1,2026-05-09 13:21:17
Priest Rapids Tailrace STH,3,G729BA30D,2026-05-05 18:04:19,2026-05-07 16:28:00,Crescent Bar,0,
Priest Rapids Tailrace STH,3,G729BA30D,2026-05-05 18:04:19,2026-05-07 16:28:00,Sunland,0,
Priest Rapids Tailrace STH,3,G729BA30D,2026-05-05 18:04:19,2026-05-07 16:28:00,Wanapum BRZ,0,
Priest Rapids Tailrace STH,3,G729BA30D,2026-05-05 18:04:19,2026-05-07 16:28:00,Mattawa,0,
Priest Rapids Tailrace STH,3,G729BA30D,2026-05-05 18:04:19,2026-05-07 16:28:00,Priest BRZ,0,
Priest Rapids Tailrace STH,3,G729BA30D,2026-05-05 18:04:19,2026-05-07 16:28:00,Lower Ringold,0,
Priest Rapids Tailrace STH,3,G729BA30D,2026-05-05 18:04:19,2026-05-07 16:28:00,Hanford,0,
Priest Rapids Tailrace STH,2,G729C5494,2026-05-05 18:11:57,2026-05-07 16:28:00,Crescent Bar,0,
Priest Rapids Tailrace STH,2,G729C5494,2026-05-05 18:11:57,2026-05-07 16:28:00,Sunland,0,
Priest Rapids Tailrace STH,2,G729C5494,2026-05-05 18:11:57,2026-05-07 16:28:00,Wanapum BRZ,0,
Priest Rapids Tailrace STH,2,G729C5494,2026-05-05 18:11:57,2026-05-07 16:28:00,Mattawa,0,
Priest Rapids Tailrace STH,2,G729C5494,2026-05-05 18:11:57,2026-05-07 16:28:00,Priest BRZ,0,
Priest Rapids Tailrace STH,2,G729C5494,2026-05-05 18:11:57,2026-05-07 16:28:00,Lower Ringold,1,2026-05-08 02:40:14
Priest Rapids Tailrace STH,2,G729C5494,2026-05-05 18:11:57,2026-05-07 16:28:00,Hanford,1,2026-05-08 05:51:37
Priest Rapids Tailrace STH,2,G729CD546,2026-05-05 18:26:10,2026-05-07 16:28:00,Crescent Bar,0,
Priest Rapids Tailrace STH,2,G729CD546,2026-05-05 18:26:10,2026-05-07 16:28:00,Sunland,0,
Priest Rapids Tailrace STH,2,G729CD546,2026-05-05 18:26:10,2026-05-07 16:28:00,Wanapum BRZ,0,
Priest Rapids Tailrace STH,2,G729CD546,2026-05-05 18:26:10,2026-05-07 16:28:00,Mattawa,0,
Priest Rapids Tailrace STH,2,G729CD546,2026-05-05 18:26:10,2026-05-07 16:28:00,Priest BRZ,0,
Priest Rapids Tailrace STH,2,G729CD546,2026-05-05 18:26:10,2026-05-07 16:28:00,Lower Ringold,1,2026-06-06 14:17:43
Priest Rapids Tailrace STH,2,G729CD546,2026-05-05 18:26:10,2026-05-07 16:28:00,Hanford,1,2026-06-06 16:45:41
Priest Rapids Tailrace STH,1,G729CE61A,2026-05-04 19:15:03,2026-05-06 16:47:00,Crescent Bar,0,
Priest Rapids Tailrace STH,1,G729CE61A,2026-05-04 19:15:03,2026-05-06 16:47:00,Sunland,0,
Priest Rapids Tailrace STH,1,G729CE61A,2026-05-04 19:15:03,2026-05-06 16:47:00,Wanapum BRZ,0,
Priest Rapids Tailrace STH,1,G729CE61A,2026-05-04 19:15:03,2026-05-06 16:47:00,Mattawa,0,
Priest Rapids Tailrace STH,1,G729CE61A,2026-05-04 19:15:03,2026-05-06 16:47:00,Priest BRZ,0,
Priest Rapids Tailrace STH,1,G729CE61A,2026-05-04 19:15:03,2026-05-06 16:47:00,Lower Ringold,1,2026-05-07 05:09:24
Priest Rapids Tailrace STH,1,G729CE61A,2026-05-04 19:15:03,2026-05-06 16:47:00,Hanford,1,2026-05-07 07:56:58
Priest Rapids Tailrace STH,1,G729D3F15,2026-04-29 17:40:37,2026-05-01 16:26:00,Crescent Bar,0,
Priest Rapids Tailrace STH,1,G729D3F15,2026-04-29 17:40:37,2026-05-01 16:26:00,Sunland,0,
Priest Rapids Tailrace STH,1,G729D3F15,2026-04-29 17:40:37,2026-05-01 16:26:00,Wanapum BRZ,0,
Priest Rapids Tailrace STH,1,G729D3F15,2026-04-29 17:40:37,2026-05-01 16:26:00,Mattawa,0,
Priest Rapids Tailrace STH,1,G729D3F15,2026-04-29 17:40:37,2026-05-01 16:26:00,Priest BRZ,0,
Priest Rapids Tailrace STH,1,G729D3F15,2026-04-29 17:40:37,2026-05-01 16:26:00,Lower Ringold,1,2026-05-02 03:32:51
Priest Rapids Tailrace STH,1,G729D3F15,2026-04-29 17:40:37,2026-05-01 16:26:00,Hanford,1,2026-05-02 06:14:55
Priest Rapids Tailrace STH,1,G729D7791,2026-05-02 19:03:22,2026-05-04 16:25:00,Crescent Bar,0,
Priest Rapids Tailrace STH,1,G729D7791,2026-05-02 19:03:22,2026-05-04 16:25:00,Sunland,0,
Priest Rapids Tailrace STH,1,G729D7791,2026-05-02 19:03:22,2026-05-04 16:25:00,Wanapum BRZ,0,
Priest Rapids Tailrace STH,1,G729D7791,2026-05-02 19:03:22,2026-05-04 16:25:00,Mattawa,0,
Priest Rapids Tailrace STH,1,G729D7791,2026-05-02 19:03:22,2026-05-04 16:25:00,Priest BRZ,0,
Priest Rapids Tailrace STH,1,G729D7791,2026-05-02 19:03:22,2026-05-04 16:25:00,Lower Ringold,1,2026-05-05 04:11:50
Priest Rapids Tailrace STH,1,G729D7791,2026-05-02 19:03:22,2026-05-04 16:25:00,Hanford,1,2026-05-05 06:59:35
Priest Rapids Tailrace STH,3,G729EE2EA,2026-05-04 19:10:41,2026-05-06 16:47:00,Crescent Bar,0,
Priest Rapids Tailrace STH,3,G729EE2EA,2026-05-04 19:10:41,2026-05-06 16:47:00,Sunland,0,
Priest Rapids Tailrace STH,3,G729EE2EA,2026-05-04 19:10:41,2026-05-06 16:47:00,Wanapum BRZ,0,
Priest Rapids Tailrace STH,3,G729EE2EA,2026-05-04 19:10:41,2026-05-06 16:47:00,Mattawa,0,
Priest Rapids Tailrace STH,3,G729EE2EA,2026-05-04 19:10:41,2026-05-06 16:47:00,Priest BRZ,0,
Priest Rapids Tailrace STH,3,G729EE2EA,2026-05-04 19:10:41,2026-05-06 16:47:00,Lower Ringold,1,2026-05-08 03:28:37
Priest Rapids Tailrace STH,3,G729EE2EA,2026-05-04 19:10:41,2026-05-06 16:47:00,Hanford,1,2026-05-08 07:01:17
Priest Rapids Tailrace STH,3,G729F7841,2026-04-29 17:46:09,2026-05-01 16:26:00,Crescent Bar,0,
Priest Rapids Tailrace STH,3,G729F7841,2026-04-29 17:46:09,2026-05-01 16:26:00,Sunland,0,
Priest Rapids Tailrace STH,3,G729F7841,2026-04-29 17:46:09,2026-05-01 16:26:00,Wanapum BRZ,0,
Priest Rapids Tailrace STH,3,G729F7841,2026-04-29 17:46:09,2026-05-01 16:26:00,Mattawa,0,
Priest Rapids Tailrace STH,3,G729F7841,2026-04-29 17:46:09,2026-05-01 16:26:00,Priest BRZ,0,
Priest Rapids Tailrace STH,3,G729F7841,2026-04-29 17:46:09,2026-05-01 16:26:00,Lower Ringold,1,2026-05-02 03:56:54
Priest Rapids Tailrace STH,3,G729F7841,2026-04-29 17:46:09,2026-05-01 16:26:00,Hanford,1,2026-05-02 06:57:11
Priest Rapids Tailrace STH,3,G72A0BD81,2026-05-03 20:04:34,2026-05-05 17:13:00,Crescent Bar,0,
Priest Rapids Tailrace STH,3,G72A0BD81,2026-05-03 20:04:34,2026-05-05 17:13:00,Sunland,0,
Priest Rapids Tailrace STH,3,G72A0BD81,2026-05-03 20:04:34,2026-05-05 17:13:00,Wanapum BRZ,0,
Priest Rapids Tailrace STH,3,G72A0BD81,2026-05-03 20:04:34,2026-05-05 17:13:00,Mattawa,0,
Priest Rapids Tailrace STH,3,G72A0BD81,2026-05-03 20:04:34,2026-05-05 17:13:00,Priest BRZ,0,
Priest Rapids Tailrace STH,3,G72A0BD81,2026-05-03 20:04:34,2026-05-05 17:13:00,Lower Ringold,1,2026-05-06 05:55:46
Priest Rapids Tailrace STH,3,G72A0BD81,2026-05-03 20:04:34,2026-05-05 17:13:00,Hanford,1,2026-05-06 08:54:10
Priest Rapids Tailrace STH,3,G72A0EFE6,2026-05-02 18:49:02,2026-05-04 16:25:00,Crescent Bar,0,
Priest Rapids Tailrace STH,3,G72A0EFE6,2026-05-02 18:49:02,2026-05-04 16:25:00,Sunland,0,
Priest Rapids Tailrace STH,3,G72A0EFE6,2026-05-02 18:49:02,2026-05-04 16:25:00,Wanapum BRZ,0,
Priest Rapids Tailrace STH,3,G72A0EFE6,2026-05-02 18:49:02,2026-05-04 16:25:00,Mattawa,0,
Priest Rapids Tailrace STH,3,G72A0EFE6,2026-05-02 18:49:02,2026-05-04 16:25:00,Priest BRZ,0,
Priest Rapids Tailrace STH,3,G72A0EFE6,2026-05-02 18:49:02,2026-05-04 16:25:00,Lower Ringold,1,2026-05-05 18:17:47
Priest Rapids Tailrace STH,3,G72A0EFE6,2026-05-02 18:49:02,2026-05-04 16:25:00,Hanford,1,2026-05-06 05:30:02
Priest Rapids Tailrace STH,3,G72A1D5E2,2026-05-01 18:57:43,2026-05-03 16:31:00,Crescent Bar,0,
Priest Rapids Tailrace STH,3,G72A1D5E2,2026-05-01 18:57:43,2026-05-03 16:31:00,Sunland,0,
Priest Rapids Tailrace STH,3,G72A1D5E2,2026-05-01 18:57:43,2026-05-03 16:31:00,Wanapum BRZ,0,
Priest Rapids Tailrace STH,3,G72A1D5E2,2026-05-01 18:57:43,2026-05-03 16:31:00,Mattawa,0,
Priest Rapids Tailrace STH,3,G72A1D5E2,2026-05-01 18:57:43,2026-05-03 16:31:00,Priest BRZ,0,
Priest Rapids Tailrace STH,3,G72A1D5E2,2026-05-01 18:57:43,2026-05-03 16:31:00,Lower Ringold,1,2026-05-04 04:33:41
Priest Rapids Tailrace STH,3,G72A1D5E2,2026-05-01 18:57:43,2026-05-03 16:31:00,Hanford,1,2026-05-04 08:07:39
Priest Rapids Tailrace STH,3,G72A42B76,2026-05-03 19:46:26,2026-05-05 17:13:00,Crescent Bar,0,
Priest Rapids Tailrace STH,3,G72A42B76,2026-05-03 19:46:26,2026-05-05 17:13:00,Sunland,0,
Priest Rapids Tailrace STH,3,G72A42B76,2026-05-03 19:46:26,2026-05-05 17:13:00,Wanapum BRZ,0,
Priest Rapids Tailrace STH,3,G72A42B76,2026-05-03 19:46:26,2026-05-05 17:13:00,Mattawa,0,
Priest Rapids Tailrace STH,3,G72A42B76,2026-05-03 19:46:26,2026-05-05 17:13:00,Priest BRZ,0,
Priest Rapids Tailrace STH,3,G72A42B76,2026-05-03 19:46:26,2026-05-05 17:13:00,Lower Ringold,1,2026-05-06 04:08:31
Priest Rapids Tailrace STH,3,G72A42B76,2026-05-03 19:46:26,2026-05-05 17:13:00,Hanford,1,2026-05-06 07:21:31
Priest Rapids Tailrace STH,3,G72A4D29E,2026-05-02 18:54:35,2026-05-04 16:25:00,Crescent Bar,0,
Priest Rapids Tailrace STH,3,G72A4D29E,2026-05-02 18:54:35,2026-05-04 16:25:00,Sunland,0,
Priest Rapids Tailrace STH,3,G72A4D29E,2026-05-02 18:54:35,2026-05-04 16:25:00,Wanapum BRZ,0,
Priest Rapids Tailrace STH,3,G72A4D29E,2026-05-02 18:54:35,2026-05-04 16:25:00,Mattawa,0,
Priest Rapids Tailrace STH,3,G72A4D29E,2026-05-02 18:54:35,2026-05-04 16:25:00,Priest BRZ,0,
Priest Rapids Tailrace STH,3,G72A4D29E,2026-05-02 18:54:35,2026-05-04 16:25:00,Lower Ringold,1,2026-05-05 09:07:51
Priest Rapids Tailrace STH,3,G72A4D29E,2026-05-02 18:54:35,2026-05-04 16:25:00,Hanford,1,2026-05-05 12:27:22
Priest Rapids Tailrace STH,3,G72A5462A,2026-04-28 22:34:48,2026-04-30 16:19:00,Crescent Bar,0,
Priest Rapids Tailrace STH,3,G72A5462A,2026-04-28 22:34:48,2026-04-30 16:19:00,Sunland,0,
Priest Rapids Tailrace STH,3,G72A5462A,2026-04-28 22:34:48,2026-04-30 16:19:00,Wanapum BRZ,0,
Priest Rapids Tailrace STH,3,G72A5462A,2026-04-28 22:34:48,2026-04-30 16:19:00,Mattawa,0,
Priest Rapids Tailrace STH,3,G72A5462A,2026-04-28 22:34:48,2026-04-30 16:19:00,Priest BRZ,0,
Priest Rapids Tailrace STH,3,G72A5462A,2026-04-28 22:34:48,2026-04-30 16:19:00,Lower Ringold,0,
Priest Rapids Tailrace STH,3,G72A5462A,2026-04-28 22:34:48,2026-04-30 16:19:00,Hanford,0,
Priest Rapids Tailrace STH,3,G72A61418,2026-05-02 19:09:07,2026-05-05 17:13:00,Crescent Bar,0,
Priest Rapids Tailrace STH,3,G72A61418,2026-05-02 19:09:07,2026-05-05 17:13:00,Sunland,0,
Priest Rapids Tailrace STH,3,G72A61418,2026-05-02 19:09:07,2026-05-05 17:13:00,Wanapum BRZ,0,
Priest Rapids Tailrace STH,3,G72A61418,2026-05-02 19:09:07,2026-05-05 17:13:00,Mattawa,0,
Priest Rapids Tailrace STH,3,G72A61418,2026-05-02 19:09:07,2026-05-05 17:13:00,Priest BRZ,0,
Priest Rapids Tailrace STH,3,G72A61418,2026-05-02 19:09:07,2026-05-05 17:13:00,Lower Ringold,1,2026-05-06 06:03:00
Priest Rapids Tailrace STH,3,G72A61418,2026-05-02 19:09:07,2026-05-05 17:13:00,Hanford,1,2026-05-06 09:20:06
Priest Rapids Tailrace STH,3,G72A7BA6C,2026-04-29 17:38:58,2026-05-01 16:26:00,Crescent Bar,0,
Priest Rapids Tailrace STH,3,G72A7BA6C,2026-04-29 17:38:58,2026-05-01 16:26:00,Sunland,0,
Priest Rapids Tailrace STH,3,G72A7BA6C,2026-04-29 17:38:58,2026-05-01 16:26:00,Wanapum BRZ,0,
Priest Rapids Tailrace STH,3,G72A7BA6C,2026-04-29 17:38:58,2026-05-01 16:26:00,Mattawa,0,
Priest Rapids Tailrace STH,3,G72A7BA6C,2026-04-29 17:38:58,2026-05-01 16:26:00,Priest BRZ,0,
Priest Rapids Tailrace STH,3,G72A7BA6C,2026-04-29 17:38:58,2026-05-01 16:26:00,Lower Ringold,1,2026-05-02 03:24:59
Priest Rapids Tailrace STH,3,G72A7BA6C,2026-04-29 17:38:58,2026-05-01 16:26:00,Hanford,1,2026-05-02 06:41:34
Priest Rapids Tailrace STH,2,G72A8F88E,2026-05-02 19:09:40,2026-05-05 17:13:00,Crescent Bar,0,
Priest Rapids Tailrace STH,2,G72A8F88E,2026-05-02 19:09:40,2026-05-05 17:13:00,Sunland,0,
Priest Rapids Tailrace STH,2,G72A8F88E,2026-05-02 19:09:40,2026-05-05 17:13:00,Wanapum BRZ,0,
Priest Rapids Tailrace STH,2,G72A8F88E,2026-05-02 19:09:40,2026-05-05 17:13:00,Mattawa,0,
Priest Rapids Tailrace STH,2,G72A8F88E,2026-05-02 19:09:40,2026-05-05 17:13:00,Priest BRZ,0,
Priest Rapids Tailrace STH,2,G72A8F88E,2026-05-02 19:09:40,2026-05-05 17:13:00,Lower Ringold,1,2026-05-06 08:57:03
Priest Rapids Tailrace STH,2,G72A8F88E,2026-05-02 19:09:40,2026-05-05 17:13:00,Hanford,1,2026-05-06 11:50:54
Priest Rapids Tailrace STH,2,G72A9A2EF,2026-05-05 18:21:27,2026-05-07 16:28:00,Crescent Bar,0,
Priest Rapids Tailrace STH,2,G72A9A2EF,2026-05-05 18:21:27,2026-05-07 16:28:00,Sunland,0,
Priest Rapids Tailrace STH,2,G72A9A2EF,2026-05-05 18:21:27,2026-05-07 16:28:00,Wanapum BRZ,0,
Priest Rapids Tailrace STH,2,G72A9A2EF,2026-05-05 18:21:27,2026-05-07 16:28:00,Mattawa,0,
Priest Rapids Tailrace STH,2,G72A9A2EF,2026-05-05 18:21:27,2026-05-07 16:28:00,Priest BRZ,0,
Priest Rapids Tailrace STH,2,G72A9A2EF,2026-05-05 18:21:27,2026-05-07 16:28:00,Lower Ringold,1,2026-05-20 11:10:13
Priest Rapids Tailrace STH,2,G72A9A2EF,2026-05-05 18:21:27,2026-05-07 16:28:00,Hanford,1,2026-05-20 18:18:53
Priest Rapids Tailrace STH,3,G72AA40EF,2026-05-01 19:01:31,2026-05-03 16:31:00,Crescent Bar,0,
Priest Rapids Tailrace STH,3,G72AA40EF,2026-05-01 19:01:31,2026-05-03 16:31:00,Sunland,0,
Priest Rapids Tailrace STH,3,G72AA40EF,2026-05-01 19:01:31,2026-05-03 16:31:00,Wanapum BRZ,0,
Priest Rapids Tailrace STH,3,G72AA40EF,2026-05-01 19:01:31,2026-05-03 16:31:00,Mattawa,0,
Priest Rapids Tailrace STH,3,G72AA40EF,2026-05-01 19:01:31,2026-05-03 16:31:00,Priest BRZ,0,
Priest Rapids Tailrace STH,3,G72AA40EF,2026-05-01 19:01:31,2026-05-03 16:31:00,Lower Ringold,1,2026-05-04 06:51:02
Priest Rapids Tailrace STH,3,G72AA40EF,2026-05-01 19:01:31,2026-05-03 16:31:00,Hanford,1,2026-05-04 10:10:45
Priest Rapids Tailrace STH,3,G72AC7A85,2026-04-29 17:38:29,2026-05-01 16:26:00,Crescent Bar,0,
Priest Rapids Tailrace STH,3,G72AC7A85,2026-04-29 17:38:29,2026-05-01 16:26:00,Sunland,0,
Priest Rapids Tailrace STH,3,G72AC7A85,2026-04-29 17:38:29,2026-05-01 16:26:00,Wanapum BRZ,0,
Priest Rapids Tailrace STH,3,G72AC7A85,2026-04-29 17:38:29,2026-05-01 16:26:00,Mattawa,0,
Priest Rapids Tailrace STH,3,G72AC7A85,2026-04-29 17:38:29,2026-05-01 16:26:00,Priest BRZ,0,
Priest Rapids Tailrace STH,3,G72AC7A85,2026-04-29 17:38:29,2026-05-01 16:26:00,Lower Ringold,0,
Priest Rapids Tailrace STH,3,G72AC7A85,2026-04-29 17:38:29,2026-05-01 16:26:00,Hanford,0,
Priest Rapids Tailrace STH,1,G72AD5142,2026-05-05 18:25:28,2026-05-07 16:28:00,Crescent Bar,0,
Priest Rapids Tailrace STH,1,G72AD5142,2026-05-05 18:25:28,2026-05-07 16:28:00,Sunland,0,
Priest Rapids Tailrace STH,1,G72AD5142,2026-05-05 18:25:28,2026-05-07 16:28:00,Wanapum BRZ,0,
Priest Rapids Tailrace STH,1,G72AD5142,2026-05-05 18:25:28,2026-05-07 16:28:00,Mattawa,0,
Priest Rapids Tailrace STH,1,G72AD5142,2026-05-05 18:25:28,2026-05-07 16:28:00,Priest BRZ,0,
Priest Rapids Tailrace STH,1,G72AD5142,2026-05-05 18:25:28,2026-05-07 16:28:00,Lower Ringold,1,2026-05-08 03:12:30
Priest Rapids Tailrace STH,1,G72AD5142,2026-05-05 18:25:28,2026-05-07 16:28:00,Hanford,1,2026-05-08 06:15:28
Priest Rapids Tailrace STH,1,G72ADC532,2026-05-01 18:44:16,2026-05-03 16:31:00,Crescent Bar,0,
Priest Rapids Tailrace STH,1,G72ADC532,2026-05-01 18:44:16,2026-05-03 16:31:00,Sunland,0,
Priest Rapids Tailrace STH,1,G72ADC532,2026-05-01 18:44:16,2026-05-03 16:31:00,Wanapum BRZ,0,
Priest Rapids Tailrace STH,1,G72ADC532,2026-05-01 18:44:16,2026-05-03 16:31:00,Mattawa,0,
Priest Rapids Tailrace STH,1,G72ADC532,2026-05-01 18:44:16,2026-05-03 16:31:00,Priest BRZ,0,
Priest Rapids Tailrace STH,1,G72ADC532,2026-05-01 18:44:16,2026-05-03 16:31:00,Lower Ringold,1,2026-05-04 13:04:07
Priest Rapids Tailrace STH,1,G72ADC532,2026-05-01 18:44:16,2026-05-03 16:31:00,Hanford,1,2026-05-09 15:04:54
Priest Rapids Tailrace STH,1,G72ADE292,2026-05-01 18:34:44,2026-05-03 16:31:00,Crescent Bar,0,
Priest Rapids Tailrace STH,1,G72ADE292,2026-05-01 18:34:44,2026-05-03 16:31:00,Sunland,0,
Priest Rapids Tailrace STH,1,G72ADE292,2026-05-01 18:34:44,2026-05-03 16:31:00,Wanapum BRZ,0,
Priest Rapids Tailrace STH,1,G72ADE292,2026-05-01 18:34:44,2026-05-03 16:31:00,Mattawa,0,
Priest Rapids Tailrace STH,1,G72ADE292,2026-05-01 18:34:44,2026-05-03 16:31:00,Priest BRZ,0,
Priest Rapids Tailrace STH,1,G72ADE292,2026-05-01 18:34:44,2026-05-03 16:31:00,Lower Ringold,1,2026-05-04 10:44:29
Priest Rapids Tailrace STH,1,G72ADE292,2026-05-01 18:34:44,2026-05-03 16:31:00,Hanford,1,2026-05-04 15:42:45
Priest Rapids Tailrace STH,3,G72AE33CE,2026-05-01 18:48:38,2026-05-03 16:31:00,Crescent Bar,0,
Priest Rapids Tailrace STH,3,G72AE33CE,2026-05-01 18:48:38,2026-05-03 16:31:00,Sunland,0,
Priest Rapids Tailrace STH,3,G72AE33CE,2026-05-01 18:48:38,2026-05-03 16:31:00,Wanapum BRZ,0,
Priest Rapids Tailrace STH,3,G72AE33CE,2026-05-01 18:48:38,2026-05-03 16:31:00,Mattawa,0,
Priest Rapids Tailrace STH,3,G72AE33CE,2026-05-01 18:48:38,2026-05-03 16:31:00,Priest BRZ,0,
Priest Rapids Tailrace STH,3,G72AE33CE,2026-05-01 18:48:38,2026-05-03 16:31:00,Lower Ringold,1,2026-05-04 03:21:52
Priest Rapids Tailrace STH,3,G72AE33CE,2026-05-01 18:48:38,2026-05-03 16:31:00,Hanford,1,2026-05-04 06:04:31
Priest Rapids Tailrace STH,3,G72AEF5D9,2026-04-29 17:41:54,2026-05-01 16:26:00,Crescent Bar,0,
Priest Rapids Tailrace STH,3,G72AEF5D9,2026-04-29 17:41:54,2026-05-01 16:26:00,Sunland,0,
Priest Rapids Tailrace STH,3,G72AEF5D9,2026-04-29 17:41:54,2026-05-01 16:26:00,Wanapum BRZ,0,
Priest Rapids Tailrace STH,3,G72AEF5D9,2026-04-29 17:41:54,2026-05-01 16:26:00,Mattawa,0,
Priest Rapids Tailrace STH,3,G72AEF5D9,2026-04-29 17:41:54,2026-05-01 16:26:00,Priest BRZ,0,
Priest Rapids Tailrace STH,3,G72AEF5D9,2026-04-29 17:41:54,2026-05-01 16:26:00,Lower Ringold,1,2026-05-02 05:43:51
Priest Rapids Tailrace STH,3,G72AEF5D9,2026-04-29 17:41:54,2026-05-01 16:26:00,Hanford,1,2026-05-02 08:12:04
Priest Rapids Tailrace STH,3,G72AF0056,2026-05-03 19:44:31,2026-05-05 17:13:00,Crescent Bar,0,
Priest Rapids Tailrace STH,3,G72AF0056,2026-05-03 19:44:31,2026-05-05 17:13:00,Sunland,0,
Priest Rapids Tailrace STH,3,G72AF0056,2026-05-03 19:44:31,2026-05-05 17:13:00,Wanapum BRZ,0,
Priest Rapids Tailrace STH,3,G72AF0056,2026-05-03 19:44:31,2026-05-05 17:13:00,Mattawa,0,
Priest Rapids Tailrace STH,3,G72AF0056,2026-05-03 19:44:31,2026-05-05 17:13:00,Priest BRZ,0,
Priest Rapids Tailrace STH,3,G72AF0056,2026-05-03 19:44:31,2026-05-05 17:13:00,Lower Ringold,1,2026-05-06 08:10:35
Priest Rapids Tailrace STH,3,G72AF0056,2026-05-03 19:44:31,2026-05-05 17:13:00,Hanford,1,2026-05-06 22:41:16
Priest Rapids Tailrace STH,1,G72B038DE,2026-04-30 17:58:27,2026-05-02 16:36:00,Crescent Bar,0,
Priest Rapids Tailrace STH,1,G72B038DE,2026-04-30 17:58:27,2026-05-02 16:36:00,Sunland,0,
Priest Rapids Tailrace STH,1,G72B038DE,2026-04-30 17:58:27,2026-05-02 16:36:00,Wanapum BRZ,0,
Priest Rapids Tailrace STH,1,G72B038DE,2026-04-30 17:58:27,2026-05-02 16:36:00,Mattawa,0,
Priest Rapids Tailrace STH,1,G72B038DE,2026-04-30 17:58:27,2026-05-02 16:36:00,Priest BRZ,0,
Priest Rapids Tailrace STH,1,G72B038DE,2026-04-30 17:58:27,2026-05-02 16:36:00,Lower Ringold,1,2026-05-03 02:53:08
Priest Rapids Tailrace STH,1,G72B038DE,2026-04-30 17:58:27,2026-05-02 16:36:00,Hanford,1,2026-05-03 06:01:35
Priest Rapids Tailrace STH,1,G72B04767,2026-04-29 17:40:03,2026-05-01 16:26:00,Crescent Bar,0,
Priest Rapids Tailrace STH,1,G72B04767,2026-04-29 17:40:03,2026-05-01 16:26:00,Sunland,0,
Priest Rapids Tailrace STH,1,G72B04767,2026-04-29 17:40:03,2026-05-01 16:26:00,Wanapum BRZ,0,
Priest Rapids Tailrace STH,1,G72B04767,2026-04-29 17:40:03,2026-05-01 16:26:00,Mattawa,0,
Priest Rapids Tailrace STH,1,G72B04767,2026-04-29 17:40:03,2026-05-01 16:26:00,Priest BRZ,0,
Priest Rapids Tailrace STH,1,G72B04767,2026-04-29 17:40:03,2026-05-01 16:26:00,Lower Ringold,1,2026-05-02 02:47:54
Priest Rapids Tailrace STH,1,G72B04767,2026-04-29 17:40:03,2026-05-01 16:26:00,Hanford,1,2026-05-03 01:51:21
Priest Rapids Tailrace STH,1,G72B1699F,2026-04-30 18:01:33,2026-05-02 16:36:00,Crescent Bar,0,
Priest Rapids Tailrace STH,1,G72B1699F,2026-04-30 18:01:33,2026-05-02 16:36:00,Sunland,0,
Priest Rapids Tailrace STH,1,G72B1699F,2026-04-30 18:01:33,2026-05-02 16:36:00,Wanapum BRZ,0,
Priest Rapids Tailrace STH,1,G72B1699F,2026-04-30 18:01:33,2026-05-02 16:36:00,Mattawa,0,
Priest Rapids Tailrace STH,1,G72B1699F,2026-04-30 18:01:33,2026-05-02 16:36:00,Priest BRZ,0,
Priest Rapids Tailrace STH,1,G72B1699F,2026-04-30 18:01:33,2026-05-02 16:36:00,Lower Ringold,1,2026-05-05 19:56:43
Priest Rapids Tailrace STH,1,G72B1699F,2026-04-30 18:01:33,2026-05-02 16:36:00,Hanford,1,2026-05-05 23:03:43
Priest Rapids Tailrace STH,1,G72B1A275,2026-04-30 18:07:09,2026-05-02 16:36:00,Crescent Bar,0,
Priest Rapids Tailrace STH,1,G72B1A275,2026-04-30 18:07:09,2026-05-02 16:36:00,Sunland,0,
Priest Rapids Tailrace STH,1,G72B1A275,2026-04-30 18:07:09,2026-05-02 16:36:00,Wanapum BRZ,0,
Priest Rapids Tailrace STH,1,G72B1A275,2026-04-30 18:07:09,2026-05-02 16:36:00,Mattawa,0,
Priest Rapids Tailrace STH,1,G72B1A275,2026-04-30 18:07:09,2026-05-02 16:36:00,Priest BRZ,0,
Priest Rapids Tailrace STH,1,G72B1A275,2026-04-30 18:07:09,2026-05-02 16:36:00,Lower Ringold,1,2026-05-04 20:30:53
Priest Rapids Tailrace STH,1,G72B1A275,2026-04-30 18:07:09,2026-05-02 16:36:00,Hanford,1,2026-05-05 12:40:24
Priest Rapids Tailrace STH,1,G72B1C72F,2026-04-29 17:36:15,2026-05-01 16:26:00,Crescent Bar,0,
Priest Rapids Tailrace STH,1,G72B1C72F,2026-04-29 17:36:15,2026-05-01 16:26:00,Sunland,0,
Priest Rapids Tailrace STH,1,G72B1C72F,2026-04-29 17:36:15,2026-05-01 16:26:00,Wanapum BRZ,0,
Priest Rapids Tailrace STH,1,G72B1C72F,2026-04-29 17:36:15,2026-05-01 16:26:00,Mattawa,0,
Priest Rapids Tailrace STH,1,G72B1C72F,2026-04-29 17:36:15,2026-05-01 16:26:00,Priest BRZ,0,
Priest Rapids Tailrace STH,1,G72B1C72F,2026-04-29 17:36:15,2026-05-01 16:26:00,Lower Ringold,1,2026-05-02 05:05:43
Priest Rapids Tailrace STH,1,G72B1C72F,2026-04-29 17:36:15,2026-05-01 16:26:00,Hanford,1,2026-05-02 07:55:17
Priest Rapids Tailrace STH,1,G72B26569,2026-05-04 19:10:13,2026-05-06 16:47:00,Crescent Bar,0,
Priest Rapids Tailrace STH,1,G72B26569,2026-05-04 19:10:13,2026-05-06 16:47:00,Sunland,0,
Priest Rapids Tailrace STH,1,G72B26569,2026-05-04 19:10:13,2026-05-06 16:47:00,Wanapum BRZ,0,
Priest Rapids Tailrace STH,1,G72B26569,2026-05-04 19:10:13,2026-05-06 16:47:00,Mattawa,0,
Priest Rapids Tailrace STH,1,G72B26569,2026-05-04 19:10:13,2026-05-06 16:47:00,Priest BRZ,0,
Priest Rapids Tailrace STH,1,G72B26569,2026-05-04 19:10:13,2026-05-06 16:47:00,Lower Ringold,1,2026-05-07 03:55:15
Priest Rapids Tailrace STH,1,G72B26569,2026-05-04 19:10:13,2026-05-06 16:47:00,Hanford,1,2026-05-07 07:12:24
Priest Rapids Tailrace STH,1,G72B34873,2026-04-30 18:12:01,2026-05-02 16:36:00,Crescent Bar,0,
Priest Rapids Tailrace STH,1,G72B34873,2026-04-30 18:12:01,2026-05-02 16:36:00,Sunland,0,
Priest Rapids Tailrace STH,1,G72B34873,2026-04-30 18:12:01,2026-05-02 16:36:00,Wanapum BRZ,0,
Priest Rapids Tailrace STH,1,G72B34873,2026-04-30 18:12:01,2026-05-02 16:36:00,Mattawa,0,
Priest Rapids Tailrace STH,1,G72B34873,2026-04-30 18:12:01,2026-05-02 16:36:00,Priest BRZ,0,
Priest Rapids Tailrace STH,1,G72B34873,2026-04-30 18:12:01,2026-05-02 16:36:00,Lower Ringold,1,2026-05-03 15:25:42
Priest Rapids Tailrace STH,1,G72B34873,2026-04-30 18:12:01,2026-05-02 16:36:00,Hanford,0,
Priest Rapids Tailrace STH,2,G72B418C6,2026-05-05 18:10:55,2026-05-07 16:28:00,Crescent Bar,0,
Priest Rapids Tailrace STH,2,G72B418C6,2026-05-05 18:10:55,2026-05-07 16:28:00,Sunland,0,
Priest Rapids Tailrace STH,2,G72B418C6,2026-05-05 18:10:55,2026-05-07 16:28:00,Wanapum BRZ,0,
Priest Rapids Tailrace STH,2,G72B418C6,2026-05-05 18:10:55,2026-05-07 16:28:00,Mattawa,0,
Priest Rapids Tailrace STH,2,G72B418C6,2026-05-05 18:10:55,2026-05-07 16:28:00,Priest BRZ,0,
Priest Rapids Tailrace STH,2,G72B418C6,2026-05-05 18:10:55,2026-05-07 16:28:00,Lower Ringold,1,2026-05-08 09:42:07
Priest Rapids Tailrace STH,2,G72B418C6,2026-05-05 18:10:55,2026-05-07 16:28:00,Hanford,1,2026-05-08 13:31:31
Priest Rapids Tailrace STH,2,G72B4F251,2026-05-03 20:00:16,2026-05-05 17:13:00,Crescent Bar,0,
Priest Rapids Tailrace STH,2,G72B4F251,2026-05-03 20:00:16,2026-05-05 17:13:00,Sunland,0,
Priest Rapids Tailrace STH,2,G72B4F251,2026-05-03 20:00:16,2026-05-05 17:13:00,Wanapum BRZ,0,
Priest Rapids Tailrace STH,2,G72B4F251,2026-05-03 20:00:16,2026-05-05 17:13:00,Mattawa,0,
Priest Rapids Tailrace STH,2,G72B4F251,2026-05-03 20:00:16,2026-05-05 17:13:00,Priest BRZ,0,
Priest Rapids Tailrace STH,2,G72B4F251,2026-05-03 20:00:16,2026-05-05 17:13:00,Lower Ringold,1,2026-05-06 09:01:55
Priest Rapids Tailrace STH,2,G72B4F251,2026-05-03 20:00:16,2026-05-05 17:13:00,Hanford,1,2026-05-06 11:53:42
Priest Rapids Tailrace STH,1,G72B5207E,2026-04-28 22:46:57,2026-04-30 16:19:00,Crescent Bar,0,
Priest Rapids Tailrace STH,1,G72B5207E,2026-04-28 22:46:57,2026-04-30 16:19:00,Sunland,0,
Priest Rapids Tailrace STH,1,G72B5207E,2026-04-28 22:46:57,2026-04-30 16:19:00,Wanapum BRZ,0,
Priest Rapids Tailrace STH,1,G72B5207E,2026-04-28 22:46:57,2026-04-30 16:19:00,Mattawa,0,
Priest Rapids Tailrace STH,1,G72B5207E,2026-04-28 22:46:57,2026-04-30 16:19:00,Priest BRZ,0,
Priest Rapids Tailrace STH,1,G72B5207E,2026-04-28 22:46:57,2026-04-30 16:19:00,Lower Ringold,1,2026-05-01 15:38:30
Priest Rapids Tailrace STH,1,G72B5207E,2026-04-28 22:46:57,2026-04-30 16:19:00,Hanford,1,2026-05-01 18:32:40
Priest Rapids Tailrace STH,2,G72B554E7,2026-05-01 19:09:27,2026-05-04 16:25:00,Crescent Bar,0,
Priest Rapids Tailrace STH,2,G72B554E7,2026-05-01 19:09:27,2026-05-04 16:25:00,Sunland,0,
Priest Rapids Tailrace STH,2,G72B554E7,2026-05-01 19:09:27,2026-05-04 16:25:00,Wanapum BRZ,0,
Priest Rapids Tailrace STH,2,G72B554E7,2026-05-01 19:09:27,2026-05-04 16:25:00,Mattawa,0,
Priest Rapids Tailrace STH,2,G72B554E7,2026-05-01 19:09:27,2026-05-04 16:25:00,Priest BRZ,0,
Priest Rapids Tailrace STH,2,G72B554E7,2026-05-01 19:09:27,2026-05-04 16:25:00,Lower Ringold,1,2026-05-06 02:49:20
Priest Rapids Tailrace STH,2,G72B554E7,2026-05-01 19:09:27,2026-05-04 16:25:00,Hanford,1,2026-05-06 05:47:19
Priest Rapids Tailrace STH,2,G72B5F177,2026-04-28 22:38:58,2026-04-30 16:19:00,Crescent Bar,0,
Priest Rapids Tailrace STH,2,G72B5F177,2026-04-28 22:38:58,2026-04-30 16:19:00,Sunland,0,
Priest Rapids Tailrace STH,2,G72B5F177,2026-04-28 22:38:58,2026-04-30 16:19:00,Wanapum BRZ,0,
Priest Rapids Tailrace STH,2,G72B5F177,2026-04-28 22:38:58,2026-04-30 16:19:00,Mattawa,0,
Priest Rapids Tailrace STH,2,G72B5F177,2026-04-28 22:38:58,2026-04-30 16:19:00,Priest BRZ,0,
Priest Rapids Tailrace STH,2,G72B5F177,2026-04-28 22:38:58,2026-04-30 16:19:00,Lower Ringold,1,2026-05-01 16:52:20
Priest Rapids Tailrace STH,2,G72B5F177,2026-04-28 22:38:58,2026-04-30 16:19:00,Hanford,1,2026-05-01 22:10:39
Priest Rapids Tailrace STH,1,G72B66F2C,2026-04-28 22:33:27,2026-04-30 16:19:00,Crescent Bar,0,
Priest Rapids Tailrace STH,1,G72B66F2C,2026-04-28 22:33:27,2026-04-30 16:19:00,Sunland,0,
Priest Rapids Tailrace STH,1,G72B66F2C,2026-04-28 22:33:27,2026-04-30 16:19:00,Wanapum BRZ,0,
Priest Rapids Tailrace STH,1,G72B66F2C,2026-04-28 22:33:27,2026-04-30 16:19:00,Mattawa,0,
Priest Rapids Tailrace STH,1,G72B66F2C,2026-04-28 22:33:27,2026-04-30 16:19:00,Priest BRZ,0,
Priest Rapids Tailrace STH,1,G72B66F2C,2026-04-28 22:33:27,2026-04-30 16:19:00,Lower Ringold,1,2026-05-01 02:44:23
Priest Rapids Tailrace STH,1,G72B66F2C,2026-04-28 22:33:27,2026-04-30 16:19:00,Hanford,1,2026-05-01 05:45:49
Priest Rapids Tailrace STH,1,G72B6EFA0,2026-04-28 22:42:44,2026-04-30 16:19:00,Crescent Bar,0,
Priest Rapids Tailrace STH,1,G72B6EFA0,2026-04-28 22:42:44,2026-04-30 16:19:00,Sunland,0,
Priest Rapids Tailrace STH,1,G72B6EFA0,2026-04-28 22:42:44,2026-04-30 16:19:00,Wanapum BRZ,0,
Priest Rapids Tailrace STH,1,G72B6EFA0,2026-04-28 22:42:44,2026-04-30 16:19:00,Mattawa,0,
Priest Rapids Tailrace STH,1,G72B6EFA0,2026-04-28 22:42:44,2026-04-30 16:19:00,Priest BRZ,0,
Priest Rapids Tailrace STH,1,G72B6EFA0,2026-04-28 22:42:44,2026-04-30 16:19:00,Lower Ringold,1,2026-05-01 05:34:39
Priest Rapids Tailrace STH,1,G72B6EFA0,2026-04-28 22:42:44,2026-04-30 16:19:00,Hanford,1,2026-05-01 08:12:10
Priest Rapids Tailrace STH,3,G72B7F665,2026-05-02 19:04:42,2026-05-04 16:25:00,Crescent Bar,0,
Priest Rapids Tailrace STH,3,G72B7F665,2026-05-02 19:04:42,2026-05-04 16:25:00,Sunland,0,
Priest Rapids Tailrace STH,3,G72B7F665,2026-05-02 19:04:42,2026-05-04 16:25:00,Wanapum BRZ,0,
Priest Rapids Tailrace STH,3,G72B7F665,2026-05-02 19:04:42,2026-05-04 16:25:00,Mattawa,0,
Priest Rapids Tailrace STH,3,G72B7F665,2026-05-02 19:04:42,2026-05-04 16:25:00,Priest BRZ,0,
Priest Rapids Tailrace STH,3,G72B7F665,2026-05-02 19:04:42,2026-05-04 16:25:00,Lower Ringold,1,2026-05-05 02:31:11
Priest Rapids Tailrace STH,3,G72B7F665,2026-05-02 19:04:42,2026-05-04 16:25:00,Hanford,1,2026-05-05 04:55:00
Priest Rapids Tailrace STH,3,G72B860B1,2026-04-29 17:50:13,2026-05-01 16:26:00,Crescent Bar,0,
Priest Rapids Tailrace STH,3,G72B860B1,2026-04-29 17:50:13,2026-05-01 16:26:00,Sunland,0,
Priest Rapids Tailrace STH,3,G72B860B1,2026-04-29 17:50:13,2026-05-01 16:26:00,Wanapum BRZ,0,
Priest Rapids Tailrace STH,3,G72B860B1,2026-04-29 17:50:13,2026-05-01 16:26:00,Mattawa,0,
Priest Rapids Tailrace STH,3,G72B860B1,2026-04-29 17:50:13,2026-05-01 16:26:00,Priest BRZ,0,
Priest Rapids Tailrace STH,3,G72B860B1,2026-04-29 17:50:13,2026-05-01 16:26:00,Lower Ringold,1,2026-05-15 16:14:05
Priest Rapids Tailrace STH,3,G72B860B1,2026-04-29 17:50:13,2026-05-01 16:26:00,Hanford,1,2026-05-15 19:54:54
Priest Rapids Tailrace STH,3,G72B894A4,2026-05-04 19:20:40,2026-05-06 16:47:00,Crescent Bar,0,
Priest Rapids Tailrace STH,3,G72B894A4,2026-05-04 19:20:40,2026-05-06 16:47:00,Sunland,0,
Priest Rapids Tailrace STH,3,G72B894A4,2026-05-04 19:20:40,2026-05-06 16:47:00,Wanapum BRZ,0,
Priest Rapids Tailrace STH,3,G72B894A4,2026-05-04 19:20:40,2026-05-06 16:47:00,Mattawa,0,
Priest Rapids Tailrace STH,3,G72B894A4,2026-05-04 19:20:40,2026-05-06 16:47:00,Priest BRZ,0,
Priest Rapids Tailrace STH,3,G72B894A4,2026-05-04 19:20:40,2026-05-06 16:47:00,Lower Ringold,1,2026-05-07 05:20:24
Priest Rapids Tailrace STH,3,G72B894A4,2026-05-04 19:20:40,2026-05-06 16:47:00,Hanford,1,2026-05-07 13:15:25
Priest Rapids Tailrace STH,3,G72B903F2,2026-05-03 19:57:08,2026-05-05 17:13:00,Crescent Bar,0,
Priest Rapids Tailrace STH,3,G72B903F2,2026-05-03 19:57:08,2026-05-05 17:13:00,Sunland,0,
Priest Rapids Tailrace STH,3,G72B903F2,2026-05-03 19:57:08,2026-05-05 17:13:00,Wanapum BRZ,0,
Priest Rapids Tailrace STH,3,G72B903F2,2026-05-03 19:57:08,2026-05-05 17:13:00,Mattawa,0,
Priest Rapids Tailrace STH,3,G72B903F2,2026-05-03 19:57:08,2026-05-05 17:13:00,Priest BRZ,0,
Priest Rapids Tailrace STH,3,G72B903F2,2026-05-03 19:57:08,2026-05-05 17:13:00,Lower Ringold,1,2026-05-06 12:29:06
Priest Rapids Tailrace STH,3,G72B903F2,2026-05-03 19:57:08,2026-05-05 17:13:00,Hanford,1,2026-05-06 15:23:42
Priest Rapids Tailrace STH,3,G72B955F4,2026-04-30 17:57:55,2026-05-02 16:36:00,Crescent Bar,0,
Priest Rapids Tailrace STH,3,G72B955F4,2026-04-30 17:57:55,2026-05-02 16:36:00,Sunland,0,
Priest Rapids Tailrace STH,3,G72B955F4,2026-04-30 17:57:55,2026-05-02 16:36:00,Wanapum BRZ,0,
Priest Rapids Tailrace STH,3,G72B955F4,2026-04-30 17:57:55,2026-05-02 16:36:00,Mattawa,0,
Priest Rapids Tailrace STH,3,G72B955F4,2026-04-30 17:57:55,2026-05-02 16:36:00,Priest BRZ,0,
Priest Rapids Tailrace STH,3,G72B955F4,2026-04-30 17:57:55,2026-05-02 16:36:00,Lower Ringold,1,2026-05-03 04:47:11
Priest Rapids Tailrace STH,3,G72B955F4,2026-04-30 17:57:55,2026-05-02 16:36:00,Hanford,1,2026-05-03 07:51:39
Priest Rapids Tailrace STH,3,G72B9DB67,2026-05-02 18:46:24,2026-05-04 16:25:00,Crescent Bar,0,
Priest Rapids Tailrace STH,3,G72B9DB67,2026-05-02 18:46:24,2026-05-04 16:25:00,Sunland,0,
Priest Rapids Tailrace STH,3,G72B9DB67,2026-05-02 18:46:24,2026-05-04 16:25:00,Wanapum BRZ,0,
Priest Rapids Tailrace STH,3,G72B9DB67,2026-05-02 18:46:24,2026-05-04 16:25:00,Mattawa,0,
Priest Rapids Tailrace STH,3,G72B9DB67,2026-05-02 18:46:24,2026-05-04 16:25:00,Priest BRZ,0,
Priest Rapids Tailrace STH,3,G72B9DB67,2026-05-02 18:46:24,2026-05-04 16:25:00,Lower Ringold,1,2026-05-05 02:09:35
Priest Rapids Tailrace STH,3,G72B9DB67,2026-05-02 18:46:24,2026-05-04 16:25:00,Hanford,1,2026-05-05 04:40:41
Priest Rapids Tailrace STH,3,G72BBA6F3,2026-05-04 19:11:45,2026-05-06 16:47:00,Crescent Bar,0,
Priest Rapids Tailrace STH,3,G72BBA6F3,2026-05-04 19:11:45,2026-05-06 16:47:00,Sunland,0,
Priest Rapids Tailrace STH,3,G72BBA6F3,2026-05-04 19:11:45,2026-05-06 16:47:00,Wanapum BRZ,0,
Priest Rapids Tailrace STH,3,G72BBA6F3,2026-05-04 19:11:45,2026-05-06 16:47:00,Mattawa,0,
Priest Rapids Tailrace STH,3,G72BBA6F3,2026-05-04 19:11:45,2026-05-06 16:47:00,Priest BRZ,0,
Priest Rapids Tailrace STH,3,G72BBA6F3,2026-05-04 19:11:45,2026-05-06 16:47:00,Lower Ringold,1,2026-05-07 06:02:11
Priest Rapids Tailrace STH,3,G72BBA6F3,2026-05-04 19:11:45,2026-05-06 16:47:00,Hanford,1,2026-05-07 08:58:49
Priest Rapids Tailrace STH,3,G72BD0A55,2026-04-28 22:40:59,2026-04-30 16:19:00,Crescent Bar,0,
Priest Rapids Tailrace STH,3,G72BD0A55,2026-04-28 22:40:59,2026-04-30 16:19:00,Sunland,0,
Priest Rapids Tailrace STH,3,G72BD0A55,2026-04-28 22:40:59,2026-04-30 16:19:00,Wanapum BRZ,0,
Priest Rapids Tailrace STH,3,G72BD0A55,2026-04-28 22:40:59,2026-04-30 16:19:00,Mattawa,0,
Priest Rapids Tailrace STH,3,G72BD0A55,2026-04-28 22:40:59,2026-04-30 16:19:00,Priest BRZ,0,
Priest Rapids Tailrace STH,3,G72BD0A55,2026-04-28 22:40:59,2026-04-30 16:19:00,Lower Ringold,0,
Priest Rapids Tailrace STH,3,G72BD0A55,2026-04-28 22:40:59,2026-04-30 16:19:00,Hanford,0,
Priest Rapids Tailrace STH,3,G72BD166B,2026-05-02 19:06:39,2026-05-05 17:13:00,Crescent Bar,0,
Priest Rapids Tailrace STH,3,G72BD166B,2026-05-02 19:06:39,2026-05-05 17:13:00,Sunland,0,
Priest Rapids Tailrace STH,3,G72BD166B,2026-05-02 19:06:39,2026-05-05 17:13:00,Wanapum BRZ,0,
Priest Rapids Tailrace STH,3,G72BD166B,2026-05-02 19:06:39,2026-05-05 17:13:00,Mattawa,0,
Priest Rapids Tailrace STH,3,G72BD166B,2026-05-02 19:06:39,2026-05-05 17:13:00,Priest BRZ,0,
Priest Rapids Tailrace STH,3,G72BD166B,2026-05-02 19:06:39,2026-05-05 17:13:00,Lower Ringold,1,2026-05-06 09:19:59
Priest Rapids Tailrace STH,3,G72BD166B,2026-05-02 19:06:39,2026-05-05 17:13:00,Hanford,1,2026-05-06 12:09:21
Priest Rapids Tailrace STH,3,G72BD2E17,2026-05-02 19:10:15,2026-05-05 17:13:00,Crescent Bar,0,
Priest Rapids Tailrace STH,3,G72BD2E17,2026-05-02 19:10:15,2026-05-05 17:13:00,Sunland,0,
Priest Rapids Tailrace STH,3,G72BD2E17,2026-05-02 19:10:15,2026-05-05 17:13:00,Wanapum BRZ,0,
Priest Rapids Tailrace STH,3,G72BD2E17,2026-05-02 19:10:15,2026-05-05 17:13:00,Mattawa,0,
Priest Rapids Tailrace STH,3,G72BD2E17,2026-05-02 19:10:15,2026-05-05 17:13:00,Priest BRZ,0,
Priest Rapids Tailrace STH,3,G72BD2E17,2026-05-02 19:10:15,2026-05-05 17:13:00,Lower Ringold,1,2026-05-06 06:37:02
Priest Rapids Tailrace STH,3,G72BD2E17,2026-05-02 19:10:15,2026-05-05 17:13:00,Hanford,1,2026-05-06 09:54:36
Priest Rapids Tailrace STH,3,G72BD8865,2026-04-30 18:02:46,2026-05-02 16:36:00,Crescent Bar,0,
Priest Rapids Tailrace STH,3,G72BD8865,2026-04-30 18:02:46,2026-05-02 16:36:00,Sunland,0,
Priest Rapids Tailrace STH,3,G72BD8865,2026-04-30 18:02:46,2026-05-02 16:36:00,Wanapum BRZ,0,
Priest Rapids Tailrace STH,3,G72BD8865,2026-04-30 18:02:46,2026-05-02 16:36:00,Mattawa,0,
Priest Rapids Tailrace STH,3,G72BD8865,2026-04-30 18:02:46,2026-05-02 16:36:00,Priest BRZ,0,
Priest Rapids Tailrace STH,3,G72BD8865,2026-04-30 18:02:46,2026-05-02 16:36:00,Lower Ringold,0,
Priest Rapids Tailrace STH,3,G72BD8865,2026-04-30 18:02:46,2026-05-02 16:36:00,Hanford,0,
Priest Rapids Tailrace STH,3,G72BDAFC5,2026-05-05 18:09:35,2026-05-07 16:28:00,Crescent Bar,0,
Priest Rapids Tailrace STH,3,G72BDAFC5,2026-05-05 18:09:35,2026-05-07 16:28:00,Sunland,0,
Priest Rapids Tailrace STH,3,G72BDAFC5,2026-05-05 18:09:35,2026-05-07 16:28:00,Wanapum BRZ,0,
Priest Rapids Tailrace STH,3,G72BDAFC5,2026-05-05 18:09:35,2026-05-07 16:28:00,Mattawa,0,
Priest Rapids Tailrace STH,3,G72BDAFC5,2026-05-05 18:09:35,2026-05-07 16:28:00,Priest BRZ,0,
Priest Rapids Tailrace STH,3,G72BDAFC5,2026-05-05 18:09:35,2026-05-07 16:28:00,Lower Ringold,1,2026-05-08 10:57:06
Priest Rapids Tailrace STH,3,G72BDAFC5,2026-05-05 18:09:35,2026-05-07 16:28:00,Hanford,1,2026-05-08 15:18:37
Priest Rapids Tailrace STH,3,G72BF513F,2026-05-03 19:47:56,2026-05-05 17:13:00,Crescent Bar,0,
Priest Rapids Tailrace STH,3,G72BF513F,2026-05-03 19:47:56,2026-05-05 17:13:00,Sunland,0,
Priest Rapids Tailrace STH,3,G72BF513F,2026-05-03 19:47:56,2026-05-05 17:13:00,Wanapum BRZ,0,
Priest Rapids Tailrace STH,3,G72BF513F,2026-05-03 19:47:56,2026-05-05 17:13:00,Mattawa,0,
Priest Rapids Tailrace STH,3,G72BF513F,2026-05-03 19:47:56,2026-05-05 17:13:00,Priest BRZ,0,
Priest Rapids Tailrace STH,3,G72BF513F,2026-05-03 19:47:56,2026-05-05 17:13:00,Lower Ringold,0,
Priest Rapids Tailrace STH,3,G72BF513F,2026-05-03 19:47:56,2026-05-05 17:13:00,Hanford,0,
Priest Rapids Tailrace STH,1,G72BFF0CE,2026-05-01 18:56:53,2026-05-03 16:31:00,Crescent Bar,0,
Priest Rapids Tailrace STH,1,G72BFF0CE,2026-05-01 18:56:53,2026-05-03 16:31:00,Sunland,0,
Priest Rapids Tailrace STH,1,G72BFF0CE,2026-05-01 18:56:53,2026-05-03 16:31:00,Wanapum BRZ,0,
Priest Rapids Tailrace STH,1,G72BFF0CE,2026-05-01 18:56:53,2026-05-03 16:31:00,Mattawa,0,
Priest Rapids Tailrace STH,1,G72BFF0CE,2026-05-01 18:56:53,2026-05-03 16:31:00,Priest BRZ,0,
Priest Rapids Tailrace STH,1,G72BFF0CE,2026-05-01 18:56:53,2026-05-03 16:31:00,Lower Ringold,1,2026-05-04 12:06:48
Priest Rapids Tailrace STH,1,G72BFF0CE,2026-05-01 18:56:53,2026-05-03 16:31:00,Hanford,1,2026-05-07 00:59:10
Priest Rapids Tailrace STH,2,G72C15DF6,2026-05-05 18:10:12,2026-05-07 16:28:00,Crescent Bar,0,
Priest Rapids Tailrace STH,2,G72C15DF6,2026-05-05 18:10:12,2026-05-07 16:28:00,Sunland,0,
Priest Rapids Tailrace STH,2,G72C15DF6,2026-05-05 18:10:12,2026-05-07 16:28:00,Wanapum BRZ,0,
Priest Rapids Tailrace STH,2,G72C15DF6,2026-05-05 18:10:12,2026-05-07 16:28:00,Mattawa,0,
Priest Rapids Tailrace STH,2,G72C15DF6,2026-05-05 18:10:12,2026-05-07 16:28:00,Priest BRZ,0,
Priest Rapids Tailrace STH,2,G72C15DF6,2026-05-05 18:10:12,2026-05-07 16:28:00,Lower Ringold,1,2026-05-08 04:18:16
Priest Rapids Tailrace STH,2,G72C15DF6,2026-05-05 18:10:12,2026-05-07 16:28:00,Hanford,1,2026-05-08 07:27:35
Priest Rapids Tailrace STH,1,G72C1A540,2026-05-01 18:53:08,2026-05-03 16:31:00,Crescent Bar,0,
Priest Rapids Tailrace STH,1,G72C1A540,2026-05-01 18:53:08,2026-05-03 16:31:00,Sunland,0,
Priest Rapids Tailrace STH,1,G72C1A540,2026-05-01 18:53:08,2026-05-03 16:31:00,Wanapum BRZ,0,
Priest Rapids Tailrace STH,1,G72C1A540,2026-05-01 18:53:08,2026-05-03 16:31:00,Mattawa,0,
Priest Rapids Tailrace STH,1,G72C1A540,2026-05-01 18:53:08,2026-05-03 16:31:00,Priest BRZ,0,
Priest Rapids Tailrace STH,1,G72C1A540,2026-05-01 18:53:08,2026-05-03 16:31:00,Lower Ringold,1,2026-05-04 09:09:03
Priest Rapids Tailrace STH,1,G72C1A540,2026-05-01 18:53:08,2026-05-03 16:31:00,Hanford,1,2026-05-04 11:57:33
Priest Rapids Tailrace STH,1,G72C257DD,2026-04-28 22:48:21,2026-04-30 16:19:00,Crescent Bar,0,
Priest Rapids Tailrace STH,1,G72C257DD,2026-04-28 22:48:21,2026-04-30 16:19:00,Sunland,0,
Priest Rapids Tailrace STH,1,G72C257DD,2026-04-28 22:48:21,2026-04-30 16:19:00,Wanapum BRZ,0,
Priest Rapids Tailrace STH,1,G72C257DD,2026-04-28 22:48:21,2026-04-30 16:19:00,Mattawa,0,
Priest Rapids Tailrace STH,1,G72C257DD,2026-04-28 22:48:21,2026-04-30 16:19:00,Priest BRZ,0,
Priest Rapids Tailrace STH,1,G72C257DD,2026-04-28 22:48:21,2026-04-30 16:19:00,Lower Ringold,1,2026-05-01 03:11:08
Priest Rapids Tailrace STH,1,G72C257DD,2026-04-28 22:48:21,2026-04-30 16:19:00,Hanford,1,2026-05-01 06:10:27
Priest Rapids Tailrace STH,2,G72C30CE2,2026-04-29 17:38:09,2026-05-01 16:26:00,Crescent Bar,0,
Priest Rapids Tailrace STH,2,G72C30CE2,2026-04-29 17:38:09,2026-05-01 16:26:00,Sunland,0,
Priest Rapids Tailrace STH,2,G72C30CE2,2026-04-29 17:38:09,2026-05-01 16:26:00,Wanapum BRZ,0,
Priest Rapids Tailrace STH,2,G72C30CE2,2026-04-29 17:38:09,2026-05-01 16:26:00,Mattawa,0,
Priest Rapids Tailrace STH,2,G72C30CE2,2026-04-29 17:38:09,2026-05-01 16:26:00,Priest BRZ,0,
Priest Rapids Tailrace STH,2,G72C30CE2,2026-04-29 17:38:09,2026-05-01 16:26:00,Lower Ringold,1,2026-05-02 08:58:49
Priest Rapids Tailrace STH,2,G72C30CE2,2026-04-29 17:38:09,2026-05-01 16:26:00,Hanford,1,2026-05-02 11:54:20
Priest Rapids Tailrace STH,2,G72C32E7D,2026-05-05 18:05:33,2026-05-07 16:28:00,Crescent Bar,0,
Priest Rapids Tailrace STH,2,G72C32E7D,2026-05-05 18:05:33,2026-05-07 16:28:00,Sunland,0,
Priest Rapids Tailrace STH,2,G72C32E7D,2026-05-05 18:05:33,2026-05-07 16:28:00,Wanapum BRZ,0,
Priest Rapids Tailrace STH,2,G72C32E7D,2026-05-05 18:05:33,2026-05-07 16:28:00,Mattawa,0,
Priest Rapids Tailrace STH,2,G72C32E7D,2026-05-05 18:05:33,2026-05-07 16:28:00,Priest BRZ,0,
Priest Rapids Tailrace STH,2,G72C32E7D,2026-05-05 18:05:33,2026-05-07 16:28:00,Lower Ringold,1,2026-05-08 09:10:11
Priest Rapids Tailrace STH,2,G72C32E7D,2026-05-05 18:05:33,2026-05-07 16:28:00,Hanford,1,2026-05-08 12:24:27
Priest Rapids Tailrace STH,2,G72C44D94,2026-05-01 18:45:44,2026-05-03 16:31:00,Crescent Bar,0,
Priest Rapids Tailrace STH,2,G72C44D94,2026-05-01 18:45:44,2026-05-03 16:31:00,Sunland,0,
Priest Rapids Tailrace STH,2,G72C44D94,2026-05-01 18:45:44,2026-05-03 16:31:00,Wanapum BRZ,0,
Priest Rapids Tailrace STH,2,G72C44D94,2026-05-01 18:45:44,2026-05-03 16:31:00,Mattawa,0,
Priest Rapids Tailrace STH,2,G72C44D94,2026-05-01 18:45:44,2026-05-03 16:31:00,Priest BRZ,0,
Priest Rapids Tailrace STH,2,G72C44D94,2026-05-01 18:45:44,2026-05-03 16:31:00,Lower Ringold,1,2026-05-20 06:15:56
Priest Rapids Tailrace STH,2,G72C44D94,2026-05-01 18:45:44,2026-05-03 16:31:00,Hanford,1,2026-05-20 09:27:14
Priest Rapids Tailrace STH,2,G72C4F686,2026-04-30 18:11:29,2026-05-02 16:36:00,Crescent Bar,0,
Priest Rapids Tailrace STH,2,G72C4F686,2026-04-30 18:11:29,2026-05-02 16:36:00,Sunland,0,
Priest Rapids Tailrace STH,2,G72C4F686,2026-04-30 18:11:29,2026-05-02 16:36:00,Wanapum BRZ,0,
Priest Rapids Tailrace STH,2,G72C4F686,2026-04-30 18:11:29,2026-05-02 16:36:00,Mattawa,0,
Priest Rapids Tailrace STH,2,G72C4F686,2026-04-30 18:11:29,2026-05-02 16:36:00,Priest BRZ,0,
Priest Rapids Tailrace STH,2,G72C4F686,2026-04-30 18:11:29,2026-05-02 16:36:00,Lower Ringold,1,2026-05-03 23:23:30
Priest Rapids Tailrace STH,2,G72C4F686,2026-04-30 18:11:29,2026-05-02 16:36:00,Hanford,1,2026-05-04 02:29:20
Priest Rapids Tailrace STH,2,G72C5A57B,2026-05-04 19:19:29,2026-05-06 16:47:00,Crescent Bar,0,
Priest Rapids Tailrace STH,2,G72C5A57B,2026-05-04 19:19:29,2026-05-06 16:47:00,Sunland,0,
Priest Rapids Tailrace STH,2,G72C5A57B,2026-05-04 19:19:29,2026-05-06 16:47:00,Wanapum BRZ,0,
Priest Rapids Tailrace STH,2,G72C5A57B,2026-05-04 19:19:29,2026-05-06 16:47:00,Mattawa,0,
Priest Rapids Tailrace STH,2,G72C5A57B,2026-05-04 19:19:29,2026-05-06 16:47:00,Priest BRZ,0,
Priest Rapids Tailrace STH,2,G72C5A57B,2026-05-04 19:19:29,2026-05-06 16:47:00,Lower Ringold,1,2026-05-07 06:43:05
Priest Rapids Tailrace STH,2,G72C5A57B,2026-05-04 19:19:29,2026-05-06 16:47:00,Hanford,0,
Priest Rapids Tailrace STH,2,G72C5B604,2026-05-05 18:15:42,2026-05-07 16:28:00,Crescent Bar,0,
Priest Rapids Tailrace STH,2,G72C5B604,2026-05-05 18:15:42,2026-05-07 16:28:00,Sunland,0,
Priest Rapids Tailrace STH,2,G72C5B604,2026-05-05 18:15:42,2026-05-07 16:28:00,Wanapum BRZ,0,
Priest Rapids Tailrace STH,2,G72C5B604,2026-05-05 18:15:42,2026-05-07 16:28:00,Mattawa,0,
Priest Rapids Tailrace STH,2,G72C5B604,2026-05-05 18:15:42,2026-05-07 16:28:00,Priest BRZ,0,
Priest Rapids Tailrace STH,2,G72C5B604,2026-05-05 18:15:42,2026-05-07 16:28:00,Lower Ringold,1,2026-05-08 02:52:19
Priest Rapids Tailrace STH,2,G72C5B604,2026-05-05 18:15:42,2026-05-07 16:28:00,Hanford,1,2026-05-08 06:03:37
Priest Rapids Tailrace STH,1,G72C747BF,2026-05-04 19:00:10,2026-05-06 16:47:00,Crescent Bar,0,
Priest Rapids Tailrace STH,1,G72C747BF,2026-05-04 19:00:10,2026-05-06 16:47:00,Sunland,0,
Priest Rapids Tailrace STH,1,G72C747BF,2026-05-04 19:00:10,2026-05-06 16:47:00,Wanapum BRZ,0,
Priest Rapids Tailrace STH,1,G72C747BF,2026-05-04 19:00:10,2026-05-06 16:47:00,Mattawa,0,
Priest Rapids Tailrace STH,1,G72C747BF,2026-05-04 19:00:10,2026-05-06 16:47:00,Priest BRZ,0,
Priest Rapids Tailrace STH,1,G72C747BF,2026-05-04 19:00:10,2026-05-06 16:47:00,Lower Ringold,1,2026-05-07 06:52:33
Priest Rapids Tailrace STH,1,G72C747BF,2026-05-04 19:00:10,2026-05-06 16:47:00,Hanford,1,2026-05-07 09:50:22
Priest Rapids Tailrace STH,3,G72CA20D0,2026-04-29 17:42:51,2026-05-01 16:26:00,Crescent Bar,0,
Priest Rapids Tailrace STH,3,G72CA20D0,2026-04-29 17:42:51,2026-05-01 16:26:00,Sunland,0,
Priest Rapids Tailrace STH,3,G72CA20D0,2026-04-29 17:42:51,2026-05-01 16:26:00,Wanapum BRZ,0,
Priest Rapids Tailrace STH,3,G72CA20D0,2026-04-29 17:42:51,2026-05-01 16:26:00,Mattawa,0,
Priest Rapids Tailrace STH,3,G72CA20D0,2026-04-29 17:42:51,2026-05-01 16:26:00,Priest BRZ,0,
Priest Rapids Tailrace STH,3,G72CA20D0,2026-04-29 17:42:51,2026-05-01 16:26:00,Lower Ringold,1,2026-05-02 04:29:58
Priest Rapids Tailrace STH,3,G72CA20D0,2026-04-29 17:42:51,2026-05-01 16:26:00,Hanford,1,2026-05-02 07:13:01
Priest Rapids Tailrace STH,2,G72CD4AA5,2026-05-05 18:26:46,2026-05-07 16:28:00,Crescent Bar,0,
Priest Rapids Tailrace STH,2,G72CD4AA5,2026-05-05 18:26:46,2026-05-07 16:28:00,Sunland,0,
Priest Rapids Tailrace STH,2,G72CD4AA5,2026-05-05 18:26:46,2026-05-07 16:28:00,Wanapum BRZ,0,
Priest Rapids Tailrace STH,2,G72CD4AA5,2026-05-05 18:26:46,2026-05-07 16:28:00,Mattawa,0,
Priest Rapids Tailrace STH,2,G72CD4AA5,2026-05-05 18:26:46,2026-05-07 16:28:00,Priest BRZ,0,
Priest Rapids Tailrace STH,2,G72CD4AA5,2026-05-05 18:26:46,2026-05-07 16:28:00,Lower Ringold,0,
Priest Rapids Tailrace STH,2,G72CD4AA5,2026-05-05 18:26:46,2026-05-07 16:28:00,Hanford,0,
Priest Rapids Tailrace STH,3,G72CE7C93,2026-05-05 18:01:26,2026-05-07 16:28:00,Crescent Bar,0,
Priest Rapids Tailrace STH,3,G72CE7C93,2026-05-05 18:01:26,2026-05-07 16:28:00,Sunland,0,
Priest Rapids Tailrace STH,3,G72CE7C93,2026-05-05 18:01:26,2026-05-07 16:28:00,Wanapum BRZ,0,
Priest Rapids Tailrace STH,3,G72CE7C93,2026-05-05 18:01:26,2026-05-07 16:28:00,Mattawa,0,
Priest Rapids Tailrace STH,3,G72CE7C93,2026-05-05 18:01:26,2026-05-07 16:28:00,Priest BRZ,0,
Priest Rapids Tailrace STH,3,G72CE7C93,2026-05-05 18:01:26,2026-05-07 16:28:00,Lower Ringold,0,
Priest Rapids Tailrace STH,3,G72CE7C93,2026-05-05 18:01:26,2026-05-07 16:28:00,Hanford,0,
Priest Rapids Tailrace STH,3,G72CE981B,2026-04-30 18:10:47,2026-05-02 16:36:00,Crescent Bar,0,
Priest Rapids Tailrace STH,3,G72CE981B,2026-04-30 18:10:47,2026-05-02 16:36:00,Sunland,0,
Priest Rapids Tailrace STH,3,G72CE981B,2026-04-30 18:10:47,2026-05-02 16:36:00,Wanapum BRZ,0,
Priest Rapids Tailrace STH,3,G72CE981B,2026-04-30 18:10:47,2026-05-02 16:36:00,Mattawa,0,
Priest Rapids Tailrace STH,3,G72CE981B,2026-04-30 18:10:47,2026-05-02 16:36:00,Priest BRZ,0,
Priest Rapids Tailrace STH,3,G72CE981B,2026-04-30 18:10:47,2026-05-02 16:36:00,Lower Ringold,1,2026-05-03 03:59:21
Priest Rapids Tailrace STH,3,G72CE981B,2026-04-30 18:10:47,2026-05-02 16:36:00,Hanford,0,
Priest Rapids Tailrace STH,3,G72CF0E13,2026-05-02 18:48:04,2026-05-04 16:25:00,Crescent Bar,0,
Priest Rapids Tailrace STH,3,G72CF0E13,2026-05-02 18:48:04,2026-05-04 16:25:00,Sunland,0,
Priest Rapids Tailrace STH,3,G72CF0E13,2026-05-02 18:48:04,2026-05-04 16:25:00,Wanapum BRZ,0,
Priest Rapids Tailrace STH,3,G72CF0E13,2026-05-02 18:48:04,2026-05-04 16:25:00,Mattawa,0,
Priest Rapids Tailrace STH,3,G72CF0E13,2026-05-02 18:48:04,2026-05-04 16:25:00,Priest BRZ,0,
Priest Rapids Tailrace STH,3,G72CF0E13,2026-05-02 18:48:04,2026-05-04 16:25:00,Lower Ringold,1,2026-05-10 03:20:28
Priest Rapids Tailrace STH,3,G72CF0E13,2026-05-02 18:48:04,2026-05-04 16:25:00,Hanford,1,2026-05-10 06:31:39
Priest Rapids Tailrace STH,3,G72CF2A51,2026-04-30 18:09:45,2026-05-02 16:36:00,Crescent Bar,0,
Priest Rapids Tailrace STH,3,G72CF2A51,2026-04-30 18:09:45,2026-05-02 16:36:00,Sunland,0,
Priest Rapids Tailrace STH,3,G72CF2A51,2026-04-30 18:09:45,2026-05-02 16:36:00,Wanapum BRZ,0,
Priest Rapids Tailrace STH,3,G72CF2A51,2026-04-30 18:09:45,2026-05-02 16:36:00,Mattawa,0,
Priest Rapids Tailrace STH,3,G72CF2A51,2026-04-30 18:09:45,2026-05-02 16:36:00,Priest BRZ,0,
Priest Rapids Tailrace STH,3,G72CF2A51,2026-04-30 18:09:45,2026-05-02 16:36:00,Lower Ringold,1,2026-05-07 13:11:42
Priest Rapids Tailrace STH,3,G72CF2A51,2026-04-30 18:09:45,2026-05-02 16:36:00,Hanford,0,
Priest Rapids Tailrace STH,1,G72D0E8D3,2026-04-30 18:04:02,2026-05-02 16:36:00,Crescent Bar,0,
Priest Rapids Tailrace STH,1,G72D0E8D3,2026-04-30 18:04:02,2026-05-02 16:36:00,Sunland,0,
Priest Rapids Tailrace STH,1,G72D0E8D3,2026-04-30 18:04:02,2026-05-02 16:36:00,Wanapum BRZ,0,
Priest Rapids Tailrace STH,1,G72D0E8D3,2026-04-30 18:04:02,2026-05-02 16:36:00,Mattawa,0,
Priest Rapids Tailrace STH,1,G72D0E8D3,2026-04-30 18:04:02,2026-05-02 16:36:00,Priest BRZ,0,
Priest Rapids Tailrace STH,1,G72D0E8D3,2026-04-30 18:04:02,2026-05-02 16:36:00,Lower Ringold,0,
Priest Rapids Tailrace STH,1,G72D0E8D3,2026-04-30 18:04:02,2026-05-02 16:36:00,Hanford,0,
Priest Rapids Tailrace STH,1,G72D12CBC,2026-05-04 19:26:16,2026-05-06 16:47:00,Crescent Bar,0,
Priest Rapids Tailrace STH,1,G72D12CBC,2026-05-04 19:26:16,2026-05-06 16:47:00,Sunland,0,
Priest Rapids Tailrace STH,1,G72D12CBC,2026-05-04 19:26:16,2026-05-06 16:47:00,Wanapum BRZ,0,
Priest Rapids Tailrace STH,1,G72D12CBC,2026-05-04 19:26:16,2026-05-06 16:47:00,Mattawa,0,
Priest Rapids Tailrace STH,1,G72D12CBC,2026-05-04 19:26:16,2026-05-06 16:47:00,Priest BRZ,0,
Priest Rapids Tailrace STH,1,G72D12CBC,2026-05-04 19:26:16,2026-05-06 16:47:00,Lower Ringold,1,2026-05-07 05:40:26
Priest Rapids Tailrace STH,1,G72D12CBC,2026-05-04 19:26:16,2026-05-06 16:47:00,Hanford,1,2026-05-07 08:34:09
Priest Rapids Tailrace STH,1,G72D3E57B,2026-04-28 22:44:25,2026-04-30 16:19:00,Crescent Bar,0,
Priest Rapids Tailrace STH,1,G72D3E57B,2026-04-28 22:44:25,2026-04-30 16:19:00,Sunland,0,
Priest Rapids Tailrace STH,1,G72D3E57B,2026-04-28 22:44:25,2026-04-30 16:19:00,Wanapum BRZ,0,
Priest Rapids Tailrace STH,1,G72D3E57B,2026-04-28 22:44:25,2026-04-30 16:19:00,Mattawa,0,
Priest Rapids Tailrace STH,1,G72D3E57B,2026-04-28 22:44:25,2026-04-30 16:19:00,Priest BRZ,0,
Priest Rapids Tailrace STH,1,G72D3E57B,2026-04-28 22:44:25,2026-04-30 16:19:00,Lower Ringold,1,2026-05-01 07:04:08
Priest Rapids Tailrace STH,1,G72D3E57B,2026-04-28 22:44:25,2026-04-30 16:19:00,Hanford,1,2026-05-01 09:31:11
Priest Rapids Tailrace STH,1,G72D3E699,2026-05-05 18:13:54,2026-05-07 16:28:00,Crescent Bar,0,
Priest Rapids Tailrace STH,1,G72D3E699,2026-05-05 18:13:54,2026-05-07 16:28:00,Sunland,0,
Priest Rapids Tailrace STH,1,G72D3E699,2026-05-05 18:13:54,2026-05-07 16:28:00,Wanapum BRZ,0,
Priest Rapids Tailrace STH,1,G72D3E699,2026-05-05 18:13:54,2026-05-07 16:28:00,Mattawa,0,
Priest Rapids Tailrace STH,1,G72D3E699,2026-05-05 18:13:54,2026-05-07 16:28:00,Priest BRZ,0,
Priest Rapids Tailrace STH,1,G72D3E699,2026-05-05 18:13:54,2026-05-07 16:28:00,Lower Ringold,1,2026-05-08 16:49:51
Priest Rapids Tailrace STH,1,G72D3E699,2026-05-05 18:13:54,2026-05-07 16:28:00,Hanford,1,2026-05-08 20:33:51
Priest Rapids Tailrace STH,1,G72D529B8,2026-04-28 22:47:19,2026-04-30 16:19:00,Crescent Bar,0,
Priest Rapids Tailrace STH,1,G72D529B8,2026-04-28 22:47:19,2026-04-30 16:19:00,Sunland,0,
Priest Rapids Tailrace STH,1,G72D529B8,2026-04-28 22:47:19,2026-04-30 16:19:00,Wanapum BRZ,0,
Priest Rapids Tailrace STH,1,G72D529B8,2026-04-28 22:47:19,2026-04-30 16:19:00,Mattawa,0,
Priest Rapids Tailrace STH,1,G72D529B8,2026-04-28 22:47:19,2026-04-30 16:19:00,Priest BRZ,0,
Priest Rapids Tailrace STH,1,G72D529B8,2026-04-28 22:47:19,2026-04-30 16:19:00,Lower Ringold,1,2026-05-01 03:01:28
Priest Rapids Tailrace STH,1,G72D529B8,2026-04-28 22:47:19,2026-04-30 16:19:00,Hanford,1,2026-05-01 05:46:06
Priest Rapids Tailrace STH,1,G72D69E5C,2026-05-03 20:01:31,2026-05-05 17:13:00,Crescent Bar,0,
Priest Rapids Tailrace STH,1,G72D69E5C,2026-05-03 20:01:31,2026-05-05 17:13:00,Sunland,0,
Priest Rapids Tailrace STH,1,G72D69E5C,2026-05-03 20:01:31,2026-05-05 17:13:00,Wanapum BRZ,0,
Priest Rapids Tailrace STH,1,G72D69E5C,2026-05-03 20:01:31,2026-05-05 17:13:00,Mattawa,0,
Priest Rapids Tailrace STH,1,G72D69E5C,2026-05-03 20:01:31,2026-05-05 17:13:00,Priest BRZ,0,
Priest Rapids Tailrace STH,1,G72D69E5C,2026-05-03 20:01:31,2026-05-05 17:13:00,Lower Ringold,1,2026-05-06 03:51:32
Priest Rapids Tailrace STH,1,G72D69E5C,2026-05-03 20:01:31,2026-05-05 17:13:00,Hanford,1,2026-05-06 06:40:38
Priest Rapids Tailrace STH,1,G72D6D3E7,2026-05-03 19:47:27,2026-05-05 17:13:00,Crescent Bar,0,
Priest Rapids Tailrace STH,1,G72D6D3E7,2026-05-03 19:47:27,2026-05-05 17:13:00,Sunland,0,
Priest Rapids Tailrace STH,1,G72D6D3E7,2026-05-03 19:47:27,2026-05-05 17:13:00,Wanapum BRZ,0,
Priest Rapids Tailrace STH,1,G72D6D3E7,2026-05-03 19:47:27,2026-05-05 17:13:00,Mattawa,0,
Priest Rapids Tailrace STH,1,G72D6D3E7,2026-05-03 19:47:27,2026-05-05 17:13:00,Priest BRZ,0,
Priest Rapids Tailrace STH,1,G72D6D3E7,2026-05-03 19:47:27,2026-05-05 17:13:00,Lower Ringold,0,
Priest Rapids Tailrace STH,1,G72D6D3E7,2026-05-03 19:47:27,2026-05-05 17:13:00,Hanford,0,
Priest Rapids Tailrace STH,1,G72D7624F,2026-04-30 18:09:15,2026-05-02 16:36:00,Crescent Bar,0,
Priest Rapids Tailrace STH,1,G72D7624F,2026-04-30 18:09:15,2026-05-02 16:36:00,Sunland,0,
Priest Rapids Tailrace STH,1,G72D7624F,2026-04-30 18:09:15,2026-05-02 16:36:00,Wanapum BRZ,0,
Priest Rapids Tailrace STH,1,G72D7624F,2026-04-30 18:09:15,2026-05-02 16:36:00,Mattawa,0,
Priest Rapids Tailrace STH,1,G72D7624F,2026-04-30 18:09:15,2026-05-02 16:36:00,Priest BRZ,0,
Priest Rapids Tailrace STH,1,G72D7624F,2026-04-30 18:09:15,2026-05-02 16:36:00,Lower Ringold,1,2026-05-04 18:51:15
Priest Rapids Tailrace STH,1,G72D7624F,2026-04-30 18:09:15,2026-05-02 16:36:00,Hanford,1,2026-05-04 21:55:28
Priest Rapids Tailrace STH,2,G72D9D6C0,2026-05-04 19:26:38,2026-05-06 16:47:00,Crescent Bar,0,
Priest Rapids Tailrace STH,2,G72D9D6C0,2026-05-04 19:26:38,2026-05-06 16:47:00,Sunland,0,
Priest Rapids Tailrace STH,2,G72D9D6C0,2026-05-04 19:26:38,2026-05-06 16:47:00,Wanapum BRZ,0,
Priest Rapids Tailrace STH,2,G72D9D6C0,2026-05-04 19:26:38,2026-05-06 16:47:00,Mattawa,0,
Priest Rapids Tailrace STH,2,G72D9D6C0,2026-05-04 19:26:38,2026-05-06 16:47:00,Priest BRZ,0,
Priest Rapids Tailrace STH,2,G72D9D6C0,2026-05-04 19:26:38,2026-05-06 16:47:00,Lower Ringold,1,2026-05-07 10:02:49
Priest Rapids Tailrace STH,2,G72D9D6C0,2026-05-04 19:26:38,2026-05-06 16:47:00,Hanford,1,2026-05-07 13:15:22
Priest Rapids Tailrace STH,2,G72DAAB90,2026-04-30 17:59:17,2026-05-02 16:36:00,Crescent Bar,0,
Priest Rapids Tailrace STH,2,G72DAAB90,2026-04-30 17:59:17,2026-05-02 16:36:00,Sunland,0,
Priest Rapids Tailrace STH,2,G72DAAB90,2026-04-30 17:59:17,2026-05-02 16:36:00,Wanapum BRZ,0,
Priest Rapids Tailrace STH,2,G72DAAB90,2026-04-30 17:59:17,2026-05-02 16:36:00,Mattawa,0,
Priest Rapids Tailrace STH,2,G72DAAB90,2026-04-30 17:59:17,2026-05-02 16:36:00,Priest BRZ,0,
Priest Rapids Tailrace STH,2,G72DAAB90,2026-04-30 17:59:17,2026-05-02 16:36:00,Lower Ringold,1,2026-05-03 06:35:40
Priest Rapids Tailrace STH,2,G72DAAB90,2026-04-30 17:59:17,2026-05-02 16:36:00,Hanford,1,2026-05-03 09:38:21
Priest Rapids Tailrace STH,3,G72DB53E2,2026-05-04 19:25:15,2026-05-06 16:47:00,Crescent Bar,0,
Priest Rapids Tailrace STH,3,G72DB53E2,2026-05-04 19:25:15,2026-05-06 16:47:00,Sunland,0,
Priest Rapids Tailrace STH,3,G72DB53E2,2026-05-04 19:25:15,2026-05-06 16:47:00,Wanapum BRZ,0,
Priest Rapids Tailrace STH,3,G72DB53E2,2026-05-04 19:25:15,2026-05-06 16:47:00,Mattawa,0,
Priest Rapids Tailrace STH,3,G72DB53E2,2026-05-04 19:25:15,2026-05-06 16:47:00,Priest BRZ,0,
Priest Rapids Tailrace STH,3,G72DB53E2,2026-05-04 19:25:15,2026-05-06 16:47:00,Lower Ringold,1,2026-05-07 14:20:18
Priest Rapids Tailrace STH,3,G72DB53E2,2026-05-04 19:25:15,2026-05-06 16:47:00,Hanford,1,2026-05-07 23:15:17
Priest Rapids Tailrace STH,2,G72DE1205,2026-05-01 19:03:59,2026-05-04 16:25:00,Crescent Bar,0,
Priest Rapids Tailrace STH,2,G72DE1205,2026-05-01 19:03:59,2026-05-04 16:25:00,Sunland,0,
Priest Rapids Tailrace STH,2,G72DE1205,2026-05-01 19:03:59,2026-05-04 16:25:00,Wanapum BRZ,0,
Priest Rapids Tailrace STH,2,G72DE1205,2026-05-01 19:03:59,2026-05-04 16:25:00,Mattawa,0,
Priest Rapids Tailrace STH,2,G72DE1205,2026-05-01 19:03:59,2026-05-04 16:25:00,Priest BRZ,0,
Priest Rapids Tailrace STH,2,G72DE1205,2026-05-01 19:03:59,2026-05-04 16:25:00,Lower Ringold,1,2026-05-07 16:04:51
Priest Rapids Tailrace STH,2,G72DE1205,2026-05-01 19:03:59,2026-05-04 16:25:00,Hanford,1,2026-05-07 19:16:06
Priest Rapids Tailrace STH,1,G72E0296A,2026-05-03 20:02:07,2026-05-05 17:13:00,Crescent Bar,0,
Priest Rapids Tailrace STH,1,G72E0296A,2026-05-03 20:02:07,2026-05-05 17:13:00,Sunland,0,
Priest Rapids Tailrace STH,1,G72E0296A,2026-05-03 20:02:07,2026-05-05 17:13:00,Wanapum BRZ,0,
Priest Rapids Tailrace STH,1,G72E0296A,2026-05-03 20:02:07,2026-05-05 17:13:00,Mattawa,0,
Priest Rapids Tailrace STH,1,G72E0296A,2026-05-03 20:02:07,2026-05-05 17:13:00,Priest BRZ,0,
Priest Rapids Tailrace STH,1,G72E0296A,2026-05-03 20:02:07,2026-05-05 17:13:00,Lower Ringold,1,2026-05-06 13:43:18
Priest Rapids Tailrace STH,1,G72E0296A,2026-05-03 20:02:07,2026-05-05 17:13:00,Hanford,0,
Priest Rapids Tailrace STH,2,G72E1A73D,2026-05-05 18:28:17,2026-05-07 16:28:00,Crescent Bar,0,
Priest Rapids Tailrace STH,2,G72E1A73D,2026-05-05 18:28:17,2026-05-07 16:28:00,Sunland,0,
Priest Rapids Tailrace STH,2,G72E1A73D,2026-05-05 18:28:17,2026-05-07 16:28:00,Wanapum BRZ,0,
Priest Rapids Tailrace STH,2,G72E1A73D,2026-05-05 18:28:17,2026-05-07 16:28:00,Mattawa,0,
Priest Rapids Tailrace STH,2,G72E1A73D,2026-05-05 18:28:17,2026-05-07 16:28:00,Priest BRZ,0,
Priest Rapids Tailrace STH,2,G72E1A73D,2026-05-05 18:28:17,2026-05-07 16:28:00,Lower Ringold,1,2026-05-08 03:41:07
Priest Rapids Tailrace STH,2,G72E1A73D,2026-05-05 18:28:17,2026-05-07 16:28:00,Hanford,1,2026-05-08 14:24:30
Priest Rapids Tailrace STH,1,G72E285F7,2026-05-02 18:48:32,2026-05-04 16:25:00,Crescent Bar,0,
Priest Rapids Tailrace STH,1,G72E285F7,2026-05-02 18:48:32,2026-05-04 16:25:00,Sunland,0,
Priest Rapids Tailrace STH,1,G72E285F7,2026-05-02 18:48:32,2026-05-04 16:25:00,Wanapum BRZ,0,
Priest Rapids Tailrace STH,1,G72E285F7,2026-05-02 18:48:32,2026-05-04 16:25:00,Mattawa,0,
Priest Rapids Tailrace STH,1,G72E285F7,2026-05-02 18:48:32,2026-05-04 16:25:00,Priest BRZ,0,
Priest Rapids Tailrace STH,1,G72E285F7,2026-05-02 18:48:32,2026-05-04 16:25:00,Lower Ringold,1,2026-05-08 01:42:32
Priest Rapids Tailrace STH,1,G72E285F7,2026-05-02 18:48:32,2026-05-04 16:25:00,Hanford,1,2026-05-08 05:13:30
Priest Rapids Tailrace STH,3,G72E344A7,2026-05-05 18:19:13,2026-05-07 16:28:00,Crescent Bar,0,
Priest Rapids Tailrace STH,3,G72E344A7,2026-05-05 18:19:13,2026-05-07 16:28:00,Sunland,0,
Priest Rapids Tailrace STH,3,G72E344A7,2026-05-05 18:19:13,2026-05-07 16:28:00,Wanapum BRZ,0,
Priest Rapids Tailrace STH,3,G72E344A7,2026-05-05 18:19:13,2026-05-07 16:28:00,Mattawa,0,
Priest Rapids Tailrace STH,3,G72E344A7,2026-05-05 18:19:13,2026-05-07 16:28:00,Priest BRZ,0,
Priest Rapids Tailrace STH,3,G72E344A7,2026-05-05 18:19:13,2026-05-07 16:28:00,Lower Ringold,1,2026-05-08 04:58:23
Priest Rapids Tailrace STH,3,G72E344A7,2026-05-05 18:19:13,2026-05-07 16:28:00,Hanford,1,2026-05-08 08:08:11
Priest Rapids Tailrace STH,1,G72E37CDB,2026-05-03 19:43:23,2026-05-05 17:13:00,Crescent Bar,0,
Priest Rapids Tailrace STH,1,G72E37CDB,2026-05-03 19:43:23,2026-05-05 17:13:00,Sunland,0,
Priest Rapids Tailrace STH,1,G72E37CDB,2026-05-03 19:43:23,2026-05-05 17:13:00,Wanapum BRZ,0,
Priest Rapids Tailrace STH,1,G72E37CDB,2026-05-03 19:43:23,2026-05-05 17:13:00,Mattawa,0,
Priest Rapids Tailrace STH,1,G72E37CDB,2026-05-03 19:43:23,2026-05-05 17:13:00,Priest BRZ,0,
Priest Rapids Tailrace STH,1,G72E37CDB,2026-05-03 19:43:23,2026-05-05 17:13:00,Lower Ringold,1,2026-05-06 10:27:22
Priest Rapids Tailrace STH,1,G72E37CDB,2026-05-03 19:43:23,2026-05-05 17:13:00,Hanford,1,2026-05-06 13:25:07
Priest Rapids Tailrace STH,1,G72E3AA51,2026-04-28 22:45:54,2026-04-30 16:19:00,Crescent Bar,0,
Priest Rapids Tailrace STH,1,G72E3AA51,2026-04-28 22:45:54,2026-04-30 16:19:00,Sunland,0,
Priest Rapids Tailrace STH,1,G72E3AA51,2026-04-28 22:45:54,2026-04-30 16:19:00,Wanapum BRZ,0,
Priest Rapids Tailrace STH,1,G72E3AA51,2026-04-28 22:45:54,2026-04-30 16:19:00,Mattawa,0,
Priest Rapids Tailrace STH,1,G72E3AA51,2026-04-28 22:45:54,2026-04-30 16:19:00,Priest BRZ,0,
Priest Rapids Tailrace STH,1,G72E3AA51,2026-04-28 22:45:54,2026-04-30 16:19:00,Lower Ringold,0,
Priest Rapids Tailrace STH,1,G72E3AA51,2026-04-28 22:45:54,2026-04-30 16:19:00,Hanford,0,
Priest Rapids Tailrace STH,3,G72E5F43F,2026-05-01 19:02:37,2026-05-03 16:31:00,Crescent Bar,0,
Priest Rapids Tailrace STH,3,G72E5F43F,2026-05-01 19:02:37,2026-05-03 16:31:00,Sunland,0,
Priest Rapids Tailrace STH,3,G72E5F43F,2026-05-01 19:02:37,2026-05-03 16:31:00,Wanapum BRZ,0,
Priest Rapids Tailrace STH,3,G72E5F43F,2026-05-01 19:02:37,2026-05-03 16:31:00,Mattawa,0,
Priest Rapids Tailrace STH,3,G72E5F43F,2026-05-01 19:02:37,2026-05-03 16:31:00,Priest BRZ,0,
Priest Rapids Tailrace STH,3,G72E5F43F,2026-05-01 19:02:37,2026-05-03 16:31:00,Lower Ringold,1,2026-05-04 03:36:16
Priest Rapids Tailrace STH,3,G72E5F43F,2026-05-01 19:02:37,2026-05-03 16:31:00,Hanford,1,2026-05-04 06:39:28
Priest Rapids Tailrace STH,2,G72E91779,2026-05-04 18:59:42,2026-05-06 16:47:00,Crescent Bar,0,
Priest Rapids Tailrace STH,2,G72E91779,2026-05-04 18:59:42,2026-05-06 16:47:00,Sunland,0,
Priest Rapids Tailrace STH,2,G72E91779,2026-05-04 18:59:42,2026-05-06 16:47:00,Wanapum BRZ,0,
Priest Rapids Tailrace STH,2,G72E91779,2026-05-04 18:59:42,2026-05-06 16:47:00,Mattawa,0,
Priest Rapids Tailrace STH,2,G72E91779,2026-05-04 18:59:42,2026-05-06 16:47:00,Priest BRZ,0,
Priest Rapids Tailrace STH,2,G72E91779,2026-05-04 18:59:42,2026-05-06 16:47:00,Lower Ringold,1,2026-05-07 11:01:12
Priest Rapids Tailrace STH,2,G72E91779,2026-05-04 18:59:42,2026-05-06 16:47:00,Hanford,1,2026-05-07 14:01:43
Priest Rapids Tailrace STH,1,G72E91D07,2026-05-02 18:54:03,2026-05-04 16:25:00,Crescent Bar,0,
Priest Rapids Tailrace STH,1,G72E91D07,2026-05-02 18:54:03,2026-05-04 16:25:00,Sunland,0,
Priest Rapids Tailrace STH,1,G72E91D07,2026-05-02 18:54:03,2026-05-04 16:25:00,Wanapum BRZ,0,
Priest Rapids Tailrace STH,1,G72E91D07,2026-05-02 18:54:03,2026-05-04 16:25:00,Mattawa,0,
Priest Rapids Tailrace STH,1,G72E91D07,2026-05-02 18:54:03,2026-05-04 16:25:00,Priest BRZ,0,
Priest Rapids Tailrace STH,1,G72E91D07,2026-05-02 18:54:03,2026-05-04 16:25:00,Lower Ringold,1,2026-05-05 05:22:22
Priest Rapids Tailrace STH,1,G72E91D07,2026-05-02 18:54:03,2026-05-04 16:25:00,Hanford,1,2026-05-05 08:13:18
Priest Rapids Tailrace STH,3,G72EA576A,2026-05-02 19:10:59,2026-05-05 17:13:00,Crescent Bar,0,
Priest Rapids Tailrace STH,3,G72EA576A,2026-05-02 19:10:59,2026-05-05 17:13:00,Sunland,0,
Priest Rapids Tailrace STH,3,G72EA576A,2026-05-02 19:10:59,2026-05-05 17:13:00,Wanapum BRZ,0,
Priest Rapids Tailrace STH,3,G72EA576A,2026-05-02 19:10:59,2026-05-05 17:13:00,Mattawa,0,
Priest Rapids Tailrace STH,3,G72EA576A,2026-05-02 19:10:59,2026-05-05 17:13:00,Priest BRZ,0,
Priest Rapids Tailrace STH,3,G72EA576A,2026-05-02 19:10:59,2026-05-05 17:13:00,Lower Ringold,1,2026-05-06 05:19:25
Priest Rapids Tailrace STH,3,G72EA576A,2026-05-02 19:10:59,2026-05-05 17:13:00,Hanford,1,2026-05-06 08:25:56
Priest Rapids Tailrace STH,1,G72EB807A,2026-05-02 18:47:00,2026-05-04 16:25:00,Crescent Bar,0,
Priest Rapids Tailrace STH,1,G72EB807A,2026-05-02 18:47:00,2026-05-04 16:25:00,Sunland,0,
Priest Rapids Tailrace STH,1,G72EB807A,2026-05-02 18:47:00,2026-05-04 16:25:00,Wanapum BRZ,0,
Priest Rapids Tailrace STH,1,G72EB807A,2026-05-02 18:47:00,2026-05-04 16:25:00,Mattawa,0,
Priest Rapids Tailrace STH,1,G72EB807A,2026-05-02 18:47:00,2026-05-04 16:25:00,Priest BRZ,0,
Priest Rapids Tailrace STH,1,G72EB807A,2026-05-02 18:47:00,2026-05-04 16:25:00,Lower Ringold,1,2026-05-05 05:06:09
Priest Rapids Tailrace STH,1,G72EB807A,2026-05-02 18:47:00,2026-05-04 16:25:00,Hanford,1,2026-05-05 07:46:03
Priest Rapids Tailrace STH,1,G72EC0D65,2026-04-28 22:48:51,2026-04-30 16:19:00,Crescent Bar,0,
Priest Rapids Tailrace STH,1,G72EC0D65,2026-04-28 22:48:51,2026-04-30 16:19:00,Sunland,0,
Priest Rapids Tailrace STH,1,G72EC0D65,2026-04-28 22:48:51,2026-04-30 16:19:00,Wanapum BRZ,0,
Priest Rapids Tailrace STH,1,G72EC0D65,2026-04-28 22:48:51,2026-04-30 16:19:00,Mattawa,0,
Priest Rapids Tailrace STH,1,G72EC0D65,2026-04-28 22:48:51,2026-04-30 16:19:00,Priest BRZ,0,
Priest Rapids Tailrace STH,1,G72EC0D65,2026-04-28 22:48:51,2026-04-30 16:19:00,Lower Ringold,1,2026-05-01 02:47:54
Priest Rapids Tailrace STH,1,G72EC0D65,2026-04-28 22:48:51,2026-04-30 16:19:00,Hanford,1,2026-05-01 05:40:15
Priest Rapids Tailrace STH,1,G72EC20BB,2026-05-01 18:42:05,2026-05-03 16:31:00,Crescent Bar,0,
Priest Rapids Tailrace STH,1,G72EC20BB,2026-05-01 18:42:05,2026-05-03 16:31:00,Sunland,0,
Priest Rapids Tailrace STH,1,G72EC20BB,2026-05-01 18:42:05,2026-05-03 16:31:00,Wanapum BRZ,0,
Priest Rapids Tailrace STH,1,G72EC20BB,2026-05-01 18:42:05,2026-05-03 16:31:00,Mattawa,0,
Priest Rapids Tailrace STH,1,G72EC20BB,2026-05-01 18:42:05,2026-05-03 16:31:00,Priest BRZ,0,
Priest Rapids Tailrace STH,1,G72EC20BB,2026-05-01 18:42:05,2026-05-03 16:31:00,Lower Ringold,1,2026-05-04 04:21:08
Priest Rapids Tailrace STH,1,G72EC20BB,2026-05-01 18:42:05,2026-05-03 16:31:00,Hanford,1,2026-05-04 07:23:58
Priest Rapids Tailrace STH,1,G72EC6D00,2026-04-30 18:05:03,2026-05-02 16:36:00,Crescent Bar,0,
Priest Rapids Tailrace STH,1,G72EC6D00,2026-04-30 18:05:03,2026-05-02 16:36:00,Sunland,0,
Priest Rapids Tailrace STH,1,G72EC6D00,2026-04-30 18:05:03,2026-05-02 16:36:00,Wanapum BRZ,0,
Priest Rapids Tailrace STH,1,G72EC6D00,2026-04-30 18:05:03,2026-05-02 16:36:00,Mattawa,0,
Priest Rapids Tailrace STH,1,G72EC6D00,2026-04-30 18:05:03,2026-05-02 16:36:00,Priest BRZ,0,
Priest Rapids Tailrace STH,1,G72EC6D00,2026-04-30 18:05:03,2026-05-02 16:36:00,Lower Ringold,1,2026-05-03 04:04:17
Priest Rapids Tailrace STH,1,G72EC6D00,2026-04-30 18:05:03,2026-05-02 16:36:00,Hanford,1,2026-05-03 07:04:31
Priest Rapids Tailrace STH,2,G72EEF39F,2026-05-04 19:05:59,2026-05-06 16:47:00,Crescent Bar,0,
Priest Rapids Tailrace STH,2,G72EEF39F,2026-05-04 19:05:59,2026-05-06 16:47:00,Sunland,0,
Priest Rapids Tailrace STH,2,G72EEF39F,2026-05-04 19:05:59,2026-05-06 16:47:00,Wanapum BRZ,0,
Priest Rapids Tailrace STH,2,G72EEF39F,2026-05-04 19:05:59,2026-05-06 16:47:00,Mattawa,0,
Priest Rapids Tailrace STH,2,G72EEF39F,2026-05-04 19:05:59,2026-05-06 16:47:00,Priest BRZ,0,
Priest Rapids Tailrace STH,2,G72EEF39F,2026-05-04 19:05:59,2026-05-06 16:47:00,Lower Ringold,1,2026-05-07 05:57:19
Priest Rapids Tailrace STH,2,G72EEF39F,2026-05-04 19:05:59,2026-05-06 16:47:00,Hanford,1,2026-05-07 09:46:00
Priest Rapids Tailrace STH,3,G72F0407F,2026-04-30 18:04:40,2026-05-02 16:36:00,Crescent Bar,0,
Priest Rapids Tailrace STH,3,G72F0407F,2026-04-30 18:04:40,2026-05-02 16:36:00,Sunland,0,
Priest Rapids Tailrace STH,3,G72F0407F,2026-04-30 18:04:40,2026-05-02 16:36:00,Wanapum BRZ,0,
Priest Rapids Tailrace STH,3,G72F0407F,2026-04-30 18:04:40,2026-05-02 16:36:00,Mattawa,0,
Priest Rapids Tailrace STH,3,G72F0407F,2026-04-30 18:04:40,2026-05-02 16:36:00,Priest BRZ,0,
Priest Rapids Tailrace STH,3,G72F0407F,2026-04-30 18:04:40,2026-05-02 16:36:00,Lower Ringold,0,
Priest Rapids Tailrace STH,3,G72F0407F,2026-04-30 18:04:40,2026-05-02 16:36:00,Hanford,0,
Priest Rapids Tailrace STH,3,G72F0B534,2026-04-29 17:48:56,2026-05-01 16:26:00,Crescent Bar,0,
Priest Rapids Tailrace STH,3,G72F0B534,2026-04-29 17:48:56,2026-05-01 16:26:00,Sunland,0,
Priest Rapids Tailrace STH,3,G72F0B534,2026-04-29 17:48:56,2026-05-01 16:26:00,Wanapum BRZ,0,
Priest Rapids Tailrace STH,3,G72F0B534,2026-04-29 17:48:56,2026-05-01 16:26:00,Mattawa,0,
Priest Rapids Tailrace STH,3,G72F0B534,2026-04-29 17:48:56,2026-05-01 16:26:00,Priest BRZ,0,
Priest Rapids Tailrace STH,3,G72F0B534,2026-04-29 17:48:56,2026-05-01 16:26:00,Lower Ringold,1,2026-05-02 09:21:58
Priest Rapids Tailrace STH,3,G72F0B534,2026-04-29 17:48:56,2026-05-01 16:26:00,Hanford,1,2026-05-02 12:33:23
Priest Rapids Tailrace STH,1,G72F14B9B,2026-05-05 18:18:10,2026-05-07 16:28:00,Crescent Bar,0,
Priest Rapids Tailrace STH,1,G72F14B9B,2026-05-05 18:18:10,2026-05-07 16:28:00,Sunland,0,
Priest Rapids Tailrace STH,1,G72F14B9B,2026-05-05 18:18:10,2026-05-07 16:28:00,Wanapum BRZ,0,
Priest Rapids Tailrace STH,1,G72F14B9B,2026-05-05 18:18:10,2026-05-07 16:28:00,Mattawa,0,
Priest Rapids Tailrace STH,1,G72F14B9B,2026-05-05 18:18:10,2026-05-07 16:28:00,Priest BRZ,0,
Priest Rapids Tailrace STH,1,G72F14B9B,2026-05-05 18:18:10,2026-05-07 16:28:00,Lower Ringold,1,2026-05-08 04:35:44
Priest Rapids Tailrace STH,1,G72F14B9B,2026-05-05 18:18:10,2026-05-07 16:28:00,Hanford,1,2026-05-08 15:14:18
Priest Rapids Tailrace STH,1,G72F1A68F,2026-04-30 18:15:53,2026-05-02 16:36:00,Crescent Bar,0,
Priest Rapids Tailrace STH,1,G72F1A68F,2026-04-30 18:15:53,2026-05-02 16:36:00,Sunland,0,
Priest Rapids Tailrace STH,1,G72F1A68F,2026-04-30 18:15:53,2026-05-02 16:36:00,Wanapum BRZ,0,
Priest Rapids Tailrace STH,1,G72F1A68F,2026-04-30 18:15:53,2026-05-02 16:36:00,Mattawa,0,
Priest Rapids Tailrace STH,1,G72F1A68F,2026-04-30 18:15:53,2026-05-02 16:36:00,Priest BRZ,0,
Priest Rapids Tailrace STH,1,G72F1A68F,2026-04-30 18:15:53,2026-05-02 16:36:00,Lower Ringold,1,2026-05-03 07:05:35
Priest Rapids Tailrace STH,1,G72F1A68F,2026-04-30 18:15:53,2026-05-02 16:36:00,Hanford,1,2026-05-03 10:15:00
Priest Rapids Tailrace STH,1,G72F24972,2026-05-02 18:50:34,2026-05-04 16:25:00,Crescent Bar,0,
Priest Rapids Tailrace STH,1,G72F24972,2026-05-02 18:50:34,2026-05-04 16:25:00,Sunland,0,
Priest Rapids Tailrace STH,1,G72F24972,2026-05-02 18:50:34,2026-05-04 16:25:00,Wanapum BRZ,0,
Priest Rapids Tailrace STH,1,G72F24972,2026-05-02 18:50:34,2026-05-04 16:25:00,Mattawa,0,
Priest Rapids Tailrace STH,1,G72F24972,2026-05-02 18:50:34,2026-05-04 16:25:00,Priest BRZ,0,
Priest Rapids Tailrace STH,1,G72F24972,2026-05-02 18:50:34,2026-05-04 16:25:00,Lower Ringold,1,2026-05-05 07:15:06
Priest Rapids Tailrace STH,1,G72F24972,2026-05-02 18:50:34,2026-05-04 16:25:00,Hanford,1,2026-05-05 10:08:53
Priest Rapids Tailrace STH,1,G72F2F81E,2026-04-30 18:10:16,2026-05-02 16:36:00,Crescent Bar,0,
Priest Rapids Tailrace STH,1,G72F2F81E,2026-04-30 18:10:16,2026-05-02 16:36:00,Sunland,0,
Priest Rapids Tailrace STH,1,G72F2F81E,2026-04-30 18:10:16,2026-05-02 16:36:00,Wanapum BRZ,0,
Priest Rapids Tailrace STH,1,G72F2F81E,2026-04-30 18:10:16,2026-05-02 16:36:00,Mattawa,0,
Priest Rapids Tailrace STH,1,G72F2F81E,2026-04-30 18:10:16,2026-05-02 16:36:00,Priest BRZ,0,
Priest Rapids Tailrace STH,1,G72F2F81E,2026-04-30 18:10:16,2026-05-02 16:36:00,Lower Ringold,1,2026-05-03 04:01:33
Priest Rapids Tailrace STH,1,G72F2F81E,2026-04-30 18:10:16,2026-05-02 16:36:00,Hanford,1,2026-05-03 09:48:27
Priest Rapids Tailrace STH,1,G72F3326E,2026-05-01 18:56:09,2026-05-03 16:31:00,Crescent Bar,0,
Priest Rapids Tailrace STH,1,G72F3326E,2026-05-01 18:56:09,2026-05-03 16:31:00,Sunland,0,
Priest Rapids Tailrace STH,1,G72F3326E,2026-05-01 18:56:09,2026-05-03 16:31:00,Wanapum BRZ,0,
Priest Rapids Tailrace STH,1,G72F3326E,2026-05-01 18:56:09,2026-05-03 16:31:00,Mattawa,0,
Priest Rapids Tailrace STH,1,G72F3326E,2026-05-01 18:56:09,2026-05-03 16:31:00,Priest BRZ,0,
Priest Rapids Tailrace STH,1,G72F3326E,2026-05-01 18:56:09,2026-05-03 16:31:00,Lower Ringold,1,2026-05-04 08:08:04
Priest Rapids Tailrace STH,1,G72F3326E,2026-05-01 18:56:09,2026-05-03 16:31:00,Hanford,1,2026-05-04 10:56:52
Priest Rapids Tailrace STH,1,G72F36B29,2026-04-28 22:38:06,2026-04-30 16:19:00,Crescent Bar,0,
Priest Rapids Tailrace STH,1,G72F36B29,2026-04-28 22:38:06,2026-04-30 16:19:00,Sunland,0,
Priest Rapids Tailrace STH,1,G72F36B29,2026-04-28 22:38:06,2026-04-30 16:19:00,Wanapum BRZ,0,
Priest Rapids Tailrace STH,1,G72F36B29,2026-04-28 22:38:06,2026-04-30 16:19:00,Mattawa,0,
Priest Rapids Tailrace STH,1,G72F36B29,2026-04-28 22:38:06,2026-04-30 16:19:00,Priest BRZ,0,
Priest Rapids Tailrace STH,1,G72F36B29,2026-04-28 22:38:06,2026-04-30 16:19:00,Lower Ringold,1,2026-05-01 13:14:44
Priest Rapids Tailrace STH,1,G72F36B29,2026-04-28 22:38:06,2026-04-30 16:19:00,Hanford,1,2026-05-01 17:01:39
Priest Rapids Tailrace STH,1,G72F64ECA,2026-05-04 19:03:17,2026-05-06 16:47:00,Crescent Bar,0,
Priest Rapids Tailrace STH,1,G72F64ECA,2026-05-04 19:03:17,2026-05-06 16:47:00,Sunland,0,
Priest Rapids Tailrace STH,1,G72F64ECA,2026-05-04 19:03:17,2026-05-06 16:47:00,Wanapum BRZ,0,
Priest Rapids Tailrace STH,1,G72F64ECA,2026-05-04 19:03:17,2026-05-06 16:47:00,Mattawa,0,
Priest Rapids Tailrace STH,1,G72F64ECA,2026-05-04 19:03:17,2026-05-06 16:47:00,Priest BRZ,0,
Priest Rapids Tailrace STH,1,G72F64ECA,2026-05-04 19:03:17,2026-05-06 16:47:00,Lower Ringold,1,2026-05-09 13:42:37
Priest Rapids Tailrace STH,1,G72F64ECA,2026-05-04 19:03:17,2026-05-06 16:47:00,Hanford,1,2026-05-10 03:29:27
Priest Rapids Tailrace STH,3,G72F7E581,2026-05-04 19:06:30,2026-05-06 16:47:00,Crescent Bar,0,
Priest Rapids Tailrace STH,3,G72F7E581,2026-05-04 19:06:30,2026-05-06 16:47:00,Sunland,0,
Priest Rapids Tailrace STH,3,G72F7E581,2026-05-04 19:06:30,2026-05-06 16:47:00,Wanapum BRZ,0,
Priest Rapids Tailrace STH,3,G72F7E581,2026-05-04 19:06:30,2026-05-06 16:47:00,Mattawa,0,
Priest Rapids Tailrace STH,3,G72F7E581,2026-05-04 19:06:30,2026-05-06 16:47:00,Priest BRZ,0,
Priest Rapids Tailrace STH,3,G72F7E581,2026-05-04 19:06:30,2026-05-06 16:47:00,Lower Ringold,1,2026-05-07 13:35:19
Priest Rapids Tailrace STH,3,G72F7E581,2026-05-04 19:06:30,2026-05-06 16:47:00,Hanford,1,2026-05-08 05:13:59
Priest Rapids Tailrace STH,2,G72F99226,2026-05-02 19:00:37,2026-05-04 16:25:00,Crescent Bar,0,
Priest Rapids Tailrace STH,2,G72F99226,2026-05-02 19:00:37,2026-05-04 16:25:00,Sunland,0,
Priest Rapids Tailrace STH,2,G72F99226,2026-05-02 19:00:37,2026-05-04 16:25:00,Wanapum BRZ,0,
Priest Rapids Tailrace STH,2,G72F99226,2026-05-02 19:00:37,2026-05-04 16:25:00,Mattawa,0,
Priest Rapids Tailrace STH,2,G72F99226,2026-05-02 19:00:37,2026-05-04 16:25:00,Priest BRZ,0,
Priest Rapids Tailrace STH,2,G72F99226,2026-05-02 19:00:37,2026-05-04 16:25:00,Lower Ringold,1,2026-05-05 02:59:38
Priest Rapids Tailrace STH,2,G72F99226,2026-05-02 19:00:37,2026-05-04 16:25:00,Hanford,1,2026-05-05 05:46:51
Priest Rapids Tailrace STH,3,G72FA075D,2026-05-04 19:07:09,2026-05-06 16:47:00,Crescent Bar,0,
Priest Rapids Tailrace STH,3,G72FA075D,2026-05-04 19:07:09,2026-05-06 16:47:00,Sunland,0,
Priest Rapids Tailrace STH,3,G72FA075D,2026-05-04 19:07:09,2026-05-06 16:47:00,Wanapum BRZ,0,
Priest Rapids Tailrace STH,3,G72FA075D,2026-05-04 19:07:09,2026-05-06 16:47:00,Mattawa,0,
Priest Rapids Tailrace STH,3,G72FA075D,2026-05-04 19:07:09,2026-05-06 16:47:00,Priest BRZ,0,
Priest Rapids Tailrace STH,3,G72FA075D,2026-05-04 19:07:09,2026-05-06 16:47:00,Lower Ringold,1,2026-05-08 04:16:15
Priest Rapids Tailrace STH,3,G72FA075D,2026-05-04 19:07:09,2026-05-06 16:47:00,Hanford,1,2026-05-08 11:14:23
Rock Island Tailrace CHN,2,G7200F816,2026-04-27 18:14:39,2026-04-29 15:28:00,Crescent Bar,1,2026-04-29 21:37:56
Rock Island Tailrace CHN,2,G7200F816,2026-04-27 18:14:39,2026-04-29 15:28:00,Sunland,1,2026-04-30 06:10:24
Rock Island Tailrace CHN,2,G7200F816,2026-04-27 18:14:39,2026-04-29 15:28:00,Wanapum BRZ,1,2026-05-02 03:35:28
Rock Island Tailrace CHN,2,G7200F816,2026-04-27 18:14:39,2026-04-29 15:28:00,Mattawa,1,2026-05-02 12:58:02
Rock Island Tailrace CHN,2,G7200F816,2026-04-27 18:14:39,2026-04-29 15:28:00,Priest BRZ,1,2026-05-02 20:51:25
Rock Island Tailrace CHN,2,G7200F816,2026-04-27 18:14:39,2026-04-29 15:28:00,Lower Ringold,1,2026-05-03 09:30:42
Rock Island Tailrace CHN,2,G7200F816,2026-04-27 18:14:39,2026-04-29 15:28:00,Hanford,1,2026-05-03 12:09:32
Rock Island Tailrace CHN,2,G72014DDF,2026-04-21 00:20:13,2026-04-22 20:05:00,Crescent Bar,1,2026-04-23 07:27:02
Rock Island Tailrace CHN,2,G72014DDF,2026-04-21 00:20:13,2026-04-22 20:05:00,Sunland,1,2026-04-24 07:14:40
Rock Island Tailrace CHN,2,G72014DDF,2026-04-21 00:20:13,2026-04-22 20:05:00,Wanapum BRZ,1,2026-04-27 03:35:20
Rock Island Tailrace CHN,2,G72014DDF,2026-04-21 00:20:13,2026-04-22 20:05:00,Mattawa,1,2026-04-27 06:28:05
Rock Island Tailrace CHN,2,G72014DDF,2026-04-21 00:20:13,2026-04-22 20:05:00,Priest BRZ,1,2026-04-27 21:30:16
Rock Island Tailrace CHN,2,G72014DDF,2026-04-21 00:20:13,2026-04-22 20:05:00,Lower Ringold,1,2026-04-28 11:28:55
Rock Island Tailrace CHN,2,G72014DDF,2026-04-21 00:20:13,2026-04-22 20:05:00,Hanford,1,2026-04-28 15:53:14
Rock Island Tailrace CHN,2,G720150BF,2026-04-22 20:44:22,2026-04-24 15:37:00,Crescent Bar,1,2026-04-25 09:34:23
Rock Island Tailrace CHN,2,G720150BF,2026-04-22 20:44:22,2026-04-24 15:37:00,Sunland,1,2026-04-27 04:53:46
Rock Island Tailrace CHN,2,G720150BF,2026-04-22 20:44:22,2026-04-24 15:37:00,Wanapum BRZ,1,2026-05-01 19:03:50
Rock Island Tailrace CHN,2,G720150BF,2026-04-22 20:44:22,2026-04-24 15:37:00,Mattawa,1,2026-05-02 07:27:46
Rock Island Tailrace CHN,2,G720150BF,2026-04-22 20:44:22,2026-04-24 15:37:00,Priest BRZ,1,2026-05-02 19:21:56
Rock Island Tailrace CHN,2,G720150BF,2026-04-22 20:44:22,2026-04-24 15:37:00,Lower Ringold,1,2026-05-03 10:25:57
Rock Island Tailrace CHN,2,G720150BF,2026-04-22 20:44:22,2026-04-24 15:37:00,Hanford,1,2026-05-03 14:19:32
Rock Island Tailrace CHN,2,G7202DB46,2026-04-26 16:58:29,2026-04-28 16:26:00,Crescent Bar,1,2026-05-07 07:41:03
Rock Island Tailrace CHN,2,G7202DB46,2026-04-26 16:58:29,2026-04-28 16:26:00,Sunland,1,2026-05-12 02:52:30
Rock Island Tailrace CHN,2,G7202DB46,2026-04-26 16:58:29,2026-04-28 16:26:00,Wanapum BRZ,1,2026-05-14 16:09:22
Rock Island Tailrace CHN,2,G7202DB46,2026-04-26 16:58:29,2026-04-28 16:26:00,Mattawa,1,2026-05-15 01:02:47
Rock Island Tailrace CHN,2,G7202DB46,2026-04-26 16:58:29,2026-04-28 16:26:00,Priest BRZ,1,2026-05-16 00:35:06
Rock Island Tailrace CHN,2,G7202DB46,2026-04-26 16:58:29,2026-04-28 16:26:00,Lower Ringold,1,2026-05-16 16:05:15
Rock Island Tailrace CHN,2,G7202DB46,2026-04-26 16:58:29,2026-04-28 16:26:00,Hanford,1,2026-05-16 20:29:06
Rock Island Tailrace CHN,2,G720364F1,2026-04-21 00:22:39,2026-04-22 20:05:00,Crescent Bar,1,2026-04-23 06:08:24
Rock Island Tailrace CHN,2,G720364F1,2026-04-21 00:22:39,2026-04-22 20:05:00,Sunland,1,2026-04-24 07:13:30
Rock Island Tailrace CHN,2,G720364F1,2026-04-21 00:22:39,2026-04-22 20:05:00,Wanapum BRZ,1,2026-04-26 10:26:42
Rock Island Tailrace CHN,2,G720364F1,2026-04-21 00:22:39,2026-04-22 20:05:00,Mattawa,1,2026-04-26 12:56:18
Rock Island Tailrace CHN,2,G720364F1,2026-04-21 00:22:39,2026-04-22 20:05:00,Priest BRZ,1,2026-04-27 05:41:10
Rock Island Tailrace CHN,2,G720364F1,2026-04-21 00:22:39,2026-04-22 20:05:00,Lower Ringold,0,
Rock Island Tailrace CHN,2,G720364F1,2026-04-21 00:22:39,2026-04-22 20:05:00,Hanford,0,
Rock Island Tailrace CHN,1,G72049236,2026-04-21 00:13:03,2026-04-22 20:05:00,Crescent Bar,0,
Rock Island Tailrace CHN,1,G72049236,2026-04-21 00:13:03,2026-04-22 20:05:00,Sunland,0,
Rock Island Tailrace CHN,1,G72049236,2026-04-21 00:13:03,2026-04-22 20:05:00,Wanapum BRZ,0,
Rock Island Tailrace CHN,1,G72049236,2026-04-21 00:13:03,2026-04-22 20:05:00,Mattawa,0,
Rock Island Tailrace CHN,1,G72049236,2026-04-21 00:13:03,2026-04-22 20:05:00,Priest BRZ,0,
Rock Island Tailrace CHN,1,G72049236,2026-04-21 00:13:03,2026-04-22 20:05:00,Lower Ringold,0,
Rock Island Tailrace CHN,1,G72049236,2026-04-21 00:13:03,2026-04-22 20:05:00,Hanford,0,
Rock Island Tailrace CHN,1,G72049916,2026-04-22 20:35:05,2026-04-24 15:37:00,Crescent Bar,1,2026-04-24 22:26:09
Rock Island Tailrace CHN,1,G72049916,2026-04-22 20:35:05,2026-04-24 15:37:00,Sunland,1,2026-04-25 08:21:49
Rock Island Tailrace CHN,1,G72049916,2026-04-22 20:35:05,2026-04-24 15:37:00,Wanapum BRZ,1,2026-04-28 16:05:53
Rock Island Tailrace CHN,1,G72049916,2026-04-22 20:35:05,2026-04-24 15:37:00,Mattawa,0,
Rock Island Tailrace CHN,1,G72049916,2026-04-22 20:35:05,2026-04-24 15:37:00,Priest BRZ,0,
Rock Island Tailrace CHN,1,G72049916,2026-04-22 20:35:05,2026-04-24 15:37:00,Lower Ringold,0,
Rock Island Tailrace CHN,1,G72049916,2026-04-22 20:35:05,2026-04-24 15:37:00,Hanford,0,
Rock Island Tailrace CHN,1,G720502E3,2026-04-21 21:45:15,2026-04-23 15:44:00,Crescent Bar,1,2026-04-24 12:46:24
Rock Island Tailrace CHN,1,G720502E3,2026-04-21 21:45:15,2026-04-23 15:44:00,Sunland,1,2026-04-25 07:45:57
Rock Island Tailrace CHN,1,G720502E3,2026-04-21 21:45:15,2026-04-23 15:44:00,Wanapum BRZ,1,2026-04-26 21:27:03
Rock Island Tailrace CHN,1,G720502E3,2026-04-21 21:45:15,2026-04-23 15:44:00,Mattawa,1,2026-04-27 05:01:02
Rock Island Tailrace CHN,1,G720502E3,2026-04-21 21:45:15,2026-04-23 15:44:00,Priest BRZ,1,2026-04-28 00:17:55
Rock Island Tailrace CHN,1,G720502E3,2026-04-21 21:45:15,2026-04-23 15:44:00,Lower Ringold,1,2026-04-30 03:27:50
Rock Island Tailrace CHN,1,G720502E3,2026-04-21 21:45:15,2026-04-23 15:44:00,Hanford,1,2026-04-30 06:21:40
Rock Island Tailrace CHN,1,G72052D81,2026-04-22 20:24:29,2026-04-24 15:37:00,Crescent Bar,1,2026-04-25 04:52:18
Rock Island Tailrace CHN,1,G72052D81,2026-04-22 20:24:29,2026-04-24 15:37:00,Sunland,1,2026-04-25 23:41:27
Rock Island Tailrace CHN,1,G72052D81,2026-04-22 20:24:29,2026-04-24 15:37:00,Wanapum BRZ,1,2026-04-27 07:59:25
Rock Island Tailrace CHN,1,G72052D81,2026-04-22 20:24:29,2026-04-24 15:37:00,Mattawa,1,2026-04-27 10:30:21
Rock Island Tailrace CHN,1,G72052D81,2026-04-22 20:24:29,2026-04-24 15:37:00,Priest BRZ,1,2026-04-28 04:02:11
Rock Island Tailrace CHN,1,G72052D81,2026-04-22 20:24:29,2026-04-24 15:37:00,Lower Ringold,1,2026-04-28 17:40:45
Rock Island Tailrace CHN,1,G72052D81,2026-04-22 20:24:29,2026-04-24 15:37:00,Hanford,1,2026-04-28 22:55:33
Rock Island Tailrace CHN,2,G7206CABE,2026-04-21 00:22:53,2026-04-22 20:05:00,Crescent Bar,1,2026-04-23 08:27:19
Rock Island Tailrace CHN,2,G7206CABE,2026-04-21 00:22:53,2026-04-22 20:05:00,Sunland,1,2026-04-24 10:35:14
Rock Island Tailrace CHN,2,G7206CABE,2026-04-21 00:22:53,2026-04-22 20:05:00,Wanapum BRZ,1,2026-05-02 04:14:28
Rock Island Tailrace CHN,2,G7206CABE,2026-04-21 00:22:53,2026-04-22 20:05:00,Mattawa,1,2026-05-03 01:10:24
Rock Island Tailrace CHN,2,G7206CABE,2026-04-21 00:22:53,2026-04-22 20:05:00,Priest BRZ,1,2026-05-03 11:29:35
Rock Island Tailrace CHN,2,G7206CABE,2026-04-21 00:22:53,2026-04-22 20:05:00,Lower Ringold,1,2026-05-04 08:05:05
Rock Island Tailrace CHN,2,G7206CABE,2026-04-21 00:22:53,2026-04-22 20:05:00,Hanford,1,2026-05-04 11:23:35
Rock Island Tailrace CHN,2,G7207EC84,2026-04-21 21:30:18,2026-04-23 15:44:00,Crescent Bar,1,2026-04-24 04:58:12
Rock Island Tailrace CHN,2,G7207EC84,2026-04-21 21:30:18,2026-04-23 15:44:00,Sunland,1,2026-04-25 09:59:02
Rock Island Tailrace CHN,2,G7207EC84,2026-04-21 21:30:18,2026-04-23 15:44:00,Wanapum BRZ,1,2026-05-09 12:17:39
Rock Island Tailrace CHN,2,G7207EC84,2026-04-21 21:30:18,2026-04-23 15:44:00,Mattawa,1,2026-05-13 12:03:48
Rock Island Tailrace CHN,2,G7207EC84,2026-04-21 21:30:18,2026-04-23 15:44:00,Priest BRZ,1,2026-05-14 11:05:34
Rock Island Tailrace CHN,2,G7207EC84,2026-04-21 21:30:18,2026-04-23 15:44:00,Lower Ringold,1,2026-05-15 01:33:09
Rock Island Tailrace CHN,2,G7207EC84,2026-04-21 21:30:18,2026-04-23 15:44:00,Hanford,1,2026-05-15 05:04:48
Rock Island Tailrace CHN,2,G7207F667,2026-04-21 00:28:53,2026-04-22 20:05:00,Crescent Bar,1,2026-04-23 04:31:00
Rock Island Tailrace CHN,2,G7207F667,2026-04-21 00:28:53,2026-04-22 20:05:00,Sunland,1,2026-04-24 10:27:12
Rock Island Tailrace CHN,2,G7207F667,2026-04-21 00:28:53,2026-04-22 20:05:00,Wanapum BRZ,1,2026-04-25 20:17:07
Rock Island Tailrace CHN,2,G7207F667,2026-04-21 00:28:53,2026-04-22 20:05:00,Mattawa,1,2026-04-30 01:13:56
Rock Island Tailrace CHN,2,G7207F667,2026-04-21 00:28:53,2026-04-22 20:05:00,Priest BRZ,1,2026-04-30 12:11:47
Rock Island Tailrace CHN,2,G7207F667,2026-04-21 00:28:53,2026-04-22 20:05:00,Lower Ringold,1,2026-05-01 08:51:11
Rock Island Tailrace CHN,2,G7207F667,2026-04-21 00:28:53,2026-04-22 20:05:00,Hanford,1,2026-05-01 11:58:16
Rock Island Tailrace CHN,1,G7209DF04,2026-04-24 21:02:51,2026-04-26 15:41:00,Crescent Bar,1,2026-05-01 06:39:55
Rock Island Tailrace CHN,1,G7209DF04,2026-04-24 21:02:51,2026-04-26 15:41:00,Sunland,1,2026-05-05 22:26:55
Rock Island Tailrace CHN,1,G7209DF04,2026-04-24 21:02:51,2026-04-26 15:41:00,Wanapum BRZ,1,2026-05-06 16:07:40
Rock Island Tailrace CHN,1,G7209DF04,2026-04-24 21:02:51,2026-04-26 15:41:00,Mattawa,1,2026-05-06 19:11:50
Rock Island Tailrace CHN,1,G7209DF04,2026-04-24 21:02:51,2026-04-26 15:41:00,Priest BRZ,1,2026-05-07 10:51:32
Rock Island Tailrace CHN,1,G7209DF04,2026-04-24 21:02:51,2026-04-26 15:41:00,Lower Ringold,0,
Rock Island Tailrace CHN,1,G7209DF04,2026-04-24 21:02:51,2026-04-26 15:41:00,Hanford,0,
Rock Island Tailrace CHN,3,G720AAA96,2026-04-21 00:11:12,2026-04-22 20:05:00,Crescent Bar,1,2026-04-23 08:18:05
Rock Island Tailrace CHN,3,G720AAA96,2026-04-21 00:11:12,2026-04-22 20:05:00,Sunland,1,2026-04-24 07:31:15
Rock Island Tailrace CHN,3,G720AAA96,2026-04-21 00:11:12,2026-04-22 20:05:00,Wanapum BRZ,1,2026-04-25 21:30:35
Rock Island Tailrace CHN,3,G720AAA96,2026-04-21 00:11:12,2026-04-22 20:05:00,Mattawa,1,2026-04-26 01:31:13
Rock Island Tailrace CHN,3,G720AAA96,2026-04-21 00:11:12,2026-04-22 20:05:00,Priest BRZ,1,2026-04-26 20:43:04
Rock Island Tailrace CHN,3,G720AAA96,2026-04-21 00:11:12,2026-04-22 20:05:00,Lower Ringold,1,2026-04-27 10:46:33
Rock Island Tailrace CHN,3,G720AAA96,2026-04-21 00:11:12,2026-04-22 20:05:00,Hanford,1,2026-04-27 14:02:53
Rock Island Tailrace CHN,3,G720ADA6E,2026-04-25 17:32:37,2026-04-27 15:43:00,Crescent Bar,1,2026-04-28 10:11:38
Rock Island Tailrace CHN,3,G720ADA6E,2026-04-25 17:32:37,2026-04-27 15:43:00,Sunland,1,2026-05-01 04:37:34
Rock Island Tailrace CHN,3,G720ADA6E,2026-04-25 17:32:37,2026-04-27 15:43:00,Wanapum BRZ,1,2026-05-03 02:51:17
Rock Island Tailrace CHN,3,G720ADA6E,2026-04-25 17:32:37,2026-04-27 15:43:00,Mattawa,0,
Rock Island Tailrace CHN,3,G720ADA6E,2026-04-25 17:32:37,2026-04-27 15:43:00,Priest BRZ,0,
Rock Island Tailrace CHN,3,G720ADA6E,2026-04-25 17:32:37,2026-04-27 15:43:00,Lower Ringold,0,
Rock Island Tailrace CHN,3,G720ADA6E,2026-04-25 17:32:37,2026-04-27 15:43:00,Hanford,0,
Rock Island Tailrace CHN,3,G720DFE42,2026-04-23 21:10:09,2026-04-25 16:46:00,Crescent Bar,1,2026-04-26 00:37:50
Rock Island Tailrace CHN,3,G720DFE42,2026-04-23 21:10:09,2026-04-25 16:46:00,Sunland,1,2026-04-26 10:20:31
Rock Island Tailrace CHN,3,G720DFE42,2026-04-23 21:10:09,2026-04-25 16:46:00,Wanapum BRZ,1,2026-04-29 00:59:27
Rock Island Tailrace CHN,3,G720DFE42,2026-04-23 21:10:09,2026-04-25 16:46:00,Mattawa,1,2026-05-03 01:09:26
Rock Island Tailrace CHN,3,G720DFE42,2026-04-23 21:10:09,2026-04-25 16:46:00,Priest BRZ,1,2026-05-03 17:48:22
Rock Island Tailrace CHN,3,G720DFE42,2026-04-23 21:10:09,2026-04-25 16:46:00,Lower Ringold,1,2026-05-04 09:10:21
Rock Island Tailrace CHN,3,G720DFE42,2026-04-23 21:10:09,2026-04-25 16:46:00,Hanford,1,2026-05-05 02:34:03
Rock Island Tailrace CHN,3,G720EFE17,2026-04-27 18:15:13,2026-04-29 15:28:00,Crescent Bar,1,2026-04-30 07:50:04
Rock Island Tailrace CHN,3,G720EFE17,2026-04-27 18:15:13,2026-04-29 15:28:00,Sunland,1,2026-04-30 22:19:22
Rock Island Tailrace CHN,3,G720EFE17,2026-04-27 18:15:13,2026-04-29 15:28:00,Wanapum BRZ,1,2026-05-02 13:09:54
Rock Island Tailrace CHN,3,G720EFE17,2026-04-27 18:15:13,2026-04-29 15:28:00,Mattawa,1,2026-05-02 22:31:47
Rock Island Tailrace CHN,3,G720EFE17,2026-04-27 18:15:13,2026-04-29 15:28:00,Priest BRZ,1,2026-05-03 09:38:21
Rock Island Tailrace CHN,3,G720EFE17,2026-04-27 18:15:13,2026-04-29 15:28:00,Lower Ringold,1,2026-05-03 21:27:01
Rock Island Tailrace CHN,3,G720EFE17,2026-04-27 18:15:13,2026-04-29 15:28:00,Hanford,1,2026-05-04 01:31:29
Rock Island Tailrace CHN,3,G720F25A4,2026-04-27 18:11:06,2026-04-29 15:28:00,Crescent Bar,1,2026-04-30 04:35:42
Rock Island Tailrace CHN,3,G720F25A4,2026-04-27 18:11:06,2026-04-29 15:28:00,Sunland,1,2026-05-01 10:19:15
Rock Island Tailrace CHN,3,G720F25A4,2026-04-27 18:11:06,2026-04-29 15:28:00,Wanapum BRZ,1,2026-05-06 15:54:48
Rock Island Tailrace CHN,3,G720F25A4,2026-04-27 18:11:06,2026-04-29 15:28:00,Mattawa,1,2026-05-06 20:14:48
Rock Island Tailrace CHN,3,G720F25A4,2026-04-27 18:11:06,2026-04-29 15:28:00,Priest BRZ,1,2026-05-07 06:24:18
Rock Island Tailrace CHN,3,G720F25A4,2026-04-27 18:11:06,2026-04-29 15:28:00,Lower Ringold,0,
Rock Island Tailrace CHN,3,G720F25A4,2026-04-27 18:11:06,2026-04-29 15:28:00,Hanford,0,
Rock Island Tailrace CHN,3,G720FB4EB,2026-04-26 17:04:56,2026-04-28 16:26:00,Crescent Bar,1,2026-04-29 01:54:21
Rock Island Tailrace CHN,3,G720FB4EB,2026-04-26 17:04:56,2026-04-28 16:26:00,Sunland,1,2026-05-01 07:52:59
Rock Island Tailrace CHN,3,G720FB4EB,2026-04-26 17:04:56,2026-04-28 16:26:00,Wanapum BRZ,1,2026-05-04 00:52:26
Rock Island Tailrace CHN,3,G720FB4EB,2026-04-26 17:04:56,2026-04-28 16:26:00,Mattawa,1,2026-05-04 17:57:03
Rock Island Tailrace CHN,3,G720FB4EB,2026-04-26 17:04:56,2026-04-28 16:26:00,Priest BRZ,1,2026-05-05 06:36:39
Rock Island Tailrace CHN,3,G720FB4EB,2026-04-26 17:04:56,2026-04-28 16:26:00,Lower Ringold,1,2026-05-06 04:44:35
Rock Island Tailrace CHN,3,G720FB4EB,2026-04-26 17:04:56,2026-04-28 16:26:00,Hanford,1,2026-05-06 07:58:31
Rock Island Tailrace CHN,3,G720FB848,2026-04-27 18:34:06,2026-04-29 15:28:00,Crescent Bar,1,2026-04-30 12:05:59
Rock Island Tailrace CHN,3,G720FB848,2026-04-27 18:34:06,2026-04-29 15:28:00,Sunland,1,2026-05-01 22:25:21
Rock Island Tailrace CHN,3,G720FB848,2026-04-27 18:34:06,2026-04-29 15:28:00,Wanapum BRZ,1,2026-05-03 19:05:49
Rock Island Tailrace CHN,3,G720FB848,2026-04-27 18:34:06,2026-04-29 15:28:00,Mattawa,1,2026-05-03 23:36:53
Rock Island Tailrace CHN,3,G720FB848,2026-04-27 18:34:06,2026-04-29 15:28:00,Priest BRZ,1,2026-05-04 11:43:52
Rock Island Tailrace CHN,3,G720FB848,2026-04-27 18:34:06,2026-04-29 15:28:00,Lower Ringold,1,2026-05-05 07:04:49
Rock Island Tailrace CHN,3,G720FB848,2026-04-27 18:34:06,2026-04-29 15:28:00,Hanford,1,2026-05-05 10:15:34
Rock Island Tailrace CHN,3,G721178B2,2026-04-22 20:37:10,2026-04-24 15:37:00,Crescent Bar,1,2026-04-25 06:31:04
Rock Island Tailrace CHN,3,G721178B2,2026-04-22 20:37:10,2026-04-24 15:37:00,Sunland,1,2026-04-26 09:41:00
Rock Island Tailrace CHN,3,G721178B2,2026-04-22 20:37:10,2026-04-24 15:37:00,Wanapum BRZ,1,2026-04-27 21:02:42
Rock Island Tailrace CHN,3,G721178B2,2026-04-22 20:37:10,2026-04-24 15:37:00,Mattawa,1,2026-05-01 10:32:25
Rock Island Tailrace CHN,3,G721178B2,2026-04-22 20:37:10,2026-04-24 15:37:00,Priest BRZ,1,2026-05-01 23:08:01
Rock Island Tailrace CHN,3,G721178B2,2026-04-22 20:37:10,2026-04-24 15:37:00,Lower Ringold,1,2026-05-02 10:26:22
Rock Island Tailrace CHN,3,G721178B2,2026-04-22 20:37:10,2026-04-24 15:37:00,Hanford,1,2026-05-02 13:35:53
Rock Island Tailrace CHN,3,G7211C57D,2026-04-25 18:08:26,2026-04-27 15:43:00,Crescent Bar,1,2026-04-28 08:12:10
Rock Island Tailrace CHN,3,G7211C57D,2026-04-25 18:08:26,2026-04-27 15:43:00,Sunland,1,2026-04-29 09:16:18
Rock Island Tailrace CHN,3,G7211C57D,2026-04-25 18:08:26,2026-04-27 15:43:00,Wanapum BRZ,1,2026-04-30 14:08:28
Rock Island Tailrace CHN,3,G7211C57D,2026-04-25 18:08:26,2026-04-27 15:43:00,Mattawa,1,2026-04-30 20:35:29
Rock Island Tailrace CHN,3,G7211C57D,2026-04-25 18:08:26,2026-04-27 15:43:00,Priest BRZ,1,2026-05-01 14:15:32
Rock Island Tailrace CHN,3,G7211C57D,2026-04-25 18:08:26,2026-04-27 15:43:00,Lower Ringold,1,2026-05-02 08:12:13
Rock Island Tailrace CHN,3,G7211C57D,2026-04-25 18:08:26,2026-04-27 15:43:00,Hanford,1,2026-05-02 10:55:13
Rock Island Tailrace CHN,3,G7211F31E,2026-04-21 21:40:30,2026-04-23 15:44:00,Crescent Bar,1,2026-04-24 02:32:59
Rock Island Tailrace CHN,3,G7211F31E,2026-04-21 21:40:30,2026-04-23 15:44:00,Sunland,1,2026-04-24 11:31:59
Rock Island Tailrace CHN,3,G7211F31E,2026-04-21 21:40:30,2026-04-23 15:44:00,Wanapum BRZ,1,2026-04-26 08:26:37
Rock Island Tailrace CHN,3,G7211F31E,2026-04-21 21:40:30,2026-04-23 15:44:00,Mattawa,1,2026-04-26 11:25:18
Rock Island Tailrace CHN,3,G7211F31E,2026-04-21 21:40:30,2026-04-23 15:44:00,Priest BRZ,1,2026-04-27 01:35:39
Rock Island Tailrace CHN,3,G7211F31E,2026-04-21 21:40:30,2026-04-23 15:44:00,Lower Ringold,1,2026-04-27 13:58:14
Rock Island Tailrace CHN,3,G7211F31E,2026-04-21 21:40:30,2026-04-23 15:44:00,Hanford,1,2026-04-27 17:31:49
Rock Island Tailrace CHN,2,G72140D8A,2026-04-21 00:18:27,2026-04-22 20:05:00,Crescent Bar,1,2026-04-23 05:26:22
Rock Island Tailrace CHN,2,G72140D8A,2026-04-21 00:18:27,2026-04-22 20:05:00,Sunland,1,2026-04-24 10:42:59
Rock Island Tailrace CHN,2,G72140D8A,2026-04-21 00:18:27,2026-04-22 20:05:00,Wanapum BRZ,1,2026-04-27 02:52:18
Rock Island Tailrace CHN,2,G72140D8A,2026-04-21 00:18:27,2026-04-22 20:05:00,Mattawa,1,2026-04-27 05:35:19
Rock Island Tailrace CHN,2,G72140D8A,2026-04-21 00:18:27,2026-04-22 20:05:00,Priest BRZ,1,2026-04-27 17:56:11
Rock Island Tailrace CHN,2,G72140D8A,2026-04-21 00:18:27,2026-04-22 20:05:00,Lower Ringold,1,2026-04-28 07:29:48
Rock Island Tailrace CHN,2,G72140D8A,2026-04-21 00:18:27,2026-04-22 20:05:00,Hanford,1,2026-04-28 10:54:49
Rock Island Tailrace CHN,3,G72148839,2026-04-24 21:05:16,2026-04-26 15:41:00,Crescent Bar,1,2026-04-27 03:18:35
Rock Island Tailrace CHN,3,G72148839,2026-04-24 21:05:16,2026-04-26 15:41:00,Sunland,0,
Rock Island Tailrace CHN,3,G72148839,2026-04-24 21:05:16,2026-04-26 15:41:00,Wanapum BRZ,0,
Rock Island Tailrace CHN,3,G72148839,2026-04-24 21:05:16,2026-04-26 15:41:00,Mattawa,0,
Rock Island Tailrace CHN,3,G72148839,2026-04-24 21:05:16,2026-04-26 15:41:00,Priest BRZ,0,
Rock Island Tailrace CHN,3,G72148839,2026-04-24 21:05:16,2026-04-26 15:41:00,Lower Ringold,0,
Rock Island Tailrace CHN,3,G72148839,2026-04-24 21:05:16,2026-04-26 15:41:00,Hanford,0,
Rock Island Tailrace CHN,3,G7215092F,2026-04-22 20:24:00,2026-04-24 15:37:00,Crescent Bar,0,
Rock Island Tailrace CHN,3,G7215092F,2026-04-22 20:24:00,2026-04-24 15:37:00,Sunland,0,
Rock Island Tailrace CHN,3,G7215092F,2026-04-22 20:24:00,2026-04-24 15:37:00,Wanapum BRZ,0,
Rock Island Tailrace CHN,3,G7215092F,2026-04-22 20:24:00,2026-04-24 15:37:00,Mattawa,0,
Rock Island Tailrace CHN,3,G7215092F,2026-04-22 20:24:00,2026-04-24 15:37:00,Priest BRZ,0,
Rock Island Tailrace CHN,3,G7215092F,2026-04-22 20:24:00,2026-04-24 15:37:00,Lower Ringold,0,
Rock Island Tailrace CHN,3,G7215092F,2026-04-22 20:24:00,2026-04-24 15:37:00,Hanford,0,
Rock Island Tailrace CHN,3,G72153A73,2026-04-22 20:08:43,2026-04-24 15:37:00,Crescent Bar,1,2026-04-24 21:42:09
Rock Island Tailrace CHN,3,G72153A73,2026-04-22 20:08:43,2026-04-24 15:37:00,Sunland,1,2026-04-25 09:48:10
Rock Island Tailrace CHN,3,G72153A73,2026-04-22 20:08:43,2026-04-24 15:37:00,Wanapum BRZ,1,2026-04-29 05:21:36
Rock Island Tailrace CHN,3,G72153A73,2026-04-22 20:08:43,2026-04-24 15:37:00,Mattawa,1,2026-04-29 10:25:44
Rock Island Tailrace CHN,3,G72153A73,2026-04-22 20:08:43,2026-04-24 15:37:00,Priest BRZ,1,2026-04-30 10:34:00
Rock Island Tailrace CHN,3,G72153A73,2026-04-22 20:08:43,2026-04-24 15:37:00,Lower Ringold,0,
Rock Island Tailrace CHN,3,G72153A73,2026-04-22 20:08:43,2026-04-24 15:37:00,Hanford,0,
Rock Island Tailrace CHN,3,G72161A05,2026-04-21 21:36:41,2026-04-23 15:44:00,Crescent Bar,1,2026-04-24 05:01:36
Rock Island Tailrace CHN,3,G72161A05,2026-04-21 21:36:41,2026-04-23 15:44:00,Sunland,1,2026-04-25 06:35:32
Rock Island Tailrace CHN,3,G72161A05,2026-04-21 21:36:41,2026-04-23 15:44:00,Wanapum BRZ,1,2026-04-26 11:05:54
Rock Island Tailrace CHN,3,G72161A05,2026-04-21 21:36:41,2026-04-23 15:44:00,Mattawa,1,2026-04-26 13:40:38
Rock Island Tailrace CHN,3,G72161A05,2026-04-21 21:36:41,2026-04-23 15:44:00,Priest BRZ,1,2026-04-27 02:33:07
Rock Island Tailrace CHN,3,G72161A05,2026-04-21 21:36:41,2026-04-23 15:44:00,Lower Ringold,1,2026-04-27 15:10:25
Rock Island Tailrace CHN,3,G72161A05,2026-04-21 21:36:41,2026-04-23 15:44:00,Hanford,1,2026-04-27 19:09:27
Rock Island Tailrace CHN,2,G72176A39,2026-04-24 19:52:47,2026-04-26 15:41:00,Crescent Bar,1,2026-04-27 08:44:47
Rock Island Tailrace CHN,2,G72176A39,2026-04-24 19:52:47,2026-04-26 15:41:00,Sunland,1,2026-04-29 07:50:29
Rock Island Tailrace CHN,2,G72176A39,2026-04-24 19:52:47,2026-04-26 15:41:00,Wanapum BRZ,1,2026-05-03 02:26:44
Rock Island Tailrace CHN,2,G72176A39,2026-04-24 19:52:47,2026-04-26 15:41:00,Mattawa,1,2026-05-06 21:57:00
Rock Island Tailrace CHN,2,G72176A39,2026-04-24 19:52:47,2026-04-26 15:41:00,Priest BRZ,1,2026-05-07 15:28:52
Rock Island Tailrace CHN,2,G72176A39,2026-04-24 19:52:47,2026-04-26 15:41:00,Lower Ringold,1,2026-05-08 22:25:33
Rock Island Tailrace CHN,2,G72176A39,2026-04-24 19:52:47,2026-04-26 15:41:00,Hanford,1,2026-05-09 02:42:16
Rock Island Tailrace CHN,2,G72177EC5,2026-04-21 21:22:14,2026-04-23 15:44:00,Crescent Bar,1,2026-04-23 23:05:14
Rock Island Tailrace CHN,2,G72177EC5,2026-04-21 21:22:14,2026-04-23 15:44:00,Sunland,1,2026-04-24 08:06:09
Rock Island Tailrace CHN,2,G72177EC5,2026-04-21 21:22:14,2026-04-23 15:44:00,Wanapum BRZ,0,
Rock Island Tailrace CHN,2,G72177EC5,2026-04-21 21:22:14,2026-04-23 15:44:00,Mattawa,0,
Rock Island Tailrace CHN,2,G72177EC5,2026-04-21 21:22:14,2026-04-23 15:44:00,Priest BRZ,0,
Rock Island Tailrace CHN,2,G72177EC5,2026-04-21 21:22:14,2026-04-23 15:44:00,Lower Ringold,0,
Rock Island Tailrace CHN,2,G72177EC5,2026-04-21 21:22:14,2026-04-23 15:44:00,Hanford,0,
Rock Island Tailrace CHN,2,G7217E0CB,2026-04-23 21:11:14,2026-04-25 16:46:00,Crescent Bar,1,2026-04-26 08:21:20
Rock Island Tailrace CHN,2,G7217E0CB,2026-04-23 21:11:14,2026-04-25 16:46:00,Sunland,1,2026-04-29 10:51:56
Rock Island Tailrace CHN,2,G7217E0CB,2026-04-23 21:11:14,2026-04-25 16:46:00,Wanapum BRZ,1,2026-05-05 07:12:28
Rock Island Tailrace CHN,2,G7217E0CB,2026-04-23 21:11:14,2026-04-25 16:46:00,Mattawa,1,2026-05-05 11:14:32
Rock Island Tailrace CHN,2,G7217E0CB,2026-04-23 21:11:14,2026-04-25 16:46:00,Priest BRZ,1,2026-05-06 11:47:11
Rock Island Tailrace CHN,2,G7217E0CB,2026-04-23 21:11:14,2026-04-25 16:46:00,Lower Ringold,1,2026-05-15 11:40:55
Rock Island Tailrace CHN,2,G7217E0CB,2026-04-23 21:11:14,2026-04-25 16:46:00,Hanford,1,2026-05-16 03:26:24
Rock Island Tailrace CHN,2,G7217E957,2026-04-22 20:29:47,2026-04-24 15:37:00,Crescent Bar,1,2026-04-24 22:29:59
Rock Island Tailrace CHN,2,G7217E957,2026-04-22 20:29:47,2026-04-24 15:37:00,Sunland,1,2026-04-25 08:03:26
Rock Island Tailrace CHN,2,G7217E957,2026-04-22 20:29:47,2026-04-24 15:37:00,Wanapum BRZ,1,2026-04-27 07:27:46
Rock Island Tailrace CHN,2,G7217E957,2026-04-22 20:29:47,2026-04-24 15:37:00,Mattawa,1,2026-04-27 15:30:35
Rock Island Tailrace CHN,2,G7217E957,2026-04-22 20:29:47,2026-04-24 15:37:00,Priest BRZ,1,2026-04-28 05:55:44
Rock Island Tailrace CHN,2,G7217E957,2026-04-22 20:29:47,2026-04-24 15:37:00,Lower Ringold,1,2026-04-28 18:45:35
Rock Island Tailrace CHN,2,G7217E957,2026-04-22 20:29:47,2026-04-24 15:37:00,Hanford,1,2026-04-28 22:19:38
Rock Island Tailrace CHN,2,G72196FDA,2026-04-24 19:43:04,2026-04-26 15:41:00,Crescent Bar,1,2026-04-27 08:17:23
Rock Island Tailrace CHN,2,G72196FDA,2026-04-24 19:43:04,2026-04-26 15:41:00,Sunland,1,2026-04-28 10:03:42
Rock Island Tailrace CHN,2,G72196FDA,2026-04-24 19:43:04,2026-04-26 15:41:00,Wanapum BRZ,1,2026-04-30 17:08:25
Rock Island Tailrace CHN,2,G72196FDA,2026-04-24 19:43:04,2026-04-26 15:41:00,Mattawa,1,2026-04-30 23:26:21
Rock Island Tailrace CHN,2,G72196FDA,2026-04-24 19:43:04,2026-04-26 15:41:00,Priest BRZ,1,2026-05-01 15:26:19
Rock Island Tailrace CHN,2,G72196FDA,2026-04-24 19:43:04,2026-04-26 15:41:00,Lower Ringold,1,2026-05-02 08:32:18
Rock Island Tailrace CHN,2,G72196FDA,2026-04-24 19:43:04,2026-04-26 15:41:00,Hanford,1,2026-05-02 11:22:49
Rock Island Tailrace CHN,2,G7219C8F6,2026-04-27 18:27:57,2026-04-29 15:28:00,Crescent Bar,1,2026-04-29 20:45:45
Rock Island Tailrace CHN,2,G7219C8F6,2026-04-27 18:27:57,2026-04-29 15:28:00,Sunland,1,2026-04-30 08:11:26
Rock Island Tailrace CHN,2,G7219C8F6,2026-04-27 18:27:57,2026-04-29 15:28:00,Wanapum BRZ,1,2026-05-02 04:09:59
Rock Island Tailrace CHN,2,G7219C8F6,2026-04-27 18:27:57,2026-04-29 15:28:00,Mattawa,1,2026-05-12 11:54:00
Rock Island Tailrace CHN,2,G7219C8F6,2026-04-27 18:27:57,2026-04-29 15:28:00,Priest BRZ,1,2026-05-13 19:09:38
Rock Island Tailrace CHN,2,G7219C8F6,2026-04-27 18:27:57,2026-04-29 15:28:00,Lower Ringold,1,2026-05-14 08:35:15
Rock Island Tailrace CHN,2,G7219C8F6,2026-04-27 18:27:57,2026-04-29 15:28:00,Hanford,1,2026-05-14 11:39:42
Rock Island Tailrace CHN,2,G7219E528,2026-04-26 17:07:50,2026-04-28 16:26:00,Crescent Bar,1,2026-04-29 09:58:27
Rock Island Tailrace CHN,2,G7219E528,2026-04-26 17:07:50,2026-04-28 16:26:00,Sunland,1,2026-04-30 10:57:31
Rock Island Tailrace CHN,2,G7219E528,2026-04-26 17:07:50,2026-04-28 16:26:00,Wanapum BRZ,1,2026-05-03 07:31:03
Rock Island Tailrace CHN,2,G7219E528,2026-04-26 17:07:50,2026-04-28 16:26:00,Mattawa,1,2026-05-03 11:03:26
Rock Island Tailrace CHN,2,G7219E528,2026-04-26 17:07:50,2026-04-28 16:26:00,Priest BRZ,1,2026-05-03 19:40:53
Rock Island Tailrace CHN,2,G7219E528,2026-04-26 17:07:50,2026-04-28 16:26:00,Lower Ringold,1,2026-05-04 08:17:33
Rock Island Tailrace CHN,2,G7219E528,2026-04-26 17:07:50,2026-04-28 16:26:00,Hanford,1,2026-05-04 11:08:40
Rock Island Tailrace CHN,2,G7219E8D5,2026-04-25 17:50:23,2026-04-27 15:43:00,Crescent Bar,1,2026-04-28 02:16:41
Rock Island Tailrace CHN,2,G7219E8D5,2026-04-25 17:50:23,2026-04-27 15:43:00,Sunland,1,2026-04-29 06:30:34
Rock Island Tailrace CHN,2,G7219E8D5,2026-04-25 17:50:23,2026-04-27 15:43:00,Wanapum BRZ,1,2026-05-02 04:25:02
Rock Island Tailrace CHN,2,G7219E8D5,2026-04-25 17:50:23,2026-04-27 15:43:00,Mattawa,1,2026-05-02 07:51:37
Rock Island Tailrace CHN,2,G7219E8D5,2026-04-25 17:50:23,2026-04-27 15:43:00,Priest BRZ,1,2026-05-03 04:30:05
Rock Island Tailrace CHN,2,G7219E8D5,2026-04-25 17:50:23,2026-04-27 15:43:00,Lower Ringold,1,2026-05-03 21:33:56
Rock Island Tailrace CHN,2,G7219E8D5,2026-04-25 17:50:23,2026-04-27 15:43:00,Hanford,1,2026-05-04 01:04:46
Rock Island Tailrace CHN,3,G721A4A93,2026-04-22 20:20:28,2026-04-24 15:37:00,Crescent Bar,1,2026-04-24 22:25:53
Rock Island Tailrace CHN,3,G721A4A93,2026-04-22 20:20:28,2026-04-24 15:37:00,Sunland,1,2026-04-26 07:02:03
Rock Island Tailrace CHN,3,G721A4A93,2026-04-22 20:20:28,2026-04-24 15:37:00,Wanapum BRZ,1,2026-04-28 19:43:48
Rock Island Tailrace CHN,3,G721A4A93,2026-04-22 20:20:28,2026-04-24 15:37:00,Mattawa,1,2026-05-10 04:46:49
Rock Island Tailrace CHN,3,G721A4A93,2026-04-22 20:20:28,2026-04-24 15:37:00,Priest BRZ,1,2026-05-10 19:30:53
Rock Island Tailrace CHN,3,G721A4A93,2026-04-22 20:20:28,2026-04-24 15:37:00,Lower Ringold,1,2026-05-11 10:02:15
Rock Island Tailrace CHN,3,G721A4A93,2026-04-22 20:20:28,2026-04-24 15:37:00,Hanford,1,2026-05-11 13:07:20
Rock Island Tailrace CHN,2,G721A710D,2026-04-24 19:39:08,2026-04-26 15:41:00,Crescent Bar,1,2026-04-26 22:00:31
Rock Island Tailrace CHN,2,G721A710D,2026-04-24 19:39:08,2026-04-26 15:41:00,Sunland,1,2026-04-27 16:57:31
Rock Island Tailrace CHN,2,G721A710D,2026-04-24 19:39:08,2026-04-26 15:41:00,Wanapum BRZ,1,2026-04-30 16:44:10
Rock Island Tailrace CHN,2,G721A710D,2026-04-24 19:39:08,2026-04-26 15:41:00,Mattawa,1,2026-05-01 08:47:12
Rock Island Tailrace CHN,2,G721A710D,2026-04-24 19:39:08,2026-04-26 15:41:00,Priest BRZ,1,2026-05-02 06:38:20
Rock Island Tailrace CHN,2,G721A710D,2026-04-24 19:39:08,2026-04-26 15:41:00,Lower Ringold,1,2026-05-03 02:17:55
Rock Island Tailrace CHN,2,G721A710D,2026-04-24 19:39:08,2026-04-26 15:41:00,Hanford,1,2026-05-03 05:45:54
Rock Island Tailrace CHN,3,G721B7E88,2026-04-25 18:10:06,2026-04-27 15:43:00,Crescent Bar,1,2026-04-28 11:54:10
Rock Island Tailrace CHN,3,G721B7E88,2026-04-25 18:10:06,2026-04-27 15:43:00,Sunland,1,2026-04-29 16:57:51
Rock Island Tailrace CHN,3,G721B7E88,2026-04-25 18:10:06,2026-04-27 15:43:00,Wanapum BRZ,1,2026-05-11 14:06:36
Rock Island Tailrace CHN,3,G721B7E88,2026-04-25 18:10:06,2026-04-27 15:43:00,Mattawa,1,2026-05-12 04:42:31
Rock Island Tailrace CHN,3,G721B7E88,2026-04-25 18:10:06,2026-04-27 15:43:00,Priest BRZ,1,2026-05-15 08:45:10
Rock Island Tailrace CHN,3,G721B7E88,2026-04-25 18:10:06,2026-04-27 15:43:00,Lower Ringold,1,2026-05-15 23:01:37
Rock Island Tailrace CHN,3,G721B7E88,2026-04-25 18:10:06,2026-04-27 15:43:00,Hanford,1,2026-05-16 02:41:44
Rock Island Tailrace CHN,2,G721BA5FF,2026-04-25 18:11:10,2026-04-27 15:43:00,Crescent Bar,1,2026-04-27 23:20:11
Rock Island Tailrace CHN,2,G721BA5FF,2026-04-25 18:11:10,2026-04-27 15:43:00,Sunland,1,2026-04-28 17:56:59
Rock Island Tailrace CHN,2,G721BA5FF,2026-04-25 18:11:10,2026-04-27 15:43:00,Wanapum BRZ,1,2026-05-01 00:38:03
Rock Island Tailrace CHN,2,G721BA5FF,2026-04-25 18:11:10,2026-04-27 15:43:00,Mattawa,1,2026-05-01 03:18:56
Rock Island Tailrace CHN,2,G721BA5FF,2026-04-25 18:11:10,2026-04-27 15:43:00,Priest BRZ,1,2026-05-01 12:49:13
Rock Island Tailrace CHN,2,G721BA5FF,2026-04-25 18:11:10,2026-04-27 15:43:00,Lower Ringold,1,2026-05-02 02:46:47
Rock Island Tailrace CHN,2,G721BA5FF,2026-04-25 18:11:10,2026-04-27 15:43:00,Hanford,1,2026-05-02 06:07:43
Rock Island Tailrace CHN,2,G721CC0CB,2026-04-21 00:23:52,2026-04-22 20:05:00,Crescent Bar,1,2026-04-23 05:44:47
Rock Island Tailrace CHN,2,G721CC0CB,2026-04-21 00:23:52,2026-04-22 20:05:00,Sunland,1,2026-04-24 05:26:38
Rock Island Tailrace CHN,2,G721CC0CB,2026-04-21 00:23:52,2026-04-22 20:05:00,Wanapum BRZ,1,2026-04-26 05:27:12
Rock Island Tailrace CHN,2,G721CC0CB,2026-04-21 00:23:52,2026-04-22 20:05:00,Mattawa,1,2026-04-26 10:33:25
Rock Island Tailrace CHN,2,G721CC0CB,2026-04-21 00:23:52,2026-04-22 20:05:00,Priest BRZ,1,2026-04-27 05:03:37
Rock Island Tailrace CHN,2,G721CC0CB,2026-04-21 00:23:52,2026-04-22 20:05:00,Lower Ringold,1,2026-04-27 18:01:31
Rock Island Tailrace CHN,2,G721CC0CB,2026-04-21 00:23:52,2026-04-22 20:05:00,Hanford,1,2026-04-27 21:40:07
Rock Island Tailrace CHN,2,G721D9757,2026-04-21 00:09:02,2026-04-22 20:05:00,Crescent Bar,1,2026-04-23 04:26:44
Rock Island Tailrace CHN,2,G721D9757,2026-04-21 00:09:02,2026-04-22 20:05:00,Sunland,1,2026-04-24 06:09:48
Rock Island Tailrace CHN,2,G721D9757,2026-04-21 00:09:02,2026-04-22 20:05:00,Wanapum BRZ,1,2026-04-27 06:54:42
Rock Island Tailrace CHN,2,G721D9757,2026-04-21 00:09:02,2026-04-22 20:05:00,Mattawa,1,2026-04-27 10:15:06
Rock Island Tailrace CHN,2,G721D9757,2026-04-21 00:09:02,2026-04-22 20:05:00,Priest BRZ,1,2026-04-27 23:42:25
Rock Island Tailrace CHN,2,G721D9757,2026-04-21 00:09:02,2026-04-22 20:05:00,Lower Ringold,1,2026-04-28 13:58:38
Rock Island Tailrace CHN,2,G721D9757,2026-04-21 00:09:02,2026-04-22 20:05:00,Hanford,1,2026-04-28 20:35:54
Rock Island Tailrace CHN,1,G721E6D08,2026-04-22 20:41:49,2026-04-24 15:37:00,Crescent Bar,1,2026-04-24 21:44:21
Rock Island Tailrace CHN,1,G721E6D08,2026-04-22 20:41:49,2026-04-24 15:37:00,Sunland,1,2026-04-25 10:13:13
Rock Island Tailrace CHN,1,G721E6D08,2026-04-22 20:41:49,2026-04-24 15:37:00,Wanapum BRZ,0,
Rock Island Tailrace CHN,1,G721E6D08,2026-04-22 20:41:49,2026-04-24 15:37:00,Mattawa,0,
Rock Island Tailrace CHN,1,G721E6D08,2026-04-22 20:41:49,2026-04-24 15:37:00,Priest BRZ,0,
Rock Island Tailrace CHN,1,G721E6D08,2026-04-22 20:41:49,2026-04-24 15:37:00,Lower Ringold,0,
Rock Island Tailrace CHN,1,G721E6D08,2026-04-22 20:41:49,2026-04-24 15:37:00,Hanford,0,
Rock Island Tailrace CHN,1,G721E9363,2026-04-24 19:39:58,2026-04-26 15:41:00,Crescent Bar,1,2026-04-27 08:04:20
Rock Island Tailrace CHN,1,G721E9363,2026-04-24 19:39:58,2026-04-26 15:41:00,Sunland,1,2026-04-29 07:02:46
Rock Island Tailrace CHN,1,G721E9363,2026-04-24 19:39:58,2026-04-26 15:41:00,Wanapum BRZ,1,2026-04-30 16:23:30
Rock Island Tailrace CHN,1,G721E9363,2026-04-24 19:39:58,2026-04-26 15:41:00,Mattawa,1,2026-04-30 23:22:13
Rock Island Tailrace CHN,1,G721E9363,2026-04-24 19:39:58,2026-04-26 15:41:00,Priest BRZ,1,2026-05-01 10:09:18
Rock Island Tailrace CHN,1,G721E9363,2026-04-24 19:39:58,2026-04-26 15:41:00,Lower Ringold,1,2026-05-02 05:19:58
Rock Island Tailrace CHN,1,G721E9363,2026-04-24 19:39:58,2026-04-26 15:41:00,Hanford,1,2026-05-02 08:41:22
Rock Island Tailrace CHN,3,G72200A1F,2026-04-27 18:34:58,2026-04-29 15:28:00,Crescent Bar,1,2026-04-30 11:26:18
Rock Island Tailrace CHN,3,G72200A1F,2026-04-27 18:34:58,2026-04-29 15:28:00,Sunland,1,2026-05-01 07:06:19
Rock Island Tailrace CHN,3,G72200A1F,2026-04-27 18:34:58,2026-04-29 15:28:00,Wanapum BRZ,1,2026-05-03 23:59:46
Rock Island Tailrace CHN,3,G72200A1F,2026-04-27 18:34:58,2026-04-29 15:28:00,Mattawa,1,2026-05-04 03:22:42
Rock Island Tailrace CHN,3,G72200A1F,2026-04-27 18:34:58,2026-04-29 15:28:00,Priest BRZ,1,2026-05-04 18:06:07
Rock Island Tailrace CHN,3,G72200A1F,2026-04-27 18:34:58,2026-04-29 15:28:00,Lower Ringold,1,2026-05-05 10:15:41
Rock Island Tailrace CHN,3,G72200A1F,2026-04-27 18:34:58,2026-04-29 15:28:00,Hanford,1,2026-05-05 13:28:23
Rock Island Tailrace CHN,2,G7220E655,2026-04-25 17:41:11,2026-04-27 15:43:00,Crescent Bar,1,2026-04-28 00:24:58
Rock Island Tailrace CHN,2,G7220E655,2026-04-25 17:41:11,2026-04-27 15:43:00,Sunland,1,2026-04-29 00:10:34
Rock Island Tailrace CHN,2,G7220E655,2026-04-25 17:41:11,2026-04-27 15:43:00,Wanapum BRZ,0,
Rock Island Tailrace CHN,2,G7220E655,2026-04-25 17:41:11,2026-04-27 15:43:00,Mattawa,0,
Rock Island Tailrace CHN,2,G7220E655,2026-04-25 17:41:11,2026-04-27 15:43:00,Priest BRZ,0,
Rock Island Tailrace CHN,2,G7220E655,2026-04-25 17:41:11,2026-04-27 15:43:00,Lower Ringold,0,
Rock Island Tailrace CHN,2,G7220E655,2026-04-25 17:41:11,2026-04-27 15:43:00,Hanford,0,
Rock Island Tailrace CHN,2,G7221B22B,2026-04-24 19:48:57,2026-04-26 15:41:00,Crescent Bar,1,2026-04-27 08:09:06
Rock Island Tailrace CHN,2,G7221B22B,2026-04-24 19:48:57,2026-04-26 15:41:00,Sunland,1,2026-04-28 11:59:28
Rock Island Tailrace CHN,2,G7221B22B,2026-04-24 19:48:57,2026-04-26 15:41:00,Wanapum BRZ,1,2026-05-01 04:44:14
Rock Island Tailrace CHN,2,G7221B22B,2026-04-24 19:48:57,2026-04-26 15:41:00,Mattawa,1,2026-05-01 08:05:23
Rock Island Tailrace CHN,2,G7221B22B,2026-04-24 19:48:57,2026-04-26 15:41:00,Priest BRZ,1,2026-05-02 03:53:03
Rock Island Tailrace CHN,2,G7221B22B,2026-04-24 19:48:57,2026-04-26 15:41:00,Lower Ringold,1,2026-05-02 15:09:23
Rock Island Tailrace CHN,2,G7221B22B,2026-04-24 19:48:57,2026-04-26 15:41:00,Hanford,1,2026-05-02 18:29:27
Rock Island Tailrace CHN,3,G72236B71,2026-04-22 20:43:44,2026-04-24 15:37:00,Crescent Bar,1,2026-04-24 21:52:23
Rock Island Tailrace CHN,3,G72236B71,2026-04-22 20:43:44,2026-04-24 15:37:00,Sunland,1,2026-04-25 08:28:55
Rock Island Tailrace CHN,3,G72236B71,2026-04-22 20:43:44,2026-04-24 15:37:00,Wanapum BRZ,0,
Rock Island Tailrace CHN,3,G72236B71,2026-04-22 20:43:44,2026-04-24 15:37:00,Mattawa,0,
Rock Island Tailrace CHN,3,G72236B71,2026-04-22 20:43:44,2026-04-24 15:37:00,Priest BRZ,0,
Rock Island Tailrace CHN,3,G72236B71,2026-04-22 20:43:44,2026-04-24 15:37:00,Lower Ringold,0,
Rock Island Tailrace CHN,3,G72236B71,2026-04-22 20:43:44,2026-04-24 15:37:00,Hanford,0,
Rock Island Tailrace CHN,2,G7223A227,2026-04-23 21:11:43,2026-04-25 16:46:00,Crescent Bar,1,2026-04-25 22:48:56
Rock Island Tailrace CHN,2,G7223A227,2026-04-23 21:11:43,2026-04-25 16:46:00,Sunland,1,2026-04-27 03:29:30
Rock Island Tailrace CHN,2,G7223A227,2026-04-23 21:11:43,2026-04-25 16:46:00,Wanapum BRZ,1,2026-04-29 03:49:37
Rock Island Tailrace CHN,2,G7223A227,2026-04-23 21:11:43,2026-04-25 16:46:00,Mattawa,1,2026-04-29 06:18:41
Rock Island Tailrace CHN,2,G7223A227,2026-04-23 21:11:43,2026-04-25 16:46:00,Priest BRZ,1,2026-04-30 22:14:55
Rock Island Tailrace CHN,2,G7223A227,2026-04-23 21:11:43,2026-04-25 16:46:00,Lower Ringold,1,2026-05-01 16:24:15
Rock Island Tailrace CHN,2,G7223A227,2026-04-23 21:11:43,2026-04-25 16:46:00,Hanford,1,2026-05-01 19:50:23
Rock Island Tailrace CHN,2,G7223BCA5,2026-04-22 20:11:20,2026-04-24 15:37:00,Crescent Bar,1,2026-04-24 22:14:46
Rock Island Tailrace CHN,2,G7223BCA5,2026-04-22 20:11:20,2026-04-24 15:37:00,Sunland,1,2026-04-25 09:08:37
Rock Island Tailrace CHN,2,G7223BCA5,2026-04-22 20:11:20,2026-04-24 15:37:00,Wanapum BRZ,0,
Rock Island Tailrace CHN,2,G7223BCA5,2026-04-22 20:11:20,2026-04-24 15:37:00,Mattawa,0,
Rock Island Tailrace CHN,2,G7223BCA5,2026-04-22 20:11:20,2026-04-24 15:37:00,Priest BRZ,0,
Rock Island Tailrace CHN,2,G7223BCA5,2026-04-22 20:11:20,2026-04-24 15:37:00,Lower Ringold,0,
Rock Island Tailrace CHN,2,G7223BCA5,2026-04-22 20:11:20,2026-04-24 15:37:00,Hanford,0,
Rock Island Tailrace CHN,2,G72243D19,2026-04-22 00:18:39,2026-04-23 15:44:00,Crescent Bar,1,2026-04-24 06:44:43
Rock Island Tailrace CHN,2,G72243D19,2026-04-22 00:18:39,2026-04-23 15:44:00,Sunland,1,2026-04-26 03:38:18
Rock Island Tailrace CHN,2,G72243D19,2026-04-22 00:18:39,2026-04-23 15:44:00,Wanapum BRZ,1,2026-06-04 06:43:28
Rock Island Tailrace CHN,2,G72243D19,2026-04-22 00:18:39,2026-04-23 15:44:00,Mattawa,1,2026-06-04 09:35:41
Rock Island Tailrace CHN,2,G72243D19,2026-04-22 00:18:39,2026-04-23 15:44:00,Priest BRZ,1,2026-06-04 15:32:54
Rock Island Tailrace CHN,2,G72243D19,2026-04-22 00:18:39,2026-04-23 15:44:00,Lower Ringold,1,2026-06-05 06:31:48
Rock Island Tailrace CHN,2,G72243D19,2026-04-22 00:18:39,2026-04-23 15:44:00,Hanford,1,2026-06-05 12:13:32
Rock Island Tailrace CHN,2,G722484B7,2026-04-22 20:43:23,2026-04-24 15:37:00,Crescent Bar,1,2026-04-24 22:26:17
Rock Island Tailrace CHN,2,G722484B7,2026-04-22 20:43:23,2026-04-24 15:37:00,Sunland,1,2026-04-25 08:04:24
Rock Island Tailrace CHN,2,G722484B7,2026-04-22 20:43:23,2026-04-24 15:37:00,Wanapum BRZ,1,2026-04-27 01:03:05
Rock Island Tailrace CHN,2,G722484B7,2026-04-22 20:43:23,2026-04-24 15:37:00,Mattawa,1,2026-04-27 05:32:33
Rock Island Tailrace CHN,2,G722484B7,2026-04-22 20:43:23,2026-04-24 15:37:00,Priest BRZ,1,2026-04-28 00:39:57
Rock Island Tailrace CHN,2,G722484B7,2026-04-22 20:43:23,2026-04-24 15:37:00,Lower Ringold,1,2026-04-28 17:40:24
Rock Island Tailrace CHN,2,G722484B7,2026-04-22 20:43:23,2026-04-24 15:37:00,Hanford,1,2026-04-28 22:17:37
Rock Island Tailrace CHN,2,G7224CFD1,2026-04-24 19:33:35,2026-04-26 15:41:00,Crescent Bar,1,2026-04-27 06:26:32
Rock Island Tailrace CHN,2,G7224CFD1,2026-04-24 19:33:35,2026-04-26 15:41:00,Sunland,1,2026-04-28 07:01:23
Rock Island Tailrace CHN,2,G7224CFD1,2026-04-24 19:33:35,2026-04-26 15:41:00,Wanapum BRZ,1,2026-04-30 06:16:26
Rock Island Tailrace CHN,2,G7224CFD1,2026-04-24 19:33:35,2026-04-26 15:41:00,Mattawa,1,2026-04-30 10:15:24
Rock Island Tailrace CHN,2,G7224CFD1,2026-04-24 19:33:35,2026-04-26 15:41:00,Priest BRZ,1,2026-05-01 16:21:26
Rock Island Tailrace CHN,2,G7224CFD1,2026-04-24 19:33:35,2026-04-26 15:41:00,Lower Ringold,1,2026-05-02 09:12:24
Rock Island Tailrace CHN,2,G7224CFD1,2026-04-24 19:33:35,2026-04-26 15:41:00,Hanford,1,2026-05-02 11:58:20
Rock Island Tailrace CHN,2,G722536FD,2026-04-23 21:08:00,2026-04-25 16:46:00,Crescent Bar,1,2026-04-26 05:41:58
Rock Island Tailrace CHN,2,G722536FD,2026-04-23 21:08:00,2026-04-25 16:46:00,Sunland,1,2026-04-26 23:43:32
Rock Island Tailrace CHN,2,G722536FD,2026-04-23 21:08:00,2026-04-25 16:46:00,Wanapum BRZ,1,2026-04-29 02:29:42
Rock Island Tailrace CHN,2,G722536FD,2026-04-23 21:08:00,2026-04-25 16:46:00,Mattawa,1,2026-04-29 06:55:54
Rock Island Tailrace CHN,2,G722536FD,2026-04-23 21:08:00,2026-04-25 16:46:00,Priest BRZ,1,2026-04-29 19:26:24
Rock Island Tailrace CHN,2,G722536FD,2026-04-23 21:08:00,2026-04-25 16:46:00,Lower Ringold,1,2026-04-30 11:35:48
Rock Island Tailrace CHN,2,G722536FD,2026-04-23 21:08:00,2026-04-25 16:46:00,Hanford,1,2026-04-30 19:51:53
Rock Island Tailrace CHN,2,G72253F61,2026-04-25 18:14:14,2026-04-27 15:43:00,Crescent Bar,1,2026-04-29 11:44:39
Rock Island Tailrace CHN,2,G72253F61,2026-04-25 18:14:14,2026-04-27 15:43:00,Sunland,1,2026-04-30 00:06:34
Rock Island Tailrace CHN,2,G72253F61,2026-04-25 18:14:14,2026-04-27 15:43:00,Wanapum BRZ,1,2026-05-04 09:21:56
Rock Island Tailrace CHN,2,G72253F61,2026-04-25 18:14:14,2026-04-27 15:43:00,Mattawa,1,2026-05-04 18:42:03
Rock Island Tailrace CHN,2,G72253F61,2026-04-25 18:14:14,2026-04-27 15:43:00,Priest BRZ,1,2026-05-05 11:10:04
Rock Island Tailrace CHN,2,G72253F61,2026-04-25 18:14:14,2026-04-27 15:43:00,Lower Ringold,1,2026-05-06 01:25:14
Rock Island Tailrace CHN,2,G72253F61,2026-04-25 18:14:14,2026-04-27 15:43:00,Hanford,1,2026-05-06 04:39:17
Rock Island Tailrace CHN,2,G722545E7,2026-04-21 21:33:55,2026-04-23 15:44:00,Crescent Bar,1,2026-04-24 02:00:27
Rock Island Tailrace CHN,2,G722545E7,2026-04-21 21:33:55,2026-04-23 15:44:00,Sunland,1,2026-04-24 20:06:13
Rock Island Tailrace CHN,2,G722545E7,2026-04-21 21:33:55,2026-04-23 15:44:00,Wanapum BRZ,1,2026-04-29 15:41:27
Rock Island Tailrace CHN,2,G722545E7,2026-04-21 21:33:55,2026-04-23 15:44:00,Mattawa,1,2026-04-29 22:31:21
Rock Island Tailrace CHN,2,G722545E7,2026-04-21 21:33:55,2026-04-23 15:44:00,Priest BRZ,0,
Rock Island Tailrace CHN,2,G722545E7,2026-04-21 21:33:55,2026-04-23 15:44:00,Lower Ringold,0,
Rock Island Tailrace CHN,2,G722545E7,2026-04-21 21:33:55,2026-04-23 15:44:00,Hanford,0,
Rock Island Tailrace CHN,2,G722565C4,2026-04-24 21:01:40,2026-04-26 15:41:00,Crescent Bar,1,2026-04-27 03:07:21
Rock Island Tailrace CHN,2,G722565C4,2026-04-24 21:01:40,2026-04-26 15:41:00,Sunland,1,2026-04-28 01:43:38
Rock Island Tailrace CHN,2,G722565C4,2026-04-24 21:01:40,2026-04-26 15:41:00,Wanapum BRZ,1,2026-04-30 20:20:57
Rock Island Tailrace CHN,2,G722565C4,2026-04-24 21:01:40,2026-04-26 15:41:00,Mattawa,1,2026-05-01 05:06:39
Rock Island Tailrace CHN,2,G722565C4,2026-04-24 21:01:40,2026-04-26 15:41:00,Priest BRZ,1,2026-05-01 18:43:44
Rock Island Tailrace CHN,2,G722565C4,2026-04-24 21:01:40,2026-04-26 15:41:00,Lower Ringold,1,2026-05-02 08:28:34
Rock Island Tailrace CHN,2,G722565C4,2026-04-24 21:01:40,2026-04-26 15:41:00,Hanford,1,2026-05-02 11:22:52
Rock Island Tailrace CHN,2,G72260D36,2026-04-25 17:39:37,2026-04-27 15:43:00,Crescent Bar,1,2026-04-27 23:39:42
Rock Island Tailrace CHN,2,G72260D36,2026-04-25 17:39:37,2026-04-27 15:43:00,Sunland,1,2026-05-03 05:36:11
Rock Island Tailrace CHN,2,G72260D36,2026-04-25 17:39:37,2026-04-27 15:43:00,Wanapum BRZ,1,2026-05-07 09:48:05
Rock Island Tailrace CHN,2,G72260D36,2026-04-25 17:39:37,2026-04-27 15:43:00,Mattawa,0,
Rock Island Tailrace CHN,2,G72260D36,2026-04-25 17:39:37,2026-04-27 15:43:00,Priest BRZ,0,
Rock Island Tailrace CHN,2,G72260D36,2026-04-25 17:39:37,2026-04-27 15:43:00,Lower Ringold,0,
Rock Island Tailrace CHN,2,G72260D36,2026-04-25 17:39:37,2026-04-27 15:43:00,Hanford,0,
Rock Island Tailrace CHN,2,G72265F51,2026-04-22 20:14:05,2026-04-24 15:37:00,Crescent Bar,1,2026-04-25 04:43:34
Rock Island Tailrace CHN,2,G72265F51,2026-04-22 20:14:05,2026-04-24 15:37:00,Sunland,1,2026-04-26 05:29:53
Rock Island Tailrace CHN,2,G72265F51,2026-04-22 20:14:05,2026-04-24 15:37:00,Wanapum BRZ,1,2026-04-27 13:16:04
Rock Island Tailrace CHN,2,G72265F51,2026-04-22 20:14:05,2026-04-24 15:37:00,Mattawa,1,2026-04-27 23:38:14
Rock Island Tailrace CHN,2,G72265F51,2026-04-22 20:14:05,2026-04-24 15:37:00,Priest BRZ,1,2026-04-29 01:24:08
Rock Island Tailrace CHN,2,G72265F51,2026-04-22 20:14:05,2026-04-24 15:37:00,Lower Ringold,1,2026-05-01 05:15:04
Rock Island Tailrace CHN,2,G72265F51,2026-04-22 20:14:05,2026-04-24 15:37:00,Hanford,1,2026-05-01 07:55:03
Rock Island Tailrace CHN,2,G7226672D,2026-04-22 20:07:48,2026-04-24 15:37:00,Crescent Bar,1,2026-04-25 00:48:42
Rock Island Tailrace CHN,2,G7226672D,2026-04-22 20:07:48,2026-04-24 15:37:00,Sunland,1,2026-04-25 13:23:52
Rock Island Tailrace CHN,2,G7226672D,2026-04-22 20:07:48,2026-04-24 15:37:00,Wanapum BRZ,1,2026-04-27 02:18:26
Rock Island Tailrace CHN,2,G7226672D,2026-04-22 20:07:48,2026-04-24 15:37:00,Mattawa,1,2026-04-27 05:12:26
Rock Island Tailrace CHN,2,G7226672D,2026-04-22 20:07:48,2026-04-24 15:37:00,Priest BRZ,1,2026-04-27 20:20:17
Rock Island Tailrace CHN,2,G7226672D,2026-04-22 20:07:48,2026-04-24 15:37:00,Lower Ringold,1,2026-04-28 11:40:34
Rock Island Tailrace CHN,2,G7226672D,2026-04-22 20:07:48,2026-04-24 15:37:00,Hanford,1,2026-04-28 15:27:38
Rock Island Tailrace CHN,1,G72268047,2026-04-25 18:13:26,2026-04-27 15:43:00,Crescent Bar,1,2026-04-28 09:54:18
Rock Island Tailrace CHN,1,G72268047,2026-04-25 18:13:26,2026-04-27 15:43:00,Sunland,1,2026-05-02 09:39:53
Rock Island Tailrace CHN,1,G72268047,2026-04-25 18:13:26,2026-04-27 15:43:00,Wanapum BRZ,1,2026-05-09 02:50:52
Rock Island Tailrace CHN,1,G72268047,2026-04-25 18:13:26,2026-04-27 15:43:00,Mattawa,1,2026-05-09 05:48:48
Rock Island Tailrace CHN,1,G72268047,2026-04-25 18:13:26,2026-04-27 15:43:00,Priest BRZ,1,2026-05-10 06:50:15
Rock Island Tailrace CHN,1,G72268047,2026-04-25 18:13:26,2026-04-27 15:43:00,Lower Ringold,1,2026-05-11 01:43:32
Rock Island Tailrace CHN,1,G72268047,2026-04-25 18:13:26,2026-04-27 15:43:00,Hanford,1,2026-05-11 05:15:19
Rock Island Tailrace CHN,1,G7227B502,2026-04-23 21:19:20,2026-04-25 16:46:00,Crescent Bar,1,2026-04-26 05:44:44
Rock Island Tailrace CHN,1,G7227B502,2026-04-23 21:19:20,2026-04-25 16:46:00,Sunland,1,2026-04-27 01:33:16
Rock Island Tailrace CHN,1,G7227B502,2026-04-23 21:19:20,2026-04-25 16:46:00,Wanapum BRZ,1,2026-04-28 18:26:54
Rock Island Tailrace CHN,1,G7227B502,2026-04-23 21:19:20,2026-04-25 16:46:00,Mattawa,1,2026-04-28 23:48:53
Rock Island Tailrace CHN,1,G7227B502,2026-04-23 21:19:20,2026-04-25 16:46:00,Priest BRZ,1,2026-04-29 21:24:51
Rock Island Tailrace CHN,1,G7227B502,2026-04-23 21:19:20,2026-04-25 16:46:00,Lower Ringold,1,2026-04-30 12:42:00
Rock Island Tailrace CHN,1,G7227B502,2026-04-23 21:19:20,2026-04-25 16:46:00,Hanford,1,2026-04-30 16:15:22
Rock Island Tailrace CHN,1,G7228456E,2026-04-21 00:27:59,2026-04-22 20:05:00,Crescent Bar,1,2026-04-23 08:27:37
Rock Island Tailrace CHN,1,G7228456E,2026-04-21 00:27:59,2026-04-22 20:05:00,Sunland,1,2026-04-24 08:30:26
Rock Island Tailrace CHN,1,G7228456E,2026-04-21 00:27:59,2026-04-22 20:05:00,Wanapum BRZ,1,2026-04-26 07:11:22
Rock Island Tailrace CHN,1,G7228456E,2026-04-21 00:27:59,2026-04-22 20:05:00,Mattawa,0,
Rock Island Tailrace CHN,1,G7228456E,2026-04-21 00:27:59,2026-04-22 20:05:00,Priest BRZ,0,
Rock Island Tailrace CHN,1,G7228456E,2026-04-21 00:27:59,2026-04-22 20:05:00,Lower Ringold,0,
Rock Island Tailrace CHN,1,G7228456E,2026-04-21 00:27:59,2026-04-22 20:05:00,Hanford,0,
Rock Island Tailrace CHN,2,G72289539,2026-04-27 18:01:41,2026-04-29 15:28:00,Crescent Bar,1,2026-04-30 06:02:47
Rock Island Tailrace CHN,2,G72289539,2026-04-27 18:01:41,2026-04-29 15:28:00,Sunland,1,2026-05-01 04:54:01
Rock Island Tailrace CHN,2,G72289539,2026-04-27 18:01:41,2026-04-29 15:28:00,Wanapum BRZ,1,2026-05-02 14:45:40
Rock Island Tailrace CHN,2,G72289539,2026-04-27 18:01:41,2026-04-29 15:28:00,Mattawa,1,2026-05-03 19:29:47
Rock Island Tailrace CHN,2,G72289539,2026-04-27 18:01:41,2026-04-29 15:28:00,Priest BRZ,1,2026-05-04 17:45:41
Rock Island Tailrace CHN,2,G72289539,2026-04-27 18:01:41,2026-04-29 15:28:00,Lower Ringold,1,2026-05-05 06:54:56
Rock Island Tailrace CHN,2,G72289539,2026-04-27 18:01:41,2026-04-29 15:28:00,Hanford,1,2026-05-05 09:40:32
Rock Island Tailrace CHN,3,G7228D57F,2026-04-27 18:02:58,2026-04-29 15:28:00,Crescent Bar,1,2026-04-30 05:23:29
Rock Island Tailrace CHN,3,G7228D57F,2026-04-27 18:02:58,2026-04-29 15:28:00,Sunland,1,2026-05-01 07:07:54
Rock Island Tailrace CHN,3,G7228D57F,2026-04-27 18:02:58,2026-04-29 15:28:00,Wanapum BRZ,1,2026-05-04 14:09:47
Rock Island Tailrace CHN,3,G7228D57F,2026-04-27 18:02:58,2026-04-29 15:28:00,Mattawa,1,2026-05-04 18:39:26
Rock Island Tailrace CHN,3,G7228D57F,2026-04-27 18:02:58,2026-04-29 15:28:00,Priest BRZ,1,2026-05-05 13:38:48
Rock Island Tailrace CHN,3,G7228D57F,2026-04-27 18:02:58,2026-04-29 15:28:00,Lower Ringold,1,2026-05-06 04:48:31
Rock Island Tailrace CHN,3,G7228D57F,2026-04-27 18:02:58,2026-04-29 15:28:00,Hanford,1,2026-05-06 07:58:54
Rock Island Tailrace CHN,3,G72294648,2026-04-27 18:17:42,2026-04-29 15:28:00,Crescent Bar,1,2026-05-02 05:02:31
Rock Island Tailrace CHN,3,G72294648,2026-04-27 18:17:42,2026-04-29 15:28:00,Sunland,1,2026-05-06 07:42:06
Rock Island Tailrace CHN,3,G72294648,2026-04-27 18:17:42,2026-04-29 15:28:00,Wanapum BRZ,1,2026-05-10 03:32:39
Rock Island Tailrace CHN,3,G72294648,2026-04-27 18:17:42,2026-04-29 15:28:00,Mattawa,1,2026-05-10 06:56:39
Rock Island Tailrace CHN,3,G72294648,2026-04-27 18:17:42,2026-04-29 15:28:00,Priest BRZ,1,2026-05-10 19:49:52
Rock Island Tailrace CHN,3,G72294648,2026-04-27 18:17:42,2026-04-29 15:28:00,Lower Ringold,1,2026-05-11 09:21:53
Rock Island Tailrace CHN,3,G72294648,2026-04-27 18:17:42,2026-04-29 15:28:00,Hanford,1,2026-05-11 12:39:00
Rock Island Tailrace CHN,3,G722A36E5,2026-04-22 20:27:50,2026-04-24 15:37:00,Crescent Bar,1,2026-04-25 04:28:34
Rock Island Tailrace CHN,3,G722A36E5,2026-04-22 20:27:50,2026-04-24 15:37:00,Sunland,1,2026-04-26 08:35:38
Rock Island Tailrace CHN,3,G722A36E5,2026-04-22 20:27:50,2026-04-24 15:37:00,Wanapum BRZ,1,2026-04-28 02:55:57
Rock Island Tailrace CHN,3,G722A36E5,2026-04-22 20:27:50,2026-04-24 15:37:00,Mattawa,1,2026-04-28 05:46:14
Rock Island Tailrace CHN,3,G722A36E5,2026-04-22 20:27:50,2026-04-24 15:37:00,Priest BRZ,1,2026-04-29 00:27:24
Rock Island Tailrace CHN,3,G722A36E5,2026-04-22 20:27:50,2026-04-24 15:37:00,Lower Ringold,1,2026-04-30 22:27:56
Rock Island Tailrace CHN,3,G722A36E5,2026-04-22 20:27:50,2026-04-24 15:37:00,Hanford,1,2026-05-01 02:55:30
Rock Island Tailrace CHN,2,G722C0290,2026-04-24 19:37:43,2026-04-26 15:41:00,Crescent Bar,1,2026-04-27 21:57:14
Rock Island Tailrace CHN,2,G722C0290,2026-04-24 19:37:43,2026-04-26 15:41:00,Sunland,1,2026-04-29 07:28:29
Rock Island Tailrace CHN,2,G722C0290,2026-04-24 19:37:43,2026-04-26 15:41:00,Wanapum BRZ,1,2026-05-03 21:35:13
Rock Island Tailrace CHN,2,G722C0290,2026-04-24 19:37:43,2026-04-26 15:41:00,Mattawa,1,2026-05-04 02:23:34
Rock Island Tailrace CHN,2,G722C0290,2026-04-24 19:37:43,2026-04-26 15:41:00,Priest BRZ,1,2026-05-04 11:53:20
Rock Island Tailrace CHN,2,G722C0290,2026-04-24 19:37:43,2026-04-26 15:41:00,Lower Ringold,1,2026-05-05 02:25:27
Rock Island Tailrace CHN,2,G722C0290,2026-04-24 19:37:43,2026-04-26 15:41:00,Hanford,1,2026-05-05 05:34:00
Rock Island Tailrace CHN,2,G722C07AF,2026-04-26 17:05:54,2026-04-28 16:26:00,Crescent Bar,1,2026-04-29 02:45:36
Rock Island Tailrace CHN,2,G722C07AF,2026-04-26 17:05:54,2026-04-28 16:26:00,Sunland,1,2026-04-29 18:19:03
Rock Island Tailrace CHN,2,G722C07AF,2026-04-26 17:05:54,2026-04-28 16:26:00,Wanapum BRZ,1,2026-05-01 20:34:58
Rock Island Tailrace CHN,2,G722C07AF,2026-04-26 17:05:54,2026-04-28 16:26:00,Mattawa,0,
Rock Island Tailrace CHN,2,G722C07AF,2026-04-26 17:05:54,2026-04-28 16:26:00,Priest BRZ,0,
Rock Island Tailrace CHN,2,G722C07AF,2026-04-26 17:05:54,2026-04-28 16:26:00,Lower Ringold,0,
Rock Island Tailrace CHN,2,G722C07AF,2026-04-26 17:05:54,2026-04-28 16:26:00,Hanford,0,
Rock Island Tailrace CHN,1,G722DAA39,2026-04-23 20:51:49,2026-04-25 16:46:00,Crescent Bar,1,2026-04-26 11:08:03
Rock Island Tailrace CHN,1,G722DAA39,2026-04-23 20:51:49,2026-04-25 16:46:00,Sunland,1,2026-04-28 11:48:36
Rock Island Tailrace CHN,1,G722DAA39,2026-04-23 20:51:49,2026-04-25 16:46:00,Wanapum BRZ,1,2026-05-01 02:07:40
Rock Island Tailrace CHN,1,G722DAA39,2026-04-23 20:51:49,2026-04-25 16:46:00,Mattawa,1,2026-05-01 07:54:36
Rock Island Tailrace CHN,1,G722DAA39,2026-04-23 20:51:49,2026-04-25 16:46:00,Priest BRZ,1,2026-05-02 04:41:05
Rock Island Tailrace CHN,1,G722DAA39,2026-04-23 20:51:49,2026-04-25 16:46:00,Lower Ringold,1,2026-05-03 04:03:27
Rock Island Tailrace CHN,1,G722DAA39,2026-04-23 20:51:49,2026-04-25 16:46:00,Hanford,1,2026-05-03 06:59:28
Rock Island Tailrace CHN,1,G722E16FD,2026-04-27 18:15:44,2026-04-29 15:28:00,Crescent Bar,1,2026-04-29 22:41:08
Rock Island Tailrace CHN,1,G722E16FD,2026-04-27 18:15:44,2026-04-29 15:28:00,Sunland,1,2026-05-01 02:56:44
Rock Island Tailrace CHN,1,G722E16FD,2026-04-27 18:15:44,2026-04-29 15:28:00,Wanapum BRZ,1,2026-05-02 18:35:19
Rock Island Tailrace CHN,1,G722E16FD,2026-04-27 18:15:44,2026-04-29 15:28:00,Mattawa,1,2026-05-03 00:19:04
Rock Island Tailrace CHN,1,G722E16FD,2026-04-27 18:15:44,2026-04-29 15:28:00,Priest BRZ,1,2026-05-03 11:20:30
Rock Island Tailrace CHN,1,G722E16FD,2026-04-27 18:15:44,2026-04-29 15:28:00,Lower Ringold,1,2026-05-03 22:47:00
Rock Island Tailrace CHN,1,G722E16FD,2026-04-27 18:15:44,2026-04-29 15:28:00,Hanford,1,2026-05-04 02:24:52
Rock Island Tailrace CHN,2,G722F06A4,2026-04-23 21:21:53,2026-04-25 16:46:00,Crescent Bar,1,2026-04-26 01:25:47
Rock Island Tailrace CHN,2,G722F06A4,2026-04-23 21:21:53,2026-04-25 16:46:00,Sunland,1,2026-04-26 12:20:52
Rock Island Tailrace CHN,2,G722F06A4,2026-04-23 21:21:53,2026-04-25 16:46:00,Wanapum BRZ,1,2026-04-28 11:06:00
Rock Island Tailrace CHN,2,G722F06A4,2026-04-23 21:21:53,2026-04-25 16:46:00,Mattawa,1,2026-04-28 15:13:28
Rock Island Tailrace CHN,2,G722F06A4,2026-04-23 21:21:53,2026-04-25 16:46:00,Priest BRZ,1,2026-04-29 05:12:04
Rock Island Tailrace CHN,2,G722F06A4,2026-04-23 21:21:53,2026-04-25 16:46:00,Lower Ringold,1,2026-04-29 17:32:09
Rock Island Tailrace CHN,2,G722F06A4,2026-04-23 21:21:53,2026-04-25 16:46:00,Hanford,1,2026-04-29 20:49:03
Rock Island Tailrace CHN,1,G722F5721,2026-04-22 20:25:36,2026-04-24 15:37:00,Crescent Bar,1,2026-04-25 03:47:21
Rock Island Tailrace CHN,1,G722F5721,2026-04-22 20:25:36,2026-04-24 15:37:00,Sunland,1,2026-04-26 03:54:17
Rock Island Tailrace CHN,1,G722F5721,2026-04-22 20:25:36,2026-04-24 15:37:00,Wanapum BRZ,0,
Rock Island Tailrace CHN,1,G722F5721,2026-04-22 20:25:36,2026-04-24 15:37:00,Mattawa,0,
Rock Island Tailrace CHN,1,G722F5721,2026-04-22 20:25:36,2026-04-24 15:37:00,Priest BRZ,0,
Rock Island Tailrace CHN,1,G722F5721,2026-04-22 20:25:36,2026-04-24 15:37:00,Lower Ringold,0,
Rock Island Tailrace CHN,1,G722F5721,2026-04-22 20:25:36,2026-04-24 15:37:00,Hanford,0,
Rock Island Tailrace CHN,1,G722FE5AF,2026-04-25 17:51:19,2026-04-27 15:43:00,Crescent Bar,1,2026-04-28 08:43:23
Rock Island Tailrace CHN,1,G722FE5AF,2026-04-25 17:51:19,2026-04-27 15:43:00,Sunland,1,2026-04-29 08:34:03
Rock Island Tailrace CHN,1,G722FE5AF,2026-04-25 17:51:19,2026-04-27 15:43:00,Wanapum BRZ,1,2026-04-30 15:36:30
Rock Island Tailrace CHN,1,G722FE5AF,2026-04-25 17:51:19,2026-04-27 15:43:00,Mattawa,1,2026-04-30 18:37:34
Rock Island Tailrace CHN,1,G722FE5AF,2026-04-25 17:51:19,2026-04-27 15:43:00,Priest BRZ,0,
Rock Island Tailrace CHN,1,G722FE5AF,2026-04-25 17:51:19,2026-04-27 15:43:00,Lower Ringold,0,
Rock Island Tailrace CHN,1,G722FE5AF,2026-04-25 17:51:19,2026-04-27 15:43:00,Hanford,0,
Rock Island Tailrace CHN,2,G7230CCE4,2026-04-25 18:07:55,2026-04-27 15:43:00,Crescent Bar,1,2026-04-27 23:37:55
Rock Island Tailrace CHN,2,G7230CCE4,2026-04-25 18:07:55,2026-04-27 15:43:00,Sunland,1,2026-04-28 23:01:54
Rock Island Tailrace CHN,2,G7230CCE4,2026-04-25 18:07:55,2026-04-27 15:43:00,Wanapum BRZ,1,2026-05-01 03:27:24
Rock Island Tailrace CHN,2,G7230CCE4,2026-04-25 18:07:55,2026-04-27 15:43:00,Mattawa,1,2026-05-02 19:43:42
Rock Island Tailrace CHN,2,G7230CCE4,2026-04-25 18:07:55,2026-04-27 15:43:00,Priest BRZ,1,2026-05-03 02:04:35
Rock Island Tailrace CHN,2,G7230CCE4,2026-04-25 18:07:55,2026-04-27 15:43:00,Lower Ringold,1,2026-05-04 03:46:11
Rock Island Tailrace CHN,2,G7230CCE4,2026-04-25 18:07:55,2026-04-27 15:43:00,Hanford,1,2026-05-04 06:47:02
Rock Island Tailrace CHN,3,G72322E20,2026-04-24 21:00:52,2026-04-26 15:41:00,Crescent Bar,1,2026-04-27 01:21:47
Rock Island Tailrace CHN,3,G72322E20,2026-04-24 21:00:52,2026-04-26 15:41:00,Sunland,1,2026-04-28 02:17:07
Rock Island Tailrace CHN,3,G72322E20,2026-04-24 21:00:52,2026-04-26 15:41:00,Wanapum BRZ,1,2026-04-30 09:18:29
Rock Island Tailrace CHN,3,G72322E20,2026-04-24 21:00:52,2026-04-26 15:41:00,Mattawa,1,2026-04-30 12:18:56
Rock Island Tailrace CHN,3,G72322E20,2026-04-24 21:00:52,2026-04-26 15:41:00,Priest BRZ,1,2026-05-01 12:47:56
Rock Island Tailrace CHN,3,G72322E20,2026-04-24 21:00:52,2026-04-26 15:41:00,Lower Ringold,1,2026-05-02 08:27:03
Rock Island Tailrace CHN,3,G72322E20,2026-04-24 21:00:52,2026-04-26 15:41:00,Hanford,1,2026-05-02 11:11:45
Rock Island Tailrace CHN,1,G7232A1ED,2026-04-25 18:12:57,2026-04-27 15:43:00,Crescent Bar,1,2026-04-28 10:58:50
Rock Island Tailrace CHN,1,G7232A1ED,2026-04-25 18:12:57,2026-04-27 15:43:00,Sunland,1,2026-04-29 09:49:57
Rock Island Tailrace CHN,1,G7232A1ED,2026-04-25 18:12:57,2026-04-27 15:43:00,Wanapum BRZ,1,2026-05-02 11:37:54
Rock Island Tailrace CHN,1,G7232A1ED,2026-04-25 18:12:57,2026-04-27 15:43:00,Mattawa,1,2026-05-02 14:34:25
Rock Island Tailrace CHN,1,G7232A1ED,2026-04-25 18:12:57,2026-04-27 15:43:00,Priest BRZ,1,2026-05-03 03:22:53
Rock Island Tailrace CHN,1,G7232A1ED,2026-04-25 18:12:57,2026-04-27 15:43:00,Lower Ringold,1,2026-05-03 16:30:44
Rock Island Tailrace CHN,1,G7232A1ED,2026-04-25 18:12:57,2026-04-27 15:43:00,Hanford,1,2026-05-03 19:51:43
Rock Island Tailrace CHN,1,G7232AD4E,2026-04-21 00:08:06,2026-04-22 20:05:00,Crescent Bar,1,2026-04-23 07:58:47
Rock Island Tailrace CHN,1,G7232AD4E,2026-04-21 00:08:06,2026-04-22 20:05:00,Sunland,1,2026-04-24 08:54:25
Rock Island Tailrace CHN,1,G7232AD4E,2026-04-21 00:08:06,2026-04-22 20:05:00,Wanapum BRZ,1,2026-04-25 21:47:26
Rock Island Tailrace CHN,1,G7232AD4E,2026-04-21 00:08:06,2026-04-22 20:05:00,Mattawa,1,2026-04-26 01:51:18
Rock Island Tailrace CHN,1,G7232AD4E,2026-04-21 00:08:06,2026-04-22 20:05:00,Priest BRZ,1,2026-04-26 10:53:31
Rock Island Tailrace CHN,1,G7232AD4E,2026-04-21 00:08:06,2026-04-22 20:05:00,Lower Ringold,1,2026-04-27 09:18:04
Rock Island Tailrace CHN,1,G7232AD4E,2026-04-21 00:08:06,2026-04-22 20:05:00,Hanford,1,2026-04-27 12:14:54
Rock Island Tailrace CHN,3,G7234B238,2026-04-21 00:05:49,2026-04-22 20:05:00,Crescent Bar,1,2026-04-23 07:20:27
Rock Island Tailrace CHN,3,G7234B238,2026-04-21 00:05:49,2026-04-22 20:05:00,Sunland,1,2026-04-24 04:51:40
Rock Island Tailrace CHN,3,G7234B238,2026-04-21 00:05:49,2026-04-22 20:05:00,Wanapum BRZ,1,2026-04-25 03:55:12
Rock Island Tailrace CHN,3,G7234B238,2026-04-21 00:05:49,2026-04-22 20:05:00,Mattawa,1,2026-04-25 06:14:31
Rock Island Tailrace CHN,3,G7234B238,2026-04-21 00:05:49,2026-04-22 20:05:00,Priest BRZ,1,2026-04-25 22:58:32
Rock Island Tailrace CHN,3,G7234B238,2026-04-21 00:05:49,2026-04-22 20:05:00,Lower Ringold,1,2026-04-26 12:07:11
Rock Island Tailrace CHN,3,G7234B238,2026-04-21 00:05:49,2026-04-22 20:05:00,Hanford,1,2026-04-26 15:20:59
Rock Island Tailrace CHN,2,G723635A6,2026-04-25 18:02:01,2026-04-27 15:43:00,Crescent Bar,1,2026-04-28 01:47:00
Rock Island Tailrace CHN,2,G723635A6,2026-04-25 18:02:01,2026-04-27 15:43:00,Sunland,1,2026-04-29 06:15:56
Rock Island Tailrace CHN,2,G723635A6,2026-04-25 18:02:01,2026-04-27 15:43:00,Wanapum BRZ,1,2026-04-30 12:09:03
Rock Island Tailrace CHN,2,G723635A6,2026-04-25 18:02:01,2026-04-27 15:43:00,Mattawa,1,2026-05-01 06:15:27
Rock Island Tailrace CHN,2,G723635A6,2026-04-25 18:02:01,2026-04-27 15:43:00,Priest BRZ,1,2026-05-02 03:23:49
Rock Island Tailrace CHN,2,G723635A6,2026-04-25 18:02:01,2026-04-27 15:43:00,Lower Ringold,1,2026-05-02 16:37:01
Rock Island Tailrace CHN,2,G723635A6,2026-04-25 18:02:01,2026-04-27 15:43:00,Hanford,1,2026-05-02 20:08:05
Rock Island Tailrace CHN,3,G7236BF54,2026-04-26 17:04:33,2026-04-28 16:26:00,Crescent Bar,1,2026-04-29 01:24:18
Rock Island Tailrace CHN,3,G7236BF54,2026-04-26 17:04:33,2026-04-28 16:26:00,Sunland,1,2026-04-30 12:26:15
Rock Island Tailrace CHN,3,G7236BF54,2026-04-26 17:04:33,2026-04-28 16:26:00,Wanapum BRZ,1,2026-05-03 03:56:06
Rock Island Tailrace CHN,3,G7236BF54,2026-04-26 17:04:33,2026-04-28 16:26:00,Mattawa,1,2026-05-03 06:35:51
Rock Island Tailrace CHN,3,G7236BF54,2026-04-26 17:04:33,2026-04-28 16:26:00,Priest BRZ,1,2026-05-03 20:48:29
Rock Island Tailrace CHN,3,G7236BF54,2026-04-26 17:04:33,2026-04-28 16:26:00,Lower Ringold,1,2026-05-04 10:30:03
Rock Island Tailrace CHN,3,G7236BF54,2026-04-26 17:04:33,2026-04-28 16:26:00,Hanford,1,2026-05-04 13:29:00
Rock Island Tailrace CHN,3,G7238A896,2026-04-26 16:55:00,2026-04-28 16:26:00,Crescent Bar,1,2026-04-29 06:56:00
Rock Island Tailrace CHN,3,G7238A896,2026-04-26 16:55:00,2026-04-28 16:26:00,Sunland,0,
Rock Island Tailrace CHN,3,G7238A896,2026-04-26 16:55:00,2026-04-28 16:26:00,Wanapum BRZ,0,
Rock Island Tailrace CHN,3,G7238A896,2026-04-26 16:55:00,2026-04-28 16:26:00,Mattawa,0,
Rock Island Tailrace CHN,3,G7238A896,2026-04-26 16:55:00,2026-04-28 16:26:00,Priest BRZ,0,
Rock Island Tailrace CHN,3,G7238A896,2026-04-26 16:55:00,2026-04-28 16:26:00,Lower Ringold,0,
Rock Island Tailrace CHN,3,G7238A896,2026-04-26 16:55:00,2026-04-28 16:26:00,Hanford,0,
Rock Island Tailrace CHN,2,G7238F4EE,2026-04-24 19:42:16,2026-04-26 15:41:00,Crescent Bar,1,2026-04-27 07:38:27
Rock Island Tailrace CHN,2,G7238F4EE,2026-04-24 19:42:16,2026-04-26 15:41:00,Sunland,1,2026-04-28 12:13:20
Rock Island Tailrace CHN,2,G7238F4EE,2026-04-24 19:42:16,2026-04-26 15:41:00,Wanapum BRZ,1,2026-04-30 01:56:11
Rock Island Tailrace CHN,2,G7238F4EE,2026-04-24 19:42:16,2026-04-26 15:41:00,Mattawa,0,
Rock Island Tailrace CHN,2,G7238F4EE,2026-04-24 19:42:16,2026-04-26 15:41:00,Priest BRZ,0,
Rock Island Tailrace CHN,2,G7238F4EE,2026-04-24 19:42:16,2026-04-26 15:41:00,Lower Ringold,0,
Rock Island Tailrace CHN,2,G7238F4EE,2026-04-24 19:42:16,2026-04-26 15:41:00,Hanford,0,
Rock Island Tailrace CHN,2,G72396687,2026-04-23 21:17:07,2026-04-25 16:46:00,Crescent Bar,1,2026-04-25 22:53:16
Rock Island Tailrace CHN,2,G72396687,2026-04-23 21:17:07,2026-04-25 16:46:00,Sunland,1,2026-04-26 09:25:45
Rock Island Tailrace CHN,2,G72396687,2026-04-23 21:17:07,2026-04-25 16:46:00,Wanapum BRZ,1,2026-04-28 07:42:07
Rock Island Tailrace CHN,2,G72396687,2026-04-23 21:17:07,2026-04-25 16:46:00,Mattawa,1,2026-05-16 13:32:21
Rock Island Tailrace CHN,2,G72396687,2026-04-23 21:17:07,2026-04-25 16:46:00,Priest BRZ,1,2026-05-17 01:05:25
Rock Island Tailrace CHN,2,G72396687,2026-04-23 21:17:07,2026-04-25 16:46:00,Lower Ringold,1,2026-05-17 12:46:38
Rock Island Tailrace CHN,2,G72396687,2026-04-23 21:17:07,2026-04-25 16:46:00,Hanford,1,2026-05-18 04:47:29
Rock Island Tailrace CHN,2,G72399511,2026-04-23 21:14:47,2026-04-25 16:46:00,Crescent Bar,1,2026-04-26 01:19:57
Rock Island Tailrace CHN,2,G72399511,2026-04-23 21:14:47,2026-04-25 16:46:00,Sunland,1,2026-04-27 02:54:06
Rock Island Tailrace CHN,2,G72399511,2026-04-23 21:14:47,2026-04-25 16:46:00,Wanapum BRZ,1,2026-04-28 17:19:58
Rock Island Tailrace CHN,2,G72399511,2026-04-23 21:14:47,2026-04-25 16:46:00,Mattawa,1,2026-04-28 21:18:53
Rock Island Tailrace CHN,2,G72399511,2026-04-23 21:14:47,2026-04-25 16:46:00,Priest BRZ,1,2026-04-29 15:02:31
Rock Island Tailrace CHN,2,G72399511,2026-04-23 21:14:47,2026-04-25 16:46:00,Lower Ringold,1,2026-04-30 04:29:33
Rock Island Tailrace CHN,2,G72399511,2026-04-23 21:14:47,2026-04-25 16:46:00,Hanford,1,2026-04-30 08:10:10
Rock Island Tailrace CHN,2,G72399B0E,2026-04-25 17:37:04,2026-04-27 15:43:00,Crescent Bar,1,2026-04-28 10:26:54
Rock Island Tailrace CHN,2,G72399B0E,2026-04-25 17:37:04,2026-04-27 15:43:00,Sunland,1,2026-04-29 12:27:31
Rock Island Tailrace CHN,2,G72399B0E,2026-04-25 17:37:04,2026-04-27 15:43:00,Wanapum BRZ,1,2026-05-02 06:23:28
Rock Island Tailrace CHN,2,G72399B0E,2026-04-25 17:37:04,2026-04-27 15:43:00,Mattawa,1,2026-05-02 15:12:13
Rock Island Tailrace CHN,2,G72399B0E,2026-04-25 17:37:04,2026-04-27 15:43:00,Priest BRZ,1,2026-05-03 01:49:55
Rock Island Tailrace CHN,2,G72399B0E,2026-04-25 17:37:04,2026-04-27 15:43:00,Lower Ringold,1,2026-05-03 12:11:22
Rock Island Tailrace CHN,2,G72399B0E,2026-04-25 17:37:04,2026-04-27 15:43:00,Hanford,1,2026-05-03 16:30:36
Rock Island Tailrace CHN,3,G723ABDA5,2026-04-23 21:20:10,2026-04-25 16:46:00,Crescent Bar,1,2026-04-25 23:47:44
Rock Island Tailrace CHN,3,G723ABDA5,2026-04-23 21:20:10,2026-04-25 16:46:00,Sunland,1,2026-04-26 11:14:31
Rock Island Tailrace CHN,3,G723ABDA5,2026-04-23 21:20:10,2026-04-25 16:46:00,Wanapum BRZ,1,2026-05-01 02:26:38
Rock Island Tailrace CHN,3,G723ABDA5,2026-04-23 21:20:10,2026-04-25 16:46:00,Mattawa,1,2026-05-01 07:10:44
Rock Island Tailrace CHN,3,G723ABDA5,2026-04-23 21:20:10,2026-04-25 16:46:00,Priest BRZ,1,2026-05-01 17:30:07
Rock Island Tailrace CHN,3,G723ABDA5,2026-04-23 21:20:10,2026-04-25 16:46:00,Lower Ringold,1,2026-05-03 03:56:36
Rock Island Tailrace CHN,3,G723ABDA5,2026-04-23 21:20:10,2026-04-25 16:46:00,Hanford,1,2026-05-03 06:42:29
Rock Island Tailrace CHN,3,G723B0212,2026-04-21 21:44:26,2026-04-23 15:44:00,Crescent Bar,1,2026-04-24 07:41:55
Rock Island Tailrace CHN,3,G723B0212,2026-04-21 21:44:26,2026-04-23 15:44:00,Sunland,1,2026-04-25 06:49:28
Rock Island Tailrace CHN,3,G723B0212,2026-04-21 21:44:26,2026-04-23 15:44:00,Wanapum BRZ,1,2026-05-04 10:42:43
Rock Island Tailrace CHN,3,G723B0212,2026-04-21 21:44:26,2026-04-23 15:44:00,Mattawa,1,2026-06-01 11:53:30
Rock Island Tailrace CHN,3,G723B0212,2026-04-21 21:44:26,2026-04-23 15:44:00,Priest BRZ,1,2026-06-01 20:48:19
Rock Island Tailrace CHN,3,G723B0212,2026-04-21 21:44:26,2026-04-23 15:44:00,Lower Ringold,1,2026-06-02 18:30:16
Rock Island Tailrace CHN,3,G723B0212,2026-04-21 21:44:26,2026-04-23 15:44:00,Hanford,1,2026-06-02 22:34:26
Rock Island Tailrace CHN,3,G723B352F,2026-04-24 19:53:58,2026-04-26 15:41:00,Crescent Bar,1,2026-04-27 06:47:10
Rock Island Tailrace CHN,3,G723B352F,2026-04-24 19:53:58,2026-04-26 15:41:00,Sunland,0,
Rock Island Tailrace CHN,3,G723B352F,2026-04-24 19:53:58,2026-04-26 15:41:00,Wanapum BRZ,0,
Rock Island Tailrace CHN,3,G723B352F,2026-04-24 19:53:58,2026-04-26 15:41:00,Mattawa,0,
Rock Island Tailrace CHN,3,G723B352F,2026-04-24 19:53:58,2026-04-26 15:41:00,Priest BRZ,0,
Rock Island Tailrace CHN,3,G723B352F,2026-04-24 19:53:58,2026-04-26 15:41:00,Lower Ringold,0,
Rock Island Tailrace CHN,3,G723B352F,2026-04-24 19:53:58,2026-04-26 15:41:00,Hanford,0,
Rock Island Tailrace CHN,2,G723B4BC8,2026-04-21 21:24:15,2026-04-23 15:44:00,Crescent Bar,1,2026-04-24 06:15:22
Rock Island Tailrace CHN,2,G723B4BC8,2026-04-21 21:24:15,2026-04-23 15:44:00,Sunland,1,2026-04-25 03:22:26
Rock Island Tailrace CHN,2,G723B4BC8,2026-04-21 21:24:15,2026-04-23 15:44:00,Wanapum BRZ,1,2026-04-26 08:14:39
Rock Island Tailrace CHN,2,G723B4BC8,2026-04-21 21:24:15,2026-04-23 15:44:00,Mattawa,1,2026-04-26 10:48:46
Rock Island Tailrace CHN,2,G723B4BC8,2026-04-21 21:24:15,2026-04-23 15:44:00,Priest BRZ,1,2026-04-27 06:12:13
Rock Island Tailrace CHN,2,G723B4BC8,2026-04-21 21:24:15,2026-04-23 15:44:00,Lower Ringold,1,2026-04-30 09:58:24
Rock Island Tailrace CHN,2,G723B4BC8,2026-04-21 21:24:15,2026-04-23 15:44:00,Hanford,1,2026-04-30 13:06:19
Rock Island Tailrace CHN,2,G723B8DDF,2026-04-26 17:14:24,2026-04-28 16:26:00,Crescent Bar,1,2026-04-28 23:25:06
Rock Island Tailrace CHN,2,G723B8DDF,2026-04-26 17:14:24,2026-04-28 16:26:00,Sunland,1,2026-04-30 10:26:43
Rock Island Tailrace CHN,2,G723B8DDF,2026-04-26 17:14:24,2026-04-28 16:26:00,Wanapum BRZ,1,2026-05-02 08:49:34
Rock Island Tailrace CHN,2,G723B8DDF,2026-04-26 17:14:24,2026-04-28 16:26:00,Mattawa,0,
Rock Island Tailrace CHN,2,G723B8DDF,2026-04-26 17:14:24,2026-04-28 16:26:00,Priest BRZ,0,
Rock Island Tailrace CHN,2,G723B8DDF,2026-04-26 17:14:24,2026-04-28 16:26:00,Lower Ringold,0,
Rock Island Tailrace CHN,2,G723B8DDF,2026-04-26 17:14:24,2026-04-28 16:26:00,Hanford,0,
Rock Island Tailrace CHN,2,G723C4844,2026-04-25 18:06:02,2026-04-27 15:43:00,Crescent Bar,1,2026-04-28 07:09:28
Rock Island Tailrace CHN,2,G723C4844,2026-04-25 18:06:02,2026-04-27 15:43:00,Sunland,1,2026-04-29 02:56:56
Rock Island Tailrace CHN,2,G723C4844,2026-04-25 18:06:02,2026-04-27 15:43:00,Wanapum BRZ,1,2026-04-30 12:44:33
Rock Island Tailrace CHN,2,G723C4844,2026-04-25 18:06:02,2026-04-27 15:43:00,Mattawa,1,2026-04-30 16:05:27
Rock Island Tailrace CHN,2,G723C4844,2026-04-25 18:06:02,2026-04-27 15:43:00,Priest BRZ,1,2026-05-01 18:09:06
Rock Island Tailrace CHN,2,G723C4844,2026-04-25 18:06:02,2026-04-27 15:43:00,Lower Ringold,1,2026-05-02 08:02:21
Rock Island Tailrace CHN,2,G723C4844,2026-04-25 18:06:02,2026-04-27 15:43:00,Hanford,1,2026-05-02 11:05:12
Rock Island Tailrace CHN,2,G723C491A,2026-04-21 00:05:04,2026-04-22 20:05:00,Crescent Bar,1,2026-04-23 10:35:24
Rock Island Tailrace CHN,2,G723C491A,2026-04-21 00:05:04,2026-04-22 20:05:00,Sunland,1,2026-04-24 09:13:06
Rock Island Tailrace CHN,2,G723C491A,2026-04-21 00:05:04,2026-04-22 20:05:00,Wanapum BRZ,1,2026-04-26 06:03:32
Rock Island Tailrace CHN,2,G723C491A,2026-04-21 00:05:04,2026-04-22 20:05:00,Mattawa,1,2026-04-26 09:08:45
Rock Island Tailrace CHN,2,G723C491A,2026-04-21 00:05:04,2026-04-22 20:05:00,Priest BRZ,1,2026-04-27 05:45:33
Rock Island Tailrace CHN,2,G723C491A,2026-04-21 00:05:04,2026-04-22 20:05:00,Lower Ringold,1,2026-04-27 19:14:56
Rock Island Tailrace CHN,2,G723C491A,2026-04-21 00:05:04,2026-04-22 20:05:00,Hanford,1,2026-04-27 23:58:31
Rock Island Tailrace CHN,2,G723C8112,2026-04-25 17:27:07,2026-04-27 15:43:00,Crescent Bar,1,2026-04-28 07:07:36
Rock Island Tailrace CHN,2,G723C8112,2026-04-25 17:27:07,2026-04-27 15:43:00,Sunland,1,2026-05-01 04:07:14
Rock Island Tailrace CHN,2,G723C8112,2026-04-25 17:27:07,2026-04-27 15:43:00,Wanapum BRZ,1,2026-05-06 10:28:28
Rock Island Tailrace CHN,2,G723C8112,2026-04-25 17:27:07,2026-04-27 15:43:00,Mattawa,1,2026-05-07 07:59:07
Rock Island Tailrace CHN,2,G723C8112,2026-04-25 17:27:07,2026-04-27 15:43:00,Priest BRZ,1,2026-05-09 14:10:03
Rock Island Tailrace CHN,2,G723C8112,2026-04-25 17:27:07,2026-04-27 15:43:00,Lower Ringold,1,2026-05-10 16:12:29
Rock Island Tailrace CHN,2,G723C8112,2026-04-25 17:27:07,2026-04-27 15:43:00,Hanford,1,2026-05-10 19:47:14
Rock Island Tailrace CHN,1,G723EA962,2026-04-24 20:58:06,2026-04-26 15:41:00,Crescent Bar,1,2026-04-27 11:14:46
Rock Island Tailrace CHN,1,G723EA962,2026-04-24 20:58:06,2026-04-26 15:41:00,Sunland,1,2026-04-28 22:15:54
Rock Island Tailrace CHN,1,G723EA962,2026-04-24 20:58:06,2026-04-26 15:41:00,Wanapum BRZ,1,2026-05-09 04:04:46
Rock Island Tailrace CHN,1,G723EA962,2026-04-24 20:58:06,2026-04-26 15:41:00,Mattawa,1,2026-05-09 07:25:35
Rock Island Tailrace CHN,1,G723EA962,2026-04-24 20:58:06,2026-04-26 15:41:00,Priest BRZ,1,2026-05-10 00:27:46
Rock Island Tailrace CHN,1,G723EA962,2026-04-24 20:58:06,2026-04-26 15:41:00,Lower Ringold,1,2026-05-10 13:07:28
Rock Island Tailrace CHN,1,G723EA962,2026-04-24 20:58:06,2026-04-26 15:41:00,Hanford,1,2026-05-10 20:12:47
Rock Island Tailrace CHN,2,G723F9846,2026-04-21 00:14:11,2026-04-22 20:05:00,Crescent Bar,1,2026-04-24 06:21:22
Rock Island Tailrace CHN,2,G723F9846,2026-04-21 00:14:11,2026-04-22 20:05:00,Sunland,1,2026-04-25 07:05:54
Rock Island Tailrace CHN,2,G723F9846,2026-04-21 00:14:11,2026-04-22 20:05:00,Wanapum BRZ,0,
Rock Island Tailrace CHN,2,G723F9846,2026-04-21 00:14:11,2026-04-22 20:05:00,Mattawa,0,
Rock Island Tailrace CHN,2,G723F9846,2026-04-21 00:14:11,2026-04-22 20:05:00,Priest BRZ,0,
Rock Island Tailrace CHN,2,G723F9846,2026-04-21 00:14:11,2026-04-22 20:05:00,Lower Ringold,0,
Rock Island Tailrace CHN,2,G723F9846,2026-04-21 00:14:11,2026-04-22 20:05:00,Hanford,0,
Rock Island Tailrace CHN,2,G7240866A,2026-04-21 21:38:03,2026-04-23 15:44:00,Crescent Bar,1,2026-04-24 12:43:30
Rock Island Tailrace CHN,2,G7240866A,2026-04-21 21:38:03,2026-04-23 15:44:00,Sunland,1,2026-04-26 08:55:12
Rock Island Tailrace CHN,2,G7240866A,2026-04-21 21:38:03,2026-04-23 15:44:00,Wanapum BRZ,0,
Rock Island Tailrace CHN,2,G7240866A,2026-04-21 21:38:03,2026-04-23 15:44:00,Mattawa,0,
Rock Island Tailrace CHN,2,G7240866A,2026-04-21 21:38:03,2026-04-23 15:44:00,Priest BRZ,0,
Rock Island Tailrace CHN,2,G7240866A,2026-04-21 21:38:03,2026-04-23 15:44:00,Lower Ringold,0,
Rock Island Tailrace CHN,2,G7240866A,2026-04-21 21:38:03,2026-04-23 15:44:00,Hanford,0,
Rock Island Tailrace CHN,2,G7241D34A,2026-04-24 21:06:37,2026-04-26 15:41:00,Crescent Bar,1,2026-04-27 10:36:51
Rock Island Tailrace CHN,2,G7241D34A,2026-04-24 21:06:37,2026-04-26 15:41:00,Sunland,1,2026-04-30 07:11:18
Rock Island Tailrace CHN,2,G7241D34A,2026-04-24 21:06:37,2026-04-26 15:41:00,Wanapum BRZ,1,2026-05-02 02:44:53
Rock Island Tailrace CHN,2,G7241D34A,2026-04-24 21:06:37,2026-04-26 15:41:00,Mattawa,1,2026-05-02 15:29:15
Rock Island Tailrace CHN,2,G7241D34A,2026-04-24 21:06:37,2026-04-26 15:41:00,Priest BRZ,1,2026-05-05 07:40:24
Rock Island Tailrace CHN,2,G7241D34A,2026-04-24 21:06:37,2026-04-26 15:41:00,Lower Ringold,1,2026-05-10 06:24:31
Rock Island Tailrace CHN,2,G7241D34A,2026-04-24 21:06:37,2026-04-26 15:41:00,Hanford,1,2026-05-11 04:08:09
Rock Island Tailrace CHN,2,G724273B0,2026-04-22 20:19:55,2026-04-24 15:37:00,Crescent Bar,1,2026-04-25 07:44:40
Rock Island Tailrace CHN,2,G724273B0,2026-04-22 20:19:55,2026-04-24 15:37:00,Sunland,1,2026-04-26 06:34:34
Rock Island Tailrace CHN,2,G724273B0,2026-04-22 20:19:55,2026-04-24 15:37:00,Wanapum BRZ,1,2026-04-28 19:37:04
Rock Island Tailrace CHN,2,G724273B0,2026-04-22 20:19:55,2026-04-24 15:37:00,Mattawa,1,2026-04-29 09:05:57
Rock Island Tailrace CHN,2,G724273B0,2026-04-22 20:19:55,2026-04-24 15:37:00,Priest BRZ,1,2026-04-30 02:07:07
Rock Island Tailrace CHN,2,G724273B0,2026-04-22 20:19:55,2026-04-24 15:37:00,Lower Ringold,1,2026-04-30 13:42:59
Rock Island Tailrace CHN,2,G724273B0,2026-04-22 20:19:55,2026-04-24 15:37:00,Hanford,1,2026-04-30 18:51:44
Rock Island Tailrace CHN,2,G7242CA1E,2026-04-23 21:08:43,2026-04-25 16:46:00,Crescent Bar,1,2026-04-26 11:52:57
Rock Island Tailrace CHN,2,G7242CA1E,2026-04-23 21:08:43,2026-04-25 16:46:00,Sunland,1,2026-04-28 11:42:46
Rock Island Tailrace CHN,2,G7242CA1E,2026-04-23 21:08:43,2026-04-25 16:46:00,Wanapum BRZ,1,2026-05-01 00:27:02
Rock Island Tailrace CHN,2,G7242CA1E,2026-04-23 21:08:43,2026-04-25 16:46:00,Mattawa,1,2026-05-01 03:42:20
Rock Island Tailrace CHN,2,G7242CA1E,2026-04-23 21:08:43,2026-04-25 16:46:00,Priest BRZ,1,2026-05-01 15:52:06
Rock Island Tailrace CHN,2,G7242CA1E,2026-04-23 21:08:43,2026-04-25 16:46:00,Lower Ringold,1,2026-05-02 04:55:39
Rock Island Tailrace CHN,2,G7242CA1E,2026-04-23 21:08:43,2026-04-25 16:46:00,Hanford,1,2026-05-02 08:48:23
Rock Island Tailrace CHN,2,G72439D82,2026-04-24 19:38:32,2026-04-26 15:41:00,Crescent Bar,1,2026-04-27 11:58:09
Rock Island Tailrace CHN,2,G72439D82,2026-04-24 19:38:32,2026-04-26 15:41:00,Sunland,1,2026-04-28 10:23:15
Rock Island Tailrace CHN,2,G72439D82,2026-04-24 19:38:32,2026-04-26 15:41:00,Wanapum BRZ,1,2026-04-30 22:05:35
Rock Island Tailrace CHN,2,G72439D82,2026-04-24 19:38:32,2026-04-26 15:41:00,Mattawa,0,
Rock Island Tailrace CHN,2,G72439D82,2026-04-24 19:38:32,2026-04-26 15:41:00,Priest BRZ,0,
Rock Island Tailrace CHN,2,G72439D82,2026-04-24 19:38:32,2026-04-26 15:41:00,Lower Ringold,0,
Rock Island Tailrace CHN,2,G72439D82,2026-04-24 19:38:32,2026-04-26 15:41:00,Hanford,0,
Rock Island Tailrace CHN,2,G7243A95D,2026-04-23 21:02:43,2026-04-25 16:46:00,Crescent Bar,1,2026-04-26 05:20:58
Rock Island Tailrace CHN,2,G7243A95D,2026-04-23 21:02:43,2026-04-25 16:46:00,Sunland,1,2026-04-27 06:05:19
Rock Island Tailrace CHN,2,G7243A95D,2026-04-23 21:02:43,2026-04-25 16:46:00,Wanapum BRZ,1,2026-04-28 12:34:49
Rock Island Tailrace CHN,2,G7243A95D,2026-04-23 21:02:43,2026-04-25 16:46:00,Mattawa,0,
Rock Island Tailrace CHN,2,G7243A95D,2026-04-23 21:02:43,2026-04-25 16:46:00,Priest BRZ,0,
Rock Island Tailrace CHN,2,G7243A95D,2026-04-23 21:02:43,2026-04-25 16:46:00,Lower Ringold,0,
Rock Island Tailrace CHN,2,G7243A95D,2026-04-23 21:02:43,2026-04-25 16:46:00,Hanford,0,
Rock Island Tailrace CHN,2,G72442C80,2026-04-23 21:15:23,2026-04-25 16:46:00,Crescent Bar,1,2026-04-26 02:19:25
Rock Island Tailrace CHN,2,G72442C80,2026-04-23 21:15:23,2026-04-25 16:46:00,Sunland,1,2026-04-27 09:30:46
Rock Island Tailrace CHN,2,G72442C80,2026-04-23 21:15:23,2026-04-25 16:46:00,Wanapum BRZ,1,2026-04-30 23:30:47
Rock Island Tailrace CHN,2,G72442C80,2026-04-23 21:15:23,2026-04-25 16:46:00,Mattawa,1,2026-05-01 06:24:13
Rock Island Tailrace CHN,2,G72442C80,2026-04-23 21:15:23,2026-04-25 16:46:00,Priest BRZ,1,2026-05-02 02:42:03
Rock Island Tailrace CHN,2,G72442C80,2026-04-23 21:15:23,2026-04-25 16:46:00,Lower Ringold,1,2026-05-02 17:41:12
Rock Island Tailrace CHN,2,G72442C80,2026-04-23 21:15:23,2026-04-25 16:46:00,Hanford,1,2026-05-02 21:02:13
Rock Island Tailrace CHN,2,G7244AD52,2026-04-22 20:19:15,2026-04-24 15:37:00,Crescent Bar,1,2026-04-25 04:57:22
Rock Island Tailrace CHN,2,G7244AD52,2026-04-22 20:19:15,2026-04-24 15:37:00,Sunland,1,2026-04-25 18:47:11
Rock Island Tailrace CHN,2,G7244AD52,2026-04-22 20:19:15,2026-04-24 15:37:00,Wanapum BRZ,1,2026-04-26 08:46:16
Rock Island Tailrace CHN,2,G7244AD52,2026-04-22 20:19:15,2026-04-24 15:37:00,Mattawa,1,2026-05-02 08:13:21
Rock Island Tailrace CHN,2,G7244AD52,2026-04-22 20:19:15,2026-04-24 15:37:00,Priest BRZ,1,2026-05-02 23:55:51
Rock Island Tailrace CHN,2,G7244AD52,2026-04-22 20:19:15,2026-04-24 15:37:00,Lower Ringold,1,2026-05-03 11:30:19
Rock Island Tailrace CHN,2,G7244AD52,2026-04-22 20:19:15,2026-04-24 15:37:00,Hanford,1,2026-05-03 14:43:58
Rock Island Tailrace CHN,2,G72457162,2026-04-27 18:07:10,2026-04-29 15:28:00,Crescent Bar,1,2026-04-30 11:47:32
Rock Island Tailrace CHN,2,G72457162,2026-04-27 18:07:10,2026-04-29 15:28:00,Sunland,1,2026-05-04 05:52:21
Rock Island Tailrace CHN,2,G72457162,2026-04-27 18:07:10,2026-04-29 15:28:00,Wanapum BRZ,1,2026-05-07 16:41:25
Rock Island Tailrace CHN,2,G72457162,2026-04-27 18:07:10,2026-04-29 15:28:00,Mattawa,1,2026-05-08 05:02:19
Rock Island Tailrace CHN,2,G72457162,2026-04-27 18:07:10,2026-04-29 15:28:00,Priest BRZ,0,
Rock Island Tailrace CHN,2,G72457162,2026-04-27 18:07:10,2026-04-29 15:28:00,Lower Ringold,0,
Rock Island Tailrace CHN,2,G72457162,2026-04-27 18:07:10,2026-04-29 15:28:00,Hanford,0,
Rock Island Tailrace CHN,2,G72457B1C,2026-04-23 21:16:19,2026-04-25 16:46:00,Crescent Bar,1,2026-04-26 04:47:01
Rock Island Tailrace CHN,2,G72457B1C,2026-04-23 21:16:19,2026-04-25 16:46:00,Sunland,1,2026-04-27 08:48:49
Rock Island Tailrace CHN,2,G72457B1C,2026-04-23 21:16:19,2026-04-25 16:46:00,Wanapum BRZ,1,2026-04-30 04:05:30
Rock Island Tailrace CHN,2,G72457B1C,2026-04-23 21:16:19,2026-04-25 16:46:00,Mattawa,1,2026-04-30 09:41:28
Rock Island Tailrace CHN,2,G72457B1C,2026-04-23 21:16:19,2026-04-25 16:46:00,Priest BRZ,1,2026-04-30 20:49:56
Rock Island Tailrace CHN,2,G72457B1C,2026-04-23 21:16:19,2026-04-25 16:46:00,Lower Ringold,1,2026-05-01 12:17:09
Rock Island Tailrace CHN,2,G72457B1C,2026-04-23 21:16:19,2026-04-25 16:46:00,Hanford,1,2026-05-02 04:32:52
Rock Island Tailrace CHN,2,G7245C6D3,2026-04-25 18:10:43,2026-04-27 15:43:00,Crescent Bar,1,2026-04-28 00:54:36
Rock Island Tailrace CHN,2,G7245C6D3,2026-04-25 18:10:43,2026-04-27 15:43:00,Sunland,1,2026-04-29 02:55:26
Rock Island Tailrace CHN,2,G7245C6D3,2026-04-25 18:10:43,2026-04-27 15:43:00,Wanapum BRZ,1,2026-04-30 10:44:11
Rock Island Tailrace CHN,2,G7245C6D3,2026-04-25 18:10:43,2026-04-27 15:43:00,Mattawa,1,2026-05-09 13:21:56
Rock Island Tailrace CHN,2,G7245C6D3,2026-04-25 18:10:43,2026-04-27 15:43:00,Priest BRZ,1,2026-05-10 11:24:24
Rock Island Tailrace CHN,2,G7245C6D3,2026-04-25 18:10:43,2026-04-27 15:43:00,Lower Ringold,1,2026-05-19 08:09:47
Rock Island Tailrace CHN,2,G7245C6D3,2026-04-25 18:10:43,2026-04-27 15:43:00,Hanford,1,2026-05-19 11:26:39
Rock Island Tailrace CHN,2,G72474B33,2026-04-24 20:58:32,2026-04-26 15:41:00,Crescent Bar,1,2026-04-27 11:00:18
Rock Island Tailrace CHN,2,G72474B33,2026-04-24 20:58:32,2026-04-26 15:41:00,Sunland,1,2026-04-28 02:38:21
Rock Island Tailrace CHN,2,G72474B33,2026-04-24 20:58:32,2026-04-26 15:41:00,Wanapum BRZ,1,2026-04-30 22:38:44
Rock Island Tailrace CHN,2,G72474B33,2026-04-24 20:58:32,2026-04-26 15:41:00,Mattawa,1,2026-05-05 13:15:32
Rock Island Tailrace CHN,2,G72474B33,2026-04-24 20:58:32,2026-04-26 15:41:00,Priest BRZ,1,2026-05-06 10:50:42
Rock Island Tailrace CHN,2,G72474B33,2026-04-24 20:58:32,2026-04-26 15:41:00,Lower Ringold,1,2026-05-07 05:13:24
Rock Island Tailrace CHN,2,G72474B33,2026-04-24 20:58:32,2026-04-26 15:41:00,Hanford,1,2026-05-07 08:23:49
Rock Island Tailrace CHN,3,G7247734F,2026-04-24 19:35:50,2026-04-26 15:41:00,Crescent Bar,1,2026-05-03 08:56:26
Rock Island Tailrace CHN,3,G7247734F,2026-04-24 19:35:50,2026-04-26 15:41:00,Sunland,1,2026-05-04 09:39:17
Rock Island Tailrace CHN,3,G7247734F,2026-04-24 19:35:50,2026-04-26 15:41:00,Wanapum BRZ,1,2026-05-09 07:09:05
Rock Island Tailrace CHN,3,G7247734F,2026-04-24 19:35:50,2026-04-26 15:41:00,Mattawa,1,2026-05-09 10:56:42
Rock Island Tailrace CHN,3,G7247734F,2026-04-24 19:35:50,2026-04-26 15:41:00,Priest BRZ,1,2026-05-10 09:54:18
Rock Island Tailrace CHN,3,G7247734F,2026-04-24 19:35:50,2026-04-26 15:41:00,Lower Ringold,1,2026-05-12 06:55:01
Rock Island Tailrace CHN,3,G7247734F,2026-04-24 19:35:50,2026-04-26 15:41:00,Hanford,1,2026-05-12 09:56:02
Rock Island Tailrace CHN,3,G72479044,2026-04-27 18:11:44,2026-04-29 15:28:00,Crescent Bar,1,2026-04-30 06:07:40
Rock Island Tailrace CHN,3,G72479044,2026-04-27 18:11:44,2026-04-29 15:28:00,Sunland,1,2026-04-30 20:19:38
Rock Island Tailrace CHN,3,G72479044,2026-04-27 18:11:44,2026-04-29 15:28:00,Wanapum BRZ,1,2026-05-02 18:20:34
Rock Island Tailrace CHN,3,G72479044,2026-04-27 18:11:44,2026-04-29 15:28:00,Mattawa,1,2026-05-03 19:28:51
Rock Island Tailrace CHN,3,G72479044,2026-04-27 18:11:44,2026-04-29 15:28:00,Priest BRZ,1,2026-05-05 10:41:36
Rock Island Tailrace CHN,3,G72479044,2026-04-27 18:11:44,2026-04-29 15:28:00,Lower Ringold,1,2026-05-06 03:09:38
Rock Island Tailrace CHN,3,G72479044,2026-04-27 18:11:44,2026-04-29 15:28:00,Hanford,1,2026-05-06 06:02:46
Rock Island Tailrace CHN,2,G7249B738,2026-04-27 18:28:17,2026-04-29 15:28:00,Crescent Bar,1,2026-04-30 04:07:48
Rock Island Tailrace CHN,2,G7249B738,2026-04-27 18:28:17,2026-04-29 15:28:00,Sunland,1,2026-05-01 03:36:06
Rock Island Tailrace CHN,2,G7249B738,2026-04-27 18:28:17,2026-04-29 15:28:00,Wanapum BRZ,1,2026-05-02 04:48:11
Rock Island Tailrace CHN,2,G7249B738,2026-04-27 18:28:17,2026-04-29 15:28:00,Mattawa,1,2026-05-02 15:52:29
Rock Island Tailrace CHN,2,G7249B738,2026-04-27 18:28:17,2026-04-29 15:28:00,Priest BRZ,1,2026-05-03 03:04:07
Rock Island Tailrace CHN,2,G7249B738,2026-04-27 18:28:17,2026-04-29 15:28:00,Lower Ringold,1,2026-05-03 13:52:34
Rock Island Tailrace CHN,2,G7249B738,2026-04-27 18:28:17,2026-04-29 15:28:00,Hanford,1,2026-05-03 17:59:16
Rock Island Tailrace CHN,2,G724A1CE2,2026-04-22 20:12:51,2026-04-24 15:37:00,Crescent Bar,1,2026-04-25 04:04:15
Rock Island Tailrace CHN,2,G724A1CE2,2026-04-22 20:12:51,2026-04-24 15:37:00,Sunland,1,2026-04-26 04:28:15
Rock Island Tailrace CHN,2,G724A1CE2,2026-04-22 20:12:51,2026-04-24 15:37:00,Wanapum BRZ,1,2026-04-27 23:58:05
Rock Island Tailrace CHN,2,G724A1CE2,2026-04-22 20:12:51,2026-04-24 15:37:00,Mattawa,1,2026-04-28 12:39:59
Rock Island Tailrace CHN,2,G724A1CE2,2026-04-22 20:12:51,2026-04-24 15:37:00,Priest BRZ,1,2026-04-29 07:10:38
Rock Island Tailrace CHN,2,G724A1CE2,2026-04-22 20:12:51,2026-04-24 15:37:00,Lower Ringold,1,2026-04-29 19:46:51
Rock Island Tailrace CHN,2,G724A1CE2,2026-04-22 20:12:51,2026-04-24 15:37:00,Hanford,1,2026-04-30 00:30:24
Rock Island Tailrace CHN,2,G724A4226,2026-04-21 21:50:30,2026-04-23 15:44:00,Crescent Bar,0,
Rock Island Tailrace CHN,2,G724A4226,2026-04-21 21:50:30,2026-04-23 15:44:00,Sunland,0,
Rock Island Tailrace CHN,2,G724A4226,2026-04-21 21:50:30,2026-04-23 15:44:00,Wanapum BRZ,0,
Rock Island Tailrace CHN,2,G724A4226,2026-04-21 21:50:30,2026-04-23 15:44:00,Mattawa,0,
Rock Island Tailrace CHN,2,G724A4226,2026-04-21 21:50:30,2026-04-23 15:44:00,Priest BRZ,0,
Rock Island Tailrace CHN,2,G724A4226,2026-04-21 21:50:30,2026-04-23 15:44:00,Lower Ringold,0,
Rock Island Tailrace CHN,2,G724A4226,2026-04-21 21:50:30,2026-04-23 15:44:00,Hanford,0,
Rock Island Tailrace CHN,3,G724ADE94,2026-04-22 20:22:12,2026-04-24 15:37:00,Crescent Bar,1,2026-04-24 23:11:34
Rock Island Tailrace CHN,3,G724ADE94,2026-04-22 20:22:12,2026-04-24 15:37:00,Sunland,1,2026-04-26 11:13:20
Rock Island Tailrace CHN,3,G724ADE94,2026-04-22 20:22:12,2026-04-24 15:37:00,Wanapum BRZ,1,2026-05-02 03:54:15
Rock Island Tailrace CHN,3,G724ADE94,2026-04-22 20:22:12,2026-04-24 15:37:00,Mattawa,1,2026-05-02 14:17:09
Rock Island Tailrace CHN,3,G724ADE94,2026-04-22 20:22:12,2026-04-24 15:37:00,Priest BRZ,1,2026-05-03 03:54:04
Rock Island Tailrace CHN,3,G724ADE94,2026-04-22 20:22:12,2026-04-24 15:37:00,Lower Ringold,1,2026-05-03 16:37:51
Rock Island Tailrace CHN,3,G724ADE94,2026-04-22 20:22:12,2026-04-24 15:37:00,Hanford,1,2026-05-03 20:12:34
Rock Island Tailrace CHN,1,G724BB3C8,2026-04-23 21:16:49,2026-04-25 16:46:00,Crescent Bar,1,2026-04-26 03:05:19
Rock Island Tailrace CHN,1,G724BB3C8,2026-04-23 21:16:49,2026-04-25 16:46:00,Sunland,1,2026-04-27 06:22:09
Rock Island Tailrace CHN,1,G724BB3C8,2026-04-23 21:16:49,2026-04-25 16:46:00,Wanapum BRZ,1,2026-04-30 03:37:48
Rock Island Tailrace CHN,1,G724BB3C8,2026-04-23 21:16:49,2026-04-25 16:46:00,Mattawa,1,2026-04-30 06:36:13
Rock Island Tailrace CHN,1,G724BB3C8,2026-04-23 21:16:49,2026-04-25 16:46:00,Priest BRZ,1,2026-04-30 16:31:22
Rock Island Tailrace CHN,1,G724BB3C8,2026-04-23 21:16:49,2026-04-25 16:46:00,Lower Ringold,1,2026-05-01 08:15:34
Rock Island Tailrace CHN,1,G724BB3C8,2026-04-23 21:16:49,2026-04-25 16:46:00,Hanford,1,2026-05-01 10:55:31
Rock Island Tailrace CHN,1,G724C2E4A,2026-04-26 17:01:15,2026-04-28 16:26:00,Crescent Bar,1,2026-04-29 08:37:29
Rock Island Tailrace CHN,1,G724C2E4A,2026-04-26 17:01:15,2026-04-28 16:26:00,Sunland,1,2026-04-30 05:58:43
Rock Island Tailrace CHN,1,G724C2E4A,2026-04-26 17:01:15,2026-04-28 16:26:00,Wanapum BRZ,1,2026-05-02 04:05:52
Rock Island Tailrace CHN,1,G724C2E4A,2026-04-26 17:01:15,2026-04-28 16:26:00,Mattawa,1,2026-05-02 09:20:29
Rock Island Tailrace CHN,1,G724C2E4A,2026-04-26 17:01:15,2026-04-28 16:26:00,Priest BRZ,1,2026-05-02 18:41:21
Rock Island Tailrace CHN,1,G724C2E4A,2026-04-26 17:01:15,2026-04-28 16:26:00,Lower Ringold,1,2026-05-04 09:17:00
Rock Island Tailrace CHN,1,G724C2E4A,2026-04-26 17:01:15,2026-04-28 16:26:00,Hanford,1,2026-05-04 12:01:42
Rock Island Tailrace CHN,1,G724CC0BC,2026-04-26 16:57:56,2026-04-28 16:26:00,Crescent Bar,1,2026-04-29 05:20:13
Rock Island Tailrace CHN,1,G724CC0BC,2026-04-26 16:57:56,2026-04-28 16:26:00,Sunland,1,2026-04-30 08:11:23
Rock Island Tailrace CHN,1,G724CC0BC,2026-04-26 16:57:56,2026-04-28 16:26:00,Wanapum BRZ,1,2026-05-02 03:20:35
Rock Island Tailrace CHN,1,G724CC0BC,2026-04-26 16:57:56,2026-04-28 16:26:00,Mattawa,1,2026-05-02 06:28:39
Rock Island Tailrace CHN,1,G724CC0BC,2026-04-26 16:57:56,2026-04-28 16:26:00,Priest BRZ,1,2026-05-02 15:15:09
Rock Island Tailrace CHN,1,G724CC0BC,2026-04-26 16:57:56,2026-04-28 16:26:00,Lower Ringold,0,
Rock Island Tailrace CHN,1,G724CC0BC,2026-04-26 16:57:56,2026-04-28 16:26:00,Hanford,0,
Rock Island Tailrace CHN,2,G724DBC23,2026-04-21 21:45:39,2026-04-23 15:44:00,Crescent Bar,1,2026-04-24 05:54:56
Rock Island Tailrace CHN,2,G724DBC23,2026-04-21 21:45:39,2026-04-23 15:44:00,Sunland,1,2026-04-25 03:21:54
Rock Island Tailrace CHN,2,G724DBC23,2026-04-21 21:45:39,2026-04-23 15:44:00,Wanapum BRZ,1,2026-04-26 22:31:52
Rock Island Tailrace CHN,2,G724DBC23,2026-04-21 21:45:39,2026-04-23 15:44:00,Mattawa,1,2026-04-29 21:46:38
Rock Island Tailrace CHN,2,G724DBC23,2026-04-21 21:45:39,2026-04-23 15:44:00,Priest BRZ,1,2026-04-30 20:33:32
Rock Island Tailrace CHN,2,G724DBC23,2026-04-21 21:45:39,2026-04-23 15:44:00,Lower Ringold,1,2026-05-01 09:31:45
Rock Island Tailrace CHN,2,G724DBC23,2026-04-21 21:45:39,2026-04-23 15:44:00,Hanford,1,2026-05-01 12:33:15
Rock Island Tailrace CHN,3,G724F309D,2026-04-23 21:20:38,2026-04-25 16:46:00,Crescent Bar,1,2026-04-26 06:37:11
Rock Island Tailrace CHN,3,G724F309D,2026-04-23 21:20:38,2026-04-25 16:46:00,Sunland,1,2026-04-27 07:27:32
Rock Island Tailrace CHN,3,G724F309D,2026-04-23 21:20:38,2026-04-25 16:46:00,Wanapum BRZ,1,2026-04-30 05:55:27
Rock Island Tailrace CHN,3,G724F309D,2026-04-23 21:20:38,2026-04-25 16:46:00,Mattawa,1,2026-04-30 08:22:53
Rock Island Tailrace CHN,3,G724F309D,2026-04-23 21:20:38,2026-04-25 16:46:00,Priest BRZ,1,2026-04-30 22:51:21
Rock Island Tailrace CHN,3,G724F309D,2026-04-23 21:20:38,2026-04-25 16:46:00,Lower Ringold,1,2026-05-01 10:36:43
Rock Island Tailrace CHN,3,G724F309D,2026-04-23 21:20:38,2026-04-25 16:46:00,Hanford,1,2026-05-01 13:54:02
Rock Island Tailrace CHN,3,G724F7758,2026-04-21 21:44:49,2026-04-23 15:44:00,Crescent Bar,1,2026-04-24 06:02:10
Rock Island Tailrace CHN,3,G724F7758,2026-04-21 21:44:49,2026-04-23 15:44:00,Sunland,1,2026-04-25 10:03:16
Rock Island Tailrace CHN,3,G724F7758,2026-04-21 21:44:49,2026-04-23 15:44:00,Wanapum BRZ,1,2026-05-02 16:30:58
Rock Island Tailrace CHN,3,G724F7758,2026-04-21 21:44:49,2026-04-23 15:44:00,Mattawa,1,2026-05-03 06:47:26
Rock Island Tailrace CHN,3,G724F7758,2026-04-21 21:44:49,2026-04-23 15:44:00,Priest BRZ,1,2026-05-03 20:06:58
Rock Island Tailrace CHN,3,G724F7758,2026-04-21 21:44:49,2026-04-23 15:44:00,Lower Ringold,1,2026-05-04 08:25:26
Rock Island Tailrace CHN,3,G724F7758,2026-04-21 21:44:49,2026-04-23 15:44:00,Hanford,1,2026-05-04 11:25:46
Rock Island Tailrace CHN,3,G724F928E,2026-04-22 20:26:09,2026-04-24 15:37:00,Crescent Bar,1,2026-04-25 02:51:13
Rock Island Tailrace CHN,3,G724F928E,2026-04-22 20:26:09,2026-04-24 15:37:00,Sunland,1,2026-04-25 23:31:36
Rock Island Tailrace CHN,3,G724F928E,2026-04-22 20:26:09,2026-04-24 15:37:00,Wanapum BRZ,1,2026-04-27 02:21:06
Rock Island Tailrace CHN,3,G724F928E,2026-04-22 20:26:09,2026-04-24 15:37:00,Mattawa,1,2026-04-27 10:18:16
Rock Island Tailrace CHN,3,G724F928E,2026-04-22 20:26:09,2026-04-24 15:37:00,Priest BRZ,1,2026-04-28 08:57:07
Rock Island Tailrace CHN,3,G724F928E,2026-04-22 20:26:09,2026-04-24 15:37:00,Lower Ringold,0,
Rock Island Tailrace CHN,3,G724F928E,2026-04-22 20:26:09,2026-04-24 15:37:00,Hanford,0,
Rock Island Tailrace CHN,3,G724FC0E9,2026-04-27 18:32:24,2026-04-29 15:28:00,Crescent Bar,1,2026-04-29 22:05:09
Rock Island Tailrace CHN,3,G724FC0E9,2026-04-27 18:32:24,2026-04-29 15:28:00,Sunland,1,2026-04-30 13:42:22
Rock Island Tailrace CHN,3,G724FC0E9,2026-04-27 18:32:24,2026-04-29 15:28:00,Wanapum BRZ,1,2026-05-02 09:41:46
Rock Island Tailrace CHN,3,G724FC0E9,2026-04-27 18:32:24,2026-04-29 15:28:00,Mattawa,1,2026-05-02 14:42:38
Rock Island Tailrace CHN,3,G724FC0E9,2026-04-27 18:32:24,2026-04-29 15:28:00,Priest BRZ,1,2026-05-03 02:59:38
Rock Island Tailrace CHN,3,G724FC0E9,2026-04-27 18:32:24,2026-04-29 15:28:00,Lower Ringold,1,2026-05-03 13:59:19
Rock Island Tailrace CHN,3,G724FC0E9,2026-04-27 18:32:24,2026-04-29 15:28:00,Hanford,1,2026-05-03 17:27:17
Rock Island Tailrace CHN,2,G725094A7,2026-04-27 18:04:46,2026-04-29 15:28:00,Crescent Bar,1,2026-04-30 06:14:27
Rock Island Tailrace CHN,2,G725094A7,2026-04-27 18:04:46,2026-04-29 15:28:00,Sunland,1,2026-05-01 09:52:30
Rock Island Tailrace CHN,2,G725094A7,2026-04-27 18:04:46,2026-04-29 15:28:00,Wanapum BRZ,1,2026-05-02 23:39:47
Rock Island Tailrace CHN,2,G725094A7,2026-04-27 18:04:46,2026-04-29 15:28:00,Mattawa,1,2026-05-04 01:47:23
Rock Island Tailrace CHN,2,G725094A7,2026-04-27 18:04:46,2026-04-29 15:28:00,Priest BRZ,1,2026-05-04 11:13:02
Rock Island Tailrace CHN,2,G725094A7,2026-04-27 18:04:46,2026-04-29 15:28:00,Lower Ringold,1,2026-05-05 03:58:49
Rock Island Tailrace CHN,2,G725094A7,2026-04-27 18:04:46,2026-04-29 15:28:00,Hanford,1,2026-05-05 06:48:52
Rock Island Tailrace CHN,3,G72517FAA,2026-04-21 00:33:55,2026-04-22 20:05:00,Crescent Bar,1,2026-04-23 10:04:30
Rock Island Tailrace CHN,3,G72517FAA,2026-04-21 00:33:55,2026-04-22 20:05:00,Sunland,1,2026-04-23 22:23:07
Rock Island Tailrace CHN,3,G72517FAA,2026-04-21 00:33:55,2026-04-22 20:05:00,Wanapum BRZ,1,2026-04-26 03:27:24
Rock Island Tailrace CHN,3,G72517FAA,2026-04-21 00:33:55,2026-04-22 20:05:00,Mattawa,1,2026-05-07 12:46:12
Rock Island Tailrace CHN,3,G72517FAA,2026-04-21 00:33:55,2026-04-22 20:05:00,Priest BRZ,1,2026-05-10 22:39:56
Rock Island Tailrace CHN,3,G72517FAA,2026-04-21 00:33:55,2026-04-22 20:05:00,Lower Ringold,1,2026-05-16 10:53:07
Rock Island Tailrace CHN,3,G72517FAA,2026-04-21 00:33:55,2026-04-22 20:05:00,Hanford,1,2026-05-16 14:12:52
Rock Island Tailrace CHN,3,G7252F50D,2026-04-26 16:56:03,2026-04-28 16:26:00,Crescent Bar,1,2026-04-29 09:18:56
Rock Island Tailrace CHN,3,G7252F50D,2026-04-26 16:56:03,2026-04-28 16:26:00,Sunland,1,2026-04-30 09:43:22
Rock Island Tailrace CHN,3,G7252F50D,2026-04-26 16:56:03,2026-04-28 16:26:00,Wanapum BRZ,1,2026-05-05 06:19:17
Rock Island Tailrace CHN,3,G7252F50D,2026-04-26 16:56:03,2026-04-28 16:26:00,Mattawa,0,
Rock Island Tailrace CHN,3,G7252F50D,2026-04-26 16:56:03,2026-04-28 16:26:00,Priest BRZ,0,
Rock Island Tailrace CHN,3,G7252F50D,2026-04-26 16:56:03,2026-04-28 16:26:00,Lower Ringold,0,
Rock Island Tailrace CHN,3,G7252F50D,2026-04-26 16:56:03,2026-04-28 16:26:00,Hanford,0,
Rock Island Tailrace CHN,1,G72535107,2026-04-24 19:32:44,2026-04-26 15:41:00,Crescent Bar,1,2026-04-27 03:30:20
Rock Island Tailrace CHN,1,G72535107,2026-04-24 19:32:44,2026-04-26 15:41:00,Sunland,1,2026-04-28 11:03:43
Rock Island Tailrace CHN,1,G72535107,2026-04-24 19:32:44,2026-04-26 15:41:00,Wanapum BRZ,1,2026-04-30 03:59:22
Rock Island Tailrace CHN,1,G72535107,2026-04-24 19:32:44,2026-04-26 15:41:00,Mattawa,1,2026-04-30 08:52:57
Rock Island Tailrace CHN,1,G72535107,2026-04-24 19:32:44,2026-04-26 15:41:00,Priest BRZ,1,2026-05-01 09:23:05
Rock Island Tailrace CHN,1,G72535107,2026-04-24 19:32:44,2026-04-26 15:41:00,Lower Ringold,1,2026-05-01 22:08:25
Rock Island Tailrace CHN,1,G72535107,2026-04-24 19:32:44,2026-04-26 15:41:00,Hanford,1,2026-05-02 01:36:02
Rock Island Tailrace CHN,1,G7254F5A7,2026-04-21 00:29:58,2026-04-22 20:05:00,Crescent Bar,1,2026-04-23 05:37:40
Rock Island Tailrace CHN,1,G7254F5A7,2026-04-21 00:29:58,2026-04-22 20:05:00,Sunland,1,2026-04-24 06:16:45
Rock Island Tailrace CHN,1,G7254F5A7,2026-04-21 00:29:58,2026-04-22 20:05:00,Wanapum BRZ,1,2026-04-26 06:44:46
Rock Island Tailrace CHN,1,G7254F5A7,2026-04-21 00:29:58,2026-04-22 20:05:00,Mattawa,1,2026-04-26 11:17:07
Rock Island Tailrace CHN,1,G7254F5A7,2026-04-21 00:29:58,2026-04-22 20:05:00,Priest BRZ,1,2026-04-27 05:26:07
Rock Island Tailrace CHN,1,G7254F5A7,2026-04-21 00:29:58,2026-04-22 20:05:00,Lower Ringold,1,2026-04-28 08:44:24
Rock Island Tailrace CHN,1,G7254F5A7,2026-04-21 00:29:58,2026-04-22 20:05:00,Hanford,1,2026-04-28 11:49:11
Rock Island Tailrace CHN,2,G725607FE,2026-04-21 00:21:58,2026-04-22 20:05:00,Crescent Bar,1,2026-04-23 09:41:19
Rock Island Tailrace CHN,2,G725607FE,2026-04-21 00:21:58,2026-04-22 20:05:00,Sunland,1,2026-04-24 09:10:53
Rock Island Tailrace CHN,2,G725607FE,2026-04-21 00:21:58,2026-04-22 20:05:00,Wanapum BRZ,1,2026-04-27 13:26:43
Rock Island Tailrace CHN,2,G725607FE,2026-04-21 00:21:58,2026-04-22 20:05:00,Mattawa,1,2026-04-27 17:48:44
Rock Island Tailrace CHN,2,G725607FE,2026-04-21 00:21:58,2026-04-22 20:05:00,Priest BRZ,1,2026-04-28 21:19:39
Rock Island Tailrace CHN,2,G725607FE,2026-04-21 00:21:58,2026-04-22 20:05:00,Lower Ringold,1,2026-04-29 20:18:46
Rock Island Tailrace CHN,2,G725607FE,2026-04-21 00:21:58,2026-04-22 20:05:00,Hanford,1,2026-04-30 00:32:07
Rock Island Tailrace CHN,3,G72570925,2026-04-27 18:26:17,2026-04-29 15:28:00,Crescent Bar,1,2026-05-01 08:49:05
Rock Island Tailrace CHN,3,G72570925,2026-04-27 18:26:17,2026-04-29 15:28:00,Sunland,1,2026-05-02 11:22:01
Rock Island Tailrace CHN,3,G72570925,2026-04-27 18:26:17,2026-04-29 15:28:00,Wanapum BRZ,1,2026-05-06 08:45:24
Rock Island Tailrace CHN,3,G72570925,2026-04-27 18:26:17,2026-04-29 15:28:00,Mattawa,1,2026-05-06 16:15:19
Rock Island Tailrace CHN,3,G72570925,2026-04-27 18:26:17,2026-04-29 15:28:00,Priest BRZ,1,2026-05-07 11:05:58
Rock Island Tailrace CHN,3,G72570925,2026-04-27 18:26:17,2026-04-29 15:28:00,Lower Ringold,1,2026-05-08 02:14:35
Rock Island Tailrace CHN,3,G72570925,2026-04-27 18:26:17,2026-04-29 15:28:00,Hanford,1,2026-05-08 05:27:12
Rock Island Tailrace CHN,3,G7257B849,2026-04-25 17:35:55,2026-04-27 15:43:00,Crescent Bar,1,2026-04-28 05:20:30
Rock Island Tailrace CHN,3,G7257B849,2026-04-25 17:35:55,2026-04-27 15:43:00,Sunland,1,2026-04-30 02:46:40
Rock Island Tailrace CHN,3,G7257B849,2026-04-25 17:35:55,2026-04-27 15:43:00,Wanapum BRZ,1,2026-05-02 17:17:55
Rock Island Tailrace CHN,3,G7257B849,2026-04-25 17:35:55,2026-04-27 15:43:00,Mattawa,1,2026-05-04 00:37:37
Rock Island Tailrace CHN,3,G7257B849,2026-04-25 17:35:55,2026-04-27 15:43:00,Priest BRZ,1,2026-05-05 02:36:04
Rock Island Tailrace CHN,3,G7257B849,2026-04-25 17:35:55,2026-04-27 15:43:00,Lower Ringold,1,2026-05-05 16:49:52
Rock Island Tailrace CHN,3,G7257B849,2026-04-25 17:35:55,2026-04-27 15:43:00,Hanford,1,2026-05-05 20:58:49
Rock Island Tailrace CHN,2,G7258497B,2026-04-21 21:34:38,2026-04-23 15:44:00,Crescent Bar,1,2026-04-23 22:57:05
Rock Island Tailrace CHN,2,G7258497B,2026-04-21 21:34:38,2026-04-23 15:44:00,Sunland,1,2026-04-24 14:18:23
Rock Island Tailrace CHN,2,G7258497B,2026-04-21 21:34:38,2026-04-23 15:44:00,Wanapum BRZ,1,2026-04-25 22:06:34
Rock Island Tailrace CHN,2,G7258497B,2026-04-21 21:34:38,2026-04-23 15:44:00,Mattawa,1,2026-04-26 10:40:30
Rock Island Tailrace CHN,2,G7258497B,2026-04-21 21:34:38,2026-04-23 15:44:00,Priest BRZ,1,2026-04-27 01:22:16
Rock Island Tailrace CHN,2,G7258497B,2026-04-21 21:34:38,2026-04-23 15:44:00,Lower Ringold,0,
Rock Island Tailrace CHN,2,G7258497B,2026-04-21 21:34:38,2026-04-23 15:44:00,Hanford,0,
Rock Island Tailrace CHN,1,G72595D43,2026-04-26 17:13:01,2026-04-28 16:26:00,Crescent Bar,1,2026-04-29 07:47:48
Rock Island Tailrace CHN,1,G72595D43,2026-04-26 17:13:01,2026-04-28 16:26:00,Sunland,1,2026-04-30 11:12:27
Rock Island Tailrace CHN,1,G72595D43,2026-04-26 17:13:01,2026-04-28 16:26:00,Wanapum BRZ,1,2026-05-02 11:00:43
Rock Island Tailrace CHN,1,G72595D43,2026-04-26 17:13:01,2026-04-28 16:26:00,Mattawa,1,2026-05-02 23:37:57
Rock Island Tailrace CHN,1,G72595D43,2026-04-26 17:13:01,2026-04-28 16:26:00,Priest BRZ,1,2026-05-03 23:17:57
Rock Island Tailrace CHN,1,G72595D43,2026-04-26 17:13:01,2026-04-28 16:26:00,Lower Ringold,1,2026-05-14 07:14:26
Rock Island Tailrace CHN,1,G72595D43,2026-04-26 17:13:01,2026-04-28 16:26:00,Hanford,1,2026-05-14 10:10:19
Rock Island Tailrace CHN,1,G7259615E,2026-04-27 18:35:30,2026-04-29 15:28:00,Crescent Bar,1,2026-04-29 20:42:23
Rock Island Tailrace CHN,1,G7259615E,2026-04-27 18:35:30,2026-04-29 15:28:00,Sunland,1,2026-04-30 09:17:01
Rock Island Tailrace CHN,1,G7259615E,2026-04-27 18:35:30,2026-04-29 15:28:00,Wanapum BRZ,1,2026-05-01 09:10:13
Rock Island Tailrace CHN,1,G7259615E,2026-04-27 18:35:30,2026-04-29 15:28:00,Mattawa,1,2026-05-01 12:08:52
Rock Island Tailrace CHN,1,G7259615E,2026-04-27 18:35:30,2026-04-29 15:28:00,Priest BRZ,0,
Rock Island Tailrace CHN,1,G7259615E,2026-04-27 18:35:30,2026-04-29 15:28:00,Lower Ringold,0,
Rock Island Tailrace CHN,1,G7259615E,2026-04-27 18:35:30,2026-04-29 15:28:00,Hanford,0,
Rock Island Tailrace CHN,1,G72597221,2026-04-27 18:16:36,2026-04-29 15:28:00,Crescent Bar,1,2026-04-29 20:56:47
Rock Island Tailrace CHN,1,G72597221,2026-04-27 18:16:36,2026-04-29 15:28:00,Sunland,1,2026-04-30 19:26:42
Rock Island Tailrace CHN,1,G72597221,2026-04-27 18:16:36,2026-04-29 15:28:00,Wanapum BRZ,1,2026-05-05 03:06:02
Rock Island Tailrace CHN,1,G72597221,2026-04-27 18:16:36,2026-04-29 15:28:00,Mattawa,0,
Rock Island Tailrace CHN,1,G72597221,2026-04-27 18:16:36,2026-04-29 15:28:00,Priest BRZ,0,
Rock Island Tailrace CHN,1,G72597221,2026-04-27 18:16:36,2026-04-29 15:28:00,Lower Ringold,0,
Rock Island Tailrace CHN,1,G72597221,2026-04-27 18:16:36,2026-04-29 15:28:00,Hanford,0,
Rock Island Tailrace CHN,1,G725A0451,2026-04-23 20:53:01,2026-04-25 16:46:00,Crescent Bar,1,2026-04-26 03:14:08
Rock Island Tailrace CHN,1,G725A0451,2026-04-23 20:53:01,2026-04-25 16:46:00,Sunland,1,2026-04-27 03:11:48
Rock Island Tailrace CHN,1,G725A0451,2026-04-23 20:53:01,2026-04-25 16:46:00,Wanapum BRZ,1,2026-04-29 12:05:40
Rock Island Tailrace CHN,1,G725A0451,2026-04-23 20:53:01,2026-04-25 16:46:00,Mattawa,1,2026-04-29 15:30:19
Rock Island Tailrace CHN,1,G725A0451,2026-04-23 20:53:01,2026-04-25 16:46:00,Priest BRZ,1,2026-04-30 03:53:36
Rock Island Tailrace CHN,1,G725A0451,2026-04-23 20:53:01,2026-04-25 16:46:00,Lower Ringold,1,2026-05-03 19:01:07
Rock Island Tailrace CHN,1,G725A0451,2026-04-23 20:53:01,2026-04-25 16:46:00,Hanford,1,2026-05-03 23:05:36
Rock Island Tailrace CHN,1,G725A4394,2026-04-26 16:54:23,2026-04-28 16:26:00,Crescent Bar,1,2026-04-28 23:10:25
Rock Island Tailrace CHN,1,G725A4394,2026-04-26 16:54:23,2026-04-28 16:26:00,Sunland,1,2026-04-30 09:39:15
Rock Island Tailrace CHN,1,G725A4394,2026-04-26 16:54:23,2026-04-28 16:26:00,Wanapum BRZ,1,2026-05-02 03:03:19
Rock Island Tailrace CHN,1,G725A4394,2026-04-26 16:54:23,2026-04-28 16:26:00,Mattawa,1,2026-05-02 07:06:38
Rock Island Tailrace CHN,1,G725A4394,2026-04-26 16:54:23,2026-04-28 16:26:00,Priest BRZ,1,2026-05-02 21:24:23
Rock Island Tailrace CHN,1,G725A4394,2026-04-26 16:54:23,2026-04-28 16:26:00,Lower Ringold,1,2026-05-03 09:26:19
Rock Island Tailrace CHN,1,G725A4394,2026-04-26 16:54:23,2026-04-28 16:26:00,Hanford,1,2026-05-03 12:06:14
Rock Island Tailrace CHN,1,G725A6897,2026-04-25 17:49:32,2026-04-27 15:43:00,Crescent Bar,1,2026-04-28 01:05:46
Rock Island Tailrace CHN,1,G725A6897,2026-04-25 17:49:32,2026-04-27 15:43:00,Sunland,1,2026-04-28 23:33:05
Rock Island Tailrace CHN,1,G725A6897,2026-04-25 17:49:32,2026-04-27 15:43:00,Wanapum BRZ,0,
Rock Island Tailrace CHN,1,G725A6897,2026-04-25 17:49:32,2026-04-27 15:43:00,Mattawa,0,
Rock Island Tailrace CHN,1,G725A6897,2026-04-25 17:49:32,2026-04-27 15:43:00,Priest BRZ,0,
Rock Island Tailrace CHN,1,G725A6897,2026-04-25 17:49:32,2026-04-27 15:43:00,Lower Ringold,0,
Rock Island Tailrace CHN,1,G725A6897,2026-04-25 17:49:32,2026-04-27 15:43:00,Hanford,0,
Rock Island Tailrace CHN,1,G725BB804,2026-04-21 00:33:07,2026-04-22 20:05:00,Crescent Bar,1,2026-04-23 11:14:24
Rock Island Tailrace CHN,1,G725BB804,2026-04-21 00:33:07,2026-04-22 20:05:00,Sunland,1,2026-04-24 08:46:09
Rock Island Tailrace CHN,1,G725BB804,2026-04-21 00:33:07,2026-04-22 20:05:00,Wanapum BRZ,1,2026-04-28 04:39:21
Rock Island Tailrace CHN,1,G725BB804,2026-04-21 00:33:07,2026-04-22 20:05:00,Mattawa,1,2026-04-29 12:27:52
Rock Island Tailrace CHN,1,G725BB804,2026-04-21 00:33:07,2026-04-22 20:05:00,Priest BRZ,1,2026-04-30 01:37:58
Rock Island Tailrace CHN,1,G725BB804,2026-04-21 00:33:07,2026-04-22 20:05:00,Lower Ringold,1,2026-04-30 13:36:28
Rock Island Tailrace CHN,1,G725BB804,2026-04-21 00:33:07,2026-04-22 20:05:00,Hanford,1,2026-05-01 02:14:26
Rock Island Tailrace CHN,1,G725C16DA,2026-04-23 20:58:51,2026-04-25 16:46:00,Crescent Bar,1,2026-04-26 00:41:15
Rock Island Tailrace CHN,1,G725C16DA,2026-04-23 20:58:51,2026-04-25 16:46:00,Sunland,1,2026-04-26 10:21:50
Rock Island Tailrace CHN,1,G725C16DA,2026-04-23 20:58:51,2026-04-25 16:46:00,Wanapum BRZ,1,2026-04-28 12:46:05
Rock Island Tailrace CHN,1,G725C16DA,2026-04-23 20:58:51,2026-04-25 16:46:00,Mattawa,1,2026-04-28 15:30:20
Rock Island Tailrace CHN,1,G725C16DA,2026-04-23 20:58:51,2026-04-25 16:46:00,Priest BRZ,1,2026-04-29 14:59:40
Rock Island Tailrace CHN,1,G725C16DA,2026-04-23 20:58:51,2026-04-25 16:46:00,Lower Ringold,1,2026-04-30 11:38:03
Rock Island Tailrace CHN,1,G725C16DA,2026-04-23 20:58:51,2026-04-25 16:46:00,Hanford,1,2026-04-30 17:33:10
Rock Island Tailrace CHN,1,G725C2FF8,2026-04-22 20:26:12,2026-04-24 15:37:00,Crescent Bar,1,2026-04-25 01:57:56
Rock Island Tailrace CHN,1,G725C2FF8,2026-04-22 20:26:12,2026-04-24 15:37:00,Sunland,1,2026-04-25 14:09:20
Rock Island Tailrace CHN,1,G725C2FF8,2026-04-22 20:26:12,2026-04-24 15:37:00,Wanapum BRZ,1,2026-04-28 04:02:30
Rock Island Tailrace CHN,1,G725C2FF8,2026-04-22 20:26:12,2026-04-24 15:37:00,Mattawa,1,2026-04-28 06:52:53
Rock Island Tailrace CHN,1,G725C2FF8,2026-04-22 20:26:12,2026-04-24 15:37:00,Priest BRZ,1,2026-04-29 02:20:16
Rock Island Tailrace CHN,1,G725C2FF8,2026-04-22 20:26:12,2026-04-24 15:37:00,Lower Ringold,1,2026-04-29 13:50:23
Rock Island Tailrace CHN,1,G725C2FF8,2026-04-22 20:26:12,2026-04-24 15:37:00,Hanford,1,2026-04-29 17:48:48
Rock Island Tailrace CHN,1,G725C52FD,2026-04-27 18:00:30,2026-04-29 15:28:00,Crescent Bar,1,2026-04-30 08:14:17
Rock Island Tailrace CHN,1,G725C52FD,2026-04-27 18:00:30,2026-04-29 15:28:00,Sunland,1,2026-05-02 00:25:36
Rock Island Tailrace CHN,1,G725C52FD,2026-04-27 18:00:30,2026-04-29 15:28:00,Wanapum BRZ,1,2026-05-04 01:11:51
Rock Island Tailrace CHN,1,G725C52FD,2026-04-27 18:00:30,2026-04-29 15:28:00,Mattawa,1,2026-05-04 04:10:23
Rock Island Tailrace CHN,1,G725C52FD,2026-04-27 18:00:30,2026-04-29 15:28:00,Priest BRZ,1,2026-05-05 02:21:30
Rock Island Tailrace CHN,1,G725C52FD,2026-04-27 18:00:30,2026-04-29 15:28:00,Lower Ringold,1,2026-05-05 18:25:49
Rock Island Tailrace CHN,1,G725C52FD,2026-04-27 18:00:30,2026-04-29 15:28:00,Hanford,1,2026-05-05 22:36:25
Rock Island Tailrace CHN,1,G725C6A81,2026-04-21 00:25:29,2026-04-22 20:05:00,Crescent Bar,1,2026-04-23 08:57:15
Rock Island Tailrace CHN,1,G725C6A81,2026-04-21 00:25:29,2026-04-22 20:05:00,Sunland,1,2026-04-24 08:22:32
Rock Island Tailrace CHN,1,G725C6A81,2026-04-21 00:25:29,2026-04-22 20:05:00,Wanapum BRZ,1,2026-04-27 12:23:17
Rock Island Tailrace CHN,1,G725C6A81,2026-04-21 00:25:29,2026-04-22 20:05:00,Mattawa,1,2026-05-15 03:46:14
Rock Island Tailrace CHN,1,G725C6A81,2026-04-21 00:25:29,2026-04-22 20:05:00,Priest BRZ,1,2026-05-15 19:34:54
Rock Island Tailrace CHN,1,G725C6A81,2026-04-21 00:25:29,2026-04-22 20:05:00,Lower Ringold,1,2026-05-16 10:03:53
Rock Island Tailrace CHN,1,G725C6A81,2026-04-21 00:25:29,2026-04-22 20:05:00,Hanford,1,2026-05-16 12:59:10
Rock Island Tailrace CHN,1,G725CAF74,2026-04-21 00:29:11,2026-04-22 20:05:00,Crescent Bar,1,2026-04-23 07:22:30
Rock Island Tailrace CHN,1,G725CAF74,2026-04-21 00:29:11,2026-04-22 20:05:00,Sunland,1,2026-04-24 03:24:31
Rock Island Tailrace CHN,1,G725CAF74,2026-04-21 00:29:11,2026-04-22 20:05:00,Wanapum BRZ,1,2026-04-25 07:30:09
Rock Island Tailrace CHN,1,G725CAF74,2026-04-21 00:29:11,2026-04-22 20:05:00,Mattawa,1,2026-04-25 10:32:08
Rock Island Tailrace CHN,1,G725CAF74,2026-04-21 00:29:11,2026-04-22 20:05:00,Priest BRZ,1,2026-04-26 03:28:10
Rock Island Tailrace CHN,1,G725CAF74,2026-04-21 00:29:11,2026-04-22 20:05:00,Lower Ringold,1,2026-04-27 04:47:48
Rock Island Tailrace CHN,1,G725CAF74,2026-04-21 00:29:11,2026-04-22 20:05:00,Hanford,1,2026-04-27 08:03:30
Rock Island Tailrace CHN,1,G725D818C,2026-04-22 20:22:47,2026-04-24 15:37:00,Crescent Bar,1,2026-04-25 06:55:19
Rock Island Tailrace CHN,1,G725D818C,2026-04-22 20:22:47,2026-04-24 15:37:00,Sunland,1,2026-04-26 06:36:57
Rock Island Tailrace CHN,1,G725D818C,2026-04-22 20:22:47,2026-04-24 15:37:00,Wanapum BRZ,1,2026-04-30 11:00:01
Rock Island Tailrace CHN,1,G725D818C,2026-04-22 20:22:47,2026-04-24 15:37:00,Mattawa,1,2026-04-30 14:42:55
Rock Island Tailrace CHN,1,G725D818C,2026-04-22 20:22:47,2026-04-24 15:37:00,Priest BRZ,1,2026-05-01 02:51:36
Rock Island Tailrace CHN,1,G725D818C,2026-04-22 20:22:47,2026-04-24 15:37:00,Lower Ringold,1,2026-05-02 09:17:00
Rock Island Tailrace CHN,1,G725D818C,2026-04-22 20:22:47,2026-04-24 15:37:00,Hanford,1,2026-05-02 12:04:15
Rock Island Tailrace CHN,1,G725D97CC,2026-04-21 00:10:22,2026-04-22 20:05:00,Crescent Bar,1,2026-04-23 10:12:18
Rock Island Tailrace CHN,1,G725D97CC,2026-04-21 00:10:22,2026-04-22 20:05:00,Sunland,1,2026-04-24 11:38:53
Rock Island Tailrace CHN,1,G725D97CC,2026-04-21 00:10:22,2026-04-22 20:05:00,Wanapum BRZ,1,2026-04-27 03:07:17
Rock Island Tailrace CHN,1,G725D97CC,2026-04-21 00:10:22,2026-04-22 20:05:00,Mattawa,1,2026-04-27 07:16:24
Rock Island Tailrace CHN,1,G725D97CC,2026-04-21 00:10:22,2026-04-22 20:05:00,Priest BRZ,1,2026-04-28 03:22:51
Rock Island Tailrace CHN,1,G725D97CC,2026-04-21 00:10:22,2026-04-22 20:05:00,Lower Ringold,0,
Rock Island Tailrace CHN,1,G725D97CC,2026-04-21 00:10:22,2026-04-22 20:05:00,Hanford,0,
Rock Island Tailrace CHN,1,G725DBF2D,2026-04-26 17:03:13,2026-04-28 16:26:00,Crescent Bar,1,2026-04-28 21:36:27
Rock Island Tailrace CHN,1,G725DBF2D,2026-04-26 17:03:13,2026-04-28 16:26:00,Sunland,1,2026-04-29 16:16:54
Rock Island Tailrace CHN,1,G725DBF2D,2026-04-26 17:03:13,2026-04-28 16:26:00,Wanapum BRZ,1,2026-05-01 08:15:00
Rock Island Tailrace CHN,1,G725DBF2D,2026-04-26 17:03:13,2026-04-28 16:26:00,Mattawa,0,
Rock Island Tailrace CHN,1,G725DBF2D,2026-04-26 17:03:13,2026-04-28 16:26:00,Priest BRZ,0,
Rock Island Tailrace CHN,1,G725DBF2D,2026-04-26 17:03:13,2026-04-28 16:26:00,Lower Ringold,0,
Rock Island Tailrace CHN,1,G725DBF2D,2026-04-26 17:03:13,2026-04-28 16:26:00,Hanford,0,
Rock Island Tailrace CHN,1,G725EFB5F,2026-04-23 21:18:28,2026-04-25 16:46:00,Crescent Bar,1,2026-04-26 01:50:10
Rock Island Tailrace CHN,1,G725EFB5F,2026-04-23 21:18:28,2026-04-25 16:46:00,Sunland,1,2026-04-27 09:17:35
Rock Island Tailrace CHN,1,G725EFB5F,2026-04-23 21:18:28,2026-04-25 16:46:00,Wanapum BRZ,1,2026-04-30 03:40:26
Rock Island Tailrace CHN,1,G725EFB5F,2026-04-23 21:18:28,2026-04-25 16:46:00,Mattawa,1,2026-04-30 06:42:51
Rock Island Tailrace CHN,1,G725EFB5F,2026-04-23 21:18:28,2026-04-25 16:46:00,Priest BRZ,1,2026-04-30 20:10:38
Rock Island Tailrace CHN,1,G725EFB5F,2026-04-23 21:18:28,2026-04-25 16:46:00,Lower Ringold,1,2026-05-01 12:06:22
Rock Island Tailrace CHN,1,G725EFB5F,2026-04-23 21:18:28,2026-04-25 16:46:00,Hanford,1,2026-05-01 21:04:07
Rock Island Tailrace CHN,3,G7261C5CB,2026-04-24 19:54:39,2026-04-26 15:41:00,Crescent Bar,1,2026-04-27 09:45:53
Rock Island Tailrace CHN,3,G7261C5CB,2026-04-24 19:54:39,2026-04-26 15:41:00,Sunland,1,2026-04-28 14:52:08
Rock Island Tailrace CHN,3,G7261C5CB,2026-04-24 19:54:39,2026-04-26 15:41:00,Wanapum BRZ,1,2026-04-29 16:16:09
Rock Island Tailrace CHN,3,G7261C5CB,2026-04-24 19:54:39,2026-04-26 15:41:00,Mattawa,1,2026-04-29 20:37:08
Rock Island Tailrace CHN,3,G7261C5CB,2026-04-24 19:54:39,2026-04-26 15:41:00,Priest BRZ,1,2026-04-30 14:06:55
Rock Island Tailrace CHN,3,G7261C5CB,2026-04-24 19:54:39,2026-04-26 15:41:00,Lower Ringold,0,
Rock Island Tailrace CHN,3,G7261C5CB,2026-04-24 19:54:39,2026-04-26 15:41:00,Hanford,0,
Rock Island Tailrace CHN,3,G72623C76,2026-04-23 20:48:46,2026-04-25 16:46:00,Crescent Bar,1,2026-04-26 04:12:58
Rock Island Tailrace CHN,3,G72623C76,2026-04-23 20:48:46,2026-04-25 16:46:00,Sunland,1,2026-04-27 06:12:00
Rock Island Tailrace CHN,3,G72623C76,2026-04-23 20:48:46,2026-04-25 16:46:00,Wanapum BRZ,1,2026-04-30 05:44:13
Rock Island Tailrace CHN,3,G72623C76,2026-04-23 20:48:46,2026-04-25 16:46:00,Mattawa,0,
Rock Island Tailrace CHN,3,G72623C76,2026-04-23 20:48:46,2026-04-25 16:46:00,Priest BRZ,0,
Rock Island Tailrace CHN,3,G72623C76,2026-04-23 20:48:46,2026-04-25 16:46:00,Lower Ringold,0,
Rock Island Tailrace CHN,3,G72623C76,2026-04-23 20:48:46,2026-04-25 16:46:00,Hanford,0,
Rock Island Tailrace CHN,1,G72634BC9,2026-04-25 18:12:24,2026-04-27 15:43:00,Crescent Bar,1,2026-04-27 22:34:56
Rock Island Tailrace CHN,1,G72634BC9,2026-04-25 18:12:24,2026-04-27 15:43:00,Sunland,1,2026-04-29 10:15:56
Rock Island Tailrace CHN,1,G72634BC9,2026-04-25 18:12:24,2026-04-27 15:43:00,Wanapum BRZ,1,2026-05-01 01:50:40
Rock Island Tailrace CHN,1,G72634BC9,2026-04-25 18:12:24,2026-04-27 15:43:00,Mattawa,1,2026-05-01 05:47:17
Rock Island Tailrace CHN,1,G72634BC9,2026-04-25 18:12:24,2026-04-27 15:43:00,Priest BRZ,1,2026-05-01 17:31:39
Rock Island Tailrace CHN,1,G72634BC9,2026-04-25 18:12:24,2026-04-27 15:43:00,Lower Ringold,1,2026-05-02 10:16:32
Rock Island Tailrace CHN,1,G72634BC9,2026-04-25 18:12:24,2026-04-27 15:43:00,Hanford,1,2026-05-02 13:09:27
Rock Island Tailrace CHN,1,G726364AB,2026-04-22 20:23:09,2026-04-24 15:37:00,Crescent Bar,1,2026-04-25 06:57:01
Rock Island Tailrace CHN,1,G726364AB,2026-04-22 20:23:09,2026-04-24 15:37:00,Sunland,1,2026-04-26 09:45:58
Rock Island Tailrace CHN,1,G726364AB,2026-04-22 20:23:09,2026-04-24 15:37:00,Wanapum BRZ,1,2026-04-29 09:28:04
Rock Island Tailrace CHN,1,G726364AB,2026-04-22 20:23:09,2026-04-24 15:37:00,Mattawa,0,
Rock Island Tailrace CHN,1,G726364AB,2026-04-22 20:23:09,2026-04-24 15:37:00,Priest BRZ,0,
Rock Island Tailrace CHN,1,G726364AB,2026-04-22 20:23:09,2026-04-24 15:37:00,Lower Ringold,0,
Rock Island Tailrace CHN,1,G726364AB,2026-04-22 20:23:09,2026-04-24 15:37:00,Hanford,0,
Rock Island Tailrace CHN,1,G72642483,2026-04-26 17:07:19,2026-04-28 16:26:00,Crescent Bar,1,2026-04-29 07:19:00
Rock Island Tailrace CHN,1,G72642483,2026-04-26 17:07:19,2026-04-28 16:26:00,Sunland,1,2026-05-02 07:01:20
Rock Island Tailrace CHN,1,G72642483,2026-04-26 17:07:19,2026-04-28 16:26:00,Wanapum BRZ,1,2026-05-06 13:17:35
Rock Island Tailrace CHN,1,G72642483,2026-04-26 17:07:19,2026-04-28 16:26:00,Mattawa,1,2026-05-06 17:42:21
Rock Island Tailrace CHN,1,G72642483,2026-04-26 17:07:19,2026-04-28 16:26:00,Priest BRZ,1,2026-05-07 08:29:38
Rock Island Tailrace CHN,1,G72642483,2026-04-26 17:07:19,2026-04-28 16:26:00,Lower Ringold,1,2026-05-07 22:16:13
Rock Island Tailrace CHN,1,G72642483,2026-04-26 17:07:19,2026-04-28 16:26:00,Hanford,1,2026-05-08 05:18:52
Rock Island Tailrace CHN,3,G7264F929,2026-04-21 00:24:25,2026-04-22 20:05:00,Crescent Bar,1,2026-04-23 09:45:13
Rock Island Tailrace CHN,3,G7264F929,2026-04-21 00:24:25,2026-04-22 20:05:00,Sunland,1,2026-04-24 02:39:59
Rock Island Tailrace CHN,3,G7264F929,2026-04-21 00:24:25,2026-04-22 20:05:00,Wanapum BRZ,1,2026-04-26 13:58:59
Rock Island Tailrace CHN,3,G7264F929,2026-04-21 00:24:25,2026-04-22 20:05:00,Mattawa,1,2026-04-27 05:11:28
Rock Island Tailrace CHN,3,G7264F929,2026-04-21 00:24:25,2026-04-22 20:05:00,Priest BRZ,1,2026-04-27 20:12:21
Rock Island Tailrace CHN,3,G7264F929,2026-04-21 00:24:25,2026-04-22 20:05:00,Lower Ringold,1,2026-04-28 11:36:35
Rock Island Tailrace CHN,3,G7264F929,2026-04-21 00:24:25,2026-04-22 20:05:00,Hanford,1,2026-04-28 15:27:03
Rock Island Tailrace CHN,2,G72696DD0,2026-04-25 17:34:09,2026-04-27 15:43:00,Crescent Bar,1,2026-04-28 08:25:10
Rock Island Tailrace CHN,2,G72696DD0,2026-04-25 17:34:09,2026-04-27 15:43:00,Sunland,1,2026-04-29 07:18:11
Rock Island Tailrace CHN,2,G72696DD0,2026-04-25 17:34:09,2026-04-27 15:43:00,Wanapum BRZ,1,2026-04-30 08:02:12
Rock Island Tailrace CHN,2,G72696DD0,2026-04-25 17:34:09,2026-04-27 15:43:00,Mattawa,1,2026-04-30 11:45:33
Rock Island Tailrace CHN,2,G72696DD0,2026-04-25 17:34:09,2026-04-27 15:43:00,Priest BRZ,1,2026-05-01 09:59:02
Rock Island Tailrace CHN,2,G72696DD0,2026-04-25 17:34:09,2026-04-27 15:43:00,Lower Ringold,0,
Rock Island Tailrace CHN,2,G72696DD0,2026-04-25 17:34:09,2026-04-27 15:43:00,Hanford,0,
Rock Island Tailrace CHN,2,G726B2246,2026-04-25 17:33:18,2026-04-27 15:43:00,Crescent Bar,1,2026-04-28 07:42:47
Rock Island Tailrace CHN,2,G726B2246,2026-04-25 17:33:18,2026-04-27 15:43:00,Sunland,1,2026-04-28 22:38:01
Rock Island Tailrace CHN,2,G726B2246,2026-04-25 17:33:18,2026-04-27 15:43:00,Wanapum BRZ,1,2026-04-30 08:51:30
Rock Island Tailrace CHN,2,G726B2246,2026-04-25 17:33:18,2026-04-27 15:43:00,Mattawa,1,2026-04-30 17:43:42
Rock Island Tailrace CHN,2,G726B2246,2026-04-25 17:33:18,2026-04-27 15:43:00,Priest BRZ,1,2026-05-01 11:22:35
Rock Island Tailrace CHN,2,G726B2246,2026-04-25 17:33:18,2026-04-27 15:43:00,Lower Ringold,0,
Rock Island Tailrace CHN,2,G726B2246,2026-04-25 17:33:18,2026-04-27 15:43:00,Hanford,0,
Rock Island Tailrace CHN,3,G726CFC60,2026-04-22 20:34:39,2026-04-24 15:37:00,Crescent Bar,0,
Rock Island Tailrace CHN,3,G726CFC60,2026-04-22 20:34:39,2026-04-24 15:37:00,Sunland,0,
Rock Island Tailrace CHN,3,G726CFC60,2026-04-22 20:34:39,2026-04-24 15:37:00,Wanapum BRZ,0,
Rock Island Tailrace CHN,3,G726CFC60,2026-04-22 20:34:39,2026-04-24 15:37:00,Mattawa,0,
Rock Island Tailrace CHN,3,G726CFC60,2026-04-22 20:34:39,2026-04-24 15:37:00,Priest BRZ,0,
Rock Island Tailrace CHN,3,G726CFC60,2026-04-22 20:34:39,2026-04-24 15:37:00,Lower Ringold,0,
Rock Island Tailrace CHN,3,G726CFC60,2026-04-22 20:34:39,2026-04-24 15:37:00,Hanford,0,
Rock Island Tailrace CHN,2,G726E6422,2026-04-23 20:47:19,2026-04-25 16:46:00,Crescent Bar,1,2026-05-06 04:10:24
Rock Island Tailrace CHN,2,G726E6422,2026-04-23 20:47:19,2026-04-25 16:46:00,Sunland,1,2026-05-06 22:06:28
Rock Island Tailrace CHN,2,G726E6422,2026-04-23 20:47:19,2026-04-25 16:46:00,Wanapum BRZ,1,2026-05-17 17:32:20
Rock Island Tailrace CHN,2,G726E6422,2026-04-23 20:47:19,2026-04-25 16:46:00,Mattawa,1,2026-05-17 20:15:39
Rock Island Tailrace CHN,2,G726E6422,2026-04-23 20:47:19,2026-04-25 16:46:00,Priest BRZ,1,2026-05-18 10:02:46
Rock Island Tailrace CHN,2,G726E6422,2026-04-23 20:47:19,2026-04-25 16:46:00,Lower Ringold,1,2026-05-19 07:21:57
Rock Island Tailrace CHN,2,G726E6422,2026-04-23 20:47:19,2026-04-25 16:46:00,Hanford,1,2026-05-19 11:16:10
Rock Island Tailrace CHN,2,G726EB3F6,2026-04-27 18:28:40,2026-04-29 15:28:00,Crescent Bar,1,2026-05-01 11:09:44
Rock Island Tailrace CHN,2,G726EB3F6,2026-04-27 18:28:40,2026-04-29 15:28:00,Sunland,1,2026-05-02 11:25:11
Rock Island Tailrace CHN,2,G726EB3F6,2026-04-27 18:28:40,2026-04-29 15:28:00,Wanapum BRZ,1,2026-05-03 16:06:24
Rock Island Tailrace CHN,2,G726EB3F6,2026-04-27 18:28:40,2026-04-29 15:28:00,Mattawa,1,2026-05-18 10:53:17
Rock Island Tailrace CHN,2,G726EB3F6,2026-04-27 18:28:40,2026-04-29 15:28:00,Priest BRZ,1,2026-05-19 01:32:37
Rock Island Tailrace CHN,2,G726EB3F6,2026-04-27 18:28:40,2026-04-29 15:28:00,Lower Ringold,1,2026-05-20 21:09:19
Rock Island Tailrace CHN,2,G726EB3F6,2026-04-27 18:28:40,2026-04-29 15:28:00,Hanford,1,2026-05-21 03:56:16
Rock Island Tailrace CHN,2,G726FAA33,2026-04-27 18:29:45,2026-04-29 15:28:00,Crescent Bar,1,2026-04-29 22:36:22
Rock Island Tailrace CHN,2,G726FAA33,2026-04-27 18:29:45,2026-04-29 15:28:00,Sunland,1,2026-04-30 19:17:22
Rock Island Tailrace CHN,2,G726FAA33,2026-04-27 18:29:45,2026-04-29 15:28:00,Wanapum BRZ,1,2026-05-02 13:13:11
Rock Island Tailrace CHN,2,G726FAA33,2026-04-27 18:29:45,2026-04-29 15:28:00,Mattawa,1,2026-05-02 16:36:53
Rock Island Tailrace CHN,2,G726FAA33,2026-04-27 18:29:45,2026-04-29 15:28:00,Priest BRZ,1,2026-05-03 14:34:22
Rock Island Tailrace CHN,2,G726FAA33,2026-04-27 18:29:45,2026-04-29 15:28:00,Lower Ringold,0,
Rock Island Tailrace CHN,2,G726FAA33,2026-04-27 18:29:45,2026-04-29 15:28:00,Hanford,0,
Rock Island Tailrace CHN,2,G727002AA,2026-04-21 21:32:56,2026-04-23 15:44:00,Crescent Bar,1,2026-04-24 01:05:25
Rock Island Tailrace CHN,2,G727002AA,2026-04-21 21:32:56,2026-04-23 15:44:00,Sunland,1,2026-04-24 12:19:44
Rock Island Tailrace CHN,2,G727002AA,2026-04-21 21:32:56,2026-04-23 15:44:00,Wanapum BRZ,1,2026-04-26 05:23:53
Rock Island Tailrace CHN,2,G727002AA,2026-04-21 21:32:56,2026-04-23 15:44:00,Mattawa,1,2026-04-26 09:36:57
Rock Island Tailrace CHN,2,G727002AA,2026-04-21 21:32:56,2026-04-23 15:44:00,Priest BRZ,1,2026-04-27 00:09:22
Rock Island Tailrace CHN,2,G727002AA,2026-04-21 21:32:56,2026-04-23 15:44:00,Lower Ringold,1,2026-04-27 11:30:31
Rock Island Tailrace CHN,2,G727002AA,2026-04-21 21:32:56,2026-04-23 15:44:00,Hanford,1,2026-04-27 16:49:08
Rock Island Tailrace CHN,2,G72704F11,2026-04-24 19:53:25,2026-04-26 15:41:00,Crescent Bar,1,2026-04-27 05:29:07
Rock Island Tailrace CHN,2,G72704F11,2026-04-24 19:53:25,2026-04-26 15:41:00,Sunland,1,2026-04-28 09:37:02
Rock Island Tailrace CHN,2,G72704F11,2026-04-24 19:53:25,2026-04-26 15:41:00,Wanapum BRZ,1,2026-05-01 08:43:34
Rock Island Tailrace CHN,2,G72704F11,2026-04-24 19:53:25,2026-04-26 15:41:00,Mattawa,1,2026-05-01 11:52:18
Rock Island Tailrace CHN,2,G72704F11,2026-04-24 19:53:25,2026-04-26 15:41:00,Priest BRZ,1,2026-05-02 01:18:18
Rock Island Tailrace CHN,2,G72704F11,2026-04-24 19:53:25,2026-04-26 15:41:00,Lower Ringold,1,2026-05-02 11:54:15
Rock Island Tailrace CHN,2,G72704F11,2026-04-24 19:53:25,2026-04-26 15:41:00,Hanford,1,2026-05-02 15:44:38
Rock Island Tailrace CHN,2,G72708719,2026-04-25 17:36:24,2026-04-27 15:43:00,Crescent Bar,1,2026-04-30 11:44:18
Rock Island Tailrace CHN,2,G72708719,2026-04-25 17:36:24,2026-04-27 15:43:00,Sunland,1,2026-05-04 09:17:20
Rock Island Tailrace CHN,2,G72708719,2026-04-25 17:36:24,2026-04-27 15:43:00,Wanapum BRZ,1,2026-05-11 23:59:08
Rock Island Tailrace CHN,2,G72708719,2026-04-25 17:36:24,2026-04-27 15:43:00,Mattawa,1,2026-05-12 02:27:22
Rock Island Tailrace CHN,2,G72708719,2026-04-25 17:36:24,2026-04-27 15:43:00,Priest BRZ,1,2026-05-13 06:13:57
Rock Island Tailrace CHN,2,G72708719,2026-04-25 17:36:24,2026-04-27 15:43:00,Lower Ringold,1,2026-05-13 23:06:57
Rock Island Tailrace CHN,2,G72708719,2026-04-25 17:36:24,2026-04-27 15:43:00,Hanford,1,2026-05-14 03:29:51
Rock Island Tailrace CHN,1,G72712C52,2026-04-21 00:07:22,2026-04-22 20:05:00,Crescent Bar,1,2026-04-23 08:47:32
Rock Island Tailrace CHN,1,G72712C52,2026-04-21 00:07:22,2026-04-22 20:05:00,Sunland,1,2026-04-24 10:38:02
Rock Island Tailrace CHN,1,G72712C52,2026-04-21 00:07:22,2026-04-22 20:05:00,Wanapum BRZ,1,2026-05-01 00:27:12
Rock Island Tailrace CHN,1,G72712C52,2026-04-21 00:07:22,2026-04-22 20:05:00,Mattawa,1,2026-05-01 03:26:20
Rock Island Tailrace CHN,1,G72712C52,2026-04-21 00:07:22,2026-04-22 20:05:00,Priest BRZ,1,2026-05-01 19:28:29
Rock Island Tailrace CHN,1,G72712C52,2026-04-21 00:07:22,2026-04-22 20:05:00,Lower Ringold,1,2026-05-02 12:52:28
Rock Island Tailrace CHN,1,G72712C52,2026-04-21 00:07:22,2026-04-22 20:05:00,Hanford,1,2026-05-02 17:44:35
Rock Island Tailrace CHN,1,G727173C8,2026-04-26 17:00:03,2026-04-28 16:26:00,Crescent Bar,1,2026-05-04 04:30:39
Rock Island Tailrace CHN,1,G727173C8,2026-04-26 17:00:03,2026-04-28 16:26:00,Sunland,0,
Rock Island Tailrace CHN,1,G727173C8,2026-04-26 17:00:03,2026-04-28 16:26:00,Wanapum BRZ,0,
Rock Island Tailrace CHN,1,G727173C8,2026-04-26 17:00:03,2026-04-28 16:26:00,Mattawa,0,
Rock Island Tailrace CHN,1,G727173C8,2026-04-26 17:00:03,2026-04-28 16:26:00,Priest BRZ,0,
Rock Island Tailrace CHN,1,G727173C8,2026-04-26 17:00:03,2026-04-28 16:26:00,Lower Ringold,0,
Rock Island Tailrace CHN,1,G727173C8,2026-04-26 17:00:03,2026-04-28 16:26:00,Hanford,0,
Rock Island Tailrace CHN,1,G7271BA9E,2026-04-22 20:42:40,2026-04-24 15:37:00,Crescent Bar,1,2026-04-25 06:55:22
Rock Island Tailrace CHN,1,G7271BA9E,2026-04-22 20:42:40,2026-04-24 15:37:00,Sunland,1,2026-04-26 05:33:54
Rock Island Tailrace CHN,1,G7271BA9E,2026-04-22 20:42:40,2026-04-24 15:37:00,Wanapum BRZ,1,2026-04-29 02:09:06
Rock Island Tailrace CHN,1,G7271BA9E,2026-04-22 20:42:40,2026-04-24 15:37:00,Mattawa,1,2026-04-29 21:41:54
Rock Island Tailrace CHN,1,G7271BA9E,2026-04-22 20:42:40,2026-04-24 15:37:00,Priest BRZ,1,2026-04-30 10:08:09
Rock Island Tailrace CHN,1,G7271BA9E,2026-04-22 20:42:40,2026-04-24 15:37:00,Lower Ringold,0,
Rock Island Tailrace CHN,1,G7271BA9E,2026-04-22 20:42:40,2026-04-24 15:37:00,Hanford,0,
Rock Island Tailrace CHN,1,G7271CA66,2026-04-23 21:09:41,2026-04-25 16:46:00,Crescent Bar,1,2026-04-26 07:41:49
Rock Island Tailrace CHN,1,G7271CA66,2026-04-23 21:09:41,2026-04-25 16:46:00,Sunland,1,2026-04-27 09:45:31
Rock Island Tailrace CHN,1,G7271CA66,2026-04-23 21:09:41,2026-04-25 16:46:00,Wanapum BRZ,1,2026-05-01 11:01:37
Rock Island Tailrace CHN,1,G7271CA66,2026-04-23 21:09:41,2026-04-25 16:46:00,Mattawa,1,2026-05-01 14:42:32
Rock Island Tailrace CHN,1,G7271CA66,2026-04-23 21:09:41,2026-04-25 16:46:00,Priest BRZ,1,2026-05-02 10:50:06
Rock Island Tailrace CHN,1,G7271CA66,2026-04-23 21:09:41,2026-04-25 16:46:00,Lower Ringold,1,2026-05-03 06:32:32
Rock Island Tailrace CHN,1,G7271CA66,2026-04-23 21:09:41,2026-04-25 16:46:00,Hanford,1,2026-05-03 09:32:11
Rock Island Tailrace CHN,1,G72728788,2026-04-22 20:21:17,2026-04-24 15:37:00,Crescent Bar,1,2026-04-25 01:33:02
Rock Island Tailrace CHN,1,G72728788,2026-04-22 20:21:17,2026-04-24 15:37:00,Sunland,1,2026-04-25 21:50:09
Rock Island Tailrace CHN,1,G72728788,2026-04-22 20:21:17,2026-04-24 15:37:00,Wanapum BRZ,1,2026-04-29 01:58:18
Rock Island Tailrace CHN,1,G72728788,2026-04-22 20:21:17,2026-04-24 15:37:00,Mattawa,1,2026-04-30 19:00:12
Rock Island Tailrace CHN,1,G72728788,2026-04-22 20:21:17,2026-04-24 15:37:00,Priest BRZ,1,2026-05-01 02:25:17
Rock Island Tailrace CHN,1,G72728788,2026-04-22 20:21:17,2026-04-24 15:37:00,Lower Ringold,1,2026-05-01 14:49:45
Rock Island Tailrace CHN,1,G72728788,2026-04-22 20:21:17,2026-04-24 15:37:00,Hanford,1,2026-05-01 18:18:53
Rock Island Tailrace CHN,1,G7272F0F3,2026-04-21 21:36:07,2026-04-23 15:44:00,Crescent Bar,1,2026-04-24 05:20:09
Rock Island Tailrace CHN,1,G7272F0F3,2026-04-21 21:36:07,2026-04-23 15:44:00,Sunland,1,2026-04-25 05:08:13
Rock Island Tailrace CHN,1,G7272F0F3,2026-04-21 21:36:07,2026-04-23 15:44:00,Wanapum BRZ,1,2026-04-26 09:16:42
Rock Island Tailrace CHN,1,G7272F0F3,2026-04-21 21:36:07,2026-04-23 15:44:00,Mattawa,1,2026-04-26 12:29:41
Rock Island Tailrace CHN,1,G7272F0F3,2026-04-21 21:36:07,2026-04-23 15:44:00,Priest BRZ,1,2026-04-28 07:59:09
Rock Island Tailrace CHN,1,G7272F0F3,2026-04-21 21:36:07,2026-04-23 15:44:00,Lower Ringold,1,2026-04-28 23:36:19
Rock Island Tailrace CHN,1,G7272F0F3,2026-04-21 21:36:07,2026-04-23 15:44:00,Hanford,1,2026-04-29 03:05:31
Rock Island Tailrace CHN,3,G7274FDA4,2026-04-24 19:35:27,2026-04-26 15:41:00,Crescent Bar,1,2026-04-27 05:34:15
Rock Island Tailrace CHN,3,G7274FDA4,2026-04-24 19:35:27,2026-04-26 15:41:00,Sunland,1,2026-04-28 09:30:29
Rock Island Tailrace CHN,3,G7274FDA4,2026-04-24 19:35:27,2026-04-26 15:41:00,Wanapum BRZ,1,2026-05-01 08:52:25
Rock Island Tailrace CHN,3,G7274FDA4,2026-04-24 19:35:27,2026-04-26 15:41:00,Mattawa,0,
Rock Island Tailrace CHN,3,G7274FDA4,2026-04-24 19:35:27,2026-04-26 15:41:00,Priest BRZ,0,
Rock Island Tailrace CHN,3,G7274FDA4,2026-04-24 19:35:27,2026-04-26 15:41:00,Lower Ringold,0,
Rock Island Tailrace CHN,3,G7274FDA4,2026-04-24 19:35:27,2026-04-26 15:41:00,Hanford,0,
Rock Island Tailrace CHN,3,G72752749,2026-04-26 17:15:53,2026-04-28 16:26:00,Crescent Bar,1,2026-04-30 02:01:57
Rock Island Tailrace CHN,3,G72752749,2026-04-26 17:15:53,2026-04-28 16:26:00,Sunland,1,2026-05-01 09:54:04
Rock Island Tailrace CHN,3,G72752749,2026-04-26 17:15:53,2026-04-28 16:26:00,Wanapum BRZ,1,2026-05-03 16:44:24
Rock Island Tailrace CHN,3,G72752749,2026-04-26 17:15:53,2026-04-28 16:26:00,Mattawa,1,2026-05-04 05:26:37
Rock Island Tailrace CHN,3,G72752749,2026-04-26 17:15:53,2026-04-28 16:26:00,Priest BRZ,1,2026-05-04 18:05:35
Rock Island Tailrace CHN,3,G72752749,2026-04-26 17:15:53,2026-04-28 16:26:00,Lower Ringold,1,2026-05-05 08:42:29
Rock Island Tailrace CHN,3,G72752749,2026-04-26 17:15:53,2026-04-28 16:26:00,Hanford,1,2026-05-05 11:48:10
Rock Island Tailrace CHN,3,G7275FAE3,2026-04-26 16:56:53,2026-04-28 16:26:00,Crescent Bar,1,2026-04-29 01:07:26
Rock Island Tailrace CHN,3,G7275FAE3,2026-04-26 16:56:53,2026-04-28 16:26:00,Sunland,1,2026-04-29 17:57:48
Rock Island Tailrace CHN,3,G7275FAE3,2026-04-26 16:56:53,2026-04-28 16:26:00,Wanapum BRZ,1,2026-05-02 01:41:10
Rock Island Tailrace CHN,3,G7275FAE3,2026-04-26 16:56:53,2026-04-28 16:26:00,Mattawa,1,2026-05-02 06:05:03
Rock Island Tailrace CHN,3,G7275FAE3,2026-04-26 16:56:53,2026-04-28 16:26:00,Priest BRZ,0,
Rock Island Tailrace CHN,3,G7275FAE3,2026-04-26 16:56:53,2026-04-28 16:26:00,Lower Ringold,0,
Rock Island Tailrace CHN,3,G7275FAE3,2026-04-26 16:56:53,2026-04-28 16:26:00,Hanford,0,
Rock Island Tailrace CHN,3,G72761A5F,2026-04-21 00:35:12,2026-04-22 20:05:00,Crescent Bar,1,2026-04-23 08:31:50
Rock Island Tailrace CHN,3,G72761A5F,2026-04-21 00:35:12,2026-04-22 20:05:00,Sunland,1,2026-04-24 07:46:36
Rock Island Tailrace CHN,3,G72761A5F,2026-04-21 00:35:12,2026-04-22 20:05:00,Wanapum BRZ,1,2026-04-25 12:20:15
Rock Island Tailrace CHN,3,G72761A5F,2026-04-21 00:35:12,2026-04-22 20:05:00,Mattawa,1,2026-04-25 14:54:17
Rock Island Tailrace CHN,3,G72761A5F,2026-04-21 00:35:12,2026-04-22 20:05:00,Priest BRZ,1,2026-04-25 23:52:56
Rock Island Tailrace CHN,3,G72761A5F,2026-04-21 00:35:12,2026-04-22 20:05:00,Lower Ringold,1,2026-04-26 10:17:04
Rock Island Tailrace CHN,3,G72761A5F,2026-04-21 00:35:12,2026-04-22 20:05:00,Hanford,1,2026-04-26 13:15:44
Rock Island Tailrace CHN,3,G72763002,2026-04-24 19:41:07,2026-04-26 15:41:00,Crescent Bar,1,2026-04-27 07:35:15
Rock Island Tailrace CHN,3,G72763002,2026-04-24 19:41:07,2026-04-26 15:41:00,Sunland,1,2026-04-28 03:09:03
Rock Island Tailrace CHN,3,G72763002,2026-04-24 19:41:07,2026-04-26 15:41:00,Wanapum BRZ,1,2026-05-01 04:01:24
Rock Island Tailrace CHN,3,G72763002,2026-04-24 19:41:07,2026-04-26 15:41:00,Mattawa,1,2026-05-02 01:56:36
Rock Island Tailrace CHN,3,G72763002,2026-04-24 19:41:07,2026-04-26 15:41:00,Priest BRZ,1,2026-05-02 11:10:20
Rock Island Tailrace CHN,3,G72763002,2026-04-24 19:41:07,2026-04-26 15:41:00,Lower Ringold,1,2026-05-02 22:57:33
Rock Island Tailrace CHN,3,G72763002,2026-04-24 19:41:07,2026-04-26 15:41:00,Hanford,1,2026-05-03 02:13:03
Rock Island Tailrace CHN,3,G72767A3A,2026-04-25 18:03:09,2026-04-27 15:43:00,Crescent Bar,1,2026-04-27 23:46:10
Rock Island Tailrace CHN,3,G72767A3A,2026-04-25 18:03:09,2026-04-27 15:43:00,Sunland,1,2026-04-29 08:45:33
Rock Island Tailrace CHN,3,G72767A3A,2026-04-25 18:03:09,2026-04-27 15:43:00,Wanapum BRZ,1,2026-05-03 17:15:30
Rock Island Tailrace CHN,3,G72767A3A,2026-04-25 18:03:09,2026-04-27 15:43:00,Mattawa,1,2026-05-09 03:22:27
Rock Island Tailrace CHN,3,G72767A3A,2026-04-25 18:03:09,2026-04-27 15:43:00,Priest BRZ,1,2026-05-09 15:02:51
Rock Island Tailrace CHN,3,G72767A3A,2026-04-25 18:03:09,2026-04-27 15:43:00,Lower Ringold,1,2026-05-11 08:43:42
Rock Island Tailrace CHN,3,G72767A3A,2026-04-25 18:03:09,2026-04-27 15:43:00,Hanford,1,2026-05-11 11:43:25
Rock Island Tailrace CHN,1,G72770078,2026-04-27 18:10:02,2026-04-29 15:28:00,Crescent Bar,1,2026-04-30 04:35:13
Rock Island Tailrace CHN,1,G72770078,2026-04-27 18:10:02,2026-04-29 15:28:00,Sunland,1,2026-05-01 16:29:25
Rock Island Tailrace CHN,1,G72770078,2026-04-27 18:10:02,2026-04-29 15:28:00,Wanapum BRZ,1,2026-05-03 04:45:30
Rock Island Tailrace CHN,1,G72770078,2026-04-27 18:10:02,2026-04-29 15:28:00,Mattawa,0,
Rock Island Tailrace CHN,1,G72770078,2026-04-27 18:10:02,2026-04-29 15:28:00,Priest BRZ,0,
Rock Island Tailrace CHN,1,G72770078,2026-04-27 18:10:02,2026-04-29 15:28:00,Lower Ringold,0,
Rock Island Tailrace CHN,1,G72770078,2026-04-27 18:10:02,2026-04-29 15:28:00,Hanford,0,
Rock Island Tailrace CHN,1,G72779CCA,2026-04-27 18:23:56,2026-04-29 15:28:00,Crescent Bar,1,2026-04-30 04:23:44
Rock Island Tailrace CHN,1,G72779CCA,2026-04-27 18:23:56,2026-04-29 15:28:00,Sunland,1,2026-05-01 13:45:48
Rock Island Tailrace CHN,1,G72779CCA,2026-04-27 18:23:56,2026-04-29 15:28:00,Wanapum BRZ,1,2026-05-07 16:30:44
Rock Island Tailrace CHN,1,G72779CCA,2026-04-27 18:23:56,2026-04-29 15:28:00,Mattawa,0,
Rock Island Tailrace CHN,1,G72779CCA,2026-04-27 18:23:56,2026-04-29 15:28:00,Priest BRZ,0,
Rock Island Tailrace CHN,1,G72779CCA,2026-04-27 18:23:56,2026-04-29 15:28:00,Lower Ringold,0,
Rock Island Tailrace CHN,1,G72779CCA,2026-04-27 18:23:56,2026-04-29 15:28:00,Hanford,0,
Rock Island Tailrace CHN,3,G7278375D,2026-04-21 00:25:00,2026-04-22 20:05:00,Crescent Bar,1,2026-04-23 06:45:22
Rock Island Tailrace CHN,3,G7278375D,2026-04-21 00:25:00,2026-04-22 20:05:00,Sunland,1,2026-04-24 07:29:37
Rock Island Tailrace CHN,3,G7278375D,2026-04-21 00:25:00,2026-04-22 20:05:00,Wanapum BRZ,1,2026-04-25 04:21:57
Rock Island Tailrace CHN,3,G7278375D,2026-04-21 00:25:00,2026-04-22 20:05:00,Mattawa,1,2026-04-25 06:35:21
Rock Island Tailrace CHN,3,G7278375D,2026-04-21 00:25:00,2026-04-22 20:05:00,Priest BRZ,1,2026-04-26 03:12:46
Rock Island Tailrace CHN,3,G7278375D,2026-04-21 00:25:00,2026-04-22 20:05:00,Lower Ringold,1,2026-04-27 00:50:31
Rock Island Tailrace CHN,3,G7278375D,2026-04-21 00:25:00,2026-04-22 20:05:00,Hanford,1,2026-04-27 04:45:12
Rock Island Tailrace CHN,3,G72786A7B,2026-04-25 18:06:58,2026-04-27 15:43:00,Crescent Bar,1,2026-04-28 08:41:23
Rock Island Tailrace CHN,3,G72786A7B,2026-04-25 18:06:58,2026-04-27 15:43:00,Sunland,1,2026-04-29 11:59:25
Rock Island Tailrace CHN,3,G72786A7B,2026-04-25 18:06:58,2026-04-27 15:43:00,Wanapum BRZ,1,2026-05-03 00:53:06
Rock Island Tailrace CHN,3,G72786A7B,2026-04-25 18:06:58,2026-04-27 15:43:00,Mattawa,1,2026-05-03 05:45:38
Rock Island Tailrace CHN,3,G72786A7B,2026-04-25 18:06:58,2026-04-27 15:43:00,Priest BRZ,1,2026-05-03 17:55:52
Rock Island Tailrace CHN,3,G72786A7B,2026-04-25 18:06:58,2026-04-27 15:43:00,Lower Ringold,1,2026-05-04 06:58:09
Rock Island Tailrace CHN,3,G72786A7B,2026-04-25 18:06:58,2026-04-27 15:43:00,Hanford,1,2026-05-04 10:02:29
Rock Island Tailrace CHN,1,G72790346,2026-04-22 20:26:52,2026-04-24 15:37:00,Crescent Bar,1,2026-04-25 03:36:38
Rock Island Tailrace CHN,1,G72790346,2026-04-22 20:26:52,2026-04-24 15:37:00,Sunland,1,2026-04-26 03:26:21
Rock Island Tailrace CHN,1,G72790346,2026-04-22 20:26:52,2026-04-24 15:37:00,Wanapum BRZ,1,2026-04-27 02:58:41
Rock Island Tailrace CHN,1,G72790346,2026-04-22 20:26:52,2026-04-24 15:37:00,Mattawa,2,2026-04-27 06:20:24
Rock Island Tailrace CHN,1,G72790346,2026-04-22 20:26:52,2026-04-24 15:37:00,Priest BRZ,0,
Rock Island Tailrace CHN,1,G72790346,2026-04-22 20:26:52,2026-04-24 15:37:00,Lower Ringold,0,
Rock Island Tailrace CHN,1,G72790346,2026-04-22 20:26:52,2026-04-24 15:37:00,Hanford,0,
Rock Island Tailrace CHN,2,G727A1E73,2026-04-26 16:55:39,2026-04-28 16:26:00,Crescent Bar,1,2026-04-29 03:32:54
Rock Island Tailrace CHN,2,G727A1E73,2026-04-26 16:55:39,2026-04-28 16:26:00,Sunland,1,2026-04-29 20:20:39
Rock Island Tailrace CHN,2,G727A1E73,2026-04-26 16:55:39,2026-04-28 16:26:00,Wanapum BRZ,1,2026-05-02 21:10:11
Rock Island Tailrace CHN,2,G727A1E73,2026-04-26 16:55:39,2026-04-28 16:26:00,Mattawa,1,2026-05-03 00:03:04
Rock Island Tailrace CHN,2,G727A1E73,2026-04-26 16:55:39,2026-04-28 16:26:00,Priest BRZ,1,2026-05-06 08:38:10
Rock Island Tailrace CHN,2,G727A1E73,2026-04-26 16:55:39,2026-04-28 16:26:00,Lower Ringold,0,
Rock Island Tailrace CHN,2,G727A1E73,2026-04-26 16:55:39,2026-04-28 16:26:00,Hanford,0,
Rock Island Tailrace CHN,2,G727ADAD8,2026-04-27 18:36:08,2026-04-29 15:28:00,Crescent Bar,1,2026-04-30 03:12:24
Rock Island Tailrace CHN,2,G727ADAD8,2026-04-27 18:36:08,2026-04-29 15:28:00,Sunland,1,2026-04-30 18:09:41
Rock Island Tailrace CHN,2,G727ADAD8,2026-04-27 18:36:08,2026-04-29 15:28:00,Wanapum BRZ,1,2026-05-02 04:07:10
Rock Island Tailrace CHN,2,G727ADAD8,2026-04-27 18:36:08,2026-04-29 15:28:00,Mattawa,1,2026-05-02 06:35:51
Rock Island Tailrace CHN,2,G727ADAD8,2026-04-27 18:36:08,2026-04-29 15:28:00,Priest BRZ,1,2026-05-02 15:16:56
Rock Island Tailrace CHN,2,G727ADAD8,2026-04-27 18:36:08,2026-04-29 15:28:00,Lower Ringold,1,2026-05-03 03:21:33
Rock Island Tailrace CHN,2,G727ADAD8,2026-04-27 18:36:08,2026-04-29 15:28:00,Hanford,1,2026-05-03 06:33:55
Rock Island Tailrace CHN,1,G727AECBB,2026-04-23 20:50:58,2026-04-25 16:46:00,Crescent Bar,1,2026-04-26 12:18:58
Rock Island Tailrace CHN,1,G727AECBB,2026-04-23 20:50:58,2026-04-25 16:46:00,Sunland,1,2026-04-28 06:21:18
Rock Island Tailrace CHN,1,G727AECBB,2026-04-23 20:50:58,2026-04-25 16:46:00,Wanapum BRZ,1,2026-05-01 21:44:46
Rock Island Tailrace CHN,1,G727AECBB,2026-04-23 20:50:58,2026-04-25 16:46:00,Mattawa,1,2026-05-02 00:51:32
Rock Island Tailrace CHN,1,G727AECBB,2026-04-23 20:50:58,2026-04-25 16:46:00,Priest BRZ,1,2026-05-03 04:26:30
Rock Island Tailrace CHN,1,G727AECBB,2026-04-23 20:50:58,2026-04-25 16:46:00,Lower Ringold,1,2026-05-04 07:23:50
Rock Island Tailrace CHN,1,G727AECBB,2026-04-23 20:50:58,2026-04-25 16:46:00,Hanford,1,2026-05-04 10:16:06
Rock Island Tailrace CHN,2,G727BE5E3,2026-04-23 21:21:02,2026-04-25 16:46:00,Crescent Bar,1,2026-04-26 03:43:07
Rock Island Tailrace CHN,2,G727BE5E3,2026-04-23 21:21:02,2026-04-25 16:46:00,Sunland,1,2026-04-27 09:31:19
Rock Island Tailrace CHN,2,G727BE5E3,2026-04-23 21:21:02,2026-04-25 16:46:00,Wanapum BRZ,0,
Rock Island Tailrace CHN,2,G727BE5E3,2026-04-23 21:21:02,2026-04-25 16:46:00,Mattawa,0,
Rock Island Tailrace CHN,2,G727BE5E3,2026-04-23 21:21:02,2026-04-25 16:46:00,Priest BRZ,0,
Rock Island Tailrace CHN,2,G727BE5E3,2026-04-23 21:21:02,2026-04-25 16:46:00,Lower Ringold,0,
Rock Island Tailrace CHN,2,G727BE5E3,2026-04-23 21:21:02,2026-04-25 16:46:00,Hanford,0,
Rock Island Tailrace CHN,2,G727C565D,2026-04-25 17:28:07,2026-04-27 15:43:00,Crescent Bar,1,2026-04-28 01:24:04
Rock Island Tailrace CHN,2,G727C565D,2026-04-25 17:28:07,2026-04-27 15:43:00,Sunland,1,2026-04-28 18:34:59
Rock Island Tailrace CHN,2,G727C565D,2026-04-25 17:28:07,2026-04-27 15:43:00,Wanapum BRZ,1,2026-05-01 06:45:09
Rock Island Tailrace CHN,2,G727C565D,2026-04-25 17:28:07,2026-04-27 15:43:00,Mattawa,1,2026-05-01 10:55:22
Rock Island Tailrace CHN,2,G727C565D,2026-04-25 17:28:07,2026-04-27 15:43:00,Priest BRZ,1,2026-05-01 21:19:43
Rock Island Tailrace CHN,2,G727C565D,2026-04-25 17:28:07,2026-04-27 15:43:00,Lower Ringold,1,2026-05-02 15:13:00
Rock Island Tailrace CHN,2,G727C565D,2026-04-25 17:28:07,2026-04-27 15:43:00,Hanford,1,2026-05-02 18:48:14
Rock Island Tailrace CHN,1,G727C74C2,2026-04-27 18:07:46,2026-04-29 15:28:00,Crescent Bar,1,2026-04-30 02:04:50
Rock Island Tailrace CHN,1,G727C74C2,2026-04-27 18:07:46,2026-04-29 15:28:00,Sunland,1,2026-05-01 11:53:13
Rock Island Tailrace CHN,1,G727C74C2,2026-04-27 18:07:46,2026-04-29 15:28:00,Wanapum BRZ,1,2026-05-03 23:52:15
Rock Island Tailrace CHN,1,G727C74C2,2026-04-27 18:07:46,2026-04-29 15:28:00,Mattawa,1,2026-05-04 08:26:35
Rock Island Tailrace CHN,1,G727C74C2,2026-04-27 18:07:46,2026-04-29 15:28:00,Priest BRZ,1,2026-05-05 01:33:52
Rock Island Tailrace CHN,1,G727C74C2,2026-04-27 18:07:46,2026-04-29 15:28:00,Lower Ringold,1,2026-05-06 10:14:26
Rock Island Tailrace CHN,1,G727C74C2,2026-04-27 18:07:46,2026-04-29 15:28:00,Hanford,1,2026-05-06 12:51:56
Rock Island Tailrace CHN,2,G727F03EC,2026-04-22 20:33:44,2026-04-24 15:37:00,Crescent Bar,1,2026-04-25 03:49:52
Rock Island Tailrace CHN,2,G727F03EC,2026-04-22 20:33:44,2026-04-24 15:37:00,Sunland,0,
Rock Island Tailrace CHN,2,G727F03EC,2026-04-22 20:33:44,2026-04-24 15:37:00,Wanapum BRZ,0,
Rock Island Tailrace CHN,2,G727F03EC,2026-04-22 20:33:44,2026-04-24 15:37:00,Mattawa,0,
Rock Island Tailrace CHN,2,G727F03EC,2026-04-22 20:33:44,2026-04-24 15:37:00,Priest BRZ,0,
Rock Island Tailrace CHN,2,G727F03EC,2026-04-22 20:33:44,2026-04-24 15:37:00,Lower Ringold,0,
Rock Island Tailrace CHN,2,G727F03EC,2026-04-22 20:33:44,2026-04-24 15:37:00,Hanford,0,
Rock Island Tailrace CHN,3,G727F8E9D,2026-04-23 21:21:28,2026-04-25 16:46:00,Crescent Bar,1,2026-04-26 08:34:26
Rock Island Tailrace CHN,3,G727F8E9D,2026-04-23 21:21:28,2026-04-25 16:46:00,Sunland,1,2026-04-27 12:05:47
Rock Island Tailrace CHN,3,G727F8E9D,2026-04-23 21:21:28,2026-04-25 16:46:00,Wanapum BRZ,1,2026-04-30 09:48:26
Rock Island Tailrace CHN,3,G727F8E9D,2026-04-23 21:21:28,2026-04-25 16:46:00,Mattawa,1,2026-04-30 13:11:08
Rock Island Tailrace CHN,3,G727F8E9D,2026-04-23 21:21:28,2026-04-25 16:46:00,Priest BRZ,1,2026-05-01 16:46:33
Rock Island Tailrace CHN,3,G727F8E9D,2026-04-23 21:21:28,2026-04-25 16:46:00,Lower Ringold,1,2026-05-02 09:04:46
Rock Island Tailrace CHN,3,G727F8E9D,2026-04-23 21:21:28,2026-04-25 16:46:00,Hanford,1,2026-05-02 11:47:32
Rock Island Tailrace CHN,3,G72807129,2026-04-27 18:16:56,2026-04-29 15:28:00,Crescent Bar,1,2026-04-29 23:09:03
Rock Island Tailrace CHN,3,G72807129,2026-04-27 18:16:56,2026-04-29 15:28:00,Sunland,1,2026-04-30 08:08:28
Rock Island Tailrace CHN,3,G72807129,2026-04-27 18:16:56,2026-04-29 15:28:00,Wanapum BRZ,1,2026-05-02 08:34:19
Rock Island Tailrace CHN,3,G72807129,2026-04-27 18:16:56,2026-04-29 15:28:00,Mattawa,1,2026-05-02 12:43:18
Rock Island Tailrace CHN,3,G72807129,2026-04-27 18:16:56,2026-04-29 15:28:00,Priest BRZ,1,2026-05-02 19:58:55
Rock Island Tailrace CHN,3,G72807129,2026-04-27 18:16:56,2026-04-29 15:28:00,Lower Ringold,1,2026-05-06 18:30:18
Rock Island Tailrace CHN,3,G72807129,2026-04-27 18:16:56,2026-04-29 15:28:00,Hanford,1,2026-05-06 22:26:03
Rock Island Tailrace CHN,1,G72813837,2026-04-27 18:06:43,2026-04-29 15:28:00,Crescent Bar,1,2026-04-29 23:32:37
Rock Island Tailrace CHN,1,G72813837,2026-04-27 18:06:43,2026-04-29 15:28:00,Sunland,1,2026-05-01 04:15:44
Rock Island Tailrace CHN,1,G72813837,2026-04-27 18:06:43,2026-04-29 15:28:00,Wanapum BRZ,1,2026-05-03 07:07:10
Rock Island Tailrace CHN,1,G72813837,2026-04-27 18:06:43,2026-04-29 15:28:00,Mattawa,1,2026-05-03 09:42:32
Rock Island Tailrace CHN,1,G72813837,2026-04-27 18:06:43,2026-04-29 15:28:00,Priest BRZ,1,2026-05-03 21:50:43
Rock Island Tailrace CHN,1,G72813837,2026-04-27 18:06:43,2026-04-29 15:28:00,Lower Ringold,1,2026-05-04 11:09:47
Rock Island Tailrace CHN,1,G72813837,2026-04-27 18:06:43,2026-04-29 15:28:00,Hanford,1,2026-05-04 14:40:55
Rock Island Tailrace CHN,2,G7281BA07,2026-04-24 19:54:57,2026-04-26 15:41:00,Crescent Bar,1,2026-04-27 19:50:19
Rock Island Tailrace CHN,2,G7281BA07,2026-04-24 19:54:57,2026-04-26 15:41:00,Sunland,1,2026-04-28 09:37:40
Rock Island Tailrace CHN,2,G7281BA07,2026-04-24 19:54:57,2026-04-26 15:41:00,Wanapum BRZ,1,2026-04-30 04:13:25
Rock Island Tailrace CHN,2,G7281BA07,2026-04-24 19:54:57,2026-04-26 15:41:00,Mattawa,1,2026-04-30 12:41:49
Rock Island Tailrace CHN,2,G7281BA07,2026-04-24 19:54:57,2026-04-26 15:41:00,Priest BRZ,1,2026-05-01 11:12:01
Rock Island Tailrace CHN,2,G7281BA07,2026-04-24 19:54:57,2026-04-26 15:41:00,Lower Ringold,1,2026-05-02 10:18:17
Rock Island Tailrace CHN,2,G7281BA07,2026-04-24 19:54:57,2026-04-26 15:41:00,Hanford,1,2026-05-02 13:24:04
Rock Island Tailrace CHN,2,G7283F932,2026-04-26 17:10:38,2026-04-28 16:26:00,Crescent Bar,1,2026-04-29 07:39:08
Rock Island Tailrace CHN,2,G7283F932,2026-04-26 17:10:38,2026-04-28 16:26:00,Sunland,1,2026-04-30 06:41:22
Rock Island Tailrace CHN,2,G7283F932,2026-04-26 17:10:38,2026-04-28 16:26:00,Wanapum BRZ,1,2026-05-02 17:50:07
Rock Island Tailrace CHN,2,G7283F932,2026-04-26 17:10:38,2026-04-28 16:26:00,Mattawa,1,2026-05-03 05:41:01
Rock Island Tailrace CHN,2,G7283F932,2026-04-26 17:10:38,2026-04-28 16:26:00,Priest BRZ,1,2026-05-04 08:27:33
Rock Island Tailrace CHN,2,G7283F932,2026-04-26 17:10:38,2026-04-28 16:26:00,Lower Ringold,1,2026-05-05 08:07:24
Rock Island Tailrace CHN,2,G7283F932,2026-04-26 17:10:38,2026-04-28 16:26:00,Hanford,1,2026-05-05 11:00:35
Rock Island Tailrace CHN,2,G72848038,2026-04-21 21:48:54,2026-04-23 15:44:00,Crescent Bar,1,2026-04-23 22:35:11
Rock Island Tailrace CHN,2,G72848038,2026-04-21 21:48:54,2026-04-23 15:44:00,Sunland,1,2026-04-24 09:18:59
Rock Island Tailrace CHN,2,G72848038,2026-04-21 21:48:54,2026-04-23 15:44:00,Wanapum BRZ,1,2026-04-26 00:34:52
Rock Island Tailrace CHN,2,G72848038,2026-04-21 21:48:54,2026-04-23 15:44:00,Mattawa,1,2026-04-26 04:11:23
Rock Island Tailrace CHN,2,G72848038,2026-04-21 21:48:54,2026-04-23 15:44:00,Priest BRZ,1,2026-04-27 04:22:30
Rock Island Tailrace CHN,2,G72848038,2026-04-21 21:48:54,2026-04-23 15:44:00,Lower Ringold,1,2026-04-27 18:19:23
Rock Island Tailrace CHN,2,G72848038,2026-04-21 21:48:54,2026-04-23 15:44:00,Hanford,1,2026-04-28 08:36:20
Rock Island Tailrace CHN,1,G7284E562,2026-04-24 21:02:09,2026-04-26 15:41:00,Crescent Bar,1,2026-04-27 09:39:03
Rock Island Tailrace CHN,1,G7284E562,2026-04-24 21:02:09,2026-04-26 15:41:00,Sunland,1,2026-04-28 11:31:37
Rock Island Tailrace CHN,1,G7284E562,2026-04-24 21:02:09,2026-04-26 15:41:00,Wanapum BRZ,1,2026-05-01 01:50:16
Rock Island Tailrace CHN,1,G7284E562,2026-04-24 21:02:09,2026-04-26 15:41:00,Mattawa,1,2026-05-01 05:04:07
Rock Island Tailrace CHN,1,G7284E562,2026-04-24 21:02:09,2026-04-26 15:41:00,Priest BRZ,1,2026-05-02 03:13:04
Rock Island Tailrace CHN,1,G7284E562,2026-04-24 21:02:09,2026-04-26 15:41:00,Lower Ringold,1,2026-05-02 18:57:22
Rock Island Tailrace CHN,1,G7284E562,2026-04-24 21:02:09,2026-04-26 15:41:00,Hanford,1,2026-05-02 22:17:19
Rock Island Tailrace CHN,2,G7285831E,2026-04-24 19:45:30,2026-04-26 15:41:00,Crescent Bar,1,2026-04-27 05:03:23
Rock Island Tailrace CHN,2,G7285831E,2026-04-24 19:45:30,2026-04-26 15:41:00,Sunland,1,2026-04-28 18:05:57
Rock Island Tailrace CHN,2,G7285831E,2026-04-24 19:45:30,2026-04-26 15:41:00,Wanapum BRZ,1,2026-04-29 20:36:06
Rock Island Tailrace CHN,2,G7285831E,2026-04-24 19:45:30,2026-04-26 15:41:00,Mattawa,1,2026-04-30 00:10:13
Rock Island Tailrace CHN,2,G7285831E,2026-04-24 19:45:30,2026-04-26 15:41:00,Priest BRZ,1,2026-04-30 16:56:04
Rock Island Tailrace CHN,2,G7285831E,2026-04-24 19:45:30,2026-04-26 15:41:00,Lower Ringold,1,2026-05-01 04:42:37
Rock Island Tailrace CHN,2,G7285831E,2026-04-24 19:45:30,2026-04-26 15:41:00,Hanford,1,2026-05-01 07:47:04
Rock Island Tailrace CHN,3,G72870C42,2026-04-25 18:11:47,2026-04-27 15:43:00,Crescent Bar,1,2026-04-28 11:18:51
Rock Island Tailrace CHN,3,G72870C42,2026-04-25 18:11:47,2026-04-27 15:43:00,Sunland,1,2026-04-29 10:15:39
Rock Island Tailrace CHN,3,G72870C42,2026-04-25 18:11:47,2026-04-27 15:43:00,Wanapum BRZ,1,2026-05-01 11:28:04
Rock Island Tailrace CHN,3,G72870C42,2026-04-25 18:11:47,2026-04-27 15:43:00,Mattawa,1,2026-05-01 15:01:17
Rock Island Tailrace CHN,3,G72870C42,2026-04-25 18:11:47,2026-04-27 15:43:00,Priest BRZ,1,2026-05-02 15:37:58
Rock Island Tailrace CHN,3,G72870C42,2026-04-25 18:11:47,2026-04-27 15:43:00,Lower Ringold,1,2026-05-03 06:45:43
Rock Island Tailrace CHN,3,G72870C42,2026-04-25 18:11:47,2026-04-27 15:43:00,Hanford,1,2026-05-03 09:26:11
Rock Island Tailrace CHN,3,G7287503A,2026-04-22 20:09:32,2026-04-24 15:37:00,Crescent Bar,1,2026-04-25 04:35:34
Rock Island Tailrace CHN,3,G7287503A,2026-04-22 20:09:32,2026-04-24 15:37:00,Sunland,1,2026-04-25 19:25:20
Rock Island Tailrace CHN,3,G7287503A,2026-04-22 20:09:32,2026-04-24 15:37:00,Wanapum BRZ,1,2026-04-27 08:04:06
Rock Island Tailrace CHN,3,G7287503A,2026-04-22 20:09:32,2026-04-24 15:37:00,Mattawa,1,2026-04-27 12:28:45
Rock Island Tailrace CHN,3,G7287503A,2026-04-22 20:09:32,2026-04-24 15:37:00,Priest BRZ,1,2026-04-28 02:13:22
Rock Island Tailrace CHN,3,G7287503A,2026-04-22 20:09:32,2026-04-24 15:37:00,Lower Ringold,1,2026-04-28 21:50:37
Rock Island Tailrace CHN,3,G7287503A,2026-04-22 20:09:32,2026-04-24 15:37:00,Hanford,1,2026-04-29 03:44:30
Rock Island Tailrace CHN,2,G7287D354,2026-04-22 20:24:54,2026-04-24 15:37:00,Crescent Bar,1,2026-04-24 23:15:06
Rock Island Tailrace CHN,2,G7287D354,2026-04-22 20:24:54,2026-04-24 15:37:00,Sunland,1,2026-04-25 10:08:24
Rock Island Tailrace CHN,2,G7287D354,2026-04-22 20:24:54,2026-04-24 15:37:00,Wanapum BRZ,1,2026-04-27 06:01:09
Rock Island Tailrace CHN,2,G7287D354,2026-04-22 20:24:54,2026-04-24 15:37:00,Mattawa,1,2026-05-04 10:06:44
Rock Island Tailrace CHN,2,G7287D354,2026-04-22 20:24:54,2026-04-24 15:37:00,Priest BRZ,1,2026-05-04 21:48:29
Rock Island Tailrace CHN,2,G7287D354,2026-04-22 20:24:54,2026-04-24 15:37:00,Lower Ringold,1,2026-05-05 10:49:00
Rock Island Tailrace CHN,2,G7287D354,2026-04-22 20:24:54,2026-04-24 15:37:00,Hanford,1,2026-05-05 13:52:51
Rock Island Tailrace CHN,3,G728A3BF6,2026-04-21 00:30:24,2026-04-22 20:05:00,Crescent Bar,1,2026-04-23 08:19:08
Rock Island Tailrace CHN,3,G728A3BF6,2026-04-21 00:30:24,2026-04-22 20:05:00,Sunland,1,2026-04-24 07:01:38
Rock Island Tailrace CHN,3,G728A3BF6,2026-04-21 00:30:24,2026-04-22 20:05:00,Wanapum BRZ,1,2026-04-25 09:40:37
Rock Island Tailrace CHN,3,G728A3BF6,2026-04-21 00:30:24,2026-04-22 20:05:00,Mattawa,1,2026-04-25 12:37:23
Rock Island Tailrace CHN,3,G728A3BF6,2026-04-21 00:30:24,2026-04-22 20:05:00,Priest BRZ,1,2026-04-26 02:19:34
Rock Island Tailrace CHN,3,G728A3BF6,2026-04-21 00:30:24,2026-04-22 20:05:00,Lower Ringold,1,2026-04-26 11:43:37
Rock Island Tailrace CHN,3,G728A3BF6,2026-04-21 00:30:24,2026-04-22 20:05:00,Hanford,1,2026-04-26 15:57:31
Rock Island Tailrace CHN,3,G728A5C10,2026-04-21 00:06:41,2026-04-22 20:05:00,Crescent Bar,1,2026-04-23 11:34:29
Rock Island Tailrace CHN,3,G728A5C10,2026-04-21 00:06:41,2026-04-22 20:05:00,Sunland,1,2026-04-24 08:31:45
Rock Island Tailrace CHN,3,G728A5C10,2026-04-21 00:06:41,2026-04-22 20:05:00,Wanapum BRZ,1,2026-04-25 21:04:11
Rock Island Tailrace CHN,3,G728A5C10,2026-04-21 00:06:41,2026-04-22 20:05:00,Mattawa,1,2026-04-25 23:56:23
Rock Island Tailrace CHN,3,G728A5C10,2026-04-21 00:06:41,2026-04-22 20:05:00,Priest BRZ,1,2026-04-27 02:51:56
Rock Island Tailrace CHN,3,G728A5C10,2026-04-21 00:06:41,2026-04-22 20:05:00,Lower Ringold,1,2026-04-27 17:04:48
Rock Island Tailrace CHN,3,G728A5C10,2026-04-21 00:06:41,2026-04-22 20:05:00,Hanford,1,2026-04-27 21:23:46
Rock Island Tailrace CHN,3,G728AA27B,2026-04-21 00:31:02,2026-04-22 20:05:00,Crescent Bar,1,2026-04-23 07:33:56
Rock Island Tailrace CHN,3,G728AA27B,2026-04-21 00:31:02,2026-04-22 20:05:00,Sunland,1,2026-04-24 08:40:18
Rock Island Tailrace CHN,3,G728AA27B,2026-04-21 00:31:02,2026-04-22 20:05:00,Wanapum BRZ,0,
Rock Island Tailrace CHN,3,G728AA27B,2026-04-21 00:31:02,2026-04-22 20:05:00,Mattawa,0,
Rock Island Tailrace CHN,3,G728AA27B,2026-04-21 00:31:02,2026-04-22 20:05:00,Priest BRZ,0,
Rock Island Tailrace CHN,3,G728AA27B,2026-04-21 00:31:02,2026-04-22 20:05:00,Lower Ringold,0,
Rock Island Tailrace CHN,3,G728AA27B,2026-04-21 00:31:02,2026-04-22 20:05:00,Hanford,0,
Rock Island Tailrace CHN,3,G728AA4A6,2026-04-26 17:05:26,2026-04-28 16:26:00,Crescent Bar,1,2026-04-29 04:25:41
Rock Island Tailrace CHN,3,G728AA4A6,2026-04-26 17:05:26,2026-04-28 16:26:00,Sunland,1,2026-04-30 06:36:23
Rock Island Tailrace CHN,3,G728AA4A6,2026-04-26 17:05:26,2026-04-28 16:26:00,Wanapum BRZ,1,2026-05-03 14:55:02
Rock Island Tailrace CHN,3,G728AA4A6,2026-04-26 17:05:26,2026-04-28 16:26:00,Mattawa,1,2026-05-04 04:30:48
Rock Island Tailrace CHN,3,G728AA4A6,2026-04-26 17:05:26,2026-04-28 16:26:00,Priest BRZ,1,2026-05-04 16:41:55
Rock Island Tailrace CHN,3,G728AA4A6,2026-04-26 17:05:26,2026-04-28 16:26:00,Lower Ringold,1,2026-05-05 06:04:08
Rock Island Tailrace CHN,3,G728AA4A6,2026-04-26 17:05:26,2026-04-28 16:26:00,Hanford,1,2026-05-05 08:38:50
Rock Island Tailrace CHN,2,G728BE698,2026-04-22 20:32:18,2026-04-24 15:37:00,Crescent Bar,1,2026-04-25 04:08:22
Rock Island Tailrace CHN,2,G728BE698,2026-04-22 20:32:18,2026-04-24 15:37:00,Sunland,1,2026-04-27 16:31:22
Rock Island Tailrace CHN,2,G728BE698,2026-04-22 20:32:18,2026-04-24 15:37:00,Wanapum BRZ,1,2026-05-04 00:25:26
Rock Island Tailrace CHN,2,G728BE698,2026-04-22 20:32:18,2026-04-24 15:37:00,Mattawa,0,
Rock Island Tailrace CHN,2,G728BE698,2026-04-22 20:32:18,2026-04-24 15:37:00,Priest BRZ,0,
Rock Island Tailrace CHN,2,G728BE698,2026-04-22 20:32:18,2026-04-24 15:37:00,Lower Ringold,0,
Rock Island Tailrace CHN,2,G728BE698,2026-04-22 20:32:18,2026-04-24 15:37:00,Hanford,0,
Rock Island Tailrace CHN,1,G728BEA3B,2026-04-21 00:14:59,2026-04-22 20:05:00,Crescent Bar,1,2026-04-23 06:18:11
Rock Island Tailrace CHN,1,G728BEA3B,2026-04-21 00:14:59,2026-04-22 20:05:00,Sunland,1,2026-04-24 01:39:54
Rock Island Tailrace CHN,1,G728BEA3B,2026-04-21 00:14:59,2026-04-22 20:05:00,Wanapum BRZ,1,2026-04-25 07:38:01
Rock Island Tailrace CHN,1,G728BEA3B,2026-04-21 00:14:59,2026-04-22 20:05:00,Mattawa,1,2026-04-25 11:14:35
Rock Island Tailrace CHN,1,G728BEA3B,2026-04-21 00:14:59,2026-04-22 20:05:00,Priest BRZ,1,2026-04-26 02:52:00
Rock Island Tailrace CHN,1,G728BEA3B,2026-04-21 00:14:59,2026-04-22 20:05:00,Lower Ringold,1,2026-04-26 17:08:09
Rock Island Tailrace CHN,1,G728BEA3B,2026-04-21 00:14:59,2026-04-22 20:05:00,Hanford,1,2026-04-27 13:05:21
Rock Island Tailrace CHN,1,G728C73D8,2026-04-22 20:10:43,2026-04-24 15:37:00,Crescent Bar,1,2026-04-25 03:05:06
Rock Island Tailrace CHN,1,G728C73D8,2026-04-22 20:10:43,2026-04-24 15:37:00,Sunland,1,2026-04-27 05:08:16
Rock Island Tailrace CHN,1,G728C73D8,2026-04-22 20:10:43,2026-04-24 15:37:00,Wanapum BRZ,1,2026-05-01 07:56:56
Rock Island Tailrace CHN,1,G728C73D8,2026-04-22 20:10:43,2026-04-24 15:37:00,Mattawa,1,2026-05-01 10:58:53
Rock Island Tailrace CHN,1,G728C73D8,2026-04-22 20:10:43,2026-04-24 15:37:00,Priest BRZ,1,2026-05-02 03:59:14
Rock Island Tailrace CHN,1,G728C73D8,2026-04-22 20:10:43,2026-04-24 15:37:00,Lower Ringold,1,2026-05-02 17:55:17
Rock Island Tailrace CHN,1,G728C73D8,2026-04-22 20:10:43,2026-04-24 15:37:00,Hanford,1,2026-05-02 21:44:04
Rock Island Tailrace CHN,2,G728C90D3,2026-04-25 17:52:16,2026-04-27 15:43:00,Crescent Bar,1,2026-04-28 08:56:46
Rock Island Tailrace CHN,2,G728C90D3,2026-04-25 17:52:16,2026-04-27 15:43:00,Sunland,1,2026-04-29 10:40:42
Rock Island Tailrace CHN,2,G728C90D3,2026-04-25 17:52:16,2026-04-27 15:43:00,Wanapum BRZ,1,2026-05-01 22:45:11
Rock Island Tailrace CHN,2,G728C90D3,2026-04-25 17:52:16,2026-04-27 15:43:00,Mattawa,1,2026-05-02 02:44:58
Rock Island Tailrace CHN,2,G728C90D3,2026-04-25 17:52:16,2026-04-27 15:43:00,Priest BRZ,1,2026-05-02 16:10:37
Rock Island Tailrace CHN,2,G728C90D3,2026-04-25 17:52:16,2026-04-27 15:43:00,Lower Ringold,1,2026-05-03 06:32:47
Rock Island Tailrace CHN,2,G728C90D3,2026-04-25 17:52:16,2026-04-27 15:43:00,Hanford,1,2026-05-03 09:36:54
Rock Island Tailrace CHN,2,G728C994F,2026-04-23 20:58:14,2026-04-25 16:46:00,Crescent Bar,1,2026-04-26 06:37:07
Rock Island Tailrace CHN,2,G728C994F,2026-04-23 20:58:14,2026-04-25 16:46:00,Sunland,1,2026-04-27 10:04:44
Rock Island Tailrace CHN,2,G728C994F,2026-04-23 20:58:14,2026-04-25 16:46:00,Wanapum BRZ,1,2026-05-01 03:51:49
Rock Island Tailrace CHN,2,G728C994F,2026-04-23 20:58:14,2026-04-25 16:46:00,Mattawa,1,2026-05-01 07:29:41
Rock Island Tailrace CHN,2,G728C994F,2026-04-23 20:58:14,2026-04-25 16:46:00,Priest BRZ,1,2026-05-01 18:11:12
Rock Island Tailrace CHN,2,G728C994F,2026-04-23 20:58:14,2026-04-25 16:46:00,Lower Ringold,1,2026-05-02 07:02:55
Rock Island Tailrace CHN,2,G728C994F,2026-04-23 20:58:14,2026-04-25 16:46:00,Hanford,1,2026-05-02 09:59:02
Rock Island Tailrace CHN,3,G728D6381,2026-04-24 19:36:49,2026-04-26 15:41:00,Crescent Bar,1,2026-04-27 10:53:55
Rock Island Tailrace CHN,3,G728D6381,2026-04-24 19:36:49,2026-04-26 15:41:00,Sunland,1,2026-04-29 09:19:12
Rock Island Tailrace CHN,3,G728D6381,2026-04-24 19:36:49,2026-04-26 15:41:00,Wanapum BRZ,1,2026-05-02 08:42:19
Rock Island Tailrace CHN,3,G728D6381,2026-04-24 19:36:49,2026-04-26 15:41:00,Mattawa,1,2026-05-02 12:21:40
Rock Island Tailrace CHN,3,G728D6381,2026-04-24 19:36:49,2026-04-26 15:41:00,Priest BRZ,1,2026-05-03 02:29:54
Rock Island Tailrace CHN,3,G728D6381,2026-04-24 19:36:49,2026-04-26 15:41:00,Lower Ringold,1,2026-05-03 13:05:51
Rock Island Tailrace CHN,3,G728D6381,2026-04-24 19:36:49,2026-04-26 15:41:00,Hanford,1,2026-05-03 17:49:28
Rock Island Tailrace CHN,3,G728ED53B,2026-04-23 21:05:37,2026-04-25 16:46:00,Crescent Bar,1,2026-04-26 03:26:41
Rock Island Tailrace CHN,3,G728ED53B,2026-04-23 21:05:37,2026-04-25 16:46:00,Sunland,1,2026-04-27 00:45:25
Rock Island Tailrace CHN,3,G728ED53B,2026-04-23 21:05:37,2026-04-25 16:46:00,Wanapum BRZ,1,2026-04-28 06:53:12
Rock Island Tailrace CHN,3,G728ED53B,2026-04-23 21:05:37,2026-04-25 16:46:00,Mattawa,1,2026-04-28 10:04:25
Rock Island Tailrace CHN,3,G728ED53B,2026-04-23 21:05:37,2026-04-25 16:46:00,Priest BRZ,1,2026-04-28 19:58:28
Rock Island Tailrace CHN,3,G728ED53B,2026-04-23 21:05:37,2026-04-25 16:46:00,Lower Ringold,1,2026-04-29 09:19:57
Rock Island Tailrace CHN,3,G728ED53B,2026-04-23 21:05:37,2026-04-25 16:46:00,Hanford,1,2026-04-29 12:26:04
Rock Island Tailrace CHN,3,G728EF446,2026-04-21 00:32:36,2026-04-22 20:05:00,Crescent Bar,1,2026-04-23 08:16:21
Rock Island Tailrace CHN,3,G728EF446,2026-04-21 00:32:36,2026-04-22 20:05:00,Sunland,1,2026-04-24 06:50:20
Rock Island Tailrace CHN,3,G728EF446,2026-04-21 00:32:36,2026-04-22 20:05:00,Wanapum BRZ,1,2026-04-26 01:21:12
Rock Island Tailrace CHN,3,G728EF446,2026-04-21 00:32:36,2026-04-22 20:05:00,Mattawa,0,
Rock Island Tailrace CHN,3,G728EF446,2026-04-21 00:32:36,2026-04-22 20:05:00,Priest BRZ,0,
Rock Island Tailrace CHN,3,G728EF446,2026-04-21 00:32:36,2026-04-22 20:05:00,Lower Ringold,0,
Rock Island Tailrace CHN,3,G728EF446,2026-04-21 00:32:36,2026-04-22 20:05:00,Hanford,0,
Rock Island Tailrace CHN,3,G728FBC06,2026-04-26 16:54:02,2026-04-28 16:26:00,Crescent Bar,1,2026-04-30 01:00:24
Rock Island Tailrace CHN,3,G728FBC06,2026-04-26 16:54:02,2026-04-28 16:26:00,Sunland,1,2026-04-30 10:31:22
Rock Island Tailrace CHN,3,G728FBC06,2026-04-26 16:54:02,2026-04-28 16:26:00,Wanapum BRZ,1,2026-05-02 11:53:19
Rock Island Tailrace CHN,3,G728FBC06,2026-04-26 16:54:02,2026-04-28 16:26:00,Mattawa,1,2026-05-02 15:40:31
Rock Island Tailrace CHN,3,G728FBC06,2026-04-26 16:54:02,2026-04-28 16:26:00,Priest BRZ,1,2026-05-03 06:18:32
Rock Island Tailrace CHN,3,G728FBC06,2026-04-26 16:54:02,2026-04-28 16:26:00,Lower Ringold,1,2026-05-04 05:13:51
Rock Island Tailrace CHN,3,G728FBC06,2026-04-26 16:54:02,2026-04-28 16:26:00,Hanford,1,2026-05-04 08:07:31
Rock Island Tailrace CHN,3,G728FF97F,2026-04-26 17:15:08,2026-04-28 16:26:00,Crescent Bar,1,2026-04-29 07:49:41
Rock Island Tailrace CHN,3,G728FF97F,2026-04-26 17:15:08,2026-04-28 16:26:00,Sunland,1,2026-04-29 23:38:28
Rock Island Tailrace CHN,3,G728FF97F,2026-04-26 17:15:08,2026-04-28 16:26:00,Wanapum BRZ,1,2026-05-02 04:51:39
Rock Island Tailrace CHN,3,G728FF97F,2026-04-26 17:15:08,2026-04-28 16:26:00,Mattawa,1,2026-05-02 07:20:30
Rock Island Tailrace CHN,3,G728FF97F,2026-04-26 17:15:08,2026-04-28 16:26:00,Priest BRZ,1,2026-05-03 02:48:50
Rock Island Tailrace CHN,3,G728FF97F,2026-04-26 17:15:08,2026-04-28 16:26:00,Lower Ringold,1,2026-05-04 06:52:45
Rock Island Tailrace CHN,3,G728FF97F,2026-04-26 17:15:08,2026-04-28 16:26:00,Hanford,1,2026-05-04 10:21:43
Rock Island Tailrace CHN,3,G72904025,2026-04-23 21:10:31,2026-04-25 16:46:00,Crescent Bar,1,2026-04-26 11:46:41
Rock Island Tailrace CHN,3,G72904025,2026-04-23 21:10:31,2026-04-25 16:46:00,Sunland,1,2026-04-28 06:28:44
Rock Island Tailrace CHN,3,G72904025,2026-04-23 21:10:31,2026-04-25 16:46:00,Wanapum BRZ,1,2026-05-02 09:22:58
Rock Island Tailrace CHN,3,G72904025,2026-04-23 21:10:31,2026-04-25 16:46:00,Mattawa,1,2026-05-02 16:05:09
Rock Island Tailrace CHN,3,G72904025,2026-04-23 21:10:31,2026-04-25 16:46:00,Priest BRZ,1,2026-05-04 02:57:28
Rock Island Tailrace CHN,3,G72904025,2026-04-23 21:10:31,2026-04-25 16:46:00,Lower Ringold,1,2026-05-04 15:33:37
Rock Island Tailrace CHN,3,G72904025,2026-04-23 21:10:31,2026-04-25 16:46:00,Hanford,1,2026-05-04 19:43:47
Rock Island Tailrace CHN,2,G7290A950,2026-04-24 19:50:49,2026-04-26 15:41:00,Crescent Bar,1,2026-04-27 03:14:46
Rock Island Tailrace CHN,2,G7290A950,2026-04-24 19:50:49,2026-04-26 15:41:00,Sunland,1,2026-04-29 01:15:12
Rock Island Tailrace CHN,2,G7290A950,2026-04-24 19:50:49,2026-04-26 15:41:00,Wanapum BRZ,1,2026-05-05 13:35:12
Rock Island Tailrace CHN,2,G7290A950,2026-04-24 19:50:49,2026-04-26 15:41:00,Mattawa,1,2026-05-05 16:20:28
Rock Island Tailrace CHN,2,G7290A950,2026-04-24 19:50:49,2026-04-26 15:41:00,Priest BRZ,1,2026-05-06 05:15:54
Rock Island Tailrace CHN,2,G7290A950,2026-04-24 19:50:49,2026-04-26 15:41:00,Lower Ringold,1,2026-05-06 17:08:15
Rock Island Tailrace CHN,2,G7290A950,2026-04-24 19:50:49,2026-04-26 15:41:00,Hanford,1,2026-05-06 21:04:51
Rock Island Tailrace CHN,3,G7291145B,2026-04-24 21:03:58,2026-04-26 15:41:00,Crescent Bar,1,2026-04-27 06:36:23
Rock Island Tailrace CHN,3,G7291145B,2026-04-24 21:03:58,2026-04-26 15:41:00,Sunland,1,2026-04-28 04:31:50
Rock Island Tailrace CHN,3,G7291145B,2026-04-24 21:03:58,2026-04-26 15:41:00,Wanapum BRZ,1,2026-04-29 18:46:21
Rock Island Tailrace CHN,3,G7291145B,2026-04-24 21:03:58,2026-04-26 15:41:00,Mattawa,1,2026-04-30 01:22:44
Rock Island Tailrace CHN,3,G7291145B,2026-04-24 21:03:58,2026-04-26 15:41:00,Priest BRZ,1,2026-04-30 20:32:55
Rock Island Tailrace CHN,3,G7291145B,2026-04-24 21:03:58,2026-04-26 15:41:00,Lower Ringold,1,2026-05-01 09:20:16
Rock Island Tailrace CHN,3,G7291145B,2026-04-24 21:03:58,2026-04-26 15:41:00,Hanford,1,2026-05-01 13:38:45
Rock Island Tailrace CHN,1,G7292C459,2026-04-21 21:37:09,2026-04-23 15:44:00,Crescent Bar,1,2026-04-24 06:56:29
Rock Island Tailrace CHN,1,G7292C459,2026-04-21 21:37:09,2026-04-23 15:44:00,Sunland,1,2026-04-24 19:04:00
Rock Island Tailrace CHN,1,G7292C459,2026-04-21 21:37:09,2026-04-23 15:44:00,Wanapum BRZ,1,2026-04-27 04:33:48
Rock Island Tailrace CHN,1,G7292C459,2026-04-21 21:37:09,2026-04-23 15:44:00,Mattawa,1,2026-04-27 06:47:32
Rock Island Tailrace CHN,1,G7292C459,2026-04-21 21:37:09,2026-04-23 15:44:00,Priest BRZ,1,2026-04-28 03:30:41
Rock Island Tailrace CHN,1,G7292C459,2026-04-21 21:37:09,2026-04-23 15:44:00,Lower Ringold,1,2026-04-29 13:46:58
Rock Island Tailrace CHN,1,G7292C459,2026-04-21 21:37:09,2026-04-23 15:44:00,Hanford,1,2026-04-29 17:29:33
Rock Island Tailrace CHN,1,G7292DB85,2026-04-26 17:08:21,2026-04-28 16:26:00,Crescent Bar,1,2026-04-28 23:52:59
Rock Island Tailrace CHN,1,G7292DB85,2026-04-26 17:08:21,2026-04-28 16:26:00,Sunland,1,2026-04-30 14:57:54
Rock Island Tailrace CHN,1,G7292DB85,2026-04-26 17:08:21,2026-04-28 16:26:00,Wanapum BRZ,1,2026-05-02 09:03:22
Rock Island Tailrace CHN,1,G7292DB85,2026-04-26 17:08:21,2026-04-28 16:26:00,Mattawa,1,2026-05-02 11:45:42
Rock Island Tailrace CHN,1,G7292DB85,2026-04-26 17:08:21,2026-04-28 16:26:00,Priest BRZ,1,2026-05-02 20:50:29
Rock Island Tailrace CHN,1,G7292DB85,2026-04-26 17:08:21,2026-04-28 16:26:00,Lower Ringold,1,2026-05-03 12:47:05
Rock Island Tailrace CHN,1,G7292DB85,2026-04-26 17:08:21,2026-04-28 16:26:00,Hanford,1,2026-05-03 16:10:02
Rock Island Tailrace CHN,1,G729471FE,2026-04-21 21:43:05,2026-04-23 15:44:00,Crescent Bar,1,2026-04-24 04:01:36
Rock Island Tailrace CHN,1,G729471FE,2026-04-21 21:43:05,2026-04-23 15:44:00,Sunland,1,2026-04-24 12:47:39
Rock Island Tailrace CHN,1,G729471FE,2026-04-21 21:43:05,2026-04-23 15:44:00,Wanapum BRZ,1,2026-04-26 01:54:22
Rock Island Tailrace CHN,1,G729471FE,2026-04-21 21:43:05,2026-04-23 15:44:00,Mattawa,1,2026-04-26 11:00:50
Rock Island Tailrace CHN,1,G729471FE,2026-04-21 21:43:05,2026-04-23 15:44:00,Priest BRZ,1,2026-04-27 03:47:28
Rock Island Tailrace CHN,1,G729471FE,2026-04-21 21:43:05,2026-04-23 15:44:00,Lower Ringold,1,2026-04-27 18:00:26
Rock Island Tailrace CHN,1,G729471FE,2026-04-21 21:43:05,2026-04-23 15:44:00,Hanford,1,2026-04-27 21:52:14
Rock Island Tailrace CHN,1,G72955885,2026-04-23 20:49:24,2026-04-25 16:46:00,Crescent Bar,1,2026-04-25 23:02:21
Rock Island Tailrace CHN,1,G72955885,2026-04-23 20:49:24,2026-04-25 16:46:00,Sunland,1,2026-04-27 01:10:13
Rock Island Tailrace CHN,1,G72955885,2026-04-23 20:49:24,2026-04-25 16:46:00,Wanapum BRZ,1,2026-04-30 03:18:25
Rock Island Tailrace CHN,1,G72955885,2026-04-23 20:49:24,2026-04-25 16:46:00,Mattawa,1,2026-04-30 06:02:37
Rock Island Tailrace CHN,1,G72955885,2026-04-23 20:49:24,2026-04-25 16:46:00,Priest BRZ,1,2026-04-30 22:51:22
Rock Island Tailrace CHN,1,G72955885,2026-04-23 20:49:24,2026-04-25 16:46:00,Lower Ringold,1,2026-05-01 10:04:46
Rock Island Tailrace CHN,1,G72955885,2026-04-23 20:49:24,2026-04-25 16:46:00,Hanford,1,2026-05-01 13:06:39
Rock Island Tailrace CHN,1,G72956C5A,2026-04-22 20:27:27,2026-04-24 15:37:00,Crescent Bar,1,2026-04-25 07:48:22
Rock Island Tailrace CHN,1,G72956C5A,2026-04-22 20:27:27,2026-04-24 15:37:00,Sunland,1,2026-04-25 23:28:22
Rock Island Tailrace CHN,1,G72956C5A,2026-04-22 20:27:27,2026-04-24 15:37:00,Wanapum BRZ,1,2026-04-27 10:49:52
Rock Island Tailrace CHN,1,G72956C5A,2026-04-22 20:27:27,2026-04-24 15:37:00,Mattawa,1,2026-04-27 13:31:19
Rock Island Tailrace CHN,1,G72956C5A,2026-04-22 20:27:27,2026-04-24 15:37:00,Priest BRZ,1,2026-04-28 17:36:47
Rock Island Tailrace CHN,1,G72956C5A,2026-04-22 20:27:27,2026-04-24 15:37:00,Lower Ringold,1,2026-04-30 08:18:28
Rock Island Tailrace CHN,1,G72956C5A,2026-04-22 20:27:27,2026-04-24 15:37:00,Hanford,1,2026-04-30 11:34:15
Rock Island Tailrace CHN,1,G72967031,2026-04-25 17:46:01,2026-04-27 15:43:00,Crescent Bar,1,2026-04-28 00:31:05
Rock Island Tailrace CHN,1,G72967031,2026-04-25 17:46:01,2026-04-27 15:43:00,Sunland,1,2026-04-30 08:05:04
Rock Island Tailrace CHN,1,G72967031,2026-04-25 17:46:01,2026-04-27 15:43:00,Wanapum BRZ,1,2026-05-02 07:36:31
Rock Island Tailrace CHN,1,G72967031,2026-04-25 17:46:01,2026-04-27 15:43:00,Mattawa,0,
Rock Island Tailrace CHN,1,G72967031,2026-04-25 17:46:01,2026-04-27 15:43:00,Priest BRZ,0,
Rock Island Tailrace CHN,1,G72967031,2026-04-25 17:46:01,2026-04-27 15:43:00,Lower Ringold,0,
Rock Island Tailrace CHN,1,G72967031,2026-04-25 17:46:01,2026-04-27 15:43:00,Hanford,0,
Rock Island Tailrace CHN,1,G7296A7E5,2026-04-21 00:21:10,2026-04-22 20:05:00,Crescent Bar,1,2026-04-23 07:37:09
Rock Island Tailrace CHN,1,G7296A7E5,2026-04-21 00:21:10,2026-04-22 20:05:00,Sunland,1,2026-04-24 08:02:09
Rock Island Tailrace CHN,1,G7296A7E5,2026-04-21 00:21:10,2026-04-22 20:05:00,Wanapum BRZ,0,
Rock Island Tailrace CHN,1,G7296A7E5,2026-04-21 00:21:10,2026-04-22 20:05:00,Mattawa,0,
Rock Island Tailrace CHN,1,G7296A7E5,2026-04-21 00:21:10,2026-04-22 20:05:00,Priest BRZ,0,
Rock Island Tailrace CHN,1,G7296A7E5,2026-04-21 00:21:10,2026-04-22 20:05:00,Lower Ringold,0,
Rock Island Tailrace CHN,1,G7296A7E5,2026-04-21 00:21:10,2026-04-22 20:05:00,Hanford,0,
Rock Island Tailrace CHN,1,G7296FEA2,2026-04-21 21:29:49,2026-04-23 15:44:00,Crescent Bar,1,2026-04-24 09:26:33
Rock Island Tailrace CHN,1,G7296FEA2,2026-04-21 21:29:49,2026-04-23 15:44:00,Sunland,1,2026-04-25 10:55:31
Rock Island Tailrace CHN,1,G7296FEA2,2026-04-21 21:29:49,2026-04-23 15:44:00,Wanapum BRZ,0,
Rock Island Tailrace CHN,1,G7296FEA2,2026-04-21 21:29:49,2026-04-23 15:44:00,Mattawa,0,
Rock Island Tailrace CHN,1,G7296FEA2,2026-04-21 21:29:49,2026-04-23 15:44:00,Priest BRZ,0,
Rock Island Tailrace CHN,1,G7296FEA2,2026-04-21 21:29:49,2026-04-23 15:44:00,Lower Ringold,0,
Rock Island Tailrace CHN,1,G7296FEA2,2026-04-21 21:29:49,2026-04-23 15:44:00,Hanford,0,
Rock Island Tailrace CHN,1,G7298D880,2026-04-25 17:31:18,2026-04-27 15:43:00,Crescent Bar,1,2026-04-28 18:06:23
Rock Island Tailrace CHN,1,G7298D880,2026-04-25 17:31:18,2026-04-27 15:43:00,Sunland,1,2026-05-01 07:36:27
Rock Island Tailrace CHN,1,G7298D880,2026-04-25 17:31:18,2026-04-27 15:43:00,Wanapum BRZ,1,2026-05-03 02:19:51
Rock Island Tailrace CHN,1,G7298D880,2026-04-25 17:31:18,2026-04-27 15:43:00,Mattawa,1,2026-05-03 05:54:37
Rock Island Tailrace CHN,1,G7298D880,2026-04-25 17:31:18,2026-04-27 15:43:00,Priest BRZ,1,2026-05-03 23:40:36
Rock Island Tailrace CHN,1,G7298D880,2026-04-25 17:31:18,2026-04-27 15:43:00,Lower Ringold,1,2026-05-04 11:28:50
Rock Island Tailrace CHN,1,G7298D880,2026-04-25 17:31:18,2026-04-27 15:43:00,Hanford,1,2026-05-04 15:16:35
Rock Island Tailrace CHN,1,G729A0707,2026-04-25 17:34:41,2026-04-27 15:43:00,Crescent Bar,1,2026-04-28 03:49:35
Rock Island Tailrace CHN,1,G729A0707,2026-04-25 17:34:41,2026-04-27 15:43:00,Sunland,1,2026-04-28 16:45:24
Rock Island Tailrace CHN,1,G729A0707,2026-04-25 17:34:41,2026-04-27 15:43:00,Wanapum BRZ,1,2026-04-30 15:48:08
Rock Island Tailrace CHN,1,G729A0707,2026-04-25 17:34:41,2026-04-27 15:43:00,Mattawa,1,2026-05-02 13:48:34
Rock Island Tailrace CHN,1,G729A0707,2026-04-25 17:34:41,2026-04-27 15:43:00,Priest BRZ,1,2026-05-03 10:58:12
Rock Island Tailrace CHN,1,G729A0707,2026-04-25 17:34:41,2026-04-27 15:43:00,Lower Ringold,1,2026-05-03 22:43:33
Rock Island Tailrace CHN,1,G729A0707,2026-04-25 17:34:41,2026-04-27 15:43:00,Hanford,1,2026-05-04 01:57:21
Rock Island Tailrace CHN,1,G729A1019,2026-04-22 20:06:33,2026-04-24 15:37:00,Crescent Bar,1,2026-04-25 07:39:07
Rock Island Tailrace CHN,1,G729A1019,2026-04-22 20:06:33,2026-04-24 15:37:00,Sunland,1,2026-04-26 11:18:53
Rock Island Tailrace CHN,1,G729A1019,2026-04-22 20:06:33,2026-04-24 15:37:00,Wanapum BRZ,1,2026-04-29 12:12:39
Rock Island Tailrace CHN,1,G729A1019,2026-04-22 20:06:33,2026-04-24 15:37:00,Mattawa,0,
Rock Island Tailrace CHN,1,G729A1019,2026-04-22 20:06:33,2026-04-24 15:37:00,Priest BRZ,0,
Rock Island Tailrace CHN,1,G729A1019,2026-04-22 20:06:33,2026-04-24 15:37:00,Lower Ringold,0,
Rock Island Tailrace CHN,1,G729A1019,2026-04-22 20:06:33,2026-04-24 15:37:00,Hanford,0,
Rock Island Tailrace CHN,3,G729ADC70,2026-04-21 21:46:11,2026-04-23 15:44:00,Crescent Bar,1,2026-04-24 04:51:47
Rock Island Tailrace CHN,3,G729ADC70,2026-04-21 21:46:11,2026-04-23 15:44:00,Sunland,1,2026-04-24 12:47:22
Rock Island Tailrace CHN,3,G729ADC70,2026-04-21 21:46:11,2026-04-23 15:44:00,Wanapum BRZ,1,2026-04-25 22:29:37
Rock Island Tailrace CHN,3,G729ADC70,2026-04-21 21:46:11,2026-04-23 15:44:00,Mattawa,0,
Rock Island Tailrace CHN,3,G729ADC70,2026-04-21 21:46:11,2026-04-23 15:44:00,Priest BRZ,0,
Rock Island Tailrace CHN,3,G729ADC70,2026-04-21 21:46:11,2026-04-23 15:44:00,Lower Ringold,0,
Rock Island Tailrace CHN,3,G729ADC70,2026-04-21 21:46:11,2026-04-23 15:44:00,Hanford,0,
Rock Island Tailrace CHN,2,G729CF565,2026-04-25 17:30:02,2026-04-27 15:43:00,Crescent Bar,1,2026-04-28 05:41:44
Rock Island Tailrace CHN,2,G729CF565,2026-04-25 17:30:02,2026-04-27 15:43:00,Sunland,1,2026-04-29 09:40:26
Rock Island Tailrace CHN,2,G729CF565,2026-04-25 17:30:02,2026-04-27 15:43:00,Wanapum BRZ,1,2026-04-30 21:01:16
Rock Island Tailrace CHN,2,G729CF565,2026-04-25 17:30:02,2026-04-27 15:43:00,Mattawa,1,2026-05-01 00:15:42
Rock Island Tailrace CHN,2,G729CF565,2026-04-25 17:30:02,2026-04-27 15:43:00,Priest BRZ,1,2026-05-01 11:06:03
Rock Island Tailrace CHN,2,G729CF565,2026-04-25 17:30:02,2026-04-27 15:43:00,Lower Ringold,1,2026-05-31 09:02:24
Rock Island Tailrace CHN,2,G729CF565,2026-04-25 17:30:02,2026-04-27 15:43:00,Hanford,0,
Rock Island Tailrace CHN,2,G729DAB65,2026-04-21 00:25:59,2026-04-22 20:05:00,Crescent Bar,1,2026-04-23 05:20:10
Rock Island Tailrace CHN,2,G729DAB65,2026-04-21 00:25:59,2026-04-22 20:05:00,Sunland,1,2026-04-23 17:18:21
Rock Island Tailrace CHN,2,G729DAB65,2026-04-21 00:25:59,2026-04-22 20:05:00,Wanapum BRZ,1,2026-04-24 17:06:16
Rock Island Tailrace CHN,2,G729DAB65,2026-04-21 00:25:59,2026-04-22 20:05:00,Mattawa,1,2026-04-25 00:42:15
Rock Island Tailrace CHN,2,G729DAB65,2026-04-21 00:25:59,2026-04-22 20:05:00,Priest BRZ,1,2026-04-25 19:03:01
Rock Island Tailrace CHN,2,G729DAB65,2026-04-21 00:25:59,2026-04-22 20:05:00,Lower Ringold,1,2026-04-26 11:46:11
Rock Island Tailrace CHN,2,G729DAB65,2026-04-21 00:25:59,2026-04-22 20:05:00,Hanford,1,2026-04-26 15:08:54
Rock Island Tailrace CHN,3,G729EAB30,2026-04-21 21:41:16,2026-04-23 15:44:00,Crescent Bar,1,2026-04-24 05:09:12
Rock Island Tailrace CHN,3,G729EAB30,2026-04-21 21:41:16,2026-04-23 15:44:00,Sunland,1,2026-04-24 19:34:43
Rock Island Tailrace CHN,3,G729EAB30,2026-04-21 21:41:16,2026-04-23 15:44:00,Wanapum BRZ,1,2026-04-27 05:54:39
Rock Island Tailrace CHN,3,G729EAB30,2026-04-21 21:41:16,2026-04-23 15:44:00,Mattawa,1,2026-04-29 02:08:48
Rock Island Tailrace CHN,3,G729EAB30,2026-04-21 21:41:16,2026-04-23 15:44:00,Priest BRZ,1,2026-04-29 10:51:37
Rock Island Tailrace CHN,3,G729EAB30,2026-04-21 21:41:16,2026-04-23 15:44:00,Lower Ringold,1,2026-04-30 03:30:55
Rock Island Tailrace CHN,3,G729EAB30,2026-04-21 21:41:16,2026-04-23 15:44:00,Hanford,1,2026-04-30 06:28:36
Rock Island Tailrace CHN,3,G729F06A6,2026-04-23 21:17:33,2026-04-25 16:46:00,Crescent Bar,1,2026-04-26 07:15:34
Rock Island Tailrace CHN,3,G729F06A6,2026-04-23 21:17:33,2026-04-25 16:46:00,Sunland,1,2026-04-27 09:54:12
Rock Island Tailrace CHN,3,G729F06A6,2026-04-23 21:17:33,2026-04-25 16:46:00,Wanapum BRZ,1,2026-05-01 01:13:26
Rock Island Tailrace CHN,3,G729F06A6,2026-04-23 21:17:33,2026-04-25 16:46:00,Mattawa,0,
Rock Island Tailrace CHN,3,G729F06A6,2026-04-23 21:17:33,2026-04-25 16:46:00,Priest BRZ,0,
Rock Island Tailrace CHN,3,G729F06A6,2026-04-23 21:17:33,2026-04-25 16:46:00,Lower Ringold,0,
Rock Island Tailrace CHN,3,G729F06A6,2026-04-23 21:17:33,2026-04-25 16:46:00,Hanford,0,
Rock Island Tailrace CHN,3,G729FC873,2026-04-21 21:38:42,2026-04-23 15:44:00,Crescent Bar,1,2026-04-24 04:06:23
Rock Island Tailrace CHN,3,G729FC873,2026-04-21 21:38:42,2026-04-23 15:44:00,Sunland,1,2026-04-24 12:34:31
Rock Island Tailrace CHN,3,G729FC873,2026-04-21 21:38:42,2026-04-23 15:44:00,Wanapum BRZ,1,2026-04-25 23:16:16
Rock Island Tailrace CHN,3,G729FC873,2026-04-21 21:38:42,2026-04-23 15:44:00,Mattawa,1,2026-04-26 05:02:06
Rock Island Tailrace CHN,3,G729FC873,2026-04-21 21:38:42,2026-04-23 15:44:00,Priest BRZ,1,2026-04-26 20:40:09
Rock Island Tailrace CHN,3,G729FC873,2026-04-21 21:38:42,2026-04-23 15:44:00,Lower Ringold,1,2026-04-28 14:38:14
Rock Island Tailrace CHN,3,G729FC873,2026-04-21 21:38:42,2026-04-23 15:44:00,Hanford,1,2026-04-28 18:11:39
Rock Island Tailrace CHN,1,G72A10657,2026-04-26 16:52:52,2026-04-28 16:26:00,Crescent Bar,1,2026-04-29 07:39:23
Rock Island Tailrace CHN,1,G72A10657,2026-04-26 16:52:52,2026-04-28 16:26:00,Sunland,1,2026-04-30 11:56:31
Rock Island Tailrace CHN,1,G72A10657,2026-04-26 16:52:52,2026-04-28 16:26:00,Wanapum BRZ,1,2026-05-02 19:20:49
Rock Island Tailrace CHN,1,G72A10657,2026-04-26 16:52:52,2026-04-28 16:26:00,Mattawa,1,2026-05-06 19:03:24
Rock Island Tailrace CHN,1,G72A10657,2026-04-26 16:52:52,2026-04-28 16:26:00,Priest BRZ,1,2026-05-07 09:52:50
Rock Island Tailrace CHN,1,G72A10657,2026-04-26 16:52:52,2026-04-28 16:26:00,Lower Ringold,1,2026-05-08 01:46:20
Rock Island Tailrace CHN,1,G72A10657,2026-04-26 16:52:52,2026-04-28 16:26:00,Hanford,1,2026-05-08 05:25:22
Rock Island Tailrace CHN,1,G72A2283E,2026-04-27 18:03:25,2026-04-29 15:28:00,Crescent Bar,1,2026-04-30 02:19:54
Rock Island Tailrace CHN,1,G72A2283E,2026-04-27 18:03:25,2026-04-29 15:28:00,Sunland,1,2026-05-01 07:53:59
Rock Island Tailrace CHN,1,G72A2283E,2026-04-27 18:03:25,2026-04-29 15:28:00,Wanapum BRZ,1,2026-05-02 18:23:42
Rock Island Tailrace CHN,1,G72A2283E,2026-04-27 18:03:25,2026-04-29 15:28:00,Mattawa,1,2026-05-03 07:56:26
Rock Island Tailrace CHN,1,G72A2283E,2026-04-27 18:03:25,2026-04-29 15:28:00,Priest BRZ,1,2026-05-03 18:02:15
Rock Island Tailrace CHN,1,G72A2283E,2026-04-27 18:03:25,2026-04-29 15:28:00,Lower Ringold,1,2026-05-04 07:54:28
Rock Island Tailrace CHN,1,G72A2283E,2026-04-27 18:03:25,2026-04-29 15:28:00,Hanford,1,2026-05-04 13:07:43
Rock Island Tailrace CHN,2,G72A239FD,2026-04-27 18:05:25,2026-04-29 15:28:00,Crescent Bar,1,2026-04-30 03:51:32
Rock Island Tailrace CHN,2,G72A239FD,2026-04-27 18:05:25,2026-04-29 15:28:00,Sunland,1,2026-05-01 07:43:18
Rock Island Tailrace CHN,2,G72A239FD,2026-04-27 18:05:25,2026-04-29 15:28:00,Wanapum BRZ,1,2026-05-05 04:53:11
Rock Island Tailrace CHN,2,G72A239FD,2026-04-27 18:05:25,2026-04-29 15:28:00,Mattawa,1,2026-05-05 12:02:32
Rock Island Tailrace CHN,2,G72A239FD,2026-04-27 18:05:25,2026-04-29 15:28:00,Priest BRZ,1,2026-05-06 00:04:21
Rock Island Tailrace CHN,2,G72A239FD,2026-04-27 18:05:25,2026-04-29 15:28:00,Lower Ringold,1,2026-05-06 11:38:00
Rock Island Tailrace CHN,2,G72A239FD,2026-04-27 18:05:25,2026-04-29 15:28:00,Hanford,1,2026-05-06 14:55:28
Rock Island Tailrace CHN,2,G72A258C6,2026-04-21 00:31:35,2026-04-22 20:05:00,Crescent Bar,1,2026-04-23 08:00:22
Rock Island Tailrace CHN,2,G72A258C6,2026-04-21 00:31:35,2026-04-22 20:05:00,Sunland,1,2026-04-24 07:32:21
Rock Island Tailrace CHN,2,G72A258C6,2026-04-21 00:31:35,2026-04-22 20:05:00,Wanapum BRZ,1,2026-04-26 07:49:07
Rock Island Tailrace CHN,2,G72A258C6,2026-04-21 00:31:35,2026-04-22 20:05:00,Mattawa,0,
Rock Island Tailrace CHN,2,G72A258C6,2026-04-21 00:31:35,2026-04-22 20:05:00,Priest BRZ,0,
Rock Island Tailrace CHN,2,G72A258C6,2026-04-21 00:31:35,2026-04-22 20:05:00,Lower Ringold,0,
Rock Island Tailrace CHN,2,G72A258C6,2026-04-21 00:31:35,2026-04-22 20:05:00,Hanford,0,
Rock Island Tailrace CHN,3,G72A3F8AD,2026-04-23 21:13:11,2026-04-25 16:46:00,Crescent Bar,1,2026-04-26 07:19:04
Rock Island Tailrace CHN,3,G72A3F8AD,2026-04-23 21:13:11,2026-04-25 16:46:00,Sunland,1,2026-04-28 09:21:19
Rock Island Tailrace CHN,3,G72A3F8AD,2026-04-23 21:13:11,2026-04-25 16:46:00,Wanapum BRZ,1,2026-05-01 05:44:21
Rock Island Tailrace CHN,3,G72A3F8AD,2026-04-23 21:13:11,2026-04-25 16:46:00,Mattawa,1,2026-05-01 08:42:33
Rock Island Tailrace CHN,3,G72A3F8AD,2026-04-23 21:13:11,2026-04-25 16:46:00,Priest BRZ,1,2026-05-02 05:32:14
Rock Island Tailrace CHN,3,G72A3F8AD,2026-04-23 21:13:11,2026-04-25 16:46:00,Lower Ringold,1,2026-05-02 18:02:01
Rock Island Tailrace CHN,3,G72A3F8AD,2026-04-23 21:13:11,2026-04-25 16:46:00,Hanford,1,2026-05-02 22:00:20
Rock Island Tailrace CHN,3,G72A410E8,2026-04-25 17:38:01,2026-04-27 15:43:00,Crescent Bar,1,2026-04-28 06:44:18
Rock Island Tailrace CHN,3,G72A410E8,2026-04-25 17:38:01,2026-04-27 15:43:00,Sunland,1,2026-04-29 11:49:59
Rock Island Tailrace CHN,3,G72A410E8,2026-04-25 17:38:01,2026-04-27 15:43:00,Wanapum BRZ,1,2026-05-01 06:39:47
Rock Island Tailrace CHN,3,G72A410E8,2026-04-25 17:38:01,2026-04-27 15:43:00,Mattawa,1,2026-05-01 09:41:13
Rock Island Tailrace CHN,3,G72A410E8,2026-04-25 17:38:01,2026-04-27 15:43:00,Priest BRZ,1,2026-05-02 06:25:33
Rock Island Tailrace CHN,3,G72A410E8,2026-04-25 17:38:01,2026-04-27 15:43:00,Lower Ringold,1,2026-05-03 12:43:17
Rock Island Tailrace CHN,3,G72A410E8,2026-04-25 17:38:01,2026-04-27 15:43:00,Hanford,1,2026-05-03 16:23:40
Rock Island Tailrace CHN,3,G72A41254,2026-04-22 20:32:46,2026-04-24 15:37:00,Crescent Bar,1,2026-04-25 04:57:50
Rock Island Tailrace CHN,3,G72A41254,2026-04-22 20:32:46,2026-04-24 15:37:00,Sunland,1,2026-04-25 11:52:23
Rock Island Tailrace CHN,3,G72A41254,2026-04-22 20:32:46,2026-04-24 15:37:00,Wanapum BRZ,1,2026-04-28 10:10:42
Rock Island Tailrace CHN,3,G72A41254,2026-04-22 20:32:46,2026-04-24 15:37:00,Mattawa,1,2026-04-28 16:31:40
Rock Island Tailrace CHN,3,G72A41254,2026-04-22 20:32:46,2026-04-24 15:37:00,Priest BRZ,1,2026-04-29 04:55:51
Rock Island Tailrace CHN,3,G72A41254,2026-04-22 20:32:46,2026-04-24 15:37:00,Lower Ringold,1,2026-04-30 04:51:18
Rock Island Tailrace CHN,3,G72A41254,2026-04-22 20:32:46,2026-04-24 15:37:00,Hanford,1,2026-04-30 07:18:49
Rock Island Tailrace CHN,3,G72A4A5E5,2026-04-21 21:47:01,2026-04-23 15:44:00,Crescent Bar,1,2026-04-24 06:55:47
Rock Island Tailrace CHN,3,G72A4A5E5,2026-04-21 21:47:01,2026-04-23 15:44:00,Sunland,1,2026-04-26 11:28:04
Rock Island Tailrace CHN,3,G72A4A5E5,2026-04-21 21:47:01,2026-04-23 15:44:00,Wanapum BRZ,1,2026-05-07 17:06:56
Rock Island Tailrace CHN,3,G72A4A5E5,2026-04-21 21:47:01,2026-04-23 15:44:00,Mattawa,1,2026-05-08 01:20:25
Rock Island Tailrace CHN,3,G72A4A5E5,2026-04-21 21:47:01,2026-04-23 15:44:00,Priest BRZ,1,2026-05-09 06:25:48
Rock Island Tailrace CHN,3,G72A4A5E5,2026-04-21 21:47:01,2026-04-23 15:44:00,Lower Ringold,0,
Rock Island Tailrace CHN,3,G72A4A5E5,2026-04-21 21:47:01,2026-04-23 15:44:00,Hanford,0,
Rock Island Tailrace CHN,3,G72A4DE3D,2026-04-21 21:35:22,2026-04-23 15:44:00,Crescent Bar,1,2026-04-24 06:07:47
Rock Island Tailrace CHN,3,G72A4DE3D,2026-04-21 21:35:22,2026-04-23 15:44:00,Sunland,1,2026-04-25 10:00:45
Rock Island Tailrace CHN,3,G72A4DE3D,2026-04-21 21:35:22,2026-04-23 15:44:00,Wanapum BRZ,1,2026-04-27 04:27:29
Rock Island Tailrace CHN,3,G72A4DE3D,2026-04-21 21:35:22,2026-04-23 15:44:00,Mattawa,1,2026-04-27 06:58:35
Rock Island Tailrace CHN,3,G72A4DE3D,2026-04-21 21:35:22,2026-04-23 15:44:00,Priest BRZ,1,2026-04-27 18:10:20
Rock Island Tailrace CHN,3,G72A4DE3D,2026-04-21 21:35:22,2026-04-23 15:44:00,Lower Ringold,1,2026-04-28 11:04:38
Rock Island Tailrace CHN,3,G72A4DE3D,2026-04-21 21:35:22,2026-04-23 15:44:00,Hanford,1,2026-04-28 14:33:19
Rock Island Tailrace CHN,3,G72A57694,2026-04-26 16:57:26,2026-04-28 16:26:00,Crescent Bar,1,2026-04-29 03:58:35
Rock Island Tailrace CHN,3,G72A57694,2026-04-26 16:57:26,2026-04-28 16:26:00,Sunland,1,2026-04-30 08:04:44
Rock Island Tailrace CHN,3,G72A57694,2026-04-26 16:57:26,2026-04-28 16:26:00,Wanapum BRZ,1,2026-05-02 04:14:41
Rock Island Tailrace CHN,3,G72A57694,2026-04-26 16:57:26,2026-04-28 16:26:00,Mattawa,1,2026-05-02 07:22:01
Rock Island Tailrace CHN,3,G72A57694,2026-04-26 16:57:26,2026-04-28 16:26:00,Priest BRZ,1,2026-05-03 02:33:38
Rock Island Tailrace CHN,3,G72A57694,2026-04-26 16:57:26,2026-04-28 16:26:00,Lower Ringold,1,2026-05-03 12:25:58
Rock Island Tailrace CHN,3,G72A57694,2026-04-26 16:57:26,2026-04-28 16:26:00,Hanford,1,2026-05-03 15:41:36
Rock Island Tailrace CHN,3,G72A6BD2B,2026-04-21 21:28:20,2026-04-23 15:44:00,Crescent Bar,1,2026-04-24 06:27:23
Rock Island Tailrace CHN,3,G72A6BD2B,2026-04-21 21:28:20,2026-04-23 15:44:00,Sunland,1,2026-04-24 16:04:12
Rock Island Tailrace CHN,3,G72A6BD2B,2026-04-21 21:28:20,2026-04-23 15:44:00,Wanapum BRZ,1,2026-04-26 05:00:23
Rock Island Tailrace CHN,3,G72A6BD2B,2026-04-21 21:28:20,2026-04-23 15:44:00,Mattawa,1,2026-04-26 07:19:12
Rock Island Tailrace CHN,3,G72A6BD2B,2026-04-21 21:28:20,2026-04-23 15:44:00,Priest BRZ,1,2026-04-26 17:16:16
Rock Island Tailrace CHN,3,G72A6BD2B,2026-04-21 21:28:20,2026-04-23 15:44:00,Lower Ringold,1,2026-04-27 08:28:00
Rock Island Tailrace CHN,3,G72A6BD2B,2026-04-21 21:28:20,2026-04-23 15:44:00,Hanford,1,2026-04-27 11:27:16
Rock Island Tailrace CHN,3,G72A78930,2026-04-21 21:25:01,2026-04-23 15:44:00,Crescent Bar,1,2026-04-24 05:44:45
Rock Island Tailrace CHN,3,G72A78930,2026-04-21 21:25:01,2026-04-23 15:44:00,Sunland,1,2026-04-25 10:58:27
Rock Island Tailrace CHN,3,G72A78930,2026-04-21 21:25:01,2026-04-23 15:44:00,Wanapum BRZ,1,2026-04-27 08:11:08
Rock Island Tailrace CHN,3,G72A78930,2026-04-21 21:25:01,2026-04-23 15:44:00,Mattawa,1,2026-04-27 12:14:30
Rock Island Tailrace CHN,3,G72A78930,2026-04-21 21:25:01,2026-04-23 15:44:00,Priest BRZ,1,2026-04-28 07:02:20
Rock Island Tailrace CHN,3,G72A78930,2026-04-21 21:25:01,2026-04-23 15:44:00,Lower Ringold,1,2026-04-29 07:26:12
Rock Island Tailrace CHN,3,G72A78930,2026-04-21 21:25:01,2026-04-23 15:44:00,Hanford,1,2026-04-29 11:03:16
Rock Island Tailrace CHN,3,G72A7E197,2026-04-21 21:23:37,2026-04-23 15:44:00,Crescent Bar,1,2026-04-24 12:40:05
Rock Island Tailrace CHN,3,G72A7E197,2026-04-21 21:23:37,2026-04-23 15:44:00,Sunland,1,2026-04-25 11:29:33
Rock Island Tailrace CHN,3,G72A7E197,2026-04-21 21:23:37,2026-04-23 15:44:00,Wanapum BRZ,1,2026-05-01 11:42:41
Rock Island Tailrace CHN,3,G72A7E197,2026-04-21 21:23:37,2026-04-23 15:44:00,Mattawa,1,2026-05-01 19:18:44
Rock Island Tailrace CHN,3,G72A7E197,2026-04-21 21:23:37,2026-04-23 15:44:00,Priest BRZ,1,2026-05-02 08:13:35
Rock Island Tailrace CHN,3,G72A7E197,2026-04-21 21:23:37,2026-04-23 15:44:00,Lower Ringold,1,2026-05-03 02:39:49
Rock Island Tailrace CHN,3,G72A7E197,2026-04-21 21:23:37,2026-04-23 15:44:00,Hanford,1,2026-05-03 05:38:15
Rock Island Tailrace CHN,2,G72A93880,2026-04-22 20:29:20,2026-04-24 15:37:00,Crescent Bar,1,2026-04-25 03:36:29
Rock Island Tailrace CHN,2,G72A93880,2026-04-22 20:29:20,2026-04-24 15:37:00,Sunland,1,2026-04-26 07:21:03
Rock Island Tailrace CHN,2,G72A93880,2026-04-22 20:29:20,2026-04-24 15:37:00,Wanapum BRZ,1,2026-04-27 19:07:34
Rock Island Tailrace CHN,2,G72A93880,2026-04-22 20:29:20,2026-04-24 15:37:00,Mattawa,1,2026-04-28 04:29:14
Rock Island Tailrace CHN,2,G72A93880,2026-04-22 20:29:20,2026-04-24 15:37:00,Priest BRZ,1,2026-04-28 23:24:08
Rock Island Tailrace CHN,2,G72A93880,2026-04-22 20:29:20,2026-04-24 15:37:00,Lower Ringold,1,2026-04-29 16:11:16
Rock Island Tailrace CHN,2,G72A93880,2026-04-22 20:29:20,2026-04-24 15:37:00,Hanford,1,2026-04-29 20:27:52
Rock Island Tailrace CHN,3,G72AA8F64,2026-04-23 21:00:42,2026-04-25 16:46:00,Crescent Bar,1,2026-04-26 03:26:44
Rock Island Tailrace CHN,3,G72AA8F64,2026-04-23 21:00:42,2026-04-25 16:46:00,Sunland,1,2026-04-27 04:39:09
Rock Island Tailrace CHN,3,G72AA8F64,2026-04-23 21:00:42,2026-04-25 16:46:00,Wanapum BRZ,1,2026-04-29 15:07:45
Rock Island Tailrace CHN,3,G72AA8F64,2026-04-23 21:00:42,2026-04-25 16:46:00,Mattawa,1,2026-04-29 19:45:25
Rock Island Tailrace CHN,3,G72AA8F64,2026-04-23 21:00:42,2026-04-25 16:46:00,Priest BRZ,1,2026-04-30 20:33:37
Rock Island Tailrace CHN,3,G72AA8F64,2026-04-23 21:00:42,2026-04-25 16:46:00,Lower Ringold,1,2026-05-01 10:33:03
Rock Island Tailrace CHN,3,G72AA8F64,2026-04-23 21:00:42,2026-04-25 16:46:00,Hanford,1,2026-05-01 21:37:55
Rock Island Tailrace CHN,3,G72AAC402,2026-04-23 20:47:54,2026-04-25 16:46:00,Crescent Bar,1,2026-04-26 03:48:41
Rock Island Tailrace CHN,3,G72AAC402,2026-04-23 20:47:54,2026-04-25 16:46:00,Sunland,1,2026-05-13 12:10:58
Rock Island Tailrace CHN,3,G72AAC402,2026-04-23 20:47:54,2026-04-25 16:46:00,Wanapum BRZ,1,2026-05-14 16:59:35
Rock Island Tailrace CHN,3,G72AAC402,2026-04-23 20:47:54,2026-04-25 16:46:00,Mattawa,1,2026-05-14 22:40:22
Rock Island Tailrace CHN,3,G72AAC402,2026-04-23 20:47:54,2026-04-25 16:46:00,Priest BRZ,1,2026-05-15 21:49:37
Rock Island Tailrace CHN,3,G72AAC402,2026-04-23 20:47:54,2026-04-25 16:46:00,Lower Ringold,1,2026-05-16 18:04:25
Rock Island Tailrace CHN,3,G72AAC402,2026-04-23 20:47:54,2026-04-25 16:46:00,Hanford,1,2026-05-16 22:09:21
Rock Island Tailrace CHN,3,G72AC2E3F,2026-04-23 21:14:05,2026-04-25 16:46:00,Crescent Bar,1,2026-04-26 09:01:15
Rock Island Tailrace CHN,3,G72AC2E3F,2026-04-23 21:14:05,2026-04-25 16:46:00,Sunland,1,2026-04-27 09:58:37
Rock Island Tailrace CHN,3,G72AC2E3F,2026-04-23 21:14:05,2026-04-25 16:46:00,Wanapum BRZ,1,2026-04-30 06:18:59
Rock Island Tailrace CHN,3,G72AC2E3F,2026-04-23 21:14:05,2026-04-25 16:46:00,Mattawa,1,2026-04-30 09:24:46
Rock Island Tailrace CHN,3,G72AC2E3F,2026-04-23 21:14:05,2026-04-25 16:46:00,Priest BRZ,1,2026-04-30 20:06:25
Rock Island Tailrace CHN,3,G72AC2E3F,2026-04-23 21:14:05,2026-04-25 16:46:00,Lower Ringold,1,2026-05-01 13:58:53
Rock Island Tailrace CHN,3,G72AC2E3F,2026-04-23 21:14:05,2026-04-25 16:46:00,Hanford,1,2026-05-02 05:04:28
Rock Island Tailrace CHN,3,G72AC6138,2026-04-24 20:59:28,2026-04-26 15:41:00,Crescent Bar,1,2026-04-27 09:49:45
Rock Island Tailrace CHN,3,G72AC6138,2026-04-24 20:59:28,2026-04-26 15:41:00,Sunland,1,2026-04-28 17:00:50
Rock Island Tailrace CHN,3,G72AC6138,2026-04-24 20:59:28,2026-04-26 15:41:00,Wanapum BRZ,1,2026-05-02 04:54:00
Rock Island Tailrace CHN,3,G72AC6138,2026-04-24 20:59:28,2026-04-26 15:41:00,Mattawa,1,2026-05-02 07:26:42
Rock Island Tailrace CHN,3,G72AC6138,2026-04-24 20:59:28,2026-04-26 15:41:00,Priest BRZ,1,2026-05-02 19:25:49
Rock Island Tailrace CHN,3,G72AC6138,2026-04-24 20:59:28,2026-04-26 15:41:00,Lower Ringold,1,2026-05-03 07:38:00
Rock Island Tailrace CHN,3,G72AC6138,2026-04-24 20:59:28,2026-04-26 15:41:00,Hanford,1,2026-05-03 10:28:09
Rock Island Tailrace CHN,3,G72AC7626,2026-04-21 00:23:24,2026-04-22 20:05:00,Crescent Bar,1,2026-04-23 08:43:15
Rock Island Tailrace CHN,3,G72AC7626,2026-04-21 00:23:24,2026-04-22 20:05:00,Sunland,1,2026-04-24 09:04:15
Rock Island Tailrace CHN,3,G72AC7626,2026-04-21 00:23:24,2026-04-22 20:05:00,Wanapum BRZ,1,2026-04-26 11:04:02
Rock Island Tailrace CHN,3,G72AC7626,2026-04-21 00:23:24,2026-04-22 20:05:00,Mattawa,1,2026-04-28 20:17:54
Rock Island Tailrace CHN,3,G72AC7626,2026-04-21 00:23:24,2026-04-22 20:05:00,Priest BRZ,1,2026-04-29 19:23:57
Rock Island Tailrace CHN,3,G72AC7626,2026-04-21 00:23:24,2026-04-22 20:05:00,Lower Ringold,0,
Rock Island Tailrace CHN,3,G72AC7626,2026-04-21 00:23:24,2026-04-22 20:05:00,Hanford,0,
Rock Island Tailrace CHN,1,G72ACDF15,2026-04-24 19:40:33,2026-04-26 15:41:00,Crescent Bar,1,2026-04-27 06:49:47
Rock Island Tailrace CHN,1,G72ACDF15,2026-04-24 19:40:33,2026-04-26 15:41:00,Sunland,1,2026-04-28 08:46:06
Rock Island Tailrace CHN,1,G72ACDF15,2026-04-24 19:40:33,2026-04-26 15:41:00,Wanapum BRZ,1,2026-05-01 10:53:25
Rock Island Tailrace CHN,1,G72ACDF15,2026-04-24 19:40:33,2026-04-26 15:41:00,Mattawa,1,2026-05-01 16:06:09
Rock Island Tailrace CHN,1,G72ACDF15,2026-04-24 19:40:33,2026-04-26 15:41:00,Priest BRZ,1,2026-05-02 01:06:01
Rock Island Tailrace CHN,1,G72ACDF15,2026-04-24 19:40:33,2026-04-26 15:41:00,Lower Ringold,1,2026-05-02 11:08:35
Rock Island Tailrace CHN,1,G72ACDF15,2026-04-24 19:40:33,2026-04-26 15:41:00,Hanford,1,2026-05-02 13:56:59
Rock Island Tailrace CHN,1,G72ADE511,2026-04-23 20:59:43,2026-04-25 16:46:00,Crescent Bar,1,2026-04-26 05:21:00
Rock Island Tailrace CHN,1,G72ADE511,2026-04-23 20:59:43,2026-04-25 16:46:00,Sunland,1,2026-04-27 08:59:59
Rock Island Tailrace CHN,1,G72ADE511,2026-04-23 20:59:43,2026-04-25 16:46:00,Wanapum BRZ,1,2026-04-29 23:23:03
Rock Island Tailrace CHN,1,G72ADE511,2026-04-23 20:59:43,2026-04-25 16:46:00,Mattawa,1,2026-04-30 02:44:31
Rock Island Tailrace CHN,1,G72ADE511,2026-04-23 20:59:43,2026-04-25 16:46:00,Priest BRZ,1,2026-04-30 16:35:55
Rock Island Tailrace CHN,1,G72ADE511,2026-04-23 20:59:43,2026-04-25 16:46:00,Lower Ringold,1,2026-05-01 04:51:07
Rock Island Tailrace CHN,1,G72ADE511,2026-04-23 20:59:43,2026-04-25 16:46:00,Hanford,1,2026-05-01 07:36:33
Rock Island Tailrace CHN,1,G72ADE9B2,2026-04-24 19:29:34,2026-04-26 15:41:00,Crescent Bar,1,2026-04-27 06:22:29
Rock Island Tailrace CHN,1,G72ADE9B2,2026-04-24 19:29:34,2026-04-26 15:41:00,Sunland,1,2026-04-28 08:51:11
Rock Island Tailrace CHN,1,G72ADE9B2,2026-04-24 19:29:34,2026-04-26 15:41:00,Wanapum BRZ,1,2026-04-30 08:26:58
Rock Island Tailrace CHN,1,G72ADE9B2,2026-04-24 19:29:34,2026-04-26 15:41:00,Mattawa,1,2026-04-30 12:05:20
Rock Island Tailrace CHN,1,G72ADE9B2,2026-04-24 19:29:34,2026-04-26 15:41:00,Priest BRZ,1,2026-05-01 03:31:23
Rock Island Tailrace CHN,1,G72ADE9B2,2026-04-24 19:29:34,2026-04-26 15:41:00,Lower Ringold,1,2026-05-02 06:14:21
Rock Island Tailrace CHN,1,G72ADE9B2,2026-04-24 19:29:34,2026-04-26 15:41:00,Hanford,1,2026-05-02 09:50:05
Rock Island Tailrace CHN,3,G72AE0FD3,2026-04-22 20:28:41,2026-04-24 15:37:00,Crescent Bar,1,2026-04-25 07:10:39
Rock Island Tailrace CHN,3,G72AE0FD3,2026-04-22 20:28:41,2026-04-24 15:37:00,Sunland,1,2026-04-26 00:09:31
Rock Island Tailrace CHN,3,G72AE0FD3,2026-04-22 20:28:41,2026-04-24 15:37:00,Wanapum BRZ,1,2026-04-27 07:23:42
Rock Island Tailrace CHN,3,G72AE0FD3,2026-04-22 20:28:41,2026-04-24 15:37:00,Mattawa,1,2026-04-27 11:31:25
Rock Island Tailrace CHN,3,G72AE0FD3,2026-04-22 20:28:41,2026-04-24 15:37:00,Priest BRZ,1,2026-04-28 01:41:22
Rock Island Tailrace CHN,3,G72AE0FD3,2026-04-22 20:28:41,2026-04-24 15:37:00,Lower Ringold,1,2026-04-28 15:42:31
Rock Island Tailrace CHN,3,G72AE0FD3,2026-04-22 20:28:41,2026-04-24 15:37:00,Hanford,1,2026-04-28 19:37:48
Rock Island Tailrace CHN,3,G72AE4948,2026-04-26 16:59:03,2026-04-28 16:26:00,Crescent Bar,1,2026-04-29 05:01:17
Rock Island Tailrace CHN,3,G72AE4948,2026-04-26 16:59:03,2026-04-28 16:26:00,Sunland,1,2026-04-29 19:14:44
Rock Island Tailrace CHN,3,G72AE4948,2026-04-26 16:59:03,2026-04-28 16:26:00,Wanapum BRZ,1,2026-05-03 03:53:24
Rock Island Tailrace CHN,3,G72AE4948,2026-04-26 16:59:03,2026-04-28 16:26:00,Mattawa,1,2026-05-03 06:45:35
Rock Island Tailrace CHN,3,G72AE4948,2026-04-26 16:59:03,2026-04-28 16:26:00,Priest BRZ,1,2026-05-03 15:03:11
Rock Island Tailrace CHN,3,G72AE4948,2026-04-26 16:59:03,2026-04-28 16:26:00,Lower Ringold,1,2026-05-06 06:11:02
Rock Island Tailrace CHN,3,G72AE4948,2026-04-26 16:59:03,2026-04-28 16:26:00,Hanford,1,2026-05-06 08:52:06
Rock Island Tailrace CHN,1,G72AF7212,2026-04-24 19:48:06,2026-04-26 15:41:00,Crescent Bar,1,2026-04-27 01:19:37
Rock Island Tailrace CHN,1,G72AF7212,2026-04-24 19:48:06,2026-04-26 15:41:00,Sunland,1,2026-04-29 09:40:19
Rock Island Tailrace CHN,1,G72AF7212,2026-04-24 19:48:06,2026-04-26 15:41:00,Wanapum BRZ,0,
Rock Island Tailrace CHN,1,G72AF7212,2026-04-24 19:48:06,2026-04-26 15:41:00,Mattawa,0,
Rock Island Tailrace CHN,1,G72AF7212,2026-04-24 19:48:06,2026-04-26 15:41:00,Priest BRZ,0,
Rock Island Tailrace CHN,1,G72AF7212,2026-04-24 19:48:06,2026-04-26 15:41:00,Lower Ringold,0,
Rock Island Tailrace CHN,1,G72AF7212,2026-04-24 19:48:06,2026-04-26 15:41:00,Hanford,0,
Rock Island Tailrace CHN,1,G72AFE203,2026-04-26 16:49:25,2026-04-28 16:26:00,Crescent Bar,1,2026-04-29 05:24:41
Rock Island Tailrace CHN,1,G72AFE203,2026-04-26 16:49:25,2026-04-28 16:26:00,Sunland,1,2026-04-30 07:35:46
Rock Island Tailrace CHN,1,G72AFE203,2026-04-26 16:49:25,2026-04-28 16:26:00,Wanapum BRZ,1,2026-05-01 09:39:14
Rock Island Tailrace CHN,1,G72AFE203,2026-04-26 16:49:25,2026-04-28 16:26:00,Mattawa,1,2026-05-01 14:16:03
Rock Island Tailrace CHN,1,G72AFE203,2026-04-26 16:49:25,2026-04-28 16:26:00,Priest BRZ,1,2026-05-01 20:53:01
Rock Island Tailrace CHN,1,G72AFE203,2026-04-26 16:49:25,2026-04-28 16:26:00,Lower Ringold,0,
Rock Island Tailrace CHN,1,G72AFE203,2026-04-26 16:49:25,2026-04-28 16:26:00,Hanford,0,
Rock Island Tailrace CHN,1,G72B0145E,2026-04-27 18:31:03,2026-04-29 15:28:00,Crescent Bar,1,2026-04-30 10:14:09
Rock Island Tailrace CHN,1,G72B0145E,2026-04-27 18:31:03,2026-04-29 15:28:00,Sunland,1,2026-05-01 04:52:43
Rock Island Tailrace CHN,1,G72B0145E,2026-04-27 18:31:03,2026-04-29 15:28:00,Wanapum BRZ,1,2026-05-04 12:46:44
Rock Island Tailrace CHN,1,G72B0145E,2026-04-27 18:31:03,2026-04-29 15:28:00,Mattawa,0,
Rock Island Tailrace CHN,1,G72B0145E,2026-04-27 18:31:03,2026-04-29 15:28:00,Priest BRZ,0,
Rock Island Tailrace CHN,1,G72B0145E,2026-04-27 18:31:03,2026-04-29 15:28:00,Lower Ringold,0,
Rock Island Tailrace CHN,1,G72B0145E,2026-04-27 18:31:03,2026-04-29 15:28:00,Hanford,0,
Rock Island Tailrace CHN,1,G72B1A5F6,2026-04-21 21:31:19,2026-04-23 15:44:00,Crescent Bar,1,2026-04-24 01:43:54
Rock Island Tailrace CHN,1,G72B1A5F6,2026-04-21 21:31:19,2026-04-23 15:44:00,Sunland,1,2026-04-24 11:16:51
Rock Island Tailrace CHN,1,G72B1A5F6,2026-04-21 21:31:19,2026-04-23 15:44:00,Wanapum BRZ,0,
Rock Island Tailrace CHN,1,G72B1A5F6,2026-04-21 21:31:19,2026-04-23 15:44:00,Mattawa,0,
Rock Island Tailrace CHN,1,G72B1A5F6,2026-04-21 21:31:19,2026-04-23 15:44:00,Priest BRZ,0,
Rock Island Tailrace CHN,1,G72B1A5F6,2026-04-21 21:31:19,2026-04-23 15:44:00,Lower Ringold,0,
Rock Island Tailrace CHN,1,G72B1A5F6,2026-04-21 21:31:19,2026-04-23 15:44:00,Hanford,0,
Rock Island Tailrace CHN,1,G72B23C2E,2026-04-21 21:37:38,2026-04-23 15:44:00,Crescent Bar,1,2026-04-24 05:16:20
Rock Island Tailrace CHN,1,G72B23C2E,2026-04-21 21:37:38,2026-04-23 15:44:00,Sunland,1,2026-04-24 15:46:31
Rock Island Tailrace CHN,1,G72B23C2E,2026-04-21 21:37:38,2026-04-23 15:44:00,Wanapum BRZ,1,2026-04-26 10:09:18
Rock Island Tailrace CHN,1,G72B23C2E,2026-04-21 21:37:38,2026-04-23 15:44:00,Mattawa,1,2026-04-26 15:10:32
Rock Island Tailrace CHN,1,G72B23C2E,2026-04-21 21:37:38,2026-04-23 15:44:00,Priest BRZ,1,2026-04-27 10:50:26
Rock Island Tailrace CHN,1,G72B23C2E,2026-04-21 21:37:38,2026-04-23 15:44:00,Lower Ringold,1,2026-04-28 17:22:20
Rock Island Tailrace CHN,1,G72B23C2E,2026-04-21 21:37:38,2026-04-23 15:44:00,Hanford,1,2026-04-28 23:47:37
Rock Island Tailrace CHN,1,G72B2CEE6,2026-04-21 21:26:52,2026-04-23 15:44:00,Crescent Bar,1,2026-04-24 05:27:05
Rock Island Tailrace CHN,1,G72B2CEE6,2026-04-21 21:26:52,2026-04-23 15:44:00,Sunland,1,2026-04-24 19:23:31
Rock Island Tailrace CHN,1,G72B2CEE6,2026-04-21 21:26:52,2026-04-23 15:44:00,Wanapum BRZ,1,2026-04-27 09:47:28
Rock Island Tailrace CHN,1,G72B2CEE6,2026-04-21 21:26:52,2026-04-23 15:44:00,Mattawa,1,2026-04-27 12:27:47
Rock Island Tailrace CHN,1,G72B2CEE6,2026-04-21 21:26:52,2026-04-23 15:44:00,Priest BRZ,1,2026-04-28 10:42:29
Rock Island Tailrace CHN,1,G72B2CEE6,2026-04-21 21:26:52,2026-04-23 15:44:00,Lower Ringold,1,2026-04-29 08:24:14
Rock Island Tailrace CHN,1,G72B2CEE6,2026-04-21 21:26:52,2026-04-23 15:44:00,Hanford,1,2026-04-29 12:05:25
Rock Island Tailrace CHN,1,G72B6EC42,2026-04-26 16:53:38,2026-04-28 16:26:00,Crescent Bar,1,2026-04-29 09:33:57
Rock Island Tailrace CHN,1,G72B6EC42,2026-04-26 16:53:38,2026-04-28 16:26:00,Sunland,1,2026-04-30 16:47:03
Rock Island Tailrace CHN,1,G72B6EC42,2026-04-26 16:53:38,2026-04-28 16:26:00,Wanapum BRZ,1,2026-05-02 10:05:52
Rock Island Tailrace CHN,1,G72B6EC42,2026-04-26 16:53:38,2026-04-28 16:26:00,Mattawa,1,2026-05-02 22:33:55
Rock Island Tailrace CHN,1,G72B6EC42,2026-04-26 16:53:38,2026-04-28 16:26:00,Priest BRZ,1,2026-05-03 16:45:06
Rock Island Tailrace CHN,1,G72B6EC42,2026-04-26 16:53:38,2026-04-28 16:26:00,Lower Ringold,1,2026-05-04 08:10:16
Rock Island Tailrace CHN,1,G72B6EC42,2026-04-26 16:53:38,2026-04-28 16:26:00,Hanford,1,2026-05-04 10:38:54
Rock Island Tailrace CHN,3,G72B8BD1B,2026-04-22 20:30:59,2026-04-24 15:37:00,Crescent Bar,1,2026-04-24 22:16:11
Rock Island Tailrace CHN,3,G72B8BD1B,2026-04-22 20:30:59,2026-04-24 15:37:00,Sunland,1,2026-04-26 06:40:02
Rock Island Tailrace CHN,3,G72B8BD1B,2026-04-22 20:30:59,2026-04-24 15:37:00,Wanapum BRZ,0,
Rock Island Tailrace CHN,3,G72B8BD1B,2026-04-22 20:30:59,2026-04-24 15:37:00,Mattawa,0,
Rock Island Tailrace CHN,3,G72B8BD1B,2026-04-22 20:30:59,2026-04-24 15:37:00,Priest BRZ,0,
Rock Island Tailrace CHN,3,G72B8BD1B,2026-04-22 20:30:59,2026-04-24 15:37:00,Lower Ringold,0,
Rock Island Tailrace CHN,3,G72B8BD1B,2026-04-22 20:30:59,2026-04-24 15:37:00,Hanford,0,
Rock Island Tailrace CHN,3,G72B9ED04,2026-04-27 17:51:00,2026-04-29 15:28:00,Crescent Bar,1,2026-04-29 23:52:02
Rock Island Tailrace CHN,3,G72B9ED04,2026-04-27 17:51:00,2026-04-29 15:28:00,Sunland,1,2026-04-30 09:50:35
Rock Island Tailrace CHN,3,G72B9ED04,2026-04-27 17:51:00,2026-04-29 15:28:00,Wanapum BRZ,1,2026-05-02 17:11:00
Rock Island Tailrace CHN,3,G72B9ED04,2026-04-27 17:51:00,2026-04-29 15:28:00,Mattawa,1,2026-05-03 03:26:44
Rock Island Tailrace CHN,3,G72B9ED04,2026-04-27 17:51:00,2026-04-29 15:28:00,Priest BRZ,1,2026-05-03 20:46:02
Rock Island Tailrace CHN,3,G72B9ED04,2026-04-27 17:51:00,2026-04-29 15:28:00,Lower Ringold,1,2026-05-04 11:05:08
Rock Island Tailrace CHN,3,G72B9ED04,2026-04-27 17:51:00,2026-04-29 15:28:00,Hanford,1,2026-05-04 15:13:46
Rock Island Tailrace CHN,3,G72BBADD3,2026-04-25 18:07:25,2026-04-27 15:43:00,Crescent Bar,1,2026-04-28 11:22:40
Rock Island Tailrace CHN,3,G72BBADD3,2026-04-25 18:07:25,2026-04-27 15:43:00,Sunland,1,2026-04-30 02:17:51
Rock Island Tailrace CHN,3,G72BBADD3,2026-04-25 18:07:25,2026-04-27 15:43:00,Wanapum BRZ,1,2026-05-02 02:38:54
Rock Island Tailrace CHN,3,G72BBADD3,2026-04-25 18:07:25,2026-04-27 15:43:00,Mattawa,1,2026-05-02 07:54:14
Rock Island Tailrace CHN,3,G72BBADD3,2026-04-25 18:07:25,2026-04-27 15:43:00,Priest BRZ,1,2026-05-02 19:48:23
Rock Island Tailrace CHN,3,G72BBADD3,2026-04-25 18:07:25,2026-04-27 15:43:00,Lower Ringold,1,2026-05-03 07:54:17
Rock Island Tailrace CHN,3,G72BBADD3,2026-04-25 18:07:25,2026-04-27 15:43:00,Hanford,1,2026-05-03 10:36:50
Rock Island Tailrace CHN,3,G72BBE8AA,2026-04-25 18:04:58,2026-04-27 15:43:00,Crescent Bar,1,2026-04-29 09:58:48
Rock Island Tailrace CHN,3,G72BBE8AA,2026-04-25 18:04:58,2026-04-27 15:43:00,Sunland,1,2026-05-01 05:34:00
Rock Island Tailrace CHN,3,G72BBE8AA,2026-04-25 18:04:58,2026-04-27 15:43:00,Wanapum BRZ,1,2026-05-04 08:08:24
Rock Island Tailrace CHN,3,G72BBE8AA,2026-04-25 18:04:58,2026-04-27 15:43:00,Mattawa,1,2026-05-04 20:08:02
Rock Island Tailrace CHN,3,G72BBE8AA,2026-04-25 18:04:58,2026-04-27 15:43:00,Priest BRZ,1,2026-05-05 18:27:57
Rock Island Tailrace CHN,3,G72BBE8AA,2026-04-25 18:04:58,2026-04-27 15:43:00,Lower Ringold,1,2026-05-06 09:55:36
Rock Island Tailrace CHN,3,G72BBE8AA,2026-04-25 18:04:58,2026-04-27 15:43:00,Hanford,1,2026-05-06 13:55:05
Rock Island Tailrace CHN,3,G72BDF05F,2026-04-21 21:27:27,2026-04-23 15:44:00,Crescent Bar,1,2026-04-24 04:47:51
Rock Island Tailrace CHN,3,G72BDF05F,2026-04-21 21:27:27,2026-04-23 15:44:00,Sunland,1,2026-04-24 15:07:40
Rock Island Tailrace CHN,3,G72BDF05F,2026-04-21 21:27:27,2026-04-23 15:44:00,Wanapum BRZ,1,2026-04-26 04:59:44
Rock Island Tailrace CHN,3,G72BDF05F,2026-04-21 21:27:27,2026-04-23 15:44:00,Mattawa,1,2026-05-02 23:46:40
Rock Island Tailrace CHN,3,G72BDF05F,2026-04-21 21:27:27,2026-04-23 15:44:00,Priest BRZ,1,2026-05-03 12:07:15
Rock Island Tailrace CHN,3,G72BDF05F,2026-04-21 21:27:27,2026-04-23 15:44:00,Lower Ringold,1,2026-05-04 15:20:07
Rock Island Tailrace CHN,3,G72BDF05F,2026-04-21 21:27:27,2026-04-23 15:44:00,Hanford,1,2026-05-04 18:43:00
Rock Island Tailrace CHN,3,G72BE06A3,2026-04-23 20:43:49,2026-04-25 16:46:00,Crescent Bar,1,2026-04-26 08:46:31
Rock Island Tailrace CHN,3,G72BE06A3,2026-04-23 20:43:49,2026-04-25 16:46:00,Sunland,1,2026-04-27 08:32:01
Rock Island Tailrace CHN,3,G72BE06A3,2026-04-23 20:43:49,2026-04-25 16:46:00,Wanapum BRZ,1,2026-05-01 09:36:31
Rock Island Tailrace CHN,3,G72BE06A3,2026-04-23 20:43:49,2026-04-25 16:46:00,Mattawa,1,2026-05-01 12:03:29
Rock Island Tailrace CHN,3,G72BE06A3,2026-04-23 20:43:49,2026-04-25 16:46:00,Priest BRZ,1,2026-05-02 03:49:14
Rock Island Tailrace CHN,3,G72BE06A3,2026-04-23 20:43:49,2026-04-25 16:46:00,Lower Ringold,1,2026-05-02 14:29:39
Rock Island Tailrace CHN,3,G72BE06A3,2026-04-23 20:43:49,2026-04-25 16:46:00,Hanford,1,2026-05-02 19:35:53
Rock Island Tailrace CHN,1,G72C09E1A,2026-04-26 17:16:14,2026-04-28 16:26:00,Crescent Bar,1,2026-04-29 07:44:10
Rock Island Tailrace CHN,1,G72C09E1A,2026-04-26 17:16:14,2026-04-28 16:26:00,Sunland,1,2026-04-29 23:18:41
Rock Island Tailrace CHN,1,G72C09E1A,2026-04-26 17:16:14,2026-04-28 16:26:00,Wanapum BRZ,1,2026-05-02 14:55:30
Rock Island Tailrace CHN,1,G72C09E1A,2026-04-26 17:16:14,2026-04-28 16:26:00,Mattawa,1,2026-05-02 18:03:38
Rock Island Tailrace CHN,1,G72C09E1A,2026-04-26 17:16:14,2026-04-28 16:26:00,Priest BRZ,1,2026-05-03 04:23:16
Rock Island Tailrace CHN,1,G72C09E1A,2026-04-26 17:16:14,2026-04-28 16:26:00,Lower Ringold,1,2026-05-03 15:41:17
Rock Island Tailrace CHN,1,G72C09E1A,2026-04-26 17:16:14,2026-04-28 16:26:00,Hanford,1,2026-05-03 20:48:36
Rock Island Tailrace CHN,1,G72C0A207,2026-04-22 20:31:33,2026-04-24 15:37:00,Crescent Bar,1,2026-04-24 21:41:35
Rock Island Tailrace CHN,1,G72C0A207,2026-04-22 20:31:33,2026-04-24 15:37:00,Sunland,1,2026-04-25 10:27:12
Rock Island Tailrace CHN,1,G72C0A207,2026-04-22 20:31:33,2026-04-24 15:37:00,Wanapum BRZ,1,2026-04-26 20:40:53
Rock Island Tailrace CHN,1,G72C0A207,2026-04-22 20:31:33,2026-04-24 15:37:00,Mattawa,1,2026-04-27 00:42:46
Rock Island Tailrace CHN,1,G72C0A207,2026-04-22 20:31:33,2026-04-24 15:37:00,Priest BRZ,1,2026-04-30 11:00:24
Rock Island Tailrace CHN,1,G72C0A207,2026-04-22 20:31:33,2026-04-24 15:37:00,Lower Ringold,1,2026-05-06 02:14:55
Rock Island Tailrace CHN,1,G72C0A207,2026-04-22 20:31:33,2026-04-24 15:37:00,Hanford,1,2026-05-06 06:20:03
Rock Island Tailrace CHN,1,G72C2AE35,2026-04-25 17:59:23,2026-04-27 15:43:00,Crescent Bar,1,2026-04-27 22:20:32
Rock Island Tailrace CHN,1,G72C2AE35,2026-04-25 17:59:23,2026-04-27 15:43:00,Sunland,1,2026-04-29 02:56:32
Rock Island Tailrace CHN,1,G72C2AE35,2026-04-25 17:59:23,2026-04-27 15:43:00,Wanapum BRZ,1,2026-05-03 09:51:03
Rock Island Tailrace CHN,1,G72C2AE35,2026-04-25 17:59:23,2026-04-27 15:43:00,Mattawa,1,2026-05-03 14:08:35
Rock Island Tailrace CHN,1,G72C2AE35,2026-04-25 17:59:23,2026-04-27 15:43:00,Priest BRZ,1,2026-05-05 12:02:57
Rock Island Tailrace CHN,1,G72C2AE35,2026-04-25 17:59:23,2026-04-27 15:43:00,Lower Ringold,1,2026-05-06 09:45:09
Rock Island Tailrace CHN,1,G72C2AE35,2026-04-25 17:59:23,2026-04-27 15:43:00,Hanford,1,2026-05-06 13:23:28
Rock Island Tailrace CHN,2,G72C46E55,2026-04-25 18:09:28,2026-04-27 15:43:00,Crescent Bar,1,2026-04-28 09:51:35
Rock Island Tailrace CHN,2,G72C46E55,2026-04-25 18:09:28,2026-04-27 15:43:00,Sunland,1,2026-04-29 09:55:50
Rock Island Tailrace CHN,2,G72C46E55,2026-04-25 18:09:28,2026-04-27 15:43:00,Wanapum BRZ,1,2026-05-01 23:06:46
Rock Island Tailrace CHN,2,G72C46E55,2026-04-25 18:09:28,2026-04-27 15:43:00,Mattawa,1,2026-05-02 01:40:28
Rock Island Tailrace CHN,2,G72C46E55,2026-04-25 18:09:28,2026-04-27 15:43:00,Priest BRZ,1,2026-05-02 12:38:34
Rock Island Tailrace CHN,2,G72C46E55,2026-04-25 18:09:28,2026-04-27 15:43:00,Lower Ringold,1,2026-05-03 01:36:44
Rock Island Tailrace CHN,2,G72C46E55,2026-04-25 18:09:28,2026-04-27 15:43:00,Hanford,1,2026-05-03 04:57:19
Rock Island Tailrace CHN,1,G72C4893F,2026-04-24 19:46:20,2026-04-26 15:41:00,Crescent Bar,1,2026-04-27 10:21:04
Rock Island Tailrace CHN,1,G72C4893F,2026-04-24 19:46:20,2026-04-26 15:41:00,Sunland,1,2026-04-28 12:06:35
Rock Island Tailrace CHN,1,G72C4893F,2026-04-24 19:46:20,2026-04-26 15:41:00,Wanapum BRZ,1,2026-05-02 01:41:07
Rock Island Tailrace CHN,1,G72C4893F,2026-04-24 19:46:20,2026-04-26 15:41:00,Mattawa,1,2026-05-02 17:09:02
Rock Island Tailrace CHN,1,G72C4893F,2026-04-24 19:46:20,2026-04-26 15:41:00,Priest BRZ,1,2026-05-03 02:12:19
Rock Island Tailrace CHN,1,G72C4893F,2026-04-24 19:46:20,2026-04-26 15:41:00,Lower Ringold,1,2026-05-03 12:40:01
Rock Island Tailrace CHN,1,G72C4893F,2026-04-24 19:46:20,2026-04-26 15:41:00,Hanford,1,2026-05-03 16:10:25
Rock Island Tailrace CHN,1,G72C5AA3A,2026-04-24 19:51:21,2026-04-26 15:41:00,Crescent Bar,1,2026-04-27 11:04:21
Rock Island Tailrace CHN,1,G72C5AA3A,2026-04-24 19:51:21,2026-04-26 15:41:00,Sunland,1,2026-05-01 04:05:16
Rock Island Tailrace CHN,1,G72C5AA3A,2026-04-24 19:51:21,2026-04-26 15:41:00,Wanapum BRZ,1,2026-05-09 15:22:29
Rock Island Tailrace CHN,1,G72C5AA3A,2026-04-24 19:51:21,2026-04-26 15:41:00,Mattawa,1,2026-05-09 19:37:50
Rock Island Tailrace CHN,1,G72C5AA3A,2026-04-24 19:51:21,2026-04-26 15:41:00,Priest BRZ,1,2026-05-10 10:16:32
Rock Island Tailrace CHN,1,G72C5AA3A,2026-04-24 19:51:21,2026-04-26 15:41:00,Lower Ringold,1,2026-05-11 04:28:08
Rock Island Tailrace CHN,1,G72C5AA3A,2026-04-24 19:51:21,2026-04-26 15:41:00,Hanford,1,2026-05-11 07:39:39
Rock Island Tailrace CHN,1,G72C6BFCD,2026-04-22 00:20:37,2026-04-23 15:44:00,Crescent Bar,1,2026-04-24 05:08:33
Rock Island Tailrace CHN,1,G72C6BFCD,2026-04-22 00:20:37,2026-04-23 15:44:00,Sunland,1,2026-04-25 06:20:54
Rock Island Tailrace CHN,1,G72C6BFCD,2026-04-22 00:20:37,2026-04-23 15:44:00,Wanapum BRZ,1,2026-04-27 06:11:58
Rock Island Tailrace CHN,1,G72C6BFCD,2026-04-22 00:20:37,2026-04-23 15:44:00,Mattawa,1,2026-04-27 09:49:06
Rock Island Tailrace CHN,1,G72C6BFCD,2026-04-22 00:20:37,2026-04-23 15:44:00,Priest BRZ,1,2026-04-28 05:22:39
Rock Island Tailrace CHN,1,G72C6BFCD,2026-04-22 00:20:37,2026-04-23 15:44:00,Lower Ringold,0,
Rock Island Tailrace CHN,1,G72C6BFCD,2026-04-22 00:20:37,2026-04-23 15:44:00,Hanford,0,
Rock Island Tailrace CHN,1,G72C7B9D4,2026-04-21 21:32:06,2026-04-23 15:44:00,Crescent Bar,1,2026-04-24 05:56:26
Rock Island Tailrace CHN,1,G72C7B9D4,2026-04-21 21:32:06,2026-04-23 15:44:00,Sunland,1,2026-04-27 21:58:08
Rock Island Tailrace CHN,1,G72C7B9D4,2026-04-21 21:32:06,2026-04-23 15:44:00,Wanapum BRZ,1,2026-05-18 11:48:40
Rock Island Tailrace CHN,1,G72C7B9D4,2026-04-21 21:32:06,2026-04-23 15:44:00,Mattawa,1,2026-05-19 02:43:48
Rock Island Tailrace CHN,1,G72C7B9D4,2026-04-21 21:32:06,2026-04-23 15:44:00,Priest BRZ,1,2026-05-19 22:44:46
Rock Island Tailrace CHN,1,G72C7B9D4,2026-04-21 21:32:06,2026-04-23 15:44:00,Lower Ringold,1,2026-05-20 16:22:35
Rock Island Tailrace CHN,1,G72C7B9D4,2026-04-21 21:32:06,2026-04-23 15:44:00,Hanford,1,2026-05-20 19:27:19
Rock Island Tailrace CHN,1,G72C919A7,2026-04-27 18:04:07,2026-04-29 15:28:00,Crescent Bar,1,2026-04-30 02:57:34
Rock Island Tailrace CHN,1,G72C919A7,2026-04-27 18:04:07,2026-04-29 15:28:00,Sunland,1,2026-05-01 04:10:06
Rock Island Tailrace CHN,1,G72C919A7,2026-04-27 18:04:07,2026-04-29 15:28:00,Wanapum BRZ,1,2026-05-02 11:26:59
Rock Island Tailrace CHN,1,G72C919A7,2026-04-27 18:04:07,2026-04-29 15:28:00,Mattawa,1,2026-05-02 15:08:15
Rock Island Tailrace CHN,1,G72C919A7,2026-04-27 18:04:07,2026-04-29 15:28:00,Priest BRZ,1,2026-05-03 11:54:32
Rock Island Tailrace CHN,1,G72C919A7,2026-04-27 18:04:07,2026-04-29 15:28:00,Lower Ringold,1,2026-05-04 18:11:01
Rock Island Tailrace CHN,1,G72C919A7,2026-04-27 18:04:07,2026-04-29 15:28:00,Hanford,1,2026-05-04 22:17:46
Rock Island Tailrace CHN,1,G72C952C1,2026-04-24 21:00:32,2026-04-26 15:41:00,Crescent Bar,1,2026-04-27 06:51:42
Rock Island Tailrace CHN,1,G72C952C1,2026-04-24 21:00:32,2026-04-26 15:41:00,Sunland,1,2026-04-28 12:47:03
Rock Island Tailrace CHN,1,G72C952C1,2026-04-24 21:00:32,2026-04-26 15:41:00,Wanapum BRZ,1,2026-05-03 08:19:18
Rock Island Tailrace CHN,1,G72C952C1,2026-04-24 21:00:32,2026-04-26 15:41:00,Mattawa,1,2026-05-03 11:22:40
Rock Island Tailrace CHN,1,G72C952C1,2026-04-24 21:00:32,2026-04-26 15:41:00,Priest BRZ,1,2026-05-04 04:13:42
Rock Island Tailrace CHN,1,G72C952C1,2026-04-24 21:00:32,2026-04-26 15:41:00,Lower Ringold,1,2026-05-05 01:49:41
Rock Island Tailrace CHN,1,G72C952C1,2026-04-24 21:00:32,2026-04-26 15:41:00,Hanford,1,2026-05-05 04:34:40
Rock Island Tailrace CHN,1,G72CAD218,2026-04-21 22:08:55,2026-04-23 15:44:00,Crescent Bar,1,2026-04-24 05:12:11
Rock Island Tailrace CHN,1,G72CAD218,2026-04-21 22:08:55,2026-04-23 15:44:00,Sunland,1,2026-04-24 12:01:41
Rock Island Tailrace CHN,1,G72CAD218,2026-04-21 22:08:55,2026-04-23 15:44:00,Wanapum BRZ,1,2026-04-25 21:05:13
Rock Island Tailrace CHN,1,G72CAD218,2026-04-21 22:08:55,2026-04-23 15:44:00,Mattawa,1,2026-04-26 00:52:40
Rock Island Tailrace CHN,1,G72CAD218,2026-04-21 22:08:55,2026-04-23 15:44:00,Priest BRZ,1,2026-04-26 11:43:27
Rock Island Tailrace CHN,1,G72CAD218,2026-04-21 22:08:55,2026-04-23 15:44:00,Lower Ringold,0,
Rock Island Tailrace CHN,1,G72CAD218,2026-04-21 22:08:55,2026-04-23 15:44:00,Hanford,0,
Rock Island Tailrace CHN,1,G72CAE01A,2026-04-23 21:07:21,2026-04-25 16:46:00,Crescent Bar,1,2026-04-26 03:59:48
Rock Island Tailrace CHN,1,G72CAE01A,2026-04-23 21:07:21,2026-04-25 16:46:00,Sunland,1,2026-04-28 03:44:20
Rock Island Tailrace CHN,1,G72CAE01A,2026-04-23 21:07:21,2026-04-25 16:46:00,Wanapum BRZ,1,2026-05-02 10:35:08
Rock Island Tailrace CHN,1,G72CAE01A,2026-04-23 21:07:21,2026-04-25 16:46:00,Mattawa,1,2026-05-02 13:04:59
Rock Island Tailrace CHN,1,G72CAE01A,2026-04-23 21:07:21,2026-04-25 16:46:00,Priest BRZ,1,2026-05-03 00:41:47
Rock Island Tailrace CHN,1,G72CAE01A,2026-04-23 21:07:21,2026-04-25 16:46:00,Lower Ringold,1,2026-05-03 13:22:25
Rock Island Tailrace CHN,1,G72CAE01A,2026-04-23 21:07:21,2026-04-25 16:46:00,Hanford,1,2026-05-03 16:51:58
Rock Island Tailrace CHN,1,G72CB6052,2026-04-21 00:15:45,2026-04-22 20:05:00,Crescent Bar,1,2026-04-23 05:42:50
Rock Island Tailrace CHN,1,G72CB6052,2026-04-21 00:15:45,2026-04-22 20:05:00,Sunland,1,2026-04-24 07:37:31
Rock Island Tailrace CHN,1,G72CB6052,2026-04-21 00:15:45,2026-04-22 20:05:00,Wanapum BRZ,1,2026-04-25 06:57:13
Rock Island Tailrace CHN,1,G72CB6052,2026-04-21 00:15:45,2026-04-22 20:05:00,Mattawa,1,2026-04-25 10:08:59
Rock Island Tailrace CHN,1,G72CB6052,2026-04-21 00:15:45,2026-04-22 20:05:00,Priest BRZ,1,2026-04-26 04:28:56
Rock Island Tailrace CHN,1,G72CB6052,2026-04-21 00:15:45,2026-04-22 20:05:00,Lower Ringold,0,
Rock Island Tailrace CHN,1,G72CB6052,2026-04-21 00:15:45,2026-04-22 20:05:00,Hanford,0,
Rock Island Tailrace CHN,3,G72CD7387,2026-04-21 21:47:45,2026-04-23 15:44:00,Crescent Bar,1,2026-04-23 22:06:09
Rock Island Tailrace CHN,3,G72CD7387,2026-04-21 21:47:45,2026-04-23 15:44:00,Sunland,1,2026-04-24 10:43:44
Rock Island Tailrace CHN,3,G72CD7387,2026-04-21 21:47:45,2026-04-23 15:44:00,Wanapum BRZ,1,2026-04-27 10:29:35
Rock Island Tailrace CHN,3,G72CD7387,2026-04-21 21:47:45,2026-04-23 15:44:00,Mattawa,1,2026-04-28 05:56:35
Rock Island Tailrace CHN,3,G72CD7387,2026-04-21 21:47:45,2026-04-23 15:44:00,Priest BRZ,1,2026-04-28 23:25:35
Rock Island Tailrace CHN,3,G72CD7387,2026-04-21 21:47:45,2026-04-23 15:44:00,Lower Ringold,1,2026-04-29 11:31:28
Rock Island Tailrace CHN,3,G72CD7387,2026-04-21 21:47:45,2026-04-23 15:44:00,Hanford,1,2026-04-29 14:55:02
Rock Island Tailrace CHN,3,G72CDA28E,2026-04-21 00:20:34,2026-04-22 20:05:00,Crescent Bar,1,2026-04-23 07:50:30
Rock Island Tailrace CHN,3,G72CDA28E,2026-04-21 00:20:34,2026-04-22 20:05:00,Sunland,1,2026-04-24 03:54:57
Rock Island Tailrace CHN,3,G72CDA28E,2026-04-21 00:20:34,2026-04-22 20:05:00,Wanapum BRZ,1,2026-04-25 05:07:23
Rock Island Tailrace CHN,3,G72CDA28E,2026-04-21 00:20:34,2026-04-22 20:05:00,Mattawa,1,2026-04-27 10:07:31
Rock Island Tailrace CHN,3,G72CDA28E,2026-04-21 00:20:34,2026-04-22 20:05:00,Priest BRZ,1,2026-04-28 01:01:37
Rock Island Tailrace CHN,3,G72CDA28E,2026-04-21 00:20:34,2026-04-22 20:05:00,Lower Ringold,1,2026-04-28 23:22:46
Rock Island Tailrace CHN,3,G72CDA28E,2026-04-21 00:20:34,2026-04-22 20:05:00,Hanford,1,2026-04-29 04:16:36
Rock Island Tailrace CHN,3,G72CDF255,2026-04-21 00:26:35,2026-04-22 20:05:00,Crescent Bar,1,2026-04-23 10:58:00
Rock Island Tailrace CHN,3,G72CDF255,2026-04-21 00:26:35,2026-04-22 20:05:00,Sunland,1,2026-04-24 12:10:34
Rock Island Tailrace CHN,3,G72CDF255,2026-04-21 00:26:35,2026-04-22 20:05:00,Wanapum BRZ,1,2026-04-28 08:10:30
Rock Island Tailrace CHN,3,G72CDF255,2026-04-21 00:26:35,2026-04-22 20:05:00,Mattawa,1,2026-04-28 12:35:32
Rock Island Tailrace CHN,3,G72CDF255,2026-04-21 00:26:35,2026-04-22 20:05:00,Priest BRZ,1,2026-04-29 11:13:57
Rock Island Tailrace CHN,3,G72CDF255,2026-04-21 00:26:35,2026-04-22 20:05:00,Lower Ringold,1,2026-04-30 04:32:34
Rock Island Tailrace CHN,3,G72CDF255,2026-04-21 00:26:35,2026-04-22 20:05:00,Hanford,1,2026-04-30 10:11:48
Rock Island Tailrace CHN,3,G72CE05F7,2026-04-26 17:09:50,2026-04-28 16:26:00,Crescent Bar,1,2026-04-29 06:32:05
Rock Island Tailrace CHN,3,G72CE05F7,2026-04-26 17:09:50,2026-04-28 16:26:00,Sunland,1,2026-05-01 06:52:30
Rock Island Tailrace CHN,3,G72CE05F7,2026-04-26 17:09:50,2026-04-28 16:26:00,Wanapum BRZ,1,2026-05-02 22:07:28
Rock Island Tailrace CHN,3,G72CE05F7,2026-04-26 17:09:50,2026-04-28 16:26:00,Mattawa,1,2026-05-03 03:34:22
Rock Island Tailrace CHN,3,G72CE05F7,2026-04-26 17:09:50,2026-04-28 16:26:00,Priest BRZ,1,2026-05-03 17:33:01
Rock Island Tailrace CHN,3,G72CE05F7,2026-04-26 17:09:50,2026-04-28 16:26:00,Lower Ringold,1,2026-05-04 09:29:29
Rock Island Tailrace CHN,3,G72CE05F7,2026-04-26 17:09:50,2026-04-28 16:26:00,Hanford,1,2026-05-04 12:11:42
Rock Island Tailrace CHN,2,G72D1DF2A,2026-04-25 17:45:12,2026-04-27 15:43:00,Crescent Bar,1,2026-04-29 05:24:47
Rock Island Tailrace CHN,2,G72D1DF2A,2026-04-25 17:45:12,2026-04-27 15:43:00,Sunland,1,2026-04-30 06:58:20
Rock Island Tailrace CHN,2,G72D1DF2A,2026-04-25 17:45:12,2026-04-27 15:43:00,Wanapum BRZ,1,2026-05-04 09:33:41
Rock Island Tailrace CHN,2,G72D1DF2A,2026-04-25 17:45:12,2026-04-27 15:43:00,Mattawa,1,2026-05-07 10:39:33
Rock Island Tailrace CHN,2,G72D1DF2A,2026-04-25 17:45:12,2026-04-27 15:43:00,Priest BRZ,1,2026-05-08 07:10:15
Rock Island Tailrace CHN,2,G72D1DF2A,2026-04-25 17:45:12,2026-04-27 15:43:00,Lower Ringold,1,2026-05-09 05:16:16
Rock Island Tailrace CHN,2,G72D1DF2A,2026-04-25 17:45:12,2026-04-27 15:43:00,Hanford,1,2026-05-09 09:15:25
Rock Island Tailrace CHN,1,G72D297FB,2026-04-21 21:50:04,2026-04-23 15:44:00,Crescent Bar,1,2026-04-24 02:27:58
Rock Island Tailrace CHN,1,G72D297FB,2026-04-21 21:50:04,2026-04-23 15:44:00,Sunland,1,2026-04-24 11:04:56
Rock Island Tailrace CHN,1,G72D297FB,2026-04-21 21:50:04,2026-04-23 15:44:00,Wanapum BRZ,1,2026-04-27 03:06:51
Rock Island Tailrace CHN,1,G72D297FB,2026-04-21 21:50:04,2026-04-23 15:44:00,Mattawa,1,2026-04-27 09:42:55
Rock Island Tailrace CHN,1,G72D297FB,2026-04-21 21:50:04,2026-04-23 15:44:00,Priest BRZ,1,2026-04-27 19:55:25
Rock Island Tailrace CHN,1,G72D297FB,2026-04-21 21:50:04,2026-04-23 15:44:00,Lower Ringold,1,2026-04-28 08:27:52
Rock Island Tailrace CHN,1,G72D297FB,2026-04-21 21:50:04,2026-04-23 15:44:00,Hanford,1,2026-04-28 11:45:32
Rock Island Tailrace CHN,1,G72D2FF5C,2026-04-21 21:26:18,2026-04-23 15:44:00,Crescent Bar,1,2026-04-24 01:39:33
Rock Island Tailrace CHN,1,G72D2FF5C,2026-04-21 21:26:18,2026-04-23 15:44:00,Sunland,1,2026-04-24 11:00:21
Rock Island Tailrace CHN,1,G72D2FF5C,2026-04-21 21:26:18,2026-04-23 15:44:00,Wanapum BRZ,1,2026-04-25 22:28:30
Rock Island Tailrace CHN,1,G72D2FF5C,2026-04-21 21:26:18,2026-04-23 15:44:00,Mattawa,1,2026-04-26 05:05:51
Rock Island Tailrace CHN,1,G72D2FF5C,2026-04-21 21:26:18,2026-04-23 15:44:00,Priest BRZ,1,2026-04-26 15:47:53
Rock Island Tailrace CHN,1,G72D2FF5C,2026-04-21 21:26:18,2026-04-23 15:44:00,Lower Ringold,1,2026-04-27 10:04:33
Rock Island Tailrace CHN,1,G72D2FF5C,2026-04-21 21:26:18,2026-04-23 15:44:00,Hanford,1,2026-04-27 13:06:32
Rock Island Tailrace CHN,1,G72D5B035,2026-04-24 19:44:26,2026-04-26 15:41:00,Crescent Bar,1,2026-04-27 00:47:20
Rock Island Tailrace CHN,1,G72D5B035,2026-04-24 19:44:26,2026-04-26 15:41:00,Sunland,1,2026-04-27 21:06:49
Rock Island Tailrace CHN,1,G72D5B035,2026-04-24 19:44:26,2026-04-26 15:41:00,Wanapum BRZ,1,2026-04-29 03:31:31
Rock Island Tailrace CHN,1,G72D5B035,2026-04-24 19:44:26,2026-04-26 15:41:00,Mattawa,1,2026-04-29 07:05:33
Rock Island Tailrace CHN,1,G72D5B035,2026-04-24 19:44:26,2026-04-26 15:41:00,Priest BRZ,1,2026-04-29 17:55:45
Rock Island Tailrace CHN,1,G72D5B035,2026-04-24 19:44:26,2026-04-26 15:41:00,Lower Ringold,1,2026-04-30 07:32:12
Rock Island Tailrace CHN,1,G72D5B035,2026-04-24 19:44:26,2026-04-26 15:41:00,Hanford,1,2026-04-30 10:24:44
Rock Island Tailrace CHN,1,G72D5F073,2026-04-24 21:03:27,2026-04-26 15:41:00,Crescent Bar,1,2026-04-27 07:07:17
Rock Island Tailrace CHN,1,G72D5F073,2026-04-24 21:03:27,2026-04-26 15:41:00,Sunland,1,2026-04-28 09:43:44
Rock Island Tailrace CHN,1,G72D5F073,2026-04-24 21:03:27,2026-04-26 15:41:00,Wanapum BRZ,1,2026-04-30 09:14:36
Rock Island Tailrace CHN,1,G72D5F073,2026-04-24 21:03:27,2026-04-26 15:41:00,Mattawa,1,2026-04-30 12:03:24
Rock Island Tailrace CHN,1,G72D5F073,2026-04-24 21:03:27,2026-04-26 15:41:00,Priest BRZ,1,2026-05-02 00:01:27
Rock Island Tailrace CHN,1,G72D5F073,2026-04-24 21:03:27,2026-04-26 15:41:00,Lower Ringold,1,2026-05-02 13:43:25
Rock Island Tailrace CHN,1,G72D5F073,2026-04-24 21:03:27,2026-04-26 15:41:00,Hanford,1,2026-05-02 16:57:46
Rock Island Tailrace CHN,3,G72D8A17F,2026-04-23 21:12:43,2026-04-25 16:46:00,Crescent Bar,1,2026-04-26 01:41:28
Rock Island Tailrace CHN,3,G72D8A17F,2026-04-23 21:12:43,2026-04-25 16:46:00,Sunland,1,2026-04-27 05:12:38
Rock Island Tailrace CHN,3,G72D8A17F,2026-04-23 21:12:43,2026-04-25 16:46:00,Wanapum BRZ,0,
Rock Island Tailrace CHN,3,G72D8A17F,2026-04-23 21:12:43,2026-04-25 16:46:00,Mattawa,0,
Rock Island Tailrace CHN,3,G72D8A17F,2026-04-23 21:12:43,2026-04-25 16:46:00,Priest BRZ,0,
Rock Island Tailrace CHN,3,G72D8A17F,2026-04-23 21:12:43,2026-04-25 16:46:00,Lower Ringold,0,
Rock Island Tailrace CHN,3,G72D8A17F,2026-04-23 21:12:43,2026-04-25 16:46:00,Hanford,0,
Rock Island Tailrace CHN,1,G72D8EE78,2026-04-23 21:03:16,2026-04-25 16:46:00,Crescent Bar,1,2026-04-25 23:16:24
Rock Island Tailrace CHN,1,G72D8EE78,2026-04-23 21:03:16,2026-04-25 16:46:00,Sunland,1,2026-04-26 09:10:03
Rock Island Tailrace CHN,1,G72D8EE78,2026-04-23 21:03:16,2026-04-25 16:46:00,Wanapum BRZ,1,2026-04-28 19:10:55
Rock Island Tailrace CHN,1,G72D8EE78,2026-04-23 21:03:16,2026-04-25 16:46:00,Mattawa,1,2026-04-29 00:18:48
Rock Island Tailrace CHN,1,G72D8EE78,2026-04-23 21:03:16,2026-04-25 16:46:00,Priest BRZ,1,2026-04-29 11:19:07
Rock Island Tailrace CHN,1,G72D8EE78,2026-04-23 21:03:16,2026-04-25 16:46:00,Lower Ringold,1,2026-04-29 23:11:01
Rock Island Tailrace CHN,1,G72D8EE78,2026-04-23 21:03:16,2026-04-25 16:46:00,Hanford,1,2026-04-30 02:20:23
Rock Island Tailrace CHN,1,G72D92137,2026-04-21 00:17:49,2026-04-22 20:05:00,Crescent Bar,1,2026-04-23 08:41:20
Rock Island Tailrace CHN,1,G72D92137,2026-04-21 00:17:49,2026-04-22 20:05:00,Sunland,1,2026-04-23 23:38:13
Rock Island Tailrace CHN,1,G72D92137,2026-04-21 00:17:49,2026-04-22 20:05:00,Wanapum BRZ,1,2026-04-26 08:43:52
Rock Island Tailrace CHN,1,G72D92137,2026-04-21 00:17:49,2026-04-22 20:05:00,Mattawa,1,2026-05-01 04:14:32
Rock Island Tailrace CHN,1,G72D92137,2026-04-21 00:17:49,2026-04-22 20:05:00,Priest BRZ,1,2026-05-01 20:44:38
Rock Island Tailrace CHN,1,G72D92137,2026-04-21 00:17:49,2026-04-22 20:05:00,Lower Ringold,1,2026-05-02 15:01:28
Rock Island Tailrace CHN,1,G72D92137,2026-04-21 00:17:49,2026-04-22 20:05:00,Hanford,1,2026-05-02 18:38:15
Rock Island Tailrace CHN,3,G72DA08DD,2026-04-27 18:06:01,2026-04-29 15:28:00,Crescent Bar,1,2026-04-30 13:14:58
Rock Island Tailrace CHN,3,G72DA08DD,2026-04-27 18:06:01,2026-04-29 15:28:00,Sunland,1,2026-05-02 06:54:58
Rock Island Tailrace CHN,3,G72DA08DD,2026-04-27 18:06:01,2026-04-29 15:28:00,Wanapum BRZ,1,2026-05-10 17:10:22
Rock Island Tailrace CHN,3,G72DA08DD,2026-04-27 18:06:01,2026-04-29 15:28:00,Mattawa,1,2026-05-11 02:05:59
Rock Island Tailrace CHN,3,G72DA08DD,2026-04-27 18:06:01,2026-04-29 15:28:00,Priest BRZ,1,2026-05-11 22:03:59
Rock Island Tailrace CHN,3,G72DA08DD,2026-04-27 18:06:01,2026-04-29 15:28:00,Lower Ringold,0,
Rock Island Tailrace CHN,3,G72DA08DD,2026-04-27 18:06:01,2026-04-29 15:28:00,Hanford,0,
Rock Island Tailrace CHN,2,G72DA3FE0,2026-04-22 20:36:07,2026-04-24 15:37:00,Crescent Bar,1,2026-04-25 03:35:37
Rock Island Tailrace CHN,2,G72DA3FE0,2026-04-22 20:36:07,2026-04-24 15:37:00,Sunland,1,2026-04-25 22:03:11
Rock Island Tailrace CHN,2,G72DA3FE0,2026-04-22 20:36:07,2026-04-24 15:37:00,Wanapum BRZ,1,2026-04-27 17:09:33
Rock Island Tailrace CHN,2,G72DA3FE0,2026-04-22 20:36:07,2026-04-24 15:37:00,Mattawa,1,2026-04-28 09:23:30
Rock Island Tailrace CHN,2,G72DA3FE0,2026-04-22 20:36:07,2026-04-24 15:37:00,Priest BRZ,1,2026-04-28 19:14:56
Rock Island Tailrace CHN,2,G72DA3FE0,2026-04-22 20:36:07,2026-04-24 15:37:00,Lower Ringold,1,2026-04-29 15:24:37
Rock Island Tailrace CHN,2,G72DA3FE0,2026-04-22 20:36:07,2026-04-24 15:37:00,Hanford,1,2026-04-29 18:51:24
Rock Island Tailrace CHN,3,G72DA6124,2026-04-25 17:46:33,2026-04-27 15:43:00,Crescent Bar,1,2026-04-28 06:55:32
Rock Island Tailrace CHN,3,G72DA6124,2026-04-25 17:46:33,2026-04-27 15:43:00,Sunland,1,2026-04-29 10:36:13
Rock Island Tailrace CHN,3,G72DA6124,2026-04-25 17:46:33,2026-04-27 15:43:00,Wanapum BRZ,1,2026-05-03 09:08:48
Rock Island Tailrace CHN,3,G72DA6124,2026-04-25 17:46:33,2026-04-27 15:43:00,Mattawa,1,2026-05-03 11:37:35
Rock Island Tailrace CHN,3,G72DA6124,2026-04-25 17:46:33,2026-04-27 15:43:00,Priest BRZ,1,2026-05-04 03:50:22
Rock Island Tailrace CHN,3,G72DA6124,2026-04-25 17:46:33,2026-04-27 15:43:00,Lower Ringold,1,2026-05-04 14:43:16
Rock Island Tailrace CHN,3,G72DA6124,2026-04-25 17:46:33,2026-04-27 15:43:00,Hanford,1,2026-05-04 18:17:26
Rock Island Tailrace CHN,2,G72DA7764,2026-04-23 21:01:36,2026-04-25 16:46:00,Crescent Bar,1,2026-04-26 04:36:58
Rock Island Tailrace CHN,2,G72DA7764,2026-04-23 21:01:36,2026-04-25 16:46:00,Sunland,1,2026-04-27 11:29:13
Rock Island Tailrace CHN,2,G72DA7764,2026-04-23 21:01:36,2026-04-25 16:46:00,Wanapum BRZ,1,2026-04-29 21:58:33
Rock Island Tailrace CHN,2,G72DA7764,2026-04-23 21:01:36,2026-04-25 16:46:00,Mattawa,1,2026-04-30 01:58:36
Rock Island Tailrace CHN,2,G72DA7764,2026-04-23 21:01:36,2026-04-25 16:46:00,Priest BRZ,1,2026-04-30 11:55:04
Rock Island Tailrace CHN,2,G72DA7764,2026-04-23 21:01:36,2026-04-25 16:46:00,Lower Ringold,1,2026-05-01 04:53:09
Rock Island Tailrace CHN,2,G72DA7764,2026-04-23 21:01:36,2026-04-25 16:46:00,Hanford,1,2026-05-01 07:32:40
Rock Island Tailrace CHN,1,G72DB1B66,2026-04-26 17:06:37,2026-04-28 16:26:00,Crescent Bar,1,2026-04-29 00:27:35
Rock Island Tailrace CHN,1,G72DB1B66,2026-04-26 17:06:37,2026-04-28 16:26:00,Sunland,1,2026-04-29 11:53:42
Rock Island Tailrace CHN,1,G72DB1B66,2026-04-26 17:06:37,2026-04-28 16:26:00,Wanapum BRZ,1,2026-05-01 08:44:55
Rock Island Tailrace CHN,1,G72DB1B66,2026-04-26 17:06:37,2026-04-28 16:26:00,Mattawa,1,2026-05-01 11:13:11
Rock Island Tailrace CHN,1,G72DB1B66,2026-04-26 17:06:37,2026-04-28 16:26:00,Priest BRZ,1,2026-05-01 21:18:52
Rock Island Tailrace CHN,1,G72DB1B66,2026-04-26 17:06:37,2026-04-28 16:26:00,Lower Ringold,1,2026-05-02 10:03:37
Rock Island Tailrace CHN,1,G72DB1B66,2026-04-26 17:06:37,2026-04-28 16:26:00,Hanford,1,2026-05-02 18:34:25
Rock Island Tailrace CHN,3,G72DB7B03,2026-04-27 18:01:13,2026-04-29 15:28:00,Crescent Bar,1,2026-04-29 22:50:16
Rock Island Tailrace CHN,3,G72DB7B03,2026-04-27 18:01:13,2026-04-29 15:28:00,Sunland,1,2026-04-30 08:16:00
Rock Island Tailrace CHN,3,G72DB7B03,2026-04-27 18:01:13,2026-04-29 15:28:00,Wanapum BRZ,0,
Rock Island Tailrace CHN,3,G72DB7B03,2026-04-27 18:01:13,2026-04-29 15:28:00,Mattawa,0,
Rock Island Tailrace CHN,3,G72DB7B03,2026-04-27 18:01:13,2026-04-29 15:28:00,Priest BRZ,0,
Rock Island Tailrace CHN,3,G72DB7B03,2026-04-27 18:01:13,2026-04-29 15:28:00,Lower Ringold,0,
Rock Island Tailrace CHN,3,G72DB7B03,2026-04-27 18:01:13,2026-04-29 15:28:00,Hanford,0,
Rock Island Tailrace CHN,1,G72DE1586,2026-04-26 17:13:29,2026-04-28 16:26:00,Crescent Bar,1,2026-04-29 11:30:34
Rock Island Tailrace CHN,1,G72DE1586,2026-04-26 17:13:29,2026-04-28 16:26:00,Sunland,1,2026-04-30 10:05:36
Rock Island Tailrace CHN,1,G72DE1586,2026-04-26 17:13:29,2026-04-28 16:26:00,Wanapum BRZ,1,2026-05-03 02:30:00
Rock Island Tailrace CHN,1,G72DE1586,2026-04-26 17:13:29,2026-04-28 16:26:00,Mattawa,1,2026-05-03 05:56:09
Rock Island Tailrace CHN,1,G72DE1586,2026-04-26 17:13:29,2026-04-28 16:26:00,Priest BRZ,1,2026-05-04 11:58:39
Rock Island Tailrace CHN,1,G72DE1586,2026-04-26 17:13:29,2026-04-28 16:26:00,Lower Ringold,1,2026-05-05 02:02:45
Rock Island Tailrace CHN,1,G72DE1586,2026-04-26 17:13:29,2026-04-28 16:26:00,Hanford,1,2026-05-05 04:49:20
Rock Island Tailrace CHN,3,G72DED8B1,2026-04-27 18:25:42,2026-04-29 15:28:00,Crescent Bar,1,2026-04-29 23:21:55
Rock Island Tailrace CHN,3,G72DED8B1,2026-04-27 18:25:42,2026-04-29 15:28:00,Sunland,1,2026-04-30 12:56:23
Rock Island Tailrace CHN,3,G72DED8B1,2026-04-27 18:25:42,2026-04-29 15:28:00,Wanapum BRZ,1,2026-05-02 08:30:05
Rock Island Tailrace CHN,3,G72DED8B1,2026-04-27 18:25:42,2026-04-29 15:28:00,Mattawa,1,2026-05-02 11:54:10
Rock Island Tailrace CHN,3,G72DED8B1,2026-04-27 18:25:42,2026-04-29 15:28:00,Priest BRZ,1,2026-05-03 06:15:59
Rock Island Tailrace CHN,3,G72DED8B1,2026-04-27 18:25:42,2026-04-29 15:28:00,Lower Ringold,1,2026-05-04 19:06:50
Rock Island Tailrace CHN,3,G72DED8B1,2026-04-27 18:25:42,2026-04-29 15:28:00,Hanford,1,2026-05-05 04:25:23
Rock Island Tailrace CHN,3,G72DF72A4,2026-04-25 17:40:34,2026-04-27 15:43:00,Crescent Bar,1,2026-04-28 08:02:55
Rock Island Tailrace CHN,3,G72DF72A4,2026-04-25 17:40:34,2026-04-27 15:43:00,Sunland,1,2026-04-29 15:01:43
Rock Island Tailrace CHN,3,G72DF72A4,2026-04-25 17:40:34,2026-04-27 15:43:00,Wanapum BRZ,1,2026-05-01 03:19:45
Rock Island Tailrace CHN,3,G72DF72A4,2026-04-25 17:40:34,2026-04-27 15:43:00,Mattawa,1,2026-05-01 06:31:51
Rock Island Tailrace CHN,3,G72DF72A4,2026-04-25 17:40:34,2026-04-27 15:43:00,Priest BRZ,1,2026-05-01 21:15:27
Rock Island Tailrace CHN,3,G72DF72A4,2026-04-25 17:40:34,2026-04-27 15:43:00,Lower Ringold,1,2026-05-02 11:31:56
Rock Island Tailrace CHN,3,G72DF72A4,2026-04-25 17:40:34,2026-04-27 15:43:00,Hanford,1,2026-05-02 15:58:39
Rock Island Tailrace CHN,1,G72E0422F,2026-04-26 17:13:57,2026-04-28 16:26:00,Crescent Bar,1,2026-04-29 01:56:17
Rock Island Tailrace CHN,1,G72E0422F,2026-04-26 17:13:57,2026-04-28 16:26:00,Sunland,1,2026-04-29 18:39:56
Rock Island Tailrace CHN,1,G72E0422F,2026-04-26 17:13:57,2026-04-28 16:26:00,Wanapum BRZ,1,2026-05-02 15:49:23
Rock Island Tailrace CHN,1,G72E0422F,2026-04-26 17:13:57,2026-04-28 16:26:00,Mattawa,0,
Rock Island Tailrace CHN,1,G72E0422F,2026-04-26 17:13:57,2026-04-28 16:26:00,Priest BRZ,0,
Rock Island Tailrace CHN,1,G72E0422F,2026-04-26 17:13:57,2026-04-28 16:26:00,Lower Ringold,0,
Rock Island Tailrace CHN,1,G72E0422F,2026-04-26 17:13:57,2026-04-28 16:26:00,Hanford,0,
Rock Island Tailrace CHN,2,G72E169E8,2026-04-25 17:47:39,2026-04-27 15:43:00,Crescent Bar,1,2026-04-28 07:56:56
Rock Island Tailrace CHN,2,G72E169E8,2026-04-25 17:47:39,2026-04-27 15:43:00,Sunland,1,2026-04-29 07:21:18
Rock Island Tailrace CHN,2,G72E169E8,2026-04-25 17:47:39,2026-04-27 15:43:00,Wanapum BRZ,1,2026-05-02 04:13:09
Rock Island Tailrace CHN,2,G72E169E8,2026-04-25 17:47:39,2026-04-27 15:43:00,Mattawa,1,2026-05-02 07:26:17
Rock Island Tailrace CHN,2,G72E169E8,2026-04-25 17:47:39,2026-04-27 15:43:00,Priest BRZ,0,
Rock Island Tailrace CHN,2,G72E169E8,2026-04-25 17:47:39,2026-04-27 15:43:00,Lower Ringold,0,
Rock Island Tailrace CHN,2,G72E169E8,2026-04-25 17:47:39,2026-04-27 15:43:00,Hanford,0,
Rock Island Tailrace CHN,2,G72E1D427,2026-04-24 19:52:07,2026-04-26 15:41:00,Crescent Bar,1,2026-04-27 02:30:29
Rock Island Tailrace CHN,2,G72E1D427,2026-04-24 19:52:07,2026-04-26 15:41:00,Sunland,1,2026-04-29 08:28:23
Rock Island Tailrace CHN,2,G72E1D427,2026-04-24 19:52:07,2026-04-26 15:41:00,Wanapum BRZ,1,2026-05-02 13:43:58
Rock Island Tailrace CHN,2,G72E1D427,2026-04-24 19:52:07,2026-04-26 15:41:00,Mattawa,1,2026-05-07 01:46:47
Rock Island Tailrace CHN,2,G72E1D427,2026-04-24 19:52:07,2026-04-26 15:41:00,Priest BRZ,1,2026-05-07 15:58:24
Rock Island Tailrace CHN,2,G72E1D427,2026-04-24 19:52:07,2026-04-26 15:41:00,Lower Ringold,1,2026-05-12 07:16:34
Rock Island Tailrace CHN,2,G72E1D427,2026-04-24 19:52:07,2026-04-26 15:41:00,Hanford,1,2026-05-12 13:06:32
Rock Island Tailrace CHN,1,G72E20044,2026-04-27 18:09:15,2026-04-29 15:28:00,Crescent Bar,1,2026-04-29 22:25:37
Rock Island Tailrace CHN,1,G72E20044,2026-04-27 18:09:15,2026-04-29 15:28:00,Sunland,1,2026-05-01 09:51:35
Rock Island Tailrace CHN,1,G72E20044,2026-04-27 18:09:15,2026-04-29 15:28:00,Wanapum BRZ,1,2026-05-02 22:46:30
Rock Island Tailrace CHN,1,G72E20044,2026-04-27 18:09:15,2026-04-29 15:28:00,Mattawa,1,2026-05-03 02:27:43
Rock Island Tailrace CHN,1,G72E20044,2026-04-27 18:09:15,2026-04-29 15:28:00,Priest BRZ,1,2026-05-03 12:46:12
Rock Island Tailrace CHN,1,G72E20044,2026-04-27 18:09:15,2026-04-29 15:28:00,Lower Ringold,1,2026-05-04 06:38:05
Rock Island Tailrace CHN,1,G72E20044,2026-04-27 18:09:15,2026-04-29 15:28:00,Hanford,1,2026-05-04 09:32:37
Rock Island Tailrace CHN,3,G72E339A2,2026-04-26 17:00:34,2026-04-28 16:26:00,Crescent Bar,1,2026-04-30 08:15:31
Rock Island Tailrace CHN,3,G72E339A2,2026-04-26 17:00:34,2026-04-28 16:26:00,Sunland,1,2026-05-02 04:58:00
Rock Island Tailrace CHN,3,G72E339A2,2026-04-26 17:00:34,2026-04-28 16:26:00,Wanapum BRZ,1,2026-05-04 10:06:28
Rock Island Tailrace CHN,3,G72E339A2,2026-04-26 17:00:34,2026-04-28 16:26:00,Mattawa,0,
Rock Island Tailrace CHN,3,G72E339A2,2026-04-26 17:00:34,2026-04-28 16:26:00,Priest BRZ,0,
Rock Island Tailrace CHN,3,G72E339A2,2026-04-26 17:00:34,2026-04-28 16:26:00,Lower Ringold,0,
Rock Island Tailrace CHN,3,G72E339A2,2026-04-26 17:00:34,2026-04-28 16:26:00,Hanford,0,
Rock Island Tailrace CHN,1,G72E46708,2026-04-21 21:25:30,2026-04-23 15:44:00,Crescent Bar,1,2026-04-24 08:11:06
Rock Island Tailrace CHN,1,G72E46708,2026-04-21 21:25:30,2026-04-23 15:44:00,Sunland,1,2026-04-25 16:54:32
Rock Island Tailrace CHN,1,G72E46708,2026-04-21 21:25:30,2026-04-23 15:44:00,Wanapum BRZ,0,
Rock Island Tailrace CHN,1,G72E46708,2026-04-21 21:25:30,2026-04-23 15:44:00,Mattawa,0,
Rock Island Tailrace CHN,1,G72E46708,2026-04-21 21:25:30,2026-04-23 15:44:00,Priest BRZ,0,
Rock Island Tailrace CHN,1,G72E46708,2026-04-21 21:25:30,2026-04-23 15:44:00,Lower Ringold,0,
Rock Island Tailrace CHN,1,G72E46708,2026-04-21 21:25:30,2026-04-23 15:44:00,Hanford,0,
Rock Island Tailrace CHN,1,G72E4A3A3,2026-04-26 16:50:41,2026-04-28 16:26:00,Crescent Bar,1,2026-04-29 10:39:03
Rock Island Tailrace CHN,1,G72E4A3A3,2026-04-26 16:50:41,2026-04-28 16:26:00,Sunland,1,2026-05-02 12:25:45
Rock Island Tailrace CHN,1,G72E4A3A3,2026-04-26 16:50:41,2026-04-28 16:26:00,Wanapum BRZ,1,2026-05-07 14:17:10
Rock Island Tailrace CHN,1,G72E4A3A3,2026-04-26 16:50:41,2026-04-28 16:26:00,Mattawa,1,2026-05-09 09:00:43
Rock Island Tailrace CHN,1,G72E4A3A3,2026-04-26 16:50:41,2026-04-28 16:26:00,Priest BRZ,1,2026-05-09 18:04:51
Rock Island Tailrace CHN,1,G72E4A3A3,2026-04-26 16:50:41,2026-04-28 16:26:00,Lower Ringold,0,
Rock Island Tailrace CHN,1,G72E4A3A3,2026-04-26 16:50:41,2026-04-28 16:26:00,Hanford,0,
Rock Island Tailrace CHN,3,G72E507A9,2026-04-27 18:31:44,2026-04-29 15:28:00,Crescent Bar,1,2026-04-30 18:42:02
Rock Island Tailrace CHN,3,G72E507A9,2026-04-27 18:31:44,2026-04-29 15:28:00,Sunland,1,2026-05-01 07:17:56
Rock Island Tailrace CHN,3,G72E507A9,2026-04-27 18:31:44,2026-04-29 15:28:00,Wanapum BRZ,1,2026-05-03 15:44:10
Rock Island Tailrace CHN,3,G72E507A9,2026-04-27 18:31:44,2026-04-29 15:28:00,Mattawa,1,2026-05-03 20:16:40
Rock Island Tailrace CHN,3,G72E507A9,2026-04-27 18:31:44,2026-04-29 15:28:00,Priest BRZ,1,2026-05-04 10:05:07
Rock Island Tailrace CHN,3,G72E507A9,2026-04-27 18:31:44,2026-04-29 15:28:00,Lower Ringold,1,2026-05-04 22:14:46
Rock Island Tailrace CHN,3,G72E507A9,2026-04-27 18:31:44,2026-04-29 15:28:00,Hanford,1,2026-05-05 01:47:28
Rock Island Tailrace CHN,2,G72E5A919,2026-04-21 21:39:23,2026-04-23 15:44:00,Crescent Bar,1,2026-04-24 06:06:04
Rock Island Tailrace CHN,2,G72E5A919,2026-04-21 21:39:23,2026-04-23 15:44:00,Sunland,1,2026-04-27 02:57:28
Rock Island Tailrace CHN,2,G72E5A919,2026-04-21 21:39:23,2026-04-23 15:44:00,Wanapum BRZ,1,2026-06-02 02:46:47
Rock Island Tailrace CHN,2,G72E5A919,2026-04-21 21:39:23,2026-04-23 15:44:00,Mattawa,0,
Rock Island Tailrace CHN,2,G72E5A919,2026-04-21 21:39:23,2026-04-23 15:44:00,Priest BRZ,0,
Rock Island Tailrace CHN,2,G72E5A919,2026-04-21 21:39:23,2026-04-23 15:44:00,Lower Ringold,0,
Rock Island Tailrace CHN,2,G72E5A919,2026-04-21 21:39:23,2026-04-23 15:44:00,Hanford,0,
Rock Island Tailrace CHN,2,G72E5AD78,2026-04-26 17:03:55,2026-04-28 16:26:00,Crescent Bar,1,2026-04-29 01:41:40
Rock Island Tailrace CHN,2,G72E5AD78,2026-04-26 17:03:55,2026-04-28 16:26:00,Sunland,1,2026-04-29 18:36:30
Rock Island Tailrace CHN,2,G72E5AD78,2026-04-26 17:03:55,2026-04-28 16:26:00,Wanapum BRZ,1,2026-05-02 05:57:00
Rock Island Tailrace CHN,2,G72E5AD78,2026-04-26 17:03:55,2026-04-28 16:26:00,Mattawa,1,2026-05-02 18:44:53
Rock Island Tailrace CHN,2,G72E5AD78,2026-04-26 17:03:55,2026-04-28 16:26:00,Priest BRZ,1,2026-05-03 06:03:18
Rock Island Tailrace CHN,2,G72E5AD78,2026-04-26 17:03:55,2026-04-28 16:26:00,Lower Ringold,1,2026-05-04 10:00:37
Rock Island Tailrace CHN,2,G72E5AD78,2026-04-26 17:03:55,2026-04-28 16:26:00,Hanford,1,2026-05-04 13:12:50
Rock Island Tailrace CHN,1,G72E643DB,2026-04-21 00:11:57,2026-04-22 20:05:00,Crescent Bar,1,2026-04-23 09:20:27
Rock Island Tailrace CHN,1,G72E643DB,2026-04-21 00:11:57,2026-04-22 20:05:00,Sunland,1,2026-04-23 21:10:31
Rock Island Tailrace CHN,1,G72E643DB,2026-04-21 00:11:57,2026-04-22 20:05:00,Wanapum BRZ,1,2026-04-25 05:24:02
Rock Island Tailrace CHN,1,G72E643DB,2026-04-21 00:11:57,2026-04-22 20:05:00,Mattawa,1,2026-04-27 08:54:52
Rock Island Tailrace CHN,1,G72E643DB,2026-04-21 00:11:57,2026-04-22 20:05:00,Priest BRZ,1,2026-04-27 22:38:33
Rock Island Tailrace CHN,1,G72E643DB,2026-04-21 00:11:57,2026-04-22 20:05:00,Lower Ringold,1,2026-04-29 01:53:36
Rock Island Tailrace CHN,1,G72E643DB,2026-04-21 00:11:57,2026-04-22 20:05:00,Hanford,1,2026-04-29 05:16:48
Rock Island Tailrace CHN,2,G72E7A6C9,2026-04-26 17:09:09,2026-04-28 16:26:00,Crescent Bar,1,2026-04-29 06:27:50
Rock Island Tailrace CHN,2,G72E7A6C9,2026-04-26 17:09:09,2026-04-28 16:26:00,Sunland,1,2026-04-30 15:38:16
Rock Island Tailrace CHN,2,G72E7A6C9,2026-04-26 17:09:09,2026-04-28 16:26:00,Wanapum BRZ,1,2026-05-03 00:38:30
Rock Island Tailrace CHN,2,G72E7A6C9,2026-04-26 17:09:09,2026-04-28 16:26:00,Mattawa,1,2026-05-03 05:29:36
Rock Island Tailrace CHN,2,G72E7A6C9,2026-04-26 17:09:09,2026-04-28 16:26:00,Priest BRZ,1,2026-05-03 17:26:56
Rock Island Tailrace CHN,2,G72E7A6C9,2026-04-26 17:09:09,2026-04-28 16:26:00,Lower Ringold,1,2026-05-05 10:25:39
Rock Island Tailrace CHN,2,G72E7A6C9,2026-04-26 17:09:09,2026-04-28 16:26:00,Hanford,1,2026-05-05 14:02:07
Rock Island Tailrace CHN,1,G72E9A80A,2026-04-25 17:48:35,2026-04-27 15:43:00,Crescent Bar,1,2026-04-27 22:05:05
Rock Island Tailrace CHN,1,G72E9A80A,2026-04-25 17:48:35,2026-04-27 15:43:00,Sunland,1,2026-04-28 12:22:42
Rock Island Tailrace CHN,1,G72E9A80A,2026-04-25 17:48:35,2026-04-27 15:43:00,Wanapum BRZ,0,
Rock Island Tailrace CHN,1,G72E9A80A,2026-04-25 17:48:35,2026-04-27 15:43:00,Mattawa,0,
Rock Island Tailrace CHN,1,G72E9A80A,2026-04-25 17:48:35,2026-04-27 15:43:00,Priest BRZ,0,
Rock Island Tailrace CHN,1,G72E9A80A,2026-04-25 17:48:35,2026-04-27 15:43:00,Lower Ringold,0,
Rock Island Tailrace CHN,1,G72E9A80A,2026-04-25 17:48:35,2026-04-27 15:43:00,Hanford,0,
Rock Island Tailrace CHN,1,G72EC5881,2026-04-27 18:10:34,2026-04-29 15:28:00,Crescent Bar,1,2026-04-30 17:34:24
Rock Island Tailrace CHN,1,G72EC5881,2026-04-27 18:10:34,2026-04-29 15:28:00,Sunland,1,2026-05-01 23:38:46
Rock Island Tailrace CHN,1,G72EC5881,2026-04-27 18:10:34,2026-04-29 15:28:00,Wanapum BRZ,1,2026-05-03 08:16:38
Rock Island Tailrace CHN,1,G72EC5881,2026-04-27 18:10:34,2026-04-29 15:28:00,Mattawa,1,2026-05-03 12:45:12
Rock Island Tailrace CHN,1,G72EC5881,2026-04-27 18:10:34,2026-04-29 15:28:00,Priest BRZ,1,2026-05-04 08:26:29
Rock Island Tailrace CHN,1,G72EC5881,2026-04-27 18:10:34,2026-04-29 15:28:00,Lower Ringold,1,2026-05-04 20:53:43
Rock Island Tailrace CHN,1,G72EC5881,2026-04-27 18:10:34,2026-04-29 15:28:00,Hanford,1,2026-05-05 00:31:14
Rock Island Tailrace CHN,1,G72ECA28B,2026-04-24 19:41:36,2026-04-26 15:41:00,Crescent Bar,1,2026-04-27 12:18:33
Rock Island Tailrace CHN,1,G72ECA28B,2026-04-24 19:41:36,2026-04-26 15:41:00,Sunland,1,2026-04-30 11:20:16
Rock Island Tailrace CHN,1,G72ECA28B,2026-04-24 19:41:36,2026-04-26 15:41:00,Wanapum BRZ,0,
Rock Island Tailrace CHN,1,G72ECA28B,2026-04-24 19:41:36,2026-04-26 15:41:00,Mattawa,0,
Rock Island Tailrace CHN,1,G72ECA28B,2026-04-24 19:41:36,2026-04-26 15:41:00,Priest BRZ,0,
Rock Island Tailrace CHN,1,G72ECA28B,2026-04-24 19:41:36,2026-04-26 15:41:00,Lower Ringold,0,
Rock Island Tailrace CHN,1,G72ECA28B,2026-04-24 19:41:36,2026-04-26 15:41:00,Hanford,0,
Rock Island Tailrace CHN,1,G72ED127D,2026-04-22 00:19:41,2026-04-23 15:44:00,Crescent Bar,1,2026-04-23 22:09:52
Rock Island Tailrace CHN,1,G72ED127D,2026-04-22 00:19:41,2026-04-23 15:44:00,Sunland,1,2026-04-24 07:50:09
Rock Island Tailrace CHN,1,G72ED127D,2026-04-22 00:19:41,2026-04-23 15:44:00,Wanapum BRZ,1,2026-04-25 10:01:19
Rock Island Tailrace CHN,1,G72ED127D,2026-04-22 00:19:41,2026-04-23 15:44:00,Mattawa,1,2026-04-25 21:01:55
Rock Island Tailrace CHN,1,G72ED127D,2026-04-22 00:19:41,2026-04-23 15:44:00,Priest BRZ,1,2026-04-26 04:50:38
Rock Island Tailrace CHN,1,G72ED127D,2026-04-22 00:19:41,2026-04-23 15:44:00,Lower Ringold,1,2026-04-26 15:17:13
Rock Island Tailrace CHN,1,G72ED127D,2026-04-22 00:19:41,2026-04-23 15:44:00,Hanford,1,2026-04-26 18:47:31
Rock Island Tailrace CHN,2,G72ED447B,2026-04-20 23:08:25,2026-04-22 20:05:00,Crescent Bar,1,2026-04-23 07:45:13
Rock Island Tailrace CHN,2,G72ED447B,2026-04-20 23:08:25,2026-04-22 20:05:00,Sunland,1,2026-04-24 10:02:12
Rock Island Tailrace CHN,2,G72ED447B,2026-04-20 23:08:25,2026-04-22 20:05:00,Wanapum BRZ,1,2026-04-26 11:36:30
Rock Island Tailrace CHN,2,G72ED447B,2026-04-20 23:08:25,2026-04-22 20:05:00,Mattawa,1,2026-04-27 03:06:52
Rock Island Tailrace CHN,2,G72ED447B,2026-04-20 23:08:25,2026-04-22 20:05:00,Priest BRZ,1,2026-04-28 00:45:18
Rock Island Tailrace CHN,2,G72ED447B,2026-04-20 23:08:25,2026-04-22 20:05:00,Lower Ringold,1,2026-04-28 12:43:32
Rock Island Tailrace CHN,2,G72ED447B,2026-04-20 23:08:25,2026-04-22 20:05:00,Hanford,1,2026-04-28 16:28:03
Rock Island Tailrace CHN,1,G72EF20EE,2026-04-27 18:02:03,2026-04-29 15:28:00,Crescent Bar,1,2026-04-29 23:43:05
Rock Island Tailrace CHN,1,G72EF20EE,2026-04-27 18:02:03,2026-04-29 15:28:00,Sunland,1,2026-05-01 08:12:50
Rock Island Tailrace CHN,1,G72EF20EE,2026-04-27 18:02:03,2026-04-29 15:28:00,Wanapum BRZ,1,2026-05-02 17:08:32
Rock Island Tailrace CHN,1,G72EF20EE,2026-04-27 18:02:03,2026-04-29 15:28:00,Mattawa,1,2026-05-03 01:27:48
Rock Island Tailrace CHN,1,G72EF20EE,2026-04-27 18:02:03,2026-04-29 15:28:00,Priest BRZ,1,2026-05-03 16:57:23
Rock Island Tailrace CHN,1,G72EF20EE,2026-04-27 18:02:03,2026-04-29 15:28:00,Lower Ringold,1,2026-05-04 06:01:35
Rock Island Tailrace CHN,1,G72EF20EE,2026-04-27 18:02:03,2026-04-29 15:28:00,Hanford,1,2026-05-04 09:03:19
Rock Island Tailrace CHN,3,G72EF83A3,2026-04-24 19:55:26,2026-04-26 15:41:00,Crescent Bar,1,2026-04-28 08:27:20
Rock Island Tailrace CHN,3,G72EF83A3,2026-04-24 19:55:26,2026-04-26 15:41:00,Sunland,0,
Rock Island Tailrace CHN,3,G72EF83A3,2026-04-24 19:55:26,2026-04-26 15:41:00,Wanapum BRZ,0,
Rock Island Tailrace CHN,3,G72EF83A3,2026-04-24 19:55:26,2026-04-26 15:41:00,Mattawa,0,
Rock Island Tailrace CHN,3,G72EF83A3,2026-04-24 19:55:26,2026-04-26 15:41:00,Priest BRZ,0,
Rock Island Tailrace CHN,3,G72EF83A3,2026-04-24 19:55:26,2026-04-26 15:41:00,Lower Ringold,0,
Rock Island Tailrace CHN,3,G72EF83A3,2026-04-24 19:55:26,2026-04-26 15:41:00,Hanford,0,
Rock Island Tailrace CHN,1,G72F1F36B,2026-04-26 17:02:23,2026-04-28 16:26:00,Crescent Bar,1,2026-04-29 01:47:56
Rock Island Tailrace CHN,1,G72F1F36B,2026-04-26 17:02:23,2026-04-28 16:26:00,Sunland,1,2026-04-29 15:31:01
Rock Island Tailrace CHN,1,G72F1F36B,2026-04-26 17:02:23,2026-04-28 16:26:00,Wanapum BRZ,1,2026-04-30 16:01:07
Rock Island Tailrace CHN,1,G72F1F36B,2026-04-26 17:02:23,2026-04-28 16:26:00,Mattawa,1,2026-04-30 19:34:10
Rock Island Tailrace CHN,1,G72F1F36B,2026-04-26 17:02:23,2026-04-28 16:26:00,Priest BRZ,1,2026-05-01 03:24:57
Rock Island Tailrace CHN,1,G72F1F36B,2026-04-26 17:02:23,2026-04-28 16:26:00,Lower Ringold,1,2026-05-01 15:56:32
Rock Island Tailrace CHN,1,G72F1F36B,2026-04-26 17:02:23,2026-04-28 16:26:00,Hanford,1,2026-05-01 19:22:09
Rock Island Tailrace CHN,1,G72F1FFC8,2026-04-27 18:02:25,2026-04-29 15:28:00,Crescent Bar,1,2026-04-30 08:20:16
Rock Island Tailrace CHN,1,G72F1FFC8,2026-04-27 18:02:25,2026-04-29 15:28:00,Sunland,1,2026-05-01 06:35:00
Rock Island Tailrace CHN,1,G72F1FFC8,2026-04-27 18:02:25,2026-04-29 15:28:00,Wanapum BRZ,1,2026-05-03 08:50:54
Rock Island Tailrace CHN,1,G72F1FFC8,2026-04-27 18:02:25,2026-04-29 15:28:00,Mattawa,1,2026-05-03 11:03:24
Rock Island Tailrace CHN,1,G72F1FFC8,2026-04-27 18:02:25,2026-04-29 15:28:00,Priest BRZ,1,2026-05-03 18:42:22
Rock Island Tailrace CHN,1,G72F1FFC8,2026-04-27 18:02:25,2026-04-29 15:28:00,Lower Ringold,1,2026-05-04 08:41:35
Rock Island Tailrace CHN,1,G72F1FFC8,2026-04-27 18:02:25,2026-04-29 15:28:00,Hanford,1,2026-05-04 11:33:29
Rock Island Tailrace CHN,1,G72F217B6,2026-04-24 19:47:22,2026-04-26 15:41:00,Crescent Bar,1,2026-04-27 07:19:06
Rock Island Tailrace CHN,1,G72F217B6,2026-04-24 19:47:22,2026-04-26 15:41:00,Sunland,1,2026-04-29 02:33:48
Rock Island Tailrace CHN,1,G72F217B6,2026-04-24 19:47:22,2026-04-26 15:41:00,Wanapum BRZ,1,2026-05-02 03:29:38
Rock Island Tailrace CHN,1,G72F217B6,2026-04-24 19:47:22,2026-04-26 15:41:00,Mattawa,1,2026-05-02 18:38:28
Rock Island Tailrace CHN,1,G72F217B6,2026-04-24 19:47:22,2026-04-26 15:41:00,Priest BRZ,1,2026-05-03 03:20:39
Rock Island Tailrace CHN,1,G72F217B6,2026-04-24 19:47:22,2026-04-26 15:41:00,Lower Ringold,1,2026-05-04 05:15:41
Rock Island Tailrace CHN,1,G72F217B6,2026-04-24 19:47:22,2026-04-26 15:41:00,Hanford,1,2026-05-04 08:04:53
Rock Island Tailrace CHN,2,G72F4CBE8,2026-04-27 18:26:49,2026-04-29 15:28:00,Crescent Bar,1,2026-05-01 00:27:49
Rock Island Tailrace CHN,2,G72F4CBE8,2026-04-27 18:26:49,2026-04-29 15:28:00,Sunland,1,2026-05-01 10:35:12
Rock Island Tailrace CHN,2,G72F4CBE8,2026-04-27 18:26:49,2026-04-29 15:28:00,Wanapum BRZ,1,2026-05-03 09:50:30
Rock Island Tailrace CHN,2,G72F4CBE8,2026-04-27 18:26:49,2026-04-29 15:28:00,Mattawa,1,2026-05-03 12:07:43
Rock Island Tailrace CHN,2,G72F4CBE8,2026-04-27 18:26:49,2026-04-29 15:28:00,Priest BRZ,1,2026-05-04 21:08:20
Rock Island Tailrace CHN,2,G72F4CBE8,2026-04-27 18:26:49,2026-04-29 15:28:00,Lower Ringold,1,2026-05-05 09:14:42
Rock Island Tailrace CHN,2,G72F4CBE8,2026-04-27 18:26:49,2026-04-29 15:28:00,Hanford,1,2026-05-05 11:53:01
Rock Island Tailrace CHN,1,G72F560A3,2026-04-26 16:51:38,2026-04-28 16:26:00,Crescent Bar,1,2026-04-29 09:01:55
Rock Island Tailrace CHN,1,G72F560A3,2026-04-26 16:51:38,2026-04-28 16:26:00,Sunland,1,2026-04-30 00:44:06
Rock Island Tailrace CHN,1,G72F560A3,2026-04-26 16:51:38,2026-04-28 16:26:00,Wanapum BRZ,1,2026-05-02 23:58:05
Rock Island Tailrace CHN,1,G72F560A3,2026-04-26 16:51:38,2026-04-28 16:26:00,Mattawa,1,2026-05-03 02:41:35
Rock Island Tailrace CHN,1,G72F560A3,2026-04-26 16:51:38,2026-04-28 16:26:00,Priest BRZ,1,2026-05-03 17:49:58
Rock Island Tailrace CHN,1,G72F560A3,2026-04-26 16:51:38,2026-04-28 16:26:00,Lower Ringold,1,2026-05-04 20:46:49
Rock Island Tailrace CHN,1,G72F560A3,2026-04-26 16:51:38,2026-04-28 16:26:00,Hanford,1,2026-05-05 02:25:45
Rock Island Tailrace CHN,3,G72F8042E,2026-04-27 18:27:37,2026-04-29 15:28:00,Crescent Bar,1,2026-05-06 05:21:59
Rock Island Tailrace CHN,3,G72F8042E,2026-04-27 18:27:37,2026-04-29 15:28:00,Sunland,1,2026-05-07 06:21:03
Rock Island Tailrace CHN,3,G72F8042E,2026-04-27 18:27:37,2026-04-29 15:28:00,Wanapum BRZ,1,2026-05-08 11:53:30
Rock Island Tailrace CHN,3,G72F8042E,2026-04-27 18:27:37,2026-04-29 15:28:00,Mattawa,1,2026-05-08 16:33:40
Rock Island Tailrace CHN,3,G72F8042E,2026-04-27 18:27:37,2026-04-29 15:28:00,Priest BRZ,1,2026-05-09 19:04:52
Rock Island Tailrace CHN,3,G72F8042E,2026-04-27 18:27:37,2026-04-29 15:28:00,Lower Ringold,1,2026-05-10 08:33:15
Rock Island Tailrace CHN,3,G72F8042E,2026-04-27 18:27:37,2026-04-29 15:28:00,Hanford,1,2026-05-10 11:41:39
Rock Island Tailrace CHN,1,G72F94271,2026-04-21 00:13:38,2026-04-22 20:05:00,Crescent Bar,1,2026-04-24 02:12:31
Rock Island Tailrace CHN,1,G72F94271,2026-04-21 00:13:38,2026-04-22 20:05:00,Sunland,1,2026-04-24 13:01:29
Rock Island Tailrace CHN,1,G72F94271,2026-04-21 00:13:38,2026-04-22 20:05:00,Wanapum BRZ,1,2026-04-27 03:43:37
Rock Island Tailrace CHN,1,G72F94271,2026-04-21 00:13:38,2026-04-22 20:05:00,Mattawa,1,2026-04-27 06:38:27
Rock Island Tailrace CHN,1,G72F94271,2026-04-21 00:13:38,2026-04-22 20:05:00,Priest BRZ,1,2026-04-28 01:43:28
Rock Island Tailrace CHN,1,G72F94271,2026-04-21 00:13:38,2026-04-22 20:05:00,Lower Ringold,1,2026-04-28 16:52:35
Rock Island Tailrace CHN,1,G72F94271,2026-04-21 00:13:38,2026-04-22 20:05:00,Hanford,1,2026-04-29 13:33:57
Rock Island Tailrace CHN,3,G72F9C883,2026-04-23 21:02:12,2026-04-25 16:46:00,Crescent Bar,1,2026-04-26 02:15:56
Rock Island Tailrace CHN,3,G72F9C883,2026-04-23 21:02:12,2026-04-25 16:46:00,Sunland,1,2026-04-26 12:36:53
Rock Island Tailrace CHN,3,G72F9C883,2026-04-23 21:02:12,2026-04-25 16:46:00,Wanapum BRZ,1,2026-04-27 22:14:49
Rock Island Tailrace CHN,3,G72F9C883,2026-04-23 21:02:12,2026-04-25 16:46:00,Mattawa,1,2026-04-28 11:44:49
Rock Island Tailrace CHN,3,G72F9C883,2026-04-23 21:02:12,2026-04-25 16:46:00,Priest BRZ,1,2026-04-29 00:00:59
Rock Island Tailrace CHN,3,G72F9C883,2026-04-23 21:02:12,2026-04-25 16:46:00,Lower Ringold,1,2026-04-29 10:52:01
Rock Island Tailrace CHN,3,G72F9C883,2026-04-23 21:02:12,2026-04-25 16:46:00,Hanford,1,2026-04-29 14:11:43
Rock Island Tailrace STH,2,G720109F8,2026-04-29 17:16:32,2026-05-01 15:43:00,Crescent Bar,1,2026-05-01 19:52:55
Rock Island Tailrace STH,2,G720109F8,2026-04-29 17:16:32,2026-05-01 15:43:00,Sunland,1,2026-05-02 04:06:45
Rock Island Tailrace STH,2,G720109F8,2026-04-29 17:16:32,2026-05-01 15:43:00,Wanapum BRZ,1,2026-05-03 12:57:52
Rock Island Tailrace STH,2,G720109F8,2026-04-29 17:16:32,2026-05-01 15:43:00,Mattawa,1,2026-05-04 04:57:29
Rock Island Tailrace STH,2,G720109F8,2026-04-29 17:16:32,2026-05-01 15:43:00,Priest BRZ,1,2026-05-04 11:32:20
Rock Island Tailrace STH,2,G720109F8,2026-04-29 17:16:32,2026-05-01 15:43:00,Lower Ringold,1,2026-05-04 22:22:36
Rock Island Tailrace STH,2,G720109F8,2026-04-29 17:16:32,2026-05-01 15:43:00,Hanford,1,2026-05-05 06:05:17
Rock Island Tailrace STH,2,G7201177A,2026-04-29 17:19:54,2026-05-01 15:43:00,Crescent Bar,1,2026-05-01 20:15:57
Rock Island Tailrace STH,2,G7201177A,2026-04-29 17:19:54,2026-05-01 15:43:00,Sunland,1,2026-05-02 04:39:36
Rock Island Tailrace STH,2,G7201177A,2026-04-29 17:19:54,2026-05-01 15:43:00,Wanapum BRZ,0,
Rock Island Tailrace STH,2,G7201177A,2026-04-29 17:19:54,2026-05-01 15:43:00,Mattawa,0,
Rock Island Tailrace STH,2,G7201177A,2026-04-29 17:19:54,2026-05-01 15:43:00,Priest BRZ,0,
Rock Island Tailrace STH,2,G7201177A,2026-04-29 17:19:54,2026-05-01 15:43:00,Lower Ringold,0,
Rock Island Tailrace STH,2,G7201177A,2026-04-29 17:19:54,2026-05-01 15:43:00,Hanford,0,
Rock Island Tailrace STH,2,G7201F6CD,2026-04-30 17:34:15,2026-05-02 16:02:00,Crescent Bar,1,2026-05-03 00:38:21
Rock Island Tailrace STH,2,G7201F6CD,2026-04-30 17:34:15,2026-05-02 16:02:00,Sunland,1,2026-05-03 10:46:20
Rock Island Tailrace STH,2,G7201F6CD,2026-04-30 17:34:15,2026-05-02 16:02:00,Wanapum BRZ,1,2026-05-04 09:31:14
Rock Island Tailrace STH,2,G7201F6CD,2026-04-30 17:34:15,2026-05-02 16:02:00,Mattawa,1,2026-05-04 12:35:05
Rock Island Tailrace STH,2,G7201F6CD,2026-04-30 17:34:15,2026-05-02 16:02:00,Priest BRZ,1,2026-05-05 03:09:00
Rock Island Tailrace STH,2,G7201F6CD,2026-04-30 17:34:15,2026-05-02 16:02:00,Lower Ringold,1,2026-05-06 03:54:44
Rock Island Tailrace STH,2,G7201F6CD,2026-04-30 17:34:15,2026-05-02 16:02:00,Hanford,1,2026-05-06 06:47:57
Rock Island Tailrace STH,2,G72021593,2026-04-29 17:28:57,2026-05-01 15:43:00,Crescent Bar,1,2026-05-01 20:53:36
Rock Island Tailrace STH,2,G72021593,2026-04-29 17:28:57,2026-05-01 15:43:00,Sunland,1,2026-05-02 06:04:21
Rock Island Tailrace STH,2,G72021593,2026-04-29 17:28:57,2026-05-01 15:43:00,Wanapum BRZ,1,2026-05-04 06:42:10
Rock Island Tailrace STH,2,G72021593,2026-04-29 17:28:57,2026-05-01 15:43:00,Mattawa,1,2026-05-04 22:20:25
Rock Island Tailrace STH,2,G72021593,2026-04-29 17:28:57,2026-05-01 15:43:00,Priest BRZ,1,2026-05-05 09:48:59
Rock Island Tailrace STH,2,G72021593,2026-04-29 17:28:57,2026-05-01 15:43:00,Lower Ringold,1,2026-05-05 21:53:39
Rock Island Tailrace STH,2,G72021593,2026-04-29 17:28:57,2026-05-01 15:43:00,Hanford,1,2026-05-06 00:59:53
Rock Island Tailrace STH,2,G72032AA8,2026-04-27 20:55:55,2026-04-29 15:28:00,Crescent Bar,1,2026-04-29 21:02:15
Rock Island Tailrace STH,2,G72032AA8,2026-04-27 20:55:55,2026-04-29 15:28:00,Sunland,1,2026-04-30 07:57:51
Rock Island Tailrace STH,2,G72032AA8,2026-04-27 20:55:55,2026-04-29 15:28:00,Wanapum BRZ,1,2026-05-02 03:46:59
Rock Island Tailrace STH,2,G72032AA8,2026-04-27 20:55:55,2026-04-29 15:28:00,Mattawa,1,2026-05-02 19:56:31
Rock Island Tailrace STH,2,G72032AA8,2026-04-27 20:55:55,2026-04-29 15:28:00,Priest BRZ,1,2026-05-03 04:52:01
Rock Island Tailrace STH,2,G72032AA8,2026-04-27 20:55:55,2026-04-29 15:28:00,Lower Ringold,0,
Rock Island Tailrace STH,2,G72032AA8,2026-04-27 20:55:55,2026-04-29 15:28:00,Hanford,0,
Rock Island Tailrace STH,2,G7203492F,2026-04-28 20:27:05,2026-04-30 15:42:00,Crescent Bar,1,2026-05-01 03:37:06
Rock Island Tailrace STH,2,G7203492F,2026-04-28 20:27:05,2026-04-30 15:42:00,Sunland,1,2026-05-01 14:46:08
Rock Island Tailrace STH,2,G7203492F,2026-04-28 20:27:05,2026-04-30 15:42:00,Wanapum BRZ,1,2026-05-02 18:27:02
Rock Island Tailrace STH,2,G7203492F,2026-04-28 20:27:05,2026-04-30 15:42:00,Mattawa,1,2026-05-05 14:50:59
Rock Island Tailrace STH,2,G7203492F,2026-04-28 20:27:05,2026-04-30 15:42:00,Priest BRZ,1,2026-05-06 09:57:00
Rock Island Tailrace STH,2,G7203492F,2026-04-28 20:27:05,2026-04-30 15:42:00,Lower Ringold,0,
Rock Island Tailrace STH,2,G7203492F,2026-04-28 20:27:05,2026-04-30 15:42:00,Hanford,0,
Rock Island Tailrace STH,2,G72039258,2026-05-02 18:30:24,2026-05-04 15:47:00,Crescent Bar,1,2026-05-04 22:31:19
Rock Island Tailrace STH,2,G72039258,2026-05-02 18:30:24,2026-05-04 15:47:00,Sunland,1,2026-05-05 10:26:36
Rock Island Tailrace STH,2,G72039258,2026-05-02 18:30:24,2026-05-04 15:47:00,Wanapum BRZ,0,
Rock Island Tailrace STH,2,G72039258,2026-05-02 18:30:24,2026-05-04 15:47:00,Mattawa,0,
Rock Island Tailrace STH,2,G72039258,2026-05-02 18:30:24,2026-05-04 15:47:00,Priest BRZ,0,
Rock Island Tailrace STH,2,G72039258,2026-05-02 18:30:24,2026-05-04 15:47:00,Lower Ringold,0,
Rock Island Tailrace STH,2,G72039258,2026-05-02 18:30:24,2026-05-04 15:47:00,Hanford,0,
Rock Island Tailrace STH,1,G72048F56,2026-04-25 19:50:44,2026-04-27 15:43:00,Crescent Bar,1,2026-04-27 23:27:09
Rock Island Tailrace STH,1,G72048F56,2026-04-25 19:50:44,2026-04-27 15:43:00,Sunland,1,2026-04-28 14:06:50
Rock Island Tailrace STH,1,G72048F56,2026-04-25 19:50:44,2026-04-27 15:43:00,Wanapum BRZ,1,2026-04-29 18:09:08
Rock Island Tailrace STH,1,G72048F56,2026-04-25 19:50:44,2026-04-27 15:43:00,Mattawa,1,2026-04-29 22:14:40
Rock Island Tailrace STH,1,G72048F56,2026-04-25 19:50:44,2026-04-27 15:43:00,Priest BRZ,1,2026-04-30 09:25:15
Rock Island Tailrace STH,1,G72048F56,2026-04-25 19:50:44,2026-04-27 15:43:00,Lower Ringold,1,2026-04-30 20:25:14
Rock Island Tailrace STH,1,G72048F56,2026-04-25 19:50:44,2026-04-27 15:43:00,Hanford,1,2026-04-30 23:26:00
Rock Island Tailrace STH,1,G7205894F,2026-05-01 17:53:27,2026-05-03 15:52:00,Crescent Bar,1,2026-05-04 01:29:23
Rock Island Tailrace STH,1,G7205894F,2026-05-01 17:53:27,2026-05-03 15:52:00,Sunland,1,2026-05-04 09:26:43
Rock Island Tailrace STH,1,G7205894F,2026-05-01 17:53:27,2026-05-03 15:52:00,Wanapum BRZ,1,2026-05-05 14:12:04
Rock Island Tailrace STH,1,G7205894F,2026-05-01 17:53:27,2026-05-03 15:52:00,Mattawa,1,2026-05-06 06:47:13
Rock Island Tailrace STH,1,G7205894F,2026-05-01 17:53:27,2026-05-03 15:52:00,Priest BRZ,1,2026-05-07 02:39:33
Rock Island Tailrace STH,1,G7205894F,2026-05-01 17:53:27,2026-05-03 15:52:00,Lower Ringold,1,2026-05-07 13:16:43
Rock Island Tailrace STH,1,G7205894F,2026-05-01 17:53:27,2026-05-03 15:52:00,Hanford,1,2026-05-07 16:15:44
Rock Island Tailrace STH,2,G72077DCB,2026-04-28 20:59:30,2026-04-30 15:42:00,Crescent Bar,1,2026-05-01 04:57:58
Rock Island Tailrace STH,2,G72077DCB,2026-04-28 20:59:30,2026-04-30 15:42:00,Sunland,1,2026-05-01 16:06:06
Rock Island Tailrace STH,2,G72077DCB,2026-04-28 20:59:30,2026-04-30 15:42:00,Wanapum BRZ,1,2026-05-02 15:49:53
Rock Island Tailrace STH,2,G72077DCB,2026-04-28 20:59:30,2026-04-30 15:42:00,Mattawa,1,2026-05-15 10:30:55
Rock Island Tailrace STH,2,G72077DCB,2026-04-28 20:59:30,2026-04-30 15:42:00,Priest BRZ,1,2026-05-15 21:15:29
Rock Island Tailrace STH,2,G72077DCB,2026-04-28 20:59:30,2026-04-30 15:42:00,Lower Ringold,1,2026-05-16 09:13:57
Rock Island Tailrace STH,2,G72077DCB,2026-04-28 20:59:30,2026-04-30 15:42:00,Hanford,1,2026-05-16 12:09:26
Rock Island Tailrace STH,2,G72077E29,2026-04-28 20:19:54,2026-04-30 15:42:00,Crescent Bar,1,2026-05-01 10:00:40
Rock Island Tailrace STH,2,G72077E29,2026-04-28 20:19:54,2026-04-30 15:42:00,Sunland,1,2026-05-01 21:30:33
Rock Island Tailrace STH,2,G72077E29,2026-04-28 20:19:54,2026-04-30 15:42:00,Wanapum BRZ,1,2026-05-02 19:04:23
Rock Island Tailrace STH,2,G72077E29,2026-04-28 20:19:54,2026-04-30 15:42:00,Mattawa,1,2026-05-03 00:44:05
Rock Island Tailrace STH,2,G72077E29,2026-04-28 20:19:54,2026-04-30 15:42:00,Priest BRZ,1,2026-05-04 21:56:38
Rock Island Tailrace STH,2,G72077E29,2026-04-28 20:19:54,2026-04-30 15:42:00,Lower Ringold,1,2026-05-05 19:49:48
Rock Island Tailrace STH,2,G72077E29,2026-04-28 20:19:54,2026-04-30 15:42:00,Hanford,1,2026-05-05 23:25:21
Rock Island Tailrace STH,2,G7207A13F,2026-04-26 19:09:15,2026-04-28 15:47:00,Crescent Bar,1,2026-04-28 21:23:40
Rock Island Tailrace STH,2,G7207A13F,2026-04-26 19:09:15,2026-04-28 15:47:00,Sunland,1,2026-04-29 09:04:01
Rock Island Tailrace STH,2,G7207A13F,2026-04-26 19:09:15,2026-04-28 15:47:00,Wanapum BRZ,1,2026-04-30 18:14:15
Rock Island Tailrace STH,2,G7207A13F,2026-04-26 19:09:15,2026-04-28 15:47:00,Mattawa,1,2026-05-01 05:55:32
Rock Island Tailrace STH,2,G7207A13F,2026-04-26 19:09:15,2026-04-28 15:47:00,Priest BRZ,1,2026-05-02 08:42:20
Rock Island Tailrace STH,2,G7207A13F,2026-04-26 19:09:15,2026-04-28 15:47:00,Lower Ringold,1,2026-05-02 22:28:50
Rock Island Tailrace STH,2,G7207A13F,2026-04-26 19:09:15,2026-04-28 15:47:00,Hanford,1,2026-05-03 01:40:04
Rock Island Tailrace STH,3,G72086ACD,2026-04-26 19:04:23,2026-04-28 15:47:00,Crescent Bar,1,2026-04-28 21:22:26
Rock Island Tailrace STH,3,G72086ACD,2026-04-26 19:04:23,2026-04-28 15:47:00,Sunland,1,2026-04-29 10:23:40
Rock Island Tailrace STH,3,G72086ACD,2026-04-26 19:04:23,2026-04-28 15:47:00,Wanapum BRZ,1,2026-05-01 19:25:25
Rock Island Tailrace STH,3,G72086ACD,2026-04-26 19:04:23,2026-04-28 15:47:00,Mattawa,1,2026-05-05 09:01:56
Rock Island Tailrace STH,3,G72086ACD,2026-04-26 19:04:23,2026-04-28 15:47:00,Priest BRZ,1,2026-05-06 08:07:13
Rock Island Tailrace STH,3,G72086ACD,2026-04-26 19:04:23,2026-04-28 15:47:00,Lower Ringold,1,2026-05-10 08:13:12
Rock Island Tailrace STH,3,G72086ACD,2026-04-26 19:04:23,2026-04-28 15:47:00,Hanford,1,2026-05-10 10:59:19
Rock Island Tailrace STH,3,G7208B826,2026-04-25 19:39:15,2026-04-27 15:43:00,Crescent Bar,1,2026-04-27 21:09:48
Rock Island Tailrace STH,3,G7208B826,2026-04-25 19:39:15,2026-04-27 15:43:00,Sunland,1,2026-04-28 12:22:14
Rock Island Tailrace STH,3,G7208B826,2026-04-25 19:39:15,2026-04-27 15:43:00,Wanapum BRZ,1,2026-04-30 09:55:26
Rock Island Tailrace STH,3,G7208B826,2026-04-25 19:39:15,2026-04-27 15:43:00,Mattawa,1,2026-04-30 12:44:33
Rock Island Tailrace STH,3,G7208B826,2026-04-25 19:39:15,2026-04-27 15:43:00,Priest BRZ,1,2026-05-01 06:10:11
Rock Island Tailrace STH,3,G7208B826,2026-04-25 19:39:15,2026-04-27 15:43:00,Lower Ringold,1,2026-05-01 19:25:35
Rock Island Tailrace STH,3,G7208B826,2026-04-25 19:39:15,2026-04-27 15:43:00,Hanford,1,2026-05-01 22:47:38
Rock Island Tailrace STH,1,G7208EA41,2026-04-29 17:22:11,2026-05-01 15:43:00,Crescent Bar,1,2026-05-01 20:12:40
Rock Island Tailrace STH,1,G7208EA41,2026-04-29 17:22:11,2026-05-01 15:43:00,Sunland,1,2026-05-02 01:54:35
Rock Island Tailrace STH,1,G7208EA41,2026-04-29 17:22:11,2026-05-01 15:43:00,Wanapum BRZ,1,2026-05-03 01:38:37
Rock Island Tailrace STH,1,G7208EA41,2026-04-29 17:22:11,2026-05-01 15:43:00,Mattawa,1,2026-05-03 04:35:20
Rock Island Tailrace STH,1,G7208EA41,2026-04-29 17:22:11,2026-05-01 15:43:00,Priest BRZ,0,
Rock Island Tailrace STH,1,G7208EA41,2026-04-29 17:22:11,2026-05-01 15:43:00,Lower Ringold,0,
Rock Island Tailrace STH,1,G7208EA41,2026-04-29 17:22:11,2026-05-01 15:43:00,Hanford,0,
Rock Island Tailrace STH,3,G720B1E01,2026-05-01 18:10:39,2026-05-03 15:52:00,Crescent Bar,1,2026-05-04 00:16:44
Rock Island Tailrace STH,3,G720B1E01,2026-05-01 18:10:39,2026-05-03 15:52:00,Sunland,1,2026-05-04 09:00:34
Rock Island Tailrace STH,3,G720B1E01,2026-05-01 18:10:39,2026-05-03 15:52:00,Wanapum BRZ,0,
Rock Island Tailrace STH,3,G720B1E01,2026-05-01 18:10:39,2026-05-03 15:52:00,Mattawa,0,
Rock Island Tailrace STH,3,G720B1E01,2026-05-01 18:10:39,2026-05-03 15:52:00,Priest BRZ,0,
Rock Island Tailrace STH,3,G720B1E01,2026-05-01 18:10:39,2026-05-03 15:52:00,Lower Ringold,0,
Rock Island Tailrace STH,3,G720B1E01,2026-05-01 18:10:39,2026-05-03 15:52:00,Hanford,0,
Rock Island Tailrace STH,3,G720B2ADE,2026-04-28 20:57:25,2026-04-30 15:42:00,Crescent Bar,1,2026-05-01 17:22:48
Rock Island Tailrace STH,3,G720B2ADE,2026-04-28 20:57:25,2026-04-30 15:42:00,Sunland,1,2026-05-02 04:53:53
Rock Island Tailrace STH,3,G720B2ADE,2026-04-28 20:57:25,2026-04-30 15:42:00,Wanapum BRZ,1,2026-05-04 06:41:41
Rock Island Tailrace STH,3,G720B2ADE,2026-04-28 20:57:25,2026-04-30 15:42:00,Mattawa,1,2026-05-04 16:24:39
Rock Island Tailrace STH,3,G720B2ADE,2026-04-28 20:57:25,2026-04-30 15:42:00,Priest BRZ,1,2026-05-05 21:25:54
Rock Island Tailrace STH,3,G720B2ADE,2026-04-28 20:57:25,2026-04-30 15:42:00,Lower Ringold,1,2026-05-06 21:10:10
Rock Island Tailrace STH,3,G720B2ADE,2026-04-28 20:57:25,2026-04-30 15:42:00,Hanford,1,2026-05-08 07:44:27
Rock Island Tailrace STH,3,G720B5DA5,2026-04-27 21:07:24,2026-04-29 15:28:00,Crescent Bar,1,2026-04-29 21:20:35
Rock Island Tailrace STH,3,G720B5DA5,2026-04-27 21:07:24,2026-04-29 15:28:00,Sunland,1,2026-04-30 08:26:53
Rock Island Tailrace STH,3,G720B5DA5,2026-04-27 21:07:24,2026-04-29 15:28:00,Wanapum BRZ,1,2026-05-02 02:38:35
Rock Island Tailrace STH,3,G720B5DA5,2026-04-27 21:07:24,2026-04-29 15:28:00,Mattawa,1,2026-05-03 03:25:18
Rock Island Tailrace STH,3,G720B5DA5,2026-04-27 21:07:24,2026-04-29 15:28:00,Priest BRZ,1,2026-05-04 01:08:33
Rock Island Tailrace STH,3,G720B5DA5,2026-04-27 21:07:24,2026-04-29 15:28:00,Lower Ringold,1,2026-05-04 13:01:10
Rock Island Tailrace STH,3,G720B5DA5,2026-04-27 21:07:24,2026-04-29 15:28:00,Hanford,1,2026-05-04 15:55:02
Rock Island Tailrace STH,3,G720B9092,2026-04-27 21:12:49,2026-04-29 15:28:00,Crescent Bar,1,2026-04-29 21:10:02
Rock Island Tailrace STH,3,G720B9092,2026-04-27 21:12:49,2026-04-29 15:28:00,Sunland,1,2026-04-30 06:31:14
Rock Island Tailrace STH,3,G720B9092,2026-04-27 21:12:49,2026-04-29 15:28:00,Wanapum BRZ,1,2026-05-02 04:47:14
Rock Island Tailrace STH,3,G720B9092,2026-04-27 21:12:49,2026-04-29 15:28:00,Mattawa,1,2026-05-02 07:17:02
Rock Island Tailrace STH,3,G720B9092,2026-04-27 21:12:49,2026-04-29 15:28:00,Priest BRZ,1,2026-05-04 07:23:12
Rock Island Tailrace STH,3,G720B9092,2026-04-27 21:12:49,2026-04-29 15:28:00,Lower Ringold,1,2026-05-05 18:58:57
Rock Island Tailrace STH,3,G720B9092,2026-04-27 21:12:49,2026-04-29 15:28:00,Hanford,1,2026-05-06 04:23:33
Rock Island Tailrace STH,3,G720BBD4C,2026-05-01 18:08:21,2026-05-03 15:52:00,Crescent Bar,1,2026-05-04 04:04:28
Rock Island Tailrace STH,3,G720BBD4C,2026-05-01 18:08:21,2026-05-03 15:52:00,Sunland,1,2026-05-04 14:30:56
Rock Island Tailrace STH,3,G720BBD4C,2026-05-01 18:08:21,2026-05-03 15:52:00,Wanapum BRZ,1,2026-05-05 12:26:52
Rock Island Tailrace STH,3,G720BBD4C,2026-05-01 18:08:21,2026-05-03 15:52:00,Mattawa,1,2026-05-06 01:47:40
Rock Island Tailrace STH,3,G720BBD4C,2026-05-01 18:08:21,2026-05-03 15:52:00,Priest BRZ,1,2026-05-06 17:50:17
Rock Island Tailrace STH,3,G720BBD4C,2026-05-01 18:08:21,2026-05-03 15:52:00,Lower Ringold,1,2026-05-07 05:31:11
Rock Island Tailrace STH,3,G720BBD4C,2026-05-01 18:08:21,2026-05-03 15:52:00,Hanford,1,2026-05-07 08:37:04
Rock Island Tailrace STH,1,G720CC8E5,2026-04-30 17:37:44,2026-05-02 16:02:00,Crescent Bar,1,2026-05-03 02:27:45
Rock Island Tailrace STH,1,G720CC8E5,2026-04-30 17:37:44,2026-05-02 16:02:00,Sunland,1,2026-05-03 12:33:54
Rock Island Tailrace STH,1,G720CC8E5,2026-04-30 17:37:44,2026-05-02 16:02:00,Wanapum BRZ,1,2026-05-04 17:40:41
Rock Island Tailrace STH,1,G720CC8E5,2026-04-30 17:37:44,2026-05-02 16:02:00,Mattawa,1,2026-05-05 07:37:11
Rock Island Tailrace STH,1,G720CC8E5,2026-04-30 17:37:44,2026-05-02 16:02:00,Priest BRZ,1,2026-05-07 02:52:33
Rock Island Tailrace STH,1,G720CC8E5,2026-04-30 17:37:44,2026-05-02 16:02:00,Lower Ringold,1,2026-05-10 03:26:32
Rock Island Tailrace STH,1,G720CC8E5,2026-04-30 17:37:44,2026-05-02 16:02:00,Hanford,1,2026-05-10 06:24:07
Rock Island Tailrace STH,1,G720D0516,2026-04-25 19:38:25,2026-04-27 15:43:00,Crescent Bar,1,2026-04-27 23:39:19
Rock Island Tailrace STH,1,G720D0516,2026-04-25 19:38:25,2026-04-27 15:43:00,Sunland,1,2026-04-28 12:48:55
Rock Island Tailrace STH,1,G720D0516,2026-04-25 19:38:25,2026-04-27 15:43:00,Wanapum BRZ,1,2026-04-29 16:18:58
Rock Island Tailrace STH,1,G720D0516,2026-04-25 19:38:25,2026-04-27 15:43:00,Mattawa,1,2026-04-29 20:18:50
Rock Island Tailrace STH,1,G720D0516,2026-04-25 19:38:25,2026-04-27 15:43:00,Priest BRZ,1,2026-05-01 12:19:42
Rock Island Tailrace STH,1,G720D0516,2026-04-25 19:38:25,2026-04-27 15:43:00,Lower Ringold,1,2026-05-03 15:33:43
Rock Island Tailrace STH,1,G720D0516,2026-04-25 19:38:25,2026-04-27 15:43:00,Hanford,1,2026-05-03 19:20:47
Rock Island Tailrace STH,3,G720DFA23,2026-05-02 18:28:17,2026-05-04 15:47:00,Crescent Bar,1,2026-05-05 04:55:53
Rock Island Tailrace STH,3,G720DFA23,2026-05-02 18:28:17,2026-05-04 15:47:00,Sunland,1,2026-05-05 13:28:16
Rock Island Tailrace STH,3,G720DFA23,2026-05-02 18:28:17,2026-05-04 15:47:00,Wanapum BRZ,1,2026-05-06 06:02:48
Rock Island Tailrace STH,3,G720DFA23,2026-05-02 18:28:17,2026-05-04 15:47:00,Mattawa,1,2026-05-06 10:35:17
Rock Island Tailrace STH,3,G720DFA23,2026-05-02 18:28:17,2026-05-04 15:47:00,Priest BRZ,1,2026-05-07 01:18:39
Rock Island Tailrace STH,3,G720DFA23,2026-05-02 18:28:17,2026-05-04 15:47:00,Lower Ringold,1,2026-05-07 21:01:28
Rock Island Tailrace STH,3,G720DFA23,2026-05-02 18:28:17,2026-05-04 15:47:00,Hanford,1,2026-05-08 00:13:33
Rock Island Tailrace STH,3,G720E319C,2026-04-28 20:20:15,2026-04-30 15:42:00,Crescent Bar,1,2026-04-30 20:22:22
Rock Island Tailrace STH,3,G720E319C,2026-04-28 20:20:15,2026-04-30 15:42:00,Sunland,1,2026-05-01 09:33:18
Rock Island Tailrace STH,3,G720E319C,2026-04-28 20:20:15,2026-04-30 15:42:00,Wanapum BRZ,1,2026-05-03 07:36:57
Rock Island Tailrace STH,3,G720E319C,2026-04-28 20:20:15,2026-04-30 15:42:00,Mattawa,1,2026-05-03 11:27:55
Rock Island Tailrace STH,3,G720E319C,2026-04-28 20:20:15,2026-04-30 15:42:00,Priest BRZ,1,2026-05-04 11:47:25
Rock Island Tailrace STH,3,G720E319C,2026-04-28 20:20:15,2026-04-30 15:42:00,Lower Ringold,1,2026-05-05 07:35:07
Rock Island Tailrace STH,3,G720E319C,2026-04-28 20:20:15,2026-04-30 15:42:00,Hanford,1,2026-05-05 10:10:22
Rock Island Tailrace STH,3,G720E92D1,2026-04-29 17:12:51,2026-05-01 15:43:00,Crescent Bar,1,2026-05-01 20:19:40
Rock Island Tailrace STH,3,G720E92D1,2026-04-29 17:12:51,2026-05-01 15:43:00,Sunland,1,2026-05-02 02:11:56
Rock Island Tailrace STH,3,G720E92D1,2026-04-29 17:12:51,2026-05-01 15:43:00,Wanapum BRZ,1,2026-05-04 08:14:59
Rock Island Tailrace STH,3,G720E92D1,2026-04-29 17:12:51,2026-05-01 15:43:00,Mattawa,1,2026-05-05 16:36:18
Rock Island Tailrace STH,3,G720E92D1,2026-04-29 17:12:51,2026-05-01 15:43:00,Priest BRZ,1,2026-05-06 12:48:42
Rock Island Tailrace STH,3,G720E92D1,2026-04-29 17:12:51,2026-05-01 15:43:00,Lower Ringold,1,2026-05-07 15:19:20
Rock Island Tailrace STH,3,G720E92D1,2026-04-29 17:12:51,2026-05-01 15:43:00,Hanford,1,2026-05-07 18:32:37
Rock Island Tailrace STH,1,G7210D47A,2026-04-26 18:59:49,2026-04-28 15:47:00,Crescent Bar,1,2026-04-28 22:28:08
Rock Island Tailrace STH,1,G7210D47A,2026-04-26 18:59:49,2026-04-28 15:47:00,Sunland,1,2026-04-29 12:37:58
Rock Island Tailrace STH,1,G7210D47A,2026-04-26 18:59:49,2026-04-28 15:47:00,Wanapum BRZ,1,2026-05-01 05:42:18
Rock Island Tailrace STH,1,G7210D47A,2026-04-26 18:59:49,2026-04-28 15:47:00,Mattawa,1,2026-05-01 14:12:35
Rock Island Tailrace STH,1,G7210D47A,2026-04-26 18:59:49,2026-04-28 15:47:00,Priest BRZ,1,2026-05-02 10:50:25
Rock Island Tailrace STH,1,G7210D47A,2026-04-26 18:59:49,2026-04-28 15:47:00,Lower Ringold,1,2026-05-03 01:01:07
Rock Island Tailrace STH,1,G7210D47A,2026-04-26 18:59:49,2026-04-28 15:47:00,Hanford,1,2026-05-03 04:45:29
Rock Island Tailrace STH,1,G72113509,2026-04-25 19:29:01,2026-04-27 15:43:00,Crescent Bar,1,2026-04-28 04:06:20
Rock Island Tailrace STH,1,G72113509,2026-04-25 19:29:01,2026-04-27 15:43:00,Sunland,1,2026-04-28 16:54:01
Rock Island Tailrace STH,1,G72113509,2026-04-25 19:29:01,2026-04-27 15:43:00,Wanapum BRZ,1,2026-04-29 23:57:27
Rock Island Tailrace STH,1,G72113509,2026-04-25 19:29:01,2026-04-27 15:43:00,Mattawa,1,2026-04-30 02:36:33
Rock Island Tailrace STH,1,G72113509,2026-04-25 19:29:01,2026-04-27 15:43:00,Priest BRZ,1,2026-05-02 08:27:36
Rock Island Tailrace STH,1,G72113509,2026-04-25 19:29:01,2026-04-27 15:43:00,Lower Ringold,0,
Rock Island Tailrace STH,1,G72113509,2026-04-25 19:29:01,2026-04-27 15:43:00,Hanford,0,
Rock Island Tailrace STH,1,G72114BEE,2026-04-29 17:15:48,2026-05-01 15:43:00,Crescent Bar,1,2026-05-01 20:54:50
Rock Island Tailrace STH,1,G72114BEE,2026-04-29 17:15:48,2026-05-01 15:43:00,Sunland,1,2026-05-02 04:03:01
Rock Island Tailrace STH,1,G72114BEE,2026-04-29 17:15:48,2026-05-01 15:43:00,Wanapum BRZ,1,2026-05-03 12:17:19
Rock Island Tailrace STH,1,G72114BEE,2026-04-29 17:15:48,2026-05-01 15:43:00,Mattawa,1,2026-05-04 02:10:25
Rock Island Tailrace STH,1,G72114BEE,2026-04-29 17:15:48,2026-05-01 15:43:00,Priest BRZ,1,2026-05-04 11:57:41
Rock Island Tailrace STH,1,G72114BEE,2026-04-29 17:15:48,2026-05-01 15:43:00,Lower Ringold,1,2026-05-06 16:13:50
Rock Island Tailrace STH,1,G72114BEE,2026-04-29 17:15:48,2026-05-01 15:43:00,Hanford,1,2026-05-06 18:51:20
Rock Island Tailrace STH,2,G721393EA,2026-05-01 18:06:21,2026-05-03 15:52:00,Crescent Bar,1,2026-05-04 01:35:26
Rock Island Tailrace STH,2,G721393EA,2026-05-01 18:06:21,2026-05-03 15:52:00,Sunland,1,2026-05-04 09:38:43
Rock Island Tailrace STH,2,G721393EA,2026-05-01 18:06:21,2026-05-03 15:52:00,Wanapum BRZ,1,2026-05-05 06:05:12
Rock Island Tailrace STH,2,G721393EA,2026-05-01 18:06:21,2026-05-03 15:52:00,Mattawa,1,2026-05-05 09:24:59
Rock Island Tailrace STH,2,G721393EA,2026-05-01 18:06:21,2026-05-03 15:52:00,Priest BRZ,1,2026-05-06 10:17:08
Rock Island Tailrace STH,2,G721393EA,2026-05-01 18:06:21,2026-05-03 15:52:00,Lower Ringold,1,2026-05-07 14:22:16
Rock Island Tailrace STH,2,G721393EA,2026-05-01 18:06:21,2026-05-03 15:52:00,Hanford,1,2026-05-07 17:58:25
Rock Island Tailrace STH,2,G7213DCED,2026-04-25 19:36:13,2026-04-27 15:43:00,Crescent Bar,1,2026-04-27 22:10:03
Rock Island Tailrace STH,2,G7213DCED,2026-04-25 19:36:13,2026-04-27 15:43:00,Sunland,1,2026-04-28 08:55:24
Rock Island Tailrace STH,2,G7213DCED,2026-04-25 19:36:13,2026-04-27 15:43:00,Wanapum BRZ,1,2026-04-29 15:01:27
Rock Island Tailrace STH,2,G7213DCED,2026-04-25 19:36:13,2026-04-27 15:43:00,Mattawa,1,2026-04-29 23:14:40
Rock Island Tailrace STH,2,G7213DCED,2026-04-25 19:36:13,2026-04-27 15:43:00,Priest BRZ,1,2026-04-30 11:09:08
Rock Island Tailrace STH,2,G7213DCED,2026-04-25 19:36:13,2026-04-27 15:43:00,Lower Ringold,1,2026-04-30 23:07:14
Rock Island Tailrace STH,2,G7213DCED,2026-04-25 19:36:13,2026-04-27 15:43:00,Hanford,1,2026-05-01 02:26:20
Rock Island Tailrace STH,3,G72147E90,2026-04-27 21:17:31,2026-04-29 15:28:00,Crescent Bar,1,2026-04-29 21:06:22
Rock Island Tailrace STH,3,G72147E90,2026-04-27 21:17:31,2026-04-29 15:28:00,Sunland,1,2026-04-30 05:38:45
Rock Island Tailrace STH,3,G72147E90,2026-04-27 21:17:31,2026-04-29 15:28:00,Wanapum BRZ,1,2026-05-01 07:12:15
Rock Island Tailrace STH,3,G72147E90,2026-04-27 21:17:31,2026-04-29 15:28:00,Mattawa,1,2026-05-01 10:22:54
Rock Island Tailrace STH,3,G72147E90,2026-04-27 21:17:31,2026-04-29 15:28:00,Priest BRZ,1,2026-05-02 06:05:19
Rock Island Tailrace STH,3,G72147E90,2026-04-27 21:17:31,2026-04-29 15:28:00,Lower Ringold,0,
Rock Island Tailrace STH,3,G72147E90,2026-04-27 21:17:31,2026-04-29 15:28:00,Hanford,0,
Rock Island Tailrace STH,3,G721492DA,2026-04-25 19:44:59,2026-04-27 15:43:00,Crescent Bar,1,2026-04-27 22:08:31
Rock Island Tailrace STH,3,G721492DA,2026-04-25 19:44:59,2026-04-27 15:43:00,Sunland,1,2026-04-28 10:33:58
Rock Island Tailrace STH,3,G721492DA,2026-04-25 19:44:59,2026-04-27 15:43:00,Wanapum BRZ,1,2026-04-29 19:46:07
Rock Island Tailrace STH,3,G721492DA,2026-04-25 19:44:59,2026-04-27 15:43:00,Mattawa,1,2026-04-30 03:16:15
Rock Island Tailrace STH,3,G721492DA,2026-04-25 19:44:59,2026-04-27 15:43:00,Priest BRZ,1,2026-05-02 06:55:34
Rock Island Tailrace STH,3,G721492DA,2026-04-25 19:44:59,2026-04-27 15:43:00,Lower Ringold,1,2026-05-02 18:16:45
Rock Island Tailrace STH,3,G721492DA,2026-04-25 19:44:59,2026-04-27 15:43:00,Hanford,1,2026-05-02 22:00:38
Rock Island Tailrace STH,3,G7215222C,2026-05-01 18:31:52,2026-05-03 15:52:00,Crescent Bar,1,2026-05-03 23:58:06
Rock Island Tailrace STH,3,G7215222C,2026-05-01 18:31:52,2026-05-03 15:52:00,Sunland,1,2026-05-04 09:07:19
Rock Island Tailrace STH,3,G7215222C,2026-05-01 18:31:52,2026-05-03 15:52:00,Wanapum BRZ,1,2026-05-05 13:34:11
Rock Island Tailrace STH,3,G7215222C,2026-05-01 18:31:52,2026-05-03 15:52:00,Mattawa,1,2026-05-06 06:52:40
Rock Island Tailrace STH,3,G7215222C,2026-05-01 18:31:52,2026-05-03 15:52:00,Priest BRZ,1,2026-05-07 02:55:48
Rock Island Tailrace STH,3,G7215222C,2026-05-01 18:31:52,2026-05-03 15:52:00,Lower Ringold,1,2026-05-08 14:41:42
Rock Island Tailrace STH,3,G7215222C,2026-05-01 18:31:52,2026-05-03 15:52:00,Hanford,1,2026-05-09 02:11:32
Rock Island Tailrace STH,3,G72157889,2026-04-28 20:20:44,2026-04-30 15:42:00,Crescent Bar,1,2026-05-01 02:13:28
Rock Island Tailrace STH,3,G72157889,2026-04-28 20:20:44,2026-04-30 15:42:00,Sunland,1,2026-05-01 14:22:42
Rock Island Tailrace STH,3,G72157889,2026-04-28 20:20:44,2026-04-30 15:42:00,Wanapum BRZ,1,2026-05-02 13:11:22
Rock Island Tailrace STH,3,G72157889,2026-04-28 20:20:44,2026-04-30 15:42:00,Mattawa,1,2026-05-02 15:53:00
Rock Island Tailrace STH,3,G72157889,2026-04-28 20:20:44,2026-04-30 15:42:00,Priest BRZ,1,2026-05-03 06:00:44
Rock Island Tailrace STH,3,G72157889,2026-04-28 20:20:44,2026-04-30 15:42:00,Lower Ringold,1,2026-05-03 18:04:33
Rock Island Tailrace STH,3,G72157889,2026-04-28 20:20:44,2026-04-30 15:42:00,Hanford,1,2026-05-03 20:30:50
Rock Island Tailrace STH,3,G7215E687,2026-04-29 17:28:35,2026-05-01 15:43:00,Crescent Bar,1,2026-05-02 06:31:10
Rock Island Tailrace STH,3,G7215E687,2026-04-29 17:28:35,2026-05-01 15:43:00,Sunland,1,2026-05-02 19:12:06
Rock Island Tailrace STH,3,G7215E687,2026-04-29 17:28:35,2026-05-01 15:43:00,Wanapum BRZ,1,2026-05-04 14:41:28
Rock Island Tailrace STH,3,G7215E687,2026-04-29 17:28:35,2026-05-01 15:43:00,Mattawa,0,
Rock Island Tailrace STH,3,G7215E687,2026-04-29 17:28:35,2026-05-01 15:43:00,Priest BRZ,0,
Rock Island Tailrace STH,3,G7215E687,2026-04-29 17:28:35,2026-05-01 15:43:00,Lower Ringold,0,
Rock Island Tailrace STH,3,G7215E687,2026-04-29 17:28:35,2026-05-01 15:43:00,Hanford,0,
Rock Island Tailrace STH,2,G7216A049,2026-04-29 17:16:09,2026-05-01 15:43:00,Crescent Bar,1,2026-05-01 19:55:49
Rock Island Tailrace STH,2,G7216A049,2026-04-29 17:16:09,2026-05-01 15:43:00,Sunland,1,2026-05-02 06:28:09
Rock Island Tailrace STH,2,G7216A049,2026-04-29 17:16:09,2026-05-01 15:43:00,Wanapum BRZ,1,2026-05-02 19:28:01
Rock Island Tailrace STH,2,G7216A049,2026-04-29 17:16:09,2026-05-01 15:43:00,Mattawa,1,2026-05-02 22:56:43
Rock Island Tailrace STH,2,G7216A049,2026-04-29 17:16:09,2026-05-01 15:43:00,Priest BRZ,1,2026-05-03 09:31:48
Rock Island Tailrace STH,2,G7216A049,2026-04-29 17:16:09,2026-05-01 15:43:00,Lower Ringold,1,2026-05-03 20:37:01
Rock Island Tailrace STH,2,G7216A049,2026-04-29 17:16:09,2026-05-01 15:43:00,Hanford,1,2026-05-03 23:16:14
Rock Island Tailrace STH,2,G7217C1B6,2026-04-30 17:48:15,2026-05-02 16:02:00,Crescent Bar,1,2026-05-03 00:15:04
Rock Island Tailrace STH,2,G7217C1B6,2026-04-30 17:48:15,2026-05-02 16:02:00,Sunland,1,2026-05-03 08:07:15
Rock Island Tailrace STH,2,G7217C1B6,2026-04-30 17:48:15,2026-05-02 16:02:00,Wanapum BRZ,1,2026-05-04 12:10:31
Rock Island Tailrace STH,2,G7217C1B6,2026-04-30 17:48:15,2026-05-02 16:02:00,Mattawa,1,2026-05-05 02:25:15
Rock Island Tailrace STH,2,G7217C1B6,2026-04-30 17:48:15,2026-05-02 16:02:00,Priest BRZ,1,2026-05-05 07:19:50
Rock Island Tailrace STH,2,G7217C1B6,2026-04-30 17:48:15,2026-05-02 16:02:00,Lower Ringold,1,2026-05-05 21:51:01
Rock Island Tailrace STH,2,G7217C1B6,2026-04-30 17:48:15,2026-05-02 16:02:00,Hanford,1,2026-05-06 00:31:22
Rock Island Tailrace STH,2,G72187320,2026-04-26 19:02:33,2026-04-28 15:47:00,Crescent Bar,1,2026-04-29 01:30:12
Rock Island Tailrace STH,2,G72187320,2026-04-26 19:02:33,2026-04-28 15:47:00,Sunland,1,2026-04-29 15:01:58
Rock Island Tailrace STH,2,G72187320,2026-04-26 19:02:33,2026-04-28 15:47:00,Wanapum BRZ,1,2026-05-02 00:00:05
Rock Island Tailrace STH,2,G72187320,2026-04-26 19:02:33,2026-04-28 15:47:00,Mattawa,1,2026-05-02 05:22:13
Rock Island Tailrace STH,2,G72187320,2026-04-26 19:02:33,2026-04-28 15:47:00,Priest BRZ,1,2026-05-03 08:06:26
Rock Island Tailrace STH,2,G72187320,2026-04-26 19:02:33,2026-04-28 15:47:00,Lower Ringold,1,2026-05-04 13:56:54
Rock Island Tailrace STH,2,G72187320,2026-04-26 19:02:33,2026-04-28 15:47:00,Hanford,1,2026-05-04 19:01:41
Rock Island Tailrace STH,2,G721897A8,2026-04-27 21:16:37,2026-04-29 15:28:00,Crescent Bar,1,2026-04-29 21:43:28
Rock Island Tailrace STH,2,G721897A8,2026-04-27 21:16:37,2026-04-29 15:28:00,Sunland,1,2026-04-30 07:10:37
Rock Island Tailrace STH,2,G721897A8,2026-04-27 21:16:37,2026-04-29 15:28:00,Wanapum BRZ,1,2026-05-03 17:42:01
Rock Island Tailrace STH,2,G721897A8,2026-04-27 21:16:37,2026-04-29 15:28:00,Mattawa,1,2026-05-04 10:11:05
Rock Island Tailrace STH,2,G721897A8,2026-04-27 21:16:37,2026-04-29 15:28:00,Priest BRZ,1,2026-05-04 21:42:49
Rock Island Tailrace STH,2,G721897A8,2026-04-27 21:16:37,2026-04-29 15:28:00,Lower Ringold,1,2026-05-05 08:52:31
Rock Island Tailrace STH,2,G721897A8,2026-04-27 21:16:37,2026-04-29 15:28:00,Hanford,1,2026-05-05 11:27:41
Rock Island Tailrace STH,2,G7219275E,2026-05-02 18:12:58,2026-05-04 15:47:00,Crescent Bar,1,2026-05-05 01:23:09
Rock Island Tailrace STH,2,G7219275E,2026-05-02 18:12:58,2026-05-04 15:47:00,Sunland,1,2026-05-05 09:47:02
Rock Island Tailrace STH,2,G7219275E,2026-05-02 18:12:58,2026-05-04 15:47:00,Wanapum BRZ,1,2026-05-07 19:06:18
Rock Island Tailrace STH,2,G7219275E,2026-05-02 18:12:58,2026-05-04 15:47:00,Mattawa,1,2026-05-08 05:41:58
Rock Island Tailrace STH,2,G7219275E,2026-05-02 18:12:58,2026-05-04 15:47:00,Priest BRZ,1,2026-05-08 15:20:41
Rock Island Tailrace STH,2,G7219275E,2026-05-02 18:12:58,2026-05-04 15:47:00,Lower Ringold,1,2026-05-09 15:54:42
Rock Island Tailrace STH,2,G7219275E,2026-05-02 18:12:58,2026-05-04 15:47:00,Hanford,1,2026-05-09 18:58:47
Rock Island Tailrace STH,2,G7219C9A8,2026-04-30 17:45:10,2026-05-02 16:02:00,Crescent Bar,1,2026-05-02 22:35:42
Rock Island Tailrace STH,2,G7219C9A8,2026-04-30 17:45:10,2026-05-02 16:02:00,Sunland,1,2026-05-03 11:35:03
Rock Island Tailrace STH,2,G7219C9A8,2026-04-30 17:45:10,2026-05-02 16:02:00,Wanapum BRZ,1,2026-05-04 18:58:39
Rock Island Tailrace STH,2,G7219C9A8,2026-04-30 17:45:10,2026-05-02 16:02:00,Mattawa,1,2026-05-05 09:52:29
Rock Island Tailrace STH,2,G7219C9A8,2026-04-30 17:45:10,2026-05-02 16:02:00,Priest BRZ,1,2026-05-05 19:06:28
Rock Island Tailrace STH,2,G7219C9A8,2026-04-30 17:45:10,2026-05-02 16:02:00,Lower Ringold,1,2026-05-06 08:46:03
Rock Island Tailrace STH,2,G7219C9A8,2026-04-30 17:45:10,2026-05-02 16:02:00,Hanford,1,2026-05-06 11:32:09
Rock Island Tailrace STH,3,G721A18F4,2026-04-30 17:40:25,2026-05-02 16:02:00,Crescent Bar,1,2026-05-03 15:23:34
Rock Island Tailrace STH,3,G721A18F4,2026-04-30 17:40:25,2026-05-02 16:02:00,Sunland,1,2026-05-04 00:41:33
Rock Island Tailrace STH,3,G721A18F4,2026-04-30 17:40:25,2026-05-02 16:02:00,Wanapum BRZ,1,2026-05-05 18:36:10
Rock Island Tailrace STH,3,G721A18F4,2026-04-30 17:40:25,2026-05-02 16:02:00,Mattawa,0,
Rock Island Tailrace STH,3,G721A18F4,2026-04-30 17:40:25,2026-05-02 16:02:00,Priest BRZ,0,
Rock Island Tailrace STH,3,G721A18F4,2026-04-30 17:40:25,2026-05-02 16:02:00,Lower Ringold,0,
Rock Island Tailrace STH,3,G721A18F4,2026-04-30 17:40:25,2026-05-02 16:02:00,Hanford,0,
Rock Island Tailrace STH,3,G721A3B35,2026-04-30 17:44:43,2026-05-02 16:02:00,Crescent Bar,1,2026-05-02 22:51:08
Rock Island Tailrace STH,3,G721A3B35,2026-04-30 17:44:43,2026-05-02 16:02:00,Sunland,1,2026-05-03 09:06:46
Rock Island Tailrace STH,3,G721A3B35,2026-04-30 17:44:43,2026-05-02 16:02:00,Wanapum BRZ,1,2026-05-04 08:38:05
Rock Island Tailrace STH,3,G721A3B35,2026-04-30 17:44:43,2026-05-02 16:02:00,Mattawa,1,2026-05-04 18:41:01
Rock Island Tailrace STH,3,G721A3B35,2026-04-30 17:44:43,2026-05-02 16:02:00,Priest BRZ,1,2026-05-05 07:48:09
Rock Island Tailrace STH,3,G721A3B35,2026-04-30 17:44:43,2026-05-02 16:02:00,Lower Ringold,1,2026-05-06 04:19:47
Rock Island Tailrace STH,3,G721A3B35,2026-04-30 17:44:43,2026-05-02 16:02:00,Hanford,1,2026-05-06 07:30:37
Rock Island Tailrace STH,3,G721B2691,2026-04-28 20:56:44,2026-04-30 15:42:00,Crescent Bar,1,2026-04-30 21:24:56
Rock Island Tailrace STH,3,G721B2691,2026-04-28 20:56:44,2026-04-30 15:42:00,Sunland,1,2026-05-01 13:36:28
Rock Island Tailrace STH,3,G721B2691,2026-04-28 20:56:44,2026-04-30 15:42:00,Wanapum BRZ,1,2026-05-02 14:10:57
Rock Island Tailrace STH,3,G721B2691,2026-04-28 20:56:44,2026-04-30 15:42:00,Mattawa,1,2026-05-03 19:03:37
Rock Island Tailrace STH,3,G721B2691,2026-04-28 20:56:44,2026-04-30 15:42:00,Priest BRZ,1,2026-05-04 09:44:46
Rock Island Tailrace STH,3,G721B2691,2026-04-28 20:56:44,2026-04-30 15:42:00,Lower Ringold,1,2026-05-04 23:39:46
Rock Island Tailrace STH,3,G721B2691,2026-04-28 20:56:44,2026-04-30 15:42:00,Hanford,1,2026-05-05 02:23:45
Rock Island Tailrace STH,3,G721B6A74,2026-04-26 19:30:38,2026-04-28 15:47:00,Crescent Bar,1,2026-04-29 01:27:16
Rock Island Tailrace STH,3,G721B6A74,2026-04-26 19:30:38,2026-04-28 15:47:00,Sunland,1,2026-04-29 12:01:23
Rock Island Tailrace STH,3,G721B6A74,2026-04-26 19:30:38,2026-04-28 15:47:00,Wanapum BRZ,1,2026-04-30 21:04:11
Rock Island Tailrace STH,3,G721B6A74,2026-04-26 19:30:38,2026-04-28 15:47:00,Mattawa,1,2026-05-01 00:44:43
Rock Island Tailrace STH,3,G721B6A74,2026-04-26 19:30:38,2026-04-28 15:47:00,Priest BRZ,1,2026-05-01 17:34:28
Rock Island Tailrace STH,3,G721B6A74,2026-04-26 19:30:38,2026-04-28 15:47:00,Lower Ringold,1,2026-05-02 14:21:17
Rock Island Tailrace STH,3,G721B6A74,2026-04-26 19:30:38,2026-04-28 15:47:00,Hanford,1,2026-05-02 17:14:05
Rock Island Tailrace STH,1,G721C3D42,2026-04-30 17:45:36,2026-05-02 16:02:00,Crescent Bar,1,2026-05-02 22:39:04
Rock Island Tailrace STH,1,G721C3D42,2026-04-30 17:45:36,2026-05-02 16:02:00,Sunland,1,2026-05-03 11:07:33
Rock Island Tailrace STH,1,G721C3D42,2026-04-30 17:45:36,2026-05-02 16:02:00,Wanapum BRZ,0,
Rock Island Tailrace STH,1,G721C3D42,2026-04-30 17:45:36,2026-05-02 16:02:00,Mattawa,0,
Rock Island Tailrace STH,1,G721C3D42,2026-04-30 17:45:36,2026-05-02 16:02:00,Priest BRZ,0,
Rock Island Tailrace STH,1,G721C3D42,2026-04-30 17:45:36,2026-05-02 16:02:00,Lower Ringold,0,
Rock Island Tailrace STH,1,G721C3D42,2026-04-30 17:45:36,2026-05-02 16:02:00,Hanford,0,
Rock Island Tailrace STH,2,G721D501E,2026-04-27 21:10:26,2026-04-29 15:28:00,Crescent Bar,1,2026-04-29 22:03:30
Rock Island Tailrace STH,2,G721D501E,2026-04-27 21:10:26,2026-04-29 15:28:00,Sunland,1,2026-04-30 07:45:25
Rock Island Tailrace STH,2,G721D501E,2026-04-27 21:10:26,2026-04-29 15:28:00,Wanapum BRZ,1,2026-05-01 23:16:54
Rock Island Tailrace STH,2,G721D501E,2026-04-27 21:10:26,2026-04-29 15:28:00,Mattawa,1,2026-05-02 17:10:44
Rock Island Tailrace STH,2,G721D501E,2026-04-27 21:10:26,2026-04-29 15:28:00,Priest BRZ,1,2026-05-03 07:14:18
Rock Island Tailrace STH,2,G721D501E,2026-04-27 21:10:26,2026-04-29 15:28:00,Lower Ringold,1,2026-05-04 00:26:45
Rock Island Tailrace STH,2,G721D501E,2026-04-27 21:10:26,2026-04-29 15:28:00,Hanford,1,2026-05-04 03:54:55
Rock Island Tailrace STH,1,G721E847D,2026-04-30 17:41:03,2026-05-02 16:02:00,Crescent Bar,1,2026-05-02 22:40:04
Rock Island Tailrace STH,1,G721E847D,2026-04-30 17:41:03,2026-05-02 16:02:00,Sunland,1,2026-05-03 08:35:02
Rock Island Tailrace STH,1,G721E847D,2026-04-30 17:41:03,2026-05-02 16:02:00,Wanapum BRZ,1,2026-05-04 20:01:12
Rock Island Tailrace STH,1,G721E847D,2026-04-30 17:41:03,2026-05-02 16:02:00,Mattawa,1,2026-05-05 04:40:21
Rock Island Tailrace STH,1,G721E847D,2026-04-30 17:41:03,2026-05-02 16:02:00,Priest BRZ,1,2026-05-06 05:28:13
Rock Island Tailrace STH,1,G721E847D,2026-04-30 17:41:03,2026-05-02 16:02:00,Lower Ringold,1,2026-05-06 15:42:00
Rock Island Tailrace STH,1,G721E847D,2026-04-30 17:41:03,2026-05-02 16:02:00,Hanford,1,2026-05-06 18:49:24
Rock Island Tailrace STH,1,G721ECE45,2026-04-28 20:17:58,2026-04-30 15:42:00,Crescent Bar,1,2026-05-01 07:07:28
Rock Island Tailrace STH,1,G721ECE45,2026-04-28 20:17:58,2026-04-30 15:42:00,Sunland,1,2026-05-01 16:28:33
Rock Island Tailrace STH,1,G721ECE45,2026-04-28 20:17:58,2026-04-30 15:42:00,Wanapum BRZ,1,2026-05-02 07:58:14
Rock Island Tailrace STH,1,G721ECE45,2026-04-28 20:17:58,2026-04-30 15:42:00,Mattawa,1,2026-05-02 19:15:52
Rock Island Tailrace STH,1,G721ECE45,2026-04-28 20:17:58,2026-04-30 15:42:00,Priest BRZ,1,2026-05-03 04:36:37
Rock Island Tailrace STH,1,G721ECE45,2026-04-28 20:17:58,2026-04-30 15:42:00,Lower Ringold,1,2026-05-03 17:24:07
Rock Island Tailrace STH,1,G721ECE45,2026-04-28 20:17:58,2026-04-30 15:42:00,Hanford,1,2026-05-03 20:19:53
Rock Island Tailrace STH,1,G721EDBE7,2026-04-25 19:44:20,2026-04-27 15:43:00,Crescent Bar,1,2026-05-03 10:23:42
Rock Island Tailrace STH,1,G721EDBE7,2026-04-25 19:44:20,2026-04-27 15:43:00,Sunland,1,2026-05-03 22:29:09
Rock Island Tailrace STH,1,G721EDBE7,2026-04-25 19:44:20,2026-04-27 15:43:00,Wanapum BRZ,1,2026-05-04 18:04:11
Rock Island Tailrace STH,1,G721EDBE7,2026-04-25 19:44:20,2026-04-27 15:43:00,Mattawa,1,2026-05-04 20:29:34
Rock Island Tailrace STH,1,G721EDBE7,2026-04-25 19:44:20,2026-04-27 15:43:00,Priest BRZ,0,
Rock Island Tailrace STH,1,G721EDBE7,2026-04-25 19:44:20,2026-04-27 15:43:00,Lower Ringold,1,2026-07-03 01:16:54
Rock Island Tailrace STH,1,G721EDBE7,2026-04-25 19:44:20,2026-04-27 15:43:00,Hanford,0,
Rock Island Tailrace STH,3,G722011A2,2026-05-02 18:34:21,2026-05-04 15:47:00,Crescent Bar,1,2026-05-04 22:20:10
Rock Island Tailrace STH,3,G722011A2,2026-05-02 18:34:21,2026-05-04 15:47:00,Sunland,1,2026-05-05 08:31:58
Rock Island Tailrace STH,3,G722011A2,2026-05-02 18:34:21,2026-05-04 15:47:00,Wanapum BRZ,1,2026-05-07 04:23:31
Rock Island Tailrace STH,3,G722011A2,2026-05-02 18:34:21,2026-05-04 15:47:00,Mattawa,1,2026-05-07 18:34:29
Rock Island Tailrace STH,3,G722011A2,2026-05-02 18:34:21,2026-05-04 15:47:00,Priest BRZ,1,2026-05-08 09:38:34
Rock Island Tailrace STH,3,G722011A2,2026-05-02 18:34:21,2026-05-04 15:47:00,Lower Ringold,1,2026-05-08 21:16:04
Rock Island Tailrace STH,3,G722011A2,2026-05-02 18:34:21,2026-05-04 15:47:00,Hanford,1,2026-05-09 00:25:59
Rock Island Tailrace STH,2,G722029DE,2026-04-26 19:18:07,2026-04-28 15:47:00,Crescent Bar,1,2026-04-29 02:57:19
Rock Island Tailrace STH,2,G722029DE,2026-04-26 19:18:07,2026-04-28 15:47:00,Sunland,1,2026-04-29 15:00:43
Rock Island Tailrace STH,2,G722029DE,2026-04-26 19:18:07,2026-04-28 15:47:00,Wanapum BRZ,1,2026-05-01 23:02:42
Rock Island Tailrace STH,2,G722029DE,2026-04-26 19:18:07,2026-04-28 15:47:00,Mattawa,1,2026-05-03 18:03:13
Rock Island Tailrace STH,2,G722029DE,2026-04-26 19:18:07,2026-04-28 15:47:00,Priest BRZ,1,2026-05-04 12:40:49
Rock Island Tailrace STH,2,G722029DE,2026-04-26 19:18:07,2026-04-28 15:47:00,Lower Ringold,1,2026-05-05 23:49:37
Rock Island Tailrace STH,2,G722029DE,2026-04-26 19:18:07,2026-04-28 15:47:00,Hanford,1,2026-05-06 03:03:38
Rock Island Tailrace STH,2,G72207D64,2026-05-01 17:57:06,2026-05-03 15:52:00,Crescent Bar,1,2026-05-04 01:29:10
Rock Island Tailrace STH,2,G72207D64,2026-05-01 17:57:06,2026-05-03 15:52:00,Sunland,1,2026-05-04 11:28:45
Rock Island Tailrace STH,2,G72207D64,2026-05-01 17:57:06,2026-05-03 15:52:00,Wanapum BRZ,1,2026-05-05 20:56:24
Rock Island Tailrace STH,2,G72207D64,2026-05-01 17:57:06,2026-05-03 15:52:00,Mattawa,1,2026-05-06 01:04:41
Rock Island Tailrace STH,2,G72207D64,2026-05-01 17:57:06,2026-05-03 15:52:00,Priest BRZ,1,2026-05-06 09:49:27
Rock Island Tailrace STH,2,G72207D64,2026-05-01 17:57:06,2026-05-03 15:52:00,Lower Ringold,1,2026-05-07 05:45:50
Rock Island Tailrace STH,2,G72207D64,2026-05-01 17:57:06,2026-05-03 15:52:00,Hanford,1,2026-05-07 15:58:42
Rock Island Tailrace STH,2,G7220F015,2026-05-02 18:35:29,2026-05-04 15:47:00,Crescent Bar,1,2026-05-05 00:01:46
Rock Island Tailrace STH,2,G7220F015,2026-05-02 18:35:29,2026-05-04 15:47:00,Sunland,1,2026-05-05 10:44:07
Rock Island Tailrace STH,2,G7220F015,2026-05-02 18:35:29,2026-05-04 15:47:00,Wanapum BRZ,1,2026-05-06 14:02:50
Rock Island Tailrace STH,2,G7220F015,2026-05-02 18:35:29,2026-05-04 15:47:00,Mattawa,1,2026-05-08 01:58:49
Rock Island Tailrace STH,2,G7220F015,2026-05-02 18:35:29,2026-05-04 15:47:00,Priest BRZ,0,
Rock Island Tailrace STH,2,G7220F015,2026-05-02 18:35:29,2026-05-04 15:47:00,Lower Ringold,0,
Rock Island Tailrace STH,2,G7220F015,2026-05-02 18:35:29,2026-05-04 15:47:00,Hanford,0,
Rock Island Tailrace STH,3,G7221FAAF,2026-04-30 17:30:33,2026-05-02 16:02:00,Crescent Bar,1,2026-05-02 20:48:45
Rock Island Tailrace STH,3,G7221FAAF,2026-04-30 17:30:33,2026-05-02 16:02:00,Sunland,1,2026-05-03 07:19:25
Rock Island Tailrace STH,3,G7221FAAF,2026-04-30 17:30:33,2026-05-02 16:02:00,Wanapum BRZ,1,2026-05-04 13:08:29
Rock Island Tailrace STH,3,G7221FAAF,2026-04-30 17:30:33,2026-05-02 16:02:00,Mattawa,1,2026-05-05 09:08:06
Rock Island Tailrace STH,3,G7221FAAF,2026-04-30 17:30:33,2026-05-02 16:02:00,Priest BRZ,1,2026-05-07 09:39:36
Rock Island Tailrace STH,3,G7221FAAF,2026-04-30 17:30:33,2026-05-02 16:02:00,Lower Ringold,1,2026-05-08 03:26:09
Rock Island Tailrace STH,3,G7221FAAF,2026-04-30 17:30:33,2026-05-02 16:02:00,Hanford,1,2026-05-08 07:44:15
Rock Island Tailrace STH,2,G7222B800,2026-04-26 19:12:31,2026-04-28 15:47:00,Crescent Bar,1,2026-04-29 01:47:06
Rock Island Tailrace STH,2,G7222B800,2026-04-26 19:12:31,2026-04-28 15:47:00,Sunland,1,2026-04-29 12:53:31
Rock Island Tailrace STH,2,G7222B800,2026-04-26 19:12:31,2026-04-28 15:47:00,Wanapum BRZ,1,2026-04-30 17:02:21
Rock Island Tailrace STH,2,G7222B800,2026-04-26 19:12:31,2026-04-28 15:47:00,Mattawa,1,2026-04-30 22:10:15
Rock Island Tailrace STH,2,G7222B800,2026-04-26 19:12:31,2026-04-28 15:47:00,Priest BRZ,1,2026-05-01 05:18:18
Rock Island Tailrace STH,2,G7222B800,2026-04-26 19:12:31,2026-04-28 15:47:00,Lower Ringold,1,2026-05-02 02:48:54
Rock Island Tailrace STH,2,G7222B800,2026-04-26 19:12:31,2026-04-28 15:47:00,Hanford,1,2026-05-02 05:53:41
Rock Island Tailrace STH,2,G7222D21B,2026-04-29 17:11:05,2026-05-01 15:43:00,Crescent Bar,1,2026-05-01 19:54:35
Rock Island Tailrace STH,2,G7222D21B,2026-04-29 17:11:05,2026-05-01 15:43:00,Sunland,1,2026-05-02 03:45:31
Rock Island Tailrace STH,2,G7222D21B,2026-04-29 17:11:05,2026-05-01 15:43:00,Wanapum BRZ,1,2026-05-03 22:55:18
Rock Island Tailrace STH,2,G7222D21B,2026-04-29 17:11:05,2026-05-01 15:43:00,Mattawa,1,2026-05-04 06:38:57
Rock Island Tailrace STH,2,G7222D21B,2026-04-29 17:11:05,2026-05-01 15:43:00,Priest BRZ,1,2026-05-04 22:47:09
Rock Island Tailrace STH,2,G7222D21B,2026-04-29 17:11:05,2026-05-01 15:43:00,Lower Ringold,1,2026-05-05 10:45:13
Rock Island Tailrace STH,2,G7222D21B,2026-04-29 17:11:05,2026-05-01 15:43:00,Hanford,1,2026-05-05 13:40:46
Rock Island Tailrace STH,2,G7225B4CD,2026-04-27 21:09:17,2026-04-29 15:28:00,Crescent Bar,1,2026-04-29 23:37:27
Rock Island Tailrace STH,2,G7225B4CD,2026-04-27 21:09:17,2026-04-29 15:28:00,Sunland,1,2026-04-30 10:14:59
Rock Island Tailrace STH,2,G7225B4CD,2026-04-27 21:09:17,2026-04-29 15:28:00,Wanapum BRZ,1,2026-05-02 01:50:01
Rock Island Tailrace STH,2,G7225B4CD,2026-04-27 21:09:17,2026-04-29 15:28:00,Mattawa,1,2026-05-02 18:17:30
Rock Island Tailrace STH,2,G7225B4CD,2026-04-27 21:09:17,2026-04-29 15:28:00,Priest BRZ,1,2026-05-03 08:12:21
Rock Island Tailrace STH,2,G7225B4CD,2026-04-27 21:09:17,2026-04-29 15:28:00,Lower Ringold,1,2026-05-03 18:46:27
Rock Island Tailrace STH,2,G7225B4CD,2026-04-27 21:09:17,2026-04-29 15:28:00,Hanford,1,2026-05-03 22:07:59
Rock Island Tailrace STH,1,G7227AEBF,2026-04-28 20:19:32,2026-04-30 15:42:00,Crescent Bar,1,2026-04-30 21:24:36
Rock Island Tailrace STH,1,G7227AEBF,2026-04-28 20:19:32,2026-04-30 15:42:00,Sunland,1,2026-05-01 10:51:20
Rock Island Tailrace STH,1,G7227AEBF,2026-04-28 20:19:32,2026-04-30 15:42:00,Wanapum BRZ,1,2026-05-02 12:20:12
Rock Island Tailrace STH,1,G7227AEBF,2026-04-28 20:19:32,2026-04-30 15:42:00,Mattawa,1,2026-05-04 07:24:31
Rock Island Tailrace STH,1,G7227AEBF,2026-04-28 20:19:32,2026-04-30 15:42:00,Priest BRZ,1,2026-05-05 08:34:10
Rock Island Tailrace STH,1,G7227AEBF,2026-04-28 20:19:32,2026-04-30 15:42:00,Lower Ringold,1,2026-05-05 23:36:36
Rock Island Tailrace STH,1,G7227AEBF,2026-04-28 20:19:32,2026-04-30 15:42:00,Hanford,1,2026-05-06 02:11:40
Rock Island Tailrace STH,1,G722808D5,2026-04-26 19:18:32,2026-04-28 15:47:00,Crescent Bar,1,2026-04-29 00:48:00
Rock Island Tailrace STH,1,G722808D5,2026-04-26 19:18:32,2026-04-28 15:47:00,Sunland,1,2026-04-29 10:41:51
Rock Island Tailrace STH,1,G722808D5,2026-04-26 19:18:32,2026-04-28 15:47:00,Wanapum BRZ,1,2026-05-02 06:13:42
Rock Island Tailrace STH,1,G722808D5,2026-04-26 19:18:32,2026-04-28 15:47:00,Mattawa,0,
Rock Island Tailrace STH,1,G722808D5,2026-04-26 19:18:32,2026-04-28 15:47:00,Priest BRZ,0,
Rock Island Tailrace STH,1,G722808D5,2026-04-26 19:18:32,2026-04-28 15:47:00,Lower Ringold,0,
Rock Island Tailrace STH,1,G722808D5,2026-04-26 19:18:32,2026-04-28 15:47:00,Hanford,0,
Rock Island Tailrace STH,3,G7229666B,2026-04-30 17:25:25,2026-05-02 16:02:00,Crescent Bar,1,2026-05-02 21:15:12
Rock Island Tailrace STH,3,G7229666B,2026-04-30 17:25:25,2026-05-02 16:02:00,Sunland,1,2026-05-03 04:29:40
Rock Island Tailrace STH,3,G7229666B,2026-04-30 17:25:25,2026-05-02 16:02:00,Wanapum BRZ,1,2026-05-04 15:05:57
Rock Island Tailrace STH,3,G7229666B,2026-04-30 17:25:25,2026-05-02 16:02:00,Mattawa,1,2026-05-05 07:06:02
Rock Island Tailrace STH,3,G7229666B,2026-04-30 17:25:25,2026-05-02 16:02:00,Priest BRZ,1,2026-05-06 04:33:53
Rock Island Tailrace STH,3,G7229666B,2026-04-30 17:25:25,2026-05-02 16:02:00,Lower Ringold,1,2026-05-06 14:45:35
Rock Island Tailrace STH,3,G7229666B,2026-04-30 17:25:25,2026-05-02 16:02:00,Hanford,1,2026-05-06 17:29:05
Rock Island Tailrace STH,2,G722B1C7C,2026-04-29 17:25:29,2026-05-01 15:43:00,Crescent Bar,1,2026-05-01 21:00:13
Rock Island Tailrace STH,2,G722B1C7C,2026-04-29 17:25:29,2026-05-01 15:43:00,Sunland,1,2026-05-02 07:07:59
Rock Island Tailrace STH,2,G722B1C7C,2026-04-29 17:25:29,2026-05-01 15:43:00,Wanapum BRZ,1,2026-05-04 13:47:40
Rock Island Tailrace STH,2,G722B1C7C,2026-04-29 17:25:29,2026-05-01 15:43:00,Mattawa,1,2026-05-05 16:51:51
Rock Island Tailrace STH,2,G722B1C7C,2026-04-29 17:25:29,2026-05-01 15:43:00,Priest BRZ,1,2026-05-06 00:47:14
Rock Island Tailrace STH,2,G722B1C7C,2026-04-29 17:25:29,2026-05-01 15:43:00,Lower Ringold,1,2026-05-06 12:08:26
Rock Island Tailrace STH,2,G722B1C7C,2026-04-29 17:25:29,2026-05-01 15:43:00,Hanford,1,2026-05-06 18:05:01
Rock Island Tailrace STH,1,G722D0A96,2026-04-30 17:46:31,2026-05-02 16:02:00,Crescent Bar,1,2026-05-03 10:10:22
Rock Island Tailrace STH,1,G722D0A96,2026-04-30 17:46:31,2026-05-02 16:02:00,Sunland,1,2026-05-03 20:54:58
Rock Island Tailrace STH,1,G722D0A96,2026-04-30 17:46:31,2026-05-02 16:02:00,Wanapum BRZ,1,2026-05-04 20:34:19
Rock Island Tailrace STH,1,G722D0A96,2026-04-30 17:46:31,2026-05-02 16:02:00,Mattawa,1,2026-05-04 23:19:00
Rock Island Tailrace STH,1,G722D0A96,2026-04-30 17:46:31,2026-05-02 16:02:00,Priest BRZ,1,2026-05-05 06:57:38
Rock Island Tailrace STH,1,G722D0A96,2026-04-30 17:46:31,2026-05-02 16:02:00,Lower Ringold,1,2026-05-06 13:39:53
Rock Island Tailrace STH,1,G722D0A96,2026-04-30 17:46:31,2026-05-02 16:02:00,Hanford,1,2026-05-07 04:40:35
Rock Island Tailrace STH,1,G722D89F8,2026-04-29 17:30:20,2026-05-01 15:43:00,Crescent Bar,1,2026-05-02 02:10:21
Rock Island Tailrace STH,1,G722D89F8,2026-04-29 17:30:20,2026-05-01 15:43:00,Sunland,1,2026-05-02 10:57:28
Rock Island Tailrace STH,1,G722D89F8,2026-04-29 17:30:20,2026-05-01 15:43:00,Wanapum BRZ,1,2026-05-03 13:15:43
Rock Island Tailrace STH,1,G722D89F8,2026-04-29 17:30:20,2026-05-01 15:43:00,Mattawa,1,2026-05-03 17:58:54
Rock Island Tailrace STH,1,G722D89F8,2026-04-29 17:30:20,2026-05-01 15:43:00,Priest BRZ,1,2026-05-04 11:17:58
Rock Island Tailrace STH,1,G722D89F8,2026-04-29 17:30:20,2026-05-01 15:43:00,Lower Ringold,1,2026-05-04 23:39:56
Rock Island Tailrace STH,1,G722D89F8,2026-04-29 17:30:20,2026-05-01 15:43:00,Hanford,1,2026-05-06 17:29:12
Rock Island Tailrace STH,1,G722E3003,2026-04-25 19:41:25,2026-04-27 15:43:00,Crescent Bar,1,2026-04-27 21:25:34
Rock Island Tailrace STH,1,G722E3003,2026-04-25 19:41:25,2026-04-27 15:43:00,Sunland,1,2026-04-28 08:52:39
Rock Island Tailrace STH,1,G722E3003,2026-04-25 19:41:25,2026-04-27 15:43:00,Wanapum BRZ,1,2026-04-29 16:55:22
Rock Island Tailrace STH,1,G722E3003,2026-04-25 19:41:25,2026-04-27 15:43:00,Mattawa,1,2026-04-30 02:50:50
Rock Island Tailrace STH,1,G722E3003,2026-04-25 19:41:25,2026-04-27 15:43:00,Priest BRZ,1,2026-05-01 12:52:03
Rock Island Tailrace STH,1,G722E3003,2026-04-25 19:41:25,2026-04-27 15:43:00,Lower Ringold,1,2026-05-02 19:41:38
Rock Island Tailrace STH,1,G722E3003,2026-04-25 19:41:25,2026-04-27 15:43:00,Hanford,1,2026-05-02 21:56:57
Rock Island Tailrace STH,2,G722E8DCC,2026-04-28 20:21:13,2026-04-30 15:42:00,Crescent Bar,1,2026-04-30 20:31:12
Rock Island Tailrace STH,2,G722E8DCC,2026-04-28 20:21:13,2026-04-30 15:42:00,Sunland,1,2026-05-01 13:24:36
Rock Island Tailrace STH,2,G722E8DCC,2026-04-28 20:21:13,2026-04-30 15:42:00,Wanapum BRZ,1,2026-05-03 07:29:34
Rock Island Tailrace STH,2,G722E8DCC,2026-04-28 20:21:13,2026-04-30 15:42:00,Mattawa,1,2026-05-03 10:26:59
Rock Island Tailrace STH,2,G722E8DCC,2026-04-28 20:21:13,2026-04-30 15:42:00,Priest BRZ,0,
Rock Island Tailrace STH,2,G722E8DCC,2026-04-28 20:21:13,2026-04-30 15:42:00,Lower Ringold,0,
Rock Island Tailrace STH,2,G722E8DCC,2026-04-28 20:21:13,2026-04-30 15:42:00,Hanford,0,
Rock Island Tailrace STH,2,G722EAB32,2026-04-30 17:30:01,2026-05-02 16:02:00,Crescent Bar,1,2026-05-03 06:10:49
Rock Island Tailrace STH,2,G722EAB32,2026-04-30 17:30:01,2026-05-02 16:02:00,Sunland,1,2026-05-03 15:31:06
Rock Island Tailrace STH,2,G722EAB32,2026-04-30 17:30:01,2026-05-02 16:02:00,Wanapum BRZ,1,2026-05-05 14:40:13
Rock Island Tailrace STH,2,G722EAB32,2026-04-30 17:30:01,2026-05-02 16:02:00,Mattawa,1,2026-05-06 09:11:40
Rock Island Tailrace STH,2,G722EAB32,2026-04-30 17:30:01,2026-05-02 16:02:00,Priest BRZ,1,2026-05-07 04:57:03
Rock Island Tailrace STH,2,G722EAB32,2026-04-30 17:30:01,2026-05-02 16:02:00,Lower Ringold,1,2026-05-07 23:24:40
Rock Island Tailrace STH,2,G722EAB32,2026-04-30 17:30:01,2026-05-02 16:02:00,Hanford,1,2026-05-08 02:02:13
Rock Island Tailrace STH,1,G72302EB1,2026-04-30 17:33:13,2026-05-02 16:02:00,Crescent Bar,1,2026-05-03 03:26:57
Rock Island Tailrace STH,1,G72302EB1,2026-04-30 17:33:13,2026-05-02 16:02:00,Sunland,1,2026-05-03 13:07:49
Rock Island Tailrace STH,1,G72302EB1,2026-04-30 17:33:13,2026-05-02 16:02:00,Wanapum BRZ,1,2026-05-04 14:48:16
Rock Island Tailrace STH,1,G72302EB1,2026-04-30 17:33:13,2026-05-02 16:02:00,Mattawa,1,2026-05-04 18:56:25
Rock Island Tailrace STH,1,G72302EB1,2026-04-30 17:33:13,2026-05-02 16:02:00,Priest BRZ,1,2026-05-05 04:01:44
Rock Island Tailrace STH,1,G72302EB1,2026-04-30 17:33:13,2026-05-02 16:02:00,Lower Ringold,1,2026-05-07 01:04:22
Rock Island Tailrace STH,1,G72302EB1,2026-04-30 17:33:13,2026-05-02 16:02:00,Hanford,1,2026-05-07 03:20:42
Rock Island Tailrace STH,2,G72325805,2026-04-28 20:59:03,2026-04-30 15:42:00,Crescent Bar,1,2026-04-30 23:00:55
Rock Island Tailrace STH,2,G72325805,2026-04-28 20:59:03,2026-04-30 15:42:00,Sunland,1,2026-05-01 11:55:53
Rock Island Tailrace STH,2,G72325805,2026-04-28 20:59:03,2026-04-30 15:42:00,Wanapum BRZ,0,
Rock Island Tailrace STH,2,G72325805,2026-04-28 20:59:03,2026-04-30 15:42:00,Mattawa,0,
Rock Island Tailrace STH,2,G72325805,2026-04-28 20:59:03,2026-04-30 15:42:00,Priest BRZ,0,
Rock Island Tailrace STH,2,G72325805,2026-04-28 20:59:03,2026-04-30 15:42:00,Lower Ringold,0,
Rock Island Tailrace STH,2,G72325805,2026-04-28 20:59:03,2026-04-30 15:42:00,Hanford,0,
Rock Island Tailrace STH,1,G72331A3B,2026-04-26 19:16:56,2026-04-28 15:47:00,Crescent Bar,1,2026-04-29 03:00:53
Rock Island Tailrace STH,1,G72331A3B,2026-04-26 19:16:56,2026-04-28 15:47:00,Sunland,1,2026-04-29 12:40:15
Rock Island Tailrace STH,1,G72331A3B,2026-04-26 19:16:56,2026-04-28 15:47:00,Wanapum BRZ,1,2026-05-01 09:01:24
Rock Island Tailrace STH,1,G72331A3B,2026-04-26 19:16:56,2026-04-28 15:47:00,Mattawa,1,2026-05-05 07:52:11
Rock Island Tailrace STH,1,G72331A3B,2026-04-26 19:16:56,2026-04-28 15:47:00,Priest BRZ,1,2026-05-06 01:07:53
Rock Island Tailrace STH,1,G72331A3B,2026-04-26 19:16:56,2026-04-28 15:47:00,Lower Ringold,1,2026-05-13 21:43:20
Rock Island Tailrace STH,1,G72331A3B,2026-04-26 19:16:56,2026-04-28 15:47:00,Hanford,1,2026-05-14 00:56:09
Rock Island Tailrace STH,1,G7234538F,2026-04-30 17:38:06,2026-05-02 16:02:00,Crescent Bar,1,2026-05-02 21:59:21
Rock Island Tailrace STH,1,G7234538F,2026-04-30 17:38:06,2026-05-02 16:02:00,Sunland,1,2026-05-03 06:41:49
Rock Island Tailrace STH,1,G7234538F,2026-04-30 17:38:06,2026-05-02 16:02:00,Wanapum BRZ,1,2026-05-04 20:47:02
Rock Island Tailrace STH,1,G7234538F,2026-04-30 17:38:06,2026-05-02 16:02:00,Mattawa,0,
Rock Island Tailrace STH,1,G7234538F,2026-04-30 17:38:06,2026-05-02 16:02:00,Priest BRZ,0,
Rock Island Tailrace STH,1,G7234538F,2026-04-30 17:38:06,2026-05-02 16:02:00,Lower Ringold,0,
Rock Island Tailrace STH,1,G7234538F,2026-04-30 17:38:06,2026-05-02 16:02:00,Hanford,0,
Rock Island Tailrace STH,3,G7234A3FB,2026-05-02 18:21:44,2026-05-04 15:47:00,Crescent Bar,1,2026-05-05 02:45:26
Rock Island Tailrace STH,3,G7234A3FB,2026-05-02 18:21:44,2026-05-04 15:47:00,Sunland,1,2026-05-05 10:34:10
Rock Island Tailrace STH,3,G7234A3FB,2026-05-02 18:21:44,2026-05-04 15:47:00,Wanapum BRZ,1,2026-05-07 08:26:35
Rock Island Tailrace STH,3,G7234A3FB,2026-05-02 18:21:44,2026-05-04 15:47:00,Mattawa,1,2026-05-11 22:34:21
Rock Island Tailrace STH,3,G7234A3FB,2026-05-02 18:21:44,2026-05-04 15:47:00,Priest BRZ,1,2026-05-12 10:29:28
Rock Island Tailrace STH,3,G7234A3FB,2026-05-02 18:21:44,2026-05-04 15:47:00,Lower Ringold,1,2026-05-12 23:32:45
Rock Island Tailrace STH,3,G7234A3FB,2026-05-02 18:21:44,2026-05-04 15:47:00,Hanford,1,2026-05-13 02:16:18
Rock Island Tailrace STH,3,G72371F3F,2026-04-27 21:20:51,2026-04-29 15:28:00,Crescent Bar,1,2026-04-29 22:36:34
Rock Island Tailrace STH,3,G72371F3F,2026-04-27 21:20:51,2026-04-29 15:28:00,Sunland,1,2026-04-30 11:13:03
Rock Island Tailrace STH,3,G72371F3F,2026-04-27 21:20:51,2026-04-29 15:28:00,Wanapum BRZ,1,2026-05-02 01:25:41
Rock Island Tailrace STH,3,G72371F3F,2026-04-27 21:20:51,2026-04-29 15:28:00,Mattawa,1,2026-05-02 07:12:56
Rock Island Tailrace STH,3,G72371F3F,2026-04-27 21:20:51,2026-04-29 15:28:00,Priest BRZ,1,2026-05-03 08:14:40
Rock Island Tailrace STH,3,G72371F3F,2026-04-27 21:20:51,2026-04-29 15:28:00,Lower Ringold,1,2026-05-04 01:33:15
Rock Island Tailrace STH,3,G72371F3F,2026-04-27 21:20:51,2026-04-29 15:28:00,Hanford,0,
Rock Island Tailrace STH,2,G723787EC,2026-04-27 20:53:59,2026-04-29 15:28:00,Crescent Bar,1,2026-04-29 21:18:26
Rock Island Tailrace STH,2,G723787EC,2026-04-27 20:53:59,2026-04-29 15:28:00,Sunland,1,2026-04-30 07:56:30
Rock Island Tailrace STH,2,G723787EC,2026-04-27 20:53:59,2026-04-29 15:28:00,Wanapum BRZ,1,2026-05-01 19:59:36
Rock Island Tailrace STH,2,G723787EC,2026-04-27 20:53:59,2026-04-29 15:28:00,Mattawa,1,2026-05-02 14:28:43
Rock Island Tailrace STH,2,G723787EC,2026-04-27 20:53:59,2026-04-29 15:28:00,Priest BRZ,1,2026-05-04 09:24:25
Rock Island Tailrace STH,2,G723787EC,2026-04-27 20:53:59,2026-04-29 15:28:00,Lower Ringold,1,2026-05-04 19:28:41
Rock Island Tailrace STH,2,G723787EC,2026-04-27 20:53:59,2026-04-29 15:28:00,Hanford,1,2026-05-04 22:29:37
Rock Island Tailrace STH,2,G7237FD6A,2026-04-30 17:38:31,2026-05-02 16:02:00,Crescent Bar,1,2026-05-02 21:29:54
Rock Island Tailrace STH,2,G7237FD6A,2026-04-30 17:38:31,2026-05-02 16:02:00,Sunland,1,2026-05-03 06:08:41
Rock Island Tailrace STH,2,G7237FD6A,2026-04-30 17:38:31,2026-05-02 16:02:00,Wanapum BRZ,1,2026-05-04 03:30:47
Rock Island Tailrace STH,2,G7237FD6A,2026-04-30 17:38:31,2026-05-02 16:02:00,Mattawa,1,2026-05-14 08:59:14
Rock Island Tailrace STH,2,G7237FD6A,2026-04-30 17:38:31,2026-05-02 16:02:00,Priest BRZ,0,
Rock Island Tailrace STH,2,G7237FD6A,2026-04-30 17:38:31,2026-05-02 16:02:00,Lower Ringold,0,
Rock Island Tailrace STH,2,G7237FD6A,2026-04-30 17:38:31,2026-05-02 16:02:00,Hanford,0,
Rock Island Tailrace STH,2,G72387F42,2026-05-01 18:02:03,2026-05-03 15:52:00,Crescent Bar,0,
Rock Island Tailrace STH,2,G72387F42,2026-05-01 18:02:03,2026-05-03 15:52:00,Sunland,0,
Rock Island Tailrace STH,2,G72387F42,2026-05-01 18:02:03,2026-05-03 15:52:00,Wanapum BRZ,0,
Rock Island Tailrace STH,2,G72387F42,2026-05-01 18:02:03,2026-05-03 15:52:00,Mattawa,0,
Rock Island Tailrace STH,2,G72387F42,2026-05-01 18:02:03,2026-05-03 15:52:00,Priest BRZ,0,
Rock Island Tailrace STH,2,G72387F42,2026-05-01 18:02:03,2026-05-03 15:52:00,Lower Ringold,0,
Rock Island Tailrace STH,2,G72387F42,2026-05-01 18:02:03,2026-05-03 15:52:00,Hanford,0,
Rock Island Tailrace STH,2,G72389637,2026-04-30 17:26:03,2026-05-02 16:02:00,Crescent Bar,1,2026-05-02 22:59:21
Rock Island Tailrace STH,2,G72389637,2026-04-30 17:26:03,2026-05-02 16:02:00,Sunland,1,2026-05-03 10:05:33
Rock Island Tailrace STH,2,G72389637,2026-04-30 17:26:03,2026-05-02 16:02:00,Wanapum BRZ,1,2026-05-04 09:27:22
Rock Island Tailrace STH,2,G72389637,2026-04-30 17:26:03,2026-05-02 16:02:00,Mattawa,1,2026-05-05 00:36:05
Rock Island Tailrace STH,2,G72389637,2026-04-30 17:26:03,2026-05-02 16:02:00,Priest BRZ,1,2026-05-05 08:39:51
Rock Island Tailrace STH,2,G72389637,2026-04-30 17:26:03,2026-05-02 16:02:00,Lower Ringold,1,2026-05-07 03:08:12
Rock Island Tailrace STH,2,G72389637,2026-04-30 17:26:03,2026-05-02 16:02:00,Hanford,1,2026-05-07 12:23:31
Rock Island Tailrace STH,2,G7238B614,2026-04-30 17:46:53,2026-05-02 16:02:00,Crescent Bar,0,
Rock Island Tailrace STH,2,G7238B614,2026-04-30 17:46:53,2026-05-02 16:02:00,Sunland,0,
Rock Island Tailrace STH,2,G7238B614,2026-04-30 17:46:53,2026-05-02 16:02:00,Wanapum BRZ,0,
Rock Island Tailrace STH,2,G7238B614,2026-04-30 17:46:53,2026-05-02 16:02:00,Mattawa,0,
Rock Island Tailrace STH,2,G7238B614,2026-04-30 17:46:53,2026-05-02 16:02:00,Priest BRZ,0,
Rock Island Tailrace STH,2,G7238B614,2026-04-30 17:46:53,2026-05-02 16:02:00,Lower Ringold,0,
Rock Island Tailrace STH,2,G7238B614,2026-04-30 17:46:53,2026-05-02 16:02:00,Hanford,0,
Rock Island Tailrace STH,2,G7239EAA8,2026-05-01 17:54:52,2026-05-03 15:52:00,Crescent Bar,1,2026-05-04 02:02:53
Rock Island Tailrace STH,2,G7239EAA8,2026-05-01 17:54:52,2026-05-03 15:52:00,Sunland,1,2026-05-04 11:56:58
Rock Island Tailrace STH,2,G7239EAA8,2026-05-01 17:54:52,2026-05-03 15:52:00,Wanapum BRZ,1,2026-05-05 11:27:05
Rock Island Tailrace STH,2,G7239EAA8,2026-05-01 17:54:52,2026-05-03 15:52:00,Mattawa,1,2026-05-07 01:29:06
Rock Island Tailrace STH,2,G7239EAA8,2026-05-01 17:54:52,2026-05-03 15:52:00,Priest BRZ,1,2026-05-07 12:49:19
Rock Island Tailrace STH,2,G7239EAA8,2026-05-01 17:54:52,2026-05-03 15:52:00,Lower Ringold,1,2026-05-10 01:20:57
Rock Island Tailrace STH,2,G7239EAA8,2026-05-01 17:54:52,2026-05-03 15:52:00,Hanford,1,2026-05-10 04:14:58
Rock Island Tailrace STH,2,G723A34B5,2026-04-25 19:36:59,2026-04-27 15:43:00,Crescent Bar,1,2026-04-27 20:19:17
Rock Island Tailrace STH,2,G723A34B5,2026-04-25 19:36:59,2026-04-27 15:43:00,Sunland,1,2026-04-28 09:00:59
Rock Island Tailrace STH,2,G723A34B5,2026-04-25 19:36:59,2026-04-27 15:43:00,Wanapum BRZ,1,2026-04-29 13:52:22
Rock Island Tailrace STH,2,G723A34B5,2026-04-25 19:36:59,2026-04-27 15:43:00,Mattawa,1,2026-04-30 06:19:52
Rock Island Tailrace STH,2,G723A34B5,2026-04-25 19:36:59,2026-04-27 15:43:00,Priest BRZ,1,2026-04-30 16:56:10
Rock Island Tailrace STH,2,G723A34B5,2026-04-25 19:36:59,2026-04-27 15:43:00,Lower Ringold,1,2026-05-01 07:34:15
Rock Island Tailrace STH,2,G723A34B5,2026-04-25 19:36:59,2026-04-27 15:43:00,Hanford,1,2026-05-01 13:18:02
Rock Island Tailrace STH,2,G723A4B0C,2026-04-26 19:19:56,2026-04-28 15:47:00,Crescent Bar,1,2026-04-28 22:05:16
Rock Island Tailrace STH,2,G723A4B0C,2026-04-26 19:19:56,2026-04-28 15:47:00,Sunland,1,2026-04-29 11:34:19
Rock Island Tailrace STH,2,G723A4B0C,2026-04-26 19:19:56,2026-04-28 15:47:00,Wanapum BRZ,1,2026-05-03 04:30:57
Rock Island Tailrace STH,2,G723A4B0C,2026-04-26 19:19:56,2026-04-28 15:47:00,Mattawa,1,2026-05-05 00:20:11
Rock Island Tailrace STH,2,G723A4B0C,2026-04-26 19:19:56,2026-04-28 15:47:00,Priest BRZ,1,2026-05-05 08:41:57
Rock Island Tailrace STH,2,G723A4B0C,2026-04-26 19:19:56,2026-04-28 15:47:00,Lower Ringold,1,2026-05-05 19:40:55
Rock Island Tailrace STH,2,G723A4B0C,2026-04-26 19:19:56,2026-04-28 15:47:00,Hanford,1,2026-05-05 22:36:45
Rock Island Tailrace STH,2,G723B2AF3,2026-04-25 19:35:37,2026-04-27 15:43:00,Crescent Bar,1,2026-04-28 04:45:09
Rock Island Tailrace STH,2,G723B2AF3,2026-04-25 19:35:37,2026-04-27 15:43:00,Sunland,1,2026-04-28 15:04:14
Rock Island Tailrace STH,2,G723B2AF3,2026-04-25 19:35:37,2026-04-27 15:43:00,Wanapum BRZ,1,2026-04-29 12:38:54
Rock Island Tailrace STH,2,G723B2AF3,2026-04-25 19:35:37,2026-04-27 15:43:00,Mattawa,1,2026-04-30 02:45:55
Rock Island Tailrace STH,2,G723B2AF3,2026-04-25 19:35:37,2026-04-27 15:43:00,Priest BRZ,1,2026-05-02 01:22:17
Rock Island Tailrace STH,2,G723B2AF3,2026-04-25 19:35:37,2026-04-27 15:43:00,Lower Ringold,1,2026-05-02 14:21:25
Rock Island Tailrace STH,2,G723B2AF3,2026-04-25 19:35:37,2026-04-27 15:43:00,Hanford,1,2026-05-02 16:43:35
Rock Island Tailrace STH,2,G723B2FCC,2026-04-27 20:57:32,2026-04-29 15:28:00,Crescent Bar,1,2026-04-29 19:37:13
Rock Island Tailrace STH,2,G723B2FCC,2026-04-27 20:57:32,2026-04-29 15:28:00,Sunland,1,2026-04-30 07:40:44
Rock Island Tailrace STH,2,G723B2FCC,2026-04-27 20:57:32,2026-04-29 15:28:00,Wanapum BRZ,0,
Rock Island Tailrace STH,2,G723B2FCC,2026-04-27 20:57:32,2026-04-29 15:28:00,Mattawa,0,
Rock Island Tailrace STH,2,G723B2FCC,2026-04-27 20:57:32,2026-04-29 15:28:00,Priest BRZ,0,
Rock Island Tailrace STH,2,G723B2FCC,2026-04-27 20:57:32,2026-04-29 15:28:00,Lower Ringold,0,
Rock Island Tailrace STH,2,G723B2FCC,2026-04-27 20:57:32,2026-04-29 15:28:00,Hanford,0,
Rock Island Tailrace STH,2,G723BADFC,2026-04-29 17:13:46,2026-05-01 15:43:00,Crescent Bar,1,2026-05-01 21:25:06
Rock Island Tailrace STH,2,G723BADFC,2026-04-29 17:13:46,2026-05-01 15:43:00,Sunland,1,2026-05-02 06:43:38
Rock Island Tailrace STH,2,G723BADFC,2026-04-29 17:13:46,2026-05-01 15:43:00,Wanapum BRZ,1,2026-05-03 13:46:15
Rock Island Tailrace STH,2,G723BADFC,2026-04-29 17:13:46,2026-05-01 15:43:00,Mattawa,1,2026-05-04 07:34:40
Rock Island Tailrace STH,2,G723BADFC,2026-04-29 17:13:46,2026-05-01 15:43:00,Priest BRZ,1,2026-05-04 17:25:24
Rock Island Tailrace STH,2,G723BADFC,2026-04-29 17:13:46,2026-05-01 15:43:00,Lower Ringold,1,2026-05-05 04:22:54
Rock Island Tailrace STH,2,G723BADFC,2026-04-29 17:13:46,2026-05-01 15:43:00,Hanford,1,2026-05-05 07:19:23
Rock Island Tailrace STH,1,G723D9F54,2026-05-01 18:07:10,2026-05-03 15:52:00,Crescent Bar,1,2026-05-04 09:34:31
Rock Island Tailrace STH,1,G723D9F54,2026-05-01 18:07:10,2026-05-03 15:52:00,Sunland,1,2026-05-05 02:45:31
Rock Island Tailrace STH,1,G723D9F54,2026-05-01 18:07:10,2026-05-03 15:52:00,Wanapum BRZ,1,2026-05-06 12:48:24
Rock Island Tailrace STH,1,G723D9F54,2026-05-01 18:07:10,2026-05-03 15:52:00,Mattawa,1,2026-05-07 00:28:00
Rock Island Tailrace STH,1,G723D9F54,2026-05-01 18:07:10,2026-05-03 15:52:00,Priest BRZ,1,2026-05-07 18:40:37
Rock Island Tailrace STH,1,G723D9F54,2026-05-01 18:07:10,2026-05-03 15:52:00,Lower Ringold,1,2026-05-08 12:05:28
Rock Island Tailrace STH,1,G723D9F54,2026-05-01 18:07:10,2026-05-03 15:52:00,Hanford,1,2026-05-09 03:20:10
Rock Island Tailrace STH,1,G723DAB8B,2026-04-28 21:01:36,2026-04-30 15:42:00,Crescent Bar,1,2026-05-01 08:29:02
Rock Island Tailrace STH,1,G723DAB8B,2026-04-28 21:01:36,2026-04-30 15:42:00,Sunland,1,2026-05-01 17:38:53
Rock Island Tailrace STH,1,G723DAB8B,2026-04-28 21:01:36,2026-04-30 15:42:00,Wanapum BRZ,1,2026-05-02 19:09:26
Rock Island Tailrace STH,1,G723DAB8B,2026-04-28 21:01:36,2026-04-30 15:42:00,Mattawa,0,
Rock Island Tailrace STH,1,G723DAB8B,2026-04-28 21:01:36,2026-04-30 15:42:00,Priest BRZ,0,
Rock Island Tailrace STH,1,G723DAB8B,2026-04-28 21:01:36,2026-04-30 15:42:00,Lower Ringold,0,
Rock Island Tailrace STH,1,G723DAB8B,2026-04-28 21:01:36,2026-04-30 15:42:00,Hanford,0,
Rock Island Tailrace STH,1,G723EB9FF,2026-04-26 19:07:58,2026-04-28 15:47:00,Crescent Bar,1,2026-04-28 21:40:17
Rock Island Tailrace STH,1,G723EB9FF,2026-04-26 19:07:58,2026-04-28 15:47:00,Sunland,1,2026-04-29 12:32:51
Rock Island Tailrace STH,1,G723EB9FF,2026-04-26 19:07:58,2026-04-28 15:47:00,Wanapum BRZ,1,2026-05-01 03:13:43
Rock Island Tailrace STH,1,G723EB9FF,2026-04-26 19:07:58,2026-04-28 15:47:00,Mattawa,1,2026-05-01 08:08:41
Rock Island Tailrace STH,1,G723EB9FF,2026-04-26 19:07:58,2026-04-28 15:47:00,Priest BRZ,1,2026-05-01 15:23:15
Rock Island Tailrace STH,1,G723EB9FF,2026-04-26 19:07:58,2026-04-28 15:47:00,Lower Ringold,1,2026-05-02 08:11:15
Rock Island Tailrace STH,1,G723EB9FF,2026-04-26 19:07:58,2026-04-28 15:47:00,Hanford,1,2026-05-02 10:41:32
Rock Island Tailrace STH,3,G723FEA02,2026-05-02 18:30:48,2026-05-04 15:47:00,Crescent Bar,1,2026-05-05 00:11:59
Rock Island Tailrace STH,3,G723FEA02,2026-05-02 18:30:48,2026-05-04 15:47:00,Sunland,1,2026-05-05 09:18:08
Rock Island Tailrace STH,3,G723FEA02,2026-05-02 18:30:48,2026-05-04 15:47:00,Wanapum BRZ,1,2026-05-06 18:24:14
Rock Island Tailrace STH,3,G723FEA02,2026-05-02 18:30:48,2026-05-04 15:47:00,Mattawa,1,2026-05-20 07:08:35
Rock Island Tailrace STH,3,G723FEA02,2026-05-02 18:30:48,2026-05-04 15:47:00,Priest BRZ,1,2026-05-20 14:59:08
Rock Island Tailrace STH,3,G723FEA02,2026-05-02 18:30:48,2026-05-04 15:47:00,Lower Ringold,1,2026-05-21 02:36:04
Rock Island Tailrace STH,3,G723FEA02,2026-05-02 18:30:48,2026-05-04 15:47:00,Hanford,1,2026-05-21 05:24:04
Rock Island Tailrace STH,2,G724055DF,2026-04-30 17:39:52,2026-05-02 16:02:00,Crescent Bar,1,2026-05-03 02:04:20
Rock Island Tailrace STH,2,G724055DF,2026-04-30 17:39:52,2026-05-02 16:02:00,Sunland,1,2026-05-03 09:53:46
Rock Island Tailrace STH,2,G724055DF,2026-04-30 17:39:52,2026-05-02 16:02:00,Wanapum BRZ,1,2026-05-04 13:31:02
Rock Island Tailrace STH,2,G724055DF,2026-04-30 17:39:52,2026-05-02 16:02:00,Mattawa,1,2026-05-04 17:23:04
Rock Island Tailrace STH,2,G724055DF,2026-04-30 17:39:52,2026-05-02 16:02:00,Priest BRZ,1,2026-05-05 07:51:16
Rock Island Tailrace STH,2,G724055DF,2026-04-30 17:39:52,2026-05-02 16:02:00,Lower Ringold,1,2026-05-06 04:34:23
Rock Island Tailrace STH,2,G724055DF,2026-04-30 17:39:52,2026-05-02 16:02:00,Hanford,1,2026-05-06 08:36:24
Rock Island Tailrace STH,3,G72408734,2026-04-30 17:32:13,2026-05-02 16:02:00,Crescent Bar,1,2026-05-02 21:11:32
Rock Island Tailrace STH,3,G72408734,2026-04-30 17:32:13,2026-05-02 16:02:00,Sunland,1,2026-05-03 05:52:52
Rock Island Tailrace STH,3,G72408734,2026-04-30 17:32:13,2026-05-02 16:02:00,Wanapum BRZ,1,2026-05-04 06:53:41
Rock Island Tailrace STH,3,G72408734,2026-04-30 17:32:13,2026-05-02 16:02:00,Mattawa,1,2026-05-04 09:50:42
Rock Island Tailrace STH,3,G72408734,2026-04-30 17:32:13,2026-05-02 16:02:00,Priest BRZ,1,2026-05-05 03:11:13
Rock Island Tailrace STH,3,G72408734,2026-04-30 17:32:13,2026-05-02 16:02:00,Lower Ringold,1,2026-05-05 14:51:27
Rock Island Tailrace STH,3,G72408734,2026-04-30 17:32:13,2026-05-02 16:02:00,Hanford,1,2026-05-05 21:06:15
Rock Island Tailrace STH,2,G72409B0A,2026-05-02 18:32:24,2026-05-04 15:47:00,Crescent Bar,1,2026-05-05 01:44:32
Rock Island Tailrace STH,2,G72409B0A,2026-05-02 18:32:24,2026-05-04 15:47:00,Sunland,1,2026-05-05 12:43:24
Rock Island Tailrace STH,2,G72409B0A,2026-05-02 18:32:24,2026-05-04 15:47:00,Wanapum BRZ,1,2026-05-07 18:35:44
Rock Island Tailrace STH,2,G72409B0A,2026-05-02 18:32:24,2026-05-04 15:47:00,Mattawa,1,2026-05-08 01:04:11
Rock Island Tailrace STH,2,G72409B0A,2026-05-02 18:32:24,2026-05-04 15:47:00,Priest BRZ,1,2026-05-09 10:32:22
Rock Island Tailrace STH,2,G72409B0A,2026-05-02 18:32:24,2026-05-04 15:47:00,Lower Ringold,1,2026-05-10 02:04:14
Rock Island Tailrace STH,2,G72409B0A,2026-05-02 18:32:24,2026-05-04 15:47:00,Hanford,1,2026-05-10 04:53:26
Rock Island Tailrace STH,2,G72410963,2026-04-28 20:54:00,2026-04-30 15:42:00,Crescent Bar,1,2026-05-01 01:13:21
Rock Island Tailrace STH,2,G72410963,2026-04-28 20:54:00,2026-04-30 15:42:00,Sunland,1,2026-05-01 13:02:22
Rock Island Tailrace STH,2,G72410963,2026-04-28 20:54:00,2026-04-30 15:42:00,Wanapum BRZ,1,2026-05-02 15:09:59
Rock Island Tailrace STH,2,G72410963,2026-04-28 20:54:00,2026-04-30 15:42:00,Mattawa,1,2026-05-02 18:03:17
Rock Island Tailrace STH,2,G72410963,2026-04-28 20:54:00,2026-04-30 15:42:00,Priest BRZ,1,2026-05-03 07:51:14
Rock Island Tailrace STH,2,G72410963,2026-04-28 20:54:00,2026-04-30 15:42:00,Lower Ringold,1,2026-05-03 19:18:52
Rock Island Tailrace STH,2,G72410963,2026-04-28 20:54:00,2026-04-30 15:42:00,Hanford,1,2026-05-03 22:46:06
Rock Island Tailrace STH,2,G72420595,2026-05-01 17:59:46,2026-05-03 15:52:00,Crescent Bar,1,2026-05-04 00:52:15
Rock Island Tailrace STH,2,G72420595,2026-05-01 17:59:46,2026-05-03 15:52:00,Sunland,1,2026-05-04 10:18:12
Rock Island Tailrace STH,2,G72420595,2026-05-01 17:59:46,2026-05-03 15:52:00,Wanapum BRZ,1,2026-05-05 15:14:35
Rock Island Tailrace STH,2,G72420595,2026-05-01 17:59:46,2026-05-03 15:52:00,Mattawa,1,2026-05-05 18:32:44
Rock Island Tailrace STH,2,G72420595,2026-05-01 17:59:46,2026-05-03 15:52:00,Priest BRZ,1,2026-05-06 11:40:47
Rock Island Tailrace STH,2,G72420595,2026-05-01 17:59:46,2026-05-03 15:52:00,Lower Ringold,1,2026-05-07 11:38:58
Rock Island Tailrace STH,2,G72420595,2026-05-01 17:59:46,2026-05-03 15:52:00,Hanford,1,2026-05-07 14:26:00
Rock Island Tailrace STH,2,G72422C2A,2026-05-02 18:36:10,2026-05-04 15:47:00,Crescent Bar,1,2026-05-05 00:42:44
Rock Island Tailrace STH,2,G72422C2A,2026-05-02 18:36:10,2026-05-04 15:47:00,Sunland,1,2026-05-05 12:11:50
Rock Island Tailrace STH,2,G72422C2A,2026-05-02 18:36:10,2026-05-04 15:47:00,Wanapum BRZ,1,2026-05-06 13:01:22
Rock Island Tailrace STH,2,G72422C2A,2026-05-02 18:36:10,2026-05-04 15:47:00,Mattawa,1,2026-05-07 04:47:35
Rock Island Tailrace STH,2,G72422C2A,2026-05-02 18:36:10,2026-05-04 15:47:00,Priest BRZ,1,2026-05-07 19:14:48
Rock Island Tailrace STH,2,G72422C2A,2026-05-02 18:36:10,2026-05-04 15:47:00,Lower Ringold,1,2026-05-08 12:32:44
Rock Island Tailrace STH,2,G72422C2A,2026-05-02 18:36:10,2026-05-04 15:47:00,Hanford,1,2026-05-08 15:43:41
Rock Island Tailrace STH,2,G72430D93,2026-05-02 18:19:30,2026-05-04 15:47:00,Crescent Bar,1,2026-05-04 23:41:56
Rock Island Tailrace STH,2,G72430D93,2026-05-02 18:19:30,2026-05-04 15:47:00,Sunland,1,2026-05-05 08:59:12
Rock Island Tailrace STH,2,G72430D93,2026-05-02 18:19:30,2026-05-04 15:47:00,Wanapum BRZ,1,2026-05-06 16:21:27
Rock Island Tailrace STH,2,G72430D93,2026-05-02 18:19:30,2026-05-04 15:47:00,Mattawa,1,2026-05-08 08:27:42
Rock Island Tailrace STH,2,G72430D93,2026-05-02 18:19:30,2026-05-04 15:47:00,Priest BRZ,1,2026-05-09 05:28:31
Rock Island Tailrace STH,2,G72430D93,2026-05-02 18:19:30,2026-05-04 15:47:00,Lower Ringold,1,2026-05-09 19:59:19
Rock Island Tailrace STH,2,G72430D93,2026-05-02 18:19:30,2026-05-04 15:47:00,Hanford,1,2026-05-10 12:28:17
Rock Island Tailrace STH,2,G724374F7,2026-04-26 19:21:26,2026-04-28 15:47:00,Crescent Bar,1,2026-04-28 23:22:41
Rock Island Tailrace STH,2,G724374F7,2026-04-26 19:21:26,2026-04-28 15:47:00,Sunland,1,2026-04-29 12:50:52
Rock Island Tailrace STH,2,G724374F7,2026-04-26 19:21:26,2026-04-28 15:47:00,Wanapum BRZ,1,2026-05-01 10:27:17
Rock Island Tailrace STH,2,G724374F7,2026-04-26 19:21:26,2026-04-28 15:47:00,Mattawa,1,2026-05-11 12:15:33
Rock Island Tailrace STH,2,G724374F7,2026-04-26 19:21:26,2026-04-28 15:47:00,Priest BRZ,1,2026-05-12 06:33:42
Rock Island Tailrace STH,2,G724374F7,2026-04-26 19:21:26,2026-04-28 15:47:00,Lower Ringold,1,2026-05-14 21:25:57
Rock Island Tailrace STH,2,G724374F7,2026-04-26 19:21:26,2026-04-28 15:47:00,Hanford,1,2026-05-15 00:10:27
Rock Island Tailrace STH,2,G7243FF5B,2026-04-28 20:23:17,2026-04-30 15:42:00,Crescent Bar,1,2026-05-01 03:25:22
Rock Island Tailrace STH,2,G7243FF5B,2026-04-28 20:23:17,2026-04-30 15:42:00,Sunland,1,2026-05-01 18:38:45
Rock Island Tailrace STH,2,G7243FF5B,2026-04-28 20:23:17,2026-04-30 15:42:00,Wanapum BRZ,0,
Rock Island Tailrace STH,2,G7243FF5B,2026-04-28 20:23:17,2026-04-30 15:42:00,Mattawa,0,
Rock Island Tailrace STH,2,G7243FF5B,2026-04-28 20:23:17,2026-04-30 15:42:00,Priest BRZ,0,
Rock Island Tailrace STH,2,G7243FF5B,2026-04-28 20:23:17,2026-04-30 15:42:00,Lower Ringold,0,
Rock Island Tailrace STH,2,G7243FF5B,2026-04-28 20:23:17,2026-04-30 15:42:00,Hanford,0,
Rock Island Tailrace STH,2,G72448FCD,2026-04-26 19:06:30,2026-04-28 15:47:00,Crescent Bar,1,2026-04-29 00:34:30
Rock Island Tailrace STH,2,G72448FCD,2026-04-26 19:06:30,2026-04-28 15:47:00,Sunland,1,2026-04-29 15:42:41
Rock Island Tailrace STH,2,G72448FCD,2026-04-26 19:06:30,2026-04-28 15:47:00,Wanapum BRZ,1,2026-05-01 04:47:05
Rock Island Tailrace STH,2,G72448FCD,2026-04-26 19:06:30,2026-04-28 15:47:00,Mattawa,0,
Rock Island Tailrace STH,2,G72448FCD,2026-04-26 19:06:30,2026-04-28 15:47:00,Priest BRZ,0,
Rock Island Tailrace STH,2,G72448FCD,2026-04-26 19:06:30,2026-04-28 15:47:00,Lower Ringold,0,
Rock Island Tailrace STH,2,G72448FCD,2026-04-26 19:06:30,2026-04-28 15:47:00,Hanford,0,
Rock Island Tailrace STH,1,G72461B2C,2026-04-28 20:58:32,2026-04-30 15:42:00,Crescent Bar,1,2026-05-01 02:52:36
Rock Island Tailrace STH,1,G72461B2C,2026-04-28 20:58:32,2026-04-30 15:42:00,Sunland,1,2026-05-01 14:00:31
Rock Island Tailrace STH,1,G72461B2C,2026-04-28 20:58:32,2026-04-30 15:42:00,Wanapum BRZ,1,2026-05-02 12:34:37
Rock Island Tailrace STH,1,G72461B2C,2026-04-28 20:58:32,2026-04-30 15:42:00,Mattawa,1,2026-05-03 22:46:47
Rock Island Tailrace STH,1,G72461B2C,2026-04-28 20:58:32,2026-04-30 15:42:00,Priest BRZ,1,2026-05-04 09:13:22
Rock Island Tailrace STH,1,G72461B2C,2026-04-28 20:58:32,2026-04-30 15:42:00,Lower Ringold,1,2026-05-04 19:42:39
Rock Island Tailrace STH,1,G72461B2C,2026-04-28 20:58:32,2026-04-30 15:42:00,Hanford,1,2026-05-04 22:25:09
Rock Island Tailrace STH,3,G7248B41E,2026-04-27 21:15:18,2026-04-29 15:28:00,Crescent Bar,1,2026-04-29 20:02:51
Rock Island Tailrace STH,3,G7248B41E,2026-04-27 21:15:18,2026-04-29 15:28:00,Sunland,1,2026-04-30 06:10:20
Rock Island Tailrace STH,3,G7248B41E,2026-04-27 21:15:18,2026-04-29 15:28:00,Wanapum BRZ,1,2026-05-02 14:26:48
Rock Island Tailrace STH,3,G7248B41E,2026-04-27 21:15:18,2026-04-29 15:28:00,Mattawa,1,2026-05-03 00:08:45
Rock Island Tailrace STH,3,G7248B41E,2026-04-27 21:15:18,2026-04-29 15:28:00,Priest BRZ,1,2026-05-04 07:53:49
Rock Island Tailrace STH,3,G7248B41E,2026-04-27 21:15:18,2026-04-29 15:28:00,Lower Ringold,1,2026-05-04 19:45:45
Rock Island Tailrace STH,3,G7248B41E,2026-04-27 21:15:18,2026-04-29 15:28:00,Hanford,1,2026-05-04 23:16:25
Rock Island Tailrace STH,3,G7248BE60,2026-04-25 18:49:59,2026-04-27 15:43:00,Crescent Bar,1,2026-04-27 21:52:30
Rock Island Tailrace STH,3,G7248BE60,2026-04-25 18:49:59,2026-04-27 15:43:00,Sunland,1,2026-04-28 09:11:52
Rock Island Tailrace STH,3,G7248BE60,2026-04-25 18:49:59,2026-04-27 15:43:00,Wanapum BRZ,1,2026-04-29 22:29:15
Rock Island Tailrace STH,3,G7248BE60,2026-04-25 18:49:59,2026-04-27 15:43:00,Mattawa,0,
Rock Island Tailrace STH,3,G7248BE60,2026-04-25 18:49:59,2026-04-27 15:43:00,Priest BRZ,0,
Rock Island Tailrace STH,3,G7248BE60,2026-04-25 18:49:59,2026-04-27 15:43:00,Lower Ringold,0,
Rock Island Tailrace STH,3,G7248BE60,2026-04-25 18:49:59,2026-04-27 15:43:00,Hanford,0,
Rock Island Tailrace STH,2,G7248F9A5,2026-05-02 18:38:05,2026-05-04 15:47:00,Crescent Bar,1,2026-05-05 03:10:48
Rock Island Tailrace STH,2,G7248F9A5,2026-05-02 18:38:05,2026-05-04 15:47:00,Sunland,1,2026-05-05 11:57:57
Rock Island Tailrace STH,2,G7248F9A5,2026-05-02 18:38:05,2026-05-04 15:47:00,Wanapum BRZ,1,2026-05-06 14:20:08
Rock Island Tailrace STH,2,G7248F9A5,2026-05-02 18:38:05,2026-05-04 15:47:00,Mattawa,1,2026-05-06 17:15:31
Rock Island Tailrace STH,2,G7248F9A5,2026-05-02 18:38:05,2026-05-04 15:47:00,Priest BRZ,1,2026-05-07 10:36:29
Rock Island Tailrace STH,2,G7248F9A5,2026-05-02 18:38:05,2026-05-04 15:47:00,Lower Ringold,1,2026-05-08 00:11:23
Rock Island Tailrace STH,2,G7248F9A5,2026-05-02 18:38:05,2026-05-04 15:47:00,Hanford,1,2026-05-08 03:29:20
Rock Island Tailrace STH,1,G7249971B,2026-05-01 18:09:41,2026-05-03 15:52:00,Crescent Bar,1,2026-05-04 08:44:33
Rock Island Tailrace STH,1,G7249971B,2026-05-01 18:09:41,2026-05-03 15:52:00,Sunland,1,2026-05-05 00:05:18
Rock Island Tailrace STH,1,G7249971B,2026-05-01 18:09:41,2026-05-03 15:52:00,Wanapum BRZ,1,2026-05-05 19:30:22
Rock Island Tailrace STH,1,G7249971B,2026-05-01 18:09:41,2026-05-03 15:52:00,Mattawa,1,2026-05-06 07:51:56
Rock Island Tailrace STH,1,G7249971B,2026-05-01 18:09:41,2026-05-03 15:52:00,Priest BRZ,1,2026-05-07 10:16:14
Rock Island Tailrace STH,1,G7249971B,2026-05-01 18:09:41,2026-05-03 15:52:00,Lower Ringold,1,2026-05-09 14:27:29
Rock Island Tailrace STH,1,G7249971B,2026-05-01 18:09:41,2026-05-03 15:52:00,Hanford,0,
Rock Island Tailrace STH,1,G7249B0BB,2026-05-01 17:54:08,2026-05-03 15:52:00,Crescent Bar,1,2026-05-04 09:39:09
Rock Island Tailrace STH,1,G7249B0BB,2026-05-01 17:54:08,2026-05-03 15:52:00,Sunland,1,2026-05-04 18:16:20
Rock Island Tailrace STH,1,G7249B0BB,2026-05-01 17:54:08,2026-05-03 15:52:00,Wanapum BRZ,1,2026-05-05 19:52:35
Rock Island Tailrace STH,1,G7249B0BB,2026-05-01 17:54:08,2026-05-03 15:52:00,Mattawa,0,
Rock Island Tailrace STH,1,G7249B0BB,2026-05-01 17:54:08,2026-05-03 15:52:00,Priest BRZ,0,
Rock Island Tailrace STH,1,G7249B0BB,2026-05-01 17:54:08,2026-05-03 15:52:00,Lower Ringold,0,
Rock Island Tailrace STH,1,G7249B0BB,2026-05-01 17:54:08,2026-05-03 15:52:00,Hanford,0,
Rock Island Tailrace STH,2,G724B42E2,2026-04-29 17:26:07,2026-05-01 15:43:00,Crescent Bar,1,2026-05-01 21:12:18
Rock Island Tailrace STH,2,G724B42E2,2026-04-29 17:26:07,2026-05-01 15:43:00,Sunland,1,2026-05-02 05:52:03
Rock Island Tailrace STH,2,G724B42E2,2026-04-29 17:26:07,2026-05-01 15:43:00,Wanapum BRZ,1,2026-05-03 09:09:21
Rock Island Tailrace STH,2,G724B42E2,2026-04-29 17:26:07,2026-05-01 15:43:00,Mattawa,1,2026-05-03 11:43:51
Rock Island Tailrace STH,2,G724B42E2,2026-04-29 17:26:07,2026-05-01 15:43:00,Priest BRZ,1,2026-05-04 08:34:08
Rock Island Tailrace STH,2,G724B42E2,2026-04-29 17:26:07,2026-05-01 15:43:00,Lower Ringold,1,2026-05-05 02:59:06
Rock Island Tailrace STH,2,G724B42E2,2026-04-29 17:26:07,2026-05-01 15:43:00,Hanford,1,2026-05-05 05:47:54
Rock Island Tailrace STH,1,G724BF06C,2026-04-29 17:28:02,2026-05-01 15:43:00,Crescent Bar,1,2026-05-01 23:46:05
Rock Island Tailrace STH,1,G724BF06C,2026-04-29 17:28:02,2026-05-01 15:43:00,Sunland,1,2026-05-02 07:25:31
Rock Island Tailrace STH,1,G724BF06C,2026-04-29 17:28:02,2026-05-01 15:43:00,Wanapum BRZ,0,
Rock Island Tailrace STH,1,G724BF06C,2026-04-29 17:28:02,2026-05-01 15:43:00,Mattawa,0,
Rock Island Tailrace STH,1,G724BF06C,2026-04-29 17:28:02,2026-05-01 15:43:00,Priest BRZ,0,
Rock Island Tailrace STH,1,G724BF06C,2026-04-29 17:28:02,2026-05-01 15:43:00,Lower Ringold,0,
Rock Island Tailrace STH,1,G724BF06C,2026-04-29 17:28:02,2026-05-01 15:43:00,Hanford,0,
Rock Island Tailrace STH,1,G724CB11A,2026-04-25 19:43:35,2026-04-27 15:43:00,Crescent Bar,1,2026-04-28 05:36:15
Rock Island Tailrace STH,1,G724CB11A,2026-04-25 19:43:35,2026-04-27 15:43:00,Sunland,1,2026-04-28 17:21:23
Rock Island Tailrace STH,1,G724CB11A,2026-04-25 19:43:35,2026-04-27 15:43:00,Wanapum BRZ,1,2026-04-29 19:11:57
Rock Island Tailrace STH,1,G724CB11A,2026-04-25 19:43:35,2026-04-27 15:43:00,Mattawa,0,
Rock Island Tailrace STH,1,G724CB11A,2026-04-25 19:43:35,2026-04-27 15:43:00,Priest BRZ,0,
Rock Island Tailrace STH,1,G724CB11A,2026-04-25 19:43:35,2026-04-27 15:43:00,Lower Ringold,0,
Rock Island Tailrace STH,1,G724CB11A,2026-04-25 19:43:35,2026-04-27 15:43:00,Hanford,0,
Rock Island Tailrace STH,2,G724CFE1D,2026-05-01 18:09:00,2026-05-03 15:52:00,Crescent Bar,1,2026-05-05 07:44:09
Rock Island Tailrace STH,2,G724CFE1D,2026-05-01 18:09:00,2026-05-03 15:52:00,Sunland,1,2026-05-05 15:44:48
Rock Island Tailrace STH,2,G724CFE1D,2026-05-01 18:09:00,2026-05-03 15:52:00,Wanapum BRZ,1,2026-05-06 17:09:25
Rock Island Tailrace STH,2,G724CFE1D,2026-05-01 18:09:00,2026-05-03 15:52:00,Mattawa,1,2026-05-07 20:10:21
Rock Island Tailrace STH,2,G724CFE1D,2026-05-01 18:09:00,2026-05-03 15:52:00,Priest BRZ,1,2026-05-08 17:22:11
Rock Island Tailrace STH,2,G724CFE1D,2026-05-01 18:09:00,2026-05-03 15:52:00,Lower Ringold,1,2026-05-10 16:35:21
Rock Island Tailrace STH,2,G724CFE1D,2026-05-01 18:09:00,2026-05-03 15:52:00,Hanford,1,2026-05-10 19:11:14
Rock Island Tailrace STH,2,G724D58AB,2026-04-28 21:02:42,2026-04-30 15:42:00,Crescent Bar,1,2026-04-30 20:00:37
Rock Island Tailrace STH,2,G724D58AB,2026-04-28 21:02:42,2026-04-30 15:42:00,Sunland,1,2026-05-01 07:59:06
Rock Island Tailrace STH,2,G724D58AB,2026-04-28 21:02:42,2026-04-30 15:42:00,Wanapum BRZ,1,2026-05-02 07:16:09
Rock Island Tailrace STH,2,G724D58AB,2026-04-28 21:02:42,2026-04-30 15:42:00,Mattawa,1,2026-05-02 09:33:28
Rock Island Tailrace STH,2,G724D58AB,2026-04-28 21:02:42,2026-04-30 15:42:00,Priest BRZ,1,2026-05-03 10:46:37
Rock Island Tailrace STH,2,G724D58AB,2026-04-28 21:02:42,2026-04-30 15:42:00,Lower Ringold,1,2026-05-04 00:49:49
Rock Island Tailrace STH,2,G724D58AB,2026-04-28 21:02:42,2026-04-30 15:42:00,Hanford,1,2026-05-04 03:21:13
Rock Island Tailrace STH,2,G724D8E21,2026-04-30 17:46:01,2026-05-02 16:02:00,Crescent Bar,1,2026-05-03 07:54:02
Rock Island Tailrace STH,2,G724D8E21,2026-04-30 17:46:01,2026-05-02 16:02:00,Sunland,1,2026-05-03 20:47:48
Rock Island Tailrace STH,2,G724D8E21,2026-04-30 17:46:01,2026-05-02 16:02:00,Wanapum BRZ,1,2026-05-04 19:01:38
Rock Island Tailrace STH,2,G724D8E21,2026-04-30 17:46:01,2026-05-02 16:02:00,Mattawa,1,2026-05-21 10:13:06
Rock Island Tailrace STH,2,G724D8E21,2026-04-30 17:46:01,2026-05-02 16:02:00,Priest BRZ,1,2026-05-21 19:31:46
Rock Island Tailrace STH,2,G724D8E21,2026-04-30 17:46:01,2026-05-02 16:02:00,Lower Ringold,0,
Rock Island Tailrace STH,2,G724D8E21,2026-04-30 17:46:01,2026-05-02 16:02:00,Hanford,0,
Rock Island Tailrace STH,2,G724E1545,2026-05-02 18:14:33,2026-05-04 15:47:00,Crescent Bar,1,2026-05-04 23:02:03
Rock Island Tailrace STH,2,G724E1545,2026-05-02 18:14:33,2026-05-04 15:47:00,Sunland,1,2026-05-05 06:13:42
Rock Island Tailrace STH,2,G724E1545,2026-05-02 18:14:33,2026-05-04 15:47:00,Wanapum BRZ,1,2026-05-05 21:46:49
Rock Island Tailrace STH,2,G724E1545,2026-05-02 18:14:33,2026-05-04 15:47:00,Mattawa,1,2026-05-06 01:17:53
Rock Island Tailrace STH,2,G724E1545,2026-05-02 18:14:33,2026-05-04 15:47:00,Priest BRZ,1,2026-05-06 09:53:16
Rock Island Tailrace STH,2,G724E1545,2026-05-02 18:14:33,2026-05-04 15:47:00,Lower Ringold,1,2026-05-07 16:39:21
Rock Island Tailrace STH,2,G724E1545,2026-05-02 18:14:33,2026-05-04 15:47:00,Hanford,1,2026-05-07 19:47:15
Rock Island Tailrace STH,3,G724F5D05,2026-04-29 17:14:09,2026-05-01 15:43:00,Crescent Bar,1,2026-05-01 20:14:00
Rock Island Tailrace STH,3,G724F5D05,2026-04-29 17:14:09,2026-05-01 15:43:00,Sunland,1,2026-05-02 04:51:19
Rock Island Tailrace STH,3,G724F5D05,2026-04-29 17:14:09,2026-05-01 15:43:00,Wanapum BRZ,1,2026-05-04 18:22:12
Rock Island Tailrace STH,3,G724F5D05,2026-04-29 17:14:09,2026-05-01 15:43:00,Mattawa,1,2026-05-05 02:05:11
Rock Island Tailrace STH,3,G724F5D05,2026-04-29 17:14:09,2026-05-01 15:43:00,Priest BRZ,1,2026-05-05 09:24:34
Rock Island Tailrace STH,3,G724F5D05,2026-04-29 17:14:09,2026-05-01 15:43:00,Lower Ringold,1,2026-05-06 01:02:20
Rock Island Tailrace STH,3,G724F5D05,2026-04-29 17:14:09,2026-05-01 15:43:00,Hanford,1,2026-05-06 04:04:24
Rock Island Tailrace STH,3,G7251E1A4,2026-05-02 18:15:40,2026-05-04 15:47:00,Crescent Bar,1,2026-05-04 23:20:32
Rock Island Tailrace STH,3,G7251E1A4,2026-05-02 18:15:40,2026-05-04 15:47:00,Sunland,1,2026-05-05 08:59:20
Rock Island Tailrace STH,3,G7251E1A4,2026-05-02 18:15:40,2026-05-04 15:47:00,Wanapum BRZ,0,
Rock Island Tailrace STH,3,G7251E1A4,2026-05-02 18:15:40,2026-05-04 15:47:00,Mattawa,0,
Rock Island Tailrace STH,3,G7251E1A4,2026-05-02 18:15:40,2026-05-04 15:47:00,Priest BRZ,0,
Rock Island Tailrace STH,3,G7251E1A4,2026-05-02 18:15:40,2026-05-04 15:47:00,Lower Ringold,0,
Rock Island Tailrace STH,3,G7251E1A4,2026-05-02 18:15:40,2026-05-04 15:47:00,Hanford,0,
Rock Island Tailrace STH,3,G7251EC59,2026-04-26 19:26:19,2026-04-28 15:47:00,Crescent Bar,1,2026-04-28 20:44:28
Rock Island Tailrace STH,3,G7251EC59,2026-04-26 19:26:19,2026-04-28 15:47:00,Sunland,1,2026-04-29 10:58:56
Rock Island Tailrace STH,3,G7251EC59,2026-04-26 19:26:19,2026-04-28 15:47:00,Wanapum BRZ,1,2026-05-01 07:35:43
Rock Island Tailrace STH,3,G7251EC59,2026-04-26 19:26:19,2026-04-28 15:47:00,Mattawa,1,2026-05-01 11:19:14
Rock Island Tailrace STH,3,G7251EC59,2026-04-26 19:26:19,2026-04-28 15:47:00,Priest BRZ,1,2026-05-01 20:29:50
Rock Island Tailrace STH,3,G7251EC59,2026-04-26 19:26:19,2026-04-28 15:47:00,Lower Ringold,1,2026-05-02 16:39:17
Rock Island Tailrace STH,3,G7251EC59,2026-04-26 19:26:19,2026-04-28 15:47:00,Hanford,1,2026-05-02 19:16:16
Rock Island Tailrace STH,3,G72526DDE,2026-05-02 18:31:20,2026-05-04 15:47:00,Crescent Bar,1,2026-05-05 01:05:56
Rock Island Tailrace STH,3,G72526DDE,2026-05-02 18:31:20,2026-05-04 15:47:00,Sunland,1,2026-05-05 08:48:10
Rock Island Tailrace STH,3,G72526DDE,2026-05-02 18:31:20,2026-05-04 15:47:00,Wanapum BRZ,1,2026-05-06 19:12:09
Rock Island Tailrace STH,3,G72526DDE,2026-05-02 18:31:20,2026-05-04 15:47:00,Mattawa,1,2026-05-07 23:20:09
Rock Island Tailrace STH,3,G72526DDE,2026-05-02 18:31:20,2026-05-04 15:47:00,Priest BRZ,1,2026-05-08 10:01:06
Rock Island Tailrace STH,3,G72526DDE,2026-05-02 18:31:20,2026-05-04 15:47:00,Lower Ringold,1,2026-05-09 02:14:31
Rock Island Tailrace STH,3,G72526DDE,2026-05-02 18:31:20,2026-05-04 15:47:00,Hanford,1,2026-05-09 05:35:02
Rock Island Tailrace STH,3,G72527581,2026-04-26 19:14:16,2026-04-28 15:47:00,Crescent Bar,1,2026-04-28 23:05:46
Rock Island Tailrace STH,3,G72527581,2026-04-26 19:14:16,2026-04-28 15:47:00,Sunland,1,2026-04-29 12:01:11
Rock Island Tailrace STH,3,G72527581,2026-04-26 19:14:16,2026-04-28 15:47:00,Wanapum BRZ,1,2026-04-30 18:58:27
Rock Island Tailrace STH,3,G72527581,2026-04-26 19:14:16,2026-04-28 15:47:00,Mattawa,1,2026-04-30 22:25:32
Rock Island Tailrace STH,3,G72527581,2026-04-26 19:14:16,2026-04-28 15:47:00,Priest BRZ,1,2026-05-01 19:52:04
Rock Island Tailrace STH,3,G72527581,2026-04-26 19:14:16,2026-04-28 15:47:00,Lower Ringold,1,2026-05-02 15:14:39
Rock Island Tailrace STH,3,G72527581,2026-04-26 19:14:16,2026-04-28 15:47:00,Hanford,1,2026-05-02 18:03:36
Rock Island Tailrace STH,3,G7252773D,2026-05-01 17:50:55,2026-05-03 15:52:00,Crescent Bar,1,2026-05-04 02:43:22
Rock Island Tailrace STH,3,G7252773D,2026-05-01 17:50:55,2026-05-03 15:52:00,Sunland,1,2026-05-04 11:28:45
Rock Island Tailrace STH,3,G7252773D,2026-05-01 17:50:55,2026-05-03 15:52:00,Wanapum BRZ,1,2026-05-05 15:51:34
Rock Island Tailrace STH,3,G7252773D,2026-05-01 17:50:55,2026-05-03 15:52:00,Mattawa,1,2026-05-05 18:46:25
Rock Island Tailrace STH,3,G7252773D,2026-05-01 17:50:55,2026-05-03 15:52:00,Priest BRZ,1,2026-05-06 09:19:43
Rock Island Tailrace STH,3,G7252773D,2026-05-01 17:50:55,2026-05-03 15:52:00,Lower Ringold,0,
Rock Island Tailrace STH,3,G7252773D,2026-05-01 17:50:55,2026-05-03 15:52:00,Hanford,0,
Rock Island Tailrace STH,3,G72528ED5,2026-04-26 19:22:00,2026-04-28 15:47:00,Crescent Bar,1,2026-04-29 04:02:33
Rock Island Tailrace STH,3,G72528ED5,2026-04-26 19:22:00,2026-04-28 15:47:00,Sunland,1,2026-04-29 13:42:04
Rock Island Tailrace STH,3,G72528ED5,2026-04-26 19:22:00,2026-04-28 15:47:00,Wanapum BRZ,1,2026-05-01 01:43:37
Rock Island Tailrace STH,3,G72528ED5,2026-04-26 19:22:00,2026-04-28 15:47:00,Mattawa,1,2026-05-02 19:14:11
Rock Island Tailrace STH,3,G72528ED5,2026-04-26 19:22:00,2026-04-28 15:47:00,Priest BRZ,1,2026-05-03 13:03:52
Rock Island Tailrace STH,3,G72528ED5,2026-04-26 19:22:00,2026-04-28 15:47:00,Lower Ringold,1,2026-05-05 01:08:27
Rock Island Tailrace STH,3,G72528ED5,2026-04-26 19:22:00,2026-04-28 15:47:00,Hanford,1,2026-05-05 04:03:18
Rock Island Tailrace STH,3,G7252EAD1,2026-04-28 20:53:25,2026-04-30 15:42:00,Crescent Bar,1,2026-05-01 01:46:06
Rock Island Tailrace STH,3,G7252EAD1,2026-04-28 20:53:25,2026-04-30 15:42:00,Sunland,1,2026-05-01 16:53:20
Rock Island Tailrace STH,3,G7252EAD1,2026-04-28 20:53:25,2026-04-30 15:42:00,Wanapum BRZ,0,
Rock Island Tailrace STH,3,G7252EAD1,2026-04-28 20:53:25,2026-04-30 15:42:00,Mattawa,0,
Rock Island Tailrace STH,3,G7252EAD1,2026-04-28 20:53:25,2026-04-30 15:42:00,Priest BRZ,0,
Rock Island Tailrace STH,3,G7252EAD1,2026-04-28 20:53:25,2026-04-30 15:42:00,Lower Ringold,0,
Rock Island Tailrace STH,3,G7252EAD1,2026-04-28 20:53:25,2026-04-30 15:42:00,Hanford,0,
Rock Island Tailrace STH,1,G7254154E,2026-05-01 17:55:06,2026-05-03 15:52:00,Crescent Bar,1,2026-05-03 23:34:47
Rock Island Tailrace STH,1,G7254154E,2026-05-01 17:55:06,2026-05-03 15:52:00,Sunland,1,2026-05-04 09:56:47
Rock Island Tailrace STH,1,G7254154E,2026-05-01 17:55:06,2026-05-03 15:52:00,Wanapum BRZ,1,2026-05-05 22:22:11
Rock Island Tailrace STH,1,G7254154E,2026-05-01 17:55:06,2026-05-03 15:52:00,Mattawa,1,2026-05-06 01:14:48
Rock Island Tailrace STH,1,G7254154E,2026-05-01 17:55:06,2026-05-03 15:52:00,Priest BRZ,1,2026-05-07 12:13:16
Rock Island Tailrace STH,1,G7254154E,2026-05-01 17:55:06,2026-05-03 15:52:00,Lower Ringold,1,2026-05-09 13:25:18
Rock Island Tailrace STH,1,G7254154E,2026-05-01 17:55:06,2026-05-03 15:52:00,Hanford,1,2026-05-09 17:04:55
Rock Island Tailrace STH,1,G7254232D,2026-05-02 18:10:36,2026-05-04 15:47:00,Crescent Bar,1,2026-05-05 02:07:36
Rock Island Tailrace STH,1,G7254232D,2026-05-02 18:10:36,2026-05-04 15:47:00,Sunland,1,2026-05-05 12:03:03
Rock Island Tailrace STH,1,G7254232D,2026-05-02 18:10:36,2026-05-04 15:47:00,Wanapum BRZ,1,2026-05-06 17:23:24
Rock Island Tailrace STH,1,G7254232D,2026-05-02 18:10:36,2026-05-04 15:47:00,Mattawa,1,2026-05-07 06:04:52
Rock Island Tailrace STH,1,G7254232D,2026-05-02 18:10:36,2026-05-04 15:47:00,Priest BRZ,1,2026-05-07 22:03:06
Rock Island Tailrace STH,1,G7254232D,2026-05-02 18:10:36,2026-05-04 15:47:00,Lower Ringold,1,2026-05-09 09:12:14
Rock Island Tailrace STH,1,G7254232D,2026-05-02 18:10:36,2026-05-04 15:47:00,Hanford,1,2026-05-09 12:51:40
Rock Island Tailrace STH,1,G72548A1E,2026-04-25 19:27:43,2026-04-27 15:43:00,Crescent Bar,1,2026-04-27 23:43:20
Rock Island Tailrace STH,1,G72548A1E,2026-04-25 19:27:43,2026-04-27 15:43:00,Sunland,1,2026-04-28 15:24:08
Rock Island Tailrace STH,1,G72548A1E,2026-04-25 19:27:43,2026-04-27 15:43:00,Wanapum BRZ,1,2026-04-30 04:16:14
Rock Island Tailrace STH,1,G72548A1E,2026-04-25 19:27:43,2026-04-27 15:43:00,Mattawa,0,
Rock Island Tailrace STH,1,G72548A1E,2026-04-25 19:27:43,2026-04-27 15:43:00,Priest BRZ,0,
Rock Island Tailrace STH,1,G72548A1E,2026-04-25 19:27:43,2026-04-27 15:43:00,Lower Ringold,0,
Rock Island Tailrace STH,1,G72548A1E,2026-04-25 19:27:43,2026-04-27 15:43:00,Hanford,0,
Rock Island Tailrace STH,3,G72550E37,2026-04-27 21:13:27,2026-04-29 15:28:00,Crescent Bar,1,2026-04-29 21:37:08
Rock Island Tailrace STH,3,G72550E37,2026-04-27 21:13:27,2026-04-29 15:28:00,Sunland,1,2026-04-30 09:06:34
Rock Island Tailrace STH,3,G72550E37,2026-04-27 21:13:27,2026-04-29 15:28:00,Wanapum BRZ,1,2026-05-01 22:09:17
Rock Island Tailrace STH,3,G72550E37,2026-04-27 21:13:27,2026-04-29 15:28:00,Mattawa,1,2026-05-02 13:32:40
Rock Island Tailrace STH,3,G72550E37,2026-04-27 21:13:27,2026-04-29 15:28:00,Priest BRZ,1,2026-05-03 07:45:32
Rock Island Tailrace STH,3,G72550E37,2026-04-27 21:13:27,2026-04-29 15:28:00,Lower Ringold,1,2026-05-03 20:45:05
Rock Island Tailrace STH,3,G72550E37,2026-04-27 21:13:27,2026-04-29 15:28:00,Hanford,1,2026-05-03 23:40:42
Rock Island Tailrace STH,2,G72567919,2026-05-01 17:55:24,2026-05-03 15:52:00,Crescent Bar,1,2026-05-04 03:56:27
Rock Island Tailrace STH,2,G72567919,2026-05-01 17:55:24,2026-05-03 15:52:00,Sunland,1,2026-05-04 13:57:46
Rock Island Tailrace STH,2,G72567919,2026-05-01 17:55:24,2026-05-03 15:52:00,Wanapum BRZ,1,2026-05-06 06:01:28
Rock Island Tailrace STH,2,G72567919,2026-05-01 17:55:24,2026-05-03 15:52:00,Mattawa,1,2026-05-06 09:32:03
Rock Island Tailrace STH,2,G72567919,2026-05-01 17:55:24,2026-05-03 15:52:00,Priest BRZ,1,2026-05-06 17:55:27
Rock Island Tailrace STH,2,G72567919,2026-05-01 17:55:24,2026-05-03 15:52:00,Lower Ringold,1,2026-05-08 07:29:19
Rock Island Tailrace STH,2,G72567919,2026-05-01 17:55:24,2026-05-03 15:52:00,Hanford,1,2026-05-08 10:34:55
Rock Island Tailrace STH,3,G7257B5B4,2026-04-25 19:45:59,2026-04-27 15:43:00,Crescent Bar,1,2026-04-28 04:52:10
Rock Island Tailrace STH,3,G7257B5B4,2026-04-25 19:45:59,2026-04-27 15:43:00,Sunland,1,2026-04-28 19:18:00
Rock Island Tailrace STH,3,G7257B5B4,2026-04-25 19:45:59,2026-04-27 15:43:00,Wanapum BRZ,1,2026-04-29 21:30:30
Rock Island Tailrace STH,3,G7257B5B4,2026-04-25 19:45:59,2026-04-27 15:43:00,Mattawa,1,2026-04-30 00:28:14
Rock Island Tailrace STH,3,G7257B5B4,2026-04-25 19:45:59,2026-04-27 15:43:00,Priest BRZ,1,2026-04-30 09:24:00
Rock Island Tailrace STH,3,G7257B5B4,2026-04-25 19:45:59,2026-04-27 15:43:00,Lower Ringold,1,2026-04-30 21:01:27
Rock Island Tailrace STH,3,G7257B5B4,2026-04-25 19:45:59,2026-04-27 15:43:00,Hanford,1,2026-04-30 23:34:58
Rock Island Tailrace STH,2,G72584825,2026-04-28 20:25:01,2026-04-30 15:42:00,Crescent Bar,1,2026-05-01 01:04:03
Rock Island Tailrace STH,2,G72584825,2026-04-28 20:25:01,2026-04-30 15:42:00,Sunland,1,2026-05-01 11:36:21
Rock Island Tailrace STH,2,G72584825,2026-04-28 20:25:01,2026-04-30 15:42:00,Wanapum BRZ,1,2026-05-02 20:04:58
Rock Island Tailrace STH,2,G72584825,2026-04-28 20:25:01,2026-04-30 15:42:00,Mattawa,1,2026-05-03 08:41:04
Rock Island Tailrace STH,2,G72584825,2026-04-28 20:25:01,2026-04-30 15:42:00,Priest BRZ,1,2026-05-04 06:14:51
Rock Island Tailrace STH,2,G72584825,2026-04-28 20:25:01,2026-04-30 15:42:00,Lower Ringold,1,2026-05-11 09:03:22
Rock Island Tailrace STH,2,G72584825,2026-04-28 20:25:01,2026-04-30 15:42:00,Hanford,1,2026-05-11 12:18:22
Rock Island Tailrace STH,2,G72589B90,2026-05-01 17:56:11,2026-05-03 15:52:00,Crescent Bar,1,2026-05-05 07:25:47
Rock Island Tailrace STH,2,G72589B90,2026-05-01 17:56:11,2026-05-03 15:52:00,Sunland,1,2026-05-05 17:22:02
Rock Island Tailrace STH,2,G72589B90,2026-05-01 17:56:11,2026-05-03 15:52:00,Wanapum BRZ,1,2026-05-08 22:05:30
Rock Island Tailrace STH,2,G72589B90,2026-05-01 17:56:11,2026-05-03 15:52:00,Mattawa,1,2026-05-09 07:08:18
Rock Island Tailrace STH,2,G72589B90,2026-05-01 17:56:11,2026-05-03 15:52:00,Priest BRZ,0,
Rock Island Tailrace STH,2,G72589B90,2026-05-01 17:56:11,2026-05-03 15:52:00,Lower Ringold,0,
Rock Island Tailrace STH,2,G72589B90,2026-05-01 17:56:11,2026-05-03 15:52:00,Hanford,0,
Rock Island Tailrace STH,1,G72599F35,2026-05-01 18:07:31,2026-05-03 15:52:00,Crescent Bar,1,2026-05-04 01:23:18
Rock Island Tailrace STH,1,G72599F35,2026-05-01 18:07:31,2026-05-03 15:52:00,Sunland,1,2026-05-04 10:06:27
Rock Island Tailrace STH,1,G72599F35,2026-05-01 18:07:31,2026-05-03 15:52:00,Wanapum BRZ,1,2026-05-05 08:59:10
Rock Island Tailrace STH,1,G72599F35,2026-05-01 18:07:31,2026-05-03 15:52:00,Mattawa,1,2026-05-10 08:24:35
Rock Island Tailrace STH,1,G72599F35,2026-05-01 18:07:31,2026-05-03 15:52:00,Priest BRZ,1,2026-05-10 22:38:36
Rock Island Tailrace STH,1,G72599F35,2026-05-01 18:07:31,2026-05-03 15:52:00,Lower Ringold,1,2026-05-11 11:11:14
Rock Island Tailrace STH,1,G72599F35,2026-05-01 18:07:31,2026-05-03 15:52:00,Hanford,1,2026-05-11 14:28:07
Rock Island Tailrace STH,1,G725D043F,2026-04-28 20:26:01,2026-04-30 15:42:00,Crescent Bar,1,2026-04-30 21:59:01
Rock Island Tailrace STH,1,G725D043F,2026-04-28 20:26:01,2026-04-30 15:42:00,Sunland,1,2026-05-01 10:24:13
Rock Island Tailrace STH,1,G725D043F,2026-04-28 20:26:01,2026-04-30 15:42:00,Wanapum BRZ,1,2026-05-02 12:26:49
Rock Island Tailrace STH,1,G725D043F,2026-04-28 20:26:01,2026-04-30 15:42:00,Mattawa,1,2026-05-02 19:17:08
Rock Island Tailrace STH,1,G725D043F,2026-04-28 20:26:01,2026-04-30 15:42:00,Priest BRZ,1,2026-05-05 04:42:55
Rock Island Tailrace STH,1,G725D043F,2026-04-28 20:26:01,2026-04-30 15:42:00,Lower Ringold,1,2026-05-09 07:40:55
Rock Island Tailrace STH,1,G725D043F,2026-04-28 20:26:01,2026-04-30 15:42:00,Hanford,1,2026-05-09 11:05:42
Rock Island Tailrace STH,1,G725D26A0,2026-04-25 19:50:09,2026-04-27 15:43:00,Crescent Bar,1,2026-04-27 22:29:43
Rock Island Tailrace STH,1,G725D26A0,2026-04-25 19:50:09,2026-04-27 15:43:00,Sunland,1,2026-04-28 07:08:07
Rock Island Tailrace STH,1,G725D26A0,2026-04-25 19:50:09,2026-04-27 15:43:00,Wanapum BRZ,1,2026-04-29 18:33:26
Rock Island Tailrace STH,1,G725D26A0,2026-04-25 19:50:09,2026-04-27 15:43:00,Mattawa,1,2026-05-02 22:06:32
Rock Island Tailrace STH,1,G725D26A0,2026-04-25 19:50:09,2026-04-27 15:43:00,Priest BRZ,1,2026-05-04 09:43:46
Rock Island Tailrace STH,1,G725D26A0,2026-04-25 19:50:09,2026-04-27 15:43:00,Lower Ringold,1,2026-05-04 23:28:43
Rock Island Tailrace STH,1,G725D26A0,2026-04-25 19:50:09,2026-04-27 15:43:00,Hanford,1,2026-05-05 02:34:59
Rock Island Tailrace STH,1,G725D74C7,2026-05-01 17:50:12,2026-05-03 15:52:00,Crescent Bar,1,2026-05-04 03:39:14
Rock Island Tailrace STH,1,G725D74C7,2026-05-01 17:50:12,2026-05-03 15:52:00,Sunland,1,2026-05-04 14:54:54
Rock Island Tailrace STH,1,G725D74C7,2026-05-01 17:50:12,2026-05-03 15:52:00,Wanapum BRZ,1,2026-05-05 07:12:30
Rock Island Tailrace STH,1,G725D74C7,2026-05-01 17:50:12,2026-05-03 15:52:00,Mattawa,1,2026-05-05 11:57:25
Rock Island Tailrace STH,1,G725D74C7,2026-05-01 17:50:12,2026-05-03 15:52:00,Priest BRZ,1,2026-05-05 23:16:11
Rock Island Tailrace STH,1,G725D74C7,2026-05-01 17:50:12,2026-05-03 15:52:00,Lower Ringold,1,2026-05-09 03:21:42
Rock Island Tailrace STH,1,G725D74C7,2026-05-01 17:50:12,2026-05-03 15:52:00,Hanford,1,2026-05-09 11:42:46
Rock Island Tailrace STH,1,G725DD6D4,2026-04-27 20:51:29,2026-04-29 15:28:00,Crescent Bar,1,2026-04-29 21:35:26
Rock Island Tailrace STH,1,G725DD6D4,2026-04-27 20:51:29,2026-04-29 15:28:00,Sunland,1,2026-04-30 10:29:10
Rock Island Tailrace STH,1,G725DD6D4,2026-04-27 20:51:29,2026-04-29 15:28:00,Wanapum BRZ,1,2026-05-01 21:40:45
Rock Island Tailrace STH,1,G725DD6D4,2026-04-27 20:51:29,2026-04-29 15:28:00,Mattawa,1,2026-05-03 12:14:48
Rock Island Tailrace STH,1,G725DD6D4,2026-04-27 20:51:29,2026-04-29 15:28:00,Priest BRZ,1,2026-05-04 01:27:19
Rock Island Tailrace STH,1,G725DD6D4,2026-04-27 20:51:29,2026-04-29 15:28:00,Lower Ringold,1,2026-05-04 12:21:09
Rock Island Tailrace STH,1,G725DD6D4,2026-04-27 20:51:29,2026-04-29 15:28:00,Hanford,1,2026-05-04 15:42:03
Rock Island Tailrace STH,1,G725F0191,2026-04-29 17:14:47,2026-05-01 15:43:00,Crescent Bar,1,2026-05-02 04:11:43
Rock Island Tailrace STH,1,G725F0191,2026-04-29 17:14:47,2026-05-01 15:43:00,Sunland,1,2026-05-02 12:59:43
Rock Island Tailrace STH,1,G725F0191,2026-04-29 17:14:47,2026-05-01 15:43:00,Wanapum BRZ,1,2026-05-06 14:42:42
Rock Island Tailrace STH,1,G725F0191,2026-04-29 17:14:47,2026-05-01 15:43:00,Mattawa,1,2026-05-07 00:58:15
Rock Island Tailrace STH,1,G725F0191,2026-04-29 17:14:47,2026-05-01 15:43:00,Priest BRZ,1,2026-05-07 10:06:48
Rock Island Tailrace STH,1,G725F0191,2026-04-29 17:14:47,2026-05-01 15:43:00,Lower Ringold,1,2026-05-07 22:12:57
Rock Island Tailrace STH,1,G725F0191,2026-04-29 17:14:47,2026-05-01 15:43:00,Hanford,1,2026-05-08 01:16:25
Rock Island Tailrace STH,3,G72603E5B,2026-04-30 17:35:05,2026-05-02 16:02:00,Crescent Bar,1,2026-05-02 23:25:56
Rock Island Tailrace STH,3,G72603E5B,2026-04-30 17:35:05,2026-05-02 16:02:00,Sunland,1,2026-05-03 09:32:47
Rock Island Tailrace STH,3,G72603E5B,2026-04-30 17:35:05,2026-05-02 16:02:00,Wanapum BRZ,0,
Rock Island Tailrace STH,3,G72603E5B,2026-04-30 17:35:05,2026-05-02 16:02:00,Mattawa,0,
Rock Island Tailrace STH,3,G72603E5B,2026-04-30 17:35:05,2026-05-02 16:02:00,Priest BRZ,0,
Rock Island Tailrace STH,3,G72603E5B,2026-04-30 17:35:05,2026-05-02 16:02:00,Lower Ringold,0,
Rock Island Tailrace STH,3,G72603E5B,2026-04-30 17:35:05,2026-05-02 16:02:00,Hanford,0,
Rock Island Tailrace STH,3,G7260BD35,2026-04-25 18:48:52,2026-04-27 15:43:00,Crescent Bar,1,2026-04-27 21:54:19
Rock Island Tailrace STH,3,G7260BD35,2026-04-25 18:48:52,2026-04-27 15:43:00,Sunland,1,2026-04-28 12:29:16
Rock Island Tailrace STH,3,G7260BD35,2026-04-25 18:48:52,2026-04-27 15:43:00,Wanapum BRZ,1,2026-04-29 20:55:13
Rock Island Tailrace STH,3,G7260BD35,2026-04-25 18:48:52,2026-04-27 15:43:00,Mattawa,1,2026-05-02 23:09:01
Rock Island Tailrace STH,3,G7260BD35,2026-04-25 18:48:52,2026-04-27 15:43:00,Priest BRZ,1,2026-05-03 16:03:48
Rock Island Tailrace STH,3,G7260BD35,2026-04-25 18:48:52,2026-04-27 15:43:00,Lower Ringold,1,2026-05-04 03:18:22
Rock Island Tailrace STH,3,G7260BD35,2026-04-25 18:48:52,2026-04-27 15:43:00,Hanford,1,2026-05-04 06:10:01
Rock Island Tailrace STH,3,G7260C6ED,2026-04-26 19:11:25,2026-04-28 15:47:00,Crescent Bar,1,2026-04-28 22:49:04
Rock Island Tailrace STH,3,G7260C6ED,2026-04-26 19:11:25,2026-04-28 15:47:00,Sunland,1,2026-04-29 12:54:35
Rock Island Tailrace STH,3,G7260C6ED,2026-04-26 19:11:25,2026-04-28 15:47:00,Wanapum BRZ,1,2026-05-01 11:38:22
Rock Island Tailrace STH,3,G7260C6ED,2026-04-26 19:11:25,2026-04-28 15:47:00,Mattawa,1,2026-05-01 17:40:20
Rock Island Tailrace STH,3,G7260C6ED,2026-04-26 19:11:25,2026-04-28 15:47:00,Priest BRZ,1,2026-05-02 05:27:25
Rock Island Tailrace STH,3,G7260C6ED,2026-04-26 19:11:25,2026-04-28 15:47:00,Lower Ringold,1,2026-05-02 17:34:48
Rock Island Tailrace STH,3,G7260C6ED,2026-04-26 19:11:25,2026-04-28 15:47:00,Hanford,1,2026-05-02 20:23:46
Rock Island Tailrace STH,3,G7260DEB2,2026-04-30 17:44:22,2026-05-02 16:02:00,Crescent Bar,1,2026-05-02 20:34:32
Rock Island Tailrace STH,3,G7260DEB2,2026-04-30 17:44:22,2026-05-02 16:02:00,Sunland,1,2026-05-03 09:23:35
Rock Island Tailrace STH,3,G7260DEB2,2026-04-30 17:44:22,2026-05-02 16:02:00,Wanapum BRZ,1,2026-05-04 13:22:50
Rock Island Tailrace STH,3,G7260DEB2,2026-04-30 17:44:22,2026-05-02 16:02:00,Mattawa,1,2026-05-05 11:42:00
Rock Island Tailrace STH,3,G7260DEB2,2026-04-30 17:44:22,2026-05-02 16:02:00,Priest BRZ,1,2026-05-06 02:27:56
Rock Island Tailrace STH,3,G7260DEB2,2026-04-30 17:44:22,2026-05-02 16:02:00,Lower Ringold,1,2026-05-14 09:56:24
Rock Island Tailrace STH,3,G7260DEB2,2026-04-30 17:44:22,2026-05-02 16:02:00,Hanford,1,2026-05-14 12:55:51
Rock Island Tailrace STH,3,G7261944E,2026-04-28 20:54:32,2026-04-30 15:42:00,Crescent Bar,1,2026-05-01 14:45:50
Rock Island Tailrace STH,3,G7261944E,2026-04-28 20:54:32,2026-04-30 15:42:00,Sunland,1,2026-05-02 00:19:20
Rock Island Tailrace STH,3,G7261944E,2026-04-28 20:54:32,2026-04-30 15:42:00,Wanapum BRZ,1,2026-05-03 05:33:41
Rock Island Tailrace STH,3,G7261944E,2026-04-28 20:54:32,2026-04-30 15:42:00,Mattawa,1,2026-05-03 21:16:36
Rock Island Tailrace STH,3,G7261944E,2026-04-28 20:54:32,2026-04-30 15:42:00,Priest BRZ,1,2026-05-04 05:37:38
Rock Island Tailrace STH,3,G7261944E,2026-04-28 20:54:32,2026-04-30 15:42:00,Lower Ringold,1,2026-05-04 18:35:51
Rock Island Tailrace STH,3,G7261944E,2026-04-28 20:54:32,2026-04-30 15:42:00,Hanford,1,2026-05-05 05:12:03
Rock Island Tailrace STH,3,G7262040A,2026-04-29 17:17:06,2026-05-01 15:43:00,Crescent Bar,1,2026-05-02 13:18:48
Rock Island Tailrace STH,3,G7262040A,2026-04-29 17:17:06,2026-05-01 15:43:00,Sunland,1,2026-05-03 02:36:13
Rock Island Tailrace STH,3,G7262040A,2026-04-29 17:17:06,2026-05-01 15:43:00,Wanapum BRZ,1,2026-05-05 04:52:40
Rock Island Tailrace STH,3,G7262040A,2026-04-29 17:17:06,2026-05-01 15:43:00,Mattawa,1,2026-05-05 11:08:14
Rock Island Tailrace STH,3,G7262040A,2026-04-29 17:17:06,2026-05-01 15:43:00,Priest BRZ,1,2026-05-06 05:06:56
Rock Island Tailrace STH,3,G7262040A,2026-04-29 17:17:06,2026-05-01 15:43:00,Lower Ringold,1,2026-05-07 00:31:22
Rock Island Tailrace STH,3,G7262040A,2026-04-29 17:17:06,2026-05-01 15:43:00,Hanford,1,2026-05-07 04:15:54
Rock Island Tailrace STH,1,G7263ECE5,2026-04-29 17:21:50,2026-05-01 15:43:00,Crescent Bar,1,2026-05-01 20:16:05
Rock Island Tailrace STH,1,G7263ECE5,2026-04-29 17:21:50,2026-05-01 15:43:00,Sunland,1,2026-05-02 04:22:03
Rock Island Tailrace STH,1,G7263ECE5,2026-04-29 17:21:50,2026-05-01 15:43:00,Wanapum BRZ,0,
Rock Island Tailrace STH,1,G7263ECE5,2026-04-29 17:21:50,2026-05-01 15:43:00,Mattawa,0,
Rock Island Tailrace STH,1,G7263ECE5,2026-04-29 17:21:50,2026-05-01 15:43:00,Priest BRZ,0,
Rock Island Tailrace STH,1,G7263ECE5,2026-04-29 17:21:50,2026-05-01 15:43:00,Lower Ringold,0,
Rock Island Tailrace STH,1,G7263ECE5,2026-04-29 17:21:50,2026-05-01 15:43:00,Hanford,0,
Rock Island Tailrace STH,1,G7263EDBB,2026-04-30 17:48:44,2026-05-02 16:02:00,Crescent Bar,1,2026-05-03 01:17:01
Rock Island Tailrace STH,1,G7263EDBB,2026-04-30 17:48:44,2026-05-02 16:02:00,Sunland,1,2026-05-03 10:35:55
Rock Island Tailrace STH,1,G7263EDBB,2026-04-30 17:48:44,2026-05-02 16:02:00,Wanapum BRZ,1,2026-05-04 15:42:23
Rock Island Tailrace STH,1,G7263EDBB,2026-04-30 17:48:44,2026-05-02 16:02:00,Mattawa,1,2026-05-05 14:07:02
Rock Island Tailrace STH,1,G7263EDBB,2026-04-30 17:48:44,2026-05-02 16:02:00,Priest BRZ,1,2026-05-05 22:38:13
Rock Island Tailrace STH,1,G7263EDBB,2026-04-30 17:48:44,2026-05-02 16:02:00,Lower Ringold,1,2026-05-06 16:27:22
Rock Island Tailrace STH,1,G7263EDBB,2026-04-30 17:48:44,2026-05-02 16:02:00,Hanford,1,2026-05-06 19:37:27
Rock Island Tailrace STH,1,G726562DC,2026-05-01 17:59:16,2026-05-03 15:52:00,Crescent Bar,1,2026-05-04 02:13:07
Rock Island Tailrace STH,1,G726562DC,2026-05-01 17:59:16,2026-05-03 15:52:00,Sunland,1,2026-05-04 14:52:38
Rock Island Tailrace STH,1,G726562DC,2026-05-01 17:59:16,2026-05-03 15:52:00,Wanapum BRZ,1,2026-05-05 12:12:10
Rock Island Tailrace STH,1,G726562DC,2026-05-01 17:59:16,2026-05-03 15:52:00,Mattawa,1,2026-05-13 09:07:10
Rock Island Tailrace STH,1,G726562DC,2026-05-01 17:59:16,2026-05-03 15:52:00,Priest BRZ,1,2026-05-13 19:51:18
Rock Island Tailrace STH,1,G726562DC,2026-05-01 17:59:16,2026-05-03 15:52:00,Lower Ringold,1,2026-05-14 08:49:00
Rock Island Tailrace STH,1,G726562DC,2026-05-01 17:59:16,2026-05-03 15:52:00,Hanford,1,2026-05-14 11:48:30
Rock Island Tailrace STH,1,G72657961,2026-04-27 21:00:02,2026-04-29 15:28:00,Crescent Bar,1,2026-04-29 20:10:25
Rock Island Tailrace STH,1,G72657961,2026-04-27 21:00:02,2026-04-29 15:28:00,Sunland,1,2026-04-30 04:41:56
Rock Island Tailrace STH,1,G72657961,2026-04-27 21:00:02,2026-04-29 15:28:00,Wanapum BRZ,1,2026-05-02 21:44:32
Rock Island Tailrace STH,1,G72657961,2026-04-27 21:00:02,2026-04-29 15:28:00,Mattawa,1,2026-05-04 10:32:21
Rock Island Tailrace STH,1,G72657961,2026-04-27 21:00:02,2026-04-29 15:28:00,Priest BRZ,1,2026-05-05 19:08:20
Rock Island Tailrace STH,1,G72657961,2026-04-27 21:00:02,2026-04-29 15:28:00,Lower Ringold,1,2026-05-06 07:45:53
Rock Island Tailrace STH,1,G72657961,2026-04-27 21:00:02,2026-04-29 15:28:00,Hanford,1,2026-05-06 10:21:59
Rock Island Tailrace STH,1,G7265F410,2026-04-27 21:08:42,2026-04-29 15:28:00,Crescent Bar,1,2026-04-29 20:35:10
Rock Island Tailrace STH,1,G7265F410,2026-04-27 21:08:42,2026-04-29 15:28:00,Sunland,1,2026-04-30 07:51:39
Rock Island Tailrace STH,1,G7265F410,2026-04-27 21:08:42,2026-04-29 15:28:00,Wanapum BRZ,1,2026-05-03 09:47:02
Rock Island Tailrace STH,1,G7265F410,2026-04-27 21:08:42,2026-04-29 15:28:00,Mattawa,1,2026-05-04 07:33:33
Rock Island Tailrace STH,1,G7265F410,2026-04-27 21:08:42,2026-04-29 15:28:00,Priest BRZ,1,2026-05-05 05:43:11
Rock Island Tailrace STH,1,G7265F410,2026-04-27 21:08:42,2026-04-29 15:28:00,Lower Ringold,1,2026-05-07 05:01:36
Rock Island Tailrace STH,1,G7265F410,2026-04-27 21:08:42,2026-04-29 15:28:00,Hanford,1,2026-05-07 07:52:06
Rock Island Tailrace STH,2,G72699A27,2026-04-27 21:15:47,2026-04-29 15:28:00,Crescent Bar,1,2026-04-29 22:50:55
Rock Island Tailrace STH,2,G72699A27,2026-04-27 21:15:47,2026-04-29 15:28:00,Sunland,1,2026-04-30 09:34:49
Rock Island Tailrace STH,2,G72699A27,2026-04-27 21:15:47,2026-04-29 15:28:00,Wanapum BRZ,1,2026-05-02 11:06:29
Rock Island Tailrace STH,2,G72699A27,2026-04-27 21:15:47,2026-04-29 15:28:00,Mattawa,1,2026-05-02 13:40:22
Rock Island Tailrace STH,2,G72699A27,2026-04-27 21:15:47,2026-04-29 15:28:00,Priest BRZ,1,2026-05-03 04:17:20
Rock Island Tailrace STH,2,G72699A27,2026-04-27 21:15:47,2026-04-29 15:28:00,Lower Ringold,1,2026-05-03 15:37:08
Rock Island Tailrace STH,2,G72699A27,2026-04-27 21:15:47,2026-04-29 15:28:00,Hanford,1,2026-05-03 23:32:51
Rock Island Tailrace STH,2,G7269F03C,2026-04-28 20:50:40,2026-04-30 15:42:00,Crescent Bar,1,2026-05-01 02:05:15
Rock Island Tailrace STH,2,G7269F03C,2026-04-28 20:50:40,2026-04-30 15:42:00,Sunland,1,2026-05-01 12:09:07
Rock Island Tailrace STH,2,G7269F03C,2026-04-28 20:50:40,2026-04-30 15:42:00,Wanapum BRZ,1,2026-05-04 05:15:40
Rock Island Tailrace STH,2,G7269F03C,2026-04-28 20:50:40,2026-04-30 15:42:00,Mattawa,1,2026-05-04 13:05:07
Rock Island Tailrace STH,2,G7269F03C,2026-04-28 20:50:40,2026-04-30 15:42:00,Priest BRZ,1,2026-05-06 07:57:51
Rock Island Tailrace STH,2,G7269F03C,2026-04-28 20:50:40,2026-04-30 15:42:00,Lower Ringold,1,2026-05-06 17:45:53
Rock Island Tailrace STH,2,G7269F03C,2026-04-28 20:50:40,2026-04-30 15:42:00,Hanford,1,2026-05-06 19:59:58
Rock Island Tailrace STH,2,G7269F162,2026-04-26 19:20:28,2026-04-28 15:47:00,Crescent Bar,1,2026-04-29 02:34:23
Rock Island Tailrace STH,2,G7269F162,2026-04-26 19:20:28,2026-04-28 15:47:00,Sunland,1,2026-04-29 13:50:40
Rock Island Tailrace STH,2,G7269F162,2026-04-26 19:20:28,2026-04-28 15:47:00,Wanapum BRZ,1,2026-05-01 01:24:01
Rock Island Tailrace STH,2,G7269F162,2026-04-26 19:20:28,2026-04-28 15:47:00,Mattawa,1,2026-05-03 08:41:45
Rock Island Tailrace STH,2,G7269F162,2026-04-26 19:20:28,2026-04-28 15:47:00,Priest BRZ,0,
Rock Island Tailrace STH,2,G7269F162,2026-04-26 19:20:28,2026-04-28 15:47:00,Lower Ringold,0,
Rock Island Tailrace STH,2,G7269F162,2026-04-26 19:20:28,2026-04-28 15:47:00,Hanford,0,
Rock Island Tailrace STH,2,G726DB883,2026-04-29 17:20:51,2026-05-01 15:43:00,Crescent Bar,1,2026-05-01 21:56:06
Rock Island Tailrace STH,2,G726DB883,2026-04-29 17:20:51,2026-05-01 15:43:00,Sunland,1,2026-05-02 06:38:01
Rock Island Tailrace STH,2,G726DB883,2026-04-29 17:20:51,2026-05-01 15:43:00,Wanapum BRZ,1,2026-05-03 11:11:04
Rock Island Tailrace STH,2,G726DB883,2026-04-29 17:20:51,2026-05-01 15:43:00,Mattawa,1,2026-05-03 13:55:57
Rock Island Tailrace STH,2,G726DB883,2026-04-29 17:20:51,2026-05-01 15:43:00,Priest BRZ,1,2026-05-04 07:02:53
Rock Island Tailrace STH,2,G726DB883,2026-04-29 17:20:51,2026-05-01 15:43:00,Lower Ringold,1,2026-05-04 19:14:11
Rock Island Tailrace STH,2,G726DB883,2026-04-29 17:20:51,2026-05-01 15:43:00,Hanford,1,2026-05-05 00:14:35
Rock Island Tailrace STH,2,G726EDB51,2026-04-26 18:59:15,2026-04-28 15:47:00,Crescent Bar,1,2026-04-29 06:06:12
Rock Island Tailrace STH,2,G726EDB51,2026-04-26 18:59:15,2026-04-28 15:47:00,Sunland,1,2026-04-29 15:42:28
Rock Island Tailrace STH,2,G726EDB51,2026-04-26 18:59:15,2026-04-28 15:47:00,Wanapum BRZ,1,2026-04-30 12:47:45
Rock Island Tailrace STH,2,G726EDB51,2026-04-26 18:59:15,2026-04-28 15:47:00,Mattawa,1,2026-05-01 16:20:48
Rock Island Tailrace STH,2,G726EDB51,2026-04-26 18:59:15,2026-04-28 15:47:00,Priest BRZ,1,2026-05-02 09:23:58
Rock Island Tailrace STH,2,G726EDB51,2026-04-26 18:59:15,2026-04-28 15:47:00,Lower Ringold,1,2026-05-03 02:39:19
Rock Island Tailrace STH,2,G726EDB51,2026-04-26 18:59:15,2026-04-28 15:47:00,Hanford,1,2026-05-03 05:21:52
Rock Island Tailrace STH,2,G726F4C07,2026-04-26 19:01:35,2026-04-28 15:47:00,Crescent Bar,1,2026-04-28 22:03:55
Rock Island Tailrace STH,2,G726F4C07,2026-04-26 19:01:35,2026-04-28 15:47:00,Sunland,1,2026-04-29 12:59:39
Rock Island Tailrace STH,2,G726F4C07,2026-04-26 19:01:35,2026-04-28 15:47:00,Wanapum BRZ,1,2026-04-30 06:49:56
Rock Island Tailrace STH,2,G726F4C07,2026-04-26 19:01:35,2026-04-28 15:47:00,Mattawa,1,2026-05-03 12:20:09
Rock Island Tailrace STH,2,G726F4C07,2026-04-26 19:01:35,2026-04-28 15:47:00,Priest BRZ,1,2026-05-05 07:18:51
Rock Island Tailrace STH,2,G726F4C07,2026-04-26 19:01:35,2026-04-28 15:47:00,Lower Ringold,1,2026-05-05 19:10:54
Rock Island Tailrace STH,2,G726F4C07,2026-04-26 19:01:35,2026-04-28 15:47:00,Hanford,1,2026-05-05 22:58:46
Rock Island Tailrace STH,2,G726F5E26,2026-04-25 19:40:12,2026-04-27 15:43:00,Crescent Bar,1,2026-04-27 21:04:20
Rock Island Tailrace STH,2,G726F5E26,2026-04-25 19:40:12,2026-04-27 15:43:00,Sunland,1,2026-04-28 09:37:18
Rock Island Tailrace STH,2,G726F5E26,2026-04-25 19:40:12,2026-04-27 15:43:00,Wanapum BRZ,1,2026-04-29 14:09:36
Rock Island Tailrace STH,2,G726F5E26,2026-04-25 19:40:12,2026-04-27 15:43:00,Mattawa,1,2026-04-30 13:59:01
Rock Island Tailrace STH,2,G726F5E26,2026-04-25 19:40:12,2026-04-27 15:43:00,Priest BRZ,1,2026-05-02 11:58:39
Rock Island Tailrace STH,2,G726F5E26,2026-04-25 19:40:12,2026-04-27 15:43:00,Lower Ringold,1,2026-05-03 07:44:44
Rock Island Tailrace STH,2,G726F5E26,2026-04-25 19:40:12,2026-04-27 15:43:00,Hanford,1,2026-05-03 10:24:08
Rock Island Tailrace STH,2,G726F9831,2026-05-01 18:31:21,2026-05-03 15:52:00,Crescent Bar,1,2026-05-04 02:34:37
Rock Island Tailrace STH,2,G726F9831,2026-05-01 18:31:21,2026-05-03 15:52:00,Sunland,1,2026-05-04 14:42:38
Rock Island Tailrace STH,2,G726F9831,2026-05-01 18:31:21,2026-05-03 15:52:00,Wanapum BRZ,1,2026-05-05 15:09:31
Rock Island Tailrace STH,2,G726F9831,2026-05-01 18:31:21,2026-05-03 15:52:00,Mattawa,1,2026-05-05 23:27:13
Rock Island Tailrace STH,2,G726F9831,2026-05-01 18:31:21,2026-05-03 15:52:00,Priest BRZ,1,2026-05-06 07:26:26
Rock Island Tailrace STH,2,G726F9831,2026-05-01 18:31:21,2026-05-03 15:52:00,Lower Ringold,0,
Rock Island Tailrace STH,2,G726F9831,2026-05-01 18:31:21,2026-05-03 15:52:00,Hanford,0,
Rock Island Tailrace STH,2,G726FB26C,2026-04-29 17:26:47,2026-05-01 15:43:00,Crescent Bar,1,2026-05-02 07:33:48
Rock Island Tailrace STH,2,G726FB26C,2026-04-29 17:26:47,2026-05-01 15:43:00,Sunland,1,2026-05-02 16:52:34
Rock Island Tailrace STH,2,G726FB26C,2026-04-29 17:26:47,2026-05-01 15:43:00,Wanapum BRZ,1,2026-05-03 17:29:27
Rock Island Tailrace STH,2,G726FB26C,2026-04-29 17:26:47,2026-05-01 15:43:00,Mattawa,1,2026-05-05 05:40:56
Rock Island Tailrace STH,2,G726FB26C,2026-04-29 17:26:47,2026-05-01 15:43:00,Priest BRZ,1,2026-05-05 22:35:01
Rock Island Tailrace STH,2,G726FB26C,2026-04-29 17:26:47,2026-05-01 15:43:00,Lower Ringold,1,2026-05-06 15:29:19
Rock Island Tailrace STH,2,G726FB26C,2026-04-29 17:26:47,2026-05-01 15:43:00,Hanford,1,2026-05-07 03:51:32
Rock Island Tailrace STH,2,G726FE00B,2026-04-27 21:05:30,2026-04-29 15:28:00,Crescent Bar,1,2026-04-29 20:01:55
Rock Island Tailrace STH,2,G726FE00B,2026-04-27 21:05:30,2026-04-29 15:28:00,Sunland,1,2026-04-30 04:22:03
Rock Island Tailrace STH,2,G726FE00B,2026-04-27 21:05:30,2026-04-29 15:28:00,Wanapum BRZ,1,2026-05-02 09:18:00
Rock Island Tailrace STH,2,G726FE00B,2026-04-27 21:05:30,2026-04-29 15:28:00,Mattawa,1,2026-05-06 06:38:01
Rock Island Tailrace STH,2,G726FE00B,2026-04-27 21:05:30,2026-04-29 15:28:00,Priest BRZ,1,2026-05-06 15:33:01
Rock Island Tailrace STH,2,G726FE00B,2026-04-27 21:05:30,2026-04-29 15:28:00,Lower Ringold,1,2026-05-07 13:47:22
Rock Island Tailrace STH,2,G726FE00B,2026-04-27 21:05:30,2026-04-29 15:28:00,Hanford,1,2026-05-07 17:02:24
Rock Island Tailrace STH,2,G726FE788,2026-05-02 18:11:06,2026-05-04 15:47:00,Crescent Bar,1,2026-05-05 00:19:56
Rock Island Tailrace STH,2,G726FE788,2026-05-02 18:11:06,2026-05-04 15:47:00,Sunland,1,2026-05-05 09:55:31
Rock Island Tailrace STH,2,G726FE788,2026-05-02 18:11:06,2026-05-04 15:47:00,Wanapum BRZ,1,2026-05-06 13:27:30
Rock Island Tailrace STH,2,G726FE788,2026-05-02 18:11:06,2026-05-04 15:47:00,Mattawa,1,2026-05-06 17:18:13
Rock Island Tailrace STH,2,G726FE788,2026-05-02 18:11:06,2026-05-04 15:47:00,Priest BRZ,1,2026-05-07 04:06:54
Rock Island Tailrace STH,2,G726FE788,2026-05-02 18:11:06,2026-05-04 15:47:00,Lower Ringold,1,2026-05-08 00:16:23
Rock Island Tailrace STH,2,G726FE788,2026-05-02 18:11:06,2026-05-04 15:47:00,Hanford,1,2026-05-08 03:43:06
Rock Island Tailrace STH,1,G727125CE,2026-04-29 17:19:34,2026-05-01 15:43:00,Crescent Bar,1,2026-05-02 01:00:12
Rock Island Tailrace STH,1,G727125CE,2026-04-29 17:19:34,2026-05-01 15:43:00,Sunland,1,2026-05-02 13:18:53
Rock Island Tailrace STH,1,G727125CE,2026-04-29 17:19:34,2026-05-01 15:43:00,Wanapum BRZ,1,2026-05-03 18:01:20
Rock Island Tailrace STH,1,G727125CE,2026-04-29 17:19:34,2026-05-01 15:43:00,Mattawa,1,2026-05-04 11:02:45
Rock Island Tailrace STH,1,G727125CE,2026-04-29 17:19:34,2026-05-01 15:43:00,Priest BRZ,1,2026-05-05 06:26:06
Rock Island Tailrace STH,1,G727125CE,2026-04-29 17:19:34,2026-05-01 15:43:00,Lower Ringold,1,2026-05-05 18:08:33
Rock Island Tailrace STH,1,G727125CE,2026-04-29 17:19:34,2026-05-01 15:43:00,Hanford,1,2026-05-05 21:05:28
Rock Island Tailrace STH,1,G7271CCBB,2026-04-27 21:06:20,2026-04-29 15:28:00,Crescent Bar,1,2026-04-29 21:04:47
Rock Island Tailrace STH,1,G7271CCBB,2026-04-27 21:06:20,2026-04-29 15:28:00,Sunland,1,2026-04-30 05:45:07
Rock Island Tailrace STH,1,G7271CCBB,2026-04-27 21:06:20,2026-04-29 15:28:00,Wanapum BRZ,1,2026-05-03 22:27:52
Rock Island Tailrace STH,1,G7271CCBB,2026-04-27 21:06:20,2026-04-29 15:28:00,Mattawa,1,2026-05-04 07:23:22
Rock Island Tailrace STH,1,G7271CCBB,2026-04-27 21:06:20,2026-04-29 15:28:00,Priest BRZ,1,2026-05-05 00:31:18
Rock Island Tailrace STH,1,G7271CCBB,2026-04-27 21:06:20,2026-04-29 15:28:00,Lower Ringold,1,2026-05-07 15:09:32
Rock Island Tailrace STH,1,G7271CCBB,2026-04-27 21:06:20,2026-04-29 15:28:00,Hanford,1,2026-05-07 17:48:35
Rock Island Tailrace STH,1,G7273A0EC,2026-04-26 18:58:25,2026-04-28 15:47:00,Crescent Bar,1,2026-04-28 21:59:11
Rock Island Tailrace STH,1,G7273A0EC,2026-04-26 18:58:25,2026-04-28 15:47:00,Sunland,1,2026-04-29 12:49:17
Rock Island Tailrace STH,1,G7273A0EC,2026-04-26 18:58:25,2026-04-28 15:47:00,Wanapum BRZ,1,2026-05-01 20:20:44
Rock Island Tailrace STH,1,G7273A0EC,2026-04-26 18:58:25,2026-04-28 15:47:00,Mattawa,1,2026-05-03 20:02:03
Rock Island Tailrace STH,1,G7273A0EC,2026-04-26 18:58:25,2026-04-28 15:47:00,Priest BRZ,1,2026-05-04 07:12:51
Rock Island Tailrace STH,1,G7273A0EC,2026-04-26 18:58:25,2026-04-28 15:47:00,Lower Ringold,1,2026-05-04 21:14:33
Rock Island Tailrace STH,1,G7273A0EC,2026-04-26 18:58:25,2026-04-28 15:47:00,Hanford,1,2026-05-05 01:26:01
Rock Island Tailrace STH,3,G7274E5FB,2026-05-01 18:02:37,2026-05-03 15:52:00,Crescent Bar,1,2026-05-04 04:10:10
Rock Island Tailrace STH,3,G7274E5FB,2026-05-01 18:02:37,2026-05-03 15:52:00,Sunland,1,2026-05-04 11:38:14
Rock Island Tailrace STH,3,G7274E5FB,2026-05-01 18:02:37,2026-05-03 15:52:00,Wanapum BRZ,1,2026-05-05 18:46:34
Rock Island Tailrace STH,3,G7274E5FB,2026-05-01 18:02:37,2026-05-03 15:52:00,Mattawa,1,2026-05-06 00:08:14
Rock Island Tailrace STH,3,G7274E5FB,2026-05-01 18:02:37,2026-05-03 15:52:00,Priest BRZ,1,2026-05-06 09:03:16
Rock Island Tailrace STH,3,G7274E5FB,2026-05-01 18:02:37,2026-05-03 15:52:00,Lower Ringold,1,2026-05-07 04:09:49
Rock Island Tailrace STH,3,G7274E5FB,2026-05-01 18:02:37,2026-05-03 15:52:00,Hanford,1,2026-05-07 07:22:15
Rock Island Tailrace STH,1,G7277F2B0,2026-04-28 20:26:23,2026-04-30 15:42:00,Crescent Bar,1,2026-05-01 03:39:32
Rock Island Tailrace STH,1,G7277F2B0,2026-04-28 20:26:23,2026-04-30 15:42:00,Sunland,1,2026-05-01 18:38:44
Rock Island Tailrace STH,1,G7277F2B0,2026-04-28 20:26:23,2026-04-30 15:42:00,Wanapum BRZ,1,2026-05-03 08:25:33
Rock Island Tailrace STH,1,G7277F2B0,2026-04-28 20:26:23,2026-04-30 15:42:00,Mattawa,1,2026-05-05 07:24:58
Rock Island Tailrace STH,1,G7277F2B0,2026-04-28 20:26:23,2026-04-30 15:42:00,Priest BRZ,1,2026-05-06 07:41:42
Rock Island Tailrace STH,1,G7277F2B0,2026-04-28 20:26:23,2026-04-30 15:42:00,Lower Ringold,1,2026-05-06 19:28:38
Rock Island Tailrace STH,1,G7277F2B0,2026-04-28 20:26:23,2026-04-30 15:42:00,Hanford,1,2026-05-06 22:10:30
Rock Island Tailrace STH,3,G72782F02,2026-04-28 20:21:30,2026-04-30 15:42:00,Crescent Bar,1,2026-04-30 23:39:32
Rock Island Tailrace STH,3,G72782F02,2026-04-28 20:21:30,2026-04-30 15:42:00,Sunland,1,2026-05-01 09:22:44
Rock Island Tailrace STH,3,G72782F02,2026-04-28 20:21:30,2026-04-30 15:42:00,Wanapum BRZ,1,2026-05-02 05:04:15
Rock Island Tailrace STH,3,G72782F02,2026-04-28 20:21:30,2026-04-30 15:42:00,Mattawa,1,2026-05-07 00:38:48
Rock Island Tailrace STH,3,G72782F02,2026-04-28 20:21:30,2026-04-30 15:42:00,Priest BRZ,1,2026-05-07 09:15:21
Rock Island Tailrace STH,3,G72782F02,2026-04-28 20:21:30,2026-04-30 15:42:00,Lower Ringold,1,2026-05-07 20:02:37
Rock Island Tailrace STH,3,G72782F02,2026-04-28 20:21:30,2026-04-30 15:42:00,Hanford,1,2026-05-07 23:08:27
Rock Island Tailrace STH,3,G727866D8,2026-04-26 19:28:41,2026-04-28 15:47:00,Crescent Bar,1,2026-04-28 23:48:09
Rock Island Tailrace STH,3,G727866D8,2026-04-26 19:28:41,2026-04-28 15:47:00,Sunland,1,2026-04-29 10:58:56
Rock Island Tailrace STH,3,G727866D8,2026-04-26 19:28:41,2026-04-28 15:47:00,Wanapum BRZ,1,2026-04-30 20:02:14
Rock Island Tailrace STH,3,G727866D8,2026-04-26 19:28:41,2026-04-28 15:47:00,Mattawa,1,2026-04-30 23:27:12
Rock Island Tailrace STH,3,G727866D8,2026-04-26 19:28:41,2026-04-28 15:47:00,Priest BRZ,1,2026-05-01 09:07:36
Rock Island Tailrace STH,3,G727866D8,2026-04-26 19:28:41,2026-04-28 15:47:00,Lower Ringold,1,2026-05-01 21:29:09
Rock Island Tailrace STH,3,G727866D8,2026-04-26 19:28:41,2026-04-28 15:47:00,Hanford,1,2026-05-02 00:14:26
Rock Island Tailrace STH,2,G7278BDAF,2026-04-25 19:41:00,2026-04-27 15:43:00,Crescent Bar,1,2026-04-28 01:10:40
Rock Island Tailrace STH,2,G7278BDAF,2026-04-25 19:41:00,2026-04-27 15:43:00,Sunland,1,2026-04-28 16:02:50
Rock Island Tailrace STH,2,G7278BDAF,2026-04-25 19:41:00,2026-04-27 15:43:00,Wanapum BRZ,1,2026-04-30 10:56:12
Rock Island Tailrace STH,2,G7278BDAF,2026-04-25 19:41:00,2026-04-27 15:43:00,Mattawa,0,
Rock Island Tailrace STH,2,G7278BDAF,2026-04-25 19:41:00,2026-04-27 15:43:00,Priest BRZ,0,
Rock Island Tailrace STH,2,G7278BDAF,2026-04-25 19:41:00,2026-04-27 15:43:00,Lower Ringold,0,
Rock Island Tailrace STH,2,G7278BDAF,2026-04-25 19:41:00,2026-04-27 15:43:00,Hanford,0,
Rock Island Tailrace STH,2,G727919A5,2026-04-26 19:08:21,2026-04-28 15:47:00,Crescent Bar,1,2026-04-28 22:44:27
Rock Island Tailrace STH,2,G727919A5,2026-04-26 19:08:21,2026-04-28 15:47:00,Sunland,1,2026-04-29 09:54:21
Rock Island Tailrace STH,2,G727919A5,2026-04-26 19:08:21,2026-04-28 15:47:00,Wanapum BRZ,1,2026-05-04 06:39:45
Rock Island Tailrace STH,2,G727919A5,2026-04-26 19:08:21,2026-04-28 15:47:00,Mattawa,1,2026-05-04 09:44:37
Rock Island Tailrace STH,2,G727919A5,2026-04-26 19:08:21,2026-04-28 15:47:00,Priest BRZ,1,2026-05-05 07:01:54
Rock Island Tailrace STH,2,G727919A5,2026-04-26 19:08:21,2026-04-28 15:47:00,Lower Ringold,1,2026-05-05 23:32:11
Rock Island Tailrace STH,2,G727919A5,2026-04-26 19:08:21,2026-04-28 15:47:00,Hanford,1,2026-05-06 02:00:44
Rock Island Tailrace STH,2,G7279B1C8,2026-04-25 19:31:45,2026-04-27 15:43:00,Crescent Bar,1,2026-04-28 00:33:40
Rock Island Tailrace STH,2,G7279B1C8,2026-04-25 19:31:45,2026-04-27 15:43:00,Sunland,1,2026-04-28 10:32:42
Rock Island Tailrace STH,2,G7279B1C8,2026-04-25 19:31:45,2026-04-27 15:43:00,Wanapum BRZ,1,2026-05-01 05:07:19
Rock Island Tailrace STH,2,G7279B1C8,2026-04-25 19:31:45,2026-04-27 15:43:00,Mattawa,1,2026-05-01 08:53:45
Rock Island Tailrace STH,2,G7279B1C8,2026-04-25 19:31:45,2026-04-27 15:43:00,Priest BRZ,1,2026-05-04 11:48:20
Rock Island Tailrace STH,2,G7279B1C8,2026-04-25 19:31:45,2026-04-27 15:43:00,Lower Ringold,1,2026-05-06 11:23:26
Rock Island Tailrace STH,2,G7279B1C8,2026-04-25 19:31:45,2026-04-27 15:43:00,Hanford,1,2026-05-06 14:11:03
Rock Island Tailrace STH,2,G727B46AE,2026-04-25 19:42:31,2026-04-27 15:43:00,Crescent Bar,1,2026-04-28 02:48:58
Rock Island Tailrace STH,2,G727B46AE,2026-04-25 19:42:31,2026-04-27 15:43:00,Sunland,1,2026-04-28 14:34:25
Rock Island Tailrace STH,2,G727B46AE,2026-04-25 19:42:31,2026-04-27 15:43:00,Wanapum BRZ,1,2026-04-29 17:42:27
Rock Island Tailrace STH,2,G727B46AE,2026-04-25 19:42:31,2026-04-27 15:43:00,Mattawa,1,2026-04-30 12:23:11
Rock Island Tailrace STH,2,G727B46AE,2026-04-25 19:42:31,2026-04-27 15:43:00,Priest BRZ,1,2026-05-02 06:42:11
Rock Island Tailrace STH,2,G727B46AE,2026-04-25 19:42:31,2026-04-27 15:43:00,Lower Ringold,1,2026-05-03 05:01:20
Rock Island Tailrace STH,2,G727B46AE,2026-04-25 19:42:31,2026-04-27 15:43:00,Hanford,1,2026-05-03 07:52:13
Rock Island Tailrace STH,3,G72804614,2026-04-25 19:26:36,2026-04-27 15:43:00,Crescent Bar,1,2026-04-27 21:48:40
Rock Island Tailrace STH,3,G72804614,2026-04-25 19:26:36,2026-04-27 15:43:00,Sunland,1,2026-04-28 12:54:26
Rock Island Tailrace STH,3,G72804614,2026-04-25 19:26:36,2026-04-27 15:43:00,Wanapum BRZ,1,2026-05-01 05:50:49
Rock Island Tailrace STH,3,G72804614,2026-04-25 19:26:36,2026-04-27 15:43:00,Mattawa,0,
Rock Island Tailrace STH,3,G72804614,2026-04-25 19:26:36,2026-04-27 15:43:00,Priest BRZ,0,
Rock Island Tailrace STH,3,G72804614,2026-04-25 19:26:36,2026-04-27 15:43:00,Lower Ringold,0,
Rock Island Tailrace STH,3,G72804614,2026-04-25 19:26:36,2026-04-27 15:43:00,Hanford,0,
Rock Island Tailrace STH,3,G7280E559,2026-04-27 20:52:13,2026-04-29 15:28:00,Crescent Bar,1,2026-04-29 22:12:45
Rock Island Tailrace STH,3,G7280E559,2026-04-27 20:52:13,2026-04-29 15:28:00,Sunland,1,2026-04-30 07:53:02
Rock Island Tailrace STH,3,G7280E559,2026-04-27 20:52:13,2026-04-29 15:28:00,Wanapum BRZ,1,2026-05-02 07:14:32
Rock Island Tailrace STH,3,G7280E559,2026-04-27 20:52:13,2026-04-29 15:28:00,Mattawa,1,2026-05-02 09:31:44
Rock Island Tailrace STH,3,G7280E559,2026-04-27 20:52:13,2026-04-29 15:28:00,Priest BRZ,1,2026-05-04 06:32:52
Rock Island Tailrace STH,3,G7280E559,2026-04-27 20:52:13,2026-04-29 15:28:00,Lower Ringold,0,
Rock Island Tailrace STH,3,G7280E559,2026-04-27 20:52:13,2026-04-29 15:28:00,Hanford,0,
Rock Island Tailrace STH,2,G72814CAE,2026-04-26 19:11:54,2026-04-28 15:47:00,Crescent Bar,1,2026-04-28 22:09:38
Rock Island Tailrace STH,2,G72814CAE,2026-04-26 19:11:54,2026-04-28 15:47:00,Sunland,1,2026-04-29 11:03:09
Rock Island Tailrace STH,2,G72814CAE,2026-04-26 19:11:54,2026-04-28 15:47:00,Wanapum BRZ,1,2026-05-02 04:59:41
Rock Island Tailrace STH,2,G72814CAE,2026-04-26 19:11:54,2026-04-28 15:47:00,Mattawa,1,2026-05-02 19:33:00
Rock Island Tailrace STH,2,G72814CAE,2026-04-26 19:11:54,2026-04-28 15:47:00,Priest BRZ,1,2026-05-03 03:58:27
Rock Island Tailrace STH,2,G72814CAE,2026-04-26 19:11:54,2026-04-28 15:47:00,Lower Ringold,0,
Rock Island Tailrace STH,2,G72814CAE,2026-04-26 19:11:54,2026-04-28 15:47:00,Hanford,0,
Rock Island Tailrace STH,2,G72815BB0,2026-05-02 18:33:07,2026-05-04 15:47:00,Crescent Bar,1,2026-05-05 00:32:08
Rock Island Tailrace STH,2,G72815BB0,2026-05-02 18:33:07,2026-05-04 15:47:00,Sunland,1,2026-05-05 10:17:28
Rock Island Tailrace STH,2,G72815BB0,2026-05-02 18:33:07,2026-05-04 15:47:00,Wanapum BRZ,1,2026-05-06 17:31:41
Rock Island Tailrace STH,2,G72815BB0,2026-05-02 18:33:07,2026-05-04 15:47:00,Mattawa,1,2026-05-06 20:36:10
Rock Island Tailrace STH,2,G72815BB0,2026-05-02 18:33:07,2026-05-04 15:47:00,Priest BRZ,1,2026-05-07 03:42:26
Rock Island Tailrace STH,2,G72815BB0,2026-05-02 18:33:07,2026-05-04 15:47:00,Lower Ringold,1,2026-05-07 15:38:27
Rock Island Tailrace STH,2,G72815BB0,2026-05-02 18:33:07,2026-05-04 15:47:00,Hanford,1,2026-05-07 19:13:27
Rock Island Tailrace STH,1,G72849FE4,2026-05-02 18:27:09,2026-05-04 15:47:00,Crescent Bar,1,2026-05-04 21:47:25
Rock Island Tailrace STH,1,G72849FE4,2026-05-02 18:27:09,2026-05-04 15:47:00,Sunland,1,2026-05-05 06:11:54
Rock Island Tailrace STH,1,G72849FE4,2026-05-02 18:27:09,2026-05-04 15:47:00,Wanapum BRZ,1,2026-05-06 00:19:42
Rock Island Tailrace STH,1,G72849FE4,2026-05-02 18:27:09,2026-05-04 15:47:00,Mattawa,1,2026-05-06 12:00:35
Rock Island Tailrace STH,1,G72849FE4,2026-05-02 18:27:09,2026-05-04 15:47:00,Priest BRZ,1,2026-05-07 07:14:32
Rock Island Tailrace STH,1,G72849FE4,2026-05-02 18:27:09,2026-05-04 15:47:00,Lower Ringold,1,2026-05-08 10:29:39
Rock Island Tailrace STH,1,G72849FE4,2026-05-02 18:27:09,2026-05-04 15:47:00,Hanford,1,2026-05-08 13:37:16
Rock Island Tailrace STH,1,G7285D29B,2026-05-01 17:54:26,2026-05-03 15:52:00,Crescent Bar,1,2026-05-04 02:40:50
Rock Island Tailrace STH,1,G7285D29B,2026-05-01 17:54:26,2026-05-03 15:52:00,Sunland,1,2026-05-04 16:08:39
Rock Island Tailrace STH,1,G7285D29B,2026-05-01 17:54:26,2026-05-03 15:52:00,Wanapum BRZ,1,2026-05-05 13:47:57
Rock Island Tailrace STH,1,G7285D29B,2026-05-01 17:54:26,2026-05-03 15:52:00,Mattawa,1,2026-05-05 19:08:40
Rock Island Tailrace STH,1,G7285D29B,2026-05-01 17:54:26,2026-05-03 15:52:00,Priest BRZ,1,2026-05-06 05:19:40
Rock Island Tailrace STH,1,G7285D29B,2026-05-01 17:54:26,2026-05-03 15:52:00,Lower Ringold,1,2026-05-06 15:46:22
Rock Island Tailrace STH,1,G7285D29B,2026-05-01 17:54:26,2026-05-03 15:52:00,Hanford,1,2026-05-06 19:27:13
Rock Island Tailrace STH,3,G7286531C,2026-05-02 18:41:11,2026-05-04 15:47:00,Crescent Bar,1,2026-05-05 02:51:03
Rock Island Tailrace STH,3,G7286531C,2026-05-02 18:41:11,2026-05-04 15:47:00,Sunland,1,2026-05-05 11:01:26
Rock Island Tailrace STH,3,G7286531C,2026-05-02 18:41:11,2026-05-04 15:47:00,Wanapum BRZ,1,2026-05-06 19:27:33
Rock Island Tailrace STH,3,G7286531C,2026-05-02 18:41:11,2026-05-04 15:47:00,Mattawa,1,2026-05-07 10:45:43
Rock Island Tailrace STH,3,G7286531C,2026-05-02 18:41:11,2026-05-04 15:47:00,Priest BRZ,1,2026-05-07 19:16:38
Rock Island Tailrace STH,3,G7286531C,2026-05-02 18:41:11,2026-05-04 15:47:00,Lower Ringold,1,2026-05-08 15:58:12
Rock Island Tailrace STH,3,G7286531C,2026-05-02 18:41:11,2026-05-04 15:47:00,Hanford,1,2026-05-08 18:54:47
Rock Island Tailrace STH,3,G728684C8,2026-04-27 21:04:06,2026-04-29 15:28:00,Crescent Bar,1,2026-04-29 20:25:12
Rock Island Tailrace STH,3,G728684C8,2026-04-27 21:04:06,2026-04-29 15:28:00,Sunland,1,2026-04-30 06:20:33
Rock Island Tailrace STH,3,G728684C8,2026-04-27 21:04:06,2026-04-29 15:28:00,Wanapum BRZ,1,2026-05-02 07:47:38
Rock Island Tailrace STH,3,G728684C8,2026-04-27 21:04:06,2026-04-29 15:28:00,Mattawa,1,2026-05-02 10:34:47
Rock Island Tailrace STH,3,G728684C8,2026-04-27 21:04:06,2026-04-29 15:28:00,Priest BRZ,1,2026-05-03 13:45:30
Rock Island Tailrace STH,3,G728684C8,2026-04-27 21:04:06,2026-04-29 15:28:00,Lower Ringold,1,2026-05-05 16:12:05
Rock Island Tailrace STH,3,G728684C8,2026-04-27 21:04:06,2026-04-29 15:28:00,Hanford,1,2026-05-05 19:38:07
Rock Island Tailrace STH,3,G72872ABC,2026-04-29 17:10:11,2026-05-01 15:43:00,Crescent Bar,1,2026-05-01 20:14:26
Rock Island Tailrace STH,3,G72872ABC,2026-04-29 17:10:11,2026-05-01 15:43:00,Sunland,1,2026-05-02 04:09:29
Rock Island Tailrace STH,3,G72872ABC,2026-04-29 17:10:11,2026-05-01 15:43:00,Wanapum BRZ,1,2026-05-03 01:24:55
Rock Island Tailrace STH,3,G72872ABC,2026-04-29 17:10:11,2026-05-01 15:43:00,Mattawa,1,2026-05-04 23:27:52
Rock Island Tailrace STH,3,G72872ABC,2026-04-29 17:10:11,2026-05-01 15:43:00,Priest BRZ,1,2026-05-05 12:19:46
Rock Island Tailrace STH,3,G72872ABC,2026-04-29 17:10:11,2026-05-01 15:43:00,Lower Ringold,1,2026-05-06 16:35:02
Rock Island Tailrace STH,3,G72872ABC,2026-04-29 17:10:11,2026-05-01 15:43:00,Hanford,1,2026-05-06 18:52:35
Rock Island Tailrace STH,3,G72876E9B,2026-04-26 19:25:58,2026-04-28 15:47:00,Crescent Bar,1,2026-04-29 00:46:35
Rock Island Tailrace STH,3,G72876E9B,2026-04-26 19:25:58,2026-04-28 15:47:00,Sunland,1,2026-04-29 13:07:15
Rock Island Tailrace STH,3,G72876E9B,2026-04-26 19:25:58,2026-04-28 15:47:00,Wanapum BRZ,0,
Rock Island Tailrace STH,3,G72876E9B,2026-04-26 19:25:58,2026-04-28 15:47:00,Mattawa,0,
Rock Island Tailrace STH,3,G72876E9B,2026-04-26 19:25:58,2026-04-28 15:47:00,Priest BRZ,0,
Rock Island Tailrace STH,3,G72876E9B,2026-04-26 19:25:58,2026-04-28 15:47:00,Lower Ringold,0,
Rock Island Tailrace STH,3,G72876E9B,2026-04-26 19:25:58,2026-04-28 15:47:00,Hanford,0,
Rock Island Tailrace STH,1,G72894F3A,2026-04-28 21:01:07,2026-04-30 15:42:00,Crescent Bar,1,2026-05-01 02:23:34
Rock Island Tailrace STH,1,G72894F3A,2026-04-28 21:01:07,2026-04-30 15:42:00,Sunland,1,2026-05-01 10:48:07
Rock Island Tailrace STH,1,G72894F3A,2026-04-28 21:01:07,2026-04-30 15:42:00,Wanapum BRZ,1,2026-05-04 00:38:31
Rock Island Tailrace STH,1,G72894F3A,2026-04-28 21:01:07,2026-04-30 15:42:00,Mattawa,1,2026-05-04 03:08:46
Rock Island Tailrace STH,1,G72894F3A,2026-04-28 21:01:07,2026-04-30 15:42:00,Priest BRZ,1,2026-05-05 08:18:53
Rock Island Tailrace STH,1,G72894F3A,2026-04-28 21:01:07,2026-04-30 15:42:00,Lower Ringold,1,2026-05-05 22:16:04
Rock Island Tailrace STH,1,G72894F3A,2026-04-28 21:01:07,2026-04-30 15:42:00,Hanford,1,2026-05-06 00:34:58
Rock Island Tailrace STH,1,G72895765,2026-04-28 21:00:33,2026-04-30 15:42:00,Crescent Bar,1,2026-05-01 01:29:18
Rock Island Tailrace STH,1,G72895765,2026-04-28 21:00:33,2026-04-30 15:42:00,Sunland,1,2026-05-01 15:54:18
Rock Island Tailrace STH,1,G72895765,2026-04-28 21:00:33,2026-04-30 15:42:00,Wanapum BRZ,1,2026-05-02 11:08:16
Rock Island Tailrace STH,1,G72895765,2026-04-28 21:00:33,2026-04-30 15:42:00,Mattawa,1,2026-05-03 00:26:53
Rock Island Tailrace STH,1,G72895765,2026-04-28 21:00:33,2026-04-30 15:42:00,Priest BRZ,1,2026-05-03 07:47:01
Rock Island Tailrace STH,1,G72895765,2026-04-28 21:00:33,2026-04-30 15:42:00,Lower Ringold,1,2026-05-03 18:36:31
Rock Island Tailrace STH,1,G72895765,2026-04-28 21:00:33,2026-04-30 15:42:00,Hanford,1,2026-05-03 21:23:50
Rock Island Tailrace STH,3,G728A68CF,2026-05-01 17:53:49,2026-05-03 15:52:00,Crescent Bar,1,2026-05-04 02:17:16
Rock Island Tailrace STH,3,G728A68CF,2026-05-01 17:53:49,2026-05-03 15:52:00,Sunland,1,2026-05-04 11:51:28
Rock Island Tailrace STH,3,G728A68CF,2026-05-01 17:53:49,2026-05-03 15:52:00,Wanapum BRZ,1,2026-05-05 15:38:18
Rock Island Tailrace STH,3,G728A68CF,2026-05-01 17:53:49,2026-05-03 15:52:00,Mattawa,1,2026-05-05 19:30:46
Rock Island Tailrace STH,3,G728A68CF,2026-05-01 17:53:49,2026-05-03 15:52:00,Priest BRZ,1,2026-05-06 06:39:09
Rock Island Tailrace STH,3,G728A68CF,2026-05-01 17:53:49,2026-05-03 15:52:00,Lower Ringold,1,2026-05-06 18:10:44
Rock Island Tailrace STH,3,G728A68CF,2026-05-01 17:53:49,2026-05-03 15:52:00,Hanford,1,2026-05-07 05:25:03
Rock Island Tailrace STH,3,G728AA95B,2026-05-02 18:22:33,2026-05-04 15:47:00,Crescent Bar,1,2026-05-05 07:54:19
Rock Island Tailrace STH,3,G728AA95B,2026-05-02 18:22:33,2026-05-04 15:47:00,Sunland,1,2026-05-05 17:07:26
Rock Island Tailrace STH,3,G728AA95B,2026-05-02 18:22:33,2026-05-04 15:47:00,Wanapum BRZ,0,
Rock Island Tailrace STH,3,G728AA95B,2026-05-02 18:22:33,2026-05-04 15:47:00,Mattawa,0,
Rock Island Tailrace STH,3,G728AA95B,2026-05-02 18:22:33,2026-05-04 15:47:00,Priest BRZ,0,
Rock Island Tailrace STH,3,G728AA95B,2026-05-02 18:22:33,2026-05-04 15:47:00,Lower Ringold,0,
Rock Island Tailrace STH,3,G728AA95B,2026-05-02 18:22:33,2026-05-04 15:47:00,Hanford,0,
Rock Island Tailrace STH,1,G728BBAE0,2026-05-02 18:28:50,2026-05-04 15:47:00,Crescent Bar,1,2026-05-04 23:04:11
Rock Island Tailrace STH,1,G728BBAE0,2026-05-02 18:28:50,2026-05-04 15:47:00,Sunland,1,2026-05-05 08:03:51
Rock Island Tailrace STH,1,G728BBAE0,2026-05-02 18:28:50,2026-05-04 15:47:00,Wanapum BRZ,0,
Rock Island Tailrace STH,1,G728BBAE0,2026-05-02 18:28:50,2026-05-04 15:47:00,Mattawa,0,
Rock Island Tailrace STH,1,G728BBAE0,2026-05-02 18:28:50,2026-05-04 15:47:00,Priest BRZ,0,
Rock Island Tailrace STH,1,G728BBAE0,2026-05-02 18:28:50,2026-05-04 15:47:00,Lower Ringold,0,
Rock Island Tailrace STH,1,G728BBAE0,2026-05-02 18:28:50,2026-05-04 15:47:00,Hanford,0,
Rock Island Tailrace STH,2,G728C579A,2026-04-30 17:27:59,2026-05-02 16:02:00,Crescent Bar,1,2026-05-02 21:37:57
Rock Island Tailrace STH,2,G728C579A,2026-04-30 17:27:59,2026-05-02 16:02:00,Sunland,1,2026-05-03 09:05:03
Rock Island Tailrace STH,2,G728C579A,2026-04-30 17:27:59,2026-05-02 16:02:00,Wanapum BRZ,1,2026-05-04 15:11:03
Rock Island Tailrace STH,2,G728C579A,2026-04-30 17:27:59,2026-05-02 16:02:00,Mattawa,1,2026-05-04 22:31:03
Rock Island Tailrace STH,2,G728C579A,2026-04-30 17:27:59,2026-05-02 16:02:00,Priest BRZ,1,2026-05-05 06:59:06
Rock Island Tailrace STH,2,G728C579A,2026-04-30 17:27:59,2026-05-02 16:02:00,Lower Ringold,0,
Rock Island Tailrace STH,2,G728C579A,2026-04-30 17:27:59,2026-05-02 16:02:00,Hanford,0,
Rock Island Tailrace STH,1,G728CA9F1,2026-04-29 17:27:35,2026-05-01 15:43:00,Crescent Bar,1,2026-05-02 03:40:37
Rock Island Tailrace STH,1,G728CA9F1,2026-04-29 17:27:35,2026-05-01 15:43:00,Sunland,1,2026-05-02 18:59:56
Rock Island Tailrace STH,1,G728CA9F1,2026-04-29 17:27:35,2026-05-01 15:43:00,Wanapum BRZ,1,2026-05-04 05:49:41
Rock Island Tailrace STH,1,G728CA9F1,2026-04-29 17:27:35,2026-05-01 15:43:00,Mattawa,1,2026-05-04 08:59:20
Rock Island Tailrace STH,1,G728CA9F1,2026-04-29 17:27:35,2026-05-01 15:43:00,Priest BRZ,1,2026-05-05 04:48:02
Rock Island Tailrace STH,1,G728CA9F1,2026-04-29 17:27:35,2026-05-01 15:43:00,Lower Ringold,1,2026-05-06 17:38:09
Rock Island Tailrace STH,1,G728CA9F1,2026-04-29 17:27:35,2026-05-01 15:43:00,Hanford,1,2026-05-06 22:40:20
Rock Island Tailrace STH,2,G728CB491,2026-04-28 20:22:59,2026-04-30 15:42:00,Crescent Bar,1,2026-04-30 21:02:23
Rock Island Tailrace STH,2,G728CB491,2026-04-28 20:22:59,2026-04-30 15:42:00,Sunland,1,2026-05-01 08:00:13
Rock Island Tailrace STH,2,G728CB491,2026-04-28 20:22:59,2026-04-30 15:42:00,Wanapum BRZ,0,
Rock Island Tailrace STH,2,G728CB491,2026-04-28 20:22:59,2026-04-30 15:42:00,Mattawa,0,
Rock Island Tailrace STH,2,G728CB491,2026-04-28 20:22:59,2026-04-30 15:42:00,Priest BRZ,0,
Rock Island Tailrace STH,2,G728CB491,2026-04-28 20:22:59,2026-04-30 15:42:00,Lower Ringold,0,
Rock Island Tailrace STH,2,G728CB491,2026-04-28 20:22:59,2026-04-30 15:42:00,Hanford,0,
Rock Island Tailrace STH,3,G728D099A,2026-04-27 20:55:05,2026-04-29 15:28:00,Crescent Bar,1,2026-04-29 22:59:09
Rock Island Tailrace STH,3,G728D099A,2026-04-27 20:55:05,2026-04-29 15:28:00,Sunland,1,2026-04-30 09:38:00
Rock Island Tailrace STH,3,G728D099A,2026-04-27 20:55:05,2026-04-29 15:28:00,Wanapum BRZ,1,2026-05-01 21:29:47
Rock Island Tailrace STH,3,G728D099A,2026-04-27 20:55:05,2026-04-29 15:28:00,Mattawa,1,2026-05-03 19:10:37
Rock Island Tailrace STH,3,G728D099A,2026-04-27 20:55:05,2026-04-29 15:28:00,Priest BRZ,1,2026-05-04 08:47:38
Rock Island Tailrace STH,3,G728D099A,2026-04-27 20:55:05,2026-04-29 15:28:00,Lower Ringold,1,2026-05-04 21:37:46
Rock Island Tailrace STH,3,G728D099A,2026-04-27 20:55:05,2026-04-29 15:28:00,Hanford,1,2026-05-05 00:59:46
Rock Island Tailrace STH,3,G728D3C1B,2026-04-28 20:22:04,2026-04-30 15:42:00,Crescent Bar,1,2026-04-30 21:31:51
Rock Island Tailrace STH,3,G728D3C1B,2026-04-28 20:22:04,2026-04-30 15:42:00,Sunland,1,2026-05-01 12:19:55
Rock Island Tailrace STH,3,G728D3C1B,2026-04-28 20:22:04,2026-04-30 15:42:00,Wanapum BRZ,1,2026-05-02 23:26:35
Rock Island Tailrace STH,3,G728D3C1B,2026-04-28 20:22:04,2026-04-30 15:42:00,Mattawa,1,2026-05-03 02:18:15
Rock Island Tailrace STH,3,G728D3C1B,2026-04-28 20:22:04,2026-04-30 15:42:00,Priest BRZ,1,2026-05-03 19:07:49
Rock Island Tailrace STH,3,G728D3C1B,2026-04-28 20:22:04,2026-04-30 15:42:00,Lower Ringold,1,2026-05-04 08:50:01
Rock Island Tailrace STH,3,G728D3C1B,2026-04-28 20:22:04,2026-04-30 15:42:00,Hanford,1,2026-05-04 11:50:19
Rock Island Tailrace STH,3,G728DDB71,2026-04-28 20:24:20,2026-04-30 15:42:00,Crescent Bar,1,2026-05-01 07:52:23
Rock Island Tailrace STH,3,G728DDB71,2026-04-28 20:24:20,2026-04-30 15:42:00,Sunland,1,2026-05-01 22:06:03
Rock Island Tailrace STH,3,G728DDB71,2026-04-28 20:24:20,2026-04-30 15:42:00,Wanapum BRZ,1,2026-05-03 11:29:38
Rock Island Tailrace STH,3,G728DDB71,2026-04-28 20:24:20,2026-04-30 15:42:00,Mattawa,1,2026-05-04 07:53:57
Rock Island Tailrace STH,3,G728DDB71,2026-04-28 20:24:20,2026-04-30 15:42:00,Priest BRZ,1,2026-05-04 14:49:03
Rock Island Tailrace STH,3,G728DDB71,2026-04-28 20:24:20,2026-04-30 15:42:00,Lower Ringold,1,2026-05-11 08:51:41
Rock Island Tailrace STH,3,G728DDB71,2026-04-28 20:24:20,2026-04-30 15:42:00,Hanford,1,2026-05-11 12:00:56
Rock Island Tailrace STH,3,G728E7937,2026-04-27 21:14:02,2026-04-29 15:28:00,Crescent Bar,1,2026-04-29 22:21:51
Rock Island Tailrace STH,3,G728E7937,2026-04-27 21:14:02,2026-04-29 15:28:00,Sunland,1,2026-04-30 09:35:52
Rock Island Tailrace STH,3,G728E7937,2026-04-27 21:14:02,2026-04-29 15:28:00,Wanapum BRZ,1,2026-05-02 09:23:04
Rock Island Tailrace STH,3,G728E7937,2026-04-27 21:14:02,2026-04-29 15:28:00,Mattawa,1,2026-05-03 00:34:46
Rock Island Tailrace STH,3,G728E7937,2026-04-27 21:14:02,2026-04-29 15:28:00,Priest BRZ,1,2026-05-03 18:36:50
Rock Island Tailrace STH,3,G728E7937,2026-04-27 21:14:02,2026-04-29 15:28:00,Lower Ringold,1,2026-05-06 15:51:01
Rock Island Tailrace STH,3,G728E7937,2026-04-27 21:14:02,2026-04-29 15:28:00,Hanford,1,2026-05-06 18:49:00
Rock Island Tailrace STH,3,G728EDE1B,2026-04-29 17:11:49,2026-05-01 15:43:00,Crescent Bar,1,2026-05-03 09:02:43
Rock Island Tailrace STH,3,G728EDE1B,2026-04-29 17:11:49,2026-05-01 15:43:00,Sunland,1,2026-05-03 19:52:34
Rock Island Tailrace STH,3,G728EDE1B,2026-04-29 17:11:49,2026-05-01 15:43:00,Wanapum BRZ,1,2026-05-04 19:00:05
Rock Island Tailrace STH,3,G728EDE1B,2026-04-29 17:11:49,2026-05-01 15:43:00,Mattawa,1,2026-05-05 05:54:33
Rock Island Tailrace STH,3,G728EDE1B,2026-04-29 17:11:49,2026-05-01 15:43:00,Priest BRZ,1,2026-05-06 06:03:42
Rock Island Tailrace STH,3,G728EDE1B,2026-04-29 17:11:49,2026-05-01 15:43:00,Lower Ringold,1,2026-05-07 00:23:38
Rock Island Tailrace STH,3,G728EDE1B,2026-04-29 17:11:49,2026-05-01 15:43:00,Hanford,1,2026-05-07 03:29:53
Rock Island Tailrace STH,2,G728F78AD,2026-04-29 17:09:47,2026-05-01 15:43:00,Crescent Bar,1,2026-05-01 23:42:19
Rock Island Tailrace STH,2,G728F78AD,2026-04-29 17:09:47,2026-05-01 15:43:00,Sunland,1,2026-05-02 13:52:24
Rock Island Tailrace STH,2,G728F78AD,2026-04-29 17:09:47,2026-05-01 15:43:00,Wanapum BRZ,1,2026-05-04 13:52:13
Rock Island Tailrace STH,2,G728F78AD,2026-04-29 17:09:47,2026-05-01 15:43:00,Mattawa,1,2026-05-04 22:52:34
Rock Island Tailrace STH,2,G728F78AD,2026-04-29 17:09:47,2026-05-01 15:43:00,Priest BRZ,1,2026-05-05 22:30:44
Rock Island Tailrace STH,2,G728F78AD,2026-04-29 17:09:47,2026-05-01 15:43:00,Lower Ringold,1,2026-05-06 16:01:50
Rock Island Tailrace STH,2,G728F78AD,2026-04-29 17:09:47,2026-05-01 15:43:00,Hanford,1,2026-05-06 19:11:57
Rock Island Tailrace STH,1,G7290B9CD,2026-04-30 17:47:41,2026-05-02 16:02:00,Crescent Bar,1,2026-05-03 05:08:41
Rock Island Tailrace STH,1,G7290B9CD,2026-04-30 17:47:41,2026-05-02 16:02:00,Sunland,1,2026-05-03 14:53:19
Rock Island Tailrace STH,1,G7290B9CD,2026-04-30 17:47:41,2026-05-02 16:02:00,Wanapum BRZ,0,
Rock Island Tailrace STH,1,G7290B9CD,2026-04-30 17:47:41,2026-05-02 16:02:00,Mattawa,0,
Rock Island Tailrace STH,1,G7290B9CD,2026-04-30 17:47:41,2026-05-02 16:02:00,Priest BRZ,0,
Rock Island Tailrace STH,1,G7290B9CD,2026-04-30 17:47:41,2026-05-02 16:02:00,Lower Ringold,0,
Rock Island Tailrace STH,1,G7290B9CD,2026-04-30 17:47:41,2026-05-02 16:02:00,Hanford,0,
Rock Island Tailrace STH,3,G729118F8,2026-04-26 19:01:13,2026-04-28 15:47:00,Crescent Bar,1,2026-04-29 01:48:40
Rock Island Tailrace STH,3,G729118F8,2026-04-26 19:01:13,2026-04-28 15:47:00,Sunland,1,2026-04-29 12:53:07
Rock Island Tailrace STH,3,G729118F8,2026-04-26 19:01:13,2026-04-28 15:47:00,Wanapum BRZ,1,2026-05-02 02:17:23
Rock Island Tailrace STH,3,G729118F8,2026-04-26 19:01:13,2026-04-28 15:47:00,Mattawa,1,2026-05-03 10:28:26
Rock Island Tailrace STH,3,G729118F8,2026-04-26 19:01:13,2026-04-28 15:47:00,Priest BRZ,1,2026-05-05 09:05:55
Rock Island Tailrace STH,3,G729118F8,2026-04-26 19:01:13,2026-04-28 15:47:00,Lower Ringold,1,2026-05-05 21:47:33
Rock Island Tailrace STH,3,G729118F8,2026-04-26 19:01:13,2026-04-28 15:47:00,Hanford,1,2026-05-05 23:59:49
Rock Island Tailrace STH,1,G7292062F,2026-04-30 17:35:40,2026-05-02 16:02:00,Crescent Bar,1,2026-05-02 21:17:27
Rock Island Tailrace STH,1,G7292062F,2026-04-30 17:35:40,2026-05-02 16:02:00,Sunland,1,2026-05-03 08:33:35
Rock Island Tailrace STH,1,G7292062F,2026-04-30 17:35:40,2026-05-02 16:02:00,Wanapum BRZ,1,2026-05-05 15:34:43
Rock Island Tailrace STH,1,G7292062F,2026-04-30 17:35:40,2026-05-02 16:02:00,Mattawa,1,2026-05-05 17:51:55
Rock Island Tailrace STH,1,G7292062F,2026-04-30 17:35:40,2026-05-02 16:02:00,Priest BRZ,1,2026-05-05 22:56:25
Rock Island Tailrace STH,1,G7292062F,2026-04-30 17:35:40,2026-05-02 16:02:00,Lower Ringold,1,2026-05-06 10:48:08
Rock Island Tailrace STH,1,G7292062F,2026-04-30 17:35:40,2026-05-02 16:02:00,Hanford,1,2026-05-06 13:39:27
Rock Island Tailrace STH,1,G7292A43C,2026-04-25 19:30:54,2026-04-27 15:43:00,Crescent Bar,1,2026-04-27 21:23:50
Rock Island Tailrace STH,1,G7292A43C,2026-04-25 19:30:54,2026-04-27 15:43:00,Sunland,1,2026-04-28 08:10:43
Rock Island Tailrace STH,1,G7292A43C,2026-04-25 19:30:54,2026-04-27 15:43:00,Wanapum BRZ,1,2026-04-30 00:13:08
Rock Island Tailrace STH,1,G7292A43C,2026-04-25 19:30:54,2026-04-27 15:43:00,Mattawa,1,2026-04-30 07:35:03
Rock Island Tailrace STH,1,G7292A43C,2026-04-25 19:30:54,2026-04-27 15:43:00,Priest BRZ,1,2026-05-01 04:16:26
Rock Island Tailrace STH,1,G7292A43C,2026-04-25 19:30:54,2026-04-27 15:43:00,Lower Ringold,1,2026-05-01 16:41:30
Rock Island Tailrace STH,1,G7292A43C,2026-04-25 19:30:54,2026-04-27 15:43:00,Hanford,1,2026-05-02 03:05:46
Rock Island Tailrace STH,1,G72932989,2026-04-25 19:32:40,2026-04-27 15:43:00,Crescent Bar,1,2026-04-27 20:52:49
Rock Island Tailrace STH,1,G72932989,2026-04-25 19:32:40,2026-04-27 15:43:00,Sunland,1,2026-04-28 11:15:55
Rock Island Tailrace STH,1,G72932989,2026-04-25 19:32:40,2026-04-27 15:43:00,Wanapum BRZ,1,2026-04-29 13:41:55
Rock Island Tailrace STH,1,G72932989,2026-04-25 19:32:40,2026-04-27 15:43:00,Mattawa,1,2026-04-29 18:15:50
Rock Island Tailrace STH,1,G72932989,2026-04-25 19:32:40,2026-04-27 15:43:00,Priest BRZ,0,
Rock Island Tailrace STH,1,G72932989,2026-04-25 19:32:40,2026-04-27 15:43:00,Lower Ringold,0,
Rock Island Tailrace STH,1,G72932989,2026-04-25 19:32:40,2026-04-27 15:43:00,Hanford,0,
Rock Island Tailrace STH,1,G7294721C,2026-04-30 17:23:31,2026-05-02 16:02:00,Crescent Bar,1,2026-05-02 20:48:40
Rock Island Tailrace STH,1,G7294721C,2026-04-30 17:23:31,2026-05-02 16:02:00,Sunland,1,2026-05-03 07:30:47
Rock Island Tailrace STH,1,G7294721C,2026-04-30 17:23:31,2026-05-02 16:02:00,Wanapum BRZ,1,2026-05-04 07:01:13
Rock Island Tailrace STH,1,G7294721C,2026-04-30 17:23:31,2026-05-02 16:02:00,Mattawa,1,2026-05-04 19:27:38
Rock Island Tailrace STH,1,G7294721C,2026-04-30 17:23:31,2026-05-02 16:02:00,Priest BRZ,1,2026-05-05 10:10:35
Rock Island Tailrace STH,1,G7294721C,2026-04-30 17:23:31,2026-05-02 16:02:00,Lower Ringold,1,2026-05-10 19:20:20
Rock Island Tailrace STH,1,G7294721C,2026-04-30 17:23:31,2026-05-02 16:02:00,Hanford,1,2026-05-10 21:54:50
Rock Island Tailrace STH,1,G72953E3D,2026-05-02 18:37:09,2026-05-04 15:47:00,Crescent Bar,1,2026-05-05 05:54:58
Rock Island Tailrace STH,1,G72953E3D,2026-05-02 18:37:09,2026-05-04 15:47:00,Sunland,1,2026-05-05 19:35:03
Rock Island Tailrace STH,1,G72953E3D,2026-05-02 18:37:09,2026-05-04 15:47:00,Wanapum BRZ,1,2026-05-07 02:59:31
Rock Island Tailrace STH,1,G72953E3D,2026-05-02 18:37:09,2026-05-04 15:47:00,Mattawa,1,2026-05-07 06:32:17
Rock Island Tailrace STH,1,G72953E3D,2026-05-02 18:37:09,2026-05-04 15:47:00,Priest BRZ,0,
Rock Island Tailrace STH,1,G72953E3D,2026-05-02 18:37:09,2026-05-04 15:47:00,Lower Ringold,0,
Rock Island Tailrace STH,1,G72953E3D,2026-05-02 18:37:09,2026-05-04 15:47:00,Hanford,0,
Rock Island Tailrace STH,1,G72961896,2026-05-02 18:40:15,2026-05-04 15:47:00,Crescent Bar,1,2026-05-04 23:29:42
Rock Island Tailrace STH,1,G72961896,2026-05-02 18:40:15,2026-05-04 15:47:00,Sunland,1,2026-05-05 10:37:03
Rock Island Tailrace STH,1,G72961896,2026-05-02 18:40:15,2026-05-04 15:47:00,Wanapum BRZ,1,2026-05-06 18:58:12
Rock Island Tailrace STH,1,G72961896,2026-05-02 18:40:15,2026-05-04 15:47:00,Mattawa,1,2026-05-06 22:27:38
Rock Island Tailrace STH,1,G72961896,2026-05-02 18:40:15,2026-05-04 15:47:00,Priest BRZ,1,2026-05-07 11:41:18
Rock Island Tailrace STH,1,G72961896,2026-05-02 18:40:15,2026-05-04 15:47:00,Lower Ringold,1,2026-05-08 01:06:18
Rock Island Tailrace STH,1,G72961896,2026-05-02 18:40:15,2026-05-04 15:47:00,Hanford,1,2026-05-08 13:12:27
Rock Island Tailrace STH,3,G729850CE,2026-05-01 18:00:19,2026-05-03 15:52:00,Crescent Bar,1,2026-05-04 02:02:54
Rock Island Tailrace STH,3,G729850CE,2026-05-01 18:00:19,2026-05-03 15:52:00,Sunland,1,2026-05-04 11:13:17
Rock Island Tailrace STH,3,G729850CE,2026-05-01 18:00:19,2026-05-03 15:52:00,Wanapum BRZ,1,2026-05-05 06:40:47
Rock Island Tailrace STH,3,G729850CE,2026-05-01 18:00:19,2026-05-03 15:52:00,Mattawa,1,2026-05-05 12:10:28
Rock Island Tailrace STH,3,G729850CE,2026-05-01 18:00:19,2026-05-03 15:52:00,Priest BRZ,1,2026-05-06 06:52:53
Rock Island Tailrace STH,3,G729850CE,2026-05-01 18:00:19,2026-05-03 15:52:00,Lower Ringold,1,2026-05-07 00:03:34
Rock Island Tailrace STH,3,G729850CE,2026-05-01 18:00:19,2026-05-03 15:52:00,Hanford,1,2026-05-07 03:41:17
Rock Island Tailrace STH,1,G729A1CBA,2026-04-25 18:49:25,2026-04-27 15:43:00,Crescent Bar,1,2026-04-27 23:20:31
Rock Island Tailrace STH,1,G729A1CBA,2026-04-25 18:49:25,2026-04-27 15:43:00,Sunland,1,2026-04-28 12:51:02
Rock Island Tailrace STH,1,G729A1CBA,2026-04-25 18:49:25,2026-04-27 15:43:00,Wanapum BRZ,1,2026-05-01 03:04:43
Rock Island Tailrace STH,1,G729A1CBA,2026-04-25 18:49:25,2026-04-27 15:43:00,Mattawa,1,2026-05-01 14:49:26
Rock Island Tailrace STH,1,G729A1CBA,2026-04-25 18:49:25,2026-04-27 15:43:00,Priest BRZ,1,2026-05-01 19:58:32
Rock Island Tailrace STH,1,G729A1CBA,2026-04-25 18:49:25,2026-04-27 15:43:00,Lower Ringold,1,2026-05-02 08:44:02
Rock Island Tailrace STH,1,G729A1CBA,2026-04-25 18:49:25,2026-04-27 15:43:00,Hanford,1,2026-05-02 11:32:10
Rock Island Tailrace STH,1,G729A7A02,2026-05-02 18:21:08,2026-05-04 15:47:00,Crescent Bar,1,2026-05-04 23:31:23
Rock Island Tailrace STH,1,G729A7A02,2026-05-02 18:21:08,2026-05-04 15:47:00,Sunland,1,2026-05-05 08:26:55
Rock Island Tailrace STH,1,G729A7A02,2026-05-02 18:21:08,2026-05-04 15:47:00,Wanapum BRZ,1,2026-05-06 12:39:52
Rock Island Tailrace STH,1,G729A7A02,2026-05-02 18:21:08,2026-05-04 15:47:00,Mattawa,1,2026-05-07 08:43:48
Rock Island Tailrace STH,1,G729A7A02,2026-05-02 18:21:08,2026-05-04 15:47:00,Priest BRZ,1,2026-05-08 00:55:24
Rock Island Tailrace STH,1,G729A7A02,2026-05-02 18:21:08,2026-05-04 15:47:00,Lower Ringold,1,2026-05-08 19:39:33
Rock Island Tailrace STH,1,G729A7A02,2026-05-02 18:21:08,2026-05-04 15:47:00,Hanford,1,2026-05-08 23:26:23
Rock Island Tailrace STH,3,G729B8F8D,2026-04-29 17:22:37,2026-05-01 15:43:00,Crescent Bar,1,2026-05-02 00:24:31
Rock Island Tailrace STH,3,G729B8F8D,2026-04-29 17:22:37,2026-05-01 15:43:00,Sunland,1,2026-05-02 09:28:54
Rock Island Tailrace STH,3,G729B8F8D,2026-04-29 17:22:37,2026-05-01 15:43:00,Wanapum BRZ,1,2026-05-03 10:05:09
Rock Island Tailrace STH,3,G729B8F8D,2026-04-29 17:22:37,2026-05-01 15:43:00,Mattawa,0,
Rock Island Tailrace STH,3,G729B8F8D,2026-04-29 17:22:37,2026-05-01 15:43:00,Priest BRZ,0,
Rock Island Tailrace STH,3,G729B8F8D,2026-04-29 17:22:37,2026-05-01 15:43:00,Lower Ringold,0,
Rock Island Tailrace STH,3,G729B8F8D,2026-04-29 17:22:37,2026-05-01 15:43:00,Hanford,0,
Rock Island Tailrace STH,2,G729BD149,2026-05-02 18:41:44,2026-05-04 15:47:00,Crescent Bar,1,2026-05-05 02:02:40
Rock Island Tailrace STH,2,G729BD149,2026-05-02 18:41:44,2026-05-04 15:47:00,Sunland,1,2026-05-05 11:44:22
Rock Island Tailrace STH,2,G729BD149,2026-05-02 18:41:44,2026-05-04 15:47:00,Wanapum BRZ,1,2026-05-06 13:31:45
Rock Island Tailrace STH,2,G729BD149,2026-05-02 18:41:44,2026-05-04 15:47:00,Mattawa,1,2026-05-08 08:13:10
Rock Island Tailrace STH,2,G729BD149,2026-05-02 18:41:44,2026-05-04 15:47:00,Priest BRZ,1,2026-05-09 03:41:20
Rock Island Tailrace STH,2,G729BD149,2026-05-02 18:41:44,2026-05-04 15:47:00,Lower Ringold,1,2026-05-10 00:45:24
Rock Island Tailrace STH,2,G729BD149,2026-05-02 18:41:44,2026-05-04 15:47:00,Hanford,1,2026-05-10 03:35:51
Rock Island Tailrace STH,1,G729C31CE,2026-04-25 19:26:06,2026-04-27 15:43:00,Crescent Bar,1,2026-04-27 23:43:08
Rock Island Tailrace STH,1,G729C31CE,2026-04-25 19:26:06,2026-04-27 15:43:00,Sunland,1,2026-04-28 09:58:03
Rock Island Tailrace STH,1,G729C31CE,2026-04-25 19:26:06,2026-04-27 15:43:00,Wanapum BRZ,1,2026-04-29 12:59:38
Rock Island Tailrace STH,1,G729C31CE,2026-04-25 19:26:06,2026-04-27 15:43:00,Mattawa,1,2026-04-29 18:15:34
Rock Island Tailrace STH,1,G729C31CE,2026-04-25 19:26:06,2026-04-27 15:43:00,Priest BRZ,0,
Rock Island Tailrace STH,1,G729C31CE,2026-04-25 19:26:06,2026-04-27 15:43:00,Lower Ringold,0,
Rock Island Tailrace STH,1,G729C31CE,2026-04-25 19:26:06,2026-04-27 15:43:00,Hanford,0,
Rock Island Tailrace STH,1,G729C8860,2026-04-27 20:57:59,2026-04-29 15:28:00,Crescent Bar,1,2026-04-29 22:17:40
Rock Island Tailrace STH,1,G729C8860,2026-04-27 20:57:59,2026-04-29 15:28:00,Sunland,1,2026-04-30 06:45:51
Rock Island Tailrace STH,1,G729C8860,2026-04-27 20:57:59,2026-04-29 15:28:00,Wanapum BRZ,1,2026-05-01 11:42:19
Rock Island Tailrace STH,1,G729C8860,2026-04-27 20:57:59,2026-04-29 15:28:00,Mattawa,1,2026-05-01 15:19:57
Rock Island Tailrace STH,1,G729C8860,2026-04-27 20:57:59,2026-04-29 15:28:00,Priest BRZ,1,2026-05-02 05:00:33
Rock Island Tailrace STH,1,G729C8860,2026-04-27 20:57:59,2026-04-29 15:28:00,Lower Ringold,1,2026-05-02 15:24:21
Rock Island Tailrace STH,1,G729C8860,2026-04-27 20:57:59,2026-04-29 15:28:00,Hanford,1,2026-05-02 18:07:19
Rock Island Tailrace STH,2,G729CA5BE,2026-04-29 17:13:24,2026-05-01 15:43:00,Crescent Bar,1,2026-05-01 20:52:53
Rock Island Tailrace STH,2,G729CA5BE,2026-04-29 17:13:24,2026-05-01 15:43:00,Sunland,1,2026-05-02 04:02:11
Rock Island Tailrace STH,2,G729CA5BE,2026-04-29 17:13:24,2026-05-01 15:43:00,Wanapum BRZ,1,2026-05-03 19:04:00
Rock Island Tailrace STH,2,G729CA5BE,2026-04-29 17:13:24,2026-05-01 15:43:00,Mattawa,1,2026-05-06 06:33:50
Rock Island Tailrace STH,2,G729CA5BE,2026-04-29 17:13:24,2026-05-01 15:43:00,Priest BRZ,1,2026-05-06 18:07:54
Rock Island Tailrace STH,2,G729CA5BE,2026-04-29 17:13:24,2026-05-01 15:43:00,Lower Ringold,1,2026-05-07 13:01:42
Rock Island Tailrace STH,2,G729CA5BE,2026-04-29 17:13:24,2026-05-01 15:43:00,Hanford,1,2026-05-07 16:16:21
Rock Island Tailrace STH,1,G729D8559,2026-04-29 17:10:46,2026-05-01 15:43:00,Crescent Bar,1,2026-05-01 21:06:07
Rock Island Tailrace STH,1,G729D8559,2026-04-29 17:10:46,2026-05-01 15:43:00,Sunland,1,2026-05-02 06:39:06
Rock Island Tailrace STH,1,G729D8559,2026-04-29 17:10:46,2026-05-01 15:43:00,Wanapum BRZ,1,2026-05-04 11:00:15
Rock Island Tailrace STH,1,G729D8559,2026-04-29 17:10:46,2026-05-01 15:43:00,Mattawa,1,2026-05-04 17:02:58
Rock Island Tailrace STH,1,G729D8559,2026-04-29 17:10:46,2026-05-01 15:43:00,Priest BRZ,1,2026-05-05 05:58:35
Rock Island Tailrace STH,1,G729D8559,2026-04-29 17:10:46,2026-05-01 15:43:00,Lower Ringold,1,2026-05-05 18:36:13
Rock Island Tailrace STH,1,G729D8559,2026-04-29 17:10:46,2026-05-01 15:43:00,Hanford,1,2026-05-06 01:34:47
Rock Island Tailrace STH,1,G729E4965,2026-04-27 21:00:57,2026-04-29 15:28:00,Crescent Bar,1,2026-04-29 22:17:29
Rock Island Tailrace STH,1,G729E4965,2026-04-27 21:00:57,2026-04-29 15:28:00,Sunland,1,2026-04-30 07:12:38
Rock Island Tailrace STH,1,G729E4965,2026-04-27 21:00:57,2026-04-29 15:28:00,Wanapum BRZ,1,2026-05-02 17:05:33
Rock Island Tailrace STH,1,G729E4965,2026-04-27 21:00:57,2026-04-29 15:28:00,Mattawa,1,2026-05-03 17:44:27
Rock Island Tailrace STH,1,G729E4965,2026-04-27 21:00:57,2026-04-29 15:28:00,Priest BRZ,1,2026-05-04 07:03:41
Rock Island Tailrace STH,1,G729E4965,2026-04-27 21:00:57,2026-04-29 15:28:00,Lower Ringold,1,2026-05-07 08:20:26
Rock Island Tailrace STH,1,G729E4965,2026-04-27 21:00:57,2026-04-29 15:28:00,Hanford,1,2026-05-07 11:08:56
Rock Island Tailrace STH,3,G729F559F,2026-04-30 17:36:05,2026-05-02 16:02:00,Crescent Bar,1,2026-05-02 22:39:31
Rock Island Tailrace STH,3,G729F559F,2026-04-30 17:36:05,2026-05-02 16:02:00,Sunland,1,2026-05-03 07:00:59
Rock Island Tailrace STH,3,G729F559F,2026-04-30 17:36:05,2026-05-02 16:02:00,Wanapum BRZ,1,2026-05-04 11:42:00
Rock Island Tailrace STH,3,G729F559F,2026-04-30 17:36:05,2026-05-02 16:02:00,Mattawa,1,2026-05-05 12:02:27
Rock Island Tailrace STH,3,G729F559F,2026-04-30 17:36:05,2026-05-02 16:02:00,Priest BRZ,1,2026-05-06 00:47:53
Rock Island Tailrace STH,3,G729F559F,2026-04-30 17:36:05,2026-05-02 16:02:00,Lower Ringold,1,2026-05-06 23:33:32
Rock Island Tailrace STH,3,G729F559F,2026-04-30 17:36:05,2026-05-02 16:02:00,Hanford,1,2026-05-07 01:57:55
Rock Island Tailrace STH,3,G72A0C238,2026-04-26 19:05:03,2026-04-28 15:47:00,Crescent Bar,1,2026-04-29 04:22:16
Rock Island Tailrace STH,3,G72A0C238,2026-04-26 19:05:03,2026-04-28 15:47:00,Sunland,1,2026-04-29 16:06:23
Rock Island Tailrace STH,3,G72A0C238,2026-04-26 19:05:03,2026-04-28 15:47:00,Wanapum BRZ,1,2026-05-01 01:10:45
Rock Island Tailrace STH,3,G72A0C238,2026-04-26 19:05:03,2026-04-28 15:47:00,Mattawa,1,2026-05-01 14:19:48
Rock Island Tailrace STH,3,G72A0C238,2026-04-26 19:05:03,2026-04-28 15:47:00,Priest BRZ,1,2026-05-02 11:58:23
Rock Island Tailrace STH,3,G72A0C238,2026-04-26 19:05:03,2026-04-28 15:47:00,Lower Ringold,1,2026-05-03 03:45:33
Rock Island Tailrace STH,3,G72A0C238,2026-04-26 19:05:03,2026-04-28 15:47:00,Hanford,1,2026-05-03 06:51:23
Rock Island Tailrace STH,3,G72A17A0C,2026-04-27 21:00:27,2026-04-29 15:28:00,Crescent Bar,1,2026-04-29 19:37:48
Rock Island Tailrace STH,3,G72A17A0C,2026-04-27 21:00:27,2026-04-29 15:28:00,Sunland,1,2026-04-30 06:05:31
Rock Island Tailrace STH,3,G72A17A0C,2026-04-27 21:00:27,2026-04-29 15:28:00,Wanapum BRZ,1,2026-05-02 04:15:10
Rock Island Tailrace STH,3,G72A17A0C,2026-04-27 21:00:27,2026-04-29 15:28:00,Mattawa,1,2026-05-02 07:21:45
Rock Island Tailrace STH,3,G72A17A0C,2026-04-27 21:00:27,2026-04-29 15:28:00,Priest BRZ,1,2026-05-03 14:58:14
Rock Island Tailrace STH,3,G72A17A0C,2026-04-27 21:00:27,2026-04-29 15:28:00,Lower Ringold,1,2026-05-04 03:49:05
Rock Island Tailrace STH,3,G72A17A0C,2026-04-27 21:00:27,2026-04-29 15:28:00,Hanford,1,2026-05-04 13:03:41
Rock Island Tailrace STH,2,G72A2355E,2026-04-27 21:04:57,2026-04-29 15:28:00,Crescent Bar,1,2026-04-29 21:16:52
Rock Island Tailrace STH,2,G72A2355E,2026-04-27 21:04:57,2026-04-29 15:28:00,Sunland,1,2026-04-30 07:07:58
Rock Island Tailrace STH,2,G72A2355E,2026-04-27 21:04:57,2026-04-29 15:28:00,Wanapum BRZ,1,2026-05-02 13:10:27
Rock Island Tailrace STH,2,G72A2355E,2026-04-27 21:04:57,2026-04-29 15:28:00,Mattawa,0,
Rock Island Tailrace STH,2,G72A2355E,2026-04-27 21:04:57,2026-04-29 15:28:00,Priest BRZ,0,
Rock Island Tailrace STH,2,G72A2355E,2026-04-27 21:04:57,2026-04-29 15:28:00,Lower Ringold,0,
Rock Island Tailrace STH,2,G72A2355E,2026-04-27 21:04:57,2026-04-29 15:28:00,Hanford,0,
Rock Island Tailrace STH,1,G72A3D9D0,2026-04-25 19:30:26,2026-04-27 15:43:00,Crescent Bar,1,2026-04-27 22:08:26
Rock Island Tailrace STH,1,G72A3D9D0,2026-04-25 19:30:26,2026-04-27 15:43:00,Sunland,1,2026-04-28 13:21:39
Rock Island Tailrace STH,1,G72A3D9D0,2026-04-25 19:30:26,2026-04-27 15:43:00,Wanapum BRZ,1,2026-04-29 12:34:38
Rock Island Tailrace STH,1,G72A3D9D0,2026-04-25 19:30:26,2026-04-27 15:43:00,Mattawa,1,2026-04-29 21:31:26
Rock Island Tailrace STH,1,G72A3D9D0,2026-04-25 19:30:26,2026-04-27 15:43:00,Priest BRZ,1,2026-05-01 08:32:59
Rock Island Tailrace STH,1,G72A3D9D0,2026-04-25 19:30:26,2026-04-27 15:43:00,Lower Ringold,1,2026-05-02 01:43:01
Rock Island Tailrace STH,1,G72A3D9D0,2026-04-25 19:30:26,2026-04-27 15:43:00,Hanford,1,2026-05-02 04:31:32
Rock Island Tailrace STH,3,G72A40414,2026-04-27 21:05:54,2026-04-29 15:28:00,Crescent Bar,1,2026-04-29 20:57:00
Rock Island Tailrace STH,3,G72A40414,2026-04-27 21:05:54,2026-04-29 15:28:00,Sunland,1,2026-04-30 05:33:48
Rock Island Tailrace STH,3,G72A40414,2026-04-27 21:05:54,2026-04-29 15:28:00,Wanapum BRZ,1,2026-05-02 16:12:41
Rock Island Tailrace STH,3,G72A40414,2026-04-27 21:05:54,2026-04-29 15:28:00,Mattawa,1,2026-05-06 08:15:49
Rock Island Tailrace STH,3,G72A40414,2026-04-27 21:05:54,2026-04-29 15:28:00,Priest BRZ,1,2026-05-07 04:05:09
Rock Island Tailrace STH,3,G72A40414,2026-04-27 21:05:54,2026-04-29 15:28:00,Lower Ringold,1,2026-05-07 22:57:54
Rock Island Tailrace STH,3,G72A40414,2026-04-27 21:05:54,2026-04-29 15:28:00,Hanford,1,2026-05-08 01:38:41
Rock Island Tailrace STH,3,G72A41974,2026-04-27 21:04:30,2026-04-29 15:28:00,Crescent Bar,1,2026-04-29 22:58:53
Rock Island Tailrace STH,3,G72A41974,2026-04-27 21:04:30,2026-04-29 15:28:00,Sunland,1,2026-04-30 09:46:28
Rock Island Tailrace STH,3,G72A41974,2026-04-27 21:04:30,2026-04-29 15:28:00,Wanapum BRZ,1,2026-05-01 21:44:54
Rock Island Tailrace STH,3,G72A41974,2026-04-27 21:04:30,2026-04-29 15:28:00,Mattawa,1,2026-05-02 08:13:47
Rock Island Tailrace STH,3,G72A41974,2026-04-27 21:04:30,2026-04-29 15:28:00,Priest BRZ,1,2026-05-03 12:46:05
Rock Island Tailrace STH,3,G72A41974,2026-04-27 21:04:30,2026-04-29 15:28:00,Lower Ringold,1,2026-05-04 19:51:17
Rock Island Tailrace STH,3,G72A41974,2026-04-27 21:04:30,2026-04-29 15:28:00,Hanford,1,2026-05-04 23:18:27
Rock Island Tailrace STH,3,G72A44B13,2026-04-26 19:14:51,2026-04-28 15:47:00,Crescent Bar,1,2026-04-28 22:33:14
Rock Island Tailrace STH,3,G72A44B13,2026-04-26 19:14:51,2026-04-28 15:47:00,Sunland,1,2026-04-29 11:03:35
Rock Island Tailrace STH,3,G72A44B13,2026-04-26 19:14:51,2026-04-28 15:47:00,Wanapum BRZ,1,2026-04-30 21:17:52
Rock Island Tailrace STH,3,G72A44B13,2026-04-26 19:14:51,2026-04-28 15:47:00,Mattawa,1,2026-05-01 08:19:38
Rock Island Tailrace STH,3,G72A44B13,2026-04-26 19:14:51,2026-04-28 15:47:00,Priest BRZ,1,2026-05-02 09:14:11
Rock Island Tailrace STH,3,G72A44B13,2026-04-26 19:14:51,2026-04-28 15:47:00,Lower Ringold,1,2026-05-03 00:50:03
Rock Island Tailrace STH,3,G72A44B13,2026-04-26 19:14:51,2026-04-28 15:47:00,Hanford,1,2026-05-03 03:43:37
Rock Island Tailrace STH,3,G72A4A184,2026-04-27 20:56:50,2026-04-29 15:28:00,Crescent Bar,1,2026-04-29 21:16:23
Rock Island Tailrace STH,3,G72A4A184,2026-04-27 20:56:50,2026-04-29 15:28:00,Sunland,1,2026-04-30 08:57:55
Rock Island Tailrace STH,3,G72A4A184,2026-04-27 20:56:50,2026-04-29 15:28:00,Wanapum BRZ,1,2026-05-01 21:05:38
Rock Island Tailrace STH,3,G72A4A184,2026-04-27 20:56:50,2026-04-29 15:28:00,Mattawa,1,2026-05-02 14:06:06
Rock Island Tailrace STH,3,G72A4A184,2026-04-27 20:56:50,2026-04-29 15:28:00,Priest BRZ,1,2026-05-03 08:49:00
Rock Island Tailrace STH,3,G72A4A184,2026-04-27 20:56:50,2026-04-29 15:28:00,Lower Ringold,1,2026-05-04 01:20:10
Rock Island Tailrace STH,3,G72A4A184,2026-04-27 20:56:50,2026-04-29 15:28:00,Hanford,1,2026-05-04 04:47:28
Rock Island Tailrace STH,3,G72A4BF06,2026-04-30 17:31:46,2026-05-02 16:02:00,Crescent Bar,1,2026-05-02 21:29:42
Rock Island Tailrace STH,3,G72A4BF06,2026-04-30 17:31:46,2026-05-02 16:02:00,Sunland,1,2026-05-03 04:10:27
Rock Island Tailrace STH,3,G72A4BF06,2026-04-30 17:31:46,2026-05-02 16:02:00,Wanapum BRZ,1,2026-05-04 00:18:30
Rock Island Tailrace STH,3,G72A4BF06,2026-04-30 17:31:46,2026-05-02 16:02:00,Mattawa,1,2026-05-04 10:14:23
Rock Island Tailrace STH,3,G72A4BF06,2026-04-30 17:31:46,2026-05-02 16:02:00,Priest BRZ,1,2026-05-05 04:00:19
Rock Island Tailrace STH,3,G72A4BF06,2026-04-30 17:31:46,2026-05-02 16:02:00,Lower Ringold,1,2026-05-05 15:31:12
Rock Island Tailrace STH,3,G72A4BF06,2026-04-30 17:31:46,2026-05-02 16:02:00,Hanford,1,2026-05-05 19:01:32
Rock Island Tailrace STH,3,G72A4C87D,2026-04-27 21:03:37,2026-04-29 15:28:00,Crescent Bar,1,2026-04-29 20:57:57
Rock Island Tailrace STH,3,G72A4C87D,2026-04-27 21:03:37,2026-04-29 15:28:00,Sunland,1,2026-04-30 03:55:34
Rock Island Tailrace STH,3,G72A4C87D,2026-04-27 21:03:37,2026-04-29 15:28:00,Wanapum BRZ,1,2026-05-03 23:25:32
Rock Island Tailrace STH,3,G72A4C87D,2026-04-27 21:03:37,2026-04-29 15:28:00,Mattawa,1,2026-05-05 04:31:46
Rock Island Tailrace STH,3,G72A4C87D,2026-04-27 21:03:37,2026-04-29 15:28:00,Priest BRZ,1,2026-05-05 13:06:55
Rock Island Tailrace STH,3,G72A4C87D,2026-04-27 21:03:37,2026-04-29 15:28:00,Lower Ringold,0,
Rock Island Tailrace STH,3,G72A4C87D,2026-04-27 21:03:37,2026-04-29 15:28:00,Hanford,0,
Rock Island Tailrace STH,3,G72A541A9,2026-05-01 18:01:20,2026-05-03 15:52:00,Crescent Bar,1,2026-05-04 00:24:12
Rock Island Tailrace STH,3,G72A541A9,2026-05-01 18:01:20,2026-05-03 15:52:00,Sunland,1,2026-05-04 16:17:08
Rock Island Tailrace STH,3,G72A541A9,2026-05-01 18:01:20,2026-05-03 15:52:00,Wanapum BRZ,1,2026-05-05 15:15:31
Rock Island Tailrace STH,3,G72A541A9,2026-05-01 18:01:20,2026-05-03 15:52:00,Mattawa,1,2026-05-05 19:54:58
Rock Island Tailrace STH,3,G72A541A9,2026-05-01 18:01:20,2026-05-03 15:52:00,Priest BRZ,1,2026-05-06 08:02:24
Rock Island Tailrace STH,3,G72A541A9,2026-05-01 18:01:20,2026-05-03 15:52:00,Lower Ringold,0,
Rock Island Tailrace STH,3,G72A541A9,2026-05-01 18:01:20,2026-05-03 15:52:00,Hanford,0,
Rock Island Tailrace STH,3,G72A7CFAB,2026-04-26 19:15:34,2026-04-28 15:47:00,Crescent Bar,1,2026-04-28 22:56:25
Rock Island Tailrace STH,3,G72A7CFAB,2026-04-26 19:15:34,2026-04-28 15:47:00,Sunland,1,2026-04-29 11:44:38
Rock Island Tailrace STH,3,G72A7CFAB,2026-04-26 19:15:34,2026-04-28 15:47:00,Wanapum BRZ,1,2026-05-02 07:50:47
Rock Island Tailrace STH,3,G72A7CFAB,2026-04-26 19:15:34,2026-04-28 15:47:00,Mattawa,1,2026-05-03 12:34:20
Rock Island Tailrace STH,3,G72A7CFAB,2026-04-26 19:15:34,2026-04-28 15:47:00,Priest BRZ,1,2026-05-04 05:20:34
Rock Island Tailrace STH,3,G72A7CFAB,2026-04-26 19:15:34,2026-04-28 15:47:00,Lower Ringold,0,
Rock Island Tailrace STH,3,G72A7CFAB,2026-04-26 19:15:34,2026-04-28 15:47:00,Hanford,0,
Rock Island Tailrace STH,2,G72A83AF8,2026-04-26 19:13:24,2026-04-28 15:47:00,Crescent Bar,1,2026-04-28 23:47:10
Rock Island Tailrace STH,2,G72A83AF8,2026-04-26 19:13:24,2026-04-28 15:47:00,Sunland,1,2026-04-29 11:13:53
Rock Island Tailrace STH,2,G72A83AF8,2026-04-26 19:13:24,2026-04-28 15:47:00,Wanapum BRZ,1,2026-04-30 08:48:13
Rock Island Tailrace STH,2,G72A83AF8,2026-04-26 19:13:24,2026-04-28 15:47:00,Mattawa,1,2026-04-30 12:37:46
Rock Island Tailrace STH,2,G72A83AF8,2026-04-26 19:13:24,2026-04-28 15:47:00,Priest BRZ,1,2026-05-01 07:16:34
Rock Island Tailrace STH,2,G72A83AF8,2026-04-26 19:13:24,2026-04-28 15:47:00,Lower Ringold,0,
Rock Island Tailrace STH,2,G72A83AF8,2026-04-26 19:13:24,2026-04-28 15:47:00,Hanford,0,
Rock Island Tailrace STH,1,G72A8AC34,2026-05-01 18:32:24,2026-05-03 15:52:00,Crescent Bar,1,2026-05-04 06:14:04
Rock Island Tailrace STH,1,G72A8AC34,2026-05-01 18:32:24,2026-05-03 15:52:00,Sunland,1,2026-05-04 20:07:31
Rock Island Tailrace STH,1,G72A8AC34,2026-05-01 18:32:24,2026-05-03 15:52:00,Wanapum BRZ,1,2026-05-06 02:03:15
Rock Island Tailrace STH,1,G72A8AC34,2026-05-01 18:32:24,2026-05-03 15:52:00,Mattawa,1,2026-05-07 00:11:16
Rock Island Tailrace STH,1,G72A8AC34,2026-05-01 18:32:24,2026-05-03 15:52:00,Priest BRZ,1,2026-05-07 09:20:09
Rock Island Tailrace STH,1,G72A8AC34,2026-05-01 18:32:24,2026-05-03 15:52:00,Lower Ringold,1,2026-05-07 23:43:14
Rock Island Tailrace STH,1,G72A8AC34,2026-05-01 18:32:24,2026-05-03 15:52:00,Hanford,1,2026-05-08 02:59:31
Rock Island Tailrace STH,3,G72AA59EE,2026-04-26 19:10:34,2026-04-28 15:47:00,Crescent Bar,1,2026-04-28 23:05:15
Rock Island Tailrace STH,3,G72AA59EE,2026-04-26 19:10:34,2026-04-28 15:47:00,Sunland,1,2026-04-29 11:00:10
Rock Island Tailrace STH,3,G72AA59EE,2026-04-26 19:10:34,2026-04-28 15:47:00,Wanapum BRZ,1,2026-04-30 20:06:00
Rock Island Tailrace STH,3,G72AA59EE,2026-04-26 19:10:34,2026-04-28 15:47:00,Mattawa,0,
Rock Island Tailrace STH,3,G72AA59EE,2026-04-26 19:10:34,2026-04-28 15:47:00,Priest BRZ,0,
Rock Island Tailrace STH,3,G72AA59EE,2026-04-26 19:10:34,2026-04-28 15:47:00,Lower Ringold,0,
Rock Island Tailrace STH,3,G72AA59EE,2026-04-26 19:10:34,2026-04-28 15:47:00,Hanford,0,
Rock Island Tailrace STH,3,G72AED19B,2026-04-28 21:00:03,2026-04-30 15:42:00,Crescent Bar,1,2026-04-30 21:56:05
Rock Island Tailrace STH,3,G72AED19B,2026-04-28 21:00:03,2026-04-30 15:42:00,Sunland,1,2026-05-01 13:15:51
Rock Island Tailrace STH,3,G72AED19B,2026-04-28 21:00:03,2026-04-30 15:42:00,Wanapum BRZ,1,2026-05-02 18:30:30
Rock Island Tailrace STH,3,G72AED19B,2026-04-28 21:00:03,2026-04-30 15:42:00,Mattawa,1,2026-05-03 00:50:56
Rock Island Tailrace STH,3,G72AED19B,2026-04-28 21:00:03,2026-04-30 15:42:00,Priest BRZ,1,2026-05-03 10:24:23
Rock Island Tailrace STH,3,G72AED19B,2026-04-28 21:00:03,2026-04-30 15:42:00,Lower Ringold,1,2026-05-08 14:30:23
Rock Island Tailrace STH,3,G72AED19B,2026-04-28 21:00:03,2026-04-30 15:42:00,Hanford,1,2026-05-08 17:57:19
Rock Island Tailrace STH,1,G72AF6F72,2026-04-28 20:25:43,2026-04-30 15:42:00,Crescent Bar,1,2026-05-01 06:30:51
Rock Island Tailrace STH,1,G72AF6F72,2026-04-28 20:25:43,2026-04-30 15:42:00,Sunland,1,2026-05-01 19:09:35
Rock Island Tailrace STH,1,G72AF6F72,2026-04-28 20:25:43,2026-04-30 15:42:00,Wanapum BRZ,1,2026-05-03 03:46:50
Rock Island Tailrace STH,1,G72AF6F72,2026-04-28 20:25:43,2026-04-30 15:42:00,Mattawa,1,2026-05-03 06:28:47
Rock Island Tailrace STH,1,G72AF6F72,2026-04-28 20:25:43,2026-04-30 15:42:00,Priest BRZ,1,2026-05-03 18:29:00
Rock Island Tailrace STH,1,G72AF6F72,2026-04-28 20:25:43,2026-04-30 15:42:00,Lower Ringold,1,2026-05-04 10:56:10
Rock Island Tailrace STH,1,G72AF6F72,2026-04-28 20:25:43,2026-04-30 15:42:00,Hanford,1,2026-05-04 14:00:01
Rock Island Tailrace STH,1,G72B08511,2026-04-26 19:19:25,2026-04-28 15:47:00,Crescent Bar,1,2026-04-29 01:47:14
Rock Island Tailrace STH,1,G72B08511,2026-04-26 19:19:25,2026-04-28 15:47:00,Sunland,1,2026-04-29 12:56:00
Rock Island Tailrace STH,1,G72B08511,2026-04-26 19:19:25,2026-04-28 15:47:00,Wanapum BRZ,1,2026-04-30 05:23:16
Rock Island Tailrace STH,1,G72B08511,2026-04-26 19:19:25,2026-04-28 15:47:00,Mattawa,1,2026-04-30 11:30:25
Rock Island Tailrace STH,1,G72B08511,2026-04-26 19:19:25,2026-04-28 15:47:00,Priest BRZ,1,2026-05-01 00:46:00
Rock Island Tailrace STH,1,G72B08511,2026-04-26 19:19:25,2026-04-28 15:47:00,Lower Ringold,1,2026-05-01 12:44:13
Rock Island Tailrace STH,1,G72B08511,2026-04-26 19:19:25,2026-04-28 15:47:00,Hanford,1,2026-05-01 16:26:37
Rock Island Tailrace STH,1,G72B17FDF,2026-04-30 17:24:43,2026-05-02 16:02:00,Crescent Bar,1,2026-05-02 20:59:20
Rock Island Tailrace STH,1,G72B17FDF,2026-04-30 17:24:43,2026-05-02 16:02:00,Sunland,1,2026-05-03 06:04:57
Rock Island Tailrace STH,1,G72B17FDF,2026-04-30 17:24:43,2026-05-02 16:02:00,Wanapum BRZ,1,2026-05-04 07:00:12
Rock Island Tailrace STH,1,G72B17FDF,2026-04-30 17:24:43,2026-05-02 16:02:00,Mattawa,1,2026-05-30 12:05:38
Rock Island Tailrace STH,1,G72B17FDF,2026-04-30 17:24:43,2026-05-02 16:02:00,Priest BRZ,0,
Rock Island Tailrace STH,1,G72B17FDF,2026-04-30 17:24:43,2026-05-02 16:02:00,Lower Ringold,0,
Rock Island Tailrace STH,1,G72B17FDF,2026-04-30 17:24:43,2026-05-02 16:02:00,Hanford,0,
Rock Island Tailrace STH,1,G72B1CAD2,2026-04-25 19:30:02,2026-04-27 15:43:00,Crescent Bar,1,2026-04-27 23:27:16
Rock Island Tailrace STH,1,G72B1CAD2,2026-04-25 19:30:02,2026-04-27 15:43:00,Sunland,1,2026-04-28 11:05:30
Rock Island Tailrace STH,1,G72B1CAD2,2026-04-25 19:30:02,2026-04-27 15:43:00,Wanapum BRZ,1,2026-04-30 22:00:34
Rock Island Tailrace STH,1,G72B1CAD2,2026-04-25 19:30:02,2026-04-27 15:43:00,Mattawa,1,2026-05-01 09:21:37
Rock Island Tailrace STH,1,G72B1CAD2,2026-04-25 19:30:02,2026-04-27 15:43:00,Priest BRZ,1,2026-05-02 07:29:30
Rock Island Tailrace STH,1,G72B1CAD2,2026-04-25 19:30:02,2026-04-27 15:43:00,Lower Ringold,1,2026-05-03 11:15:05
Rock Island Tailrace STH,1,G72B1CAD2,2026-04-25 19:30:02,2026-04-27 15:43:00,Hanford,1,2026-05-03 13:53:06
Rock Island Tailrace STH,1,G72B22010,2026-05-02 18:36:37,2026-05-04 15:47:00,Crescent Bar,1,2026-05-04 22:55:04
Rock Island Tailrace STH,1,G72B22010,2026-05-02 18:36:37,2026-05-04 15:47:00,Sunland,1,2026-05-05 07:03:57
Rock Island Tailrace STH,1,G72B22010,2026-05-02 18:36:37,2026-05-04 15:47:00,Wanapum BRZ,1,2026-05-06 18:01:21
Rock Island Tailrace STH,1,G72B22010,2026-05-02 18:36:37,2026-05-04 15:47:00,Mattawa,1,2026-05-07 05:41:22
Rock Island Tailrace STH,1,G72B22010,2026-05-02 18:36:37,2026-05-04 15:47:00,Priest BRZ,1,2026-05-07 13:09:50
Rock Island Tailrace STH,1,G72B22010,2026-05-02 18:36:37,2026-05-04 15:47:00,Lower Ringold,1,2026-05-08 17:50:07
Rock Island Tailrace STH,1,G72B22010,2026-05-02 18:36:37,2026-05-04 15:47:00,Hanford,1,2026-05-08 20:47:35
Rock Island Tailrace STH,1,G72B2B99D,2026-04-28 20:51:11,2026-04-30 15:42:00,Crescent Bar,1,2026-04-30 22:59:01
Rock Island Tailrace STH,1,G72B2B99D,2026-04-28 20:51:11,2026-04-30 15:42:00,Sunland,1,2026-05-01 10:07:21
Rock Island Tailrace STH,1,G72B2B99D,2026-04-28 20:51:11,2026-04-30 15:42:00,Wanapum BRZ,1,2026-05-02 03:57:42
Rock Island Tailrace STH,1,G72B2B99D,2026-04-28 20:51:11,2026-04-30 15:42:00,Mattawa,1,2026-05-02 16:15:18
Rock Island Tailrace STH,1,G72B2B99D,2026-04-28 20:51:11,2026-04-30 15:42:00,Priest BRZ,1,2026-05-03 05:51:14
Rock Island Tailrace STH,1,G72B2B99D,2026-04-28 20:51:11,2026-04-30 15:42:00,Lower Ringold,1,2026-05-03 17:32:43
Rock Island Tailrace STH,1,G72B2B99D,2026-04-28 20:51:11,2026-04-30 15:42:00,Hanford,1,2026-05-03 20:46:26
Rock Island Tailrace STH,1,G72B2BDFC,2026-05-01 17:55:53,2026-05-03 15:52:00,Crescent Bar,0,
Rock Island Tailrace STH,1,G72B2BDFC,2026-05-01 17:55:53,2026-05-03 15:52:00,Sunland,0,
Rock Island Tailrace STH,1,G72B2BDFC,2026-05-01 17:55:53,2026-05-03 15:52:00,Wanapum BRZ,0,
Rock Island Tailrace STH,1,G72B2BDFC,2026-05-01 17:55:53,2026-05-03 15:52:00,Mattawa,0,
Rock Island Tailrace STH,1,G72B2BDFC,2026-05-01 17:55:53,2026-05-03 15:52:00,Priest BRZ,0,
Rock Island Tailrace STH,1,G72B2BDFC,2026-05-01 17:55:53,2026-05-03 15:52:00,Lower Ringold,0,
Rock Island Tailrace STH,1,G72B2BDFC,2026-05-01 17:55:53,2026-05-03 15:52:00,Hanford,0,
Rock Island Tailrace STH,1,G72B364F3,2026-04-25 19:47:39,2026-04-27 15:43:00,Crescent Bar,1,2026-04-28 00:10:06
Rock Island Tailrace STH,1,G72B364F3,2026-04-25 19:47:39,2026-04-27 15:43:00,Sunland,1,2026-04-28 11:55:14
Rock Island Tailrace STH,1,G72B364F3,2026-04-25 19:47:39,2026-04-27 15:43:00,Wanapum BRZ,1,2026-04-29 19:09:17
Rock Island Tailrace STH,1,G72B364F3,2026-04-25 19:47:39,2026-04-27 15:43:00,Mattawa,1,2026-04-29 23:52:42
Rock Island Tailrace STH,1,G72B364F3,2026-04-25 19:47:39,2026-04-27 15:43:00,Priest BRZ,1,2026-04-30 09:03:55
Rock Island Tailrace STH,1,G72B364F3,2026-04-25 19:47:39,2026-04-27 15:43:00,Lower Ringold,1,2026-05-02 13:21:39
Rock Island Tailrace STH,1,G72B364F3,2026-04-25 19:47:39,2026-04-27 15:43:00,Hanford,1,2026-05-02 16:29:56
Rock Island Tailrace STH,2,G72B4511C,2026-04-29 17:12:21,2026-05-01 15:43:00,Crescent Bar,1,2026-05-02 05:02:45
Rock Island Tailrace STH,2,G72B4511C,2026-04-29 17:12:21,2026-05-01 15:43:00,Sunland,1,2026-05-02 13:39:08
Rock Island Tailrace STH,2,G72B4511C,2026-04-29 17:12:21,2026-05-01 15:43:00,Wanapum BRZ,0,
Rock Island Tailrace STH,2,G72B4511C,2026-04-29 17:12:21,2026-05-01 15:43:00,Mattawa,0,
Rock Island Tailrace STH,2,G72B4511C,2026-04-29 17:12:21,2026-05-01 15:43:00,Priest BRZ,0,
Rock Island Tailrace STH,2,G72B4511C,2026-04-29 17:12:21,2026-05-01 15:43:00,Lower Ringold,0,
Rock Island Tailrace STH,2,G72B4511C,2026-04-29 17:12:21,2026-05-01 15:43:00,Hanford,0,
Rock Island Tailrace STH,1,G72B4B4CA,2026-04-27 20:56:19,2026-04-29 15:28:00,Crescent Bar,1,2026-04-29 23:49:31
Rock Island Tailrace STH,1,G72B4B4CA,2026-04-27 20:56:19,2026-04-29 15:28:00,Sunland,1,2026-04-30 09:24:51
Rock Island Tailrace STH,1,G72B4B4CA,2026-04-27 20:56:19,2026-04-29 15:28:00,Wanapum BRZ,1,2026-05-02 08:23:41
Rock Island Tailrace STH,1,G72B4B4CA,2026-04-27 20:56:19,2026-04-29 15:28:00,Mattawa,1,2026-05-03 20:37:24
Rock Island Tailrace STH,1,G72B4B4CA,2026-04-27 20:56:19,2026-04-29 15:28:00,Priest BRZ,1,2026-05-04 09:36:03
Rock Island Tailrace STH,1,G72B4B4CA,2026-04-27 20:56:19,2026-04-29 15:28:00,Lower Ringold,1,2026-05-05 23:15:02
Rock Island Tailrace STH,1,G72B4B4CA,2026-04-27 20:56:19,2026-04-29 15:28:00,Hanford,1,2026-05-06 02:42:11
Rock Island Tailrace STH,2,G72B55086,2026-04-28 20:26:42,2026-04-30 15:42:00,Crescent Bar,1,2026-05-01 01:32:40
Rock Island Tailrace STH,2,G72B55086,2026-04-28 20:26:42,2026-04-30 15:42:00,Sunland,1,2026-05-01 16:31:48
Rock Island Tailrace STH,2,G72B55086,2026-04-28 20:26:42,2026-04-30 15:42:00,Wanapum BRZ,1,2026-05-03 08:04:31
Rock Island Tailrace STH,2,G72B55086,2026-04-28 20:26:42,2026-04-30 15:42:00,Mattawa,1,2026-05-03 12:36:42
Rock Island Tailrace STH,2,G72B55086,2026-04-28 20:26:42,2026-04-30 15:42:00,Priest BRZ,1,2026-05-03 19:36:11
Rock Island Tailrace STH,2,G72B55086,2026-04-28 20:26:42,2026-04-30 15:42:00,Lower Ringold,1,2026-05-04 19:16:17
Rock Island Tailrace STH,2,G72B55086,2026-04-28 20:26:42,2026-04-30 15:42:00,Hanford,1,2026-05-04 22:36:09
Rock Island Tailrace STH,3,G72B8CE01,2026-04-26 19:02:56,2026-04-28 15:47:00,Crescent Bar,1,2026-04-29 01:08:11
Rock Island Tailrace STH,3,G72B8CE01,2026-04-26 19:02:56,2026-04-28 15:47:00,Sunland,1,2026-04-29 12:12:27
Rock Island Tailrace STH,3,G72B8CE01,2026-04-26 19:02:56,2026-04-28 15:47:00,Wanapum BRZ,1,2026-05-02 14:23:38
Rock Island Tailrace STH,3,G72B8CE01,2026-04-26 19:02:56,2026-04-28 15:47:00,Mattawa,1,2026-05-03 00:18:13
Rock Island Tailrace STH,3,G72B8CE01,2026-04-26 19:02:56,2026-04-28 15:47:00,Priest BRZ,1,2026-05-04 15:09:16
Rock Island Tailrace STH,3,G72B8CE01,2026-04-26 19:02:56,2026-04-28 15:47:00,Lower Ringold,1,2026-05-09 11:21:04
Rock Island Tailrace STH,3,G72B8CE01,2026-04-26 19:02:56,2026-04-28 15:47:00,Hanford,1,2026-05-09 14:20:45
Rock Island Tailrace STH,3,G72B970E8,2026-04-30 17:26:45,2026-05-02 16:02:00,Crescent Bar,0,
Rock Island Tailrace STH,3,G72B970E8,2026-04-30 17:26:45,2026-05-02 16:02:00,Sunland,0,
Rock Island Tailrace STH,3,G72B970E8,2026-04-30 17:26:45,2026-05-02 16:02:00,Wanapum BRZ,0,
Rock Island Tailrace STH,3,G72B970E8,2026-04-30 17:26:45,2026-05-02 16:02:00,Mattawa,0,
Rock Island Tailrace STH,3,G72B970E8,2026-04-30 17:26:45,2026-05-02 16:02:00,Priest BRZ,0,
Rock Island Tailrace STH,3,G72B970E8,2026-04-30 17:26:45,2026-05-02 16:02:00,Lower Ringold,0,
Rock Island Tailrace STH,3,G72B970E8,2026-04-30 17:26:45,2026-05-02 16:02:00,Hanford,0,
Rock Island Tailrace STH,3,G72BA6A5E,2026-04-26 19:20:51,2026-04-28 15:47:00,Crescent Bar,1,2026-04-29 02:24:47
Rock Island Tailrace STH,3,G72BA6A5E,2026-04-26 19:20:51,2026-04-28 15:47:00,Sunland,1,2026-04-29 12:30:22
Rock Island Tailrace STH,3,G72BA6A5E,2026-04-26 19:20:51,2026-04-28 15:47:00,Wanapum BRZ,1,2026-05-01 09:37:43
Rock Island Tailrace STH,3,G72BA6A5E,2026-04-26 19:20:51,2026-04-28 15:47:00,Mattawa,1,2026-05-02 11:16:43
Rock Island Tailrace STH,3,G72BA6A5E,2026-04-26 19:20:51,2026-04-28 15:47:00,Priest BRZ,1,2026-05-03 05:30:28
Rock Island Tailrace STH,3,G72BA6A5E,2026-04-26 19:20:51,2026-04-28 15:47:00,Lower Ringold,1,2026-05-03 17:31:54
Rock Island Tailrace STH,3,G72BA6A5E,2026-04-26 19:20:51,2026-04-28 15:47:00,Hanford,1,2026-05-04 04:36:31
Rock Island Tailrace STH,3,G72BC59A8,2026-04-27 20:53:13,2026-04-29 15:28:00,Crescent Bar,1,2026-04-29 21:50:43
Rock Island Tailrace STH,3,G72BC59A8,2026-04-27 20:53:13,2026-04-29 15:28:00,Sunland,1,2026-04-30 12:46:41
Rock Island Tailrace STH,3,G72BC59A8,2026-04-27 20:53:13,2026-04-29 15:28:00,Wanapum BRZ,1,2026-05-03 06:34:29
Rock Island Tailrace STH,3,G72BC59A8,2026-04-27 20:53:13,2026-04-29 15:28:00,Mattawa,1,2026-05-03 09:24:28
Rock Island Tailrace STH,3,G72BC59A8,2026-04-27 20:53:13,2026-04-29 15:28:00,Priest BRZ,1,2026-05-05 06:32:10
Rock Island Tailrace STH,3,G72BC59A8,2026-04-27 20:53:13,2026-04-29 15:28:00,Lower Ringold,1,2026-05-05 20:27:13
Rock Island Tailrace STH,3,G72BC59A8,2026-04-27 20:53:13,2026-04-29 15:28:00,Hanford,1,2026-05-05 23:56:39
Rock Island Tailrace STH,3,G72BC8CC0,2026-04-30 17:39:01,2026-05-02 16:02:00,Crescent Bar,1,2026-05-02 21:49:25
Rock Island Tailrace STH,3,G72BC8CC0,2026-04-30 17:39:01,2026-05-02 16:02:00,Sunland,1,2026-05-03 07:40:27
Rock Island Tailrace STH,3,G72BC8CC0,2026-04-30 17:39:01,2026-05-02 16:02:00,Wanapum BRZ,1,2026-05-04 17:56:28
Rock Island Tailrace STH,3,G72BC8CC0,2026-04-30 17:39:01,2026-05-02 16:02:00,Mattawa,1,2026-05-05 01:14:25
Rock Island Tailrace STH,3,G72BC8CC0,2026-04-30 17:39:01,2026-05-02 16:02:00,Priest BRZ,1,2026-05-05 10:43:06
Rock Island Tailrace STH,3,G72BC8CC0,2026-04-30 17:39:01,2026-05-02 16:02:00,Lower Ringold,1,2026-05-06 04:16:29
Rock Island Tailrace STH,3,G72BC8CC0,2026-04-30 17:39:01,2026-05-02 16:02:00,Hanford,1,2026-05-06 10:50:36
Rock Island Tailrace STH,3,G72BD0DD6,2026-05-01 17:52:59,2026-05-03 15:52:00,Crescent Bar,1,2026-05-04 01:03:31
Rock Island Tailrace STH,3,G72BD0DD6,2026-05-01 17:52:59,2026-05-03 15:52:00,Sunland,1,2026-05-04 09:23:51
Rock Island Tailrace STH,3,G72BD0DD6,2026-05-01 17:52:59,2026-05-03 15:52:00,Wanapum BRZ,1,2026-05-05 20:34:39
Rock Island Tailrace STH,3,G72BD0DD6,2026-05-01 17:52:59,2026-05-03 15:52:00,Mattawa,0,
Rock Island Tailrace STH,3,G72BD0DD6,2026-05-01 17:52:59,2026-05-03 15:52:00,Priest BRZ,0,
Rock Island Tailrace STH,3,G72BD0DD6,2026-05-01 17:52:59,2026-05-03 15:52:00,Lower Ringold,0,
Rock Island Tailrace STH,3,G72BD0DD6,2026-05-01 17:52:59,2026-05-03 15:52:00,Hanford,0,
Rock Island Tailrace STH,1,G72BEAECE,2026-04-25 19:49:33,2026-04-27 15:43:00,Crescent Bar,1,2026-04-27 21:02:42
Rock Island Tailrace STH,1,G72BEAECE,2026-04-25 19:49:33,2026-04-27 15:43:00,Sunland,1,2026-04-28 07:40:06
Rock Island Tailrace STH,1,G72BEAECE,2026-04-25 19:49:33,2026-04-27 15:43:00,Wanapum BRZ,1,2026-05-02 04:59:52
Rock Island Tailrace STH,1,G72BEAECE,2026-04-25 19:49:33,2026-04-27 15:43:00,Mattawa,1,2026-05-02 07:22:43
Rock Island Tailrace STH,1,G72BEAECE,2026-04-25 19:49:33,2026-04-27 15:43:00,Priest BRZ,1,2026-05-03 07:37:41
Rock Island Tailrace STH,1,G72BEAECE,2026-04-25 19:49:33,2026-04-27 15:43:00,Lower Ringold,1,2026-05-03 23:21:08
Rock Island Tailrace STH,1,G72BEAECE,2026-04-25 19:49:33,2026-04-27 15:43:00,Hanford,1,2026-05-04 02:03:47
Rock Island Tailrace STH,2,G72C07BCC,2026-05-02 18:13:48,2026-05-04 15:47:00,Crescent Bar,1,2026-05-04 22:15:34
Rock Island Tailrace STH,2,G72C07BCC,2026-05-02 18:13:48,2026-05-04 15:47:00,Sunland,1,2026-05-05 07:42:26
Rock Island Tailrace STH,2,G72C07BCC,2026-05-02 18:13:48,2026-05-04 15:47:00,Wanapum BRZ,1,2026-05-06 12:38:12
Rock Island Tailrace STH,2,G72C07BCC,2026-05-02 18:13:48,2026-05-04 15:47:00,Mattawa,1,2026-05-07 01:00:05
Rock Island Tailrace STH,2,G72C07BCC,2026-05-02 18:13:48,2026-05-04 15:47:00,Priest BRZ,1,2026-05-07 07:26:20
Rock Island Tailrace STH,2,G72C07BCC,2026-05-02 18:13:48,2026-05-04 15:47:00,Lower Ringold,1,2026-05-07 22:06:11
Rock Island Tailrace STH,2,G72C07BCC,2026-05-02 18:13:48,2026-05-04 15:47:00,Hanford,1,2026-05-08 00:39:31
Rock Island Tailrace STH,1,G72C0D69E,2026-04-25 19:34:50,2026-04-27 15:43:00,Crescent Bar,1,2026-04-28 00:11:50
Rock Island Tailrace STH,1,G72C0D69E,2026-04-25 19:34:50,2026-04-27 15:43:00,Sunland,1,2026-04-30 14:37:07
Rock Island Tailrace STH,1,G72C0D69E,2026-04-25 19:34:50,2026-04-27 15:43:00,Wanapum BRZ,1,2026-05-03 15:27:19
Rock Island Tailrace STH,1,G72C0D69E,2026-04-25 19:34:50,2026-04-27 15:43:00,Mattawa,1,2026-05-03 18:28:49
Rock Island Tailrace STH,1,G72C0D69E,2026-04-25 19:34:50,2026-04-27 15:43:00,Priest BRZ,1,2026-05-04 08:33:17
Rock Island Tailrace STH,1,G72C0D69E,2026-04-25 19:34:50,2026-04-27 15:43:00,Lower Ringold,1,2026-05-04 20:02:44
Rock Island Tailrace STH,1,G72C0D69E,2026-04-25 19:34:50,2026-04-27 15:43:00,Hanford,1,2026-05-04 22:44:11
Rock Island Tailrace STH,2,G72C0E620,2026-04-30 17:32:37,2026-05-02 16:02:00,Crescent Bar,1,2026-05-02 21:02:48
Rock Island Tailrace STH,2,G72C0E620,2026-04-30 17:32:37,2026-05-02 16:02:00,Sunland,1,2026-05-03 05:52:00
Rock Island Tailrace STH,2,G72C0E620,2026-04-30 17:32:37,2026-05-02 16:02:00,Wanapum BRZ,1,2026-05-05 05:14:12
Rock Island Tailrace STH,2,G72C0E620,2026-04-30 17:32:37,2026-05-02 16:02:00,Mattawa,1,2026-05-05 08:01:00
Rock Island Tailrace STH,2,G72C0E620,2026-04-30 17:32:37,2026-05-02 16:02:00,Priest BRZ,1,2026-05-06 01:50:39
Rock Island Tailrace STH,2,G72C0E620,2026-04-30 17:32:37,2026-05-02 16:02:00,Lower Ringold,1,2026-05-07 05:38:12
Rock Island Tailrace STH,2,G72C0E620,2026-04-30 17:32:37,2026-05-02 16:02:00,Hanford,1,2026-05-07 08:28:27
Rock Island Tailrace STH,2,G72C14C35,2026-04-28 20:51:42,2026-04-30 15:42:00,Crescent Bar,1,2026-04-30 21:29:46
Rock Island Tailrace STH,2,G72C14C35,2026-04-28 20:51:42,2026-04-30 15:42:00,Sunland,1,2026-05-01 14:04:27
Rock Island Tailrace STH,2,G72C14C35,2026-04-28 20:51:42,2026-04-30 15:42:00,Wanapum BRZ,0,
Rock Island Tailrace STH,2,G72C14C35,2026-04-28 20:51:42,2026-04-30 15:42:00,Mattawa,0,
Rock Island Tailrace STH,2,G72C14C35,2026-04-28 20:51:42,2026-04-30 15:42:00,Priest BRZ,0,
Rock Island Tailrace STH,2,G72C14C35,2026-04-28 20:51:42,2026-04-30 15:42:00,Lower Ringold,0,
Rock Island Tailrace STH,2,G72C14C35,2026-04-28 20:51:42,2026-04-30 15:42:00,Hanford,0,
Rock Island Tailrace STH,1,G72C1A9E3,2026-04-30 17:27:20,2026-05-02 16:02:00,Crescent Bar,1,2026-05-06 11:32:01
Rock Island Tailrace STH,1,G72C1A9E3,2026-04-30 17:27:20,2026-05-02 16:02:00,Sunland,1,2026-05-06 20:57:13
Rock Island Tailrace STH,1,G72C1A9E3,2026-04-30 17:27:20,2026-05-02 16:02:00,Wanapum BRZ,1,2026-05-08 00:16:00
Rock Island Tailrace STH,1,G72C1A9E3,2026-04-30 17:27:20,2026-05-02 16:02:00,Mattawa,0,
Rock Island Tailrace STH,1,G72C1A9E3,2026-04-30 17:27:20,2026-05-02 16:02:00,Priest BRZ,0,
Rock Island Tailrace STH,1,G72C1A9E3,2026-04-30 17:27:20,2026-05-02 16:02:00,Lower Ringold,0,
Rock Island Tailrace STH,1,G72C1A9E3,2026-04-30 17:27:20,2026-05-02 16:02:00,Hanford,0,
Rock Island Tailrace STH,1,G72C22725,2026-04-28 20:22:25,2026-04-30 15:42:00,Crescent Bar,1,2026-05-01 05:22:16
Rock Island Tailrace STH,1,G72C22725,2026-04-28 20:22:25,2026-04-30 15:42:00,Sunland,1,2026-05-01 15:50:06
Rock Island Tailrace STH,1,G72C22725,2026-04-28 20:22:25,2026-04-30 15:42:00,Wanapum BRZ,1,2026-05-02 10:43:39
Rock Island Tailrace STH,1,G72C22725,2026-04-28 20:22:25,2026-04-30 15:42:00,Mattawa,1,2026-05-02 14:11:25
Rock Island Tailrace STH,1,G72C22725,2026-04-28 20:22:25,2026-04-30 15:42:00,Priest BRZ,0,
Rock Island Tailrace STH,1,G72C22725,2026-04-28 20:22:25,2026-04-30 15:42:00,Lower Ringold,0,
Rock Island Tailrace STH,1,G72C22725,2026-04-28 20:22:25,2026-04-30 15:42:00,Hanford,0,
Rock Island Tailrace STH,1,G72C2A515,2026-05-01 18:04:58,2026-05-03 15:52:00,Crescent Bar,1,2026-05-04 07:53:37
Rock Island Tailrace STH,1,G72C2A515,2026-05-01 18:04:58,2026-05-03 15:52:00,Sunland,1,2026-05-04 20:58:02
Rock Island Tailrace STH,1,G72C2A515,2026-05-01 18:04:58,2026-05-03 15:52:00,Wanapum BRZ,1,2026-05-05 19:54:30
Rock Island Tailrace STH,1,G72C2A515,2026-05-01 18:04:58,2026-05-03 15:52:00,Mattawa,1,2026-05-06 06:13:24
Rock Island Tailrace STH,1,G72C2A515,2026-05-01 18:04:58,2026-05-03 15:52:00,Priest BRZ,1,2026-05-06 17:50:25
Rock Island Tailrace STH,1,G72C2A515,2026-05-01 18:04:58,2026-05-03 15:52:00,Lower Ringold,1,2026-05-08 19:06:59
Rock Island Tailrace STH,1,G72C2A515,2026-05-01 18:04:58,2026-05-03 15:52:00,Hanford,1,2026-05-08 22:41:43
Rock Island Tailrace STH,2,G72C46575,2026-04-28 20:57:58,2026-04-30 15:42:00,Crescent Bar,1,2026-05-01 03:27:34
Rock Island Tailrace STH,2,G72C46575,2026-04-28 20:57:58,2026-04-30 15:42:00,Sunland,1,2026-05-01 14:04:42
Rock Island Tailrace STH,2,G72C46575,2026-04-28 20:57:58,2026-04-30 15:42:00,Wanapum BRZ,1,2026-05-02 19:55:29
Rock Island Tailrace STH,2,G72C46575,2026-04-28 20:57:58,2026-04-30 15:42:00,Mattawa,1,2026-05-04 08:31:22
Rock Island Tailrace STH,2,G72C46575,2026-04-28 20:57:58,2026-04-30 15:42:00,Priest BRZ,1,2026-05-04 18:01:50
Rock Island Tailrace STH,2,G72C46575,2026-04-28 20:57:58,2026-04-30 15:42:00,Lower Ringold,1,2026-05-05 04:42:29
Rock Island Tailrace STH,2,G72C46575,2026-04-28 20:57:58,2026-04-30 15:42:00,Hanford,1,2026-05-05 07:22:59
Rock Island Tailrace STH,2,G72C4A23C,2026-04-25 19:37:56,2026-04-27 15:43:00,Crescent Bar,1,2026-04-27 22:41:35
Rock Island Tailrace STH,2,G72C4A23C,2026-04-25 19:37:56,2026-04-27 15:43:00,Sunland,1,2026-04-28 09:59:05
Rock Island Tailrace STH,2,G72C4A23C,2026-04-25 19:37:56,2026-04-27 15:43:00,Wanapum BRZ,1,2026-04-29 12:13:58
Rock Island Tailrace STH,2,G72C4A23C,2026-04-25 19:37:56,2026-04-27 15:43:00,Mattawa,1,2026-04-29 16:00:19
Rock Island Tailrace STH,2,G72C4A23C,2026-04-25 19:37:56,2026-04-27 15:43:00,Priest BRZ,1,2026-04-30 01:40:22
Rock Island Tailrace STH,2,G72C4A23C,2026-04-25 19:37:56,2026-04-27 15:43:00,Lower Ringold,0,
Rock Island Tailrace STH,2,G72C4A23C,2026-04-25 19:37:56,2026-04-27 15:43:00,Hanford,0,
Rock Island Tailrace STH,2,G72C4E804,2026-04-26 19:17:31,2026-04-28 15:47:00,Crescent Bar,1,2026-04-29 01:06:25
Rock Island Tailrace STH,2,G72C4E804,2026-04-26 19:17:31,2026-04-28 15:47:00,Sunland,1,2026-04-29 13:53:00
Rock Island Tailrace STH,2,G72C4E804,2026-04-26 19:17:31,2026-04-28 15:47:00,Wanapum BRZ,1,2026-04-30 17:36:10
Rock Island Tailrace STH,2,G72C4E804,2026-04-26 19:17:31,2026-04-28 15:47:00,Mattawa,1,2026-05-06 22:22:27
Rock Island Tailrace STH,2,G72C4E804,2026-04-26 19:17:31,2026-04-28 15:47:00,Priest BRZ,1,2026-05-07 03:25:49
Rock Island Tailrace STH,2,G72C4E804,2026-04-26 19:17:31,2026-04-28 15:47:00,Lower Ringold,1,2026-05-07 15:39:08
Rock Island Tailrace STH,2,G72C4E804,2026-04-26 19:17:31,2026-04-28 15:47:00,Hanford,1,2026-05-07 19:05:11
Rock Island Tailrace STH,1,G72C5AE5B,2026-05-01 17:58:01,2026-05-03 15:52:00,Crescent Bar,1,2026-05-04 02:22:31
Rock Island Tailrace STH,1,G72C5AE5B,2026-05-01 17:58:01,2026-05-03 15:52:00,Sunland,1,2026-05-04 11:52:06
Rock Island Tailrace STH,1,G72C5AE5B,2026-05-01 17:58:01,2026-05-03 15:52:00,Wanapum BRZ,1,2026-05-05 04:29:06
Rock Island Tailrace STH,1,G72C5AE5B,2026-05-01 17:58:01,2026-05-03 15:52:00,Mattawa,1,2026-05-05 08:01:26
Rock Island Tailrace STH,1,G72C5AE5B,2026-05-01 17:58:01,2026-05-03 15:52:00,Priest BRZ,1,2026-05-06 09:17:27
Rock Island Tailrace STH,1,G72C5AE5B,2026-05-01 17:58:01,2026-05-03 15:52:00,Lower Ringold,1,2026-05-06 20:48:50
Rock Island Tailrace STH,1,G72C5AE5B,2026-05-01 17:58:01,2026-05-03 15:52:00,Hanford,1,2026-05-06 23:07:11
Rock Island Tailrace STH,1,G72C73ABA,2026-04-25 19:32:15,2026-04-27 15:43:00,Crescent Bar,1,2026-04-28 08:04:57
Rock Island Tailrace STH,1,G72C73ABA,2026-04-25 19:32:15,2026-04-27 15:43:00,Sunland,1,2026-04-28 21:13:42
Rock Island Tailrace STH,1,G72C73ABA,2026-04-25 19:32:15,2026-04-27 15:43:00,Wanapum BRZ,1,2026-04-29 16:57:33
Rock Island Tailrace STH,1,G72C73ABA,2026-04-25 19:32:15,2026-04-27 15:43:00,Mattawa,1,2026-04-29 21:56:53
Rock Island Tailrace STH,1,G72C73ABA,2026-04-25 19:32:15,2026-04-27 15:43:00,Priest BRZ,1,2026-04-30 13:56:11
Rock Island Tailrace STH,1,G72C73ABA,2026-04-25 19:32:15,2026-04-27 15:43:00,Lower Ringold,1,2026-05-02 06:23:27
Rock Island Tailrace STH,1,G72C73ABA,2026-04-25 19:32:15,2026-04-27 15:43:00,Hanford,1,2026-05-02 09:10:37
Rock Island Tailrace STH,1,G72C7DF6C,2026-05-02 18:12:08,2026-05-04 15:47:00,Crescent Bar,1,2026-05-04 22:19:49
Rock Island Tailrace STH,1,G72C7DF6C,2026-05-02 18:12:08,2026-05-04 15:47:00,Sunland,1,2026-05-05 09:55:44
Rock Island Tailrace STH,1,G72C7DF6C,2026-05-02 18:12:08,2026-05-04 15:47:00,Wanapum BRZ,1,2026-05-06 13:55:03
Rock Island Tailrace STH,1,G72C7DF6C,2026-05-02 18:12:08,2026-05-04 15:47:00,Mattawa,1,2026-05-06 17:48:40
Rock Island Tailrace STH,1,G72C7DF6C,2026-05-02 18:12:08,2026-05-04 15:47:00,Priest BRZ,1,2026-05-07 04:17:01
Rock Island Tailrace STH,1,G72C7DF6C,2026-05-02 18:12:08,2026-05-04 15:47:00,Lower Ringold,1,2026-05-08 03:15:55
Rock Island Tailrace STH,1,G72C7DF6C,2026-05-02 18:12:08,2026-05-04 15:47:00,Hanford,1,2026-05-08 06:09:24
Rock Island Tailrace STH,3,G72C9AE16,2026-04-29 17:17:52,2026-05-01 15:43:00,Crescent Bar,1,2026-05-02 03:34:46
Rock Island Tailrace STH,3,G72C9AE16,2026-04-29 17:17:52,2026-05-01 15:43:00,Sunland,1,2026-05-02 13:20:15
Rock Island Tailrace STH,3,G72C9AE16,2026-04-29 17:17:52,2026-05-01 15:43:00,Wanapum BRZ,1,2026-05-03 23:36:16
Rock Island Tailrace STH,3,G72C9AE16,2026-04-29 17:17:52,2026-05-01 15:43:00,Mattawa,1,2026-05-04 02:15:03
Rock Island Tailrace STH,3,G72C9AE16,2026-04-29 17:17:52,2026-05-01 15:43:00,Priest BRZ,1,2026-05-04 16:58:49
Rock Island Tailrace STH,3,G72C9AE16,2026-04-29 17:17:52,2026-05-01 15:43:00,Lower Ringold,1,2026-05-05 07:08:39
Rock Island Tailrace STH,3,G72C9AE16,2026-04-29 17:17:52,2026-05-01 15:43:00,Hanford,1,2026-05-05 09:56:25
Rock Island Tailrace STH,3,G72C9D490,2026-05-01 18:03:22,2026-05-03 15:52:00,Crescent Bar,1,2026-05-04 04:49:07
Rock Island Tailrace STH,3,G72C9D490,2026-05-01 18:03:22,2026-05-03 15:52:00,Sunland,1,2026-05-04 13:40:55
Rock Island Tailrace STH,3,G72C9D490,2026-05-01 18:03:22,2026-05-03 15:52:00,Wanapum BRZ,1,2026-05-05 13:46:48
Rock Island Tailrace STH,3,G72C9D490,2026-05-01 18:03:22,2026-05-03 15:52:00,Mattawa,1,2026-05-06 04:28:31
Rock Island Tailrace STH,3,G72C9D490,2026-05-01 18:03:22,2026-05-03 15:52:00,Priest BRZ,1,2026-05-07 01:38:00
Rock Island Tailrace STH,3,G72C9D490,2026-05-01 18:03:22,2026-05-03 15:52:00,Lower Ringold,1,2026-05-08 01:22:23
Rock Island Tailrace STH,3,G72C9D490,2026-05-01 18:03:22,2026-05-03 15:52:00,Hanford,1,2026-05-08 04:41:47
Rock Island Tailrace STH,1,G72CA9300,2026-05-02 18:17:38,2026-05-04 15:47:00,Crescent Bar,1,2026-05-05 01:23:49
Rock Island Tailrace STH,1,G72CA9300,2026-05-02 18:17:38,2026-05-04 15:47:00,Sunland,1,2026-05-05 08:53:57
Rock Island Tailrace STH,1,G72CA9300,2026-05-02 18:17:38,2026-05-04 15:47:00,Wanapum BRZ,1,2026-05-06 23:28:17
Rock Island Tailrace STH,1,G72CA9300,2026-05-02 18:17:38,2026-05-04 15:47:00,Mattawa,1,2026-05-19 20:36:33
Rock Island Tailrace STH,1,G72CA9300,2026-05-02 18:17:38,2026-05-04 15:47:00,Priest BRZ,1,2026-05-21 13:01:52
Rock Island Tailrace STH,1,G72CA9300,2026-05-02 18:17:38,2026-05-04 15:47:00,Lower Ringold,0,
Rock Island Tailrace STH,1,G72CA9300,2026-05-02 18:17:38,2026-05-04 15:47:00,Hanford,0,
Rock Island Tailrace STH,1,G72CBFDBE,2026-05-02 18:31:50,2026-05-04 15:47:00,Crescent Bar,1,2026-05-04 23:06:53
Rock Island Tailrace STH,1,G72CBFDBE,2026-05-02 18:31:50,2026-05-04 15:47:00,Sunland,1,2026-05-05 08:28:43
Rock Island Tailrace STH,1,G72CBFDBE,2026-05-02 18:31:50,2026-05-04 15:47:00,Wanapum BRZ,1,2026-05-06 12:52:13
Rock Island Tailrace STH,1,G72CBFDBE,2026-05-02 18:31:50,2026-05-04 15:47:00,Mattawa,1,2026-05-07 10:47:20
Rock Island Tailrace STH,1,G72CBFDBE,2026-05-02 18:31:50,2026-05-04 15:47:00,Priest BRZ,1,2026-05-07 23:54:31
Rock Island Tailrace STH,1,G72CBFDBE,2026-05-02 18:31:50,2026-05-04 15:47:00,Lower Ringold,1,2026-05-08 23:08:05
Rock Island Tailrace STH,1,G72CBFDBE,2026-05-02 18:31:50,2026-05-04 15:47:00,Hanford,1,2026-05-09 02:24:47
Rock Island Tailrace STH,2,G72CC7EBE,2026-04-25 19:42:06,2026-04-27 15:43:00,Crescent Bar,1,2026-04-28 00:00:55
Rock Island Tailrace STH,2,G72CC7EBE,2026-04-25 19:42:06,2026-04-27 15:43:00,Sunland,1,2026-04-28 11:09:00
Rock Island Tailrace STH,2,G72CC7EBE,2026-04-25 19:42:06,2026-04-27 15:43:00,Wanapum BRZ,1,2026-04-29 09:39:04
Rock Island Tailrace STH,2,G72CC7EBE,2026-04-25 19:42:06,2026-04-27 15:43:00,Mattawa,1,2026-04-29 12:06:43
Rock Island Tailrace STH,2,G72CC7EBE,2026-04-25 19:42:06,2026-04-27 15:43:00,Priest BRZ,1,2026-04-30 14:28:02
Rock Island Tailrace STH,2,G72CC7EBE,2026-04-25 19:42:06,2026-04-27 15:43:00,Lower Ringold,1,2026-05-02 02:02:10
Rock Island Tailrace STH,2,G72CC7EBE,2026-04-25 19:42:06,2026-04-27 15:43:00,Hanford,1,2026-05-02 04:46:58
Rock Island Tailrace STH,3,G72CE1CF6,2026-04-28 20:50:07,2026-04-30 15:42:00,Crescent Bar,1,2026-05-01 04:47:59
Rock Island Tailrace STH,3,G72CE1CF6,2026-04-28 20:50:07,2026-04-30 15:42:00,Sunland,1,2026-05-01 16:37:52
Rock Island Tailrace STH,3,G72CE1CF6,2026-04-28 20:50:07,2026-04-30 15:42:00,Wanapum BRZ,1,2026-05-02 15:21:52
Rock Island Tailrace STH,3,G72CE1CF6,2026-04-28 20:50:07,2026-04-30 15:42:00,Mattawa,1,2026-05-04 06:47:47
Rock Island Tailrace STH,3,G72CE1CF6,2026-04-28 20:50:07,2026-04-30 15:42:00,Priest BRZ,1,2026-05-04 17:44:17
Rock Island Tailrace STH,3,G72CE1CF6,2026-04-28 20:50:07,2026-04-30 15:42:00,Lower Ringold,0,
Rock Island Tailrace STH,3,G72CE1CF6,2026-04-28 20:50:07,2026-04-30 15:42:00,Hanford,0,
Rock Island Tailrace STH,3,G72D024BA,2026-04-29 17:30:49,2026-05-01 15:43:00,Crescent Bar,1,2026-05-01 23:15:31
Rock Island Tailrace STH,3,G72D024BA,2026-04-29 17:30:49,2026-05-01 15:43:00,Sunland,1,2026-05-02 07:22:42
Rock Island Tailrace STH,3,G72D024BA,2026-04-29 17:30:49,2026-05-01 15:43:00,Wanapum BRZ,0,
Rock Island Tailrace STH,3,G72D024BA,2026-04-29 17:30:49,2026-05-01 15:43:00,Mattawa,0,
Rock Island Tailrace STH,3,G72D024BA,2026-04-29 17:30:49,2026-05-01 15:43:00,Priest BRZ,0,
Rock Island Tailrace STH,3,G72D024BA,2026-04-29 17:30:49,2026-05-01 15:43:00,Lower Ringold,0,
Rock Island Tailrace STH,3,G72D024BA,2026-04-29 17:30:49,2026-05-01 15:43:00,Hanford,0,
Rock Island Tailrace STH,3,G72D058E1,2026-05-01 18:05:47,2026-05-03 15:52:00,Crescent Bar,1,2026-05-04 00:32:17
Rock Island Tailrace STH,3,G72D058E1,2026-05-01 18:05:47,2026-05-03 15:52:00,Sunland,1,2026-05-04 12:58:01
Rock Island Tailrace STH,3,G72D058E1,2026-05-01 18:05:47,2026-05-03 15:52:00,Wanapum BRZ,0,
Rock Island Tailrace STH,3,G72D058E1,2026-05-01 18:05:47,2026-05-03 15:52:00,Mattawa,0,
Rock Island Tailrace STH,3,G72D058E1,2026-05-01 18:05:47,2026-05-03 15:52:00,Priest BRZ,0,
Rock Island Tailrace STH,3,G72D058E1,2026-05-01 18:05:47,2026-05-03 15:52:00,Lower Ringold,0,
Rock Island Tailrace STH,3,G72D058E1,2026-05-01 18:05:47,2026-05-03 15:52:00,Hanford,0,
Rock Island Tailrace STH,1,G72D14E65,2026-04-28 20:23:47,2026-04-30 15:42:00,Crescent Bar,1,2026-04-30 21:03:55
Rock Island Tailrace STH,1,G72D14E65,2026-04-28 20:23:47,2026-04-30 15:42:00,Sunland,0,
Rock Island Tailrace STH,1,G72D14E65,2026-04-28 20:23:47,2026-04-30 15:42:00,Wanapum BRZ,0,
Rock Island Tailrace STH,1,G72D14E65,2026-04-28 20:23:47,2026-04-30 15:42:00,Mattawa,0,
Rock Island Tailrace STH,1,G72D14E65,2026-04-28 20:23:47,2026-04-30 15:42:00,Priest BRZ,0,
Rock Island Tailrace STH,1,G72D14E65,2026-04-28 20:23:47,2026-04-30 15:42:00,Lower Ringold,0,
Rock Island Tailrace STH,1,G72D14E65,2026-04-28 20:23:47,2026-04-30 15:42:00,Hanford,0,
Rock Island Tailrace STH,2,G72D1A1CD,2026-04-25 19:37:20,2026-04-27 15:43:00,Crescent Bar,1,2026-04-28 09:51:18
Rock Island Tailrace STH,2,G72D1A1CD,2026-04-25 19:37:20,2026-04-27 15:43:00,Sunland,1,2026-04-28 19:56:35
Rock Island Tailrace STH,2,G72D1A1CD,2026-04-25 19:37:20,2026-04-27 15:43:00,Wanapum BRZ,1,2026-05-01 10:24:16
Rock Island Tailrace STH,2,G72D1A1CD,2026-04-25 19:37:20,2026-04-27 15:43:00,Mattawa,1,2026-05-05 14:07:15
Rock Island Tailrace STH,2,G72D1A1CD,2026-04-25 19:37:20,2026-04-27 15:43:00,Priest BRZ,1,2026-05-06 05:58:07
Rock Island Tailrace STH,2,G72D1A1CD,2026-04-25 19:37:20,2026-04-27 15:43:00,Lower Ringold,1,2026-05-06 21:59:57
Rock Island Tailrace STH,2,G72D1A1CD,2026-04-25 19:37:20,2026-04-27 15:43:00,Hanford,1,2026-05-07 05:19:33
Rock Island Tailrace STH,1,G72D37DA8,2026-04-30 17:37:18,2026-05-02 16:02:00,Crescent Bar,1,2026-05-02 20:18:28
Rock Island Tailrace STH,1,G72D37DA8,2026-04-30 17:37:18,2026-05-02 16:02:00,Sunland,1,2026-05-03 06:19:33
Rock Island Tailrace STH,1,G72D37DA8,2026-04-30 17:37:18,2026-05-02 16:02:00,Wanapum BRZ,1,2026-05-05 00:47:34
Rock Island Tailrace STH,1,G72D37DA8,2026-04-30 17:37:18,2026-05-02 16:02:00,Mattawa,1,2026-05-06 06:51:23
Rock Island Tailrace STH,1,G72D37DA8,2026-04-30 17:37:18,2026-05-02 16:02:00,Priest BRZ,1,2026-05-07 06:30:00
Rock Island Tailrace STH,1,G72D37DA8,2026-04-30 17:37:18,2026-05-02 16:02:00,Lower Ringold,1,2026-05-08 01:51:41
Rock Island Tailrace STH,1,G72D37DA8,2026-04-30 17:37:18,2026-05-02 16:02:00,Hanford,1,2026-05-08 05:50:56
Rock Island Tailrace STH,1,G72D52445,2026-04-28 20:52:33,2026-04-30 15:42:00,Crescent Bar,1,2026-04-30 22:12:30
Rock Island Tailrace STH,1,G72D52445,2026-04-28 20:52:33,2026-04-30 15:42:00,Sunland,1,2026-05-01 12:04:17
Rock Island Tailrace STH,1,G72D52445,2026-04-28 20:52:33,2026-04-30 15:42:00,Wanapum BRZ,1,2026-05-02 06:24:14
Rock Island Tailrace STH,1,G72D52445,2026-04-28 20:52:33,2026-04-30 15:42:00,Mattawa,0,
Rock Island Tailrace STH,1,G72D52445,2026-04-28 20:52:33,2026-04-30 15:42:00,Priest BRZ,0,
Rock Island Tailrace STH,1,G72D52445,2026-04-28 20:52:33,2026-04-30 15:42:00,Lower Ringold,0,
Rock Island Tailrace STH,1,G72D52445,2026-04-28 20:52:33,2026-04-30 15:42:00,Hanford,0,
Rock Island Tailrace STH,1,G72D5D7D3,2026-05-02 18:38:47,2026-05-04 15:47:00,Crescent Bar,1,2026-05-04 22:44:54
Rock Island Tailrace STH,1,G72D5D7D3,2026-05-02 18:38:47,2026-05-04 15:47:00,Sunland,1,2026-05-05 08:33:28
Rock Island Tailrace STH,1,G72D5D7D3,2026-05-02 18:38:47,2026-05-04 15:47:00,Wanapum BRZ,1,2026-05-06 14:39:15
Rock Island Tailrace STH,1,G72D5D7D3,2026-05-02 18:38:47,2026-05-04 15:47:00,Mattawa,1,2026-05-06 20:45:45
Rock Island Tailrace STH,1,G72D5D7D3,2026-05-02 18:38:47,2026-05-04 15:47:00,Priest BRZ,1,2026-05-07 04:31:49
Rock Island Tailrace STH,1,G72D5D7D3,2026-05-02 18:38:47,2026-05-04 15:47:00,Lower Ringold,1,2026-05-07 16:33:50
Rock Island Tailrace STH,1,G72D5D7D3,2026-05-02 18:38:47,2026-05-04 15:47:00,Hanford,1,2026-05-07 19:20:51
Rock Island Tailrace STH,1,G72D69A3D,2026-04-28 20:18:30,2026-04-30 15:42:00,Crescent Bar,1,2026-04-30 19:51:12
Rock Island Tailrace STH,1,G72D69A3D,2026-04-28 20:18:30,2026-04-30 15:42:00,Sunland,1,2026-05-01 06:23:53
Rock Island Tailrace STH,1,G72D69A3D,2026-04-28 20:18:30,2026-04-30 15:42:00,Wanapum BRZ,1,2026-05-04 06:22:22
Rock Island Tailrace STH,1,G72D69A3D,2026-04-28 20:18:30,2026-04-30 15:42:00,Mattawa,1,2026-05-04 10:51:24
Rock Island Tailrace STH,1,G72D69A3D,2026-04-28 20:18:30,2026-04-30 15:42:00,Priest BRZ,1,2026-05-05 00:46:32
Rock Island Tailrace STH,1,G72D69A3D,2026-04-28 20:18:30,2026-04-30 15:42:00,Lower Ringold,1,2026-05-06 08:47:33
Rock Island Tailrace STH,1,G72D69A3D,2026-04-28 20:18:30,2026-04-30 15:42:00,Hanford,1,2026-05-06 11:44:43
Rock Island Tailrace STH,1,G72D6BF21,2026-05-01 18:00:43,2026-05-03 15:52:00,Crescent Bar,1,2026-05-04 07:58:06
Rock Island Tailrace STH,1,G72D6BF21,2026-05-01 18:00:43,2026-05-03 15:52:00,Sunland,1,2026-05-04 20:53:37
Rock Island Tailrace STH,1,G72D6BF21,2026-05-01 18:00:43,2026-05-03 15:52:00,Wanapum BRZ,1,2026-05-05 21:47:56
Rock Island Tailrace STH,1,G72D6BF21,2026-05-01 18:00:43,2026-05-03 15:52:00,Mattawa,1,2026-05-06 07:49:25
Rock Island Tailrace STH,1,G72D6BF21,2026-05-01 18:00:43,2026-05-03 15:52:00,Priest BRZ,1,2026-05-07 07:37:28
Rock Island Tailrace STH,1,G72D6BF21,2026-05-01 18:00:43,2026-05-03 15:52:00,Lower Ringold,1,2026-05-09 21:29:30
Rock Island Tailrace STH,1,G72D6BF21,2026-05-01 18:00:43,2026-05-03 15:52:00,Hanford,0,
Rock Island Tailrace STH,1,G72D73A56,2026-04-26 19:06:00,2026-04-28 15:47:00,Crescent Bar,1,2026-04-29 01:46:06
Rock Island Tailrace STH,1,G72D73A56,2026-04-26 19:06:00,2026-04-28 15:47:00,Sunland,1,2026-04-29 13:14:13
Rock Island Tailrace STH,1,G72D73A56,2026-04-26 19:06:00,2026-04-28 15:47:00,Wanapum BRZ,1,2026-05-02 17:27:25
Rock Island Tailrace STH,1,G72D73A56,2026-04-26 19:06:00,2026-04-28 15:47:00,Mattawa,1,2026-05-05 08:01:59
Rock Island Tailrace STH,1,G72D73A56,2026-04-26 19:06:00,2026-04-28 15:47:00,Priest BRZ,1,2026-05-06 07:46:19
Rock Island Tailrace STH,1,G72D73A56,2026-04-26 19:06:00,2026-04-28 15:47:00,Lower Ringold,1,2026-05-06 22:07:45
Rock Island Tailrace STH,1,G72D73A56,2026-04-26 19:06:00,2026-04-28 15:47:00,Hanford,1,2026-05-07 00:40:54
Rock Island Tailrace STH,1,G72D73F69,2026-04-29 17:24:50,2026-05-01 15:43:00,Crescent Bar,1,2026-05-01 21:16:47
Rock Island Tailrace STH,1,G72D73F69,2026-04-29 17:24:50,2026-05-01 15:43:00,Sunland,1,2026-05-02 05:59:01
Rock Island Tailrace STH,1,G72D73F69,2026-04-29 17:24:50,2026-05-01 15:43:00,Wanapum BRZ,1,2026-05-03 14:25:24
Rock Island Tailrace STH,1,G72D73F69,2026-04-29 17:24:50,2026-05-01 15:43:00,Mattawa,1,2026-05-03 18:51:23
Rock Island Tailrace STH,1,G72D73F69,2026-04-29 17:24:50,2026-05-01 15:43:00,Priest BRZ,1,2026-05-04 17:25:02
Rock Island Tailrace STH,1,G72D73F69,2026-04-29 17:24:50,2026-05-01 15:43:00,Lower Ringold,1,2026-05-05 10:09:59
Rock Island Tailrace STH,1,G72D73F69,2026-04-29 17:24:50,2026-05-01 15:43:00,Hanford,1,2026-05-05 13:14:40
Rock Island Tailrace STH,1,G72D7494C,2026-04-27 21:11:01,2026-04-29 15:28:00,Crescent Bar,1,2026-04-29 20:51:48
Rock Island Tailrace STH,1,G72D7494C,2026-04-27 21:11:01,2026-04-29 15:28:00,Sunland,1,2026-04-30 05:49:08
Rock Island Tailrace STH,1,G72D7494C,2026-04-27 21:11:01,2026-04-29 15:28:00,Wanapum BRZ,1,2026-05-04 19:36:45
Rock Island Tailrace STH,1,G72D7494C,2026-04-27 21:11:01,2026-04-29 15:28:00,Mattawa,1,2026-05-05 00:20:16
Rock Island Tailrace STH,1,G72D7494C,2026-04-27 21:11:01,2026-04-29 15:28:00,Priest BRZ,1,2026-05-05 09:29:31
Rock Island Tailrace STH,1,G72D7494C,2026-04-27 21:11:01,2026-04-29 15:28:00,Lower Ringold,1,2026-05-06 10:33:10
Rock Island Tailrace STH,1,G72D7494C,2026-04-27 21:11:01,2026-04-29 15:28:00,Hanford,1,2026-05-06 13:11:23
Rock Island Tailrace STH,1,G72D7847B,2026-04-29 17:26:27,2026-05-01 15:43:00,Crescent Bar,1,2026-05-01 20:54:24
Rock Island Tailrace STH,1,G72D7847B,2026-04-29 17:26:27,2026-05-01 15:43:00,Sunland,1,2026-05-02 05:34:56
Rock Island Tailrace STH,1,G72D7847B,2026-04-29 17:26:27,2026-05-01 15:43:00,Wanapum BRZ,1,2026-05-04 05:13:31
Rock Island Tailrace STH,1,G72D7847B,2026-04-29 17:26:27,2026-05-01 15:43:00,Mattawa,1,2026-05-12 20:49:08
Rock Island Tailrace STH,1,G72D7847B,2026-04-29 17:26:27,2026-05-01 15:43:00,Priest BRZ,1,2026-05-13 18:55:16
Rock Island Tailrace STH,1,G72D7847B,2026-04-29 17:26:27,2026-05-01 15:43:00,Lower Ringold,1,2026-05-14 06:22:15
Rock Island Tailrace STH,1,G72D7847B,2026-04-29 17:26:27,2026-05-01 15:43:00,Hanford,1,2026-05-14 09:20:01
Rock Island Tailrace STH,1,G72D840C8,2026-04-30 17:41:33,2026-05-02 16:02:00,Crescent Bar,1,2026-05-03 01:26:07
Rock Island Tailrace STH,1,G72D840C8,2026-04-30 17:41:33,2026-05-02 16:02:00,Sunland,1,2026-05-03 12:51:15
Rock Island Tailrace STH,1,G72D840C8,2026-04-30 17:41:33,2026-05-02 16:02:00,Wanapum BRZ,1,2026-05-04 05:44:10
Rock Island Tailrace STH,1,G72D840C8,2026-04-30 17:41:33,2026-05-02 16:02:00,Mattawa,1,2026-05-04 23:47:03
Rock Island Tailrace STH,1,G72D840C8,2026-04-30 17:41:33,2026-05-02 16:02:00,Priest BRZ,1,2026-05-05 09:52:00
Rock Island Tailrace STH,1,G72D840C8,2026-04-30 17:41:33,2026-05-02 16:02:00,Lower Ringold,1,2026-05-06 09:04:42
Rock Island Tailrace STH,1,G72D840C8,2026-04-30 17:41:33,2026-05-02 16:02:00,Hanford,1,2026-05-06 12:02:37
Rock Island Tailrace STH,1,G72D91815,2026-04-29 17:18:26,2026-05-01 15:43:00,Crescent Bar,1,2026-05-01 19:54:33
Rock Island Tailrace STH,1,G72D91815,2026-04-29 17:18:26,2026-05-01 15:43:00,Sunland,1,2026-05-02 02:49:39
Rock Island Tailrace STH,1,G72D91815,2026-04-29 17:18:26,2026-05-01 15:43:00,Wanapum BRZ,1,2026-05-03 01:35:00
Rock Island Tailrace STH,1,G72D91815,2026-04-29 17:18:26,2026-05-01 15:43:00,Mattawa,1,2026-05-03 19:52:39
Rock Island Tailrace STH,1,G72D91815,2026-04-29 17:18:26,2026-05-01 15:43:00,Priest BRZ,1,2026-05-04 22:49:57
Rock Island Tailrace STH,1,G72D91815,2026-04-29 17:18:26,2026-05-01 15:43:00,Lower Ringold,1,2026-05-08 00:32:28
Rock Island Tailrace STH,1,G72D91815,2026-04-29 17:18:26,2026-05-01 15:43:00,Hanford,1,2026-05-08 03:17:35
Rock Island Tailrace STH,3,G72D9EB83,2026-04-29 17:29:42,2026-05-01 15:43:00,Crescent Bar,1,2026-05-09 12:11:34
Rock Island Tailrace STH,3,G72D9EB83,2026-04-29 17:29:42,2026-05-01 15:43:00,Sunland,1,2026-05-09 21:09:13
Rock Island Tailrace STH,3,G72D9EB83,2026-04-29 17:29:42,2026-05-01 15:43:00,Wanapum BRZ,1,2026-05-10 11:31:11
Rock Island Tailrace STH,3,G72D9EB83,2026-04-29 17:29:42,2026-05-01 15:43:00,Mattawa,1,2026-05-10 17:37:13
Rock Island Tailrace STH,3,G72D9EB83,2026-04-29 17:29:42,2026-05-01 15:43:00,Priest BRZ,1,2026-05-11 21:30:04
Rock Island Tailrace STH,3,G72D9EB83,2026-04-29 17:29:42,2026-05-01 15:43:00,Lower Ringold,1,2026-05-12 09:19:29
Rock Island Tailrace STH,3,G72D9EB83,2026-04-29 17:29:42,2026-05-01 15:43:00,Hanford,1,2026-05-12 12:23:38
Rock Island Tailrace STH,2,G72D9F501,2026-04-29 17:23:24,2026-05-01 15:43:00,Crescent Bar,1,2026-05-01 23:09:07
Rock Island Tailrace STH,2,G72D9F501,2026-04-29 17:23:24,2026-05-01 15:43:00,Sunland,1,2026-05-02 08:46:47
Rock Island Tailrace STH,2,G72D9F501,2026-04-29 17:23:24,2026-05-01 15:43:00,Wanapum BRZ,1,2026-05-03 23:25:12
Rock Island Tailrace STH,2,G72D9F501,2026-04-29 17:23:24,2026-05-01 15:43:00,Mattawa,0,
Rock Island Tailrace STH,2,G72D9F501,2026-04-29 17:23:24,2026-05-01 15:43:00,Priest BRZ,0,
Rock Island Tailrace STH,2,G72D9F501,2026-04-29 17:23:24,2026-05-01 15:43:00,Lower Ringold,0,
Rock Island Tailrace STH,2,G72D9F501,2026-04-29 17:23:24,2026-05-01 15:43:00,Hanford,0,
Rock Island Tailrace STH,2,G72DA367C,2026-04-25 19:48:22,2026-04-27 15:43:00,Crescent Bar,1,2026-04-27 21:56:52
Rock Island Tailrace STH,2,G72DA367C,2026-04-25 19:48:22,2026-04-27 15:43:00,Sunland,1,2026-04-28 14:03:55
Rock Island Tailrace STH,2,G72DA367C,2026-04-25 19:48:22,2026-04-27 15:43:00,Wanapum BRZ,1,2026-04-29 23:10:04
Rock Island Tailrace STH,2,G72DA367C,2026-04-25 19:48:22,2026-04-27 15:43:00,Mattawa,0,
Rock Island Tailrace STH,2,G72DA367C,2026-04-25 19:48:22,2026-04-27 15:43:00,Priest BRZ,0,
Rock Island Tailrace STH,2,G72DA367C,2026-04-25 19:48:22,2026-04-27 15:43:00,Lower Ringold,0,
Rock Island Tailrace STH,2,G72DA367C,2026-04-25 19:48:22,2026-04-27 15:43:00,Hanford,0,
Rock Island Tailrace STH,1,G72DAFB4B,2026-04-27 21:01:37,2026-04-29 15:28:00,Crescent Bar,1,2026-04-29 20:52:04
Rock Island Tailrace STH,1,G72DAFB4B,2026-04-27 21:01:37,2026-04-29 15:28:00,Sunland,1,2026-04-30 06:22:43
Rock Island Tailrace STH,1,G72DAFB4B,2026-04-27 21:01:37,2026-04-29 15:28:00,Wanapum BRZ,1,2026-05-01 22:59:41
Rock Island Tailrace STH,1,G72DAFB4B,2026-04-27 21:01:37,2026-04-29 15:28:00,Mattawa,1,2026-05-02 01:12:48
Rock Island Tailrace STH,1,G72DAFB4B,2026-04-27 21:01:37,2026-04-29 15:28:00,Priest BRZ,1,2026-05-03 05:57:07
Rock Island Tailrace STH,1,G72DAFB4B,2026-04-27 21:01:37,2026-04-29 15:28:00,Lower Ringold,1,2026-05-03 17:53:07
Rock Island Tailrace STH,1,G72DAFB4B,2026-04-27 21:01:37,2026-04-29 15:28:00,Hanford,1,2026-05-03 21:26:03
Rock Island Tailrace STH,3,G72DB8CF4,2026-05-02 18:17:08,2026-05-04 15:47:00,Crescent Bar,1,2026-05-04 23:58:55
Rock Island Tailrace STH,3,G72DB8CF4,2026-05-02 18:17:08,2026-05-04 15:47:00,Sunland,1,2026-05-05 11:01:30
Rock Island Tailrace STH,3,G72DB8CF4,2026-05-02 18:17:08,2026-05-04 15:47:00,Wanapum BRZ,1,2026-05-06 13:06:59
Rock Island Tailrace STH,3,G72DB8CF4,2026-05-02 18:17:08,2026-05-04 15:47:00,Mattawa,1,2026-05-06 18:28:46
Rock Island Tailrace STH,3,G72DB8CF4,2026-05-02 18:17:08,2026-05-04 15:47:00,Priest BRZ,1,2026-05-07 06:23:49
Rock Island Tailrace STH,3,G72DB8CF4,2026-05-02 18:17:08,2026-05-04 15:47:00,Lower Ringold,0,
Rock Island Tailrace STH,3,G72DB8CF4,2026-05-02 18:17:08,2026-05-04 15:47:00,Hanford,0,
Rock Island Tailrace STH,3,G72DD6A6A,2026-04-30 17:39:29,2026-05-02 16:02:00,Crescent Bar,1,2026-05-02 21:22:31
Rock Island Tailrace STH,3,G72DD6A6A,2026-04-30 17:39:29,2026-05-02 16:02:00,Sunland,1,2026-05-03 04:49:42
Rock Island Tailrace STH,3,G72DD6A6A,2026-04-30 17:39:29,2026-05-02 16:02:00,Wanapum BRZ,1,2026-05-04 10:19:28
Rock Island Tailrace STH,3,G72DD6A6A,2026-04-30 17:39:29,2026-05-02 16:02:00,Mattawa,1,2026-05-05 04:55:29
Rock Island Tailrace STH,3,G72DD6A6A,2026-04-30 17:39:29,2026-05-02 16:02:00,Priest BRZ,1,2026-05-06 04:12:47
Rock Island Tailrace STH,3,G72DD6A6A,2026-04-30 17:39:29,2026-05-02 16:02:00,Lower Ringold,1,2026-05-06 16:25:34
Rock Island Tailrace STH,3,G72DD6A6A,2026-04-30 17:39:29,2026-05-02 16:02:00,Hanford,1,2026-05-06 20:33:35
Rock Island Tailrace STH,2,G72DDE904,2026-04-29 17:23:00,2026-05-01 15:43:00,Crescent Bar,1,2026-05-01 20:26:13
Rock Island Tailrace STH,2,G72DDE904,2026-04-29 17:23:00,2026-05-01 15:43:00,Sunland,1,2026-05-02 05:25:56
Rock Island Tailrace STH,2,G72DDE904,2026-04-29 17:23:00,2026-05-01 15:43:00,Wanapum BRZ,1,2026-05-03 05:01:32
Rock Island Tailrace STH,2,G72DDE904,2026-04-29 17:23:00,2026-05-01 15:43:00,Mattawa,1,2026-05-04 20:59:15
Rock Island Tailrace STH,2,G72DDE904,2026-04-29 17:23:00,2026-05-01 15:43:00,Priest BRZ,1,2026-05-05 07:31:51
Rock Island Tailrace STH,2,G72DDE904,2026-04-29 17:23:00,2026-05-01 15:43:00,Lower Ringold,1,2026-05-08 17:19:26
Rock Island Tailrace STH,2,G72DDE904,2026-04-29 17:23:00,2026-05-01 15:43:00,Hanford,1,2026-05-08 21:02:31
Rock Island Tailrace STH,3,G72DF73FA,2026-05-01 18:04:30,2026-05-03 15:52:00,Crescent Bar,1,2026-05-04 19:57:46
Rock Island Tailrace STH,3,G72DF73FA,2026-05-01 18:04:30,2026-05-03 15:52:00,Sunland,1,2026-05-05 05:20:05
Rock Island Tailrace STH,3,G72DF73FA,2026-05-01 18:04:30,2026-05-03 15:52:00,Wanapum BRZ,1,2026-05-06 16:22:20
Rock Island Tailrace STH,3,G72DF73FA,2026-05-01 18:04:30,2026-05-03 15:52:00,Mattawa,1,2026-05-08 13:59:24
Rock Island Tailrace STH,3,G72DF73FA,2026-05-01 18:04:30,2026-05-03 15:52:00,Priest BRZ,1,2026-05-09 04:48:44
Rock Island Tailrace STH,3,G72DF73FA,2026-05-01 18:04:30,2026-05-03 15:52:00,Lower Ringold,1,2026-05-10 03:33:25
Rock Island Tailrace STH,3,G72DF73FA,2026-05-01 18:04:30,2026-05-03 15:52:00,Hanford,1,2026-05-10 15:43:18
Rock Island Tailrace STH,2,G72E13EB0,2026-04-29 17:19:08,2026-05-01 15:43:00,Crescent Bar,1,2026-05-01 20:18:59
Rock Island Tailrace STH,2,G72E13EB0,2026-04-29 17:19:08,2026-05-01 15:43:00,Sunland,1,2026-05-02 05:17:49
Rock Island Tailrace STH,2,G72E13EB0,2026-04-29 17:19:08,2026-05-01 15:43:00,Wanapum BRZ,1,2026-05-04 00:22:26
Rock Island Tailrace STH,2,G72E13EB0,2026-04-29 17:19:08,2026-05-01 15:43:00,Mattawa,1,2026-05-05 09:11:35
Rock Island Tailrace STH,2,G72E13EB0,2026-04-29 17:19:08,2026-05-01 15:43:00,Priest BRZ,1,2026-05-06 05:26:16
Rock Island Tailrace STH,2,G72E13EB0,2026-04-29 17:19:08,2026-05-01 15:43:00,Lower Ringold,1,2026-05-06 17:59:02
Rock Island Tailrace STH,2,G72E13EB0,2026-04-29 17:19:08,2026-05-01 15:43:00,Hanford,1,2026-05-07 02:34:57
Rock Island Tailrace STH,2,G72E1A202,2026-05-01 17:56:36,2026-05-03 15:52:00,Crescent Bar,1,2026-05-04 03:10:53
Rock Island Tailrace STH,2,G72E1A202,2026-05-01 17:56:36,2026-05-03 15:52:00,Sunland,1,2026-05-04 13:17:14
Rock Island Tailrace STH,2,G72E1A202,2026-05-01 17:56:36,2026-05-03 15:52:00,Wanapum BRZ,1,2026-05-05 11:27:34
Rock Island Tailrace STH,2,G72E1A202,2026-05-01 17:56:36,2026-05-03 15:52:00,Mattawa,1,2026-05-05 16:49:55
Rock Island Tailrace STH,2,G72E1A202,2026-05-01 17:56:36,2026-05-03 15:52:00,Priest BRZ,1,2026-05-06 06:12:26
Rock Island Tailrace STH,2,G72E1A202,2026-05-01 17:56:36,2026-05-03 15:52:00,Lower Ringold,1,2026-05-07 05:40:16
Rock Island Tailrace STH,2,G72E1A202,2026-05-01 17:56:36,2026-05-03 15:52:00,Hanford,1,2026-05-07 08:47:28
Rock Island Tailrace STH,1,G72E22F26,2026-04-27 21:14:44,2026-04-29 15:28:00,Crescent Bar,1,2026-04-29 21:27:06
Rock Island Tailrace STH,1,G72E22F26,2026-04-27 21:14:44,2026-04-29 15:28:00,Sunland,1,2026-04-30 06:46:42
Rock Island Tailrace STH,1,G72E22F26,2026-04-27 21:14:44,2026-04-29 15:28:00,Wanapum BRZ,1,2026-05-02 07:31:48
Rock Island Tailrace STH,1,G72E22F26,2026-04-27 21:14:44,2026-04-29 15:28:00,Mattawa,1,2026-05-03 12:22:37
Rock Island Tailrace STH,1,G72E22F26,2026-04-27 21:14:44,2026-04-29 15:28:00,Priest BRZ,1,2026-05-04 17:35:09
Rock Island Tailrace STH,1,G72E22F26,2026-04-27 21:14:44,2026-04-29 15:28:00,Lower Ringold,1,2026-05-05 18:38:51
Rock Island Tailrace STH,1,G72E22F26,2026-04-27 21:14:44,2026-04-29 15:28:00,Hanford,1,2026-05-05 21:18:43
Rock Island Tailrace STH,3,G72E2AFAA,2026-04-25 19:33:42,2026-04-27 15:43:00,Crescent Bar,1,2026-04-27 20:53:32
Rock Island Tailrace STH,3,G72E2AFAA,2026-04-25 19:33:42,2026-04-27 15:43:00,Sunland,1,2026-04-28 07:19:32
Rock Island Tailrace STH,3,G72E2AFAA,2026-04-25 19:33:42,2026-04-27 15:43:00,Wanapum BRZ,1,2026-04-29 04:12:05
Rock Island Tailrace STH,3,G72E2AFAA,2026-04-25 19:33:42,2026-04-27 15:43:00,Mattawa,1,2026-04-29 10:17:59
Rock Island Tailrace STH,3,G72E2AFAA,2026-04-25 19:33:42,2026-04-27 15:43:00,Priest BRZ,1,2026-04-29 20:37:27
Rock Island Tailrace STH,3,G72E2AFAA,2026-04-25 19:33:42,2026-04-27 15:43:00,Lower Ringold,1,2026-05-09 00:12:01
Rock Island Tailrace STH,3,G72E2AFAA,2026-04-25 19:33:42,2026-04-27 15:43:00,Hanford,1,2026-05-09 03:11:27
Rock Island Tailrace STH,3,G72E32EBC,2026-05-02 18:09:17,2026-05-04 15:47:00,Crescent Bar,1,2026-05-05 03:31:59
Rock Island Tailrace STH,3,G72E32EBC,2026-05-02 18:09:17,2026-05-04 15:47:00,Sunland,1,2026-05-05 12:57:25
Rock Island Tailrace STH,3,G72E32EBC,2026-05-02 18:09:17,2026-05-04 15:47:00,Wanapum BRZ,1,2026-05-06 13:35:41
Rock Island Tailrace STH,3,G72E32EBC,2026-05-02 18:09:17,2026-05-04 15:47:00,Mattawa,1,2026-05-06 19:19:21
Rock Island Tailrace STH,3,G72E32EBC,2026-05-02 18:09:17,2026-05-04 15:47:00,Priest BRZ,1,2026-05-07 06:07:38
Rock Island Tailrace STH,3,G72E32EBC,2026-05-02 18:09:17,2026-05-04 15:47:00,Lower Ringold,1,2026-05-08 02:46:01
Rock Island Tailrace STH,3,G72E32EBC,2026-05-02 18:09:17,2026-05-04 15:47:00,Hanford,1,2026-05-08 05:51:14
Rock Island Tailrace STH,1,G72E3A293,2026-04-26 19:07:25,2026-04-28 15:47:00,Crescent Bar,1,2026-04-28 22:23:18
Rock Island Tailrace STH,1,G72E3A293,2026-04-26 19:07:25,2026-04-28 15:47:00,Sunland,1,2026-04-29 08:07:12
Rock Island Tailrace STH,1,G72E3A293,2026-04-26 19:07:25,2026-04-28 15:47:00,Wanapum BRZ,1,2026-05-02 09:58:29
Rock Island Tailrace STH,1,G72E3A293,2026-04-26 19:07:25,2026-04-28 15:47:00,Mattawa,1,2026-05-03 18:54:13
Rock Island Tailrace STH,1,G72E3A293,2026-04-26 19:07:25,2026-04-28 15:47:00,Priest BRZ,1,2026-05-04 01:26:25
Rock Island Tailrace STH,1,G72E3A293,2026-04-26 19:07:25,2026-04-28 15:47:00,Lower Ringold,0,
Rock Island Tailrace STH,1,G72E3A293,2026-04-26 19:07:25,2026-04-28 15:47:00,Hanford,0,
Rock Island Tailrace STH,1,G72E3BEAD,2026-05-01 18:07:57,2026-05-03 15:52:00,Crescent Bar,1,2026-05-04 03:00:19
Rock Island Tailrace STH,1,G72E3BEAD,2026-05-01 18:07:57,2026-05-03 15:52:00,Sunland,1,2026-05-04 11:43:40
Rock Island Tailrace STH,1,G72E3BEAD,2026-05-01 18:07:57,2026-05-03 15:52:00,Wanapum BRZ,1,2026-05-05 13:14:03
Rock Island Tailrace STH,1,G72E3BEAD,2026-05-01 18:07:57,2026-05-03 15:52:00,Mattawa,1,2026-05-06 05:54:52
Rock Island Tailrace STH,1,G72E3BEAD,2026-05-01 18:07:57,2026-05-03 15:52:00,Priest BRZ,1,2026-05-07 01:00:17
Rock Island Tailrace STH,1,G72E3BEAD,2026-05-01 18:07:57,2026-05-03 15:52:00,Lower Ringold,1,2026-05-07 14:18:19
Rock Island Tailrace STH,1,G72E3BEAD,2026-05-01 18:07:57,2026-05-03 15:52:00,Hanford,1,2026-05-07 17:24:37
Rock Island Tailrace STH,1,G72E4030C,2026-05-02 18:19:59,2026-05-04 15:47:00,Crescent Bar,1,2026-05-05 05:33:16
Rock Island Tailrace STH,1,G72E4030C,2026-05-02 18:19:59,2026-05-04 15:47:00,Sunland,1,2026-05-05 15:51:10
Rock Island Tailrace STH,1,G72E4030C,2026-05-02 18:19:59,2026-05-04 15:47:00,Wanapum BRZ,1,2026-05-06 14:54:31
Rock Island Tailrace STH,1,G72E4030C,2026-05-02 18:19:59,2026-05-04 15:47:00,Mattawa,1,2026-05-06 19:21:03
Rock Island Tailrace STH,1,G72E4030C,2026-05-02 18:19:59,2026-05-04 15:47:00,Priest BRZ,1,2026-05-07 04:47:08
Rock Island Tailrace STH,1,G72E4030C,2026-05-02 18:19:59,2026-05-04 15:47:00,Lower Ringold,1,2026-05-09 11:05:49
Rock Island Tailrace STH,1,G72E4030C,2026-05-02 18:19:59,2026-05-04 15:47:00,Hanford,1,2026-05-09 14:40:35
Rock Island Tailrace STH,1,G72E4516B,2026-05-01 17:51:11,2026-05-03 15:52:00,Crescent Bar,1,2026-05-04 01:05:24
Rock Island Tailrace STH,1,G72E4516B,2026-05-01 17:51:11,2026-05-03 15:52:00,Sunland,1,2026-05-04 09:33:11
Rock Island Tailrace STH,1,G72E4516B,2026-05-01 17:51:11,2026-05-03 15:52:00,Wanapum BRZ,1,2026-05-06 15:52:12
Rock Island Tailrace STH,1,G72E4516B,2026-05-01 17:51:11,2026-05-03 15:52:00,Mattawa,1,2026-05-07 03:00:05
Rock Island Tailrace STH,1,G72E4516B,2026-05-01 17:51:11,2026-05-03 15:52:00,Priest BRZ,1,2026-05-07 11:21:05
Rock Island Tailrace STH,1,G72E4516B,2026-05-01 17:51:11,2026-05-03 15:52:00,Lower Ringold,1,2026-05-07 23:40:25
Rock Island Tailrace STH,1,G72E4516B,2026-05-01 17:51:11,2026-05-03 15:52:00,Hanford,1,2026-05-08 02:18:35
Rock Island Tailrace STH,1,G72E46C28,2026-04-27 21:03:08,2026-04-29 15:28:00,Crescent Bar,1,2026-04-29 22:06:04
Rock Island Tailrace STH,1,G72E46C28,2026-04-27 21:03:08,2026-04-29 15:28:00,Sunland,1,2026-04-30 07:14:00
Rock Island Tailrace STH,1,G72E46C28,2026-04-27 21:03:08,2026-04-29 15:28:00,Wanapum BRZ,1,2026-05-02 06:44:49
Rock Island Tailrace STH,1,G72E46C28,2026-04-27 21:03:08,2026-04-29 15:28:00,Mattawa,1,2026-05-02 10:17:10
Rock Island Tailrace STH,1,G72E46C28,2026-04-27 21:03:08,2026-04-29 15:28:00,Priest BRZ,1,2026-05-03 05:23:35
Rock Island Tailrace STH,1,G72E46C28,2026-04-27 21:03:08,2026-04-29 15:28:00,Lower Ringold,1,2026-05-03 22:43:39
Rock Island Tailrace STH,1,G72E46C28,2026-04-27 21:03:08,2026-04-29 15:28:00,Hanford,1,2026-05-04 01:29:56
Rock Island Tailrace STH,3,G72E56B6F,2026-04-30 17:24:15,2026-05-02 16:02:00,Crescent Bar,1,2026-05-02 22:41:48
Rock Island Tailrace STH,3,G72E56B6F,2026-04-30 17:24:15,2026-05-02 16:02:00,Sunland,1,2026-05-03 06:27:35
Rock Island Tailrace STH,3,G72E56B6F,2026-04-30 17:24:15,2026-05-02 16:02:00,Wanapum BRZ,1,2026-05-04 08:13:44
Rock Island Tailrace STH,3,G72E56B6F,2026-04-30 17:24:15,2026-05-02 16:02:00,Mattawa,1,2026-05-04 11:52:00
Rock Island Tailrace STH,3,G72E56B6F,2026-04-30 17:24:15,2026-05-02 16:02:00,Priest BRZ,1,2026-05-05 05:10:51
Rock Island Tailrace STH,3,G72E56B6F,2026-04-30 17:24:15,2026-05-02 16:02:00,Lower Ringold,1,2026-05-05 16:52:21
Rock Island Tailrace STH,3,G72E56B6F,2026-04-30 17:24:15,2026-05-02 16:02:00,Hanford,1,2026-05-05 20:06:23
Rock Island Tailrace STH,3,G72E5FE41,2026-05-02 18:39:17,2026-05-04 15:47:00,Crescent Bar,1,2026-05-05 02:50:23
Rock Island Tailrace STH,3,G72E5FE41,2026-05-02 18:39:17,2026-05-04 15:47:00,Sunland,1,2026-05-05 12:01:31
Rock Island Tailrace STH,3,G72E5FE41,2026-05-02 18:39:17,2026-05-04 15:47:00,Wanapum BRZ,1,2026-05-06 08:03:46
Rock Island Tailrace STH,3,G72E5FE41,2026-05-02 18:39:17,2026-05-04 15:47:00,Mattawa,1,2026-05-06 12:51:22
Rock Island Tailrace STH,3,G72E5FE41,2026-05-02 18:39:17,2026-05-04 15:47:00,Priest BRZ,1,2026-05-07 03:13:42
Rock Island Tailrace STH,3,G72E5FE41,2026-05-02 18:39:17,2026-05-04 15:47:00,Lower Ringold,1,2026-05-07 23:41:21
Rock Island Tailrace STH,3,G72E5FE41,2026-05-02 18:39:17,2026-05-04 15:47:00,Hanford,1,2026-05-08 02:56:37
Rock Island Tailrace STH,2,G72E629C0,2026-04-27 21:06:44,2026-04-29 15:28:00,Crescent Bar,1,2026-04-29 21:07:07
Rock Island Tailrace STH,2,G72E629C0,2026-04-27 21:06:44,2026-04-29 15:28:00,Sunland,1,2026-04-30 07:22:08
Rock Island Tailrace STH,2,G72E629C0,2026-04-27 21:06:44,2026-04-29 15:28:00,Wanapum BRZ,1,2026-05-03 12:56:16
Rock Island Tailrace STH,2,G72E629C0,2026-04-27 21:06:44,2026-04-29 15:28:00,Mattawa,1,2026-05-04 07:32:57
Rock Island Tailrace STH,2,G72E629C0,2026-04-27 21:06:44,2026-04-29 15:28:00,Priest BRZ,1,2026-05-04 17:37:47
Rock Island Tailrace STH,2,G72E629C0,2026-04-27 21:06:44,2026-04-29 15:28:00,Lower Ringold,1,2026-05-05 10:30:17
Rock Island Tailrace STH,2,G72E629C0,2026-04-27 21:06:44,2026-04-29 15:28:00,Hanford,1,2026-05-05 13:32:26
Rock Island Tailrace STH,1,G72E6BF0C,2026-04-29 17:11:29,2026-05-01 15:43:00,Crescent Bar,1,2026-05-01 19:53:09
Rock Island Tailrace STH,1,G72E6BF0C,2026-04-29 17:11:29,2026-05-01 15:43:00,Sunland,1,2026-05-02 03:49:49
Rock Island Tailrace STH,1,G72E6BF0C,2026-04-29 17:11:29,2026-05-01 15:43:00,Wanapum BRZ,0,
Rock Island Tailrace STH,1,G72E6BF0C,2026-04-29 17:11:29,2026-05-01 15:43:00,Mattawa,0,
Rock Island Tailrace STH,1,G72E6BF0C,2026-04-29 17:11:29,2026-05-01 15:43:00,Priest BRZ,0,
Rock Island Tailrace STH,1,G72E6BF0C,2026-04-29 17:11:29,2026-05-01 15:43:00,Lower Ringold,0,
Rock Island Tailrace STH,1,G72E6BF0C,2026-04-29 17:11:29,2026-05-01 15:43:00,Hanford,0,
Rock Island Tailrace STH,1,G72E71447,2026-04-30 17:34:36,2026-05-02 16:02:00,Crescent Bar,1,2026-05-03 06:10:12
Rock Island Tailrace STH,1,G72E71447,2026-04-30 17:34:36,2026-05-02 16:02:00,Sunland,1,2026-05-03 14:02:02
Rock Island Tailrace STH,1,G72E71447,2026-04-30 17:34:36,2026-05-02 16:02:00,Wanapum BRZ,1,2026-05-04 16:04:15
Rock Island Tailrace STH,1,G72E71447,2026-04-30 17:34:36,2026-05-02 16:02:00,Mattawa,1,2026-05-05 09:15:02
Rock Island Tailrace STH,1,G72E71447,2026-04-30 17:34:36,2026-05-02 16:02:00,Priest BRZ,1,2026-05-06 05:04:30
Rock Island Tailrace STH,1,G72E71447,2026-04-30 17:34:36,2026-05-02 16:02:00,Lower Ringold,1,2026-05-06 16:30:18
Rock Island Tailrace STH,1,G72E71447,2026-04-30 17:34:36,2026-05-02 16:02:00,Hanford,1,2026-05-06 19:17:45
Rock Island Tailrace STH,1,G72E719BA,2026-04-28 20:18:53,2026-04-30 15:42:00,Crescent Bar,1,2026-05-01 05:09:10
Rock Island Tailrace STH,1,G72E719BA,2026-04-28 20:18:53,2026-04-30 15:42:00,Sunland,1,2026-05-01 18:44:26
Rock Island Tailrace STH,1,G72E719BA,2026-04-28 20:18:53,2026-04-30 15:42:00,Wanapum BRZ,1,2026-05-02 18:49:06
Rock Island Tailrace STH,1,G72E719BA,2026-04-28 20:18:53,2026-04-30 15:42:00,Mattawa,1,2026-05-03 07:36:25
Rock Island Tailrace STH,1,G72E719BA,2026-04-28 20:18:53,2026-04-30 15:42:00,Priest BRZ,1,2026-05-04 18:31:36
Rock Island Tailrace STH,1,G72E719BA,2026-04-28 20:18:53,2026-04-30 15:42:00,Lower Ringold,1,2026-05-05 19:20:19
Rock Island Tailrace STH,1,G72E719BA,2026-04-28 20:18:53,2026-04-30 15:42:00,Hanford,1,2026-05-06 01:57:47
Rock Island Tailrace STH,1,G72E75F21,2026-04-28 20:25:22,2026-04-30 15:42:00,Crescent Bar,1,2026-04-30 23:20:41
Rock Island Tailrace STH,1,G72E75F21,2026-04-28 20:25:22,2026-04-30 15:42:00,Sunland,1,2026-05-01 12:10:40
Rock Island Tailrace STH,1,G72E75F21,2026-04-28 20:25:22,2026-04-30 15:42:00,Wanapum BRZ,1,2026-05-02 19:08:37
Rock Island Tailrace STH,1,G72E75F21,2026-04-28 20:25:22,2026-04-30 15:42:00,Mattawa,1,2026-05-03 09:13:48
Rock Island Tailrace STH,1,G72E75F21,2026-04-28 20:25:22,2026-04-30 15:42:00,Priest BRZ,1,2026-05-04 22:42:50
Rock Island Tailrace STH,1,G72E75F21,2026-04-28 20:25:22,2026-04-30 15:42:00,Lower Ringold,1,2026-05-05 23:35:38
Rock Island Tailrace STH,1,G72E75F21,2026-04-28 20:25:22,2026-04-30 15:42:00,Hanford,1,2026-05-06 02:27:09
Rock Island Tailrace STH,1,G72E813DC,2026-04-29 17:20:30,2026-05-01 15:43:00,Crescent Bar,1,2026-05-02 10:56:04
Rock Island Tailrace STH,1,G72E813DC,2026-04-29 17:20:30,2026-05-01 15:43:00,Sunland,1,2026-05-02 21:05:34
Rock Island Tailrace STH,1,G72E813DC,2026-04-29 17:20:30,2026-05-01 15:43:00,Wanapum BRZ,0,
Rock Island Tailrace STH,1,G72E813DC,2026-04-29 17:20:30,2026-05-01 15:43:00,Mattawa,0,
Rock Island Tailrace STH,1,G72E813DC,2026-04-29 17:20:30,2026-05-01 15:43:00,Priest BRZ,0,
Rock Island Tailrace STH,1,G72E813DC,2026-04-29 17:20:30,2026-05-01 15:43:00,Lower Ringold,0,
Rock Island Tailrace STH,1,G72E813DC,2026-04-29 17:20:30,2026-05-01 15:43:00,Hanford,0,
Rock Island Tailrace STH,1,G72E84FA4,2026-05-01 18:03:47,2026-05-03 15:52:00,Crescent Bar,1,2026-05-04 02:09:40
Rock Island Tailrace STH,1,G72E84FA4,2026-05-01 18:03:47,2026-05-03 15:52:00,Sunland,1,2026-05-04 11:51:21
Rock Island Tailrace STH,1,G72E84FA4,2026-05-01 18:03:47,2026-05-03 15:52:00,Wanapum BRZ,1,2026-05-05 13:11:42
Rock Island Tailrace STH,1,G72E84FA4,2026-05-01 18:03:47,2026-05-03 15:52:00,Mattawa,1,2026-05-06 10:55:07
Rock Island Tailrace STH,1,G72E84FA4,2026-05-01 18:03:47,2026-05-03 15:52:00,Priest BRZ,1,2026-05-07 02:22:12
Rock Island Tailrace STH,1,G72E84FA4,2026-05-01 18:03:47,2026-05-03 15:52:00,Lower Ringold,1,2026-05-09 19:29:07
Rock Island Tailrace STH,1,G72E84FA4,2026-05-01 18:03:47,2026-05-03 15:52:00,Hanford,1,2026-05-09 22:57:17
Rock Island Tailrace STH,1,G72E8C9F5,2026-05-01 17:51:59,2026-05-03 15:52:00,Crescent Bar,1,2026-05-04 02:08:16
Rock Island Tailrace STH,1,G72E8C9F5,2026-05-01 17:51:59,2026-05-03 15:52:00,Sunland,1,2026-05-04 11:29:22
Rock Island Tailrace STH,1,G72E8C9F5,2026-05-01 17:51:59,2026-05-03 15:52:00,Wanapum BRZ,1,2026-05-05 20:52:34
Rock Island Tailrace STH,1,G72E8C9F5,2026-05-01 17:51:59,2026-05-03 15:52:00,Mattawa,0,
Rock Island Tailrace STH,1,G72E8C9F5,2026-05-01 17:51:59,2026-05-03 15:52:00,Priest BRZ,0,
Rock Island Tailrace STH,1,G72E8C9F5,2026-05-01 17:51:59,2026-05-03 15:52:00,Lower Ringold,0,
Rock Island Tailrace STH,1,G72E8C9F5,2026-05-01 17:51:59,2026-05-03 15:52:00,Hanford,0,
Rock Island Tailrace STH,2,G72E9C4CC,2026-05-02 18:39:44,2026-05-04 15:47:00,Crescent Bar,1,2026-05-05 02:33:25
Rock Island Tailrace STH,2,G72E9C4CC,2026-05-02 18:39:44,2026-05-04 15:47:00,Sunland,1,2026-05-05 10:35:23
Rock Island Tailrace STH,2,G72E9C4CC,2026-05-02 18:39:44,2026-05-04 15:47:00,Wanapum BRZ,1,2026-05-06 15:11:24
Rock Island Tailrace STH,2,G72E9C4CC,2026-05-02 18:39:44,2026-05-04 15:47:00,Mattawa,1,2026-05-06 21:24:03
Rock Island Tailrace STH,2,G72E9C4CC,2026-05-02 18:39:44,2026-05-04 15:47:00,Priest BRZ,1,2026-05-07 13:45:23
Rock Island Tailrace STH,2,G72E9C4CC,2026-05-02 18:39:44,2026-05-04 15:47:00,Lower Ringold,1,2026-05-08 22:46:09
Rock Island Tailrace STH,2,G72E9C4CC,2026-05-02 18:39:44,2026-05-04 15:47:00,Hanford,1,2026-05-09 01:20:47
Rock Island Tailrace STH,3,G72EA47F7,2026-05-02 18:18:42,2026-05-04 15:47:00,Crescent Bar,1,2026-05-04 23:08:57
Rock Island Tailrace STH,3,G72EA47F7,2026-05-02 18:18:42,2026-05-04 15:47:00,Sunland,1,2026-05-05 08:54:33
Rock Island Tailrace STH,3,G72EA47F7,2026-05-02 18:18:42,2026-05-04 15:47:00,Wanapum BRZ,0,
Rock Island Tailrace STH,3,G72EA47F7,2026-05-02 18:18:42,2026-05-04 15:47:00,Mattawa,0,
Rock Island Tailrace STH,3,G72EA47F7,2026-05-02 18:18:42,2026-05-04 15:47:00,Priest BRZ,0,
Rock Island Tailrace STH,3,G72EA47F7,2026-05-02 18:18:42,2026-05-04 15:47:00,Lower Ringold,0,
Rock Island Tailrace STH,3,G72EA47F7,2026-05-02 18:18:42,2026-05-04 15:47:00,Hanford,0,
Rock Island Tailrace STH,1,G72EB37CB,2026-04-29 17:24:23,2026-05-01 15:43:00,Crescent Bar,1,2026-05-02 02:05:00
Rock Island Tailrace STH,1,G72EB37CB,2026-04-29 17:24:23,2026-05-01 15:43:00,Sunland,1,2026-05-02 10:19:51
Rock Island Tailrace STH,1,G72EB37CB,2026-04-29 17:24:23,2026-05-01 15:43:00,Wanapum BRZ,1,2026-05-03 10:47:30
Rock Island Tailrace STH,1,G72EB37CB,2026-04-29 17:24:23,2026-05-01 15:43:00,Mattawa,0,
Rock Island Tailrace STH,1,G72EB37CB,2026-04-29 17:24:23,2026-05-01 15:43:00,Priest BRZ,0,
Rock Island Tailrace STH,1,G72EB37CB,2026-04-29 17:24:23,2026-05-01 15:43:00,Lower Ringold,0,
Rock Island Tailrace STH,1,G72EB37CB,2026-04-29 17:24:23,2026-05-01 15:43:00,Hanford,0,
Rock Island Tailrace STH,1,G72EC3178,2026-04-29 17:17:32,2026-05-01 15:43:00,Crescent Bar,1,2026-05-02 01:47:52
Rock Island Tailrace STH,1,G72EC3178,2026-04-29 17:17:32,2026-05-01 15:43:00,Sunland,1,2026-05-02 12:03:40
Rock Island Tailrace STH,1,G72EC3178,2026-04-29 17:17:32,2026-05-01 15:43:00,Wanapum BRZ,1,2026-05-03 07:51:08
Rock Island Tailrace STH,1,G72EC3178,2026-04-29 17:17:32,2026-05-01 15:43:00,Mattawa,1,2026-05-12 14:09:12
Rock Island Tailrace STH,1,G72EC3178,2026-04-29 17:17:32,2026-05-01 15:43:00,Priest BRZ,1,2026-05-12 23:20:12
Rock Island Tailrace STH,1,G72EC3178,2026-04-29 17:17:32,2026-05-01 15:43:00,Lower Ringold,1,2026-05-13 18:13:25
Rock Island Tailrace STH,1,G72EC3178,2026-04-29 17:17:32,2026-05-01 15:43:00,Hanford,1,2026-05-13 20:57:57
Rock Island Tailrace STH,1,G72EC7A1E,2026-05-02 18:29:22,2026-05-04 15:47:00,Crescent Bar,1,2026-05-05 00:09:06
Rock Island Tailrace STH,1,G72EC7A1E,2026-05-02 18:29:22,2026-05-04 15:47:00,Sunland,1,2026-05-05 10:40:33
Rock Island Tailrace STH,1,G72EC7A1E,2026-05-02 18:29:22,2026-05-04 15:47:00,Wanapum BRZ,1,2026-05-06 13:45:01
Rock Island Tailrace STH,1,G72EC7A1E,2026-05-02 18:29:22,2026-05-04 15:47:00,Mattawa,1,2026-05-06 17:21:03
Rock Island Tailrace STH,1,G72EC7A1E,2026-05-02 18:29:22,2026-05-04 15:47:00,Priest BRZ,1,2026-05-07 06:23:25
Rock Island Tailrace STH,1,G72EC7A1E,2026-05-02 18:29:22,2026-05-04 15:47:00,Lower Ringold,0,
Rock Island Tailrace STH,1,G72EC7A1E,2026-05-02 18:29:22,2026-05-04 15:47:00,Hanford,0,
Rock Island Tailrace STH,1,G72ECC3B0,2026-04-26 19:30:09,2026-04-28 15:47:00,Crescent Bar,1,2026-04-29 12:21:21
Rock Island Tailrace STH,1,G72ECC3B0,2026-04-26 19:30:09,2026-04-28 15:47:00,Sunland,1,2026-04-29 22:29:47
Rock Island Tailrace STH,1,G72ECC3B0,2026-04-26 19:30:09,2026-04-28 15:47:00,Wanapum BRZ,1,2026-05-02 12:20:19
Rock Island Tailrace STH,1,G72ECC3B0,2026-04-26 19:30:09,2026-04-28 15:47:00,Mattawa,1,2026-05-05 09:02:09
Rock Island Tailrace STH,1,G72ECC3B0,2026-04-26 19:30:09,2026-04-28 15:47:00,Priest BRZ,1,2026-05-05 21:04:33
Rock Island Tailrace STH,1,G72ECC3B0,2026-04-26 19:30:09,2026-04-28 15:47:00,Lower Ringold,1,2026-05-28 21:50:47
Rock Island Tailrace STH,1,G72ECC3B0,2026-04-26 19:30:09,2026-04-28 15:47:00,Hanford,1,2026-05-29 02:04:32
Rock Island Tailrace STH,2,G72ED6B19,2026-05-01 17:58:48,2026-05-03 15:52:00,Crescent Bar,1,2026-05-04 00:14:26
Rock Island Tailrace STH,2,G72ED6B19,2026-05-01 17:58:48,2026-05-03 15:52:00,Sunland,1,2026-05-04 08:18:54
Rock Island Tailrace STH,2,G72ED6B19,2026-05-01 17:58:48,2026-05-03 15:52:00,Wanapum BRZ,1,2026-05-05 06:30:34
Rock Island Tailrace STH,2,G72ED6B19,2026-05-01 17:58:48,2026-05-03 15:52:00,Mattawa,1,2026-05-05 13:25:13
Rock Island Tailrace STH,2,G72ED6B19,2026-05-01 17:58:48,2026-05-03 15:52:00,Priest BRZ,1,2026-05-06 00:18:57
Rock Island Tailrace STH,2,G72ED6B19,2026-05-01 17:58:48,2026-05-03 15:52:00,Lower Ringold,1,2026-05-06 14:38:14
Rock Island Tailrace STH,2,G72ED6B19,2026-05-01 17:58:48,2026-05-03 15:52:00,Hanford,1,2026-05-06 17:20:34
Rock Island Tailrace STH,2,G72EDC854,2026-04-30 17:31:02,2026-05-02 16:02:00,Crescent Bar,1,2026-05-02 20:34:37
Rock Island Tailrace STH,2,G72EDC854,2026-04-30 17:31:02,2026-05-02 16:02:00,Sunland,1,2026-05-03 03:39:42
Rock Island Tailrace STH,2,G72EDC854,2026-04-30 17:31:02,2026-05-02 16:02:00,Wanapum BRZ,1,2026-05-04 11:34:28
Rock Island Tailrace STH,2,G72EDC854,2026-04-30 17:31:02,2026-05-02 16:02:00,Mattawa,1,2026-05-05 23:46:43
Rock Island Tailrace STH,2,G72EDC854,2026-04-30 17:31:02,2026-05-02 16:02:00,Priest BRZ,1,2026-05-06 07:46:07
Rock Island Tailrace STH,2,G72EDC854,2026-04-30 17:31:02,2026-05-02 16:02:00,Lower Ringold,1,2026-05-06 17:49:23
Rock Island Tailrace STH,2,G72EDC854,2026-04-30 17:31:02,2026-05-02 16:02:00,Hanford,1,2026-05-06 20:59:25
Rock Island Tailrace STH,2,G72EED7DD,2026-04-26 19:08:52,2026-04-28 15:47:00,Crescent Bar,1,2026-04-29 02:24:26
Rock Island Tailrace STH,2,G72EED7DD,2026-04-26 19:08:52,2026-04-28 15:47:00,Sunland,1,2026-04-29 12:30:36
Rock Island Tailrace STH,2,G72EED7DD,2026-04-26 19:08:52,2026-04-28 15:47:00,Wanapum BRZ,1,2026-05-02 17:21:10
Rock Island Tailrace STH,2,G72EED7DD,2026-04-26 19:08:52,2026-04-28 15:47:00,Mattawa,1,2026-05-03 12:42:11
Rock Island Tailrace STH,2,G72EED7DD,2026-04-26 19:08:52,2026-04-28 15:47:00,Priest BRZ,1,2026-05-04 09:02:37
Rock Island Tailrace STH,2,G72EED7DD,2026-04-26 19:08:52,2026-04-28 15:47:00,Lower Ringold,0,
Rock Island Tailrace STH,2,G72EED7DD,2026-04-26 19:08:52,2026-04-28 15:47:00,Hanford,0,
Rock Island Tailrace STH,1,G72EF110E,2026-04-30 17:47:16,2026-05-02 16:02:00,Crescent Bar,1,2026-05-02 22:23:41
Rock Island Tailrace STH,1,G72EF110E,2026-04-30 17:47:16,2026-05-02 16:02:00,Sunland,1,2026-05-03 08:13:17
Rock Island Tailrace STH,1,G72EF110E,2026-04-30 17:47:16,2026-05-02 16:02:00,Wanapum BRZ,1,2026-05-05 05:29:48
Rock Island Tailrace STH,1,G72EF110E,2026-04-30 17:47:16,2026-05-02 16:02:00,Mattawa,1,2026-05-07 12:10:57
Rock Island Tailrace STH,1,G72EF110E,2026-04-30 17:47:16,2026-05-02 16:02:00,Priest BRZ,1,2026-05-07 18:35:38
Rock Island Tailrace STH,1,G72EF110E,2026-04-30 17:47:16,2026-05-02 16:02:00,Lower Ringold,1,2026-05-09 02:25:41
Rock Island Tailrace STH,1,G72EF110E,2026-04-30 17:47:16,2026-05-02 16:02:00,Hanford,1,2026-05-09 06:11:29
Rock Island Tailrace STH,2,G72EF1CF3,2026-04-25 19:46:42,2026-04-27 15:43:00,Crescent Bar,1,2026-04-27 21:36:56
Rock Island Tailrace STH,2,G72EF1CF3,2026-04-25 19:46:42,2026-04-27 15:43:00,Sunland,1,2026-04-28 12:19:13
Rock Island Tailrace STH,2,G72EF1CF3,2026-04-25 19:46:42,2026-04-27 15:43:00,Wanapum BRZ,1,2026-04-29 09:45:46
Rock Island Tailrace STH,2,G72EF1CF3,2026-04-25 19:46:42,2026-04-27 15:43:00,Mattawa,1,2026-05-01 22:00:20
Rock Island Tailrace STH,2,G72EF1CF3,2026-04-25 19:46:42,2026-04-27 15:43:00,Priest BRZ,1,2026-05-02 08:29:20
Rock Island Tailrace STH,2,G72EF1CF3,2026-04-25 19:46:42,2026-04-27 15:43:00,Lower Ringold,1,2026-05-02 19:58:13
Rock Island Tailrace STH,2,G72EF1CF3,2026-04-25 19:46:42,2026-04-27 15:43:00,Hanford,1,2026-05-03 00:10:53
Rock Island Tailrace STH,1,G72EF2972,2026-04-27 21:12:07,2026-04-29 15:28:00,Crescent Bar,1,2026-04-29 20:57:00
Rock Island Tailrace STH,1,G72EF2972,2026-04-27 21:12:07,2026-04-29 15:28:00,Sunland,1,2026-04-30 07:31:46
Rock Island Tailrace STH,1,G72EF2972,2026-04-27 21:12:07,2026-04-29 15:28:00,Wanapum BRZ,1,2026-05-01 17:54:55
Rock Island Tailrace STH,1,G72EF2972,2026-04-27 21:12:07,2026-04-29 15:28:00,Mattawa,1,2026-05-01 20:36:05
Rock Island Tailrace STH,1,G72EF2972,2026-04-27 21:12:07,2026-04-29 15:28:00,Priest BRZ,1,2026-05-02 10:51:47
Rock Island Tailrace STH,1,G72EF2972,2026-04-27 21:12:07,2026-04-29 15:28:00,Lower Ringold,1,2026-05-02 23:53:29
Rock Island Tailrace STH,1,G72EF2972,2026-04-27 21:12:07,2026-04-29 15:28:00,Hanford,1,2026-05-03 03:17:53
Rock Island Tailrace STH,1,G72EF58D4,2026-04-27 20:50:49,2026-04-29 15:28:00,Crescent Bar,1,2026-04-29 22:40:13
Rock Island Tailrace STH,1,G72EF58D4,2026-04-27 20:50:49,2026-04-29 15:28:00,Sunland,1,2026-04-30 08:19:22
Rock Island Tailrace STH,1,G72EF58D4,2026-04-27 20:50:49,2026-04-29 15:28:00,Wanapum BRZ,1,2026-05-01 04:11:48
Rock Island Tailrace STH,1,G72EF58D4,2026-04-27 20:50:49,2026-04-29 15:28:00,Mattawa,1,2026-05-01 08:25:26
Rock Island Tailrace STH,1,G72EF58D4,2026-04-27 20:50:49,2026-04-29 15:28:00,Priest BRZ,1,2026-05-01 17:05:29
Rock Island Tailrace STH,1,G72EF58D4,2026-04-27 20:50:49,2026-04-29 15:28:00,Lower Ringold,1,2026-05-02 17:43:51
Rock Island Tailrace STH,1,G72EF58D4,2026-04-27 20:50:49,2026-04-29 15:28:00,Hanford,1,2026-05-02 20:21:18
Rock Island Tailrace STH,2,G72F02799,2026-04-27 21:02:19,2026-04-29 15:28:00,Crescent Bar,1,2026-04-29 21:06:50
Rock Island Tailrace STH,2,G72F02799,2026-04-27 21:02:19,2026-04-29 15:28:00,Sunland,1,2026-04-30 02:39:53
Rock Island Tailrace STH,2,G72F02799,2026-04-27 21:02:19,2026-04-29 15:28:00,Wanapum BRZ,1,2026-05-02 19:21:26
Rock Island Tailrace STH,2,G72F02799,2026-04-27 21:02:19,2026-04-29 15:28:00,Mattawa,1,2026-05-03 08:12:54
Rock Island Tailrace STH,2,G72F02799,2026-04-27 21:02:19,2026-04-29 15:28:00,Priest BRZ,0,
Rock Island Tailrace STH,2,G72F02799,2026-04-27 21:02:19,2026-04-29 15:28:00,Lower Ringold,0,
Rock Island Tailrace STH,2,G72F02799,2026-04-27 21:02:19,2026-04-29 15:28:00,Hanford,0,
Rock Island Tailrace STH,3,G72F0BCA8,2026-04-30 17:49:57,2026-05-02 16:02:00,Crescent Bar,0,
Rock Island Tailrace STH,3,G72F0BCA8,2026-04-30 17:49:57,2026-05-02 16:02:00,Sunland,0,
Rock Island Tailrace STH,3,G72F0BCA8,2026-04-30 17:49:57,2026-05-02 16:02:00,Wanapum BRZ,0,
Rock Island Tailrace STH,3,G72F0BCA8,2026-04-30 17:49:57,2026-05-02 16:02:00,Mattawa,0,
Rock Island Tailrace STH,3,G72F0BCA8,2026-04-30 17:49:57,2026-05-02 16:02:00,Priest BRZ,0,
Rock Island Tailrace STH,3,G72F0BCA8,2026-04-30 17:49:57,2026-05-02 16:02:00,Lower Ringold,0,
Rock Island Tailrace STH,3,G72F0BCA8,2026-04-30 17:49:57,2026-05-02 16:02:00,Hanford,0,
Rock Island Tailrace STH,1,G72F23148,2026-04-25 19:41:43,2026-04-27 15:43:00,Crescent Bar,1,2026-04-27 23:18:06
Rock Island Tailrace STH,1,G72F23148,2026-04-25 19:41:43,2026-04-27 15:43:00,Sunland,1,2026-04-28 13:40:25
Rock Island Tailrace STH,1,G72F23148,2026-04-25 19:41:43,2026-04-27 15:43:00,Wanapum BRZ,0,
Rock Island Tailrace STH,1,G72F23148,2026-04-25 19:41:43,2026-04-27 15:43:00,Mattawa,0,
Rock Island Tailrace STH,1,G72F23148,2026-04-25 19:41:43,2026-04-27 15:43:00,Priest BRZ,0,
Rock Island Tailrace STH,1,G72F23148,2026-04-25 19:41:43,2026-04-27 15:43:00,Lower Ringold,0,
Rock Island Tailrace STH,1,G72F23148,2026-04-25 19:41:43,2026-04-27 15:43:00,Hanford,0,
Rock Island Tailrace STH,1,G72F27A2E,2026-04-25 19:29:34,2026-04-27 15:43:00,Crescent Bar,1,2026-04-27 21:08:04
Rock Island Tailrace STH,1,G72F27A2E,2026-04-25 19:29:34,2026-04-27 15:43:00,Sunland,1,2026-04-28 10:50:57
Rock Island Tailrace STH,1,G72F27A2E,2026-04-25 19:29:34,2026-04-27 15:43:00,Wanapum BRZ,1,2026-04-30 00:19:58
Rock Island Tailrace STH,1,G72F27A2E,2026-04-25 19:29:34,2026-04-27 15:43:00,Mattawa,1,2026-05-02 09:40:29
Rock Island Tailrace STH,1,G72F27A2E,2026-04-25 19:29:34,2026-04-27 15:43:00,Priest BRZ,1,2026-05-05 21:43:23
Rock Island Tailrace STH,1,G72F27A2E,2026-04-25 19:29:34,2026-04-27 15:43:00,Lower Ringold,1,2026-05-06 11:45:01
Rock Island Tailrace STH,1,G72F27A2E,2026-04-25 19:29:34,2026-04-27 15:43:00,Hanford,1,2026-05-06 14:52:55
Rock Island Tailrace STH,1,G72F2B4FB,2026-04-25 19:28:14,2026-04-27 15:43:00,Crescent Bar,1,2026-04-28 11:28:53
Rock Island Tailrace STH,1,G72F2B4FB,2026-04-25 19:28:14,2026-04-27 15:43:00,Sunland,1,2026-04-29 01:32:27
Rock Island Tailrace STH,1,G72F2B4FB,2026-04-25 19:28:14,2026-04-27 15:43:00,Wanapum BRZ,1,2026-04-29 20:14:27
Rock Island Tailrace STH,1,G72F2B4FB,2026-04-25 19:28:14,2026-04-27 15:43:00,Mattawa,1,2026-04-29 23:43:01
Rock Island Tailrace STH,1,G72F2B4FB,2026-04-25 19:28:14,2026-04-27 15:43:00,Priest BRZ,1,2026-04-30 10:57:28
Rock Island Tailrace STH,1,G72F2B4FB,2026-04-25 19:28:14,2026-04-27 15:43:00,Lower Ringold,1,2026-05-01 05:02:48
Rock Island Tailrace STH,1,G72F2B4FB,2026-04-25 19:28:14,2026-04-27 15:43:00,Hanford,1,2026-05-01 08:29:54
Rock Island Tailrace STH,1,G72F37C37,2026-04-27 20:54:32,2026-04-29 15:28:00,Crescent Bar,1,2026-04-29 21:57:49
Rock Island Tailrace STH,1,G72F37C37,2026-04-27 20:54:32,2026-04-29 15:28:00,Sunland,1,2026-04-30 08:04:02
Rock Island Tailrace STH,1,G72F37C37,2026-04-27 20:54:32,2026-04-29 15:28:00,Wanapum BRZ,1,2026-05-01 22:18:37
Rock Island Tailrace STH,1,G72F37C37,2026-04-27 20:54:32,2026-04-29 15:28:00,Mattawa,1,2026-05-04 10:20:04
Rock Island Tailrace STH,1,G72F37C37,2026-04-27 20:54:32,2026-04-29 15:28:00,Priest BRZ,1,2026-05-05 04:56:00
Rock Island Tailrace STH,1,G72F37C37,2026-04-27 20:54:32,2026-04-29 15:28:00,Lower Ringold,1,2026-05-05 23:16:24
Rock Island Tailrace STH,1,G72F37C37,2026-04-27 20:54:32,2026-04-29 15:28:00,Hanford,1,2026-05-06 01:54:43
Rock Island Tailrace STH,2,G72F4387E,2026-05-02 18:37:35,2026-05-04 15:47:00,Crescent Bar,1,2026-05-05 00:04:00
Rock Island Tailrace STH,2,G72F4387E,2026-05-02 18:37:35,2026-05-04 15:47:00,Sunland,1,2026-05-05 11:26:12
Rock Island Tailrace STH,2,G72F4387E,2026-05-02 18:37:35,2026-05-04 15:47:00,Wanapum BRZ,1,2026-05-06 14:29:07
Rock Island Tailrace STH,2,G72F4387E,2026-05-02 18:37:35,2026-05-04 15:47:00,Mattawa,1,2026-05-07 06:28:00
Rock Island Tailrace STH,2,G72F4387E,2026-05-02 18:37:35,2026-05-04 15:47:00,Priest BRZ,1,2026-05-08 00:52:43
Rock Island Tailrace STH,2,G72F4387E,2026-05-02 18:37:35,2026-05-04 15:47:00,Lower Ringold,0,
Rock Island Tailrace STH,2,G72F4387E,2026-05-02 18:37:35,2026-05-04 15:47:00,Hanford,0,
Rock Island Tailrace STH,2,G72F49DEE,2026-04-26 19:13:57,2026-04-28 15:47:00,Crescent Bar,1,2026-04-29 06:57:16
Rock Island Tailrace STH,2,G72F49DEE,2026-04-26 19:13:57,2026-04-28 15:47:00,Sunland,1,2026-04-29 20:07:19
Rock Island Tailrace STH,2,G72F49DEE,2026-04-26 19:13:57,2026-04-28 15:47:00,Wanapum BRZ,1,2026-05-01 20:26:18
Rock Island Tailrace STH,2,G72F49DEE,2026-04-26 19:13:57,2026-04-28 15:47:00,Mattawa,1,2026-05-02 18:07:38
Rock Island Tailrace STH,2,G72F49DEE,2026-04-26 19:13:57,2026-04-28 15:47:00,Priest BRZ,0,
Rock Island Tailrace STH,2,G72F49DEE,2026-04-26 19:13:57,2026-04-28 15:47:00,Lower Ringold,0,
Rock Island Tailrace STH,2,G72F49DEE,2026-04-26 19:13:57,2026-04-28 15:47:00,Hanford,0,
Rock Island Tailrace STH,1,G72F5CE13,2026-04-25 19:48:54,2026-04-27 15:43:00,Crescent Bar,1,2026-04-27 20:46:20
Rock Island Tailrace STH,1,G72F5CE13,2026-04-25 19:48:54,2026-04-27 15:43:00,Sunland,1,2026-04-28 09:22:01
Rock Island Tailrace STH,1,G72F5CE13,2026-04-25 19:48:54,2026-04-27 15:43:00,Wanapum BRZ,1,2026-04-29 11:15:23
Rock Island Tailrace STH,1,G72F5CE13,2026-04-25 19:48:54,2026-04-27 15:43:00,Mattawa,1,2026-04-29 16:09:51
Rock Island Tailrace STH,1,G72F5CE13,2026-04-25 19:48:54,2026-04-27 15:43:00,Priest BRZ,1,2026-04-30 10:52:15
Rock Island Tailrace STH,1,G72F5CE13,2026-04-25 19:48:54,2026-04-27 15:43:00,Lower Ringold,1,2026-04-30 22:44:31
Rock Island Tailrace STH,1,G72F5CE13,2026-04-25 19:48:54,2026-04-27 15:43:00,Hanford,1,2026-05-01 01:19:52
Rock Island Tailrace STH,1,G72F6C684,2026-05-02 18:29:55,2026-05-04 15:47:00,Crescent Bar,1,2026-05-05 01:52:57
Rock Island Tailrace STH,1,G72F6C684,2026-05-02 18:29:55,2026-05-04 15:47:00,Sunland,1,2026-05-05 11:35:15
Rock Island Tailrace STH,1,G72F6C684,2026-05-02 18:29:55,2026-05-04 15:47:00,Wanapum BRZ,1,2026-05-07 07:14:31
Rock Island Tailrace STH,1,G72F6C684,2026-05-02 18:29:55,2026-05-04 15:47:00,Mattawa,1,2026-05-07 10:46:46
Rock Island Tailrace STH,1,G72F6C684,2026-05-02 18:29:55,2026-05-04 15:47:00,Priest BRZ,1,2026-05-08 09:15:31
Rock Island Tailrace STH,1,G72F6C684,2026-05-02 18:29:55,2026-05-04 15:47:00,Lower Ringold,1,2026-05-09 17:02:58
Rock Island Tailrace STH,1,G72F6C684,2026-05-02 18:29:55,2026-05-04 15:47:00,Hanford,1,2026-05-09 20:15:53
Rock Island Tailrace STH,2,G72F7B13B,2026-05-02 18:15:09,2026-05-04 15:47:00,Crescent Bar,1,2026-05-05 02:26:55
Rock Island Tailrace STH,2,G72F7B13B,2026-05-02 18:15:09,2026-05-04 15:47:00,Sunland,1,2026-05-05 11:56:31
Rock Island Tailrace STH,2,G72F7B13B,2026-05-02 18:15:09,2026-05-04 15:47:00,Wanapum BRZ,1,2026-05-07 10:13:44
Rock Island Tailrace STH,2,G72F7B13B,2026-05-02 18:15:09,2026-05-04 15:47:00,Mattawa,1,2026-05-07 13:18:51
Rock Island Tailrace STH,2,G72F7B13B,2026-05-02 18:15:09,2026-05-04 15:47:00,Priest BRZ,1,2026-05-07 19:19:30
Rock Island Tailrace STH,2,G72F7B13B,2026-05-02 18:15:09,2026-05-04 15:47:00,Lower Ringold,1,2026-05-08 21:13:19
Rock Island Tailrace STH,2,G72F7B13B,2026-05-02 18:15:09,2026-05-04 15:47:00,Hanford,1,2026-05-09 01:13:04
Rock Island Tailrace STH,3,G72F9FC5C,2026-04-26 19:24:54,2026-04-28 15:47:00,Crescent Bar,1,2026-04-28 23:50:09
Rock Island Tailrace STH,3,G72F9FC5C,2026-04-26 19:24:54,2026-04-28 15:47:00,Sunland,1,2026-04-29 12:55:37
Rock Island Tailrace STH,3,G72F9FC5C,2026-04-26 19:24:54,2026-04-28 15:47:00,Wanapum BRZ,1,2026-05-02 16:25:05
Rock Island Tailrace STH,3,G72F9FC5C,2026-04-26 19:24:54,2026-04-28 15:47:00,Mattawa,1,2026-05-05 04:21:42
Rock Island Tailrace STH,3,G72F9FC5C,2026-04-26 19:24:54,2026-04-28 15:47:00,Priest BRZ,0,
Rock Island Tailrace STH,3,G72F9FC5C,2026-04-26 19:24:54,2026-04-28 15:47:00,Lower Ringold,0,
Rock Island Tailrace STH,3,G72F9FC5C,2026-04-26 19:24:54,2026-04-28 15:47:00,Hanford,0,
Rock Island Tailrace STH,2,G72FA3B40,2026-05-01 17:58:23,2026-05-03 15:52:00,Crescent Bar,1,2026-05-04 06:21:32
Rock Island Tailrace STH,2,G72FA3B40,2026-05-01 17:58:23,2026-05-03 15:52:00,Sunland,1,2026-05-04 16:48:05
Rock Island Tailrace STH,2,G72FA3B40,2026-05-01 17:58:23,2026-05-03 15:52:00,Wanapum BRZ,1,2026-05-05 21:55:41
Rock Island Tailrace STH,2,G72FA3B40,2026-05-01 17:58:23,2026-05-03 15:52:00,Mattawa,1,2026-05-06 18:20:21
Rock Island Tailrace STH,2,G72FA3B40,2026-05-01 17:58:23,2026-05-03 15:52:00,Priest BRZ,1,2026-05-07 07:42:55
Rock Island Tailrace STH,2,G72FA3B40,2026-05-01 17:58:23,2026-05-03 15:52:00,Lower Ringold,1,2026-05-08 13:18:33
Rock Island Tailrace STH,2,G72FA3B40,2026-05-01 17:58:23,2026-05-03 15:52:00,Hanford,1,2026-05-08 16:53:21
Rock Island Tailrace STH,1,G72FB2DC4,2026-05-02 18:16:28,2026-05-04 15:47:00,Crescent Bar,1,2026-05-04 23:50:06
Rock Island Tailrace STH,1,G72FB2DC4,2026-05-02 18:16:28,2026-05-04 15:47:00,Sunland,1,2026-05-05 11:17:00
Rock Island Tailrace STH,1,G72FB2DC4,2026-05-02 18:16:28,2026-05-04 15:47:00,Wanapum BRZ,1,2026-05-06 12:59:16
Rock Island Tailrace STH,1,G72FB2DC4,2026-05-02 18:16:28,2026-05-04 15:47:00,Mattawa,1,2026-05-07 22:12:29
Rock Island Tailrace STH,1,G72FB2DC4,2026-05-02 18:16:28,2026-05-04 15:47:00,Priest BRZ,0,
Rock Island Tailrace STH,1,G72FB2DC4,2026-05-02 18:16:28,2026-05-04 15:47:00,Lower Ringold,0,
Rock Island Tailrace STH,1,G72FB2DC4,2026-05-02 18:16:28,2026-05-04 15:47:00,Hanford,0,
