Priest Rapids Tailrace STH,2,G72001E22,2026-05-17 20:23:19,2026-05-19 15:26:00,Priest,0,
Priest Rapids Tailrace STH,2,G72001E22,2026-05-17 20:23:19,2026-05-19 15:26:00,Lower Ringold,1,2026-07-05 16:57:30
Priest Rapids Tailrace STH,2,G720041B8,2026-05-07 18:22:52,2026-05-09 16:31:00,Priest,0,
Priest Rapids Tailrace STH,2,G720041B8,2026-05-07 18:22:52,2026-05-09 16:31:00,Lower Ringold,1,2026-05-10 14:34:03
Priest Rapids Tailrace STH,2,G72006746,2026-05-10 17:59:11,2026-05-12 16:15:00,Priest,0,
Priest Rapids Tailrace STH,2,G72006746,2026-05-10 17:59:11,2026-05-12 16:15:00,Lower Ringold,1,2026-05-13 03:23:41
Priest Rapids Tailrace STH,2,G72007685,2026-05-17 20:25:19,2026-05-19 15:26:00,Priest,0,
Priest Rapids Tailrace STH,2,G72007685,2026-05-17 20:25:19,2026-05-19 15:26:00,Lower Ringold,0,
Priest Rapids Tailrace STH,2,G72007DA5,2026-05-17 20:24:24,2026-05-19 15:26:00,Priest,0,
Priest Rapids Tailrace STH,2,G72007DA5,2026-05-17 20:24:24,2026-05-19 15:26:00,Lower Ringold,1,2026-05-20 20:50:07
Priest Rapids Tailrace STH,2,G72008DD1,2026-04-24 21:26:02,2026-04-26 16:25:00,Priest,0,
Priest Rapids Tailrace STH,2,G72008DD1,2026-04-24 21:26:02,2026-04-26 16:25:00,Lower Ringold,1,2026-04-27 05:56:28
Priest Rapids Tailrace STH,2,G7200F4B5,2026-04-28 19:39:44,2026-04-30 16:19:00,Priest,0,
Priest Rapids Tailrace STH,2,G7200F4B5,2026-04-28 19:39:44,2026-04-30 16:19:00,Lower Ringold,1,2026-05-01 06:17:35
Priest Rapids Tailrace STH,2,G720111A7,2026-05-06 18:12:13,2026-05-09 16:31:00,Priest,0,
Priest Rapids Tailrace STH,2,G720111A7,2026-05-06 18:12:13,2026-05-09 16:31:00,Lower Ringold,1,2026-05-10 06:12:07
Priest Rapids Tailrace STH,2,G7201429E,2026-04-29 17:05:47,2026-05-01 16:26:00,Priest,0,
Priest Rapids Tailrace STH,2,G7201429E,2026-04-29 17:05:47,2026-05-01 16:26:00,Lower Ringold,0,
Priest Rapids Tailrace STH,2,G72015EA0,2026-05-08 20:47:38,2026-05-10 16:20:00,Priest,0,
Priest Rapids Tailrace STH,2,G72015EA0,2026-05-08 20:47:38,2026-05-10 16:20:00,Lower Ringold,1,2026-05-11 03:17:59
Priest Rapids Tailrace STH,2,G720175A3,2026-05-04 18:03:52,2026-05-06 16:47:00,Priest,0,
Priest Rapids Tailrace STH,2,G720175A3,2026-05-04 18:03:52,2026-05-06 16:47:00,Lower Ringold,1,2026-05-08 07:03:51
Priest Rapids Tailrace STH,2,G7201876B,2026-05-04 19:17:13,2026-05-06 16:47:00,Priest,0,
Priest Rapids Tailrace STH,2,G7201876B,2026-05-04 19:17:13,2026-05-06 16:47:00,Lower Ringold,1,2026-05-09 15:45:25
Priest Rapids Tailrace STH,2,G7201AAB5,2026-05-08 20:41:29,2026-05-10 16:20:00,Priest,0,
Priest Rapids Tailrace STH,2,G7201AAB5,2026-05-08 20:41:29,2026-05-10 16:20:00,Lower Ringold,0,
Priest Rapids Tailrace STH,2,G7201AC68,2026-05-05 18:24:27,2026-05-07 16:28:00,Priest,0,
Priest Rapids Tailrace STH,2,G7201AC68,2026-05-05 18:24:27,2026-05-07 16:28:00,Lower Ringold,1,2026-05-08 13:31:42
Priest Rapids Tailrace STH,2,G7201E650,2026-05-15 17:20:15,2026-05-17 16:25:00,Priest,0,
Priest Rapids Tailrace STH,2,G7201E650,2026-05-15 17:20:15,2026-05-17 16:25:00,Lower Ringold,0,
Priest Rapids Tailrace STH,2,G720247F4,2026-05-09 16:59:43,2026-05-11 16:32:00,Priest,0,
Priest Rapids Tailrace STH,2,G720247F4,2026-05-09 16:59:43,2026-05-11 16:32:00,Lower Ringold,1,2026-05-12 05:25:22
Priest Rapids Tailrace STH,2,G72025EF5,2026-05-15 17:35:08,2026-05-17 16:25:00,Priest,0,
Priest Rapids Tailrace STH,2,G72025EF5,2026-05-15 17:35:08,2026-05-17 16:25:00,Lower Ringold,1,2026-05-18 03:09:31
Priest Rapids Tailrace STH,2,G72028D40,2026-04-26 17:45:31,2026-04-28 15:47:00,Priest,0,
Priest Rapids Tailrace STH,2,G72028D40,2026-04-26 17:45:31,2026-04-28 15:47:00,Lower Ringold,1,2026-04-29 13:56:05
Priest Rapids Tailrace STH,2,G7202DCC5,2026-05-10 17:53:33,2026-05-12 16:15:00,Priest,0,
Priest Rapids Tailrace STH,2,G7202DCC5,2026-05-10 17:53:33,2026-05-12 16:15:00,Lower Ringold,1,2026-05-13 04:02:05
Priest Rapids Tailrace STH,2,G7202DD9B,2026-05-12 18:51:27,2026-05-15 17:05:00,Priest,0,
Priest Rapids Tailrace STH,2,G7202DD9B,2026-05-12 18:51:27,2026-05-15 17:05:00,Lower Ringold,1,2026-05-17 09:32:44
Priest Rapids Tailrace STH,2,G72030C56,2026-05-02 18:59:27,2026-05-04 16:25:00,Priest,0,
Priest Rapids Tailrace STH,2,G72030C56,2026-05-02 18:59:27,2026-05-04 16:25:00,Lower Ringold,1,2026-05-05 04:37:54
Priest Rapids Tailrace STH,2,G72031E77,2026-05-08 16:54:48,2026-05-10 16:20:00,Priest,0,
Priest Rapids Tailrace STH,2,G72031E77,2026-05-08 16:54:48,2026-05-10 16:20:00,Lower Ringold,0,
Priest Rapids Tailrace STH,2,G72032D2B,2026-05-01 17:32:21,2026-05-03 16:31:00,Priest,0,
Priest Rapids Tailrace STH,2,G72032D2B,2026-05-01 17:32:21,2026-05-03 16:31:00,Lower Ringold,0,
Priest Rapids Tailrace STH,2,G72038079,2026-05-12 17:20:30,2026-05-15 17:05:00,Priest,0,
Priest Rapids Tailrace STH,2,G72038079,2026-05-12 17:20:30,2026-05-15 17:05:00,Lower Ringold,1,2026-05-16 07:38:39
Priest Rapids Tailrace STH,1,G720457C3,2026-05-01 19:06:52,2026-05-04 16:25:00,Priest,0,
Priest Rapids Tailrace STH,1,G720457C3,2026-05-01 19:06:52,2026-05-04 16:25:00,Lower Ringold,1,2026-05-05 06:35:27
Priest Rapids Tailrace STH,1,G720494EB,2026-05-07 18:15:54,2026-05-09 16:31:00,Priest,0,
Priest Rapids Tailrace STH,1,G720494EB,2026-05-07 18:15:54,2026-05-09 16:31:00,Lower Ringold,1,2026-05-10 04:19:53
Priest Rapids Tailrace STH,1,G7204B935,2026-05-11 16:58:27,2026-05-14 16:30:00,Priest,0,
Priest Rapids Tailrace STH,1,G7204B935,2026-05-11 16:58:27,2026-05-14 16:30:00,Lower Ringold,1,2026-05-15 04:48:02
Priest Rapids Tailrace STH,1,G72053C42,2026-05-08 17:02:06,2026-05-10 16:20:00,Priest,0,
Priest Rapids Tailrace STH,1,G72053C42,2026-05-08 17:02:06,2026-05-10 16:20:00,Lower Ringold,1,2026-05-11 14:25:49
Priest Rapids Tailrace STH,1,G72055084,2026-05-01 17:33:56,2026-05-03 16:31:00,Priest,0,
Priest Rapids Tailrace STH,1,G72055084,2026-05-01 17:33:56,2026-05-03 16:31:00,Lower Ringold,1,2026-05-06 04:27:54
Priest Rapids Tailrace STH,1,G720551DA,2026-05-02 17:58:05,2026-05-04 16:25:00,Priest,0,
Priest Rapids Tailrace STH,1,G720551DA,2026-05-02 17:58:05,2026-05-04 16:25:00,Lower Ringold,1,2026-05-05 13:41:36
Priest Rapids Tailrace STH,1,G72055C27,2026-05-16 16:29:58,2026-05-18 17:15:00,Priest,0,
Priest Rapids Tailrace STH,1,G72055C27,2026-05-16 16:29:58,2026-05-18 17:15:00,Lower Ringold,1,2026-05-19 09:28:52
Priest Rapids Tailrace STH,1,G72057C04,2026-05-11 16:49:30,2026-05-14 16:30:00,Priest,0,
Priest Rapids Tailrace STH,1,G72057C04,2026-05-11 16:49:30,2026-05-14 16:30:00,Lower Ringold,1,2026-05-15 08:47:08
Priest Rapids Tailrace STH,2,G7205CBB5,2026-05-17 19:59:38,2026-05-19 15:26:00,Priest,0,
Priest Rapids Tailrace STH,2,G7205CBB5,2026-05-17 19:59:38,2026-05-19 15:26:00,Lower Ringold,1,2026-05-21 06:11:39
Priest Rapids Tailrace STH,2,G7205ED4B,2026-05-10 16:39:53,2026-05-12 16:15:00,Priest,0,
Priest Rapids Tailrace STH,2,G7205ED4B,2026-05-10 16:39:53,2026-05-12 16:15:00,Lower Ringold,1,2026-05-13 04:26:38
Priest Rapids Tailrace STH,2,G720647CF,2026-05-16 15:21:49,2026-05-18 17:15:00,Priest,0,
Priest Rapids Tailrace STH,2,G720647CF,2026-05-16 15:21:49,2026-05-18 17:15:00,Lower Ringold,1,2026-05-19 11:11:38
Priest Rapids Tailrace STH,2,G720650D1,2026-05-16 16:37:20,2026-05-18 17:15:00,Priest,0,
Priest Rapids Tailrace STH,2,G720650D1,2026-05-16 16:37:20,2026-05-18 17:15:00,Lower Ringold,1,2026-05-22 22:54:43
Priest Rapids Tailrace STH,2,G7206A939,2026-05-07 18:17:53,2026-05-09 16:31:00,Priest,0,
Priest Rapids Tailrace STH,2,G7206A939,2026-05-07 18:17:53,2026-05-09 16:31:00,Lower Ringold,1,2026-05-10 06:52:43
Priest Rapids Tailrace STH,2,G72072D10,2026-05-03 18:20:07,2026-05-05 17:13:00,Priest,0,
Priest Rapids Tailrace STH,2,G72072D10,2026-05-03 18:20:07,2026-05-05 17:13:00,Lower Ringold,1,2026-05-06 15:15:03
Priest Rapids Tailrace STH,2,G7207470B,2026-05-14 17:40:18,2026-05-16 16:35:00,Priest,0,
Priest Rapids Tailrace STH,2,G7207470B,2026-05-14 17:40:18,2026-05-16 16:35:00,Lower Ringold,1,2026-05-17 13:04:43
Priest Rapids Tailrace STH,2,G720752A9,2026-04-30 18:08:29,2026-05-02 16:36:00,Priest,0,
Priest Rapids Tailrace STH,2,G720752A9,2026-04-30 18:08:29,2026-05-02 16:36:00,Lower Ringold,1,2026-05-03 03:29:18
Priest Rapids Tailrace STH,2,G72075B35,2026-05-05 16:49:22,2026-05-07 16:28:00,Priest,0,
Priest Rapids Tailrace STH,2,G72075B35,2026-05-05 16:49:22,2026-05-07 16:28:00,Lower Ringold,1,2026-05-08 06:25:42
Priest Rapids Tailrace STH,2,G7207857D,2026-05-12 16:55:28,2026-05-15 17:05:00,Priest,0,
Priest Rapids Tailrace STH,2,G7207857D,2026-05-12 16:55:28,2026-05-15 17:05:00,Lower Ringold,0,
Priest Rapids Tailrace STH,2,G7207AD9C,2026-05-14 17:32:39,2026-05-16 16:35:00,Priest,0,
Priest Rapids Tailrace STH,2,G7207AD9C,2026-05-14 17:32:39,2026-05-16 16:35:00,Lower Ringold,0,
Priest Rapids Tailrace STH,2,G7207F206,2026-05-03 18:38:21,2026-05-05 17:13:00,Priest,0,
Priest Rapids Tailrace STH,2,G7207F206,2026-05-03 18:38:21,2026-05-05 17:13:00,Lower Ringold,1,2026-05-06 04:54:01
Priest Rapids Tailrace STH,2,G7207F4DB,2026-05-06 19:19:38,2026-05-09 16:31:00,Priest,0,
Priest Rapids Tailrace STH,2,G7207F4DB,2026-05-06 19:19:38,2026-05-09 16:31:00,Lower Ringold,1,2026-05-10 04:30:48
Priest Rapids Tailrace STH,2,G72081115,2026-05-22 20:32:03,2026-05-24 16:18:00,Priest,0,
Priest Rapids Tailrace STH,2,G72081115,2026-05-22 20:32:03,2026-05-24 16:18:00,Lower Ringold,0,
Priest Rapids Tailrace STH,3,G72083E77,2026-05-14 19:06:22,2026-05-16 16:35:00,Priest,0,
Priest Rapids Tailrace STH,3,G72083E77,2026-05-14 19:06:22,2026-05-16 16:35:00,Lower Ringold,1,2026-05-17 08:59:19
Priest Rapids Tailrace STH,3,G72085B2D,2026-05-04 19:00:38,2026-05-06 16:47:00,Priest,0,
Priest Rapids Tailrace STH,3,G72085B2D,2026-05-04 19:00:38,2026-05-06 16:47:00,Lower Ringold,0,
Priest Rapids Tailrace STH,3,G720877AD,2026-05-01 17:15:24,2026-05-03 16:31:00,Priest,0,
Priest Rapids Tailrace STH,3,G720877AD,2026-05-01 17:15:24,2026-05-03 16:31:00,Lower Ringold,1,2026-05-04 22:16:21
Priest Rapids Tailrace STH,3,G72088687,2026-05-04 19:05:36,2026-05-06 16:47:00,Priest,0,
Priest Rapids Tailrace STH,3,G72088687,2026-05-04 19:05:36,2026-05-06 16:47:00,Lower Ringold,1,2026-05-07 14:18:11
Priest Rapids Tailrace STH,3,G7208A127,2026-05-11 16:53:44,2026-05-14 16:30:00,Priest,0,
Priest Rapids Tailrace STH,3,G7208A127,2026-05-11 16:53:44,2026-05-14 16:30:00,Lower Ringold,1,2026-05-15 07:04:13
Priest Rapids Tailrace STH,1,G7208BEFB,2026-05-01 17:31:37,2026-05-03 16:31:00,Priest,0,
Priest Rapids Tailrace STH,1,G7208BEFB,2026-05-01 17:31:37,2026-05-03 16:31:00,Lower Ringold,1,2026-05-04 04:47:09
Priest Rapids Tailrace STH,1,G7208CF5D,2026-04-25 18:45:24,2026-04-27 16:25:00,Priest,0,
Priest Rapids Tailrace STH,1,G7208CF5D,2026-04-25 18:45:24,2026-04-27 16:25:00,Lower Ringold,1,2026-04-28 05:19:53
Priest Rapids Tailrace STH,1,G7208E03F,2026-05-12 16:45:46,2026-05-15 17:05:00,Priest,0,
Priest Rapids Tailrace STH,1,G7208E03F,2026-05-12 16:45:46,2026-05-15 17:05:00,Lower Ringold,1,2026-05-16 08:17:25
Priest Rapids Tailrace STH,1,G72092DCC,2026-05-21 19:50:53,2026-05-23 17:10:00,Priest,0,
Priest Rapids Tailrace STH,1,G72092DCC,2026-05-21 19:50:53,2026-05-23 17:10:00,Lower Ringold,1,2026-06-15 04:59:50
Priest Rapids Tailrace STH,1,G7209A35F,2026-04-27 18:50:48,2026-04-29 16:07:00,Priest,0,
Priest Rapids Tailrace STH,1,G7209A35F,2026-04-27 18:50:48,2026-04-29 16:07:00,Lower Ringold,1,2026-04-30 05:26:18
Priest Rapids Tailrace STH,1,G7209CBF8,2026-05-05 17:09:05,2026-05-07 16:28:00,Priest,0,
Priest Rapids Tailrace STH,1,G7209CBF8,2026-05-05 17:09:05,2026-05-07 16:28:00,Lower Ringold,1,2026-05-08 06:32:59
Priest Rapids Tailrace STH,3,G720A2405,2026-05-10 16:44:42,2026-05-12 16:15:00,Priest,0,
Priest Rapids Tailrace STH,3,G720A2405,2026-05-10 16:44:42,2026-05-12 16:15:00,Lower Ringold,1,2026-05-13 05:33:51
Priest Rapids Tailrace STH,3,G720A3BD9,2026-05-05 18:03:43,2026-05-07 16:28:00,Priest,0,
Priest Rapids Tailrace STH,3,G720A3BD9,2026-05-05 18:03:43,2026-05-07 16:28:00,Lower Ringold,1,2026-05-08 08:06:52
Priest Rapids Tailrace STH,3,G720A3EE6,2026-04-24 21:24:59,2026-04-26 16:25:00,Priest,0,
Priest Rapids Tailrace STH,3,G720A3EE6,2026-04-24 21:24:59,2026-04-26 16:25:00,Lower Ringold,1,2026-04-27 06:14:12
Priest Rapids Tailrace STH,3,G720A43E3,2026-05-15 16:28:32,2026-05-17 16:25:00,Priest,0,
Priest Rapids Tailrace STH,3,G720A43E3,2026-05-15 16:28:32,2026-05-17 16:25:00,Lower Ringold,1,2026-05-19 04:36:21
Priest Rapids Tailrace STH,3,G720A5FDD,2026-04-28 19:30:09,2026-04-30 16:19:00,Priest,0,
Priest Rapids Tailrace STH,3,G720A5FDD,2026-04-28 19:30:09,2026-04-30 16:19:00,Lower Ringold,1,2026-05-01 05:36:54
Priest Rapids Tailrace STH,3,G720AC650,2026-05-10 17:52:27,2026-05-12 16:15:00,Priest,0,
Priest Rapids Tailrace STH,3,G720AC650,2026-05-10 17:52:27,2026-05-12 16:15:00,Lower Ringold,1,2026-05-13 09:56:07
Priest Rapids Tailrace STH,3,G720AC70E,2026-05-14 19:14:01,2026-05-16 16:35:00,Priest,0,
Priest Rapids Tailrace STH,3,G720AC70E,2026-05-14 19:14:01,2026-05-16 16:35:00,Lower Ringold,1,2026-05-17 04:53:59
Priest Rapids Tailrace STH,3,G720AF6EE,2026-04-26 17:58:01,2026-04-28 15:47:00,Priest,0,
Priest Rapids Tailrace STH,3,G720AF6EE,2026-04-26 17:58:01,2026-04-28 15:47:00,Lower Ringold,1,2026-04-29 12:22:47
Priest Rapids Tailrace STH,3,G720BDF95,2026-04-30 17:03:30,2026-05-02 16:36:00,Priest,0,
Priest Rapids Tailrace STH,3,G720BDF95,2026-04-30 17:03:30,2026-05-02 16:36:00,Lower Ringold,1,2026-05-03 05:06:59
Priest Rapids Tailrace STH,3,G720C05D2,2026-05-14 17:43:34,2026-05-16 16:35:00,Priest,0,
Priest Rapids Tailrace STH,3,G720C05D2,2026-05-14 17:43:34,2026-05-16 16:35:00,Lower Ringold,1,2026-05-17 09:52:30
Priest Rapids Tailrace STH,1,G720C61D6,2026-05-20 18:50:46,2026-05-22 16:26:00,Priest,0,
Priest Rapids Tailrace STH,1,G720C61D6,2026-05-20 18:50:46,2026-05-22 16:26:00,Lower Ringold,1,2026-05-23 05:57:53
Priest Rapids Tailrace STH,1,G720C76C8,2026-04-28 22:45:32,2026-04-30 16:19:00,Priest,0,
Priest Rapids Tailrace STH,1,G720C76C8,2026-04-28 22:45:32,2026-04-30 16:19:00,Lower Ringold,0,
Priest Rapids Tailrace STH,1,G720C855E,2026-05-05 16:58:11,2026-05-07 16:28:00,Priest,0,
Priest Rapids Tailrace STH,1,G720C855E,2026-05-05 16:58:11,2026-05-07 16:28:00,Lower Ringold,1,2026-05-13 17:41:32
Priest Rapids Tailrace STH,1,G720CA042,2026-05-08 16:55:29,2026-05-10 16:20:00,Priest,0,
Priest Rapids Tailrace STH,1,G720CA042,2026-05-08 16:55:29,2026-05-10 16:20:00,Lower Ringold,1,2026-05-11 07:09:49
Priest Rapids Tailrace STH,1,G720CA880,2026-04-30 17:04:23,2026-05-02 16:36:00,Priest,0,
Priest Rapids Tailrace STH,1,G720CA880,2026-04-30 17:04:23,2026-05-02 16:36:00,Lower Ringold,1,2026-05-03 06:05:14
Priest Rapids Tailrace STH,1,G720D0448,2026-04-28 19:28:43,2026-04-30 16:19:00,Priest,0,
Priest Rapids Tailrace STH,1,G720D0448,2026-04-28 19:28:43,2026-04-30 16:19:00,Lower Ringold,1,2026-05-01 05:36:16
Priest Rapids Tailrace STH,1,G720D158B,2026-05-10 16:34:49,2026-05-12 16:15:00,Priest,0,
Priest Rapids Tailrace STH,1,G720D158B,2026-05-10 16:34:49,2026-05-12 16:15:00,Lower Ringold,1,2026-05-13 08:19:55
Priest Rapids Tailrace STH,3,G720D8726,2026-04-28 22:36:54,2026-04-30 16:19:00,Priest,0,
Priest Rapids Tailrace STH,3,G720D8726,2026-04-28 22:36:54,2026-04-30 16:19:00,Lower Ringold,1,2026-05-01 04:34:17
Priest Rapids Tailrace STH,3,G720DC821,2026-04-24 21:23:36,2026-04-26 16:25:00,Priest,0,
Priest Rapids Tailrace STH,3,G720DC821,2026-04-24 21:23:36,2026-04-26 16:25:00,Lower Ringold,0,
Priest Rapids Tailrace STH,3,G720DFB7D,2026-05-01 19:11:14,2026-05-04 16:25:00,Priest,0,
Priest Rapids Tailrace STH,3,G720DFB7D,2026-05-01 19:11:14,2026-05-04 16:25:00,Lower Ringold,1,2026-05-10 03:07:27
Priest Rapids Tailrace STH,3,G720E0F3D,2026-05-10 17:55:36,2026-05-12 16:15:00,Priest,0,
Priest Rapids Tailrace STH,3,G720E0F3D,2026-05-10 17:55:36,2026-05-12 16:15:00,Lower Ringold,1,2026-05-13 05:38:37
Priest Rapids Tailrace STH,3,G720E125D,2026-04-29 16:47:13,2026-05-01 16:26:00,Priest,0,
Priest Rapids Tailrace STH,3,G720E125D,2026-04-29 16:47:13,2026-05-01 16:26:00,Lower Ringold,1,2026-05-02 06:38:02
Priest Rapids Tailrace STH,3,G720E205F,2026-05-12 18:54:35,2026-05-15 17:05:00,Priest,0,
Priest Rapids Tailrace STH,3,G720E205F,2026-05-12 18:54:35,2026-05-15 17:05:00,Lower Ringold,1,2026-05-16 05:38:26
Priest Rapids Tailrace STH,3,G720E4A44,2026-05-01 17:24:16,2026-05-03 16:31:00,Priest,0,
Priest Rapids Tailrace STH,3,G720E4A44,2026-05-01 17:24:16,2026-05-03 16:31:00,Lower Ringold,1,2026-05-04 15:12:25
Priest Rapids Tailrace STH,3,G720E5C04,2026-05-15 16:12:03,2026-05-17 16:25:00,Priest,0,
Priest Rapids Tailrace STH,3,G720E5C04,2026-05-15 16:12:03,2026-05-17 16:25:00,Lower Ringold,1,2026-05-18 04:28:57
Priest Rapids Tailrace STH,3,G720EA26F,2026-05-14 17:25:16,2026-05-16 16:35:00,Priest,0,
Priest Rapids Tailrace STH,3,G720EA26F,2026-05-14 17:25:16,2026-05-16 16:35:00,Lower Ringold,1,2026-05-17 09:55:44
Priest Rapids Tailrace STH,3,G720EEFD4,2026-05-03 18:26:12,2026-05-05 17:13:00,Priest,0,
Priest Rapids Tailrace STH,3,G720EEFD4,2026-05-03 18:26:12,2026-05-05 17:13:00,Lower Ringold,1,2026-05-06 07:21:13
Priest Rapids Tailrace STH,3,G720F073B,2026-05-14 17:46:03,2026-05-16 16:35:00,Priest,0,
Priest Rapids Tailrace STH,3,G720F073B,2026-05-14 17:46:03,2026-05-16 16:35:00,Lower Ringold,1,2026-07-02 20:15:19
Priest Rapids Tailrace STH,3,G720F431C,2026-05-12 19:01:00,2026-05-15 17:05:00,Priest,0,
Priest Rapids Tailrace STH,3,G720F431C,2026-05-12 19:01:00,2026-05-15 17:05:00,Lower Ringold,1,2026-05-16 04:47:48
Priest Rapids Tailrace STH,3,G720F73A2,2026-05-06 19:07:48,2026-05-09 16:31:00,Priest,0,
Priest Rapids Tailrace STH,3,G720F73A2,2026-05-06 19:07:48,2026-05-09 16:31:00,Lower Ringold,1,2026-05-10 10:55:44
Priest Rapids Tailrace STH,3,G720FC390,2026-04-30 18:13:40,2026-05-02 16:36:00,Priest,0,
Priest Rapids Tailrace STH,3,G720FC390,2026-04-30 18:13:40,2026-05-02 16:36:00,Lower Ringold,1,2026-05-03 05:43:22
Priest Rapids Tailrace STH,3,G720FD973,2026-04-30 16:36:54,2026-05-02 16:36:00,Priest,0,
Priest Rapids Tailrace STH,3,G720FD973,2026-04-30 16:36:54,2026-05-02 16:36:00,Lower Ringold,1,2026-05-03 05:13:29
Priest Rapids Tailrace STH,3,G720FF950,2026-04-23 21:30:00,2026-04-25 16:05:00,Priest,0,
Priest Rapids Tailrace STH,3,G720FF950,2026-04-23 21:30:00,2026-04-25 16:05:00,Lower Ringold,1,2026-04-26 06:52:08
Priest Rapids Tailrace STH,3,G72101AAF,2026-05-08 17:04:33,2026-05-10 16:20:00,Priest,0,
Priest Rapids Tailrace STH,3,G72101AAF,2026-05-08 17:04:33,2026-05-10 16:20:00,Lower Ringold,1,2026-05-11 15:16:51
Priest Rapids Tailrace STH,3,G72103C51,2026-05-14 17:35:20,2026-05-16 16:35:00,Priest,0,
Priest Rapids Tailrace STH,3,G72103C51,2026-05-14 17:35:20,2026-05-16 16:35:00,Lower Ringold,1,2026-05-17 17:24:51
Priest Rapids Tailrace STH,3,G72104CA9,2026-05-12 16:54:15,2026-05-15 17:05:00,Priest,0,
Priest Rapids Tailrace STH,3,G72104CA9,2026-05-12 16:54:15,2026-05-15 17:05:00,Lower Ringold,1,2026-05-16 22:26:49
Priest Rapids Tailrace STH,3,G72105097,2026-05-14 19:05:22,2026-05-16 16:35:00,Priest,0,
Priest Rapids Tailrace STH,3,G72105097,2026-05-14 19:05:22,2026-05-16 16:35:00,Lower Ringold,1,2026-05-17 15:37:12
Priest Rapids Tailrace STH,3,G72109A23,2026-05-16 16:45:41,2026-05-19 15:26:00,Priest,0,
Priest Rapids Tailrace STH,3,G72109A23,2026-05-16 16:45:41,2026-05-19 15:26:00,Lower Ringold,1,2026-05-20 05:31:48
Priest Rapids Tailrace STH,3,G72109CFE,2026-05-04 19:18:49,2026-05-06 16:47:00,Priest,0,
Priest Rapids Tailrace STH,3,G72109CFE,2026-05-04 19:18:49,2026-05-06 16:47:00,Lower Ringold,1,2026-05-07 04:41:54
Priest Rapids Tailrace STH,3,G72109F1C,2026-05-14 17:44:57,2026-05-16 16:35:00,Priest,0,
Priest Rapids Tailrace STH,3,G72109F1C,2026-05-14 17:44:57,2026-05-16 16:35:00,Lower Ringold,0,
Priest Rapids Tailrace STH,1,G7210A760,2026-05-04 18:03:26,2026-05-06 16:47:00,Priest,0,
Priest Rapids Tailrace STH,1,G7210A760,2026-05-04 18:03:26,2026-05-06 16:47:00,Lower Ringold,1,2026-05-07 10:44:42
Priest Rapids Tailrace STH,3,G7210C4E7,2026-05-15 16:14:20,2026-05-17 16:25:00,Priest,0,
Priest Rapids Tailrace STH,3,G7210C4E7,2026-05-15 16:14:20,2026-05-17 16:25:00,Lower Ringold,0,
Priest Rapids Tailrace STH,1,G7210D01B,2026-05-11 17:00:48,2026-05-14 16:30:00,Priest,0,
Priest Rapids Tailrace STH,1,G7210D01B,2026-05-11 17:00:48,2026-05-14 16:30:00,Lower Ringold,1,2026-05-15 11:14:39
Priest Rapids Tailrace STH,1,G7210F6E5,2026-05-06 18:56:24,2026-05-09 16:31:00,Priest,0,
Priest Rapids Tailrace STH,1,G7210F6E5,2026-05-06 18:56:24,2026-05-09 16:31:00,Lower Ringold,1,2026-05-10 15:48:59
Priest Rapids Tailrace STH,1,G72113DCB,2026-05-06 18:57:28,2026-05-09 16:31:00,Priest,0,
Priest Rapids Tailrace STH,1,G72113DCB,2026-05-06 18:57:28,2026-05-09 16:31:00,Lower Ringold,0,
Priest Rapids Tailrace STH,3,G7211853B,2026-05-09 18:38:41,2026-05-11 16:32:00,Priest,0,
Priest Rapids Tailrace STH,3,G7211853B,2026-05-09 18:38:41,2026-05-11 16:32:00,Lower Ringold,1,2026-05-12 04:55:59
Priest Rapids Tailrace STH,3,G7211A027,2026-05-17 19:50:36,2026-05-19 15:26:00,Priest,0,
Priest Rapids Tailrace STH,3,G7211A027,2026-05-17 19:50:36,2026-05-19 15:26:00,Lower Ringold,1,2026-05-20 04:42:14
Priest Rapids Tailrace STH,3,G7211A29B,2026-05-02 18:00:58,2026-05-04 16:25:00,Priest,0,
Priest Rapids Tailrace STH,3,G7211A29B,2026-05-02 18:00:58,2026-05-04 16:25:00,Lower Ringold,1,2026-05-05 10:03:42
Priest Rapids Tailrace STH,3,G7211A3C5,2026-04-28 22:49:38,2026-04-30 16:19:00,Priest,0,
Priest Rapids Tailrace STH,3,G7211A3C5,2026-04-28 22:49:38,2026-04-30 16:19:00,Lower Ringold,1,2026-06-04 10:39:27
Priest Rapids Tailrace STH,3,G7211C11C,2026-04-30 16:55:44,2026-05-02 16:36:00,Priest,0,
Priest Rapids Tailrace STH,3,G7211C11C,2026-04-30 16:55:44,2026-05-02 16:36:00,Lower Ringold,1,2026-05-04 13:15:24
Priest Rapids Tailrace STH,3,G7211F77F,2026-04-25 18:17:28,2026-04-27 16:25:00,Priest,0,
Priest Rapids Tailrace STH,3,G7211F77F,2026-04-25 18:17:28,2026-04-27 16:25:00,Lower Ringold,1,2026-04-28 08:37:26
Priest Rapids Tailrace STH,3,G721205E2,2026-05-02 17:47:45,2026-05-04 16:25:00,Priest,0,
Priest Rapids Tailrace STH,3,G721205E2,2026-05-02 17:47:45,2026-05-04 16:25:00,Lower Ringold,1,2026-05-06 14:23:56
Priest Rapids Tailrace STH,3,G721220FE,2026-04-29 16:53:05,2026-05-01 16:26:00,Priest,0,
Priest Rapids Tailrace STH,3,G721220FE,2026-04-29 16:53:05,2026-05-01 16:26:00,Lower Ringold,1,2026-05-02 05:17:50
Priest Rapids Tailrace STH,1,G72128430,2026-05-10 16:42:21,2026-05-12 16:15:00,Priest,0,
Priest Rapids Tailrace STH,1,G72128430,2026-05-10 16:42:21,2026-05-12 16:15:00,Lower Ringold,1,2026-05-13 04:32:48
Priest Rapids Tailrace STH,1,G72130E06,2026-05-16 16:33:28,2026-05-18 17:15:00,Priest,0,
Priest Rapids Tailrace STH,1,G72130E06,2026-05-16 16:33:28,2026-05-18 17:15:00,Lower Ringold,1,2026-05-19 08:30:20
Priest Rapids Tailrace STH,2,G72138716,2026-04-30 16:38:59,2026-05-02 16:36:00,Priest,0,
Priest Rapids Tailrace STH,2,G72138716,2026-04-30 16:38:59,2026-05-02 16:36:00,Lower Ringold,1,2026-05-03 05:21:41
Priest Rapids Tailrace STH,2,G72138FD4,2026-05-11 17:03:52,2026-05-14 16:30:00,Priest,0,
Priest Rapids Tailrace STH,2,G72138FD4,2026-05-11 17:03:52,2026-05-14 16:30:00,Lower Ringold,1,2026-05-15 11:57:56
Priest Rapids Tailrace STH,2,G7213C94F,2026-05-01 19:08:14,2026-05-04 16:25:00,Priest,0,
Priest Rapids Tailrace STH,2,G7213C94F,2026-05-01 19:08:14,2026-05-04 16:25:00,Lower Ringold,1,2026-05-05 04:26:20
Priest Rapids Tailrace STH,2,G7213F06D,2026-05-18 19:50:42,2026-05-20 16:19:00,Priest,0,
Priest Rapids Tailrace STH,2,G7213F06D,2026-05-18 19:50:42,2026-05-20 16:19:00,Lower Ringold,1,2026-05-23 07:41:25
Priest Rapids Tailrace STH,2,G7214380B,2026-04-28 22:29:55,2026-04-30 16:19:00,Priest,0,
Priest Rapids Tailrace STH,2,G7214380B,2026-04-28 22:29:55,2026-04-30 16:19:00,Lower Ringold,0,
Priest Rapids Tailrace STH,3,G72143D34,2026-04-30 18:06:12,2026-05-02 16:36:00,Priest,0,
Priest Rapids Tailrace STH,3,G72143D34,2026-04-30 18:06:12,2026-05-02 16:36:00,Lower Ringold,1,2026-05-03 08:44:27
Priest Rapids Tailrace STH,3,G72145C0F,2026-05-17 19:54:35,2026-05-19 15:26:00,Priest,0,
Priest Rapids Tailrace STH,3,G72145C0F,2026-05-17 19:54:35,2026-05-19 15:26:00,Lower Ringold,1,2026-05-20 10:08:08
Priest Rapids Tailrace STH,3,G72147913,2026-05-12 19:00:30,2026-05-15 17:05:00,Priest,0,
Priest Rapids Tailrace STH,3,G72147913,2026-05-12 19:00:30,2026-05-15 17:05:00,Lower Ringold,1,2026-05-16 13:35:22
Priest Rapids Tailrace STH,3,G72148626,2026-05-17 19:56:54,2026-05-19 15:26:00,Priest,0,
Priest Rapids Tailrace STH,3,G72148626,2026-05-17 19:56:54,2026-05-19 15:26:00,Lower Ringold,0,
Priest Rapids Tailrace STH,3,G7214B57A,2026-05-06 18:50:47,2026-05-09 16:31:00,Priest,0,
Priest Rapids Tailrace STH,3,G7214B57A,2026-05-06 18:50:47,2026-05-09 16:31:00,Lower Ringold,1,2026-05-11 07:52:07
Priest Rapids Tailrace STH,3,G7214D441,2026-05-10 16:36:31,2026-05-12 16:15:00,Priest,0,
Priest Rapids Tailrace STH,3,G7214D441,2026-05-10 16:36:31,2026-05-12 16:15:00,Lower Ringold,1,2026-05-13 12:16:16
Priest Rapids Tailrace STH,3,G7214E902,2026-05-14 19:14:24,2026-05-16 16:35:00,Priest,0,
Priest Rapids Tailrace STH,3,G7214E902,2026-05-14 19:14:24,2026-05-16 16:35:00,Lower Ringold,1,2026-05-17 12:33:04
Priest Rapids Tailrace STH,3,G72152BB0,2026-05-02 18:49:31,2026-05-04 16:25:00,Priest,0,
Priest Rapids Tailrace STH,3,G72152BB0,2026-05-02 18:49:31,2026-05-04 16:25:00,Lower Ringold,1,2026-05-05 05:33:48
Priest Rapids Tailrace STH,3,G72159ADC,2026-04-25 18:17:02,2026-04-27 16:25:00,Priest,0,
Priest Rapids Tailrace STH,3,G72159ADC,2026-04-25 18:17:02,2026-04-27 16:25:00,Lower Ringold,1,2026-04-28 05:53:02
Priest Rapids Tailrace STH,3,G7215C079,2026-05-04 17:57:35,2026-05-06 16:47:00,Priest,0,
Priest Rapids Tailrace STH,3,G7215C079,2026-05-04 17:57:35,2026-05-06 16:47:00,Lower Ringold,1,2026-05-07 11:00:27
Priest Rapids Tailrace STH,3,G7215D485,2026-05-10 16:38:35,2026-05-12 16:15:00,Priest,0,
Priest Rapids Tailrace STH,3,G7215D485,2026-05-10 16:38:35,2026-05-12 16:15:00,Lower Ringold,1,2026-05-13 10:33:33
Priest Rapids Tailrace STH,3,G7215E9C6,2026-04-28 22:30:46,2026-04-30 16:19:00,Priest,0,
Priest Rapids Tailrace STH,3,G7215E9C6,2026-04-28 22:30:46,2026-04-30 16:19:00,Lower Ringold,1,2026-05-01 04:47:04
Priest Rapids Tailrace STH,3,G7215ECF9,2026-05-01 17:16:03,2026-05-03 16:31:00,Priest,0,
Priest Rapids Tailrace STH,3,G7215ECF9,2026-05-01 17:16:03,2026-05-03 16:31:00,Lower Ringold,1,2026-05-04 07:26:35
Priest Rapids Tailrace STH,3,G7216107B,2026-05-16 16:28:36,2026-05-18 17:15:00,Priest,0,
Priest Rapids Tailrace STH,3,G7216107B,2026-05-16 16:28:36,2026-05-18 17:15:00,Lower Ringold,1,2026-05-19 20:48:14
Priest Rapids Tailrace STH,3,G72161399,2026-05-21 19:36:55,2026-05-23 17:10:00,Priest,0,
Priest Rapids Tailrace STH,3,G72161399,2026-05-21 19:36:55,2026-05-23 17:10:00,Lower Ringold,0,
Priest Rapids Tailrace STH,3,G72163567,2026-05-09 18:45:24,2026-05-11 16:32:00,Priest,0,
Priest Rapids Tailrace STH,3,G72163567,2026-05-09 18:45:24,2026-05-11 16:32:00,Lower Ringold,1,2026-05-12 03:07:08
Priest Rapids Tailrace STH,2,G721661DD,2026-05-10 17:45:06,2026-05-12 16:15:00,Priest,0,
Priest Rapids Tailrace STH,2,G721661DD,2026-05-10 17:45:06,2026-05-12 16:15:00,Lower Ringold,0,
Priest Rapids Tailrace STH,2,G72166E9C,2026-05-08 17:08:14,2026-05-10 16:20:00,Priest,0,
Priest Rapids Tailrace STH,2,G72166E9C,2026-05-08 17:08:14,2026-05-10 16:20:00,Lower Ringold,0,
Priest Rapids Tailrace STH,2,G7216779D,2026-04-28 19:36:46,2026-04-30 16:19:00,Priest,0,
Priest Rapids Tailrace STH,2,G7216779D,2026-04-28 19:36:46,2026-04-30 16:19:00,Lower Ringold,1,2026-05-01 12:09:32
Priest Rapids Tailrace STH,2,G721690F7,2026-04-26 17:46:28,2026-04-28 15:47:00,Priest,0,
Priest Rapids Tailrace STH,2,G721690F7,2026-04-26 17:46:28,2026-04-28 15:47:00,Lower Ringold,1,2026-04-29 06:22:49
Priest Rapids Tailrace STH,2,G7216EB2F,2026-05-05 16:53:46,2026-05-07 16:28:00,Priest,0,
Priest Rapids Tailrace STH,2,G7216EB2F,2026-05-05 16:53:46,2026-05-07 16:28:00,Lower Ringold,1,2026-05-08 05:44:29
Priest Rapids Tailrace STH,2,G7216FFD3,2026-04-30 16:43:35,2026-05-02 16:36:00,Priest,0,
Priest Rapids Tailrace STH,2,G7216FFD3,2026-04-30 16:43:35,2026-05-02 16:36:00,Lower Ringold,0,
Priest Rapids Tailrace STH,2,G72170A5C,2026-05-08 20:58:42,2026-05-10 16:20:00,Priest,0,
Priest Rapids Tailrace STH,2,G72170A5C,2026-05-08 20:58:42,2026-05-10 16:20:00,Lower Ringold,1,2026-05-11 02:44:44
Priest Rapids Tailrace STH,2,G72173C3F,2026-05-12 18:49:55,2026-05-15 17:05:00,Priest,0,
Priest Rapids Tailrace STH,2,G72173C3F,2026-05-12 18:49:55,2026-05-15 17:05:00,Lower Ringold,1,2026-05-16 11:41:16
Priest Rapids Tailrace STH,2,G72178591,2026-04-25 18:23:31,2026-04-27 16:25:00,Priest,0,
Priest Rapids Tailrace STH,2,G72178591,2026-04-25 18:23:31,2026-04-27 16:25:00,Lower Ringold,1,2026-04-28 15:28:01
Priest Rapids Tailrace STH,2,G72179B13,2026-04-28 19:39:21,2026-04-30 16:19:00,Priest,0,
Priest Rapids Tailrace STH,2,G72179B13,2026-04-28 19:39:21,2026-04-30 16:19:00,Lower Ringold,1,2026-05-01 09:00:30
Priest Rapids Tailrace STH,2,G7217B52F,2026-05-10 17:47:01,2026-05-12 16:15:00,Priest,0,
Priest Rapids Tailrace STH,2,G7217B52F,2026-05-10 17:47:01,2026-05-12 16:15:00,Lower Ringold,1,2026-05-13 04:57:19
Priest Rapids Tailrace STH,2,G7217C76B,2026-05-01 18:41:14,2026-05-03 16:31:00,Priest,0,
Priest Rapids Tailrace STH,2,G7217C76B,2026-05-01 18:41:14,2026-05-03 16:31:00,Lower Ringold,1,2026-05-04 07:23:52
Priest Rapids Tailrace STH,2,G7217FF17,2026-05-01 18:37:25,2026-05-03 16:31:00,Priest,0,
Priest Rapids Tailrace STH,2,G7217FF17,2026-05-01 18:37:25,2026-05-03 16:31:00,Lower Ringold,1,2026-05-04 07:36:47
Priest Rapids Tailrace STH,1,G72181345,2026-05-07 17:26:24,2026-05-09 16:31:00,Priest,0,
Priest Rapids Tailrace STH,1,G72181345,2026-05-07 17:26:24,2026-05-09 16:31:00,Lower Ringold,1,2026-05-24 06:00:02
Priest Rapids Tailrace STH,1,G72182147,2026-04-29 17:49:23,2026-05-01 16:26:00,Priest,0,
Priest Rapids Tailrace STH,1,G72182147,2026-04-29 17:49:23,2026-05-01 16:26:00,Lower Ringold,1,2026-05-02 04:55:31
Priest Rapids Tailrace STH,1,G721826C4,2026-05-09 17:11:49,2026-05-11 16:32:00,Priest,0,
Priest Rapids Tailrace STH,1,G721826C4,2026-05-09 17:11:49,2026-05-11 16:32:00,Lower Ringold,1,2026-05-12 07:07:31
Priest Rapids Tailrace STH,1,G72183846,2026-04-28 22:50:02,2026-04-30 16:19:00,Priest,0,
Priest Rapids Tailrace STH,1,G72183846,2026-04-28 22:50:02,2026-04-30 16:19:00,Lower Ringold,1,2026-05-01 03:14:08
Priest Rapids Tailrace STH,2,G7218643E,2026-05-03 18:25:26,2026-05-05 17:13:00,Priest,0,
Priest Rapids Tailrace STH,2,G7218643E,2026-05-03 18:25:26,2026-05-05 17:13:00,Lower Ringold,1,2026-05-06 12:22:11
Priest Rapids Tailrace STH,2,G72187C61,2026-05-07 18:24:29,2026-05-09 16:31:00,Priest,0,
Priest Rapids Tailrace STH,2,G72187C61,2026-05-07 18:24:29,2026-05-09 16:31:00,Lower Ringold,1,2026-05-20 18:44:50
Priest Rapids Tailrace STH,2,G72188735,2026-05-16 15:19:48,2026-05-18 17:15:00,Priest,0,
Priest Rapids Tailrace STH,2,G72188735,2026-05-16 15:19:48,2026-05-18 17:15:00,Lower Ringold,1,2026-05-20 12:15:08
Priest Rapids Tailrace STH,2,G7218E750,2026-05-18 19:51:44,2026-05-20 16:19:00,Priest,0,
Priest Rapids Tailrace STH,2,G7218E750,2026-05-18 19:51:44,2026-05-20 16:19:00,Lower Ringold,0,
Priest Rapids Tailrace STH,2,G72190BDE,2026-05-21 19:55:21,2026-05-24 16:18:00,Priest,0,
Priest Rapids Tailrace STH,2,G72190BDE,2026-05-21 19:55:21,2026-05-24 16:18:00,Lower Ringold,0,
Priest Rapids Tailrace STH,2,G72191402,2026-05-16 16:40:05,2026-05-19 15:26:00,Priest,0,
Priest Rapids Tailrace STH,2,G72191402,2026-05-16 16:40:05,2026-05-19 15:26:00,Lower Ringold,1,2026-05-20 06:34:10
Priest Rapids Tailrace STH,2,G72191D9E,2026-05-22 20:45:18,2026-05-24 16:18:00,Priest,0,
Priest Rapids Tailrace STH,2,G72191D9E,2026-05-22 20:45:18,2026-05-24 16:18:00,Lower Ringold,0,
Priest Rapids Tailrace STH,2,G72193B60,2026-04-29 17:41:31,2026-05-01 16:26:00,Priest,0,
Priest Rapids Tailrace STH,2,G72193B60,2026-04-29 17:41:31,2026-05-01 16:26:00,Lower Ringold,1,2026-05-05 08:20:25
Priest Rapids Tailrace STH,2,G7219A68C,2026-05-06 19:11:59,2026-05-09 16:31:00,Priest,0,
Priest Rapids Tailrace STH,2,G7219A68C,2026-05-06 19:11:59,2026-05-09 16:31:00,Lower Ringold,0,
Priest Rapids Tailrace STH,2,G7219B192,2026-05-02 17:45:56,2026-05-04 16:25:00,Priest,0,
Priest Rapids Tailrace STH,2,G7219B192,2026-05-02 17:45:56,2026-05-04 16:25:00,Lower Ringold,1,2026-05-06 03:48:22
Priest Rapids Tailrace STH,2,G7219CE2B,2026-05-04 17:46:53,2026-05-06 16:47:00,Priest,0,
Priest Rapids Tailrace STH,2,G7219CE2B,2026-05-04 17:46:53,2026-05-06 16:47:00,Lower Ringold,1,2026-05-09 08:18:58
Priest Rapids Tailrace STH,2,G7219DEB6,2026-04-30 16:56:27,2026-05-02 16:36:00,Priest,0,
Priest Rapids Tailrace STH,2,G7219DEB6,2026-04-30 16:56:27,2026-05-02 16:36:00,Lower Ringold,1,2026-05-06 13:33:14
Priest Rapids Tailrace STH,2,G7219E98B,2026-05-03 20:03:54,2026-05-05 17:13:00,Priest,0,
Priest Rapids Tailrace STH,2,G7219E98B,2026-05-03 20:03:54,2026-05-05 17:13:00,Lower Ringold,0,
Priest Rapids Tailrace STH,2,G7219F236,2026-04-29 17:37:39,2026-05-01 16:26:00,Priest,0,
Priest Rapids Tailrace STH,2,G7219F236,2026-04-29 17:37:39,2026-05-01 16:26:00,Lower Ringold,0,
Priest Rapids Tailrace STH,3,G721A1A48,2026-05-07 18:18:16,2026-05-09 16:31:00,Priest,0,
Priest Rapids Tailrace STH,3,G721A1A48,2026-05-07 18:18:16,2026-05-09 16:31:00,Lower Ringold,1,2026-05-24 10:44:40
Priest Rapids Tailrace STH,3,G721A2088,2026-05-02 18:55:22,2026-05-04 16:25:00,Priest,0,
Priest Rapids Tailrace STH,3,G721A2088,2026-05-02 18:55:22,2026-05-04 16:25:00,Lower Ringold,1,2026-05-05 02:27:59
Priest Rapids Tailrace STH,2,G721A57F3,2026-04-27 18:44:10,2026-04-29 16:07:00,Priest,0,
Priest Rapids Tailrace STH,2,G721A57F3,2026-04-27 18:44:10,2026-04-29 16:07:00,Lower Ringold,1,2026-05-02 21:35:08
Priest Rapids Tailrace STH,2,G721A58B2,2026-04-29 16:46:45,2026-05-01 16:26:00,Priest,0,
Priest Rapids Tailrace STH,2,G721A58B2,2026-04-29 16:46:45,2026-05-01 16:26:00,Lower Ringold,1,2026-05-02 12:12:49
Priest Rapids Tailrace STH,2,G721A7432,2026-04-30 16:54:38,2026-05-02 16:36:00,Priest,0,
Priest Rapids Tailrace STH,2,G721A7432,2026-04-30 16:54:38,2026-05-02 16:36:00,Lower Ringold,1,2026-05-04 07:41:47
Priest Rapids Tailrace STH,2,G721A8518,2026-05-15 17:32:16,2026-05-17 16:25:00,Priest,0,
Priest Rapids Tailrace STH,2,G721A8518,2026-05-15 17:32:16,2026-05-17 16:25:00,Lower Ringold,1,2026-05-18 04:32:01
Priest Rapids Tailrace STH,2,G721A8C84,2026-05-06 18:09:56,2026-05-09 16:31:00,Priest,0,
Priest Rapids Tailrace STH,2,G721A8C84,2026-05-06 18:09:56,2026-05-09 16:31:00,Lower Ringold,1,2026-05-10 07:56:05
Priest Rapids Tailrace STH,2,G721AAA7A,2026-05-15 16:25:02,2026-05-17 16:25:00,Priest,0,
Priest Rapids Tailrace STH,2,G721AAA7A,2026-05-15 16:25:02,2026-05-17 16:25:00,Lower Ringold,1,2026-05-18 04:47:56
Priest Rapids Tailrace STH,2,G721AADF9,2026-05-10 17:46:35,2026-05-12 16:15:00,Priest,0,
Priest Rapids Tailrace STH,2,G721AADF9,2026-05-10 17:46:35,2026-05-12 16:15:00,Lower Ringold,1,2026-05-13 08:36:00
Priest Rapids Tailrace STH,3,G721B5B94,2026-04-25 18:21:08,2026-04-27 16:25:00,Priest,0,
Priest Rapids Tailrace STH,3,G721B5B94,2026-04-25 18:21:08,2026-04-27 16:25:00,Lower Ringold,1,2026-04-28 05:23:22
Priest Rapids Tailrace STH,2,G721B863E,2026-05-11 16:52:23,2026-05-14 16:30:00,Priest,0,
Priest Rapids Tailrace STH,2,G721B863E,2026-05-11 16:52:23,2026-05-14 16:30:00,Lower Ringold,1,2026-05-16 12:26:10
Priest Rapids Tailrace STH,3,G721BCD58,2026-05-03 18:28:52,2026-05-05 17:13:00,Priest,0,
Priest Rapids Tailrace STH,3,G721BCD58,2026-05-03 18:28:52,2026-05-05 17:13:00,Lower Ringold,1,2026-05-06 06:42:05
Priest Rapids Tailrace STH,3,G721BD038,2026-05-12 16:37:50,2026-05-15 17:05:00,Priest,0,
Priest Rapids Tailrace STH,3,G721BD038,2026-05-12 16:37:50,2026-05-15 17:05:00,Lower Ringold,1,2026-05-16 17:42:55
Priest Rapids Tailrace STH,3,G721BD7BB,2026-05-12 18:57:39,2026-05-15 17:05:00,Priest,0,
Priest Rapids Tailrace STH,3,G721BD7BB,2026-05-12 18:57:39,2026-05-15 17:05:00,Lower Ringold,1,2026-05-16 12:47:46
Priest Rapids Tailrace STH,2,G721BDB18,2026-05-17 20:18:54,2026-05-19 15:26:00,Priest,0,
Priest Rapids Tailrace STH,2,G721BDB18,2026-05-17 20:18:54,2026-05-19 15:26:00,Lower Ringold,1,2026-05-20 09:23:37
Priest Rapids Tailrace STH,2,G721BE23A,2026-05-04 17:56:07,2026-05-06 16:47:00,Priest,0,
Priest Rapids Tailrace STH,2,G721BE23A,2026-05-04 17:56:07,2026-05-06 16:47:00,Lower Ringold,1,2026-05-07 04:25:57
Priest Rapids Tailrace STH,3,G721BF524,2026-05-10 16:33:50,2026-05-12 16:15:00,Priest,0,
Priest Rapids Tailrace STH,3,G721BF524,2026-05-10 16:33:50,2026-05-12 16:15:00,Lower Ringold,1,2026-05-13 04:24:14
Priest Rapids Tailrace STH,2,G721C03E3,2026-04-29 17:03:10,2026-05-01 16:26:00,Priest,0,
Priest Rapids Tailrace STH,2,G721C03E3,2026-04-29 17:03:10,2026-05-01 16:26:00,Lower Ringold,1,2026-05-02 10:44:45
Priest Rapids Tailrace STH,3,G721C0460,2026-04-28 19:28:18,2026-04-30 16:19:00,Priest,0,
Priest Rapids Tailrace STH,3,G721C0460,2026-04-28 19:28:18,2026-04-30 16:19:00,Lower Ringold,1,2026-05-01 04:26:01
Priest Rapids Tailrace STH,1,G721C3923,2026-05-06 19:22:32,2026-05-09 16:31:00,Priest,0,
Priest Rapids Tailrace STH,1,G721C3923,2026-05-06 19:22:32,2026-05-09 16:31:00,Lower Ringold,1,2026-05-10 05:59:27
Priest Rapids Tailrace STH,1,G721C3AC1,2026-05-15 17:20:50,2026-05-17 16:25:00,Priest,0,
Priest Rapids Tailrace STH,1,G721C3AC1,2026-05-15 17:20:50,2026-05-17 16:25:00,Lower Ringold,1,2026-05-18 03:03:51
Priest Rapids Tailrace STH,1,G721C47C4,2026-05-06 18:59:05,2026-05-09 16:31:00,Priest,0,
Priest Rapids Tailrace STH,1,G721C47C4,2026-05-06 18:59:05,2026-05-09 16:31:00,Lower Ringold,1,2026-05-10 05:25:36
Priest Rapids Tailrace STH,2,G721C71A7,2026-04-25 18:26:02,2026-04-27 16:25:00,Priest,0,
Priest Rapids Tailrace STH,2,G721C71A7,2026-04-25 18:26:02,2026-04-27 16:25:00,Lower Ringold,0,
Priest Rapids Tailrace STH,2,G721C998C,2026-05-03 18:34:25,2026-05-05 17:13:00,Priest,0,
Priest Rapids Tailrace STH,2,G721C998C,2026-05-03 18:34:25,2026-05-05 17:13:00,Lower Ringold,1,2026-05-06 06:53:46
Priest Rapids Tailrace STH,2,G721CB28F,2026-05-18 19:52:09,2026-05-20 16:19:00,Priest,0,
Priest Rapids Tailrace STH,2,G721CB28F,2026-05-18 19:52:09,2026-05-20 16:19:00,Lower Ringold,0,
Priest Rapids Tailrace STH,2,G721D0327,2026-05-07 18:25:39,2026-05-09 16:31:00,Priest,0,
Priest Rapids Tailrace STH,2,G721D0327,2026-05-07 18:25:39,2026-05-09 16:31:00,Lower Ringold,1,2026-05-12 19:31:39
Priest Rapids Tailrace STH,2,G721D5F5F,2026-05-15 17:34:14,2026-05-17 16:25:00,Priest,0,
Priest Rapids Tailrace STH,2,G721D5F5F,2026-05-15 17:34:14,2026-05-17 16:25:00,Lower Ringold,1,2026-05-18 08:23:22
Priest Rapids Tailrace STH,2,G721D9C77,2026-05-01 17:27:21,2026-05-03 16:31:00,Priest,0,
Priest Rapids Tailrace STH,2,G721D9C77,2026-05-01 17:27:21,2026-05-03 16:31:00,Lower Ringold,1,2026-05-05 05:16:38
Priest Rapids Tailrace STH,2,G721DC8CD,2026-04-26 17:43:39,2026-04-28 15:47:00,Priest,0,
Priest Rapids Tailrace STH,2,G721DC8CD,2026-04-26 17:43:39,2026-04-28 15:47:00,Lower Ringold,0,
Priest Rapids Tailrace STH,2,G721DD5AD,2026-05-03 19:50:02,2026-05-05 17:13:00,Priest,0,
Priest Rapids Tailrace STH,2,G721DD5AD,2026-05-03 19:50:02,2026-05-05 17:13:00,Lower Ringold,1,2026-05-06 06:04:25
Priest Rapids Tailrace STH,3,G721DF92D,2026-05-12 17:17:33,2026-05-15 17:05:00,Priest,0,
Priest Rapids Tailrace STH,3,G721DF92D,2026-05-12 17:17:33,2026-05-15 17:05:00,Lower Ringold,0,
Priest Rapids Tailrace STH,3,G721E0713,2026-05-05 18:06:43,2026-05-07 16:28:00,Priest,0,
Priest Rapids Tailrace STH,3,G721E0713,2026-05-05 18:06:43,2026-05-07 16:28:00,Lower Ringold,1,2026-05-16 06:33:53
Priest Rapids Tailrace STH,3,G721E4AA8,2026-05-20 19:01:53,2026-05-22 16:26:00,Priest,0,
Priest Rapids Tailrace STH,3,G721E4AA8,2026-05-20 19:01:53,2026-05-22 16:26:00,Lower Ringold,0,
Priest Rapids Tailrace STH,1,G721ECA24,2026-05-07 18:33:36,2026-05-09 16:31:00,Priest,0,
Priest Rapids Tailrace STH,1,G721ECA24,2026-05-07 18:33:36,2026-05-09 16:31:00,Lower Ringold,1,2026-05-10 11:07:18
Priest Rapids Tailrace STH,1,G721EE2C5,2026-05-04 18:03:00,2026-05-06 16:47:00,Priest,0,
Priest Rapids Tailrace STH,1,G721EE2C5,2026-05-04 18:03:00,2026-05-06 16:47:00,Lower Ringold,1,2026-05-07 06:19:03
Priest Rapids Tailrace STH,3,G72200CC2,2026-05-08 20:56:10,2026-05-10 16:20:00,Priest,0,
Priest Rapids Tailrace STH,3,G72200CC2,2026-05-08 20:56:10,2026-05-10 16:20:00,Lower Ringold,1,2026-05-11 07:37:45
Priest Rapids Tailrace STH,3,G7220257D,2026-05-17 19:55:07,2026-05-19 15:26:00,Priest,0,
Priest Rapids Tailrace STH,3,G7220257D,2026-05-17 19:55:07,2026-05-19 15:26:00,Lower Ringold,0,
Priest Rapids Tailrace STH,3,G72202A3C,2026-05-10 16:30:26,2026-05-12 16:15:00,Priest,0,
Priest Rapids Tailrace STH,3,G72202A3C,2026-05-10 16:30:26,2026-05-12 16:15:00,Lower Ringold,1,2026-05-13 09:38:07
Priest Rapids Tailrace STH,2,G722075A6,2026-04-24 21:21:00,2026-04-26 16:25:00,Priest,0,
Priest Rapids Tailrace STH,2,G722075A6,2026-04-24 21:21:00,2026-04-26 16:25:00,Lower Ringold,1,2026-04-27 05:41:17
Priest Rapids Tailrace STH,2,G72207AE7,2026-05-07 17:20:05,2026-05-09 16:31:00,Priest,0,
Priest Rapids Tailrace STH,2,G72207AE7,2026-05-07 17:20:05,2026-05-09 16:31:00,Lower Ringold,1,2026-05-10 07:29:11
Priest Rapids Tailrace STH,2,G72209A0E,2026-05-06 18:09:34,2026-05-09 16:31:00,Priest,0,
Priest Rapids Tailrace STH,2,G72209A0E,2026-05-06 18:09:34,2026-05-09 16:31:00,Lower Ringold,1,2026-05-10 05:22:27
Priest Rapids Tailrace STH,2,G7220BA2D,2026-05-04 19:07:39,2026-05-06 16:47:00,Priest,0,
Priest Rapids Tailrace STH,2,G7220BA2D,2026-05-04 19:07:39,2026-05-06 16:47:00,Lower Ringold,1,2026-05-07 07:03:40
Priest Rapids Tailrace STH,2,G7220C1F5,2026-05-11 16:58:51,2026-05-14 16:30:00,Priest,0,
Priest Rapids Tailrace STH,2,G7220C1F5,2026-05-11 16:58:51,2026-05-14 16:30:00,Lower Ringold,1,2026-05-15 12:06:37
Priest Rapids Tailrace STH,2,G7220C676,2026-05-16 15:18:17,2026-05-18 17:15:00,Priest,0,
Priest Rapids Tailrace STH,2,G7220C676,2026-05-16 15:18:17,2026-05-18 17:15:00,Lower Ringold,1,2026-05-19 15:58:05
Priest Rapids Tailrace STH,2,G7221059A,2026-05-10 17:46:01,2026-05-12 16:15:00,Priest,0,
Priest Rapids Tailrace STH,2,G7221059A,2026-05-10 17:46:01,2026-05-12 16:15:00,Lower Ringold,1,2026-05-15 17:14:58
Priest Rapids Tailrace STH,2,G72210C06,2026-05-03 18:33:14,2026-05-05 17:13:00,Priest,0,
Priest Rapids Tailrace STH,2,G72210C06,2026-05-03 18:33:14,2026-05-05 17:13:00,Lower Ringold,1,2026-05-09 06:34:31
Priest Rapids Tailrace STH,2,G7221223A,2026-04-30 16:43:07,2026-05-02 16:36:00,Priest,0,
Priest Rapids Tailrace STH,2,G7221223A,2026-04-30 16:43:07,2026-05-02 16:36:00,Lower Ringold,1,2026-05-03 05:36:24
Priest Rapids Tailrace STH,2,G722132A7,2026-04-27 18:47:28,2026-04-29 16:07:00,Priest,0,
Priest Rapids Tailrace STH,2,G722132A7,2026-04-27 18:47:28,2026-04-29 16:07:00,Lower Ringold,1,2026-04-30 09:14:24
Priest Rapids Tailrace STH,2,G72214821,2026-05-15 16:15:21,2026-05-17 16:25:00,Priest,0,
Priest Rapids Tailrace STH,2,G72214821,2026-05-15 16:15:21,2026-05-17 16:25:00,Lower Ringold,1,2026-05-18 21:41:33
Priest Rapids Tailrace STH,2,G72217680,2026-05-17 19:59:13,2026-05-19 15:26:00,Priest,0,
Priest Rapids Tailrace STH,2,G72217680,2026-05-17 19:59:13,2026-05-19 15:26:00,Lower Ringold,0,
Priest Rapids Tailrace STH,3,G7221BE88,2026-04-23 21:30:00,2026-04-25 16:05:00,Priest,0,
Priest Rapids Tailrace STH,3,G7221BE88,2026-04-23 21:30:00,2026-04-25 16:05:00,Lower Ringold,1,2026-04-26 05:19:28
Priest Rapids Tailrace STH,2,G722241E8,2026-04-24 21:19:46,2026-04-26 16:25:00,Priest,0,
Priest Rapids Tailrace STH,2,G722241E8,2026-04-24 21:19:46,2026-04-26 16:25:00,Lower Ringold,1,2026-04-27 04:38:12
Priest Rapids Tailrace STH,3,G722244D7,2026-05-11 18:00:01,2026-05-14 16:30:00,Priest,0,
Priest Rapids Tailrace STH,3,G722244D7,2026-05-11 18:00:01,2026-05-14 16:30:00,Lower Ringold,1,2026-05-15 18:35:36
Priest Rapids Tailrace STH,2,G72228A02,2026-05-20 18:44:12,2026-05-22 16:26:00,Priest,0,
Priest Rapids Tailrace STH,2,G72228A02,2026-05-20 18:44:12,2026-05-22 16:26:00,Lower Ringold,1,2026-06-05 16:52:13
Priest Rapids Tailrace STH,2,G722291BF,2026-04-29 16:45:22,2026-05-01 16:26:00,Priest,0,
Priest Rapids Tailrace STH,2,G722291BF,2026-04-29 16:45:22,2026-05-01 16:26:00,Lower Ringold,1,2026-05-02 06:47:27
Priest Rapids Tailrace STH,2,G7222AA21,2026-05-07 17:28:13,2026-05-09 16:31:00,Priest,0,
Priest Rapids Tailrace STH,2,G7222AA21,2026-05-07 17:28:13,2026-05-09 16:31:00,Lower Ringold,1,2026-05-10 11:45:55
Priest Rapids Tailrace STH,2,G7222EF58,2026-05-21 19:34:23,2026-05-23 17:10:00,Priest,0,
Priest Rapids Tailrace STH,2,G7222EF58,2026-05-21 19:34:23,2026-05-23 17:10:00,Lower Ringold,1,2026-05-24 15:52:05
Priest Rapids Tailrace STH,2,G7222F1DA,2026-05-21 19:48:53,2026-05-23 17:10:00,Priest,0,
Priest Rapids Tailrace STH,2,G7222F1DA,2026-05-21 19:48:53,2026-05-23 17:10:00,Lower Ringold,1,2026-05-24 06:19:22
Priest Rapids Tailrace STH,2,G72233D77,2026-05-10 18:00:58,2026-05-12 16:15:00,Priest,0,
Priest Rapids Tailrace STH,2,G72233D77,2026-05-10 18:00:58,2026-05-12 16:15:00,Lower Ringold,1,2026-05-14 11:12:22
Priest Rapids Tailrace STH,3,G72235D12,2026-04-29 17:37:13,2026-05-01 16:26:00,Priest,0,
Priest Rapids Tailrace STH,3,G72235D12,2026-04-29 17:37:13,2026-05-01 16:26:00,Lower Ringold,0,
Priest Rapids Tailrace STH,2,G72236A2F,2026-04-29 17:03:45,2026-05-01 16:26:00,Priest,0,
Priest Rapids Tailrace STH,2,G72236A2F,2026-04-29 17:03:45,2026-05-01 16:26:00,Lower Ringold,1,2026-05-02 06:58:14
Priest Rapids Tailrace STH,2,G72238665,2026-05-03 18:37:49,2026-05-05 17:13:00,Priest,0,
Priest Rapids Tailrace STH,2,G72238665,2026-05-03 18:37:49,2026-05-05 17:13:00,Lower Ringold,1,2026-05-06 05:56:41
Priest Rapids Tailrace STH,2,G72239444,2026-05-16 16:38:21,2026-05-19 15:26:00,Priest,0,
Priest Rapids Tailrace STH,2,G72239444,2026-05-16 16:38:21,2026-05-19 15:26:00,Lower Ringold,1,2026-05-20 07:14:01
Priest Rapids Tailrace STH,2,G7223AE84,2026-05-10 16:35:09,2026-05-12 16:15:00,Priest,0,
Priest Rapids Tailrace STH,2,G7223AE84,2026-05-10 16:35:09,2026-05-12 16:15:00,Lower Ringold,1,2026-05-13 07:03:13
Priest Rapids Tailrace STH,2,G7223B158,2026-05-16 15:16:53,2026-05-18 17:15:00,Priest,0,
Priest Rapids Tailrace STH,2,G7223B158,2026-05-16 15:16:53,2026-05-18 17:15:00,Lower Ringold,1,2026-05-20 05:25:05
Priest Rapids Tailrace STH,2,G72240CF9,2026-05-02 19:07:54,2026-05-05 17:13:00,Priest,0,
Priest Rapids Tailrace STH,2,G72240CF9,2026-05-02 19:07:54,2026-05-05 17:13:00,Lower Ringold,1,2026-05-08 12:53:41
Priest Rapids Tailrace STH,2,G722446C1,2026-05-19 19:29:59,2026-05-21 16:17:00,Priest,0,
Priest Rapids Tailrace STH,2,G722446C1,2026-05-19 19:29:59,2026-05-21 16:17:00,Lower Ringold,0,
Priest Rapids Tailrace STH,2,G72245702,2026-05-09 18:32:10,2026-05-11 16:32:00,Priest,0,
Priest Rapids Tailrace STH,2,G72245702,2026-05-09 18:32:10,2026-05-11 16:32:00,Lower Ringold,1,2026-05-12 05:01:12
Priest Rapids Tailrace STH,2,G72249115,2026-05-01 18:55:20,2026-05-03 16:31:00,Priest,0,
Priest Rapids Tailrace STH,2,G72249115,2026-05-01 18:55:20,2026-05-03 16:31:00,Lower Ringold,1,2026-05-07 16:20:18
Priest Rapids Tailrace STH,2,G722497C8,2026-05-10 16:43:40,2026-05-12 16:15:00,Priest,0,
Priest Rapids Tailrace STH,2,G722497C8,2026-05-10 16:43:40,2026-05-12 16:15:00,Lower Ringold,1,2026-05-13 04:59:10
Priest Rapids Tailrace STH,2,G7224AFB4,2026-05-11 16:57:48,2026-05-14 16:30:00,Priest,0,
Priest Rapids Tailrace STH,2,G7224AFB4,2026-05-11 16:57:48,2026-05-14 16:30:00,Lower Ringold,1,2026-05-15 06:48:07
Priest Rapids Tailrace STH,2,G722539BC,2026-04-24 21:23:00,2026-04-26 16:25:00,Priest,0,
Priest Rapids Tailrace STH,2,G722539BC,2026-04-24 21:23:00,2026-04-26 16:25:00,Lower Ringold,1,2026-04-27 09:24:51
Priest Rapids Tailrace STH,2,G722576BB,2026-05-16 16:41:18,2026-05-19 15:26:00,Priest,0,
Priest Rapids Tailrace STH,2,G722576BB,2026-05-16 16:41:18,2026-05-19 15:26:00,Lower Ringold,1,2026-05-20 03:51:48
Priest Rapids Tailrace STH,2,G72259C2C,2026-05-14 19:20:14,2026-05-16 16:35:00,Priest,0,
Priest Rapids Tailrace STH,2,G72259C2C,2026-05-14 19:20:14,2026-05-16 16:35:00,Lower Ringold,1,2026-05-17 12:12:37
Priest Rapids Tailrace STH,2,G7225AC92,2026-05-08 16:55:52,2026-05-10 16:20:00,Priest,0,
Priest Rapids Tailrace STH,2,G7225AC92,2026-05-08 16:55:52,2026-05-10 16:20:00,Lower Ringold,1,2026-05-11 15:36:57
Priest Rapids Tailrace STH,2,G7225B593,2026-05-10 16:41:15,2026-05-12 16:15:00,Priest,0,
Priest Rapids Tailrace STH,2,G7225B593,2026-05-10 16:41:15,2026-05-12 16:15:00,Lower Ringold,1,2026-05-14 09:59:01
Priest Rapids Tailrace STH,2,G7225D74A,2026-05-15 16:03:32,2026-05-17 16:25:00,Priest,0,
Priest Rapids Tailrace STH,2,G7225D74A,2026-05-15 16:03:32,2026-05-17 16:25:00,Lower Ringold,1,2026-05-18 08:21:04
Priest Rapids Tailrace STH,2,G7225FBCA,2026-05-14 17:31:02,2026-05-16 16:35:00,Priest,0,
Priest Rapids Tailrace STH,2,G7225FBCA,2026-05-14 17:31:02,2026-05-16 16:35:00,Lower Ringold,1,2026-05-17 16:50:06
Priest Rapids Tailrace STH,2,G72264FCC,2026-04-30 17:00:36,2026-05-02 16:36:00,Priest,0,
Priest Rapids Tailrace STH,2,G72264FCC,2026-04-30 17:00:36,2026-05-02 16:36:00,Lower Ringold,1,2026-05-03 14:51:05
Priest Rapids Tailrace STH,2,G722656CD,2026-05-03 20:02:48,2026-05-05 17:13:00,Priest,0,
Priest Rapids Tailrace STH,2,G722656CD,2026-05-03 20:02:48,2026-05-05 17:13:00,Lower Ringold,1,2026-05-06 05:14:54
Priest Rapids Tailrace STH,1,G72269266,2026-05-16 16:36:11,2026-05-18 17:15:00,Priest,0,
Priest Rapids Tailrace STH,1,G72269266,2026-05-16 16:36:11,2026-05-18 17:15:00,Lower Ringold,1,2026-05-20 00:43:24
Priest Rapids Tailrace STH,1,G72269C79,2026-05-14 17:29:20,2026-05-16 16:35:00,Priest,0,
Priest Rapids Tailrace STH,1,G72269C79,2026-05-14 17:29:20,2026-05-16 16:35:00,Lower Ringold,1,2026-05-17 07:35:02
Priest Rapids Tailrace STH,1,G7226EF63,2026-04-29 16:57:26,2026-05-01 16:26:00,Priest,0,
Priest Rapids Tailrace STH,1,G7226EF63,2026-04-29 16:57:26,2026-05-01 16:26:00,Lower Ringold,1,2026-05-02 06:09:47
Priest Rapids Tailrace STH,1,G7226FB9F,2026-05-09 17:09:45,2026-05-11 16:32:00,Priest,0,
Priest Rapids Tailrace STH,1,G7226FB9F,2026-05-09 17:09:45,2026-05-11 16:32:00,Lower Ringold,1,2026-05-12 06:06:31
Priest Rapids Tailrace STH,1,G7227640B,2026-04-27 19:04:38,2026-04-29 16:07:00,Priest,0,
Priest Rapids Tailrace STH,1,G7227640B,2026-04-27 19:04:38,2026-04-29 16:07:00,Lower Ringold,1,2026-04-30 19:27:47
Priest Rapids Tailrace STH,1,G722793FC,2026-05-10 17:47:30,2026-05-12 16:15:00,Priest,0,
Priest Rapids Tailrace STH,1,G722793FC,2026-05-10 17:47:30,2026-05-12 16:15:00,Lower Ringold,1,2026-05-13 10:04:44
Priest Rapids Tailrace STH,1,G7227CF84,2026-05-15 16:21:33,2026-05-17 16:25:00,Priest,0,
Priest Rapids Tailrace STH,1,G7227CF84,2026-05-15 16:21:33,2026-05-17 16:25:00,Lower Ringold,1,2026-05-18 05:42:42
Priest Rapids Tailrace STH,1,G7227D89A,2026-05-06 18:02:09,2026-05-09 16:31:00,Priest,0,
Priest Rapids Tailrace STH,1,G7227D89A,2026-05-06 18:02:09,2026-05-09 16:31:00,Lower Ringold,0,
Priest Rapids Tailrace STH,1,G7227E0E6,2026-05-15 17:16:13,2026-05-17 16:25:00,Priest,0,
Priest Rapids Tailrace STH,1,G7227E0E6,2026-05-15 17:16:13,2026-05-17 16:25:00,Lower Ringold,1,2026-05-18 03:46:10
Priest Rapids Tailrace STH,1,G722803F5,2026-05-02 18:57:49,2026-05-04 16:25:00,Priest,0,
Priest Rapids Tailrace STH,1,G722803F5,2026-05-02 18:57:49,2026-05-04 16:25:00,Lower Ringold,1,2026-05-05 11:43:15
Priest Rapids Tailrace STH,1,G7228410F,2026-05-08 17:04:14,2026-05-10 16:20:00,Priest,0,
Priest Rapids Tailrace STH,1,G7228410F,2026-05-08 17:04:14,2026-05-10 16:20:00,Lower Ringold,0,
Priest Rapids Tailrace STH,3,G72288E84,2026-05-10 16:30:07,2026-05-12 16:15:00,Priest,0,
Priest Rapids Tailrace STH,3,G72288E84,2026-05-10 16:30:07,2026-05-12 16:15:00,Lower Ringold,1,2026-05-13 05:54:32
Priest Rapids Tailrace STH,3,G7228C183,2026-04-30 18:14:52,2026-05-02 16:36:00,Priest,0,
Priest Rapids Tailrace STH,3,G7228C183,2026-04-30 18:14:52,2026-05-02 16:36:00,Lower Ringold,1,2026-05-03 16:08:20
Priest Rapids Tailrace STH,3,G7228E77D,2026-05-04 19:08:46,2026-05-06 16:47:00,Priest,0,
Priest Rapids Tailrace STH,3,G7228E77D,2026-05-04 19:08:46,2026-05-06 16:47:00,Lower Ringold,1,2026-05-07 07:44:02
Priest Rapids Tailrace STH,2,G7228E83C,2026-05-07 18:27:13,2026-05-09 16:31:00,Priest,0,
Priest Rapids Tailrace STH,2,G7228E83C,2026-05-07 18:27:13,2026-05-09 16:31:00,Lower Ringold,0,
Priest Rapids Tailrace STH,3,G7228F8A1,2026-05-04 18:07:20,2026-05-06 16:47:00,Priest,0,
Priest Rapids Tailrace STH,3,G7228F8A1,2026-05-04 18:07:20,2026-05-06 16:47:00,Lower Ringold,1,2026-05-07 10:25:04
Priest Rapids Tailrace STH,3,G7228FCC0,2026-04-25 18:26:56,2026-04-27 16:25:00,Priest,0,
Priest Rapids Tailrace STH,3,G7228FCC0,2026-04-25 18:26:56,2026-04-27 16:25:00,Lower Ringold,1,2026-04-28 05:11:06
Priest Rapids Tailrace STH,3,G72294095,2026-04-28 19:33:44,2026-04-30 16:19:00,Priest,0,
Priest Rapids Tailrace STH,3,G72294095,2026-04-28 19:33:44,2026-04-30 16:19:00,Lower Ringold,1,2026-05-01 09:03:01
Priest Rapids Tailrace STH,2,G72296354,2026-04-29 17:47:53,2026-05-01 16:26:00,Priest,0,
Priest Rapids Tailrace STH,2,G72296354,2026-04-29 17:47:53,2026-05-01 16:26:00,Lower Ringold,1,2026-05-02 12:47:03
Priest Rapids Tailrace STH,2,G7229A8BE,2026-04-28 19:27:34,2026-04-30 16:19:00,Priest,0,
Priest Rapids Tailrace STH,2,G7229A8BE,2026-04-28 19:27:34,2026-04-30 16:19:00,Lower Ringold,1,2026-05-01 06:01:27
Priest Rapids Tailrace STH,3,G7229D1DA,2026-05-05 16:34:34,2026-05-07 16:28:00,Priest,0,
Priest Rapids Tailrace STH,3,G7229D1DA,2026-05-05 16:34:34,2026-05-07 16:28:00,Lower Ringold,1,2026-05-08 13:14:28
Priest Rapids Tailrace STH,2,G722A3C9B,2026-05-01 18:48:00,2026-05-03 16:31:00,Priest,0,
Priest Rapids Tailrace STH,2,G722A3C9B,2026-05-01 18:48:00,2026-05-03 16:31:00,Lower Ringold,1,2026-05-06 11:41:51
Priest Rapids Tailrace STH,3,G722A5562,2026-05-05 17:13:05,2026-05-07 16:28:00,Priest,0,
Priest Rapids Tailrace STH,3,G722A5562,2026-05-05 17:13:05,2026-05-07 16:28:00,Lower Ringold,1,2026-05-08 16:36:41
Priest Rapids Tailrace STH,1,G722A9AE9,2026-05-16 15:22:45,2026-05-18 17:15:00,Priest,0,
Priest Rapids Tailrace STH,1,G722A9AE9,2026-05-16 15:22:45,2026-05-18 17:15:00,Lower Ringold,1,2026-05-19 16:34:44
Priest Rapids Tailrace STH,2,G722B2CC2,2026-04-28 19:29:45,2026-04-30 16:19:00,Priest,0,
Priest Rapids Tailrace STH,2,G722B2CC2,2026-04-28 19:29:45,2026-04-30 16:19:00,Lower Ringold,1,2026-05-01 13:28:48
Priest Rapids Tailrace STH,2,G722B80CE,2026-04-30 18:03:31,2026-05-02 16:36:00,Priest,0,
Priest Rapids Tailrace STH,2,G722B80CE,2026-04-30 18:03:31,2026-05-02 16:36:00,Lower Ringold,0,
Priest Rapids Tailrace STH,2,G722B84AF,2026-05-15 16:20:30,2026-05-17 16:25:00,Priest,0,
Priest Rapids Tailrace STH,2,G722B84AF,2026-05-15 16:20:30,2026-05-17 16:25:00,Lower Ringold,1,2026-05-18 06:22:53
Priest Rapids Tailrace STH,2,G722BB12E,2026-05-02 18:49:56,2026-05-04 16:25:00,Priest,0,
Priest Rapids Tailrace STH,2,G722BB12E,2026-05-02 18:49:56,2026-05-04 16:25:00,Lower Ringold,1,2026-05-05 08:05:41
Priest Rapids Tailrace STH,1,G722CAAFD,2026-05-05 17:05:11,2026-05-07 16:28:00,Priest,0,
Priest Rapids Tailrace STH,1,G722CAAFD,2026-05-05 17:05:11,2026-05-07 16:28:00,Lower Ringold,1,2026-05-08 06:18:04
Priest Rapids Tailrace STH,1,G722CBCBD,2026-04-29 17:53:26,2026-05-01 16:26:00,Priest,0,
Priest Rapids Tailrace STH,1,G722CBCBD,2026-04-29 17:53:26,2026-05-01 16:26:00,Lower Ringold,1,2026-05-02 05:08:37
Priest Rapids Tailrace STH,1,G722CC0E6,2026-05-02 18:55:48,2026-05-04 16:25:00,Priest,0,
Priest Rapids Tailrace STH,1,G722CC0E6,2026-05-02 18:55:48,2026-05-04 16:25:00,Lower Ringold,1,2026-05-05 05:27:36
Priest Rapids Tailrace STH,1,G722CC1B8,2026-05-01 18:46:18,2026-05-03 16:31:00,Priest,0,
Priest Rapids Tailrace STH,1,G722CC1B8,2026-05-01 18:46:18,2026-05-03 16:31:00,Lower Ringold,1,2026-05-04 04:36:21
Priest Rapids Tailrace STH,1,G722CD399,2026-05-08 20:55:26,2026-05-10 16:20:00,Priest,0,
Priest Rapids Tailrace STH,1,G722CD399,2026-05-08 20:55:26,2026-05-10 16:20:00,Lower Ringold,1,2026-05-11 03:14:11
Priest Rapids Tailrace STH,1,G722CE5FA,2026-05-08 16:53:23,2026-05-10 16:20:00,Priest,0,
Priest Rapids Tailrace STH,1,G722CE5FA,2026-05-08 16:53:23,2026-05-10 16:20:00,Lower Ringold,0,
Priest Rapids Tailrace STH,1,G722CE618,2026-05-10 17:51:25,2026-05-12 16:15:00,Priest,0,
Priest Rapids Tailrace STH,1,G722CE618,2026-05-10 17:51:25,2026-05-12 16:15:00,Lower Ringold,1,2026-05-13 07:24:42
Priest Rapids Tailrace STH,1,G722D3056,2026-05-14 17:39:00,2026-05-16 16:35:00,Priest,0,
Priest Rapids Tailrace STH,1,G722D3056,2026-05-14 17:39:00,2026-05-16 16:35:00,Lower Ringold,1,2026-05-17 11:55:42
Priest Rapids Tailrace STH,1,G722D86B9,2026-05-05 18:31:53,2026-05-07 16:28:00,Priest,0,
Priest Rapids Tailrace STH,1,G722D86B9,2026-05-05 18:31:53,2026-05-07 16:28:00,Lower Ringold,1,2026-05-08 02:07:25
Priest Rapids Tailrace STH,1,G722DB266,2026-04-29 17:49:54,2026-05-01 16:26:00,Priest,0,
Priest Rapids Tailrace STH,1,G722DB266,2026-04-29 17:49:54,2026-05-01 16:26:00,Lower Ringold,1,2026-05-02 09:56:11
Priest Rapids Tailrace STH,1,G722DC51D,2026-05-07 17:25:37,2026-05-09 16:31:00,Priest,0,
Priest Rapids Tailrace STH,1,G722DC51D,2026-05-07 17:25:37,2026-05-09 16:31:00,Lower Ringold,1,2026-05-10 12:02:50
Priest Rapids Tailrace STH,1,G722DDEA0,2026-05-06 18:58:21,2026-05-09 16:31:00,Priest,0,
Priest Rapids Tailrace STH,1,G722DDEA0,2026-05-06 18:58:21,2026-05-09 16:31:00,Lower Ringold,1,2026-05-10 04:42:09
Priest Rapids Tailrace STH,1,G722E1B00,2026-05-07 18:14:56,2026-05-09 16:31:00,Priest,0,
Priest Rapids Tailrace STH,1,G722E1B00,2026-05-07 18:14:56,2026-05-09 16:31:00,Lower Ringold,1,2026-05-11 04:25:01
Priest Rapids Tailrace STH,1,G722E209E,2026-05-14 19:07:09,2026-05-16 16:35:00,Priest,0,
Priest Rapids Tailrace STH,1,G722E209E,2026-05-14 19:07:09,2026-05-16 16:35:00,Lower Ringold,1,2026-05-17 06:31:30
Priest Rapids Tailrace STH,1,G722E89AD,2026-04-28 22:37:36,2026-04-30 16:19:00,Priest,0,
Priest Rapids Tailrace STH,1,G722E89AD,2026-04-28 22:37:36,2026-04-30 16:19:00,Lower Ringold,1,2026-05-01 06:48:19
Priest Rapids Tailrace STH,2,G722EBAF1,2026-05-12 16:54:56,2026-05-15 17:05:00,Priest,0,
Priest Rapids Tailrace STH,2,G722EBAF1,2026-05-12 16:54:56,2026-05-15 17:05:00,Lower Ringold,1,2026-05-16 12:51:54
Priest Rapids Tailrace STH,2,G722EC077,2026-05-02 17:35:07,2026-05-04 16:25:00,Priest,0,
Priest Rapids Tailrace STH,2,G722EC077,2026-05-02 17:35:07,2026-05-04 16:25:00,Lower Ringold,1,2026-05-05 04:09:43
Priest Rapids Tailrace STH,2,G722EC2CB,2026-05-07 18:34:26,2026-05-09 16:31:00,Priest,0,
Priest Rapids Tailrace STH,2,G722EC2CB,2026-05-07 18:34:26,2026-05-09 16:31:00,Lower Ringold,1,2026-05-10 04:49:10
Priest Rapids Tailrace STH,2,G722EE896,2026-05-22 20:45:51,2026-05-24 16:18:00,Priest,0,
Priest Rapids Tailrace STH,2,G722EE896,2026-05-22 20:45:51,2026-05-24 16:18:00,Lower Ringold,0,
Priest Rapids Tailrace STH,2,G722EF275,2026-04-26 17:52:39,2026-04-28 15:47:00,Priest,0,
Priest Rapids Tailrace STH,2,G722EF275,2026-04-26 17:52:39,2026-04-28 15:47:00,Lower Ringold,1,2026-04-29 05:40:08
Priest Rapids Tailrace STH,2,G722F22E6,2026-05-06 18:11:46,2026-05-09 16:31:00,Priest,0,
Priest Rapids Tailrace STH,2,G722F22E6,2026-05-06 18:11:46,2026-05-09 16:31:00,Lower Ringold,1,2026-05-12 04:53:44
Priest Rapids Tailrace STH,1,G722F5340,2026-05-12 18:44:29,2026-05-15 17:05:00,Priest,0,
Priest Rapids Tailrace STH,1,G722F5340,2026-05-12 18:44:29,2026-05-15 17:05:00,Lower Ringold,1,2026-05-16 09:44:35
Priest Rapids Tailrace STH,1,G722F5860,2026-05-04 17:45:10,2026-05-06 16:47:00,Priest,0,
Priest Rapids Tailrace STH,1,G722F5860,2026-05-04 17:45:10,2026-05-06 16:47:00,Lower Ringold,1,2026-05-07 09:40:21
Priest Rapids Tailrace STH,1,G72301A6E,2026-04-30 16:38:08,2026-05-02 16:36:00,Priest,0,
Priest Rapids Tailrace STH,1,G72301A6E,2026-04-30 16:38:08,2026-05-02 16:36:00,Lower Ringold,1,2026-05-03 07:39:27
Priest Rapids Tailrace STH,1,G7230316D,2026-05-02 17:44:56,2026-05-04 16:25:00,Priest,0,
Priest Rapids Tailrace STH,1,G7230316D,2026-05-02 17:44:56,2026-05-04 16:25:00,Lower Ringold,1,2026-05-05 06:05:32
Priest Rapids Tailrace STH,1,G72304ED4,2026-04-30 17:03:57,2026-05-02 16:36:00,Priest,0,
Priest Rapids Tailrace STH,1,G72304ED4,2026-04-30 17:03:57,2026-05-02 16:36:00,Lower Ringold,1,2026-05-03 08:46:08
Priest Rapids Tailrace STH,1,G72306A96,2026-05-07 18:29:36,2026-05-09 16:31:00,Priest,0,
Priest Rapids Tailrace STH,1,G72306A96,2026-05-07 18:29:36,2026-05-09 16:31:00,Lower Ringold,1,2026-05-12 13:25:40
Priest Rapids Tailrace STH,1,G72307397,2026-05-19 19:31:23,2026-05-21 16:17:00,Priest,0,
Priest Rapids Tailrace STH,1,G72307397,2026-05-19 19:31:23,2026-05-21 16:17:00,Lower Ringold,0,
Priest Rapids Tailrace STH,1,G72308B21,2026-04-30 18:06:41,2026-05-02 16:36:00,Priest,0,
Priest Rapids Tailrace STH,1,G72308B21,2026-04-30 18:06:41,2026-05-02 16:36:00,Lower Ringold,1,2026-05-04 13:48:44
Priest Rapids Tailrace STH,2,G7230A022,2026-05-01 17:32:57,2026-05-03 16:31:00,Priest,0,
Priest Rapids Tailrace STH,2,G7230A022,2026-05-01 17:32:57,2026-05-03 16:31:00,Lower Ringold,0,
Priest Rapids Tailrace STH,2,G7230D266,2026-05-05 18:22:23,2026-05-07 16:28:00,Priest,0,
Priest Rapids Tailrace STH,2,G7230D266,2026-05-05 18:22:23,2026-05-07 16:28:00,Lower Ringold,1,2026-05-09 21:56:55
Priest Rapids Tailrace STH,2,G72310CEA,2026-04-28 19:26:28,2026-04-30 16:19:00,Priest,0,
Priest Rapids Tailrace STH,2,G72310CEA,2026-04-28 19:26:28,2026-04-30 16:19:00,Lower Ringold,1,2026-05-01 06:35:18
Priest Rapids Tailrace STH,3,G72312B4A,2026-05-20 19:04:29,2026-05-22 16:26:00,Priest,0,
Priest Rapids Tailrace STH,3,G72312B4A,2026-05-20 19:04:29,2026-05-22 16:26:00,Lower Ringold,1,2026-05-23 11:17:55
Priest Rapids Tailrace STH,2,G723135C8,2026-04-29 17:42:20,2026-05-01 16:26:00,Priest,0,
Priest Rapids Tailrace STH,2,G723135C8,2026-04-29 17:42:20,2026-05-01 16:26:00,Lower Ringold,1,2026-05-17 14:00:49
Priest Rapids Tailrace STH,3,G723146D2,2026-04-28 22:41:15,2026-04-30 16:19:00,Priest,0,
Priest Rapids Tailrace STH,3,G723146D2,2026-04-28 22:41:15,2026-04-30 16:19:00,Lower Ringold,1,2026-05-01 02:28:41
Priest Rapids Tailrace STH,3,G72318EDA,2026-05-09 17:26:39,2026-05-11 16:32:00,Priest,0,
Priest Rapids Tailrace STH,3,G72318EDA,2026-05-09 17:26:39,2026-05-11 16:32:00,Lower Ringold,1,2026-05-12 17:13:00
Priest Rapids Tailrace STH,3,G72319A26,2026-05-15 17:29:17,2026-05-17 16:25:00,Priest,0,
Priest Rapids Tailrace STH,3,G72319A26,2026-05-15 17:29:17,2026-05-17 16:25:00,Lower Ringold,0,
Priest Rapids Tailrace STH,3,G7231C083,2026-05-10 18:02:33,2026-05-12 16:15:00,Priest,0,
Priest Rapids Tailrace STH,3,G7231C083,2026-05-10 18:02:33,2026-05-12 16:15:00,Lower Ringold,1,2026-05-13 05:15:15
Priest Rapids Tailrace STH,3,G7231E723,2026-04-24 21:15:50,2026-04-26 16:25:00,Priest,0,
Priest Rapids Tailrace STH,3,G7231E723,2026-04-24 21:15:50,2026-04-26 16:25:00,Lower Ringold,1,2026-04-27 04:55:08
Priest Rapids Tailrace STH,2,G7231FA43,2026-05-09 18:44:46,2026-05-11 16:32:00,Priest,0,
Priest Rapids Tailrace STH,2,G7231FA43,2026-05-09 18:44:46,2026-05-11 16:32:00,Lower Ringold,0,
Priest Rapids Tailrace STH,2,G72321FC0,2026-04-29 17:47:16,2026-05-01 16:26:00,Priest,0,
Priest Rapids Tailrace STH,2,G72321FC0,2026-04-29 17:47:16,2026-05-01 16:26:00,Lower Ringold,1,2026-05-02 04:32:53
Priest Rapids Tailrace STH,3,G723231FC,2026-05-08 20:45:45,2026-05-10 16:20:00,Priest,0,
Priest Rapids Tailrace STH,3,G723231FC,2026-05-08 20:45:45,2026-05-10 16:20:00,Lower Ringold,1,2026-05-23 07:37:23
Priest Rapids Tailrace STH,3,G72324898,2026-05-11 17:52:13,2026-05-14 16:30:00,Priest,0,
Priest Rapids Tailrace STH,3,G72324898,2026-05-11 17:52:13,2026-05-14 16:30:00,Lower Ringold,0,
Priest Rapids Tailrace STH,3,G72326CDA,2026-05-16 15:23:12,2026-05-18 17:15:00,Priest,0,
Priest Rapids Tailrace STH,3,G72326CDA,2026-05-16 15:23:12,2026-05-18 17:15:00,Lower Ringold,1,2026-05-19 10:53:33
Priest Rapids Tailrace STH,1,G7232CEC9,2026-05-04 19:24:26,2026-05-06 16:47:00,Priest,0,
Priest Rapids Tailrace STH,1,G7232CEC9,2026-05-04 19:24:26,2026-05-06 16:47:00,Lower Ringold,1,2026-05-10 11:45:08
Priest Rapids Tailrace STH,1,G7232EEEA,2026-04-28 19:31:06,2026-04-30 16:19:00,Priest,0,
Priest Rapids Tailrace STH,1,G7232EEEA,2026-04-28 19:31:06,2026-04-30 16:19:00,Lower Ringold,1,2026-05-01 15:45:53
Priest Rapids Tailrace STH,1,G72332EE4,2026-05-08 20:48:51,2026-05-10 16:20:00,Priest,0,
Priest Rapids Tailrace STH,1,G72332EE4,2026-05-08 20:48:51,2026-05-10 16:20:00,Lower Ringold,1,2026-05-12 08:55:36
Priest Rapids Tailrace STH,1,G72338B74,2026-05-08 20:51:39,2026-05-10 16:20:00,Priest,0,
Priest Rapids Tailrace STH,1,G72338B74,2026-05-08 20:51:39,2026-05-10 16:20:00,Lower Ringold,1,2026-05-11 05:18:09
Priest Rapids Tailrace STH,1,G7233A6AA,2026-05-07 17:22:09,2026-05-09 16:31:00,Priest,0,
Priest Rapids Tailrace STH,1,G7233A6AA,2026-05-07 17:22:09,2026-05-09 16:31:00,Lower Ringold,1,2026-05-12 04:23:43
Priest Rapids Tailrace STH,1,G7233AA09,2026-05-05 16:39:56,2026-05-07 16:28:00,Priest,0,
Priest Rapids Tailrace STH,1,G7233AA09,2026-05-05 16:39:56,2026-05-07 16:28:00,Lower Ringold,1,2026-05-08 08:44:44
Priest Rapids Tailrace STH,1,G7233DE90,2026-05-04 19:09:05,2026-05-06 16:47:00,Priest,0,
Priest Rapids Tailrace STH,1,G7233DE90,2026-05-04 19:09:05,2026-05-06 16:47:00,Lower Ringold,0,
Priest Rapids Tailrace STH,1,G7233F72F,2026-05-07 17:17:36,2026-05-09 16:31:00,Priest,0,
Priest Rapids Tailrace STH,1,G7233F72F,2026-05-07 17:17:36,2026-05-09 16:31:00,Lower Ringold,1,2026-05-10 11:26:27
Priest Rapids Tailrace STH,1,G7233FEB3,2026-05-15 17:27:18,2026-05-17 16:25:00,Priest,0,
Priest Rapids Tailrace STH,1,G7233FEB3,2026-05-15 17:27:18,2026-05-17 16:25:00,Lower Ringold,1,2026-05-18 06:44:57
Priest Rapids Tailrace STH,1,G72340354,2026-05-02 17:55:50,2026-05-04 16:25:00,Priest,0,
Priest Rapids Tailrace STH,1,G72340354,2026-05-02 17:55:50,2026-05-04 16:25:00,Lower Ringold,1,2026-05-05 18:31:01
Priest Rapids Tailrace STH,1,G72342229,2026-04-29 17:04:14,2026-05-01 16:26:00,Priest,0,
Priest Rapids Tailrace STH,1,G72342229,2026-04-29 17:04:14,2026-05-01 16:26:00,Lower Ringold,1,2026-05-02 06:54:15
Priest Rapids Tailrace STH,1,G72349345,2026-05-10 16:47:34,2026-05-12 16:15:00,Priest,0,
Priest Rapids Tailrace STH,1,G72349345,2026-05-10 16:47:34,2026-05-12 16:15:00,Lower Ringold,0,
Priest Rapids Tailrace STH,2,G7234B707,2026-05-03 18:40:57,2026-05-05 17:13:00,Priest,0,
Priest Rapids Tailrace STH,2,G7234B707,2026-05-03 18:40:57,2026-05-05 17:13:00,Lower Ringold,1,2026-05-06 07:43:01
Priest Rapids Tailrace STH,3,G7234CD81,2026-05-03 18:29:20,2026-05-05 17:13:00,Priest,0,
Priest Rapids Tailrace STH,3,G7234CD81,2026-05-03 18:29:20,2026-05-05 17:13:00,Lower Ringold,0,
Priest Rapids Tailrace STH,3,G7234D762,2026-05-07 17:28:59,2026-05-09 16:31:00,Priest,0,
Priest Rapids Tailrace STH,3,G7234D762,2026-05-07 17:28:59,2026-05-09 16:31:00,Lower Ringold,1,2026-05-10 05:18:27
Priest Rapids Tailrace STH,2,G723549A8,2026-04-30 18:02:25,2026-05-02 16:36:00,Priest,0,
Priest Rapids Tailrace STH,2,G723549A8,2026-04-30 18:02:25,2026-05-02 16:36:00,Lower Ringold,1,2026-05-03 09:15:20
Priest Rapids Tailrace STH,3,G7235698B,2026-05-16 16:29:01,2026-05-18 17:15:00,Priest,0,
Priest Rapids Tailrace STH,3,G7235698B,2026-05-16 16:29:01,2026-05-18 17:15:00,Lower Ringold,1,2026-05-19 12:22:09
Priest Rapids Tailrace STH,1,G7235955C,2026-05-12 16:54:31,2026-05-15 17:05:00,Priest,0,
Priest Rapids Tailrace STH,1,G7235955C,2026-05-12 16:54:31,2026-05-15 17:05:00,Lower Ringold,0,
Priest Rapids Tailrace STH,1,G72367EC0,2026-04-25 18:42:28,2026-04-27 16:25:00,Priest,0,
Priest Rapids Tailrace STH,1,G72367EC0,2026-04-25 18:42:28,2026-04-27 16:25:00,Lower Ringold,1,2026-04-28 07:58:22
Priest Rapids Tailrace STH,3,G7236BB35,2026-04-28 22:43:06,2026-04-30 16:19:00,Priest,0,
Priest Rapids Tailrace STH,3,G7236BB35,2026-04-28 22:43:06,2026-04-30 16:19:00,Lower Ringold,1,2026-05-02 16:12:08
Priest Rapids Tailrace STH,3,G7236DB50,2026-05-15 17:34:43,2026-05-17 16:25:00,Priest,0,
Priest Rapids Tailrace STH,3,G7236DB50,2026-05-15 17:34:43,2026-05-17 16:25:00,Lower Ringold,1,2026-05-19 13:39:49
Priest Rapids Tailrace STH,3,G7236F68E,2026-05-16 15:26:13,2026-05-18 17:15:00,Priest,0,
Priest Rapids Tailrace STH,3,G7236F68E,2026-05-16 15:26:13,2026-05-18 17:15:00,Lower Ringold,1,2026-05-20 02:12:42
Priest Rapids Tailrace STH,3,G7236FCF0,2026-05-15 16:20:59,2026-05-17 16:25:00,Priest,0,
Priest Rapids Tailrace STH,3,G7236FCF0,2026-05-15 16:20:59,2026-05-17 16:25:00,Lower Ringold,1,2026-05-18 06:00:06
Priest Rapids Tailrace STH,3,G72372743,2026-05-12 17:18:14,2026-05-15 17:05:00,Priest,0,
Priest Rapids Tailrace STH,3,G72372743,2026-05-12 17:18:14,2026-05-15 17:05:00,Lower Ringold,1,2026-05-16 12:01:29
Priest Rapids Tailrace STH,2,G72374D58,2026-04-28 19:26:03,2026-04-30 16:19:00,Priest,0,
Priest Rapids Tailrace STH,2,G72374D58,2026-04-28 19:26:03,2026-04-30 16:19:00,Lower Ringold,1,2026-05-01 05:07:05
Priest Rapids Tailrace STH,3,G72374FE4,2026-05-06 19:15:18,2026-05-09 16:31:00,Priest,0,
Priest Rapids Tailrace STH,3,G72374FE4,2026-05-06 19:15:18,2026-05-09 16:31:00,Lower Ringold,1,2026-05-10 04:09:21
Priest Rapids Tailrace STH,1,G7237B5EE,2026-04-28 19:43:21,2026-04-30 16:19:00,Priest,0,
Priest Rapids Tailrace STH,1,G7237B5EE,2026-04-28 19:43:21,2026-04-30 16:19:00,Lower Ringold,1,2026-05-01 05:30:33
Priest Rapids Tailrace STH,2,G7237F5A8,2026-05-14 19:21:05,2026-05-16 16:35:00,Priest,0,
Priest Rapids Tailrace STH,2,G7237F5A8,2026-05-14 19:21:05,2026-05-16 16:35:00,Lower Ringold,1,2026-05-17 17:57:59
Priest Rapids Tailrace STH,2,G72380626,2026-05-01 18:59:10,2026-05-03 16:31:00,Priest,0,
Priest Rapids Tailrace STH,2,G72380626,2026-05-01 18:59:10,2026-05-03 16:31:00,Lower Ringold,1,2026-05-04 03:36:51
Priest Rapids Tailrace STH,2,G72382D25,2026-05-01 17:34:40,2026-05-03 16:31:00,Priest,0,
Priest Rapids Tailrace STH,2,G72382D25,2026-05-01 17:34:40,2026-05-03 16:31:00,Lower Ringold,1,2026-05-06 07:59:05
Priest Rapids Tailrace STH,2,G72383698,2026-05-01 19:03:12,2026-05-04 16:25:00,Priest,0,
Priest Rapids Tailrace STH,2,G72383698,2026-05-01 19:03:12,2026-05-04 16:25:00,Lower Ringold,1,2026-05-05 06:12:33
Priest Rapids Tailrace STH,2,G72384AC3,2026-04-24 21:08:38,2026-04-26 16:25:00,Priest,0,
Priest Rapids Tailrace STH,2,G72384AC3,2026-04-24 21:08:38,2026-04-26 16:25:00,Lower Ringold,1,2026-04-28 17:53:13
Priest Rapids Tailrace STH,2,G72385B00,2026-05-20 18:54:51,2026-05-22 16:26:00,Priest,0,
Priest Rapids Tailrace STH,2,G72385B00,2026-05-20 18:54:51,2026-05-22 16:26:00,Lower Ringold,0,
Priest Rapids Tailrace STH,2,G72386222,2026-05-11 17:57:22,2026-05-14 16:30:00,Priest,0,
Priest Rapids Tailrace STH,2,G72386222,2026-05-11 17:57:22,2026-05-14 16:30:00,Lower Ringold,1,2026-05-15 05:34:21
Priest Rapids Tailrace STH,2,G72386BBE,2026-05-01 17:35:10,2026-05-03 16:31:00,Priest,0,
Priest Rapids Tailrace STH,2,G72386BBE,2026-05-01 17:35:10,2026-05-03 16:31:00,Lower Ringold,1,2026-05-04 05:59:15
Priest Rapids Tailrace STH,2,G7238D1F2,2026-05-06 18:13:04,2026-05-09 16:31:00,Priest,0,
Priest Rapids Tailrace STH,2,G7238D1F2,2026-05-06 18:13:04,2026-05-09 16:31:00,Lower Ringold,1,2026-05-10 12:38:16
Priest Rapids Tailrace STH,2,G7238F233,2026-05-10 16:41:47,2026-05-12 16:15:00,Priest,0,
Priest Rapids Tailrace STH,2,G7238F233,2026-05-10 16:41:47,2026-05-12 16:15:00,Lower Ringold,1,2026-05-13 08:13:35
Priest Rapids Tailrace STH,2,G7238F84D,2026-05-10 17:54:40,2026-05-12 16:15:00,Priest,0,
Priest Rapids Tailrace STH,2,G7238F84D,2026-05-10 17:54:40,2026-05-12 16:15:00,Lower Ringold,1,2026-05-13 02:26:57
Priest Rapids Tailrace STH,2,G72392F5D,2026-05-15 16:06:36,2026-05-17 16:25:00,Priest,0,
Priest Rapids Tailrace STH,2,G72392F5D,2026-05-15 16:06:36,2026-05-17 16:25:00,Lower Ringold,1,2026-05-18 06:55:16
Priest Rapids Tailrace STH,2,G72394D84,2026-05-08 20:44:21,2026-05-10 16:20:00,Priest,0,
Priest Rapids Tailrace STH,2,G72394D84,2026-05-08 20:44:21,2026-05-10 16:20:00,Lower Ringold,1,2026-05-11 03:05:30
Priest Rapids Tailrace STH,2,G72397ED8,2026-04-29 16:49:23,2026-05-01 16:26:00,Priest,0,
Priest Rapids Tailrace STH,2,G72397ED8,2026-04-29 16:49:23,2026-05-01 16:26:00,Lower Ringold,1,2026-05-02 04:32:38
Priest Rapids Tailrace STH,2,G7239902E,2026-05-01 19:08:49,2026-05-04 16:25:00,Priest,0,
Priest Rapids Tailrace STH,2,G7239902E,2026-05-01 19:08:49,2026-05-04 16:25:00,Lower Ringold,1,2026-05-05 04:57:02
Priest Rapids Tailrace STH,2,G7239DE77,2026-05-20 18:53:32,2026-05-22 16:26:00,Priest,0,
Priest Rapids Tailrace STH,2,G7239DE77,2026-05-20 18:53:32,2026-05-22 16:26:00,Lower Ringold,1,2026-05-23 07:52:37
Priest Rapids Tailrace STH,2,G7239F696,2026-05-09 17:34:26,2026-05-11 16:32:00,Priest,0,
Priest Rapids Tailrace STH,2,G7239F696,2026-05-09 17:34:26,2026-05-11 16:32:00,Lower Ringold,1,2026-05-12 09:52:13
Priest Rapids Tailrace STH,2,G7239FDB6,2026-05-10 17:57:11,2026-05-12 16:15:00,Priest,0,
Priest Rapids Tailrace STH,2,G7239FDB6,2026-05-10 17:57:11,2026-05-12 16:15:00,Lower Ringold,1,2026-05-13 02:05:50
Priest Rapids Tailrace STH,2,G723A2694,2026-05-07 17:31:10,2026-05-09 16:31:00,Priest,0,
Priest Rapids Tailrace STH,2,G723A2694,2026-05-07 17:31:10,2026-05-09 16:31:00,Lower Ringold,0,
Priest Rapids Tailrace STH,2,G723A566C,2026-05-09 17:00:17,2026-05-11 16:32:00,Priest,0,
Priest Rapids Tailrace STH,2,G723A566C,2026-05-09 17:00:17,2026-05-11 16:32:00,Lower Ringold,1,2026-05-12 06:16:34
Priest Rapids Tailrace STH,2,G723A5732,2026-04-26 17:28:39,2026-04-28 15:47:00,Priest,0,
Priest Rapids Tailrace STH,2,G723A5732,2026-04-26 17:28:39,2026-04-28 15:47:00,Lower Ringold,0,
Priest Rapids Tailrace STH,2,G723AA327,2026-05-15 17:21:58,2026-05-17 16:25:00,Priest,0,
Priest Rapids Tailrace STH,2,G723AA327,2026-05-15 17:21:58,2026-05-17 16:25:00,Lower Ringold,0,
Priest Rapids Tailrace STH,3,G723AC67D,2026-05-01 19:06:00,2026-05-04 16:25:00,Priest,0,
Priest Rapids Tailrace STH,3,G723AC67D,2026-05-01 19:06:00,2026-05-04 16:25:00,Lower Ringold,1,2026-05-05 08:51:27
Priest Rapids Tailrace STH,3,G723AD45C,2026-05-08 17:07:22,2026-05-10 16:20:00,Priest,0,
Priest Rapids Tailrace STH,3,G723AD45C,2026-05-08 17:07:22,2026-05-10 16:20:00,Lower Ringold,1,2026-05-11 04:25:56
Priest Rapids Tailrace STH,3,G723ADA43,2026-05-04 17:59:41,2026-05-06 16:47:00,Priest,0,
Priest Rapids Tailrace STH,3,G723ADA43,2026-05-04 17:59:41,2026-05-06 16:47:00,Lower Ringold,1,2026-05-12 04:08:31
Priest Rapids Tailrace STH,3,G723B01F0,2026-04-29 17:01:05,2026-05-01 16:26:00,Priest,0,
Priest Rapids Tailrace STH,3,G723B01F0,2026-04-29 17:01:05,2026-05-01 16:26:00,Lower Ringold,1,2026-05-02 06:02:59
Priest Rapids Tailrace STH,3,G723B2231,2026-05-02 19:07:14,2026-05-05 17:13:00,Priest,0,
Priest Rapids Tailrace STH,3,G723B2231,2026-05-02 19:07:14,2026-05-05 17:13:00,Lower Ringold,0,
Priest Rapids Tailrace STH,2,G723B2911,2026-04-28 19:30:28,2026-04-30 16:19:00,Priest,0,
Priest Rapids Tailrace STH,2,G723B2911,2026-04-28 19:30:28,2026-04-30 16:19:00,Lower Ringold,1,2026-05-01 03:42:31
Priest Rapids Tailrace STH,2,G723B8C81,2026-05-11 18:02:18,2026-05-14 16:30:00,Priest,0,
Priest Rapids Tailrace STH,2,G723B8C81,2026-05-11 18:02:18,2026-05-14 16:30:00,Lower Ringold,1,2026-05-15 03:10:02
Priest Rapids Tailrace STH,2,G723B94DE,2026-04-23 21:30:00,2026-04-25 16:05:00,Priest,0,
Priest Rapids Tailrace STH,2,G723B94DE,2026-04-23 21:30:00,2026-04-25 16:05:00,Lower Ringold,1,2026-04-26 06:05:15
Priest Rapids Tailrace STH,2,G723BD31B,2026-05-12 18:55:17,2026-05-15 17:05:00,Priest,0,
Priest Rapids Tailrace STH,2,G723BD31B,2026-05-12 18:55:17,2026-05-15 17:05:00,Lower Ringold,0,
Priest Rapids Tailrace STH,2,G723BE3A5,2026-05-06 19:20:33,2026-05-09 16:31:00,Priest,0,
Priest Rapids Tailrace STH,2,G723BE3A5,2026-05-06 19:20:33,2026-05-09 16:31:00,Lower Ringold,1,2026-05-10 04:32:17
Priest Rapids Tailrace STH,2,G723C5145,2026-05-08 20:55:49,2026-05-10 16:20:00,Priest,0,
Priest Rapids Tailrace STH,2,G723C5145,2026-05-08 20:55:49,2026-05-10 16:20:00,Lower Ringold,1,2026-05-11 05:49:56
Priest Rapids Tailrace STH,2,G723C7284,2026-04-30 18:01:04,2026-05-02 16:36:00,Priest,0,
Priest Rapids Tailrace STH,2,G723C7284,2026-04-30 18:01:04,2026-05-02 16:36:00,Lower Ringold,1,2026-05-03 05:04:48
Priest Rapids Tailrace STH,2,G723C8691,2026-05-06 18:51:31,2026-05-09 16:31:00,Priest,0,
Priest Rapids Tailrace STH,2,G723C8691,2026-05-06 18:51:31,2026-05-09 16:31:00,Lower Ringold,1,2026-05-10 08:48:30
Priest Rapids Tailrace STH,2,G723C960C,2026-04-26 17:43:57,2026-04-28 15:47:00,Priest,0,
Priest Rapids Tailrace STH,2,G723C960C,2026-04-26 17:43:57,2026-04-28 15:47:00,Lower Ringold,1,2026-04-29 06:49:38
Priest Rapids Tailrace STH,2,G723CC3E8,2026-05-02 19:02:49,2026-05-04 16:25:00,Priest,0,
Priest Rapids Tailrace STH,2,G723CC3E8,2026-05-02 19:02:49,2026-05-04 16:25:00,Lower Ringold,1,2026-05-05 02:13:55
Priest Rapids Tailrace STH,1,G723D1C3A,2026-05-11 17:06:29,2026-05-14 16:30:00,Priest,0,
Priest Rapids Tailrace STH,1,G723D1C3A,2026-05-11 17:06:29,2026-05-14 16:30:00,Lower Ringold,1,2026-05-15 08:42:48
Priest Rapids Tailrace STH,1,G723D1E86,2026-05-08 20:42:07,2026-05-10 16:20:00,Priest,0,
Priest Rapids Tailrace STH,1,G723D1E86,2026-05-08 20:42:07,2026-05-10 16:20:00,Lower Ringold,1,2026-05-11 03:51:15
Priest Rapids Tailrace STH,1,G723D28E5,2026-05-15 17:19:47,2026-05-17 16:25:00,Priest,0,
Priest Rapids Tailrace STH,1,G723D28E5,2026-05-15 17:19:47,2026-05-17 16:25:00,Lower Ringold,0,
Priest Rapids Tailrace STH,1,G723D5BFF,2026-05-14 17:32:13,2026-05-16 16:35:00,Priest,0,
Priest Rapids Tailrace STH,1,G723D5BFF,2026-05-14 17:32:13,2026-05-16 16:35:00,Lower Ringold,1,2026-05-17 12:12:04
Priest Rapids Tailrace STH,1,G723D8914,2026-05-08 20:00:19,2026-05-10 16:20:00,Priest,0,
Priest Rapids Tailrace STH,1,G723D8914,2026-05-08 20:00:19,2026-05-10 16:20:00,Lower Ringold,1,2026-05-11 16:32:32
Priest Rapids Tailrace STH,1,G723D93F7,2026-05-09 17:25:45,2026-05-11 16:32:00,Priest,0,
Priest Rapids Tailrace STH,1,G723D93F7,2026-05-09 17:25:45,2026-05-11 16:32:00,Lower Ringold,1,2026-05-12 06:14:32
Priest Rapids Tailrace STH,1,G723DC272,2026-04-28 22:39:43,2026-04-30 16:19:00,Priest,0,
Priest Rapids Tailrace STH,1,G723DC272,2026-04-28 22:39:43,2026-04-30 16:19:00,Lower Ringold,1,2026-05-01 05:15:16
Priest Rapids Tailrace STH,1,G723DD053,2026-05-03 18:39:32,2026-05-05 17:13:00,Priest,0,
Priest Rapids Tailrace STH,1,G723DD053,2026-05-03 18:39:32,2026-05-05 17:13:00,Lower Ringold,1,2026-05-06 17:16:28
Priest Rapids Tailrace STH,1,G723DEC4E,2026-05-18 19:51:15,2026-05-20 16:19:00,Priest,0,
Priest Rapids Tailrace STH,1,G723DEC4E,2026-05-18 19:51:15,2026-05-20 16:19:00,Lower Ringold,1,2026-05-21 04:23:57
Priest Rapids Tailrace STH,1,G723DFB50,2026-05-14 17:28:56,2026-05-16 16:35:00,Priest,0,
Priest Rapids Tailrace STH,1,G723DFB50,2026-05-14 17:28:56,2026-05-16 16:35:00,Lower Ringold,1,2026-05-17 09:09:00
Priest Rapids Tailrace STH,1,G723E7D54,2026-05-08 20:43:53,2026-05-10 16:20:00,Priest,0,
Priest Rapids Tailrace STH,1,G723E7D54,2026-05-08 20:43:53,2026-05-10 16:20:00,Lower Ringold,1,2026-05-14 16:40:51
Priest Rapids Tailrace STH,1,G723E85E2,2026-05-02 18:45:09,2026-05-04 16:25:00,Priest,0,
Priest Rapids Tailrace STH,1,G723E85E2,2026-05-02 18:45:09,2026-05-04 16:25:00,Lower Ringold,1,2026-05-11 10:23:35
Priest Rapids Tailrace STH,3,G723ECE84,2026-05-14 17:34:15,2026-05-16 16:35:00,Priest,0,
Priest Rapids Tailrace STH,3,G723ECE84,2026-05-14 17:34:15,2026-05-16 16:35:00,Lower Ringold,1,2026-05-17 15:19:54
Priest Rapids Tailrace STH,2,G723EE73B,2026-05-09 18:25:53,2026-05-11 16:32:00,Priest,0,
Priest Rapids Tailrace STH,2,G723EE73B,2026-05-09 18:25:53,2026-05-11 16:32:00,Lower Ringold,1,2026-05-12 08:16:58
Priest Rapids Tailrace STH,3,G723EEC1B,2026-05-05 16:51:10,2026-05-07 16:28:00,Priest,0,
Priest Rapids Tailrace STH,3,G723EEC1B,2026-05-05 16:51:10,2026-05-07 16:28:00,Lower Ringold,0,
Priest Rapids Tailrace STH,2,G723F292A,2026-05-21 19:46:12,2026-05-23 17:10:00,Priest,0,
Priest Rapids Tailrace STH,2,G723F292A,2026-05-21 19:46:12,2026-05-23 17:10:00,Lower Ringold,1,2026-05-24 05:25:55
Priest Rapids Tailrace STH,2,G723F504E,2026-05-03 19:59:00,2026-05-05 17:13:00,Priest,0,
Priest Rapids Tailrace STH,2,G723F504E,2026-05-03 19:59:00,2026-05-05 17:13:00,Lower Ringold,1,2026-05-06 07:50:29
Priest Rapids Tailrace STH,2,G723F60F0,2026-05-16 16:35:17,2026-05-18 17:15:00,Priest,0,
Priest Rapids Tailrace STH,2,G723F60F0,2026-05-16 16:35:17,2026-05-18 17:15:00,Lower Ringold,1,2026-05-19 16:29:04
Priest Rapids Tailrace STH,2,G723F7F2C,2026-05-06 17:56:38,2026-05-09 16:31:00,Priest,0,
Priest Rapids Tailrace STH,2,G723F7F2C,2026-05-06 17:56:38,2026-05-09 16:31:00,Lower Ringold,1,2026-05-10 06:11:19
Priest Rapids Tailrace STH,2,G723F8019,2026-05-18 19:52:33,2026-05-20 16:19:00,Priest,0,
Priest Rapids Tailrace STH,2,G723F8019,2026-05-18 19:52:33,2026-05-20 16:19:00,Lower Ringold,1,2026-05-21 12:20:03
Priest Rapids Tailrace STH,2,G723F8526,2026-05-12 18:59:26,2026-05-15 17:05:00,Priest,0,
Priest Rapids Tailrace STH,2,G723F8526,2026-05-12 18:59:26,2026-05-15 17:05:00,Lower Ringold,1,2026-05-16 03:48:24
Priest Rapids Tailrace STH,2,G723F88DB,2026-05-12 18:53:56,2026-05-15 17:05:00,Priest,0,
Priest Rapids Tailrace STH,2,G723F88DB,2026-05-12 18:53:56,2026-05-15 17:05:00,Lower Ringold,1,2026-05-16 05:06:20
Priest Rapids Tailrace STH,2,G723F94E5,2026-05-05 18:06:08,2026-05-07 16:28:00,Priest,0,
Priest Rapids Tailrace STH,2,G723F94E5,2026-05-05 18:06:08,2026-05-07 16:28:00,Lower Ringold,1,2026-05-08 05:06:14
Priest Rapids Tailrace STH,2,G723FA45B,2026-05-21 19:53:25,2026-05-24 16:18:00,Priest,0,
Priest Rapids Tailrace STH,2,G723FA45B,2026-05-21 19:53:25,2026-05-24 16:18:00,Lower Ringold,1,2026-05-25 03:21:50
Priest Rapids Tailrace STH,3,G723FE41D,2026-05-19 19:28:56,2026-05-21 16:17:00,Priest,0,
Priest Rapids Tailrace STH,3,G723FE41D,2026-05-19 19:28:56,2026-05-21 16:17:00,Lower Ringold,0,
Priest Rapids Tailrace STH,2,G723FFA9F,2026-05-11 17:50:32,2026-05-14 16:30:00,Priest,0,
Priest Rapids Tailrace STH,2,G723FFA9F,2026-05-11 17:50:32,2026-05-14 16:30:00,Lower Ringold,1,2026-05-15 10:36:34
Priest Rapids Tailrace STH,3,G724003D9,2026-05-14 19:24:36,2026-05-16 16:35:00,Priest,0,
Priest Rapids Tailrace STH,3,G724003D9,2026-05-14 19:24:36,2026-05-16 16:35:00,Lower Ringold,1,2026-05-17 16:03:08
Priest Rapids Tailrace STH,2,G724006E6,2026-04-29 17:44:33,2026-05-01 16:26:00,Priest,0,
Priest Rapids Tailrace STH,2,G724006E6,2026-04-29 17:44:33,2026-05-01 16:26:00,Lower Ringold,1,2026-06-02 02:58:31
Priest Rapids Tailrace STH,2,G72400DC6,2026-05-14 17:37:55,2026-05-16 16:35:00,Priest,0,
Priest Rapids Tailrace STH,2,G72400DC6,2026-05-14 17:37:55,2026-05-16 16:35:00,Lower Ringold,1,2026-05-17 07:16:24
Priest Rapids Tailrace STH,2,G7240441C,2026-04-30 17:01:40,2026-05-02 16:36:00,Priest,0,
Priest Rapids Tailrace STH,2,G7240441C,2026-04-30 17:01:40,2026-05-02 16:36:00,Lower Ringold,1,2026-05-03 08:32:39
Priest Rapids Tailrace STH,2,G7240A094,2026-05-11 17:01:39,2026-05-14 16:30:00,Priest,0,
Priest Rapids Tailrace STH,2,G7240A094,2026-05-11 17:01:39,2026-05-14 16:30:00,Lower Ringold,1,2026-05-15 08:03:10
Priest Rapids Tailrace STH,2,G7240B536,2026-05-06 19:16:43,2026-05-09 16:31:00,Priest,0,
Priest Rapids Tailrace STH,2,G7240B536,2026-05-06 19:16:43,2026-05-09 16:31:00,Lower Ringold,1,2026-05-10 08:30:53
Priest Rapids Tailrace STH,2,G7240D6B1,2026-05-07 18:19:40,2026-05-09 16:31:00,Priest,0,
Priest Rapids Tailrace STH,2,G7240D6B1,2026-05-07 18:19:40,2026-05-09 16:31:00,Lower Ringold,0,
Priest Rapids Tailrace STH,2,G72412940,2026-04-27 18:44:29,2026-04-29 16:07:00,Priest,0,
Priest Rapids Tailrace STH,2,G72412940,2026-04-27 18:44:29,2026-04-29 16:07:00,Lower Ringold,1,2026-04-30 06:07:38
Priest Rapids Tailrace STH,2,G72412F9D,2026-05-21 19:35:42,2026-05-23 17:10:00,Priest,0,
Priest Rapids Tailrace STH,2,G72412F9D,2026-05-21 19:35:42,2026-05-23 17:10:00,Lower Ringold,1,2026-05-25 05:11:24
Priest Rapids Tailrace STH,2,G72414C1A,2026-05-07 18:16:12,2026-05-09 16:31:00,Priest,0,
Priest Rapids Tailrace STH,2,G72414C1A,2026-05-07 18:16:12,2026-05-09 16:31:00,Lower Ringold,1,2026-05-10 07:17:31
Priest Rapids Tailrace STH,2,G72415298,2026-05-11 17:50:51,2026-05-14 16:30:00,Priest,0,
Priest Rapids Tailrace STH,2,G72415298,2026-05-11 17:50:51,2026-05-14 16:30:00,Lower Ringold,1,2026-05-15 03:49:24
Priest Rapids Tailrace STH,2,G72416226,2026-05-15 16:02:55,2026-05-17 16:25:00,Priest,0,
Priest Rapids Tailrace STH,2,G72416226,2026-05-15 16:02:55,2026-05-17 16:25:00,Lower Ringold,1,2026-05-18 06:51:20
Priest Rapids Tailrace STH,2,G72416719,2026-04-23 21:30:00,2026-04-25 16:05:00,Priest,0,
Priest Rapids Tailrace STH,2,G72416719,2026-04-23 21:30:00,2026-04-25 16:05:00,Lower Ringold,1,2026-04-30 13:42:56
Priest Rapids Tailrace STH,2,G72416C39,2026-05-02 17:43:38,2026-05-04 16:25:00,Priest,0,
Priest Rapids Tailrace STH,2,G72416C39,2026-05-02 17:43:38,2026-05-04 16:25:00,Lower Ringold,1,2026-05-05 05:13:56
Priest Rapids Tailrace STH,2,G7241E148,2026-05-17 19:46:27,2026-05-19 15:26:00,Priest,0,
Priest Rapids Tailrace STH,2,G7241E148,2026-05-17 19:46:27,2026-05-19 15:26:00,Lower Ringold,1,2026-06-04 09:43:18
Priest Rapids Tailrace STH,2,G724238D6,2026-05-11 18:08:03,2026-05-14 16:30:00,Priest,0,
Priest Rapids Tailrace STH,2,G724238D6,2026-05-11 18:08:03,2026-05-14 16:30:00,Lower Ringold,0,
Priest Rapids Tailrace STH,2,G72423988,2026-05-08 20:54:55,2026-05-10 16:20:00,Priest,0,
Priest Rapids Tailrace STH,2,G72423988,2026-05-08 20:54:55,2026-05-10 16:20:00,Lower Ringold,1,2026-05-11 03:52:22
Priest Rapids Tailrace STH,2,G72425B51,2026-05-11 16:56:05,2026-05-14 16:30:00,Priest,0,
Priest Rapids Tailrace STH,2,G72425B51,2026-05-11 16:56:05,2026-05-14 16:30:00,Lower Ringold,1,2026-05-15 11:10:42
Priest Rapids Tailrace STH,2,G72428519,2026-05-09 18:45:50,2026-05-11 16:32:00,Priest,0,
Priest Rapids Tailrace STH,2,G72428519,2026-05-09 18:45:50,2026-05-11 16:32:00,Lower Ringold,1,2026-05-12 05:40:14
Priest Rapids Tailrace STH,2,G72429666,2026-05-07 18:26:31,2026-05-10 16:20:00,Priest,0,
Priest Rapids Tailrace STH,2,G72429666,2026-05-07 18:26:31,2026-05-10 16:20:00,Lower Ringold,0,
Priest Rapids Tailrace STH,2,G7242ACA6,2026-04-29 17:36:47,2026-05-01 16:26:00,Priest,0,
Priest Rapids Tailrace STH,2,G7242ACA6,2026-04-29 17:36:47,2026-05-01 16:26:00,Lower Ringold,1,2026-05-02 03:34:32
Priest Rapids Tailrace STH,2,G7242BBB8,2026-05-04 18:00:24,2026-05-06 16:47:00,Priest,0,
Priest Rapids Tailrace STH,2,G7242BBB8,2026-05-04 18:00:24,2026-05-06 16:47:00,Lower Ringold,1,2026-05-08 02:34:16
Priest Rapids Tailrace STH,2,G7242C9FC,2026-05-05 16:57:29,2026-05-07 16:28:00,Priest,0,
Priest Rapids Tailrace STH,2,G7242C9FC,2026-05-05 16:57:29,2026-05-07 16:28:00,Lower Ringold,1,2026-05-08 06:27:44
Priest Rapids Tailrace STH,2,G7242E422,2026-04-25 18:28:51,2026-04-27 16:25:00,Priest,0,
Priest Rapids Tailrace STH,2,G7242E422,2026-04-25 18:28:51,2026-04-27 16:25:00,Lower Ringold,1,2026-04-28 07:58:53
Priest Rapids Tailrace STH,2,G7242FEC1,2026-05-02 17:49:00,2026-05-04 16:25:00,Priest,0,
Priest Rapids Tailrace STH,2,G7242FEC1,2026-05-02 17:49:00,2026-05-04 16:25:00,Lower Ringold,0,
Priest Rapids Tailrace STH,2,G7243242C,2026-05-05 16:54:27,2026-05-07 16:28:00,Priest,0,
Priest Rapids Tailrace STH,2,G7243242C,2026-05-05 16:54:27,2026-05-07 16:28:00,Lower Ringold,0,
Priest Rapids Tailrace STH,2,G72435ACB,2026-05-21 19:42:19,2026-05-23 17:10:00,Priest,0,
Priest Rapids Tailrace STH,2,G72435ACB,2026-05-21 19:42:19,2026-05-23 17:10:00,Lower Ringold,1,2026-06-06 09:23:00
Priest Rapids Tailrace STH,2,G72436B2B,2026-05-04 17:59:08,2026-05-06 16:47:00,Priest,0,
Priest Rapids Tailrace STH,2,G72436B2B,2026-05-04 17:59:08,2026-05-06 16:47:00,Lower Ringold,0,
Priest Rapids Tailrace STH,2,G7243790A,2026-04-28 22:31:14,2026-04-30 16:19:00,Priest,0,
Priest Rapids Tailrace STH,2,G7243790A,2026-04-28 22:31:14,2026-04-30 16:19:00,Lower Ringold,1,2026-05-01 05:40:56
Priest Rapids Tailrace STH,2,G7243A4A0,2026-04-23 21:30:00,2026-04-25 16:05:00,Priest,0,
Priest Rapids Tailrace STH,2,G7243A4A0,2026-04-23 21:30:00,2026-04-25 16:05:00,Lower Ringold,1,2026-04-26 05:46:34
Priest Rapids Tailrace STH,2,G7243C59B,2026-05-22 20:42:56,2026-05-24 16:18:00,Priest,0,
Priest Rapids Tailrace STH,2,G7243C59B,2026-05-22 20:42:56,2026-05-24 16:18:00,Lower Ringold,1,2026-05-25 09:43:43
Priest Rapids Tailrace STH,2,G72440A7E,2026-04-26 17:42:32,2026-04-28 15:47:00,Priest,0,
Priest Rapids Tailrace STH,2,G72440A7E,2026-04-26 17:42:32,2026-04-28 15:47:00,Lower Ringold,1,2026-04-29 04:55:56
Priest Rapids Tailrace STH,2,G7244109D,2026-05-17 20:14:20,2026-05-19 15:26:00,Priest,0,
Priest Rapids Tailrace STH,2,G7244109D,2026-05-17 20:14:20,2026-05-19 15:26:00,Lower Ringold,1,2026-05-20 03:33:46
Priest Rapids Tailrace STH,2,G72446B45,2026-05-09 18:48:35,2026-05-11 16:32:00,Priest,0,
Priest Rapids Tailrace STH,2,G72446B45,2026-05-09 18:48:35,2026-05-11 16:32:00,Lower Ringold,1,2026-05-12 04:21:16
Priest Rapids Tailrace STH,2,G7244BE2D,2026-05-09 17:15:41,2026-05-11 16:32:00,Priest,0,
Priest Rapids Tailrace STH,2,G7244BE2D,2026-05-09 17:15:41,2026-05-11 16:32:00,Lower Ringold,1,2026-05-12 04:57:31
Priest Rapids Tailrace STH,2,G7244D2EB,2026-04-24 21:36:41,2026-04-26 16:25:00,Priest,0,
Priest Rapids Tailrace STH,2,G7244D2EB,2026-04-24 21:36:41,2026-04-26 16:25:00,Lower Ringold,1,2026-04-27 05:36:17
Priest Rapids Tailrace STH,2,G7244E82B,2026-05-21 19:49:34,2026-05-23 17:10:00,Priest,0,
Priest Rapids Tailrace STH,2,G7244E82B,2026-05-21 19:49:34,2026-05-23 17:10:00,Lower Ringold,1,2026-05-24 05:26:40
Priest Rapids Tailrace STH,2,G7244EA97,2026-05-15 16:04:20,2026-05-17 16:25:00,Priest,0,
Priest Rapids Tailrace STH,2,G7244EA97,2026-05-15 16:04:20,2026-05-17 16:25:00,Lower Ringold,1,2026-05-18 04:55:17
Priest Rapids Tailrace STH,2,G7244F7F7,2026-05-11 17:53:07,2026-05-14 16:30:00,Priest,0,
Priest Rapids Tailrace STH,2,G7244F7F7,2026-05-11 17:53:07,2026-05-14 16:30:00,Lower Ringold,1,2026-05-15 03:02:19
Priest Rapids Tailrace STH,2,G724500C4,2026-05-09 18:35:30,2026-05-11 16:32:00,Priest,0,
Priest Rapids Tailrace STH,2,G724500C4,2026-05-09 18:35:30,2026-05-11 16:32:00,Lower Ringold,0,
Priest Rapids Tailrace STH,2,G72450ABA,2026-04-26 17:25:06,2026-04-28 15:47:00,Priest,0,
Priest Rapids Tailrace STH,2,G72450ABA,2026-04-26 17:25:06,2026-04-28 15:47:00,Lower Ringold,1,2026-04-29 09:54:11
Priest Rapids Tailrace STH,2,G72451107,2026-05-09 17:07:31,2026-05-11 16:32:00,Priest,0,
Priest Rapids Tailrace STH,2,G72451107,2026-05-09 17:07:31,2026-05-11 16:32:00,Lower Ringold,1,2026-05-12 05:00:15
Priest Rapids Tailrace STH,2,G72451684,2026-05-03 20:00:42,2026-05-05 17:13:00,Priest,0,
Priest Rapids Tailrace STH,2,G72451684,2026-05-03 20:00:42,2026-05-05 17:13:00,Lower Ringold,1,2026-05-06 04:53:32
Priest Rapids Tailrace STH,2,G72455520,2026-05-02 17:51:30,2026-05-04 16:25:00,Priest,0,
Priest Rapids Tailrace STH,2,G72455520,2026-05-02 17:51:30,2026-05-04 16:25:00,Lower Ringold,1,2026-05-07 21:38:32
Priest Rapids Tailrace STH,1,G7245DE8C,2026-05-08 20:38:54,2026-05-10 16:20:00,Priest,0,
Priest Rapids Tailrace STH,1,G7245DE8C,2026-05-08 20:38:54,2026-05-10 16:20:00,Lower Ringold,1,2026-05-11 08:53:05
Priest Rapids Tailrace STH,1,G7245EDD0,2026-04-29 17:46:48,2026-05-01 16:26:00,Priest,0,
Priest Rapids Tailrace STH,1,G7245EDD0,2026-04-29 17:46:48,2026-05-01 16:26:00,Lower Ringold,1,2026-05-02 13:52:48
Priest Rapids Tailrace STH,1,G7245FEAF,2026-05-14 19:15:10,2026-05-16 16:35:00,Priest,0,
Priest Rapids Tailrace STH,1,G7245FEAF,2026-05-14 19:15:10,2026-05-16 16:35:00,Lower Ringold,0,
Priest Rapids Tailrace STH,1,G724621EC,2026-05-11 17:49:54,2026-05-14 16:30:00,Priest,0,
Priest Rapids Tailrace STH,1,G724621EC,2026-05-11 17:49:54,2026-05-14 16:30:00,Lower Ringold,1,2026-05-15 05:01:51
Priest Rapids Tailrace STH,1,G724652F6,2026-05-12 16:51:03,2026-05-15 17:05:00,Priest,0,
Priest Rapids Tailrace STH,1,G724652F6,2026-05-12 16:51:03,2026-05-15 17:05:00,Lower Ringold,1,2026-05-16 06:28:56
Priest Rapids Tailrace STH,3,G7246B341,2026-05-12 19:01:40,2026-05-15 17:05:00,Priest,0,
Priest Rapids Tailrace STH,3,G7246B341,2026-05-12 19:01:40,2026-05-15 17:05:00,Lower Ringold,1,2026-05-16 04:40:12
Priest Rapids Tailrace STH,3,G72470B75,2026-04-26 17:24:39,2026-04-28 15:47:00,Priest,0,
Priest Rapids Tailrace STH,3,G72470B75,2026-04-26 17:24:39,2026-04-28 15:47:00,Lower Ringold,1,2026-04-29 08:26:11
Priest Rapids Tailrace STH,2,G72470CF6,2026-05-03 18:46:53,2026-05-05 17:13:00,Priest,0,
Priest Rapids Tailrace STH,2,G72470CF6,2026-05-03 18:46:53,2026-05-05 17:13:00,Lower Ringold,1,2026-05-07 03:05:18
Priest Rapids Tailrace STH,3,G7247D002,2026-05-11 16:59:19,2026-05-14 16:30:00,Priest,0,
Priest Rapids Tailrace STH,3,G7247D002,2026-05-11 16:59:19,2026-05-14 16:30:00,Lower Ringold,1,2026-05-16 06:05:09
Priest Rapids Tailrace STH,2,G7247DDFF,2026-05-12 16:46:14,2026-05-15 17:05:00,Priest,0,
Priest Rapids Tailrace STH,2,G7247DDFF,2026-05-12 16:46:14,2026-05-15 17:05:00,Lower Ringold,1,2026-05-16 07:57:06
Priest Rapids Tailrace STH,3,G72480572,2026-05-08 16:59:26,2026-05-10 16:20:00,Priest,0,
Priest Rapids Tailrace STH,3,G72480572,2026-05-08 16:59:26,2026-05-10 16:20:00,Lower Ringold,1,2026-05-12 00:18:27
Priest Rapids Tailrace STH,3,G724842B7,2026-05-06 17:54:24,2026-05-09 16:31:00,Priest,0,
Priest Rapids Tailrace STH,3,G724842B7,2026-05-06 17:54:24,2026-05-09 16:31:00,Lower Ringold,1,2026-05-10 09:20:41
Priest Rapids Tailrace STH,3,G72486C8B,2026-04-27 18:46:42,2026-04-29 16:07:00,Priest,0,
Priest Rapids Tailrace STH,3,G72486C8B,2026-04-27 18:46:42,2026-04-29 16:07:00,Lower Ringold,0,
Priest Rapids Tailrace STH,3,G7248A25E,2026-04-26 17:45:23,2026-04-28 15:47:00,Priest,0,
Priest Rapids Tailrace STH,3,G7248A25E,2026-04-26 17:45:23,2026-04-28 15:47:00,Lower Ringold,1,2026-04-29 07:09:41
Priest Rapids Tailrace STH,3,G7248AFA3,2026-05-03 19:45:16,2026-05-05 17:13:00,Priest,0,
Priest Rapids Tailrace STH,3,G7248AFA3,2026-05-03 19:45:16,2026-05-05 17:13:00,Lower Ringold,1,2026-05-06 11:47:01
Priest Rapids Tailrace STH,3,G7248B8BD,2026-04-28 22:46:35,2026-04-30 16:19:00,Priest,0,
Priest Rapids Tailrace STH,3,G7248B8BD,2026-04-28 22:46:35,2026-04-30 16:19:00,Lower Ringold,1,2026-05-04 19:10:43
Priest Rapids Tailrace STH,2,G7248E679,2026-05-14 17:35:45,2026-05-16 16:35:00,Priest,0,
Priest Rapids Tailrace STH,2,G7248E679,2026-05-14 17:35:45,2026-05-16 16:35:00,Lower Ringold,1,2026-05-17 10:09:27
Priest Rapids Tailrace STH,2,G72490089,2026-05-05 18:23:45,2026-05-07 16:28:00,Priest,0,
Priest Rapids Tailrace STH,2,G72490089,2026-05-05 18:23:45,2026-05-07 16:28:00,Lower Ringold,1,2026-05-09 14:43:33
Priest Rapids Tailrace STH,1,G72494273,2026-05-04 19:16:19,2026-05-06 16:47:00,Priest,0,
Priest Rapids Tailrace STH,1,G72494273,2026-05-04 19:16:19,2026-05-06 16:47:00,Lower Ringold,0,
Priest Rapids Tailrace STH,1,G724979ED,2026-05-20 18:49:04,2026-05-22 16:26:00,Priest,0,
Priest Rapids Tailrace STH,1,G724979ED,2026-05-20 18:49:04,2026-05-22 16:26:00,Lower Ringold,1,2026-05-23 04:11:58
Priest Rapids Tailrace STH,1,G72499AE6,2026-05-12 16:53:48,2026-05-15 17:05:00,Priest,0,
Priest Rapids Tailrace STH,1,G72499AE6,2026-05-12 16:53:48,2026-05-15 17:05:00,Lower Ringold,1,2026-05-16 23:02:58
Priest Rapids Tailrace STH,1,G72499C3B,2026-05-02 19:01:39,2026-05-04 16:25:00,Priest,0,
Priest Rapids Tailrace STH,1,G72499C3B,2026-05-02 19:01:39,2026-05-04 16:25:00,Lower Ringold,0,
Priest Rapids Tailrace STH,2,G7249A9BA,2026-05-02 17:52:38,2026-05-04 16:25:00,Priest,0,
Priest Rapids Tailrace STH,2,G7249A9BA,2026-05-02 17:52:38,2026-05-04 16:25:00,Lower Ringold,1,2026-05-05 02:48:28
Priest Rapids Tailrace STH,2,G7249C69E,2026-05-11 18:06:54,2026-05-14 16:30:00,Priest,0,
Priest Rapids Tailrace STH,2,G7249C69E,2026-05-11 18:06:54,2026-05-14 16:30:00,Lower Ringold,1,2026-05-15 04:51:49
Priest Rapids Tailrace STH,2,G724A0601,2026-04-30 16:36:13,2026-05-02 16:36:00,Priest,0,
Priest Rapids Tailrace STH,2,G724A0601,2026-04-30 16:36:13,2026-05-02 16:36:00,Lower Ringold,1,2026-05-03 03:53:21
Priest Rapids Tailrace STH,2,G724A12FD,2026-05-08 20:39:43,2026-05-10 16:20:00,Priest,0,
Priest Rapids Tailrace STH,2,G724A12FD,2026-05-08 20:39:43,2026-05-10 16:20:00,Lower Ringold,1,2026-05-11 03:56:44
Priest Rapids Tailrace STH,2,G724A17C2,2026-05-16 15:19:19,2026-05-18 17:15:00,Priest,0,
Priest Rapids Tailrace STH,2,G724A17C2,2026-05-16 15:19:19,2026-05-18 17:15:00,Lower Ringold,1,2026-05-19 18:50:48
Priest Rapids Tailrace STH,2,G724A60B9,2026-05-17 20:00:13,2026-05-19 15:26:00,Priest,0,
Priest Rapids Tailrace STH,2,G724A60B9,2026-05-17 20:00:13,2026-05-19 15:26:00,Lower Ringold,1,2026-05-20 09:16:28
Priest Rapids Tailrace STH,2,G724A87D3,2026-04-25 18:39:00,2026-04-27 16:25:00,Priest,0,
Priest Rapids Tailrace STH,2,G724A87D3,2026-04-25 18:39:00,2026-04-27 16:25:00,Lower Ringold,1,2026-04-28 08:53:11
Priest Rapids Tailrace STH,2,G724AC016,2026-05-06 17:55:00,2026-05-09 16:31:00,Priest,0,
Priest Rapids Tailrace STH,2,G724AC016,2026-05-06 17:55:00,2026-05-09 16:31:00,Lower Ringold,1,2026-05-10 07:15:08
Priest Rapids Tailrace STH,2,G724B1658,2026-05-16 15:45:15,2026-05-18 17:15:00,Priest,0,
Priest Rapids Tailrace STH,2,G724B1658,2026-05-16 15:45:15,2026-05-18 17:15:00,Lower Ringold,1,2026-05-19 19:42:51
Priest Rapids Tailrace STH,2,G724B34C7,2026-04-27 18:59:51,2026-04-29 16:07:00,Priest,0,
Priest Rapids Tailrace STH,2,G724B34C7,2026-04-27 18:59:51,2026-04-29 16:07:00,Lower Ringold,1,2026-04-30 04:28:53
Priest Rapids Tailrace STH,2,G724B3599,2026-05-03 18:35:29,2026-05-05 17:13:00,Priest,0,
Priest Rapids Tailrace STH,2,G724B3599,2026-05-03 18:35:29,2026-05-05 17:13:00,Lower Ringold,1,2026-05-06 09:30:34
Priest Rapids Tailrace STH,2,G724B3EB9,2026-05-11 17:07:25,2026-05-14 16:30:00,Priest,0,
Priest Rapids Tailrace STH,2,G724B3EB9,2026-05-11 17:07:25,2026-05-14 16:30:00,Lower Ringold,1,2026-05-15 22:38:18
Priest Rapids Tailrace STH,2,G724B5D3E,2026-05-10 16:39:35,2026-05-12 16:15:00,Priest,0,
Priest Rapids Tailrace STH,2,G724B5D3E,2026-05-10 16:39:35,2026-05-12 16:15:00,Lower Ringold,1,2026-05-13 08:31:50
Priest Rapids Tailrace STH,2,G724B6542,2026-05-12 16:46:49,2026-05-15 17:05:00,Priest,0,
Priest Rapids Tailrace STH,2,G724B6542,2026-05-12 16:46:49,2026-05-15 17:05:00,Lower Ringold,1,2026-05-16 08:01:09
Priest Rapids Tailrace STH,1,G724BB8E8,2026-05-04 19:19:56,2026-05-06 16:47:00,Priest,0,
Priest Rapids Tailrace STH,1,G724BB8E8,2026-05-04 19:19:56,2026-05-06 16:47:00,Lower Ringold,1,2026-05-07 03:23:34
Priest Rapids Tailrace STH,1,G724BCAAC,2026-04-29 17:52:09,2026-05-01 16:26:00,Priest,0,
Priest Rapids Tailrace STH,1,G724BCAAC,2026-04-29 17:52:09,2026-05-01 16:26:00,Lower Ringold,1,2026-05-02 02:39:51
Priest Rapids Tailrace STH,1,G724BD2F3,2026-05-21 19:22:03,2026-05-23 17:10:00,Priest,0,
Priest Rapids Tailrace STH,1,G724BD2F3,2026-05-21 19:22:03,2026-05-23 17:10:00,Lower Ringold,1,2026-05-24 17:37:02
Priest Rapids Tailrace STH,1,G724C6E0C,2026-04-30 18:15:20,2026-05-02 16:36:00,Priest,0,
Priest Rapids Tailrace STH,1,G724C6E0C,2026-04-30 18:15:20,2026-05-02 16:36:00,Lower Ringold,1,2026-05-03 06:26:01
Priest Rapids Tailrace STH,1,G724C7C2D,2026-04-26 17:53:13,2026-04-28 15:47:00,Priest,0,
Priest Rapids Tailrace STH,1,G724C7C2D,2026-04-26 17:53:13,2026-04-28 15:47:00,Lower Ringold,1,2026-04-29 05:32:05
Priest Rapids Tailrace STH,1,G724CAD24,2026-04-29 16:46:12,2026-05-01 16:26:00,Priest,0,
Priest Rapids Tailrace STH,1,G724CAD24,2026-04-29 16:46:12,2026-05-01 16:26:00,Lower Ringold,1,2026-05-03 05:50:18
Priest Rapids Tailrace STH,1,G724CBCE7,2026-04-30 18:01:56,2026-05-02 16:36:00,Priest,0,
Priest Rapids Tailrace STH,1,G724CBCE7,2026-04-30 18:01:56,2026-05-02 16:36:00,Lower Ringold,1,2026-05-08 10:06:23
Priest Rapids Tailrace STH,2,G724CED62,2026-04-28 22:32:35,2026-04-30 16:19:00,Priest,0,
Priest Rapids Tailrace STH,2,G724CED62,2026-04-28 22:32:35,2026-04-30 16:19:00,Lower Ringold,1,2026-05-01 09:15:09
Priest Rapids Tailrace STH,2,G724D2712,2026-05-11 16:50:58,2026-05-14 16:30:00,Priest,0,
Priest Rapids Tailrace STH,2,G724D2712,2026-05-11 16:50:58,2026-05-14 16:30:00,Lower Ringold,1,2026-05-15 22:24:41
Priest Rapids Tailrace STH,2,G724D3152,2026-04-24 21:19:23,2026-04-26 16:25:00,Priest,0,
Priest Rapids Tailrace STH,2,G724D3152,2026-04-24 21:19:23,2026-04-26 16:25:00,Lower Ringold,1,2026-04-27 07:26:47
Priest Rapids Tailrace STH,2,G724D704A,2026-05-06 18:50:07,2026-05-09 16:31:00,Priest,0,
Priest Rapids Tailrace STH,2,G724D704A,2026-05-06 18:50:07,2026-05-09 16:31:00,Lower Ringold,1,2026-05-10 06:41:25
Priest Rapids Tailrace STH,2,G724D7CE9,2026-05-19 19:31:01,2026-05-21 16:17:00,Priest,0,
Priest Rapids Tailrace STH,2,G724D7CE9,2026-05-19 19:31:01,2026-05-21 16:17:00,Lower Ringold,1,2026-05-22 03:23:15
Priest Rapids Tailrace STH,2,G724D88FC,2026-05-03 18:27:30,2026-05-05 17:13:00,Priest,0,
Priest Rapids Tailrace STH,2,G724D88FC,2026-05-03 18:27:30,2026-05-05 17:13:00,Lower Ringold,1,2026-05-06 16:00:53
Priest Rapids Tailrace STH,2,G724D89A2,2026-04-30 18:05:26,2026-05-02 16:36:00,Priest,0,
Priest Rapids Tailrace STH,2,G724D89A2,2026-04-30 18:05:26,2026-05-02 16:36:00,Lower Ringold,1,2026-05-03 02:50:18
Priest Rapids Tailrace STH,2,G724DCD85,2026-05-08 16:59:57,2026-05-10 16:20:00,Priest,0,
Priest Rapids Tailrace STH,2,G724DCD85,2026-05-08 16:59:57,2026-05-10 16:20:00,Lower Ringold,1,2026-05-11 14:22:08
Priest Rapids Tailrace STH,2,G724E1E65,2026-05-05 16:59:45,2026-05-07 16:28:00,Priest,0,
Priest Rapids Tailrace STH,2,G724E1E65,2026-05-05 16:59:45,2026-05-07 16:28:00,Lower Ringold,0,
Priest Rapids Tailrace STH,2,G724E2278,2026-05-16 15:32:36,2026-05-18 17:15:00,Priest,0,
Priest Rapids Tailrace STH,2,G724E2278,2026-05-16 15:32:36,2026-05-18 17:15:00,Lower Ringold,1,2026-05-19 21:45:07
Priest Rapids Tailrace STH,2,G724E5B1C,2026-04-27 19:03:53,2026-04-29 16:07:00,Priest,0,
Priest Rapids Tailrace STH,2,G724E5B1C,2026-04-27 19:03:53,2026-04-29 16:07:00,Lower Ringold,1,2026-04-30 07:06:58
Priest Rapids Tailrace STH,2,G724E6AFC,2026-05-15 17:27:46,2026-05-17 16:25:00,Priest,0,
Priest Rapids Tailrace STH,2,G724E6AFC,2026-05-15 17:27:46,2026-05-17 16:25:00,Lower Ringold,1,2026-05-18 05:40:04
Priest Rapids Tailrace STH,2,G724EB817,2026-05-14 19:03:59,2026-05-16 16:35:00,Priest,0,
Priest Rapids Tailrace STH,2,G724EB817,2026-05-14 19:03:59,2026-05-16 16:35:00,Lower Ringold,0,
Priest Rapids Tailrace STH,3,G724ECA53,2026-05-02 17:49:45,2026-05-04 16:25:00,Priest,0,
Priest Rapids Tailrace STH,3,G724ECA53,2026-05-02 17:49:45,2026-05-04 16:25:00,Lower Ringold,0,
Priest Rapids Tailrace STH,3,G724EDB90,2026-05-09 17:40:03,2026-05-11 16:32:00,Priest,0,
Priest Rapids Tailrace STH,3,G724EDB90,2026-05-09 17:40:03,2026-05-11 16:32:00,Lower Ringold,1,2026-05-12 11:44:01
Priest Rapids Tailrace STH,3,G724F07A0,2026-04-24 21:37:10,2026-04-26 16:25:00,Priest,0,
Priest Rapids Tailrace STH,3,G724F07A0,2026-04-24 21:37:10,2026-04-26 16:25:00,Lower Ringold,1,2026-04-27 10:35:51
Priest Rapids Tailrace STH,3,G724F0A5D,2026-04-28 22:43:31,2026-04-30 16:19:00,Priest,0,
Priest Rapids Tailrace STH,3,G724F0A5D,2026-04-28 22:43:31,2026-04-30 16:19:00,Lower Ringold,1,2026-05-01 10:23:38
Priest Rapids Tailrace STH,3,G724F2A7E,2026-05-15 17:23:33,2026-05-17 16:25:00,Priest,0,
Priest Rapids Tailrace STH,3,G724F2A7E,2026-05-15 17:23:33,2026-05-17 16:25:00,Lower Ringold,0,
Priest Rapids Tailrace STH,3,G724F4404,2026-05-11 16:52:47,2026-05-14 16:30:00,Priest,0,
Priest Rapids Tailrace STH,3,G724F4404,2026-05-11 16:52:47,2026-05-14 16:30:00,Lower Ringold,1,2026-05-15 08:17:17
Priest Rapids Tailrace STH,3,G724F7606,2026-04-27 18:57:13,2026-04-29 16:07:00,Priest,0,
Priest Rapids Tailrace STH,3,G724F7606,2026-04-27 18:57:13,2026-04-29 16:07:00,Lower Ringold,1,2026-04-30 05:00:15
Priest Rapids Tailrace STH,3,G724F8213,2026-05-06 18:58:43,2026-05-09 16:31:00,Priest,0,
Priest Rapids Tailrace STH,3,G724F8213,2026-05-06 18:58:43,2026-05-09 16:31:00,Lower Ringold,1,2026-05-16 03:07:19
Priest Rapids Tailrace STH,3,G724FA5B3,2026-05-08 17:07:02,2026-05-10 16:20:00,Priest,0,
Priest Rapids Tailrace STH,3,G724FA5B3,2026-05-08 17:07:02,2026-05-10 16:20:00,Lower Ringold,1,2026-05-11 21:39:07
Priest Rapids Tailrace STH,3,G724FABAC,2026-05-07 17:15:11,2026-05-09 16:31:00,Priest,0,
Priest Rapids Tailrace STH,3,G724FABAC,2026-05-07 17:15:11,2026-05-09 16:31:00,Lower Ringold,0,
Priest Rapids Tailrace STH,3,G724FB011,2026-05-16 15:25:39,2026-05-18 17:15:00,Priest,0,
Priest Rapids Tailrace STH,3,G724FB011,2026-05-16 15:25:39,2026-05-18 17:15:00,Lower Ringold,0,
Priest Rapids Tailrace STH,3,G724FF9CB,2026-05-02 19:06:01,2026-05-05 17:13:00,Priest,0,
Priest Rapids Tailrace STH,3,G724FF9CB,2026-05-02 19:06:01,2026-05-05 17:13:00,Lower Ringold,1,2026-05-06 11:16:29
Priest Rapids Tailrace STH,3,G72501114,2026-05-02 17:56:35,2026-05-04 16:25:00,Priest,0,
Priest Rapids Tailrace STH,3,G72501114,2026-05-02 17:56:35,2026-05-04 16:25:00,Lower Ringold,1,2026-05-06 12:10:01
Priest Rapids Tailrace STH,2,G72502A8A,2026-04-26 17:45:59,2026-04-28 15:47:00,Priest,0,
Priest Rapids Tailrace STH,2,G72502A8A,2026-04-26 17:45:59,2026-04-28 15:47:00,Lower Ringold,1,2026-04-29 05:13:31
Priest Rapids Tailrace STH,2,G72503CCA,2026-05-01 17:30:40,2026-05-03 16:31:00,Priest,0,
Priest Rapids Tailrace STH,2,G72503CCA,2026-05-01 17:30:40,2026-05-03 16:31:00,Lower Ringold,1,2026-05-04 08:00:31
Priest Rapids Tailrace STH,2,G7250702F,2026-05-01 17:14:12,2026-05-03 16:31:00,Priest,0,
Priest Rapids Tailrace STH,2,G7250702F,2026-05-01 17:14:12,2026-05-03 16:31:00,Lower Ringold,1,2026-05-04 06:36:31
Priest Rapids Tailrace STH,3,G725166AB,2026-05-12 18:56:09,2026-05-15 17:05:00,Priest,0,
Priest Rapids Tailrace STH,3,G725166AB,2026-05-12 18:56:09,2026-05-15 17:05:00,Lower Ringold,0,
Priest Rapids Tailrace STH,3,G725171B5,2026-05-14 17:28:06,2026-05-16 16:35:00,Priest,0,
Priest Rapids Tailrace STH,3,G725171B5,2026-05-14 17:28:06,2026-05-16 16:35:00,Lower Ringold,0,
Priest Rapids Tailrace STH,3,G72518642,2026-05-05 16:55:51,2026-05-07 16:28:00,Priest,0,
Priest Rapids Tailrace STH,3,G72518642,2026-05-05 16:55:51,2026-05-07 16:28:00,Lower Ringold,0,
Priest Rapids Tailrace STH,3,G7251871C,2026-04-27 18:50:12,2026-04-29 16:07:00,Priest,0,
Priest Rapids Tailrace STH,3,G7251871C,2026-04-27 18:50:12,2026-04-29 16:07:00,Lower Ringold,1,2026-04-30 04:27:06
Priest Rapids Tailrace STH,3,G72519E1D,2026-04-23 21:30:00,2026-04-25 16:05:00,Priest,0,
Priest Rapids Tailrace STH,3,G72519E1D,2026-04-23 21:30:00,2026-04-25 16:05:00,Lower Ringold,0,
Priest Rapids Tailrace STH,3,G7251A583,2026-05-01 18:45:00,2026-05-03 16:31:00,Priest,0,
Priest Rapids Tailrace STH,3,G7251A583,2026-05-01 18:45:00,2026-05-03 16:31:00,Lower Ringold,1,2026-05-04 03:20:48
Priest Rapids Tailrace STH,3,G7251F406,2026-04-28 19:37:51,2026-04-30 16:19:00,Priest,0,
Priest Rapids Tailrace STH,3,G7251F406,2026-04-28 19:37:51,2026-04-30 16:19:00,Lower Ringold,1,2026-05-01 04:11:08
Priest Rapids Tailrace STH,3,G72522387,2026-05-06 18:08:45,2026-05-09 16:31:00,Priest,0,
Priest Rapids Tailrace STH,3,G72522387,2026-05-06 18:08:45,2026-05-09 16:31:00,Lower Ringold,1,2026-05-10 05:40:38
Priest Rapids Tailrace STH,3,G725228A7,2026-05-09 17:10:21,2026-05-11 16:32:00,Priest,0,
Priest Rapids Tailrace STH,3,G725228A7,2026-05-09 17:10:21,2026-05-11 16:32:00,Lower Ringold,1,2026-05-12 17:50:00
Priest Rapids Tailrace STH,3,G72522F24,2026-05-21 19:45:04,2026-05-23 17:10:00,Priest,0,
Priest Rapids Tailrace STH,3,G72522F24,2026-05-21 19:45:04,2026-05-23 17:10:00,Lower Ringold,0,
Priest Rapids Tailrace STH,3,G7252509D,2026-05-09 17:38:46,2026-05-11 16:32:00,Priest,0,
Priest Rapids Tailrace STH,3,G7252509D,2026-05-09 17:38:46,2026-05-11 16:32:00,Lower Ringold,0,
Priest Rapids Tailrace STH,3,G725271E0,2026-05-11 17:59:25,2026-05-14 16:30:00,Priest,0,
Priest Rapids Tailrace STH,3,G725271E0,2026-05-11 17:59:25,2026-05-14 16:30:00,Lower Ringold,1,2026-05-15 05:04:32
Priest Rapids Tailrace STH,3,G72527C1D,2026-04-28 22:49:15,2026-04-30 16:19:00,Priest,0,
Priest Rapids Tailrace STH,3,G72527C1D,2026-04-28 22:49:15,2026-04-30 16:19:00,Lower Ringold,1,2026-05-01 04:16:14
Priest Rapids Tailrace STH,3,G725285F5,2026-05-08 20:59:40,2026-05-10 16:20:00,Priest,0,
Priest Rapids Tailrace STH,3,G725285F5,2026-05-08 20:59:40,2026-05-10 16:20:00,Lower Ringold,1,2026-05-11 05:13:25
Priest Rapids Tailrace STH,3,G7252A1B7,2026-05-06 18:56:59,2026-05-09 16:31:00,Priest,0,
Priest Rapids Tailrace STH,3,G7252A1B7,2026-05-06 18:56:59,2026-05-09 16:31:00,Lower Ringold,1,2026-05-11 12:09:51
Priest Rapids Tailrace STH,3,G7252A634,2026-05-11 17:23:19,2026-05-14 16:30:00,Priest,0,
Priest Rapids Tailrace STH,3,G7252A634,2026-05-11 17:23:19,2026-05-14 16:30:00,Lower Ringold,0,
Priest Rapids Tailrace STH,3,G7252AEF6,2026-05-11 17:01:12,2026-05-14 16:30:00,Priest,0,
Priest Rapids Tailrace STH,3,G7252AEF6,2026-05-11 17:01:12,2026-05-14 16:30:00,Lower Ringold,1,2026-05-15 06:11:59
Priest Rapids Tailrace STH,3,G7252C08C,2026-05-12 16:51:43,2026-05-15 17:05:00,Priest,0,
Priest Rapids Tailrace STH,3,G7252C08C,2026-05-12 16:51:43,2026-05-15 17:05:00,Lower Ringold,1,2026-05-16 15:41:14
Priest Rapids Tailrace STH,3,G7252CE93,2026-05-02 17:39:55,2026-05-04 16:25:00,Priest,0,
Priest Rapids Tailrace STH,3,G7252CE93,2026-05-02 17:39:55,2026-05-04 16:25:00,Lower Ringold,1,2026-05-16 13:23:11
Priest Rapids Tailrace STH,3,G7252E34D,2026-05-10 16:31:18,2026-05-12 16:15:00,Priest,0,
Priest Rapids Tailrace STH,3,G7252E34D,2026-05-10 16:31:18,2026-05-12 16:15:00,Lower Ringold,1,2026-05-13 06:47:55
Priest Rapids Tailrace STH,3,G7252E672,2026-05-09 18:44:18,2026-05-11 16:32:00,Priest,0,
Priest Rapids Tailrace STH,3,G7252E672,2026-05-09 18:44:18,2026-05-11 16:32:00,Lower Ringold,1,2026-05-12 03:59:50
Priest Rapids Tailrace STH,1,G72530082,2026-04-29 16:09:34,2026-05-01 16:26:00,Priest,0,
Priest Rapids Tailrace STH,1,G72530082,2026-04-29 16:09:34,2026-05-01 16:26:00,Lower Ringold,0,
Priest Rapids Tailrace STH,1,G72532D5C,2026-05-06 19:14:17,2026-05-09 16:31:00,Priest,0,
Priest Rapids Tailrace STH,1,G72532D5C,2026-05-06 19:14:17,2026-05-09 16:31:00,Lower Ringold,1,2026-05-10 05:02:45
Priest Rapids Tailrace STH,1,G72536764,2026-05-17 20:16:49,2026-05-19 15:26:00,Priest,0,
Priest Rapids Tailrace STH,1,G72536764,2026-05-17 20:16:49,2026-05-19 15:26:00,Lower Ringold,1,2026-05-21 05:51:16
Priest Rapids Tailrace STH,1,G7253A9B1,2026-05-01 18:59:55,2026-05-03 16:31:00,Priest,0,
Priest Rapids Tailrace STH,1,G7253A9B1,2026-05-01 18:59:55,2026-05-03 16:31:00,Lower Ringold,1,2026-05-14 18:52:35
Priest Rapids Tailrace STH,1,G72546AF7,2026-05-07 17:16:56,2026-05-09 16:31:00,Priest,0,
Priest Rapids Tailrace STH,1,G72546AF7,2026-05-07 17:16:56,2026-05-09 16:31:00,Lower Ringold,1,2026-05-10 06:35:40
Priest Rapids Tailrace STH,1,G7254BBFE,2026-05-14 17:42:05,2026-05-16 16:35:00,Priest,0,
Priest Rapids Tailrace STH,1,G7254BBFE,2026-05-14 17:42:05,2026-05-16 16:35:00,Lower Ringold,1,2026-05-17 20:02:49
Priest Rapids Tailrace STH,1,G7254CF67,2026-05-07 17:29:55,2026-05-09 16:31:00,Priest,0,
Priest Rapids Tailrace STH,1,G7254CF67,2026-05-07 17:29:55,2026-05-09 16:31:00,Lower Ringold,1,2026-05-10 05:42:04
Priest Rapids Tailrace STH,1,G7254F645,2026-05-10 16:48:27,2026-05-12 16:15:00,Priest,0,
Priest Rapids Tailrace STH,1,G7254F645,2026-05-10 16:48:27,2026-05-12 16:15:00,Lower Ringold,1,2026-05-18 15:18:20
Priest Rapids Tailrace STH,3,G72556690,2026-05-16 16:29:20,2026-05-18 17:15:00,Priest,0,
Priest Rapids Tailrace STH,3,G72556690,2026-05-16 16:29:20,2026-05-18 17:15:00,Lower Ringold,0,
Priest Rapids Tailrace STH,3,G72557ECF,2026-04-30 18:07:32,2026-05-02 16:36:00,Priest,0,
Priest Rapids Tailrace STH,3,G72557ECF,2026-04-30 18:07:32,2026-05-02 16:36:00,Lower Ringold,1,2026-05-03 09:07:31
Priest Rapids Tailrace STH,3,G72558EBB,2026-05-17 20:20:54,2026-05-19 15:26:00,Priest,0,
Priest Rapids Tailrace STH,3,G72558EBB,2026-05-17 20:20:54,2026-05-19 15:26:00,Lower Ringold,1,2026-05-20 06:03:57
Priest Rapids Tailrace STH,2,G7255BCB9,2026-05-01 19:00:44,2026-05-03 16:31:00,Priest,0,
Priest Rapids Tailrace STH,2,G7255BCB9,2026-05-01 19:00:44,2026-05-03 16:31:00,Lower Ringold,1,2026-05-04 04:32:42
Priest Rapids Tailrace STH,2,G7255C300,2026-05-04 17:48:50,2026-05-06 16:47:00,Priest,0,
Priest Rapids Tailrace STH,2,G7255C300,2026-05-04 17:48:50,2026-05-06 16:47:00,Lower Ringold,1,2026-05-07 09:48:30
Priest Rapids Tailrace STH,2,G72560CDE,2026-04-29 17:44:08,2026-05-01 16:26:00,Priest,0,
Priest Rapids Tailrace STH,2,G72560CDE,2026-04-29 17:44:08,2026-05-01 16:26:00,Lower Ringold,1,2026-05-02 04:55:48
Priest Rapids Tailrace STH,2,G725629C2,2026-05-21 19:20:02,2026-05-23 17:10:00,Priest,0,
Priest Rapids Tailrace STH,2,G725629C2,2026-05-21 19:20:02,2026-05-23 17:10:00,Lower Ringold,1,2026-05-24 13:29:06
Priest Rapids Tailrace STH,2,G72565864,2026-05-04 18:02:27,2026-05-06 16:47:00,Priest,0,
Priest Rapids Tailrace STH,2,G72565864,2026-05-04 18:02:27,2026-05-06 16:47:00,Lower Ringold,1,2026-05-07 06:01:22
Priest Rapids Tailrace STH,2,G72567658,2026-04-30 16:35:55,2026-05-02 16:36:00,Priest,0,
Priest Rapids Tailrace STH,2,G72567658,2026-04-30 16:35:55,2026-05-02 16:36:00,Lower Ringold,1,2026-05-03 04:31:31
Priest Rapids Tailrace STH,2,G7256824D,2026-04-23 21:30:00,2026-04-25 16:05:00,Priest,0,
Priest Rapids Tailrace STH,2,G7256824D,2026-04-23 21:30:00,2026-04-25 16:05:00,Lower Ringold,1,2026-04-26 07:18:02
Priest Rapids Tailrace STH,3,G72574BDF,2026-04-26 17:43:03,2026-04-28 15:47:00,Priest,0,
Priest Rapids Tailrace STH,3,G72574BDF,2026-04-26 17:43:03,2026-04-28 15:47:00,Lower Ringold,1,2026-04-30 05:42:27
Priest Rapids Tailrace STH,3,G725786E8,2026-05-03 19:48:13,2026-05-05 17:13:00,Priest,0,
Priest Rapids Tailrace STH,3,G725786E8,2026-05-03 19:48:13,2026-05-05 17:13:00,Lower Ringold,1,2026-05-22 15:09:31
Priest Rapids Tailrace STH,3,G72579AD6,2026-05-07 18:29:13,2026-05-09 16:31:00,Priest,0,
Priest Rapids Tailrace STH,3,G72579AD6,2026-05-07 18:29:13,2026-05-09 16:31:00,Lower Ringold,1,2026-05-10 09:32:07
Priest Rapids Tailrace STH,2,G72581503,2026-05-22 20:28:55,2026-05-24 16:18:00,Priest,0,
Priest Rapids Tailrace STH,2,G72581503,2026-05-22 20:28:55,2026-05-24 16:18:00,Lower Ringold,1,2026-05-25 11:42:00
Priest Rapids Tailrace STH,2,G72588512,2026-05-04 19:17:43,2026-05-06 16:47:00,Priest,0,
Priest Rapids Tailrace STH,2,G72588512,2026-05-04 19:17:43,2026-05-06 16:47:00,Lower Ringold,1,2026-05-09 15:40:07
Priest Rapids Tailrace STH,2,G72589FF1,2026-05-10 17:53:07,2026-05-12 16:15:00,Priest,0,
Priest Rapids Tailrace STH,2,G72589FF1,2026-05-10 17:53:07,2026-05-12 16:15:00,Lower Ringold,1,2026-05-13 08:19:26
Priest Rapids Tailrace STH,2,G7258B22F,2026-04-30 17:58:48,2026-05-02 16:36:00,Priest,0,
Priest Rapids Tailrace STH,2,G7258B22F,2026-04-30 17:58:48,2026-05-02 16:36:00,Lower Ringold,1,2026-05-03 06:53:45
Priest Rapids Tailrace STH,2,G7258E048,2026-04-27 19:00:42,2026-04-29 16:07:00,Priest,0,
Priest Rapids Tailrace STH,2,G7258E048,2026-04-27 19:00:42,2026-04-29 16:07:00,Lower Ringold,1,2026-04-30 15:58:36
Priest Rapids Tailrace STH,1,G725923A4,2026-05-01 17:22:25,2026-05-03 16:31:00,Priest,0,
Priest Rapids Tailrace STH,1,G725923A4,2026-05-01 17:22:25,2026-05-03 16:31:00,Lower Ringold,1,2026-05-04 05:59:16
Priest Rapids Tailrace STH,1,G72592F07,2026-04-27 18:43:49,2026-04-29 16:07:00,Priest,0,
Priest Rapids Tailrace STH,1,G72592F07,2026-04-27 18:43:49,2026-04-29 16:07:00,Lower Ringold,1,2026-04-30 06:31:25
Priest Rapids Tailrace STH,1,G72593185,2026-04-25 18:34:31,2026-04-27 16:25:00,Priest,0,
Priest Rapids Tailrace STH,1,G72593185,2026-04-25 18:34:31,2026-04-27 16:25:00,Lower Ringold,1,2026-04-28 09:27:45
Priest Rapids Tailrace STH,1,G72593EC4,2026-04-23 21:30:00,2026-04-25 16:05:00,Priest,0,
Priest Rapids Tailrace STH,1,G72593EC4,2026-04-23 21:30:00,2026-04-25 16:05:00,Lower Ringold,1,2026-04-26 06:24:53
Priest Rapids Tailrace STH,1,G725943C1,2026-04-23 21:30:00,2026-04-25 16:05:00,Priest,0,
Priest Rapids Tailrace STH,1,G725943C1,2026-04-23 21:30:00,2026-04-25 16:05:00,Lower Ringold,1,2026-04-26 06:05:19
Priest Rapids Tailrace STH,1,G72597901,2026-05-10 17:49:42,2026-05-12 16:15:00,Priest,0,
Priest Rapids Tailrace STH,1,G72597901,2026-05-10 17:49:42,2026-05-12 16:15:00,Lower Ringold,1,2026-06-12 21:22:59
Priest Rapids Tailrace STH,1,G7259A276,2026-05-17 19:51:14,2026-05-19 15:26:00,Priest,0,
Priest Rapids Tailrace STH,1,G7259A276,2026-05-17 19:51:14,2026-05-19 15:26:00,Lower Ringold,1,2026-05-20 14:11:39
Priest Rapids Tailrace STH,1,G7259A5F5,2026-05-17 20:05:06,2026-05-19 15:26:00,Priest,0,
Priest Rapids Tailrace STH,1,G7259A5F5,2026-05-17 20:05:06,2026-05-19 15:26:00,Lower Ringold,1,2026-05-20 13:26:17
Priest Rapids Tailrace STH,1,G7259AD37,2026-04-29 17:45:46,2026-05-01 16:26:00,Priest,0,
Priest Rapids Tailrace STH,1,G7259AD37,2026-04-29 17:45:46,2026-05-01 16:26:00,Lower Ringold,1,2026-05-02 03:15:58
Priest Rapids Tailrace STH,1,G7259C672,2026-04-23 21:30:00,2026-04-25 16:05:00,Priest,0,
Priest Rapids Tailrace STH,1,G7259C672,2026-04-23 21:30:00,2026-04-25 16:05:00,Lower Ringold,1,2026-04-26 20:38:03
Priest Rapids Tailrace STH,1,G725A1EB2,2026-05-10 18:00:03,2026-05-12 16:15:00,Priest,0,
Priest Rapids Tailrace STH,1,G725A1EB2,2026-05-10 18:00:03,2026-05-12 16:15:00,Lower Ringold,1,2026-05-13 06:02:49
Priest Rapids Tailrace STH,1,G725A31D0,2026-05-02 19:11:39,2026-05-05 17:13:00,Priest,0,
Priest Rapids Tailrace STH,1,G725A31D0,2026-05-02 19:11:39,2026-05-05 17:13:00,Lower Ringold,1,2026-05-06 14:15:39
Priest Rapids Tailrace STH,1,G725A4D8B,2026-05-22 20:39:07,2026-05-24 16:18:00,Priest,0,
Priest Rapids Tailrace STH,1,G725A4D8B,2026-05-22 20:39:07,2026-05-24 16:18:00,Lower Ringold,1,2026-05-25 06:52:14
Priest Rapids Tailrace STH,1,G725AAFDE,2026-05-04 17:56:31,2026-05-06 16:47:00,Priest,0,
Priest Rapids Tailrace STH,1,G725AAFDE,2026-05-04 17:56:31,2026-05-06 16:47:00,Lower Ringold,0,
Priest Rapids Tailrace STH,1,G725B2BF7,2026-05-09 17:08:08,2026-05-11 16:32:00,Priest,0,
Priest Rapids Tailrace STH,1,G725B2BF7,2026-05-09 17:08:08,2026-05-11 16:32:00,Lower Ringold,1,2026-05-13 04:01:36
Priest Rapids Tailrace STH,1,G725B3888,2026-05-11 17:53:33,2026-05-14 16:30:00,Priest,0,
Priest Rapids Tailrace STH,1,G725B3888,2026-05-11 17:53:33,2026-05-14 16:30:00,Lower Ringold,1,2026-05-16 09:12:34
Priest Rapids Tailrace STH,1,G725B3E55,2026-04-28 19:42:59,2026-04-30 16:19:00,Priest,0,
Priest Rapids Tailrace STH,1,G725B3E55,2026-04-28 19:42:59,2026-04-30 16:19:00,Lower Ringold,1,2026-05-01 04:59:51
Priest Rapids Tailrace STH,1,G725B5293,2026-05-07 18:31:48,2026-05-09 16:31:00,Priest,0,
Priest Rapids Tailrace STH,1,G725B5293,2026-05-07 18:31:48,2026-05-09 16:31:00,Lower Ringold,0,
Priest Rapids Tailrace STH,1,G725B91BB,2026-05-14 17:30:15,2026-05-16 16:35:00,Priest,0,
Priest Rapids Tailrace STH,1,G725B91BB,2026-05-14 17:30:15,2026-05-16 16:35:00,Lower Ringold,1,2026-05-17 11:46:27
Priest Rapids Tailrace STH,1,G725B9484,2026-04-28 19:32:19,2026-04-30 16:19:00,Priest,0,
Priest Rapids Tailrace STH,1,G725B9484,2026-04-28 19:32:19,2026-04-30 16:19:00,Lower Ringold,1,2026-05-01 06:41:18
Priest Rapids Tailrace STH,1,G725BB198,2026-05-10 16:29:20,2026-05-12 16:15:00,Priest,0,
Priest Rapids Tailrace STH,1,G725BB198,2026-05-10 16:29:20,2026-05-12 16:15:00,Lower Ringold,1,2026-05-13 05:20:49
Priest Rapids Tailrace STH,1,G725BCDC3,2026-04-25 18:44:53,2026-04-27 16:25:00,Priest,0,
Priest Rapids Tailrace STH,1,G725BCDC3,2026-04-25 18:44:53,2026-04-27 16:25:00,Lower Ringold,1,2026-04-28 14:07:28
Priest Rapids Tailrace STH,1,G725BD67E,2026-04-28 19:37:22,2026-04-30 16:19:00,Priest,0,
Priest Rapids Tailrace STH,1,G725BD67E,2026-04-28 19:37:22,2026-04-30 16:19:00,Lower Ringold,1,2026-05-01 12:50:47
Priest Rapids Tailrace STH,1,G725C1CA4,2026-05-04 19:09:34,2026-05-06 16:47:00,Priest,0,
Priest Rapids Tailrace STH,1,G725C1CA4,2026-05-04 19:09:34,2026-05-06 16:47:00,Lower Ringold,1,2026-05-07 09:08:45
Priest Rapids Tailrace STH,1,G725C4C7F,2026-05-15 17:39:07,2026-05-17 16:25:00,Priest,0,
Priest Rapids Tailrace STH,1,G725C4C7F,2026-05-15 17:39:07,2026-05-17 16:25:00,Lower Ringold,0,
Priest Rapids Tailrace STH,1,G725C5CE2,2026-04-26 17:54:33,2026-04-28 15:47:00,Priest,0,
Priest Rapids Tailrace STH,1,G725C5CE2,2026-04-26 17:54:33,2026-04-28 15:47:00,Lower Ringold,1,2026-04-29 05:45:22
Priest Rapids Tailrace STH,1,G725C5E5E,2026-05-09 17:40:32,2026-05-11 16:32:00,Priest,0,
Priest Rapids Tailrace STH,1,G725C5E5E,2026-05-09 17:40:32,2026-05-11 16:32:00,Lower Ringold,1,2026-05-12 08:49:08
Priest Rapids Tailrace STH,1,G725C77E1,2026-05-01 17:26:26,2026-05-03 16:31:00,Priest,0,
Priest Rapids Tailrace STH,1,G725C77E1,2026-05-01 17:26:26,2026-05-03 16:31:00,Lower Ringold,1,2026-05-04 05:29:06
Priest Rapids Tailrace STH,1,G725CCDAD,2026-05-20 19:00:07,2026-05-22 16:26:00,Priest,0,
Priest Rapids Tailrace STH,1,G725CCDAD,2026-05-20 19:00:07,2026-05-22 16:26:00,Lower Ringold,1,2026-05-23 09:57:32
Priest Rapids Tailrace STH,1,G725CFC4D,2026-05-08 17:03:09,2026-05-10 16:20:00,Priest,0,
Priest Rapids Tailrace STH,1,G725CFC4D,2026-05-08 17:03:09,2026-05-10 16:20:00,Lower Ringold,1,2026-05-11 11:35:41
Priest Rapids Tailrace STH,1,G725D207D,2026-04-23 21:30:00,2026-04-25 16:05:00,Priest,0,
Priest Rapids Tailrace STH,1,G725D207D,2026-04-23 21:30:00,2026-04-25 16:05:00,Lower Ringold,1,2026-04-26 07:23:32
Priest Rapids Tailrace STH,1,G725D30E0,2026-05-01 17:19:05,2026-05-03 16:31:00,Priest,0,
Priest Rapids Tailrace STH,1,G725D30E0,2026-05-01 17:19:05,2026-05-03 16:31:00,Lower Ringold,1,2026-05-04 21:50:57
Priest Rapids Tailrace STH,1,G725D3763,2026-05-07 17:12:48,2026-05-09 16:31:00,Priest,0,
Priest Rapids Tailrace STH,1,G725D3763,2026-05-07 17:12:48,2026-05-09 16:31:00,Lower Ringold,1,2026-05-10 06:45:55
Priest Rapids Tailrace STH,1,G725D479B,2026-05-14 19:13:11,2026-05-16 16:35:00,Priest,0,
Priest Rapids Tailrace STH,1,G725D479B,2026-05-14 19:13:11,2026-05-16 16:35:00,Lower Ringold,1,2026-05-17 05:29:46
Priest Rapids Tailrace STH,1,G725D6DC6,2026-05-06 17:59:41,2026-05-09 16:31:00,Priest,0,
Priest Rapids Tailrace STH,1,G725D6DC6,2026-05-06 17:59:41,2026-05-09 16:31:00,Lower Ringold,1,2026-05-10 05:30:01
Priest Rapids Tailrace STH,1,G725D6E24,2026-05-14 19:17:07,2026-05-16 16:35:00,Priest,0,
Priest Rapids Tailrace STH,1,G725D6E24,2026-05-14 19:17:07,2026-05-16 16:35:00,Lower Ringold,1,2026-05-17 10:45:11
Priest Rapids Tailrace STH,1,G725D7B86,2026-04-25 18:36:51,2026-04-27 16:25:00,Priest,0,
Priest Rapids Tailrace STH,1,G725D7B86,2026-04-25 18:36:51,2026-04-27 16:25:00,Lower Ringold,1,2026-04-28 12:31:56
Priest Rapids Tailrace STH,1,G725D8D2F,2026-04-30 16:39:49,2026-05-02 16:36:00,Priest,0,
Priest Rapids Tailrace STH,1,G725D8D2F,2026-04-30 16:39:49,2026-05-02 16:36:00,Lower Ringold,1,2026-05-03 05:45:31
Priest Rapids Tailrace STH,1,G725DB553,2026-05-05 17:12:32,2026-05-07 16:28:00,Priest,0,
Priest Rapids Tailrace STH,1,G725DB553,2026-05-05 17:12:32,2026-05-07 16:28:00,Lower Ringold,1,2026-05-08 05:32:33
Priest Rapids Tailrace STH,1,G725DF296,2026-05-17 20:05:45,2026-05-19 15:26:00,Priest,0,
Priest Rapids Tailrace STH,1,G725DF296,2026-05-17 20:05:45,2026-05-19 15:26:00,Lower Ringold,0,
Priest Rapids Tailrace STH,1,G725E488F,2026-05-21 19:25:39,2026-05-23 17:10:00,Priest,0,
Priest Rapids Tailrace STH,1,G725E488F,2026-05-21 19:25:39,2026-05-23 17:10:00,Lower Ringold,1,2026-05-25 12:52:08
Priest Rapids Tailrace STH,1,G725E9144,2026-05-14 19:08:22,2026-05-16 16:35:00,Priest,0,
Priest Rapids Tailrace STH,1,G725E9144,2026-05-14 19:08:22,2026-05-16 16:35:00,Lower Ringold,1,2026-05-17 10:15:29
Priest Rapids Tailrace STH,1,G725EAFE5,2026-04-25 18:22:06,2026-04-27 16:25:00,Priest,0,
Priest Rapids Tailrace STH,1,G725EAFE5,2026-04-25 18:22:06,2026-04-27 16:25:00,Lower Ringold,1,2026-04-28 07:05:26
Priest Rapids Tailrace STH,1,G725EDDA1,2026-04-28 22:43:56,2026-04-30 16:19:00,Priest,0,
Priest Rapids Tailrace STH,1,G725EDDA1,2026-04-28 22:43:56,2026-04-30 16:19:00,Lower Ringold,1,2026-05-22 07:20:16
Priest Rapids Tailrace STH,1,G725EE761,2026-04-30 18:00:37,2026-05-02 16:36:00,Priest,0,
Priest Rapids Tailrace STH,1,G725EE761,2026-04-30 18:00:37,2026-05-02 16:36:00,Lower Ringold,0,
Priest Rapids Tailrace STH,1,G725EEC41,2026-05-15 17:22:33,2026-05-17 16:25:00,Priest,0,
Priest Rapids Tailrace STH,1,G725EEC41,2026-05-15 17:22:33,2026-05-17 16:25:00,Lower Ringold,1,2026-05-18 03:37:53
Priest Rapids Tailrace STH,1,G725EF2C3,2026-04-23 21:30:00,2026-04-25 16:05:00,Priest,0,
Priest Rapids Tailrace STH,1,G725EF2C3,2026-04-23 21:30:00,2026-04-25 16:05:00,Lower Ringold,1,2026-04-26 08:12:29
Priest Rapids Tailrace STH,1,G725F0F8E,2026-05-08 17:02:43,2026-05-10 16:20:00,Priest,0,
Priest Rapids Tailrace STH,1,G725F0F8E,2026-05-08 17:02:43,2026-05-10 16:20:00,Lower Ringold,1,2026-05-11 12:56:26
Priest Rapids Tailrace STH,3,G725F6216,2026-05-06 18:11:18,2026-05-09 16:31:00,Priest,0,
Priest Rapids Tailrace STH,3,G725F6216,2026-05-06 18:11:18,2026-05-09 16:31:00,Lower Ringold,1,2026-05-10 17:50:02
Priest Rapids Tailrace STH,3,G725F8B63,2026-05-05 18:08:52,2026-05-07 16:28:00,Priest,0,
Priest Rapids Tailrace STH,3,G725F8B63,2026-05-05 18:08:52,2026-05-07 16:28:00,Lower Ringold,1,2026-05-08 01:40:09
Priest Rapids Tailrace STH,3,G725F9F9F,2026-05-03 19:49:32,2026-05-05 17:13:00,Priest,0,
Priest Rapids Tailrace STH,3,G725F9F9F,2026-05-03 19:49:32,2026-05-05 17:13:00,Lower Ringold,1,2026-05-06 05:19:21
Priest Rapids Tailrace STH,3,G725FAD9D,2026-05-05 18:12:47,2026-05-07 16:28:00,Priest,0,
Priest Rapids Tailrace STH,3,G725FAD9D,2026-05-05 18:12:47,2026-05-07 16:28:00,Lower Ringold,1,2026-05-22 10:41:07
Priest Rapids Tailrace STH,3,G725FB31F,2026-05-09 18:29:42,2026-05-11 16:32:00,Priest,0,
Priest Rapids Tailrace STH,3,G725FB31F,2026-05-09 18:29:42,2026-05-11 16:32:00,Lower Ringold,1,2026-05-12 04:17:57
Priest Rapids Tailrace STH,3,G725FC464,2026-04-28 19:44:10,2026-04-30 16:19:00,Priest,0,
Priest Rapids Tailrace STH,3,G725FC464,2026-04-28 19:44:10,2026-04-30 16:19:00,Lower Ringold,1,2026-05-01 03:34:14
Priest Rapids Tailrace STH,3,G725FD645,2026-05-12 18:53:27,2026-05-15 17:05:00,Priest,0,
Priest Rapids Tailrace STH,3,G725FD645,2026-05-12 18:53:27,2026-05-15 17:05:00,Lower Ringold,0,
Priest Rapids Tailrace STH,3,G725FEDDB,2026-05-12 19:04:49,2026-05-15 17:05:00,Priest,0,
Priest Rapids Tailrace STH,3,G725FEDDB,2026-05-12 19:04:49,2026-05-15 17:05:00,Lower Ringold,0,
Priest Rapids Tailrace STH,3,G72608E69,2026-05-04 17:50:07,2026-05-06 16:47:00,Priest,0,
Priest Rapids Tailrace STH,3,G72608E69,2026-05-04 17:50:07,2026-05-06 16:47:00,Lower Ringold,1,2026-05-07 04:51:27
Priest Rapids Tailrace STH,3,G72609D16,2026-05-09 18:30:06,2026-05-11 16:32:00,Priest,0,
Priest Rapids Tailrace STH,3,G72609D16,2026-05-09 18:30:06,2026-05-11 16:32:00,Lower Ringold,1,2026-05-12 04:54:46
Priest Rapids Tailrace STH,3,G7260B274,2026-05-07 18:17:28,2026-05-09 16:31:00,Priest,0,
Priest Rapids Tailrace STH,3,G7260B274,2026-05-07 18:17:28,2026-05-09 16:31:00,Lower Ringold,1,2026-05-10 10:45:53
Priest Rapids Tailrace STH,3,G7260CA4E,2026-05-16 15:31:27,2026-05-18 17:15:00,Priest,0,
Priest Rapids Tailrace STH,3,G7260CA4E,2026-05-16 15:31:27,2026-05-18 17:15:00,Lower Ringold,1,2026-05-19 14:42:30
Priest Rapids Tailrace STH,3,G7260DD50,2026-05-10 16:31:45,2026-05-12 16:15:00,Priest,0,
Priest Rapids Tailrace STH,3,G7260DD50,2026-05-10 16:31:45,2026-05-12 16:15:00,Lower Ringold,0,
Priest Rapids Tailrace STH,3,G7260FAF0,2026-05-08 17:06:19,2026-05-10 16:20:00,Priest,0,
Priest Rapids Tailrace STH,3,G7260FAF0,2026-05-08 17:06:19,2026-05-10 16:20:00,Lower Ringold,1,2026-05-11 13:11:53
Priest Rapids Tailrace STH,2,G72612522,2026-05-11 17:05:20,2026-05-14 16:30:00,Priest,0,
Priest Rapids Tailrace STH,2,G72612522,2026-05-11 17:05:20,2026-05-14 16:30:00,Lower Ringold,1,2026-05-15 05:51:03
Priest Rapids Tailrace STH,2,G72613FC1,2026-05-12 17:16:05,2026-05-15 17:05:00,Priest,0,
Priest Rapids Tailrace STH,2,G72613FC1,2026-05-12 17:16:05,2026-05-15 17:05:00,Lower Ringold,0,
Priest Rapids Tailrace STH,2,G72614F39,2026-04-28 22:41:36,2026-04-30 16:19:00,Priest,0,
Priest Rapids Tailrace STH,2,G72614F39,2026-04-28 22:41:36,2026-04-30 16:19:00,Lower Ringold,1,2026-05-01 14:33:08
Priest Rapids Tailrace STH,2,G7261643A,2026-05-14 19:14:48,2026-05-16 16:35:00,Priest,0,
Priest Rapids Tailrace STH,2,G7261643A,2026-05-14 19:14:48,2026-05-16 16:35:00,Lower Ringold,1,2026-05-17 08:57:12
Priest Rapids Tailrace STH,2,G72616686,2026-05-05 16:56:29,2026-05-07 16:28:00,Priest,0,
Priest Rapids Tailrace STH,2,G72616686,2026-05-05 16:56:29,2026-05-07 16:28:00,Lower Ringold,1,2026-05-08 08:46:24
Priest Rapids Tailrace STH,3,G72618FF3,2026-04-27 18:55:10,2026-04-29 16:07:00,Priest,0,
Priest Rapids Tailrace STH,3,G72618FF3,2026-04-27 18:55:10,2026-04-29 16:07:00,Lower Ringold,1,2026-04-30 10:17:43
Priest Rapids Tailrace STH,3,G726196F2,2026-05-04 19:11:09,2026-05-06 16:47:00,Priest,0,
Priest Rapids Tailrace STH,3,G726196F2,2026-05-04 19:11:09,2026-05-06 16:47:00,Lower Ringold,1,2026-05-07 11:05:03
Priest Rapids Tailrace STH,3,G7261C316,2026-04-29 17:48:33,2026-05-01 16:26:00,Priest,0,
Priest Rapids Tailrace STH,3,G7261C316,2026-04-29 17:48:33,2026-05-01 16:26:00,Lower Ringold,1,2026-05-02 03:32:59
Priest Rapids Tailrace STH,3,G7261C495,2026-05-15 16:12:42,2026-05-17 16:25:00,Priest,0,
Priest Rapids Tailrace STH,3,G7261C495,2026-05-15 16:12:42,2026-05-17 16:25:00,Lower Ringold,0,
Priest Rapids Tailrace STH,3,G7261D9F5,2026-05-01 17:24:39,2026-05-03 16:31:00,Priest,0,
Priest Rapids Tailrace STH,3,G7261D9F5,2026-05-01 17:24:39,2026-05-03 16:31:00,Lower Ringold,1,2026-05-04 06:10:03
Priest Rapids Tailrace STH,3,G7261FE55,2026-05-10 17:45:36,2026-05-12 16:15:00,Priest,0,
Priest Rapids Tailrace STH,3,G7261FE55,2026-05-10 17:45:36,2026-05-12 16:15:00,Lower Ringold,0,
Priest Rapids Tailrace STH,3,G72622695,2026-05-10 18:02:59,2026-05-12 16:15:00,Priest,0,
Priest Rapids Tailrace STH,3,G72622695,2026-05-10 18:02:59,2026-05-12 16:15:00,Lower Ringold,1,2026-05-13 03:30:24
Priest Rapids Tailrace STH,3,G72622CEB,2026-04-28 22:39:18,2026-04-30 16:19:00,Priest,0,
Priest Rapids Tailrace STH,3,G72622CEB,2026-04-28 22:39:18,2026-04-30 16:19:00,Lower Ringold,1,2026-05-01 03:16:51
Priest Rapids Tailrace STH,3,G7262A4A5,2026-05-11 17:04:48,2026-05-14 16:30:00,Priest,0,
Priest Rapids Tailrace STH,3,G7262A4A5,2026-05-11 17:04:48,2026-05-14 16:30:00,Lower Ringold,1,2026-05-15 04:47:35
Priest Rapids Tailrace STH,2,G7262E840,2026-05-01 18:47:15,2026-05-03 16:31:00,Priest,0,
Priest Rapids Tailrace STH,2,G7262E840,2026-05-01 18:47:15,2026-05-03 16:31:00,Lower Ringold,1,2026-05-04 08:54:27
Priest Rapids Tailrace STH,2,G7262E91E,2026-04-26 17:45:10,2026-04-28 15:47:00,Priest,0,
Priest Rapids Tailrace STH,2,G7262E91E,2026-04-26 17:45:10,2026-04-28 15:47:00,Lower Ringold,1,2026-04-29 05:56:51
Priest Rapids Tailrace STH,2,G72630933,2026-05-02 18:52:44,2026-05-04 16:25:00,Priest,0,
Priest Rapids Tailrace STH,2,G72630933,2026-05-02 18:52:44,2026-05-04 16:25:00,Lower Ringold,1,2026-05-05 12:28:28
Priest Rapids Tailrace STH,2,G72631B12,2026-05-01 18:36:37,2026-05-03 16:31:00,Priest,0,
Priest Rapids Tailrace STH,2,G72631B12,2026-05-01 18:36:37,2026-05-03 16:31:00,Lower Ringold,1,2026-05-04 03:22:24
Priest Rapids Tailrace STH,1,G7263829F,2026-05-16 16:32:47,2026-05-18 17:15:00,Priest,0,
Priest Rapids Tailrace STH,1,G7263829F,2026-05-16 16:32:47,2026-05-18 17:15:00,Lower Ringold,1,2026-05-20 04:58:54
Priest Rapids Tailrace STH,1,G72639202,2026-05-08 17:09:04,2026-05-10 16:20:00,Priest,0,
Priest Rapids Tailrace STH,1,G72639202,2026-05-08 17:09:04,2026-05-10 16:20:00,Lower Ringold,1,2026-05-11 05:25:40
Priest Rapids Tailrace STH,1,G7263BFDC,2026-05-06 18:16:27,2026-05-09 16:31:00,Priest,0,
Priest Rapids Tailrace STH,1,G7263BFDC,2026-05-06 18:16:27,2026-05-09 16:31:00,Lower Ringold,0,
Priest Rapids Tailrace STH,3,G7264C788,2026-05-14 17:40:56,2026-05-16 16:35:00,Priest,0,
Priest Rapids Tailrace STH,3,G7264C788,2026-05-14 17:40:56,2026-05-16 16:35:00,Lower Ringold,1,2026-05-19 18:40:47
Priest Rapids Tailrace STH,3,G7264CF4A,2026-05-14 19:22:49,2026-05-16 16:35:00,Priest,0,
Priest Rapids Tailrace STH,3,G7264CF4A,2026-05-14 19:22:49,2026-05-16 16:35:00,Lower Ringold,1,2026-05-17 05:29:13
Priest Rapids Tailrace STH,3,G726523C4,2026-05-04 17:55:44,2026-05-06 16:47:00,Priest,0,
Priest Rapids Tailrace STH,3,G726523C4,2026-05-04 17:55:44,2026-05-06 16:47:00,Lower Ringold,1,2026-05-08 03:16:19
Priest Rapids Tailrace STH,1,G726542FF,2026-05-16 16:32:14,2026-05-18 17:15:00,Priest,0,
Priest Rapids Tailrace STH,1,G726542FF,2026-05-16 16:32:14,2026-05-18 17:15:00,Lower Ringold,1,2026-05-19 07:27:07
Priest Rapids Tailrace STH,1,G72656CC3,2026-05-14 17:44:21,2026-05-16 16:35:00,Priest,0,
Priest Rapids Tailrace STH,1,G72656CC3,2026-05-14 17:44:21,2026-05-16 16:35:00,Lower Ringold,1,2026-05-17 14:59:13
Priest Rapids Tailrace STH,1,G72657FBC,2026-04-28 22:45:08,2026-04-30 16:19:00,Priest,0,
Priest Rapids Tailrace STH,1,G72657FBC,2026-04-28 22:45:08,2026-04-30 16:19:00,Lower Ringold,1,2026-05-01 03:24:01
Priest Rapids Tailrace STH,1,G726598D6,2026-05-06 18:53:08,2026-05-09 16:31:00,Priest,0,
Priest Rapids Tailrace STH,1,G726598D6,2026-05-06 18:53:08,2026-05-09 16:31:00,Lower Ringold,1,2026-05-10 06:37:18
Priest Rapids Tailrace STH,3,G72682590,2026-05-08 20:42:33,2026-05-10 16:20:00,Priest,0,
Priest Rapids Tailrace STH,3,G72682590,2026-05-08 20:42:33,2026-05-10 16:20:00,Lower Ringold,1,2026-05-11 03:51:00
Priest Rapids Tailrace STH,3,G72683F73,2026-05-21 19:54:06,2026-05-24 16:18:00,Priest,0,
Priest Rapids Tailrace STH,3,G72683F73,2026-05-21 19:54:06,2026-05-24 16:18:00,Lower Ringold,1,2026-05-25 16:44:11
Priest Rapids Tailrace STH,3,G72684617,2026-05-02 18:51:06,2026-05-04 16:25:00,Priest,0,
Priest Rapids Tailrace STH,3,G72684617,2026-05-02 18:51:06,2026-05-04 16:25:00,Lower Ringold,1,2026-05-05 09:10:09
Priest Rapids Tailrace STH,3,G72685895,2026-04-29 16:47:45,2026-05-01 16:26:00,Priest,0,
Priest Rapids Tailrace STH,3,G72685895,2026-04-29 16:47:45,2026-05-01 16:26:00,Lower Ringold,1,2026-05-04 04:47:39
Priest Rapids Tailrace STH,3,G72685CF4,2026-05-08 16:58:05,2026-05-10 16:20:00,Priest,0,
Priest Rapids Tailrace STH,3,G72685CF4,2026-05-08 16:58:05,2026-05-10 16:20:00,Lower Ringold,1,2026-05-11 06:11:26
Priest Rapids Tailrace STH,3,G72686A97,2026-05-03 18:20:39,2026-05-05 17:13:00,Priest,0,
Priest Rapids Tailrace STH,3,G72686A97,2026-05-03 18:20:39,2026-05-05 17:13:00,Lower Ringold,1,2026-05-06 07:38:07
Priest Rapids Tailrace STH,3,G72687415,2026-05-05 17:02:47,2026-05-07 16:28:00,Priest,0,
Priest Rapids Tailrace STH,3,G72687415,2026-05-05 17:02:47,2026-05-07 16:28:00,Lower Ringold,1,2026-05-10 20:59:18
Priest Rapids Tailrace STH,3,G7268853F,2026-05-20 18:56:04,2026-05-22 16:26:00,Priest,0,
Priest Rapids Tailrace STH,3,G7268853F,2026-05-20 18:56:04,2026-05-22 16:26:00,Lower Ringold,1,2026-05-23 05:03:26
Priest Rapids Tailrace STH,3,G7268909D,2026-05-16 15:33:51,2026-05-18 17:15:00,Priest,0,
Priest Rapids Tailrace STH,3,G7268909D,2026-05-16 15:33:51,2026-05-18 17:15:00,Lower Ringold,1,2026-05-19 16:43:41
Priest Rapids Tailrace STH,3,G726902F4,2026-05-04 18:08:13,2026-05-06 16:47:00,Priest,0,
Priest Rapids Tailrace STH,3,G726902F4,2026-05-04 18:08:13,2026-05-06 16:47:00,Lower Ringold,1,2026-05-08 01:02:28
Priest Rapids Tailrace STH,2,G72693A88,2026-05-16 15:32:56,2026-05-18 17:15:00,Priest,0,
Priest Rapids Tailrace STH,2,G72693A88,2026-05-16 15:32:56,2026-05-18 17:15:00,Lower Ringold,1,2026-05-20 04:00:17
Priest Rapids Tailrace STH,2,G72694B2E,2026-05-10 17:58:47,2026-05-12 16:15:00,Priest,0,
Priest Rapids Tailrace STH,2,G72694B2E,2026-05-10 17:58:47,2026-05-12 16:15:00,Lower Ringold,0,
Priest Rapids Tailrace STH,2,G72695AED,2026-05-03 19:46:59,2026-05-05 17:13:00,Priest,0,
Priest Rapids Tailrace STH,2,G72695AED,2026-05-03 19:46:59,2026-05-05 17:13:00,Lower Ringold,0,
Priest Rapids Tailrace STH,2,G7269792C,2026-05-12 17:19:49,2026-05-15 17:05:00,Priest,0,
Priest Rapids Tailrace STH,2,G7269792C,2026-05-12 17:19:49,2026-05-15 17:05:00,Lower Ringold,1,2026-05-16 05:16:12
Priest Rapids Tailrace STH,2,G72698619,2026-05-04 19:18:19,2026-05-06 16:47:00,Priest,0,
Priest Rapids Tailrace STH,2,G72698619,2026-05-04 19:18:19,2026-05-06 16:47:00,Lower Ringold,1,2026-05-07 05:04:42
Priest Rapids Tailrace STH,2,G7269AD1A,2026-05-09 17:27:08,2026-05-11 16:32:00,Priest,0,
Priest Rapids Tailrace STH,2,G7269AD1A,2026-05-09 17:27:08,2026-05-11 16:32:00,Lower Ringold,1,2026-05-12 04:55:33
Priest Rapids Tailrace STH,2,G7269AFA6,2026-05-15 17:21:22,2026-05-17 16:25:00,Priest,0,
Priest Rapids Tailrace STH,2,G7269AFA6,2026-05-15 17:21:22,2026-05-17 16:25:00,Lower Ringold,1,2026-05-18 07:07:13
Priest Rapids Tailrace STH,2,G7269B545,2026-05-17 20:01:20,2026-05-19 15:26:00,Priest,0,
Priest Rapids Tailrace STH,2,G7269B545,2026-05-17 20:01:20,2026-05-19 15:26:00,Lower Ringold,1,2026-05-20 05:48:25
Priest Rapids Tailrace STH,2,G7269CC21,2026-05-14 19:08:47,2026-05-16 16:35:00,Priest,0,
Priest Rapids Tailrace STH,2,G7269CC21,2026-05-14 19:08:47,2026-05-16 16:35:00,Lower Ringold,0,
Priest Rapids Tailrace STH,2,G7269DF5E,2026-05-11 17:08:24,2026-05-14 16:30:00,Priest,0,
Priest Rapids Tailrace STH,2,G7269DF5E,2026-05-11 17:08:24,2026-05-14 16:30:00,Lower Ringold,1,2026-05-16 18:55:03
Priest Rapids Tailrace STH,2,G7269E1FF,2026-05-09 18:47:50,2026-05-11 16:32:00,Priest,0,
Priest Rapids Tailrace STH,2,G7269E1FF,2026-05-09 18:47:50,2026-05-11 16:32:00,Lower Ringold,1,2026-05-12 03:48:14
Priest Rapids Tailrace STH,2,G7269E343,2026-04-28 22:42:13,2026-04-30 16:19:00,Priest,0,
Priest Rapids Tailrace STH,2,G7269E343,2026-04-28 22:42:13,2026-04-30 16:19:00,Lower Ringold,1,2026-05-01 06:48:36
Priest Rapids Tailrace STH,2,G7269EB81,2026-04-28 19:33:14,2026-04-30 16:19:00,Priest,0,
Priest Rapids Tailrace STH,2,G7269EB81,2026-04-28 19:33:14,2026-04-30 16:19:00,Lower Ringold,0,
Priest Rapids Tailrace STH,2,G726A0DE0,2026-05-05 18:08:14,2026-05-07 16:28:00,Priest,0,
Priest Rapids Tailrace STH,2,G726A0DE0,2026-05-05 18:08:14,2026-05-07 16:28:00,Lower Ringold,1,2026-05-20 08:16:25
Priest Rapids Tailrace STH,2,G726A66A5,2026-05-06 18:54:25,2026-05-09 16:31:00,Priest,0,
Priest Rapids Tailrace STH,2,G726A66A5,2026-05-06 18:54:25,2026-05-09 16:31:00,Lower Ringold,1,2026-05-10 05:56:47
Priest Rapids Tailrace STH,2,G726A6B58,2026-04-28 22:40:31,2026-04-30 16:19:00,Priest,0,
Priest Rapids Tailrace STH,2,G726A6B58,2026-04-28 22:40:31,2026-04-30 16:19:00,Lower Ringold,1,2026-05-01 03:26:10
Priest Rapids Tailrace STH,2,G726A7259,2026-05-12 18:48:41,2026-05-15 17:05:00,Priest,0,
Priest Rapids Tailrace STH,2,G726A7259,2026-05-12 18:48:41,2026-05-15 17:05:00,Lower Ringold,1,2026-05-16 04:34:38
Priest Rapids Tailrace STH,2,G726A8AEF,2026-05-21 19:44:15,2026-05-23 17:10:00,Priest,0,
Priest Rapids Tailrace STH,2,G726A8AEF,2026-05-21 19:44:15,2026-05-23 17:10:00,Lower Ringold,1,2026-05-24 04:14:29
Priest Rapids Tailrace STH,2,G726A8C32,2026-05-03 19:43:56,2026-05-05 17:13:00,Priest,0,
Priest Rapids Tailrace STH,2,G726A8C32,2026-05-03 19:43:56,2026-05-05 17:13:00,Lower Ringold,1,2026-05-06 04:23:35
Priest Rapids Tailrace STH,2,G726AC754,2026-04-23 21:28:35,2026-04-25 16:05:00,Priest,0,
Priest Rapids Tailrace STH,2,G726AC754,2026-04-23 21:28:35,2026-04-25 16:05:00,Lower Ringold,1,2026-04-26 08:20:20
Priest Rapids Tailrace STH,2,G726ACAA9,2026-05-09 17:06:42,2026-05-11 16:32:00,Priest,0,
Priest Rapids Tailrace STH,2,G726ACAA9,2026-05-09 17:06:42,2026-05-11 16:32:00,Lower Ringold,1,2026-05-12 12:38:08
Priest Rapids Tailrace STH,2,G726B0945,2026-05-09 18:49:22,2026-05-11 16:32:00,Priest,0,
Priest Rapids Tailrace STH,2,G726B0945,2026-05-09 18:49:22,2026-05-11 16:32:00,Lower Ringold,0,
Priest Rapids Tailrace STH,2,G726B1044,2026-04-28 22:30:23,2026-04-30 16:19:00,Priest,0,
Priest Rapids Tailrace STH,2,G726B1044,2026-04-28 22:30:23,2026-04-30 16:19:00,Lower Ringold,1,2026-05-01 07:44:27
Priest Rapids Tailrace STH,2,G726B20FA,2026-05-11 17:55:08,2026-05-14 16:30:00,Priest,0,
Priest Rapids Tailrace STH,2,G726B20FA,2026-05-11 17:55:08,2026-05-14 16:30:00,Lower Ringold,1,2026-05-15 09:39:50
Priest Rapids Tailrace STH,3,G726B6B9C,2026-05-06 18:07:28,2026-05-09 16:31:00,Priest,0,
Priest Rapids Tailrace STH,3,G726B6B9C,2026-05-06 18:07:28,2026-05-09 16:31:00,Lower Ringold,1,2026-05-10 18:43:17
Priest Rapids Tailrace STH,3,G726B8E4A,2026-05-21 19:24:59,2026-05-23 17:10:00,Priest,0,
Priest Rapids Tailrace STH,3,G726B8E4A,2026-05-21 19:24:59,2026-05-23 17:10:00,Lower Ringold,1,2026-05-25 03:35:25
Priest Rapids Tailrace STH,3,G726B9D35,2026-05-21 19:43:18,2026-05-23 17:10:00,Priest,0,
Priest Rapids Tailrace STH,3,G726B9D35,2026-05-21 19:43:18,2026-05-23 17:10:00,Lower Ringold,0,
Priest Rapids Tailrace STH,3,G726BAB56,2026-05-10 17:38:22,2026-05-12 16:15:00,Priest,0,
Priest Rapids Tailrace STH,3,G726BAB56,2026-05-10 17:38:22,2026-05-12 16:15:00,Lower Ringold,1,2026-05-13 03:57:38
Priest Rapids Tailrace STH,3,G726BDFCF,2026-05-14 19:21:42,2026-05-16 16:35:00,Priest,0,
Priest Rapids Tailrace STH,3,G726BDFCF,2026-05-14 19:21:42,2026-05-16 16:35:00,Lower Ringold,1,2026-05-17 05:27:45
Priest Rapids Tailrace STH,3,G726BE50F,2026-05-10 17:56:45,2026-05-12 16:15:00,Priest,0,
Priest Rapids Tailrace STH,3,G726BE50F,2026-05-10 17:56:45,2026-05-12 16:15:00,Lower Ringold,1,2026-05-17 08:36:04
Priest Rapids Tailrace STH,2,G726C5D91,2026-05-05 18:23:14,2026-05-07 16:28:00,Priest,0,
Priest Rapids Tailrace STH,2,G726C5D91,2026-05-05 18:23:14,2026-05-07 16:28:00,Lower Ringold,0,
Priest Rapids Tailrace STH,2,G726C5E73,2026-05-14 17:29:46,2026-05-16 16:35:00,Priest,0,
Priest Rapids Tailrace STH,2,G726C5E73,2026-05-14 17:29:46,2026-05-16 16:35:00,Lower Ringold,1,2026-05-17 16:32:33
Priest Rapids Tailrace STH,3,G726CB1DB,2026-04-28 19:38:55,2026-04-30 16:19:00,Priest,0,
Priest Rapids Tailrace STH,3,G726CB1DB,2026-04-28 19:38:55,2026-04-30 16:19:00,Lower Ringold,1,2026-05-01 04:28:06
Priest Rapids Tailrace STH,3,G726CB239,2026-05-03 18:47:19,2026-05-05 17:13:00,Priest,0,
Priest Rapids Tailrace STH,3,G726CB239,2026-05-03 18:47:19,2026-05-05 17:13:00,Lower Ringold,1,2026-05-06 05:47:34
Priest Rapids Tailrace STH,3,G726D2E4F,2026-05-08 21:00:43,2026-05-10 16:20:00,Priest,0,
Priest Rapids Tailrace STH,3,G726D2E4F,2026-05-08 21:00:43,2026-05-10 16:20:00,Lower Ringold,1,2026-05-11 04:43:43
Priest Rapids Tailrace STH,3,G726D332F,2026-05-16 16:37:37,2026-05-18 17:15:00,Priest,0,
Priest Rapids Tailrace STH,3,G726D332F,2026-05-16 16:37:37,2026-05-18 17:15:00,Lower Ringold,1,2026-05-19 07:57:15
Priest Rapids Tailrace STH,3,G726D35F2,2026-05-06 19:21:20,2026-05-09 16:31:00,Priest,0,
Priest Rapids Tailrace STH,3,G726D35F2,2026-05-06 19:21:20,2026-05-09 16:31:00,Lower Ringold,1,2026-05-10 05:10:58
Priest Rapids Tailrace STH,3,G726D3F8C,2026-04-25 18:15:59,2026-04-27 16:25:00,Priest,0,
Priest Rapids Tailrace STH,3,G726D3F8C,2026-04-25 18:15:59,2026-04-27 16:25:00,Lower Ringold,1,2026-04-28 08:13:10
Priest Rapids Tailrace STH,2,G726D4DC8,2026-04-25 18:30:11,2026-04-27 16:25:00,Priest,0,
Priest Rapids Tailrace STH,2,G726D4DC8,2026-04-25 18:30:11,2026-04-27 16:25:00,Lower Ringold,1,2026-04-29 02:42:54
Priest Rapids Tailrace STH,2,G726D54C9,2026-05-11 17:49:13,2026-05-14 16:30:00,Priest,0,
Priest Rapids Tailrace STH,2,G726D54C9,2026-05-11 17:49:13,2026-05-14 16:30:00,Lower Ringold,0,
Priest Rapids Tailrace STH,2,G726DC205,2026-05-10 16:35:43,2026-05-12 16:15:00,Priest,0,
Priest Rapids Tailrace STH,2,G726DC205,2026-05-10 16:35:43,2026-05-12 16:15:00,Lower Ringold,1,2026-05-13 10:32:57
Priest Rapids Tailrace STH,2,G726DEBBA,2026-05-19 19:27:38,2026-05-21 16:17:00,Priest,0,
Priest Rapids Tailrace STH,2,G726DEBBA,2026-05-19 19:27:38,2026-05-21 16:17:00,Lower Ringold,1,2026-05-22 04:19:50
Priest Rapids Tailrace STH,2,G726E1207,2026-05-12 19:02:46,2026-05-15 17:05:00,Priest,0,
Priest Rapids Tailrace STH,2,G726E1207,2026-05-12 19:02:46,2026-05-15 17:05:00,Lower Ringold,0,
Priest Rapids Tailrace STH,2,G726E46BD,2026-05-10 16:46:51,2026-05-12 16:15:00,Priest,0,
Priest Rapids Tailrace STH,2,G726E46BD,2026-05-10 16:46:51,2026-05-12 16:15:00,Lower Ringold,0,
Priest Rapids Tailrace STH,2,G726E47E3,2026-04-27 18:49:02,2026-04-29 16:07:00,Priest,0,
Priest Rapids Tailrace STH,2,G726E47E3,2026-04-27 18:49:02,2026-04-29 16:07:00,Lower Ringold,1,2026-04-30 05:04:40
Priest Rapids Tailrace STH,2,G726E69DF,2026-04-28 19:26:55,2026-04-30 16:19:00,Priest,0,
Priest Rapids Tailrace STH,2,G726E69DF,2026-04-28 19:26:55,2026-04-30 16:19:00,Lower Ringold,1,2026-05-01 08:18:26
Priest Rapids Tailrace STH,2,G726E7262,2026-04-29 17:51:35,2026-05-01 16:26:00,Priest,0,
Priest Rapids Tailrace STH,2,G726E7262,2026-04-29 17:51:35,2026-05-01 16:26:00,Lower Ringold,1,2026-05-02 02:55:11
Priest Rapids Tailrace STH,2,G726E8936,2026-04-29 17:39:30,2026-05-01 16:26:00,Priest,0,
Priest Rapids Tailrace STH,2,G726E8936,2026-04-29 17:39:30,2026-05-01 16:26:00,Lower Ringold,1,2026-05-02 04:02:17
Priest Rapids Tailrace STH,2,G726EB014,2026-05-02 19:02:14,2026-05-04 16:25:00,Priest,0,
Priest Rapids Tailrace STH,2,G726EB014,2026-05-02 19:02:14,2026-05-04 16:25:00,Lower Ringold,0,
Priest Rapids Tailrace STH,2,G726EFDAF,2026-05-03 18:36:07,2026-05-05 17:13:00,Priest,0,
Priest Rapids Tailrace STH,2,G726EFDAF,2026-05-03 18:36:07,2026-05-05 17:13:00,Lower Ringold,1,2026-05-06 09:48:03
Priest Rapids Tailrace STH,2,G726F0D1F,2026-05-08 20:46:14,2026-05-10 16:20:00,Priest,0,
Priest Rapids Tailrace STH,2,G726F0D1F,2026-05-08 20:46:14,2026-05-10 16:20:00,Lower Ringold,1,2026-05-11 22:04:17
Priest Rapids Tailrace STH,2,G726F19E3,2026-04-23 21:27:21,2026-04-25 16:05:00,Priest,0,
Priest Rapids Tailrace STH,2,G726F19E3,2026-04-23 21:27:21,2026-04-25 16:05:00,Lower Ringold,1,2026-04-26 05:14:47
Priest Rapids Tailrace STH,2,G726F343D,2026-05-15 17:17:03,2026-05-17 16:25:00,Priest,0,
Priest Rapids Tailrace STH,2,G726F343D,2026-05-15 17:17:03,2026-05-17 16:25:00,Lower Ringold,1,2026-05-18 02:58:32
Priest Rapids Tailrace STH,2,G726F4ADA,2026-04-30 16:39:26,2026-05-02 16:36:00,Priest,0,
Priest Rapids Tailrace STH,2,G726F4ADA,2026-04-30 16:39:26,2026-05-02 16:36:00,Lower Ringold,1,2026-05-03 11:08:44
Priest Rapids Tailrace STH,2,G726F56E4,2026-05-14 17:36:57,2026-05-16 16:35:00,Priest,0,
Priest Rapids Tailrace STH,2,G726F56E4,2026-05-14 17:36:57,2026-05-16 16:35:00,Lower Ringold,1,2026-05-18 09:27:38
Priest Rapids Tailrace STH,2,G726F6087,2026-05-15 17:24:25,2026-05-17 16:25:00,Priest,0,
Priest Rapids Tailrace STH,2,G726F6087,2026-05-15 17:24:25,2026-05-17 16:25:00,Lower Ringold,0,
Priest Rapids Tailrace STH,2,G726F9D0E,2026-04-29 16:59:41,2026-05-01 16:26:00,Priest,0,
Priest Rapids Tailrace STH,2,G726F9D0E,2026-04-29 16:59:41,2026-05-01 16:26:00,Lower Ringold,1,2026-05-02 11:17:50
Priest Rapids Tailrace STH,2,G726FA3AF,2026-05-07 17:18:02,2026-05-09 16:31:00,Priest,0,
Priest Rapids Tailrace STH,2,G726FA3AF,2026-05-07 17:18:02,2026-05-09 16:31:00,Lower Ringold,1,2026-05-10 19:09:43
Priest Rapids Tailrace STH,2,G726FB753,2026-05-11 18:05:39,2026-05-14 16:30:00,Priest,0,
Priest Rapids Tailrace STH,2,G726FB753,2026-05-11 18:05:39,2026-05-14 16:30:00,Lower Ringold,1,2026-05-15 09:25:45
Priest Rapids Tailrace STH,2,G726FBF91,2026-05-04 17:48:22,2026-05-06 16:47:00,Priest,0,
Priest Rapids Tailrace STH,2,G726FBF91,2026-05-04 17:48:22,2026-05-06 16:47:00,Lower Ringold,0,
Priest Rapids Tailrace STH,2,G726FD929,2026-04-28 19:40:25,2026-04-30 16:19:00,Priest,0,
Priest Rapids Tailrace STH,2,G726FD929,2026-04-28 19:40:25,2026-04-30 16:19:00,Lower Ringold,1,2026-05-01 06:52:14
Priest Rapids Tailrace STH,2,G726FFBB6,2026-05-02 17:46:50,2026-05-04 16:25:00,Priest,0,
Priest Rapids Tailrace STH,2,G726FFBB6,2026-05-02 17:46:50,2026-05-04 16:25:00,Lower Ringold,1,2026-05-05 08:26:53
Priest Rapids Tailrace STH,2,G72705C6E,2026-05-09 18:31:12,2026-05-11 16:32:00,Priest,0,
Priest Rapids Tailrace STH,2,G72705C6E,2026-05-09 18:31:12,2026-05-11 16:32:00,Lower Ringold,1,2026-05-12 03:59:30
Priest Rapids Tailrace STH,2,G72707BCE,2026-05-09 17:33:47,2026-05-11 16:32:00,Priest,0,
Priest Rapids Tailrace STH,2,G72707BCE,2026-05-09 17:33:47,2026-05-11 16:32:00,Lower Ringold,0,
Priest Rapids Tailrace STH,2,G7270A73A,2026-05-02 19:03:51,2026-05-04 16:25:00,Priest,0,
Priest Rapids Tailrace STH,2,G7270A73A,2026-05-02 19:03:51,2026-05-04 16:25:00,Lower Ringold,1,2026-05-05 05:25:37
Priest Rapids Tailrace STH,2,G72710ECD,2026-05-08 16:57:31,2026-05-10 16:20:00,Priest,0,
Priest Rapids Tailrace STH,2,G72710ECD,2026-05-08 16:57:31,2026-05-10 16:20:00,Lower Ringold,1,2026-05-11 18:20:05
Priest Rapids Tailrace STH,2,G727117CC,2026-05-09 18:41:45,2026-05-11 16:32:00,Priest,0,
Priest Rapids Tailrace STH,2,G727117CC,2026-05-09 18:41:45,2026-05-11 16:32:00,Lower Ringold,1,2026-05-12 03:47:14
Priest Rapids Tailrace STH,2,G72713553,2026-05-05 16:42:17,2026-05-07 16:28:00,Priest,0,
Priest Rapids Tailrace STH,2,G72713553,2026-05-05 16:42:17,2026-05-07 16:28:00,Lower Ringold,1,2026-05-08 08:59:57
Priest Rapids Tailrace STH,1,G72713E73,2026-05-05 17:11:50,2026-05-07 16:28:00,Priest,0,
Priest Rapids Tailrace STH,1,G72713E73,2026-05-05 17:11:50,2026-05-07 16:28:00,Lower Ringold,1,2026-05-08 06:11:31
Priest Rapids Tailrace STH,1,G72715DF4,2026-04-27 18:59:18,2026-04-29 16:07:00,Priest,0,
Priest Rapids Tailrace STH,1,G72715DF4,2026-04-27 18:59:18,2026-04-29 16:07:00,Lower Ringold,1,2026-04-30 15:19:48
Priest Rapids Tailrace STH,1,G7271805E,2026-04-25 18:24:07,2026-04-27 16:25:00,Priest,0,
Priest Rapids Tailrace STH,1,G7271805E,2026-04-25 18:24:07,2026-04-27 16:25:00,Lower Ringold,0,
Priest Rapids Tailrace STH,1,G7271961E,2026-05-05 18:29:41,2026-05-07 16:28:00,Priest,0,
Priest Rapids Tailrace STH,1,G7271961E,2026-05-05 18:29:41,2026-05-07 16:28:00,Lower Ringold,1,2026-05-10 04:15:22
Priest Rapids Tailrace STH,1,G7271C146,2026-05-20 19:02:28,2026-05-22 16:26:00,Priest,0,
Priest Rapids Tailrace STH,1,G7271C146,2026-05-20 19:02:28,2026-05-22 16:26:00,Lower Ringold,1,2026-05-24 10:37:45
Priest Rapids Tailrace STH,1,G7271DC26,2026-04-29 17:00:39,2026-05-01 16:26:00,Priest,0,
Priest Rapids Tailrace STH,1,G7271DC26,2026-04-29 17:00:39,2026-05-01 16:26:00,Lower Ringold,1,2026-05-02 06:03:13
Priest Rapids Tailrace STH,1,G72724F80,2026-05-05 16:40:04,2026-05-07 16:28:00,Priest,0,
Priest Rapids Tailrace STH,1,G72724F80,2026-05-05 16:40:04,2026-05-07 16:28:00,Lower Ringold,0,
Priest Rapids Tailrace STH,1,G72729715,2026-05-04 19:15:40,2026-05-06 16:47:00,Priest,0,
Priest Rapids Tailrace STH,1,G72729715,2026-05-04 19:15:40,2026-05-06 16:47:00,Lower Ringold,1,2026-05-07 08:01:40
Priest Rapids Tailrace STH,1,G7272AC8B,2026-05-21 19:46:58,2026-05-23 17:10:00,Priest,0,
Priest Rapids Tailrace STH,1,G7272AC8B,2026-05-21 19:46:58,2026-05-23 17:10:00,Lower Ringold,0,
Priest Rapids Tailrace STH,1,G7272C42C,2026-05-14 19:06:49,2026-05-16 16:35:00,Priest,0,
Priest Rapids Tailrace STH,1,G7272C42C,2026-05-14 19:06:49,2026-05-16 16:35:00,Lower Ringold,1,2026-05-17 07:38:55
Priest Rapids Tailrace STH,1,G7272DAAE,2026-05-22 20:20:48,2026-05-24 16:18:00,Priest,0,
Priest Rapids Tailrace STH,1,G7272DAAE,2026-05-22 20:20:48,2026-05-24 16:18:00,Lower Ringold,1,2026-05-29 01:41:18
Priest Rapids Tailrace STH,1,G72730043,2026-05-16 16:31:37,2026-05-18 17:15:00,Priest,0,
Priest Rapids Tailrace STH,1,G72730043,2026-05-16 16:31:37,2026-05-18 17:15:00,Lower Ringold,1,2026-05-20 14:42:16
Priest Rapids Tailrace STH,1,G727314BF,2026-05-09 17:28:23,2026-05-11 16:32:00,Priest,0,
Priest Rapids Tailrace STH,1,G727314BF,2026-05-09 17:28:23,2026-05-11 16:32:00,Lower Ringold,0,
Priest Rapids Tailrace STH,1,G72731F9F,2026-04-29 16:54:36,2026-05-01 16:26:00,Priest,0,
Priest Rapids Tailrace STH,1,G72731F9F,2026-04-29 16:54:36,2026-05-01 16:26:00,Lower Ringold,1,2026-05-02 09:18:06
Priest Rapids Tailrace STH,1,G727329FC,2026-05-11 17:58:26,2026-05-14 16:30:00,Priest,0,
Priest Rapids Tailrace STH,1,G727329FC,2026-05-11 17:58:26,2026-05-14 16:30:00,Lower Ringold,1,2026-05-15 06:10:55
Priest Rapids Tailrace STH,1,G72737666,2026-05-06 19:11:37,2026-05-09 16:31:00,Priest,0,
Priest Rapids Tailrace STH,1,G72737666,2026-05-06 19:11:37,2026-05-09 16:31:00,Lower Ringold,1,2026-05-10 13:32:27
Priest Rapids Tailrace STH,1,G7273FB17,2026-05-08 20:50:13,2026-05-10 16:20:00,Priest,0,
Priest Rapids Tailrace STH,1,G7273FB17,2026-05-08 20:50:13,2026-05-10 16:20:00,Lower Ringold,1,2026-05-11 06:55:04
Priest Rapids Tailrace STH,1,G7273FF76,2026-05-12 18:45:09,2026-05-15 17:05:00,Priest,0,
Priest Rapids Tailrace STH,1,G7273FF76,2026-05-12 18:45:09,2026-05-15 17:05:00,Lower Ringold,1,2026-05-16 23:17:42
Priest Rapids Tailrace STH,1,G72740C8E,2026-05-02 19:00:05,2026-05-04 16:25:00,Priest,0,
Priest Rapids Tailrace STH,1,G72740C8E,2026-05-02 19:00:05,2026-05-04 16:25:00,Lower Ringold,1,2026-05-05 04:16:56
Priest Rapids Tailrace STH,3,G72747608,2026-05-15 16:18:09,2026-05-17 16:25:00,Priest,0,
Priest Rapids Tailrace STH,3,G72747608,2026-05-15 16:18:09,2026-05-17 16:25:00,Lower Ringold,1,2026-05-18 16:49:17
Priest Rapids Tailrace STH,3,G7274EABA,2026-05-06 18:01:33,2026-05-09 16:31:00,Priest,0,
Priest Rapids Tailrace STH,3,G7274EABA,2026-05-06 18:01:33,2026-05-09 16:31:00,Lower Ringold,1,2026-05-10 05:39:53
Priest Rapids Tailrace STH,3,G727512C8,2026-05-11 18:07:39,2026-05-14 16:30:00,Priest,0,
Priest Rapids Tailrace STH,3,G727512C8,2026-05-11 18:07:39,2026-05-14 16:30:00,Lower Ringold,1,2026-05-17 10:16:27
Priest Rapids Tailrace STH,3,G727588A7,2026-05-10 16:40:30,2026-05-12 16:15:00,Priest,0,
Priest Rapids Tailrace STH,3,G727588A7,2026-05-10 16:40:30,2026-05-12 16:15:00,Lower Ringold,1,2026-05-14 10:31:21
Priest Rapids Tailrace STH,3,G7275BBFB,2026-05-07 17:12:23,2026-05-09 16:31:00,Priest,0,
Priest Rapids Tailrace STH,3,G7275BBFB,2026-05-07 17:12:23,2026-05-09 16:31:00,Lower Ringold,0,
Priest Rapids Tailrace STH,3,G7275C023,2026-05-07 18:14:04,2026-05-09 16:31:00,Priest,0,
Priest Rapids Tailrace STH,3,G7275C023,2026-05-07 18:14:04,2026-05-09 16:31:00,Lower Ringold,1,2026-05-10 05:15:16
Priest Rapids Tailrace STH,3,G7275C9BF,2026-05-15 17:28:57,2026-05-17 16:25:00,Priest,0,
Priest Rapids Tailrace STH,3,G7275C9BF,2026-05-15 17:28:57,2026-05-17 16:25:00,Lower Ringold,1,2026-05-18 03:59:30
Priest Rapids Tailrace STH,3,G7275E15E,2026-05-10 17:50:36,2026-05-12 16:15:00,Priest,0,
Priest Rapids Tailrace STH,3,G7275E15E,2026-05-10 17:50:36,2026-05-12 16:15:00,Lower Ringold,1,2026-05-13 05:43:17
Priest Rapids Tailrace STH,3,G7275F901,2026-05-20 18:43:40,2026-05-22 16:26:00,Priest,0,
Priest Rapids Tailrace STH,3,G7275F901,2026-05-20 18:43:40,2026-05-22 16:26:00,Lower Ringold,0,
Priest Rapids Tailrace STH,3,G72764838,2026-05-16 16:36:35,2026-05-18 17:15:00,Priest,0,
Priest Rapids Tailrace STH,3,G72764838,2026-05-16 16:36:35,2026-05-18 17:15:00,Lower Ringold,1,2026-05-19 08:56:41
Priest Rapids Tailrace STH,3,G72766F98,2026-05-04 18:09:16,2026-05-06 16:47:00,Priest,0,
Priest Rapids Tailrace STH,3,G72766F98,2026-05-04 18:09:16,2026-05-06 16:47:00,Lower Ringold,1,2026-05-07 06:10:13
Priest Rapids Tailrace STH,1,G7276B4EF,2026-05-11 17:25:42,2026-05-14 16:30:00,Priest,0,
Priest Rapids Tailrace STH,1,G7276B4EF,2026-05-11 17:25:42,2026-05-14 16:30:00,Lower Ringold,0,
Priest Rapids Tailrace STH,1,G7276C8B4,2026-04-24 21:18:13,2026-04-26 16:25:00,Priest,0,
Priest Rapids Tailrace STH,1,G7276C8B4,2026-04-24 21:18:13,2026-04-26 16:25:00,Lower Ringold,1,2026-04-27 05:31:39
Priest Rapids Tailrace STH,1,G7276F196,2026-05-01 19:09:59,2026-05-04 16:25:00,Priest,0,
Priest Rapids Tailrace STH,1,G7276F196,2026-05-01 19:09:59,2026-05-04 16:25:00,Lower Ringold,1,2026-05-07 01:59:21
Priest Rapids Tailrace STH,1,G7276FF89,2026-05-11 18:08:35,2026-05-14 16:30:00,Priest,0,
Priest Rapids Tailrace STH,1,G7276FF89,2026-05-11 18:08:35,2026-05-14 16:30:00,Lower Ringold,1,2026-05-15 03:48:52
Priest Rapids Tailrace STH,1,G727709E4,2026-05-14 19:12:23,2026-05-16 16:35:00,Priest,0,
Priest Rapids Tailrace STH,1,G727709E4,2026-05-14 19:12:23,2026-05-16 16:35:00,Lower Ringold,0,
Priest Rapids Tailrace STH,1,G727715DA,2026-05-05 17:05:59,2026-05-07 16:28:00,Priest,0,
Priest Rapids Tailrace STH,1,G727715DA,2026-05-05 17:05:59,2026-05-07 16:28:00,Lower Ringold,1,2026-05-08 18:36:06
Priest Rapids Tailrace STH,1,G72776E02,2026-05-15 16:04:53,2026-05-17 16:25:00,Priest,0,
Priest Rapids Tailrace STH,1,G72776E02,2026-05-15 16:04:53,2026-05-17 16:25:00,Lower Ringold,0,
Priest Rapids Tailrace STH,1,G7277A60A,2026-05-14 17:36:32,2026-05-16 16:35:00,Priest,0,
Priest Rapids Tailrace STH,1,G7277A60A,2026-05-14 17:36:32,2026-05-16 16:35:00,Lower Ringold,1,2026-05-17 09:45:59
Priest Rapids Tailrace STH,1,G7277E5AE,2026-04-29 16:54:11,2026-05-01 16:26:00,Priest,0,
Priest Rapids Tailrace STH,1,G7277E5AE,2026-04-29 16:54:11,2026-05-01 16:26:00,Lower Ringold,0,
Priest Rapids Tailrace STH,3,G72785C18,2026-05-06 18:25:09,2026-05-09 16:31:00,Priest,0,
Priest Rapids Tailrace STH,3,G72785C18,2026-05-06 18:25:09,2026-05-09 16:31:00,Lower Ringold,0,
Priest Rapids Tailrace STH,2,G7278D456,2026-05-05 18:27:40,2026-05-07 16:28:00,Priest,0,
Priest Rapids Tailrace STH,2,G7278D456,2026-05-05 18:27:40,2026-05-07 16:28:00,Lower Ringold,1,2026-05-08 03:55:52
Priest Rapids Tailrace STH,2,G7278E915,2026-05-02 18:03:19,2026-05-04 16:25:00,Priest,0,
Priest Rapids Tailrace STH,2,G7278E915,2026-05-02 18:03:19,2026-05-04 16:25:00,Lower Ringold,1,2026-05-06 00:17:25
Priest Rapids Tailrace STH,2,G72794761,2026-05-08 20:56:38,2026-05-10 16:20:00,Priest,0,
Priest Rapids Tailrace STH,2,G72794761,2026-05-08 20:56:38,2026-05-10 16:20:00,Lower Ringold,1,2026-05-11 10:29:48
Priest Rapids Tailrace STH,2,G7279C38C,2026-04-24 21:25:39,2026-04-26 16:25:00,Priest,0,
Priest Rapids Tailrace STH,2,G7279C38C,2026-04-24 21:25:39,2026-04-26 16:25:00,Lower Ringold,1,2026-04-27 05:28:52
Priest Rapids Tailrace STH,1,G7279ECEE,2026-04-29 17:01:32,2026-05-01 16:26:00,Priest,0,
Priest Rapids Tailrace STH,1,G7279ECEE,2026-04-29 17:01:32,2026-05-01 16:26:00,Lower Ringold,1,2026-05-02 05:20:24
Priest Rapids Tailrace STH,1,G727A12D0,2026-04-27 18:47:08,2026-04-29 16:07:00,Priest,0,
Priest Rapids Tailrace STH,1,G727A12D0,2026-04-27 18:47:08,2026-04-29 16:07:00,Lower Ringold,0,
Priest Rapids Tailrace STH,2,G727A2AAC,2026-05-01 17:25:43,2026-05-03 16:31:00,Priest,0,
Priest Rapids Tailrace STH,2,G727A2AAC,2026-05-01 17:25:43,2026-05-03 16:31:00,Lower Ringold,1,2026-05-04 05:32:58
Priest Rapids Tailrace STH,1,G727A304F,2026-05-11 16:50:35,2026-05-14 16:30:00,Priest,0,
Priest Rapids Tailrace STH,1,G727A304F,2026-05-11 16:50:35,2026-05-14 16:30:00,Lower Ringold,1,2026-05-15 14:11:06
Priest Rapids Tailrace STH,2,G727A33AD,2026-05-01 17:18:24,2026-05-03 16:31:00,Priest,0,
Priest Rapids Tailrace STH,2,G727A33AD,2026-05-01 17:18:24,2026-05-03 16:31:00,Lower Ringold,1,2026-05-04 07:15:35
Priest Rapids Tailrace STH,2,G727A7E16,2026-05-12 16:45:20,2026-05-15 17:05:00,Priest,0,
Priest Rapids Tailrace STH,2,G727A7E16,2026-05-12 16:45:20,2026-05-15 17:05:00,Lower Ringold,1,2026-05-17 03:59:20
Priest Rapids Tailrace STH,2,G727A89E1,2026-05-04 17:56:59,2026-05-06 16:47:00,Priest,0,
Priest Rapids Tailrace STH,2,G727A89E1,2026-05-04 17:56:59,2026-05-06 16:47:00,Lower Ringold,1,2026-05-07 06:43:55
Priest Rapids Tailrace STH,2,G727AA2E2,2026-04-25 18:25:25,2026-04-27 16:25:00,Priest,0,
Priest Rapids Tailrace STH,2,G727AA2E2,2026-04-25 18:25:25,2026-04-27 16:25:00,Lower Ringold,1,2026-04-28 06:29:03
Priest Rapids Tailrace STH,2,G727AD4C7,2026-05-08 20:43:15,2026-05-10 16:20:00,Priest,0,
Priest Rapids Tailrace STH,2,G727AD4C7,2026-05-08 20:43:15,2026-05-10 16:20:00,Lower Ringold,1,2026-05-11 06:54:27
Priest Rapids Tailrace STH,2,G727B1EB7,2026-04-30 18:03:09,2026-05-02 16:36:00,Priest,0,
Priest Rapids Tailrace STH,2,G727B1EB7,2026-04-30 18:03:09,2026-05-02 16:36:00,Lower Ringold,1,2026-05-04 17:35:57
Priest Rapids Tailrace STH,2,G727B917A,2026-05-02 17:58:31,2026-05-04 16:25:00,Priest,0,
Priest Rapids Tailrace STH,2,G727B917A,2026-05-02 17:58:31,2026-05-04 16:25:00,Lower Ringold,1,2026-05-05 04:58:57
Priest Rapids Tailrace STH,1,G727BC31D,2026-05-12 16:40:49,2026-05-15 17:05:00,Priest,0,
Priest Rapids Tailrace STH,1,G727BC31D,2026-05-12 16:40:49,2026-05-15 17:05:00,Lower Ringold,1,2026-05-16 04:58:46
Priest Rapids Tailrace STH,2,G727BC83D,2026-05-16 15:27:58,2026-05-18 17:15:00,Priest,0,
Priest Rapids Tailrace STH,2,G727BC83D,2026-05-16 15:27:58,2026-05-18 17:15:00,Lower Ringold,0,
Priest Rapids Tailrace STH,2,G727BFE5E,2026-05-07 18:28:17,2026-05-09 16:31:00,Priest,0,
Priest Rapids Tailrace STH,2,G727BFE5E,2026-05-07 18:28:17,2026-05-09 16:31:00,Lower Ringold,0,
Priest Rapids Tailrace STH,2,G727C4A63,2026-04-26 18:13:09,2026-04-28 15:47:00,Priest,0,
Priest Rapids Tailrace STH,2,G727C4A63,2026-04-26 18:13:09,2026-04-28 15:47:00,Lower Ringold,1,2026-04-29 07:18:47
Priest Rapids Tailrace STH,2,G727C7720,2026-05-16 16:27:51,2026-05-18 17:15:00,Priest,0,
Priest Rapids Tailrace STH,2,G727C7720,2026-05-16 16:27:51,2026-05-18 17:15:00,Lower Ringold,1,2026-05-20 11:19:46
Priest Rapids Tailrace STH,2,G727C904A,2026-05-15 17:25:33,2026-05-17 16:25:00,Priest,0,
Priest Rapids Tailrace STH,2,G727C904A,2026-05-15 17:25:33,2026-05-17 16:25:00,Lower Ringold,1,2026-05-18 02:38:50
Priest Rapids Tailrace STH,2,G727CCBB1,2026-04-28 19:36:24,2026-04-30 16:19:00,Priest,0,
Priest Rapids Tailrace STH,2,G727CCBB1,2026-04-28 19:36:24,2026-04-30 16:19:00,Lower Ringold,1,2026-05-01 04:30:04
Priest Rapids Tailrace STH,2,G727F1093,2026-05-08 21:00:06,2026-05-10 16:20:00,Priest,0,
Priest Rapids Tailrace STH,2,G727F1093,2026-05-08 21:00:06,2026-05-10 16:20:00,Lower Ringold,1,2026-05-11 03:57:44
Priest Rapids Tailrace STH,2,G727F67E8,2026-05-04 18:08:53,2026-05-06 16:47:00,Priest,0,
Priest Rapids Tailrace STH,2,G727F67E8,2026-05-04 18:08:53,2026-05-06 16:47:00,Lower Ringold,1,2026-05-07 18:38:13
Priest Rapids Tailrace STH,3,G727FA722,2026-04-23 21:30:00,2026-04-25 16:05:00,Priest,0,
Priest Rapids Tailrace STH,3,G727FA722,2026-04-23 21:30:00,2026-04-25 16:05:00,Lower Ringold,1,2026-04-26 10:06:09
Priest Rapids Tailrace STH,3,G72800BAF,2026-05-04 19:02:13,2026-05-07 16:28:00,Priest,0,
Priest Rapids Tailrace STH,3,G72800BAF,2026-05-04 19:02:13,2026-05-07 16:28:00,Lower Ringold,0,
Priest Rapids Tailrace STH,3,G72802FED,2026-04-27 18:54:28,2026-04-29 16:07:00,Priest,0,
Priest Rapids Tailrace STH,3,G72802FED,2026-04-27 18:54:28,2026-04-29 16:07:00,Lower Ringold,1,2026-04-30 13:35:58
Priest Rapids Tailrace STH,3,G7280937C,2026-05-05 16:55:13,2026-05-07 16:28:00,Priest,0,
Priest Rapids Tailrace STH,3,G7280937C,2026-05-05 16:55:13,2026-05-07 16:28:00,Lower Ringold,0,
Priest Rapids Tailrace STH,3,G7280FEE4,2026-05-12 19:05:18,2026-05-15 17:05:00,Priest,0,
Priest Rapids Tailrace STH,3,G7280FEE4,2026-05-12 19:05:18,2026-05-15 17:05:00,Lower Ringold,1,2026-05-16 13:27:28
Priest Rapids Tailrace STH,1,G728192E6,2026-04-26 17:55:02,2026-04-28 15:47:00,Priest,0,
Priest Rapids Tailrace STH,1,G728192E6,2026-04-26 17:55:02,2026-04-28 15:47:00,Lower Ringold,1,2026-04-29 05:06:24
Priest Rapids Tailrace STH,2,G72819898,2026-04-25 18:35:06,2026-04-27 16:25:00,Priest,0,
Priest Rapids Tailrace STH,2,G72819898,2026-04-25 18:35:06,2026-04-27 16:25:00,Lower Ringold,1,2026-04-28 09:58:58
Priest Rapids Tailrace STH,1,G7281C1DF,2026-05-12 19:03:38,2026-05-15 17:05:00,Priest,0,
Priest Rapids Tailrace STH,1,G7281C1DF,2026-05-12 19:03:38,2026-05-15 17:05:00,Lower Ringold,1,2026-05-16 12:22:55
Priest Rapids Tailrace STH,2,G7281FDC2,2026-05-15 16:22:09,2026-05-17 16:25:00,Priest,0,
Priest Rapids Tailrace STH,2,G7281FDC2,2026-05-15 16:22:09,2026-05-17 16:25:00,Lower Ringold,1,2026-05-18 08:22:58
Priest Rapids Tailrace STH,1,G72821841,2026-04-26 18:01:13,2026-04-28 15:47:00,Priest,0,
Priest Rapids Tailrace STH,1,G72821841,2026-04-26 18:01:13,2026-04-28 15:47:00,Lower Ringold,1,2026-04-29 05:27:37
Priest Rapids Tailrace STH,2,G72824CFB,2026-04-29 17:50:45,2026-05-01 16:26:00,Priest,0,
Priest Rapids Tailrace STH,2,G72824CFB,2026-04-29 17:50:45,2026-05-01 16:26:00,Lower Ringold,0,
Priest Rapids Tailrace STH,3,G72826F3A,2026-04-24 21:20:27,2026-04-26 16:25:00,Priest,0,
Priest Rapids Tailrace STH,3,G72826F3A,2026-04-24 21:20:27,2026-04-26 16:25:00,Lower Ringold,1,2026-04-30 12:29:35
Priest Rapids Tailrace STH,3,G7282822E,2026-05-12 18:52:01,2026-05-15 17:05:00,Priest,0,
Priest Rapids Tailrace STH,3,G7282822E,2026-05-12 18:52:01,2026-05-15 17:05:00,Lower Ringold,1,2026-05-16 10:32:44
Priest Rapids Tailrace STH,3,G7282A58E,2026-05-05 16:41:11,2026-05-07 16:28:00,Priest,0,
Priest Rapids Tailrace STH,3,G7282A58E,2026-05-05 16:41:11,2026-05-07 16:28:00,Lower Ringold,1,2026-05-08 06:17:34
Priest Rapids Tailrace STH,3,G7282AEAE,2026-05-03 19:46:00,2026-05-05 17:13:00,Priest,0,
Priest Rapids Tailrace STH,3,G7282AEAE,2026-05-03 19:46:00,2026-05-05 17:13:00,Lower Ringold,1,2026-05-06 03:52:11
Priest Rapids Tailrace STH,3,G7282F06A,2026-05-11 17:48:35,2026-05-14 16:30:00,Priest,0,
Priest Rapids Tailrace STH,3,G7282F06A,2026-05-11 17:48:35,2026-05-14 16:30:00,Lower Ringold,1,2026-05-31 05:45:35
Priest Rapids Tailrace STH,3,G72838108,2026-05-16 16:39:33,2026-05-19 15:26:00,Priest,0,
Priest Rapids Tailrace STH,3,G72838108,2026-05-16 16:39:33,2026-05-19 15:26:00,Lower Ringold,1,2026-05-20 07:49:22
Priest Rapids Tailrace STH,2,G7283C98C,2026-05-12 18:46:55,2026-05-15 17:05:00,Priest,0,
Priest Rapids Tailrace STH,2,G7283C98C,2026-05-12 18:46:55,2026-05-15 17:05:00,Lower Ringold,1,2026-05-16 07:52:28
Priest Rapids Tailrace STH,2,G7283FC0D,2026-05-19 19:29:23,2026-05-21 16:17:00,Priest,0,
Priest Rapids Tailrace STH,2,G7283FC0D,2026-05-19 19:29:23,2026-05-21 16:17:00,Lower Ringold,1,2026-05-22 03:03:12
Priest Rapids Tailrace STH,1,G72840FF5,2026-05-18 19:50:12,2026-05-20 16:19:00,Priest,0,
Priest Rapids Tailrace STH,1,G72840FF5,2026-05-18 19:50:12,2026-05-20 16:19:00,Lower Ringold,1,2026-05-21 03:35:20
Priest Rapids Tailrace STH,2,G72843535,2026-05-11 17:04:17,2026-05-14 16:30:00,Priest,0,
Priest Rapids Tailrace STH,2,G72843535,2026-05-11 17:04:17,2026-05-14 16:30:00,Lower Ringold,1,2026-05-15 19:20:34
Priest Rapids Tailrace STH,2,G72843F4B,2026-05-21 19:32:32,2026-05-23 17:10:00,Priest,0,
Priest Rapids Tailrace STH,2,G72843F4B,2026-05-21 19:32:32,2026-05-23 17:10:00,Lower Ringold,1,2026-05-24 05:16:11
Priest Rapids Tailrace STH,1,G7284506F,2026-04-30 18:13:00,2026-05-02 16:36:00,Priest,0,
Priest Rapids Tailrace STH,1,G7284506F,2026-04-30 18:13:00,2026-05-02 16:36:00,Lower Ringold,1,2026-05-03 02:38:14
Priest Rapids Tailrace STH,2,G728464B0,2026-05-08 20:47:15,2026-05-10 16:20:00,Priest,0,
Priest Rapids Tailrace STH,2,G728464B0,2026-05-08 20:47:15,2026-05-10 16:20:00,Lower Ringold,0,
Priest Rapids Tailrace STH,2,G728465EE,2026-05-20 18:42:53,2026-05-22 16:26:00,Priest,0,
Priest Rapids Tailrace STH,2,G728465EE,2026-05-20 18:42:53,2026-05-22 16:26:00,Lower Ringold,0,
Priest Rapids Tailrace STH,2,G7284660C,2026-05-08 20:38:19,2026-05-10 16:20:00,Priest,0,
Priest Rapids Tailrace STH,2,G7284660C,2026-05-08 20:38:19,2026-05-10 16:20:00,Lower Ringold,1,2026-05-11 03:59:14
Priest Rapids Tailrace STH,1,G72846AAF,2026-05-12 16:52:57,2026-05-15 17:05:00,Priest,0,
Priest Rapids Tailrace STH,1,G72846AAF,2026-05-12 16:52:57,2026-05-15 17:05:00,Lower Ringold,1,2026-05-17 10:18:46
Priest Rapids Tailrace STH,2,G72849219,2026-04-30 17:02:03,2026-05-02 16:36:00,Priest,0,
Priest Rapids Tailrace STH,2,G72849219,2026-04-30 17:02:03,2026-05-02 16:36:00,Lower Ringold,1,2026-05-03 09:08:26
Priest Rapids Tailrace STH,1,G7284C8BC,2026-05-16 15:26:39,2026-05-18 17:15:00,Priest,0,
Priest Rapids Tailrace STH,1,G7284C8BC,2026-05-16 15:26:39,2026-05-18 17:15:00,Lower Ringold,1,2026-05-19 06:23:01
Priest Rapids Tailrace STH,1,G7284DEFC,2026-04-29 17:43:20,2026-05-01 16:26:00,Priest,0,
Priest Rapids Tailrace STH,1,G7284DEFC,2026-04-29 17:43:20,2026-05-01 16:26:00,Lower Ringold,1,2026-05-02 13:26:03
Priest Rapids Tailrace STH,1,G72852053,2026-05-01 18:51:46,2026-05-03 16:31:00,Priest,0,
Priest Rapids Tailrace STH,1,G72852053,2026-05-01 18:51:46,2026-05-03 16:31:00,Lower Ringold,1,2026-05-04 09:16:58
Priest Rapids Tailrace STH,2,G7285210D,2026-04-29 17:41:05,2026-05-01 16:26:00,Priest,0,
Priest Rapids Tailrace STH,2,G7285210D,2026-04-29 17:41:05,2026-05-01 16:26:00,Lower Ringold,1,2026-05-02 06:28:41
Priest Rapids Tailrace STH,1,G7285380C,2026-05-22 20:26:15,2026-05-24 16:18:00,Priest,0,
Priest Rapids Tailrace STH,1,G7285380C,2026-05-22 20:26:15,2026-05-24 16:18:00,Lower Ringold,0,
Priest Rapids Tailrace STH,2,G72853D33,2026-04-27 18:42:23,2026-04-29 16:07:00,Priest,0,
Priest Rapids Tailrace STH,2,G72853D33,2026-04-27 18:42:23,2026-04-29 16:07:00,Lower Ringold,1,2026-04-30 04:57:16
Priest Rapids Tailrace STH,2,G728550AB,2026-05-18 19:49:17,2026-05-20 16:19:00,Priest,0,
Priest Rapids Tailrace STH,2,G728550AB,2026-05-18 19:49:17,2026-05-20 16:19:00,Lower Ringold,0,
Priest Rapids Tailrace STH,1,G72858A82,2026-04-27 18:56:18,2026-04-29 16:07:00,Priest,0,
Priest Rapids Tailrace STH,1,G72858A82,2026-04-27 18:56:18,2026-04-29 16:07:00,Lower Ringold,1,2026-04-30 17:41:44
Priest Rapids Tailrace STH,2,G72859CC2,2026-04-23 21:30:00,2026-04-25 16:05:00,Priest,0,
Priest Rapids Tailrace STH,2,G72859CC2,2026-04-23 21:30:00,2026-04-25 16:05:00,Lower Ringold,1,2026-04-26 09:33:08
Priest Rapids Tailrace STH,1,G7285A943,2026-04-23 21:30:00,2026-04-25 16:05:00,Priest,0,
Priest Rapids Tailrace STH,1,G7285A943,2026-04-23 21:30:00,2026-04-25 16:05:00,Lower Ringold,1,2026-04-28 13:48:35
Priest Rapids Tailrace STH,2,G7285C926,2026-05-12 17:22:27,2026-05-15 17:05:00,Priest,0,
Priest Rapids Tailrace STH,2,G7285C926,2026-05-12 17:22:27,2026-05-15 17:05:00,Lower Ringold,1,2026-05-16 06:44:36
Priest Rapids Tailrace STH,1,G728603C7,2026-05-09 17:06:13,2026-05-11 16:32:00,Priest,0,
Priest Rapids Tailrace STH,1,G728603C7,2026-05-09 17:06:13,2026-05-11 16:32:00,Lower Ringold,1,2026-05-12 07:36:24
Priest Rapids Tailrace STH,3,G72863AE5,2026-05-04 17:47:25,2026-05-06 16:47:00,Priest,0,
Priest Rapids Tailrace STH,3,G72863AE5,2026-05-04 17:47:25,2026-05-06 16:47:00,Lower Ringold,1,2026-05-07 06:44:52
Priest Rapids Tailrace STH,3,G72866DBD,2026-05-03 18:19:38,2026-05-05 17:13:00,Priest,0,
Priest Rapids Tailrace STH,3,G72866DBD,2026-05-03 18:19:38,2026-05-05 17:13:00,Lower Ringold,1,2026-05-06 05:45:16
Priest Rapids Tailrace STH,3,G72867AA3,2026-05-01 18:54:08,2026-05-03 16:31:00,Priest,0,
Priest Rapids Tailrace STH,3,G72867AA3,2026-05-01 18:54:08,2026-05-03 16:31:00,Lower Ringold,1,2026-05-04 05:09:46
Priest Rapids Tailrace STH,3,G7286D8B0,2026-05-12 16:41:40,2026-05-15 17:05:00,Priest,0,
Priest Rapids Tailrace STH,3,G7286D8B0,2026-05-12 16:41:40,2026-05-15 17:05:00,Lower Ringold,0,
Priest Rapids Tailrace STH,3,G7286F051,2026-05-06 17:55:59,2026-05-09 16:31:00,Priest,0,
Priest Rapids Tailrace STH,3,G7286F051,2026-05-06 17:55:59,2026-05-09 16:31:00,Lower Ringold,1,2026-05-10 11:22:58
Priest Rapids Tailrace STH,3,G72874724,2026-05-16 15:30:35,2026-05-18 17:15:00,Priest,0,
Priest Rapids Tailrace STH,3,G72874724,2026-05-16 15:30:35,2026-05-18 17:15:00,Lower Ringold,0,
Priest Rapids Tailrace STH,3,G72876C27,2026-05-22 20:44:40,2026-05-24 16:18:00,Priest,0,
Priest Rapids Tailrace STH,3,G72876C27,2026-05-22 20:44:40,2026-05-24 16:18:00,Lower Ringold,0,
Priest Rapids Tailrace STH,3,G728787EE,2026-05-10 17:48:20,2026-05-12 16:15:00,Priest,0,
Priest Rapids Tailrace STH,3,G728787EE,2026-05-10 17:48:20,2026-05-12 16:15:00,Lower Ringold,1,2026-05-13 01:44:31
Priest Rapids Tailrace STH,1,G72879EEF,2026-05-04 19:24:03,2026-05-06 16:47:00,Priest,0,
Priest Rapids Tailrace STH,1,G72879EEF,2026-05-04 19:24:03,2026-05-06 16:47:00,Lower Ringold,1,2026-05-10 12:03:54
Priest Rapids Tailrace STH,1,G7287CDD6,2026-05-02 17:54:25,2026-05-04 16:25:00,Priest,0,
Priest Rapids Tailrace STH,1,G7287CDD6,2026-05-02 17:54:25,2026-05-04 16:25:00,Lower Ringold,1,2026-05-05 05:23:39
Priest Rapids Tailrace STH,1,G72880BD9,2026-05-06 17:53:59,2026-05-09 16:31:00,Priest,0,
Priest Rapids Tailrace STH,1,G72880BD9,2026-05-06 17:53:59,2026-05-09 16:31:00,Lower Ringold,1,2026-05-10 08:04:17
Priest Rapids Tailrace STH,1,G728837C4,2026-04-26 17:58:57,2026-04-28 15:47:00,Priest,0,
Priest Rapids Tailrace STH,1,G728837C4,2026-04-26 17:58:57,2026-04-28 15:47:00,Lower Ringold,0,
Priest Rapids Tailrace STH,2,G72887B21,2026-05-09 18:47:06,2026-05-11 16:32:00,Priest,0,
Priest Rapids Tailrace STH,2,G72887B21,2026-05-09 18:47:06,2026-05-11 16:32:00,Lower Ringold,1,2026-05-12 06:49:44
Priest Rapids Tailrace STH,2,G7288854A,2026-05-05 18:32:38,2026-05-07 16:28:00,Priest,0,
Priest Rapids Tailrace STH,2,G7288854A,2026-05-05 18:32:38,2026-05-07 16:28:00,Lower Ringold,1,2026-05-08 07:29:56
Priest Rapids Tailrace STH,2,G728887F6,2026-04-27 18:58:35,2026-04-29 16:07:00,Priest,0,
Priest Rapids Tailrace STH,2,G728887F6,2026-04-27 18:58:35,2026-04-29 16:07:00,Lower Ringold,1,2026-04-30 08:44:50
Priest Rapids Tailrace STH,1,G7288A894,2026-04-30 16:57:52,2026-05-02 16:36:00,Priest,0,
Priest Rapids Tailrace STH,1,G7288A894,2026-04-30 16:57:52,2026-05-02 16:36:00,Lower Ringold,1,2026-05-03 05:23:09
Priest Rapids Tailrace STH,2,G7288B957,2026-05-09 18:38:02,2026-05-11 16:32:00,Priest,0,
Priest Rapids Tailrace STH,2,G7288B957,2026-05-09 18:38:02,2026-05-11 16:32:00,Lower Ringold,1,2026-05-12 03:30:13
Priest Rapids Tailrace STH,1,G7288C50C,2026-05-04 19:12:13,2026-05-06 16:47:00,Priest,0,
Priest Rapids Tailrace STH,1,G7288C50C,2026-05-04 19:12:13,2026-05-06 16:47:00,Lower Ringold,1,2026-05-07 23:17:48
Priest Rapids Tailrace STH,1,G7288E010,2026-05-21 19:41:18,2026-05-23 17:10:00,Priest,0,
Priest Rapids Tailrace STH,1,G7288E010,2026-05-21 19:41:18,2026-05-23 17:10:00,Lower Ringold,1,2026-05-24 04:14:56
Priest Rapids Tailrace STH,1,G728907BE,2026-05-18 19:49:43,2026-05-20 16:19:00,Priest,0,
Priest Rapids Tailrace STH,1,G728907BE,2026-05-18 19:49:43,2026-05-20 16:19:00,Lower Ringold,1,2026-05-21 02:40:58
Priest Rapids Tailrace STH,1,G7289159F,2026-05-16 16:30:31,2026-05-18 17:15:00,Priest,0,
Priest Rapids Tailrace STH,1,G7289159F,2026-05-16 16:30:31,2026-05-18 17:15:00,Lower Ringold,1,2026-05-31 12:13:47
Priest Rapids Tailrace STH,1,G728984D0,2026-05-21 19:51:33,2026-05-23 17:10:00,Priest,0,
Priest Rapids Tailrace STH,1,G728984D0,2026-05-21 19:51:33,2026-05-23 17:10:00,Lower Ringold,0,
Priest Rapids Tailrace STH,3,G72899B0C,2026-05-16 16:38:00,2026-05-18 17:15:00,Priest,0,
Priest Rapids Tailrace STH,3,G72899B0C,2026-05-16 16:38:00,2026-05-18 17:15:00,Lower Ringold,1,2026-05-19 08:40:19
Priest Rapids Tailrace STH,3,G7289AFD3,2026-04-25 18:38:07,2026-04-27 16:25:00,Priest,0,
Priest Rapids Tailrace STH,3,G7289AFD3,2026-04-25 18:38:07,2026-04-27 16:25:00,Lower Ringold,1,2026-04-28 09:52:35
Priest Rapids Tailrace STH,3,G7289E5EB,2026-05-11 17:55:46,2026-05-14 16:30:00,Priest,0,
Priest Rapids Tailrace STH,3,G7289E5EB,2026-05-11 17:55:46,2026-05-14 16:30:00,Lower Ringold,1,2026-05-15 08:08:53
Priest Rapids Tailrace STH,3,G728A0F29,2026-05-07 18:18:50,2026-05-09 16:31:00,Priest,0,
Priest Rapids Tailrace STH,3,G728A0F29,2026-05-07 18:18:50,2026-05-09 16:31:00,Lower Ringold,1,2026-05-10 03:54:28
Priest Rapids Tailrace STH,3,G728A4DD3,2026-05-21 19:23:43,2026-05-23 17:10:00,Priest,0,
Priest Rapids Tailrace STH,3,G728A4DD3,2026-05-21 19:23:43,2026-05-23 17:10:00,Lower Ringold,1,2026-05-24 08:46:00
Priest Rapids Tailrace STH,3,G728A9E66,2026-04-29 16:43:56,2026-05-01 16:26:00,Priest,0,
Priest Rapids Tailrace STH,3,G728A9E66,2026-04-29 16:43:56,2026-05-01 16:26:00,Lower Ringold,0,
Priest Rapids Tailrace STH,2,G728AE5BE,2026-05-12 18:49:29,2026-05-15 17:05:00,Priest,0,
Priest Rapids Tailrace STH,2,G728AE5BE,2026-05-12 18:49:29,2026-05-15 17:05:00,Lower Ringold,1,2026-05-17 04:58:10
Priest Rapids Tailrace STH,1,G728AEE9E,2026-05-16 15:29:32,2026-05-18 17:15:00,Priest,0,
Priest Rapids Tailrace STH,1,G728AEE9E,2026-05-16 15:29:32,2026-05-18 17:15:00,Lower Ringold,1,2026-05-20 04:57:50
Priest Rapids Tailrace STH,1,G728B00AC,2026-05-14 19:15:35,2026-05-16 16:35:00,Priest,0,
Priest Rapids Tailrace STH,1,G728B00AC,2026-05-14 19:15:35,2026-05-16 16:35:00,Lower Ringold,1,2026-05-17 15:30:40
Priest Rapids Tailrace STH,1,G728B0930,2026-05-09 18:28:36,2026-05-11 16:32:00,Priest,0,
Priest Rapids Tailrace STH,1,G728B0930,2026-05-09 18:28:36,2026-05-11 16:32:00,Lower Ringold,1,2026-05-12 08:54:31
Priest Rapids Tailrace STH,2,G728B1031,2026-04-26 16:59:24,2026-04-28 15:47:00,Priest,0,
Priest Rapids Tailrace STH,2,G728B1031,2026-04-26 16:59:24,2026-04-28 15:47:00,Lower Ringold,0,
Priest Rapids Tailrace STH,1,G728B128D,2026-04-23 21:30:00,2026-04-25 16:05:00,Priest,0,
Priest Rapids Tailrace STH,1,G728B128D,2026-04-23 21:30:00,2026-04-25 16:05:00,Lower Ringold,1,2026-04-26 06:11:13
Priest Rapids Tailrace STH,1,G728B4828,2026-05-20 19:03:00,2026-05-22 16:26:00,Priest,0,
Priest Rapids Tailrace STH,1,G728B4828,2026-05-20 19:03:00,2026-05-22 16:26:00,Lower Ringold,1,2026-05-23 08:43:22
Priest Rapids Tailrace STH,2,G728B4976,2026-05-11 18:01:19,2026-05-14 16:30:00,Priest,0,
Priest Rapids Tailrace STH,2,G728B4976,2026-05-11 18:01:19,2026-05-14 16:30:00,Lower Ringold,1,2026-05-15 08:08:24
Priest Rapids Tailrace STH,3,G728B60C9,2026-05-12 18:49:06,2026-05-15 17:05:00,Priest,0,
Priest Rapids Tailrace STH,3,G728B60C9,2026-05-12 18:49:06,2026-05-15 17:05:00,Lower Ringold,1,2026-05-17 04:55:05
Priest Rapids Tailrace STH,3,G728B817E,2026-04-29 16:48:33,2026-05-01 16:26:00,Priest,0,
Priest Rapids Tailrace STH,3,G728B817E,2026-04-29 16:48:33,2026-05-01 16:26:00,Lower Ringold,1,2026-05-03 03:57:26
Priest Rapids Tailrace STH,2,G728BFC7B,2026-04-28 19:41:13,2026-04-30 16:19:00,Priest,0,
Priest Rapids Tailrace STH,2,G728BFC7B,2026-04-28 19:41:13,2026-04-30 16:19:00,Lower Ringold,1,2026-05-01 04:55:34
Priest Rapids Tailrace STH,2,G728C05FD,2026-05-06 18:00:53,2026-05-09 16:31:00,Priest,0,
Priest Rapids Tailrace STH,2,G728C05FD,2026-05-06 18:00:53,2026-05-09 16:31:00,Lower Ringold,1,2026-05-10 04:58:29
Priest Rapids Tailrace STH,2,G728C6724,2026-05-05 17:01:43,2026-05-07 16:28:00,Priest,0,
Priest Rapids Tailrace STH,2,G728C6724,2026-05-05 17:01:43,2026-05-07 16:28:00,Lower Ringold,1,2026-05-08 17:20:03
Priest Rapids Tailrace STH,2,G728C7286,2026-04-30 16:58:21,2026-05-02 16:36:00,Priest,0,
Priest Rapids Tailrace STH,2,G728C7286,2026-04-30 16:58:21,2026-05-02 16:36:00,Lower Ringold,1,2026-05-03 07:03:50
Priest Rapids Tailrace STH,1,G728CBA8E,2026-05-05 18:17:20,2026-05-07 16:28:00,Priest,0,
Priest Rapids Tailrace STH,1,G728CBA8E,2026-05-05 18:17:20,2026-05-07 16:28:00,Lower Ringold,1,2026-05-08 04:24:10
Priest Rapids Tailrace STH,3,G728D1227,2026-04-25 18:32:22,2026-04-27 16:25:00,Priest,0,
Priest Rapids Tailrace STH,3,G728D1227,2026-04-25 18:32:22,2026-04-27 16:25:00,Lower Ringold,1,2026-04-28 05:57:27
Priest Rapids Tailrace STH,3,G728D2299,2026-05-14 17:38:30,2026-05-16 16:35:00,Priest,0,
Priest Rapids Tailrace STH,3,G728D2299,2026-05-14 17:38:30,2026-05-16 16:35:00,Lower Ringold,0,
Priest Rapids Tailrace STH,3,G728D9B37,2026-04-25 18:36:06,2026-04-27 16:25:00,Priest,0,
Priest Rapids Tailrace STH,3,G728D9B37,2026-04-25 18:36:06,2026-04-27 16:25:00,Lower Ringold,1,2026-04-28 07:27:17
Priest Rapids Tailrace STH,3,G728DAFE8,2026-05-16 15:27:05,2026-05-18 17:15:00,Priest,0,
Priest Rapids Tailrace STH,3,G728DAFE8,2026-05-16 15:27:05,2026-05-18 17:15:00,Lower Ringold,1,2026-05-19 08:30:45
Priest Rapids Tailrace STH,3,G728DC74F,2026-05-16 16:37:00,2026-05-18 17:15:00,Priest,0,
Priest Rapids Tailrace STH,3,G728DC74F,2026-05-16 16:37:00,2026-05-18 17:15:00,Lower Ringold,1,2026-05-19 10:52:52
Priest Rapids Tailrace STH,3,G728DD893,2026-05-15 16:26:08,2026-05-17 16:25:00,Priest,0,
Priest Rapids Tailrace STH,3,G728DD893,2026-05-15 16:26:08,2026-05-17 16:25:00,Lower Ringold,1,2026-05-18 08:58:40
Priest Rapids Tailrace STH,3,G728EB383,2026-05-06 18:10:46,2026-05-09 16:31:00,Priest,0,
Priest Rapids Tailrace STH,3,G728EB383,2026-05-06 18:10:46,2026-05-09 16:31:00,Lower Ringold,1,2026-05-11 09:05:50
Priest Rapids Tailrace STH,3,G728ED465,2026-05-22 20:23:29,2026-05-24 16:18:00,Priest,0,
Priest Rapids Tailrace STH,3,G728ED465,2026-05-22 20:23:29,2026-05-24 16:18:00,Lower Ringold,0,
Priest Rapids Tailrace STH,3,G728EE358,2026-05-06 19:17:38,2026-05-09 16:31:00,Priest,0,
Priest Rapids Tailrace STH,3,G728EE358,2026-05-06 19:17:38,2026-05-09 16:31:00,Lower Ringold,1,2026-05-10 09:03:01
Priest Rapids Tailrace STH,3,G728F1E15,2026-05-15 16:27:06,2026-05-17 16:25:00,Priest,0,
Priest Rapids Tailrace STH,3,G728F1E15,2026-05-15 16:27:06,2026-05-17 16:25:00,Lower Ringold,1,2026-05-18 08:13:07
Priest Rapids Tailrace STH,3,G728F418F,2026-04-28 19:32:39,2026-05-01 16:26:00,Priest,0,
Priest Rapids Tailrace STH,3,G728F418F,2026-04-28 19:32:39,2026-05-01 16:26:00,Lower Ringold,0,
Priest Rapids Tailrace STH,3,G728F588E,2026-05-22 20:26:59,2026-05-24 16:18:00,Priest,0,
Priest Rapids Tailrace STH,3,G728F588E,2026-05-22 20:26:59,2026-05-24 16:18:00,Lower Ringold,1,2026-05-30 20:40:56
Priest Rapids Tailrace STH,2,G728FA7BB,2026-05-16 15:45:58,2026-05-18 17:15:00,Priest,0,
Priest Rapids Tailrace STH,2,G728FA7BB,2026-05-16 15:45:58,2026-05-18 17:15:00,Lower Ringold,1,2026-05-19 22:19:32
Priest Rapids Tailrace STH,3,G728FBFE4,2026-05-02 17:53:59,2026-05-04 16:25:00,Priest,0,
Priest Rapids Tailrace STH,3,G728FBFE4,2026-05-02 17:53:59,2026-05-04 16:25:00,Lower Ringold,1,2026-05-05 05:00:48
Priest Rapids Tailrace STH,3,G728FD802,2026-05-12 18:50:24,2026-05-15 17:05:00,Priest,0,
Priest Rapids Tailrace STH,3,G728FD802,2026-05-12 18:50:24,2026-05-15 17:05:00,Lower Ringold,1,2026-05-16 10:00:21
Priest Rapids Tailrace STH,3,G728FECDD,2026-05-22 20:43:55,2026-05-24 16:18:00,Priest,0,
Priest Rapids Tailrace STH,3,G728FECDD,2026-05-22 20:43:55,2026-05-24 16:18:00,Lower Ringold,0,
Priest Rapids Tailrace STH,3,G728FF301,2026-05-14 17:39:54,2026-05-16 16:35:00,Priest,0,
Priest Rapids Tailrace STH,3,G728FF301,2026-05-14 17:39:54,2026-05-16 16:35:00,Lower Ringold,1,2026-05-17 13:53:43
Priest Rapids Tailrace STH,3,G7290149F,2026-05-09 18:26:16,2026-05-11 16:32:00,Priest,0,
Priest Rapids Tailrace STH,3,G7290149F,2026-05-09 18:26:16,2026-05-11 16:32:00,Lower Ringold,1,2026-05-13 12:37:53
Priest Rapids Tailrace STH,3,G7290451A,2026-05-07 18:33:11,2026-05-09 16:31:00,Priest,0,
Priest Rapids Tailrace STH,3,G7290451A,2026-05-07 18:33:11,2026-05-09 16:31:00,Lower Ringold,1,2026-05-10 04:36:44
Priest Rapids Tailrace STH,2,G72907907,2026-05-20 18:48:22,2026-05-22 16:26:00,Priest,0,
Priest Rapids Tailrace STH,2,G72907907,2026-05-20 18:48:22,2026-05-22 16:26:00,Lower Ringold,0,
Priest Rapids Tailrace STH,2,G72907BBB,2026-05-01 18:49:48,2026-05-03 16:31:00,Priest,0,
Priest Rapids Tailrace STH,2,G72907BBB,2026-05-01 18:49:48,2026-05-03 16:31:00,Lower Ringold,1,2026-05-06 01:34:53
Priest Rapids Tailrace STH,2,G7290AD31,2026-05-05 16:29:24,2026-05-07 16:28:00,Priest,0,
Priest Rapids Tailrace STH,2,G7290AD31,2026-05-05 16:29:24,2026-05-07 16:28:00,Lower Ringold,1,2026-05-09 21:20:01
Priest Rapids Tailrace STH,2,G7290B430,2026-05-12 16:38:19,2026-05-15 17:05:00,Priest,0,
Priest Rapids Tailrace STH,2,G7290B430,2026-05-12 16:38:19,2026-05-15 17:05:00,Lower Ringold,1,2026-05-16 17:28:26
Priest Rapids Tailrace STH,2,G7290B7D2,2026-05-06 18:53:32,2026-05-09 16:31:00,Priest,0,
Priest Rapids Tailrace STH,2,G7290B7D2,2026-05-06 18:53:32,2026-05-09 16:31:00,Lower Ringold,0,
Priest Rapids Tailrace STH,2,G7290E1D4,2026-05-02 18:05:59,2026-05-04 16:25:00,Priest,0,
Priest Rapids Tailrace STH,2,G7290E1D4,2026-05-02 18:05:59,2026-05-04 16:25:00,Lower Ringold,1,2026-05-05 12:38:49
Priest Rapids Tailrace STH,3,G729116E7,2026-05-10 17:50:10,2026-05-12 16:15:00,Priest,0,
Priest Rapids Tailrace STH,3,G729116E7,2026-05-10 17:50:10,2026-05-12 16:15:00,Lower Ringold,1,2026-05-13 06:52:37
Priest Rapids Tailrace STH,3,G729160C2,2026-05-11 16:54:28,2026-05-14 16:30:00,Priest,0,
Priest Rapids Tailrace STH,3,G729160C2,2026-05-11 16:54:28,2026-05-14 16:30:00,Lower Ringold,1,2026-05-15 10:45:08
Priest Rapids Tailrace STH,3,G729177DC,2026-04-24 21:22:28,2026-04-26 16:25:00,Priest,0,
Priest Rapids Tailrace STH,3,G729177DC,2026-04-24 21:22:28,2026-04-26 16:25:00,Lower Ringold,1,2026-04-27 05:58:36
Priest Rapids Tailrace STH,3,G72917CFC,2026-05-14 19:05:01,2026-05-16 16:35:00,Priest,0,
Priest Rapids Tailrace STH,3,G72917CFC,2026-05-14 19:05:01,2026-05-16 16:35:00,Lower Ringold,1,2026-05-17 09:22:09
Priest Rapids Tailrace STH,2,G7291966B,2026-04-29 17:43:49,2026-05-01 16:26:00,Priest,0,
Priest Rapids Tailrace STH,2,G7291966B,2026-04-29 17:43:49,2026-05-01 16:26:00,Lower Ringold,1,2026-05-02 20:39:16
Priest Rapids Tailrace STH,1,G7291EDB3,2026-05-01 18:42:43,2026-05-03 16:31:00,Priest,0,
Priest Rapids Tailrace STH,1,G7291EDB3,2026-05-01 18:42:43,2026-05-03 16:31:00,Lower Ringold,1,2026-05-04 06:59:28
Priest Rapids Tailrace STH,1,G7291F26F,2026-05-09 18:43:26,2026-05-11 16:32:00,Priest,0,
Priest Rapids Tailrace STH,1,G7291F26F,2026-05-09 18:43:26,2026-05-11 16:32:00,Lower Ringold,0,
Priest Rapids Tailrace STH,1,G7291F5EC,2026-04-29 16:53:41,2026-05-01 16:26:00,Priest,0,
Priest Rapids Tailrace STH,1,G7291F5EC,2026-04-29 16:53:41,2026-05-01 16:26:00,Lower Ringold,1,2026-05-02 13:57:22
Priest Rapids Tailrace STH,1,G72922C72,2026-05-14 19:22:22,2026-05-16 16:35:00,Priest,0,
Priest Rapids Tailrace STH,1,G72922C72,2026-05-14 19:22:22,2026-05-16 16:35:00,Lower Ringold,1,2026-05-17 15:10:32
Priest Rapids Tailrace STH,1,G72924876,2026-05-14 19:05:50,2026-05-16 16:35:00,Priest,0,
Priest Rapids Tailrace STH,1,G72924876,2026-05-14 19:05:50,2026-05-16 16:35:00,Lower Ringold,0,
Priest Rapids Tailrace STH,1,G729257AA,2026-04-24 21:09:31,2026-04-26 16:25:00,Priest,0,
Priest Rapids Tailrace STH,1,G729257AA,2026-04-24 21:09:31,2026-04-26 16:25:00,Lower Ringold,0,
Priest Rapids Tailrace STH,1,G729258EB,2026-05-07 18:20:06,2026-05-09 16:31:00,Priest,0,
Priest Rapids Tailrace STH,1,G729258EB,2026-05-07 18:20:06,2026-05-09 16:31:00,Lower Ringold,1,2026-05-10 12:05:04
Priest Rapids Tailrace STH,1,G72929FA2,2026-05-09 17:25:01,2026-05-11 16:32:00,Priest,0,
Priest Rapids Tailrace STH,1,G72929FA2,2026-05-09 17:25:01,2026-05-11 16:32:00,Lower Ringold,1,2026-05-12 13:24:34
Priest Rapids Tailrace STH,1,G7292B19E,2026-05-04 17:45:44,2026-05-06 16:47:00,Priest,0,
Priest Rapids Tailrace STH,1,G7292B19E,2026-05-04 17:45:44,2026-05-06 16:47:00,Lower Ringold,1,2026-05-07 04:51:45
Priest Rapids Tailrace STH,1,G7292BBE0,2026-04-27 18:53:58,2026-04-29 16:07:00,Priest,0,
Priest Rapids Tailrace STH,1,G7292BBE0,2026-04-27 18:53:58,2026-04-29 16:07:00,Lower Ringold,1,2026-04-30 07:16:32
Priest Rapids Tailrace STH,1,G7292CDC5,2026-05-18 19:53:21,2026-05-20 16:19:00,Priest,0,
Priest Rapids Tailrace STH,1,G7292CDC5,2026-05-18 19:53:21,2026-05-20 16:19:00,Lower Ringold,1,2026-05-21 04:16:37
Priest Rapids Tailrace STH,1,G7292EDE6,2026-05-04 19:02:51,2026-05-06 16:47:00,Priest,0,
Priest Rapids Tailrace STH,1,G7292EDE6,2026-05-04 19:02:51,2026-05-06 16:47:00,Lower Ringold,0,
Priest Rapids Tailrace STH,1,G72931C08,2026-04-28 19:40:50,2026-04-30 16:19:00,Priest,0,
Priest Rapids Tailrace STH,1,G72931C08,2026-04-28 19:40:50,2026-04-30 16:19:00,Lower Ringold,1,2026-05-01 13:02:23
Priest Rapids Tailrace STH,1,G72932796,2026-05-05 18:33:14,2026-05-07 16:28:00,Priest,0,
Priest Rapids Tailrace STH,1,G72932796,2026-05-05 18:33:14,2026-05-07 16:28:00,Lower Ringold,0,
Priest Rapids Tailrace STH,2,G72935C4E,2026-04-27 18:42:55,2026-04-29 16:07:00,Priest,0,
Priest Rapids Tailrace STH,2,G72935C4E,2026-04-27 18:42:55,2026-04-29 16:07:00,Lower Ringold,1,2026-04-30 04:49:39
Priest Rapids Tailrace STH,1,G72937272,2026-05-07 17:22:47,2026-05-09 16:31:00,Priest,0,
Priest Rapids Tailrace STH,1,G72937272,2026-05-07 17:22:47,2026-05-09 16:31:00,Lower Ringold,1,2026-05-10 05:36:48
Priest Rapids Tailrace STH,1,G72937952,2026-05-03 19:59:41,2026-05-05 17:13:00,Priest,0,
Priest Rapids Tailrace STH,1,G72937952,2026-05-03 19:59:41,2026-05-05 17:13:00,Lower Ringold,1,2026-05-06 05:39:51
Priest Rapids Tailrace STH,1,G729399BB,2026-04-30 16:36:34,2026-05-02 16:36:00,Priest,0,
Priest Rapids Tailrace STH,1,G729399BB,2026-04-30 16:36:34,2026-05-02 16:36:00,Lower Ringold,1,2026-05-03 05:01:41
Priest Rapids Tailrace STH,1,G7293ABB9,2026-05-04 19:08:11,2026-05-06 16:47:00,Priest,0,
Priest Rapids Tailrace STH,1,G7293ABB9,2026-05-04 19:08:11,2026-05-06 16:47:00,Lower Ringold,1,2026-05-07 08:35:59
Priest Rapids Tailrace STH,1,G7293B3E6,2026-05-04 18:09:44,2026-05-06 16:47:00,Priest,0,
Priest Rapids Tailrace STH,1,G7293B3E6,2026-05-04 18:09:44,2026-05-06 16:47:00,Lower Ringold,1,2026-05-07 12:23:03
Priest Rapids Tailrace STH,1,G7293BCA7,2026-05-03 18:39:59,2026-05-05 17:13:00,Priest,0,
Priest Rapids Tailrace STH,1,G7293BCA7,2026-05-03 18:39:59,2026-05-05 17:13:00,Lower Ringold,1,2026-05-06 08:24:00
Priest Rapids Tailrace STH,1,G72945083,2026-05-12 18:50:52,2026-05-15 17:05:00,Priest,0,
Priest Rapids Tailrace STH,1,G72945083,2026-05-12 18:50:52,2026-05-15 17:05:00,Lower Ringold,1,2026-05-25 09:06:02
Priest Rapids Tailrace STH,1,G7294A62A,2026-04-27 19:02:20,2026-04-29 16:07:00,Priest,0,
Priest Rapids Tailrace STH,1,G7294A62A,2026-04-27 19:02:20,2026-04-29 16:07:00,Lower Ringold,1,2026-04-30 14:10:50
Priest Rapids Tailrace STH,1,G7294BD97,2026-04-26 17:29:06,2026-04-28 15:47:00,Priest,0,
Priest Rapids Tailrace STH,1,G7294BD97,2026-04-26 17:29:06,2026-04-28 15:47:00,Lower Ringold,1,2026-04-29 06:43:27
Priest Rapids Tailrace STH,1,G7294DDF2,2026-05-06 19:13:16,2026-05-09 16:31:00,Priest,0,
Priest Rapids Tailrace STH,1,G7294DDF2,2026-05-06 19:13:16,2026-05-09 16:31:00,Lower Ringold,1,2026-05-10 03:44:22
Priest Rapids Tailrace STH,1,G7294E353,2026-04-29 17:02:23,2026-05-01 16:26:00,Priest,0,
Priest Rapids Tailrace STH,1,G7294E353,2026-04-29 17:02:23,2026-05-01 16:26:00,Lower Ringold,1,2026-05-02 06:42:39
Priest Rapids Tailrace STH,1,G7294F8EE,2026-04-30 16:37:44,2026-05-02 16:36:00,Priest,0,
Priest Rapids Tailrace STH,1,G7294F8EE,2026-04-30 16:37:44,2026-05-02 16:36:00,Lower Ringold,1,2026-05-03 14:59:23
Priest Rapids Tailrace STH,1,G7295037E,2026-05-03 19:49:05,2026-05-05 17:13:00,Priest,0,
Priest Rapids Tailrace STH,1,G7295037E,2026-05-03 19:49:05,2026-05-05 17:13:00,Lower Ringold,0,
Priest Rapids Tailrace STH,1,G72951E1E,2026-05-12 16:47:32,2026-05-15 17:05:00,Priest,0,
Priest Rapids Tailrace STH,1,G72951E1E,2026-05-12 16:47:32,2026-05-15 17:05:00,Lower Ringold,1,2026-05-16 12:45:39
Priest Rapids Tailrace STH,1,G72952662,2026-05-11 18:04:03,2026-05-14 16:30:00,Priest,0,
Priest Rapids Tailrace STH,1,G72952662,2026-05-11 18:04:03,2026-05-14 16:30:00,Lower Ringold,1,2026-05-15 09:15:16
Priest Rapids Tailrace STH,1,G72954BFA,2026-05-03 18:41:57,2026-05-05 17:13:00,Priest,0,
Priest Rapids Tailrace STH,1,G72954BFA,2026-05-03 18:41:57,2026-05-05 17:13:00,Lower Ringold,0,
Priest Rapids Tailrace STH,1,G729552FB,2026-05-04 17:58:40,2026-05-06 16:47:00,Priest,0,
Priest Rapids Tailrace STH,1,G729552FB,2026-05-04 17:58:40,2026-05-06 16:47:00,Lower Ringold,1,2026-05-07 05:58:26
Priest Rapids Tailrace STH,1,G729588D2,2026-05-01 17:16:54,2026-05-03 16:31:00,Priest,0,
Priest Rapids Tailrace STH,1,G729588D2,2026-05-01 17:16:54,2026-05-03 16:31:00,Lower Ringold,1,2026-05-04 08:00:36
Priest Rapids Tailrace STH,1,G729594EC,2026-05-05 18:30:54,2026-05-07 16:28:00,Priest,0,
Priest Rapids Tailrace STH,1,G729594EC,2026-05-05 18:30:54,2026-05-07 16:28:00,Lower Ringold,1,2026-05-08 05:41:00
Priest Rapids Tailrace STH,3,G7295C68B,2026-05-15 17:23:04,2026-05-17 16:25:00,Priest,0,
Priest Rapids Tailrace STH,3,G7295C68B,2026-05-15 17:23:04,2026-05-17 16:25:00,Lower Ringold,1,2026-05-23 16:22:32
Priest Rapids Tailrace STH,1,G729620EA,2026-05-14 19:16:28,2026-05-16 16:35:00,Priest,0,
Priest Rapids Tailrace STH,1,G729620EA,2026-05-14 19:16:28,2026-05-16 16:35:00,Lower Ringold,1,2026-05-17 15:37:51
Priest Rapids Tailrace STH,1,G72962976,2026-04-24 21:21:53,2026-04-26 16:25:00,Priest,0,
Priest Rapids Tailrace STH,1,G72962976,2026-04-24 21:21:53,2026-04-26 16:25:00,Lower Ringold,1,2026-04-27 11:48:12
Priest Rapids Tailrace STH,1,G72963F36,2026-05-10 16:29:53,2026-05-12 16:15:00,Priest,0,
Priest Rapids Tailrace STH,1,G72963F36,2026-05-10 16:29:53,2026-05-12 16:15:00,Lower Ringold,1,2026-05-13 09:24:24
Priest Rapids Tailrace STH,1,G72966593,2026-04-23 21:30:00,2026-04-25 16:05:00,Priest,0,
Priest Rapids Tailrace STH,1,G72966593,2026-04-23 21:30:00,2026-04-25 16:05:00,Lower Ringold,1,2026-04-26 07:13:06
Priest Rapids Tailrace STH,1,G72966930,2026-05-10 17:54:15,2026-05-12 16:15:00,Priest,0,
Priest Rapids Tailrace STH,1,G72966930,2026-05-10 17:54:15,2026-05-12 16:15:00,Lower Ringold,1,2026-05-13 06:56:40
Priest Rapids Tailrace STH,1,G72967C92,2026-05-15 16:27:53,2026-05-17 16:25:00,Priest,0,
Priest Rapids Tailrace STH,1,G72967C92,2026-05-15 16:27:53,2026-05-17 16:25:00,Lower Ringold,1,2026-05-18 22:15:22
Priest Rapids Tailrace STH,1,G72967F70,2026-05-22 20:37:54,2026-05-24 16:18:00,Priest,0,
Priest Rapids Tailrace STH,1,G72967F70,2026-05-22 20:37:54,2026-05-24 16:18:00,Lower Ringold,1,2026-05-25 08:29:23
Priest Rapids Tailrace STH,1,G72968887,2026-05-09 17:16:37,2026-05-11 16:32:00,Priest,0,
Priest Rapids Tailrace STH,1,G72968887,2026-05-09 17:16:37,2026-05-11 16:32:00,Lower Ringold,1,2026-05-12 14:43:17
Priest Rapids Tailrace STH,1,G72971E8F,2026-05-03 18:28:26,2026-05-05 17:13:00,Priest,0,
Priest Rapids Tailrace STH,1,G72971E8F,2026-05-03 18:28:26,2026-05-05 17:13:00,Lower Ringold,1,2026-05-06 10:44:34
Priest Rapids Tailrace STH,1,G72972C8D,2026-05-10 17:56:11,2026-05-12 16:15:00,Priest,0,
Priest Rapids Tailrace STH,1,G72972C8D,2026-05-10 17:56:11,2026-05-12 16:15:00,Lower Ringold,1,2026-05-15 00:43:10
Priest Rapids Tailrace STH,1,G7297A0A2,2026-05-05 18:13:20,2026-05-07 16:28:00,Priest,0,
Priest Rapids Tailrace STH,1,G7297A0A2,2026-05-05 18:13:20,2026-05-07 16:28:00,Lower Ringold,1,2026-05-08 04:13:54
Priest Rapids Tailrace STH,3,G7297C744,2026-05-05 17:08:32,2026-05-07 16:28:00,Priest,0,
Priest Rapids Tailrace STH,3,G7297C744,2026-05-05 17:08:32,2026-05-07 16:28:00,Lower Ringold,1,2026-05-08 10:31:19
Priest Rapids Tailrace STH,3,G7297ED19,2026-05-14 19:07:56,2026-05-16 16:35:00,Priest,0,
Priest Rapids Tailrace STH,3,G7297ED19,2026-05-14 19:07:56,2026-05-16 16:35:00,Lower Ringold,1,2026-05-19 02:27:36
Priest Rapids Tailrace STH,3,G72981FC9,2026-04-30 16:59:30,2026-05-02 16:36:00,Priest,0,
Priest Rapids Tailrace STH,3,G72981FC9,2026-04-30 16:59:30,2026-05-02 16:36:00,Lower Ringold,1,2026-05-03 08:06:20
Priest Rapids Tailrace STH,3,G72983D56,2026-05-11 17:56:55,2026-05-14 16:30:00,Priest,0,
Priest Rapids Tailrace STH,3,G72983D56,2026-05-11 17:56:55,2026-05-14 16:30:00,Lower Ringold,1,2026-05-15 11:37:19
Priest Rapids Tailrace STH,3,G72986411,2026-05-11 17:06:52,2026-05-14 16:30:00,Priest,0,
Priest Rapids Tailrace STH,3,G72986411,2026-05-11 17:06:52,2026-05-14 16:30:00,Lower Ringold,1,2026-05-15 09:17:36
Priest Rapids Tailrace STH,3,G729868B2,2026-04-29 17:52:56,2026-05-01 16:26:00,Priest,0,
Priest Rapids Tailrace STH,3,G729868B2,2026-04-29 17:52:56,2026-05-01 16:26:00,Lower Ringold,1,2026-05-02 03:14:14
Priest Rapids Tailrace STH,3,G72987C4E,2026-04-24 21:24:28,2026-04-26 16:25:00,Priest,0,
Priest Rapids Tailrace STH,3,G72987C4E,2026-04-24 21:24:28,2026-04-26 16:25:00,Lower Ringold,1,2026-04-27 06:20:54
Priest Rapids Tailrace STH,3,G72989998,2026-04-28 22:33:06,2026-04-30 16:19:00,Priest,0,
Priest Rapids Tailrace STH,3,G72989998,2026-04-28 22:33:06,2026-04-30 16:19:00,Lower Ringold,1,2026-05-21 11:14:38
Priest Rapids Tailrace STH,3,G72989B24,2026-05-11 18:00:51,2026-05-14 16:30:00,Priest,0,
Priest Rapids Tailrace STH,3,G72989B24,2026-05-11 18:00:51,2026-05-14 16:30:00,Lower Ringold,1,2026-05-15 09:22:05
Priest Rapids Tailrace STH,1,G7298DDBF,2026-04-24 21:16:32,2026-04-26 16:25:00,Priest,0,
Priest Rapids Tailrace STH,1,G7298DDBF,2026-04-24 21:16:32,2026-04-26 16:25:00,Lower Ringold,1,2026-04-27 05:11:30
Priest Rapids Tailrace STH,1,G7298F061,2026-04-26 17:50:00,2026-04-28 15:47:00,Priest,0,
Priest Rapids Tailrace STH,1,G7298F061,2026-04-26 17:50:00,2026-04-28 15:47:00,Lower Ringold,1,2026-04-29 14:49:47
Priest Rapids Tailrace STH,1,G7298FF20,2026-04-26 17:24:17,2026-04-28 15:47:00,Priest,0,
Priest Rapids Tailrace STH,1,G7298FF20,2026-04-26 17:24:17,2026-04-28 15:47:00,Lower Ringold,1,2026-04-29 09:03:14
Priest Rapids Tailrace STH,1,G72991DB1,2026-05-05 18:16:29,2026-05-07 16:28:00,Priest,0,
Priest Rapids Tailrace STH,1,G72991DB1,2026-05-05 18:16:29,2026-05-07 16:28:00,Lower Ringold,0,
Priest Rapids Tailrace STH,1,G7299306F,2026-04-27 18:51:34,2026-04-29 16:07:00,Priest,0,
Priest Rapids Tailrace STH,1,G7299306F,2026-04-27 18:51:34,2026-04-29 16:07:00,Lower Ringold,1,2026-04-30 04:58:27
Priest Rapids Tailrace STH,1,G729932D3,2026-04-30 18:08:03,2026-05-02 16:36:00,Priest,0,
Priest Rapids Tailrace STH,1,G729932D3,2026-04-30 18:08:03,2026-05-02 16:36:00,Lower Ringold,1,2026-05-03 04:39:35
Priest Rapids Tailrace STH,1,G72993B4F,2026-05-11 17:00:22,2026-05-14 16:30:00,Priest,0,
Priest Rapids Tailrace STH,1,G72993B4F,2026-05-11 17:00:22,2026-05-14 16:30:00,Lower Ringold,1,2026-05-20 07:06:13
Priest Rapids Tailrace STH,1,G72993D92,2026-05-03 19:45:41,2026-05-05 17:13:00,Priest,0,
Priest Rapids Tailrace STH,1,G72993D92,2026-05-03 19:45:41,2026-05-05 17:13:00,Lower Ringold,1,2026-05-06 06:41:05
Priest Rapids Tailrace STH,1,G72995F4B,2026-04-25 18:20:43,2026-04-27 16:25:00,Priest,0,
Priest Rapids Tailrace STH,1,G72995F4B,2026-04-25 18:20:43,2026-04-27 16:25:00,Lower Ringold,1,2026-04-28 17:50:01
Priest Rapids Tailrace STH,1,G72997448,2026-05-16 15:22:12,2026-05-18 17:15:00,Priest,0,
Priest Rapids Tailrace STH,1,G72997448,2026-05-16 15:22:12,2026-05-18 17:15:00,Lower Ringold,1,2026-05-19 09:44:34
Priest Rapids Tailrace STH,1,G7299BBC3,2026-05-12 16:47:55,2026-05-15 17:05:00,Priest,0,
Priest Rapids Tailrace STH,1,G7299BBC3,2026-05-12 16:47:55,2026-05-15 17:05:00,Lower Ringold,0,
Priest Rapids Tailrace STH,1,G7299D1D8,2026-05-08 16:56:47,2026-05-10 16:20:00,Priest,0,
Priest Rapids Tailrace STH,1,G7299D1D8,2026-05-08 16:56:47,2026-05-10 16:20:00,Lower Ringold,0,
Priest Rapids Tailrace STH,1,G729A663C,2026-04-27 18:56:45,2026-04-29 16:07:00,Priest,0,
Priest Rapids Tailrace STH,1,G729A663C,2026-04-27 18:56:45,2026-04-29 16:07:00,Lower Ringold,1,2026-04-30 04:44:52
Priest Rapids Tailrace STH,3,G729ADAAD,2026-05-02 19:01:06,2026-05-04 16:25:00,Priest,0,
Priest Rapids Tailrace STH,3,G729ADAAD,2026-05-02 19:01:06,2026-05-04 16:25:00,Lower Ringold,0,
Priest Rapids Tailrace STH,3,G729AEB4D,2026-05-20 18:59:30,2026-05-22 16:26:00,Priest,0,
Priest Rapids Tailrace STH,3,G729AEB4D,2026-05-20 18:59:30,2026-05-22 16:26:00,Lower Ringold,1,2026-05-23 09:28:47
Priest Rapids Tailrace STH,3,G729B2402,2026-05-15 16:23:31,2026-05-17 16:25:00,Priest,0,
Priest Rapids Tailrace STH,3,G729B2402,2026-05-15 16:23:31,2026-05-17 16:25:00,Lower Ringold,1,2026-05-18 06:57:54
Priest Rapids Tailrace STH,3,G729B4539,2026-04-29 17:45:13,2026-05-01 16:26:00,Priest,0,
Priest Rapids Tailrace STH,3,G729B4539,2026-04-29 17:45:13,2026-05-01 16:26:00,Lower Ringold,1,2026-05-02 13:23:06
Priest Rapids Tailrace STH,3,G729B66F8,2026-05-07 17:11:56,2026-05-09 16:31:00,Priest,0,
Priest Rapids Tailrace STH,3,G729B66F8,2026-05-07 17:11:56,2026-05-09 16:31:00,Lower Ringold,1,2026-05-10 09:10:40
Priest Rapids Tailrace STH,3,G729B67A6,2026-05-07 18:26:01,2026-05-09 16:31:00,Priest,0,
Priest Rapids Tailrace STH,3,G729B67A6,2026-05-07 18:26:01,2026-05-09 16:31:00,Lower Ringold,1,2026-05-10 21:37:47
Priest Rapids Tailrace STH,3,G729B6F64,2026-05-08 20:40:14,2026-05-10 16:20:00,Priest,0,
Priest Rapids Tailrace STH,3,G729B6F64,2026-05-08 20:40:14,2026-05-10 16:20:00,Lower Ringold,1,2026-05-11 03:50:41
Priest Rapids Tailrace STH,3,G729BA30D,2026-05-05 18:04:19,2026-05-07 16:28:00,Priest,0,
Priest Rapids Tailrace STH,3,G729BA30D,2026-05-05 18:04:19,2026-05-07 16:28:00,Lower Ringold,0,
Priest Rapids Tailrace STH,3,G729BB2CE,2026-05-08 20:49:27,2026-05-10 16:20:00,Priest,0,
Priest Rapids Tailrace STH,3,G729BB2CE,2026-05-08 20:49:27,2026-05-10 16:20:00,Lower Ringold,1,2026-05-11 12:32:45
Priest Rapids Tailrace STH,3,G729BBD8F,2026-05-09 18:30:29,2026-05-11 16:32:00,Priest,0,
Priest Rapids Tailrace STH,3,G729BBD8F,2026-05-09 18:30:29,2026-05-11 16:32:00,Lower Ringold,1,2026-05-12 17:01:58
Priest Rapids Tailrace STH,1,G729BBF33,2026-04-27 18:45:31,2026-04-29 16:07:00,Priest,0,
Priest Rapids Tailrace STH,1,G729BBF33,2026-04-27 18:45:31,2026-04-29 16:07:00,Lower Ringold,1,2026-04-30 05:35:50
Priest Rapids Tailrace STH,1,G729BC916,2026-04-30 16:37:18,2026-05-02 16:36:00,Priest,0,
Priest Rapids Tailrace STH,1,G729BC916,2026-04-30 16:37:18,2026-05-02 16:36:00,Lower Ringold,1,2026-05-03 22:49:21
Priest Rapids Tailrace STH,1,G729BE0A9,2026-05-09 17:17:53,2026-05-11 16:32:00,Priest,0,
Priest Rapids Tailrace STH,1,G729BE0A9,2026-05-09 17:17:53,2026-05-11 16:32:00,Lower Ringold,1,2026-05-12 08:18:42
Priest Rapids Tailrace STH,2,G729C192F,2026-05-16 16:43:34,2026-05-19 15:26:00,Priest,0,
Priest Rapids Tailrace STH,2,G729C192F,2026-05-16 16:43:34,2026-05-19 15:26:00,Lower Ringold,1,2026-05-20 16:58:26
Priest Rapids Tailrace STH,1,G729C28CF,2026-05-10 17:47:56,2026-05-12 16:15:00,Priest,0,
Priest Rapids Tailrace STH,1,G729C28CF,2026-05-10 17:47:56,2026-05-12 16:15:00,Lower Ringold,1,2026-05-13 03:35:37
Priest Rapids Tailrace STH,1,G729C47EB,2026-05-22 20:24:11,2026-05-24 16:18:00,Priest,0,
Priest Rapids Tailrace STH,1,G729C47EB,2026-05-22 20:24:11,2026-05-24 16:18:00,Lower Ringold,1,2026-05-25 05:43:53
Priest Rapids Tailrace STH,2,G729C4CCB,2026-05-15 17:26:55,2026-05-17 16:25:00,Priest,0,
Priest Rapids Tailrace STH,2,G729C4CCB,2026-05-15 17:26:55,2026-05-17 16:25:00,Lower Ringold,1,2026-05-18 05:30:03
Priest Rapids Tailrace STH,2,G729C5317,2026-05-12 18:47:43,2026-05-15 17:05:00,Priest,0,
Priest Rapids Tailrace STH,2,G729C5317,2026-05-12 18:47:43,2026-05-15 17:05:00,Lower Ringold,1,2026-05-16 09:19:58
Priest Rapids Tailrace STH,2,G729C5494,2026-05-05 18:11:57,2026-05-07 16:28:00,Priest,0,
Priest Rapids Tailrace STH,2,G729C5494,2026-05-05 18:11:57,2026-05-07 16:28:00,Lower Ringold,1,2026-05-08 02:40:14
Priest Rapids Tailrace STH,2,G729CD39B,2026-05-12 17:21:42,2026-05-15 17:05:00,Priest,0,
Priest Rapids Tailrace STH,2,G729CD39B,2026-05-12 17:21:42,2026-05-15 17:05:00,Lower Ringold,1,2026-05-16 10:11:00
Priest Rapids Tailrace STH,2,G729CD546,2026-05-05 18:26:10,2026-05-07 16:28:00,Priest,0,
Priest Rapids Tailrace STH,2,G729CD546,2026-05-05 18:26:10,2026-05-07 16:28:00,Lower Ringold,1,2026-06-06 14:17:43
Priest Rapids Tailrace STH,1,G729CE5F8,2026-05-15 16:08:12,2026-05-17 16:25:00,Priest,0,
Priest Rapids Tailrace STH,1,G729CE5F8,2026-05-15 16:08:12,2026-05-17 16:25:00,Lower Ringold,1,2026-05-18 14:32:45
Priest Rapids Tailrace STH,1,G729CE61A,2026-05-04 19:15:03,2026-05-06 16:47:00,Priest,0,
Priest Rapids Tailrace STH,1,G729CE61A,2026-05-04 19:15:03,2026-05-06 16:47:00,Lower Ringold,1,2026-05-07 05:09:24
Priest Rapids Tailrace STH,2,G729CF9C6,2026-05-16 15:33:20,2026-05-18 17:15:00,Priest,0,
Priest Rapids Tailrace STH,2,G729CF9C6,2026-05-16 15:33:20,2026-05-18 17:15:00,Lower Ringold,1,2026-05-21 11:57:39
Priest Rapids Tailrace STH,1,G729D0828,2026-05-17 20:17:52,2026-05-19 15:26:00,Priest,0,
Priest Rapids Tailrace STH,1,G729D0828,2026-05-17 20:17:52,2026-05-19 15:26:00,Lower Ringold,1,2026-05-20 08:42:52
Priest Rapids Tailrace STH,1,G729D3F15,2026-04-29 17:40:37,2026-05-01 16:26:00,Priest,0,
Priest Rapids Tailrace STH,1,G729D3F15,2026-04-29 17:40:37,2026-05-01 16:26:00,Lower Ringold,1,2026-05-02 03:32:51
Priest Rapids Tailrace STH,1,G729D7791,2026-05-02 19:03:22,2026-05-04 16:25:00,Priest,0,
Priest Rapids Tailrace STH,1,G729D7791,2026-05-02 19:03:22,2026-05-04 16:25:00,Lower Ringold,1,2026-05-05 04:11:50
Priest Rapids Tailrace STH,2,G729D7A6C,2026-05-07 18:27:52,2026-05-09 16:31:00,Priest,0,
Priest Rapids Tailrace STH,2,G729D7A6C,2026-05-07 18:27:52,2026-05-09 16:31:00,Lower Ringold,1,2026-05-10 04:59:11
Priest Rapids Tailrace STH,2,G729DA3A7,2026-05-12 16:41:14,2026-05-15 17:05:00,Priest,0,
Priest Rapids Tailrace STH,2,G729DA3A7,2026-05-12 16:41:14,2026-05-15 17:05:00,Lower Ringold,1,2026-05-16 19:43:52
Priest Rapids Tailrace STH,2,G729DBC7B,2026-05-07 18:16:32,2026-05-09 16:31:00,Priest,0,
Priest Rapids Tailrace STH,2,G729DBC7B,2026-05-07 18:16:32,2026-05-09 16:31:00,Lower Ringold,1,2026-05-10 04:57:11
Priest Rapids Tailrace STH,2,G729DCA5E,2026-05-15 17:26:12,2026-05-17 16:25:00,Priest,0,
Priest Rapids Tailrace STH,2,G729DCA5E,2026-05-15 17:26:12,2026-05-17 16:25:00,Lower Ringold,1,2026-05-18 10:46:32
Priest Rapids Tailrace STH,1,G729DCC83,2026-05-07 17:27:08,2026-05-09 16:31:00,Priest,0,
Priest Rapids Tailrace STH,1,G729DCC83,2026-05-07 17:27:08,2026-05-09 16:31:00,Lower Ringold,1,2026-05-10 16:06:18
Priest Rapids Tailrace STH,1,G729DFFDF,2026-05-03 18:30:29,2026-05-05 17:13:00,Priest,0,
Priest Rapids Tailrace STH,1,G729DFFDF,2026-05-03 18:30:29,2026-05-05 17:13:00,Lower Ringold,1,2026-05-06 16:07:17
Priest Rapids Tailrace STH,3,G729EB08D,2026-05-19 19:31:56,2026-05-21 16:17:00,Priest,0,
Priest Rapids Tailrace STH,3,G729EB08D,2026-05-19 19:31:56,2026-05-21 16:17:00,Lower Ringold,1,2026-05-22 04:24:21
Priest Rapids Tailrace STH,3,G729EC7F6,2026-05-14 19:09:47,2026-05-16 16:35:00,Priest,0,
Priest Rapids Tailrace STH,3,G729EC7F6,2026-05-14 19:09:47,2026-05-16 16:35:00,Lower Ringold,1,2026-05-19 11:13:07
Priest Rapids Tailrace STH,3,G729EE2EA,2026-05-04 19:10:41,2026-05-06 16:47:00,Priest,0,
Priest Rapids Tailrace STH,3,G729EE2EA,2026-05-04 19:10:41,2026-05-06 16:47:00,Lower Ringold,1,2026-05-08 03:28:37
Priest Rapids Tailrace STH,3,G729EEB76,2026-04-25 18:40:56,2026-04-27 16:25:00,Priest,0,
Priest Rapids Tailrace STH,3,G729EEB76,2026-04-25 18:40:56,2026-04-27 16:25:00,Lower Ringold,0,
Priest Rapids Tailrace STH,3,G729F0544,2026-05-09 18:36:28,2026-05-11 16:32:00,Priest,0,
Priest Rapids Tailrace STH,3,G729F0544,2026-05-09 18:36:28,2026-05-11 16:32:00,Lower Ringold,0,
Priest Rapids Tailrace STH,3,G729F3746,2026-05-21 19:47:55,2026-05-23 17:10:00,Priest,0,
Priest Rapids Tailrace STH,3,G729F3746,2026-05-21 19:47:55,2026-05-23 17:10:00,Lower Ringold,1,2026-06-06 22:43:15
Priest Rapids Tailrace STH,3,G729F593C,2026-04-29 16:51:07,2026-05-01 16:26:00,Priest,0,
Priest Rapids Tailrace STH,3,G729F593C,2026-04-29 16:51:07,2026-05-01 16:26:00,Lower Ringold,1,2026-05-02 15:03:34
Priest Rapids Tailrace STH,3,G729F5FE1,2026-05-12 19:06:13,2026-05-15 17:05:00,Priest,0,
Priest Rapids Tailrace STH,3,G729F5FE1,2026-05-12 19:06:13,2026-05-15 17:05:00,Lower Ringold,0,
Priest Rapids Tailrace STH,3,G729F7841,2026-04-29 17:46:09,2026-05-01 16:26:00,Priest,0,
Priest Rapids Tailrace STH,3,G729F7841,2026-04-29 17:46:09,2026-05-01 16:26:00,Lower Ringold,1,2026-05-02 03:56:54
Priest Rapids Tailrace STH,3,G729F7C20,2026-05-15 17:17:43,2026-05-17 16:25:00,Priest,0,
Priest Rapids Tailrace STH,3,G729F7C20,2026-05-15 17:17:43,2026-05-17 16:25:00,Lower Ringold,1,2026-05-18 09:06:00
Priest Rapids Tailrace STH,3,G729FB576,2026-05-08 20:45:13,2026-05-10 16:20:00,Priest,0,
Priest Rapids Tailrace STH,3,G729FB576,2026-05-08 20:45:13,2026-05-10 16:20:00,Lower Ringold,1,2026-05-11 12:56:28
Priest Rapids Tailrace STH,3,G729FD172,2026-04-26 17:51:22,2026-04-28 15:47:00,Priest,0,
Priest Rapids Tailrace STH,3,G729FD172,2026-04-26 17:51:22,2026-04-28 15:47:00,Lower Ringold,1,2026-04-29 08:05:31
Priest Rapids Tailrace STH,1,G72A007CD,2026-05-04 18:06:46,2026-05-06 16:47:00,Priest,0,
Priest Rapids Tailrace STH,1,G72A007CD,2026-05-04 18:06:46,2026-05-06 16:47:00,Lower Ringold,1,2026-05-08 08:57:38
Priest Rapids Tailrace STH,3,G72A0BD81,2026-05-03 20:04:34,2026-05-05 17:13:00,Priest,0,
Priest Rapids Tailrace STH,3,G72A0BD81,2026-05-03 20:04:34,2026-05-05 17:13:00,Lower Ringold,1,2026-05-06 05:55:46
Priest Rapids Tailrace STH,3,G72A0CC27,2026-05-01 17:21:03,2026-05-03 16:31:00,Priest,0,
Priest Rapids Tailrace STH,3,G72A0CC27,2026-05-01 17:21:03,2026-05-03 16:31:00,Lower Ringold,1,2026-05-04 06:39:49
Priest Rapids Tailrace STH,3,G72A0D8DB,2026-05-16 16:39:07,2026-05-19 15:26:00,Priest,0,
Priest Rapids Tailrace STH,3,G72A0D8DB,2026-05-16 16:39:07,2026-05-19 15:26:00,Lower Ringold,1,2026-05-21 09:10:26
Priest Rapids Tailrace STH,3,G72A0EFE6,2026-05-02 18:49:02,2026-05-04 16:25:00,Priest,0,
Priest Rapids Tailrace STH,3,G72A0EFE6,2026-05-02 18:49:02,2026-05-04 16:25:00,Lower Ringold,1,2026-05-05 18:17:47
Priest Rapids Tailrace STH,1,G72A0F286,2026-04-23 21:30:00,2026-04-25 16:05:00,Priest,0,
Priest Rapids Tailrace STH,1,G72A0F286,2026-04-23 21:30:00,2026-04-25 16:05:00,Lower Ringold,1,2026-04-26 06:12:55
Priest Rapids Tailrace STH,3,G72A0F45B,2026-05-06 18:49:38,2026-05-09 16:31:00,Priest,0,
Priest Rapids Tailrace STH,3,G72A0F45B,2026-05-06 18:49:38,2026-05-09 16:31:00,Lower Ringold,1,2026-05-12 06:30:09
Priest Rapids Tailrace STH,3,G72A1008A,2026-05-07 18:23:59,2026-05-09 16:31:00,Priest,0,
Priest Rapids Tailrace STH,3,G72A1008A,2026-05-07 18:23:59,2026-05-09 16:31:00,Lower Ringold,0,
Priest Rapids Tailrace STH,1,G72A11CB4,2026-05-20 19:00:45,2026-05-22 16:26:00,Priest,0,
Priest Rapids Tailrace STH,1,G72A11CB4,2026-05-20 19:00:45,2026-05-22 16:26:00,Lower Ringold,1,2026-05-23 08:22:30
Priest Rapids Tailrace STH,3,G72A13C97,2026-05-19 19:32:29,2026-05-22 16:26:00,Priest,0,
Priest Rapids Tailrace STH,3,G72A13C97,2026-05-19 19:32:29,2026-05-22 16:26:00,Lower Ringold,1,2026-05-23 10:36:24
Priest Rapids Tailrace STH,3,G72A15F10,2026-05-06 18:13:50,2026-05-09 16:31:00,Priest,0,
Priest Rapids Tailrace STH,3,G72A15F10,2026-05-06 18:13:50,2026-05-09 16:31:00,Lower Ringold,0,
Priest Rapids Tailrace STH,2,G72A195A4,2026-05-08 16:59:00,2026-05-10 16:20:00,Priest,0,
Priest Rapids Tailrace STH,2,G72A195A4,2026-05-08 16:59:00,2026-05-10 16:20:00,Lower Ringold,1,2026-05-11 09:58:18
Priest Rapids Tailrace STH,1,G72A1A025,2026-05-12 16:39:08,2026-05-15 17:05:00,Priest,0,
Priest Rapids Tailrace STH,1,G72A1A025,2026-05-12 16:39:08,2026-05-15 17:05:00,Lower Ringold,1,2026-05-16 16:27:56
Priest Rapids Tailrace STH,3,G72A1B73B,2026-04-30 16:55:11,2026-05-02 16:36:00,Priest,0,
Priest Rapids Tailrace STH,3,G72A1B73B,2026-04-30 16:55:11,2026-05-02 16:36:00,Lower Ringold,0,
Priest Rapids Tailrace STH,3,G72A1D5E2,2026-05-01 18:57:43,2026-05-03 16:31:00,Priest,0,
Priest Rapids Tailrace STH,3,G72A1D5E2,2026-05-01 18:57:43,2026-05-03 16:31:00,Lower Ringold,1,2026-05-04 04:33:41
Priest Rapids Tailrace STH,2,G72A1F49F,2026-04-23 21:30:00,2026-04-25 16:05:00,Priest,0,
Priest Rapids Tailrace STH,2,G72A1F49F,2026-04-23 21:30:00,2026-04-25 16:05:00,Lower Ringold,0,
Priest Rapids Tailrace STH,2,G72A22D01,2026-05-02 17:41:36,2026-05-04 16:25:00,Priest,0,
Priest Rapids Tailrace STH,2,G72A22D01,2026-05-02 17:41:36,2026-05-04 16:25:00,Lower Ringold,1,2026-05-05 08:49:01
Priest Rapids Tailrace STH,1,G72A25B24,2026-05-10 17:39:23,2026-05-12 16:15:00,Priest,0,
Priest Rapids Tailrace STH,1,G72A25B24,2026-05-10 17:39:23,2026-05-12 16:15:00,Lower Ringold,1,2026-05-18 01:07:12
Priest Rapids Tailrace STH,1,G72A2AF31,2026-05-21 19:50:10,2026-05-23 17:10:00,Priest,0,
Priest Rapids Tailrace STH,1,G72A2AF31,2026-05-21 19:50:10,2026-05-23 17:10:00,Lower Ringold,1,2026-05-24 05:30:24
Priest Rapids Tailrace STH,2,G72A2DAF6,2026-05-06 18:51:06,2026-05-09 16:31:00,Priest,0,
Priest Rapids Tailrace STH,2,G72A2DAF6,2026-05-06 18:51:06,2026-05-09 16:31:00,Lower Ringold,1,2026-05-10 05:02:00
Priest Rapids Tailrace STH,2,G72A35322,2026-05-09 18:29:13,2026-05-11 16:32:00,Priest,0,
Priest Rapids Tailrace STH,2,G72A35322,2026-05-09 18:29:13,2026-05-11 16:32:00,Lower Ringold,1,2026-05-12 04:26:47
Priest Rapids Tailrace STH,1,G72A37BC3,2026-05-12 18:56:37,2026-05-15 17:05:00,Priest,0,
Priest Rapids Tailrace STH,1,G72A37BC3,2026-05-12 18:56:37,2026-05-15 17:05:00,Lower Ringold,1,2026-05-16 03:51:38
Priest Rapids Tailrace STH,1,G72A38AE9,2026-05-14 19:04:36,2026-05-16 16:35:00,Priest,0,
Priest Rapids Tailrace STH,1,G72A38AE9,2026-05-14 19:04:36,2026-05-16 16:35:00,Lower Ringold,1,2026-05-17 05:31:54
Priest Rapids Tailrace STH,1,G72A3CAAF,2026-04-25 18:43:18,2026-04-27 16:25:00,Priest,0,
Priest Rapids Tailrace STH,1,G72A3CAAF,2026-04-25 18:43:18,2026-04-27 16:25:00,Lower Ringold,1,2026-04-28 07:31:48
Priest Rapids Tailrace STH,3,G72A3F38D,2026-04-28 19:42:08,2026-04-30 16:19:00,Priest,0,
Priest Rapids Tailrace STH,3,G72A3F38D,2026-04-28 19:42:08,2026-04-30 16:19:00,Lower Ringold,1,2026-05-01 05:58:06
Priest Rapids Tailrace STH,3,G72A40397,2026-04-28 19:38:33,2026-04-30 16:19:00,Priest,0,
Priest Rapids Tailrace STH,3,G72A40397,2026-04-28 19:38:33,2026-04-30 16:19:00,Lower Ringold,1,2026-05-01 15:06:35
Priest Rapids Tailrace STH,3,G72A41A96,2026-05-09 18:33:26,2026-05-11 16:32:00,Priest,0,
Priest Rapids Tailrace STH,3,G72A41A96,2026-05-09 18:33:26,2026-05-11 16:32:00,Lower Ringold,1,2026-05-12 03:30:23
Priest Rapids Tailrace STH,3,G72A422EA,2026-05-09 18:25:27,2026-05-11 16:32:00,Priest,0,
Priest Rapids Tailrace STH,3,G72A422EA,2026-05-09 18:25:27,2026-05-11 16:32:00,Lower Ringold,1,2026-05-12 04:06:29
Priest Rapids Tailrace STH,3,G72A42B76,2026-05-03 19:46:26,2026-05-05 17:13:00,Priest,0,
Priest Rapids Tailrace STH,3,G72A42B76,2026-05-03 19:46:26,2026-05-05 17:13:00,Lower Ringold,1,2026-05-06 04:08:31
Priest Rapids Tailrace STH,3,G72A450AE,2026-05-16 15:20:43,2026-05-18 17:15:00,Priest,0,
Priest Rapids Tailrace STH,3,G72A450AE,2026-05-16 15:20:43,2026-05-18 17:15:00,Lower Ringold,1,2026-05-19 15:30:10
Priest Rapids Tailrace STH,3,G72A48A87,2026-05-07 17:27:49,2026-05-09 16:31:00,Priest,0,
Priest Rapids Tailrace STH,3,G72A48A87,2026-05-07 17:27:49,2026-05-09 16:31:00,Lower Ringold,0,
Priest Rapids Tailrace STH,3,G72A492D8,2026-04-23 21:30:00,2026-04-25 16:05:00,Priest,0,
Priest Rapids Tailrace STH,3,G72A492D8,2026-04-23 21:30:00,2026-04-25 16:05:00,Lower Ringold,1,2026-04-26 06:09:42
Priest Rapids Tailrace STH,3,G72A4A946,2026-05-06 18:58:02,2026-05-09 16:31:00,Priest,0,
Priest Rapids Tailrace STH,3,G72A4A946,2026-05-06 18:58:02,2026-05-09 16:31:00,Lower Ringold,1,2026-05-11 19:00:49
Priest Rapids Tailrace STH,3,G72A4D29E,2026-05-02 18:54:35,2026-05-04 16:25:00,Priest,0,
Priest Rapids Tailrace STH,3,G72A4D29E,2026-05-02 18:54:35,2026-05-04 16:25:00,Lower Ringold,1,2026-05-05 09:07:51
Priest Rapids Tailrace STH,3,G72A4F3E3,2026-05-12 16:49:51,2026-05-15 17:05:00,Priest,0,
Priest Rapids Tailrace STH,3,G72A4F3E3,2026-05-12 16:49:51,2026-05-15 17:05:00,Lower Ringold,1,2026-05-16 18:57:18
Priest Rapids Tailrace STH,3,G72A50C12,2026-05-14 19:07:32,2026-05-16 16:35:00,Priest,0,
Priest Rapids Tailrace STH,3,G72A50C12,2026-05-14 19:07:32,2026-05-16 16:35:00,Lower Ringold,1,2026-05-17 04:43:53
Priest Rapids Tailrace STH,3,G72A52E8D,2026-05-07 18:23:21,2026-05-09 16:31:00,Priest,0,
Priest Rapids Tailrace STH,3,G72A52E8D,2026-05-07 18:23:21,2026-05-09 16:31:00,Lower Ringold,1,2026-05-10 04:16:18
Priest Rapids Tailrace STH,3,G72A5462A,2026-04-28 22:34:48,2026-04-30 16:19:00,Priest,0,
Priest Rapids Tailrace STH,3,G72A5462A,2026-04-28 22:34:48,2026-04-30 16:19:00,Lower Ringold,0,
Priest Rapids Tailrace STH,3,G72A55E75,2026-05-17 19:58:43,2026-05-19 15:26:00,Priest,0,
Priest Rapids Tailrace STH,3,G72A55E75,2026-05-17 19:58:43,2026-05-19 15:26:00,Lower Ringold,1,2026-05-20 12:52:40
Priest Rapids Tailrace STH,3,G72A57049,2026-05-09 18:46:38,2026-05-11 16:32:00,Priest,0,
Priest Rapids Tailrace STH,3,G72A57049,2026-05-09 18:46:38,2026-05-11 16:32:00,Lower Ringold,1,2026-05-17 05:47:30
Priest Rapids Tailrace STH,3,G72A573AB,2026-04-30 16:44:03,2026-05-02 16:36:00,Priest,0,
Priest Rapids Tailrace STH,3,G72A573AB,2026-04-30 16:44:03,2026-05-02 16:36:00,Lower Ringold,1,2026-05-03 07:15:57
Priest Rapids Tailrace STH,3,G72A5A79D,2026-05-09 17:02:15,2026-05-11 16:32:00,Priest,0,
Priest Rapids Tailrace STH,3,G72A5A79D,2026-05-09 17:02:15,2026-05-11 16:32:00,Lower Ringold,1,2026-05-12 05:55:21
Priest Rapids Tailrace STH,3,G72A5E567,2026-04-25 18:30:58,2026-04-27 16:25:00,Priest,0,
Priest Rapids Tailrace STH,3,G72A5E567,2026-04-25 18:30:58,2026-04-27 16:25:00,Lower Ringold,1,2026-04-28 10:09:53
Priest Rapids Tailrace STH,3,G72A61418,2026-05-02 19:09:07,2026-05-05 17:13:00,Priest,0,
Priest Rapids Tailrace STH,3,G72A61418,2026-05-02 19:09:07,2026-05-05 17:13:00,Lower Ringold,1,2026-05-06 06:03:00
Priest Rapids Tailrace STH,3,G72A6493E,2026-04-24 21:33:17,2026-04-26 16:25:00,Priest,0,
Priest Rapids Tailrace STH,3,G72A6493E,2026-04-24 21:33:17,2026-04-26 16:25:00,Lower Ringold,1,2026-05-17 00:38:26
Priest Rapids Tailrace STH,3,G72A6665C,2026-05-09 18:27:23,2026-05-11 16:32:00,Priest,0,
Priest Rapids Tailrace STH,3,G72A6665C,2026-05-09 18:27:23,2026-05-11 16:32:00,Lower Ringold,1,2026-05-12 02:59:14
Priest Rapids Tailrace STH,3,G72A67DE1,2026-04-25 18:37:23,2026-04-27 16:25:00,Priest,0,
Priest Rapids Tailrace STH,3,G72A67DE1,2026-04-25 18:37:23,2026-04-27 16:25:00,Lower Ringold,1,2026-04-28 20:47:56
Priest Rapids Tailrace STH,3,G72A69D08,2026-05-20 18:51:43,2026-05-22 16:26:00,Priest,0,
Priest Rapids Tailrace STH,3,G72A69D08,2026-05-20 18:51:43,2026-05-22 16:26:00,Lower Ringold,0,
Priest Rapids Tailrace STH,3,G72A6CA50,2026-05-08 20:40:34,2026-05-10 16:20:00,Priest,0,
Priest Rapids Tailrace STH,3,G72A6CA50,2026-05-08 20:40:34,2026-05-10 16:20:00,Lower Ringold,0,
Priest Rapids Tailrace STH,3,G72A71582,2026-05-03 18:46:16,2026-05-05 17:13:00,Priest,0,
Priest Rapids Tailrace STH,3,G72A71582,2026-05-03 18:46:16,2026-05-05 17:13:00,Lower Ringold,1,2026-05-07 05:03:26
Priest Rapids Tailrace STH,3,G72A7AD72,2026-05-10 18:01:24,2026-05-12 16:15:00,Priest,0,
Priest Rapids Tailrace STH,3,G72A7AD72,2026-05-10 18:01:24,2026-05-12 16:15:00,Lower Ringold,1,2026-05-13 04:07:58
Priest Rapids Tailrace STH,3,G72A7BA6C,2026-04-29 17:38:58,2026-05-01 16:26:00,Priest,0,
Priest Rapids Tailrace STH,3,G72A7BA6C,2026-04-29 17:38:58,2026-05-01 16:26:00,Lower Ringold,1,2026-05-02 03:24:59
Priest Rapids Tailrace STH,3,G72A7C308,2026-05-16 15:24:31,2026-05-18 17:15:00,Priest,0,
Priest Rapids Tailrace STH,3,G72A7C308,2026-05-16 15:24:31,2026-05-18 17:15:00,Lower Ringold,1,2026-05-20 03:11:42
Priest Rapids Tailrace STH,3,G72A7D7F4,2026-05-09 18:25:07,2026-05-11 16:32:00,Priest,0,
Priest Rapids Tailrace STH,3,G72A7D7F4,2026-05-09 18:25:07,2026-05-11 16:32:00,Lower Ringold,1,2026-05-12 09:22:04
Priest Rapids Tailrace STH,3,G72A7D9EB,2026-04-23 21:30:00,2026-04-25 16:05:00,Priest,0,
Priest Rapids Tailrace STH,3,G72A7D9EB,2026-04-23 21:30:00,2026-04-25 16:05:00,Lower Ringold,1,2026-04-26 07:06:48
Priest Rapids Tailrace STH,2,G72A85A9D,2026-05-04 17:58:20,2026-05-06 16:47:00,Priest,0,
Priest Rapids Tailrace STH,2,G72A85A9D,2026-05-04 17:58:20,2026-05-06 16:47:00,Lower Ringold,1,2026-05-07 09:29:31
Priest Rapids Tailrace STH,2,G72A869C1,2026-05-06 17:55:36,2026-05-09 16:31:00,Priest,0,
Priest Rapids Tailrace STH,2,G72A869C1,2026-05-06 17:55:36,2026-05-09 16:31:00,Lower Ringold,0,
Priest Rapids Tailrace STH,2,G72A86CFE,2026-05-14 17:42:46,2026-05-16 16:35:00,Priest,0,
Priest Rapids Tailrace STH,2,G72A86CFE,2026-05-14 17:42:46,2026-05-16 16:35:00,Lower Ringold,0,
Priest Rapids Tailrace STH,2,G72A88928,2026-04-23 21:32:19,2026-04-25 16:05:00,Priest,0,
Priest Rapids Tailrace STH,2,G72A88928,2026-04-23 21:32:19,2026-04-25 16:05:00,Lower Ringold,1,2026-04-26 19:12:32
Priest Rapids Tailrace STH,1,G72A8A90B,2026-05-11 16:55:42,2026-05-14 16:30:00,Priest,0,
Priest Rapids Tailrace STH,1,G72A8A90B,2026-05-11 16:55:42,2026-05-14 16:30:00,Lower Ringold,1,2026-05-15 18:45:02
Priest Rapids Tailrace STH,2,G72A8BCA9,2026-05-20 18:47:54,2026-05-22 16:26:00,Priest,0,
Priest Rapids Tailrace STH,2,G72A8BCA9,2026-05-20 18:47:54,2026-05-22 16:26:00,Lower Ringold,0,
Priest Rapids Tailrace STH,2,G72A8DF2E,2026-05-20 19:06:37,2026-05-22 16:26:00,Priest,0,
Priest Rapids Tailrace STH,2,G72A8DF2E,2026-05-20 19:06:37,2026-05-22 16:26:00,Lower Ringold,1,2026-05-23 04:44:47
Priest Rapids Tailrace STH,2,G72A8F88E,2026-05-02 19:09:40,2026-05-05 17:13:00,Priest,0,
Priest Rapids Tailrace STH,2,G72A8F88E,2026-05-02 19:09:40,2026-05-05 17:13:00,Lower Ringold,1,2026-05-06 08:57:03
Priest Rapids Tailrace STH,1,G72A91CC2,2026-04-30 16:59:05,2026-05-02 16:36:00,Priest,0,
Priest Rapids Tailrace STH,1,G72A91CC2,2026-04-30 16:59:05,2026-05-02 16:36:00,Lower Ringold,1,2026-05-03 08:54:29
Priest Rapids Tailrace STH,1,G72A925E0,2026-04-23 21:30:00,2026-04-25 16:05:00,Priest,0,
Priest Rapids Tailrace STH,1,G72A925E0,2026-04-23 21:30:00,2026-04-25 16:05:00,Lower Ringold,1,2026-05-09 17:02:32
Priest Rapids Tailrace STH,2,G72A96225,2026-05-12 16:50:14,2026-05-15 17:05:00,Priest,0,
Priest Rapids Tailrace STH,2,G72A96225,2026-05-12 16:50:14,2026-05-15 17:05:00,Lower Ringold,1,2026-05-16 10:20:49
Priest Rapids Tailrace STH,2,G72A98CD3,2026-05-14 17:26:42,2026-05-16 16:35:00,Priest,0,
Priest Rapids Tailrace STH,2,G72A98CD3,2026-05-14 17:26:42,2026-05-16 16:35:00,Lower Ringold,0,
Priest Rapids Tailrace STH,2,G72A9A2EF,2026-05-05 18:21:27,2026-05-07 16:28:00,Priest,0,
Priest Rapids Tailrace STH,2,G72A9A2EF,2026-05-05 18:21:27,2026-05-07 16:28:00,Lower Ringold,1,2026-05-20 11:10:13
Priest Rapids Tailrace STH,2,G72A9CB16,2026-05-06 19:16:13,2026-05-09 16:31:00,Priest,0,
Priest Rapids Tailrace STH,2,G72A9CB16,2026-05-06 19:16:13,2026-05-09 16:31:00,Lower Ringold,1,2026-05-10 04:14:48
Priest Rapids Tailrace STH,2,G72A9D217,2026-04-26 18:00:18,2026-04-28 15:47:00,Priest,0,
Priest Rapids Tailrace STH,2,G72A9D217,2026-04-26 18:00:18,2026-04-28 15:47:00,Lower Ringold,1,2026-04-29 07:48:55
Priest Rapids Tailrace STH,3,G72AA2E95,2026-04-30 16:42:05,2026-05-02 16:36:00,Priest,0,
Priest Rapids Tailrace STH,3,G72AA2E95,2026-04-30 16:42:05,2026-05-02 16:36:00,Lower Ringold,1,2026-05-04 07:37:25
Priest Rapids Tailrace STH,3,G72AA40EF,2026-05-01 19:01:31,2026-05-03 16:31:00,Priest,0,
Priest Rapids Tailrace STH,3,G72AA40EF,2026-05-01 19:01:31,2026-05-03 16:31:00,Lower Ringold,1,2026-05-04 06:51:02
Priest Rapids Tailrace STH,3,G72AA41B1,2026-05-15 16:19:16,2026-05-17 16:25:00,Priest,0,
Priest Rapids Tailrace STH,3,G72AA41B1,2026-05-15 16:19:16,2026-05-17 16:25:00,Lower Ringold,0,
Priest Rapids Tailrace STH,3,G72AA58B0,2026-05-01 17:20:38,2026-05-03 16:31:00,Priest,0,
Priest Rapids Tailrace STH,3,G72AA58B0,2026-05-01 17:20:38,2026-05-03 16:31:00,Lower Ringold,1,2026-05-04 07:03:39
Priest Rapids Tailrace STH,3,G72AA8DD8,2026-05-01 17:25:16,2026-05-03 16:31:00,Priest,0,
Priest Rapids Tailrace STH,3,G72AA8DD8,2026-05-01 17:25:16,2026-05-03 16:31:00,Lower Ringold,1,2026-05-04 11:53:37
Priest Rapids Tailrace STH,2,G72AB2110,2026-04-27 18:43:29,2026-04-29 16:07:00,Priest,0,
Priest Rapids Tailrace STH,2,G72AB2110,2026-04-27 18:43:29,2026-04-29 16:07:00,Lower Ringold,1,2026-04-30 06:36:34
Priest Rapids Tailrace STH,2,G72AB27CD,2026-05-07 18:19:15,2026-05-09 16:31:00,Priest,0,
Priest Rapids Tailrace STH,2,G72AB27CD,2026-05-07 18:19:15,2026-05-09 16:31:00,Lower Ringold,1,2026-05-10 03:58:55
Priest Rapids Tailrace STH,1,G72ABFE06,2026-04-26 17:50:59,2026-04-28 15:47:00,Priest,0,
Priest Rapids Tailrace STH,1,G72ABFE06,2026-04-26 17:50:59,2026-04-28 15:47:00,Lower Ringold,1,2026-04-29 12:53:44
Priest Rapids Tailrace STH,3,G72AC7A85,2026-04-29 17:38:29,2026-05-01 16:26:00,Priest,0,
Priest Rapids Tailrace STH,3,G72AC7A85,2026-04-29 17:38:29,2026-05-01 16:26:00,Lower Ringold,0,
Priest Rapids Tailrace STH,3,G72AC92AE,2026-04-29 17:05:26,2026-05-01 16:26:00,Priest,0,
Priest Rapids Tailrace STH,3,G72AC92AE,2026-04-29 17:05:26,2026-05-01 16:26:00,Lower Ringold,1,2026-05-02 14:30:41
Priest Rapids Tailrace STH,1,G72ACF8B5,2026-05-15 16:24:08,2026-05-17 16:25:00,Priest,0,
Priest Rapids Tailrace STH,1,G72ACF8B5,2026-05-15 16:24:08,2026-05-17 16:25:00,Lower Ringold,1,2026-05-18 15:51:28
Priest Rapids Tailrace STH,1,G72AD5142,2026-05-05 18:25:28,2026-05-07 16:28:00,Priest,0,
Priest Rapids Tailrace STH,1,G72AD5142,2026-05-05 18:25:28,2026-05-07 16:28:00,Lower Ringold,1,2026-05-08 03:12:30
Priest Rapids Tailrace STH,1,G72AD804B,2026-05-08 17:09:30,2026-05-10 16:20:00,Priest,0,
Priest Rapids Tailrace STH,1,G72AD804B,2026-05-08 17:09:30,2026-05-10 16:20:00,Lower Ringold,1,2026-05-12 06:00:54
Priest Rapids Tailrace STH,1,G72AD89D7,2026-05-05 16:36:23,2026-05-07 16:28:00,Priest,0,
Priest Rapids Tailrace STH,1,G72AD89D7,2026-05-05 16:36:23,2026-05-07 16:28:00,Lower Ringold,1,2026-05-08 13:09:11
Priest Rapids Tailrace STH,1,G72AD9334,2026-05-08 17:08:40,2026-05-10 16:20:00,Priest,0,
Priest Rapids Tailrace STH,1,G72AD9334,2026-05-08 17:08:40,2026-05-10 16:20:00,Lower Ringold,1,2026-05-11 04:54:17
Priest Rapids Tailrace STH,1,G72ADB837,2026-05-21 19:28:19,2026-05-23 17:10:00,Priest,0,
Priest Rapids Tailrace STH,1,G72ADB837,2026-05-21 19:28:19,2026-05-23 17:10:00,Lower Ringold,0,
Priest Rapids Tailrace STH,1,G72ADC532,2026-05-01 18:44:16,2026-05-03 16:31:00,Priest,0,
Priest Rapids Tailrace STH,1,G72ADC532,2026-05-01 18:44:16,2026-05-03 16:31:00,Lower Ringold,1,2026-05-04 13:04:07
Priest Rapids Tailrace STH,1,G72ADE292,2026-05-01 18:34:44,2026-05-03 16:31:00,Priest,0,
Priest Rapids Tailrace STH,1,G72ADE292,2026-05-01 18:34:44,2026-05-03 16:31:00,Lower Ringold,1,2026-05-04 10:44:29
Priest Rapids Tailrace STH,3,G72AE0E8D,2026-05-16 15:20:13,2026-05-18 17:15:00,Priest,0,
Priest Rapids Tailrace STH,3,G72AE0E8D,2026-05-16 15:20:13,2026-05-18 17:15:00,Lower Ringold,1,2026-05-20 02:37:35
Priest Rapids Tailrace STH,3,G72AE33CE,2026-05-01 18:48:38,2026-05-03 16:31:00,Priest,0,
Priest Rapids Tailrace STH,3,G72AE33CE,2026-05-01 18:48:38,2026-05-03 16:31:00,Lower Ringold,1,2026-05-04 03:21:52
Priest Rapids Tailrace STH,3,G72AE7D97,2026-05-05 17:03:39,2026-05-07 16:28:00,Priest,0,
Priest Rapids Tailrace STH,3,G72AE7D97,2026-05-05 17:03:39,2026-05-07 16:28:00,Lower Ringold,1,2026-05-08 07:34:30
Priest Rapids Tailrace STH,3,G72AE9BA3,2026-05-04 18:04:56,2026-05-06 16:47:00,Priest,0,
Priest Rapids Tailrace STH,3,G72AE9BA3,2026-05-04 18:04:56,2026-05-06 16:47:00,Lower Ringold,0,
Priest Rapids Tailrace STH,3,G72AEB862,2026-05-11 17:52:36,2026-05-14 16:30:00,Priest,0,
Priest Rapids Tailrace STH,3,G72AEB862,2026-05-11 17:52:36,2026-05-14 16:30:00,Lower Ringold,0,
Priest Rapids Tailrace STH,3,G72AEBADE,2026-05-08 17:07:48,2026-05-10 16:20:00,Priest,0,
Priest Rapids Tailrace STH,3,G72AEBADE,2026-05-08 17:07:48,2026-05-10 16:20:00,Lower Ringold,1,2026-05-12 04:13:46
Priest Rapids Tailrace STH,3,G72AEF5D9,2026-04-29 17:41:54,2026-05-01 16:26:00,Priest,0,
Priest Rapids Tailrace STH,3,G72AEF5D9,2026-04-29 17:41:54,2026-05-01 16:26:00,Lower Ringold,1,2026-05-02 05:43:51
Priest Rapids Tailrace STH,3,G72AF0056,2026-05-03 19:44:31,2026-05-05 17:13:00,Priest,0,
Priest Rapids Tailrace STH,3,G72AF0056,2026-05-03 19:44:31,2026-05-05 17:13:00,Lower Ringold,1,2026-05-06 08:10:35
Priest Rapids Tailrace STH,3,G72AF0F17,2026-04-26 17:44:43,2026-04-28 15:47:00,Priest,0,
Priest Rapids Tailrace STH,3,G72AF0F17,2026-04-26 17:44:43,2026-04-28 15:47:00,Lower Ringold,1,2026-04-29 05:15:31
Priest Rapids Tailrace STH,3,G72AF14AA,2026-05-09 18:50:02,2026-05-11 16:32:00,Priest,0,
Priest Rapids Tailrace STH,3,G72AF14AA,2026-05-09 18:50:02,2026-05-11 16:32:00,Lower Ringold,1,2026-05-16 13:37:45
Priest Rapids Tailrace STH,3,G72AF1616,2026-05-07 17:09:42,2026-05-09 16:31:00,Priest,0,
Priest Rapids Tailrace STH,3,G72AF1616,2026-05-07 17:09:42,2026-05-09 16:31:00,Lower Ringold,1,2026-05-11 02:44:10
Priest Rapids Tailrace STH,3,G72AF2397,2026-05-20 19:03:49,2026-05-22 16:26:00,Priest,0,
Priest Rapids Tailrace STH,3,G72AF2397,2026-05-20 19:03:49,2026-05-22 16:26:00,Lower Ringold,1,2026-05-23 07:29:52
Priest Rapids Tailrace STH,1,G72AF650C,2026-05-10 17:52:01,2026-05-12 16:15:00,Priest,0,
Priest Rapids Tailrace STH,1,G72AF650C,2026-05-10 17:52:01,2026-05-12 16:15:00,Lower Ringold,1,2026-05-13 09:13:28
Priest Rapids Tailrace STH,1,G72AF969A,2026-05-12 18:57:05,2026-05-15 17:05:00,Priest,0,
Priest Rapids Tailrace STH,1,G72AF969A,2026-05-12 18:57:05,2026-05-15 17:05:00,Lower Ringold,0,
Priest Rapids Tailrace STH,1,G72AF97C4,2026-05-12 16:50:40,2026-05-15 17:05:00,Priest,0,
Priest Rapids Tailrace STH,1,G72AF97C4,2026-05-12 16:50:40,2026-05-15 17:05:00,Lower Ringold,1,2026-05-16 11:43:20
Priest Rapids Tailrace STH,1,G72AFE923,2026-05-07 18:32:45,2026-05-09 16:31:00,Priest,0,
Priest Rapids Tailrace STH,1,G72AFE923,2026-05-07 18:32:45,2026-05-09 16:31:00,Lower Ringold,1,2026-05-10 05:51:02
Priest Rapids Tailrace STH,1,G72B01A41,2026-05-09 17:02:41,2026-05-11 16:32:00,Priest,0,
Priest Rapids Tailrace STH,1,G72B01A41,2026-05-09 17:02:41,2026-05-11 16:32:00,Lower Ringold,1,2026-05-13 21:50:54
Priest Rapids Tailrace STH,1,G72B01B1F,2026-05-11 17:51:28,2026-05-14 16:30:00,Priest,0,
Priest Rapids Tailrace STH,1,G72B01B1F,2026-05-11 17:51:28,2026-05-14 16:30:00,Lower Ringold,1,2026-05-15 16:32:26
Priest Rapids Tailrace STH,1,G72B038DE,2026-04-30 17:58:27,2026-05-02 16:36:00,Priest,0,
Priest Rapids Tailrace STH,1,G72B038DE,2026-04-30 17:58:27,2026-05-02 16:36:00,Lower Ringold,1,2026-05-03 02:53:08
Priest Rapids Tailrace STH,1,G72B04767,2026-04-29 17:40:03,2026-05-01 16:26:00,Priest,0,
Priest Rapids Tailrace STH,1,G72B04767,2026-04-29 17:40:03,2026-05-01 16:26:00,Lower Ringold,1,2026-05-02 02:47:54
Priest Rapids Tailrace STH,1,G72B0A8CF,2026-05-07 17:13:17,2026-05-09 16:31:00,Priest,0,
Priest Rapids Tailrace STH,1,G72B0A8CF,2026-05-07 17:13:17,2026-05-09 16:31:00,Lower Ringold,1,2026-05-10 04:38:49
Priest Rapids Tailrace STH,1,G72B0CCCB,2026-05-10 16:45:48,2026-05-12 16:15:00,Priest,0,
Priest Rapids Tailrace STH,1,G72B0CCCB,2026-05-10 16:45:48,2026-05-12 16:15:00,Lower Ringold,1,2026-05-13 08:07:05
Priest Rapids Tailrace STH,1,G72B0FEC9,2026-05-14 19:13:41,2026-05-16 16:35:00,Priest,0,
Priest Rapids Tailrace STH,1,G72B0FEC9,2026-05-14 19:13:41,2026-05-16 16:35:00,Lower Ringold,1,2026-05-18 02:23:07
Priest Rapids Tailrace STH,1,G72B14A5E,2026-05-03 18:18:45,2026-05-05 17:13:00,Priest,0,
Priest Rapids Tailrace STH,1,G72B14A5E,2026-05-03 18:18:45,2026-05-05 17:13:00,Lower Ringold,1,2026-05-06 06:08:56
Priest Rapids Tailrace STH,1,G72B1699F,2026-04-30 18:01:33,2026-05-02 16:36:00,Priest,0,
Priest Rapids Tailrace STH,1,G72B1699F,2026-04-30 18:01:33,2026-05-02 16:36:00,Lower Ringold,1,2026-05-05 19:56:43
Priest Rapids Tailrace STH,1,G72B1A275,2026-04-30 18:07:09,2026-05-02 16:36:00,Priest,0,
Priest Rapids Tailrace STH,1,G72B1A275,2026-04-30 18:07:09,2026-05-02 16:36:00,Lower Ringold,1,2026-05-04 20:30:53
Priest Rapids Tailrace STH,1,G72B1C72F,2026-04-29 17:36:15,2026-05-01 16:26:00,Priest,0,
Priest Rapids Tailrace STH,1,G72B1C72F,2026-04-29 17:36:15,2026-05-01 16:26:00,Lower Ringold,1,2026-05-02 05:05:43
Priest Rapids Tailrace STH,1,G72B1CEB3,2026-05-04 18:01:30,2026-05-06 16:47:00,Priest,0,
Priest Rapids Tailrace STH,1,G72B1CEB3,2026-05-04 18:01:30,2026-05-06 16:47:00,Lower Ringold,1,2026-05-08 12:35:38
Priest Rapids Tailrace STH,1,G72B1F6CF,2026-04-26 17:48:54,2026-04-28 15:47:00,Priest,0,
Priest Rapids Tailrace STH,1,G72B1F6CF,2026-04-26 17:48:54,2026-04-28 15:47:00,Lower Ringold,1,2026-04-30 15:32:22
Priest Rapids Tailrace STH,1,G72B209AF,2026-05-05 17:04:16,2026-05-07 16:28:00,Priest,0,
Priest Rapids Tailrace STH,1,G72B209AF,2026-05-05 17:04:16,2026-05-07 16:28:00,Lower Ringold,1,2026-05-08 07:39:42
Priest Rapids Tailrace STH,1,G72B2134C,2026-05-11 17:54:44,2026-05-14 16:30:00,Priest,0,
Priest Rapids Tailrace STH,1,G72B2134C,2026-05-11 17:54:44,2026-05-14 16:30:00,Lower Ringold,1,2026-05-15 07:04:50
Priest Rapids Tailrace STH,1,G72B23911,2026-05-14 19:03:18,2026-05-16 16:35:00,Priest,0,
Priest Rapids Tailrace STH,1,G72B23911,2026-05-14 19:03:18,2026-05-16 16:35:00,Lower Ringold,1,2026-05-18 12:52:09
Priest Rapids Tailrace STH,1,G72B24397,2026-05-04 18:01:46,2026-05-06 16:47:00,Priest,0,
Priest Rapids Tailrace STH,1,G72B24397,2026-05-04 18:01:46,2026-05-06 16:47:00,Lower Ringold,1,2026-05-07 11:46:30
Priest Rapids Tailrace STH,1,G72B251B6,2026-05-02 17:39:01,2026-05-04 16:25:00,Priest,0,
Priest Rapids Tailrace STH,1,G72B251B6,2026-05-02 17:39:01,2026-05-04 16:25:00,Lower Ringold,1,2026-05-05 05:57:33
Priest Rapids Tailrace STH,1,G72B2576B,2026-05-06 17:51:39,2026-05-09 16:31:00,Priest,0,
Priest Rapids Tailrace STH,1,G72B2576B,2026-05-06 17:51:39,2026-05-09 16:31:00,Lower Ringold,1,2026-05-10 13:52:20
Priest Rapids Tailrace STH,1,G72B26569,2026-05-04 19:10:13,2026-05-06 16:47:00,Priest,0,
Priest Rapids Tailrace STH,1,G72B26569,2026-05-04 19:10:13,2026-05-06 16:47:00,Lower Ringold,1,2026-05-07 03:55:15
Priest Rapids Tailrace STH,1,G72B26B76,2026-04-23 21:30:00,2026-04-25 16:05:00,Priest,0,
Priest Rapids Tailrace STH,1,G72B26B76,2026-04-23 21:30:00,2026-04-25 16:05:00,Lower Ringold,1,2026-04-26 04:55:03
Priest Rapids Tailrace STH,1,G72B2C83B,2026-05-15 16:18:49,2026-05-17 16:25:00,Priest,0,
Priest Rapids Tailrace STH,1,G72B2C83B,2026-05-15 16:18:49,2026-05-17 16:25:00,Lower Ringold,1,2026-05-18 06:54:33
Priest Rapids Tailrace STH,1,G72B2D386,2026-05-11 18:04:47,2026-05-14 16:30:00,Priest,0,
Priest Rapids Tailrace STH,1,G72B2D386,2026-05-11 18:04:47,2026-05-14 16:30:00,Lower Ringold,1,2026-05-15 05:57:00
Priest Rapids Tailrace STH,1,G72B325EB,2026-05-09 16:58:35,2026-05-11 16:32:00,Priest,0,
Priest Rapids Tailrace STH,1,G72B325EB,2026-05-09 16:58:35,2026-05-11 16:32:00,Lower Ringold,1,2026-05-12 05:49:38
Priest Rapids Tailrace STH,1,G72B32BF4,2026-05-14 17:45:33,2026-05-16 16:35:00,Priest,0,
Priest Rapids Tailrace STH,1,G72B32BF4,2026-05-14 17:45:33,2026-05-16 16:35:00,Lower Ringold,0,
Priest Rapids Tailrace STH,1,G72B34873,2026-04-30 18:12:01,2026-05-02 16:36:00,Priest,0,
Priest Rapids Tailrace STH,1,G72B34873,2026-04-30 18:12:01,2026-05-02 16:36:00,Lower Ringold,1,2026-05-03 15:25:42
Priest Rapids Tailrace STH,2,G72B418C6,2026-05-05 18:10:55,2026-05-07 16:28:00,Priest,0,
Priest Rapids Tailrace STH,2,G72B418C6,2026-05-05 18:10:55,2026-05-07 16:28:00,Lower Ringold,1,2026-05-08 09:42:07
Priest Rapids Tailrace STH,2,G72B41B24,2026-05-16 15:46:26,2026-05-18 17:15:00,Priest,0,
Priest Rapids Tailrace STH,2,G72B41B24,2026-05-16 15:46:26,2026-05-18 17:15:00,Lower Ringold,1,2026-05-19 16:41:12
Priest Rapids Tailrace STH,1,G72B43A59,2026-04-24 21:12:38,2026-04-26 16:25:00,Priest,0,
Priest Rapids Tailrace STH,1,G72B43A59,2026-04-24 21:12:38,2026-04-26 16:25:00,Lower Ringold,1,2026-04-27 18:10:09
Priest Rapids Tailrace STH,2,G72B43F66,2026-05-05 16:47:59,2026-05-07 16:28:00,Priest,0,
Priest Rapids Tailrace STH,2,G72B43F66,2026-05-05 16:47:59,2026-05-07 16:28:00,Lower Ringold,1,2026-05-08 09:20:25
Priest Rapids Tailrace STH,2,G72B45A3C,2026-05-02 18:04:53,2026-05-04 16:25:00,Priest,0,
Priest Rapids Tailrace STH,2,G72B45A3C,2026-05-02 18:04:53,2026-05-04 16:25:00,Lower Ringold,1,2026-05-06 05:17:46
Priest Rapids Tailrace STH,2,G72B478A3,2026-04-27 18:52:53,2026-04-29 16:07:00,Priest,0,
Priest Rapids Tailrace STH,2,G72B478A3,2026-04-27 18:52:53,2026-04-29 16:07:00,Lower Ringold,0,
Priest Rapids Tailrace STH,2,G72B4A457,2026-05-07 17:14:29,2026-05-09 16:31:00,Priest,0,
Priest Rapids Tailrace STH,2,G72B4A457,2026-05-07 17:14:29,2026-05-09 16:31:00,Lower Ringold,1,2026-05-10 07:37:55
Priest Rapids Tailrace STH,1,G72B4AE29,2026-05-06 18:16:43,2026-05-09 16:31:00,Priest,0,
Priest Rapids Tailrace STH,1,G72B4AE29,2026-05-06 18:16:43,2026-05-09 16:31:00,Lower Ringold,1,2026-05-10 05:59:53
Priest Rapids Tailrace STH,1,G72B4AF77,2026-04-24 21:33:58,2026-04-26 16:25:00,Priest,0,
Priest Rapids Tailrace STH,1,G72B4AF77,2026-04-24 21:33:58,2026-04-26 16:25:00,Lower Ringold,1,2026-04-27 05:14:06
Priest Rapids Tailrace STH,2,G72B4ED8D,2026-05-03 18:45:50,2026-05-05 17:13:00,Priest,0,
Priest Rapids Tailrace STH,2,G72B4ED8D,2026-05-03 18:45:50,2026-05-05 17:13:00,Lower Ringold,1,2026-05-06 10:09:36
Priest Rapids Tailrace STH,2,G72B4F251,2026-05-03 20:00:16,2026-05-05 17:13:00,Priest,0,
Priest Rapids Tailrace STH,2,G72B4F251,2026-05-03 20:00:16,2026-05-05 17:13:00,Lower Ringold,1,2026-05-06 09:01:55
Priest Rapids Tailrace STH,2,G72B4FEF2,2026-05-11 17:02:48,2026-05-14 16:30:00,Priest,0,
Priest Rapids Tailrace STH,2,G72B4FEF2,2026-05-11 17:02:48,2026-05-14 16:30:00,Lower Ringold,0,
Priest Rapids Tailrace STH,1,G72B5207E,2026-04-28 22:46:57,2026-04-30 16:19:00,Priest,0,
Priest Rapids Tailrace STH,1,G72B5207E,2026-04-28 22:46:57,2026-04-30 16:19:00,Lower Ringold,1,2026-05-01 15:38:30
Priest Rapids Tailrace STH,2,G72B5325F,2026-04-23 21:30:00,2026-04-25 16:05:00,Priest,0,
Priest Rapids Tailrace STH,2,G72B5325F,2026-04-23 21:30:00,2026-04-25 16:05:00,Lower Ringold,1,2026-04-26 06:14:12
Priest Rapids Tailrace STH,1,G72B54DE6,2026-05-16 16:38:47,2026-05-19 15:26:00,Priest,0,
Priest Rapids Tailrace STH,1,G72B54DE6,2026-05-16 16:38:47,2026-05-19 15:26:00,Lower Ringold,1,2026-05-20 03:27:39
Priest Rapids Tailrace STH,2,G72B554E7,2026-05-01 19:09:27,2026-05-04 16:25:00,Priest,0,
Priest Rapids Tailrace STH,2,G72B554E7,2026-05-01 19:09:27,2026-05-04 16:25:00,Lower Ringold,1,2026-05-06 02:49:20
Priest Rapids Tailrace STH,1,G72B5591A,2026-04-26 17:49:39,2026-04-28 15:47:00,Priest,0,
Priest Rapids Tailrace STH,1,G72B5591A,2026-04-26 17:49:39,2026-04-28 15:47:00,Lower Ringold,1,2026-04-29 06:14:08
Priest Rapids Tailrace STH,2,G72B56284,2026-05-10 18:01:59,2026-05-12 16:15:00,Priest,0,
Priest Rapids Tailrace STH,2,G72B56284,2026-05-10 18:01:59,2026-05-12 16:15:00,Lower Ringold,1,2026-05-13 07:44:12
Priest Rapids Tailrace STH,2,G72B56459,2026-05-02 17:59:21,2026-05-04 16:25:00,Priest,0,
Priest Rapids Tailrace STH,2,G72B56459,2026-05-02 17:59:21,2026-05-04 16:25:00,Lower Ringold,1,2026-05-05 05:13:38
Priest Rapids Tailrace STH,2,G72B5E928,2026-05-10 17:49:17,2026-05-12 16:15:00,Priest,0,
Priest Rapids Tailrace STH,2,G72B5E928,2026-05-10 17:49:17,2026-05-12 16:15:00,Lower Ringold,1,2026-05-13 02:36:04
Priest Rapids Tailrace STH,2,G72B5F177,2026-04-28 22:38:58,2026-04-30 16:19:00,Priest,0,
Priest Rapids Tailrace STH,2,G72B5F177,2026-04-28 22:38:58,2026-04-30 16:19:00,Lower Ringold,1,2026-05-01 16:52:20
Priest Rapids Tailrace STH,1,G72B61716,2026-05-14 19:17:49,2026-05-16 16:35:00,Priest,0,
Priest Rapids Tailrace STH,1,G72B61716,2026-05-14 19:17:49,2026-05-16 16:35:00,Lower Ringold,1,2026-05-17 09:39:24
Priest Rapids Tailrace STH,1,G72B62297,2026-04-30 16:56:47,2026-05-02 16:36:00,Priest,0,
Priest Rapids Tailrace STH,1,G72B62297,2026-04-30 16:56:47,2026-05-02 16:36:00,Lower Ringold,1,2026-05-03 05:33:22
Priest Rapids Tailrace STH,1,G72B623C9,2026-05-08 17:03:54,2026-05-10 16:20:00,Priest,0,
Priest Rapids Tailrace STH,1,G72B623C9,2026-05-08 17:03:54,2026-05-10 16:20:00,Lower Ringold,1,2026-05-11 09:42:27
Priest Rapids Tailrace STH,1,G72B66F2C,2026-04-28 22:33:27,2026-04-30 16:19:00,Priest,0,
Priest Rapids Tailrace STH,1,G72B66F2C,2026-04-28 22:33:27,2026-04-30 16:19:00,Lower Ringold,1,2026-05-01 02:44:23
Priest Rapids Tailrace STH,1,G72B67312,2026-05-12 16:44:24,2026-05-15 17:05:00,Priest,0,
Priest Rapids Tailrace STH,1,G72B67312,2026-05-12 16:44:24,2026-05-15 17:05:00,Lower Ringold,0,
Priest Rapids Tailrace STH,1,G72B6BF7B,2026-04-26 17:48:04,2026-04-28 15:47:00,Priest,0,
Priest Rapids Tailrace STH,1,G72B6BF7B,2026-04-26 17:48:04,2026-04-28 15:47:00,Lower Ringold,1,2026-04-29 15:28:51
Priest Rapids Tailrace STH,1,G72B6EFA0,2026-04-28 22:42:44,2026-04-30 16:19:00,Priest,0,
Priest Rapids Tailrace STH,1,G72B6EFA0,2026-04-28 22:42:44,2026-04-30 16:19:00,Lower Ringold,1,2026-05-01 05:34:39
Priest Rapids Tailrace STH,1,G72B6F39E,2026-05-01 17:19:43,2026-05-03 16:31:00,Priest,0,
Priest Rapids Tailrace STH,1,G72B6F39E,2026-05-01 17:19:43,2026-05-03 16:31:00,Lower Ringold,1,2026-05-04 04:48:02
Priest Rapids Tailrace STH,1,G72B77C97,2026-05-21 19:54:42,2026-05-24 16:18:00,Priest,0,
Priest Rapids Tailrace STH,1,G72B77C97,2026-05-21 19:54:42,2026-05-24 16:18:00,Lower Ringold,1,2026-05-27 03:14:36
Priest Rapids Tailrace STH,1,G72B7A402,2026-04-23 21:30:00,2026-04-25 16:05:00,Priest,0,
Priest Rapids Tailrace STH,1,G72B7A402,2026-04-23 21:30:00,2026-04-25 16:05:00,Lower Ringold,1,2026-04-26 06:08:27
Priest Rapids Tailrace STH,3,G72B7F665,2026-05-02 19:04:42,2026-05-04 16:25:00,Priest,0,
Priest Rapids Tailrace STH,3,G72B7F665,2026-05-02 19:04:42,2026-05-04 16:25:00,Lower Ringold,1,2026-05-05 02:31:11
Priest Rapids Tailrace STH,3,G72B860B1,2026-04-29 17:50:13,2026-05-01 16:26:00,Priest,0,
Priest Rapids Tailrace STH,3,G72B860B1,2026-04-29 17:50:13,2026-05-01 16:26:00,Lower Ringold,1,2026-05-15 16:14:05
Priest Rapids Tailrace STH,3,G72B8744D,2026-05-17 20:08:16,2026-05-19 15:26:00,Priest,0,
Priest Rapids Tailrace STH,3,G72B8744D,2026-05-17 20:08:16,2026-05-19 15:26:00,Lower Ringold,1,2026-05-20 04:55:14
Priest Rapids Tailrace STH,3,G72B876F1,2026-05-18 19:52:58,2026-05-20 16:19:00,Priest,0,
Priest Rapids Tailrace STH,3,G72B876F1,2026-05-18 19:52:58,2026-05-20 16:19:00,Lower Ringold,1,2026-05-21 02:45:42
Priest Rapids Tailrace STH,3,G72B890C5,2026-05-08 20:58:13,2026-05-10 16:20:00,Priest,0,
Priest Rapids Tailrace STH,3,G72B890C5,2026-05-08 20:58:13,2026-05-10 16:20:00,Lower Ringold,1,2026-05-11 14:22:38
Priest Rapids Tailrace STH,3,G72B894A4,2026-05-04 19:20:40,2026-05-06 16:47:00,Priest,0,
Priest Rapids Tailrace STH,3,G72B894A4,2026-05-04 19:20:40,2026-05-06 16:47:00,Lower Ringold,1,2026-05-07 05:20:24
Priest Rapids Tailrace STH,3,G72B8A41A,2026-05-14 19:11:28,2026-05-16 16:35:00,Priest,0,
Priest Rapids Tailrace STH,3,G72B8A41A,2026-05-14 19:11:28,2026-05-16 16:35:00,Lower Ringold,1,2026-05-17 08:30:10
Priest Rapids Tailrace STH,3,G72B8CB3E,2026-05-12 16:39:36,2026-05-15 17:05:00,Priest,0,
Priest Rapids Tailrace STH,3,G72B8CB3E,2026-05-12 16:39:36,2026-05-15 17:05:00,Lower Ringold,1,2026-05-16 20:36:10
Priest Rapids Tailrace STH,3,G72B8E7BE,2026-04-23 21:30:00,2026-04-25 16:05:00,Priest,0,
Priest Rapids Tailrace STH,3,G72B8E7BE,2026-04-23 21:30:00,2026-04-25 16:05:00,Lower Ringold,1,2026-04-26 05:34:48
Priest Rapids Tailrace STH,3,G72B903F2,2026-05-03 19:57:08,2026-05-05 17:13:00,Priest,0,
Priest Rapids Tailrace STH,3,G72B903F2,2026-05-03 19:57:08,2026-05-05 17:13:00,Lower Ringold,1,2026-05-06 12:29:06
Priest Rapids Tailrace STH,3,G72B930AE,2026-05-11 17:54:22,2026-05-14 16:30:00,Priest,0,
Priest Rapids Tailrace STH,3,G72B930AE,2026-05-11 17:54:22,2026-05-14 16:30:00,Lower Ringold,1,2026-05-15 09:49:43
Priest Rapids Tailrace STH,3,G72B955F4,2026-04-30 17:57:55,2026-05-02 16:36:00,Priest,0,
Priest Rapids Tailrace STH,3,G72B955F4,2026-04-30 17:57:55,2026-05-02 16:36:00,Lower Ringold,1,2026-05-03 04:47:11
Priest Rapids Tailrace STH,3,G72B95809,2026-05-20 18:46:11,2026-05-22 16:26:00,Priest,0,
Priest Rapids Tailrace STH,3,G72B95809,2026-05-20 18:46:11,2026-05-22 16:26:00,Lower Ringold,1,2026-05-23 03:26:03
Priest Rapids Tailrace STH,3,G72B9B51D,2026-04-23 21:30:00,2026-04-25 16:05:00,Priest,0,
Priest Rapids Tailrace STH,3,G72B9B51D,2026-04-23 21:30:00,2026-04-25 16:05:00,Lower Ringold,1,2026-04-26 06:14:23
Priest Rapids Tailrace STH,3,G72B9BA5C,2026-04-25 18:27:51,2026-04-27 16:25:00,Priest,0,
Priest Rapids Tailrace STH,3,G72B9BA5C,2026-04-25 18:27:51,2026-04-27 16:25:00,Lower Ringold,1,2026-04-29 03:11:55
Priest Rapids Tailrace STH,3,G72B9DB67,2026-05-02 18:46:24,2026-05-04 16:25:00,Priest,0,
Priest Rapids Tailrace STH,3,G72B9DB67,2026-05-02 18:46:24,2026-05-04 16:25:00,Lower Ringold,1,2026-05-05 02:09:35
Priest Rapids Tailrace STH,3,G72B9E245,2026-05-02 18:05:29,2026-05-04 16:25:00,Priest,0,
Priest Rapids Tailrace STH,3,G72B9E245,2026-05-02 18:05:29,2026-05-04 16:25:00,Lower Ringold,1,2026-05-05 07:54:30
Priest Rapids Tailrace STH,3,G72B9FF25,2026-05-12 16:52:33,2026-05-15 17:05:00,Priest,0,
Priest Rapids Tailrace STH,3,G72B9FF25,2026-05-12 16:52:33,2026-05-15 17:05:00,Lower Ringold,1,2026-05-16 08:55:08
Priest Rapids Tailrace STH,3,G72BA0045,2026-04-30 16:41:37,2026-05-02 16:36:00,Priest,0,
Priest Rapids Tailrace STH,3,G72BA0045,2026-04-30 16:41:37,2026-05-02 16:36:00,Lower Ringold,0,
Priest Rapids Tailrace STH,1,G72BA2E79,2026-05-16 16:33:07,2026-05-18 17:15:00,Priest,0,
Priest Rapids Tailrace STH,1,G72BA2E79,2026-05-16 16:33:07,2026-05-18 17:15:00,Lower Ringold,1,2026-05-19 09:01:51
Priest Rapids Tailrace STH,1,G72BA31A5,2026-05-07 17:18:55,2026-05-09 16:31:00,Priest,0,
Priest Rapids Tailrace STH,1,G72BA31A5,2026-05-07 17:18:55,2026-05-09 16:31:00,Lower Ringold,1,2026-05-10 13:11:13
Priest Rapids Tailrace STH,3,G72BAB6AA,2026-04-24 21:12:05,2026-04-26 16:25:00,Priest,0,
Priest Rapids Tailrace STH,3,G72BAB6AA,2026-04-24 21:12:05,2026-04-26 16:25:00,Lower Ringold,1,2026-04-27 08:18:35
Priest Rapids Tailrace STH,3,G72BADB32,2026-05-20 19:01:18,2026-05-22 16:26:00,Priest,0,
Priest Rapids Tailrace STH,3,G72BADB32,2026-05-20 19:01:18,2026-05-22 16:26:00,Lower Ringold,0,
Priest Rapids Tailrace STH,3,G72BAF28D,2026-05-17 20:02:34,2026-05-19 15:26:00,Priest,0,
Priest Rapids Tailrace STH,3,G72BAF28D,2026-05-17 20:02:34,2026-05-19 15:26:00,Lower Ringold,1,2026-05-20 04:21:30
Priest Rapids Tailrace STH,3,G72BAFDCC,2026-05-11 17:03:28,2026-05-14 16:30:00,Priest,0,
Priest Rapids Tailrace STH,3,G72BAFDCC,2026-05-11 17:03:28,2026-05-14 16:30:00,Lower Ringold,1,2026-05-15 12:11:03
Priest Rapids Tailrace STH,3,G72BB0AFF,2026-05-17 19:45:32,2026-05-19 15:26:00,Priest,0,
Priest Rapids Tailrace STH,3,G72BB0AFF,2026-05-17 19:45:32,2026-05-19 15:26:00,Lower Ringold,1,2026-05-20 03:02:23
Priest Rapids Tailrace STH,3,G72BB44A6,2026-05-02 17:44:23,2026-05-04 16:25:00,Priest,0,
Priest Rapids Tailrace STH,3,G72BB44A6,2026-05-02 17:44:23,2026-05-04 16:25:00,Lower Ringold,1,2026-05-05 08:05:42
Priest Rapids Tailrace STH,3,G72BB61BA,2026-05-01 17:22:49,2026-05-03 16:31:00,Priest,0,
Priest Rapids Tailrace STH,3,G72BB61BA,2026-05-01 17:22:49,2026-05-03 16:31:00,Lower Ringold,1,2026-05-04 16:10:42
Priest Rapids Tailrace STH,3,G72BB739B,2026-04-29 16:43:18,2026-05-01 16:26:00,Priest,0,
Priest Rapids Tailrace STH,3,G72BB739B,2026-04-29 16:43:18,2026-05-01 16:26:00,Lower Ringold,1,2026-05-02 09:46:14
Priest Rapids Tailrace STH,3,G72BB83EF,2026-05-08 20:57:42,2026-05-10 16:20:00,Priest,0,
Priest Rapids Tailrace STH,3,G72BB83EF,2026-05-08 20:57:42,2026-05-10 16:20:00,Lower Ringold,1,2026-05-11 02:28:58
Priest Rapids Tailrace STH,3,G72BBA6F3,2026-05-04 19:11:45,2026-05-06 16:47:00,Priest,0,
Priest Rapids Tailrace STH,3,G72BBA6F3,2026-05-04 19:11:45,2026-05-06 16:47:00,Lower Ringold,1,2026-05-07 06:02:11
Priest Rapids Tailrace STH,3,G72BBB66E,2026-05-08 20:01:36,2026-05-10 16:20:00,Priest,0,
Priest Rapids Tailrace STH,3,G72BBB66E,2026-05-08 20:01:36,2026-05-10 16:20:00,Lower Ringold,1,2026-05-11 08:39:46
Priest Rapids Tailrace STH,3,G72BC2AB2,2026-05-08 20:00:52,2026-05-10 16:20:00,Priest,0,
Priest Rapids Tailrace STH,3,G72BC2AB2,2026-05-08 20:00:52,2026-05-10 16:20:00,Lower Ringold,1,2026-05-11 08:35:34
Priest Rapids Tailrace STH,3,G72BC41F7,2026-05-04 17:47:50,2026-05-06 16:47:00,Priest,0,
Priest Rapids Tailrace STH,3,G72BC41F7,2026-05-04 17:47:50,2026-05-06 16:47:00,Lower Ringold,1,2026-05-07 16:35:17
Priest Rapids Tailrace STH,3,G72BC8402,2026-04-29 16:52:04,2026-05-01 16:26:00,Priest,0,
Priest Rapids Tailrace STH,3,G72BC8402,2026-04-29 16:52:04,2026-05-01 16:26:00,Lower Ringold,1,2026-05-02 04:31:27
Priest Rapids Tailrace STH,3,G72BC9FBF,2026-05-12 19:00:04,2026-05-15 17:05:00,Priest,0,
Priest Rapids Tailrace STH,3,G72BC9FBF,2026-05-12 19:00:04,2026-05-15 17:05:00,Lower Ringold,1,2026-05-16 10:14:34
Priest Rapids Tailrace STH,3,G72BCDAC6,2026-05-08 20:52:21,2026-05-10 16:20:00,Priest,0,
Priest Rapids Tailrace STH,3,G72BCDAC6,2026-05-08 20:52:21,2026-05-10 16:20:00,Lower Ringold,1,2026-05-11 09:43:06
Priest Rapids Tailrace STH,3,G72BCE785,2026-05-04 17:51:22,2026-05-06 16:47:00,Priest,0,
Priest Rapids Tailrace STH,3,G72BCE785,2026-05-04 17:51:22,2026-05-06 16:47:00,Lower Ringold,1,2026-05-07 11:42:19
Priest Rapids Tailrace STH,3,G72BCEDFB,2026-04-29 16:51:35,2026-05-01 16:26:00,Priest,0,
Priest Rapids Tailrace STH,3,G72BCEDFB,2026-04-29 16:51:35,2026-05-01 16:26:00,Lower Ringold,1,2026-05-02 04:27:09
Priest Rapids Tailrace STH,3,G72BCF379,2026-05-15 17:28:32,2026-05-17 16:25:00,Priest,0,
Priest Rapids Tailrace STH,3,G72BCF379,2026-05-15 17:28:32,2026-05-17 16:25:00,Lower Ringold,1,2026-05-18 03:28:24
Priest Rapids Tailrace STH,3,G72BD0A55,2026-04-28 22:40:59,2026-04-30 16:19:00,Priest,0,
Priest Rapids Tailrace STH,3,G72BD0A55,2026-04-28 22:40:59,2026-04-30 16:19:00,Lower Ringold,0,
Priest Rapids Tailrace STH,3,G72BD166B,2026-05-02 19:06:39,2026-05-05 17:13:00,Priest,0,
Priest Rapids Tailrace STH,3,G72BD166B,2026-05-02 19:06:39,2026-05-05 17:13:00,Lower Ringold,1,2026-05-06 09:19:59
Priest Rapids Tailrace STH,3,G72BD2B28,2026-05-11 18:05:13,2026-05-14 16:30:00,Priest,0,
Priest Rapids Tailrace STH,3,G72BD2B28,2026-05-11 18:05:13,2026-05-14 16:30:00,Lower Ringold,0,
Priest Rapids Tailrace STH,3,G72BD2E17,2026-05-02 19:10:15,2026-05-05 17:13:00,Priest,0,
Priest Rapids Tailrace STH,3,G72BD2E17,2026-05-02 19:10:15,2026-05-05 17:13:00,Lower Ringold,1,2026-05-06 06:37:02
Priest Rapids Tailrace STH,3,G72BD867A,2026-05-22 20:25:33,2026-05-24 16:18:00,Priest,0,
Priest Rapids Tailrace STH,3,G72BD867A,2026-05-22 20:25:33,2026-05-24 16:18:00,Lower Ringold,1,2026-05-25 09:57:48
Priest Rapids Tailrace STH,3,G72BD8865,2026-04-30 18:02:46,2026-05-02 16:36:00,Priest,0,
Priest Rapids Tailrace STH,3,G72BD8865,2026-04-30 18:02:46,2026-05-02 16:36:00,Lower Ringold,0,
Priest Rapids Tailrace STH,3,G72BDAFC5,2026-05-05 18:09:35,2026-05-07 16:28:00,Priest,0,
Priest Rapids Tailrace STH,3,G72BDAFC5,2026-05-05 18:09:35,2026-05-07 16:28:00,Lower Ringold,1,2026-05-08 10:57:06
Priest Rapids Tailrace STH,3,G72BDBB39,2026-05-14 17:33:05,2026-05-16 16:35:00,Priest,0,
Priest Rapids Tailrace STH,3,G72BDBB39,2026-05-14 17:33:05,2026-05-16 16:35:00,Lower Ringold,1,2026-05-17 20:36:04
Priest Rapids Tailrace STH,3,G72BDC480,2026-05-16 16:41:52,2026-05-19 15:26:00,Priest,0,
Priest Rapids Tailrace STH,3,G72BDC480,2026-05-16 16:41:52,2026-05-19 15:26:00,Lower Ringold,1,2026-05-20 08:45:36
Priest Rapids Tailrace STH,3,G72BE1301,2026-05-10 16:34:22,2026-05-12 16:15:00,Priest,0,
Priest Rapids Tailrace STH,3,G72BE1301,2026-05-10 16:34:22,2026-05-12 16:15:00,Lower Ringold,1,2026-05-13 06:57:07
Priest Rapids Tailrace STH,1,G72BE4459,2026-05-21 19:29:43,2026-05-23 17:10:00,Priest,0,
Priest Rapids Tailrace STH,1,G72BE4459,2026-05-21 19:29:43,2026-05-23 17:10:00,Lower Ringold,1,2026-05-24 12:10:45
Priest Rapids Tailrace STH,1,G72BE906F,2026-05-11 16:54:07,2026-05-14 16:30:00,Priest,0,
Priest Rapids Tailrace STH,1,G72BE906F,2026-05-11 16:54:07,2026-05-14 16:30:00,Lower Ringold,0,
Priest Rapids Tailrace STH,1,G72BEB573,2026-05-15 16:05:46,2026-05-17 16:25:00,Priest,0,
Priest Rapids Tailrace STH,1,G72BEB573,2026-05-15 16:05:46,2026-05-17 16:25:00,Lower Ringold,1,2026-05-19 03:18:38
Priest Rapids Tailrace STH,1,G72BEC356,2026-04-27 18:49:43,2026-04-29 16:07:00,Priest,0,
Priest Rapids Tailrace STH,1,G72BEC356,2026-04-27 18:49:43,2026-04-29 16:07:00,Lower Ringold,1,2026-04-30 04:31:33
Priest Rapids Tailrace STH,1,G72BEF46B,2026-05-10 17:55:10,2026-05-12 16:15:00,Priest,0,
Priest Rapids Tailrace STH,1,G72BEF46B,2026-05-10 17:55:10,2026-05-12 16:15:00,Lower Ringold,1,2026-05-13 06:01:29
Priest Rapids Tailrace STH,1,G72BF1446,2026-04-28 19:34:38,2026-04-30 16:19:00,Priest,0,
Priest Rapids Tailrace STH,1,G72BF1446,2026-04-28 19:34:38,2026-04-30 16:19:00,Lower Ringold,1,2026-05-01 11:26:37
Priest Rapids Tailrace STH,3,G72BF513F,2026-05-03 19:47:56,2026-05-05 17:13:00,Priest,0,
Priest Rapids Tailrace STH,3,G72BF513F,2026-05-03 19:47:56,2026-05-05 17:13:00,Lower Ringold,0,
Priest Rapids Tailrace STH,1,G72BFB84A,2026-05-20 19:05:03,2026-05-22 16:26:00,Priest,0,
Priest Rapids Tailrace STH,1,G72BFB84A,2026-05-20 19:05:03,2026-05-22 16:26:00,Lower Ringold,0,
Priest Rapids Tailrace STH,1,G72BFBBA8,2026-05-09 18:43:50,2026-05-11 16:32:00,Priest,0,
Priest Rapids Tailrace STH,1,G72BFBBA8,2026-05-09 18:43:50,2026-05-11 16:32:00,Lower Ringold,1,2026-05-30 08:27:26
Priest Rapids Tailrace STH,1,G72BFC54F,2026-05-07 18:22:26,2026-05-09 16:31:00,Priest,0,
Priest Rapids Tailrace STH,1,G72BFC54F,2026-05-07 18:22:26,2026-05-09 16:31:00,Lower Ringold,1,2026-05-10 05:05:11
Priest Rapids Tailrace STH,1,G72BFF0CE,2026-05-01 18:56:53,2026-05-03 16:31:00,Priest,0,
Priest Rapids Tailrace STH,1,G72BFF0CE,2026-05-01 18:56:53,2026-05-03 16:31:00,Lower Ringold,1,2026-05-04 12:06:48
Priest Rapids Tailrace STH,1,G72C00988,2026-05-09 17:39:36,2026-05-11 16:32:00,Priest,0,
Priest Rapids Tailrace STH,1,G72C00988,2026-05-09 17:39:36,2026-05-11 16:32:00,Lower Ringold,1,2026-05-12 05:56:32
Priest Rapids Tailrace STH,1,G72C0136B,2026-04-23 21:30:00,2026-04-25 16:05:00,Priest,0,
Priest Rapids Tailrace STH,1,G72C0136B,2026-04-23 21:30:00,2026-04-25 16:05:00,Lower Ringold,0,
Priest Rapids Tailrace STH,1,G72C02456,2026-05-15 17:35:38,2026-05-17 16:25:00,Priest,0,
Priest Rapids Tailrace STH,1,G72C02456,2026-05-15 17:35:38,2026-05-17 16:25:00,Lower Ringold,1,2026-05-26 07:26:09
Priest Rapids Tailrace STH,1,G72C0837A,2026-04-24 21:34:40,2026-04-26 16:25:00,Priest,0,
Priest Rapids Tailrace STH,1,G72C0837A,2026-04-24 21:34:40,2026-04-26 16:25:00,Lower Ringold,1,2026-04-27 05:45:29
Priest Rapids Tailrace STH,2,G72C08645,2026-04-28 19:31:52,2026-04-30 16:19:00,Priest,0,
Priest Rapids Tailrace STH,2,G72C08645,2026-04-28 19:31:52,2026-04-30 16:19:00,Lower Ringold,1,2026-05-01 08:21:46
Priest Rapids Tailrace STH,1,G72C09999,2026-05-07 18:25:10,2026-05-09 16:31:00,Priest,0,
Priest Rapids Tailrace STH,1,G72C09999,2026-05-07 18:25:10,2026-05-09 16:31:00,Lower Ringold,1,2026-05-10 04:27:33
Priest Rapids Tailrace STH,1,G72C0EBDD,2026-05-15 17:19:08,2026-05-17 16:25:00,Priest,0,
Priest Rapids Tailrace STH,1,G72C0EBDD,2026-05-15 17:19:08,2026-05-17 16:25:00,Lower Ringold,1,2026-05-18 03:44:50
Priest Rapids Tailrace STH,2,G72C0FF21,2026-05-09 18:42:08,2026-05-11 16:32:00,Priest,0,
Priest Rapids Tailrace STH,2,G72C0FF21,2026-05-09 18:42:08,2026-05-11 16:32:00,Lower Ringold,1,2026-05-12 05:55:38
Priest Rapids Tailrace STH,2,G72C15DF6,2026-05-05 18:10:12,2026-05-07 16:28:00,Priest,0,
Priest Rapids Tailrace STH,2,G72C15DF6,2026-05-05 18:10:12,2026-05-07 16:28:00,Lower Ringold,1,2026-05-08 04:18:16
Priest Rapids Tailrace STH,3,G72C17E37,2026-05-01 17:14:45,2026-05-03 16:31:00,Priest,0,
Priest Rapids Tailrace STH,3,G72C17E37,2026-05-01 17:14:45,2026-05-03 16:31:00,Lower Ringold,1,2026-05-04 06:22:54
Priest Rapids Tailrace STH,1,G72C1A540,2026-05-01 18:53:08,2026-05-03 16:31:00,Priest,0,
Priest Rapids Tailrace STH,1,G72C1A540,2026-05-01 18:53:08,2026-05-03 16:31:00,Lower Ringold,1,2026-05-04 09:09:03
Priest Rapids Tailrace STH,1,G72C21018,2026-05-01 17:18:43,2026-05-03 16:31:00,Priest,0,
Priest Rapids Tailrace STH,1,G72C21018,2026-05-01 17:18:43,2026-05-03 16:31:00,Lower Ringold,1,2026-05-04 08:27:53
Priest Rapids Tailrace STH,1,G72C23287,2026-05-20 18:50:12,2026-05-22 16:26:00,Priest,0,
Priest Rapids Tailrace STH,1,G72C23287,2026-05-20 18:50:12,2026-05-22 16:26:00,Lower Ringold,1,2026-05-23 06:42:09
Priest Rapids Tailrace STH,1,G72C257DD,2026-04-28 22:48:21,2026-04-30 16:19:00,Priest,0,
Priest Rapids Tailrace STH,1,G72C257DD,2026-04-28 22:48:21,2026-04-30 16:19:00,Lower Ringold,1,2026-05-01 03:11:08
Priest Rapids Tailrace STH,1,G72C27B5D,2026-04-29 17:00:06,2026-05-01 16:26:00,Priest,0,
Priest Rapids Tailrace STH,1,G72C27B5D,2026-04-29 17:00:06,2026-05-01 16:26:00,Lower Ringold,1,2026-05-02 07:51:48
Priest Rapids Tailrace STH,2,G72C30CE2,2026-04-29 17:38:09,2026-05-01 16:26:00,Priest,0,
Priest Rapids Tailrace STH,2,G72C30CE2,2026-04-29 17:38:09,2026-05-01 16:26:00,Lower Ringold,1,2026-05-02 08:58:49
Priest Rapids Tailrace STH,2,G72C32E7D,2026-05-05 18:05:33,2026-05-07 16:28:00,Priest,0,
Priest Rapids Tailrace STH,2,G72C32E7D,2026-05-05 18:05:33,2026-05-07 16:28:00,Lower Ringold,1,2026-05-08 09:10:11
Priest Rapids Tailrace STH,2,G72C346DA,2026-04-30 16:57:30,2026-05-02 16:36:00,Priest,0,
Priest Rapids Tailrace STH,2,G72C346DA,2026-04-30 16:57:30,2026-05-02 16:36:00,Lower Ringold,0,
Priest Rapids Tailrace STH,2,G72C34E18,2026-05-06 18:55:47,2026-05-09 16:31:00,Priest,0,
Priest Rapids Tailrace STH,2,G72C34E18,2026-05-06 18:55:47,2026-05-09 16:31:00,Lower Ringold,1,2026-05-10 04:56:06
Priest Rapids Tailrace STH,1,G72C3F9A9,2026-05-03 19:58:34,2026-05-05 17:13:00,Priest,0,
Priest Rapids Tailrace STH,1,G72C3F9A9,2026-05-03 19:58:34,2026-05-05 17:13:00,Lower Ringold,0,
Priest Rapids Tailrace STH,2,G72C44D94,2026-05-01 18:45:44,2026-05-03 16:31:00,Priest,0,
Priest Rapids Tailrace STH,2,G72C44D94,2026-05-01 18:45:44,2026-05-03 16:31:00,Lower Ringold,1,2026-05-20 06:15:56
Priest Rapids Tailrace STH,1,G72C4D419,2026-05-04 18:04:20,2026-05-06 16:47:00,Priest,0,
Priest Rapids Tailrace STH,1,G72C4D419,2026-05-04 18:04:20,2026-05-06 16:47:00,Lower Ringold,0,
Priest Rapids Tailrace STH,2,G72C4F686,2026-04-30 18:11:29,2026-05-02 16:36:00,Priest,0,
Priest Rapids Tailrace STH,2,G72C4F686,2026-04-30 18:11:29,2026-05-02 16:36:00,Lower Ringold,1,2026-05-03 23:23:30
Priest Rapids Tailrace STH,3,G72C50EF4,2026-05-16 15:21:25,2026-05-18 17:15:00,Priest,0,
Priest Rapids Tailrace STH,3,G72C50EF4,2026-05-16 15:21:25,2026-05-18 17:15:00,Lower Ringold,1,2026-05-19 19:35:39
Priest Rapids Tailrace STH,3,G72C51128,2026-04-26 17:45:23,2026-04-28 15:47:00,Priest,0,
Priest Rapids Tailrace STH,3,G72C51128,2026-04-26 17:45:23,2026-04-28 15:47:00,Lower Ringold,1,2026-04-29 12:08:43
Priest Rapids Tailrace STH,3,G72C5280A,2026-05-16 15:28:36,2026-05-18 17:15:00,Priest,0,
Priest Rapids Tailrace STH,3,G72C5280A,2026-05-16 15:28:36,2026-05-18 17:15:00,Lower Ringold,1,2026-05-19 17:14:15
Priest Rapids Tailrace STH,3,G72C53DA8,2026-05-11 16:51:27,2026-05-14 16:30:00,Priest,0,
Priest Rapids Tailrace STH,3,G72C53DA8,2026-05-11 16:51:27,2026-05-14 16:30:00,Lower Ringold,1,2026-05-21 04:27:54
Priest Rapids Tailrace STH,3,G72C54670,2026-04-24 21:24:05,2026-04-26 16:25:00,Priest,0,
Priest Rapids Tailrace STH,3,G72C54670,2026-04-24 21:24:05,2026-04-26 16:25:00,Lower Ringold,0,
Priest Rapids Tailrace STH,3,G72C57A6D,2026-04-30 17:59:56,2026-05-02 16:36:00,Priest,0,
Priest Rapids Tailrace STH,3,G72C57A6D,2026-04-30 17:59:56,2026-05-02 16:36:00,Lower Ringold,0,
Priest Rapids Tailrace STH,2,G72C5A57B,2026-05-04 19:19:29,2026-05-06 16:47:00,Priest,0,
Priest Rapids Tailrace STH,2,G72C5A57B,2026-05-04 19:19:29,2026-05-06 16:47:00,Lower Ringold,1,2026-05-07 06:43:05
Priest Rapids Tailrace STH,2,G72C5B604,2026-05-05 18:15:42,2026-05-07 16:28:00,Priest,0,
Priest Rapids Tailrace STH,2,G72C5B604,2026-05-05 18:15:42,2026-05-07 16:28:00,Lower Ringold,1,2026-05-08 02:52:19
Priest Rapids Tailrace STH,1,G72C633E2,2026-05-02 17:23:22,2026-05-04 16:25:00,Priest,0,
Priest Rapids Tailrace STH,1,G72C633E2,2026-05-02 17:23:22,2026-05-04 16:25:00,Lower Ringold,1,2026-05-05 09:34:39
Priest Rapids Tailrace STH,1,G72C6C8B6,2026-05-14 19:11:59,2026-05-16 16:35:00,Priest,0,
Priest Rapids Tailrace STH,1,G72C6C8B6,2026-05-14 19:11:59,2026-05-16 16:35:00,Lower Ringold,1,2026-05-17 21:13:53
Priest Rapids Tailrace STH,1,G72C7163A,2026-05-14 19:09:13,2026-05-16 16:35:00,Priest,0,
Priest Rapids Tailrace STH,1,G72C7163A,2026-05-14 19:09:13,2026-05-16 16:35:00,Lower Ringold,1,2026-05-17 04:17:59
Priest Rapids Tailrace STH,1,G72C71A99,2026-05-10 17:57:49,2026-05-12 16:15:00,Priest,0,
Priest Rapids Tailrace STH,1,G72C71A99,2026-05-10 17:57:49,2026-05-12 16:15:00,Lower Ringold,1,2026-05-14 03:38:59
Priest Rapids Tailrace STH,1,G72C73326,2026-05-01 17:19:23,2026-05-03 16:31:00,Priest,0,
Priest Rapids Tailrace STH,1,G72C73326,2026-05-01 17:19:23,2026-05-03 16:31:00,Lower Ringold,1,2026-05-04 03:56:54
Priest Rapids Tailrace STH,1,G72C73BE4,2026-05-14 19:11:02,2026-05-16 16:35:00,Priest,0,
Priest Rapids Tailrace STH,1,G72C73BE4,2026-05-14 19:11:02,2026-05-16 16:35:00,Lower Ringold,1,2026-05-17 06:01:31
Priest Rapids Tailrace STH,1,G72C7403C,2026-05-16 15:28:56,2026-05-18 17:15:00,Priest,0,
Priest Rapids Tailrace STH,1,G72C7403C,2026-05-16 15:28:56,2026-05-18 17:15:00,Lower Ringold,1,2026-05-19 10:03:07
Priest Rapids Tailrace STH,1,G72C747BF,2026-05-04 19:00:10,2026-05-06 16:47:00,Priest,0,
Priest Rapids Tailrace STH,1,G72C747BF,2026-05-04 19:00:10,2026-05-06 16:47:00,Lower Ringold,1,2026-05-07 06:52:33
Priest Rapids Tailrace STH,1,G72C75B81,2026-05-20 18:46:45,2026-05-22 16:26:00,Priest,0,
Priest Rapids Tailrace STH,1,G72C75B81,2026-05-20 18:46:45,2026-05-22 16:26:00,Lower Ringold,1,2026-05-23 10:32:19
Priest Rapids Tailrace STH,1,G72C76141,2026-05-02 17:57:37,2026-05-04 16:25:00,Priest,0,
Priest Rapids Tailrace STH,1,G72C76141,2026-05-02 17:57:37,2026-05-04 16:25:00,Lower Ringold,1,2026-05-10 19:30:19
Priest Rapids Tailrace STH,1,G72C796B6,2026-05-06 17:56:58,2026-05-09 16:31:00,Priest,0,
Priest Rapids Tailrace STH,1,G72C796B6,2026-05-06 17:56:58,2026-05-09 16:31:00,Lower Ringold,1,2026-05-10 09:39:57
Priest Rapids Tailrace STH,1,G72C7E22F,2026-05-16 16:40:52,2026-05-19 15:26:00,Priest,0,
Priest Rapids Tailrace STH,1,G72C7E22F,2026-05-16 16:40:52,2026-05-19 15:26:00,Lower Ringold,0,
Priest Rapids Tailrace STH,1,G72C7F531,2026-05-03 18:34:05,2026-05-05 17:13:00,Priest,0,
Priest Rapids Tailrace STH,1,G72C7F531,2026-05-03 18:34:05,2026-05-05 17:13:00,Lower Ringold,1,2026-05-06 09:06:50
Priest Rapids Tailrace STH,1,G72C8381E,2026-05-06 18:10:18,2026-05-09 16:31:00,Priest,0,
Priest Rapids Tailrace STH,1,G72C8381E,2026-05-06 18:10:18,2026-05-09 16:31:00,Lower Ringold,1,2026-05-10 05:01:13
Priest Rapids Tailrace STH,1,G72C8D3D7,2026-05-15 17:18:25,2026-05-17 16:25:00,Priest,0,
Priest Rapids Tailrace STH,1,G72C8D3D7,2026-05-15 17:18:25,2026-05-17 16:25:00,Lower Ringold,1,2026-05-19 08:43:36
Priest Rapids Tailrace STH,1,G72C8EBAB,2026-05-16 15:24:03,2026-05-18 17:15:00,Priest,0,
Priest Rapids Tailrace STH,1,G72C8EBAB,2026-05-16 15:24:03,2026-05-18 17:15:00,Lower Ringold,1,2026-05-19 17:18:20
Priest Rapids Tailrace STH,1,G72C93527,2026-05-15 17:16:40,2026-05-17 16:25:00,Priest,0,
Priest Rapids Tailrace STH,1,G72C93527,2026-05-15 17:16:40,2026-05-17 16:25:00,Lower Ringold,1,2026-05-18 03:44:24
Priest Rapids Tailrace STH,1,G72C94481,2026-05-03 18:42:41,2026-05-05 17:13:00,Priest,0,
Priest Rapids Tailrace STH,1,G72C94481,2026-05-03 18:42:41,2026-05-05 17:13:00,Lower Ringold,1,2026-05-06 15:42:12
Priest Rapids Tailrace STH,3,G72C99FF6,2026-05-07 17:15:39,2026-05-09 16:31:00,Priest,0,
Priest Rapids Tailrace STH,3,G72C99FF6,2026-05-07 17:15:39,2026-05-09 16:31:00,Lower Ringold,1,2026-05-10 05:28:53
Priest Rapids Tailrace STH,3,G72C9C132,2026-05-06 19:13:44,2026-05-09 16:31:00,Priest,0,
Priest Rapids Tailrace STH,3,G72C9C132,2026-05-06 19:13:44,2026-05-09 16:31:00,Lower Ringold,0,
Priest Rapids Tailrace STH,3,G72C9D313,2026-04-29 16:57:55,2026-05-01 16:26:00,Priest,0,
Priest Rapids Tailrace STH,3,G72C9D313,2026-04-29 16:57:55,2026-05-01 16:26:00,Lower Ringold,1,2026-05-02 12:51:14
Priest Rapids Tailrace STH,3,G72CA20D0,2026-04-29 17:42:51,2026-05-01 16:26:00,Priest,0,
Priest Rapids Tailrace STH,3,G72CA20D0,2026-04-29 17:42:51,2026-05-01 16:26:00,Lower Ringold,1,2026-05-02 04:29:58
Priest Rapids Tailrace STH,2,G72CA664B,2026-05-16 15:23:38,2026-05-18 17:15:00,Priest,0,
Priest Rapids Tailrace STH,2,G72CA664B,2026-05-16 15:23:38,2026-05-18 17:15:00,Lower Ringold,1,2026-05-19 14:39:07
Priest Rapids Tailrace STH,1,G72CAA3BE,2026-05-06 17:53:06,2026-05-09 16:31:00,Priest,0,
Priest Rapids Tailrace STH,1,G72CAA3BE,2026-05-06 17:53:06,2026-05-09 16:31:00,Lower Ringold,1,2026-05-10 17:04:09
Priest Rapids Tailrace STH,1,G72CAA7DF,2026-05-20 18:57:47,2026-05-22 16:26:00,Priest,0,
Priest Rapids Tailrace STH,1,G72CAA7DF,2026-05-20 18:57:47,2026-05-22 16:26:00,Lower Ringold,1,2026-05-23 11:09:14
Priest Rapids Tailrace STH,1,G72CB08F5,2026-05-10 16:43:00,2026-05-12 16:15:00,Priest,0,
Priest Rapids Tailrace STH,1,G72CB08F5,2026-05-10 16:43:00,2026-05-12 16:15:00,Lower Ringold,1,2026-05-13 11:14:23
Priest Rapids Tailrace STH,1,G72CBBDF8,2026-05-07 18:14:28,2026-05-09 16:31:00,Priest,0,
Priest Rapids Tailrace STH,1,G72CBBDF8,2026-05-07 18:14:28,2026-05-09 16:31:00,Lower Ringold,1,2026-05-10 04:30:13
Priest Rapids Tailrace STH,1,G72CBDA1E,2026-05-07 17:30:21,2026-05-09 16:31:00,Priest,0,
Priest Rapids Tailrace STH,1,G72CBDA1E,2026-05-07 17:30:21,2026-05-09 16:31:00,Lower Ringold,0,
Priest Rapids Tailrace STH,1,G72CBDCC3,2026-05-05 17:59:15,2026-05-07 16:28:00,Priest,0,
Priest Rapids Tailrace STH,1,G72CBDCC3,2026-05-05 17:59:15,2026-05-07 16:28:00,Lower Ringold,0,
Priest Rapids Tailrace STH,1,G72CBDF21,2026-04-27 18:44:56,2026-04-29 16:07:00,Priest,0,
Priest Rapids Tailrace STH,1,G72CBDF21,2026-04-27 18:44:56,2026-04-29 16:07:00,Lower Ringold,1,2026-04-30 04:12:02
Priest Rapids Tailrace STH,1,G72CBEC7D,2026-05-10 16:33:12,2026-05-12 16:15:00,Priest,0,
Priest Rapids Tailrace STH,1,G72CBEC7D,2026-05-10 16:33:12,2026-05-12 16:15:00,Lower Ringold,1,2026-05-13 09:18:19
Priest Rapids Tailrace STH,1,G72CC397B,2026-05-15 17:24:01,2026-05-17 16:25:00,Priest,0,
Priest Rapids Tailrace STH,1,G72CC397B,2026-05-15 17:24:01,2026-05-17 16:25:00,Lower Ringold,0,
Priest Rapids Tailrace STH,1,G72CC4983,2026-04-24 21:17:31,2026-04-26 16:25:00,Priest,0,
Priest Rapids Tailrace STH,1,G72CC4983,2026-04-24 21:17:31,2026-04-26 16:25:00,Lower Ringold,1,2026-04-27 13:30:23
Priest Rapids Tailrace STH,1,G72CC4CBC,2026-05-22 20:21:39,2026-05-24 16:18:00,Priest,0,
Priest Rapids Tailrace STH,1,G72CC4CBC,2026-05-22 20:21:39,2026-05-24 16:18:00,Lower Ringold,1,2026-05-26 03:05:03
Priest Rapids Tailrace STH,1,G72CCD992,2026-04-25 18:40:15,2026-04-27 16:25:00,Priest,0,
Priest Rapids Tailrace STH,1,G72CCD992,2026-04-25 18:40:15,2026-04-27 16:25:00,Lower Ringold,0,
Priest Rapids Tailrace STH,1,G72CD4339,2026-05-20 18:47:16,2026-05-22 16:26:00,Priest,0,
Priest Rapids Tailrace STH,1,G72CD4339,2026-05-20 18:47:16,2026-05-22 16:26:00,Lower Ringold,1,2026-05-23 10:46:48
Priest Rapids Tailrace STH,2,G72CD4AA5,2026-05-05 18:26:46,2026-05-07 16:28:00,Priest,0,
Priest Rapids Tailrace STH,2,G72CD4AA5,2026-05-05 18:26:46,2026-05-07 16:28:00,Lower Ringold,0,
Priest Rapids Tailrace STH,3,G72CD9C2F,2026-05-06 18:03:12,2026-05-09 16:31:00,Priest,0,
Priest Rapids Tailrace STH,3,G72CD9C2F,2026-05-06 18:03:12,2026-05-09 16:31:00,Lower Ringold,1,2026-05-10 06:01:06
Priest Rapids Tailrace STH,3,G72CDB1F1,2026-04-30 16:40:19,2026-05-02 16:36:00,Priest,0,
Priest Rapids Tailrace STH,3,G72CDB1F1,2026-04-30 16:40:19,2026-05-02 16:36:00,Lower Ringold,1,2026-05-03 12:54:32
Priest Rapids Tailrace STH,3,G72CDC568,2026-05-03 19:58:11,2026-05-05 17:13:00,Priest,0,
Priest Rapids Tailrace STH,3,G72CDC568,2026-05-03 19:58:11,2026-05-05 17:13:00,Lower Ringold,0,
Priest Rapids Tailrace STH,3,G72CE13B7,2026-04-25 18:33:26,2026-04-27 16:25:00,Priest,0,
Priest Rapids Tailrace STH,3,G72CE13B7,2026-04-25 18:33:26,2026-04-27 16:25:00,Lower Ringold,1,2026-04-28 09:29:40
Priest Rapids Tailrace STH,1,G72CE60AD,2026-05-12 19:04:20,2026-05-15 17:05:00,Priest,0,
Priest Rapids Tailrace STH,1,G72CE60AD,2026-05-12 19:04:20,2026-05-15 17:05:00,Lower Ringold,1,2026-05-16 12:34:30
Priest Rapids Tailrace STH,3,G72CE6931,2026-04-24 21:11:23,2026-04-26 16:25:00,Priest,0,
Priest Rapids Tailrace STH,3,G72CE6931,2026-04-24 21:11:23,2026-04-26 16:25:00,Lower Ringold,1,2026-04-27 05:12:34
Priest Rapids Tailrace STH,3,G72CE7C93,2026-05-05 18:01:26,2026-05-07 16:28:00,Priest,0,
Priest Rapids Tailrace STH,3,G72CE7C93,2026-05-05 18:01:26,2026-05-07 16:28:00,Lower Ringold,0,
Priest Rapids Tailrace STH,3,G72CE981B,2026-04-30 18:10:47,2026-05-02 16:36:00,Priest,0,
Priest Rapids Tailrace STH,3,G72CE981B,2026-04-30 18:10:47,2026-05-02 16:36:00,Lower Ringold,1,2026-05-03 03:59:21
Priest Rapids Tailrace STH,3,G72CEB966,2026-05-04 18:01:06,2026-05-06 16:47:00,Priest,0,
Priest Rapids Tailrace STH,3,G72CEB966,2026-05-04 18:01:06,2026-05-06 16:47:00,Lower Ringold,1,2026-05-07 05:24:19
Priest Rapids Tailrace STH,3,G72CEBC59,2026-05-17 19:58:11,2026-05-19 15:26:00,Priest,0,
Priest Rapids Tailrace STH,3,G72CEBC59,2026-05-17 19:58:11,2026-05-19 15:26:00,Lower Ringold,1,2026-05-20 07:13:00
Priest Rapids Tailrace STH,3,G72CECE1D,2026-05-05 17:07:41,2026-05-07 16:28:00,Priest,0,
Priest Rapids Tailrace STH,3,G72CECE1D,2026-05-05 17:07:41,2026-05-07 16:28:00,Lower Ringold,1,2026-05-09 05:07:31
Priest Rapids Tailrace STH,3,G72CF0E13,2026-05-02 18:48:04,2026-05-04 16:25:00,Priest,0,
Priest Rapids Tailrace STH,3,G72CF0E13,2026-05-02 18:48:04,2026-05-04 16:25:00,Lower Ringold,1,2026-05-10 03:20:28
Priest Rapids Tailrace STH,3,G72CF2A51,2026-04-30 18:09:45,2026-05-02 16:36:00,Priest,0,
Priest Rapids Tailrace STH,3,G72CF2A51,2026-04-30 18:09:45,2026-05-02 16:36:00,Lower Ringold,1,2026-05-07 13:11:42
Priest Rapids Tailrace STH,3,G72CF7316,2026-05-07 18:17:00,2026-05-09 16:31:00,Priest,0,
Priest Rapids Tailrace STH,3,G72CF7316,2026-05-07 18:17:00,2026-05-09 16:31:00,Lower Ringold,1,2026-05-10 05:15:19
Priest Rapids Tailrace STH,3,G72CFAC00,2026-05-07 17:18:33,2026-05-09 16:31:00,Priest,0,
Priest Rapids Tailrace STH,3,G72CFAC00,2026-05-07 17:18:33,2026-05-09 16:31:00,Lower Ringold,1,2026-05-10 09:04:00
Priest Rapids Tailrace STH,3,G72CFC324,2026-05-02 18:06:48,2026-05-04 16:25:00,Priest,0,
Priest Rapids Tailrace STH,3,G72CFC324,2026-05-02 18:06:48,2026-05-04 16:25:00,Lower Ringold,1,2026-05-05 07:05:49
Priest Rapids Tailrace STH,3,G72CFD43A,2026-05-22 20:33:22,2026-05-24 16:18:00,Priest,0,
Priest Rapids Tailrace STH,3,G72CFD43A,2026-05-22 20:33:22,2026-05-24 16:18:00,Lower Ringold,0,
Priest Rapids Tailrace STH,3,G72CFDDA6,2026-05-05 16:52:29,2026-05-07 16:28:00,Priest,0,
Priest Rapids Tailrace STH,3,G72CFDDA6,2026-05-05 16:52:29,2026-05-07 16:28:00,Lower Ringold,1,2026-05-08 05:07:43
Priest Rapids Tailrace STH,3,G72CFEFA4,2026-04-25 18:20:08,2026-04-27 16:25:00,Priest,0,
Priest Rapids Tailrace STH,3,G72CFEFA4,2026-04-25 18:20:08,2026-04-27 16:25:00,Lower Ringold,1,2026-04-28 11:33:26
Priest Rapids Tailrace STH,1,G72D06E82,2026-05-16 16:35:48,2026-05-18 17:15:00,Priest,0,
Priest Rapids Tailrace STH,1,G72D06E82,2026-05-16 16:35:48,2026-05-18 17:15:00,Lower Ringold,1,2026-05-19 10:14:59
Priest Rapids Tailrace STH,1,G72D0E6CC,2026-05-16 15:18:57,2026-05-18 17:15:00,Priest,0,
Priest Rapids Tailrace STH,1,G72D0E6CC,2026-05-16 15:18:57,2026-05-18 17:15:00,Lower Ringold,1,2026-05-19 13:00:46
Priest Rapids Tailrace STH,1,G72D0E8D3,2026-04-30 18:04:02,2026-05-02 16:36:00,Priest,0,
Priest Rapids Tailrace STH,1,G72D0E8D3,2026-04-30 18:04:02,2026-05-02 16:36:00,Lower Ringold,0,
Priest Rapids Tailrace STH,1,G72D10503,2026-05-09 18:42:36,2026-05-11 16:32:00,Priest,0,
Priest Rapids Tailrace STH,1,G72D10503,2026-05-09 18:42:36,2026-05-11 16:32:00,Lower Ringold,1,2026-05-12 04:02:33
Priest Rapids Tailrace STH,1,G72D12141,2026-04-30 17:59:36,2026-05-02 16:36:00,Priest,0,
Priest Rapids Tailrace STH,1,G72D12141,2026-04-30 17:59:36,2026-05-02 16:36:00,Lower Ringold,0,
Priest Rapids Tailrace STH,1,G72D12CBC,2026-05-04 19:26:16,2026-05-06 16:47:00,Priest,0,
Priest Rapids Tailrace STH,1,G72D12CBC,2026-05-04 19:26:16,2026-05-06 16:47:00,Lower Ringold,1,2026-05-07 05:40:26
Priest Rapids Tailrace STH,1,G72D167DA,2026-05-06 19:12:23,2026-05-09 16:31:00,Priest,0,
Priest Rapids Tailrace STH,1,G72D167DA,2026-05-06 19:12:23,2026-05-09 16:31:00,Lower Ringold,1,2026-05-10 05:02:13
Priest Rapids Tailrace STH,3,G72D21629,2026-05-05 16:50:25,2026-05-07 16:28:00,Priest,0,
Priest Rapids Tailrace STH,3,G72D21629,2026-05-05 16:50:25,2026-05-07 16:28:00,Lower Ringold,1,2026-05-09 12:14:51
Priest Rapids Tailrace STH,3,G72D22CE9,2026-05-06 18:15:01,2026-05-09 16:31:00,Priest,0,
Priest Rapids Tailrace STH,3,G72D22CE9,2026-05-06 18:15:01,2026-05-09 16:31:00,Lower Ringold,1,2026-05-10 18:32:00
Priest Rapids Tailrace STH,3,G72D230D7,2026-04-30 16:40:57,2026-05-02 16:36:00,Priest,0,
Priest Rapids Tailrace STH,3,G72D230D7,2026-04-30 16:40:57,2026-05-02 16:36:00,Lower Ringold,1,2026-05-03 06:52:38
Priest Rapids Tailrace STH,2,G72D235E8,2026-05-12 18:47:13,2026-05-15 17:05:00,Priest,0,
Priest Rapids Tailrace STH,2,G72D235E8,2026-05-12 18:47:13,2026-05-15 17:05:00,Lower Ringold,1,2026-05-16 06:28:45
Priest Rapids Tailrace STH,3,G72D2444E,2026-05-16 15:30:08,2026-05-18 17:15:00,Priest,0,
Priest Rapids Tailrace STH,3,G72D2444E,2026-05-16 15:30:08,2026-05-18 17:15:00,Lower Ringold,0,
Priest Rapids Tailrace STH,2,G72D24E30,2026-05-14 17:33:50,2026-05-16 16:35:00,Priest,0,
Priest Rapids Tailrace STH,2,G72D24E30,2026-05-14 17:33:50,2026-05-16 16:35:00,Lower Ringold,1,2026-05-17 09:31:07
Priest Rapids Tailrace STH,3,G72D26533,2026-05-16 15:17:45,2026-05-18 17:15:00,Priest,0,
Priest Rapids Tailrace STH,3,G72D26533,2026-05-16 15:17:45,2026-05-18 17:15:00,Lower Ringold,1,2026-05-19 15:30:08
Priest Rapids Tailrace STH,1,G72D28307,2026-05-08 16:53:53,2026-05-10 16:20:00,Priest,0,
Priest Rapids Tailrace STH,1,G72D28307,2026-05-08 16:53:53,2026-05-10 16:20:00,Lower Ringold,1,2026-05-11 17:30:56
Priest Rapids Tailrace STH,1,G72D29419,2026-05-06 17:58:41,2026-05-09 16:31:00,Priest,0,
Priest Rapids Tailrace STH,1,G72D29419,2026-05-06 17:58:41,2026-05-09 16:31:00,Lower Ringold,1,2026-05-12 06:24:47
Priest Rapids Tailrace STH,1,G72D2BA25,2026-05-16 15:47:02,2026-05-18 17:15:00,Priest,0,
Priest Rapids Tailrace STH,1,G72D2BA25,2026-05-16 15:47:02,2026-05-18 17:15:00,Lower Ringold,1,2026-05-19 09:31:35
Priest Rapids Tailrace STH,2,G72D2BDA6,2026-05-01 17:21:33,2026-05-03 16:31:00,Priest,0,
Priest Rapids Tailrace STH,2,G72D2BDA6,2026-05-01 17:21:33,2026-05-03 16:31:00,Lower Ringold,1,2026-05-04 07:51:31
Priest Rapids Tailrace STH,1,G72D2D3DC,2026-04-25 18:41:44,2026-04-27 16:25:00,Priest,0,
Priest Rapids Tailrace STH,1,G72D2D3DC,2026-04-25 18:41:44,2026-04-27 16:25:00,Lower Ringold,1,2026-04-28 08:27:23
Priest Rapids Tailrace STH,1,G72D2DA40,2026-05-04 17:49:34,2026-05-06 16:47:00,Priest,0,
Priest Rapids Tailrace STH,1,G72D2DA40,2026-05-04 17:49:34,2026-05-06 16:47:00,Lower Ringold,1,2026-05-08 04:03:17
Priest Rapids Tailrace STH,1,G72D3034F,2026-05-09 17:17:06,2026-05-11 16:32:00,Priest,0,
Priest Rapids Tailrace STH,1,G72D3034F,2026-05-09 17:17:06,2026-05-11 16:32:00,Lower Ringold,0,
Priest Rapids Tailrace STH,1,G72D3128C,2026-04-29 16:59:17,2026-05-01 16:26:00,Priest,0,
Priest Rapids Tailrace STH,1,G72D3128C,2026-04-29 16:59:17,2026-05-01 16:26:00,Lower Ringold,0,
Priest Rapids Tailrace STH,1,G72D321D0,2026-04-24 21:13:02,2026-04-26 16:25:00,Priest,0,
Priest Rapids Tailrace STH,1,G72D321D0,2026-04-24 21:13:02,2026-04-26 16:25:00,Lower Ringold,1,2026-04-27 05:17:42
Priest Rapids Tailrace STH,1,G72D332AF,2026-04-26 17:51:49,2026-04-28 15:47:00,Priest,0,
Priest Rapids Tailrace STH,1,G72D332AF,2026-04-26 17:51:49,2026-04-28 15:47:00,Lower Ringold,1,2026-04-29 15:17:59
Priest Rapids Tailrace STH,1,G72D35D8B,2026-05-07 17:30:45,2026-05-09 16:31:00,Priest,0,
Priest Rapids Tailrace STH,1,G72D35D8B,2026-05-07 17:30:45,2026-05-09 16:31:00,Lower Ringold,1,2026-05-10 05:37:01
Priest Rapids Tailrace STH,1,G72D36AB6,2026-05-15 17:32:42,2026-05-17 16:25:00,Priest,0,
Priest Rapids Tailrace STH,1,G72D36AB6,2026-05-15 17:32:42,2026-05-17 16:25:00,Lower Ringold,1,2026-05-18 04:09:16
Priest Rapids Tailrace STH,1,G72D39200,2026-04-24 21:13:59,2026-04-26 16:25:00,Priest,0,
Priest Rapids Tailrace STH,1,G72D39200,2026-04-24 21:13:59,2026-04-26 16:25:00,Lower Ringold,1,2026-04-27 06:10:12
Priest Rapids Tailrace STH,1,G72D3BBBF,2026-05-14 17:37:28,2026-05-16 16:35:00,Priest,0,
Priest Rapids Tailrace STH,1,G72D3BBBF,2026-05-14 17:37:28,2026-05-16 16:35:00,Lower Ringold,1,2026-05-17 19:11:28
Priest Rapids Tailrace STH,1,G72D3E57B,2026-04-28 22:44:25,2026-04-30 16:19:00,Priest,0,
Priest Rapids Tailrace STH,1,G72D3E57B,2026-04-28 22:44:25,2026-04-30 16:19:00,Lower Ringold,1,2026-05-01 07:04:08
Priest Rapids Tailrace STH,1,G72D3E699,2026-05-05 18:13:54,2026-05-07 16:28:00,Priest,0,
Priest Rapids Tailrace STH,1,G72D3E699,2026-05-05 18:13:54,2026-05-07 16:28:00,Lower Ringold,1,2026-05-08 16:49:51
Priest Rapids Tailrace STH,1,G72D3EA3A,2026-05-22 20:22:44,2026-05-24 16:18:00,Priest,0,
Priest Rapids Tailrace STH,1,G72D3EA3A,2026-05-22 20:22:44,2026-05-24 16:18:00,Lower Ringold,1,2026-05-25 08:21:15
Priest Rapids Tailrace STH,1,G72D3EF05,2026-05-11 16:56:57,2026-05-14 16:30:00,Priest,0,
Priest Rapids Tailrace STH,1,G72D3EF05,2026-05-11 16:56:57,2026-05-14 16:30:00,Lower Ringold,1,2026-05-16 09:52:40
Priest Rapids Tailrace STH,1,G72D3F33B,2026-05-14 19:12:45,2026-05-16 16:35:00,Priest,0,
Priest Rapids Tailrace STH,1,G72D3F33B,2026-05-14 19:12:45,2026-05-16 16:35:00,Lower Ringold,0,
Priest Rapids Tailrace STH,2,G72D47165,2026-05-01 17:23:07,2026-05-03 16:31:00,Priest,0,
Priest Rapids Tailrace STH,2,G72D47165,2026-05-01 17:23:07,2026-05-03 16:31:00,Lower Ringold,1,2026-05-04 13:17:53
Priest Rapids Tailrace STH,1,G72D529B8,2026-04-28 22:47:19,2026-04-30 16:19:00,Priest,0,
Priest Rapids Tailrace STH,1,G72D529B8,2026-04-28 22:47:19,2026-04-30 16:19:00,Lower Ringold,1,2026-05-01 03:01:28
Priest Rapids Tailrace STH,1,G72D53925,2026-05-08 20:54:28,2026-05-10 16:20:00,Priest,0,
Priest Rapids Tailrace STH,1,G72D53925,2026-05-08 20:54:28,2026-05-10 16:20:00,Lower Ringold,1,2026-05-11 02:36:23
Priest Rapids Tailrace STH,1,G72D5655D,2026-05-17 20:06:59,2026-05-19 15:26:00,Priest,0,
Priest Rapids Tailrace STH,1,G72D5655D,2026-05-17 20:06:59,2026-05-19 15:26:00,Lower Ringold,1,2026-05-20 05:08:45
Priest Rapids Tailrace STH,1,G72D56E7D,2026-05-07 17:20:36,2026-05-09 16:31:00,Priest,0,
Priest Rapids Tailrace STH,1,G72D56E7D,2026-05-07 17:20:36,2026-05-09 16:31:00,Lower Ringold,1,2026-05-10 06:29:21
Priest Rapids Tailrace STH,1,G72D5C5F2,2026-05-17 19:55:46,2026-05-19 15:26:00,Priest,0,
Priest Rapids Tailrace STH,1,G72D5C5F2,2026-05-17 19:55:46,2026-05-19 15:26:00,Lower Ringold,0,
Priest Rapids Tailrace STH,1,G72D69E5C,2026-05-03 20:01:31,2026-05-05 17:13:00,Priest,0,
Priest Rapids Tailrace STH,1,G72D69E5C,2026-05-03 20:01:31,2026-05-05 17:13:00,Lower Ringold,1,2026-05-06 03:51:32
Priest Rapids Tailrace STH,1,G72D6AA83,2026-05-07 17:21:03,2026-05-09 16:31:00,Priest,0,
Priest Rapids Tailrace STH,1,G72D6AA83,2026-05-07 17:21:03,2026-05-09 16:31:00,Lower Ringold,1,2026-05-11 01:55:42
Priest Rapids Tailrace STH,1,G72D6D3E7,2026-05-03 19:47:27,2026-05-05 17:13:00,Priest,0,
Priest Rapids Tailrace STH,1,G72D6D3E7,2026-05-03 19:47:27,2026-05-05 17:13:00,Lower Ringold,0,
Priest Rapids Tailrace STH,1,G72D72209,2026-05-20 18:58:41,2026-05-22 16:26:00,Priest,0,
Priest Rapids Tailrace STH,1,G72D72209,2026-05-20 18:58:41,2026-05-22 16:26:00,Lower Ringold,1,2026-05-24 19:44:53
Priest Rapids Tailrace STH,1,G72D739B4,2026-05-11 16:56:31,2026-05-14 16:30:00,Priest,0,
Priest Rapids Tailrace STH,1,G72D739B4,2026-05-11 16:56:31,2026-05-14 16:30:00,Lower Ringold,1,2026-05-15 10:35:55
Priest Rapids Tailrace STH,1,G72D7624F,2026-04-30 18:09:15,2026-05-02 16:36:00,Priest,0,
Priest Rapids Tailrace STH,1,G72D7624F,2026-04-30 18:09:15,2026-05-02 16:36:00,Lower Ringold,1,2026-05-04 18:51:15
Priest Rapids Tailrace STH,1,G72D76831,2026-05-14 17:41:29,2026-05-16 16:35:00,Priest,0,
Priest Rapids Tailrace STH,1,G72D76831,2026-05-14 17:41:29,2026-05-16 16:35:00,Lower Ringold,1,2026-05-17 06:41:59
Priest Rapids Tailrace STH,1,G72D7706E,2026-05-06 18:52:07,2026-05-09 16:31:00,Priest,0,
Priest Rapids Tailrace STH,1,G72D7706E,2026-05-06 18:52:07,2026-05-09 16:31:00,Lower Ringold,1,2026-05-10 12:54:35
Priest Rapids Tailrace STH,1,G72D77551,2026-05-15 17:31:02,2026-05-17 16:25:00,Priest,0,
Priest Rapids Tailrace STH,1,G72D77551,2026-05-15 17:31:02,2026-05-17 16:25:00,Lower Ringold,0,
Priest Rapids Tailrace STH,1,G72D79365,2026-04-24 21:31:57,2026-04-26 16:25:00,Priest,0,
Priest Rapids Tailrace STH,1,G72D79365,2026-04-24 21:31:57,2026-04-26 16:25:00,Lower Ringold,0,
Priest Rapids Tailrace STH,1,G72D7C43D,2026-05-16 16:30:54,2026-05-18 17:15:00,Priest,0,
Priest Rapids Tailrace STH,1,G72D7C43D,2026-05-16 16:30:54,2026-05-18 17:15:00,Lower Ringold,1,2026-05-20 03:12:20
Priest Rapids Tailrace STH,1,G72D7E9E3,2026-05-08 17:01:35,2026-05-10 16:20:00,Priest,0,
Priest Rapids Tailrace STH,1,G72D7E9E3,2026-05-08 17:01:35,2026-05-10 16:20:00,Lower Ringold,0,
Priest Rapids Tailrace STH,1,G72D80AF0,2026-05-17 20:03:33,2026-05-19 15:26:00,Priest,0,
Priest Rapids Tailrace STH,1,G72D80AF0,2026-05-17 20:03:33,2026-05-19 15:26:00,Lower Ringold,1,2026-05-20 23:33:54
Priest Rapids Tailrace STH,1,G72D816CE,2026-05-14 17:31:27,2026-05-16 16:35:00,Priest,0,
Priest Rapids Tailrace STH,1,G72D816CE,2026-05-14 17:31:27,2026-05-16 16:35:00,Lower Ringold,1,2026-05-17 09:29:34
Priest Rapids Tailrace STH,1,G72D86257,2026-05-07 17:16:24,2026-05-09 16:31:00,Priest,0,
Priest Rapids Tailrace STH,1,G72D86257,2026-05-07 17:16:24,2026-05-09 16:31:00,Lower Ringold,1,2026-05-10 09:05:10
Priest Rapids Tailrace STH,3,G72D88463,2026-04-23 21:30:00,2026-04-25 16:05:00,Priest,0,
Priest Rapids Tailrace STH,3,G72D88463,2026-04-23 21:30:00,2026-04-25 16:05:00,Lower Ringold,0,
Priest Rapids Tailrace STH,3,G72D894FE,2026-05-06 18:53:53,2026-05-09 16:31:00,Priest,0,
Priest Rapids Tailrace STH,3,G72D894FE,2026-05-06 18:53:53,2026-05-09 16:31:00,Lower Ringold,1,2026-05-10 04:52:23
Priest Rapids Tailrace STH,2,G72D8B0BC,2026-05-15 16:11:34,2026-05-17 16:25:00,Priest,0,
Priest Rapids Tailrace STH,2,G72D8B0BC,2026-05-15 16:11:34,2026-05-17 16:25:00,Lower Ringold,1,2026-05-18 06:58:36
Priest Rapids Tailrace STH,1,G72D8E9FB,2026-05-09 18:27:00,2026-05-11 16:32:00,Priest,0,
Priest Rapids Tailrace STH,1,G72D8E9FB,2026-05-09 18:27:00,2026-05-11 16:32:00,Lower Ringold,1,2026-05-14 12:29:06
Priest Rapids Tailrace STH,1,G72D8FBDA,2026-04-24 21:37:52,2026-04-26 16:25:00,Priest,0,
Priest Rapids Tailrace STH,1,G72D8FBDA,2026-04-24 21:37:52,2026-04-26 16:25:00,Lower Ringold,1,2026-04-27 07:02:27
Priest Rapids Tailrace STH,1,G72D91335,2026-05-11 18:02:44,2026-05-14 16:30:00,Priest,0,
Priest Rapids Tailrace STH,1,G72D91335,2026-05-11 18:02:44,2026-05-14 16:30:00,Lower Ringold,1,2026-05-15 06:40:25
Priest Rapids Tailrace STH,1,G72D92408,2026-05-03 18:35:02,2026-05-05 17:13:00,Priest,0,
Priest Rapids Tailrace STH,1,G72D92408,2026-05-03 18:35:02,2026-05-05 17:13:00,Lower Ringold,1,2026-05-06 07:19:29
Priest Rapids Tailrace STH,1,G72D92556,2026-05-11 18:07:16,2026-05-14 16:30:00,Priest,0,
Priest Rapids Tailrace STH,1,G72D92556,2026-05-11 18:07:16,2026-05-14 16:30:00,Lower Ringold,1,2026-05-15 02:38:48
Priest Rapids Tailrace STH,1,G72D96B0F,2026-05-02 18:04:05,2026-05-04 16:25:00,Priest,0,
Priest Rapids Tailrace STH,1,G72D96B0F,2026-05-02 18:04:05,2026-05-04 16:25:00,Lower Ringold,1,2026-05-05 04:29:37
Priest Rapids Tailrace STH,1,G72D9895A,2026-05-15 17:30:14,2026-05-17 16:25:00,Priest,0,
Priest Rapids Tailrace STH,1,G72D9895A,2026-05-15 17:30:14,2026-05-17 16:25:00,Lower Ringold,1,2026-05-19 04:37:33
Priest Rapids Tailrace STH,2,G72D98C65,2026-05-03 18:29:45,2026-05-05 17:13:00,Priest,0,
Priest Rapids Tailrace STH,2,G72D98C65,2026-05-03 18:29:45,2026-05-05 17:13:00,Lower Ringold,0,
Priest Rapids Tailrace STH,2,G72D9B2C4,2026-05-12 18:58:17,2026-05-15 17:05:00,Priest,0,
Priest Rapids Tailrace STH,2,G72D9B2C4,2026-05-12 18:58:17,2026-05-15 17:05:00,Lower Ringold,1,2026-05-16 03:56:09
Priest Rapids Tailrace STH,2,G72D9D6C0,2026-05-04 19:26:38,2026-05-06 16:47:00,Priest,0,
Priest Rapids Tailrace STH,2,G72D9D6C0,2026-05-04 19:26:38,2026-05-06 16:47:00,Lower Ringold,1,2026-05-07 10:02:49
Priest Rapids Tailrace STH,3,G72DA4684,2026-05-02 17:50:12,2026-05-04 16:25:00,Priest,0,
Priest Rapids Tailrace STH,3,G72DA4684,2026-05-02 17:50:12,2026-05-04 16:25:00,Lower Ringold,0,
Priest Rapids Tailrace STH,3,G72DA68B8,2026-05-20 18:49:46,2026-05-22 16:26:00,Priest,0,
Priest Rapids Tailrace STH,3,G72DA68B8,2026-05-20 18:49:46,2026-05-22 16:26:00,Lower Ringold,1,2026-05-23 07:39:27
Priest Rapids Tailrace STH,2,G72DA6E65,2026-05-15 16:17:38,2026-05-17 16:25:00,Priest,0,
Priest Rapids Tailrace STH,2,G72DA6E65,2026-05-15 16:17:38,2026-05-17 16:25:00,Lower Ringold,1,2026-05-18 05:25:58
Priest Rapids Tailrace STH,2,G72DA8D6E,2026-05-10 16:32:18,2026-05-12 16:15:00,Priest,0,
Priest Rapids Tailrace STH,2,G72DA8D6E,2026-05-10 16:32:18,2026-05-12 16:15:00,Lower Ringold,0,
Priest Rapids Tailrace STH,2,G72DAAB90,2026-04-30 17:59:17,2026-05-02 16:36:00,Priest,0,
Priest Rapids Tailrace STH,2,G72DAAB90,2026-04-30 17:59:17,2026-05-02 16:36:00,Lower Ringold,1,2026-05-03 06:35:40
Priest Rapids Tailrace STH,2,G72DAD88A,2026-04-30 16:59:57,2026-05-02 16:36:00,Priest,0,
Priest Rapids Tailrace STH,2,G72DAD88A,2026-04-30 16:59:57,2026-05-02 16:36:00,Lower Ringold,1,2026-05-03 11:31:38
Priest Rapids Tailrace STH,3,G72DB53E2,2026-05-04 19:25:15,2026-05-06 16:47:00,Priest,0,
Priest Rapids Tailrace STH,3,G72DB53E2,2026-05-04 19:25:15,2026-05-06 16:47:00,Lower Ringold,1,2026-05-07 14:20:18
Priest Rapids Tailrace STH,3,G72DB599C,2026-05-06 18:09:10,2026-05-09 16:31:00,Priest,0,
Priest Rapids Tailrace STH,3,G72DB599C,2026-05-06 18:09:10,2026-05-09 16:31:00,Lower Ringold,1,2026-05-10 06:58:43
Priest Rapids Tailrace STH,3,G72DB751C,2026-05-06 18:15:38,2026-05-09 16:31:00,Priest,0,
Priest Rapids Tailrace STH,3,G72DB751C,2026-05-06 18:15:38,2026-05-09 16:31:00,Lower Ringold,1,2026-05-10 06:27:50
Priest Rapids Tailrace STH,3,G72DBD36E,2026-04-25 18:19:35,2026-04-27 16:25:00,Priest,0,
Priest Rapids Tailrace STH,3,G72DBD36E,2026-04-25 18:19:35,2026-04-27 16:25:00,Lower Ringold,1,2026-04-28 20:25:29
Priest Rapids Tailrace STH,3,G72DC1294,2026-05-17 20:06:19,2026-05-19 15:26:00,Priest,0,
Priest Rapids Tailrace STH,3,G72DC1294,2026-05-17 20:06:19,2026-05-19 15:26:00,Lower Ringold,1,2026-05-20 09:45:36
Priest Rapids Tailrace STH,3,G72DCAE05,2026-05-09 18:24:44,2026-05-11 16:32:00,Priest,0,
Priest Rapids Tailrace STH,3,G72DCAE05,2026-05-09 18:24:44,2026-05-11 16:32:00,Lower Ringold,1,2026-05-12 02:57:12
Priest Rapids Tailrace STH,3,G72DCB23B,2026-05-10 16:37:38,2026-05-12 16:15:00,Priest,0,
Priest Rapids Tailrace STH,3,G72DCB23B,2026-05-10 16:37:38,2026-05-12 16:15:00,Lower Ringold,0,
Priest Rapids Tailrace STH,3,G72DCBFC6,2026-05-11 17:53:57,2026-05-14 16:30:00,Priest,0,
Priest Rapids Tailrace STH,3,G72DCBFC6,2026-05-11 17:53:57,2026-05-14 16:30:00,Lower Ringold,1,2026-05-15 11:38:53
Priest Rapids Tailrace STH,3,G72DD1A92,2026-05-05 16:58:53,2026-05-07 16:28:00,Priest,0,
Priest Rapids Tailrace STH,3,G72DD1A92,2026-05-05 16:58:53,2026-05-07 16:28:00,Lower Ringold,1,2026-05-09 05:23:25
Priest Rapids Tailrace STH,3,G72DD1FAD,2026-05-21 19:40:19,2026-05-23 17:10:00,Priest,0,
Priest Rapids Tailrace STH,3,G72DD1FAD,2026-05-21 19:40:19,2026-05-23 17:10:00,Lower Ringold,0,
Priest Rapids Tailrace STH,3,G72DD374C,2026-04-23 21:30:00,2026-04-25 16:05:00,Priest,0,
Priest Rapids Tailrace STH,3,G72DD374C,2026-04-23 21:30:00,2026-04-25 16:05:00,Lower Ringold,1,2026-04-26 09:28:25
Priest Rapids Tailrace STH,2,G72DD7FC8,2026-05-12 18:44:03,2026-05-15 17:05:00,Priest,0,
Priest Rapids Tailrace STH,2,G72DD7FC8,2026-05-12 18:44:03,2026-05-15 17:05:00,Lower Ringold,0,
Priest Rapids Tailrace STH,2,G72DDEBB8,2026-04-27 18:58:06,2026-04-29 16:07:00,Priest,0,
Priest Rapids Tailrace STH,2,G72DDEBB8,2026-04-27 18:58:06,2026-04-29 16:07:00,Lower Ringold,1,2026-04-30 12:02:54
Priest Rapids Tailrace STH,1,G72DDEE87,2026-05-09 17:03:16,2026-05-11 16:32:00,Priest,0,
Priest Rapids Tailrace STH,1,G72DDEE87,2026-05-09 17:03:16,2026-05-11 16:32:00,Lower Ringold,1,2026-05-12 07:11:43
Priest Rapids Tailrace STH,2,G72DE0C87,2026-05-01 17:35:29,2026-05-03 16:31:00,Priest,0,
Priest Rapids Tailrace STH,2,G72DE0C87,2026-05-01 17:35:29,2026-05-03 16:31:00,Lower Ringold,1,2026-05-04 18:44:50
Priest Rapids Tailrace STH,2,G72DE1205,2026-05-01 19:03:59,2026-05-04 16:25:00,Priest,0,
Priest Rapids Tailrace STH,2,G72DE1205,2026-05-01 19:03:59,2026-05-04 16:25:00,Lower Ringold,1,2026-05-07 16:04:51
Priest Rapids Tailrace STH,2,G72DE26DA,2026-05-15 16:14:47,2026-05-17 16:25:00,Priest,0,
Priest Rapids Tailrace STH,2,G72DE26DA,2026-05-15 16:14:47,2026-05-17 16:25:00,Lower Ringold,0,
Priest Rapids Tailrace STH,3,G72DEA849,2026-05-08 17:00:50,2026-05-10 16:20:00,Priest,0,
Priest Rapids Tailrace STH,3,G72DEA849,2026-05-08 17:00:50,2026-05-10 16:20:00,Lower Ringold,1,2026-05-11 08:39:09
Priest Rapids Tailrace STH,3,G72DEC82C,2026-05-09 17:40:59,2026-05-11 16:32:00,Priest,0,
Priest Rapids Tailrace STH,3,G72DEC82C,2026-05-09 17:40:59,2026-05-11 16:32:00,Lower Ringold,0,
Priest Rapids Tailrace STH,3,G72DECFAF,2026-05-05 17:10:13,2026-05-07 16:28:00,Priest,0,
Priest Rapids Tailrace STH,3,G72DECFAF,2026-05-05 17:10:13,2026-05-07 16:28:00,Lower Ringold,1,2026-05-08 11:05:07
Priest Rapids Tailrace STH,3,G72DEF9CC,2026-05-06 21:37:37,2026-05-09 16:31:00,Priest,0,
Priest Rapids Tailrace STH,3,G72DEF9CC,2026-05-06 21:37:37,2026-05-09 16:31:00,Lower Ringold,1,2026-05-10 11:46:25
Priest Rapids Tailrace STH,3,G72DEFA2E,2026-05-22 20:36:32,2026-05-24 16:18:00,Priest,0,
Priest Rapids Tailrace STH,3,G72DEFA2E,2026-05-22 20:36:32,2026-05-24 16:18:00,Lower Ringold,1,2026-05-25 04:16:17
Priest Rapids Tailrace STH,3,G72DF6658,2026-05-08 19:59:30,2026-05-10 16:20:00,Priest,0,
Priest Rapids Tailrace STH,3,G72DF6658,2026-05-08 19:59:30,2026-05-10 16:20:00,Lower Ringold,1,2026-05-11 07:24:55
Priest Rapids Tailrace STH,3,G72DF90F1,2026-05-05 16:30:21,2026-05-07 16:28:00,Priest,0,
Priest Rapids Tailrace STH,3,G72DF90F1,2026-05-05 16:30:21,2026-05-07 16:28:00,Lower Ringold,1,2026-05-09 05:05:58
Priest Rapids Tailrace STH,1,G72E0018B,2026-04-29 16:50:35,2026-05-01 16:26:00,Priest,0,
Priest Rapids Tailrace STH,1,G72E0018B,2026-04-29 16:50:35,2026-05-01 16:26:00,Lower Ringold,1,2026-05-02 04:54:17
Priest Rapids Tailrace STH,1,G72E0296A,2026-05-03 20:02:07,2026-05-05 17:13:00,Priest,0,
Priest Rapids Tailrace STH,1,G72E0296A,2026-05-03 20:02:07,2026-05-05 17:13:00,Lower Ringold,1,2026-05-06 13:43:18
Priest Rapids Tailrace STH,1,G72E073CF,2026-05-07 17:19:34,2026-05-09 16:31:00,Priest,0,
Priest Rapids Tailrace STH,1,G72E073CF,2026-05-07 17:19:34,2026-05-09 16:31:00,Lower Ringold,1,2026-05-11 13:16:48
Priest Rapids Tailrace STH,1,G72E0919A,2026-05-20 18:54:05,2026-05-22 16:26:00,Priest,0,
Priest Rapids Tailrace STH,1,G72E0919A,2026-05-20 18:54:05,2026-05-22 16:26:00,Lower Ringold,1,2026-05-23 10:36:41
Priest Rapids Tailrace STH,1,G72E09619,2026-05-20 18:55:30,2026-05-22 16:26:00,Priest,0,
Priest Rapids Tailrace STH,1,G72E09619,2026-05-20 18:55:30,2026-05-22 16:26:00,Lower Ringold,1,2026-05-24 19:03:49
Priest Rapids Tailrace STH,1,G72E0C983,2026-05-04 17:50:40,2026-05-06 16:47:00,Priest,0,
Priest Rapids Tailrace STH,1,G72E0C983,2026-05-04 17:50:40,2026-05-06 16:47:00,Lower Ringold,1,2026-05-07 06:06:34
Priest Rapids Tailrace STH,2,G72E150CA,2026-05-16 16:44:05,2026-05-19 15:26:00,Priest,0,
Priest Rapids Tailrace STH,2,G72E150CA,2026-05-16 16:44:05,2026-05-19 15:26:00,Lower Ringold,0,
Priest Rapids Tailrace STH,2,G72E16CD7,2026-05-15 16:07:09,2026-05-17 16:25:00,Priest,0,
Priest Rapids Tailrace STH,2,G72E16CD7,2026-05-15 16:07:09,2026-05-17 16:25:00,Lower Ringold,0,
Priest Rapids Tailrace STH,2,G72E1A73D,2026-05-05 18:28:17,2026-05-07 16:28:00,Priest,0,
Priest Rapids Tailrace STH,2,G72E1A73D,2026-05-05 18:28:17,2026-05-07 16:28:00,Lower Ringold,1,2026-05-08 03:41:07
Priest Rapids Tailrace STH,2,G72E1BE3C,2026-05-08 19:58:57,2026-05-10 16:20:00,Priest,0,
Priest Rapids Tailrace STH,2,G72E1BE3C,2026-05-08 19:58:57,2026-05-10 16:20:00,Lower Ringold,1,2026-05-11 10:51:00
Priest Rapids Tailrace STH,1,G72E26DDC,2026-05-09 17:27:46,2026-05-11 16:32:00,Priest,0,
Priest Rapids Tailrace STH,1,G72E26DDC,2026-05-09 17:27:46,2026-05-11 16:32:00,Lower Ringold,1,2026-05-12 05:43:31
Priest Rapids Tailrace STH,1,G72E285F7,2026-05-02 18:48:32,2026-05-04 16:25:00,Priest,0,
Priest Rapids Tailrace STH,1,G72E285F7,2026-05-02 18:48:32,2026-05-04 16:25:00,Lower Ringold,1,2026-05-08 01:42:32
Priest Rapids Tailrace STH,1,G72E28AB6,2026-05-09 18:37:14,2026-05-11 16:32:00,Priest,0,
Priest Rapids Tailrace STH,1,G72E28AB6,2026-05-09 18:37:14,2026-05-11 16:32:00,Lower Ringold,1,2026-05-12 03:23:32
Priest Rapids Tailrace STH,1,G72E299C9,2026-04-26 17:46:52,2026-04-28 15:47:00,Priest,0,
Priest Rapids Tailrace STH,1,G72E299C9,2026-04-26 17:46:52,2026-04-28 15:47:00,Lower Ringold,1,2026-04-29 07:49:28
Priest Rapids Tailrace STH,2,G72E2CD73,2026-05-19 19:30:25,2026-05-21 16:17:00,Priest,0,
Priest Rapids Tailrace STH,2,G72E2CD73,2026-05-19 19:30:25,2026-05-21 16:17:00,Lower Ringold,1,2026-05-22 03:27:02
Priest Rapids Tailrace STH,3,G72E2D8D1,2026-05-15 16:13:41,2026-05-17 16:25:00,Priest,0,
Priest Rapids Tailrace STH,3,G72E2D8D1,2026-05-15 16:13:41,2026-05-17 16:25:00,Lower Ringold,1,2026-05-19 07:22:24
Priest Rapids Tailrace STH,3,G72E320A3,2026-05-21 19:37:45,2026-05-23 17:10:00,Priest,0,
Priest Rapids Tailrace STH,3,G72E320A3,2026-05-21 19:37:45,2026-05-23 17:10:00,Lower Ringold,1,2026-05-24 17:27:30
Priest Rapids Tailrace STH,3,G72E344A7,2026-05-05 18:19:13,2026-05-07 16:28:00,Priest,0,
Priest Rapids Tailrace STH,3,G72E344A7,2026-05-05 18:19:13,2026-05-07 16:28:00,Lower Ringold,1,2026-05-08 04:58:23
Priest Rapids Tailrace STH,3,G72E34AB8,2026-05-15 17:29:40,2026-05-17 16:25:00,Priest,0,
Priest Rapids Tailrace STH,3,G72E34AB8,2026-05-15 17:29:40,2026-05-17 16:25:00,Lower Ringold,1,2026-05-18 03:31:50
Priest Rapids Tailrace STH,3,G72E35105,2026-05-07 17:21:32,2026-05-09 16:31:00,Priest,0,
Priest Rapids Tailrace STH,3,G72E35105,2026-05-07 17:21:32,2026-05-09 16:31:00,Lower Ringold,1,2026-05-10 11:09:45
Priest Rapids Tailrace STH,3,G72E35E44,2026-05-10 16:38:04,2026-05-12 16:15:00,Priest,0,
Priest Rapids Tailrace STH,3,G72E35E44,2026-05-10 16:38:04,2026-05-12 16:15:00,Lower Ringold,1,2026-05-13 08:13:15
Priest Rapids Tailrace STH,3,G72E37078,2026-05-11 18:03:11,2026-05-14 16:30:00,Priest,0,
Priest Rapids Tailrace STH,3,G72E37078,2026-05-11 18:03:11,2026-05-14 16:30:00,Lower Ringold,1,2026-05-15 15:22:44
Priest Rapids Tailrace STH,1,G72E37CDB,2026-05-03 19:43:23,2026-05-05 17:13:00,Priest,0,
Priest Rapids Tailrace STH,1,G72E37CDB,2026-05-03 19:43:23,2026-05-05 17:13:00,Lower Ringold,1,2026-05-06 10:27:22
Priest Rapids Tailrace STH,1,G72E3AA51,2026-04-28 22:45:54,2026-04-30 16:19:00,Priest,0,
Priest Rapids Tailrace STH,1,G72E3AA51,2026-04-28 22:45:54,2026-04-30 16:19:00,Lower Ringold,0,
Priest Rapids Tailrace STH,1,G72E3D60A,2026-05-08 16:52:57,2026-05-10 16:20:00,Priest,0,
Priest Rapids Tailrace STH,1,G72E3D60A,2026-05-08 16:52:57,2026-05-10 16:20:00,Lower Ringold,0,
Priest Rapids Tailrace STH,1,G72E412CF,2026-05-21 19:39:19,2026-05-23 17:10:00,Priest,0,
Priest Rapids Tailrace STH,1,G72E412CF,2026-05-21 19:39:19,2026-05-23 17:10:00,Lower Ringold,1,2026-05-24 05:18:58
Priest Rapids Tailrace STH,1,G72E43F11,2026-05-17 20:21:48,2026-05-19 15:26:00,Priest,0,
Priest Rapids Tailrace STH,1,G72E43F11,2026-05-17 20:21:48,2026-05-19 15:26:00,Lower Ringold,1,2026-05-20 05:59:54
Priest Rapids Tailrace STH,3,G72E4B940,2026-05-02 17:54:55,2026-05-04 16:25:00,Priest,0,
Priest Rapids Tailrace STH,3,G72E4B940,2026-05-02 17:54:55,2026-05-04 16:25:00,Lower Ringold,1,2026-05-05 05:58:19
Priest Rapids Tailrace STH,3,G72E4BEC3,2026-05-06 18:52:40,2026-05-09 16:31:00,Priest,0,
Priest Rapids Tailrace STH,3,G72E4BEC3,2026-05-06 18:52:40,2026-05-09 16:31:00,Lower Ringold,0,
Priest Rapids Tailrace STH,3,G72E4DAC7,2026-05-10 16:30:49,2026-05-12 16:15:00,Priest,0,
Priest Rapids Tailrace STH,3,G72E4DAC7,2026-05-10 16:30:49,2026-05-12 16:15:00,Lower Ringold,1,2026-05-13 12:13:10
Priest Rapids Tailrace STH,3,G72E51B97,2026-04-28 19:43:42,2026-04-30 16:19:00,Priest,0,
Priest Rapids Tailrace STH,3,G72E51B97,2026-04-28 19:43:42,2026-04-30 16:19:00,Lower Ringold,1,2026-05-01 04:04:22
Priest Rapids Tailrace STH,3,G72E51EA8,2026-04-26 17:59:35,2026-04-28 15:47:00,Priest,0,
Priest Rapids Tailrace STH,3,G72E51EA8,2026-04-26 17:59:35,2026-04-28 15:47:00,Lower Ringold,1,2026-04-29 17:25:09
Priest Rapids Tailrace STH,3,G72E5A367,2026-04-24 21:18:55,2026-04-26 16:25:00,Priest,0,
Priest Rapids Tailrace STH,3,G72E5A367,2026-04-24 21:18:55,2026-04-26 16:25:00,Lower Ringold,0,
Priest Rapids Tailrace STH,3,G72E5C25C,2026-05-07 17:25:58,2026-05-09 16:31:00,Priest,0,
Priest Rapids Tailrace STH,3,G72E5C25C,2026-05-07 17:25:58,2026-05-09 16:31:00,Lower Ringold,0,
Priest Rapids Tailrace STH,3,G72E5E0C3,2026-04-28 19:27:56,2026-04-30 16:19:00,Priest,0,
Priest Rapids Tailrace STH,3,G72E5E0C3,2026-04-28 19:27:56,2026-04-30 16:19:00,Lower Ringold,1,2026-05-01 04:58:10
Priest Rapids Tailrace STH,3,G72E5F43F,2026-05-01 19:02:37,2026-05-03 16:31:00,Priest,0,
Priest Rapids Tailrace STH,3,G72E5F43F,2026-05-01 19:02:37,2026-05-03 16:31:00,Lower Ringold,1,2026-05-04 03:36:16
Priest Rapids Tailrace STH,1,G72E611BC,2026-05-21 19:27:28,2026-05-23 17:10:00,Priest,0,
Priest Rapids Tailrace STH,1,G72E611BC,2026-05-21 19:27:28,2026-05-23 17:10:00,Lower Ringold,1,2026-05-24 10:53:47
Priest Rapids Tailrace STH,1,G72E62681,2026-04-23 21:30:00,2026-04-25 16:05:00,Priest,0,
Priest Rapids Tailrace STH,1,G72E62681,2026-04-23 21:30:00,2026-04-25 16:05:00,Lower Ringold,1,2026-04-26 07:42:34
Priest Rapids Tailrace STH,1,G72E650A4,2026-05-10 17:58:13,2026-05-12 16:15:00,Priest,0,
Priest Rapids Tailrace STH,1,G72E650A4,2026-05-10 17:58:13,2026-05-12 16:15:00,Lower Ringold,1,2026-05-13 03:15:38
Priest Rapids Tailrace STH,2,G72E666C7,2026-05-07 17:16:00,2026-05-09 16:31:00,Priest,0,
Priest Rapids Tailrace STH,2,G72E666C7,2026-05-07 17:16:00,2026-05-09 16:31:00,Lower Ringold,1,2026-05-11 03:05:44
Priest Rapids Tailrace STH,2,G72E69F2F,2026-05-11 16:59:46,2026-05-14 16:30:00,Priest,0,
Priest Rapids Tailrace STH,2,G72E69F2F,2026-05-11 16:59:46,2026-05-14 16:30:00,Lower Ringold,1,2026-05-15 22:41:20
Priest Rapids Tailrace STH,1,G72E6F00B,2026-05-03 18:43:21,2026-05-05 17:13:00,Priest,0,
Priest Rapids Tailrace STH,1,G72E6F00B,2026-05-03 18:43:21,2026-05-05 17:13:00,Lower Ringold,1,2026-05-06 06:15:28
Priest Rapids Tailrace STH,1,G72E6FDF6,2026-04-29 16:42:14,2026-05-01 16:26:00,Priest,0,
Priest Rapids Tailrace STH,1,G72E6FDF6,2026-04-29 16:42:14,2026-05-01 16:26:00,Lower Ringold,1,2026-05-03 01:01:30
Priest Rapids Tailrace STH,1,G72E73786,2026-04-24 21:36:17,2026-04-26 16:25:00,Priest,0,
Priest Rapids Tailrace STH,1,G72E73786,2026-04-24 21:36:17,2026-04-26 16:25:00,Lower Ringold,0,
Priest Rapids Tailrace STH,1,G72E73A7B,2026-05-06 18:08:17,2026-05-09 16:31:00,Priest,0,
Priest Rapids Tailrace STH,1,G72E73A7B,2026-05-06 18:08:17,2026-05-09 16:31:00,Lower Ringold,1,2026-05-10 10:11:55
Priest Rapids Tailrace STH,1,G72E758A2,2026-05-22 20:19:59,2026-05-24 16:18:00,Priest,0,
Priest Rapids Tailrace STH,1,G72E758A2,2026-05-22 20:19:59,2026-05-24 16:18:00,Lower Ringold,1,2026-05-25 09:02:16
Priest Rapids Tailrace STH,1,G72E773A1,2026-05-06 17:58:13,2026-05-09 16:31:00,Priest,0,
Priest Rapids Tailrace STH,1,G72E773A1,2026-05-06 17:58:13,2026-05-09 16:31:00,Lower Ringold,1,2026-05-10 04:36:44
Priest Rapids Tailrace STH,1,G72E77881,2026-05-15 16:22:51,2026-05-17 16:25:00,Priest,0,
Priest Rapids Tailrace STH,1,G72E77881,2026-05-15 16:22:51,2026-05-17 16:25:00,Lower Ringold,1,2026-05-18 05:50:38
Priest Rapids Tailrace STH,3,G72E78456,2026-04-27 19:02:59,2026-04-29 16:07:00,Priest,0,
Priest Rapids Tailrace STH,3,G72E78456,2026-04-27 19:02:59,2026-04-29 16:07:00,Lower Ringold,1,2026-04-30 12:57:57
Priest Rapids Tailrace STH,3,G72E7B654,2026-05-08 19:56:35,2026-05-10 16:20:00,Priest,0,
Priest Rapids Tailrace STH,3,G72E7B654,2026-05-08 19:56:35,2026-05-10 16:20:00,Lower Ringold,1,2026-05-11 10:17:28
Priest Rapids Tailrace STH,2,G72E7E3B0,2026-04-27 18:57:38,2026-04-29 16:07:00,Priest,0,
Priest Rapids Tailrace STH,2,G72E7E3B0,2026-04-27 18:57:38,2026-04-29 16:07:00,Lower Ringold,1,2026-04-30 09:17:32
Priest Rapids Tailrace STH,1,G72E7F80D,2026-04-24 21:07:58,2026-04-26 16:25:00,Priest,0,
Priest Rapids Tailrace STH,1,G72E7F80D,2026-04-24 21:07:58,2026-04-26 16:25:00,Lower Ringold,1,2026-04-27 16:18:53
Priest Rapids Tailrace STH,1,G72E819A2,2026-05-22 20:27:54,2026-05-24 16:18:00,Priest,0,
Priest Rapids Tailrace STH,1,G72E819A2,2026-05-22 20:27:54,2026-05-24 16:18:00,Lower Ringold,1,2026-05-25 03:39:49
Priest Rapids Tailrace STH,2,G72E8A8CE,2026-05-09 17:18:28,2026-05-11 16:32:00,Priest,0,
Priest Rapids Tailrace STH,2,G72E8A8CE,2026-05-09 17:18:28,2026-05-11 16:32:00,Lower Ringold,1,2026-05-12 07:17:14
Priest Rapids Tailrace STH,1,G72E8EA34,2026-05-02 17:53:20,2026-05-04 16:25:00,Priest,0,
Priest Rapids Tailrace STH,1,G72E8EA34,2026-05-02 17:53:20,2026-05-04 16:25:00,Lower Ringold,0,
Priest Rapids Tailrace STH,1,G72E908A5,2026-05-08 20:48:22,2026-05-10 16:20:00,Priest,0,
Priest Rapids Tailrace STH,1,G72E908A5,2026-05-08 20:48:22,2026-05-10 16:20:00,Lower Ringold,1,2026-05-12 11:44:40
Priest Rapids Tailrace STH,2,G72E91779,2026-05-04 18:59:42,2026-05-06 16:47:00,Priest,0,
Priest Rapids Tailrace STH,2,G72E91779,2026-05-04 18:59:42,2026-05-06 16:47:00,Lower Ringold,1,2026-05-07 11:01:12
Priest Rapids Tailrace STH,1,G72E91D07,2026-05-02 18:54:03,2026-05-04 16:25:00,Priest,0,
Priest Rapids Tailrace STH,1,G72E91D07,2026-05-02 18:54:03,2026-05-04 16:25:00,Lower Ringold,1,2026-05-05 05:22:22
Priest Rapids Tailrace STH,2,G72E92044,2026-05-03 18:40:28,2026-05-05 17:13:00,Priest,0,
Priest Rapids Tailrace STH,2,G72E92044,2026-05-03 18:40:28,2026-05-05 17:13:00,Lower Ringold,1,2026-05-06 12:38:27
Priest Rapids Tailrace STH,2,G72E96781,2026-04-30 16:38:41,2026-05-02 16:36:00,Priest,0,
Priest Rapids Tailrace STH,2,G72E96781,2026-04-30 16:38:41,2026-05-02 16:36:00,Lower Ringold,1,2026-05-04 08:20:10
Priest Rapids Tailrace STH,2,G72E9771C,2026-04-29 16:44:29,2026-05-01 16:26:00,Priest,0,
Priest Rapids Tailrace STH,2,G72E9771C,2026-04-29 16:44:29,2026-05-01 16:26:00,Lower Ringold,1,2026-05-05 12:33:06
Priest Rapids Tailrace STH,2,G72E98BCB,2026-05-12 18:58:41,2026-05-15 17:05:00,Priest,0,
Priest Rapids Tailrace STH,2,G72E98BCB,2026-05-12 18:58:41,2026-05-15 17:05:00,Lower Ringold,1,2026-05-16 07:38:57
Priest Rapids Tailrace STH,2,G72E9DC93,2026-05-19 19:27:11,2026-05-21 16:17:00,Priest,0,
Priest Rapids Tailrace STH,2,G72E9DC93,2026-05-19 19:27:11,2026-05-21 16:17:00,Lower Ringold,1,2026-05-22 06:55:09
Priest Rapids Tailrace STH,2,G72EA0032,2026-05-17 20:00:50,2026-05-19 15:26:00,Priest,0,
Priest Rapids Tailrace STH,2,G72EA0032,2026-05-17 20:00:50,2026-05-19 15:26:00,Lower Ringold,1,2026-05-20 06:31:18
Priest Rapids Tailrace STH,2,G72EA0B12,2026-05-07 17:29:23,2026-05-09 16:31:00,Priest,0,
Priest Rapids Tailrace STH,2,G72EA0B12,2026-05-07 17:29:23,2026-05-09 16:31:00,Lower Ringold,1,2026-05-10 06:14:44
Priest Rapids Tailrace STH,2,G72EA1C0C,2026-04-25 18:18:56,2026-04-27 16:25:00,Priest,0,
Priest Rapids Tailrace STH,2,G72EA1C0C,2026-04-25 18:18:56,2026-04-27 16:25:00,Lower Ringold,1,2026-04-28 09:51:39
Priest Rapids Tailrace STH,3,G72EA576A,2026-05-02 19:10:59,2026-05-05 17:13:00,Priest,0,
Priest Rapids Tailrace STH,3,G72EA576A,2026-05-02 19:10:59,2026-05-05 17:13:00,Lower Ringold,1,2026-05-06 05:19:25
Priest Rapids Tailrace STH,2,G72EA6E48,2026-05-21 19:30:59,2026-05-23 17:10:00,Priest,0,
Priest Rapids Tailrace STH,2,G72EA6E48,2026-05-21 19:30:59,2026-05-23 17:10:00,Lower Ringold,1,2026-05-26 09:06:24
Priest Rapids Tailrace STH,1,G72EB56F0,2026-05-11 16:53:20,2026-05-14 16:30:00,Priest,0,
Priest Rapids Tailrace STH,1,G72EB56F0,2026-05-11 16:53:20,2026-05-14 16:30:00,Lower Ringold,1,2026-05-15 05:36:01
Priest Rapids Tailrace STH,1,G72EB57AE,2026-05-17 20:19:46,2026-05-19 15:26:00,Priest,0,
Priest Rapids Tailrace STH,1,G72EB57AE,2026-05-17 20:19:46,2026-05-19 15:26:00,Lower Ringold,1,2026-05-20 19:38:53
Priest Rapids Tailrace STH,1,G72EB72B2,2026-05-11 17:02:22,2026-05-14 16:30:00,Priest,0,
Priest Rapids Tailrace STH,1,G72EB72B2,2026-05-11 17:02:22,2026-05-14 16:30:00,Lower Ringold,0,
Priest Rapids Tailrace STH,1,G72EB807A,2026-05-02 18:47:00,2026-05-04 16:25:00,Priest,0,
Priest Rapids Tailrace STH,1,G72EB807A,2026-05-02 18:47:00,2026-05-04 16:25:00,Lower Ringold,1,2026-05-05 05:06:09
Priest Rapids Tailrace STH,1,G72EB95D8,2026-04-24 21:27:18,2026-04-26 16:25:00,Priest,0,
Priest Rapids Tailrace STH,1,G72EB95D8,2026-04-24 21:27:18,2026-04-26 16:25:00,Lower Ringold,1,2026-04-27 09:04:09
Priest Rapids Tailrace STH,1,G72EB9A99,2026-05-08 20:42:53,2026-05-10 16:20:00,Priest,0,
Priest Rapids Tailrace STH,1,G72EB9A99,2026-05-08 20:42:53,2026-05-10 16:20:00,Lower Ringold,1,2026-05-11 08:00:51
Priest Rapids Tailrace STH,1,G72EC0C3B,2026-05-01 17:28:21,2026-05-03 16:31:00,Priest,0,
Priest Rapids Tailrace STH,1,G72EC0C3B,2026-05-01 17:28:21,2026-05-03 16:31:00,Lower Ringold,1,2026-05-04 21:23:19
Priest Rapids Tailrace STH,1,G72EC0D65,2026-04-28 22:48:51,2026-04-30 16:19:00,Priest,0,
Priest Rapids Tailrace STH,1,G72EC0D65,2026-04-28 22:48:51,2026-04-30 16:19:00,Lower Ringold,1,2026-05-01 02:47:54
Priest Rapids Tailrace STH,1,G72EC115B,2026-05-10 16:39:04,2026-05-12 16:15:00,Priest,0,
Priest Rapids Tailrace STH,1,G72EC115B,2026-05-10 16:39:04,2026-05-12 16:15:00,Lower Ringold,1,2026-05-13 07:51:29
Priest Rapids Tailrace STH,1,G72EC20BB,2026-05-01 18:42:05,2026-05-03 16:31:00,Priest,0,
Priest Rapids Tailrace STH,1,G72EC20BB,2026-05-01 18:42:05,2026-05-03 16:31:00,Lower Ringold,1,2026-05-04 04:21:08
Priest Rapids Tailrace STH,1,G72EC38E4,2026-05-01 17:20:10,2026-05-03 16:31:00,Priest,0,
Priest Rapids Tailrace STH,1,G72EC38E4,2026-05-01 17:20:10,2026-05-03 16:31:00,Lower Ringold,1,2026-05-04 08:47:50
Priest Rapids Tailrace STH,1,G72EC5B63,2026-05-08 16:56:23,2026-05-10 16:20:00,Priest,0,
Priest Rapids Tailrace STH,1,G72EC5B63,2026-05-08 16:56:23,2026-05-10 16:20:00,Lower Ringold,1,2026-05-11 06:02:20
Priest Rapids Tailrace STH,1,G72EC6BDD,2026-05-01 17:26:51,2026-05-03 16:31:00,Priest,0,
Priest Rapids Tailrace STH,1,G72EC6BDD,2026-05-01 17:26:51,2026-05-03 16:31:00,Lower Ringold,1,2026-05-04 05:04:53
Priest Rapids Tailrace STH,1,G72EC6D00,2026-04-30 18:05:03,2026-05-02 16:36:00,Priest,0,
Priest Rapids Tailrace STH,1,G72EC6D00,2026-04-30 18:05:03,2026-05-02 16:36:00,Lower Ringold,1,2026-05-03 04:04:17
Priest Rapids Tailrace STH,1,G72ECB595,2026-05-02 17:40:45,2026-05-04 16:25:00,Priest,0,
Priest Rapids Tailrace STH,1,G72ECB595,2026-05-02 17:40:45,2026-05-04 16:25:00,Lower Ringold,1,2026-05-05 10:39:10
Priest Rapids Tailrace STH,1,G72ED31BC,2026-05-03 18:32:46,2026-05-05 17:13:00,Priest,0,
Priest Rapids Tailrace STH,1,G72ED31BC,2026-05-03 18:32:46,2026-05-05 17:13:00,Lower Ringold,1,2026-05-06 05:47:31
Priest Rapids Tailrace STH,2,G72ED43F8,2026-05-03 18:45:29,2026-05-05 17:13:00,Priest,0,
Priest Rapids Tailrace STH,2,G72ED43F8,2026-05-03 18:45:29,2026-05-05 17:13:00,Lower Ringold,1,2026-05-06 12:59:19
Priest Rapids Tailrace STH,1,G72ED4525,2026-05-16 16:33:48,2026-05-18 17:15:00,Priest,0,
Priest Rapids Tailrace STH,1,G72ED4525,2026-05-16 16:33:48,2026-05-18 17:15:00,Lower Ringold,1,2026-05-19 09:40:13
Priest Rapids Tailrace STH,2,G72EDBF2F,2026-05-11 18:03:40,2026-05-14 16:30:00,Priest,0,
Priest Rapids Tailrace STH,2,G72EDBF2F,2026-05-11 18:03:40,2026-05-14 16:30:00,Lower Ringold,1,2026-05-15 05:39:21
Priest Rapids Tailrace STH,2,G72EDC715,2026-05-05 16:49:27,2026-05-07 16:28:00,Priest,0,
Priest Rapids Tailrace STH,2,G72EDC715,2026-05-05 16:49:27,2026-05-07 16:28:00,Lower Ringold,0,
Priest Rapids Tailrace STH,1,G72EE23C8,2026-05-03 18:30:13,2026-05-05 17:13:00,Priest,0,
Priest Rapids Tailrace STH,1,G72EE23C8,2026-05-03 18:30:13,2026-05-05 17:13:00,Lower Ringold,1,2026-05-06 06:36:14
Priest Rapids Tailrace STH,1,G72EE2A54,2026-05-03 18:38:47,2026-05-05 17:13:00,Priest,0,
Priest Rapids Tailrace STH,1,G72EE2A54,2026-05-03 18:38:47,2026-05-05 17:13:00,Lower Ringold,1,2026-05-07 01:17:13
Priest Rapids Tailrace STH,1,G72EE2DD7,2026-05-11 16:50:10,2026-05-14 16:30:00,Priest,0,
Priest Rapids Tailrace STH,1,G72EE2DD7,2026-05-11 16:50:10,2026-05-14 16:30:00,Lower Ringold,1,2026-05-16 06:13:28
Priest Rapids Tailrace STH,1,G72EE3355,2026-04-23 21:30:00,2026-04-25 16:05:00,Priest,0,
Priest Rapids Tailrace STH,1,G72EE3355,2026-04-23 21:30:00,2026-04-25 16:05:00,Lower Ringold,1,2026-04-26 05:55:44
Priest Rapids Tailrace STH,3,G72EEBF7A,2026-05-10 16:37:09,2026-05-12 16:15:00,Priest,0,
Priest Rapids Tailrace STH,3,G72EEBF7A,2026-05-10 16:37:09,2026-05-12 16:15:00,Lower Ringold,1,2026-05-13 14:40:41
Priest Rapids Tailrace STH,2,G72EEF39F,2026-05-04 19:05:59,2026-05-06 16:47:00,Priest,0,
Priest Rapids Tailrace STH,2,G72EEF39F,2026-05-04 19:05:59,2026-05-06 16:47:00,Lower Ringold,1,2026-05-07 05:57:19
Priest Rapids Tailrace STH,2,G72EF05F2,2026-05-02 17:57:02,2026-05-04 16:25:00,Priest,0,
Priest Rapids Tailrace STH,2,G72EF05F2,2026-05-02 17:57:02,2026-05-04 16:25:00,Lower Ringold,1,2026-05-05 05:29:16
Priest Rapids Tailrace STH,2,G72EF52AA,2026-05-14 17:25:56,2026-05-16 16:35:00,Priest,0,
Priest Rapids Tailrace STH,2,G72EF52AA,2026-05-14 17:25:56,2026-05-16 16:35:00,Lower Ringold,1,2026-05-17 14:40:54
Priest Rapids Tailrace STH,2,G72EF5B36,2026-05-10 17:48:51,2026-05-12 16:15:00,Priest,0,
Priest Rapids Tailrace STH,2,G72EF5B36,2026-05-10 17:48:51,2026-05-12 16:15:00,Lower Ringold,1,2026-05-13 04:35:08
Priest Rapids Tailrace STH,3,G72EFAF23,2026-05-07 17:26:44,2026-05-09 16:31:00,Priest,0,
Priest Rapids Tailrace STH,3,G72EFAF23,2026-05-07 17:26:44,2026-05-09 16:31:00,Lower Ringold,1,2026-05-10 06:14:59
Priest Rapids Tailrace STH,2,G72EFB77C,2026-05-06 18:14:26,2026-05-10 16:20:00,Priest,0,
Priest Rapids Tailrace STH,2,G72EFB77C,2026-05-06 18:14:26,2026-05-10 16:20:00,Lower Ringold,0,
Priest Rapids Tailrace STH,3,G72EFE8E6,2026-05-12 16:40:17,2026-05-15 17:05:00,Priest,0,
Priest Rapids Tailrace STH,3,G72EFE8E6,2026-05-12 16:40:17,2026-05-15 17:05:00,Lower Ringold,1,2026-05-16 09:23:40
Priest Rapids Tailrace STH,3,G72F0407F,2026-04-30 18:04:40,2026-05-02 16:36:00,Priest,0,
Priest Rapids Tailrace STH,3,G72F0407F,2026-04-30 18:04:40,2026-05-02 16:36:00,Lower Ringold,0,
Priest Rapids Tailrace STH,3,G72F0B534,2026-04-29 17:48:56,2026-05-01 16:26:00,Priest,0,
Priest Rapids Tailrace STH,3,G72F0B534,2026-04-29 17:48:56,2026-05-01 16:26:00,Lower Ringold,1,2026-05-02 09:21:58
Priest Rapids Tailrace STH,3,G72F0BE14,2026-05-08 20:52:44,2026-05-10 16:20:00,Priest,0,
Priest Rapids Tailrace STH,3,G72F0BE14,2026-05-08 20:52:44,2026-05-10 16:20:00,Lower Ringold,1,2026-05-12 00:12:53
Priest Rapids Tailrace STH,1,G72F0D2D2,2026-05-07 18:13:29,2026-05-09 16:31:00,Priest,0,
Priest Rapids Tailrace STH,1,G72F0D2D2,2026-05-07 18:13:29,2026-05-09 16:31:00,Lower Ringold,1,2026-05-10 04:47:11
Priest Rapids Tailrace STH,1,G72F137C0,2026-05-09 17:01:33,2026-05-11 16:32:00,Priest,0,
Priest Rapids Tailrace STH,1,G72F137C0,2026-05-09 17:01:33,2026-05-11 16:32:00,Lower Ringold,1,2026-05-14 11:59:33
Priest Rapids Tailrace STH,1,G72F14B9B,2026-05-05 18:18:10,2026-05-07 16:28:00,Priest,0,
Priest Rapids Tailrace STH,1,G72F14B9B,2026-05-05 18:18:10,2026-05-07 16:28:00,Lower Ringold,1,2026-05-08 04:35:44
Priest Rapids Tailrace STH,1,G72F1A3B0,2026-05-21 19:52:51,2026-05-23 17:10:00,Priest,0,
Priest Rapids Tailrace STH,1,G72F1A3B0,2026-05-21 19:52:51,2026-05-23 17:10:00,Lower Ringold,0,
Priest Rapids Tailrace STH,1,G72F1A68F,2026-04-30 18:15:53,2026-05-02 16:36:00,Priest,0,
Priest Rapids Tailrace STH,1,G72F1A68F,2026-04-30 18:15:53,2026-05-02 16:36:00,Lower Ringold,1,2026-05-03 07:05:35
Priest Rapids Tailrace STH,1,G72F1D595,2026-05-16 16:44:40,2026-05-19 15:26:00,Priest,0,
Priest Rapids Tailrace STH,1,G72F1D595,2026-05-16 16:44:40,2026-05-19 15:26:00,Lower Ringold,1,2026-05-20 03:14:54
Priest Rapids Tailrace STH,1,G72F20FE9,2026-05-01 17:29:36,2026-05-03 16:31:00,Priest,0,
Priest Rapids Tailrace STH,1,G72F20FE9,2026-05-01 17:29:36,2026-05-03 16:31:00,Lower Ringold,1,2026-05-04 07:17:20
Priest Rapids Tailrace STH,1,G72F24972,2026-05-02 18:50:34,2026-05-04 16:25:00,Priest,0,
Priest Rapids Tailrace STH,1,G72F24972,2026-05-02 18:50:34,2026-05-04 16:25:00,Lower Ringold,1,2026-05-05 07:15:06
Priest Rapids Tailrace STH,1,G72F2A2BB,2026-05-12 18:48:06,2026-05-15 17:05:00,Priest,0,
Priest Rapids Tailrace STH,1,G72F2A2BB,2026-05-12 18:48:06,2026-05-15 17:05:00,Lower Ringold,1,2026-05-16 04:43:00
Priest Rapids Tailrace STH,1,G72F2BD67,2026-05-07 18:30:01,2026-05-09 16:31:00,Priest,0,
Priest Rapids Tailrace STH,1,G72F2BD67,2026-05-07 18:30:01,2026-05-09 16:31:00,Lower Ringold,1,2026-05-10 03:56:03
Priest Rapids Tailrace STH,1,G72F2F81E,2026-04-30 18:10:16,2026-05-02 16:36:00,Priest,0,
Priest Rapids Tailrace STH,1,G72F2F81E,2026-04-30 18:10:16,2026-05-02 16:36:00,Lower Ringold,1,2026-05-03 04:01:33
Priest Rapids Tailrace STH,1,G72F32F0E,2026-05-10 16:40:54,2026-05-12 16:15:00,Priest,0,
Priest Rapids Tailrace STH,1,G72F32F0E,2026-05-10 16:40:54,2026-05-12 16:15:00,Lower Ringold,1,2026-05-13 07:31:10
Priest Rapids Tailrace STH,1,G72F3326E,2026-05-01 18:56:09,2026-05-03 16:31:00,Priest,0,
Priest Rapids Tailrace STH,1,G72F3326E,2026-05-01 18:56:09,2026-05-03 16:31:00,Lower Ringold,1,2026-05-04 08:08:04
Priest Rapids Tailrace STH,1,G72F3566A,2026-04-29 16:55:11,2026-05-01 16:26:00,Priest,0,
Priest Rapids Tailrace STH,1,G72F3566A,2026-04-29 16:55:11,2026-05-01 16:26:00,Lower Ringold,1,2026-05-02 08:53:43
Priest Rapids Tailrace STH,1,G72F35B97,2026-04-25 18:44:09,2026-04-27 16:25:00,Priest,0,
Priest Rapids Tailrace STH,1,G72F35B97,2026-04-25 18:44:09,2026-04-27 16:25:00,Lower Ringold,1,2026-05-06 03:42:08
Priest Rapids Tailrace STH,1,G72F36B29,2026-04-28 22:38:06,2026-04-30 16:19:00,Priest,0,
Priest Rapids Tailrace STH,1,G72F36B29,2026-04-28 22:38:06,2026-04-30 16:19:00,Lower Ringold,1,2026-05-01 13:14:44
Priest Rapids Tailrace STH,1,G72F37908,2026-05-10 16:43:22,2026-05-12 16:15:00,Priest,0,
Priest Rapids Tailrace STH,1,G72F37908,2026-05-10 16:43:22,2026-05-12 16:15:00,Lower Ringold,1,2026-05-13 09:24:25
Priest Rapids Tailrace STH,1,G72F381BE,2026-05-20 19:05:55,2026-05-22 16:26:00,Priest,0,
Priest Rapids Tailrace STH,1,G72F381BE,2026-05-20 19:05:55,2026-05-22 16:26:00,Lower Ringold,1,2026-05-23 08:10:30
Priest Rapids Tailrace STH,1,G72F3A740,2026-05-09 16:59:21,2026-05-11 16:32:00,Priest,0,
Priest Rapids Tailrace STH,1,G72F3A740,2026-05-09 16:59:21,2026-05-11 16:32:00,Lower Ringold,1,2026-05-12 20:23:38
Priest Rapids Tailrace STH,1,G72F3C21A,2026-05-08 17:00:28,2026-05-10 16:20:00,Priest,0,
Priest Rapids Tailrace STH,1,G72F3C21A,2026-05-08 17:00:28,2026-05-10 16:20:00,Lower Ringold,1,2026-05-11 12:04:27
Priest Rapids Tailrace STH,1,G72F3DE24,2026-04-26 17:26:36,2026-04-28 15:47:00,Priest,0,
Priest Rapids Tailrace STH,1,G72F3DE24,2026-04-26 17:26:36,2026-04-28 15:47:00,Lower Ringold,1,2026-04-30 03:24:44
Priest Rapids Tailrace STH,2,G72F42B01,2026-05-11 17:57:57,2026-05-14 16:30:00,Priest,0,
Priest Rapids Tailrace STH,2,G72F42B01,2026-05-11 17:57:57,2026-05-14 16:30:00,Lower Ringold,1,2026-05-15 05:15:39
Priest Rapids Tailrace STH,3,G72F43B9C,2026-05-15 16:26:42,2026-05-17 16:25:00,Priest,0,
Priest Rapids Tailrace STH,3,G72F43B9C,2026-05-15 16:26:42,2026-05-17 16:25:00,Lower Ringold,1,2026-05-19 04:24:30
Priest Rapids Tailrace STH,3,G72F46067,2026-05-01 17:18:03,2026-05-03 16:31:00,Priest,0,
Priest Rapids Tailrace STH,3,G72F46067,2026-05-01 17:18:03,2026-05-03 16:31:00,Lower Ringold,1,2026-05-04 04:55:22
Priest Rapids Tailrace STH,2,G72F47246,2026-05-06 17:57:32,2026-05-09 16:31:00,Priest,0,
Priest Rapids Tailrace STH,2,G72F47246,2026-05-06 17:57:32,2026-05-09 16:31:00,Lower Ringold,1,2026-05-11 08:58:33
Priest Rapids Tailrace STH,3,G72F4C32A,2026-05-14 17:39:30,2026-05-16 16:35:00,Priest,0,
Priest Rapids Tailrace STH,3,G72F4C32A,2026-05-14 17:39:30,2026-05-16 16:35:00,Lower Ringold,1,2026-05-17 06:15:17
Priest Rapids Tailrace STH,1,G72F521BB,2026-04-27 18:53:28,2026-04-29 16:07:00,Priest,0,
Priest Rapids Tailrace STH,1,G72F521BB,2026-04-27 18:53:28,2026-04-29 16:07:00,Lower Ringold,1,2026-04-30 04:42:03
Priest Rapids Tailrace STH,1,G72F52979,2026-05-15 16:19:52,2026-05-17 16:25:00,Priest,0,
Priest Rapids Tailrace STH,1,G72F52979,2026-05-15 16:19:52,2026-05-17 16:25:00,Lower Ringold,1,2026-05-18 05:29:37
Priest Rapids Tailrace STH,1,G72F55E02,2026-05-06 18:54:50,2026-05-09 16:31:00,Priest,0,
Priest Rapids Tailrace STH,1,G72F55E02,2026-05-06 18:54:50,2026-05-09 16:31:00,Lower Ringold,1,2026-05-10 11:35:22
Priest Rapids Tailrace STH,1,G72F59AA9,2026-04-28 19:34:17,2026-04-30 16:19:00,Priest,0,
Priest Rapids Tailrace STH,1,G72F59AA9,2026-04-28 19:34:17,2026-04-30 16:19:00,Lower Ringold,1,2026-05-01 04:38:37
Priest Rapids Tailrace STH,1,G72F5CF4D,2026-05-16 16:31:16,2026-05-18 17:15:00,Priest,0,
Priest Rapids Tailrace STH,1,G72F5CF4D,2026-05-16 16:31:16,2026-05-18 17:15:00,Lower Ringold,0,
Priest Rapids Tailrace STH,1,G72F5EE30,2026-05-15 16:24:38,2026-05-17 16:25:00,Priest,0,
Priest Rapids Tailrace STH,1,G72F5EE30,2026-05-15 16:24:38,2026-05-17 16:25:00,Lower Ringold,0,
Priest Rapids Tailrace STH,1,G72F613EC,2026-05-17 20:04:28,2026-05-19 15:26:00,Priest,0,
Priest Rapids Tailrace STH,1,G72F613EC,2026-05-17 20:04:28,2026-05-19 15:26:00,Lower Ringold,1,2026-05-20 12:43:30
Priest Rapids Tailrace STH,1,G72F6220C,2026-05-15 16:23:09,2026-05-17 16:25:00,Priest,0,
Priest Rapids Tailrace STH,1,G72F6220C,2026-05-15 16:23:09,2026-05-17 16:25:00,Lower Ringold,1,2026-05-18 04:36:24
Priest Rapids Tailrace STH,1,G72F63C8E,2026-04-27 18:48:19,2026-04-29 16:07:00,Priest,0,
Priest Rapids Tailrace STH,1,G72F63C8E,2026-04-27 18:48:19,2026-04-29 16:07:00,Lower Ringold,1,2026-04-30 08:56:39
Priest Rapids Tailrace STH,1,G72F64ECA,2026-05-04 19:03:17,2026-05-06 16:47:00,Priest,0,
Priest Rapids Tailrace STH,1,G72F64ECA,2026-05-04 19:03:17,2026-05-06 16:47:00,Lower Ringold,1,2026-05-09 13:42:37
Priest Rapids Tailrace STH,1,G72F6D619,2026-05-01 17:30:20,2026-05-03 16:31:00,Priest,0,
Priest Rapids Tailrace STH,1,G72F6D619,2026-05-01 17:30:20,2026-05-03 16:31:00,Lower Ringold,1,2026-05-04 11:39:49
Priest Rapids Tailrace STH,2,G72F71BEA,2026-05-07 18:32:16,2026-05-09 16:31:00,Priest,0,
Priest Rapids Tailrace STH,2,G72F71BEA,2026-05-07 18:32:16,2026-05-09 16:31:00,Lower Ringold,0,
Priest Rapids Tailrace STH,3,G72F742AD,2026-05-15 17:28:09,2026-05-17 16:25:00,Priest,0,
Priest Rapids Tailrace STH,3,G72F742AD,2026-05-15 17:28:09,2026-05-17 16:25:00,Lower Ringold,1,2026-05-18 04:04:02
Priest Rapids Tailrace STH,3,G72F754ED,2026-05-21 19:33:20,2026-05-23 17:10:00,Priest,0,
Priest Rapids Tailrace STH,3,G72F754ED,2026-05-21 19:33:20,2026-05-23 17:10:00,Lower Ringold,1,2026-05-24 05:22:22
Priest Rapids Tailrace STH,2,G72F78BFB,2026-05-16 16:28:18,2026-05-18 17:15:00,Priest,0,
Priest Rapids Tailrace STH,2,G72F78BFB,2026-05-16 16:28:18,2026-05-18 17:15:00,Lower Ringold,1,2026-05-23 12:01:51
Priest Rapids Tailrace STH,3,G72F7E581,2026-05-04 19:06:30,2026-05-06 16:47:00,Priest,0,
Priest Rapids Tailrace STH,3,G72F7E581,2026-05-04 19:06:30,2026-05-06 16:47:00,Lower Ringold,1,2026-05-07 13:35:19
Priest Rapids Tailrace STH,3,G72F81AAC,2026-05-07 17:23:09,2026-05-09 16:31:00,Priest,0,
Priest Rapids Tailrace STH,3,G72F81AAC,2026-05-07 17:23:09,2026-05-09 16:31:00,Lower Ringold,0,
Priest Rapids Tailrace STH,3,G72F85649,2026-05-05 16:38:44,2026-05-07 16:28:00,Priest,0,
Priest Rapids Tailrace STH,3,G72F85649,2026-05-05 16:38:44,2026-05-07 16:28:00,Lower Ringold,1,2026-05-08 08:18:48
Priest Rapids Tailrace STH,1,G72F8B07D,2026-05-20 18:41:12,2026-05-22 16:26:00,Priest,0,
Priest Rapids Tailrace STH,1,G72F8B07D,2026-05-20 18:41:12,2026-05-22 16:26:00,Lower Ringold,0,
Priest Rapids Tailrace STH,2,G72F8E599,2026-05-09 18:28:01,2026-05-11 16:32:00,Priest,0,
Priest Rapids Tailrace STH,2,G72F8E599,2026-05-09 18:28:01,2026-05-11 16:32:00,Lower Ringold,1,2026-05-13 20:23:25
Priest Rapids Tailrace STH,2,G72F90708,2026-05-12 16:52:05,2026-05-15 17:05:00,Priest,0,
Priest Rapids Tailrace STH,2,G72F90708,2026-05-12 16:52:05,2026-05-15 17:05:00,Lower Ringold,1,2026-05-16 21:18:56
Priest Rapids Tailrace STH,2,G72F90917,2026-04-28 19:29:17,2026-04-30 16:19:00,Priest,0,
Priest Rapids Tailrace STH,2,G72F90917,2026-04-28 19:29:17,2026-04-30 16:19:00,Lower Ringold,1,2026-05-01 05:16:39
Priest Rapids Tailrace STH,2,G72F90D76,2026-05-09 17:05:28,2026-05-11 16:32:00,Priest,0,
Priest Rapids Tailrace STH,2,G72F90D76,2026-05-09 17:05:28,2026-05-11 16:32:00,Lower Ringold,1,2026-05-15 06:50:56
Priest Rapids Tailrace STH,2,G72F94F8C,2026-05-09 18:41:24,2026-05-11 16:32:00,Priest,0,
Priest Rapids Tailrace STH,2,G72F94F8C,2026-05-09 18:41:24,2026-05-11 16:32:00,Lower Ringold,1,2026-05-18 06:17:19
Priest Rapids Tailrace STH,2,G72F99226,2026-05-02 19:00:37,2026-05-04 16:25:00,Priest,0,
Priest Rapids Tailrace STH,2,G72F99226,2026-05-02 19:00:37,2026-05-04 16:25:00,Lower Ringold,1,2026-05-05 02:59:38
Priest Rapids Tailrace STH,3,G72F99647,2026-05-04 18:10:24,2026-05-06 16:47:00,Priest,0,
Priest Rapids Tailrace STH,3,G72F99647,2026-05-04 18:10:24,2026-05-06 16:47:00,Lower Ringold,1,2026-05-07 06:04:55
Priest Rapids Tailrace STH,2,G72FA0180,2026-05-03 18:28:00,2026-05-05 17:13:00,Priest,0,
Priest Rapids Tailrace STH,2,G72FA0180,2026-05-03 18:28:00,2026-05-05 17:13:00,Lower Ringold,0,
Priest Rapids Tailrace STH,3,G72FA075D,2026-05-04 19:07:09,2026-05-06 16:47:00,Priest,0,
Priest Rapids Tailrace STH,3,G72FA075D,2026-05-04 19:07:09,2026-05-06 16:47:00,Lower Ringold,1,2026-05-08 04:16:15
Priest Rapids Tailrace STH,3,G72FA231F,2026-04-29 16:58:30,2026-05-01 16:26:00,Priest,0,
Priest Rapids Tailrace STH,3,G72FA231F,2026-04-29 16:58:30,2026-05-01 16:26:00,Lower Ringold,1,2026-05-02 05:56:50
Priest Rapids Tailrace STH,3,G72FA3A1E,2026-05-06 18:00:25,2026-05-09 16:31:00,Priest,0,
Priest Rapids Tailrace STH,3,G72FA3A1E,2026-05-06 18:00:25,2026-05-09 16:31:00,Lower Ringold,1,2026-05-10 06:01:14
Priest Rapids Tailrace STH,2,G72FA3F21,2026-05-20 18:44:42,2026-05-22 16:26:00,Priest,0,
Priest Rapids Tailrace STH,2,G72FA3F21,2026-05-20 18:44:42,2026-05-22 16:26:00,Lower Ringold,1,2026-05-23 05:29:33
Priest Rapids Tailrace STH,3,G72FA4904,2026-05-02 18:00:17,2026-05-04 16:25:00,Priest,0,
Priest Rapids Tailrace STH,3,G72FA4904,2026-05-02 18:00:17,2026-05-04 16:25:00,Lower Ringold,1,2026-05-05 04:13:15
Priest Rapids Tailrace STH,1,G72FB3938,2026-05-09 17:04:15,2026-05-11 16:32:00,Priest,0,
Priest Rapids Tailrace STH,1,G72FB3938,2026-05-09 17:04:15,2026-05-11 16:32:00,Lower Ringold,0,